{"type":"FeatureCollection","name":"BA_Municipios_2024","crs":{"type":"name","properties":{"name":"urn:ogc:def:crs:EPSG::4674"}},"features":[{"type":"Feature","properties":{"level":"municipio","municipality_code":"2900207","municipality_name":"Abaré","uf":"BA","state_code":"29","area_km2":1604.923},"geometry":{"type":"Polygon","coordinates":[[[-39.24188,-8.6363074],[-39.2454926,-8.6841059],[-39.2285219,-8.7103153],[-39.1809958,-8.7063009],[-39.1687128,-8.6915045],[-39.1486352,-8.7109193],[-39.0645382,-8.7316281],[-39.0656232,-8.7411533],[-39.1055078,-8.8461775],[-39.2714173,-8.9435711],[-39.2632892,-8.9578847],[-39.2641474,-8.9872768],[-39.2801031,-9.011294],[-39.2797411,-9.0303014],[-39.3148199,-9.0603792],[-39.3268704,-9.1098063],[-39.3410119,-9.1260136],[-39.3425359,-9.1542177],[-39.3512429,-9.1572512],[-39.4081685,-9.1331443],[-39.4684681,-8.9762028],[-39.4915814,-8.8358578],[-39.373572,-8.5632714],[-39.3594293,-8.5465025],[-39.342307,-8.5596771],[-39.2841059,-8.5658679],[-39.2677439,-8.6088458],[-39.24188,-8.6363074]]]}},{"type":"Feature","properties":{"level":"municipio","municipality_code":"2900108","municipality_name":"Abaíra","uf":"BA","state_code":"29","area_km2":538.677},"geometry":{"type":"Polygon","coordinates":[[[-41.7466662,-13.3250914],[-41.7655148,-13.3539419],[-41.7914355,-13.3731033],[-41.7955329,-13.4238918],[-41.8705614,-13.3638443],[-41.8694866,-13.345968],[-41.9091363,-13.3114484],[-41.900416,-13.3039613],[-41.9094959,-13.2939584],[-41.9045442,-13.287959],[-41.9185017,-13.2486523],[-41.9016659,-13.2216901],[-41.8882583,-13.210792],[-41.8748413,-13.2136448],[-41.8575822,-13.1892562],[-41.7890796,-13.280576],[-41.7347054,-13.2528086],[-41.7256786,-13.235584],[-41.6902654,-13.2162558],[-41.6905151,-13.2068353],[-41.6736416,-13.1930528],[-41.6766847,-13.1795676],[-41.653571,-13.1683659],[-41.6409138,-13.1899757],[-41.6046999,-13.2196335],[-41.5920145,-13.2546907],[-41.5902833,-13.2686977],[-41.6024552,-13.2717419],[-41.6032926,-13.2868791],[-41.595028,-13.2964079],[-41.6124663,-13.3419678],[-41.6051975,-13.4248542],[-41.6172217,-13.4268725],[-41.620908,-13.4163548],[-41.6340364,-13.4130479],[-41.6408676,-13.394664],[-41.6491782,-13.3957848],[-41.6642399,-13.3696626],[-41.676765,-13.3651743],[-41.6681027,-13.3603307],[-41.6718776,-13.3529944],[-41.6948204,-13.3694722],[-41.7076694,-13.3698562],[-41.7134834,-13.3522529],[-41.724902,-13.357048],[-41.7466662,-13.3250914]]]}},{"type":"Feature","properties":{"level":"municipio","municipality_code":"2900306","municipality_name":"Acajutiba","uf":"BA","state_code":"29","area_km2":181.475},"geometry":{"type":"Polygon","coordinates":[[[-38.0499909,-11.6480457],[-38.0819014,-11.610393],[-38.0622306,-11.6112782],[-38.0652055,-11.5864161],[-38.0496865,-11.5832251],[-38.0339467,-11.5939624],[-38.0334632,-11.6041291],[-37.980094,-11.5946131],[-37.9488659,-11.6161055],[-37.9322706,-11.6164374],[-37.9471948,-11.6347969],[-37.9469044,-11.6475762],[-37.9364166,-11.668161],[-37.9187574,-11.6681119],[-37.9117591,-11.6806776],[-37.9233066,-11.677077],[-37.9888352,-11.7371045],[-38.01145,-11.768591],[-38.0279021,-11.7510493],[-38.0249834,-11.7326444],[-38.0465839,-11.6795946],[-38.0664876,-11.6890802],[-38.0499909,-11.6480457]]]}},{"type":"Feature","properties":{"level":"municipio","municipality_code":"2900355","municipality_name":"Adustina","uf":"BA","state_code":"29","area_km2":629.1},"geometry":{"type":"Polygon","coordinates":[[[-38.1449166,-10.7180434],[-38.130079,-10.5790995],[-38.1497987,-10.4572838],[-38.1223364,-10.4493298],[-38.106394,-10.4539639],[-38.0956757,-10.4407492],[-38.0727637,-10.4354911],[-38.064614,-10.4407168],[-38.0537929,-10.4360063],[-38.0259132,-10.4513072],[-37.9962489,-10.4328627],[-37.9374766,-10.4472182],[-37.9199417,-10.4386564],[-37.9096724,-10.4468152],[-37.9111812,-10.4639836],[-37.9217639,-10.4721183],[-37.9113997,-10.4867333],[-37.9305313,-10.4979318],[-37.9111287,-10.5039713],[-37.9137821,-10.5194426],[-37.9071178,-10.5248997],[-37.9160934,-10.5441753],[-37.9029131,-10.5518524],[-37.9206691,-10.5714169],[-37.917989,-10.5840101],[-37.9844312,-10.6388113],[-37.987475,-10.6477655],[-37.978666,-10.6519953],[-38.0166637,-10.6953665],[-38.067792,-10.7156658],[-38.1091212,-10.7126376],[-38.1328486,-10.7208767],[-38.1449166,-10.7180434]]]}},{"type":"Feature","properties":{"level":"municipio","municipality_code":"2900603","municipality_name":"Aiquara","uf":"BA","state_code":"29","area_km2":167.877},"geometry":{"type":"Polygon","coordinates":[[[-39.8312061,-14.0824778],[-39.8120367,-14.1021003],[-39.8219301,-14.1042965],[-39.8569055,-14.1440735],[-39.883073,-14.1420639],[-39.8852852,-14.1275658],[-39.901272,-14.1726703],[-39.9138339,-14.1684857],[-39.9177365,-14.1836703],[-39.9338146,-14.1764126],[-39.9355098,-14.1546576],[-39.9494983,-14.1521046],[-39.9429464,-14.0862957],[-39.9371714,-14.0786601],[-39.9248022,-14.0819672],[-39.9243405,-14.0709695],[-39.9016604,-14.0468388],[-39.9016156,-14.0280956],[-39.8732181,-14.0111421],[-39.8391442,-14.0198985],[-39.829317,-14.0376731],[-39.7937912,-14.0634833],[-39.8097176,-14.077079],[-39.826693,-14.0724887],[-39.8312061,-14.0824778]]]}},{"type":"Feature","properties":{"level":"municipio","municipality_code":"2900702","municipality_name":"Alagoinhas","uf":"BA","state_code":"29","area_km2":707.836},"geometry":{"type":"Polygon","coordinates":[[[-38.434278,-12.0491992],[-38.4475747,-12.0018912],[-38.4750024,-11.9490552],[-38.4639621,-11.9361342],[-38.4400448,-11.9310229],[-38.4117546,-11.937945],[-38.4037152,-11.9274241],[-38.3977685,-11.9350185],[-38.3869754,-11.9318506],[-38.3742419,-11.9593384],[-38.3611575,-11.9692182],[-38.3086811,-11.9551225],[-38.2730441,-11.9635122],[-38.2828365,-12.0395277],[-38.2750365,-12.0832581],[-38.2806989,-12.1005977],[-38.2737592,-12.1132602],[-38.2816799,-12.1333935],[-38.3045739,-12.1303838],[-38.3210149,-12.1737598],[-38.3230363,-12.2221563],[-38.355558,-12.2302259],[-38.3776993,-12.2186719],[-38.3941631,-12.2493624],[-38.4341124,-12.2688824],[-38.4473168,-12.2617373],[-38.4593221,-12.2654984],[-38.468907,-12.2851537],[-38.527279,-12.2750905],[-38.520802,-12.2593044],[-38.5494365,-12.2447725],[-38.5866603,-12.1936754],[-38.4905217,-12.1612655],[-38.4914094,-12.1270027],[-38.4438712,-12.1043042],[-38.4337162,-12.0772339],[-38.434278,-12.0491992]]]}},{"type":"Feature","properties":{"level":"municipio","municipality_code":"2900801","municipality_name":"Alcobaça","uf":"BA","state_code":"29","area_km2":1477.929},"geometry":{"type":"Polygon","coordinates":[[[-39.2496712,-17.6367474],[-39.442171,-17.6586804],[-39.4611825,-17.6350784],[-39.4651205,-17.5924275],[-39.4899569,-17.5701085],[-39.5115875,-17.5690612],[-39.531722,-17.5789807],[-39.6046309,-17.557961],[-39.6073,-17.4110889],[-39.6294058,-17.3526394],[-39.6323201,-17.3136363],[-39.6165035,-17.2952129],[-39.6195574,-17.2816581],[-39.5625119,-17.2862784],[-39.5591495,-17.2583848],[-39.5447783,-17.2538016],[-39.5302446,-17.2781313],[-39.5077423,-17.2641861],[-39.4833575,-17.2721666],[-39.4698065,-17.2673601],[-39.4147144,-17.3027093],[-39.395331,-17.2981856],[-39.3756784,-17.3176393],[-39.3593224,-17.3191281],[-39.3525874,-17.3348956],[-39.3396003,-17.3314144],[-39.3371711,-17.3515424],[-39.2945942,-17.3613477],[-39.2845853,-17.377194],[-39.2602467,-17.3863194],[-39.2558096,-17.4083634],[-39.2350071,-17.4326385],[-39.2280126,-17.4278832],[-39.1917157,-17.4460067],[-39.192281,-17.5912432],[-39.1760737,-17.6306296],[-39.1373271,-17.684978],[-39.2496712,-17.6367474]]]}},{"type":"Feature","properties":{"level":"municipio","municipality_code":"2900900","municipality_name":"Almadina","uf":"BA","state_code":"29","area_km2":245.236},"geometry":{"type":"Polygon","coordinates":[[[-39.6189062,-14.7888725],[-39.7582834,-14.7126041],[-39.7457291,-14.6579072],[-39.7294087,-14.6378078],[-39.7191782,-14.6016913],[-39.6981122,-14.6051194],[-39.6196817,-14.6620896],[-39.5696459,-14.7213819],[-39.5835798,-14.784412],[-39.6067426,-14.7819865],[-39.6189062,-14.7888725]]]}},{"type":"Feature","properties":{"level":"municipio","municipality_code":"2901007","municipality_name":"Amargosa","uf":"BA","state_code":"29","area_km2":431.655},"geometry":{"type":"Polygon","coordinates":[[[-39.57535,-13.1526221],[-39.5981588,-13.0970667],[-39.6319027,-13.0956063],[-39.6530373,-13.1091136],[-39.7026563,-13.1122157],[-39.7102089,-13.0969844],[-39.7672469,-13.0477047],[-39.8013091,-12.9839702],[-39.7832543,-12.9825199],[-39.7804061,-12.9948888],[-39.755385,-12.9998111],[-39.7470544,-13.0129064],[-39.7108257,-12.9761349],[-39.6882682,-12.9999102],[-39.6660232,-12.9767469],[-39.6729507,-12.9655475],[-39.66701,-12.9512056],[-39.6500075,-12.9353794],[-39.6304752,-12.9303747],[-39.6305196,-12.9179994],[-39.6228138,-12.9132208],[-39.5456856,-12.9955611],[-39.5482559,-13.0062329],[-39.5383259,-13.0090414],[-39.5167758,-13.0402896],[-39.5229145,-13.0469889],[-39.5128016,-13.0490186],[-39.5110984,-13.0694713],[-39.4875799,-13.0699752],[-39.4937256,-13.0777106],[-39.4716503,-13.1062263],[-39.4794825,-13.1003492],[-39.4829031,-13.1071407],[-39.4686884,-13.1211426],[-39.4942915,-13.1114267],[-39.5385392,-13.1236783],[-39.5490365,-13.1532927],[-39.5531389,-13.1408967],[-39.57535,-13.1526221]]]}},{"type":"Feature","properties":{"level":"municipio","municipality_code":"2901106","municipality_name":"Amélia Rodrigues","uf":"BA","state_code":"29","area_km2":166.872},"geometry":{"type":"Polygon","coordinates":[[[-38.6764457,-12.4204335],[-38.6378186,-12.4759778],[-38.6443261,-12.5130715],[-38.6561291,-12.4842189],[-38.7212987,-12.4811166],[-38.7423008,-12.4732471],[-38.8101789,-12.395052],[-38.8138987,-12.3804065],[-38.775202,-12.3641758],[-38.6562927,-12.3731132],[-38.6541622,-12.3894151],[-38.6707959,-12.4023791],[-38.6764457,-12.4204335]]]}},{"type":"Feature","properties":{"level":"municipio","municipality_code":"2901155","municipality_name":"América Dourada","uf":"BA","state_code":"29","area_km2":822.373},"geometry":{"type":"Polygon","coordinates":[[[-41.3890158,-11.3622091],[-41.3846973,-11.3862325],[-41.3964957,-11.3940318],[-41.3921585,-11.4165029],[-41.4034424,-11.4454292],[-41.4313132,-11.4490257],[-41.4429711,-11.4675268],[-41.4550116,-11.4677809],[-41.4692151,-11.4830223],[-41.4780003,-11.5068631],[-41.4957326,-11.503799],[-41.5051088,-11.5266773],[-41.5192374,-11.5273295],[-41.5222402,-11.5379275],[-41.5415485,-11.5384394],[-41.5392973,-11.5538122],[-41.5582542,-11.558905],[-41.5621978,-11.5801303],[-41.5730223,-11.593775],[-41.5794657,-11.5918888],[-41.5749619,-11.6053164],[-41.587225,-11.5994695],[-41.593366,-11.6140539],[-41.6233974,-11.611299],[-41.6225334,-11.5576485],[-41.6936356,-11.4787109],[-41.7002139,-11.4112431],[-41.6400565,-11.3950227],[-41.6060455,-11.3632938],[-41.5877813,-11.3570425],[-41.5701826,-11.3218623],[-41.5207644,-11.2725572],[-41.4962059,-11.2707107],[-41.4363179,-11.2385532],[-41.4221393,-11.242874],[-41.3682131,-11.1830361],[-41.3621559,-11.1864167],[-41.3698204,-11.1892578],[-41.3657188,-11.2173583],[-41.3558422,-11.228869],[-41.3666944,-11.2395728],[-41.3636001,-11.255708],[-41.372235,-11.2700491],[-41.3642163,-11.2715246],[-41.3663704,-11.2886256],[-41.378585,-11.3033009],[-41.3736725,-11.3097157],[-41.3814698,-11.3222075],[-41.3729674,-11.3242585],[-41.3817941,-11.3389289],[-41.3774095,-11.3519652],[-41.3890158,-11.3622091]]]}},{"type":"Feature","properties":{"level":"municipio","municipality_code":"2901205","municipality_name":"Anagé","uf":"BA","state_code":"29","area_km2":1899.683},"geometry":{"type":"Polygon","coordinates":[[[-41.1767186,-14.7376262],[-41.2001216,-14.734439],[-41.1924952,-14.7242869],[-41.2004484,-14.7176787],[-41.2251733,-14.7094206],[-41.2189,-14.6950968],[-41.2295814,-14.6857263],[-41.1920786,-14.6498241],[-41.1931411,-14.633301],[-41.182434,-14.6140635],[-41.1706998,-14.6062766],[-41.159648,-14.6144683],[-41.1307989,-14.6064067],[-41.1430795,-14.5854662],[-41.1237503,-14.572855],[-41.1262154,-14.5548039],[-41.1170255,-14.5371054],[-41.1039634,-14.5302892],[-41.1061675,-14.5146932],[-41.0929014,-14.4888354],[-41.0787331,-14.4875727],[-41.078607,-14.4716327],[-41.0689321,-14.4650957],[-41.0761519,-14.4492842],[-41.0936711,-14.4416217],[-40.706644,-14.362708],[-40.7175272,-14.3829129],[-40.7304961,-14.3807794],[-40.7430687,-14.3858053],[-40.7436949,-14.3878858],[-40.7244316,-14.3955377],[-40.7206815,-14.4286237],[-40.703522,-14.4470162],[-40.6866857,-14.4530601],[-40.6823406,-14.4426086],[-40.6609033,-14.4604694],[-40.6761956,-14.4692993],[-40.6766715,-14.4855749],[-40.6472681,-14.5214648],[-40.6481991,-14.5535004],[-40.6368032,-14.5783693],[-40.6387119,-14.6378752],[-40.6331543,-14.6588706],[-40.6146152,-14.6709216],[-40.9587722,-14.6742895],[-40.9636618,-14.7887443],[-41.1715217,-14.853723],[-41.1775005,-14.8446855],[-41.1753009,-14.8323329],[-41.1621888,-14.8262327],[-41.1697181,-14.8046081],[-41.1597036,-14.7702758],[-41.1661916,-14.769995],[-41.1664677,-14.7491961],[-41.1813983,-14.748275],[-41.1767186,-14.7376262]]]}},{"type":"Feature","properties":{"level":"municipio","municipality_code":"2901304","municipality_name":"Andaraí","uf":"BA","state_code":"29","area_km2":1589.786},"geometry":{"type":"Polygon","coordinates":[[[-41.2557445,-13.0968507],[-41.3025909,-13.049346],[-41.3298097,-12.931432],[-41.3458701,-12.9295929],[-41.3414185,-12.9218092],[-41.35606,-12.8904596],[-41.3803622,-12.8798858],[-41.4379006,-12.709996],[-41.3778062,-12.7015566],[-41.3667136,-12.706772],[-41.3547651,-12.699364],[-41.3419435,-12.7065907],[-41.3362039,-12.6955987],[-41.3405102,-12.6778763],[-41.3270392,-12.6738382],[-41.3238915,-12.664366],[-41.3471735,-12.5717143],[-41.3281281,-12.5556017],[-41.2608829,-12.5533405],[-41.2537911,-12.5434753],[-41.2131147,-12.5275437],[-41.2081655,-12.5172145],[-41.2142509,-12.5114008],[-41.1990672,-12.4978783],[-41.093212,-12.4671366],[-41.0526515,-12.4756748],[-40.981064,-12.4603607],[-40.9635475,-12.4932801],[-40.9854856,-12.5366105],[-40.9785057,-12.5658837],[-41.0466655,-12.6890425],[-41.1488606,-12.7107014],[-41.1491469,-12.7453236],[-41.1666678,-12.7458147],[-41.1735481,-12.7719505],[-41.1862373,-12.7675341],[-41.1787109,-12.7755582],[-41.1837804,-12.7861947],[-41.1938571,-12.7799123],[-41.2071061,-12.7842665],[-41.2267931,-12.8195973],[-41.2451427,-12.805664],[-41.2448939,-12.7964581],[-41.2585924,-12.8021294],[-41.2227972,-12.8917341],[-41.2325394,-12.9123858],[-41.2255025,-12.9361618],[-41.1899633,-12.9890627],[-41.1887967,-13.0052646],[-41.1786357,-13.0154198],[-41.1803606,-13.0394965],[-41.1478313,-13.1074217],[-41.179418,-13.1276436],[-41.1942238,-13.1217072],[-41.2306177,-13.1289895],[-41.2445977,-13.1136172],[-41.2519725,-13.1211386],[-41.2557445,-13.0968507]]]}},{"type":"Feature","properties":{"level":"municipio","municipality_code":"2901353","municipality_name":"Andorinha","uf":"BA","state_code":"29","area_km2":1362.386},"geometry":{"type":"Polygon","coordinates":[[[-39.7378138,-10.3431458],[-39.7312995,-10.4099212],[-39.7451286,-10.437902],[-39.7869094,-10.4299126],[-39.7882969,-10.4200597],[-39.7999854,-10.4223666],[-39.8027738,-10.4597225],[-39.8203398,-10.4616538],[-39.8364138,-10.4478805],[-39.8974292,-10.4790706],[-39.9093265,-10.5075052],[-39.9225937,-10.4953462],[-39.9304192,-10.5356623],[-39.9209466,-10.5589138],[-39.9329353,-10.5630132],[-39.9321959,-10.5521003],[-39.9481312,-10.5494937],[-39.9744438,-10.5085906],[-40.0107914,-10.4884431],[-40.0057509,-10.462785],[-40.0289742,-10.44659],[-40.0138529,-10.4371161],[-40.0242396,-10.4232725],[-40.0179722,-10.398284],[-40.03743,-10.3754469],[-40.0478245,-10.3752658],[-40.0567797,-10.3358789],[-40.057813,-10.3231267],[-40.0272679,-10.3182542],[-40.0228436,-10.3022963],[-40.0573619,-10.2746606],[-39.9989631,-10.219922],[-39.9863363,-10.1789273],[-39.9640404,-10.1669187],[-39.9631481,-10.1569549],[-39.9461203,-10.1431988],[-39.868531,-10.131823],[-39.8581938,-10.0887777],[-39.8385338,-10.0738306],[-39.843625,-10.0524489],[-39.8273337,-10.0354971],[-39.8265443,-10.0109583],[-39.8072348,-10.0010486],[-39.8117137,-9.9841546],[-39.7981901,-9.9795107],[-39.8121813,-9.9443504],[-39.8074055,-9.939845],[-39.7836699,-9.9420076],[-39.7804108,-9.9585849],[-39.7608295,-9.981977],[-39.7601443,-9.9932271],[-39.7690385,-10.0009964],[-39.7582077,-10.0735892],[-39.7342954,-10.0892246],[-39.7286575,-10.1156025],[-39.7343875,-10.2073344],[-39.7442512,-10.2427816],[-39.7168463,-10.2774559],[-39.7138481,-10.3175662],[-39.7378138,-10.3431458]]]}},{"type":"Feature","properties":{"level":"municipio","municipality_code":"2901403","municipality_name":"Angical","uf":"BA","state_code":"29","area_km2":1530.645},"geometry":{"type":"Polygon","coordinates":[[[-44.6599694,-11.7472516],[-44.3485398,-12.0805447],[-44.3453962,-12.1027129],[-44.443481,-12.092953],[-44.466052,-12.1440828],[-44.579832,-12.1550942],[-44.5827365,-12.1480987],[-44.6178369,-12.1407856],[-44.6380325,-12.1532597],[-44.6841436,-12.1612594],[-44.7001929,-12.173047],[-44.7172738,-12.1248152],[-44.7355199,-12.1107978],[-44.7738924,-12.1149838],[-44.7831419,-12.1034924],[-44.7959311,-12.1036452],[-44.8165417,-12.1359493],[-44.8391908,-12.1476299],[-44.8414882,-12.1185975],[-44.8705497,-12.0627167],[-44.8992715,-12.0403463],[-44.9365452,-12.0325477],[-44.9283124,-12.0220223],[-44.934364,-12.0130607],[-44.9295574,-12.0053384],[-44.90633,-12.0109558],[-44.8829508,-11.9873391],[-44.873015,-11.9626616],[-44.8774207,-11.9552498],[-44.8644487,-11.9506932],[-44.870592,-11.9415939],[-44.8523194,-11.939286],[-44.8494256,-11.9257031],[-44.8381364,-11.9267594],[-44.8414966,-11.9206046],[-44.8292784,-11.9228755],[-44.8301634,-11.8923255],[-44.8164005,-11.8869713],[-44.8194418,-11.8812777],[-44.7639103,-11.8722602],[-44.7287759,-11.8463835],[-44.7271638,-11.8286786],[-44.7108644,-11.8205496],[-44.716853,-11.8093535],[-44.7041736,-11.8183216],[-44.7012165,-11.8075008],[-44.6856104,-11.8089164],[-44.6799183,-11.7992915],[-44.6858777,-11.7854265],[-44.6599694,-11.7472516]]]}},{"type":"Feature","properties":{"level":"municipio","municipality_code":"2901502","municipality_name":"Anguera","uf":"BA","state_code":"29","area_km2":187.84},"geometry":{"type":"Polygon","coordinates":[[[-39.1749896,-12.2351585],[-39.2464326,-12.2117733],[-39.2861482,-12.1777035],[-39.2612047,-12.1187602],[-39.2175826,-12.0946688],[-39.2115299,-12.1064108],[-39.1770231,-12.1176681],[-39.1759622,-12.1567658],[-39.1869398,-12.1817718],[-39.1166402,-12.1904647],[-39.0766814,-12.2325237],[-39.1512397,-12.2635674],[-39.1749896,-12.2351585]]]}},{"type":"Feature","properties":{"level":"municipio","municipality_code":"2901601","municipality_name":"Antas","uf":"BA","state_code":"29","area_km2":326.36},"geometry":{"type":"Polygon","coordinates":[[[-38.1498351,-10.4573021],[-38.1870533,-10.4815776],[-38.2065841,-10.4695538],[-38.2203992,-10.4765921],[-38.2488978,-10.4594832],[-38.2902226,-10.4769987],[-38.3507054,-10.4697308],[-38.3670022,-10.4763602],[-38.3834225,-10.4652757],[-38.4137484,-10.4667176],[-38.4036086,-10.4207856],[-38.3807564,-10.4105643],[-38.3445901,-10.3702329],[-38.3565367,-10.3269898],[-38.384121,-10.2790229],[-38.3445404,-10.2658169],[-38.3101228,-10.2804731],[-38.3113063,-10.3044345],[-38.2739529,-10.3013839],[-38.257131,-10.3240636],[-38.2636622,-10.3475036],[-38.2340435,-10.4039157],[-38.2143039,-10.4094948],[-38.1985768,-10.4297207],[-38.1498351,-10.4573021]]]}},{"type":"Feature","properties":{"level":"municipio","municipality_code":"2901700","municipality_name":"Antônio Cardoso","uf":"BA","state_code":"29","area_km2":293.53},"geometry":{"type":"Polygon","coordinates":[[[-39.1586415,-12.4581686],[-39.1650562,-12.4260482],[-39.1789902,-12.4222684],[-39.1948918,-12.3875347],[-39.217403,-12.3965074],[-39.2398561,-12.3704263],[-39.244744,-12.304608],[-39.2370304,-12.2898297],[-39.1997416,-12.2952347],[-39.189933,-12.2840144],[-39.148919,-12.2704289],[-39.1260876,-12.299412],[-39.1101206,-12.3455038],[-39.1019826,-12.3443542],[-39.0918937,-12.3576156],[-39.0709825,-12.3578625],[-39.0702507,-12.3731448],[-39.0806316,-12.3785045],[-39.0663256,-12.4065819],[-39.0530528,-12.4101267],[-39.0616687,-12.4230665],[-39.0500786,-12.4421207],[-39.0683866,-12.4543441],[-39.0885103,-12.4957273],[-39.1271793,-12.4982738],[-39.1475959,-12.4832567],[-39.145219,-12.4688732],[-39.1586415,-12.4581686]]]}},{"type":"Feature","properties":{"level":"municipio","municipality_code":"2901809","municipality_name":"Antônio Gonçalves","uf":"BA","state_code":"29","area_km2":345.284},"geometry":{"type":"Polygon","coordinates":[[[-40.2485063,-10.5133815],[-40.1607559,-10.6174126],[-40.1777982,-10.6288679],[-40.1839656,-10.6525829],[-40.2208986,-10.6109638],[-40.2562219,-10.6085996],[-40.2616322,-10.6175657],[-40.2809079,-10.6214518],[-40.3134938,-10.6026896],[-40.3308549,-10.6062799],[-40.362795,-10.5893698],[-40.3806858,-10.5947731],[-40.3941756,-10.5900228],[-40.4007169,-10.5945951],[-40.396786,-10.6185044],[-40.4023225,-10.6292611],[-40.3894207,-10.6363909],[-40.40623,-10.6598036],[-40.4619941,-10.672887],[-40.478479,-10.6907617],[-40.4848557,-10.6848365],[-40.5071507,-10.7130018],[-40.5491563,-10.6996012],[-40.5419457,-10.6808404],[-40.5464019,-10.6623201],[-40.4583924,-10.5784576],[-40.3849438,-10.5453489],[-40.374431,-10.5488255],[-40.367254,-10.5416901],[-40.2850654,-10.5248126],[-40.2705457,-10.5005855],[-40.2705549,-10.5114537],[-40.2485063,-10.5133815]]]}},{"type":"Feature","properties":{"level":"municipio","municipality_code":"2901908","municipality_name":"Aporá","uf":"BA","state_code":"29","area_km2":479.262},"geometry":{"type":"Polygon","coordinates":[[[-38.0513987,-11.6573014],[-38.0664876,-11.6890802],[-38.1439772,-11.7642766],[-38.143105,-11.8041581],[-38.1674869,-11.8033887],[-38.1807635,-11.7828262],[-38.2002127,-11.7916311],[-38.1850719,-11.8374663],[-38.1950969,-11.8393473],[-38.1927616,-11.8917871],[-38.2541982,-11.8744773],[-38.2650321,-11.8816775],[-38.2749356,-11.8659324],[-38.2975494,-11.8724298],[-38.2938495,-11.8638054],[-38.3123802,-11.839683],[-38.2986821,-11.8340166],[-38.2822577,-11.8028427],[-38.2822598,-11.7896862],[-38.2970623,-11.7700611],[-38.2764309,-11.7516026],[-38.2648776,-11.7097072],[-38.2794742,-11.6640502],[-38.3017082,-11.6358617],[-38.2797582,-11.6386137],[-38.2740817,-11.647429],[-38.246013,-11.6255336],[-38.2235229,-11.6413189],[-38.1917302,-11.6340993],[-38.1767457,-11.6397439],[-38.1525617,-11.6340684],[-38.1490916,-11.6089483],[-38.0906241,-11.6188979],[-38.0819014,-11.610393],[-38.0609488,-11.6281262],[-38.0513987,-11.6573014]]]}},{"type":"Feature","properties":{"level":"municipio","municipality_code":"2901957","municipality_name":"Apuarema","uf":"BA","state_code":"29","area_km2":150.83},"geometry":{"type":"Polygon","coordinates":[[[-39.7486506,-13.864186],[-39.7640013,-13.8583197],[-39.7714609,-13.8670773],[-39.7794889,-13.8610436],[-39.7840888,-13.8498135],[-39.7659738,-13.8336042],[-39.7683607,-13.8242063],[-39.7825202,-13.8153817],[-39.7889035,-13.8269316],[-39.8129213,-13.8032061],[-39.813125,-13.7648459],[-39.8258143,-13.7477759],[-39.835947,-13.7519748],[-39.8464306,-13.7452361],[-39.8507342,-13.7111223],[-39.8419913,-13.7268292],[-39.7818295,-13.746382],[-39.7699464,-13.7852281],[-39.7571117,-13.7754127],[-39.7332164,-13.7776763],[-39.7276175,-13.7706931],[-39.7129098,-13.7886008],[-39.6971127,-13.7880772],[-39.7000408,-13.7983786],[-39.6886967,-13.8078432],[-39.6881486,-13.8216064],[-39.7009455,-13.8354612],[-39.7037588,-13.8608772],[-39.6803838,-13.8707495],[-39.6822508,-13.8824811],[-39.7100514,-13.8994299],[-39.7050487,-13.9095454],[-39.7342383,-13.9058902],[-39.741023,-13.9126576],[-39.7469185,-13.9021537],[-39.740713,-13.8933801],[-39.7577477,-13.8848486],[-39.7486506,-13.864186]]]}},{"type":"Feature","properties":{"level":"municipio","municipality_code":"2902005","municipality_name":"Aracatu","uf":"BA","state_code":"29","area_km2":1489.803},"geometry":{"type":"Polygon","coordinates":[[[-41.3972899,-14.5572864],[-41.6376248,-14.5091999],[-41.5318318,-14.498456],[-41.5366487,-14.4882662],[-41.557813,-14.4841595],[-41.5625927,-14.4588103],[-41.550742,-14.4280761],[-41.5690377,-14.3866287],[-41.5609635,-14.3595952],[-41.5662317,-14.334801],[-41.5560846,-14.3204538],[-41.5713167,-14.3083079],[-41.5507795,-14.2669779],[-41.5673288,-14.2528005],[-41.5632259,-14.2460078],[-41.5490306,-14.2500021],[-41.5373029,-14.2379864],[-41.5412116,-14.2275783],[-41.5321494,-14.2200065],[-41.5308342,-14.1980902],[-41.512744,-14.1712425],[-41.4964906,-14.1762506],[-41.4980616,-14.1596596],[-41.4882924,-14.1610748],[-41.4928482,-14.1479656],[-41.4808279,-14.1422286],[-41.470423,-14.1481712],[-41.4619764,-14.1341352],[-41.4504928,-14.1349094],[-41.4394593,-14.1158953],[-41.3846348,-14.1003239],[-41.3884775,-14.1185066],[-41.3684544,-14.1363618],[-41.4025288,-14.2611241],[-41.2953794,-14.2789969],[-41.0790104,-14.3792608],[-41.0678809,-14.3987238],[-41.0957719,-14.4487051],[-41.1065282,-14.4504598],[-41.1120507,-14.4382286],[-41.1380447,-14.4544391],[-41.1374125,-14.4632885],[-41.1231972,-14.4672638],[-41.1309838,-14.4722763],[-41.1334224,-14.4919303],[-41.1549222,-14.4970924],[-41.1603325,-14.4808575],[-41.1830088,-14.480198],[-41.1838777,-14.4971394],[-41.1961386,-14.491318],[-41.2107722,-14.5004888],[-41.2010179,-14.5115287],[-41.2052408,-14.5201444],[-41.2275271,-14.5151195],[-41.2346604,-14.5231512],[-41.2477618,-14.5152753],[-41.2381379,-14.4975185],[-41.2474343,-14.4989043],[-41.2530726,-14.4869369],[-41.2977508,-14.5131464],[-41.3296503,-14.5027098],[-41.3499483,-14.5280591],[-41.3715829,-14.5360864],[-41.3824092,-14.5305213],[-41.3972899,-14.5572864]]]}},{"type":"Feature","properties":{"level":"municipio","municipality_code":"2902104","municipality_name":"Araci","uf":"BA","state_code":"29","area_km2":1496.245},"geometry":{"type":"Polygon","coordinates":[[[-38.872576,-11.3453534],[-38.8583415,-11.353356],[-38.8048667,-11.3468672],[-38.7741465,-11.3563555],[-38.8225604,-11.4135782],[-38.8650526,-11.3822905],[-38.9812571,-11.4233763],[-39.0537925,-11.3988501],[-39.1407676,-11.493466],[-39.1433385,-11.465931],[-39.1328317,-11.4548167],[-39.1250402,-11.4329994],[-39.1291698,-11.4221271],[-39.1195213,-11.4064421],[-39.1195426,-11.3741395],[-39.1293487,-11.3512944],[-39.1247478,-11.3405614],[-39.1365212,-11.3225988],[-39.129486,-11.3000621],[-39.1552487,-11.2820704],[-39.1582377,-11.2703744],[-39.1712458,-11.2805135],[-39.1795871,-11.2695402],[-39.1927233,-11.2700909],[-39.2022086,-11.2800545],[-39.2197894,-11.2673551],[-39.2238891,-11.2491822],[-39.2423204,-11.2285878],[-39.2399536,-11.2109908],[-39.2566455,-11.1547123],[-39.2595195,-11.0694902],[-39.309429,-11.0802263],[-39.3107227,-11.0653611],[-39.2893444,-11.0441293],[-39.2884275,-11.029603],[-39.273904,-11.0210844],[-39.2700533,-11.0045483],[-39.2822164,-10.989556],[-39.2057782,-10.998415],[-39.1691534,-11.0196879],[-39.1602123,-11.009746],[-39.1151573,-11.0181281],[-39.0716588,-11.0443721],[-39.0455987,-11.0205471],[-39.0345784,-11.0306589],[-39.0142219,-11.032731],[-39.0023044,-11.057842],[-38.9721997,-11.0492814],[-38.9455646,-11.0516948],[-38.946773,-11.0701208],[-38.872576,-11.3453534]]]}},{"type":"Feature","properties":{"level":"municipio","municipality_code":"2902203","municipality_name":"Aramari","uf":"BA","state_code":"29","area_km2":368.947},"geometry":{"type":"Polygon","coordinates":[[[-38.6051406,-12.004047],[-38.6312852,-11.9332609],[-38.5699997,-11.9613168],[-38.5215666,-11.936055],[-38.4750024,-11.9490552],[-38.4475747,-12.0018912],[-38.4337162,-12.0772339],[-38.4438712,-12.1043042],[-38.4914094,-12.1270027],[-38.4905217,-12.1612655],[-38.5866668,-12.1936777],[-38.5887466,-12.1776643],[-38.5704161,-12.1242369],[-38.5858908,-12.0456757],[-38.6073193,-12.0213688],[-38.6051406,-12.004047]]]}},{"type":"Feature","properties":{"level":"municipio","municipality_code":"2902252","municipality_name":"Arataca","uf":"BA","state_code":"29","area_km2":435.962},"geometry":{"type":"Polygon","coordinates":[[[-39.4281128,-15.3156174],[-39.4588675,-15.3126775],[-39.4624452,-15.3319194],[-39.4808816,-15.3417714],[-39.4852342,-15.3073928],[-39.498231,-15.2907592],[-39.522198,-15.3005363],[-39.5399018,-15.2953501],[-39.5438591,-15.3035043],[-39.5618998,-15.2913732],[-39.5673479,-15.3111901],[-39.5756964,-15.307944],[-39.5716389,-15.2322231],[-39.5544046,-15.2216311],[-39.5567608,-15.2315948],[-39.5436713,-15.2417162],[-39.489571,-15.2463855],[-39.4811431,-15.2061607],[-39.4747811,-15.2127088],[-39.4601457,-15.2056865],[-39.4537763,-15.1728859],[-39.4608422,-15.156514],[-39.4506238,-15.1440809],[-39.4414955,-15.1592288],[-39.430622,-15.1603618],[-39.4095754,-15.1335975],[-39.4000883,-15.1399877],[-39.3993938,-15.1512773],[-39.3691989,-15.1255475],[-39.3295872,-15.1130898],[-39.3243134,-15.1436161],[-39.3306665,-15.1569292],[-39.3146052,-15.1577501],[-39.2981986,-15.2040222],[-39.3084421,-15.2163104],[-39.2988798,-15.2247811],[-39.3087597,-15.2357925],[-39.3062791,-15.2606388],[-39.3202187,-15.2639087],[-39.3127512,-15.2749631],[-39.3010123,-15.2722477],[-39.2987219,-15.2782393],[-39.333374,-15.291172],[-39.3401697,-15.302879],[-39.3402371,-15.3193607],[-39.3248564,-15.3288001],[-39.3260442,-15.335679],[-39.3648756,-15.3525537],[-39.3985901,-15.3494379],[-39.410471,-15.3286809],[-39.4242666,-15.3361381],[-39.4338332,-15.3325912],[-39.4281128,-15.3156174]]]}},{"type":"Feature","properties":{"level":"municipio","municipality_code":"2902302","municipality_name":"Aratuípe","uf":"BA","state_code":"29","area_km2":174.012},"geometry":{"type":"Polygon","coordinates":[[[-39.1090317,-13.0379249],[-39.0010729,-13.0556033],[-38.9879009,-13.0453512],[-38.9654464,-13.0457149],[-38.9568434,-13.0620267],[-38.955986,-13.0901558],[-38.9781733,-13.0874968],[-38.9810643,-13.0982281],[-38.995203,-13.1065007],[-39.0075468,-13.1008108],[-39.0088157,-13.1275544],[-39.035095,-13.1179605],[-39.0454217,-13.1335294],[-39.0659423,-13.132939],[-39.0929148,-13.144461],[-39.114967,-13.1342637],[-39.1228312,-13.1012488],[-39.1340033,-13.0914835],[-39.1585843,-13.096113],[-39.1693473,-13.0825748],[-39.1767478,-13.1053391],[-39.1893748,-13.1091118],[-39.2015605,-13.0780095],[-39.1745025,-13.0825388],[-39.1626847,-13.0684376],[-39.1622697,-13.0477232],[-39.1529715,-13.0405576],[-39.136181,-13.0489876],[-39.1294953,-13.0657027],[-39.1171445,-13.058083],[-39.1190913,-13.0440053],[-39.1090317,-13.0379249]]]}},{"type":"Feature","properties":{"level":"municipio","municipality_code":"2902054","municipality_name":"Araçás","uf":"BA","state_code":"29","area_km2":474.577},"geometry":{"type":"Polygon","coordinates":[[[-38.1109732,-12.2358223],[-38.1202109,-12.2514321],[-38.2730623,-12.2783676],[-38.3100814,-12.2488136],[-38.3337626,-12.2456211],[-38.35555,-12.230237],[-38.3230363,-12.2221563],[-38.3210149,-12.1737598],[-38.3045739,-12.1303838],[-38.2824746,-12.1334725],[-38.2774256,-12.1280003],[-38.2750365,-12.0832581],[-38.2828365,-12.0395277],[-38.2513266,-12.0336885],[-38.237604,-12.0140264],[-38.2018593,-12.0123198],[-38.2108426,-12.0678813],[-38.199228,-12.1103545],[-38.1467034,-12.1246586],[-38.1379854,-12.1432769],[-38.1240943,-12.1380033],[-38.0910771,-12.146337],[-38.0784139,-12.1616977],[-38.076611,-12.1821117],[-38.0660082,-12.1859587],[-38.0802022,-12.208744],[-38.0765778,-12.2390583],[-38.1109732,-12.2358223]]]}},{"type":"Feature","properties":{"level":"municipio","municipality_code":"2902401","municipality_name":"Aurelino Leal","uf":"BA","state_code":"29","area_km2":445.394},"geometry":{"type":"Polygon","coordinates":[[[-39.3227631,-14.4600024],[-39.4901814,-14.4196422],[-39.4759197,-14.4085019],[-39.4775112,-14.3953199],[-39.4901967,-14.398832],[-39.496556,-14.4112554],[-39.5262985,-14.4121591],[-39.5357857,-14.3928083],[-39.5904119,-14.3953294],[-39.6965702,-14.3695795],[-39.6823324,-14.356524],[-39.6853842,-14.343033],[-39.6784597,-14.3315941],[-39.6855149,-14.3280423],[-39.6639209,-14.3288785],[-39.66791,-14.3187873],[-39.6588987,-14.3177356],[-39.6771072,-14.2933897],[-39.6654135,-14.2805434],[-39.652622,-14.2852305],[-39.6525478,-14.2745909],[-39.6386197,-14.2670909],[-39.59966,-14.3108728],[-39.5742812,-14.2981853],[-39.5519983,-14.3057768],[-39.5644367,-14.334652],[-39.554085,-14.3460053],[-39.5401616,-14.3414715],[-39.5263001,-14.3492783],[-39.5123616,-14.3383677],[-39.51256,-14.3481031],[-39.5037345,-14.3512232],[-39.4969821,-14.3335822],[-39.4876263,-14.3421485],[-39.4643593,-14.3407007],[-39.4611555,-14.3212722],[-39.4419808,-14.3131007],[-39.4336374,-14.29473],[-39.4162178,-14.294829],[-39.4140883,-14.3081627],[-39.4071033,-14.3101078],[-39.3680433,-14.2783459],[-39.3636341,-14.2997976],[-39.3452217,-14.3138577],[-39.2907673,-14.3119531],[-39.3339929,-14.3842716],[-39.3242455,-14.3934886],[-39.3288929,-14.4321883],[-39.3227631,-14.4600024]]]}},{"type":"Feature","properties":{"level":"municipio","municipality_code":"2902500","municipality_name":"Baianópolis","uf":"BA","state_code":"29","area_km2":3321.755},"geometry":{"type":"Polygon","coordinates":[[[-44.1818352,-12.8760113],[-44.2421664,-12.8892566],[-44.2508422,-12.9059344],[-44.2351888,-12.9124321],[-44.2402,-12.9512715],[-44.2634171,-12.9596411],[-44.2578915,-12.9850695],[-44.2684575,-12.9960473],[-44.2844353,-12.9965758],[-44.2959087,-13.0219624],[-44.306991,-13.0282338],[-44.3071628,-13.0782329],[-44.3317214,-13.0945813],[-44.3421062,-13.1183054],[-44.5505944,-12.9428398],[-44.6100975,-12.7261317],[-44.6250228,-12.5721832],[-44.673207,-12.5639521],[-44.6901607,-12.5488217],[-44.6990095,-12.5227592],[-44.7148425,-12.5194405],[-44.7205043,-12.4995161],[-44.7295207,-12.496009],[-44.7204012,-12.4728642],[-44.7417734,-12.4362341],[-44.7378517,-12.4088431],[-44.726016,-12.405163],[-44.6736361,-12.3298177],[-44.6579489,-12.3316945],[-44.6577218,-12.3217777],[-44.6529091,-12.3257921],[-44.6349576,-12.3147679],[-44.62455,-12.3228545],[-44.6078142,-12.3127968],[-44.6044907,-12.3181943],[-44.5963638,-12.3077387],[-44.5502664,-12.2941592],[-44.5425984,-12.2879521],[-44.53426,-12.2448032],[-44.5005705,-12.2222771],[-44.5351927,-12.300725],[-44.5315119,-12.3082239],[-44.4965099,-12.3015938],[-44.4807311,-12.3113586],[-44.4758974,-12.3035056],[-44.4645895,-12.3081299],[-44.3964248,-12.2877041],[-44.3511821,-12.2965348],[-44.3384995,-12.3059893],[-44.3124051,-12.3062218],[-44.3303165,-12.4670228],[-44.3149024,-12.5233873],[-44.2333926,-12.5706248],[-44.2652154,-12.6345485],[-44.1751576,-12.7442562],[-44.1705905,-12.7658748],[-44.1519358,-12.7761926],[-44.1538863,-12.8035936],[-44.1738834,-12.8206888],[-44.1683298,-12.8602757],[-44.1818352,-12.8760113]]]}},{"type":"Feature","properties":{"level":"municipio","municipality_code":"2902609","municipality_name":"Baixa Grande","uf":"BA","state_code":"29","area_km2":967.514},"geometry":{"type":"Polygon","coordinates":[[[-40.2335526,-12.0736617],[-40.2462982,-12.0700706],[-40.2518362,-12.0580872],[-40.2606492,-12.0627304],[-40.2736547,-12.0542791],[-40.2856583,-12.0276987],[-40.3285508,-11.9918559],[-40.333506,-11.9768376],[-40.3024359,-11.9601686],[-40.2745027,-11.90826],[-40.2948777,-11.8932643],[-40.3262869,-11.8864904],[-40.3518886,-11.8552836],[-40.3566262,-11.8296332],[-40.3407797,-11.8295825],[-40.3335298,-11.8197039],[-40.3144764,-11.8235395],[-40.2968841,-11.809805],[-40.1930612,-11.8280135],[-40.1958362,-11.8357118],[-40.1616425,-11.8491098],[-40.1374459,-11.8399598],[-40.1213657,-11.8503781],[-40.0548334,-11.8405509],[-40.0498944,-11.8492985],[-40.0378919,-11.8505209],[-40.0470166,-11.8731114],[-40.0040754,-11.936897],[-39.9561077,-11.9575069],[-39.9584493,-11.9769096],[-39.9708457,-11.9868459],[-39.9610634,-12.0123238],[-39.9737833,-12.03702],[-39.9712479,-12.0545168],[-40.0285189,-12.0551704],[-40.035488,-12.154667],[-40.0702581,-12.1040981],[-40.1443024,-12.1019433],[-40.1483473,-12.0953635],[-40.2218243,-12.0978514],[-40.2335526,-12.0736617]]]}},{"type":"Feature","properties":{"level":"municipio","municipality_code":"2902658","municipality_name":"Banzaê","uf":"BA","state_code":"29","area_km2":409.507},"geometry":{"type":"Polygon","coordinates":[[[-38.5744377,-10.5267325],[-38.5671612,-10.5546834],[-38.555489,-10.5525226],[-38.5465369,-10.5630547],[-38.5595587,-10.5989464],[-38.561208,-10.6493836],[-38.5726568,-10.6592881],[-38.5759128,-10.6895641],[-38.6321457,-10.7172008],[-38.6660542,-10.7075389],[-38.6792045,-10.7272087],[-38.7333087,-10.7177374],[-38.741976,-10.6436163],[-38.7493883,-10.6390245],[-38.7751062,-10.646015],[-38.7866548,-10.6334382],[-38.7376527,-10.6046969],[-38.7159162,-10.5648265],[-38.7051046,-10.5649739],[-38.7010475,-10.5059175],[-38.6853158,-10.5003962],[-38.6716999,-10.479378],[-38.6213415,-10.5156142],[-38.6272708,-10.5250041],[-38.6127034,-10.5461322],[-38.5744377,-10.5267325]]]}},{"type":"Feature","properties":{"level":"municipio","municipality_code":"2902708","municipality_name":"Barra","uf":"BA","state_code":"29","area_km2":11428.112},"geometry":{"type":"Polygon","coordinates":[[[-43.0483452,-11.0017012],[-43.0965688,-11.0281603],[-43.0979593,-11.0534224],[-43.1221223,-11.0792463],[-43.1210714,-11.0938685],[-43.1318114,-11.1018477],[-43.1310652,-11.1214392],[-43.1427382,-11.1354238],[-43.1448936,-11.1573099],[-43.1763533,-11.184812],[-43.1958625,-11.2229956],[-43.1987253,-11.2381445],[-43.1867737,-11.2623275],[-43.1904506,-11.2798966],[-43.1725666,-11.3207018],[-43.2031468,-11.3403488],[-43.2399292,-11.4077064],[-43.2807213,-11.5262897],[-43.2840303,-11.5644562],[-43.304082,-11.5816018],[-43.3481234,-11.5847883],[-43.3789362,-11.6282326],[-43.3851227,-11.6794842],[-43.3480977,-11.7357403],[-43.3906735,-11.7342463],[-43.3799632,-11.7858234],[-43.4071289,-11.7821122],[-43.4299841,-11.8014184],[-43.4416633,-11.7946661],[-43.4609176,-11.8067054],[-43.4623626,-11.8273346],[-43.496275,-11.8617297],[-43.5111568,-11.9314947],[-43.6317748,-11.9314947],[-43.6616559,-11.8652279],[-43.6785391,-11.7938523],[-43.7627926,-11.6106368],[-43.8218368,-11.3687535],[-43.8616784,-11.2808104],[-43.9146384,-11.1049885],[-43.9261265,-11.0818791],[-44.0003202,-10.9982301],[-44.0256572,-10.9523028],[-44.0076314,-10.9361591],[-43.9574418,-10.9282389],[-43.9424615,-10.9074083],[-43.9243884,-10.8992577],[-43.9222482,-10.8746271],[-43.9076891,-10.8587452],[-43.8729457,-10.8583787],[-43.8554637,-10.8481453],[-43.8348331,-10.8542132],[-43.7918104,-10.9054947],[-43.7593245,-10.9092028],[-43.5494294,-10.8699773],[-43.3881699,-10.858459],[-43.3885525,-10.8132258],[-43.3950815,-10.801006],[-43.3772757,-10.7223883],[-43.3823489,-10.6503712],[-43.3712651,-10.6127084],[-43.3810806,-10.5826553],[-43.3738568,-10.5110793],[-43.3765037,-10.4475543],[-43.3847752,-10.4267102],[-43.3779374,-10.4029986],[-43.3869258,-10.3876136],[-43.3819077,-10.3756475],[-43.3888558,-10.3399698],[-43.3744289,-10.3094411],[-43.37243,-10.2805598],[-43.3770482,-10.2466467],[-43.384716,-10.239956],[-43.2792556,-10.2369944],[-42.619205,-10.5686436],[-42.6613092,-10.5880185],[-42.6603118,-10.6015029],[-42.6750222,-10.612814],[-42.6979204,-10.6677884],[-42.6925114,-10.6787154],[-42.7030692,-10.7146803],[-42.7688004,-10.8100378],[-42.7897212,-10.8193812],[-42.819384,-10.8129213],[-42.8373028,-10.8179793],[-42.8596015,-10.8089718],[-42.8755853,-10.8370909],[-42.9205525,-10.8477107],[-42.9387543,-10.8611203],[-42.9434164,-10.881834],[-42.9720682,-10.8913486],[-42.9882841,-10.9083788],[-42.9885131,-10.9397043],[-43.0385072,-10.9684801],[-43.0483452,-11.0017012]]]}},{"type":"Feature","properties":{"level":"municipio","municipality_code":"2902807","municipality_name":"Barra da Estiva","uf":"BA","state_code":"29","area_km2":1657.413},"geometry":{"type":"Polygon","coordinates":[[[-41.2998065,-13.6833425],[-41.2939187,-13.7076547],[-41.3293259,-13.6996055],[-41.368183,-13.6727836],[-41.394031,-13.6769869],[-41.4038219,-13.6689962],[-41.4149935,-13.6730645],[-41.4238189,-13.6616923],[-41.4318788,-13.6683556],[-41.4417874,-13.6638761],[-41.4517643,-13.6348479],[-41.4717542,-13.623182],[-41.4872803,-13.5236911],[-41.3525595,-13.4901335],[-41.3102456,-13.4955785],[-41.2563396,-13.4703384],[-41.2274571,-13.5206092],[-41.2161029,-13.5046434],[-41.2203816,-13.4702403],[-41.0382408,-13.5563339],[-40.9586084,-13.545027],[-40.9401966,-13.5677885],[-40.8738318,-13.5760018],[-40.8584241,-13.5825173],[-40.8369929,-13.6358401],[-40.7147626,-13.8410392],[-40.7300737,-13.828451],[-40.7361495,-13.8357925],[-40.7924311,-13.8344356],[-40.8504263,-13.8502507],[-40.8794145,-13.8438864],[-40.9066464,-13.886885],[-40.9213571,-13.8910126],[-40.9463255,-13.8796278],[-40.9542086,-13.8639274],[-40.9494925,-13.8582064],[-40.9634935,-13.852353],[-40.9637138,-13.8400405],[-40.9720064,-13.8447637],[-40.9826112,-13.8377763],[-40.9934254,-13.8116631],[-40.990942,-13.7922223],[-41.0112344,-13.7946364],[-41.0429741,-13.7678635],[-41.0246203,-13.7480602],[-41.0313943,-13.7462594],[-41.0245681,-13.7345564],[-41.0336761,-13.7137928],[-41.0269249,-13.7130801],[-41.0248032,-13.7011774],[-41.0318484,-13.6883899],[-41.0260255,-13.6879415],[-41.0281213,-13.6764544],[-41.0180952,-13.6725228],[-41.0326094,-13.6605221],[-41.0268768,-13.6503434],[-41.0405371,-13.6442371],[-41.0324625,-13.6259886],[-41.0530609,-13.609117],[-41.1058402,-13.625554],[-41.154486,-13.6758638],[-41.1792035,-13.6719201],[-41.1911246,-13.6951901],[-41.2169844,-13.7052735],[-41.2245269,-13.6944375],[-41.249181,-13.718142],[-41.2849148,-13.682362],[-41.2998065,-13.6833425]]]}},{"type":"Feature","properties":{"level":"municipio","municipality_code":"2902906","municipality_name":"Barra do Choça","uf":"BA","state_code":"29","area_km2":765.936},"geometry":{"type":"Polygon","coordinates":[[[-40.4339563,-14.9195048],[-40.5013199,-14.9777329],[-40.5508936,-15.0371088],[-40.7018468,-15.0763613],[-40.6971901,-15.06929],[-40.711393,-15.0467738],[-40.7006664,-15.0232102],[-40.7059547,-15.0144496],[-40.7402088,-15.0007901],[-40.7122054,-14.9394692],[-40.7235333,-14.8983695],[-40.6834726,-14.8381008],[-40.525519,-14.7563549],[-40.444392,-14.806916],[-40.408871,-14.8528129],[-40.4339563,-14.9195048]]]}},{"type":"Feature","properties":{"level":"municipio","municipality_code":"2903003","municipality_name":"Barra do Mendes","uf":"BA","state_code":"29","area_km2":1436.299},"geometry":{"type":"Polygon","coordinates":[[[-42.0883202,-12.183582],[-42.2466076,-11.9467799],[-42.2821513,-11.8784941],[-42.3020073,-11.7833938],[-42.3232149,-11.7540162],[-42.3386628,-11.7477806],[-42.3381644,-11.7303591],[-42.3600246,-11.7139868],[-42.1362367,-11.7411908],[-42.0366351,-11.7284407],[-41.9891029,-11.7426674],[-41.9870471,-11.7520932],[-41.9670232,-11.761641],[-41.9740582,-11.77834],[-41.9708257,-11.8015397],[-41.9842102,-11.7944708],[-41.9873535,-11.8022235],[-41.9915097,-11.7959151],[-42.016389,-11.806418],[-42.021786,-11.8160255],[-42.0062187,-11.8365001],[-42.0186798,-11.8514497],[-42.0273324,-11.8512986],[-42.0242239,-11.8930153],[-41.9973476,-11.9043987],[-41.9936779,-11.9744689],[-41.9623706,-11.9690857],[-41.9438738,-12.0145635],[-41.9501091,-12.0224543],[-41.9792846,-12.0211886],[-41.9826314,-12.0444067],[-41.944445,-12.0780243],[-41.953786,-12.0895949],[-41.9676463,-12.0870315],[-41.9745753,-12.1221376],[-41.9832934,-12.1253596],[-41.9688601,-12.1412636],[-41.9773643,-12.1539315],[-41.966271,-12.1788922],[-41.971528,-12.2049868],[-41.9664881,-12.2218051],[-41.9890508,-12.2310953],[-41.9681123,-12.2658948],[-41.9848722,-12.2914472],[-42.0318458,-12.2302825],[-42.056267,-12.2204984],[-42.0582812,-12.2451082],[-42.039818,-12.2911217],[-42.0889131,-12.2914953],[-42.0883267,-12.2279778],[-42.0978971,-12.1971443],[-42.0883202,-12.183582]]]}},{"type":"Feature","properties":{"level":"municipio","municipality_code":"2903102","municipality_name":"Barra do Rocha","uf":"BA","state_code":"29","area_km2":214.411},"geometry":{"type":"Polygon","coordinates":[[[-39.6084847,-14.0566601],[-39.5844331,-14.0250728],[-39.5906527,-14.0183426],[-39.5817944,-14.0066115],[-39.5708398,-14.0060683],[-39.5633356,-13.981703],[-39.5798238,-13.9494543],[-39.5703745,-13.9478676],[-39.569649,-13.9349699],[-39.5561588,-13.9320601],[-39.5445944,-13.9445456],[-39.5324803,-14.0054459],[-39.518832,-14.0088873],[-39.5315636,-14.0448693],[-39.5266736,-14.0516818],[-39.5466752,-14.0635833],[-39.5424178,-14.0754114],[-39.5541678,-14.1142315],[-39.5403444,-14.1306546],[-39.5471249,-14.1442988],[-39.5611595,-14.1473201],[-39.5761566,-14.2163133],[-39.595169,-14.209584],[-39.6094148,-14.2188617],[-39.6381338,-14.2046009],[-39.6510644,-14.2175802],[-39.6666669,-14.2145147],[-39.6695597,-14.2083408],[-39.6595367,-14.1971873],[-39.6685476,-14.168651],[-39.6643184,-14.1530391],[-39.652745,-14.1320663],[-39.6299246,-14.1148237],[-39.6100114,-14.1145263],[-39.6088972,-14.1008973],[-39.5974803,-14.0934116],[-39.6023057,-14.0895064],[-39.5872697,-14.0819182],[-39.6084847,-14.0566601]]]}},{"type":"Feature","properties":{"level":"municipio","municipality_code":"2903201","municipality_name":"Barreiras","uf":"BA","state_code":"29","area_km2":8059.305},"geometry":{"type":"Polygon","coordinates":[[[-44.7172738,-12.1248152],[-44.7020199,-12.1729382],[-44.6178369,-12.1407856],[-44.5827365,-12.1480987],[-44.579832,-12.1550942],[-44.6186701,-12.1737336],[-44.6601267,-12.1716336],[-44.7420689,-12.2270684],[-44.795747,-12.2229274],[-44.8414645,-12.2560603],[-44.8675572,-12.2612152],[-44.9272688,-12.2931113],[-45.0248667,-12.320969],[-45.044615,-12.3156966],[-45.0779076,-12.3345039],[-45.1024565,-12.336229],[-45.1331094,-12.3224285],[-45.1495638,-12.3333096],[-45.1704348,-12.371135],[-45.202447,-12.3802871],[-45.2158003,-12.4118113],[-45.2314019,-12.427016],[-45.2837696,-12.4220158],[-45.3488469,-12.3886947],[-45.4058506,-12.3701945],[-45.446803,-12.3672832],[-45.464465,-12.3767935],[-45.4865909,-12.3649542],[-45.5782002,-12.4004721],[-45.6603784,-12.3927335],[-45.7189206,-12.3967879],[-45.7587755,-12.4117523],[-45.7647529,-12.4113447],[-45.6610044,-11.9143554],[-45.6823319,-11.9013395],[-45.6980269,-11.900887],[-45.7271539,-11.880194],[-45.7726762,-11.8677136],[-45.7944823,-11.868817],[-45.819098,-11.8877878],[-45.8465393,-11.8775449],[-45.9276476,-11.8759158],[-45.9454923,-11.8644],[-45.9908261,-11.9189323],[-46.0999496,-11.995329],[-46.1440651,-12.0127258],[-46.1480093,-12.0333109],[-46.40374,-12.0497918],[-46.4187941,-12.0430875],[-46.4220194,-12.0515148],[-46.4486901,-12.0550691],[-46.4629389,-12.045629],[-46.4797997,-12.0473591],[-46.4448951,-12.0261783],[-46.4227903,-12.0297473],[-46.4252843,-12.0181597],[-46.4082595,-12.0095737],[-46.4002362,-12.024813],[-46.3871797,-11.9972723],[-46.3737387,-11.9987559],[-46.3751962,-11.9925372],[-46.3635629,-11.9903413],[-46.3648267,-11.9807722],[-46.3154903,-11.941993],[-46.2330576,-11.9364818],[-46.191605,-11.9203872],[-46.1802786,-11.9081252],[-46.189913,-11.9032252],[-46.2477131,-11.9192975],[-46.2608913,-11.9107723],[-46.2822315,-11.9182013],[-46.2880029,-11.9096549],[-46.3199617,-11.9115833],[-46.3530272,-11.8843192],[-46.3644555,-11.8873811],[-46.3619955,-11.8925047],[-46.3706583,-11.8895899],[-46.3812323,-11.8671564],[-46.3810594,-11.8375243],[-46.3721335,-11.8299619],[-46.3575208,-11.8408197],[-46.3505631,-11.8373755],[-46.3586554,-11.8125035],[-46.337911,-11.814101],[-46.3352985,-11.7964368],[-46.3484199,-11.7970354],[-46.3429643,-11.7917632],[-46.3484915,-11.7858466],[-46.3280101,-11.7715836],[-46.3609362,-11.7789513],[-46.3436773,-11.7600875],[-46.3751048,-11.7685988],[-46.3785453,-11.7485209],[-46.3649652,-11.7396711],[-46.3577018,-11.7453487],[-46.3508263,-11.7380117],[-46.3366922,-11.7395671],[-46.3363005,-11.7275302],[-46.3217632,-11.7134712],[-46.3335417,-11.7102087],[-46.3215687,-11.7073928],[-46.3077347,-11.6864407],[-46.3166914,-11.675493],[-46.3384623,-11.6718921],[-46.3339983,-11.6602665],[-46.343791,-11.6551257],[-46.3401945,-11.6395843],[-46.3495903,-11.6420443],[-46.3480136,-11.6363575],[-46.3617244,-11.6310186],[-46.3796889,-11.645321],[-46.3958742,-11.6406571],[-46.3881494,-11.6395695],[-46.3848704,-11.6252044],[-46.3740772,-11.6267386],[-46.3739087,-11.6159181],[-46.3456447,-11.6192057],[-46.3376839,-11.6073513],[-46.3350661,-11.612606],[-46.3240279,-11.6075209],[-46.3254549,-11.5995704],[-46.3184322,-11.6082397],[-46.3043291,-11.6061903],[-46.2867875,-11.6158247],[-46.2746199,-11.6070501],[-46.2440492,-11.6053128],[-46.2246953,-11.6396881],[-46.2063013,-11.6394881],[-46.1839398,-11.6509525],[-46.1719109,-11.6448694],[-46.1536203,-11.6511935],[-46.1444858,-11.6243474],[-46.097673,-11.6258855],[-46.0674794,-11.6183903],[-45.9669668,-11.6255793],[-45.8839172,-11.6485029],[-45.8566155,-11.6454491],[-45.8329852,-11.6643102],[-45.8191252,-11.6897644],[-45.7792137,-11.7012308],[-45.727449,-11.7332718],[-45.6992615,-11.7370039],[-45.6743765,-11.7536696],[-45.6635457,-11.7765003],[-45.6438108,-11.7752709],[-45.6344788,-11.7911839],[-45.6183128,-11.7845176],[-45.5848658,-11.7883757],[-45.4927087,-11.7665607],[-45.4437989,-11.7789044],[-45.4090925,-11.7779233],[-45.3802354,-11.7628697],[-45.3749686,-11.7499389],[-45.3521551,-11.7379942],[-45.3459878,-11.7424135],[-45.3418406,-11.7345854],[-45.2791102,-11.7407537],[-45.2671705,-11.7483128],[-45.2720029,-11.7585273],[-45.2512178,-11.7667632],[-45.2541949,-11.7736009],[-45.2435888,-11.767093],[-45.2394251,-11.7739361],[-45.2257725,-11.7726049],[-45.2229675,-11.7941815],[-45.2070244,-11.7917599],[-45.2076792,-11.8016947],[-45.1899485,-11.806718],[-45.1913797,-11.816631],[-45.1771677,-11.8148787],[-45.1649726,-11.8524075],[-45.093859,-11.8541069],[-45.086941,-11.8657292],[-45.0550676,-11.8786277],[-45.044773,-11.8999454],[-45.0239946,-11.9021695],[-45.0216341,-11.9208275],[-44.9898692,-11.9580048],[-44.9935238,-11.9634839],[-44.9818544,-11.9809279],[-44.9714432,-11.9808215],[-44.9655334,-12.0006213],[-44.9301099,-12.005894],[-44.934364,-12.0130607],[-44.9283124,-12.0220223],[-44.9363908,-12.0332556],[-44.8992715,-12.0403463],[-44.8705497,-12.0627167],[-44.8414882,-12.1185975],[-44.8391908,-12.1476299],[-44.8165417,-12.1359493],[-44.7982811,-12.105258],[-44.7874704,-12.1028255],[-44.7773598,-12.1144457],[-44.7330505,-12.1116311],[-44.7172738,-12.1248152]]]}},{"type":"Feature","properties":{"level":"municipio","municipality_code":"2903235","municipality_name":"Barro Alto","uf":"BA","state_code":"29","area_km2":414.51},"geometry":{"type":"Polygon","coordinates":[[[-41.6811254,-11.991201],[-42.0214696,-11.8151992],[-42.0172463,-11.8074287],[-42.0040665,-11.7980239],[-41.9915097,-11.7959151],[-41.9873535,-11.8022235],[-41.9842102,-11.7944708],[-41.9433546,-11.8057819],[-41.9326807,-11.7786138],[-41.919769,-11.7740288],[-41.9061437,-11.7549734],[-41.8939399,-11.7556268],[-41.8912972,-11.7433535],[-41.8722661,-11.73037],[-41.8711219,-11.7139521],[-41.8610163,-11.7096953],[-41.8237623,-11.7387657],[-41.7894329,-11.7981031],[-41.7653295,-11.8629902],[-41.6799197,-11.9216467],[-41.6892247,-11.9677287],[-41.6811254,-11.991201]]]}},{"type":"Feature","properties":{"level":"municipio","municipality_code":"2903300","municipality_name":"Barro Preto","uf":"BA","state_code":"29","area_km2":201.585},"geometry":{"type":"Polygon","coordinates":[[[-39.3752495,-14.7812611],[-39.4050216,-14.8372136],[-39.4769366,-14.8511834],[-39.4774913,-14.8220366],[-39.5086578,-14.8165797],[-39.5098237,-14.8003042],[-39.5606023,-14.7921756],[-39.5548524,-14.7659695],[-39.5156633,-14.7324523],[-39.4496628,-14.7663989],[-39.4420498,-14.745728],[-39.4281477,-14.7383262],[-39.4298987,-14.7151772],[-39.4101481,-14.716879],[-39.4062517,-14.703488],[-39.395324,-14.6974419],[-39.3864551,-14.7175325],[-39.3770787,-14.7015436],[-39.3434752,-14.7238592],[-39.3516914,-14.7281053],[-39.3591026,-14.7664787],[-39.3752495,-14.7812611]]]}},{"type":"Feature","properties":{"level":"municipio","municipality_code":"2903276","municipality_name":"Barrocas","uf":"BA","state_code":"29","area_km2":207.297},"geometry":{"type":"Polygon","coordinates":[[[-39.0284654,-11.5524941],[-39.0212891,-11.551345],[-39.0214967,-11.5596718],[-39.0329616,-11.5869718],[-39.0683069,-11.6047583],[-39.0726308,-11.6155732],[-39.1110304,-11.615098],[-39.1338799,-11.6293618],[-39.1605874,-11.6303382],[-39.1449016,-11.5674056],[-39.1505244,-11.5527213],[-39.1458906,-11.5376949],[-39.1576189,-11.5290964],[-39.1407676,-11.493466],[-39.0740075,-11.4208409],[-39.0491867,-11.4441847],[-39.0655523,-11.4881522],[-39.0284654,-11.5524941]]]}},{"type":"Feature","properties":{"level":"municipio","municipality_code":"2903409","municipality_name":"Belmonte","uf":"BA","state_code":"29","area_km2":1920.642},"geometry":{"type":"MultiPolygon","coordinates":[[[[-38.9230656,-16.0313243],[-38.922157,-16.028532],[-38.921913,-16.0284759],[-38.9230656,-16.0313243]]],[[[-38.8589214,-15.8612927],[-38.9479002,-16.0920851],[-39.1505194,-16.0522443],[-39.1632883,-16.0660942],[-39.2302509,-16.0911951],[-39.2794967,-16.1321865],[-39.3030913,-16.1109936],[-39.3714443,-16.1235605],[-39.4122439,-16.0827849],[-39.4239283,-16.0854432],[-39.4330408,-16.0768142],[-39.4028207,-16.0452982],[-39.3867494,-16.0502777],[-39.451091,-15.9859654],[-39.4636189,-15.9925779],[-39.4783135,-15.984466],[-39.4641077,-15.947553],[-39.4736798,-15.9303309],[-39.4695028,-15.9255245],[-39.4955044,-15.9002876],[-39.4923633,-15.8827585],[-39.5149554,-15.8527062],[-39.5030695,-15.8457434],[-39.5024335,-15.818298],[-39.4893917,-15.8201634],[-39.4849799,-15.8391913],[-39.4743921,-15.836748],[-39.4557099,-15.8121432],[-39.4437,-15.8096403],[-39.4454824,-15.7993623],[-39.4357909,-15.7925158],[-39.426944,-15.8033138],[-39.399094,-15.7941574],[-39.390849,-15.8001443],[-39.3869434,-15.8249337],[-39.3722915,-15.8224102],[-39.3569232,-15.849872],[-39.3474355,-15.8503767],[-39.3219773,-15.8475675],[-39.310715,-15.8376245],[-39.3014715,-15.8462291],[-39.2958179,-15.84014],[-39.2871643,-15.8437023],[-39.2812925,-15.8299797],[-39.2703975,-15.8433509],[-39.2670985,-15.8234623],[-39.2593771,-15.8174359],[-39.2497249,-15.82164],[-39.2472193,-15.8041102],[-39.2383221,-15.7969836],[-39.222013,-15.8034997],[-39.2130863,-15.7882452],[-39.2030673,-15.8024827],[-39.1741932,-15.8097938],[-39.1626145,-15.7969616],[-39.1399733,-15.7990142],[-39.1220902,-15.8103057],[-39.1222831,-15.8258025],[-39.1101766,-15.8255284],[-39.0945774,-15.8137566],[-39.1065258,-15.7870952],[-38.8936081,-15.7666809],[-38.8546808,-15.8333057],[-38.8589214,-15.8612927]]]]}},{"type":"Feature","properties":{"level":"municipio","municipality_code":"2903508","municipality_name":"Belo Campo","uf":"BA","state_code":"29","area_km2":772.756},"geometry":{"type":"Polygon","coordinates":[[[-41.3331366,-15.1269837],[-41.3165111,-15.1069123],[-41.3172104,-15.097657],[-41.2890239,-15.0714192],[-41.3021682,-15.0239593],[-41.2185642,-14.997728],[-41.2241935,-14.9657685],[-41.2380588,-14.9555152],[-41.2366268,-14.9401919],[-41.2441948,-14.9433956],[-41.2393165,-14.9316136],[-41.2635026,-14.9125877],[-41.2620968,-14.8939061],[-41.2545615,-14.8886848],[-41.2682857,-14.8786667],[-41.2665294,-14.8604719],[-41.2728934,-14.8553123],[-41.2579543,-14.826837],[-41.2721233,-14.7918461],[-41.2639277,-14.7802677],[-41.2792597,-14.7650488],[-41.2820066,-14.7506603],[-41.2630842,-14.7494349],[-41.2648955,-14.7320712],[-41.251417,-14.7321461],[-41.2447677,-14.7221126],[-41.239778,-14.7375078],[-41.2230701,-14.7460094],[-41.2197143,-14.7109549],[-41.2064669,-14.720905],[-41.2004484,-14.7176787],[-41.1924952,-14.7242869],[-41.1999082,-14.734696],[-41.1771369,-14.7372942],[-41.1813983,-14.748275],[-41.1738809,-14.7448914],[-41.1640666,-14.7545964],[-41.1614549,-14.7936124],[-41.1697214,-14.8049369],[-41.1621888,-14.8262327],[-41.1753009,-14.8323329],[-41.1774831,-14.8448971],[-41.1697529,-14.8624064],[-41.1531512,-14.8617098],[-41.1423588,-14.8824332],[-41.1515263,-14.9061737],[-41.1455453,-14.9126615],[-41.1504675,-14.9204321],[-41.1357738,-14.9342501],[-41.140043,-14.9635673],[-41.1273232,-14.9738019],[-41.1250048,-14.9951598],[-41.0872495,-15.0440838],[-41.0938428,-15.1141078],[-41.117275,-15.133272],[-41.1297039,-15.1671781],[-41.1584019,-15.1853186],[-41.1639591,-15.1996488],[-41.1917997,-15.2102654],[-41.2729369,-15.1893865],[-41.3331366,-15.1269837]]]}},{"type":"Feature","properties":{"level":"municipio","municipality_code":"2903607","municipality_name":"Biritinga","uf":"BA","state_code":"29","area_km2":553.762},"geometry":{"type":"Polygon","coordinates":[[[-38.7817915,-11.3653915],[-38.6742408,-11.6929087],[-38.6839501,-11.698258],[-38.7169138,-11.6913379],[-38.7501988,-11.6926331],[-38.7639686,-11.7007596],[-38.7920627,-11.7236344],[-38.827691,-11.7756376],[-38.8415646,-11.7399085],[-38.8733853,-11.7138995],[-38.8785699,-11.6376778],[-38.8893992,-11.6326276],[-38.853449,-11.6060826],[-38.8700088,-11.5374731],[-38.8612125,-11.4839839],[-38.8225604,-11.4135782],[-38.7817915,-11.3653915]]]}},{"type":"Feature","properties":{"level":"municipio","municipality_code":"2903706","municipality_name":"Boa Nova","uf":"BA","state_code":"29","area_km2":848.857},"geometry":{"type":"Polygon","coordinates":[[[-40.2741786,-14.4464253],[-40.2945856,-14.4394831],[-40.302797,-14.4243344],[-40.4106899,-14.3899326],[-40.5052221,-14.3376466],[-40.4885149,-14.3179066],[-40.4451109,-14.294312],[-40.4331918,-14.2983261],[-40.4124354,-14.2814255],[-40.3920323,-14.2847158],[-40.3879061,-14.2657417],[-40.3751327,-14.2741669],[-40.3840346,-14.2839119],[-40.3769267,-14.2899517],[-40.3802227,-14.2999565],[-40.3569926,-14.3104859],[-40.3702934,-14.2939312],[-40.3545429,-14.2902971],[-40.35259,-14.2740379],[-40.3286677,-14.2828433],[-40.2982362,-14.2761088],[-40.1958639,-14.2393757],[-40.1809099,-14.2239531],[-40.1699232,-14.2312833],[-40.1706471,-14.2486279],[-40.1628345,-14.2533034],[-40.1440721,-14.2456718],[-40.1301059,-14.2493217],[-40.1261242,-14.2357778],[-40.1136361,-14.227935],[-40.1065775,-14.2317357],[-40.0985697,-14.3028792],[-40.0693464,-14.3149886],[-40.0709616,-14.349012],[-40.0614866,-14.3598317],[-40.0675801,-14.3776201],[-40.0573091,-14.3884613],[-40.0484398,-14.382281],[-40.0357095,-14.3914344],[-40.0415567,-14.3925352],[-40.0449173,-14.4189219],[-40.0374567,-14.437926],[-40.0509924,-14.4409579],[-40.05952,-14.4862908],[-40.081495,-14.4869993],[-40.0936384,-14.5208036],[-40.1045861,-14.5206436],[-40.119474,-14.4895634],[-40.1829522,-14.4798996],[-40.192346,-14.4611016],[-40.2378487,-14.4419032],[-40.2741786,-14.4464253]]]}},{"type":"Feature","properties":{"level":"municipio","municipality_code":"2903805","municipality_name":"Boa Vista do Tupim","uf":"BA","state_code":"29","area_km2":2972.109},"geometry":{"type":"Polygon","coordinates":[[[-40.5753735,-12.4378057],[-40.5641538,-12.4662324],[-40.5463313,-12.4685566],[-40.5043214,-12.4951199],[-40.4934214,-12.5107199],[-40.4708493,-12.5089965],[-40.4592541,-12.558104],[-40.4668612,-12.57822],[-40.4561298,-12.5933058],[-40.4603534,-12.603359],[-40.4203606,-12.640086],[-40.4264877,-12.6669144],[-40.3587396,-12.7922176],[-40.3706984,-12.8002737],[-40.3896973,-12.8469218],[-40.3843614,-12.866165],[-40.4207893,-12.8867539],[-40.4254182,-12.9216024],[-40.4552179,-12.9449012],[-40.4636495,-12.9499692],[-40.4846315,-12.9419602],[-40.4961697,-12.9514635],[-40.5073303,-12.9458412],[-40.5093652,-12.9670925],[-40.522225,-12.9589109],[-40.5464642,-12.9913163],[-40.5752877,-13.0031749],[-40.6523514,-13.0001434],[-40.6876652,-13.0245251],[-40.7164393,-13.0177382],[-40.7524291,-13.0443024],[-40.7708656,-13.0369671],[-40.7862889,-13.04406],[-40.8365231,-13.015403],[-40.8550999,-13.0183837],[-40.8739612,-13.0041058],[-40.8890971,-13.0064703],[-40.9116015,-13.0258795],[-40.9191054,-13.0464354],[-40.9279252,-13.0449773],[-40.9302369,-13.0327433],[-40.9505185,-13.0350828],[-40.9603685,-13.0067336],[-40.9588992,-12.9770413],[-40.9702105,-12.9632902],[-40.9797357,-12.9768077],[-40.9943277,-12.9720679],[-40.9845433,-12.9563924],[-40.9872338,-12.9407688],[-40.9768079,-12.9303824],[-40.9820383,-12.9125592],[-40.9947797,-12.9203181],[-41.0102028,-12.9114655],[-41.0199753,-12.9153972],[-40.9603608,-12.7763105],[-40.9441804,-12.7714755],[-40.9465361,-12.7553427],[-40.9323355,-12.7535619],[-40.9209312,-12.7409984],[-40.9112801,-12.7456812],[-40.9064545,-12.7366582],[-40.889545,-12.7410888],[-40.878819,-12.7549116],[-40.8829212,-12.7626305],[-40.8514445,-12.7499242],[-40.8536574,-12.7377604],[-40.843735,-12.7183155],[-40.8220323,-12.7088197],[-40.8216478,-12.700278],[-40.8084531,-12.6989066],[-40.8089395,-12.6889217],[-40.7789315,-12.6863268],[-40.7705029,-12.6688221],[-40.7579031,-12.6650917],[-40.7579031,-12.6470744],[-40.7811988,-12.5902384],[-40.7639005,-12.575561],[-40.7645758,-12.5599025],[-40.784398,-12.547136],[-40.7755021,-12.523825],[-40.7936201,-12.4852762],[-40.7909398,-12.4726113],[-40.7744398,-12.47008],[-40.7811008,-12.4510414],[-40.7126047,-12.4447993],[-40.5975778,-12.4530672],[-40.5753735,-12.4378057]]]}},{"type":"Feature","properties":{"level":"municipio","municipality_code":"2903904","municipality_name":"Bom Jesus da Lapa","uf":"BA","state_code":"29","area_km2":4114.491},"geometry":{"type":"Polygon","coordinates":[[[-43.6105143,-13.1522179],[-43.5641831,-13.1460329],[-43.5453868,-13.1510194],[-43.5165432,-13.1285403],[-43.4908973,-13.1368109],[-43.4637802,-13.1323265],[-43.4539924,-13.1491447],[-43.45937,-13.0553821],[-43.4511226,-13.0359483],[-43.4061458,-12.9978952],[-43.4096856,-12.9807393],[-43.4001354,-12.9319927],[-43.4053821,-12.899513],[-43.394952,-12.8731496],[-43.3605077,-12.8680718],[-43.3481345,-12.8588395],[-43.3482955,-12.8247228],[-43.3373881,-12.7995957],[-43.2781422,-12.7413888],[-43.2618222,-12.7106094],[-43.2312926,-12.6917987],[-43.2023004,-12.6891727],[-43.2163485,-12.7186358],[-43.2289657,-12.7257293],[-43.2294242,-12.7391372],[-43.2224779,-12.7274828],[-43.2181732,-12.7345668],[-43.2555809,-12.7820719],[-43.2872361,-12.8425621],[-43.2624992,-12.8633657],[-43.2613379,-12.8749406],[-43.2499222,-12.8763678],[-43.250494,-12.8871669],[-43.2290741,-12.8959958],[-43.225301,-12.8880241],[-43.2180446,-12.8910074],[-43.2143027,-12.9077725],[-43.1906365,-12.923008],[-43.16869,-12.974121],[-43.1369926,-12.9886164],[-43.1166728,-13.0277255],[-43.0952827,-13.0269546],[-43.0740395,-13.0647549],[-43.0543235,-13.0696739],[-43.0489472,-13.0832192],[-43.0298665,-13.0931162],[-43.0095216,-13.0867899],[-42.9908118,-13.0985074],[-42.9705072,-13.0961766],[-42.9129644,-13.1586634],[-42.9093634,-13.1761509],[-42.9229556,-13.1834365],[-42.9149683,-13.2047482],[-42.9232267,-13.2464971],[-42.9149609,-13.2592461],[-42.912555,-13.2950886],[-42.9262424,-13.2985934],[-42.9475468,-13.2905224],[-42.9600615,-13.3340575],[-43.1165179,-13.3239092],[-43.1294308,-13.4275963],[-43.163065,-13.4415306],[-43.1876611,-13.5190127],[-43.2413235,-13.6103942],[-43.4394639,-13.8761722],[-43.459648,-13.8720129],[-43.4725803,-13.85214],[-43.4825058,-13.8504526],[-43.4801846,-13.8321001],[-43.5111546,-13.8153394],[-43.5167069,-13.7928774],[-43.5451933,-13.7939263],[-43.5376811,-13.7723739],[-43.5271323,-13.7695946],[-43.5156356,-13.7458683],[-43.4993336,-13.7333522],[-43.4824014,-13.6517222],[-43.4736917,-13.6427596],[-43.4761389,-13.6262342],[-43.4426181,-13.5593254],[-43.4413886,-13.545247],[-43.4502959,-13.5424378],[-43.4268614,-13.4326636],[-43.4623514,-13.357038],[-43.4667445,-13.3304342],[-43.4323531,-13.2586364],[-43.629148,-13.268224],[-43.7050122,-13.2895566],[-43.706068,-13.1878419],[-43.6962034,-13.1708258],[-43.6757613,-13.1692213],[-43.6359009,-13.1849244],[-43.6191403,-13.1756326],[-43.6105143,-13.1522179]]]}},{"type":"Feature","properties":{"level":"municipio","municipality_code":"2903953","municipality_name":"Bom Jesus da Serra","uf":"BA","state_code":"29","area_km2":467.909},"geometry":{"type":"Polygon","coordinates":[[[-40.4938851,-14.4487914],[-40.6601703,-14.4629303],[-40.6820114,-14.4427275],[-40.6866857,-14.4530601],[-40.703317,-14.4471424],[-40.7206123,-14.4287833],[-40.724039,-14.3962229],[-40.7436358,-14.3866055],[-40.7175272,-14.3829129],[-40.706328,-14.3610845],[-40.6960309,-14.3605471],[-40.7353147,-14.3378343],[-40.7317042,-14.3294362],[-40.7046171,-14.3284178],[-40.6996674,-14.2986258],[-40.6762317,-14.3107055],[-40.6766906,-14.33036],[-40.6350212,-14.2989976],[-40.5406695,-14.3172734],[-40.3986619,-14.3944357],[-40.3938245,-14.4048542],[-40.4009629,-14.4407889],[-40.4151112,-14.4576354],[-40.4264644,-14.4462579],[-40.4340429,-14.4599866],[-40.4388602,-14.4543757],[-40.4496324,-14.46406],[-40.4938851,-14.4487914]]]}},{"type":"Feature","properties":{"level":"municipio","municipality_code":"2904001","municipality_name":"Boninal","uf":"BA","state_code":"29","area_km2":896.857},"geometry":{"type":"Polygon","coordinates":[[[-41.6369319,-12.7824207],[-41.6209885,-12.8276805],[-41.6296851,-12.865727],[-41.6436232,-12.8818256],[-41.6403321,-12.8980696],[-41.6996644,-12.994865],[-41.7978248,-12.8085802],[-41.8129241,-12.8208599],[-41.8297904,-12.8142912],[-41.8574632,-12.8250977],[-41.894923,-12.8036607],[-41.9147702,-12.819007],[-41.978011,-12.8303785],[-41.9936837,-12.855707],[-42.0184548,-12.8561123],[-42.0129912,-12.83317],[-42.0333423,-12.7629609],[-42.0177698,-12.727828],[-42.0305813,-12.6845904],[-42.0279898,-12.657578],[-41.8974636,-12.684266],[-41.84578,-12.67639],[-41.6442034,-12.6804876],[-41.6056696,-12.7107272],[-41.6038219,-12.7223844],[-41.6157224,-12.7594498],[-41.6369319,-12.7824207]]]}},{"type":"Feature","properties":{"level":"municipio","municipality_code":"2904050","municipality_name":"Bonito","uf":"BA","state_code":"29","area_km2":791.276},"geometry":{"type":"Polygon","coordinates":[[[-41.1957074,-12.0117815],[-41.2158427,-12.0179815],[-41.2312963,-12.0401948],[-41.2294535,-12.0777341],[-41.217774,-12.0838237],[-41.2369736,-12.1140107],[-41.2247825,-12.1247987],[-41.2291481,-12.1373988],[-41.3554228,-12.1679437],[-41.3715996,-12.1187441],[-41.36823,-12.0829587],[-41.3971799,-12.0738651],[-41.4076367,-12.0489004],[-41.4021998,-12.0384483],[-41.4159438,-12.0213518],[-41.4166127,-11.9980168],[-41.4447086,-11.9861146],[-41.4556563,-11.969639],[-41.4475242,-11.9460501],[-41.4255465,-11.9341421],[-41.430593,-11.9253106],[-41.4210111,-11.9089614],[-41.4226243,-11.8716596],[-41.3989078,-11.8127686],[-41.3920732,-11.7706062],[-41.3664349,-11.7792739],[-41.3467786,-11.7767157],[-41.3261273,-11.7843105],[-41.3216707,-11.7980758],[-41.2493804,-11.813955],[-41.243907,-11.8392049],[-41.2563797,-11.9005572],[-41.2290635,-11.9078859],[-41.2135256,-11.9256129],[-41.2054051,-11.9506365],[-41.1960994,-11.9506287],[-41.1897353,-11.960823],[-41.1957074,-12.0117815]]]}},{"type":"Feature","properties":{"level":"municipio","municipality_code":"2904100","municipality_name":"Boquira","uf":"BA","state_code":"29","area_km2":1426.233},"geometry":{"type":"Polygon","coordinates":[[[-42.4996429,-12.8681413],[-42.6804915,-12.9002706],[-42.7204045,-12.885297],[-42.7823858,-12.9119673],[-42.8302937,-12.9503632],[-42.8431118,-12.9360349],[-42.8619904,-12.9438691],[-42.8824247,-12.9305488],[-42.933279,-12.9318348],[-42.8912978,-12.8892841],[-42.878582,-12.7246062],[-42.8886259,-12.5416454],[-42.8253979,-12.5697955],[-42.7717026,-12.5576511],[-42.6392536,-12.5008009],[-42.6385816,-12.5123742],[-42.6554874,-12.5187413],[-42.6550582,-12.5328031],[-42.6357474,-12.5786251],[-42.6379201,-12.5948947],[-42.6281905,-12.5943168],[-42.6232383,-12.6049584],[-42.6271752,-12.6277503],[-42.6096304,-12.6372215],[-42.605224,-12.6581936],[-42.5825901,-12.6631555],[-42.581093,-12.6911516],[-42.5488928,-12.6876384],[-42.5369981,-12.699359],[-42.5258907,-12.692483],[-42.5047508,-12.7375526],[-42.4948578,-12.7410768],[-42.5011279,-12.7496354],[-42.4956999,-12.7684124],[-42.5110801,-12.7753449],[-42.5298022,-12.8230297],[-42.4981499,-12.8542449],[-42.4996429,-12.8681413]]]}},{"type":"Feature","properties":{"level":"municipio","municipality_code":"2904209","municipality_name":"Botuporã","uf":"BA","state_code":"29","area_km2":627.612},"geometry":{"type":"Polygon","coordinates":[[[-42.5226626,-13.2205321],[-42.5022516,-13.1828406],[-42.4444847,-13.1845938],[-42.4436938,-13.232821],[-42.4197946,-13.2745564],[-42.4343412,-13.2862393],[-42.409144,-13.3474521],[-42.4058872,-13.4022053],[-42.4630284,-13.4395434],[-42.5487454,-13.4598717],[-42.5591353,-13.4350479],[-42.5791525,-13.4295237],[-42.5833943,-13.4401838],[-42.6258582,-13.4047712],[-42.6764748,-13.3776594],[-42.6531534,-13.3346008],[-42.6799898,-13.3255561],[-42.6823621,-13.2692083],[-42.6078458,-13.2466163],[-42.6101218,-13.2286184],[-42.5226626,-13.2205321]]]}},{"type":"Feature","properties":{"level":"municipio","municipality_code":"2904407","municipality_name":"Brejolândia","uf":"BA","state_code":"29","area_km2":2247.208},"geometry":{"type":"Polygon","coordinates":[[[-43.9451504,-12.7048309],[-43.9539297,-12.6728829],[-43.9749441,-12.6688212],[-44.0168861,-12.6951358],[-44.0679447,-12.6973658],[-44.083424,-12.6452672],[-44.0762229,-12.6291792],[-44.0731242,-12.5652316],[-44.0844679,-12.5504554],[-44.0735689,-12.5448411],[-44.090059,-12.5223729],[-44.1038071,-12.5198898],[-44.1008785,-12.5055535],[-44.1175257,-12.4889063],[-44.1109458,-12.4802208],[-44.0705565,-12.4712557],[-44.0233165,-12.4146148],[-44.0071235,-12.3511451],[-43.9869008,-12.3353097],[-43.98817,-12.297463],[-43.9559848,-12.266999],[-43.9582439,-12.2382686],[-43.9384787,-12.2317137],[-43.9130333,-12.2564001],[-43.8824397,-12.2470383],[-43.8643148,-12.2507261],[-43.8522558,-12.2423062],[-43.8207282,-12.2514208],[-43.8005161,-12.2459244],[-43.7817763,-12.2580365],[-43.7673064,-12.2807172],[-43.7366568,-12.2841677],[-43.7259287,-12.2984536],[-43.7307454,-12.3101668],[-43.7099399,-12.3225119],[-43.6853203,-12.318992],[-43.7074067,-12.3707773],[-43.7054059,-12.3843533],[-43.679363,-12.3894935],[-43.553545,-12.5065033],[-43.4435977,-12.5514355],[-43.5363697,-12.6368604],[-43.9451504,-12.7048309]]]}},{"type":"Feature","properties":{"level":"municipio","municipality_code":"2904308","municipality_name":"Brejões","uf":"BA","state_code":"29","area_km2":518.566},"geometry":{"type":"Polygon","coordinates":[[[-39.8379088160742,-13.189422009158832],[-39.8315169,-13.2055155],[-39.8486332,-13.2027188],[-39.8913165,-13.1658395],[-39.9210734,-13.1642977],[-39.9626843,-13.0955427],[-39.9566951,-13.060053],[-39.96811,-13.0389257],[-39.9533464,-12.995439],[-39.9026328,-12.9332589],[-39.8863164,-12.9430447],[-39.8768438,-12.9365485],[-39.8496214,-12.9640698],[-39.8061793,-12.9777293],[-39.7672469,-13.0477047],[-39.7102089,-13.0969844],[-39.6973353,-13.1242542],[-39.7108895,-13.1322627],[-39.7389811,-13.118636],[-39.7576894,-13.131083],[-39.7533128,-13.1373853],[-39.7605949,-13.145028],[-39.7437742,-13.1599453],[-39.7432193,-13.1918944],[-39.7661077,-13.1789071],[-39.8093534,-13.185993],[-39.8126761,-13.1940251],[-39.8280633,-13.1859613],[-39.8379088160742,-13.189422009158832]]]}},{"type":"Feature","properties":{"level":"municipio","municipality_code":"2904506","municipality_name":"Brotas de Macaúbas","uf":"BA","state_code":"29","area_km2":2520.817},"geometry":{"type":"Polygon","coordinates":[[[-42.3783689,-12.2343922],[-42.561356,-12.2583954],[-42.5772057,-12.2036249],[-42.5728482,-12.1726205],[-42.6137552,-12.1677173],[-42.6110328,-12.1483553],[-42.6218863,-12.1143689],[-42.6174362,-12.1032894],[-42.6265738,-12.0799181],[-42.6590316,-12.0711735],[-42.6699103,-12.0599338],[-42.6856838,-12.0832977],[-42.6860121,-12.1043416],[-42.697988,-12.1030636],[-42.7188741,-12.1171945],[-42.7197988,-12.1052077],[-42.739846,-12.0850113],[-42.7528436,-12.0871536],[-42.7532413,-12.0678795],[-42.7768634,-12.0329496],[-42.7710745,-12.0081773],[-42.7775701,-11.9975039],[-42.7572545,-11.9868791],[-42.75886,-11.9733764],[-42.7649853,-11.9600401],[-42.783443,-11.9708208],[-42.8131193,-11.942043],[-42.8611932,-11.7939595],[-42.836852,-11.7731914],[-42.8205572,-11.7761969],[-42.7835009,-11.7467014],[-42.7880902,-11.7393435],[-42.7599465,-11.7389435],[-42.7476294,-11.730771],[-42.772153,-11.8089517],[-42.7002955,-11.8760453],[-42.6686137,-11.8670169],[-42.461158,-11.9660468],[-42.2449628,-11.9483692],[-42.0877848,-12.1857234],[-42.0978971,-12.1971443],[-42.0883267,-12.2279778],[-42.0889131,-12.2914953],[-42.09856,-12.2915687],[-42.1130104,-12.3070278],[-42.1241208,-12.2776792],[-42.270249,-12.311076],[-42.2709944,-12.3379696],[-42.2589582,-12.3441611],[-42.2502868,-12.4032164],[-42.272583,-12.4122393],[-42.2956944,-12.4034737],[-42.3120017,-12.4084717],[-42.3256718,-12.4294451],[-42.320938,-12.4464736],[-42.3305966,-12.4645227],[-42.3298156,-12.4826237],[-42.3538253,-12.4563118],[-42.3624809,-12.4207795],[-42.352658,-12.4126064],[-42.3273458,-12.4135563],[-42.3214742,-12.3957308],[-42.3326568,-12.3844001],[-42.3717938,-12.2778341],[-42.3783689,-12.2343922]]]}},{"type":"Feature","properties":{"level":"municipio","municipality_code":"2904605","municipality_name":"Brumado","uf":"BA","state_code":"29","area_km2":2207.612},"geometry":{"type":"Polygon","coordinates":[[[-41.6765107,-14.4774107],[-41.6939234,-14.4754906],[-41.6967506,-14.4571408],[-41.7208637,-14.4463756],[-41.717818,-14.4249129],[-41.7636812,-14.2558389],[-41.8003446,-14.2609749],[-41.9242449,-14.2277628],[-41.9685095,-14.2339799],[-41.9796413,-14.2263334],[-41.9942865,-14.1672775],[-42.0159925,-14.1188625],[-42.0869901,-14.0568576],[-42.0731827,-14.0514909],[-42.0635441,-14.059728],[-42.0547502,-14.0522955],[-42.0421153,-14.0636316],[-42.0254919,-14.058275],[-42.0151961,-14.0703932],[-41.9969023,-14.0738174],[-41.9813899,-14.071052],[-41.9751976,-14.0566027],[-41.9021509,-14.0549503],[-41.8940957,-14.0312719],[-41.8805482,-14.0390763],[-41.8801817,-14.027436],[-41.8618734,-14.005132],[-41.8405876,-14.0042734],[-41.84571,-13.9855412],[-41.8359485,-13.9739344],[-41.807339,-13.9739879],[-41.8004516,-13.9781483],[-41.8060581,-13.9870391],[-41.7840505,-13.9933653],[-41.7701459,-13.9827974],[-41.7547918,-13.9906982],[-41.7176284,-13.9774452],[-41.6604395,-14.0010437],[-41.4938849,-13.9164932],[-41.5007251,-13.9258718],[-41.4887375,-13.9214222],[-41.4877696,-13.9307132],[-41.4795692,-13.9296919],[-41.483963,-13.9367284],[-41.4736548,-13.9394896],[-41.481983,-13.950342],[-41.4667988,-13.9613326],[-41.4755332,-13.9696224],[-41.4659317,-13.9712966],[-41.4635321,-14.0017287],[-41.4488832,-14.0042479],[-41.449993,-14.0139643],[-41.4391828,-14.0235318],[-41.4263878,-14.0228247],[-41.4094446,-14.0424217],[-41.4029591,-14.0382562],[-41.3901817,-14.0500497],[-41.3782543,-14.0440777],[-41.376082,-14.0515088],[-41.3599291,-14.0519644],[-41.3184009,-14.0853294],[-41.3711153,-14.1030106],[-41.4271624,-14.1094749],[-41.470423,-14.1481712],[-41.4808279,-14.1422286],[-41.4919098,-14.1473186],[-41.4882924,-14.1610748],[-41.4980616,-14.1596596],[-41.4964906,-14.1762506],[-41.512744,-14.1712425],[-41.5308342,-14.1980902],[-41.5321494,-14.2200065],[-41.5412116,-14.2275783],[-41.5373029,-14.2379864],[-41.5490306,-14.2500021],[-41.5628975,-14.2459635],[-41.5671184,-14.2523745],[-41.5507795,-14.2669779],[-41.5713167,-14.3083079],[-41.5560846,-14.3204538],[-41.5662317,-14.334801],[-41.5609635,-14.3595952],[-41.5690377,-14.3866287],[-41.550742,-14.4280761],[-41.5625927,-14.4588103],[-41.557813,-14.4841595],[-41.5366487,-14.4882662],[-41.5318318,-14.498456],[-41.6376248,-14.5091999],[-41.6765107,-14.4774107]]]}},{"type":"Feature","properties":{"level":"municipio","municipality_code":"2904704","municipality_name":"Buerarema","uf":"BA","state_code":"29","area_km2":219.487},"geometry":{"type":"Polygon","coordinates":[[[-39.2205877,-14.9467919],[-39.2012985,-15.0060579],[-39.1704245,-15.0231279],[-39.1597108,-15.0447984],[-39.1630152,-15.0526526],[-39.1880476,-15.0545444],[-39.2050628,-15.0467624],[-39.2201451,-15.0554988],[-39.2360581,-15.0484122],[-39.2727817,-15.0839578],[-39.2936016,-15.0723165],[-39.279035,-15.0561425],[-39.3078112,-15.0210408],[-39.3203543,-15.0247561],[-39.3282569,-15.0149228],[-39.3408965,-15.0264885],[-39.3660959,-15.0324964],[-39.3532162,-14.9915195],[-39.3654311,-14.9808174],[-39.3639857,-14.9670658],[-39.3490998,-14.965191],[-39.3427055,-14.9474335],[-39.3288411,-14.9321878],[-39.3149338,-14.9299278],[-39.3065737,-14.91576],[-39.3009178,-14.9309213],[-39.2529198,-14.9315607],[-39.240824,-14.9381503],[-39.2300716,-14.9345964],[-39.221427,-14.9124096],[-39.211234,-14.90882],[-39.2205877,-14.9467919]]]}},{"type":"Feature","properties":{"level":"municipio","municipality_code":"2904753","municipality_name":"Buritirama","uf":"BA","state_code":"29","area_km2":4046.736},"geometry":{"type":"Polygon","coordinates":[[[-43.3788794,-10.7288417],[-43.3950815,-10.801006],[-43.3885525,-10.8132258],[-43.3881699,-10.858459],[-43.5494294,-10.8699773],[-43.7593245,-10.9092028],[-43.8014402,-10.8991447],[-43.8423769,-10.8497853],[-43.9007109,-10.8570668],[-43.9201433,-10.8271768],[-43.9209548,-10.8128738],[-43.9068547,-10.7986722],[-43.9204476,-10.780413],[-43.9201433,-10.7653999],[-43.9456047,-10.7087964],[-43.9917599,-10.6666988],[-43.9989621,-10.6386],[-44.0581984,-10.6218201],[-44.0826628,-10.5945329],[-44.0721137,-10.5799277],[-44.0510104,-10.5062386],[-44.0258437,-10.4754707],[-44.0357645,-10.4447135],[-44.0277653,-10.412474],[-44.0077056,-10.405343],[-43.9769335,-10.4313765],[-43.9367348,-10.4361303],[-43.9162293,-10.4267187],[-43.9158894,-10.3930848],[-43.7707923,-10.3930881],[-43.7219956,-10.3546929],[-43.6630017,-10.3759035],[-43.6542701,-10.3459962],[-43.6646802,-10.3239862],[-43.6521286,-10.3060213],[-43.6324385,-10.3032849],[-43.6230539,-10.2830635],[-43.6062073,-10.2776383],[-43.5854828,-10.2484449],[-43.5050099,-10.248809],[-43.4703887,-10.2344133],[-43.384716,-10.239956],[-43.3770482,-10.2466467],[-43.37243,-10.2805598],[-43.3744289,-10.3094411],[-43.3888558,-10.3399698],[-43.3819077,-10.3756475],[-43.3869258,-10.3876136],[-43.3779374,-10.4029986],[-43.3847752,-10.4267102],[-43.3765037,-10.4475543],[-43.3738568,-10.5110793],[-43.3810254,-10.5469776],[-43.38086,-10.5844199],[-43.3732502,-10.5912576],[-43.3712651,-10.6127084],[-43.3823489,-10.6503712],[-43.3761728,-10.6701125],[-43.3788794,-10.7288417]]]}},{"type":"Feature","properties":{"level":"municipio","municipality_code":"2904803","municipality_name":"Caatiba","uf":"BA","state_code":"29","area_km2":512.436},"geometry":{"type":"Polygon","coordinates":[[[-40.4169331,-15.0802005],[-40.4240423,-15.0381669],[-40.4462189,-15.0426879],[-40.4658256,-15.0313617],[-40.5161285,-15.0564102],[-40.5246348,-15.0360649],[-40.5508936,-15.0371088],[-40.5013199,-14.9777329],[-40.4339563,-14.9195048],[-40.4088721,-14.8528158],[-40.3894598,-14.8585866],[-40.3831646,-14.8727923],[-40.3729708,-14.8749626],[-40.3683157,-14.9160168],[-40.3323906,-14.9093711],[-40.3276261,-14.8874529],[-40.3114694,-14.8859321],[-40.3007462,-14.9302392],[-40.2937398,-14.9332669],[-40.2998356,-14.960249],[-40.1375131,-15.0119447],[-40.1459643,-15.0281707],[-40.1562344,-15.0088253],[-40.1913267,-15.0047088],[-40.1937123,-15.0201722],[-40.2193474,-15.022649],[-40.2274886,-15.0330661],[-40.2453697,-15.021968],[-40.2504628,-15.0263192],[-40.2361613,-15.0482597],[-40.2535016,-15.0512341],[-40.2555539,-15.0676821],[-40.3016092,-15.0884852],[-40.3310966,-15.082417],[-40.3453122,-15.1072727],[-40.3747661,-15.092235],[-40.4045585,-15.0940948],[-40.4169331,-15.0802005]]]}},{"type":"Feature","properties":{"level":"municipio","municipality_code":"2904852","municipality_name":"Cabaceiras do Paraguaçu","uf":"BA","state_code":"29","area_km2":222.027},"geometry":{"type":"Polygon","coordinates":[[[-39.1455831,-12.5650656],[-39.1780175,-12.5846977],[-39.1772181,-12.6297706],[-39.2151613,-12.6535085],[-39.2358423,-12.6584945],[-39.3184911,-12.5470616],[-39.277357,-12.5373961],[-39.2618455,-12.5487199],[-39.2265132,-12.5464623],[-39.2039005,-12.5120564],[-39.1068025,-12.4935876],[-39.0734891,-12.5024376],[-39.0579272,-12.5404505],[-39.1455831,-12.5650656]]]}},{"type":"Feature","properties":{"level":"municipio","municipality_code":"2904902","municipality_name":"Cachoeira","uf":"BA","state_code":"29","area_km2":394.894},"geometry":{"type":"Polygon","coordinates":[[[-38.9266287,-12.7283128],[-38.9418714,-12.6601542],[-38.9528623,-12.6469837],[-38.9625029,-12.6094946],[-39.004028,-12.5844021],[-39.0089558,-12.5738496],[-39.005092,-12.563633],[-38.9791232,-12.564889],[-38.9828892,-12.5516893],[-38.9617629,-12.5407502],[-38.8903011,-12.5153818],[-38.8507448,-12.5633534],[-38.8450554,-12.5499792],[-38.8437937,-12.5634167],[-38.8336896,-12.5600227],[-38.8312727,-12.5681245],[-38.8220367,-12.5677749],[-38.8257713,-12.5787451],[-38.8117035,-12.5850924],[-38.8201229,-12.5939904],[-38.8081834,-12.5852554],[-38.8069537,-12.6109843],[-38.8014378,-12.6249155],[-38.7936334,-12.6245894],[-38.795858,-12.6491156],[-38.8183895,-12.6695059],[-38.8109971,-12.6927898],[-38.8299992,-12.7035411],[-38.8204737,-12.7189919],[-38.836432,-12.726639],[-38.8325638,-12.7520759],[-38.8175186,-12.7756545],[-38.8300514,-12.7951519],[-38.8312393,-12.8212449],[-38.845774,-12.8390854],[-38.862836,-12.8232618],[-38.8598093,-12.7958513],[-38.8846619,-12.7546409],[-38.9022083,-12.7376088],[-38.9266287,-12.7283128]]]}},{"type":"Feature","properties":{"level":"municipio","municipality_code":"2905008","municipality_name":"Caculé","uf":"BA","state_code":"29","area_km2":610.983},"geometry":{"type":"Polygon","coordinates":[[[-42.1733694,-14.4081071],[-42.1504524,-14.4889732],[-42.1782617,-14.5144876],[-42.1541812,-14.5282338],[-42.1569064,-14.5970416],[-42.1948562,-14.6074574],[-42.2166328,-14.5981642],[-42.2391225,-14.6118051],[-42.2477509,-14.6090353],[-42.2693447,-14.6312516],[-42.2860527,-14.625319],[-42.311297,-14.6311329],[-42.3353973,-14.6222684],[-42.3321035,-14.5929588],[-42.3565527,-14.5744742],[-42.3527313,-14.5640427],[-42.3427792,-14.5640427],[-42.3427494,-14.5535433],[-42.3239892,-14.5489395],[-42.3475522,-14.5166583],[-42.3418415,-14.5025719],[-42.3569665,-14.4801864],[-42.351877,-14.4688946],[-42.3752622,-14.4561872],[-42.3897793,-14.4289638],[-42.4482945,-14.4171741],[-42.463149,-14.4215006],[-42.4663676,-14.405744],[-42.5025676,-14.3995503],[-42.5164704,-14.4118517],[-42.5242667,-14.408983],[-42.5136558,-14.3816758],[-42.4923431,-14.3766408],[-42.4611358,-14.3517326],[-42.4631625,-14.364548],[-42.427692,-14.3561146],[-42.417759,-14.3712352],[-42.3969543,-14.3734501],[-42.3746757,-14.3917572],[-42.3560092,-14.3771769],[-42.3300224,-14.3818617],[-42.3224319,-14.3923313],[-42.2972374,-14.3765124],[-42.2705081,-14.3829421],[-42.2309335,-14.3776312],[-42.1733694,-14.4081071]]]}},{"type":"Feature","properties":{"level":"municipio","municipality_code":"2905156","municipality_name":"Caetanos","uf":"BA","state_code":"29","area_km2":767.146},"geometry":{"type":"Polygon","coordinates":[[[-40.6960309,-14.3605471],[-41.0936711,-14.4416217],[-41.0679217,-14.39679],[-41.0745105,-14.3820193],[-41.1089055,-14.36513],[-41.0909373,-14.3434205],[-41.1033829,-14.3289556],[-41.0890071,-14.3092218],[-41.0920808,-14.2872445],[-41.0457311,-14.2473364],[-41.0255691,-14.2470933],[-41.027135,-14.2373854],[-41.047195,-14.228384],[-41.0328156,-14.2191626],[-41.0130514,-14.2210118],[-41.0072127,-14.2106653],[-41.0189659,-14.1885372],[-41.0143842,-14.179465],[-41.00151,-14.1775638],[-41.0043382,-14.1644808],[-40.8719195,-14.21557],[-40.8269766,-14.2421715],[-40.8225386,-14.2525458],[-40.6996674,-14.2986258],[-40.7046171,-14.3284178],[-40.7317042,-14.3294362],[-40.7353147,-14.3378343],[-40.6960309,-14.3605471]]]}},{"type":"Feature","properties":{"level":"municipio","municipality_code":"2905206","municipality_name":"Caetité","uf":"BA","state_code":"29","area_km2":2651.536},"geometry":{"type":"Polygon","coordinates":[[[-42.3763148,-13.990011],[-42.352408,-14.0954145],[-42.3471635,-14.1954609],[-42.4313418,-14.3045107],[-42.4436313,-14.3112065],[-42.4333117,-14.3275831],[-42.4923431,-14.3766408],[-42.5136558,-14.3816758],[-42.5242476,-14.4097429],[-42.5337932,-14.3984591],[-42.5344713,-14.3704624],[-42.5412048,-14.3717451],[-42.5668717,-14.3369302],[-42.6196123,-14.2964876],[-42.6099076,-14.2955771],[-42.6035062,-14.2745203],[-42.5920313,-14.2721305],[-42.5982566,-14.2489568],[-42.5868608,-14.2389099],[-42.5815918,-14.2168004],[-42.5809353,-14.1993114],[-42.5980008,-14.1760434],[-42.5997001,-14.1417838],[-42.6294322,-14.1398575],[-42.6762949,-14.1168612],[-42.6888015,-14.1075486],[-42.697122,-14.0775189],[-42.7102237,-14.1009201],[-42.7203022,-14.1037436],[-42.772296,-14.0830709],[-42.7997884,-14.0374573],[-42.5565449,-13.9460571],[-42.5112111,-13.9205971],[-42.523651,-13.8984636],[-42.55294,-13.8840072],[-42.5675006,-13.8445357],[-42.5874773,-13.8347117],[-42.6068895,-13.7613127],[-42.6458814,-13.7435618],[-42.6641293,-13.7009405],[-42.6889991,-13.6806348],[-42.7085134,-13.6228374],[-42.7244045,-13.603436],[-42.7161268,-13.5762236],[-42.7196945,-13.5627376],[-42.700433,-13.5650522],[-42.690451,-13.6016233],[-42.6693357,-13.627822],[-42.6383845,-13.6248652],[-42.6337588,-13.6115307],[-42.6073492,-13.6026997],[-42.5923062,-13.6114196],[-42.5771529,-13.5952829],[-42.5584944,-13.6533144],[-42.5480135,-13.6478368],[-42.5353571,-13.6550378],[-42.5403214,-13.674186],[-42.4786216,-13.6785503],[-42.4584534,-13.665415],[-42.4140662,-13.6682414],[-42.3830162,-13.6992538],[-42.3466829,-13.6945437],[-42.3577122,-13.6718583],[-42.3488734,-13.6634529],[-42.3542281,-13.6568119],[-42.3597224,-13.6298018],[-42.3584141,-13.6262912],[-42.3353048,-13.6238952],[-42.3357147,-13.6097102],[-42.3146512,-13.6158474],[-42.3091595,-13.6018585],[-42.2798462,-13.6101266],[-42.2756973,-13.6243304],[-42.2661895,-13.6254162],[-42.2712504,-13.6099972],[-42.2611517,-13.6105502],[-42.2599271,-13.6001207],[-42.2428065,-13.6260377],[-42.2433097,-13.639981],[-42.2331113,-13.6307625],[-42.2161328,-13.658277],[-42.2073277,-13.6550328],[-42.1880403,-13.6697926],[-42.1792138,-13.6598297],[-42.145421,-13.6711956],[-42.1480546,-13.6793794],[-42.1268988,-13.7007624],[-42.170793,-13.6932521],[-42.2212559,-13.7000053],[-42.3388258,-13.7690673],[-42.2855181,-13.7855455],[-42.2716925,-13.8052755],[-42.2467139,-13.8038357],[-42.2369031,-13.830766],[-42.2104988,-13.8526021],[-42.1896772,-13.8542634],[-42.1743725,-13.8452291],[-42.1519367,-13.8607006],[-42.182235,-13.8686117],[-42.2222289,-13.9091956],[-42.2717723,-13.8883074],[-42.2780442,-13.8958063],[-42.3592526,-13.9102522],[-42.348551,-13.930064],[-42.3666512,-13.9444128],[-42.3607838,-13.9782889],[-42.3763148,-13.990011]]]}},{"type":"Feature","properties":{"level":"municipio","municipality_code":"2905305","municipality_name":"Cafarnaum","uf":"BA","state_code":"29","area_km2":643.66},"geometry":{"type":"Polygon","coordinates":[[[-41.5882349,-11.8567275],[-41.622341,-11.8324082],[-41.5891215,-11.6691714],[-41.592585,-11.6084818],[-41.587225,-11.5994695],[-41.5744997,-11.6047902],[-41.5794657,-11.5918888],[-41.5730223,-11.593775],[-41.5621978,-11.5801303],[-41.5577149,-11.5587508],[-41.4351713,-11.6355321],[-41.3642744,-11.7012918],[-41.3816069,-11.7543098],[-41.3932067,-11.7652553],[-41.3989078,-11.8127686],[-41.4206673,-11.8682716],[-41.5882349,-11.8567275]]]}},{"type":"Feature","properties":{"level":"municipio","municipality_code":"2905404","municipality_name":"Cairu","uf":"BA","state_code":"29","area_km2":448.846},"geometry":{"type":"MultiPolygon","coordinates":[[[[-38.9640981,-13.6753623],[-38.9641828,-13.677399],[-38.9653519,-13.6757321],[-38.9640981,-13.6753623]]],[[[-38.9417993,-13.3970651],[-38.9159463,-13.3739071],[-38.909348,-13.3791297],[-38.9056233,-13.4272646],[-38.8912025,-13.4550306],[-38.9036225,-13.4727157],[-38.9161799,-13.4766045],[-38.9116083,-13.4980361],[-38.9252376,-13.5119782],[-38.9329436,-13.5459675],[-38.9301826,-13.5737374],[-38.9151485,-13.5785289],[-38.9145483,-13.589699],[-38.9017508,-13.5997897],[-38.9066908,-13.6196715],[-38.8911288,-13.6405308],[-38.8978634,-13.6651914],[-38.9147385,-13.6758008],[-38.9287308,-13.6575309],[-38.9685363,-13.6721137],[-38.9700017,-13.6415556],[-38.9840108,-13.6283198],[-38.9785975,-13.6150841],[-39.000014,-13.5912068],[-39.0024245,-13.5781539],[-39.019876,-13.5754848],[-39.0283088,-13.5858021],[-39.0441655,-13.5775787],[-39.0576238,-13.5812717],[-39.0637652,-13.5678586],[-39.0883801,-13.5573683],[-39.0932125,-13.5367814],[-39.071334,-13.4932845],[-39.0703839,-13.4539422],[-39.037864,-13.3839037],[-38.9891428,-13.3720937],[-38.9417993,-13.3970651]]],[[[-38.946532,-13.3867135],[-38.9463822,-13.3849855],[-38.9455457,-13.3848903],[-38.946532,-13.3867135]]],[[[-38.9045112,-13.3793391],[-38.9034099,-13.3805774],[-38.9038113,-13.3807783],[-38.9045112,-13.3793391]]]]}},{"type":"Feature","properties":{"level":"municipio","municipality_code":"2905503","municipality_name":"Caldeirão Grande","uf":"BA","state_code":"29","area_km2":458.312},"geometry":{"type":"Polygon","coordinates":[[[-40.0898926,-11.0795923],[-40.0938197,-11.0860194],[-40.0593548,-11.0955397],[-39.9902403,-11.1625552],[-40.1786638,-11.1060073],[-40.2196534,-11.1061208],[-40.2364889,-11.0945702],[-40.2745079,-11.0944724],[-40.3894626,-11.0617265],[-40.3650544,-11.0172355],[-40.348367,-10.9648361],[-40.3279957,-10.9672791],[-40.2476879,-10.9105682],[-40.2315925,-10.9254478],[-40.2111193,-10.9658124],[-40.1858943,-10.9765181],[-40.1491415,-11.0106061],[-40.1420751,-11.0086752],[-40.0898926,-11.0795923]]]}},{"type":"Feature","properties":{"level":"municipio","municipality_code":"2905602","municipality_name":"Camacan","uf":"BA","state_code":"29","area_km2":584.848},"geometry":{"type":"Polygon","coordinates":[[[-39.4999678,-15.2906522],[-39.4814764,-15.3476159],[-39.4598935,-15.3646742],[-39.4652451,-15.4035716],[-39.454528,-15.409538],[-39.4422562,-15.3994109],[-39.4407125,-15.3872117],[-39.4245669,-15.3897682],[-39.4280646,-15.4036471],[-39.4169861,-15.4130884],[-39.41724,-15.4228037],[-39.3984896,-15.4178323],[-39.3799765,-15.4257207],[-39.36434,-15.4721819],[-39.377657,-15.4561811],[-39.3855765,-15.4716614],[-39.4041482,-15.4728478],[-39.4181479,-15.4636811],[-39.4342629,-15.4860074],[-39.4330516,-15.5147544],[-39.4402408,-15.5245339],[-39.4273245,-15.5277886],[-39.430095,-15.5390885],[-39.406879,-15.5519647],[-39.4091501,-15.565687],[-39.4290184,-15.5662278],[-39.4436774,-15.5812856],[-39.4649122,-15.579515],[-39.4762708,-15.5694214],[-39.4756368,-15.5508264],[-39.4999687,-15.5667462],[-39.5095882,-15.5986533],[-39.5226369,-15.6140936],[-39.5416928,-15.6125814],[-39.5803718,-15.5928885],[-39.5919991,-15.6005401],[-39.6185917,-15.5530158],[-39.6130106,-15.5468378],[-39.5707496,-15.5440213],[-39.5628118,-15.5299133],[-39.5478211,-15.5255338],[-39.5497879,-15.5168266],[-39.5717715,-15.5189405],[-39.5797097,-15.5007829],[-39.5998982,-15.4997337],[-39.6143885,-15.4744856],[-39.5767692,-15.4261811],[-39.5786826,-15.4078478],[-39.5851519,-15.3887367],[-39.601538,-15.3810728],[-39.5993753,-15.3566348],[-39.6121527,-15.3586315],[-39.6248993,-15.3501912],[-39.630598,-15.3016366],[-39.6433001,-15.2787622],[-39.6262731,-15.2686281],[-39.6114725,-15.2758653],[-39.5935591,-15.2731362],[-39.5736163,-15.2918263],[-39.5785768,-15.3036721],[-39.5688151,-15.3115724],[-39.5618998,-15.2913732],[-39.5438591,-15.3035043],[-39.5399018,-15.2953501],[-39.522198,-15.3005363],[-39.4999678,-15.2906522]]]}},{"type":"Feature","properties":{"level":"municipio","municipality_code":"2905800","municipality_name":"Camamu","uf":"BA","state_code":"29","area_km2":839.702},"geometry":{"type":"MultiPolygon","coordinates":[[[[-38.9862142,-13.9728906],[-39.0061776,-14.0256067],[-38.9834463,-14.0458654],[-38.9824709,-14.0739446],[-39.0208177,-14.0998087],[-39.0965422,-14.1109221],[-39.1434928,-14.0915807],[-39.1654777,-14.1021908],[-39.2185741,-14.1098938],[-39.2396182,-14.1223875],[-39.2503794,-14.117222],[-39.2618567,-14.1303521],[-39.2734766,-14.1299214],[-39.2750096,-14.1377677],[-39.3258277,-14.1453937],[-39.3313131,-14.1551379],[-39.3503702,-14.1426119],[-39.3431652,-14.1227702],[-39.3495129,-14.1150892],[-39.3419569,-14.1040338],[-39.3365054,-14.1068408],[-39.3303481,-14.0892404],[-39.3412332,-14.0795848],[-39.3587173,-14.0333488],[-39.3382819,-13.9733023],[-39.3301705,-13.9676077],[-39.3288949,-13.9421673],[-39.3018944,-13.9492453],[-39.2967694,-13.9334743],[-39.2854334,-13.9330665],[-39.2832586,-13.9486007],[-39.2706427,-13.9382548],[-39.2279916,-13.9365266],[-39.202214,-13.9118384],[-39.1792463,-13.9184164],[-39.1669466,-13.8935505],[-39.1302715,-13.8919669],[-39.1274698,-13.885325],[-39.0841101,-13.8924029],[-39.0700974,-13.9150109],[-39.0430538,-13.9177631],[-39.0171573,-13.9050883],[-39.0022938,-13.8782354],[-38.967848,-13.8487542],[-38.9517346,-13.8723771],[-38.9667739,-13.8875049],[-38.9883456,-13.8944558],[-39.000462,-13.9268458],[-38.9862142,-13.9728906]]],[[[-38.9433313,-13.8357518],[-38.9380411,-13.8359256],[-38.9381329,-13.8388911],[-38.9433313,-13.8357518]]]]}},{"type":"Feature","properties":{"level":"municipio","municipality_code":"2905701","municipality_name":"Camaçari","uf":"BA","state_code":"29","area_km2":785.421},"geometry":{"type":"Polygon","coordinates":[[[-38.3277819,-12.7955615],[-38.354409,-12.717082],[-38.3683993,-12.7074162],[-38.3757556,-12.6771056],[-38.3499096,-12.6387238],[-38.3395814,-12.6445584],[-38.3373656,-12.6298424],[-38.3080444,-12.6187051],[-38.3101902,-12.6245961],[-38.2991136,-12.6240542],[-38.2870113,-12.6350608],[-38.2591386,-12.6330395],[-38.2262038,-12.6401295],[-38.2251426,-12.6466098],[-38.2033599,-12.6250966],[-38.1821297,-12.6170365],[-38.1766296,-12.5972564],[-38.1534294,-12.5975164],[-38.1428893,-12.6064565],[-38.1318564,-12.6024921],[-38.138156,-12.5768531],[-38.1613544,-12.567317],[-38.1587397,-12.5549478],[-38.1673149,-12.542161],[-38.1830947,-12.543055],[-38.1950561,-12.5647321],[-38.2150318,-12.5667686],[-38.2244728,-12.5203374],[-38.2391263,-12.5156084],[-38.2478377,-12.4976996],[-38.2430879,-12.469918],[-38.2248207,-12.4767031],[-38.2125871,-12.4592242],[-38.1940315,-12.4530614],[-38.1726562,-12.4627625],[-38.181908,-12.4792331],[-38.1772128,-12.4881028],[-38.1621291,-12.4890546],[-38.1557178,-12.5030262],[-38.1408924,-12.4976565],[-38.1113677,-12.5112451],[-38.0966379,-12.5015916],[-38.099377,-12.479671],[-38.067119,-12.4679605],[-38.0650007,-12.4964563],[-38.0731755,-12.5022711],[-38.0631956,-12.5296459],[-38.069357,-12.5361619],[-38.0539089,-12.5629447],[-38.0435787,-12.5625338],[-38.0470172,-12.5842752],[-38.0302228,-12.5971982],[-38.0453229,-12.6322244],[-38.1241155,-12.7078722],[-38.2690102,-12.8761757],[-38.281659,-12.8802862],[-38.2752203,-12.8749804],[-38.2909601,-12.870292],[-38.2891395,-12.8557274],[-38.3057823,-12.8573549],[-38.3123889,-12.8401164],[-38.3269021,-12.8356312],[-38.3262017,-12.8190518],[-38.3334206,-12.8174176],[-38.3277819,-12.7955615]]]}},{"type":"Feature","properties":{"level":"municipio","municipality_code":"2905909","municipality_name":"Campo Alegre de Lourdes","uf":"BA","state_code":"29","area_km2":2914.575},"geometry":{"type":"Polygon","coordinates":[[[-42.7075406,-9.6146003],[-42.7160683,-9.6167852],[-42.7169044,-9.6515869],[-42.7362208,-9.6777441],[-42.7290763,-9.6848586],[-42.7536515,-9.7021679],[-42.7618234,-9.7213857],[-42.8375485,-9.746189],[-42.9167996,-9.8269017],[-43.0580856,-9.7667616],[-43.1833993,-9.7244983],[-43.3772367,-9.7322177],[-43.4077281,-9.6245829],[-43.4705888,-9.5298152],[-43.4900416,-9.4839681],[-43.4928193,-9.4572477],[-43.5113087,-9.4290803],[-43.5452119,-9.4097109],[-43.6060153,-9.3515715],[-43.5790266,-9.3203902],[-43.5311311,-9.3041918],[-43.4854582,-9.2652861],[-43.4437214,-9.2641326],[-43.4227494,-9.2776111],[-43.3613216,-9.3644119],[-43.3296134,-9.3718167],[-43.3150031,-9.3893805],[-43.2965432,-9.3970757],[-43.2815273,-9.4235616],[-43.2666693,-9.4119059],[-43.2423447,-9.4118835],[-43.2142901,-9.3996483],[-43.191699,-9.4204313],[-43.1739285,-9.4112239],[-43.1586264,-9.3770365],[-43.1331641,-9.3872827],[-43.1196192,-9.371898],[-43.0798322,-9.399109],[-43.0607284,-9.395448],[-43.0569432,-9.4191354],[-42.9868297,-9.4016072],[-42.9702569,-9.4095198],[-42.9571153,-9.4324125],[-42.9621411,-9.4698176],[-42.9462488,-9.5184131],[-42.9284431,-9.5272467],[-42.9040163,-9.5267542],[-42.8733013,-9.563868],[-42.8371387,-9.5503719],[-42.8281932,-9.5605212],[-42.8188968,-9.6208944],[-42.7651682,-9.61675],[-42.7577491,-9.5892803],[-42.7168953,-9.5562787],[-42.7220308,-9.537184],[-42.7161036,-9.5300144],[-42.6886782,-9.5494963],[-42.6884263,-9.563346],[-42.710175,-9.5857687],[-42.7075406,-9.6146003]]]}},{"type":"Feature","properties":{"level":"municipio","municipality_code":"2906006","municipality_name":"Campo Formoso","uf":"BA","state_code":"29","area_km2":7161.827},"geometry":{"type":"Polygon","coordinates":[[[-40.2343997,-10.462794],[-40.2756644,-10.5049025],[-40.2850654,-10.5248126],[-40.367254,-10.5416901],[-40.374431,-10.5488255],[-40.3849438,-10.5453489],[-40.4583924,-10.5784576],[-40.5464019,-10.6623201],[-40.59566,-10.6835064],[-40.7470892,-10.6336453],[-40.7642922,-10.5916607],[-40.7920519,-10.5983007],[-40.7995733,-10.6079895],[-40.8165909,-10.592499],[-40.8716621,-10.5958716],[-40.8786645,-10.590636],[-40.9125846,-10.6077876],[-40.9346893,-10.6052847],[-40.9158228,-10.5633295],[-40.9221057,-10.5584941],[-40.9131281,-10.5570363],[-40.9130625,-10.5499795],[-40.9044571,-10.5522362],[-40.9039162,-10.5444934],[-40.8952128,-10.5510479],[-40.8959024,-10.5401438],[-40.8818316,-10.5338747],[-40.8872218,-10.5204295],[-40.8778557,-10.5226501],[-40.8724324,-10.5005447],[-40.8836999,-10.4944351],[-40.900452,-10.5175129],[-40.9418411,-10.5093002],[-40.9460479,-10.4863215],[-40.9663063,-10.4762862],[-40.9671637,-10.4514389],[-41.0020896,-10.4512859],[-41.0146279,-10.4328396],[-41.0259762,-10.4339248],[-41.0383262,-10.4513999],[-41.1003156,-10.4599821],[-41.1066617,-10.466665],[-41.1752073,-10.4302321],[-41.2120944,-10.4568435],[-41.2248807,-10.4538949],[-41.2557516,-10.4145445],[-41.2504417,-10.3921139],[-41.2577567,-10.3835851],[-41.2599561,-10.3516844],[-41.2778613,-10.3471839],[-41.2427358,-10.3232566],[-41.2385847,-10.3000561],[-41.2130893,-10.2918735],[-41.2056389,-10.2746469],[-41.1749282,-10.2592766],[-41.1440005,-10.2230027],[-41.1714288,-10.1962837],[-41.161973,-10.1843495],[-41.1667953,-10.1748846],[-41.1576295,-10.1566523],[-41.1669481,-10.1299703],[-41.1599878,-10.1097537],[-41.1795216,-10.1035005],[-41.1973999,-10.0631569],[-41.169002,-10.0317541],[-41.1694043,-10.0140343],[-41.2531507,-9.9794132],[-41.2482664,-9.9516055],[-41.2537636,-9.9444065],[-41.2366151,-9.9435138],[-41.2365248,-9.9262583],[-41.2257424,-9.9301644],[-41.2202879,-9.922098],[-41.2140185,-9.955664],[-41.1821686,-9.955664],[-41.1351567,-9.9219189],[-41.1308114,-9.9294537],[-41.1226277,-9.9262986],[-41.1126896,-9.9062498],[-41.1035208,-9.9180296],[-41.1055208,-9.9434846],[-41.0835397,-9.9458587],[-41.0577703,-9.9158159],[-41.0381039,-9.9268783],[-40.9967917,-9.8861182],[-40.9887682,-9.8977537],[-40.9445662,-9.881278],[-40.9431158,-9.9146652],[-40.9244204,-9.8967853],[-40.8938324,-9.9148216],[-40.8822796,-9.8958405],[-40.8536799,-9.8821129],[-40.839902,-9.8613708],[-40.831628,-9.8644707],[-40.8236902,-9.836335],[-40.816578,-9.8716844],[-40.6433264,-9.8868044],[-40.5027422,-9.9711545],[-40.4121828,-9.9735127],[-40.3835096,-9.944302],[-40.3442347,-9.9295035],[-40.3163848,-9.9078998],[-40.3138767,-9.9296704],[-40.3290383,-9.9590982],[-40.3189304,-9.9809999],[-40.3284504,-10.0136202],[-40.3466243,-10.0383929],[-40.3887834,-10.0621503],[-40.3942376,-10.0856873],[-40.4129483,-10.0967928],[-40.4172159,-10.1106703],[-40.3708966,-10.1407915],[-40.3510049,-10.1130557],[-40.2992484,-10.1283992],[-40.2812469,-10.1422661],[-40.2761373,-10.1683819],[-40.2480343,-10.2017972],[-40.255356,-10.227552],[-40.2412646,-10.2421725],[-40.247632,-10.2608939],[-40.227279,-10.3096756],[-40.2367637,-10.3426076],[-40.2310859,-10.3735289],[-40.2480589,-10.3772966],[-40.2509501,-10.3847366],[-40.2498942,-10.4051927],[-40.2430868,-10.4054767],[-40.2493437,-10.4194989],[-40.2439781,-10.4309837],[-40.2511659,-10.436659],[-40.2343997,-10.462794]]]}},{"type":"Feature","properties":{"level":"municipio","municipality_code":"2906204","municipality_name":"Canarana","uf":"BA","state_code":"29","area_km2":579.726},"geometry":{"type":"Polygon","coordinates":[[[-41.6799197,-11.9216467],[-41.7653295,-11.8629902],[-41.7894329,-11.7981031],[-41.8237623,-11.7387657],[-41.8611365,-11.7053234],[-41.8140144,-11.6824839],[-41.7981648,-11.6842361],[-41.7965633,-11.6916042],[-41.7793812,-11.679863],[-41.7664369,-11.681644],[-41.767179,-11.6714611],[-41.7441666,-11.6684008],[-41.7343031,-11.6518667],[-41.7274329,-11.654859],[-41.7194596,-11.6444422],[-41.7124951,-11.6481126],[-41.7059956,-11.6401884],[-41.6990682,-11.6463823],[-41.6986577,-11.6346144],[-41.6875752,-11.6366559],[-41.6920739,-11.6307181],[-41.6795928,-11.6227765],[-41.6708706,-11.6263918],[-41.6692638,-11.6159727],[-41.6429412,-11.609168],[-41.5924777,-11.6134633],[-41.5891215,-11.6691714],[-41.6058553,-11.773408],[-41.622341,-11.8324082],[-41.6485883,-11.8869727],[-41.6799197,-11.9216467]]]}},{"type":"Feature","properties":{"level":"municipio","municipality_code":"2906303","municipality_name":"Canavieiras","uf":"BA","state_code":"29","area_km2":1334.284},"geometry":{"type":"Polygon","coordinates":[[[-38.9323708,-15.6754794],[-38.8936081,-15.7666809],[-39.1065258,-15.7870952],[-39.0945774,-15.8137566],[-39.1101766,-15.8255284],[-39.1222831,-15.8258025],[-39.1220902,-15.8103057],[-39.1399733,-15.7990142],[-39.1626145,-15.7969616],[-39.1741932,-15.8097938],[-39.2030673,-15.8024827],[-39.2130863,-15.7882452],[-39.222013,-15.8034997],[-39.2383221,-15.7969836],[-39.2472193,-15.8041102],[-39.2497249,-15.82164],[-39.2593771,-15.8174359],[-39.2670985,-15.8234623],[-39.2703975,-15.8433509],[-39.2812925,-15.8299797],[-39.2871643,-15.8437023],[-39.2958179,-15.84014],[-39.3014715,-15.8462291],[-39.310715,-15.8376245],[-39.3235882,-15.8480179],[-39.3559089,-15.8497559],[-39.3177519,-15.8254313],[-39.3419818,-15.7484158],[-39.3661167,-15.7447312],[-39.3678616,-15.7382956],[-39.3659532,-15.7121703],[-39.350864,-15.70583],[-39.3491184,-15.6882815],[-39.2979661,-15.6422962],[-39.2759367,-15.6406859],[-39.2344614,-15.6220426],[-39.2071694,-15.5934605],[-39.1571484,-15.601117],[-39.1515424,-15.5753538],[-39.1751635,-15.5713349],[-39.1641331,-15.5402133],[-39.1859705,-15.5265146],[-39.195223,-15.531903],[-39.2077049,-15.5107534],[-39.1684834,-15.5136916],[-39.1421508,-15.4934885],[-39.1046295,-15.485662],[-39.0888105,-15.4689976],[-39.0446578,-15.4589575],[-39.0206798,-15.4371544],[-39.0231743,-15.4053663],[-39.0047208,-15.3717011],[-38.991626,-15.3916732],[-38.9876965,-15.3837397],[-38.9732185,-15.3855024],[-38.9516766,-15.4691144],[-38.9323708,-15.6754794]]]}},{"type":"Feature","properties":{"level":"municipio","municipality_code":"2906402","municipality_name":"Candeal","uf":"BA","state_code":"29","area_km2":447.578},"geometry":{"type":"Polygon","coordinates":[[[-39.0841674,-11.8364494],[-39.0831156,-11.8591694],[-39.0963554,-11.8854428],[-39.1087041,-11.8908391],[-39.1185828,-11.9230478],[-39.1639838,-11.9508182],[-39.1622393,-11.962581],[-39.1736612,-11.9646379],[-39.1725943,-11.9797998],[-39.2966832,-11.9907968],[-39.296736,-11.9769108],[-39.2851418,-11.9676715],[-39.3076616,-11.9400629],[-39.2758328,-11.8922981],[-39.2724195,-11.8708677],[-39.2809717,-11.8622102],[-39.280351,-11.832458],[-39.2461362,-11.7767523],[-39.2402289,-11.7736191],[-39.2285779,-11.7858469],[-39.2177375,-11.7820109],[-39.2178749,-11.7681663],[-39.0606527,-11.769819],[-39.0841674,-11.8364494]]]}},{"type":"Feature","properties":{"level":"municipio","municipality_code":"2906501","municipality_name":"Candeias","uf":"BA","state_code":"29","area_km2":251.808},"geometry":{"type":"Polygon","coordinates":[[[-38.5583988,-12.6940698],[-38.5502387,-12.6623378],[-38.5580313,-12.6522474],[-38.5408453,-12.6399797],[-38.5389413,-12.6283149],[-38.5610147,-12.629707],[-38.546454,-12.613852],[-38.4858244,-12.5887593],[-38.4651698,-12.6114864],[-38.4536026,-12.6017855],[-38.4302434,-12.6100038],[-38.4045851,-12.5969141],[-38.3932306,-12.6089583],[-38.398931,-12.6605464],[-38.4184532,-12.6652408],[-38.4404463,-12.7455451],[-38.4483938,-12.7460618],[-38.4485525,-12.766501],[-38.4622707,-12.7914831],[-38.4996494,-12.784713],[-38.508459,-12.7482762],[-38.5350331,-12.738733],[-38.5331237,-12.7275241],[-38.5533824,-12.7104919],[-38.5583988,-12.6940698]]]}},{"type":"Feature","properties":{"level":"municipio","municipality_code":"2906600","municipality_name":"Candiba","uf":"BA","state_code":"29","area_km2":433.642},"geometry":{"type":"Polygon","coordinates":[[[-42.8892876,-14.5016434],[-42.9199988,-14.4579347],[-42.9292941,-14.4227319],[-42.955075,-14.3961483],[-42.9381212,-14.3671786],[-42.9388759,-14.349038],[-42.903089,-14.3404679],[-42.881293,-14.3214783],[-42.7513895,-14.2963904],[-42.7477493,-14.3116435],[-42.7124406,-14.3251662],[-42.7163707,-14.3548899],[-42.7044734,-14.3652644],[-42.7092068,-14.388579],[-42.7521061,-14.4124239],[-42.8353606,-14.5617194],[-42.8706851,-14.509526],[-42.8892876,-14.5016434]]]}},{"type":"Feature","properties":{"level":"municipio","municipality_code":"2906808","municipality_name":"Cansanção","uf":"BA","state_code":"29","area_km2":1351.891},"geometry":{"type":"Polygon","coordinates":[[[-39.5011169,-10.7871244],[-39.5256831,-10.7699173],[-39.5272146,-10.7772781],[-39.6816943,-10.7859005],[-39.682996,-10.7647971],[-39.6988559,-10.7535514],[-39.694838,-10.7402709],[-39.7096473,-10.7204249],[-39.7006542,-10.7147668],[-39.696157,-10.6743186],[-39.7463931,-10.6399599],[-39.7483049,-10.6078004],[-39.7727063,-10.5517021],[-39.7681927,-10.5385725],[-39.64518,-10.5430546],[-39.5940187,-10.5538292],[-39.5543278,-10.5817917],[-39.5429976,-10.5821369],[-39.529474,-10.5700437],[-39.4783487,-10.5685038],[-39.4326058,-10.6192928],[-39.3677137,-10.6548737],[-39.2704109,-10.6778878],[-39.2765946,-10.683923],[-39.2652157,-10.6965847],[-39.2449195,-10.8112451],[-39.2369274,-10.8200738],[-39.2165139,-10.9126582],[-39.2361796,-10.9068944],[-39.2407449,-10.9261382],[-39.2329005,-10.9533821],[-39.2276079,-10.9512924],[-39.2134306,-10.9711569],[-39.2108422,-10.9983614],[-39.2319947,-11.0003741],[-39.2856635,-10.9850208],[-39.3132337,-10.9887443],[-39.3489846,-10.9486762],[-39.377767,-10.9481986],[-39.3694604,-10.9292919],[-39.3739802,-10.8654265],[-39.3634516,-10.8470383],[-39.3692536,-10.7660183],[-39.4443298,-10.7695689],[-39.4380814,-10.7486541],[-39.4727412,-10.7764545],[-39.5011169,-10.7871244]]]}},{"type":"Feature","properties":{"level":"municipio","municipality_code":"2906824","municipality_name":"Canudos","uf":"BA","state_code":"29","area_km2":3565.377},"geometry":{"type":"Polygon","coordinates":[[[-38.9316909,-9.8743679],[-38.9185236,-9.9600053],[-38.903411,-9.9590814],[-38.8990632,-9.9786074],[-38.8696484,-9.9655151],[-38.8713661,-9.9824735],[-38.8549523,-9.9963231],[-38.7988686,-10.0127927],[-38.8002773,-10.0310241],[-38.7835562,-10.0563162],[-38.7573756,-10.0747824],[-38.7422184,-10.1044543],[-38.7143549,-10.12349],[-38.7332256,-10.1673801],[-38.6959545,-10.1893494],[-38.6687623,-10.1834351],[-38.5762599,-10.224999],[-38.5830545,-10.2340141],[-38.576682,-10.2539138],[-38.5865821,-10.2929706],[-38.581362,-10.3050382],[-38.881955,-10.2701248],[-39.0773509,-10.3805272],[-39.2025862,-10.237109],[-39.2282973,-10.2258713],[-39.2355403,-10.1943345],[-39.2668303,-10.1926769],[-39.2554089,-10.1469265],[-39.263405,-10.0870822],[-39.2366526,-10.033408],[-39.2205525,-10.0248657],[-39.2021697,-9.9727782],[-39.207511,-9.8528383],[-39.1998946,-9.8331419],[-39.221618,-9.7920883],[-39.2137352,-9.7652869],[-39.2361627,-9.718863],[-39.211209,-9.6449214],[-39.1750821,-9.6363323],[-39.1440606,-9.6532709],[-39.1173278,-9.6457453],[-39.1100528,-9.6256943],[-38.9652883,-9.6391201],[-38.8566661,-9.631001],[-38.8126929,-9.6541734],[-38.7847894,-9.6468173],[-38.7734377,-9.6739412],[-38.7848479,-9.7455186],[-38.8281153,-9.7547218],[-38.8637602,-9.7790726],[-38.86414,-9.8294183],[-38.9190111,-9.8547573],[-38.9316909,-9.8743679]]]}},{"type":"Feature","properties":{"level":"municipio","municipality_code":"2906105","municipality_name":"Canápolis","uf":"BA","state_code":"29","area_km2":460.388},"geometry":{"type":"Polygon","coordinates":[[[-44.1515787,-13.1956056],[-44.2282223,-13.2020209],[-44.2856491,-13.1290289],[-44.3421062,-13.1183054],[-44.3317214,-13.0945813],[-44.3071628,-13.0782329],[-44.306991,-13.0282338],[-44.2959087,-13.0219624],[-44.2844353,-12.9965758],[-44.2666413,-12.9952124],[-44.2561777,-12.9812624],[-44.1955174,-12.9707371],[-44.1888196,-12.9751148],[-44.2019065,-12.988676],[-44.1324299,-13.0406645],[-44.1096856,-13.0429073],[-44.0975526,-13.0748166],[-44.1064981,-13.22945],[-44.1515787,-13.1956056]]]}},{"type":"Feature","properties":{"level":"municipio","municipality_code":"2906857","municipality_name":"Capela do Alto Alegre","uf":"BA","state_code":"29","area_km2":629.586},"geometry":{"type":"Polygon","coordinates":[[[-39.8265527,-11.7882799],[-39.8462971,-11.7739134],[-39.8406534,-11.7553098],[-39.8645295,-11.7482346],[-39.8631883,-11.7410647],[-39.8851467,-11.7401442],[-39.9085779,-11.7205959],[-39.9255327,-11.6674613],[-39.9564758,-11.6479648],[-39.9685841,-11.4908669],[-39.9436557,-11.4785343],[-39.9344738,-11.4798117],[-39.925442,-11.499047],[-39.8975815,-11.4911589],[-39.9028849,-11.5037655],[-39.8979604,-11.555854],[-39.8651666,-11.5813998],[-39.8461989,-11.5761697],[-39.8177468,-11.5916819],[-39.8092864,-11.5850555],[-39.7701948,-11.5879042],[-39.7173707,-11.6265965],[-39.6914394,-11.7692692],[-39.6818034,-11.7754614],[-39.6951876,-11.817681],[-39.7130981,-11.8238753],[-39.7931247,-11.8174003],[-39.7904579,-11.8223252],[-39.8108625,-11.824672],[-39.8265527,-11.7882799]]]}},{"type":"Feature","properties":{"level":"municipio","municipality_code":"2906873","municipality_name":"Capim Grosso","uf":"BA","state_code":"29","area_km2":464.776},"geometry":{"type":"Polygon","coordinates":[[[-39.9871866,-11.4394287],[-40.070204,-11.4342197],[-40.0753511,-11.3547912],[-40.0650736,-11.3425024],[-40.0483872,-11.3423499],[-40.0345197,-11.2804251],[-40.0222082,-11.2758713],[-40.0256658,-11.240903],[-40.0325321,-11.2399565],[-40.0283226,-11.2225854],[-40.0652272,-11.2308728],[-40.0839993,-11.2520944],[-40.1099913,-11.245607],[-40.1448284,-11.1819308],[-40.1311597,-11.1791391],[-40.1070634,-11.1925423],[-40.0839973,-11.1863912],[-40.0743055,-11.1968982],[-39.9942514,-11.1690318],[-39.9838235,-11.1513878],[-39.9749075,-11.1608939],[-39.961141,-11.1500816],[-39.9529984,-11.1568736],[-39.9552984,-11.2486547],[-39.8618464,-11.3129368],[-39.8806838,-11.3203694],[-39.8954219,-11.3485278],[-39.9124718,-11.3563662],[-39.9068393,-11.3609032],[-39.9087777,-11.3906106],[-39.9245978,-11.3915857],[-39.9144558,-11.4156112],[-39.9679768,-11.4337693],[-39.9825481,-11.4495461],[-39.9871866,-11.4394287]]]}},{"type":"Feature","properties":{"level":"municipio","municipality_code":"2906907","municipality_name":"Caravelas","uf":"BA","state_code":"29","area_km2":2377.889},"geometry":{"type":"MultiPolygon","coordinates":[[[[-38.7000888,-17.9817261],[-38.6975341,-17.9792762],[-38.6964763,-17.9801293],[-38.7000888,-17.9817261]]],[[[-38.6962363,-17.9790737],[-38.6961546,-17.9788413],[-38.6960814,-17.9789421],[-38.6962363,-17.9790737]]],[[[-38.7079822,-17.9689469],[-38.7083739,-17.9714627],[-38.7145185,-17.9708751],[-38.7079822,-17.9689469]]],[[[-38.7078188,-17.964661],[-38.7117272,-17.9677537],[-38.7120319,-17.9644072],[-38.7078188,-17.964661]]],[[[-38.7048512,-17.9613527],[-38.6917272,-17.9655779],[-38.7065808,-17.9627908],[-38.7048512,-17.9613527]]],[[[-38.6933899,-17.9607468],[-38.6923092,-17.9612106],[-38.6933363,-17.9611068],[-38.6933899,-17.9607468]]],[[[-39.1789128,-17.7404155],[-39.1975731,-17.7581269],[-39.2016412,-17.7555044],[-39.1789128,-17.7404155]]],[[[-39.4514194,-17.8403322],[-39.4675673,-17.8443613],[-39.4824822,-17.8283125],[-39.4831309,-17.8355866],[-39.4949702,-17.8341862],[-39.4993891,-17.8226814],[-39.5235778,-17.8121942],[-39.5454077,-17.8181599],[-39.5688694,-17.8125949],[-39.6020621,-17.7923421],[-39.628775,-17.7880742],[-39.6561822,-17.8022477],[-39.7589111,-17.7490089],[-39.7750929,-17.7524588],[-39.8061833,-17.7443048],[-39.8509905,-17.7660356],[-39.8903501,-17.7169046],[-39.8895352,-17.7021564],[-39.9004322,-17.6880075],[-39.9279537,-17.6723542],[-40.0084574,-17.6598566],[-40.0308049,-17.6288245],[-40.1204904,-17.64052],[-40.1226221,-17.6237052],[-40.1600863,-17.5843399],[-40.189247,-17.564315],[-40.2160943,-17.5607014],[-40.2382204,-17.5462033],[-40.2569077,-17.4091227],[-40.2222625,-17.4076753],[-40.2182184,-17.4349824],[-40.2066231,-17.4410137],[-40.1887483,-17.4323693],[-40.164574,-17.4331316],[-40.1511896,-17.4480152],[-40.1140811,-17.4498234],[-40.1037043,-17.443863],[-40.1025951,-17.456094],[-40.0725294,-17.461243],[-40.0593396,-17.4527905],[-40.0484913,-17.4743007],[-40.0364942,-17.4783223],[-40.0200795,-17.4659837],[-39.9774681,-17.4662326],[-39.9684021,-17.4582129],[-39.9361194,-17.4648306],[-39.9367383,-17.4744041],[-39.76791,-17.6273583],[-39.5983152,-17.5577511],[-39.531722,-17.5789807],[-39.5115875,-17.5690612],[-39.4899569,-17.5701085],[-39.4651205,-17.5924275],[-39.4611825,-17.6350784],[-39.442171,-17.6586804],[-39.2496712,-17.6367474],[-39.1371425,-17.6853491],[-39.1909005,-17.7419167],[-39.208052,-17.747346],[-39.2069424,-17.7742318],[-39.2354358,-17.7994929],[-39.2766173,-17.8554126],[-39.2948149,-17.8613408],[-39.3078037,-17.85353],[-39.446226,-17.8596387],[-39.4551326,-17.851672],[-39.4514194,-17.8403322]]]]}},{"type":"Feature","properties":{"level":"municipio","municipality_code":"2906899","municipality_name":"Caraíbas","uf":"BA","state_code":"29","area_km2":805.629},"geometry":{"type":"Polygon","coordinates":[[[-41.2518087,-14.732306],[-41.2653992,-14.7333692],[-41.2630842,-14.7494349],[-41.2819618,-14.7502812],[-41.2792597,-14.7650488],[-41.2639277,-14.7802677],[-41.2692835,-14.7982024],[-41.329915,-14.775101],[-41.3299246,-14.7828252],[-41.3156512,-14.7869018],[-41.3287446,-14.8077291],[-41.3404347,-14.7968266],[-41.3514185,-14.8154321],[-41.3727325,-14.8150634],[-41.3769343,-14.8265951],[-41.3928127,-14.8156199],[-41.3916338,-14.7988153],[-41.4053784,-14.8029889],[-41.4408088,-14.7871189],[-41.4475921,-14.7961001],[-41.4614894,-14.7853723],[-41.420698,-14.7531785],[-41.409059,-14.7672188],[-41.3939979,-14.767488],[-41.3982018,-14.7035966],[-41.387783,-14.6809553],[-41.3997639,-14.6638558],[-41.4003839,-14.6398355],[-41.4472058,-14.5945828],[-41.4279711,-14.5658571],[-41.4344665,-14.5513505],[-41.3997058,-14.5585423],[-41.3824092,-14.5305213],[-41.3595,-14.5333534],[-41.3296503,-14.5027098],[-41.2977508,-14.5131464],[-41.2551648,-14.4870325],[-41.2474343,-14.4989043],[-41.2381379,-14.4975185],[-41.2477618,-14.5152753],[-41.2406321,-14.5204233],[-41.2190984,-14.5143203],[-41.2056342,-14.5203394],[-41.2010179,-14.5115287],[-41.2107722,-14.5004888],[-41.1961386,-14.491318],[-41.1838777,-14.4971394],[-41.1833075,-14.4802946],[-41.1603325,-14.4808575],[-41.1549222,-14.4970924],[-41.1291276,-14.4887461],[-41.1309838,-14.4722763],[-41.1232529,-14.4670664],[-41.139246,-14.4571001],[-41.1296709,-14.4537153],[-41.1294699,-14.4444893],[-41.1113911,-14.4381974],[-41.1061614,-14.4506014],[-41.0936711,-14.4416217],[-41.0765826,-14.4489243],[-41.0688206,-14.4644503],[-41.078607,-14.4716327],[-41.0784115,-14.4870899],[-41.0929014,-14.4888354],[-41.1063757,-14.5152536],[-41.1039634,-14.5302892],[-41.1170255,-14.5371054],[-41.1262154,-14.5548039],[-41.1237503,-14.572855],[-41.1430795,-14.5854662],[-41.1307989,-14.6064067],[-41.159648,-14.6144683],[-41.1706998,-14.6062766],[-41.1877863,-14.6196364],[-41.1920786,-14.6498241],[-41.2295814,-14.6857263],[-41.2187451,-14.6959839],[-41.227357,-14.705627],[-41.2183845,-14.7203817],[-41.2227332,-14.7457946],[-41.239778,-14.7375078],[-41.2419506,-14.7225506],[-41.2518087,-14.732306]]]}},{"type":"Feature","properties":{"level":"municipio","municipality_code":"2907004","municipality_name":"Cardeal da Silva","uf":"BA","state_code":"29","area_km2":293.456},"geometry":{"type":"Polygon","coordinates":[[[-37.9250308,-12.1491395],[-37.9795647,-12.1173009],[-37.9973537,-12.0948256],[-38.0233495,-12.0806485],[-38.0086068,-12.0455497],[-38.0151014,-12.0081147],[-37.9745762,-11.9375368],[-37.9431764,-11.9355073],[-37.9258322,-11.9581723],[-37.9028414,-11.9678405],[-37.8829351,-11.9630619],[-37.8697177,-11.9717407],[-37.8646524,-12.014219],[-37.8739993,-12.0869948],[-37.8860952,-12.114613],[-37.8834317,-12.1456689],[-37.8882091,-12.1572444],[-37.9250308,-12.1491395]]]}},{"type":"Feature","properties":{"level":"municipio","municipality_code":"2907103","municipality_name":"Carinhanha","uf":"BA","state_code":"29","area_km2":2525.512},"geometry":{"type":"Polygon","coordinates":[[[-43.8142897,-13.7083541],[-43.5866231,-13.8062893],[-43.6164988,-13.8413467],[-43.613782,-13.8953741],[-43.6243865,-13.91992],[-43.6269951,-13.9601339],[-43.6563078,-14.0097617],[-43.6572377,-14.0474539],[-43.6787343,-14.144956],[-43.7119551,-14.2392973],[-43.7831867,-14.3392337],[-43.8000853,-14.3378272],[-43.815319,-14.3206456],[-43.8223149,-14.3230297],[-43.8202552,-14.3116363],[-43.8361445,-14.3111487],[-43.8472267,-14.3217373],[-43.8467227,-14.3130992],[-43.8554498,-14.3180426],[-43.8527037,-14.3079363],[-43.8803958,-14.3121411],[-43.8903387,-14.3066028],[-43.891953,-14.2932872],[-43.8924798,-14.3010168],[-43.9044244,-14.2936105],[-43.9115859,-14.3050443],[-43.9163957,-14.2959334],[-43.9247268,-14.2964215],[-43.9264248,-14.3056727],[-43.935068,-14.2956797],[-43.9421399,-14.3050965],[-43.9462895,-14.2899548],[-43.9561378,-14.2997171],[-43.9695875,-14.2740239],[-43.980841,-14.2821485],[-43.9905957,-14.2725945],[-43.9873444,-14.2672954],[-44.0061526,-14.2673641],[-44.0325385,-14.2881102],[-44.0426999,-14.2861091],[-44.0657036,-14.1371772],[-44.0286914,-14.0931623],[-44.0866612,-14.020344],[-44.0784502,-13.9945134],[-44.1072692,-13.9850955],[-44.1010716,-13.9743027],[-44.1100827,-13.9723979],[-44.1020026,-13.9624635],[-44.1114307,-13.9530953],[-44.0981161,-13.9267504],[-44.0905238,-13.9258013],[-44.0917706,-13.9078812],[-44.0832014,-13.905608],[-44.0771497,-13.9145997],[-44.0846705,-13.914491],[-44.0792906,-13.9269943],[-44.0855363,-13.9386153],[-44.0746609,-13.9373267],[-44.0720547,-13.9502542],[-44.0703341,-13.9428086],[-44.0579195,-13.9473099],[-44.0674532,-13.9285892],[-44.0588169,-13.924284],[-44.0522889,-13.9306575],[-44.0555661,-13.9161249],[-44.0376283,-13.903836],[-44.0294382,-13.9077122],[-44.0312416,-13.8977311],[-44.0494203,-13.8977444],[-44.0554792,-13.8741179],[-44.0730207,-13.8697937],[-44.0482059,-13.8663762],[-44.0399241,-13.8869098],[-44.0317667,-13.8890018],[-44.02724,-13.8799986],[-44.0343217,-13.8697527],[-44.0232426,-13.8634786],[-44.0279659,-13.8557026],[-44.0094292,-13.8531925],[-44.0118794,-13.8408767],[-44.0036408,-13.8436758],[-44.0052711,-13.8291248],[-44.0270935,-13.8348698],[-44.0165516,-13.8258541],[-44.0265624,-13.8202248],[-44.0328803,-13.8039173],[-44.0190277,-13.8085914],[-44.0298419,-13.7931598],[-44.0217703,-13.8022491],[-44.0207166,-13.7958681],[-44.0190274,-13.795957],[-44.011597,-13.8199377],[-43.9998127,-13.8169275],[-43.995451,-13.8229758],[-43.9903944,-13.8155573],[-43.9845293,-13.8409867],[-43.9790455,-13.8316535],[-43.9618876,-13.8342746],[-43.9628052,-13.8234899],[-43.9491489,-13.8207934],[-43.957583,-13.8118887],[-43.9480997,-13.7917711],[-43.9570122,-13.7891321],[-43.9571929,-13.7872487],[-43.9425836,-13.7882438],[-43.923386,-13.8054007],[-43.9100104,-13.7944074],[-43.899916,-13.7960813],[-43.9056312,-13.779003],[-43.912126,-13.7835003],[-43.9123211,-13.767003],[-43.9017819,-13.7726477],[-43.8927999,-13.7529235],[-43.881618,-13.7619176],[-43.877151,-13.742179],[-43.8694552,-13.7564894],[-43.8536909,-13.7440454],[-43.8401402,-13.7591466],[-43.8366518,-13.7460065],[-43.8145749,-13.7338069],[-43.8142897,-13.7083541]]]}},{"type":"Feature","properties":{"level":"municipio","municipality_code":"2907202","municipality_name":"Casa Nova","uf":"BA","state_code":"29","area_km2":9647.072},"geometry":{"type":"Polygon","coordinates":[[[-40.9213378,-8.8354306],[-40.8812337,-8.9156278],[-40.8662781,-8.9233892],[-40.8613226,-8.9480176],[-40.8515959,-8.952499],[-40.8519585,-8.9825849],[-40.8252311,-9.0381866],[-40.820067,-9.0812587],[-40.786096,-9.1051874],[-40.7567849,-9.1049769],[-40.7570606,-9.1198431],[-40.7325375,-9.1240056],[-40.7098893,-9.140881],[-40.685094,-9.1376102],[-40.6673957,-9.1590592],[-40.6706438,-9.1887082],[-40.6945004,-9.2334556],[-40.6864556,-9.2435546],[-40.6892365,-9.2569859],[-40.6800885,-9.2592117],[-40.6859879,-9.2763682],[-40.7075889,-9.2853463],[-40.7073149,-9.2945508],[-40.7200882,-9.3058967],[-40.7394418,-9.2965887],[-40.7564219,-9.3150323],[-40.7393474,-9.3313439],[-40.7381026,-9.3552443],[-40.7464789,-9.3710522],[-40.7430889,-9.4029455],[-40.7649756,-9.4132164],[-40.7595953,-9.4290763],[-40.7671593,-9.4454119],[-40.785176,-9.4495097],[-40.8340615,-9.4254835],[-40.868795,-9.3928473],[-40.9537756,-9.397916],[-41.0030326,-9.3828419],[-41.0673189,-9.4031348],[-41.1103839,-9.4009944],[-41.1253446,-9.4168234],[-41.1435384,-9.4959279],[-41.1887378,-9.5599591],[-41.2054262,-9.6124742],[-41.2472222,-9.6470914],[-41.3790427,-9.6935355],[-41.4177586,-9.6923257],[-41.5037697,-9.665202],[-41.559394,-9.6762868],[-41.6371537,-9.7153027],[-41.6891891,-9.76993],[-41.7672869,-9.7448844],[-41.839568,-9.7321591],[-41.9031447,-9.7043505],[-41.854662,-9.2406689],[-41.8431327,-9.244225],[-41.8339332,-9.2362224],[-41.8198734,-9.1890012],[-41.8001263,-9.1651616],[-41.7974285,-9.1446591],[-41.7351841,-9.0946998],[-41.7264829,-9.0163609],[-41.6804537,-9.0122823],[-41.6699023,-9.0034794],[-41.6694039,-8.9900791],[-41.6289978,-8.98489],[-41.6057947,-8.9574039],[-41.5700566,-8.9550295],[-41.5652668,-8.9703202],[-41.544521,-8.9605491],[-41.5448531,-8.9379543],[-41.5074372,-8.8924409],[-41.5110501,-8.8776121],[-41.5027347,-8.864066],[-41.4878434,-8.8439034],[-41.4721841,-8.8431145],[-41.4346841,-8.799096],[-41.4242667,-8.8025554],[-41.3812515,-8.7072724],[-41.3583362,-8.7076202],[-41.3343516,-8.7276615],[-41.3099349,-8.7261317],[-41.2815376,-8.7361004],[-41.2606246,-8.7207165],[-41.2385678,-8.7197312],[-41.239841,-8.710863],[-41.2269785,-8.7047021],[-41.1764047,-8.7111943],[-41.112758,-8.7039741],[-41.1268403,-8.7289274],[-41.1245693,-8.7526736],[-41.1133446,-8.758531],[-41.1158235,-8.7648671],[-41.1017608,-8.7819643],[-41.0785422,-8.7887723],[-41.0666786,-8.7810481],[-41.0362345,-8.7858759],[-41.0249601,-8.8077274],[-41.0291014,-8.8381001],[-41.0198707,-8.8440317],[-40.9790937,-8.8234171],[-40.960905,-8.8307593],[-40.9548601,-8.8438751],[-40.9213378,-8.8354306]]]}},{"type":"Feature","properties":{"level":"municipio","municipality_code":"2907301","municipality_name":"Castro Alves","uf":"BA","state_code":"29","area_km2":713.789},"geometry":{"type":"Polygon","coordinates":[[[-39.4269265,-12.8838504],[-39.4572246,-12.8455131],[-39.4756069,-12.8538676],[-39.4768347,-12.843079],[-39.4889074,-12.8345769],[-39.491586,-12.8145496],[-39.5054361,-12.8101301],[-39.4984532,-12.7754394],[-39.5016932,-12.7421475],[-39.4937799,-12.730096],[-39.4732288,-12.7239366],[-39.4672906,-12.6994417],[-39.4364483,-12.6791834],[-39.443251,-12.6180876],[-39.4146887,-12.615509],[-39.394136,-12.5930236],[-39.3184911,-12.5470616],[-39.2358423,-12.6584945],[-39.2318056,-12.6552064],[-39.228784,-12.6806302],[-39.2654637,-12.6935826],[-39.2677333,-12.7081844],[-39.2601494,-12.7203102],[-39.2725783,-12.7441321],[-39.2476173,-12.7733378],[-39.2410305,-12.8001577],[-39.2259325,-12.8101446],[-39.2650618,-12.8341305],[-39.2685035,-12.8455034],[-39.2851516,-12.8428065],[-39.2977019,-12.8217861],[-39.3224137,-12.8196397],[-39.3236514,-12.8282284],[-39.3428504,-12.8286151],[-39.3405862,-12.8681165],[-39.3511215,-12.9016391],[-39.375925,-12.8875974],[-39.4269265,-12.8838504]]]}},{"type":"Feature","properties":{"level":"municipio","municipality_code":"2907400","municipality_name":"Catolândia","uf":"BA","state_code":"29","area_km2":702.504},"geometry":{"type":"Polygon","coordinates":[[[-44.5476398,-12.2922984],[-44.5963638,-12.3077387],[-44.6044907,-12.3181943],[-44.6078142,-12.3127968],[-44.62455,-12.3228545],[-44.6349576,-12.3147679],[-44.6529091,-12.3257921],[-44.6577218,-12.3217777],[-44.6579489,-12.3316945],[-44.6736361,-12.3298177],[-44.726016,-12.405163],[-44.7378517,-12.4088431],[-44.7756613,-12.4022253],[-44.7812366,-12.3951186],[-44.837006,-12.389651],[-44.9272688,-12.2931113],[-44.8675572,-12.2612152],[-44.8414645,-12.2560603],[-44.795747,-12.2229274],[-44.7507299,-12.228687],[-44.7250755,-12.2202768],[-44.6558869,-12.1698487],[-44.6200559,-12.173976],[-44.579832,-12.1550942],[-44.466052,-12.1440828],[-44.5007858,-12.2225991],[-44.536598,-12.2485599],[-44.5476398,-12.2922984]]]}},{"type":"Feature","properties":{"level":"municipio","municipality_code":"2907509","municipality_name":"Catu","uf":"BA","state_code":"29","area_km2":426.955},"geometry":{"type":"Polygon","coordinates":[[[-38.3941849,-12.2493731],[-38.3776993,-12.2186719],[-38.3338088,-12.2456022],[-38.3100814,-12.2488136],[-38.2791494,-12.2713193],[-38.2730623,-12.2783676],[-38.2778153,-12.3037124],[-38.2724019,-12.3219676],[-38.2827834,-12.3421536],[-38.295332,-12.3459987],[-38.3138538,-12.3375812],[-38.3899488,-12.4028577],[-38.3751337,-12.4086493],[-38.3891013,-12.4313601],[-38.4067696,-12.4222871],[-38.4462317,-12.4318736],[-38.4603238,-12.4174743],[-38.4888245,-12.4122431],[-38.5038275,-12.4274508],[-38.5049042,-12.4186044],[-38.5355699,-12.4087115],[-38.5295854,-12.2756998],[-38.468907,-12.2851537],[-38.4593221,-12.2654984],[-38.4473168,-12.2617373],[-38.4341124,-12.2688824],[-38.3941849,-12.2493731]]]}},{"type":"Feature","properties":{"level":"municipio","municipality_code":"2907558","municipality_name":"Caturama","uf":"BA","state_code":"29","area_km2":716.261},"geometry":{"type":"Polygon","coordinates":[[[-42.1868127,-13.172134],[-42.1708706,-13.1845357],[-42.1581504,-13.2266591],[-42.1813174,-13.2279459],[-42.1980936,-13.2578262],[-42.1925426,-13.2694795],[-42.2153202,-13.2922177],[-42.2288078,-13.2993367],[-42.2478763,-13.2965811],[-42.2452298,-13.284374],[-42.2518942,-13.2828011],[-42.2578537,-13.2924984],[-42.2484349,-13.3238004],[-42.271625,-13.3361716],[-42.2626124,-13.3468204],[-42.2654497,-13.3693627],[-42.4058872,-13.4022053],[-42.409144,-13.3474521],[-42.4343412,-13.2862393],[-42.4197946,-13.2745564],[-42.4436938,-13.232821],[-42.4458398,-13.1824278],[-42.4331769,-13.1684496],[-42.4323323,-13.1413094],[-42.400777,-13.1363697],[-42.4032125,-13.1230874],[-42.3901264,-13.1060503],[-42.3874483,-13.0749835],[-42.3699583,-13.0596575],[-42.3583528,-13.0723168],[-42.3473218,-13.0690608],[-42.3376419,-13.1011814],[-42.2974073,-13.1358652],[-42.2773865,-13.1161119],[-42.2635895,-13.1217768],[-42.2444098,-13.1070548],[-42.2387534,-13.1172668],[-42.204535,-13.1242565],[-42.2020465,-13.1412691],[-42.1800041,-13.1644257],[-42.1868127,-13.172134]]]}},{"type":"Feature","properties":{"level":"municipio","municipality_code":"2905107","municipality_name":"Caém","uf":"BA","state_code":"29","area_km2":540.908},"geometry":{"type":"Polygon","coordinates":[[[-40.2193355,-11.105751],[-40.1786638,-11.1060073],[-39.9912261,-11.1664692],[-40.0743055,-11.1968982],[-40.0839973,-11.1863912],[-40.1070634,-11.1925423],[-40.1314059,-11.1790975],[-40.1495135,-11.1867542],[-40.1610199,-11.182714],[-40.16363,-11.1910577],[-40.1959289,-11.1873209],[-40.2055221,-11.1768026],[-40.2086595,-11.1845381],[-40.2242916,-11.1825621],[-40.2283023,-11.190961],[-40.259583,-11.192337],[-40.2788838,-11.2042158],[-40.3022748,-11.2028823],[-40.3182192,-11.2108495],[-40.3141856,-11.2170654],[-40.3453132,-11.2287892],[-40.3695733,-11.206423],[-40.3722336,-11.2134017],[-40.3931582,-11.2144268],[-40.3960757,-11.2248578],[-40.4185382,-11.2047623],[-40.4310488,-11.207075],[-40.4522004,-11.1896316],[-40.4817272,-11.0493994],[-40.4681099,-11.0571605],[-40.3894626,-11.0617265],[-40.2745079,-11.0944724],[-40.2366003,-11.0945424],[-40.2193355,-11.105751]]]}},{"type":"Feature","properties":{"level":"municipio","municipality_code":"2907608","municipality_name":"Central","uf":"BA","state_code":"29","area_km2":566.974},"geometry":{"type":"Polygon","coordinates":[[[-41.9417424,-11.2282339],[-42.0217443,-11.2087657],[-42.056113,-11.2360967],[-42.1073254,-11.2217881],[-42.1369426,-11.2454842],[-42.1513471,-11.2370064],[-42.1583298,-11.2450579],[-42.2402908,-11.2612306],[-42.2582794,-11.1423102],[-42.1897145,-11.0748635],[-42.146161,-11.0472524],[-42.145262,-11.0233062],[-42.0890672,-11.0222174],[-42.0756111,-11.0297717],[-41.9859646,-11.1432542],[-41.9569526,-11.1538152],[-41.9262687,-11.1817121],[-41.9417424,-11.2282339]]]}},{"type":"Feature","properties":{"level":"municipio","municipality_code":"2907707","municipality_name":"Chorrochó","uf":"BA","state_code":"29","area_km2":3005.319},"geometry":{"type":"Polygon","coordinates":[[[-39.1055078,-8.8461775],[-39.0645382,-8.7316281],[-39.0428034,-8.7333486],[-38.9919113,-8.7675519],[-38.977432,-8.7930867],[-38.9523639,-8.8045386],[-38.9652652,-8.8152594],[-38.9641199,-8.8294585],[-38.9820535,-8.8543141],[-38.9822019,-8.8703946],[-39.0964995,-9.0165409],[-39.1109286,-9.0607908],[-39.1000545,-9.0798908],[-39.0747077,-9.095173],[-39.0653678,-9.1295966],[-39.0721749,-9.1622796],[-39.0664578,-9.1716757],[-39.0804343,-9.1871878],[-39.0793278,-9.2254999],[-39.06323,-9.2328214],[-39.0535871,-9.280746],[-39.0279676,-9.3461919],[-39.0000022,-9.3680448],[-38.9851689,-9.404442],[-38.9700377,-9.4184299],[-38.9699336,-9.4323473],[-38.954669,-9.4492832],[-38.9570521,-9.463588],[-38.9712137,-9.4945591],[-38.9805504,-9.495864],[-38.9841894,-9.5312983],[-39.0000022,-9.5679415],[-39.027541,-9.5693371],[-39.0355485,-9.5620264],[-39.0511596,-9.5712095],[-39.0608513,-9.5621332],[-39.0708845,-9.5637413],[-39.0922508,-9.5942109],[-39.1400836,-9.6015583],[-39.1466877,-9.6278704],[-39.1653412,-9.6395315],[-39.2116173,-9.6456938],[-39.2213302,-9.6353204],[-39.2370262,-9.6340772],[-39.2639543,-9.6407013],[-39.2703308,-9.6304549],[-39.287176,-9.6339573],[-39.3075302,-9.6074754],[-39.3308224,-9.5943626],[-39.3595727,-9.6156913],[-39.386383,-9.5781019],[-39.4076667,-9.5779898],[-39.4151769,-9.5602915],[-39.4119563,-9.5434054],[-39.4466032,-9.508475],[-39.4359444,-9.4579996],[-39.4108225,-9.4567835],[-39.4043138,-9.4451009],[-39.4081429,-9.36007],[-39.3922876,-9.338111],[-39.3958278,-9.3288598],[-39.3907179,-9.3186819],[-39.3677314,-9.3105399],[-39.3646685,-9.2906147],[-39.3573793,-9.287403],[-39.3726413,-9.2250859],[-39.3603918,-9.2101139],[-39.3596704,-9.168151],[-39.3425359,-9.1542177],[-39.3410119,-9.1260136],[-39.3268704,-9.1098063],[-39.3145191,-9.0598458],[-39.2797411,-9.0303014],[-39.2801031,-9.011294],[-39.2641474,-8.9872768],[-39.2632892,-8.9578847],[-39.2714173,-8.9435711],[-39.1055078,-8.8461775]]]}},{"type":"Feature","properties":{"level":"municipio","municipality_code":"2907905","municipality_name":"Cipó","uf":"BA","state_code":"29","area_km2":168.33},"geometry":{"type":"Polygon","coordinates":[[[-38.4816344,-11.163274],[-38.6168125,-11.1618348],[-38.6097414,-11.1359203],[-38.5820584,-11.1436168],[-38.5589349,-11.1272423],[-38.5691525,-11.0966714],[-38.5560861,-11.0761575],[-38.5766691,-11.061738],[-38.5937737,-11.0202425],[-38.5441403,-11.0237124],[-38.5169797,-11.0583406],[-38.5037531,-11.0552091],[-38.4917959,-11.0886982],[-38.4750272,-11.0887541],[-38.4397315,-11.112472],[-38.4332279,-11.1326749],[-38.4416744,-11.1354904],[-38.4395104,-11.1648555],[-38.4451477,-11.1696463],[-38.4466083,-11.1548947],[-38.4604152,-11.1489511],[-38.4816344,-11.163274]]]}},{"type":"Feature","properties":{"level":"municipio","municipality_code":"2908002","municipality_name":"Coaraci","uf":"BA","state_code":"29","area_km2":274.5},"geometry":{"type":"Polygon","coordinates":[[[-39.5222607,-14.6502698],[-39.5106283,-14.6605413],[-39.526184,-14.6773539],[-39.5333247,-14.7423257],[-39.5415274,-14.7600113],[-39.5548524,-14.7659695],[-39.5536592,-14.7783667],[-39.5835891,-14.7844381],[-39.5696459,-14.7213819],[-39.6196817,-14.6620896],[-39.6981122,-14.6051194],[-39.718083,-14.6037831],[-39.7232372,-14.5906018],[-39.717714,-14.5698663],[-39.7291482,-14.5612701],[-39.5505925,-14.5617583],[-39.5110668,-14.5476369],[-39.5222607,-14.6502698]]]}},{"type":"Feature","properties":{"level":"municipio","municipality_code":"2908101","municipality_name":"Cocos","uf":"BA","state_code":"29","area_km2":10138.25},"geometry":{"type":"Polygon","coordinates":[[[-44.4616837,-14.1944504],[-44.4684832,-14.217388],[-44.4488626,-14.2257703],[-44.4475238,-14.2401812],[-44.4336786,-14.253598],[-44.4283049,-14.2799795],[-44.411782,-14.2815843],[-44.4286006,-14.2866355],[-44.4536288,-14.3119826],[-44.4749893,-14.3143487],[-44.487177,-14.3285197],[-44.5108436,-14.3226879],[-44.5405446,-14.3317715],[-44.5451205,-14.3430633],[-44.5655652,-14.34006],[-44.5645708,-14.348602],[-44.5722912,-14.3455695],[-44.5983693,-14.3685005],[-44.6107371,-14.3654418],[-44.6255951,-14.3761099],[-44.6335987,-14.3944726],[-44.6588784,-14.3957573],[-44.6580419,-14.4163643],[-44.6679858,-14.4238507],[-44.6695665,-14.4161982],[-44.6742097,-14.4244958],[-44.6883532,-14.4166809],[-44.701293,-14.4497881],[-44.7128797,-14.443964],[-44.7238192,-14.4490547],[-44.7307025,-14.4613212],[-44.7490634,-14.4639775],[-44.7567426,-14.4783805],[-44.794366,-14.4878515],[-44.7943253,-14.4965898],[-44.8182663,-14.4901957],[-44.8092089,-14.4978594],[-44.8138153,-14.5046597],[-44.8332382,-14.4998278],[-44.8345748,-14.5074923],[-44.8225736,-14.5147987],[-44.836293,-14.5184881],[-44.8348899,-14.5359245],[-44.8243545,-14.5393769],[-44.8471085,-14.5454862],[-44.8469264,-14.5580232],[-44.8587949,-14.5715223],[-44.8474158,-14.5757094],[-44.8439071,-14.5663105],[-44.8433866,-14.5808382],[-44.8619834,-14.5792044],[-44.8759585,-14.5996625],[-44.8765723,-14.5920654],[-44.8964842,-14.6054562],[-44.91021,-14.6035503],[-44.9079856,-14.613386],[-44.9166802,-14.6196603],[-44.9465942,-14.623729],[-44.9430264,-14.6302181],[-44.9547946,-14.6378625],[-44.9623251,-14.6318515],[-44.9805972,-14.6435032],[-44.973939,-14.6521036],[-44.9833824,-14.6518417],[-44.9859339,-14.6621338],[-44.9966377,-14.658845],[-44.9957479,-14.6678154],[-45.0395114,-14.6798511],[-45.0391589,-14.6900896],[-45.0450058,-14.6959427],[-45.0476938,-14.690537],[-45.0650718,-14.7308658],[-45.0827727,-14.7487667],[-45.1362896,-14.7474168],[-45.1636041,-14.7323845],[-45.1896054,-14.7424453],[-45.1912989,-14.7497118],[-45.2055737,-14.7447389],[-45.2419619,-14.7865289],[-45.2587133,-14.7895222],[-45.2630951,-14.8022047],[-45.2711837,-14.7988228],[-45.2744117,-14.8115017],[-45.2887408,-14.8181091],[-45.2856895,-14.8324778],[-45.3017385,-14.8283179],[-45.310161,-14.8366911],[-45.3164363,-14.8313691],[-45.3164204,-14.8512552],[-45.3528717,-14.8641057],[-45.3519401,-14.8760828],[-45.3639758,-14.8716955],[-45.3720963,-14.8809522],[-45.3707431,-14.8941321],[-45.3997964,-14.9175013],[-45.4210452,-14.9265848],[-45.4344688,-14.9217511],[-45.4559943,-14.9542607],[-45.4698519,-14.9500545],[-45.4900515,-14.9607627],[-45.4984916,-14.9463816],[-45.5206964,-14.9535574],[-45.534729,-14.9382576],[-45.5667394,-14.944853],[-45.5670507,-14.9564953],[-45.5867775,-14.9781555],[-45.5934837,-14.9755013],[-45.6159461,-15.0135884],[-45.6347588,-15.0236794],[-45.6435338,-15.0167001],[-45.6461742,-15.0320603],[-45.6473337,-15.0234137],[-45.6570586,-15.0273493],[-45.6558189,-15.04853],[-45.6748119,-15.0805426],[-45.6938906,-15.084212],[-45.6971788,-15.0929602],[-45.717038,-15.0939099],[-45.7221842,-15.1127719],[-45.7511095,-15.1225822],[-45.7892807,-15.112728],[-45.8017216,-15.1190631],[-45.8116655,-15.1128378],[-45.8253906,-15.1163765],[-45.8349982,-15.1373624],[-45.8588348,-15.144377],[-45.871247,-15.1588109],[-45.9187247,-15.1333697],[-45.9537497,-15.1395291],[-45.9724701,-15.1547163],[-45.9845053,-15.195961],[-46.0295237,-15.2018083],[-46.055945,-15.2618124],[-46.0770818,-15.2646818],[-46.0812509,-15.2485157],[-46.0970883,-15.2431113],[-46.0988173,-15.2167858],[-46.1189155,-15.2020783],[-46.1192454,-15.1922268],[-46.0976932,-15.1926125],[-46.0787231,-15.1755061],[-46.0542806,-15.1719695],[-46.0434498,-15.1461742],[-46.0504706,-15.1329891],[-46.0437202,-15.1181296],[-46.0284766,-15.1141102],[-46.0184972,-15.0813013],[-45.9750056,-15.0368778],[-45.9785215,-14.9985802],[-45.9662535,-14.9770676],[-45.9717481,-14.949123],[-46.0073134,-14.9258421],[-46.00388,-14.9022898],[-46.0375749,-14.8746562],[-45.9976599,-14.8242163],[-45.9642065,-14.8109318],[-45.9432605,-14.7802366],[-45.8859212,-14.7312664],[-45.8585831,-14.696386],[-45.7466422,-14.6011646],[-45.7278649,-14.5713915],[-45.6840183,-14.5478844],[-45.6741173,-14.5184691],[-45.6234338,-14.5043423],[-45.6086232,-14.4780541],[-45.5820529,-14.4525907],[-45.5590848,-14.4424812],[-45.5415049,-14.4142608],[-45.4965304,-14.3778387],[-45.4948292,-14.3584014],[-45.4815214,-14.3461921],[-45.4495378,-14.3285172],[-45.4251197,-14.329517],[-45.4113046,-14.2984926],[-45.3978954,-14.2942107],[-45.374818,-14.2572588],[-45.3338275,-14.2459398],[-45.317823,-14.2253339],[-45.3045479,-14.2246541],[-45.3019189,-14.209102],[-45.263871,-14.2001052],[-45.2415271,-14.1752458],[-45.219427,-14.1674911],[-45.2219258,-14.1546141],[-45.2028895,-14.149648],[-45.1915186,-14.126899],[-45.1598826,-14.1253262],[-45.1250205,-14.1108671],[-45.1068537,-14.1189503],[-45.0999664,-14.09808],[-45.0753597,-14.0762318],[-45.0491491,-14.0736165],[-45.0420829,-14.0611851],[-45.0149582,-14.053992],[-45.0106653,-14.046312],[-44.9505667,-14.0324582],[-44.9404508,-14.0133288],[-44.9235649,-14.0146288],[-44.9086269,-13.990897],[-44.8994246,-13.9365725],[-44.9044866,-13.925739],[-44.8875749,-13.9222071],[-44.8653632,-13.9035647],[-44.8679425,-13.8937839],[-44.8601263,-13.8965483],[-44.8571686,-13.8849081],[-44.8430237,-13.8821469],[-44.8339374,-13.8534235],[-44.8217553,-13.850256],[-44.8083096,-13.829216],[-44.7932553,-13.8246574],[-44.7743947,-13.8353873],[-44.7495268,-13.8658593],[-44.7260314,-13.8711824],[-44.7119529,-13.8892114],[-44.6621057,-13.8915183],[-44.5174069,-14.0044976],[-44.468058,-14.0342143],[-44.3795835,-14.0444767],[-44.3908006,-14.0756425],[-44.4264064,-14.0816422],[-44.4195629,-14.1195537],[-44.4296379,-14.1232873],[-44.4302002,-14.1408602],[-44.4442187,-14.1409469],[-44.4534229,-14.1559598],[-44.4380668,-14.1626222],[-44.4456316,-14.1697981],[-44.436539,-14.1739648],[-44.4445344,-14.1764648],[-44.440075,-14.1884764],[-44.4616837,-14.1944504]]]}},{"type":"Feature","properties":{"level":"municipio","municipality_code":"2908200","municipality_name":"Conceição da Feira","uf":"BA","state_code":"29","area_km2":164.798},"geometry":{"type":"Polygon","coordinates":[[[-38.9219143,-12.4944078],[-38.9163273,-12.4804212],[-38.8979374,-12.4887201],[-38.9057087,-12.4972171],[-38.8776958,-12.5103918],[-38.8808094,-12.5225073],[-38.8903011,-12.5153818],[-38.9106412,-12.5179],[-38.9828892,-12.5516893],[-38.979368,-12.565049],[-39.0044522,-12.5634911],[-39.0073077,-12.5691453],[-39.0261921,-12.551864],[-39.0575239,-12.5409613],[-39.0734891,-12.5024376],[-39.0885103,-12.4957273],[-39.067244,-12.4528689],[-39.0300842,-12.4396635],[-39.0080037,-12.471835],[-38.9685226,-12.4704992],[-38.9219143,-12.4944078]]]}},{"type":"Feature","properties":{"level":"municipio","municipality_code":"2908309","municipality_name":"Conceição do Almeida","uf":"BA","state_code":"29","area_km2":284.836},"geometry":{"type":"Polygon","coordinates":[[[-39.1192456,-12.8173647],[-39.1493548,-12.8262579],[-39.1840952,-12.8726706],[-39.2021915,-12.8751128],[-39.2081519,-12.8637676],[-39.2168497,-12.8647134],[-39.2219347,-12.8844826],[-39.2160435,-12.9072659],[-39.2271212,-12.9066962],[-39.2263675,-12.9422619],[-39.2528903,-12.9348502],[-39.2525378,-12.9476227],[-39.2619962,-12.953612],[-39.3140473,-12.9440046],[-39.3262581,-12.9773659],[-39.3562395,-12.9192626],[-39.3405862,-12.8681165],[-39.3428504,-12.8286151],[-39.3236514,-12.8282284],[-39.3224137,-12.8196397],[-39.2977019,-12.8217861],[-39.2851516,-12.8428065],[-39.2679338,-12.8453729],[-39.2650618,-12.8341305],[-39.2213606,-12.8084385],[-39.2197022,-12.7870309],[-39.1915075,-12.7536465],[-39.1652346,-12.7588146],[-39.1445636,-12.7412346],[-39.1380956,-12.7767377],[-39.1175118,-12.7984885],[-39.1192456,-12.8173647]]]}},{"type":"Feature","properties":{"level":"municipio","municipality_code":"2908408","municipality_name":"Conceição do Coité","uf":"BA","state_code":"29","area_km2":1015.251},"geometry":{"type":"Polygon","coordinates":[[[-39.2331567,-11.7637902],[-39.2531639,-11.7527278],[-39.3626896,-11.6467928],[-39.4864087,-11.6012003],[-39.4307709,-11.5824171],[-39.4192095,-11.5647762],[-39.3464998,-11.506406],[-39.2852295,-11.3746608],[-39.2745553,-11.3830768],[-39.2676103,-11.3780415],[-39.2732147,-11.3370201],[-39.2273067,-11.3392104],[-39.2336098,-11.3231302],[-39.2054568,-11.2736845],[-39.2013162,-11.2800976],[-39.1930853,-11.2701883],[-39.1795871,-11.2695402],[-39.1712458,-11.2805135],[-39.1582377,-11.2703744],[-39.1552487,-11.2820704],[-39.129486,-11.3000621],[-39.1365212,-11.3225988],[-39.1248659,-11.3401535],[-39.1292427,-11.3521319],[-39.1195426,-11.3741395],[-39.1195213,-11.4064421],[-39.1291698,-11.4221271],[-39.1252617,-11.4341768],[-39.1433385,-11.465931],[-39.1407676,-11.493466],[-39.1576189,-11.5290964],[-39.1458906,-11.5376949],[-39.1453884,-11.5740597],[-39.1610575,-11.6229096],[-39.1516008,-11.6777641],[-39.1554171,-11.6865931],[-39.1780087,-11.6854977],[-39.2081023,-11.7115689],[-39.2331567,-11.7637902]]]}},{"type":"Feature","properties":{"level":"municipio","municipality_code":"2908507","municipality_name":"Conceição do Jacuípe","uf":"BA","state_code":"29","area_km2":114.869},"geometry":{"type":"Polygon","coordinates":[[[-38.775202,-12.3641758],[-38.8335488,-12.3682565],[-38.8486879,-12.3499889],[-38.8297572,-12.3521571],[-38.8157979,-12.3376582],[-38.7989601,-12.3370124],[-38.7856608,-12.3248483],[-38.7919166,-12.3122867],[-38.7731486,-12.3100544],[-38.7674613,-12.2954522],[-38.7487115,-12.290054],[-38.7454848,-12.2812078],[-38.7235667,-12.2847947],[-38.7229311,-12.2989909],[-38.7113873,-12.312077],[-38.7044377,-12.3043097],[-38.6869543,-12.3041691],[-38.6773236,-12.3170217],[-38.6828139,-12.3287606],[-38.6553238,-12.3678765],[-38.6562927,-12.3731132],[-38.775202,-12.3641758]]]}},{"type":"Feature","properties":{"level":"municipio","municipality_code":"2908606","municipality_name":"Conde","uf":"BA","state_code":"29","area_km2":931.106},"geometry":{"type":"Polygon","coordinates":[[[-37.6109131,-11.6651434],[-37.556866,-11.7055967],[-37.5343822,-11.7002407],[-37.5346056,-11.7098884],[-37.5206812,-11.7115437],[-37.5290228,-11.7358151],[-37.524481,-11.7421203],[-37.5417199,-11.7552927],[-37.540722,-11.772207],[-37.5130968,-11.7428148],[-37.6101041,-11.9556663],[-37.6857247,-12.0989811],[-37.6934201,-12.0843131],[-37.6879406,-12.0787043],[-37.7006164,-12.0727772],[-37.701694,-12.0630989],[-37.7206859,-12.0496082],[-37.7326049,-12.0520322],[-37.7215033,-12.0184444],[-37.7481748,-12.0067279],[-37.7397528,-11.9750033],[-37.7626583,-11.9652275],[-37.7380836,-11.9078823],[-37.7434313,-11.8931004],[-37.7642834,-11.8702942],[-37.77716,-11.8674207],[-37.7748741,-11.8571595],[-37.7946155,-11.8473454],[-37.8006831,-11.8275102],[-37.8637172,-11.7702922],[-37.8653617,-11.7610931],[-37.8510063,-11.7667827],[-37.8383779,-11.7598534],[-37.8327117,-11.7401977],[-37.7926001,-11.7303509],[-37.7753157,-11.7020829],[-37.7272247,-11.7261474],[-37.7355156,-11.7208449],[-37.7310042,-11.711803],[-37.7382104,-11.687749],[-37.7484585,-11.6785943],[-37.7509855,-11.6419179],[-37.7407772,-11.6293897],[-37.7134684,-11.6327232],[-37.6714268,-11.6715352],[-37.6507485,-11.6705256],[-37.6413498,-11.6603949],[-37.6109131,-11.6651434]]]}},{"type":"Feature","properties":{"level":"municipio","municipality_code":"2908705","municipality_name":"Condeúba","uf":"BA","state_code":"29","area_km2":1348.039},"geometry":{"type":"Polygon","coordinates":[[[-41.9272601,-14.9132306],[-41.9304221,-14.9250641],[-41.9230916,-14.9279079],[-41.9316364,-14.9456851],[-41.9786378,-14.9900573],[-41.9742243,-15.0306201],[-41.9856499,-15.0664378],[-42.0102335,-15.0916094],[-42.0316721,-15.0995397],[-42.0700637,-15.1407877],[-42.0485223,-15.1707345],[-42.0938478,-15.185549],[-42.1163062,-15.1441201],[-42.1499067,-15.1203495],[-42.1533473,-15.0993589],[-42.1733198,-15.085954],[-42.1925991,-15.1031184],[-42.2163937,-15.105632],[-42.2274311,-15.0992664],[-42.2647965,-15.1251786],[-42.2843314,-15.1051072],[-42.2930567,-15.0869212],[-42.2786086,-15.0549513],[-42.2253411,-15.0458475],[-42.208704,-15.0217524],[-42.2024591,-15.0002737],[-42.2366966,-14.9605558],[-42.2390254,-14.942214],[-42.1979247,-14.8575496],[-42.1750041,-14.8338411],[-42.1764235,-14.8220577],[-42.1351409,-14.8112596],[-42.1216977,-14.820098],[-42.0962006,-14.8193062],[-42.0648786,-14.8503276],[-42.0545687,-14.8425364],[-42.0464851,-14.8050403],[-42.0565183,-14.7803688],[-42.0507874,-14.7496554],[-42.0688515,-14.7184483],[-42.0507677,-14.7029301],[-42.0529579,-14.6774912],[-42.037585,-14.6630438],[-41.9978798,-14.6602491],[-42.0078887,-14.680165],[-41.9701568,-14.6963227],[-41.9641692,-14.7086121],[-41.9266421,-14.7042043],[-41.9253044,-14.7401652],[-41.9010153,-14.7389185],[-41.8958047,-14.7522594],[-41.8763073,-14.7613565],[-41.8683956,-14.7793214],[-41.8276235,-14.7963881],[-41.815318,-14.8508414],[-41.8063424,-14.8612431],[-41.8098193,-14.8794747],[-41.8450407,-14.8980798],[-41.8555741,-14.8888313],[-41.8653115,-14.8995899],[-41.8713361,-14.8932882],[-41.8764608,-14.8974262],[-41.8819845,-14.8872895],[-41.8808478,-14.8950383],[-41.8889954,-14.8901156],[-41.8991198,-14.9061473],[-41.9272601,-14.9132306]]]}},{"type":"Feature","properties":{"level":"municipio","municipality_code":"2908804","municipality_name":"Contendas do Sincorá","uf":"BA","state_code":"29","area_km2":977.455},"geometry":{"type":"Polygon","coordinates":[[[-41.1213125,-14.0352024],[-41.1506553,-13.9672361],[-41.170743,-13.9673134],[-41.1746327,-13.9396643],[-41.1859582,-13.9419705],[-41.2156669,-13.9101703],[-41.2220008,-13.8140018],[-41.2051446,-13.821399],[-41.2384209,-13.7823441],[-41.241527,-13.7394155],[-41.2342591,-13.7151346],[-41.1911246,-13.6951901],[-41.1792035,-13.6719201],[-41.1547264,-13.6759864],[-41.105961,-13.6256316],[-41.0530609,-13.609117],[-41.0324625,-13.6259886],[-41.0405371,-13.6442371],[-41.0268768,-13.6503434],[-41.0326094,-13.6605221],[-41.0180952,-13.6725228],[-41.0281213,-13.6764544],[-41.0260255,-13.6879415],[-41.0318484,-13.6883899],[-41.0248032,-13.7011774],[-41.0269249,-13.7130801],[-41.0336761,-13.7137928],[-41.0245681,-13.7345564],[-41.0313943,-13.7462594],[-41.0246203,-13.7480602],[-41.0429741,-13.7678635],[-41.0112344,-13.7946364],[-40.990942,-13.7922223],[-40.9934254,-13.8116631],[-40.9824022,-13.8380998],[-40.9720064,-13.8447637],[-40.9637138,-13.8400405],[-40.9634935,-13.852353],[-40.9494925,-13.8582064],[-40.9542086,-13.8639274],[-40.9464549,-13.879503],[-40.9213571,-13.8910126],[-40.9358417,-13.8977992],[-40.9271639,-13.9048313],[-40.9138668,-13.9012649],[-40.9104316,-13.9115152],[-40.9246411,-13.9207266],[-40.9503658,-13.9065672],[-40.9630276,-13.921061],[-40.9600283,-13.9380953],[-40.9823851,-13.9462619],[-40.9756471,-13.9569112],[-40.9824902,-13.9660273],[-40.9795693,-13.9794365],[-41.0015663,-14.0089421],[-40.9778585,-14.0235959],[-41.0022998,-14.0457749],[-41.0301362,-14.0494045],[-41.0679077,-14.0263711],[-41.1213125,-14.0352024]]]}},{"type":"Feature","properties":{"level":"municipio","municipality_code":"2908903","municipality_name":"Coração de Maria","uf":"BA","state_code":"29","area_km2":378.42},"geometry":{"type":"Polygon","coordinates":[[[-38.7421957,-12.1657767],[-38.7330202,-12.1553908],[-38.6581623,-12.1929032],[-38.6593574,-12.2050383],[-38.6784611,-12.220687],[-38.6983831,-12.278714],[-38.6897527,-12.3033738],[-38.7113873,-12.312077],[-38.7229311,-12.2989909],[-38.7235667,-12.2847947],[-38.7455648,-12.2812286],[-38.7487115,-12.290054],[-38.7674613,-12.2954522],[-38.7731486,-12.3100544],[-38.7881184,-12.3087127],[-38.7857683,-12.32506],[-38.8100964,-12.3387729],[-38.8491093,-12.2897507],[-38.8511787,-12.2696967],[-38.8385386,-12.2622072],[-38.8415547,-12.243617],[-38.8506543,-12.2407491],[-38.8571723,-12.2252841],[-38.8550569,-12.1929018],[-38.8662086,-12.1911684],[-38.8675083,-12.1765497],[-38.8826584,-12.1607107],[-38.881328,-12.1323432],[-38.8918377,-12.1164705],[-38.8740316,-12.0957489],[-38.8551114,-12.1055485],[-38.8035803,-12.1109399],[-38.7957186,-12.105141],[-38.7633307,-12.1187555],[-38.7528547,-12.1408805],[-38.7524333,-12.1652164],[-38.7421957,-12.1657767]]]}},{"type":"Feature","properties":{"level":"municipio","municipality_code":"2909000","municipality_name":"Cordeiros","uf":"BA","state_code":"29","area_km2":523.64},"geometry":{"type":"Polygon","coordinates":[[[-41.8280445,-15.0519894],[-41.8090528,-15.0790693],[-41.815646,-15.1080421],[-41.8704306,-15.1151801],[-41.8802692,-15.1373504],[-41.8970388,-15.1518993],[-41.9266274,-15.1607913],[-41.9325365,-15.1745017],[-41.9877935,-15.1683289],[-41.9946916,-15.1588745],[-42.0485223,-15.1707345],[-42.0698375,-15.1417176],[-42.0316721,-15.0995397],[-42.0102335,-15.0916094],[-41.9856499,-15.0664378],[-41.9742243,-15.0306201],[-41.9786378,-14.9900573],[-41.9316364,-14.9456851],[-41.9230916,-14.9279079],[-41.9304221,-14.9250641],[-41.9272601,-14.9132306],[-41.8991198,-14.9061473],[-41.8889954,-14.8901156],[-41.8808478,-14.8950383],[-41.8819845,-14.8872895],[-41.8657166,-14.8996056],[-41.855809,-14.8888284],[-41.8450407,-14.8980798],[-41.8297974,-14.8926762],[-41.8172951,-14.9163048],[-41.7935757,-14.9251002],[-41.7946425,-14.9395644],[-41.7818412,-14.9601456],[-41.7874423,-14.9894997],[-41.8024967,-14.9907248],[-41.8082276,-15.0063229],[-41.8251268,-14.9975308],[-41.8374762,-15.0182321],[-41.8157916,-15.0355132],[-41.7888468,-15.0415685],[-41.8256478,-15.0451271],[-41.8280445,-15.0519894]]]}},{"type":"Feature","properties":{"level":"municipio","municipality_code":"2909109","municipality_name":"Coribe","uf":"BA","state_code":"29","area_km2":2665.141},"geometry":{"type":"Polygon","coordinates":[[[-44.3525846,-14.0479688],[-44.468058,-14.0342143],[-44.4965372,-14.0179432],[-44.6629598,-13.8910457],[-44.7119529,-13.8892114],[-44.7260314,-13.8711824],[-44.7489905,-13.8662629],[-44.7664109,-13.8409081],[-44.7963508,-13.8251604],[-44.7990295,-13.800594],[-44.7776891,-13.7849146],[-44.7221138,-13.7652528],[-44.7143695,-13.750195],[-44.6976135,-13.7523859],[-44.6711614,-13.7355229],[-44.6765978,-13.7293499],[-44.6553656,-13.7237669],[-44.6510884,-13.7316902],[-44.6381906,-13.7124038],[-44.5953456,-13.7038761],[-44.5885789,-13.6843431],[-44.5801922,-13.6882105],[-44.570524,-13.6732021],[-44.541977,-13.67728],[-44.5019497,-13.6663964],[-44.50019,-13.6563809],[-44.4665697,-13.6440849],[-44.4531551,-13.6250763],[-44.4253029,-13.6223481],[-44.3804991,-13.5952337],[-44.3493614,-13.5988039],[-44.3493893,-13.5885751],[-44.3269455,-13.5811561],[-44.3159855,-13.5594475],[-44.310818,-13.5649325],[-44.3089605,-13.5566167],[-44.2852981,-13.5555034],[-44.2770022,-13.5181903],[-44.2532712,-13.5109866],[-44.2393318,-13.5886233],[-44.1881668,-13.6582224],[-44.1801276,-13.6840438],[-44.1442958,-13.6897226],[-44.0628347,-13.7579966],[-44.019509,-13.8066285],[-44.0212911,-13.8127944],[-44.0328803,-13.8039173],[-44.0165901,-13.8254117],[-44.0275149,-13.8306563],[-44.0265832,-13.8357774],[-44.0052711,-13.8291248],[-44.0035404,-13.8434277],[-44.013484,-13.8432889],[-44.0095886,-13.8533126],[-44.0279659,-13.8557026],[-44.0232426,-13.8634786],[-44.0343217,-13.8697527],[-44.02724,-13.8799986],[-44.0317667,-13.8890018],[-44.0399241,-13.8869098],[-44.0482059,-13.8663762],[-44.0728614,-13.8695055],[-44.0554792,-13.8741179],[-44.0494203,-13.8977444],[-44.0312416,-13.8977311],[-44.0294382,-13.9077122],[-44.0376283,-13.903836],[-44.0555661,-13.9161249],[-44.0522889,-13.9306575],[-44.0588169,-13.924284],[-44.0674532,-13.9285892],[-44.0579195,-13.9473099],[-44.0703341,-13.9428086],[-44.0720547,-13.9502542],[-44.0746609,-13.9373267],[-44.0855363,-13.9386153],[-44.0792906,-13.9269943],[-44.0846705,-13.914491],[-44.0771497,-13.9145997],[-44.0832014,-13.905608],[-44.0917706,-13.9078812],[-44.0905238,-13.9258013],[-44.0981161,-13.9267504],[-44.1107949,-13.9486838],[-44.1020026,-13.9624635],[-44.1100827,-13.9723979],[-44.1010716,-13.9743027],[-44.107251,-13.985091],[-44.154849,-13.9497026],[-44.187955,-13.9442745],[-44.1854821,-13.935926],[-44.1972739,-13.9265394],[-44.2316062,-13.94267],[-44.2295936,-13.9582472],[-44.252834,-13.9716337],[-44.2502031,-13.9933236],[-44.2688057,-14.0055248],[-44.2787431,-14.0323828],[-44.3525846,-14.0479688]]]}},{"type":"Feature","properties":{"level":"municipio","municipality_code":"2909208","municipality_name":"Coronel João Sá","uf":"BA","state_code":"29","area_km2":797.434},"geometry":{"type":"Polygon","coordinates":[[[-37.83513059522119,-10.37883023663032],[-37.8382657,-10.4026976],[-37.8530312,-10.4061878],[-37.852755,-10.4251898],[-37.85959,-10.4270181],[-37.8477318,-10.4434917],[-37.8788009,-10.4402834],[-37.9088985,-10.4486826],[-37.9153364,-10.4405452],[-37.907479,-10.4329342],[-37.9220493,-10.4227372],[-37.9205131,-10.413076],[-37.935281,-10.4104642],[-37.9342855,-10.3958846],[-37.9543028,-10.3976903],[-37.9549086,-10.4066828],[-37.9667564,-10.3938829],[-37.9822026,-10.4000743],[-38.0011715,-10.3753383],[-38.0172075,-10.3764693],[-38.0201023,-10.3847767],[-38.0307584,-10.3721158],[-38.0383035,-10.3782404],[-38.0374664,-10.340624],[-38.0547342,-10.3276329],[-38.0589937,-10.3110121],[-38.0509163,-10.2943242],[-38.0612232,-10.2879464],[-38.0537915,-10.2857995],[-38.0548925,-10.276331],[-38.0706161,-10.2753262],[-38.0611689,-10.2618752],[-38.0724675,-10.245054],[-38.0649136,-10.2346246],[-38.0833369,-10.2292091],[-38.0936982,-10.2458912],[-38.0982241,-10.2373908],[-38.0879478,-10.2285676],[-38.1047904,-10.2229885],[-38.1095361,-10.2087083],[-38.0897173,-10.1479155],[-38.0441144,-10.1412169],[-38.0180452,-10.1234827],[-37.9653052,-10.1466605],[-37.9514247,-10.1616011],[-37.9171513,-10.1620051],[-37.8362848,-10.2295608],[-37.7930104,-10.2469142],[-37.781362,-10.2759126],[-37.7451248,-10.3135839],[-37.7433128,-10.3383907],[-37.7851554,-10.3455695],[-37.7882391,-10.3567238],[-37.83513059522119,-10.37883023663032]]]}},{"type":"Feature","properties":{"level":"municipio","municipality_code":"2909307","municipality_name":"Correntina","uf":"BA","state_code":"29","area_km2":11504.314},"geometry":{"type":"Polygon","coordinates":[[[-44.3364147,-13.4140596],[-44.3526099,-13.4113918],[-44.354819,-13.4180514],[-44.3650659,-13.4080119],[-44.3703491,-13.4186775],[-44.3818246,-13.4086964],[-44.3822862,-13.4178118],[-44.3961071,-13.4174818],[-44.3955817,-13.4218704],[-44.3981143,-13.4252591],[-44.4018747,-13.4286235],[-44.4164191,-13.4250508],[-44.4309646,-13.4318502],[-44.4321884,-13.4220676],[-44.4544694,-13.417056],[-44.4681524,-13.4265071],[-44.4820959,-13.4223143],[-44.4927456,-13.4311232],[-44.5026418,-13.4671426],[-44.5111141,-13.5111046],[-44.5065348,-13.5186812],[-44.54343,-13.519659],[-44.6158914,-13.5408999],[-44.6406491,-13.5297329],[-44.668062,-13.5345463],[-44.7239208,-13.5860198],[-44.8924985,-13.6713747],[-45.1171456,-13.6744537],[-45.1225627,-13.665729],[-45.1279851,-13.6710394],[-45.1216179,-13.6734831],[-45.1374514,-13.6791914],[-45.1344003,-13.6850307],[-45.1433017,-13.6844126],[-45.1649343,-13.7027693],[-45.1837413,-13.7048575],[-45.1949064,-13.7211447],[-45.2406372,-13.7449458],[-45.2760881,-13.7392538],[-45.289678,-13.7485588],[-45.3019529,-13.7342838],[-45.3370543,-13.7212268],[-45.3645624,-13.7363142],[-45.4355361,-13.7313915],[-45.4797463,-13.7382963],[-45.5216601,-13.7647184],[-45.5837236,-13.7681398],[-45.6130872,-13.7532201],[-45.6742967,-13.7387438],[-45.7020401,-13.7488997],[-45.7144514,-13.7624246],[-45.7309293,-13.7600453],[-45.7450269,-13.7719768],[-45.7639839,-13.7729512],[-45.7913454,-13.797433],[-45.8041538,-13.7963598],[-45.8149589,-13.8133409],[-45.8257323,-13.8098466],[-45.8450072,-13.8250039],[-45.8616965,-13.8273227],[-45.8693306,-13.8387989],[-45.8833961,-13.8416138],[-45.8832666,-13.851923],[-45.9040423,-13.8750196],[-45.9477219,-13.884972],[-45.9536679,-13.9010562],[-45.9749226,-13.8990239],[-45.9922361,-13.9256311],[-46.0053183,-13.926508],[-46.011002,-13.9364339],[-46.0306496,-13.9342107],[-46.0468637,-13.9519119],[-46.0881362,-13.954981],[-46.0911142,-13.9630716],[-46.121687,-13.977494],[-46.1686115,-13.9796974],[-46.2121209,-14.0101204],[-46.2242605,-14.0036071],[-46.220066,-13.9754228],[-46.2530267,-13.9695326],[-46.2641903,-13.9474351],[-46.266989,-13.9174978],[-46.2571551,-13.8959428],[-46.2621164,-13.8893179],[-46.2324747,-13.8486074],[-46.2497673,-13.8296257],[-46.273631,-13.8287797],[-46.2639037,-13.8073958],[-46.2814955,-13.7951095],[-46.2229368,-13.7654029],[-46.2510312,-13.7368664],[-46.2628572,-13.7348173],[-46.2356033,-13.7098502],[-46.2406728,-13.6944292],[-46.2636329,-13.691393],[-46.2376411,-13.6521264],[-46.1627454,-13.6036421],[-46.1675389,-13.5897333],[-46.1872551,-13.5754193],[-46.2317192,-13.5832136],[-46.2474525,-13.5786604],[-46.2370437,-13.5549088],[-46.2472571,-13.5216887],[-46.2255154,-13.5051073],[-46.2268222,-13.4896416],[-46.2370637,-13.4871504],[-46.233156,-13.4817453],[-45.931578,-13.2965387],[-45.8428028,-13.2580977],[-45.7309482,-13.2345306],[-45.6878372,-13.2101275],[-45.608636,-13.1848221],[-45.5560205,-13.1921808],[-45.4636196,-13.1566086],[-45.4273391,-13.1569753],[-45.4028151,-13.1677818],[-45.3684028,-13.151897],[-45.3238855,-13.1496023],[-45.29394,-13.1339685],[-45.2134778,-13.1297554],[-45.1291192,-13.0924447],[-45.0459398,-13.0708003],[-44.9710192,-13.0366006],[-44.9643586,-13.041453],[-44.9309368,-13.0215993],[-44.7880616,-12.9896682],[-44.7784356,-13.0125734],[-44.7560493,-13.0182013],[-44.7416546,-13.042031],[-44.7204745,-13.0504665],[-44.718489,-13.0697631],[-44.6979714,-13.0944379],[-44.70267,-13.1011312],[-44.6868105,-13.1291171],[-44.6707306,-13.1398477],[-44.6745974,-13.1483001],[-44.6600767,-13.1511433],[-44.6531861,-13.1674548],[-44.6228442,-13.1779709],[-44.6039459,-13.2012088],[-44.6069098,-13.2067084],[-44.596709,-13.2088582],[-44.5961854,-13.2258489],[-44.5840579,-13.2283568],[-44.5856833,-13.2398089],[-44.5750721,-13.243516],[-44.5756132,-13.2578065],[-44.5603835,-13.2739402],[-44.5632854,-13.3005676],[-44.5521611,-13.3226312],[-44.5589883,-13.3308183],[-44.5458941,-13.3356627],[-44.5460272,-13.3494668],[-44.5232217,-13.3556785],[-44.5107535,-13.3728307],[-44.4921931,-13.371678],[-44.4819467,-13.3833243],[-44.4538235,-13.3799774],[-44.4503471,-13.3869549],[-44.4269343,-13.3694897],[-44.4209083,-13.3856068],[-44.3897903,-13.3826738],[-44.3696498,-13.3974731],[-44.3385996,-13.3926585],[-44.3288383,-13.4075809],[-44.3364147,-13.4140596]]]}},{"type":"Feature","properties":{"level":"municipio","municipality_code":"2909406","municipality_name":"Cotegipe","uf":"BA","state_code":"29","area_km2":4282.775},"geometry":{"type":"Polygon","coordinates":[[[-44.1652303,-12.0637183],[-44.1642228,-12.0794062],[-44.1743771,-12.0908212],[-44.2513481,-12.1282199],[-44.2681861,-12.1200188],[-44.2734941,-12.1277172],[-44.2948127,-12.126597],[-44.3002104,-12.1074136],[-44.3453962,-12.1027129],[-44.3485398,-12.0805447],[-44.6633098,-11.7476794],[-44.6539844,-11.7380867],[-44.6580419,-11.7312548],[-44.6416136,-11.7294721],[-44.6487091,-11.7186342],[-44.6417819,-11.7092576],[-44.6512247,-11.6913858],[-44.6615837,-11.6879301],[-44.6574131,-11.6784132],[-44.6670223,-11.6785086],[-44.6749547,-11.6608911],[-44.6853704,-11.6596087],[-44.6853752,-11.4078283],[-44.6723236,-11.4125718],[-44.6457915,-11.4052473],[-44.5550855,-11.4028395],[-44.5313345,-11.4187128],[-44.5159574,-11.415954],[-44.4976128,-11.3994505],[-44.4742356,-11.4069347],[-44.464238,-11.388308],[-44.4369968,-11.3882978],[-44.4180416,-11.3633627],[-44.4110611,-11.381034],[-44.3916372,-11.3966165],[-44.391762,-11.4191529],[-44.3795619,-11.4155224],[-44.3774537,-11.4337536],[-44.3713302,-11.4331151],[-44.3769212,-11.4432428],[-44.3514336,-11.4446391],[-44.3418699,-11.465058],[-44.3435,-11.4792827],[-44.3499995,-11.478136],[-44.3385007,-11.4936358],[-44.3341176,-11.4828457],[-44.3212297,-11.4880138],[-44.3056193,-11.4781199],[-44.299115,-11.4853204],[-44.289671,-11.4719536],[-44.2847941,-11.482166],[-44.2768888,-11.4719374],[-44.2630541,-11.4783274],[-44.2512462,-11.4617413],[-44.2380275,-11.4716615],[-44.2258278,-11.4517848],[-44.2152476,-11.4692614],[-44.2082103,-11.458954],[-44.1951753,-11.4603675],[-44.1933318,-11.4501464],[-44.1826763,-11.4566613],[-44.1744867,-11.4489453],[-44.1680571,-11.4570766],[-44.1468997,-11.4379283],[-44.1481879,-11.430217],[-44.1190755,-11.4377838],[-44.1205833,-11.4188902],[-44.0906034,-11.4202488],[-44.0872654,-11.4274216],[-44.0801934,-11.4205953],[-44.0676805,-11.439957],[-44.0513185,-11.4288834],[-44.0318891,-11.4444028],[-44.034894,-11.4222036],[-44.0198304,-11.4275639],[-44.0102725,-11.4111174],[-43.9948842,-11.4226591],[-43.988602,-11.4123891],[-44.0002471,-11.3972914],[-43.9736042,-11.3980023],[-43.9859566,-11.3812096],[-43.9554294,-11.377046],[-43.9456624,-11.3642288],[-43.9263049,-11.3704127],[-43.9212215,-11.3460098],[-43.911212,-11.3650714],[-43.8898948,-11.3641658],[-43.8775986,-11.3540733],[-43.855619,-11.3656201],[-43.8369638,-11.3530567],[-43.8416438,-11.3764336],[-43.8723537,-11.4009965],[-43.8680437,-11.4284545],[-43.8771086,-11.4493768],[-43.9201356,-11.4456171],[-43.9278561,-11.4381521],[-43.9570029,-11.4451558],[-43.9528874,-11.4528018],[-43.9867832,-11.478571],[-43.9865352,-11.4912702],[-43.9940102,-11.4963571],[-43.9901555,-11.5072698],[-44.0022895,-11.5105804],[-44.0051742,-11.5029576],[-44.0255819,-11.4996293],[-44.0356971,-11.5080843],[-44.0292492,-11.5277176],[-44.0367382,-11.5327205],[-44.0305834,-11.5399819],[-44.0386441,-11.5549235],[-44.0817118,-11.559058],[-44.0823772,-11.5693099],[-44.0907626,-11.5646748],[-44.086409,-11.5717723],[-44.0959509,-11.5821914],[-44.0826416,-11.5900391],[-44.0928517,-11.6146392],[-44.107072,-11.6162434],[-44.1127772,-11.601158],[-44.1070261,-11.5920198],[-44.1159191,-11.5966074],[-44.1182559,-11.5846773],[-44.1331385,-11.5977266],[-44.1326908,-11.6078594],[-44.1370974,-11.5973279],[-44.1560617,-11.6105809],[-44.1706986,-11.6553172],[-44.1632747,-11.6747611],[-44.1676651,-11.687213],[-44.1551657,-11.6876919],[-44.1624722,-11.6902381],[-44.1640704,-11.7061868],[-44.149214,-11.7021046],[-44.1488217,-11.7196707],[-44.1562637,-11.7231859],[-44.1492379,-11.7365519],[-44.1185733,-11.7434061],[-44.1129171,-11.7556575],[-44.1022572,-11.7587411],[-44.0860581,-11.7528302],[-44.0623368,-11.7653177],[-44.0502505,-11.7618334],[-44.0357755,-11.8110286],[-44.0197755,-11.803486],[-44.006573,-11.8165831],[-44.0163384,-11.8442901],[-44.0088962,-11.8743775],[-44.0137827,-11.8979505],[-44.0484519,-11.959163],[-44.0502731,-11.9930306],[-44.0723929,-12.018275],[-44.1119515,-12.0325403],[-44.1136782,-12.0463965],[-44.1306408,-12.066149],[-44.1652303,-12.0637183]]]}},{"type":"Feature","properties":{"level":"municipio","municipality_code":"2909505","municipality_name":"Cravolândia","uf":"BA","state_code":"29","area_km2":182.518},"geometry":{"type":"Polygon","coordinates":[[[-39.8467661,-13.4378714],[-39.8773564,-13.3913255],[-39.8125808,-13.3370036],[-39.7793574,-13.3745572],[-39.770523,-13.3662932],[-39.7409844,-13.3811911],[-39.7420832,-13.4130859],[-39.7230869,-13.4133681],[-39.7106026,-13.4561063],[-39.7294353,-13.4895189],[-39.708724,-13.497504],[-39.6959096,-13.51547],[-39.706605,-13.5200477],[-39.7264554,-13.503195],[-39.7443053,-13.5033099],[-39.7728787,-13.5176891],[-39.7715713,-13.4834563],[-39.7852994,-13.4768907],[-39.7901483,-13.459851],[-39.8467661,-13.4378714]]]}},{"type":"Feature","properties":{"level":"municipio","municipality_code":"2909703","municipality_name":"Cristópolis","uf":"BA","state_code":"29","area_km2":1052.837},"geometry":{"type":"Polygon","coordinates":[[[-44.443481,-12.092953],[-44.3002104,-12.1074136],[-44.2948127,-12.126597],[-44.2734941,-12.1277172],[-44.2681861,-12.1200188],[-44.2513481,-12.1282199],[-44.1743771,-12.0908212],[-44.1642228,-12.0794062],[-44.1640406,-12.0608244],[-44.1494486,-12.0698054],[-44.1306408,-12.066149],[-44.1136782,-12.0463965],[-44.1034392,-12.0617594],[-44.0845639,-12.0607542],[-44.0464181,-12.0782243],[-44.055663,-12.1066605],[-44.0800808,-12.1271149],[-44.0804526,-12.1566851],[-44.0518093,-12.1593822],[-44.0439186,-12.1821718],[-44.0103535,-12.1711108],[-43.987386,-12.1744035],[-43.9895756,-12.189894],[-43.9651095,-12.1824696],[-43.960715,-12.1866438],[-43.9743956,-12.2293008],[-43.9575771,-12.2372089],[-44.0497876,-12.2726752],[-44.0624333,-12.2562036],[-44.0810998,-12.2530609],[-44.2062271,-12.2637573],[-44.2316533,-12.2593853],[-44.293337,-12.3050921],[-44.3384995,-12.3059893],[-44.3511821,-12.2965348],[-44.3964248,-12.2877041],[-44.4645895,-12.3081299],[-44.4758974,-12.3035056],[-44.4807311,-12.3113586],[-44.4965099,-12.3015938],[-44.5316076,-12.3081779],[-44.5351273,-12.3005581],[-44.443481,-12.092953]]]}},{"type":"Feature","properties":{"level":"municipio","municipality_code":"2909604","municipality_name":"Crisópolis","uf":"BA","state_code":"29","area_km2":636.609},"geometry":{"type":"Polygon","coordinates":[[[-38.0768305,-11.4713229],[-38.0632904,-11.4766817],[-38.0485007,-11.4973455],[-38.0555187,-11.529917],[-37.980094,-11.5946131],[-38.0334632,-11.6041291],[-38.0339467,-11.5939624],[-38.0520532,-11.5833522],[-38.066814,-11.5895084],[-38.0628112,-11.6115658],[-38.077727,-11.6065401],[-38.0895445,-11.6186114],[-38.1043546,-11.6185574],[-38.1097925,-11.611757],[-38.1175245,-11.6170861],[-38.1490916,-11.6089483],[-38.1542095,-11.6355479],[-38.2235229,-11.6413189],[-38.246013,-11.6255336],[-38.2744284,-11.6474426],[-38.2797582,-11.6386137],[-38.3017082,-11.6358617],[-38.2638326,-11.423965],[-38.238735,-11.3720818],[-38.2195094,-11.3551462],[-38.2074304,-11.3521829],[-38.1792844,-11.3645654],[-38.121002,-11.4256708],[-38.1001882,-11.4276281],[-38.0988082,-11.4420532],[-38.0768305,-11.4713229]]]}},{"type":"Feature","properties":{"level":"municipio","municipality_code":"2909802","municipality_name":"Cruz das Almas","uf":"BA","state_code":"29","area_km2":139.117},"geometry":{"type":"Polygon","coordinates":[[[-39.1140292,-12.6379076],[-39.0849347,-12.6444475],[-39.0706686,-12.6544984],[-39.0443196,-12.6490608],[-39.0534512,-12.6893054],[-39.0484465,-12.7181717],[-39.0576352,-12.7300936],[-39.1445636,-12.7412346],[-39.1411675,-12.723828],[-39.211583,-12.6486749],[-39.1772181,-12.6297706],[-39.139772,-12.6442797],[-39.1140292,-12.6379076]]]}},{"type":"Feature","properties":{"level":"municipio","municipality_code":"2909901","municipality_name":"Curaçá","uf":"BA","state_code":"29","area_km2":5950.614},"geometry":{"type":"Polygon","coordinates":[[[-39.6931445,-8.676238],[-39.6888359,-8.6608504],[-39.5952263,-8.6512059],[-39.5186123,-8.6039111],[-39.4761113,-8.5927932],[-39.4521096,-8.5631991],[-39.4354904,-8.5633018],[-39.4095233,-8.5389001],[-39.3797936,-8.5328206],[-39.3568091,-8.5448965],[-39.373572,-8.5632714],[-39.4915814,-8.8358578],[-39.4684681,-8.9762028],[-39.4081685,-9.1331443],[-39.3512429,-9.1572512],[-39.3629038,-9.1783287],[-39.3603918,-9.2101139],[-39.3726413,-9.2250859],[-39.3573793,-9.287403],[-39.3646685,-9.2906147],[-39.3677314,-9.3105399],[-39.3907179,-9.3186819],[-39.3958278,-9.3288598],[-39.3922876,-9.338111],[-39.4081429,-9.36007],[-39.4043138,-9.4451009],[-39.4108225,-9.4567835],[-39.4356853,-9.4576381],[-39.4465918,-9.5003602],[-39.4283301,-9.533811],[-39.4119563,-9.5434054],[-39.4151769,-9.5602915],[-39.4076667,-9.5779898],[-39.386383,-9.5781019],[-39.3595727,-9.6156913],[-39.6000655,-9.6996446],[-39.6441021,-9.7068286],[-39.6689216,-9.7291686],[-39.6561897,-9.7405538],[-39.6628186,-9.750663],[-39.7957647,-9.8438103],[-39.8232885,-9.8246973],[-39.8377727,-9.8283462],[-39.8823411,-9.7458873],[-39.9021214,-9.7345601],[-39.8886626,-9.6657754],[-39.8958603,-9.6130979],[-39.8812,-9.5517235],[-39.8677428,-9.5265413],[-39.8750257,-9.4992649],[-39.8646331,-9.4347807],[-39.8864083,-9.3298093],[-39.8797286,-9.2693319],[-39.8608353,-9.2307545],[-39.8641164,-9.2104806],[-39.8689039,-9.1997922],[-39.8896376,-9.1896818],[-39.8941706,-9.1664709],[-39.9072976,-9.1573066],[-39.9016085,-9.1304765],[-39.9127691,-9.1219301],[-39.9118703,-9.1126976],[-39.9341971,-9.1178259],[-39.9405258,-9.1104442],[-39.9592921,-9.1220844],[-39.9694027,-9.1199567],[-39.9859859,-9.0779924],[-39.9767756,-9.0664634],[-39.9784499,-9.0548632],[-39.9554987,-9.046248],[-39.8888191,-8.9658368],[-39.8744286,-8.9367385],[-39.8794186,-8.9019086],[-39.9029382,-8.8587436],[-39.8929577,-8.828794],[-39.8227319,-8.8135158],[-39.7926627,-8.819891],[-39.7477853,-8.794041],[-39.6951287,-8.7995714],[-39.6746292,-8.7871572],[-39.67502,-8.7366674],[-39.6931445,-8.676238]]]}},{"type":"Feature","properties":{"level":"municipio","municipality_code":"2906709","municipality_name":"Cândido Sales","uf":"BA","state_code":"29","area_km2":1169.814},"geometry":{"type":"Polygon","coordinates":[[[-41.362453,-15.4947699],[-41.4561044,-15.4103354],[-41.4584431,-15.3835381],[-41.4362072,-15.3462563],[-41.4157182,-15.3316597],[-41.4245864,-15.3104099],[-41.4085178,-15.2835736],[-41.3859991,-15.2820427],[-41.4131938,-15.1646863],[-41.3770525,-15.1631976],[-41.3662178,-15.1392069],[-41.3439778,-15.1187264],[-41.2729369,-15.1893865],[-41.2023065,-15.2101298],[-41.1639591,-15.1996488],[-41.1478222,-15.2320605],[-41.158337,-15.2639452],[-41.1584024,-15.3101646],[-41.1448002,-15.304341],[-41.1448002,-15.345123],[-41.1332032,-15.3716892],[-41.1430247,-15.3855014],[-41.1401709,-15.401781],[-41.0973595,-15.4221606],[-41.0818304,-15.4580738],[-41.0560595,-15.4598361],[-41.0428057,-15.4744026],[-41.0343579,-15.4727519],[-41.0313693,-15.483901],[-41.0521583,-15.5090232],[-41.0662899,-15.5108297],[-41.0733863,-15.5030854],[-41.0974664,-15.5289427],[-41.1058878,-15.5303947],[-41.1112626,-15.5194545],[-41.1334371,-15.5244052],[-41.1458976,-15.5450086],[-41.1508092,-15.5341722],[-41.1734646,-15.5365609],[-41.1777632,-15.5247397],[-41.1965855,-15.5162531],[-41.2049931,-15.4916782],[-41.2343671,-15.5144068],[-41.292584,-15.5079867],[-41.3173127,-15.5129292],[-41.3355313,-15.4981016],[-41.362453,-15.4947699]]]}},{"type":"Feature","properties":{"level":"municipio","municipality_code":"2907806","municipality_name":"Cícero Dantas","uf":"BA","state_code":"29","area_km2":817.023},"geometry":{"type":"Polygon","coordinates":[[[-38.3982411,-10.629996],[-38.4370169,-10.6091685],[-38.4982617,-10.6059605],[-38.5339608,-10.564128],[-38.5468253,-10.5641921],[-38.5559301,-10.5523884],[-38.5671612,-10.5546834],[-38.5733559,-10.5269352],[-38.6127034,-10.5461322],[-38.6272708,-10.5250041],[-38.6213415,-10.5156142],[-38.6529507,-10.4965094],[-38.6561397,-10.4850838],[-38.6327205,-10.4671466],[-38.6355456,-10.4445071],[-38.6236015,-10.4478214],[-38.6218677,-10.4399021],[-38.6397848,-10.3847534],[-38.6518396,-10.3785263],[-38.6476986,-10.3669194],[-38.5748038,-10.333586],[-38.5563259,-10.3461793],[-38.5416367,-10.3465487],[-38.5029159,-10.3769297],[-38.5063011,-10.4096428],[-38.4931478,-10.4428029],[-38.479702,-10.451471],[-38.4612517,-10.4534493],[-38.4412371,-10.4448452],[-38.433056,-10.452381],[-38.4192352,-10.4369224],[-38.4137484,-10.4667176],[-38.3834225,-10.4652757],[-38.3670022,-10.4763602],[-38.3507054,-10.4697308],[-38.2902226,-10.4769987],[-38.2492349,-10.4594749],[-38.2244391,-10.4702371],[-38.2198618,-10.4766541],[-38.236207,-10.4917929],[-38.2349838,-10.5057822],[-38.2473186,-10.5223687],[-38.2839625,-10.5381425],[-38.2883492,-10.5675716],[-38.2774987,-10.5908113],[-38.2683264,-10.6746194],[-38.2964647,-10.6507757],[-38.3982411,-10.629996]]]}},{"type":"Feature","properties":{"level":"municipio","municipality_code":"2910057","municipality_name":"Dias d'Ávila","uf":"BA","state_code":"29","area_km2":183.759},"geometry":{"type":"Polygon","coordinates":[[[-38.2262038,-12.6401295],[-38.281615,-12.6300612],[-38.2870113,-12.6350608],[-38.2991136,-12.6240542],[-38.3101902,-12.6245961],[-38.3080444,-12.6187051],[-38.3387271,-12.6307978],[-38.3398459,-12.6447381],[-38.3499096,-12.6387238],[-38.3757556,-12.6771056],[-38.398931,-12.6605464],[-38.3995858,-12.6514633],[-38.3928398,-12.6073974],[-38.3717055,-12.5994522],[-38.3676055,-12.5854512],[-38.3870305,-12.5561614],[-38.4087973,-12.550087],[-38.3517503,-12.5366632],[-38.3422325,-12.5439258],[-38.3499135,-12.5563804],[-38.3471886,-12.5736937],[-38.3205603,-12.5770349],[-38.3051551,-12.5958774],[-38.2756087,-12.6117133],[-38.252387,-12.5996235],[-38.2496197,-12.5757049],[-38.2310542,-12.5663827],[-38.1950561,-12.5647321],[-38.1782399,-12.5411467],[-38.1673149,-12.542161],[-38.1589104,-12.5546268],[-38.1609524,-12.5678992],[-38.1380627,-12.5770479],[-38.1318564,-12.6024921],[-38.1428893,-12.6064565],[-38.1534294,-12.5975164],[-38.1766296,-12.5972564],[-38.1821297,-12.6170365],[-38.2033599,-12.6250966],[-38.2251426,-12.6466098],[-38.2262038,-12.6401295]]]}},{"type":"Feature","properties":{"level":"municipio","municipality_code":"2910107","municipality_name":"Dom Basílio","uf":"BA","state_code":"29","area_km2":689.516},"geometry":{"type":"Polygon","coordinates":[[[-41.7185873,-13.9774016],[-41.7545379,-13.9906568],[-41.7679785,-13.9877389],[-41.7824163,-13.9506643],[-41.8239527,-13.9031093],[-41.8159406,-13.8928626],[-41.8226808,-13.884888],[-41.8115476,-13.8704229],[-41.8324591,-13.8617663],[-41.8361155,-13.8737855],[-41.8435395,-13.8687173],[-41.8568486,-13.8443278],[-41.8506959,-13.8268871],[-41.8641683,-13.8262205],[-41.8439955,-13.7970005],[-41.8402592,-13.7603944],[-41.8237562,-13.7548965],[-41.8181688,-13.7614702],[-41.8098911,-13.7561399],[-41.7912097,-13.7626191],[-41.78479,-13.7601943],[-41.7904491,-13.7508492],[-41.7763051,-13.7237302],[-41.7500826,-13.6994768],[-41.7494065,-13.6613135],[-41.7433915,-13.6713967],[-41.711398,-13.6854923],[-41.6961314,-13.7127319],[-41.6868611,-13.7142362],[-41.6889987,-13.7382641],[-41.6568562,-13.7591762],[-41.6404908,-13.7815821],[-41.6395316,-13.7957528],[-41.6044149,-13.8329873],[-41.5996499,-13.8500621],[-41.578353,-13.8660103],[-41.5591635,-13.9443053],[-41.6604395,-14.0010437],[-41.7185873,-13.9774016]]]}},{"type":"Feature","properties":{"level":"municipio","municipality_code":"2910206","municipality_name":"Dom Macedo Costa","uf":"BA","state_code":"29","area_km2":94.778},"geometry":{"type":"Polygon","coordinates":[[[-39.1798215,-12.9468942],[-39.222954,-12.9406064],[-39.2288654,-12.9135966],[-39.2271212,-12.9066962],[-39.2160435,-12.9072659],[-39.2219347,-12.8844826],[-39.216678,-12.8645318],[-39.2081519,-12.8637676],[-39.2021915,-12.8751128],[-39.1850225,-12.873061],[-39.1618402,-12.8489717],[-39.1310748,-12.8847529],[-39.1377801,-12.9231844],[-39.1235722,-12.9401114],[-39.1281475,-12.955726],[-39.1199767,-12.9632372],[-39.1642193,-12.9638072],[-39.1798215,-12.9468942]]]}},{"type":"Feature","properties":{"level":"municipio","municipality_code":"2910008","municipality_name":"Dário Meira","uf":"BA","state_code":"29","area_km2":413.637},"geometry":{"type":"Polygon","coordinates":[[[-39.9483333,-14.362948],[-39.9068268,-14.3645071],[-39.8912768,-14.3803097],[-39.8652403,-14.387535],[-39.8497849,-14.3748425],[-39.823685,-14.3825996],[-39.8329164,-14.3952494],[-39.82971,-14.4327393],[-39.8376721,-14.4434592],[-39.8457496,-14.4364434],[-39.8571273,-14.4515829],[-39.8726761,-14.432911],[-39.9019324,-14.4353771],[-39.9189971,-14.4684396],[-39.9440102,-14.4795548],[-39.9545552,-14.466832],[-40.0110821,-14.5316811],[-40.0243915,-14.5298831],[-40.0329678,-14.5381399],[-40.0497417,-14.5270351],[-40.0592633,-14.539808],[-40.0882365,-14.5338333],[-40.0969827,-14.5156843],[-40.081495,-14.4869993],[-40.05952,-14.4862908],[-40.0509924,-14.4409579],[-40.0374567,-14.437926],[-40.0449173,-14.4189219],[-40.0415567,-14.3925352],[-40.0357095,-14.3914344],[-40.0484398,-14.382281],[-40.0573091,-14.3884613],[-40.0675801,-14.3776201],[-40.0614866,-14.3598317],[-40.0709616,-14.349012],[-40.0693464,-14.3149886],[-40.0985697,-14.3028792],[-40.1000422,-14.2682926],[-40.0971113,-14.2803257],[-40.0907496,-14.2790177],[-40.0683184,-14.2434981],[-40.0504046,-14.286386],[-40.0339409,-14.280796],[-40.0141531,-14.2887652],[-40.0054667,-14.2661748],[-39.9823261,-14.321681],[-39.9483333,-14.362948]]]}},{"type":"Feature","properties":{"level":"municipio","municipality_code":"2910305","municipality_name":"Elísio Medrado","uf":"BA","state_code":"29","area_km2":179.329},"geometry":{"type":"Polygon","coordinates":[[[-39.5318325,-13.0222395],[-39.5847405,-12.9478619],[-39.6228138,-12.9132208],[-39.6044022,-12.8931101],[-39.5904812,-12.9051293],[-39.5804954,-12.893166],[-39.574911,-12.8991037],[-39.4756003,-12.8538664],[-39.478701,-12.8635849],[-39.4629324,-12.8913106],[-39.4663174,-12.920093],[-39.4587153,-12.9341651],[-39.4738796,-12.9841647],[-39.4861489,-12.9970546],[-39.5066166,-13.0002194],[-39.5151761,-13.0175548],[-39.5318325,-13.0222395]]]}},{"type":"Feature","properties":{"level":"municipio","municipality_code":"2910404","municipality_name":"Encruzilhada","uf":"BA","state_code":"29","area_km2":1890.133},"geometry":{"type":"Polygon","coordinates":[[[-40.7494019,-15.4786896],[-40.7391106,-15.5333019],[-40.6829766,-15.5765268],[-40.6614289,-15.6070114],[-40.6462099,-15.6162812],[-40.6398515,-15.6019801],[-40.6164798,-15.6265074],[-40.5846642,-15.6392549],[-40.5637592,-15.6633534],[-40.5126978,-15.6804875],[-40.5568904,-15.6907345],[-40.5815447,-15.7083655],[-40.5885927,-15.6960891],[-40.6351706,-15.695262],[-40.6469812,-15.7095249],[-40.6656033,-15.6767379],[-40.70721,-15.6664048],[-40.7413622,-15.6802506],[-40.7398608,-15.7036467],[-40.7676637,-15.7140794],[-40.7832849,-15.7013751],[-40.7803371,-15.680198],[-40.8190283,-15.646342],[-40.8293113,-15.6482608],[-40.8313144,-15.6706535],[-40.8420332,-15.6832246],[-40.8815569,-15.6944708],[-40.9025697,-15.6918421],[-40.9143317,-15.6609776],[-40.9616145,-15.6479315],[-40.9796107,-15.6916614],[-41.0060595,-15.7138373],[-41.0362729,-15.7138165],[-41.0534203,-15.7251146],[-41.0775579,-15.719288],[-41.0928946,-15.7386814],[-41.1286349,-15.7467696],[-41.1425302,-15.772047],[-41.2153964,-15.7371659],[-41.2685617,-15.748704],[-41.2929477,-15.7390055],[-41.3312061,-15.7446734],[-41.3619194,-15.4950281],[-41.3355313,-15.4981016],[-41.3173127,-15.5129292],[-41.292584,-15.5079867],[-41.2343671,-15.5144068],[-41.2049931,-15.4916782],[-41.1970438,-15.5157631],[-41.1777632,-15.5247397],[-41.1734646,-15.5365609],[-41.1513566,-15.5338628],[-41.1458976,-15.5450086],[-41.1334371,-15.5244052],[-41.1112626,-15.5194545],[-41.1058878,-15.5303947],[-41.0974664,-15.5289427],[-41.0733863,-15.5030854],[-41.0662899,-15.5108297],[-41.0521583,-15.5090232],[-41.0318865,-15.4862154],[-41.0343579,-15.4727519],[-40.9790964,-15.477171],[-40.9356499,-15.4444241],[-40.9261248,-15.422749],[-40.9338355,-15.4187672],[-40.9264768,-15.4064657],[-40.9332388,-15.3936855],[-40.9268624,-15.3903666],[-40.9411357,-15.3570976],[-40.9326446,-15.3371889],[-40.9050092,-15.3190704],[-40.9038232,-15.3057071],[-40.8855449,-15.2977006],[-40.8750147,-15.3257928],[-40.8928312,-15.3629587],[-40.8718846,-15.4114386],[-40.8520782,-15.4191713],[-40.8516712,-15.4368071],[-40.8320005,-15.4449467],[-40.8098878,-15.4714005],[-40.7828914,-15.476013],[-40.7759806,-15.4871774],[-40.7494019,-15.4786896]]]}},{"type":"Feature","properties":{"level":"municipio","municipality_code":"2910503","municipality_name":"Entre Rios","uf":"BA","state_code":"29","area_km2":1187.766},"geometry":{"type":"Polygon","coordinates":[[[-38.0489744,-12.1427729],[-38.0564642,-12.1446124],[-38.0643103,-12.1346971],[-38.0818995,-12.1581095],[-38.1025215,-12.1414029],[-38.1379854,-12.1432769],[-38.1467034,-12.1246586],[-38.1989322,-12.1106095],[-38.2108426,-12.0678813],[-38.2018593,-12.0123198],[-38.237604,-12.0140264],[-38.2513266,-12.0336885],[-38.2823972,-12.0411426],[-38.2730441,-11.9635122],[-38.1852847,-11.9016757],[-38.1963149,-11.8664624],[-38.1950815,-11.8392711],[-38.1850719,-11.8374663],[-38.2002127,-11.7916311],[-38.1807635,-11.7828262],[-38.1674869,-11.8033887],[-38.1385489,-11.8026161],[-38.124586,-11.8117255],[-38.1233311,-11.8244382],[-38.0997376,-11.8426645],[-38.086315,-11.8373643],[-38.080014,-11.845615],[-38.0457105,-11.8532952],[-38.0263612,-11.8474658],[-38.007892,-11.8592462],[-37.9999679,-11.8732672],[-37.9884795,-11.8755625],[-37.9674011,-11.9236247],[-37.9512887,-11.9342257],[-37.9531372,-11.9406641],[-37.9792882,-11.9399004],[-38.0151014,-12.0081147],[-38.0086068,-12.0455497],[-38.0233495,-12.0806485],[-37.9973537,-12.0948256],[-37.9795647,-12.1173009],[-37.9346896,-12.139698],[-37.9551341,-12.2028054],[-37.9434963,-12.1991452],[-37.9300532,-12.2182457],[-37.9050244,-12.2228618],[-37.876115,-12.2088884],[-37.8538092,-12.2191659],[-37.7975309,-12.1892626],[-37.7701916,-12.20201],[-37.761073,-12.2204505],[-37.8932837,-12.4082421],[-37.8946124,-12.3804503],[-37.923787,-12.3837482],[-37.9314322,-12.3715071],[-37.9456673,-12.3773308],[-37.9561369,-12.3677178],[-37.9711806,-12.3698139],[-37.9133942,-12.3094582],[-37.9225316,-12.2643218],[-38.0175376,-12.2181884],[-38.0195172,-12.1819845],[-38.0437436,-12.1587932],[-38.0489744,-12.1427729]]]}},{"type":"Feature","properties":{"level":"municipio","municipality_code":"2910602","municipality_name":"Esplanada","uf":"BA","state_code":"29","area_km2":1299.355},"geometry":{"type":"Polygon","coordinates":[[[-37.926016,-11.9578854],[-37.941438,-11.9364927],[-37.9614359,-11.9312198],[-37.9884795,-11.8755625],[-37.9999679,-11.8732672],[-38.007892,-11.8592462],[-38.0263612,-11.8474658],[-38.0457105,-11.8532952],[-38.080014,-11.845615],[-38.086315,-11.8373643],[-38.0997376,-11.8426645],[-38.1233311,-11.8244382],[-38.1243411,-11.8119345],[-38.1423866,-11.8028719],[-38.1439772,-11.7642766],[-38.0664876,-11.6890802],[-38.0465839,-11.6795946],[-38.0249834,-11.7326444],[-38.0279021,-11.7510493],[-38.01145,-11.768591],[-37.9888352,-11.7371045],[-37.9233066,-11.677077],[-37.8940327,-11.690474],[-37.8650937,-11.6840923],[-37.8515022,-11.7250476],[-37.812873,-11.7367737],[-37.8327117,-11.7401977],[-37.8413983,-11.7619562],[-37.8526362,-11.7671925],[-37.8651624,-11.7604405],[-37.8655978,-11.7668556],[-37.8006831,-11.8275102],[-37.7946155,-11.8473454],[-37.7748741,-11.8571595],[-37.77716,-11.8674207],[-37.7642834,-11.8702942],[-37.7434313,-11.8931004],[-37.7380836,-11.9078823],[-37.7626583,-11.9652275],[-37.7397528,-11.9750033],[-37.7481748,-12.0067279],[-37.7215033,-12.0184444],[-37.7326049,-12.0520322],[-37.7206859,-12.0496082],[-37.701694,-12.0630989],[-37.7006164,-12.0727772],[-37.6879406,-12.0787043],[-37.6934201,-12.0843131],[-37.6857247,-12.0989811],[-37.7697775,-12.2387227],[-37.761073,-12.2204505],[-37.7701916,-12.20201],[-37.7974212,-12.1892732],[-37.8538092,-12.2191659],[-37.876115,-12.2088884],[-37.9050244,-12.2228618],[-37.9300532,-12.2182457],[-37.9434963,-12.1991452],[-37.9557991,-12.2017563],[-37.9431374,-12.1802209],[-37.9480539,-12.1668306],[-37.9406334,-12.1434045],[-37.9343512,-12.1396286],[-37.9250308,-12.1491395],[-37.8875342,-12.1568746],[-37.8811956,-12.1327446],[-37.8860952,-12.114613],[-37.8739993,-12.0869948],[-37.8646524,-12.014219],[-37.8697177,-11.9717407],[-37.8829351,-11.9630619],[-37.9028414,-11.9678405],[-37.926016,-11.9578854]]]}},{"type":"Feature","properties":{"level":"municipio","municipality_code":"2910701","municipality_name":"Euclides da Cunha","uf":"BA","state_code":"29","area_km2":2025.368},"geometry":{"type":"Polygon","coordinates":[[[-38.7371658,-10.6041531],[-38.7747385,-10.6255342],[-38.779497,-10.6044502],[-38.938718,-10.6233969],[-38.9501297,-10.6546377],[-39.0131655,-10.6471142],[-39.0384111,-10.6307891],[-39.2307215,-10.6775689],[-39.2592502,-10.6778228],[-39.2592827,-10.6698337],[-39.2471806,-10.6659591],[-39.2530454,-10.6605568],[-39.2363782,-10.6362221],[-39.2328544,-10.6099397],[-39.1971288,-10.5841519],[-39.1897667,-10.5947051],[-39.1805806,-10.59325],[-39.1815175,-10.5810411],[-39.1651517,-10.5734865],[-39.1564077,-10.5565318],[-39.1472989,-10.4838393],[-39.1557325,-10.4652475],[-39.1520102,-10.4511546],[-39.1799934,-10.4391154],[-39.1902022,-10.4265933],[-39.1597008,-10.4181617],[-39.1498512,-10.4265695],[-39.1429988,-10.4047596],[-39.1608151,-10.3658215],[-39.1704701,-10.3196012],[-39.1830835,-10.3147876],[-39.1678068,-10.297799],[-39.1827278,-10.2755551],[-39.1849402,-10.2562007],[-39.0773509,-10.3805272],[-38.881955,-10.2701248],[-38.5796803,-10.3062671],[-38.5789899,-10.3333595],[-38.6522122,-10.3733292],[-38.6397848,-10.3847534],[-38.6226772,-10.4472545],[-38.6355456,-10.4445071],[-38.6325805,-10.4667759],[-38.6461404,-10.480006],[-38.6535965,-10.4772008],[-38.6580827,-10.4854133],[-38.6725691,-10.4795184],[-38.6853158,-10.5003962],[-38.7010475,-10.5059175],[-38.7051046,-10.5649739],[-38.7159162,-10.5648265],[-38.7371658,-10.6041531]]]}},{"type":"Feature","properties":{"level":"municipio","municipality_code":"2910727","municipality_name":"Eunápolis","uf":"BA","state_code":"29","area_km2":1425.97},"geometry":{"type":"Polygon","coordinates":[[[-39.5956526,-16.1537934],[-39.5439118,-16.1163503],[-39.527815,-16.1238586],[-39.5112278,-16.1075908],[-39.5086794,-16.0931898],[-39.4929875,-16.0830872],[-39.4695275,-16.0943713],[-39.4330408,-16.0768142],[-39.4239283,-16.0854432],[-39.4122439,-16.0827849],[-39.4026955,-16.098036],[-39.4206659,-16.2328521],[-39.3826096,-16.2687555],[-39.3980886,-16.2832145],[-39.4387333,-16.2826369],[-39.4567921,-16.3918751],[-39.4828564,-16.4073578],[-39.505121,-16.4440308],[-39.519095,-16.4953401],[-39.5478949,-16.4779231],[-39.5889379,-16.4718356],[-39.6039642,-16.4592386],[-39.6195072,-16.4786834],[-39.6430663,-16.4882331],[-39.6517143,-16.505376],[-39.6829396,-16.5040542],[-39.6984213,-16.5126466],[-39.6984149,-16.5478213],[-39.7407387,-16.5032482],[-39.7204746,-16.4369268],[-39.7430888,-16.4524286],[-39.7634147,-16.4433044],[-39.7731737,-16.4122194],[-39.7557275,-16.3936426],[-39.7588164,-16.3855431],[-39.7786786,-16.3542158],[-39.8426373,-16.2950054],[-39.8495712,-16.2741846],[-39.8641498,-16.2664404],[-39.8638766,-16.2527604],[-39.8485615,-16.2349213],[-39.8316033,-16.2373778],[-39.7531079,-16.1972352],[-39.5956526,-16.1537934]]]}},{"type":"Feature","properties":{"level":"municipio","municipality_code":"2910776","municipality_name":"Feira da Mata","uf":"BA","state_code":"29","area_km2":1176.504},"geometry":{"type":"Polygon","coordinates":[[[-44.2406198,-14.2406873],[-44.2387078,-14.258006],[-44.2474857,-14.2516345],[-44.2475053,-14.2601183],[-44.2686172,-14.246596],[-44.302338,-14.2532425],[-44.3164832,-14.2403491],[-44.3405958,-14.2494003],[-44.340209,-14.2566756],[-44.3518413,-14.2577153],[-44.346039,-14.2632641],[-44.353041,-14.2609231],[-44.3615887,-14.2728126],[-44.4276959,-14.2802999],[-44.4488626,-14.2257703],[-44.4687377,-14.215933],[-44.4616837,-14.1944504],[-44.440075,-14.1884764],[-44.4445344,-14.1764648],[-44.436539,-14.1739648],[-44.4456316,-14.1697981],[-44.4380668,-14.1626222],[-44.4534229,-14.1559598],[-44.4442187,-14.1409469],[-44.4302002,-14.1408602],[-44.4296379,-14.1232873],[-44.4195629,-14.1195537],[-44.4264064,-14.0816422],[-44.3908006,-14.0756425],[-44.3795835,-14.0444767],[-44.3136565,-14.0439184],[-44.2771251,-14.0314786],[-44.2688057,-14.0055248],[-44.2502031,-13.9933236],[-44.252834,-13.9716337],[-44.2295936,-13.9582472],[-44.2316062,-13.94267],[-44.1951295,-13.9263908],[-44.1854821,-13.935926],[-44.187955,-13.9442745],[-44.154849,-13.9497026],[-44.1076562,-13.9849858],[-44.0784502,-13.9945134],[-44.0866612,-14.020344],[-44.0286914,-14.0931623],[-44.0657036,-14.1371772],[-44.0456815,-14.283774],[-44.0571464,-14.2842625],[-44.0574282,-14.2776122],[-44.0733986,-14.2856656],[-44.0744512,-14.2706396],[-44.0824545,-14.2689988],[-44.0882868,-14.2780763],[-44.0869218,-14.2684284],[-44.0993945,-14.2734608],[-44.1125944,-14.2587283],[-44.135617,-14.2821854],[-44.1436185,-14.2784923],[-44.1359827,-14.2749027],[-44.1372648,-14.2641514],[-44.1603345,-14.2577596],[-44.1703803,-14.268695],[-44.2012887,-14.2544761],[-44.2117858,-14.2341295],[-44.218059,-14.2449802],[-44.2406198,-14.2406873]]]}},{"type":"Feature","properties":{"level":"municipio","municipality_code":"2910800","municipality_name":"Feira de Santana","uf":"BA","state_code":"29","area_km2":1304.425},"geometry":{"type":"Polygon","coordinates":[[[-38.9079727,-12.3861933],[-38.9560567,-12.3009098],[-38.996357,-12.3111484],[-39.0012316,-12.3411656],[-39.0246972,-12.3542057],[-39.0236057,-12.3662312],[-39.0118474,-12.3728173],[-39.0103286,-12.3923862],[-39.0236272,-12.4088628],[-39.0441402,-12.4182519],[-39.0741637,-12.394907],[-39.0806316,-12.3785045],[-39.0702507,-12.3731448],[-39.0717714,-12.3568938],[-39.0918937,-12.3576156],[-39.1019826,-12.3443542],[-39.1101206,-12.3455038],[-39.1156579,-12.3225346],[-39.125361,-12.3165989],[-39.1219695,-12.3074388],[-39.1447794,-12.2724848],[-39.1754865,-12.2774162],[-39.1997416,-12.2952347],[-39.2370304,-12.2898297],[-39.2352617,-12.2739194],[-39.250698,-12.2649132],[-39.2656317,-12.2283112],[-39.2743349,-12.2293271],[-39.2841697,-12.2169694],[-39.2808357,-12.2025698],[-39.2936488,-12.1864986],[-39.2874334,-12.1767382],[-39.2464326,-12.2117733],[-39.1922057,-12.2235672],[-39.1512397,-12.2635674],[-39.0766814,-12.2325237],[-39.1166402,-12.1904647],[-39.1869398,-12.1817718],[-39.1759622,-12.1567658],[-39.1770231,-12.1176681],[-39.2123042,-12.1058784],[-39.2596816,-12.0422673],[-39.287407,-12.0216531],[-39.2892401,-11.9978683],[-39.2966802,-11.9907986],[-39.1749735,-11.9813772],[-39.1785009,-12.0294452],[-39.1621507,-12.0274971],[-39.1113567,-12.0526101],[-39.0890907,-12.0554425],[-39.0948319,-12.0698666],[-39.0671431,-12.0700935],[-39.0565894,-12.062872],[-39.0625846,-12.026227],[-39.0417077,-12.0530534],[-38.9886791,-12.0593193],[-38.9641634,-12.0191281],[-38.9413969,-12.0268727],[-38.9207954,-12.0159398],[-38.9044284,-12.0279028],[-38.8970592,-12.0558491],[-38.8780825,-12.0747705],[-38.8755177,-12.1000468],[-38.8918661,-12.1165822],[-38.881328,-12.1323432],[-38.8832065,-12.1590225],[-38.8675083,-12.1765497],[-38.8662086,-12.1911684],[-38.8550891,-12.1928114],[-38.8571723,-12.2252841],[-38.8406071,-12.247562],[-38.8386945,-12.2629407],[-38.8505429,-12.2686944],[-38.8515969,-12.2815336],[-38.838786,-12.3089435],[-38.820027,-12.3202466],[-38.8112192,-12.3364921],[-38.8295015,-12.35209],[-38.8486879,-12.3499889],[-38.8335488,-12.3682565],[-38.8384642,-12.3733306],[-38.8283499,-12.4013346],[-38.8381591,-12.4087753],[-38.9079727,-12.3861933]]]}},{"type":"Feature","properties":{"level":"municipio","municipality_code":"2910859","municipality_name":"Filadélfia","uf":"BA","state_code":"29","area_km2":579.686},"geometry":{"type":"Polygon","coordinates":[[[-40.0575924,-10.8576926],[-40.1230343,-10.842073],[-40.1359022,-10.8598449],[-40.1432529,-10.8534509],[-40.168407,-10.8574545],[-40.1904514,-10.8358023],[-40.1817955,-10.8287808],[-40.1890272,-10.8195633],[-40.2134853,-10.810172],[-40.2085291,-10.7898382],[-40.2229869,-10.7700576],[-40.2175755,-10.7592607],[-40.2259843,-10.7387298],[-40.2536659,-10.7419207],[-40.2606812,-10.7046207],[-40.2729487,-10.6984177],[-40.267962,-10.6853251],[-40.2775872,-10.6849667],[-40.2825373,-10.6731157],[-40.2704945,-10.6344491],[-40.2809079,-10.6214518],[-40.2616322,-10.6175657],[-40.2562219,-10.6085996],[-40.2208986,-10.6109638],[-40.1839656,-10.6525829],[-40.1777982,-10.6288679],[-40.1607559,-10.6174126],[-40.1425781,-10.6381843],[-40.0182093,-10.6168791],[-39.9965574,-10.6282611],[-40.0157108,-10.6663605],[-40.003935,-10.6723218],[-40.0247991,-10.7113041],[-40.036547,-10.7657728],[-40.0279567,-10.7800582],[-40.0456162,-10.8003387],[-40.0575924,-10.8576926]]]}},{"type":"Feature","properties":{"level":"municipio","municipality_code":"2910909","municipality_name":"Firmino Alves","uf":"BA","state_code":"29","area_km2":172.353},"geometry":{"type":"Polygon","coordinates":[[[-39.9078183,-15.0367715],[-39.9765514,-14.9589132],[-39.9666788,-14.9324078],[-39.9591909,-14.9349222],[-39.9482048,-14.9225631],[-39.9379573,-14.8774762],[-39.9405383,-14.855552],[-39.9210475,-14.8466352],[-39.9075146,-14.8095982],[-39.898316,-14.8252126],[-39.8748292,-14.8176627],[-39.8817471,-14.8661003],[-39.8625504,-14.9783241],[-39.9010461,-15.0359504],[-39.9078183,-15.0367715]]]}},{"type":"Feature","properties":{"level":"municipio","municipality_code":"2911006","municipality_name":"Floresta Azul","uf":"BA","state_code":"29","area_km2":321.013},"geometry":{"type":"Polygon","coordinates":[[[-39.7494103,-14.7433236],[-39.752865,-14.7168447],[-39.6576274,-14.7696867],[-39.6642853,-14.7908776],[-39.6484334,-14.8126625],[-39.6437993,-14.8479873],[-39.6371291,-14.8491279],[-39.6382552,-14.9173207],[-39.6656749,-14.9407267],[-39.6993907,-14.9344157],[-39.7024819,-14.9482788],[-39.6889099,-14.9526323],[-39.6958387,-14.9654735],[-39.716995,-14.9732232],[-39.7254472,-14.9653529],[-39.7322201,-14.9140364],[-39.7375803,-14.9119516],[-39.7434219,-14.9236421],[-39.7512123,-14.9085939],[-39.770928,-14.9094921],[-39.7763111,-14.8926358],[-39.7974044,-14.8835508],[-39.8004839,-14.8736425],[-39.7951582,-14.8502007],[-39.8020991,-14.8327553],[-39.7838003,-14.8047327],[-39.7881011,-14.7794092],[-39.7793897,-14.7418241],[-39.784987,-14.7303156],[-39.7494103,-14.7433236]]]}},{"type":"Feature","properties":{"level":"municipio","municipality_code":"2911105","municipality_name":"Formosa do Rio Preto","uf":"BA","state_code":"29","area_km2":15634.328},"geometry":{"type":"Polygon","coordinates":[[[-44.9791451,-10.9572287],[-44.9773747,-11.0371596],[-44.9599434,-11.0655261],[-44.961318,-11.0765328],[-45.0087523,-11.1236994],[-44.9857221,-11.1524724],[-44.9769462,-11.1891893],[-44.9418849,-11.2011018],[-44.9630859,-11.2244443],[-44.9506175,-11.2925445],[-44.9590408,-11.3125319],[-44.9909494,-11.3466534],[-44.9926993,-11.3621353],[-45.029268,-11.3622514],[-45.0398214,-11.3865242],[-45.0586535,-11.4009997],[-45.0794976,-11.3937186],[-45.1268965,-11.4017136],[-45.140724,-11.4116995],[-45.1605896,-11.3978588],[-45.2296602,-11.4225829],[-45.2571303,-11.4206729],[-45.2622427,-11.4061211],[-45.2763108,-11.3976921],[-45.3245473,-11.3965705],[-45.3809436,-11.3840534],[-45.5570713,-11.4772399],[-45.6319358,-11.4935845],[-45.648802,-11.4414776],[-45.658741,-11.4369622],[-45.7198149,-11.4596965],[-45.772755,-11.4622719],[-45.8539721,-11.4910919],[-45.8784628,-11.5269288],[-45.914616,-11.5344083],[-45.9631185,-11.5305734],[-45.9929944,-11.541136],[-46.0045848,-11.5639388],[-46.0146864,-11.5487942],[-46.1091269,-11.5596346],[-46.1128063,-11.6060357],[-46.2093463,-11.5853507],[-46.2504813,-11.536689],[-46.3496879,-11.5061957],[-46.4404346,-11.520789],[-46.5240555,-11.4636343],[-46.5320213,-11.3746657],[-46.5674829,-11.372004],[-46.5772363,-11.360579],[-46.5522029,-11.262799],[-46.3415579,-10.9390123],[-46.2672663,-10.9348023],[-46.260537,-10.8120374],[-46.2264451,-10.7829371],[-46.206199,-10.8004666],[-46.195922,-10.745224],[-46.1651513,-10.7224792],[-46.1503463,-10.691554],[-46.1607629,-10.659439],[-46.1497049,-10.6359108],[-46.1272996,-10.6204473],[-46.0607652,-10.6001785],[-45.9292229,-10.5216007],[-45.8708973,-10.5032789],[-45.8212513,-10.458074],[-45.7981846,-10.3232473],[-45.7268896,-10.3125357],[-45.6995761,-10.2596862],[-45.7019773,-10.1793504],[-45.7234839,-10.1554127],[-45.6847195,-10.1533156],[-45.6487641,-10.127334],[-45.6031761,-10.1079822],[-45.5838893,-10.1169916],[-45.5674564,-10.1395225],[-45.5673109,-10.2014845],[-45.5568679,-10.218143],[-45.5261867,-10.2369276],[-45.5211099,-10.280298],[-45.4846518,-10.304898],[-45.4303225,-10.359463],[-45.4244966,-10.4264902],[-45.3959943,-10.4450252],[-45.4002689,-10.4630743],[-45.4472563,-10.507423],[-45.4381779,-10.5255246],[-45.4473316,-10.5563376],[-45.436793,-10.5767735],[-45.432426,-10.6305552],[-45.4188325,-10.6438196],[-45.385216,-10.6516326],[-45.3691162,-10.6799495],[-45.358219,-10.7322075],[-45.3223736,-10.7602651],[-45.268466,-10.7762298],[-45.2480519,-10.8219674],[-45.2192232,-10.8173761],[-45.2179711,-10.8289005],[-45.2051295,-10.8329274],[-45.1052963,-10.84682],[-45.0732357,-10.8404226],[-45.0306918,-10.8666512],[-45.0165971,-10.8845991],[-44.9739182,-10.8914747],[-44.9446946,-10.9189996],[-44.9651539,-10.9372413],[-44.9684851,-10.9531361],[-44.9791451,-10.9572287]]]}},{"type":"Feature","properties":{"level":"municipio","municipality_code":"2910750","municipality_name":"Fátima","uf":"BA","state_code":"29","area_km2":368.342},"geometry":{"type":"Polygon","coordinates":[[[-38.1776623,-10.7057782],[-38.2091676,-10.7118697],[-38.2145258,-10.7250502],[-38.2482995,-10.7078152],[-38.2529373,-10.6902901],[-38.2686499,-10.6742588],[-38.2774987,-10.5908113],[-38.2883812,-10.5666747],[-38.2839625,-10.5381425],[-38.247532,-10.5225763],[-38.2349838,-10.5057822],[-38.236207,-10.4917929],[-38.2227875,-10.4788787],[-38.2065841,-10.4695538],[-38.1827314,-10.4805003],[-38.1497987,-10.4572838],[-38.130079,-10.5790995],[-38.1449166,-10.7180434],[-38.1776623,-10.7057782]]]}},{"type":"Feature","properties":{"level":"municipio","municipality_code":"2911204","municipality_name":"Gandu","uf":"BA","state_code":"29","area_km2":229.661},"geometry":{"type":"Polygon","coordinates":[[[-39.4682313,-13.8769134],[-39.4950926,-13.8775962],[-39.5053522,-13.8651359],[-39.4994219,-13.8520124],[-39.5112635,-13.8627554],[-39.5211487,-13.8570514],[-39.532615,-13.8654088],[-39.5446746,-13.8417865],[-39.556404,-13.8374677],[-39.5297627,-13.8042891],[-39.5652877,-13.755414],[-39.5537703,-13.7271025],[-39.4804701,-13.7108897],[-39.4306647,-13.7253182],[-39.3798836,-13.7145042],[-39.3934626,-13.7276159],[-39.406493,-13.7647827],[-39.4200077,-13.7666923],[-39.4387325,-13.8022641],[-39.4320051,-13.8442902],[-39.4480502,-13.8916437],[-39.4682313,-13.8769134]]]}},{"type":"Feature","properties":{"level":"municipio","municipality_code":"2911253","municipality_name":"Gavião","uf":"BA","state_code":"29","area_km2":384.592},"geometry":{"type":"Polygon","coordinates":[[[-39.6640136,-11.4538544],[-39.6193238,-11.5050606],[-39.6801835,-11.5582489],[-39.7333499,-11.5878539],[-39.7694852,-11.5915932],[-39.8092864,-11.5850555],[-39.8177468,-11.5916819],[-39.8461989,-11.5761697],[-39.8651666,-11.5813998],[-39.8979604,-11.555854],[-39.9028849,-11.5037655],[-39.8956071,-11.487337],[-39.8832174,-11.4812348],[-39.8602001,-11.49154],[-39.848267,-11.4806693],[-39.8388291,-11.4949844],[-39.8259667,-11.4895564],[-39.819054,-11.5039577],[-39.7831258,-11.4635432],[-39.7715087,-11.4663051],[-39.7609137,-11.4468542],[-39.7649352,-11.4287034],[-39.7381492,-11.4165122],[-39.7354033,-11.4037865],[-39.7202702,-11.3945928],[-39.6654857,-11.4168463],[-39.6545841,-11.4360388],[-39.6640136,-11.4538544]]]}},{"type":"Feature","properties":{"level":"municipio","municipality_code":"2911303","municipality_name":"Gentio do Ouro","uf":"BA","state_code":"29","area_km2":3817.946},"geometry":{"type":"Polygon","coordinates":[[[-42.3560918,-11.7046117],[-42.3686137,-11.7607531],[-42.3908561,-11.7524476],[-42.4191129,-11.7651351],[-42.4439886,-11.7579088],[-42.4721506,-11.7252347],[-42.4876149,-11.7753728],[-42.5203324,-11.7490303],[-42.5652111,-11.7358934],[-42.594372,-11.7084788],[-42.6231785,-11.7182329],[-42.6675238,-11.7095874],[-42.6805867,-11.7199168],[-42.7165746,-11.7182236],[-42.7467146,-11.7311561],[-42.746053,-11.7163902],[-42.736559,-11.7143788],[-42.7427694,-11.7054684],[-42.7884096,-11.6904713],[-42.8138643,-11.6497437],[-42.8644641,-11.5990661],[-42.8627096,-11.5433049],[-42.8367685,-11.5273376],[-42.9126198,-11.2772626],[-42.813242,-11.3107898],[-42.8368349,-11.2736939],[-42.8347882,-11.2518091],[-42.8419073,-11.2512472],[-42.8360452,-11.2347729],[-42.8435096,-11.2145224],[-42.8325401,-11.1985037],[-42.8383748,-11.1565115],[-42.8220304,-11.1411039],[-42.8043125,-11.1415351],[-42.8026423,-11.1260421],[-42.786237,-11.119552],[-42.7869441,-11.1096447],[-42.774239,-11.1062685],[-42.7661643,-11.0919664],[-42.7707135,-11.0766723],[-42.7906001,-11.058313],[-42.7542811,-11.0394868],[-42.761147,-11.001757],[-42.7518573,-11.0113603],[-42.7226665,-11.0032766],[-42.6713211,-11.0146073],[-42.6575919,-11.0318399],[-42.6347661,-11.0398102],[-42.6201065,-11.0875401],[-42.5382005,-11.0050284],[-42.5172406,-11.0095961],[-42.5247687,-11.048887],[-42.5101147,-11.0604575],[-42.5001118,-11.0962761],[-42.5109351,-11.1054104],[-42.5164663,-11.1328059],[-42.5065936,-11.1533868],[-42.486876,-11.1493162],[-42.4807512,-11.1602462],[-42.451176,-11.2169125],[-42.4594768,-11.2264594],[-42.4429497,-11.2454429],[-42.4460177,-11.2617226],[-42.4278398,-11.285251],[-42.3479711,-11.2775846],[-42.3262604,-11.2900034],[-42.3378703,-11.297024],[-42.3298961,-11.3114683],[-42.3141143,-11.3047176],[-42.3082484,-11.3334555],[-42.2959333,-11.3373435],[-42.3060612,-11.3436247],[-42.2981379,-11.3496044],[-42.2956955,-11.3720019],[-42.3055932,-11.3960342],[-42.299887,-11.4035518],[-42.3239598,-11.4260742],[-42.3320242,-11.4516987],[-42.3562061,-11.4666252],[-42.3616534,-11.480412],[-42.325624,-11.587869],[-42.3409993,-11.5890128],[-42.3411282,-11.6089769],[-42.354181,-11.6332097],[-42.3543498,-11.6747103],[-42.343344,-11.6792155],[-42.3412103,-11.6888989],[-42.3560918,-11.7046117]]]}},{"type":"Feature","properties":{"level":"municipio","municipality_code":"2911402","municipality_name":"Glória","uf":"BA","state_code":"29","area_km2":1566.609},"geometry":{"type":"Polygon","coordinates":[[[-38.2148984,-9.3530121],[-38.2840882,-9.3850927],[-38.3009633,-9.3876968],[-38.3211962,-9.3789733],[-38.3419528,-9.3905313],[-38.3649602,-9.3819956],[-38.3889276,-9.4029431],[-38.4399673,-9.4137672],[-38.5087156,-9.3536506],[-38.4930603,-9.4897656],[-38.6398914,-9.5304199],[-38.6172917,-9.4460664],[-38.5700546,-9.4126247],[-38.5690835,-9.339631],[-38.5614642,-9.3177181],[-38.5735582,-9.2905038],[-38.5644211,-9.2587514],[-38.602692,-9.2654733],[-38.6076261,-9.2565786],[-38.5918622,-9.2198457],[-38.5979596,-9.1878717],[-38.5839802,-9.1749334],[-38.5842373,-9.0360531],[-38.5480562,-8.9910274],[-38.5370505,-8.9597819],[-38.5140421,-8.9600386],[-38.4840428,-9.0010217],[-38.4490997,-9.0263588],[-38.4154514,-9.0385698],[-38.3966958,-9.0330414],[-38.3482874,-8.9931424],[-38.319175,-8.9920603],[-38.2888804,-9.040343],[-38.3258667,-9.0779926],[-38.320261,-9.0912903],[-38.304423,-9.0982112],[-38.3214018,-9.1168806],[-38.3194934,-9.1382293],[-38.287601,-9.1738839],[-38.2800756,-9.2072189],[-38.2875128,-9.2171293],[-38.2395412,-9.3271289],[-38.2148984,-9.3530121]]]}},{"type":"Feature","properties":{"level":"municipio","municipality_code":"2911501","municipality_name":"Gongogi","uf":"BA","state_code":"29","area_km2":202.194},"geometry":{"type":"Polygon","coordinates":[[[-39.5798839,-14.2501703],[-39.4425003,-14.3044409],[-39.4405164,-14.3110347],[-39.4611555,-14.3212722],[-39.4646377,-14.3408014],[-39.4876263,-14.3421485],[-39.4966212,-14.3334944],[-39.5037345,-14.3512232],[-39.51256,-14.3481031],[-39.5123616,-14.3383677],[-39.5263001,-14.3492783],[-39.5409126,-14.3413839],[-39.5532467,-14.3463951],[-39.5644367,-14.334652],[-39.5519983,-14.3057768],[-39.5742812,-14.2981853],[-39.59966,-14.3108728],[-39.6254306,-14.2878459],[-39.6283897,-14.2720294],[-39.6408717,-14.2671717],[-39.6525478,-14.2745909],[-39.652622,-14.2852305],[-39.6654135,-14.2805434],[-39.6771072,-14.2933897],[-39.6588987,-14.3177356],[-39.66791,-14.3187873],[-39.6639209,-14.3288785],[-39.6855149,-14.3280423],[-39.6784597,-14.3315941],[-39.6853842,-14.343033],[-39.6823324,-14.356524],[-39.6965717,-14.3695792],[-39.6658351,-14.1845088],[-39.6595367,-14.1971873],[-39.6676138,-14.2140807],[-39.6510644,-14.2175802],[-39.6381338,-14.2046009],[-39.6094148,-14.2188617],[-39.5903046,-14.2104595],[-39.5739546,-14.2181475],[-39.5798839,-14.2501703]]]}},{"type":"Feature","properties":{"level":"municipio","municipality_code":"2911600","municipality_name":"Governador Mangabeira","uf":"BA","state_code":"29","area_km2":106.848},"geometry":{"type":"Polygon","coordinates":[[[-39.0583664,-12.635307],[-39.107967,-12.5925081],[-39.1700354,-12.5940593],[-39.1783054,-12.5855162],[-39.1336144,-12.5594857],[-39.0579272,-12.5404505],[-39.0245592,-12.5530207],[-38.9904748,-12.5952618],[-39.01504,-12.6030891],[-39.0144797,-12.617143],[-39.0583664,-12.635307]]]}},{"type":"Feature","properties":{"level":"municipio","municipality_code":"2911659","municipality_name":"Guajeru","uf":"BA","state_code":"29","area_km2":872.867},"geometry":{"type":"Polygon","coordinates":[[[-41.966011,-14.6998225],[-42.0078887,-14.680165],[-41.9978798,-14.6602491],[-42.037585,-14.6630438],[-42.0515383,-14.6741805],[-42.0531929,-14.6912416],[-42.0687553,-14.6747988],[-42.0856135,-14.6817364],[-42.1569064,-14.5970416],[-42.1541812,-14.5282338],[-42.1782617,-14.5144876],[-42.1512138,-14.4893348],[-42.0706687,-14.4471372],[-41.9317621,-14.4193801],[-41.836007,-14.4651332],[-41.7932972,-14.4679947],[-41.8183549,-14.4867666],[-41.7996243,-14.5028163],[-41.8061378,-14.5300045],[-41.8540685,-14.5343837],[-41.8639433,-14.5478277],[-41.8622777,-14.5594871],[-41.8746509,-14.5646029],[-41.8605373,-14.5814933],[-41.8451319,-14.5761193],[-41.8762877,-14.692089],[-41.8874044,-14.6951407],[-41.8945044,-14.7050273],[-41.8890746,-14.7115734],[-41.9070618,-14.730052],[-41.9010153,-14.7389185],[-41.9253044,-14.7401652],[-41.9266421,-14.7042043],[-41.9641692,-14.7086121],[-41.966011,-14.6998225]]]}},{"type":"Feature","properties":{"level":"municipio","municipality_code":"2911709","municipality_name":"Guanambi","uf":"BA","state_code":"29","area_km2":1272.366},"geometry":{"type":"Polygon","coordinates":[[[-42.5804806,-14.2007576],[-42.599327,-14.2553904],[-42.5917204,-14.2713965],[-42.6038896,-14.2749723],[-42.6099076,-14.2955771],[-42.6196123,-14.2964876],[-42.7092068,-14.388579],[-42.7044734,-14.3652644],[-42.7163707,-14.3548899],[-42.7124406,-14.3251662],[-42.7477493,-14.3116435],[-42.7513895,-14.2963904],[-42.881293,-14.3214783],[-42.903089,-14.3404679],[-42.9254846,-14.3411722],[-42.9388759,-14.349038],[-42.9381212,-14.3671786],[-42.955075,-14.3961483],[-42.9736748,-14.39057],[-42.9739864,-14.3778198],[-42.9969241,-14.3659187],[-43.0082893,-14.3490373],[-43.070051,-14.3220775],[-42.9747626,-14.1865441],[-42.9631449,-14.1853592],[-42.9722091,-14.1660612],[-42.9375882,-14.1028229],[-42.9460624,-14.0146341],[-42.9154643,-13.9824311],[-42.8917737,-13.9907471],[-42.8589202,-14.0191887],[-42.8125265,-14.0188427],[-42.772296,-14.0830709],[-42.7203022,-14.1037436],[-42.7102237,-14.1009201],[-42.697122,-14.0775189],[-42.6888015,-14.1075486],[-42.6762949,-14.1168612],[-42.6294322,-14.1398575],[-42.600625,-14.1410838],[-42.5980008,-14.1760434],[-42.5804806,-14.2007576]]]}},{"type":"Feature","properties":{"level":"municipio","municipality_code":"2911808","municipality_name":"Guaratinga","uf":"BA","state_code":"29","area_km2":2189.404},"geometry":{"type":"Polygon","coordinates":[[[-39.854237,-16.752136],[-39.8845734,-16.7444194],[-39.8902585,-16.7259952],[-39.9167839,-16.7340742],[-39.9274314,-16.7267228],[-39.9375731,-16.7323665],[-39.9451705,-16.7260759],[-39.9552244,-16.7344702],[-39.9686896,-16.7296265],[-39.9761164,-16.7064705],[-39.9656062,-16.6952874],[-39.9900769,-16.7015592],[-39.9961067,-16.7118653],[-40.0081505,-16.7018068],[-40.0222319,-16.7138178],[-40.0363089,-16.703878],[-40.061988,-16.7171007],[-40.0767609,-16.7065082],[-40.0871946,-16.6750599],[-40.0931417,-16.6857709],[-40.1269667,-16.6791612],[-40.1383879,-16.7144386],[-40.1554874,-16.7166515],[-40.1640648,-16.710364],[-40.1590282,-16.693528],[-40.1862527,-16.6986846],[-40.1975936,-16.7088197],[-40.2034497,-16.6960424],[-40.211279,-16.7075018],[-40.2191256,-16.7031644],[-40.247451,-16.7156179],[-40.2626622,-16.7077439],[-40.267447,-16.6977883],[-40.261873,-16.683103],[-40.2710636,-16.6767122],[-40.2831136,-16.672906],[-40.2986147,-16.698881],[-40.3110466,-16.6958388],[-40.3140233,-16.6817762],[-40.298248,-16.652466],[-40.2754901,-16.5734177],[-40.2470257,-16.5735623],[-40.2341276,-16.5579323],[-40.2120242,-16.5731231],[-40.1901846,-16.5709657],[-40.1741246,-16.5826119],[-40.1578974,-16.5794549],[-40.1535575,-16.5616884],[-40.1655201,-16.5379781],[-40.1749369,-16.5372324],[-40.1684665,-16.5351574],[-40.1707811,-16.523622],[-40.161232,-16.5234443],[-40.1165456,-16.4664996],[-40.0986641,-16.4212101],[-40.0922407,-16.434557],[-40.0970479,-16.4480467],[-40.0839813,-16.4639265],[-40.069183,-16.4607257],[-40.0627169,-16.4319863],[-40.0520243,-16.4316606],[-40.0324989,-16.3919979],[-40.0252161,-16.3573622],[-39.9955235,-16.3306658],[-39.991102,-16.3127343],[-39.9783895,-16.3111368],[-39.9666727,-16.3272092],[-39.9542448,-16.300025],[-39.9326577,-16.2836035],[-39.9032293,-16.2854968],[-39.8880658,-16.2440792],[-39.8708572,-16.2576799],[-39.8634125,-16.253171],[-39.8641498,-16.2664404],[-39.8495712,-16.2741846],[-39.8426373,-16.2950054],[-39.7786786,-16.3542158],[-39.7588164,-16.3855431],[-39.7557275,-16.3936426],[-39.7731737,-16.4122194],[-39.7634147,-16.4433044],[-39.7430888,-16.4524286],[-39.7204746,-16.4369268],[-39.7244686,-16.4622934],[-39.7349736,-16.4712374],[-39.7364426,-16.5136044],[-39.6984149,-16.5478213],[-39.6481884,-16.5720429],[-39.6767008,-16.6755237],[-39.6681929,-16.6946722],[-39.6761397,-16.7311163],[-39.6641102,-16.7480823],[-39.6607102,-16.7808865],[-39.684754,-16.7491682],[-39.6802792,-16.7379915],[-39.697669,-16.7287825],[-39.7051469,-16.7366346],[-39.7208723,-16.7302371],[-39.7250393,-16.7442947],[-39.7457155,-16.749364],[-39.7533345,-16.7393222],[-39.7725177,-16.7347663],[-39.7873447,-16.7544868],[-39.7963601,-16.7505882],[-39.8152248,-16.7638924],[-39.8476057,-16.761572],[-39.854237,-16.752136]]]}},{"type":"Feature","properties":{"level":"municipio","municipality_code":"2911857","municipality_name":"Heliópolis","uf":"BA","state_code":"29","area_km2":314.669},"geometry":{"type":"Polygon","coordinates":[[[-38.2479399,-10.7082539],[-38.2145258,-10.7250502],[-38.2093598,-10.7604353],[-38.2185886,-10.7832972],[-38.2356387,-10.7946292],[-38.2368283,-10.8081635],[-38.2496377,-10.8208144],[-38.2680849,-10.8144649],[-38.2982439,-10.8275171],[-38.3431435,-10.8164986],[-38.3396479,-10.8268955],[-38.3529875,-10.8402497],[-38.3770231,-10.8402247],[-38.3765369,-10.7079949],[-38.3948344,-10.7066315],[-38.398005,-10.6327146],[-38.2908768,-10.6527292],[-38.2529988,-10.6901908],[-38.2479399,-10.7082539]]]}},{"type":"Feature","properties":{"level":"municipio","municipality_code":"2911907","municipality_name":"Iaçu","uf":"BA","state_code":"29","area_km2":2342.497},"geometry":{"type":"Polygon","coordinates":[[[-40.2166336,-12.7655794],[-40.1828089,-12.7327861],[-40.1809671,-12.6979622],[-40.1537414,-12.6988333],[-40.1350237,-12.6864785],[-40.1204178,-12.687696],[-40.0901888,-12.6379037],[-40.0561901,-12.6134239],[-40.0454759,-12.5633698],[-40.0272102,-12.5600073],[-40.0176259,-12.5680087],[-40.0017298,-12.5573947],[-39.9744459,-12.5626382],[-39.9505505,-12.5570421],[-39.9379533,-12.547879],[-39.9256899,-12.5216021],[-39.9101304,-12.5167499],[-39.8940034,-12.5241064],[-39.8535473,-12.5124188],[-39.8274502,-12.534368],[-39.8045536,-12.5361284],[-39.7918119,-12.5576306],[-39.7870254,-12.6149462],[-39.8059087,-12.6864565],[-39.7973021,-12.7049371],[-39.8556988,-12.7956004],[-39.8941956,-12.7533925],[-39.9281213,-12.8170832],[-39.8998045,-12.8746445],[-39.9881075,-12.9306306],[-39.9928435,-12.9656905],[-40.0654392,-12.9927184],[-40.1440151,-12.9823025],[-40.1733008,-13.0208403],[-40.1979874,-13.0364728],[-40.1991753,-13.048685],[-40.3211444,-13.0403584],[-40.3459413,-13.062547],[-40.3299196,-13.0912614],[-40.400147,-13.0662057],[-40.4086559,-13.0863644],[-40.415802,-13.0875016],[-40.4717536,-13.0000687],[-40.4875999,-12.9462553],[-40.4805617,-12.9418553],[-40.4618724,-12.949271],[-40.4254182,-12.9216024],[-40.4207893,-12.8867539],[-40.3843614,-12.866165],[-40.3819292,-12.8565305],[-40.391115,-12.8519495],[-40.3706984,-12.8002737],[-40.349835,-12.7900996],[-40.3441408,-12.7690893],[-40.3086769,-12.7475796],[-40.2925845,-12.7458894],[-40.2166336,-12.7655794]]]}},{"type":"Feature","properties":{"level":"municipio","municipality_code":"2912004","municipality_name":"Ibiassucê","uf":"BA","state_code":"29","area_km2":483.274},"geometry":{"type":"Polygon","coordinates":[[[-42.2453633,-14.1914387],[-42.2078546,-14.2049458],[-42.1725327,-14.2457745],[-42.1864287,-14.2608144],[-42.2047186,-14.3161373],[-42.2044849,-14.3535754],[-42.1941571,-14.3753644],[-42.2705081,-14.3829421],[-42.2972374,-14.3765124],[-42.3224319,-14.3923313],[-42.3300224,-14.3818617],[-42.3560092,-14.3771769],[-42.3746757,-14.3917572],[-42.3969543,-14.3734501],[-42.417759,-14.3712352],[-42.427692,-14.3561146],[-42.4631625,-14.364548],[-42.45506,-14.3422464],[-42.4333117,-14.3275831],[-42.4436313,-14.3112065],[-42.4313418,-14.3045107],[-42.3271758,-14.1710724],[-42.3178385,-14.1804176],[-42.3031731,-14.174722],[-42.2950742,-14.1894665],[-42.285343,-14.1764492],[-42.2605453,-14.184964],[-42.2580217,-14.1955621],[-42.2453633,-14.1914387]]]}},{"type":"Feature","properties":{"level":"municipio","municipality_code":"2912103","municipality_name":"Ibicaraí","uf":"BA","state_code":"29","area_km2":230.953},"geometry":{"type":"Polygon","coordinates":[[[-39.5131323,-14.8083049],[-39.4913172,-14.8237067],[-39.4774913,-14.8220366],[-39.4728958,-14.8926766],[-39.4863595,-14.8938568],[-39.5038011,-14.909987],[-39.5048065,-14.9013318],[-39.5206682,-14.8939094],[-39.528078,-14.9078115],[-39.5555357,-14.9204659],[-39.5661175,-14.9167912],[-39.5653696,-14.9063216],[-39.5807164,-14.9023548],[-39.5868291,-14.9078823],[-39.5911535,-14.9014769],[-39.6167098,-14.911849],[-39.6216195,-14.927651],[-39.6382552,-14.9173207],[-39.6371291,-14.8491279],[-39.6437993,-14.8479873],[-39.6484334,-14.8126625],[-39.6642853,-14.7908776],[-39.6576274,-14.7696867],[-39.6189062,-14.7888725],[-39.5536592,-14.7783667],[-39.5599455,-14.793392],[-39.5098237,-14.8003042],[-39.5131323,-14.8083049]]]}},{"type":"Feature","properties":{"level":"municipio","municipality_code":"2912202","municipality_name":"Ibicoara","uf":"BA","state_code":"29","area_km2":817.355},"geometry":{"type":"Polygon","coordinates":[[[-41.2367564,-13.461169],[-41.3102456,-13.4955785],[-41.3525595,-13.4901335],[-41.4872803,-13.5236911],[-41.5033788,-13.5149972],[-41.4991013,-13.4814879],[-41.5073121,-13.4773494],[-41.5028585,-13.4666283],[-41.5112683,-13.4470945],[-41.5289536,-13.4459467],[-41.5474078,-13.4258716],[-41.4458799,-13.3835782],[-41.4370232,-13.3288305],[-41.4537326,-13.2958189],[-41.4539847,-13.2630779],[-41.4459183,-13.2506969],[-41.4144359,-13.2453805],[-41.3992685,-13.2244259],[-41.3827428,-13.2711885],[-41.3492666,-13.281258],[-41.3349077,-13.2988979],[-41.2905715,-13.3224723],[-41.1851025,-13.2299512],[-41.1432174,-13.2990374],[-41.1259364,-13.2872095],[-41.1059123,-13.2935745],[-41.1047783,-13.3188975],[-41.1153194,-13.3240025],[-41.1170501,-13.3401669],[-41.1269804,-13.3330341],[-41.1297892,-13.3619439],[-41.1557073,-13.3772279],[-41.1606147,-13.4032812],[-41.1870905,-13.405137],[-41.2183011,-13.429353],[-41.2303441,-13.4268078],[-41.2367564,-13.461169]]]}},{"type":"Feature","properties":{"level":"municipio","municipality_code":"2912301","municipality_name":"Ibicuí","uf":"BA","state_code":"29","area_km2":1139.378},"geometry":{"type":"Polygon","coordinates":[[[-40.0008958,-14.974947],[-40.0457061,-14.9520997],[-40.0361648,-14.9157633],[-40.0456191,-14.8690815],[-40.0360062,-14.8283233],[-40.0253593,-14.8219062],[-40.0149391,-14.7872808],[-40.034387,-14.7550079],[-40.0334908,-14.743782],[-40.0224388,-14.7310524],[-39.9791882,-14.7166591],[-39.9806476,-14.6941599],[-39.9516061,-14.6676274],[-39.9404165,-14.6864246],[-39.9257152,-14.6863047],[-39.9182318,-14.6719692],[-39.9104015,-14.6789346],[-39.9103283,-14.670175],[-39.9001836,-14.6704098],[-39.8996518,-14.6409462],[-39.8873056,-14.6303289],[-39.8731351,-14.5910181],[-39.9630774,-14.4828565],[-39.9600177,-14.4720179],[-39.9526019,-14.4666418],[-39.9437339,-14.4795548],[-39.9189971,-14.4684396],[-39.8987845,-14.4343122],[-39.8726761,-14.432911],[-39.8679512,-14.4440478],[-39.8581197,-14.4426169],[-39.857462,-14.4515829],[-39.8453457,-14.4361664],[-39.8373952,-14.4432977],[-39.8296177,-14.4323469],[-39.832527,-14.3944274],[-39.7901191,-14.3506165],[-39.7639299,-14.3594828],[-39.7414936,-14.3475276],[-39.7423133,-14.3716599],[-39.7202832,-14.375814],[-39.7276549,-14.3663817],[-39.718918,-14.3609928],[-39.7144987,-14.3694724],[-39.6968077,-14.3694393],[-39.7161523,-14.4119136],[-39.7030977,-14.4346324],[-39.7330797,-14.5163848],[-39.7353549,-14.555289],[-39.7156405,-14.5785682],[-39.7294087,-14.6378078],[-39.7457291,-14.6579072],[-39.7564232,-14.7010922],[-39.7494103,-14.7433236],[-39.784987,-14.7303156],[-39.7817038,-14.7447003],[-39.822045,-14.7474537],[-39.8318894,-14.7758171],[-39.869123,-14.7918692],[-39.8737985,-14.8172312],[-39.898316,-14.8252126],[-39.9089708,-14.8099123],[-39.9210475,-14.8466352],[-39.9405383,-14.855552],[-39.9379573,-14.8774762],[-39.9482048,-14.9225631],[-39.9591909,-14.9349222],[-39.9666788,-14.9324078],[-39.9793609,-14.9651705],[-40.0008958,-14.974947]]]}},{"type":"Feature","properties":{"level":"municipio","municipality_code":"2912400","municipality_name":"Ibipeba","uf":"BA","state_code":"29","area_km2":1382.008},"geometry":{"type":"Polygon","coordinates":[[[-42.0366351,-11.7284407],[-42.1362367,-11.7411908],[-42.3600246,-11.7139868],[-42.3412103,-11.6888989],[-42.343344,-11.6792155],[-42.3543498,-11.6747103],[-42.354181,-11.6332097],[-42.3411282,-11.6089769],[-42.3409993,-11.5890128],[-42.325624,-11.587869],[-42.3616534,-11.480412],[-42.3562061,-11.4666252],[-42.3320242,-11.4516987],[-42.3239598,-11.4260742],[-42.3029407,-11.4087132],[-42.3055932,-11.3960342],[-42.2956545,-11.3815808],[-42.2981379,-11.3496044],[-42.3060612,-11.3436247],[-42.2959333,-11.3373435],[-42.3082484,-11.3334555],[-42.3143265,-11.3043906],[-42.3280883,-11.3127358],[-42.3378078,-11.297936],[-42.3259637,-11.2860507],[-42.2402901,-11.261235],[-42.2238608,-11.3047883],[-42.1945814,-11.3407227],[-42.1807553,-11.3457225],[-42.1755836,-11.3971901],[-42.1596557,-11.4048823],[-42.1569625,-11.4435575],[-42.1695103,-11.4558375],[-42.1640803,-11.4802265],[-42.1262282,-11.4941603],[-42.1179852,-11.5248047],[-42.0859455,-11.5222476],[-42.087033,-11.539551],[-42.0677853,-11.5956804],[-42.0443866,-11.551987],[-42.0435893,-11.5713704],[-41.9340981,-11.6666452],[-41.9234926,-11.7387273],[-41.9113509,-11.7595456],[-41.919769,-11.7740288],[-41.9326807,-11.7786138],[-41.935583,-11.7943792],[-41.9427253,-11.7923444],[-41.943001,-11.8054676],[-41.9554039,-11.7999185],[-41.9575539,-11.8050202],[-41.9708257,-11.8015397],[-41.9740582,-11.77834],[-41.9670232,-11.761641],[-41.9870471,-11.7520932],[-41.9891029,-11.7426674],[-42.0366351,-11.7284407]]]}},{"type":"Feature","properties":{"level":"municipio","municipality_code":"2912509","municipality_name":"Ibipitanga","uf":"BA","state_code":"29","area_km2":954.373},"geometry":{"type":"Polygon","coordinates":[[[-42.2175364,-12.9835042],[-42.247547,-12.9771647],[-42.2577204,-12.9818105],[-42.2688228,-12.9940305],[-42.2667918,-13.0077227],[-42.2892293,-13.0338712],[-42.303746,-13.026479],[-42.3371902,-13.0430638],[-42.3542128,-13.0338321],[-42.3777361,-13.0490081],[-42.4135032,-13.0267306],[-42.4220355,-12.9879497],[-42.4133969,-12.982288],[-42.4183674,-12.9683067],[-42.4408811,-12.9476005],[-42.4559522,-12.947441],[-42.44843,-12.926974],[-42.4581318,-12.9263095],[-42.4610823,-12.9143483],[-42.4915122,-12.8967621],[-42.4911029,-12.8709641],[-42.5028619,-12.8640016],[-42.4981499,-12.8542449],[-42.529625,-12.8238124],[-42.5110801,-12.7753449],[-42.4955823,-12.7678541],[-42.5011279,-12.7496354],[-42.4948578,-12.7410768],[-42.5047508,-12.7375526],[-42.5171663,-12.7117276],[-42.500168,-12.7170479],[-42.4787658,-12.710954],[-42.4505194,-12.6870605],[-42.41913,-12.6977569],[-42.3958677,-12.6968123],[-42.3535437,-12.7169553],[-42.2972369,-12.7034586],[-42.269882,-12.7174207],[-42.2424149,-12.8074065],[-42.2487391,-12.8160655],[-42.2237977,-12.8623598],[-42.2120893,-12.9217463],[-42.1961741,-12.9222301],[-42.1677148,-12.9581962],[-42.202237,-12.9646616],[-42.2175364,-12.9835042]]]}},{"type":"Feature","properties":{"level":"municipio","municipality_code":"2912608","municipality_name":"Ibiquera","uf":"BA","state_code":"29","area_km2":698.245},"geometry":{"type":"Polygon","coordinates":[[[-40.9593759,-12.4698348],[-40.7811008,-12.4510414],[-40.775289,-12.4576637],[-40.7745704,-12.4703476],[-40.7909398,-12.4726113],[-40.7936201,-12.4852762],[-40.7755021,-12.523825],[-40.784398,-12.547136],[-40.7645758,-12.5599025],[-40.7639005,-12.575561],[-40.7811988,-12.5902384],[-40.7574748,-12.6637354],[-40.7705029,-12.6688221],[-40.7789315,-12.6863268],[-40.8089395,-12.6889217],[-40.8084531,-12.6989066],[-40.8216478,-12.700278],[-40.8220323,-12.7088197],[-40.843735,-12.7183155],[-40.8536574,-12.7377604],[-40.8514445,-12.7499242],[-40.8829212,-12.7626305],[-40.878819,-12.7549116],[-40.8928631,-12.7378575],[-40.9064545,-12.7366582],[-40.9112801,-12.7456812],[-40.9209312,-12.7409984],[-40.9323355,-12.7535619],[-40.9465361,-12.7553427],[-40.9441804,-12.7714755],[-40.958362,-12.7731887],[-40.9673314,-12.7930407],[-40.9822096,-12.7365964],[-40.9748341,-12.7010545],[-40.9833653,-12.7006448],[-41.0074422,-12.6211097],[-40.9785057,-12.5658837],[-40.9854856,-12.5366105],[-40.9638117,-12.49623],[-40.9809539,-12.4604409],[-40.9593759,-12.4698348]]]}},{"type":"Feature","properties":{"level":"municipio","municipality_code":"2912707","municipality_name":"Ibirapitanga","uf":"BA","state_code":"29","area_km2":472.664},"geometry":{"type":"Polygon","coordinates":[[[-39.3751253,-14.175176],[-39.3929446,-14.1761811],[-39.4438228,-14.1999027],[-39.4441881,-14.2415398],[-39.4629501,-14.2285521],[-39.4943169,-14.2391836],[-39.5155278,-14.2207012],[-39.4869662,-14.1199381],[-39.4707594,-14.1067225],[-39.4862708,-14.0869431],[-39.4943749,-14.0962643],[-39.5077678,-14.0923725],[-39.4884113,-14.057585],[-39.4944518,-14.0504965],[-39.5046347,-14.0536518],[-39.5061243,-14.0421307],[-39.4861649,-14.0271248],[-39.492771,-14.0141712],[-39.4792521,-13.9825541],[-39.4920004,-13.9704374],[-39.4877915,-13.9347714],[-39.512671,-13.9371204],[-39.5335426,-13.9237439],[-39.5022783,-13.9043216],[-39.4904064,-13.8809616],[-39.4693389,-13.8760234],[-39.4224642,-13.9061571],[-39.4084544,-13.8891382],[-39.3955887,-13.9138288],[-39.3754581,-13.9145749],[-39.3970791,-13.9657779],[-39.3912091,-13.9909734],[-39.4042992,-13.9872087],[-39.4058079,-14.0064018],[-39.412583,-14.0097668],[-39.4043528,-14.0236616],[-39.3828622,-14.0270465],[-39.384,-14.0363171],[-39.3732223,-14.0320952],[-39.3723323,-14.0472561],[-39.3480416,-14.0489776],[-39.3481387,-14.0642401],[-39.3303481,-14.0892404],[-39.3365054,-14.1068408],[-39.3419569,-14.1040338],[-39.3495129,-14.1150892],[-39.3431648,-14.122546],[-39.3460958,-14.1482432],[-39.3751253,-14.175176]]]}},{"type":"Feature","properties":{"level":"municipio","municipality_code":"2912806","municipality_name":"Ibirapuã","uf":"BA","state_code":"29","area_km2":771.098},"geometry":{"type":"Polygon","coordinates":[[[-40.1185901,-17.8054566],[-40.1211893,-17.7883854],[-40.1720596,-17.7757036],[-40.2075784,-17.731406],[-40.240172,-17.7349306],[-40.2173077,-17.7159204],[-40.2238418,-17.6825904],[-40.2147793,-17.6530214],[-40.1983858,-17.6350073],[-40.1442183,-17.6225066],[-40.1448306,-17.6326079],[-40.1240154,-17.6404773],[-40.0308049,-17.6288245],[-40.0084574,-17.6598566],[-39.9304971,-17.6713751],[-39.9008762,-17.6876051],[-39.8895352,-17.7021564],[-39.8903501,-17.7169046],[-39.8559944,-17.7639965],[-39.8429426,-17.7653076],[-39.7939243,-17.7438035],[-39.7750929,-17.7524588],[-39.7589111,-17.7490089],[-39.7125014,-17.7740573],[-39.740111,-17.7793279],[-39.7730268,-17.7984158],[-39.7764783,-17.8087021],[-39.8198823,-17.8259548],[-39.8582337,-17.8259366],[-39.8883603,-17.8485684],[-39.9259302,-17.8415169],[-39.943773,-17.8466463],[-39.9543378,-17.8335561],[-39.9925783,-17.8289326],[-40.0509984,-17.8566588],[-40.0677126,-17.8494989],[-40.0799413,-17.8281221],[-40.1185901,-17.8054566]]]}},{"type":"Feature","properties":{"level":"municipio","municipality_code":"2912905","municipality_name":"Ibirataia","uf":"BA","state_code":"29","area_km2":318.129},"geometry":{"type":"Polygon","coordinates":[[[-39.5867535,-14.0113137],[-39.5848329,-14.0278139],[-39.608499,-14.0560605],[-39.5872697,-14.0819182],[-39.6023057,-14.0895064],[-39.5974803,-14.0934116],[-39.6088972,-14.1008973],[-39.6100114,-14.1145263],[-39.6298281,-14.1147769],[-39.652745,-14.1320663],[-39.6720284,-14.0953383],[-39.6675426,-14.0570971],[-39.680313,-14.051886],[-39.6697023,-14.0374692],[-39.6775958,-14.0330296],[-39.6728887,-14.0194245],[-39.6611454,-14.0083096],[-39.6678892,-13.9951114],[-39.6812708,-13.9916656],[-39.7072363,-13.9664055],[-39.7091414,-13.9534382],[-39.7099443,-13.9417281],[-39.6971909,-13.9346909],[-39.6891542,-13.91661],[-39.6961347,-13.8875882],[-39.6843352,-13.884813],[-39.680038,-13.8714532],[-39.6536036,-13.8755749],[-39.6445444,-13.8671099],[-39.6262156,-13.8668769],[-39.6218158,-13.8573637],[-39.6080081,-13.8607343],[-39.5944413,-13.8675214],[-39.5956652,-13.8802123],[-39.5735161,-13.8899648],[-39.5778859,-13.897375],[-39.5512212,-13.8977957],[-39.5508961,-13.9191554],[-39.5321604,-13.9132594],[-39.5305485,-13.927057],[-39.513831,-13.9318261],[-39.5179964,-13.9383699],[-39.5097414,-13.9505716],[-39.5211935,-13.9660727],[-39.5448416,-13.961132],[-39.5445944,-13.9445456],[-39.5561588,-13.9320601],[-39.569649,-13.9349699],[-39.5801658,-13.9577411],[-39.5670008,-13.9675787],[-39.5633356,-13.981703],[-39.5708398,-14.0060683],[-39.5867535,-14.0113137]]]}},{"type":"Feature","properties":{"level":"municipio","municipality_code":"2913002","municipality_name":"Ibitiara","uf":"BA","state_code":"29","area_km2":1834.002},"geometry":{"type":"Polygon","coordinates":[[[-42.2051046,-12.727735],[-42.2650083,-12.7269546],[-42.2802236,-12.7086353],[-42.2972369,-12.7034586],[-42.3535437,-12.7169553],[-42.3958677,-12.6968123],[-42.41913,-12.6977569],[-42.4505194,-12.6870605],[-42.473957,-12.7082799],[-42.5024975,-12.717084],[-42.5171663,-12.7117276],[-42.5286861,-12.6911831],[-42.5369981,-12.699359],[-42.5488928,-12.6876384],[-42.5804947,-12.6914754],[-42.5825901,-12.6631555],[-42.605224,-12.6581936],[-42.6096304,-12.6372215],[-42.6271752,-12.6277503],[-42.6232383,-12.6049584],[-42.6281905,-12.5943168],[-42.6383468,-12.5938236],[-42.6357474,-12.5786251],[-42.6554874,-12.5187413],[-42.6385816,-12.5123742],[-42.6388962,-12.5007983],[-42.6068144,-12.5132258],[-42.5897408,-12.5096687],[-42.5793635,-12.528911],[-42.5640195,-12.5284877],[-42.5329905,-12.5468202],[-42.518574,-12.5394825],[-42.4948775,-12.5446781],[-42.4255588,-12.4973351],[-42.370326,-12.4811895],[-42.370027,-12.4580786],[-42.3531133,-12.4575208],[-42.3298156,-12.4826237],[-42.3305966,-12.4645227],[-42.320938,-12.4464736],[-42.3256718,-12.4294451],[-42.3051977,-12.4031969],[-42.2639937,-12.4113762],[-42.251073,-12.4049256],[-42.2492523,-12.3895695],[-42.2173919,-12.3865423],[-42.2017412,-12.3769428],[-42.1403683,-12.4007978],[-42.1037558,-12.395896],[-42.0790998,-12.4083393],[-42.0147798,-12.5048563],[-42.0067583,-12.5686147],[-41.983757,-12.6008949],[-42.0299388,-12.6188556],[-42.0305813,-12.6845904],[-42.0180267,-12.7200358],[-42.0965404,-12.7150466],[-42.1674512,-12.7260079],[-42.1729468,-12.7192269],[-42.2051046,-12.727735]]]}},{"type":"Feature","properties":{"level":"municipio","municipality_code":"2913101","municipality_name":"Ibititá","uf":"BA","state_code":"29","area_km2":573.033},"geometry":{"type":"Polygon","coordinates":[[[-41.9291809,-11.672919],[-42.0435893,-11.5713704],[-42.0443866,-11.551987],[-42.0077756,-11.4570537],[-41.942616,-11.3812481],[-41.9415198,-11.4152961],[-41.921672,-11.4484609],[-41.8728149,-11.4925547],[-41.7872057,-11.6246102],[-41.771382,-11.6643002],[-41.772937,-11.6821876],[-41.7965633,-11.6916042],[-41.7981648,-11.6842361],[-41.8140144,-11.6824839],[-41.8227183,-11.6916685],[-41.8337772,-11.6898295],[-41.8347929,-11.6970471],[-41.8549595,-11.6993255],[-41.8939399,-11.7556268],[-41.9114252,-11.7597494],[-41.9234926,-11.7387273],[-41.9291809,-11.672919]]]}},{"type":"Feature","properties":{"level":"municipio","municipality_code":"2913200","municipality_name":"Ibotirama","uf":"BA","state_code":"29","area_km2":1740.113},"geometry":{"type":"Polygon","coordinates":[[[-43.1851068,-11.8939455],[-43.1642544,-11.9018686],[-43.1707864,-11.9365099],[-43.1395515,-11.9744592],[-43.1363522,-12.021261],[-43.1437215,-12.044366],[-43.1109087,-12.0463766],[-43.0922014,-12.0560011],[-43.0747337,-12.0950836],[-43.0574372,-12.0969115],[-43.0636003,-12.1399492],[-43.0558883,-12.1551031],[-43.0339124,-12.1495],[-43.0280772,-12.164126],[-43.0151761,-12.1632872],[-42.9981787,-12.1896277],[-42.9792584,-12.1922145],[-42.9738057,-12.2090165],[-42.9802064,-12.2147942],[-42.9809757,-12.2602386],[-42.9637149,-12.2687224],[-42.9627793,-12.3011896],[-42.9723355,-12.332486],[-43.0370937,-12.3307881],[-43.0586821,-12.3494623],[-43.0769826,-12.3356868],[-43.0778149,-12.3181262],[-43.1066124,-12.309957],[-43.1194877,-12.3281741],[-43.2039016,-12.3530451],[-43.2527806,-12.3811444],[-43.2580526,-12.3677322],[-43.2837998,-12.3465555],[-43.2879245,-12.2998052],[-43.2796439,-12.2864421],[-43.2815094,-12.2691958],[-43.2606953,-12.2344513],[-43.2634303,-12.2209022],[-43.2252775,-12.1872884],[-43.2334434,-12.1713149],[-43.2821938,-12.1356856],[-43.2990227,-12.055941],[-43.349098,-12.0163614],[-43.3589133,-11.9669281],[-43.3527208,-11.9044197],[-43.3128053,-11.8671811],[-43.3232154,-11.8348204],[-43.3491991,-11.7983302],[-43.3483069,-11.735096],[-43.3859536,-11.67571],[-43.3789362,-11.6282326],[-43.3416713,-11.5808903],[-43.304082,-11.5816018],[-43.2822392,-11.5618322],[-43.2924048,-11.58948],[-43.2777331,-11.6240158],[-43.282476,-11.6544892],[-43.264682,-11.6540163],[-43.2569448,-11.6638409],[-43.2432865,-11.6575348],[-43.2262227,-11.6767053],[-43.2411462,-11.6897167],[-43.2456596,-11.7065688],[-43.2345453,-11.715259],[-43.2268247,-11.7818598],[-43.2141893,-11.8103347],[-43.1928966,-11.8071396],[-43.1896248,-11.8738753],[-43.1851068,-11.8939455]]]}},{"type":"Feature","properties":{"level":"municipio","municipality_code":"2913309","municipality_name":"Ichu","uf":"BA","state_code":"29","area_km2":138.016},"geometry":{"type":"Polygon","coordinates":[[[-39.0932244,-11.7164432],[-39.0606527,-11.769819],[-39.2178749,-11.7681663],[-39.2177375,-11.7820109],[-39.2285779,-11.7858469],[-39.2528574,-11.7554338],[-39.2330848,-11.7638826],[-39.2081023,-11.7115689],[-39.1780087,-11.6854977],[-39.1536711,-11.685025],[-39.1577461,-11.6461391],[-39.0932244,-11.7164432]]]}},{"type":"Feature","properties":{"level":"municipio","municipality_code":"2913408","municipality_name":"Igaporã","uf":"BA","state_code":"29","area_km2":836.586},"geometry":{"type":"Polygon","coordinates":[[[-42.6881152,-13.6771189],[-42.6641293,-13.7009405],[-42.6458814,-13.7435618],[-42.6068895,-13.7613127],[-42.5874773,-13.8347117],[-42.5675006,-13.8445357],[-42.55294,-13.8840072],[-42.523651,-13.8984636],[-42.5112111,-13.9205971],[-42.5565449,-13.9460571],[-42.7998503,-14.0371732],[-42.8126131,-14.0187821],[-42.8590066,-14.0191561],[-42.8917737,-13.9907471],[-42.9094619,-13.9878954],[-42.9439347,-13.964883],[-42.9516125,-13.9568762],[-42.9175906,-13.9573471],[-42.8939235,-13.9449194],[-42.807605,-13.9740242],[-42.7890361,-13.9381318],[-42.7921234,-13.924293],[-42.780038,-13.8976362],[-42.7906254,-13.8731342],[-42.7801563,-13.8560461],[-42.772431,-13.736419],[-42.7788683,-13.7030558],[-42.767422,-13.6863109],[-42.7707583,-13.6559425],[-42.7523997,-13.6335219],[-42.7375586,-13.6315023],[-42.728432,-13.642648],[-42.7048223,-13.6330997],[-42.6881152,-13.6771189]]]}},{"type":"Feature","properties":{"level":"municipio","municipality_code":"2913457","municipality_name":"Igrapiúna","uf":"BA","state_code":"29","area_km2":591.312},"geometry":{"type":"Polygon","coordinates":[[[-39.1496269,-13.7546227],[-39.1385841,-13.7466192],[-39.131382,-13.7226963],[-39.1166506,-13.7183821],[-39.1013931,-13.7492128],[-39.0708781,-13.7597352],[-39.03743,-13.8318006],[-39.0134771,-13.8460238],[-38.9721507,-13.8424462],[-38.967848,-13.8487542],[-39.0022938,-13.8782354],[-39.0171573,-13.9050883],[-39.0430538,-13.9177631],[-39.0700974,-13.9150109],[-39.0841101,-13.8924029],[-39.1274698,-13.885325],[-39.1302715,-13.8919669],[-39.1669466,-13.8935505],[-39.1792463,-13.9184164],[-39.202214,-13.9118384],[-39.2279916,-13.9365266],[-39.2706427,-13.9382548],[-39.2832586,-13.9486007],[-39.2854334,-13.9330665],[-39.2967694,-13.9334743],[-39.3018944,-13.9492453],[-39.3288949,-13.9421673],[-39.3301705,-13.9676077],[-39.3382819,-13.9733023],[-39.3586434,-14.0328526],[-39.3553545,-14.0458948],[-39.3687267,-14.0493132],[-39.3732223,-14.0320952],[-39.384,-14.0363171],[-39.3828622,-14.0270465],[-39.4043528,-14.0236616],[-39.412747,-14.0087701],[-39.4058079,-14.0064018],[-39.4042992,-13.9872087],[-39.3912091,-13.9909734],[-39.3970791,-13.9657779],[-39.3753349,-13.9157089],[-39.4007798,-13.9094673],[-39.3848374,-13.9042324],[-39.3557335,-13.8349871],[-39.3324628,-13.8264353],[-39.2831004,-13.8451763],[-39.2578638,-13.8413721],[-39.2542143,-13.8133392],[-39.1812709,-13.8004664],[-39.1760513,-13.7849901],[-39.1574029,-13.7820686],[-39.1465503,-13.764054],[-39.1496269,-13.7546227]]]}},{"type":"Feature","properties":{"level":"municipio","municipality_code":"2913507","municipality_name":"Iguaí","uf":"BA","state_code":"29","area_km2":860.223},"geometry":{"type":"Polygon","coordinates":[[[-40.1363672,-14.7587479],[-40.1518962,-14.764553],[-40.2078919,-14.7427862],[-40.2074446,-14.7039477],[-40.2153243,-14.6981628],[-40.2185486,-14.660779],[-40.2294345,-14.6487698],[-40.2216865,-14.6232354],[-40.2100315,-14.6154654],[-40.215523,-14.6014185],[-40.2006274,-14.5685416],[-40.2037768,-14.554033],[-40.1915454,-14.5400164],[-40.1878961,-14.5136485],[-40.1745008,-14.5095709],[-40.1738441,-14.4875845],[-40.1657259,-14.4789592],[-40.119474,-14.4895634],[-40.1054397,-14.5202702],[-40.0936384,-14.5208036],[-40.0878956,-14.5340693],[-40.0592633,-14.539808],[-40.0497417,-14.5270351],[-40.0329678,-14.5381399],[-40.0243915,-14.5298831],[-40.0105245,-14.5314576],[-40.0064345,-14.5197678],[-39.987721,-14.5082241],[-39.982708,-14.4925943],[-39.9630774,-14.4828565],[-39.8731351,-14.5910181],[-39.8873056,-14.6303289],[-39.8996518,-14.6409462],[-39.9001836,-14.6704098],[-39.9103283,-14.670175],[-39.9104015,-14.6789346],[-39.9182318,-14.6719692],[-39.9257152,-14.6863047],[-39.9404165,-14.6864246],[-39.9516061,-14.6676274],[-39.9806476,-14.6941599],[-39.9752082,-14.7097372],[-39.9810985,-14.7184341],[-40.0224388,-14.7310524],[-40.0326732,-14.7423864],[-40.034387,-14.7550079],[-40.0149391,-14.7872808],[-40.0246592,-14.8185964],[-40.0851961,-14.769511],[-40.112379,-14.7869362],[-40.1363672,-14.7587479]]]}},{"type":"Feature","properties":{"level":"municipio","municipality_code":"2913606","municipality_name":"Ilhéus","uf":"BA","state_code":"29","area_km2":1588.555},"geometry":{"type":"MultiPolygon","coordinates":[[[[-38.9987479,-14.9787036],[-38.9978261,-14.9799143],[-38.9986974,-14.9810218],[-38.9987479,-14.9787036]]],[[[-39.0153986,-14.7897232],[-39.0149462,-14.7907583],[-39.0155223,-14.790161],[-39.0153986,-14.7897232]]],[[[-39.0156285,-14.7715889],[-39.0154764,-14.7713215],[-39.015517,-14.7716414],[-39.0156285,-14.7715889]]],[[[-39.0161165,-14.7704605],[-39.0152116,-14.7708754],[-39.0155777,-14.7711278],[-39.0161165,-14.7704605]]],[[[-39.017985,-14.7695923],[-39.0173334,-14.770628],[-39.0176711,-14.7708194],[-39.017985,-14.7695923]]],[[[-39.0821526,-15.0798129],[-39.1193085,-15.0570885],[-39.1316495,-15.0358014],[-39.1588314,-15.0588297],[-39.1704245,-15.0231279],[-39.204414,-15.0024025],[-39.2205877,-14.9467919],[-39.2102539,-14.8972363],[-39.2050257,-14.9076584],[-39.1956029,-14.9069903],[-39.2010352,-14.8946823],[-39.1936702,-14.9052778],[-39.1902714,-14.899317],[-39.197637,-14.8894856],[-39.2064581,-14.8915772],[-39.2051552,-14.8843761],[-39.2201171,-14.8850343],[-39.2231332,-14.8716599],[-39.203919,-14.8500012],[-39.2076373,-14.8444394],[-39.2357011,-14.8482286],[-39.24056,-14.8577878],[-39.2480016,-14.7859582],[-39.244067,-14.753678],[-39.2617915,-14.7557858],[-39.2907764,-14.6928896],[-39.3501963,-14.6556949],[-39.3548219,-14.6606243],[-39.395581,-14.6400771],[-39.404397,-14.628297],[-39.4496962,-14.612826],[-39.5110668,-14.5476369],[-39.5505925,-14.5617583],[-39.5121216,-14.4832997],[-39.5143977,-14.456215],[-39.4901814,-14.4196422],[-39.3642926,-14.4501816],[-39.3720738,-14.4788407],[-39.3902774,-14.493782],[-39.3820975,-14.4983946],[-39.3861963,-14.5082106],[-39.3993778,-14.5162838],[-39.3919036,-14.5230646],[-39.3813791,-14.5145721],[-39.4008841,-14.5543896],[-39.3787656,-14.5592473],[-39.3603562,-14.5742671],[-39.3646362,-14.6093935],[-39.3524946,-14.6259473],[-39.3469964,-14.6216918],[-39.2721453,-14.6380274],[-39.194498,-14.6099326],[-39.1812561,-14.5931372],[-39.1766647,-14.5687315],[-39.1393575,-14.541129],[-39.1452542,-14.5298959],[-39.073648,-14.5202573],[-39.0417177,-14.4981569],[-39.0350942,-14.531552],[-39.0628983,-14.6336755],[-39.0636376,-14.73332],[-39.0545609,-14.7773708],[-39.0274128,-14.7830074],[-39.0187067,-14.9201762],[-38.9975905,-14.9867163],[-38.9963256,-15.0851519],[-39.008762,-15.096387],[-39.0190984,-15.0899988],[-39.043289,-15.1116403],[-39.0628773,-15.1122885],[-39.0699023,-15.0963423],[-39.0826018,-15.0968224],[-39.0821526,-15.0798129]]]]}},{"type":"Feature","properties":{"level":"municipio","municipality_code":"2913705","municipality_name":"Inhambupe","uf":"BA","state_code":"29","area_km2":1082.283},"geometry":{"type":"Polygon","coordinates":[[[-38.1852847,-11.9016757],[-38.2734137,-11.9637703],[-38.3086811,-11.9551225],[-38.3611575,-11.9692182],[-38.3742419,-11.9593384],[-38.3867393,-11.9320115],[-38.3977685,-11.9350185],[-38.4037152,-11.9274241],[-38.4117546,-11.937945],[-38.4400448,-11.9310229],[-38.4639621,-11.9361342],[-38.4750061,-11.9490566],[-38.5213517,-11.9360438],[-38.5677454,-11.9609778],[-38.5970437,-11.9530403],[-38.6048782,-11.9044985],[-38.5885715,-11.8487568],[-38.5764362,-11.8326509],[-38.5770396,-11.7983325],[-38.5615549,-11.7742502],[-38.5420697,-11.7545297],[-38.4343784,-11.7243792],[-38.4272769,-11.6496421],[-38.4411539,-11.6339405],[-38.4437542,-11.6179471],[-38.4419526,-11.6059531],[-38.4250062,-11.5933407],[-38.4254357,-11.5658239],[-38.3975233,-11.5574153],[-38.3564204,-11.5901302],[-38.3386321,-11.5866091],[-38.3014965,-11.626247],[-38.3017082,-11.6358617],[-38.279189,-11.6647132],[-38.2647897,-11.7172768],[-38.2764309,-11.7516026],[-38.2970623,-11.7700611],[-38.2822598,-11.7896862],[-38.2822577,-11.8028427],[-38.2986821,-11.8340166],[-38.3123654,-11.8397254],[-38.2938495,-11.8638054],[-38.2975494,-11.8724298],[-38.2749356,-11.8659324],[-38.2650321,-11.8816775],[-38.2541982,-11.8744773],[-38.2112232,-11.8905788],[-38.1907147,-11.8869046],[-38.1852847,-11.9016757]]]}},{"type":"Feature","properties":{"level":"municipio","municipality_code":"2913804","municipality_name":"Ipecaetá","uf":"BA","state_code":"29","area_km2":372.565},"geometry":{"type":"Polygon","coordinates":[[[-39.244744,-12.304608],[-39.2421397,-12.3649089],[-39.2294268,-12.3856277],[-39.2462839,-12.3876964],[-39.2630272,-12.3732417],[-39.2788014,-12.3834094],[-39.2850268,-12.3980355],[-39.360569,-12.4195332],[-39.3732437,-12.4362151],[-39.3801898,-12.4332216],[-39.3825119,-12.4047765],[-39.3749777,-12.3961772],[-39.3946881,-12.3852019],[-39.3861841,-12.3744412],[-39.3959329,-12.372464],[-39.3906791,-12.3561417],[-39.4216094,-12.3459829],[-39.4383993,-12.3206689],[-39.3973909,-12.2766577],[-39.4131554,-12.2695987],[-39.3812014,-12.2474529],[-39.3773619,-12.2304336],[-39.3409951,-12.1980318],[-39.3453103,-12.186772],[-39.307848,-12.1821463],[-39.2888671,-12.1868721],[-39.2808357,-12.2025698],[-39.2841697,-12.2169694],[-39.2743349,-12.2293271],[-39.2656317,-12.2283112],[-39.250698,-12.2649132],[-39.233055,-12.2783633],[-39.244744,-12.304608]]]}},{"type":"Feature","properties":{"level":"municipio","municipality_code":"2913903","municipality_name":"Ipiaú","uf":"BA","state_code":"29","area_km2":280.454},"geometry":{"type":"Polygon","coordinates":[[[-39.6993994,-14.1532273],[-39.7497921,-14.1364194],[-39.7711852,-14.1223923],[-39.7756574,-14.106875],[-39.808,-14.1047526],[-39.8312061,-14.0824778],[-39.826693,-14.0724887],[-39.8097176,-14.077079],[-39.7940502,-14.0666772],[-39.8007942,-14.0525853],[-39.7906544,-14.0373173],[-39.7944774,-14.0126241],[-39.7539123,-13.9872158],[-39.7357277,-13.9322085],[-39.7207296,-13.9273495],[-39.7050151,-13.9098901],[-39.7100514,-13.8994299],[-39.6945198,-13.8916023],[-39.6891542,-13.91661],[-39.6971909,-13.9346909],[-39.7101715,-13.9421524],[-39.7072363,-13.9664055],[-39.6812708,-13.9916656],[-39.6678892,-13.9951114],[-39.6611454,-14.0083096],[-39.6728887,-14.0194245],[-39.6775958,-14.0330296],[-39.6697023,-14.0374692],[-39.680313,-14.051886],[-39.6675426,-14.0570971],[-39.6720284,-14.0953383],[-39.652745,-14.1320663],[-39.6674199,-14.1610205],[-39.6640155,-14.1847074],[-39.6921732,-14.1743986],[-39.6993994,-14.1532273]]]}},{"type":"Feature","properties":{"level":"municipio","municipality_code":"2914000","municipality_name":"Ipirá","uf":"BA","state_code":"29","area_km2":3105.28},"geometry":{"type":"Polygon","coordinates":[[[-39.5220546,-12.036918],[-39.4081901,-12.2660464],[-39.4132268,-12.2697486],[-39.3973623,-12.2765339],[-39.4321305,-12.3076571],[-39.4383993,-12.3206689],[-39.4334922,-12.33503],[-39.4683394,-12.3465233],[-39.5066511,-12.333503],[-39.5270734,-12.3378505],[-39.62729,-12.3936621],[-39.6264954,-12.4039181],[-39.642976,-12.3993585],[-39.6666642,-12.4078662],[-39.7389517,-12.4100469],[-39.7705755,-12.4303025],[-39.7814221,-12.4250912],[-39.9152854,-12.5083562],[-39.9100511,-12.5167653],[-39.9256899,-12.5216021],[-39.9396579,-12.5085558],[-39.9366283,-12.4839749],[-39.9596624,-12.4690335],[-39.9677929,-12.4773014],[-39.978025,-12.4736251],[-39.9703339,-12.4566487],[-39.9779958,-12.4572395],[-39.9868769,-12.4296204],[-40.0221146,-12.4027215],[-40.0216482,-12.39327],[-40.0280509,-12.3948553],[-40.0269212,-12.3818646],[-40.0404615,-12.3667495],[-40.0354384,-12.3606021],[-40.0512174,-12.3553589],[-40.0600072,-12.3410253],[-40.0712553,-12.345514],[-40.0715523,-12.3346609],[-40.0933355,-12.3251358],[-40.1155085,-12.3288509],[-40.1240686,-12.3032732],[-40.1331618,-12.2997103],[-40.1303136,-12.274591],[-40.1410149,-12.2459985],[-40.0741938,-12.1927966],[-40.0689465,-12.1987774],[-40.0504625,-12.1960238],[-40.0452895,-12.1805194],[-40.0352994,-12.1761392],[-40.0394253,-12.155376],[-40.0318938,-12.1492001],[-40.0285189,-12.0551704],[-39.9712479,-12.0545168],[-39.9737833,-12.03702],[-39.9610634,-12.0123238],[-39.9708457,-11.9868459],[-39.9599117,-11.9747221],[-39.945492,-11.9930501],[-39.9231843,-11.9972207],[-39.9198945,-12.0157203],[-39.9048619,-12.0288311],[-39.8498221,-11.994442],[-39.8427426,-11.9717016],[-39.8347183,-11.9717211],[-39.7818025,-11.8983747],[-39.7741185,-11.9153953],[-39.7191058,-11.9055069],[-39.6917904,-11.9244398],[-39.6772138,-11.9239462],[-39.6594043,-11.9471573],[-39.6455826,-11.9482446],[-39.6363919,-11.9972619],[-39.6239474,-12.0192443],[-39.6067454,-12.0272354],[-39.5938198,-12.0611244],[-39.5220546,-12.036918]]]}},{"type":"Feature","properties":{"level":"municipio","municipality_code":"2914109","municipality_name":"Ipupiara","uf":"BA","state_code":"29","area_km2":1055.76},"geometry":{"type":"Polygon","coordinates":[[[-42.461158,-11.9660468],[-42.6686137,-11.8670169],[-42.7002955,-11.8760453],[-42.772153,-11.8089517],[-42.7476294,-11.730771],[-42.7165746,-11.7182236],[-42.6805867,-11.7199168],[-42.6675238,-11.7095874],[-42.6231785,-11.7182329],[-42.594372,-11.7084788],[-42.5652111,-11.7358934],[-42.5203324,-11.7490303],[-42.4876149,-11.7753728],[-42.4721506,-11.7252347],[-42.4439886,-11.7579088],[-42.4191129,-11.7651351],[-42.3908561,-11.7524476],[-42.3693221,-11.760981],[-42.3628352,-11.7556584],[-42.3581289,-11.7147463],[-42.3380462,-11.7305387],[-42.3384936,-11.7480256],[-42.3232149,-11.7540162],[-42.3017861,-11.7838018],[-42.2918579,-11.8124147],[-42.2942504,-11.8288499],[-42.285743,-11.8368831],[-42.2914033,-11.8535575],[-42.2449566,-11.9483718],[-42.461158,-11.9660468]]]}},{"type":"Feature","properties":{"level":"municipio","municipality_code":"2914208","municipality_name":"Irajuba","uf":"BA","state_code":"29","area_km2":459.047},"geometry":{"type":"Polygon","coordinates":[[[-40.0891992,-13.3393373],[-40.1471657,-13.3394402],[-40.1564418,-13.3122223],[-40.1376351,-13.2903494],[-40.1366671,-13.2338671],[-40.1534394,-13.1724431],[-40.1687041,-13.1693325],[-40.1381215,-13.1473507],[-40.147575,-13.1408489],[-40.1520566,-13.1069864],[-40.1207159,-13.1209125],[-40.0537897,-13.114375],[-40.00983,-13.1438496],[-39.9562846,-13.2055608],[-39.9157565,-13.2387633],[-39.9136854,-13.2590273],[-39.9269317,-13.2855649],[-39.9825635,-13.3160041],[-39.9822009,-13.3257552],[-39.9906048,-13.3273253],[-39.9974334,-13.3123266],[-40.0147742,-13.3076575],[-40.0287521,-13.3106721],[-40.0354024,-13.32174],[-40.0412478,-13.3069519],[-40.0618949,-13.3440367],[-40.0754578,-13.3336861],[-40.0891992,-13.3393373]]]}},{"type":"Feature","properties":{"level":"municipio","municipality_code":"2914307","municipality_name":"Iramaia","uf":"BA","state_code":"29","area_km2":1708.115},"geometry":{"type":"Polygon","coordinates":[[[-40.8326825,-13.6430764],[-40.8584241,-13.5825173],[-40.9401966,-13.5677885],[-40.9553367,-13.5454731],[-41.0382408,-13.5563339],[-41.2203816,-13.4702403],[-41.2161029,-13.5046434],[-41.223706,-13.5185371],[-41.2411732,-13.505925],[-41.2583057,-13.4736226],[-41.2367564,-13.461169],[-41.2334849,-13.4295333],[-41.2170064,-13.4286939],[-41.1870905,-13.405137],[-41.1606147,-13.4032812],[-41.1557073,-13.3772279],[-41.1297892,-13.3619439],[-41.1269804,-13.3330341],[-41.1170501,-13.3401669],[-41.1153194,-13.3240025],[-41.1047783,-13.3188975],[-41.1055903,-13.2930623],[-41.0786884,-13.2732681],[-41.088844,-13.2557984],[-41.0103442,-13.2609103],[-40.9183297,-13.2295696],[-40.8900128,-13.2653266],[-40.8710919,-13.2761792],[-40.8750128,-13.2938661],[-40.861954,-13.3187458],[-40.8547397,-13.3215417],[-40.8484887,-13.3121866],[-40.844914,-13.3194468],[-40.8351763,-13.3159147],[-40.7980575,-13.3358074],[-40.8005398,-13.3486786],[-40.7841405,-13.3648489],[-40.7714437,-13.3981711],[-40.7291085,-13.427516],[-40.7375015,-13.4635723],[-40.6970251,-13.5068981],[-40.6964811,-13.5335265],[-40.6869161,-13.5484953],[-40.6914842,-13.5728394],[-40.6840631,-13.583211],[-40.692992,-13.5909374],[-40.6901949,-13.6104558],[-40.7101816,-13.6302857],[-40.7011305,-13.6450348],[-40.7133859,-13.6682133],[-40.7066356,-13.682193],[-40.7250434,-13.6919211],[-40.7180824,-13.7102293],[-40.7260283,-13.7221157],[-40.7154623,-13.7469632],[-40.7281063,-13.7520938],[-40.7030425,-13.7644604],[-40.6995042,-13.8046959],[-40.6556214,-13.8394364],[-40.6771994,-13.8505428],[-40.6953926,-13.8377951],[-40.7147626,-13.8410392],[-40.8326825,-13.6430764]]]}},{"type":"Feature","properties":{"level":"municipio","municipality_code":"2914406","municipality_name":"Iraquara","uf":"BA","state_code":"29","area_km2":991.822},"geometry":{"type":"Polygon","coordinates":[[[-41.6252636,-12.3806346],[-41.6658261,-12.3826568],[-41.733811,-12.3656728],[-41.7419597,-12.3226389],[-41.756347,-12.3081558],[-41.7651352,-12.272596],[-41.7428051,-12.2368305],[-41.7833645,-12.1606041],[-41.8099357,-12.1532205],[-41.7708412,-12.1383586],[-41.6043852,-12.1446102],[-41.4688676,-12.1080497],[-41.4172738,-12.1450427],[-41.3548676,-12.1683991],[-41.4001688,-12.2000178],[-41.4037843,-12.217797],[-41.4174348,-12.2278273],[-41.4118595,-12.2477986],[-41.4345287,-12.2645007],[-41.4420729,-12.282552],[-41.4434698,-12.3085859],[-41.4347216,-12.3133499],[-41.438708,-12.3249745],[-41.4250955,-12.3431855],[-41.4436496,-12.3558786],[-41.4325459,-12.3617899],[-41.4247368,-12.3844173],[-41.4414762,-12.4132056],[-41.452498,-12.3827059],[-41.4796744,-12.3705849],[-41.4903545,-12.3754441],[-41.5119503,-12.3693354],[-41.5157818,-12.375077],[-41.5236895,-12.3561962],[-41.6252636,-12.3806346]]]}},{"type":"Feature","properties":{"level":"municipio","municipality_code":"2914505","municipality_name":"Irará","uf":"BA","state_code":"29","area_km2":267.88},"geometry":{"type":"Polygon","coordinates":[[[-38.7634335,-12.1187184],[-38.7958927,-12.105107],[-38.8035803,-12.1109399],[-38.8418036,-12.1046032],[-38.8065086,-12.0228584],[-38.8075916,-11.9759277],[-38.8250583,-11.9481848],[-38.7959048,-11.9540106],[-38.7422981,-11.9402894],[-38.7192814,-11.9504231],[-38.7109861,-11.9423404],[-38.6802839,-11.9460913],[-38.7081202,-11.9568106],[-38.7090937,-11.9835635],[-38.7243179,-12.0268557],[-38.699918,-12.0541757],[-38.6577252,-12.0532733],[-38.7003192,-12.138798],[-38.7391575,-12.165338],[-38.7524333,-12.1652164],[-38.7528547,-12.1408805],[-38.7634335,-12.1187184]]]}},{"type":"Feature","properties":{"level":"municipio","municipality_code":"2914604","municipality_name":"Irecê","uf":"BA","state_code":"29","area_km2":319.174},"geometry":{"type":"Polygon","coordinates":[[[-41.7725442,-11.3647248],[-41.8779916,-11.3617251],[-41.8826993,-11.3725173],[-41.942616,-11.3812481],[-41.9714776,-11.3441723],[-41.9266057,-11.280357],[-41.9252223,-11.264598],[-41.9417424,-11.2282339],[-41.8758949,-11.2691229],[-41.8779313,-11.2610321],[-41.7666343,-11.2272723],[-41.7296926,-11.2279723],[-41.7414843,-11.2707473],[-41.7330726,-11.3325307],[-41.7495452,-11.3721877],[-41.7464711,-11.3921411],[-41.784152,-11.3845307],[-41.7725442,-11.3647248]]]}},{"type":"Feature","properties":{"level":"municipio","municipality_code":"2914653","municipality_name":"Itabela","uf":"BA","state_code":"29","area_km2":924.914},"geometry":{"type":"Polygon","coordinates":[[[-39.6415281,-16.7913658],[-39.6607193,-16.7863184],[-39.6641102,-16.7480823],[-39.6761397,-16.7311163],[-39.6681929,-16.6946722],[-39.6767008,-16.6755237],[-39.6481884,-16.5720429],[-39.6984149,-16.5478213],[-39.6984213,-16.5126466],[-39.6829396,-16.5040542],[-39.6517143,-16.505376],[-39.6430663,-16.4882331],[-39.6195072,-16.4786834],[-39.6035535,-16.4591204],[-39.5889379,-16.4718356],[-39.5478949,-16.4779231],[-39.462814,-16.5359268],[-39.4195797,-16.5541881],[-39.4230907,-16.5632433],[-39.455375,-16.5807349],[-39.4768457,-16.5826078],[-39.4829151,-16.6106619],[-39.4448674,-16.6379562],[-39.4021708,-16.6896372],[-39.3933052,-16.7114172],[-39.3751957,-16.7205809],[-39.3374026,-16.7845347],[-39.3560584,-16.7833724],[-39.4166219,-16.7469198],[-39.4410332,-16.7446543],[-39.4576779,-16.7521936],[-39.4856869,-16.7960621],[-39.4787088,-16.8289859],[-39.5097781,-16.87318],[-39.5250399,-16.8671156],[-39.522905,-16.8526476],[-39.5062779,-16.8460363],[-39.5133548,-16.840213],[-39.5500671,-16.8373527],[-39.5839152,-16.8534325],[-39.6070232,-16.8346249],[-39.62263,-16.8352884],[-39.6244683,-16.829994],[-39.6113622,-16.8240088],[-39.6126107,-16.8136369],[-39.62225,-16.8144429],[-39.6415281,-16.7913658]]]}},{"type":"Feature","properties":{"level":"municipio","municipality_code":"2914703","municipality_name":"Itaberaba","uf":"BA","state_code":"29","area_km2":2386.39},"geometry":{"type":"Polygon","coordinates":[[[-39.9404461,-12.5053631],[-39.9256899,-12.5216021],[-39.9281726,-12.5333771],[-39.9497955,-12.5567274],[-39.9744459,-12.5626382],[-40.0017298,-12.5573947],[-40.0176259,-12.5680087],[-40.0306752,-12.5596648],[-40.047831,-12.5651183],[-40.0561901,-12.6134239],[-40.0901888,-12.6379037],[-40.1204178,-12.687696],[-40.1350237,-12.6864785],[-40.1537414,-12.6988333],[-40.1809671,-12.6979622],[-40.1828089,-12.7327861],[-40.2151885,-12.7646431],[-40.3086769,-12.7475796],[-40.3441408,-12.7690893],[-40.349835,-12.7900996],[-40.3587396,-12.7922176],[-40.4264877,-12.6669144],[-40.4203606,-12.640086],[-40.4603534,-12.603359],[-40.4561298,-12.5933058],[-40.4668612,-12.57822],[-40.4592541,-12.558104],[-40.4708493,-12.5089965],[-40.4926197,-12.5111316],[-40.5329164,-12.4769349],[-40.5641538,-12.4662324],[-40.5753735,-12.4378057],[-40.5239005,-12.3924031],[-40.4984313,-12.3316843],[-40.487505,-12.3302628],[-40.4806508,-12.3106848],[-40.461612,-12.3151023],[-40.4404971,-12.2985644],[-40.4262917,-12.2700388],[-40.4191763,-12.2794617],[-40.3907928,-12.2617138],[-40.3824215,-12.2727552],[-40.37092,-12.273114],[-40.3563114,-12.2550109],[-40.3370402,-12.2630642],[-40.3315824,-12.25649],[-40.3193147,-12.2649854],[-40.3033482,-12.2580757],[-40.2915375,-12.2677622],[-40.2762973,-12.2638473],[-40.2122231,-12.2823356],[-40.1989116,-12.3153103],[-40.1828436,-12.3205738],[-40.1845129,-12.3294768],[-40.1690209,-12.3529122],[-40.15333,-12.3458445],[-40.1324589,-12.34996],[-40.1298798,-12.3368017],[-40.1062286,-12.3254935],[-40.0717522,-12.3345127],[-40.0679007,-12.346962],[-40.0600072,-12.3410253],[-40.0512174,-12.3553589],[-40.0354384,-12.3606021],[-40.0403326,-12.3672012],[-40.0269212,-12.3818646],[-40.0221146,-12.4027215],[-39.9866873,-12.4298409],[-39.9779958,-12.4572395],[-39.9703339,-12.4566487],[-39.978025,-12.4736251],[-39.9677929,-12.4773014],[-39.9596624,-12.4690335],[-39.9366283,-12.4839749],[-39.9404461,-12.5053631]]]}},{"type":"Feature","properties":{"level":"municipio","municipality_code":"2914802","municipality_name":"Itabuna","uf":"BA","state_code":"29","area_km2":401.028},"geometry":{"type":"Polygon","coordinates":[[[-39.2617915,-14.7557858],[-39.244067,-14.753678],[-39.2480016,-14.7859582],[-39.24056,-14.8577878],[-39.2357011,-14.8482286],[-39.2076373,-14.8444394],[-39.2040071,-14.852747],[-39.2148314,-14.8554088],[-39.2231332,-14.8716599],[-39.2201171,-14.8850343],[-39.1945087,-14.8916871],[-39.1923737,-14.9047807],[-39.2007785,-14.894583],[-39.1956029,-14.9069903],[-39.2055035,-14.9075088],[-39.2079455,-14.8944374],[-39.2232238,-14.9263685],[-39.2404762,-14.9381172],[-39.2529198,-14.9315607],[-39.3009178,-14.9309213],[-39.3065737,-14.91576],[-39.3149338,-14.9299278],[-39.3288411,-14.9321878],[-39.3427055,-14.9474335],[-39.3490998,-14.965191],[-39.363911,-14.9669244],[-39.3654311,-14.9808174],[-39.3532162,-14.9915195],[-39.3653899,-15.0190056],[-39.3726866,-15.016208],[-39.3862347,-15.0271248],[-39.3970705,-15.0210892],[-39.412406,-15.0332295],[-39.4174573,-15.0067443],[-39.3929676,-14.9726117],[-39.3551187,-14.8654919],[-39.367908,-14.8495429],[-39.3850383,-14.8493623],[-39.3945868,-14.8578991],[-39.4058911,-14.8357117],[-39.3554071,-14.7594557],[-39.3516914,-14.7281053],[-39.3397124,-14.7290249],[-39.2954246,-14.6906137],[-39.2617915,-14.7557858]]]}},{"type":"Feature","properties":{"level":"municipio","municipality_code":"2914901","municipality_name":"Itacaré","uf":"BA","state_code":"29","area_km2":726.265},"geometry":{"type":"Polygon","coordinates":[[[-39.0802061,-14.2473499],[-39.0275519,-14.2473014],[-39.0185223,-14.2288696],[-39.0074666,-14.2243601],[-39.0077182,-14.2356262],[-38.9978201,-14.235242],[-38.9880983,-14.2186053],[-38.9949362,-14.266368],[-38.9840893,-14.2751406],[-38.9799147,-14.2936579],[-39.0012019,-14.3430917],[-39.0191037,-14.4201689],[-39.0229021,-14.4147119],[-39.0423554,-14.4201557],[-39.0452356,-14.4001224],[-39.0616061,-14.4189028],[-39.0930735,-14.4333501],[-39.0949668,-14.4501777],[-39.1228682,-14.4643024],[-39.131707,-14.4888989],[-39.3227631,-14.4600024],[-39.3288929,-14.4321883],[-39.3242455,-14.3934886],[-39.3339929,-14.3842716],[-39.3077947,-14.3317563],[-39.2867395,-14.3069484],[-39.2704891,-14.3060067],[-39.2547794,-14.2807073],[-39.2226815,-14.2642238],[-39.160593,-14.2749448],[-39.1378972,-14.2674209],[-39.1373244,-14.2580751],[-39.0802061,-14.2473499]]]}},{"type":"Feature","properties":{"level":"municipio","municipality_code":"2915007","municipality_name":"Itaeté","uf":"BA","state_code":"29","area_km2":1331.822},"geometry":{"type":"Polygon","coordinates":[[[-40.958206,-12.9787324],[-40.9534398,-13.0327873],[-40.9440435,-13.0383318],[-40.9286365,-13.0334546],[-40.9229819,-13.0475023],[-40.9116015,-13.0258795],[-40.8766918,-13.0040445],[-40.8550999,-13.0183837],[-40.8365231,-13.015403],[-40.7862889,-13.04406],[-40.7708656,-13.0369671],[-40.7510203,-13.0435436],[-40.9197095,-13.2090052],[-40.9183297,-13.2295696],[-41.0103442,-13.2609103],[-41.088844,-13.2557984],[-41.0798272,-13.2746062],[-41.1066981,-13.2939656],[-41.1259364,-13.2872095],[-41.1425702,-13.2994106],[-41.1580573,-13.2826067],[-41.1691924,-13.2479654],[-41.1840326,-13.2412527],[-41.1984055,-13.1926243],[-41.2340024,-13.1634632],[-41.2465577,-13.1584493],[-41.2448363,-13.1656894],[-41.2645825,-13.1668284],[-41.2805515,-13.1556858],[-41.2810117,-13.1380046],[-41.2510632,-13.1283274],[-41.2445977,-13.1136172],[-41.2302011,-13.1291043],[-41.1942238,-13.1217072],[-41.1797339,-13.1277096],[-41.1478313,-13.1074217],[-41.1803606,-13.0394965],[-41.1786357,-13.0154198],[-41.1887967,-13.0052646],[-41.1899633,-12.9890627],[-41.2255025,-12.9361618],[-41.2325394,-12.9123858],[-41.1074911,-12.8881435],[-41.0943564,-12.8988035],[-41.074012,-12.893759],[-41.0530568,-12.9241035],[-41.0434306,-12.9119024],[-41.0374503,-12.9182934],[-41.0102028,-12.9114655],[-40.9958952,-12.9203925],[-40.9839223,-12.9106257],[-40.9768079,-12.9303824],[-40.9872338,-12.9407688],[-40.9845433,-12.9563924],[-40.9943277,-12.9720679],[-40.9797357,-12.9768077],[-40.9693788,-12.9636506],[-40.958206,-12.9787324]]]}},{"type":"Feature","properties":{"level":"municipio","municipality_code":"2915106","municipality_name":"Itagi","uf":"BA","state_code":"29","area_km2":310.621},"geometry":{"type":"Polygon","coordinates":[[[-39.9891406,-14.0507164],[-39.9467291,-14.0677007],[-39.9371714,-14.0786601],[-39.9494983,-14.1521046],[-39.9355098,-14.1546576],[-39.9360452,-14.1735343],[-39.976602,-14.1624514],[-39.9878364,-14.198004],[-39.9863364,-14.2318621],[-40.0139098,-14.2886163],[-40.0339409,-14.280796],[-40.0523672,-14.2852165],[-40.0683184,-14.2434981],[-40.0971113,-14.2803257],[-40.0985745,-14.2429521],[-40.0821575,-14.2137823],[-40.090875,-14.1897449],[-40.1127796,-14.1721477],[-40.1022625,-14.1348883],[-40.0771889,-14.1186269],[-40.053071,-14.0592981],[-40.0460704,-14.0645648],[-40.0272536,-14.0490721],[-40.0085814,-14.0655985],[-39.9891406,-14.0507164]]]}},{"type":"Feature","properties":{"level":"municipio","municipality_code":"2915205","municipality_name":"Itagibá","uf":"BA","state_code":"29","area_km2":810.994},"geometry":{"type":"Polygon","coordinates":[[[-39.6978157,-14.3690745],[-39.7144987,-14.3694724],[-39.718918,-14.3609928],[-39.7276549,-14.3663817],[-39.7202832,-14.375814],[-39.7423133,-14.3716599],[-39.7414936,-14.3475276],[-39.7639299,-14.3594828],[-39.7901191,-14.3506165],[-39.8038997,-14.3672645],[-39.8117477,-14.3668444],[-39.8192507,-14.3830581],[-39.8356207,-14.3842512],[-39.8497849,-14.3748425],[-39.8649415,-14.3875523],[-39.8912768,-14.3803097],[-39.9068268,-14.3645071],[-39.9483333,-14.362948],[-39.9823261,-14.321681],[-40.0054667,-14.2661748],[-39.9987479,-14.2669685],[-39.9863364,-14.2318621],[-39.9878364,-14.198004],[-39.9764052,-14.1621638],[-39.9177365,-14.1836703],[-39.9138339,-14.1684857],[-39.9087308,-14.1749114],[-39.9005531,-14.1717671],[-39.8852852,-14.1275658],[-39.883073,-14.1420639],[-39.8606053,-14.1461407],[-39.8219301,-14.1042965],[-39.8120367,-14.1021003],[-39.7766821,-14.1062346],[-39.7711852,-14.1223923],[-39.7503604,-14.1360946],[-39.6998762,-14.1526944],[-39.6921732,-14.1743986],[-39.66893,-14.1793897],[-39.6640155,-14.1847074],[-39.6978157,-14.3690745]]]}},{"type":"Feature","properties":{"level":"municipio","municipality_code":"2915304","municipality_name":"Itagimirim","uf":"BA","state_code":"29","area_km2":876.8},"geometry":{"type":"Polygon","coordinates":[[[-39.5564698,-16.0319802],[-39.4864954,-16.0598817],[-39.4695275,-16.0943713],[-39.4936979,-16.0833748],[-39.5086794,-16.0931898],[-39.5112278,-16.1075908],[-39.527815,-16.1238586],[-39.5431947,-16.1161026],[-39.5952897,-16.1536933],[-39.7531079,-16.1972352],[-39.8316033,-16.2373778],[-39.8485615,-16.2349213],[-39.8703553,-16.257723],[-39.8880658,-16.2440792],[-39.8962493,-16.2766083],[-39.9035763,-16.2856703],[-39.9178193,-16.2842701],[-39.9201017,-16.2637394],[-39.9365211,-16.2457808],[-39.9126333,-16.2103059],[-39.8833906,-16.194693],[-39.8829376,-16.1637801],[-39.8969565,-16.141604],[-39.8805142,-16.1437454],[-39.8568289,-16.1138248],[-39.8666057,-16.0955966],[-39.8774099,-16.0916137],[-39.8820034,-16.068033],[-39.9356862,-16.0237479],[-39.9147979,-15.9999934],[-39.8655055,-15.9967959],[-39.8433148,-15.9765811],[-39.8141781,-15.9798133],[-39.8018784,-15.9708668],[-39.7619328,-15.9701531],[-39.6157703,-16.0072183],[-39.608864,-16.0224192],[-39.5564698,-16.0319802]]]}},{"type":"Feature","properties":{"level":"municipio","municipality_code":"2915353","municipality_name":"Itaguaçu da Bahia","uf":"BA","state_code":"29","area_km2":4310.238},"geometry":{"type":"Polygon","coordinates":[[[-42.3321849,-11.2867659],[-42.3748783,-11.2755626],[-42.4278398,-11.285251],[-42.4328955,-11.2806644],[-42.4474512,-11.258346],[-42.4404345,-11.2541359],[-42.4429497,-11.2454429],[-42.4594768,-11.2264594],[-42.451176,-11.2169125],[-42.486876,-11.1493162],[-42.5044566,-11.1548983],[-42.5164663,-11.1328059],[-42.5109351,-11.1054104],[-42.5001118,-11.0962761],[-42.5101147,-11.0604575],[-42.5247687,-11.048887],[-42.5253138,-11.0275307],[-42.5161744,-11.0105928],[-42.5402211,-11.0015839],[-42.5230815,-10.9038679],[-42.4231299,-10.7738563],[-42.3916208,-10.7659709],[-42.3736068,-10.7766396],[-42.3644694,-10.7717326],[-42.3427734,-10.726353],[-42.3425938,-10.6833408],[-42.3281209,-10.6751346],[-42.3221368,-10.6591665],[-42.3314186,-10.6514503],[-42.3245834,-10.6258112],[-42.3347622,-10.607085],[-42.3298826,-10.5842183],[-42.3438718,-10.5607801],[-42.3402312,-10.5488683],[-42.3550357,-10.5351568],[-42.3583417,-10.5113738],[-42.344247,-10.4828732],[-42.3257361,-10.4797263],[-42.3303594,-10.4738801],[-42.3128008,-10.4446731],[-42.3338977,-10.4314876],[-42.3285978,-10.3967396],[-42.350538,-10.3856089],[-42.3436767,-10.370419],[-42.3680845,-10.3617518],[-42.3628842,-10.3388537],[-42.3796987,-10.3335183],[-42.3988736,-10.3118659],[-42.3801841,-10.2954875],[-42.3668389,-10.267855],[-42.373937,-10.2446391],[-42.3837415,-10.2374675],[-42.3943978,-10.1934219],[-42.4054672,-10.1851203],[-42.15966,-10.2579383],[-42.132556,-10.3129682],[-42.132519,-10.346924],[-42.0918624,-10.382001],[-42.0990563,-10.414565],[-42.0854701,-10.4257124],[-42.0795428,-10.4572071],[-42.0893496,-10.4767177],[-42.0691497,-10.4942762],[-42.0659935,-10.5289805],[-42.0482878,-10.5442497],[-42.034586,-10.5861589],[-42.0217345,-10.5936685],[-42.015467,-10.6307094],[-41.9982741,-10.6418214],[-41.9159295,-10.6428364],[-41.8219723,-10.6976998],[-42.0888947,-10.9328926],[-42.0756111,-11.0297717],[-42.0890672,-11.0222174],[-42.145262,-11.0233062],[-42.146161,-11.0472524],[-42.1897145,-11.0748635],[-42.2582794,-11.1423102],[-42.2402901,-11.261235],[-42.3321849,-11.2867659]]]}},{"type":"Feature","properties":{"level":"municipio","municipality_code":"2915403","municipality_name":"Itaju do Colônia","uf":"BA","state_code":"29","area_km2":1225.287},"geometry":{"type":"Polygon","coordinates":[[[-39.7659965,-15.3670815],[-39.7765824,-15.3759433],[-39.7885116,-15.3746056],[-39.809605,-15.3254129],[-39.8310316,-15.3193984],[-39.8320293,-15.3102819],[-39.8396376,-15.3173179],[-39.8476861,-15.3110427],[-39.895543,-15.101721],[-39.8955758,-15.054201],[-39.9132172,-15.0384984],[-39.8979484,-15.0339915],[-39.8879111,-15.0134945],[-39.8635386,-15.0105308],[-39.8541129,-14.9915692],[-39.8474304,-15.0003874],[-39.8328253,-15.0003874],[-39.8313901,-14.9867846],[-39.8130266,-14.9709668],[-39.7849912,-14.9902181],[-39.7672425,-14.9913969],[-39.7445419,-14.9768559],[-39.7306006,-14.983947],[-39.6905817,-14.9731467],[-39.6841003,-14.9544487],[-39.7024819,-14.9482788],[-39.6993907,-14.9344157],[-39.6598637,-14.9477152],[-39.6444546,-14.9703443],[-39.5974921,-14.9890681],[-39.5943238,-15.0064257],[-39.5814354,-15.0094831],[-39.5865689,-15.016604],[-39.5704245,-15.0404559],[-39.5658904,-15.0884505],[-39.5870685,-15.1339845],[-39.5843229,-15.1445051],[-39.568076,-15.1481411],[-39.5741884,-15.1730012],[-39.5668954,-15.1926923],[-39.5917735,-15.2356744],[-39.5898463,-15.2704787],[-39.6114725,-15.2758653],[-39.6262731,-15.2686281],[-39.6431714,-15.2783901],[-39.6443024,-15.2978116],[-39.6548614,-15.2818176],[-39.6636334,-15.3068029],[-39.6894709,-15.298865],[-39.6841312,-15.3362608],[-39.7001891,-15.3412375],[-39.7067425,-15.3576064],[-39.7236418,-15.3537156],[-39.7382295,-15.3858137],[-39.7468362,-15.370778],[-39.7584359,-15.373665],[-39.7659965,-15.3670815]]]}},{"type":"Feature","properties":{"level":"municipio","municipality_code":"2915502","municipality_name":"Itajuípe","uf":"BA","state_code":"29","area_km2":270.752},"geometry":{"type":"Polygon","coordinates":[[[-39.3548219,-14.6606243],[-39.3501963,-14.6556949],[-39.2907764,-14.6928896],[-39.3264519,-14.7115164],[-39.339876,-14.7290698],[-39.3752108,-14.7018621],[-39.3864551,-14.7175325],[-39.3965332,-14.6976211],[-39.4101481,-14.716879],[-39.4298987,-14.7151772],[-39.4281477,-14.7383262],[-39.4420498,-14.745728],[-39.4503909,-14.7665875],[-39.5100029,-14.7321653],[-39.5333247,-14.7423257],[-39.526184,-14.6773539],[-39.5106283,-14.6605413],[-39.5242193,-14.6424232],[-39.5110668,-14.5476369],[-39.4496962,-14.612826],[-39.404397,-14.628297],[-39.395581,-14.6400771],[-39.3548219,-14.6606243]]]}},{"type":"Feature","properties":{"level":"municipio","municipality_code":"2915601","municipality_name":"Itamaraju","uf":"BA","state_code":"29","area_km2":2360.584},"geometry":{"type":"Polygon","coordinates":[[[-39.4906569,-17.037209],[-39.4795559,-17.0515388],[-39.4922783,-17.087319],[-39.4754192,-17.1026672],[-39.4851848,-17.1307358],[-39.5012899,-17.1425383],[-39.5287687,-17.1185559],[-39.5701389,-17.1334617],[-39.5669445,-17.1508239],[-39.5756386,-17.1555948],[-39.580368,-17.1827112],[-39.5968945,-17.1783711],[-39.6016338,-17.1571109],[-39.6251256,-17.1598236],[-39.6600932,-17.1821135],[-39.6949741,-17.1761946],[-39.698221,-17.1865892],[-39.7103203,-17.1882896],[-39.7184847,-17.2075825],[-39.7478652,-17.2073608],[-39.7695849,-17.223844],[-39.80065,-17.2304161],[-39.8118979,-17.2217699],[-39.8258359,-17.2303884],[-39.8222687,-17.2366125],[-39.8364908,-17.2419725],[-39.8459937,-17.2351503],[-39.8577332,-17.2423747],[-39.8828611,-17.2266846],[-39.8874928,-17.2337188],[-39.9012155,-17.2300469],[-39.9058184,-17.2126562],[-39.9308405,-17.2094429],[-39.9360159,-17.2009165],[-39.9555474,-17.2093372],[-39.965994,-17.1933121],[-39.9835458,-17.1882861],[-39.9933372,-17.1727384],[-39.9904886,-17.1563126],[-40.0126189,-17.1486125],[-40.0155399,-17.1321971],[-40.056836,-17.1137167],[-40.0681696,-17.0890282],[-40.0749221,-17.0900427],[-40.0757107,-17.0751271],[-40.0662487,-17.070817],[-40.0776974,-17.0519047],[-40.0799078,-17.0266204],[-40.0603542,-16.9973254],[-40.065648,-16.9868372],[-40.060596,-16.9747026],[-40.0440264,-16.9619455],[-40.0476007,-16.9437927],[-40.0363489,-16.946736],[-40.0269704,-16.9355179],[-40.0063498,-16.9374797],[-39.9899385,-16.8936753],[-39.9925651,-16.8704278],[-39.9680771,-16.8730468],[-39.9554536,-16.8486565],[-39.9454287,-16.8466755],[-39.9305756,-16.8676354],[-39.912449,-16.8756465],[-39.8866526,-16.8469812],[-39.8677705,-16.8391827],[-39.8541394,-16.8448024],[-39.8422751,-16.8354311],[-39.8369342,-16.8489986],[-39.8121287,-16.8472145],[-39.7951157,-16.8610782],[-39.7889599,-16.8534414],[-39.7857921,-16.8632627],[-39.7674541,-16.8688088],[-39.772991,-16.8217002],[-39.7592134,-16.7600011],[-39.7676102,-16.733562],[-39.7457155,-16.749364],[-39.7250393,-16.7442947],[-39.7208723,-16.7302371],[-39.7051469,-16.7366346],[-39.697669,-16.7287825],[-39.6802792,-16.7379915],[-39.684754,-16.7491682],[-39.6665159,-16.7652007],[-39.660435,-16.7866325],[-39.6473638,-16.7853192],[-39.62225,-16.8144429],[-39.6126107,-16.8136369],[-39.6113622,-16.8240088],[-39.6244683,-16.829994],[-39.62263,-16.8352884],[-39.6070232,-16.8346249],[-39.5839152,-16.8534325],[-39.5500671,-16.8373527],[-39.5069217,-16.844596],[-39.522905,-16.8526476],[-39.5250399,-16.8671156],[-39.4952184,-16.8817441],[-39.4918893,-16.8910403],[-39.5052537,-16.9022895],[-39.4852071,-16.9191152],[-39.4901106,-16.9276242],[-39.469189,-16.9243697],[-39.4426798,-16.8910839],[-39.4466409,-16.9513805],[-39.4570396,-16.95476],[-39.4372331,-16.9811302],[-39.4679306,-16.9526379],[-39.4794442,-16.9559105],[-39.48987,-16.9922916],[-39.4906569,-17.037209]]]}},{"type":"Feature","properties":{"level":"municipio","municipality_code":"2915700","municipality_name":"Itamari","uf":"BA","state_code":"29","area_km2":143.479},"geometry":{"type":"Polygon","coordinates":[[[-39.7030469,-13.8629408],[-39.7009455,-13.8354612],[-39.6881218,-13.8212815],[-39.6886967,-13.8078432],[-39.7000408,-13.7983786],[-39.6971127,-13.7880772],[-39.7129098,-13.7886008],[-39.7276175,-13.7706931],[-39.7332164,-13.7776763],[-39.7406635,-13.7742722],[-39.7100117,-13.7290208],[-39.6937167,-13.7215761],[-39.696607,-13.7147334],[-39.6781491,-13.7122791],[-39.6516672,-13.6888873],[-39.6511666,-13.697151],[-39.6437977,-13.6912199],[-39.6092562,-13.7027641],[-39.5951082,-13.7223487],[-39.6129559,-13.7365034],[-39.6209625,-13.7755536],[-39.6404524,-13.7843233],[-39.636429,-13.7952199],[-39.6583665,-13.8279325],[-39.6604459,-13.8494533],[-39.6796908,-13.8715694],[-39.7030469,-13.8629408]]]}},{"type":"Feature","properties":{"level":"municipio","municipality_code":"2915809","municipality_name":"Itambé","uf":"BA","state_code":"29","area_km2":1534.575},"geometry":{"type":"Polygon","coordinates":[[[-40.6341178,-15.281637],[-40.6280505,-15.2507897],[-40.6420043,-15.2546267],[-40.6510684,-15.2758758],[-40.6540957,-15.268099],[-40.6675892,-15.26674],[-40.6772699,-15.2390884],[-40.7097366,-15.2514273],[-40.7200792,-15.2437875],[-40.7485558,-15.2490323],[-40.7662322,-15.2427837],[-40.789644,-15.246777],[-40.803005,-15.2784582],[-40.8141752,-15.2855218],[-40.8475777,-15.26941],[-40.8198862,-15.2026758],[-40.7018468,-15.0763613],[-40.5508936,-15.0371088],[-40.5246348,-15.0360649],[-40.5161285,-15.0564102],[-40.4658256,-15.0313617],[-40.4462189,-15.0426879],[-40.4240423,-15.0381669],[-40.4221824,-15.0654752],[-40.4045585,-15.0940948],[-40.3747661,-15.092235],[-40.3453122,-15.1072727],[-40.3310966,-15.082417],[-40.3016092,-15.0884852],[-40.2555539,-15.0676821],[-40.2535016,-15.0512341],[-40.2361613,-15.0482597],[-40.2504628,-15.0263192],[-40.2453697,-15.021968],[-40.2286034,-15.0332799],[-40.2193474,-15.022649],[-40.1937123,-15.0201722],[-40.1913267,-15.0047088],[-40.165086,-15.0069455],[-40.1551125,-15.009821],[-40.1526332,-15.0242305],[-40.1331251,-15.0294411],[-40.1349122,-15.0437564],[-40.1113669,-15.0538809],[-40.0993401,-15.0801157],[-40.0939822,-15.1054528],[-40.132188,-15.2243069],[-40.2618897,-15.1758902],[-40.368824,-15.2506387],[-40.3697121,-15.2762449],[-40.3833484,-15.2748364],[-40.4289891,-15.3197954],[-40.439836,-15.3077578],[-40.4714736,-15.3008816],[-40.4788234,-15.2903468],[-40.4888545,-15.2957024],[-40.4926466,-15.2773175],[-40.5106744,-15.283396],[-40.5230254,-15.2752185],[-40.5465653,-15.2878363],[-40.5447879,-15.2696602],[-40.5717407,-15.2790233],[-40.5910916,-15.2638573],[-40.5917251,-15.2823093],[-40.6089888,-15.2838209],[-40.6230091,-15.2654089],[-40.6341178,-15.281637]]]}},{"type":"Feature","properties":{"level":"municipio","municipality_code":"2915908","municipality_name":"Itanagra","uf":"BA","state_code":"29","area_km2":533.634},"geometry":{"type":"Polygon","coordinates":[[[-38.0513338,-12.4543366],[-38.0798908,-12.4553229],[-38.0977851,-12.4361865],[-38.0884527,-12.4263258],[-38.104638,-12.4128223],[-38.1034006,-12.3955312],[-38.1212772,-12.396465],[-38.126196,-12.3801361],[-38.1541864,-12.358469],[-38.1629929,-12.3275489],[-38.1500711,-12.3068952],[-38.1585347,-12.3020421],[-38.1371658,-12.292766],[-38.1619724,-12.2816161],[-38.161248,-12.2696527],[-38.1741532,-12.261192],[-38.1201283,-12.2514011],[-38.1109732,-12.2358223],[-38.0765778,-12.2390583],[-38.0802022,-12.208744],[-38.065954,-12.1862099],[-38.076611,-12.1821117],[-38.0818995,-12.1581095],[-38.0638119,-12.1345372],[-38.0564642,-12.1446124],[-38.0475887,-12.1437763],[-38.0437436,-12.1587932],[-38.0212121,-12.1779496],[-38.0175376,-12.2181884],[-37.9225316,-12.2643218],[-37.9133942,-12.3094582],[-37.9711806,-12.3698139],[-37.9561369,-12.3677178],[-37.9443056,-12.3767278],[-37.9513507,-12.4029884],[-37.986755,-12.4137082],[-38.040592,-12.4624117],[-38.0513338,-12.4543366]]]}},{"type":"Feature","properties":{"level":"municipio","municipality_code":"2916005","municipality_name":"Itanhém","uf":"BA","state_code":"29","area_km2":1394.174},"geometry":{"type":"Polygon","coordinates":[[[-40.2254565,-17.0348109],[-40.1845943,-17.0764208],[-40.1704624,-17.0703879],[-40.1646762,-17.0760573],[-40.1614034,-17.1075999],[-40.1444533,-17.0929473],[-40.1321839,-17.1022472],[-40.1180636,-17.0984084],[-40.1251487,-17.1045005],[-40.1198427,-17.1116149],[-40.1325447,-17.1150528],[-40.1503488,-17.1359008],[-40.1420023,-17.1613927],[-40.1530712,-17.1694366],[-40.1483951,-17.1811126],[-40.1374491,-17.1758949],[-40.1261444,-17.1874374],[-40.1389884,-17.2323573],[-40.131549,-17.2465697],[-40.1635476,-17.2491167],[-40.1987728,-17.2295756],[-40.2177597,-17.2472523],[-40.2813642,-17.2465913],[-40.2981191,-17.2596861],[-40.3405877,-17.2652295],[-40.3729329,-17.2580508],[-40.3948779,-17.2691674],[-40.427767,-17.2653006],[-40.4366174,-17.272334],[-40.5477509,-17.2837063],[-40.5619734,-17.2725072],[-40.5723256,-17.2503061],[-40.5583942,-17.2306761],[-40.5623065,-17.2123758],[-40.5523839,-17.1991531],[-40.5538612,-17.1890303],[-40.5746087,-17.1803347],[-40.5791587,-17.1482483],[-40.5629147,-17.1263273],[-40.5567855,-17.089602],[-40.5704993,-17.080231],[-40.5714143,-17.0638855],[-40.5485076,-16.9906218],[-40.5163267,-16.9635748],[-40.4850044,-16.8789707],[-40.4603851,-16.8784552],[-40.4489369,-16.8923648],[-40.4323953,-16.8872572],[-40.4077175,-16.898658],[-40.4176734,-16.9282892],[-40.3970283,-16.9464067],[-40.3930038,-16.961168],[-40.3636588,-16.9679965],[-40.3564767,-16.9858725],[-40.337227,-16.9811375],[-40.3279796,-16.9997261],[-40.2926604,-17.0075784],[-40.2749288,-16.995387],[-40.2696348,-17.0051079],[-40.2574906,-17.003894],[-40.2528975,-17.0155625],[-40.2332825,-17.0253703],[-40.2257857,-17.0207006],[-40.2254565,-17.0348109]]]}},{"type":"Feature","properties":{"level":"municipio","municipality_code":"2916104","municipality_name":"Itaparica","uf":"BA","state_code":"29","area_km2":121.373},"geometry":{"type":"Polygon","coordinates":[[[-38.6275968,-12.940491],[-38.7229715,-12.9243869],[-38.7028618,-12.8809749],[-38.7215208,-12.8473538],[-38.6985646,-12.8005534],[-38.6748967,-12.8454249],[-38.5887995,-12.8926173],[-38.561128,-12.9327361],[-38.6156832,-12.932571],[-38.6275968,-12.940491]]]}},{"type":"Feature","properties":{"level":"municipio","municipality_code":"2916302","municipality_name":"Itapebi","uf":"BA","state_code":"29","area_km2":1031.879},"geometry":{"type":"Polygon","coordinates":[[[-39.4864954,-16.0598817],[-39.5564698,-16.0319802],[-39.608864,-16.0224192],[-39.6157703,-16.0072183],[-39.7497651,-15.9718564],[-39.7886508,-15.9688356],[-39.8142015,-15.9798132],[-39.8459772,-15.9759231],[-39.8709067,-15.9528224],[-39.8930291,-15.9572589],[-39.9095405,-15.9461652],[-39.9189341,-15.9270991],[-39.9329402,-15.9213098],[-39.9491093,-15.8970886],[-39.9512937,-15.8716271],[-39.9464588,-15.8681879],[-39.9286149,-15.8841903],[-39.9109832,-15.8671251],[-39.8866173,-15.8889798],[-39.859558,-15.8733491],[-39.8360864,-15.8842156],[-39.8365156,-15.8696306],[-39.8146878,-15.8657972],[-39.8161463,-15.8462643],[-39.789585,-15.833865],[-39.7939718,-15.8232716],[-39.7878481,-15.8122792],[-39.7494685,-15.8017633],[-39.7317409,-15.7779256],[-39.714961,-15.7800269],[-39.677122,-15.7649108],[-39.6632604,-15.7466936],[-39.6322018,-15.7433954],[-39.634675,-15.7646704],[-39.6210267,-15.7739672],[-39.6003501,-15.7661409],[-39.5921228,-15.7735608],[-39.5861973,-15.7683163],[-39.5672279,-15.7731804],[-39.5483908,-15.7905682],[-39.5637157,-15.7895169],[-39.5706361,-15.7907139],[-39.5725951,-15.7945697],[-39.5279994,-15.817663],[-39.5149116,-15.8090032],[-39.5012116,-15.8177234],[-39.5077601,-15.8353892],[-39.5030695,-15.8457434],[-39.5149313,-15.8529126],[-39.5081094,-15.8695163],[-39.4959832,-15.8749602],[-39.4955044,-15.9002876],[-39.4699263,-15.9246235],[-39.4736798,-15.9303309],[-39.4641077,-15.947553],[-39.4783135,-15.984466],[-39.4636189,-15.9925779],[-39.451091,-15.9859654],[-39.3867494,-16.0502777],[-39.4028207,-16.0452982],[-39.4231873,-16.0709891],[-39.4695275,-16.0943713],[-39.4864954,-16.0598817]]]}},{"type":"Feature","properties":{"level":"municipio","municipality_code":"2916401","municipality_name":"Itapetinga","uf":"BA","state_code":"29","area_km2":1651.158},"geometry":{"type":"Polygon","coordinates":[[[-40.1671908,-15.3828454],[-40.2097583,-15.4280901],[-40.2293895,-15.4125417],[-40.2445573,-15.4134967],[-40.2533369,-15.4013414],[-40.2586595,-15.4154327],[-40.2921576,-15.4115157],[-40.298425,-15.4251788],[-40.3166694,-15.4250802],[-40.3152467,-15.4026048],[-40.3495655,-15.3798233],[-40.3404557,-15.3623243],[-40.3610264,-15.3515865],[-40.3488149,-15.327883],[-40.3533458,-15.3152401],[-40.3727988,-15.3212221],[-40.3790605,-15.3148217],[-40.370251,-15.3106403],[-40.3629073,-15.2839303],[-40.3711463,-15.2766137],[-40.368824,-15.2506387],[-40.2618897,-15.1758902],[-40.132188,-15.2243069],[-40.0939822,-15.1054528],[-40.0613566,-15.1254678],[-40.0393304,-15.1253948],[-40.0216089,-15.1095554],[-39.9797181,-15.113288],[-39.9620748,-15.125641],[-39.9437448,-15.1201966],[-39.9390149,-15.104793],[-39.9268829,-15.1119024],[-39.9187061,-15.0986901],[-39.895543,-15.101721],[-39.8476861,-15.3110427],[-39.8396376,-15.3173179],[-39.8320293,-15.3102819],[-39.8310316,-15.3193984],[-39.809605,-15.3254129],[-39.7885116,-15.3746056],[-39.7765824,-15.3759433],[-39.765824,-15.3669456],[-39.7820396,-15.4108202],[-39.7926379,-15.4122707],[-39.792276,-15.427181],[-39.8296756,-15.4592578],[-39.8419453,-15.4824127],[-39.8301792,-15.5317869],[-39.8450333,-15.5357887],[-39.8562502,-15.5244954],[-39.885081,-15.5229677],[-39.8841721,-15.5096356],[-39.9015543,-15.4879511],[-39.9175826,-15.4832342],[-39.9167435,-15.4643615],[-39.9450423,-15.4658173],[-39.9306685,-15.4387548],[-39.9690029,-15.4519813],[-39.9736301,-15.4464813],[-39.9619934,-15.4310971],[-39.9842002,-15.4215687],[-40.0133267,-15.4240583],[-40.0327489,-15.4364113],[-40.0368698,-15.4279366],[-40.0300101,-15.4157737],[-40.0395476,-15.4100616],[-40.0436307,-15.3889005],[-40.0660508,-15.3927362],[-40.0764583,-15.38508],[-40.0922971,-15.3986701],[-40.0871281,-15.3832953],[-40.1014667,-15.3800605],[-40.0959201,-15.3698678],[-40.1059189,-15.3605939],[-40.160176,-15.3619548],[-40.1657318,-15.3712958],[-40.1446258,-15.3950004],[-40.1642111,-15.4108066],[-40.1575822,-15.3971474],[-40.1671908,-15.3828454]]]}},{"type":"Feature","properties":{"level":"municipio","municipality_code":"2916500","municipality_name":"Itapicuru","uf":"BA","state_code":"29","area_km2":1557.685},"geometry":{"type":"Polygon","coordinates":[[[-38.0709225,-11.1413845],[-38.0474112,-11.1814236],[-38.0234231,-11.1777425],[-38.0029487,-11.193824],[-37.9733321,-11.1949045],[-37.9814195,-11.1984663],[-37.9774626,-11.2215879],[-37.990642,-11.2279944],[-37.9857791,-11.2372787],[-37.9937153,-11.2396408],[-37.9836406,-11.248288],[-37.9958538,-11.259476],[-37.9867423,-11.2720959],[-38.0022534,-11.2854099],[-38.014747,-11.2855117],[-38.0107193,-11.2952476],[-38.0028346,-11.2934213],[-37.9902018,-11.3203217],[-37.9984794,-11.3225195],[-37.9873881,-11.3314555],[-37.9994392,-11.3376012],[-37.9934793,-11.3456872],[-38.0025121,-11.3582644],[-38.0366095,-11.3901587],[-38.0257771,-11.3985767],[-38.0375007,-11.4112805],[-38.0347469,-11.4174562],[-38.0796524,-11.4411392],[-38.0803357,-11.4651305],[-38.0988082,-11.4420532],[-38.0973405,-11.4304135],[-38.121002,-11.4256708],[-38.1792844,-11.3645654],[-38.2426561,-11.3353487],[-38.2574166,-11.3200838],[-38.3077098,-11.310166],[-38.3446856,-11.2636865],[-38.3732187,-11.2640847],[-38.3762897,-11.2516356],[-38.4185211,-11.2121436],[-38.4450949,-11.1703935],[-38.4365087,-11.1579912],[-38.4416977,-11.1360023],[-38.4333675,-11.1334195],[-38.4355762,-11.1156881],[-38.4041566,-11.0980867],[-38.3220783,-11.0720564],[-38.2458049,-10.9211824],[-38.2372982,-10.9192242],[-38.2111536,-10.931539],[-38.2054666,-10.9218353],[-38.1995616,-10.9396673],[-38.1806156,-10.9427672],[-38.1865421,-10.9642065],[-38.1761044,-10.9827408],[-38.1299112,-11.0189146],[-38.1205468,-11.0071072],[-38.1020358,-11.0158421],[-38.1024196,-11.0439829],[-38.0751149,-11.0770939],[-38.0932815,-11.1039677],[-38.0884012,-11.1162559],[-38.0656188,-11.1229761],[-38.0709225,-11.1413845]]]}},{"type":"Feature","properties":{"level":"municipio","municipality_code":"2916609","municipality_name":"Itapitanga","uf":"BA","state_code":"29","area_km2":420.663},"geometry":{"type":"Polygon","coordinates":[[[-39.5297989,-14.4100331],[-39.496556,-14.4112554],[-39.4899105,-14.3985966],[-39.4753339,-14.3974717],[-39.4762955,-14.4091538],[-39.4859376,-14.4127438],[-39.5143977,-14.456215],[-39.5121216,-14.4832997],[-39.5505925,-14.5617583],[-39.7349551,-14.5561871],[-39.7318045,-14.5090285],[-39.7030977,-14.4346324],[-39.7161523,-14.4119136],[-39.6965717,-14.3695792],[-39.5904119,-14.3953294],[-39.5357857,-14.3928083],[-39.5297989,-14.4100331]]]}},{"type":"Feature","properties":{"level":"municipio","municipality_code":"2916203","municipality_name":"Itapé","uf":"BA","state_code":"29","area_km2":453.144},"geometry":{"type":"Polygon","coordinates":[[[-39.3551187,-14.8654919],[-39.3929676,-14.9726117],[-39.4190742,-15.0121997],[-39.5198572,-15.0759714],[-39.5352537,-15.0573856],[-39.5549981,-15.0774205],[-39.5592237,-15.0508391],[-39.5697392,-15.0472563],[-39.5865689,-15.016604],[-39.5814354,-15.0094831],[-39.5943238,-15.0064257],[-39.597301,-14.9892548],[-39.6444546,-14.9703443],[-39.6598637,-14.9477152],[-39.6784136,-14.9386812],[-39.6656377,-14.9407114],[-39.6405051,-14.9167841],[-39.6216195,-14.927651],[-39.6173276,-14.9125318],[-39.6015256,-14.9031352],[-39.5659874,-14.9060615],[-39.5661175,-14.9167912],[-39.5555357,-14.9204659],[-39.528078,-14.9078115],[-39.5206682,-14.8939094],[-39.4967195,-14.9092002],[-39.4863595,-14.8938568],[-39.4713659,-14.8909718],[-39.4769366,-14.8511834],[-39.4050216,-14.8372136],[-39.3945868,-14.8578991],[-39.3850383,-14.8493623],[-39.367908,-14.8495429],[-39.3551187,-14.8654919]]]}},{"type":"Feature","properties":{"level":"municipio","municipality_code":"2916708","municipality_name":"Itaquara","uf":"BA","state_code":"29","area_km2":344.093},"geometry":{"type":"Polygon","coordinates":[[[-39.8881607,-13.515232],[-39.8914969,-13.5280385],[-39.9244232,-13.5291958],[-39.9205744,-13.5207867],[-39.9307796,-13.4960987],[-40.005889,-13.4735006],[-39.9870699,-13.407517],[-39.9953174,-13.3645643],[-39.9816116,-13.3443925],[-39.9825635,-13.3160041],[-39.9541187,-13.3150755],[-39.9514628,-13.3258416],[-39.8773564,-13.3913255],[-39.8453516,-13.4395244],[-39.7940673,-13.4565249],[-39.7852994,-13.4768907],[-39.7715713,-13.4834563],[-39.7728787,-13.5176891],[-39.7909216,-13.5300578],[-39.8135826,-13.5635682],[-39.8881607,-13.515232]]]}},{"type":"Feature","properties":{"level":"municipio","municipality_code":"2916807","municipality_name":"Itarantim","uf":"BA","state_code":"29","area_km2":1674.029},"geometry":{"type":"Polygon","coordinates":[[[-40.0327029,-15.9733783],[-40.0455536,-15.9727462],[-40.0457735,-15.9623563],[-40.0661947,-15.9602083],[-40.0591334,-15.9531788],[-40.0661332,-15.9397648],[-40.0788302,-15.9409238],[-40.0688505,-15.933914],[-40.0657169,-15.910828],[-40.0809078,-15.9240977],[-40.0849966,-15.8971206],[-40.1102162,-15.91258],[-40.1170523,-15.9034989],[-40.1295205,-15.9081013],[-40.1405723,-15.8988884],[-40.1493,-15.9053675],[-40.1564612,-15.8995356],[-40.1647447,-15.9102313],[-40.1754034,-15.9039917],[-40.1638854,-15.8872451],[-40.1661042,-15.8683772],[-40.1926577,-15.8577511],[-40.200074,-15.8625098],[-40.2416939,-15.7852985],[-40.2328822,-15.7563903],[-40.1987521,-15.7592789],[-40.1951085,-15.7273726],[-40.1771897,-15.72603],[-40.1884163,-15.7077559],[-40.1791606,-15.6973177],[-40.1846475,-15.6855394],[-40.1671608,-15.6425432],[-40.1746578,-15.6215275],[-40.1339332,-15.5966343],[-40.139194,-15.5378012],[-40.1336169,-15.514495],[-40.1846863,-15.4790872],[-40.1986833,-15.4424062],[-40.1927657,-15.4329958],[-40.1776286,-15.4306342],[-40.1685855,-15.4082998],[-40.1578865,-15.411135],[-40.1446258,-15.3950004],[-40.1660074,-15.3706884],[-40.1595438,-15.3616797],[-40.100916,-15.3626531],[-40.0958253,-15.370969],[-40.1014667,-15.3800605],[-40.0871281,-15.3832953],[-40.0922971,-15.3986701],[-40.0764583,-15.38508],[-40.0660508,-15.3927362],[-40.0436307,-15.3889005],[-40.0395476,-15.4100616],[-40.0300101,-15.4157737],[-40.0335699,-15.4360179],[-40.0133267,-15.4240583],[-39.9833873,-15.4217028],[-39.9619934,-15.4310971],[-39.9736301,-15.4464813],[-39.9695054,-15.4517705],[-39.9306685,-15.4387548],[-39.945499,-15.4647776],[-39.9231967,-15.4637983],[-39.9457486,-15.4813736],[-39.9578381,-15.4787634],[-39.9576894,-15.5069925],[-39.9708832,-15.5104235],[-39.9639663,-15.5284292],[-39.9707465,-15.5483284],[-39.9515566,-15.5669054],[-39.9343133,-15.5622914],[-39.9328786,-15.5731752],[-39.8945532,-15.6118899],[-39.8983692,-15.6238685],[-39.8892665,-15.6353538],[-39.9359028,-15.6821988],[-39.9180176,-15.7355861],[-39.9103988,-15.7343393],[-39.9191465,-15.7745678],[-39.913105,-15.8040583],[-39.9222593,-15.8193585],[-39.9167587,-15.8279379],[-39.9237058,-15.8297148],[-39.9224686,-15.8524607],[-39.9101245,-15.8543768],[-39.9109832,-15.8671251],[-39.9278205,-15.8839254],[-39.9510429,-15.8711768],[-39.9491093,-15.8970886],[-39.9090952,-15.9466435],[-39.8916033,-15.9576806],[-39.8709067,-15.9528224],[-39.8433148,-15.9765811],[-39.8655055,-15.9967959],[-39.9102435,-16.001421],[-39.9557464,-15.9914283],[-39.96396,-16.0053317],[-39.980264,-16.0055608],[-39.9799976,-15.9976424],[-39.9920504,-15.9950013],[-40.0044365,-16.0018382],[-40.0009691,-15.9946756],[-40.0136907,-15.9840065],[-40.0225798,-15.990447],[-40.0327029,-15.9733783]]]}},{"type":"Feature","properties":{"level":"municipio","municipality_code":"2916856","municipality_name":"Itatim","uf":"BA","state_code":"29","area_km2":547.51},"geometry":{"type":"Polygon","coordinates":[[[-39.6522625,-12.6716905],[-39.660241,-12.6939969],[-39.6470595,-12.7293488],[-39.6343531,-12.7402705],[-39.6528231,-12.7619796],[-39.665417,-12.7510709],[-39.6734895,-12.753476],[-39.6787469,-12.8872611],[-39.7126842,-12.8621419],[-39.7274652,-12.8769852],[-39.7702661,-12.8550958],[-39.7903033,-12.8269908],[-39.7991653,-12.841242],[-39.8148512,-12.8335741],[-39.839698,-12.8162312],[-39.8474125,-12.7956665],[-39.8556988,-12.7956004],[-39.7973021,-12.7049371],[-39.8059087,-12.6864565],[-39.7870254,-12.6149462],[-39.7918119,-12.5576306],[-39.7635938,-12.5482752],[-39.7473423,-12.5639153],[-39.7337743,-12.5526598],[-39.6933759,-12.5617274],[-39.6494646,-12.5606003],[-39.6351174,-12.5828419],[-39.6708896,-12.634908],[-39.6522625,-12.6716905]]]}},{"type":"Feature","properties":{"level":"municipio","municipality_code":"2916906","municipality_name":"Itiruçu","uf":"BA","state_code":"29","area_km2":322.243},"geometry":{"type":"Polygon","coordinates":[[[-40.1779322,-13.5845312],[-40.1907626,-13.5382946],[-40.201443,-13.5345904],[-40.2174095,-13.5426878],[-40.2349174,-13.534144],[-40.2113241,-13.5227533],[-40.215236,-13.5032299],[-40.1987891,-13.4991182],[-40.1976752,-13.4897759],[-40.207934,-13.4738634],[-40.2137131,-13.43522],[-40.2317997,-13.4074991],[-40.223937,-13.3806236],[-40.2010864,-13.3850772],[-40.2154814,-13.3586974],[-40.1776679,-13.3648285],[-40.1821469,-13.3515304],[-40.1506378,-13.3372372],[-40.1201505,-13.4099729],[-40.0942465,-13.4307663],[-40.0716937,-13.4954966],[-40.1057001,-13.523966],[-40.1217674,-13.526795],[-40.1102133,-13.5842028],[-40.1114342,-13.6376681],[-40.0968524,-13.6686827],[-40.1183835,-13.6689851],[-40.1505817,-13.6365958],[-40.1779322,-13.5845312]]]}},{"type":"Feature","properties":{"level":"municipio","municipality_code":"2917003","municipality_name":"Itiúba","uf":"BA","state_code":"29","area_km2":1650.593},"geometry":{"type":"Polygon","coordinates":[[[-39.8558493,-10.9178908],[-39.865331,-10.9048808],[-39.8795184,-10.9075063],[-39.891037,-10.8994048],[-39.9026555,-10.9158482],[-39.9242163,-10.9174215],[-39.9292132,-10.9032532],[-39.9467112,-10.9076117],[-39.9520077,-10.8913841],[-39.9669673,-10.8980561],[-39.9750307,-10.8876485],[-39.9990504,-10.8842182],[-39.9985296,-10.8753579],[-40.0191547,-10.884039],[-40.0250928,-10.8764152],[-40.019038,-10.8677154],[-40.0497295,-10.8628711],[-40.0588814,-10.8520176],[-40.0455921,-10.80028],[-40.0279567,-10.7800582],[-40.036547,-10.7657728],[-40.0305648,-10.7346836],[-40.003935,-10.6723218],[-40.0157108,-10.6663605],[-39.9953965,-10.6317127],[-40.017675,-10.6208226],[-39.9479545,-10.5496312],[-39.9322906,-10.551987],[-39.9329353,-10.5630132],[-39.9209466,-10.5589138],[-39.9304192,-10.5356623],[-39.9225937,-10.4953462],[-39.9093265,-10.5075052],[-39.8974292,-10.4790706],[-39.8364138,-10.4478805],[-39.8203398,-10.4616538],[-39.8027738,-10.4597225],[-39.8037404,-10.426736],[-39.7882969,-10.4200597],[-39.7869094,-10.4299126],[-39.7496605,-10.4346494],[-39.7559038,-10.4733647],[-39.7636608,-10.4777155],[-39.7649501,-10.4977121],[-39.7561836,-10.5051761],[-39.7648279,-10.5117718],[-39.7606521,-10.5230238],[-39.7727063,-10.5517021],[-39.7483049,-10.6078004],[-39.7463931,-10.6399599],[-39.696157,-10.6743186],[-39.7006542,-10.7147668],[-39.7095187,-10.7209777],[-39.694838,-10.7402709],[-39.6988559,-10.7535514],[-39.682996,-10.7647971],[-39.6776589,-10.8038507],[-39.6635309,-10.8101015],[-39.6657936,-10.8381027],[-39.6367452,-10.8447659],[-39.6437482,-10.8570326],[-39.6360434,-10.873252],[-39.626025,-10.8746644],[-39.6275726,-10.9149719],[-39.6693974,-10.947046],[-39.716902,-10.9535379],[-39.7183289,-10.9656185],[-39.7381738,-10.9510489],[-39.761095,-10.9618531],[-39.7744689,-10.9591097],[-39.7988478,-10.9388289],[-39.8253582,-10.9396193],[-39.8267935,-10.9275464],[-39.8429719,-10.9268773],[-39.8424678,-10.9161852],[-39.8558493,-10.9178908]]]}},{"type":"Feature","properties":{"level":"municipio","municipality_code":"2917102","municipality_name":"Itororó","uf":"BA","state_code":"29","area_km2":313.839},"geometry":{"type":"Polygon","coordinates":[[[-39.9954929,-15.1119517],[-40.023802,-15.1101114],[-40.0395513,-15.1254642],[-40.083724,-15.1154279],[-40.0983655,-15.1030659],[-40.1104525,-15.055114],[-40.1349122,-15.0437564],[-40.1385077,-15.0082858],[-40.1286,-15.0129068],[-40.1181669,-15.0358111],[-40.1060003,-15.0356192],[-40.1015405,-15.0450365],[-40.0827234,-15.0293911],[-40.0906817,-15.0102524],[-40.0729648,-15.0043274],[-40.0480353,-14.9505239],[-40.0008958,-14.974947],[-39.9765514,-14.9589132],[-39.9103575,-15.0334392],[-39.911294,-15.0436418],[-39.8955758,-15.054201],[-39.8918729,-15.097897],[-39.9187061,-15.0986901],[-39.9268829,-15.1119024],[-39.9390149,-15.104793],[-39.9437448,-15.1201966],[-39.9620748,-15.125641],[-39.9954929,-15.1119517]]]}},{"type":"Feature","properties":{"level":"municipio","municipality_code":"2917201","municipality_name":"Ituaçu","uf":"BA","state_code":"29","area_km2":1199.374},"geometry":{"type":"Polygon","coordinates":[[[-41.2220008,-13.8140018],[-41.2156669,-13.9101703],[-41.2390282,-13.8918101],[-41.2663223,-13.9019892],[-41.2796904,-13.9206309],[-41.2801788,-13.9833159],[-41.2974401,-13.9995345],[-41.2851377,-14.0397346],[-41.2940817,-14.0508747],[-41.2798049,-14.0752443],[-41.2938826,-14.0920307],[-41.3034359,-14.0825174],[-41.3149835,-14.087641],[-41.3599291,-14.0519644],[-41.376082,-14.0515088],[-41.3782543,-14.0440777],[-41.3901817,-14.0500497],[-41.4029591,-14.0382562],[-41.4094446,-14.0424217],[-41.4263878,-14.0228247],[-41.4391828,-14.0235318],[-41.449993,-14.0139643],[-41.4488832,-14.0042479],[-41.4635321,-14.0017287],[-41.4659317,-13.9712966],[-41.4755332,-13.9696224],[-41.4667988,-13.9613326],[-41.481983,-13.950342],[-41.4736548,-13.9394896],[-41.483963,-13.9367284],[-41.4795692,-13.9296919],[-41.4877696,-13.9307132],[-41.4887375,-13.9214222],[-41.5013219,-13.924946],[-41.4921419,-13.91312],[-41.5077232,-13.9025472],[-41.5093935,-13.8703468],[-41.519419,-13.8664791],[-41.5137652,-13.8548603],[-41.520971,-13.8486998],[-41.5177075,-13.8339576],[-41.5282152,-13.8276483],[-41.522972,-13.8146613],[-41.5419949,-13.8025705],[-41.531291,-13.7818172],[-41.5433462,-13.7778135],[-41.5384821,-13.7711052],[-41.5451492,-13.7618097],[-41.5772423,-13.7520941],[-41.5776035,-13.7267299],[-41.5902931,-13.7240413],[-41.5874464,-13.7078832],[-41.5959818,-13.7132186],[-41.6001028,-13.7076654],[-41.5930578,-13.6901034],[-41.6080636,-13.6601781],[-41.4745234,-13.6603098],[-41.4318788,-13.6683556],[-41.4238189,-13.6616923],[-41.4123406,-13.673962],[-41.368183,-13.6727836],[-41.3293259,-13.6996055],[-41.2939187,-13.7076547],[-41.3022892,-13.6849546],[-41.2877242,-13.6810778],[-41.249181,-13.718142],[-41.2213127,-13.6946417],[-41.2176175,-13.7051559],[-41.2344643,-13.7154292],[-41.2415735,-13.7400286],[-41.2384209,-13.7823441],[-41.2051446,-13.821399],[-41.2220008,-13.8140018]]]}},{"type":"Feature","properties":{"level":"municipio","municipality_code":"2917300","municipality_name":"Ituberá","uf":"BA","state_code":"29","area_km2":415.428},"geometry":{"type":"Polygon","coordinates":[[[-39.1480423,-13.7509391],[-39.1465503,-13.764054],[-39.1574029,-13.7820686],[-39.1760513,-13.7849901],[-39.1812709,-13.8004664],[-39.2542143,-13.8133392],[-39.2578638,-13.8413721],[-39.2831004,-13.8451763],[-39.315729,-13.8333366],[-39.3175551,-13.7700328],[-39.3083541,-13.7720256],[-39.2731647,-13.7116281],[-39.2599818,-13.7122886],[-39.2323942,-13.6971314],[-39.2288431,-13.6822842],[-39.1984799,-13.6688665],[-39.1333787,-13.6508409],[-39.0790766,-13.6796131],[-39.0584866,-13.7049323],[-39.0469942,-13.6960302],[-39.0234605,-13.7105463],[-38.9945463,-13.7077242],[-38.9823214,-13.6955365],[-39.0001995,-13.7777297],[-38.9941569,-13.8048999],[-38.9721507,-13.8424462],[-39.0055275,-13.8473311],[-39.03743,-13.8318006],[-39.0708781,-13.7597352],[-39.1013931,-13.7492128],[-39.1166506,-13.7183821],[-39.131382,-13.7226963],[-39.1390524,-13.747428],[-39.1480423,-13.7509391]]]}},{"type":"Feature","properties":{"level":"municipio","municipality_code":"2917334","municipality_name":"Iuiu","uf":"BA","state_code":"29","area_km2":1532.703},"geometry":{"type":"Polygon","coordinates":[[[-43.537174,-14.7835076],[-43.583059,-14.7501722],[-43.6112477,-14.7605487],[-43.6570003,-14.7457515],[-43.6710046,-14.7368674],[-43.6732295,-14.7263557],[-43.6897438,-14.7282163],[-43.6871734,-14.7214075],[-43.7215084,-14.7281778],[-43.7120862,-14.7159402],[-43.6813069,-14.7085806],[-43.6753775,-14.6892998],[-43.6579013,-14.6746633],[-43.6588873,-14.6389128],[-43.6455643,-14.6214409],[-43.6268972,-14.549775],[-43.6313541,-14.5458653],[-43.6353765,-14.5552376],[-43.6519774,-14.5579989],[-43.6730909,-14.5437356],[-43.6631411,-14.5005799],[-43.6724452,-14.49459],[-43.6974163,-14.4222544],[-43.7195003,-14.3970957],[-43.6974912,-14.3486801],[-43.596097,-14.2855344],[-43.5753484,-14.2838557],[-43.5790841,-14.2374958],[-43.5698914,-14.1819116],[-43.4807162,-14.1764546],[-43.4563218,-14.1661182],[-43.3737583,-14.361663],[-43.530797,-14.8155341],[-43.5391991,-14.805736],[-43.537174,-14.7835076]]]}},{"type":"Feature","properties":{"level":"municipio","municipality_code":"2917359","municipality_name":"Jaborandi","uf":"BA","state_code":"29","area_km2":9955.113},"geometry":{"type":"Polygon","coordinates":[[[-44.3526099,-13.4113918],[-44.3288361,-13.4083639],[-44.3316936,-13.3971044],[-44.3088422,-13.4058225],[-44.2999975,-13.395966],[-44.2713069,-13.4142252],[-44.2626699,-13.4054287],[-44.2582207,-13.4175235],[-44.2453177,-13.4129309],[-44.2248767,-13.4276201],[-44.2338672,-13.441206],[-44.2445783,-13.4367057],[-44.2427555,-13.452686],[-44.2611018,-13.4578727],[-44.2621,-13.4806363],[-44.2691486,-13.4866589],[-44.2610513,-13.5095609],[-44.2810245,-13.5251021],[-44.2767787,-13.531036],[-44.2839155,-13.5317013],[-44.2900955,-13.5598209],[-44.3089605,-13.5566167],[-44.310818,-13.5649325],[-44.3159855,-13.5594475],[-44.3269455,-13.5811561],[-44.3493893,-13.5885751],[-44.3493614,-13.5988039],[-44.3804991,-13.5952337],[-44.4253029,-13.6223481],[-44.4531551,-13.6250763],[-44.4665697,-13.6440849],[-44.50019,-13.6563809],[-44.5019497,-13.6663964],[-44.541977,-13.67728],[-44.570524,-13.6732021],[-44.5801922,-13.6882105],[-44.5885789,-13.6843431],[-44.5953456,-13.7038761],[-44.6381906,-13.7124038],[-44.6510884,-13.7316902],[-44.6553656,-13.7237669],[-44.6765978,-13.7293499],[-44.6711614,-13.7355229],[-44.6976135,-13.7523859],[-44.7143695,-13.750195],[-44.7244741,-13.7666093],[-44.7817113,-13.7871391],[-44.7990295,-13.800594],[-44.7951038,-13.8276863],[-44.8083096,-13.829216],[-44.8217553,-13.850256],[-44.8339374,-13.8534235],[-44.8430237,-13.8821469],[-44.8571686,-13.8849081],[-44.8601263,-13.8965483],[-44.8679425,-13.8937839],[-44.8653632,-13.9035647],[-44.8875749,-13.9222071],[-44.9044866,-13.925739],[-44.8994246,-13.9365725],[-44.9085552,-13.9905619],[-44.9232193,-14.0143321],[-44.9454753,-14.0156153],[-44.9505667,-14.0324582],[-45.0106653,-14.046312],[-45.0149582,-14.053992],[-45.0420829,-14.0611851],[-45.0491491,-14.0736165],[-45.0753597,-14.0762318],[-45.0999664,-14.09808],[-45.1068537,-14.1189503],[-45.1250205,-14.1108671],[-45.1598826,-14.1253262],[-45.1915186,-14.126899],[-45.2028895,-14.149648],[-45.2219258,-14.1546141],[-45.219427,-14.1674911],[-45.2415271,-14.1752458],[-45.263871,-14.2001052],[-45.3019189,-14.209102],[-45.3045479,-14.2246541],[-45.317823,-14.2253339],[-45.3338275,-14.2459398],[-45.374818,-14.2572588],[-45.3978954,-14.2942107],[-45.4113046,-14.2984926],[-45.4249228,-14.3293365],[-45.4548037,-14.3302278],[-45.4922654,-14.3556762],[-45.4965304,-14.3778387],[-45.5415049,-14.4142608],[-45.5590848,-14.4424812],[-45.5820529,-14.4525907],[-45.6086232,-14.4780541],[-45.6234338,-14.5043423],[-45.6741173,-14.5184691],[-45.6840183,-14.5478844],[-45.7278649,-14.5713915],[-45.7466422,-14.6011646],[-45.8585831,-14.696386],[-45.8859212,-14.7312664],[-45.9432605,-14.7802366],[-45.9642065,-14.8109318],[-45.9961847,-14.8226458],[-46.0393785,-14.8752515],[-46.0252869,-14.8557565],[-46.0411979,-14.8264946],[-46.0186719,-14.8185497],[-46.0191571,-14.8030889],[-46.0025841,-14.795839],[-45.998753,-14.7708143],[-46.007302,-14.7509791],[-45.9970579,-14.7413414],[-46.0046968,-14.7298363],[-45.9990602,-14.7159387],[-46.0055037,-14.688998],[-46.020865,-14.6910735],[-46.0279691,-14.6810075],[-46.0105164,-14.66219],[-46.0009718,-14.6665706],[-45.989515,-14.658845],[-45.9948143,-14.6396569],[-45.9843987,-14.6218787],[-45.9978884,-14.6035777],[-45.9852551,-14.5781326],[-45.9912772,-14.554783],[-45.9753083,-14.5389298],[-46.0001362,-14.5227423],[-45.996085,-14.488406],[-46.0190031,-14.4720712],[-46.0000734,-14.4466222],[-46.0101837,-14.4256957],[-45.9758064,-14.434248],[-45.9326429,-14.4098593],[-45.9071553,-14.3551898],[-45.9151433,-14.3446448],[-45.9282322,-14.3502896],[-45.9328082,-14.342361],[-45.9422146,-14.343255],[-45.9570512,-14.3213986],[-45.9625565,-14.2860365],[-45.9818404,-14.2735088],[-45.9975623,-14.2777558],[-45.9906287,-14.2608788],[-45.9954281,-14.2561577],[-46.0264085,-14.2609083],[-46.0333003,-14.2476794],[-46.0529365,-14.244791],[-46.0604058,-14.2327006],[-46.0525646,-14.2044721],[-46.0610483,-14.1954846],[-46.1018829,-14.2083183],[-46.1006896,-14.1915087],[-46.1226647,-14.1906021],[-46.1110226,-14.1727113],[-46.1181409,-14.1599493],[-46.1321884,-14.1528501],[-46.1581407,-14.1605914],[-46.1859925,-14.1555917],[-46.1968285,-14.1301171],[-46.2243922,-14.1050276],[-46.2307248,-14.0595237],[-46.2276801,-14.0442614],[-46.2130884,-14.0305578],[-46.2121209,-14.0101204],[-46.1686115,-13.9796974],[-46.121687,-13.977494],[-46.0911142,-13.9630716],[-46.0881362,-13.954981],[-46.0673932,-13.95772],[-46.0441459,-13.9504726],[-46.0306496,-13.9342107],[-46.009447,-13.9360127],[-46.0053183,-13.926508],[-45.9922361,-13.9256311],[-45.9751824,-13.8991739],[-45.9536679,-13.9010562],[-45.9477219,-13.884972],[-45.9040423,-13.8750196],[-45.8832666,-13.851923],[-45.8833961,-13.8416138],[-45.8693306,-13.8387989],[-45.8620572,-13.827533],[-45.8450072,-13.8250039],[-45.8257323,-13.8098466],[-45.8149589,-13.8133409],[-45.8041538,-13.7963598],[-45.7913454,-13.797433],[-45.7639839,-13.7729512],[-45.7450269,-13.7719768],[-45.7309293,-13.7600453],[-45.7144514,-13.7624246],[-45.7020401,-13.7488997],[-45.6744439,-13.738785],[-45.6130872,-13.7532201],[-45.5837236,-13.7681398],[-45.5216601,-13.7647184],[-45.4797463,-13.7382963],[-45.4355361,-13.7313915],[-45.3645624,-13.7363142],[-45.3370543,-13.7212268],[-45.3019529,-13.7342838],[-45.289678,-13.7485588],[-45.2760881,-13.7392538],[-45.2406372,-13.7449458],[-45.1949064,-13.7211447],[-45.1837413,-13.7048575],[-45.1649343,-13.7027693],[-45.1433017,-13.6844126],[-45.1344003,-13.6850307],[-45.1374514,-13.6791914],[-45.1216179,-13.6734831],[-45.1279851,-13.6710394],[-45.1225627,-13.665729],[-45.1171456,-13.6744537],[-44.8924985,-13.6713747],[-44.7239208,-13.5860198],[-44.668062,-13.5345463],[-44.6406491,-13.5297329],[-44.6158914,-13.5408999],[-44.54343,-13.519659],[-44.5065348,-13.5186812],[-44.5111141,-13.5111046],[-44.5026418,-13.4671426],[-44.4927456,-13.4311232],[-44.4820959,-13.4223143],[-44.4681524,-13.4265071],[-44.4544694,-13.417056],[-44.4321884,-13.4220676],[-44.4309646,-13.4318502],[-44.4164191,-13.4250508],[-44.4018747,-13.4286235],[-44.3961071,-13.4174818],[-44.3822862,-13.4178118],[-44.3818246,-13.4086964],[-44.3703491,-13.4186775],[-44.3650659,-13.4080119],[-44.354819,-13.4180514],[-44.3526099,-13.4113918]]]}},{"type":"Feature","properties":{"level":"municipio","municipality_code":"2917409","municipality_name":"Jacaraci","uf":"BA","state_code":"29","area_km2":1332.42},"geometry":{"type":"Polygon","coordinates":[[[-42.3546766,-14.8839042],[-42.3530906,-14.9004477],[-42.3805549,-14.9479017],[-42.4094447,-14.9572537],[-42.4302636,-14.9488207],[-42.438549,-14.958342],[-42.4659222,-14.9576919],[-42.4737484,-14.9677219],[-42.4790145,-15.0142459],[-42.4957414,-14.9948584],[-42.5316353,-14.9774854],[-42.5348824,-14.966586],[-42.5606855,-14.9622972],[-42.5871896,-14.9302344],[-42.5989689,-14.9240978],[-42.6134372,-14.9377258],[-42.6240531,-14.9345996],[-42.612202,-14.9158231],[-42.6093503,-14.8897917],[-42.5875054,-14.8656327],[-42.5751078,-14.8753763],[-42.5704001,-14.8474284],[-42.5539197,-14.8353825],[-42.5612958,-14.8265148],[-42.5492038,-14.8265796],[-42.544477,-14.8149565],[-42.5299874,-14.8079356],[-42.5351159,-14.7882213],[-42.5294497,-14.7659342],[-42.4919248,-14.7502995],[-42.4876924,-14.7372096],[-42.4639109,-14.7419908],[-42.453112,-14.7582113],[-42.4370791,-14.760613],[-42.4219452,-14.7495737],[-42.4172026,-14.7233654],[-42.3797069,-14.710892],[-42.3773417,-14.6623135],[-42.3637409,-14.6342773],[-42.3488658,-14.6223881],[-42.2693447,-14.6312516],[-42.2477509,-14.6090353],[-42.2391225,-14.6118051],[-42.2166328,-14.5981642],[-42.1948562,-14.6074574],[-42.1569064,-14.5970416],[-42.0856957,-14.6816631],[-42.0687553,-14.6747988],[-42.04934,-14.6936502],[-42.0688515,-14.7184483],[-42.0509884,-14.7482401],[-42.0565183,-14.7803688],[-42.0464911,-14.804597],[-42.0595408,-14.8497789],[-42.0962006,-14.8193062],[-42.1216977,-14.820098],[-42.1355576,-14.8112648],[-42.3462165,-14.8691479],[-42.3546766,-14.8839042]]]}},{"type":"Feature","properties":{"level":"municipio","municipality_code":"2917508","municipality_name":"Jacobina","uf":"BA","state_code":"29","area_km2":2192.905},"geometry":{"type":"Polygon","coordinates":[[[-40.5066333,-11.3716795],[-40.5460195,-11.30442],[-40.560139,-11.3123479],[-40.5820742,-11.3084371],[-40.6041324,-11.2757009],[-40.685964,-11.2117397],[-40.7258664,-11.2463029],[-40.8006676,-11.112699],[-40.9162865,-11.0234127],[-40.9245696,-10.9913431],[-40.8988542,-10.9741663],[-40.9050018,-10.9436977],[-40.8762592,-10.9022884],[-40.9030351,-10.8576565],[-40.9078464,-10.8168526],[-40.9205595,-10.8078103],[-40.9303378,-10.7752475],[-40.8897905,-10.8024534],[-40.8359516,-10.7916055],[-40.8241549,-10.8006493],[-40.7985671,-10.8463706],[-40.7705188,-10.8560084],[-40.7559061,-10.8845151],[-40.7066335,-10.9177644],[-40.7212912,-10.936959],[-40.7159498,-10.9524059],[-40.6879029,-10.9419347],[-40.5846187,-10.9903268],[-40.548126,-11.0190361],[-40.5354363,-11.0218008],[-40.5293082,-11.0155181],[-40.4817272,-11.0493994],[-40.4522004,-11.1896316],[-40.4409244,-11.2017176],[-40.4185382,-11.2047623],[-40.3960757,-11.2248578],[-40.3931582,-11.2144268],[-40.3722336,-11.2134017],[-40.3695733,-11.206423],[-40.3453132,-11.2287892],[-40.3141856,-11.2170654],[-40.3182192,-11.2108495],[-40.3022748,-11.2028823],[-40.2788838,-11.2042158],[-40.259583,-11.192337],[-40.2283023,-11.190961],[-40.2242916,-11.1825621],[-40.2086595,-11.1845381],[-40.2055221,-11.1768026],[-40.1959289,-11.1873209],[-40.16363,-11.1910577],[-40.1615134,-11.1829182],[-40.1448284,-11.1819308],[-40.1099913,-11.245607],[-40.0839993,-11.2520944],[-40.1043736,-11.2998867],[-40.1432348,-11.3249551],[-40.1584519,-11.3250451],[-40.1652186,-11.3361211],[-40.3182743,-11.3337408],[-40.3158079,-11.3484615],[-40.3941279,-11.3842785],[-40.4134226,-11.3641727],[-40.4420815,-11.3584374],[-40.4594909,-11.3874188],[-40.482586,-11.3860158],[-40.4901008,-11.3742372],[-40.5066333,-11.3716795]]]}},{"type":"Feature","properties":{"level":"municipio","municipality_code":"2917607","municipality_name":"Jaguaquara","uf":"BA","state_code":"29","area_km2":924.512},"geometry":{"type":"Polygon","coordinates":[[[-39.9578224,-13.6730112],[-40.0044854,-13.6299995],[-40.0203562,-13.6408869],[-40.0399953,-13.6336992],[-40.0867566,-13.6398666],[-40.0952981,-13.646437],[-40.0968524,-13.6686827],[-40.107869,-13.653624],[-40.1102133,-13.5842028],[-40.1217674,-13.526795],[-40.1057001,-13.523966],[-40.0716937,-13.4954966],[-40.0942465,-13.4307663],[-40.1201505,-13.4099729],[-40.1506352,-13.3372309],[-40.0754578,-13.3336861],[-40.0618949,-13.3440367],[-40.0412478,-13.3069519],[-40.0354024,-13.32174],[-40.0287521,-13.3106721],[-40.0147742,-13.3076575],[-39.9974334,-13.3123266],[-39.9906048,-13.3273253],[-39.9822009,-13.3257552],[-39.9816116,-13.3443925],[-39.9953174,-13.3645643],[-39.9870699,-13.407517],[-40.005889,-13.4735006],[-39.9307796,-13.4960987],[-39.9205744,-13.5207867],[-39.9244232,-13.5291958],[-39.8914969,-13.5280385],[-39.8881738,-13.5152239],[-39.8042999,-13.5667734],[-39.7922108,-13.5804568],[-39.7971755,-13.5883545],[-39.7769386,-13.5991854],[-39.776991,-13.6177528],[-39.7583954,-13.6367038],[-39.7650448,-13.6458506],[-39.7275506,-13.734015],[-39.7132887,-13.7367175],[-39.7410799,-13.77722],[-39.7571117,-13.7754127],[-39.7683004,-13.7859791],[-39.782121,-13.7461361],[-39.8474174,-13.7229853],[-39.8532189,-13.6555976],[-39.8870214,-13.6597706],[-39.895421,-13.6952449],[-39.9018285,-13.6968565],[-39.9180554,-13.6920604],[-39.9194566,-13.6801728],[-39.9413582,-13.6656791],[-39.9578224,-13.6730112]]]}},{"type":"Feature","properties":{"level":"municipio","municipality_code":"2917706","municipality_name":"Jaguarari","uf":"BA","state_code":"29","area_km2":2466.009},"geometry":{"type":"Polygon","coordinates":[[[-39.8601742,-10.0971756],[-39.868531,-10.131823],[-39.9461203,-10.1431988],[-39.9631481,-10.1569549],[-39.9640404,-10.1669187],[-39.9863363,-10.1789273],[-39.9989631,-10.219922],[-40.0573619,-10.2746606],[-40.0228436,-10.3022963],[-40.0272679,-10.3182542],[-40.0926481,-10.3286835],[-40.1193125,-10.3436554],[-40.1359726,-10.3239215],[-40.1712598,-10.3581215],[-40.2002871,-10.3433704],[-40.2098582,-10.3236708],[-40.2311846,-10.3709778],[-40.2367637,-10.3426076],[-40.2278073,-10.3045936],[-40.247632,-10.2608939],[-40.2412646,-10.2421725],[-40.255356,-10.227552],[-40.2473044,-10.2037438],[-40.2761373,-10.1683819],[-40.2812469,-10.1422661],[-40.2992523,-10.1283971],[-40.3510049,-10.1130557],[-40.3708966,-10.1407915],[-40.4172159,-10.1106703],[-40.4129483,-10.0967928],[-40.3942376,-10.0856873],[-40.3887834,-10.0621503],[-40.3466243,-10.0383929],[-40.3284504,-10.0136202],[-40.3189304,-9.9809999],[-40.3290383,-9.9590982],[-40.3138767,-9.9296704],[-40.3163848,-9.9078998],[-40.2860699,-9.9457958],[-40.2259581,-9.9213429],[-40.1824424,-9.8873012],[-39.9818821,-9.8046406],[-39.9122007,-9.7879701],[-39.9029084,-9.7816744],[-39.8933913,-9.7404685],[-39.8823411,-9.7458873],[-39.8377727,-9.8283462],[-39.8232885,-9.8246973],[-39.7957647,-9.8438103],[-39.7797697,-9.8712246],[-39.7597435,-9.8680087],[-39.7382949,-9.9010964],[-39.7493118,-9.9524475],[-39.7654699,-9.9702581],[-39.7804108,-9.9585849],[-39.7840146,-9.9417255],[-39.8120829,-9.9437347],[-39.7981901,-9.9795107],[-39.8117137,-9.9841546],[-39.8072348,-10.0010486],[-39.8265443,-10.0109583],[-39.8273337,-10.0354971],[-39.843625,-10.0524489],[-39.8385338,-10.0738306],[-39.8601742,-10.0971756]]]}},{"type":"Feature","properties":{"level":"municipio","municipality_code":"2917805","municipality_name":"Jaguaripe","uf":"BA","state_code":"29","area_km2":863.424},"geometry":{"type":"Polygon","coordinates":[[[-38.8831547,-12.9972272],[-38.8926,-12.9627474],[-38.9144433,-12.9319061],[-38.885366,-12.9463724],[-38.8728093,-12.9384738],[-38.8394294,-12.9446257],[-38.8298299,-12.9559744],[-38.8227414,-12.9476563],[-38.8351441,-12.9209841],[-38.812605,-12.916907],[-38.7940368,-12.9496338],[-38.75146,-12.9668507],[-38.7775597,-13.0001867],[-38.7882276,-13.0423352],[-38.8012838,-13.0615354],[-38.8049044,-13.1216594],[-38.7975435,-13.1374721],[-38.8027003,-13.1455562],[-38.8348397,-13.1557092],[-38.9084623,-13.2130982],[-38.9465626,-13.2093543],[-38.9669117,-13.2246804],[-38.9648892,-13.2370536],[-38.9736504,-13.2349549],[-38.9899449,-13.2547853],[-38.9992486,-13.2504262],[-39.0079568,-13.2259802],[-39.026651,-13.2449972],[-39.0752491,-13.2437694],[-39.0701189,-13.2596452],[-39.0921458,-13.248008],[-39.102425,-13.2585157],[-39.1433708,-13.2335409],[-39.143466,-13.224004],[-39.1707265,-13.233808],[-39.203567,-13.1969724],[-39.2325793,-13.2081378],[-39.2454703,-13.1957267],[-39.2545379,-13.2030983],[-39.2526113,-13.1864936],[-39.2757855,-13.1803941],[-39.2799729,-13.1882122],[-39.2954801,-13.1665878],[-39.3118039,-13.1658795],[-39.2906033,-13.1379239],[-39.248314,-13.1334245],[-39.2140602,-13.1072367],[-39.1799547,-13.1173223],[-39.1210673,-13.1089886],[-39.114967,-13.1342637],[-39.0929148,-13.144461],[-39.0659423,-13.132939],[-39.0454217,-13.1335294],[-39.035095,-13.1179605],[-39.0088157,-13.1275544],[-39.0075468,-13.1008108],[-38.995203,-13.1065007],[-38.9810643,-13.0982281],[-38.9781733,-13.0874968],[-38.955986,-13.0901558],[-38.9533264,-13.0475426],[-38.9377674,-13.032112],[-38.9335332,-13.0110821],[-38.9112614,-13.0242168],[-38.9116376,-12.9967115],[-38.8831547,-12.9972272]]]}},{"type":"Feature","properties":{"level":"municipio","municipality_code":"2917904","municipality_name":"Jandaíra","uf":"BA","state_code":"29","area_km2":640.772},"geometry":{"type":"Polygon","coordinates":[[[-37.5351858,-11.7004057],[-37.5623259,-11.7038901],[-37.5772847,-11.6866051],[-37.5858825,-11.6915244],[-37.6065453,-11.6671403],[-37.6243335,-11.6614197],[-37.6720195,-11.6713119],[-37.7134684,-11.6327232],[-37.7465591,-11.6318607],[-37.7491781,-11.6621335],[-37.7589643,-11.6419174],[-37.7806348,-11.6349664],[-37.8041555,-11.6133411],[-37.8032855,-11.6035768],[-37.8220102,-11.5974936],[-37.8288706,-11.5585987],[-37.821009,-11.5415581],[-37.7945659,-11.518764],[-37.7704478,-11.531999],[-37.7589745,-11.5253783],[-37.749361,-11.5386277],[-37.7318605,-11.5371726],[-37.7267661,-11.5535584],[-37.7116031,-11.5529477],[-37.7024599,-11.5401947],[-37.6954523,-11.5495619],[-37.6999138,-11.5624152],[-37.6731185,-11.5685896],[-37.6613297,-11.5461672],[-37.6642002,-11.5319608],[-37.6534499,-11.5295068],[-37.6502727,-11.516431],[-37.6436043,-11.5244154],[-37.6321193,-11.5182005],[-37.6157268,-11.538601],[-37.5814592,-11.530559],[-37.5859964,-11.5413743],[-37.5785501,-11.5521789],[-37.5682573,-11.5384288],[-37.5570684,-11.5514531],[-37.5200676,-11.5493035],[-37.5047505,-11.5249101],[-37.4554887,-11.5231383],[-37.4108864,-11.4954325],[-37.3552553,-11.4436993],[-37.3411467,-11.4423365],[-37.4063284,-11.5365898],[-37.5095554,-11.7371848],[-37.5398692,-11.7724473],[-37.5403438,-11.751249],[-37.5266477,-11.7458165],[-37.5286493,-11.73393],[-37.5207859,-11.7263458],[-37.5206812,-11.7115437],[-37.5346056,-11.7098884],[-37.5351858,-11.7004057]]]}},{"type":"Feature","properties":{"level":"municipio","municipality_code":"2918001","municipality_name":"Jequié","uf":"BA","state_code":"29","area_km2":2969.039},"geometry":{"type":"Polygon","coordinates":[[[-39.9321276,-13.8921626],[-39.9529147,-13.9087069],[-39.975362,-13.9433986],[-39.9557646,-13.9733068],[-39.9004247,-14.0273227],[-39.9016604,-14.0468388],[-39.9264484,-14.0825502],[-39.9904276,-14.049996],[-40.0085814,-14.0655985],[-40.0272536,-14.0490721],[-40.0460704,-14.0645648],[-40.053071,-14.0592981],[-40.0619506,-14.0924028],[-40.0862022,-14.1281973],[-40.1022625,-14.1348883],[-40.1129169,-14.1702739],[-40.082501,-14.2066822],[-40.0985745,-14.2429521],[-40.0976527,-14.2669306],[-40.1129724,-14.2279652],[-40.1324286,-14.2416297],[-40.1301059,-14.2493217],[-40.1440721,-14.2456718],[-40.1628345,-14.2533034],[-40.1706471,-14.2486279],[-40.1704963,-14.2304085],[-40.1923388,-14.2231135],[-40.1753994,-14.1342441],[-40.1848958,-14.1217446],[-40.2109011,-14.1257429],[-40.2222766,-14.104753],[-40.2147828,-14.0862902],[-40.2198858,-14.0721185],[-40.2072415,-14.069979],[-40.2111015,-14.0391579],[-40.2320913,-14.0309628],[-40.2481791,-14.0423604],[-40.3173953,-14.0058609],[-40.336377,-14.0141432],[-40.3493214,-14.0328979],[-40.5128245,-13.9479149],[-40.5152669,-13.9229423],[-40.5220152,-13.9198649],[-40.5101779,-13.9105033],[-40.5041024,-13.8841674],[-40.4397292,-13.8646334],[-40.519496,-13.7887477],[-40.5375972,-13.7287851],[-40.5298921,-13.7179243],[-40.4984669,-13.7162024],[-40.4816254,-13.7002967],[-40.474114,-13.678511],[-40.4673447,-13.7173223],[-40.4433359,-13.7281251],[-40.416942,-13.7094403],[-40.3697725,-13.7097051],[-40.3742287,-13.7010031],[-40.3537275,-13.6952369],[-40.3385739,-13.7069751],[-40.3242972,-13.7011502],[-40.3041036,-13.7077639],[-40.2902931,-13.7007433],[-40.2386064,-13.7154092],[-40.1955836,-13.7101717],[-40.1903061,-13.6892474],[-40.1801934,-13.6852618],[-40.1393857,-13.6988248],[-40.1339129,-13.6872844],[-40.0947798,-13.6843198],[-40.0950039,-13.6457765],[-40.0619831,-13.6350419],[-40.0203562,-13.6408869],[-40.0044854,-13.6299995],[-39.9578224,-13.6730112],[-39.9413582,-13.6656791],[-39.9194566,-13.6801728],[-39.9180554,-13.6920604],[-39.9018285,-13.6968565],[-39.895421,-13.6952449],[-39.8870214,-13.6597706],[-39.8539912,-13.6551691],[-39.8464306,-13.7452361],[-39.835947,-13.7519748],[-39.8258143,-13.7477759],[-39.8173742,-13.7569548],[-39.8132928,-13.8022889],[-39.8034471,-13.8150756],[-39.7943478,-13.8155185],[-39.7889035,-13.8269316],[-39.7825202,-13.8153817],[-39.7683607,-13.8242063],[-39.7659738,-13.8336042],[-39.7840888,-13.8498135],[-39.7794889,-13.8610436],[-39.7714609,-13.8670773],[-39.7640013,-13.8583197],[-39.7486713,-13.8641237],[-39.7577477,-13.8848486],[-39.740713,-13.8933801],[-39.7469185,-13.9021537],[-39.7420706,-13.9121293],[-39.7342383,-13.9058902],[-39.7050151,-13.9098901],[-39.7357277,-13.9322085],[-39.7539123,-13.9872158],[-39.7650647,-13.9913282],[-39.7591601,-13.9803687],[-39.7790167,-13.9681264],[-39.7755036,-13.9469999],[-39.7851739,-13.9388399],[-39.8018894,-13.9432689],[-39.8273641,-13.9243098],[-39.8242672,-13.8956313],[-39.841355,-13.885279],[-39.8274742,-13.8530477],[-39.8447614,-13.8476011],[-39.8506369,-13.8716879],[-39.8625307,-13.875093],[-39.8701102,-13.890735],[-39.9321276,-13.8921626]]]}},{"type":"Feature","properties":{"level":"municipio","municipality_code":"2918100","municipality_name":"Jeremoabo","uf":"BA","state_code":"29","area_km2":4267.488},"geometry":{"type":"Polygon","coordinates":[[[-38.3329174,-9.7851008],[-38.2667746,-9.860397],[-38.2052815,-9.9086671],[-38.191401,-9.899005],[-38.1488856,-9.9162639],[-38.133449,-9.9068624],[-38.1161708,-9.9216761],[-38.1403186,-9.9412406],[-38.1329574,-9.9548206],[-38.118518,-9.9534096],[-38.0999463,-9.9676269],[-38.1089598,-10.0030104],[-38.0877217,-10.0458982],[-38.0795675,-10.0873818],[-38.0841784,-10.0962432],[-38.0778687,-10.1004254],[-38.088498,-10.1093397],[-38.0869775,-10.1387584],[-38.1065671,-10.2156453],[-38.1220183,-10.2179056],[-38.1245873,-10.227028],[-38.1504863,-10.2162359],[-38.1436261,-10.1932961],[-38.1924123,-10.1803337],[-38.2203911,-10.2208436],[-38.2371395,-10.2252586],[-38.2604463,-10.2495749],[-38.2823181,-10.2472346],[-38.3027984,-10.2576514],[-38.3101228,-10.2804731],[-38.3445404,-10.2658169],[-38.3600075,-10.2688293],[-38.390111,-10.2790192],[-38.4073734,-10.2943448],[-38.4426269,-10.2975242],[-38.4895611,-10.3216078],[-38.5058394,-10.3063282],[-38.5211276,-10.3076502],[-38.5460648,-10.2808528],[-38.5605447,-10.2764444],[-38.5823217,-10.2823743],[-38.576682,-10.2539138],[-38.5830545,-10.2340141],[-38.5762599,-10.224999],[-38.6687623,-10.1834351],[-38.6959545,-10.1893494],[-38.7332256,-10.1673801],[-38.7129986,-10.1265595],[-38.7439316,-10.1027173],[-38.7633956,-10.0681675],[-38.7835562,-10.0563162],[-38.8002773,-10.0310241],[-38.798269,-10.0132924],[-38.8549523,-9.9963231],[-38.8713661,-9.9824735],[-38.8696484,-9.9655151],[-38.8990632,-9.9786074],[-38.903411,-9.9590814],[-38.9185236,-9.9600053],[-38.9316909,-9.8743679],[-38.9190111,-9.8547573],[-38.86414,-9.8294183],[-38.8637602,-9.7790726],[-38.8281153,-9.7547218],[-38.7848479,-9.7455186],[-38.7734377,-9.6739412],[-38.7847894,-9.6468173],[-38.548946,-9.6854742],[-38.487785,-9.7125109],[-38.4584567,-9.7089341],[-38.4432508,-9.6989391],[-38.3329174,-9.7851008]]]}},{"type":"Feature","properties":{"level":"municipio","municipality_code":"2918209","municipality_name":"Jiquiriçá","uf":"BA","state_code":"29","area_km2":238.66},"geometry":{"type":"Polygon","coordinates":[[[-39.5969704,-13.4706653],[-39.6244343,-13.4821589],[-39.6289411,-13.4614461],[-39.6481849,-13.448842],[-39.6493102,-13.4385167],[-39.6394633,-13.4377852],[-39.6442461,-13.4206796],[-39.6287722,-13.3987068],[-39.6367061,-13.3513569],[-39.6207786,-13.3118951],[-39.6064419,-13.2971863],[-39.6128855,-13.2613009],[-39.5977186,-13.2633099],[-39.5851343,-13.25068],[-39.6021214,-13.2260009],[-39.591404,-13.2209822],[-39.6069071,-13.2085256],[-39.6101085,-13.1839351],[-39.5693012,-13.1894398],[-39.5591146,-13.1786396],[-39.5310163,-13.1716048],[-39.5258029,-13.1808016],[-39.5388938,-13.1842785],[-39.5384335,-13.1906994],[-39.5258445,-13.2046597],[-39.5426124,-13.2184186],[-39.5335463,-13.2289129],[-39.5421962,-13.2359169],[-39.5348214,-13.2418379],[-39.532252,-13.2742469],[-39.5534979,-13.3626933],[-39.556171,-13.4176298],[-39.575113,-13.425358],[-39.5909037,-13.4156588],[-39.5934167,-13.4497732],[-39.6011778,-13.4540846],[-39.5969704,-13.4706653]]]}},{"type":"Feature","properties":{"level":"municipio","municipality_code":"2918308","municipality_name":"Jitaúna","uf":"BA","state_code":"29","area_km2":262.05},"geometry":{"type":"Polygon","coordinates":[[[-39.8697441,-14.011618],[-39.9070096,-14.0261612],[-39.9753323,-13.9428342],[-39.9396401,-13.8941203],[-39.8701102,-13.890735],[-39.8625307,-13.875093],[-39.8506369,-13.8716879],[-39.8447614,-13.8476011],[-39.826853,-13.8537594],[-39.841355,-13.885279],[-39.8242672,-13.8956313],[-39.8273641,-13.9243098],[-39.8005879,-13.9438193],[-39.7838278,-13.9393532],[-39.7730821,-13.9500932],[-39.7812629,-13.9554391],[-39.7790167,-13.9681264],[-39.7591839,-13.9805947],[-39.7619945,-13.9922544],[-39.7944774,-14.0126241],[-39.7906544,-14.0373173],[-39.8004542,-14.0597545],[-39.829317,-14.0376731],[-39.8391442,-14.0198985],[-39.8697441,-14.011618]]]}},{"type":"Feature","properties":{"level":"municipio","municipality_code":"2918357","municipality_name":"João Dourado","uf":"BA","state_code":"29","area_km2":913.258},"geometry":{"type":"Polygon","coordinates":[[[-41.4363179,-11.2385532],[-41.4962059,-11.2707107],[-41.5207644,-11.2725572],[-41.5701826,-11.3218623],[-41.5877813,-11.3570425],[-41.6060455,-11.3632938],[-41.6400565,-11.3950227],[-41.7002139,-11.4112431],[-41.7515209,-11.4139185],[-41.7495452,-11.3721877],[-41.7330726,-11.3325307],[-41.7414843,-11.2707473],[-41.7296926,-11.2279723],[-41.7398493,-11.2232823],[-41.7299243,-11.2097757],[-41.7150793,-11.195049],[-41.6478871,-11.168398],[-41.6331833,-11.1396298],[-41.6068909,-11.1450671],[-41.5939529,-11.131016],[-41.5975065,-11.1222282],[-41.5663526,-11.0972383],[-41.5254893,-11.0919673],[-41.4977542,-11.0584995],[-41.4349565,-11.0066065],[-41.4341972,-11.0293925],[-41.4083921,-11.0695131],[-41.3959926,-11.0765275],[-41.3954431,-11.1056532],[-41.3767487,-11.1401128],[-41.3686459,-11.1421957],[-41.3646115,-11.1818989],[-41.4221393,-11.242874],[-41.4363179,-11.2385532]]]}},{"type":"Feature","properties":{"level":"municipio","municipality_code":"2918407","municipality_name":"Juazeiro","uf":"BA","state_code":"29","area_km2":6721.237},"geometry":{"type":"Polygon","coordinates":[[[-40.3626155,-9.9326302],[-40.4121828,-9.9735127],[-40.5027422,-9.9711545],[-40.6433264,-9.8868044],[-40.8137513,-9.8713699],[-40.7857715,-9.8494798],[-40.7554931,-9.7991797],[-40.7683605,-9.7782943],[-40.7647453,-9.7553517],[-40.7406419,-9.7072214],[-40.7689265,-9.6504204],[-40.770032,-9.5698748],[-40.7435763,-9.5201728],[-40.7307867,-9.4579245],[-40.7152453,-9.4488062],[-40.6813218,-9.467221],[-40.6206769,-9.4825255],[-40.5951233,-9.4673692],[-40.5557585,-9.4579381],[-40.5291147,-9.4139016],[-40.4971964,-9.4085724],[-40.4677551,-9.4205681],[-40.4358983,-9.3621587],[-40.4236595,-9.353465],[-40.4116462,-9.3541709],[-40.3912784,-9.3721668],[-40.3563971,-9.3769943],[-40.3350433,-9.3539017],[-40.3361196,-9.3271687],[-40.3022068,-9.2517033],[-40.2861727,-9.1856114],[-40.294012,-9.1520678],[-40.2867061,-9.1173518],[-40.2731922,-9.0824216],[-40.2478641,-9.0577378],[-40.2134367,-9.0609811],[-40.1741371,-9.0905594],[-40.1650016,-9.1064878],[-40.1298949,-9.1103046],[-40.077396,-9.0782264],[-40.0655631,-9.0630652],[-39.9784499,-9.0548632],[-39.9858764,-9.0792254],[-39.9699384,-9.1195365],[-39.9592921,-9.1220844],[-39.9405258,-9.1104442],[-39.9341971,-9.1178259],[-39.9118703,-9.1126976],[-39.9127691,-9.1219301],[-39.9016085,-9.1304765],[-39.9072976,-9.1573066],[-39.8941706,-9.1664709],[-39.8896376,-9.1896818],[-39.8668998,-9.2019076],[-39.8607625,-9.2303621],[-39.8797286,-9.2693319],[-39.8864083,-9.3298093],[-39.8645848,-9.4606771],[-39.8750257,-9.4992649],[-39.8677945,-9.5267953],[-39.8812,-9.5517235],[-39.8958603,-9.6130979],[-39.8886626,-9.6657754],[-39.90064,-9.7059308],[-39.9029084,-9.7816744],[-39.9818821,-9.8046406],[-40.1824424,-9.8873012],[-40.2259581,-9.9213429],[-40.2860699,-9.9457958],[-40.3163848,-9.9078998],[-40.3442347,-9.9295035],[-40.3626155,-9.9326302]]]}},{"type":"Feature","properties":{"level":"municipio","municipality_code":"2918456","municipality_name":"Jucuruçu","uf":"BA","state_code":"29","area_km2":1457.656},"geometry":{"type":"Polygon","coordinates":[[[-39.961583,-16.8561156],[-39.9680771,-16.8730468],[-39.9941928,-16.8726111],[-39.9899385,-16.8936753],[-40.0065408,-16.9377219],[-40.0269704,-16.9355179],[-40.0354609,-16.938999],[-40.0313678,-16.9445568],[-40.050803,-16.9480297],[-40.0440264,-16.9619455],[-40.060596,-16.9747026],[-40.065648,-16.9868372],[-40.0603542,-16.9973254],[-40.0798267,-17.0260749],[-40.0776974,-17.0519047],[-40.0662487,-17.070817],[-40.0769936,-17.0825325],[-40.085588,-17.0787105],[-40.08927,-17.0618916],[-40.1172306,-17.0819325],[-40.1555031,-17.0772668],[-40.1768101,-17.0543832],[-40.1826919,-17.0155519],[-40.2114561,-16.9961863],[-40.213341,-16.9847738],[-40.229221,-16.9727137],[-40.2917096,-16.9631223],[-40.3222788,-16.9489246],[-40.3966927,-16.9433898],[-40.4038235,-16.9330637],[-40.3999648,-16.8885533],[-40.3759008,-16.8858723],[-40.366485,-16.8741723],[-40.3483021,-16.8880441],[-40.348745,-16.8993066],[-40.331523,-16.9080273],[-40.3156097,-16.905286],[-40.3027738,-16.8922436],[-40.2879693,-16.9044516],[-40.2760168,-16.8928661],[-40.266026,-16.8603134],[-40.2521215,-16.8600506],[-40.2469071,-16.8457395],[-40.2644699,-16.7991046],[-40.3236055,-16.8012692],[-40.3454936,-16.7872675],[-40.3101667,-16.7362155],[-40.3023562,-16.7081782],[-40.3070188,-16.6967665],[-40.296398,-16.698068],[-40.2831136,-16.672906],[-40.261873,-16.683103],[-40.2669406,-16.6999317],[-40.247451,-16.7156179],[-40.2191256,-16.7031644],[-40.211279,-16.7075018],[-40.2034497,-16.6960424],[-40.1975936,-16.7088197],[-40.1862527,-16.6986846],[-40.1595411,-16.6935251],[-40.1633323,-16.7117394],[-40.1389057,-16.7148084],[-40.1273871,-16.6794384],[-40.0931417,-16.6857709],[-40.0871946,-16.6750599],[-40.0767609,-16.7065082],[-40.061988,-16.7171007],[-40.0363089,-16.703878],[-40.0222319,-16.7138178],[-40.0081505,-16.7018068],[-39.9961067,-16.7118653],[-39.9900769,-16.7015592],[-39.9656062,-16.6952874],[-39.9761164,-16.7064705],[-39.9686896,-16.7296265],[-39.9552244,-16.7344702],[-39.9451705,-16.7260759],[-39.9375731,-16.7323665],[-39.9274314,-16.7267228],[-39.9167839,-16.7340742],[-39.8902585,-16.7259952],[-39.883385,-16.745922],[-39.8601033,-16.749616],[-39.8444988,-16.7622412],[-39.8152248,-16.7638924],[-39.7963601,-16.7505882],[-39.7873447,-16.7544868],[-39.7725177,-16.7347663],[-39.7634945,-16.7381315],[-39.7592953,-16.760798],[-39.772991,-16.8217002],[-39.7674541,-16.8688088],[-39.7857921,-16.8632627],[-39.7889599,-16.8534414],[-39.7951157,-16.8610782],[-39.8121287,-16.8472145],[-39.8369342,-16.8489986],[-39.8416454,-16.8354472],[-39.8541394,-16.8448024],[-39.8677705,-16.8391827],[-39.8866526,-16.8469812],[-39.912449,-16.8756465],[-39.9305756,-16.8676354],[-39.9450199,-16.8467434],[-39.961583,-16.8561156]]]}},{"type":"Feature","properties":{"level":"municipio","municipality_code":"2918506","municipality_name":"Jussara","uf":"BA","state_code":"29","area_km2":1355.173},"geometry":{"type":"Polygon","coordinates":[[[-41.9262687,-11.1817121],[-41.9859646,-11.1432542],[-42.0162487,-11.1122657],[-42.0756111,-11.0297717],[-42.0888947,-10.9328926],[-41.8219723,-10.6976998],[-41.7690817,-10.7221523],[-41.7385957,-10.707938],[-41.7139222,-10.7415271],[-41.6952465,-10.79331],[-41.6627623,-10.8112018],[-41.6973693,-10.8632523],[-41.6983493,-10.895849],[-41.6719627,-10.8691208],[-41.652988,-10.8855822],[-41.6448726,-10.9126108],[-41.6621664,-10.9129597],[-41.7129852,-10.9376484],[-41.753103,-10.9400331],[-41.8135276,-11.0202723],[-41.8560275,-11.1158578],[-41.8983621,-11.1285394],[-41.9262687,-11.1817121]]]}},{"type":"Feature","properties":{"level":"municipio","municipality_code":"2918555","municipality_name":"Jussari","uf":"BA","state_code":"29","area_km2":329.19},"geometry":{"type":"Polygon","coordinates":[[[-39.4472543,-15.0348172],[-39.418926,-15.0119284],[-39.4114583,-15.0217084],[-39.4167952,-15.026561],[-39.4050759,-15.0360056],[-39.4095392,-15.0451435],[-39.4032298,-15.051149],[-39.408657,-15.0630354],[-39.3917629,-15.0792095],[-39.4030974,-15.0966095],[-39.4032978,-15.1296859],[-39.430622,-15.1603618],[-39.4414955,-15.1592288],[-39.4501654,-15.1438594],[-39.4600961,-15.1548663],[-39.4537763,-15.1728859],[-39.4601457,-15.2056865],[-39.4747811,-15.2127088],[-39.4811431,-15.2061607],[-39.489571,-15.2463855],[-39.5436713,-15.2417162],[-39.5567608,-15.2315948],[-39.5544046,-15.2216311],[-39.5711677,-15.2316845],[-39.5724308,-15.281606],[-39.5787562,-15.2875866],[-39.5933684,-15.2738852],[-39.59272,-15.2411524],[-39.5668954,-15.1926923],[-39.5741884,-15.1730012],[-39.568076,-15.1481411],[-39.5843229,-15.1445051],[-39.5870685,-15.1339845],[-39.5658904,-15.0884505],[-39.5703037,-15.0482142],[-39.5592237,-15.0508391],[-39.5531405,-15.0787025],[-39.5352537,-15.0573856],[-39.5198572,-15.0759714],[-39.4661303,-15.0379942],[-39.4472543,-15.0348172]]]}},{"type":"Feature","properties":{"level":"municipio","municipality_code":"2918605","municipality_name":"Jussiape","uf":"BA","state_code":"29","area_km2":589.763},"geometry":{"type":"Polygon","coordinates":[[[-41.6190611,-13.5436746],[-41.6467458,-13.5722012],[-41.6683228,-13.5292742],[-41.6960343,-13.5217376],[-41.6977023,-13.4785777],[-41.7133199,-13.4578776],[-41.744486,-13.4394971],[-41.7629352,-13.4428022],[-41.7724194,-13.4319318],[-41.7713232,-13.4189071],[-41.7526838,-13.4117841],[-41.7560621,-13.3941549],[-41.7423648,-13.3669116],[-41.7464228,-13.3246863],[-41.724902,-13.357048],[-41.7134834,-13.3522529],[-41.7076694,-13.3698562],[-41.6948204,-13.3694722],[-41.6718776,-13.3529944],[-41.6681027,-13.3603307],[-41.676765,-13.3651743],[-41.6642399,-13.3696626],[-41.6172217,-13.4268725],[-41.5522136,-13.4092783],[-41.5311212,-13.4445012],[-41.5114426,-13.4468783],[-41.5028585,-13.4666283],[-41.5073121,-13.4773494],[-41.4991013,-13.4814879],[-41.5033788,-13.5149972],[-41.4872803,-13.5236911],[-41.4717542,-13.623182],[-41.4560654,-13.6291984],[-41.4438055,-13.661929],[-41.4318788,-13.6683556],[-41.4745234,-13.6603098],[-41.6080636,-13.6601781],[-41.6046431,-13.646508],[-41.6130186,-13.6423809],[-41.6045673,-13.6406114],[-41.6171307,-13.6249907],[-41.6038109,-13.6262951],[-41.605882,-13.6002602],[-41.6146946,-13.5944403],[-41.6075031,-13.5614162],[-41.6190611,-13.5436746]]]}},{"type":"Feature","properties":{"level":"municipio","municipality_code":"2918704","municipality_name":"Lafaiete Coutinho","uf":"BA","state_code":"29","area_km2":498.11},"geometry":{"type":"Polygon","coordinates":[[[-40.1589674,-13.6212438],[-40.1197207,-13.6680565],[-40.0968524,-13.6686827],[-40.0947798,-13.6843198],[-40.1339129,-13.6872844],[-40.140706,-13.6990153],[-40.1821658,-13.6855974],[-40.1903061,-13.6892474],[-40.1955836,-13.7101717],[-40.2386064,-13.7154092],[-40.2902931,-13.7007433],[-40.3041036,-13.7077639],[-40.3242972,-13.7011502],[-40.3385739,-13.7069751],[-40.3626638,-13.6962295],[-40.3742287,-13.7010031],[-40.3697725,-13.7097051],[-40.416942,-13.7094403],[-40.446691,-13.7281013],[-40.4673447,-13.7173223],[-40.4728218,-13.679413],[-40.4871294,-13.6766183],[-40.4997097,-13.652882],[-40.47651,-13.6421745],[-40.4507061,-13.6566371],[-40.4487892,-13.6325376],[-40.4247567,-13.6298013],[-40.4209437,-13.6168136],[-40.4378913,-13.6011763],[-40.439805,-13.5835394],[-40.4163873,-13.605422],[-40.3704555,-13.6127004],[-40.2755447,-13.5558456],[-40.262242,-13.5441048],[-40.2636963,-13.5313442],[-40.2535598,-13.518043],[-40.2174095,-13.5426878],[-40.201443,-13.5345904],[-40.1905833,-13.5384699],[-40.1589674,-13.6212438]]]}},{"type":"Feature","properties":{"level":"municipio","municipality_code":"2918753","municipality_name":"Lagoa Real","uf":"BA","state_code":"29","area_km2":912.222},"geometry":{"type":"Polygon","coordinates":[[[-42.13099,-13.9897014],[-42.1068215,-14.0166185],[-42.0963786,-14.0476356],[-42.0159925,-14.1188625],[-41.9942865,-14.1672775],[-42.1105391,-14.1604202],[-42.1215003,-14.166881],[-42.1446532,-14.1598195],[-42.1852907,-14.1726522],[-42.2238337,-14.1712295],[-42.2222014,-14.1936152],[-42.2360522,-14.200905],[-42.285343,-14.1764492],[-42.2950742,-14.1894665],[-42.3031731,-14.174722],[-42.3178385,-14.1804176],[-42.3257355,-14.1707383],[-42.3471635,-14.1954609],[-42.352408,-14.0954145],[-42.3763148,-13.990011],[-42.3607838,-13.9782889],[-42.3666512,-13.9444128],[-42.348551,-13.930064],[-42.3592526,-13.9102522],[-42.2780442,-13.8958063],[-42.2717723,-13.8883074],[-42.2222289,-13.9091956],[-42.182235,-13.8686117],[-42.1519367,-13.8607006],[-42.1520824,-13.9275084],[-42.1336965,-13.9591955],[-42.13099,-13.9897014]]]}},{"type":"Feature","properties":{"level":"municipio","municipality_code":"2918803","municipality_name":"Laje","uf":"BA","state_code":"29","area_km2":449.834},"geometry":{"type":"Polygon","coordinates":[[[-39.3774606,-13.2359201],[-39.3979308,-13.2396398],[-39.4039855,-13.2283883],[-39.4124463,-13.2299282],[-39.4097238,-13.2378051],[-39.4167754,-13.2427026],[-39.4385378,-13.2369875],[-39.4445964,-13.2246768],[-39.4367736,-13.2061535],[-39.446326,-13.1865639],[-39.4605503,-13.1894097],[-39.466756,-13.1999454],[-39.4872932,-13.172651],[-39.5087883,-13.1843262],[-39.5115237,-13.1777624],[-39.5247943,-13.1820813],[-39.5310163,-13.1716048],[-39.5386497,-13.1759907],[-39.5413045,-13.1583445],[-39.5494169,-13.1542377],[-39.5385392,-13.1236783],[-39.4942915,-13.1114267],[-39.4697551,-13.1238398],[-39.4350461,-13.1108557],[-39.4302137,-13.1174966],[-39.374615,-13.1109005],[-39.3643514,-13.1007931],[-39.3221574,-13.0939396],[-39.3140378,-13.0836802],[-39.2581987,-13.0684818],[-39.2468572,-13.0949567],[-39.2344643,-13.0978312],[-39.2199836,-13.0833333],[-39.2013152,-13.0780757],[-39.1893748,-13.1091118],[-39.1767478,-13.1053391],[-39.1693473,-13.0825748],[-39.1587273,-13.0960605],[-39.1352594,-13.0908309],[-39.1230432,-13.1008364],[-39.1229861,-13.1084856],[-39.1799547,-13.1173223],[-39.2142113,-13.1072714],[-39.248314,-13.1334245],[-39.2906033,-13.1379239],[-39.3024104,-13.1603724],[-39.311582,-13.16248],[-39.2940604,-13.1677116],[-39.2799729,-13.1882122],[-39.2757855,-13.1803941],[-39.2526113,-13.1864936],[-39.2548669,-13.2029948],[-39.2454703,-13.1957267],[-39.2334912,-13.2082464],[-39.203567,-13.1969724],[-39.1720654,-13.2317063],[-39.182973,-13.2406315],[-39.1932349,-13.2386319],[-39.2030157,-13.2222112],[-39.2156243,-13.2324877],[-39.2202069,-13.2650467],[-39.2084808,-13.271163],[-39.2042843,-13.2857166],[-39.2103988,-13.2954242],[-39.2179247,-13.286605],[-39.2318963,-13.2918979],[-39.2429347,-13.2688411],[-39.2684318,-13.2642111],[-39.2840809,-13.2420238],[-39.2898913,-13.2473506],[-39.2983492,-13.2176146],[-39.3154276,-13.2060813],[-39.337731,-13.1996717],[-39.3344773,-13.2180747],[-39.3484678,-13.2526112],[-39.3774606,-13.2359201]]]}},{"type":"Feature","properties":{"level":"municipio","municipality_code":"2919009","municipality_name":"Lajedinho","uf":"BA","state_code":"29","area_km2":846.728},"geometry":{"type":"Polygon","coordinates":[[[-40.8350723,-12.2994009],[-40.7776751,-12.3827079],[-40.764593,-12.3792569],[-40.6864877,-12.4485225],[-40.7137286,-12.4448555],[-40.959156,-12.4698341],[-40.9948975,-12.4588816],[-41.0528959,-12.4756892],[-41.0845197,-12.4653849],[-41.2067774,-12.504458],[-41.2041951,-12.4943781],[-41.1958312,-12.4928442],[-41.204594,-12.4768594],[-41.1651258,-12.4476066],[-41.1660645,-12.4242768],[-41.1592257,-12.4219835],[-41.1675906,-12.4179304],[-41.1474124,-12.4060904],[-41.1547976,-12.4002055],[-41.1442739,-12.3943459],[-41.158603,-12.3860004],[-41.0627597,-12.2849377],[-41.061353,-12.2653157],[-40.8759445,-12.2651575],[-40.8350723,-12.2994009]]]}},{"type":"Feature","properties":{"level":"municipio","municipality_code":"2919058","municipality_name":"Lajedo do Tabocal","uf":"BA","state_code":"29","area_km2":382.936},"geometry":{"type":"Polygon","coordinates":[[[-40.3291668,-13.4855341],[-40.2871604,-13.3788885],[-40.2900028,-13.3562583],[-40.2777059,-13.3450472],[-40.286719,-13.3320088],[-40.2855405,-13.3156552],[-40.2651127,-13.2852848],[-40.2426436,-13.2869406],[-40.2243452,-13.3139542],[-40.2060905,-13.3120064],[-40.1768927,-13.3342246],[-40.1506352,-13.3372309],[-40.1821469,-13.3515304],[-40.1776679,-13.3648285],[-40.2154814,-13.3586974],[-40.2010864,-13.3850772],[-40.223937,-13.3806236],[-40.2263274,-13.3873364],[-40.2311929,-13.4142568],[-40.215753,-13.4303909],[-40.207934,-13.4738634],[-40.197767,-13.4885915],[-40.1987891,-13.4991182],[-40.215236,-13.5032299],[-40.2113241,-13.5227533],[-40.2349174,-13.534144],[-40.2543094,-13.5181858],[-40.2636963,-13.5313442],[-40.262242,-13.5441048],[-40.2755447,-13.5558456],[-40.3704555,-13.6127004],[-40.3952982,-13.6124123],[-40.4283616,-13.5994859],[-40.439789,-13.5834893],[-40.4239637,-13.5891909],[-40.4029208,-13.574016],[-40.3592099,-13.5081633],[-40.3291668,-13.4855341]]]}},{"type":"Feature","properties":{"level":"municipio","municipality_code":"2918902","municipality_name":"Lajedão","uf":"BA","state_code":"29","area_km2":624.353},"geometry":{"type":"Polygon","coordinates":[[[-40.3218249,-17.6437083],[-40.3501217,-17.6126609],[-40.3546581,-17.6442723],[-40.3719625,-17.612458],[-40.3968117,-17.6256053],[-40.4182146,-17.5990974],[-40.4106843,-17.5682273],[-40.4320799,-17.5675634],[-40.4451001,-17.5787677],[-40.4604149,-17.5685022],[-40.4890624,-17.5197897],[-40.4830001,-17.488513],[-40.463315,-17.4994383],[-40.4395566,-17.4836068],[-40.426545,-17.488277],[-40.4140527,-17.4651578],[-40.395799,-17.4616568],[-40.3915344,-17.453333],[-40.3547664,-17.4518228],[-40.3396473,-17.4061875],[-40.3271397,-17.395638],[-40.3134661,-17.4155052],[-40.2675457,-17.4159828],[-40.2569077,-17.4091227],[-40.2382204,-17.5462033],[-40.2160943,-17.5607014],[-40.189247,-17.564315],[-40.1600863,-17.5843399],[-40.1226221,-17.6237052],[-40.1204904,-17.64052],[-40.1441384,-17.6331497],[-40.1442183,-17.6225066],[-40.2004172,-17.636187],[-40.2147793,-17.6530214],[-40.2238418,-17.6825904],[-40.2173077,-17.7159204],[-40.240172,-17.7349306],[-40.2559053,-17.7195462],[-40.2703222,-17.7270585],[-40.2803619,-17.7227866],[-40.2862421,-17.7007226],[-40.2981106,-17.6962598],[-40.2990206,-17.6745676],[-40.3228247,-17.6613147],[-40.3218249,-17.6437083]]]}},{"type":"Feature","properties":{"level":"municipio","municipality_code":"2919108","municipality_name":"Lamarão","uf":"BA","state_code":"29","area_km2":189.259},"geometry":{"type":"Polygon","coordinates":[[[-38.9340873,-11.8416483],[-38.9503322,-11.8253019],[-38.9685698,-11.8255468],[-38.9780371,-11.8156632],[-38.9859647,-11.7532337],[-38.9672453,-11.7570771],[-38.9647405,-11.7465482],[-38.9354872,-11.7404183],[-38.9302984,-11.7277843],[-38.8979958,-11.7223887],[-38.8901701,-11.6965661],[-38.8723488,-11.6988927],[-38.8733853,-11.7138995],[-38.8413212,-11.7402936],[-38.8341101,-11.7746387],[-38.8502061,-11.7959867],[-38.8678132,-11.8051366],[-38.9148844,-11.8995489],[-38.9340873,-11.8416483]]]}},{"type":"Feature","properties":{"level":"municipio","municipality_code":"2919157","municipality_name":"Lapão","uf":"BA","state_code":"29","area_km2":642.882},"geometry":{"type":"Polygon","coordinates":[[[-41.6936356,-11.4787109],[-41.6225334,-11.5576485],[-41.6233974,-11.611299],[-41.6692638,-11.6159727],[-41.6708706,-11.6263918],[-41.6795928,-11.6227765],[-41.6920739,-11.6307181],[-41.6875752,-11.6366559],[-41.6986577,-11.6346144],[-41.6990682,-11.6463823],[-41.7059956,-11.6401884],[-41.7124951,-11.6481126],[-41.7194596,-11.6444422],[-41.7274329,-11.654859],[-41.7343031,-11.6518667],[-41.7392935,-11.6656115],[-41.767179,-11.6714611],[-41.7640757,-11.679785],[-41.7714366,-11.678124],[-41.7720616,-11.6814307],[-41.7724702,-11.6818766],[-41.7729307,-11.6821902],[-41.7734722,-11.6824505],[-41.774012,-11.6826305],[-41.7746052,-11.6826781],[-41.7750628,-11.6826736],[-41.7754928,-11.68259],[-41.771382,-11.6643002],[-41.7872057,-11.6246102],[-41.8728149,-11.4925547],[-41.921672,-11.4484609],[-41.9415198,-11.4152961],[-41.942616,-11.3812481],[-41.8826993,-11.3725173],[-41.8779916,-11.3617251],[-41.7725442,-11.3647248],[-41.784152,-11.3845307],[-41.7464711,-11.3921411],[-41.7515209,-11.4139185],[-41.7002139,-11.4112431],[-41.6936356,-11.4787109]]]}},{"type":"Feature","properties":{"level":"municipio","municipality_code":"2919207","municipality_name":"Lauro de Freitas","uf":"BA","state_code":"29","area_km2":57.942},"geometry":{"type":"Polygon","coordinates":[[[-38.3270883,-12.897928],[-38.3409604,-12.9069068],[-38.354863,-12.8946656],[-38.3534466,-12.8391472],[-38.3727891,-12.8183593],[-38.3458099,-12.8092593],[-38.3322782,-12.8123256],[-38.3266532,-12.8359089],[-38.3123889,-12.8401164],[-38.3057823,-12.8573549],[-38.2891395,-12.8557274],[-38.2909601,-12.870292],[-38.2753098,-12.8747023],[-38.3043327,-12.9108729],[-38.3061418,-12.9038635],[-38.3270883,-12.897928]]]}},{"type":"Feature","properties":{"level":"municipio","municipality_code":"2919306","municipality_name":"Lençóis","uf":"BA","state_code":"29","area_km2":1282.98},"geometry":{"type":"Polygon","coordinates":[[[-41.2353129,-12.2642457],[-41.2226281,-12.2827752],[-41.1995446,-12.3591715],[-41.1779853,-12.371931],[-41.1810564,-12.3866728],[-41.158603,-12.3860004],[-41.1442739,-12.3943459],[-41.1547976,-12.4002055],[-41.1476962,-12.4065012],[-41.1675906,-12.4179304],[-41.1592257,-12.4219835],[-41.1660645,-12.4242768],[-41.1649504,-12.4473044],[-41.204594,-12.4768594],[-41.1958312,-12.4928442],[-41.2142509,-12.5114008],[-41.2081684,-12.5175507],[-41.2158251,-12.5296676],[-41.2780751,-12.558626],[-41.3048478,-12.549987],[-41.345376,-12.5661321],[-41.3237512,-12.6698955],[-41.3405102,-12.6778763],[-41.3362039,-12.6955987],[-41.3419435,-12.7065907],[-41.3547651,-12.699364],[-41.3667136,-12.706772],[-41.3778062,-12.7015566],[-41.4357424,-12.7114462],[-41.4520337,-12.6741171],[-41.4792737,-12.6507295],[-41.4778374,-12.6403211],[-41.444426,-12.6227608],[-41.4571485,-12.6071861],[-41.455813,-12.5974462],[-41.4705861,-12.5855506],[-41.4787458,-12.5492374],[-41.468374,-12.5354911],[-41.4876849,-12.5065036],[-41.4836913,-12.4860167],[-41.4420237,-12.4665762],[-41.4571835,-12.4551158],[-41.4579394,-12.445471],[-41.44182,-12.4354746],[-41.4458147,-12.4197444],[-41.4247368,-12.3844173],[-41.4325459,-12.3617899],[-41.4436496,-12.3558786],[-41.4250955,-12.3431855],[-41.438708,-12.3249745],[-41.4347216,-12.3133499],[-41.4434698,-12.3085859],[-41.4351717,-12.2655492],[-41.4153741,-12.2544364],[-41.4174348,-12.2278273],[-41.4037843,-12.217797],[-41.4001688,-12.2000178],[-41.3548676,-12.1683991],[-41.27507,-12.1487225],[-41.2353129,-12.2642457]]]}},{"type":"Feature","properties":{"level":"municipio","municipality_code":"2919405","municipality_name":"Licínio de Almeida","uf":"BA","state_code":"29","area_km2":856.626},"geometry":{"type":"Polygon","coordinates":[[[-42.462759,-14.4215285],[-42.4482945,-14.4171741],[-42.3925745,-14.4263184],[-42.3752622,-14.4561872],[-42.351877,-14.4688946],[-42.3569665,-14.4801864],[-42.3418415,-14.5025719],[-42.3475522,-14.5166583],[-42.3239386,-14.5496002],[-42.3427494,-14.5535433],[-42.3427792,-14.5640427],[-42.3527313,-14.5640427],[-42.3565527,-14.5744742],[-42.3321035,-14.5929588],[-42.3308585,-14.6071559],[-42.3372554,-14.619506],[-42.3634352,-14.6338982],[-42.3772226,-14.6619864],[-42.3801861,-14.7115604],[-42.4172026,-14.7233654],[-42.4219452,-14.7495737],[-42.4370791,-14.760613],[-42.4549713,-14.7575136],[-42.4639109,-14.7419908],[-42.490167,-14.7384443],[-42.4919248,-14.7502995],[-42.5294497,-14.7659342],[-42.5351159,-14.7882213],[-42.5293248,-14.8063367],[-42.5500457,-14.8267024],[-42.5681324,-14.8153038],[-42.575321,-14.7892847],[-42.5706134,-14.7714085],[-42.5819689,-14.7694682],[-42.5523292,-14.6163854],[-42.5759569,-14.6072481],[-42.5833323,-14.5896688],[-42.5830618,-14.5518439],[-42.5646653,-14.5433441],[-42.5572795,-14.5256203],[-42.5731399,-14.5090962],[-42.586709,-14.5083839],[-42.5796177,-14.4906789],[-42.5853365,-14.4703319],[-42.5787971,-14.4504532],[-42.5564093,-14.4481821],[-42.5452182,-14.4251012],[-42.5471455,-14.4085401],[-42.5164704,-14.4118517],[-42.5016214,-14.3996959],[-42.4663676,-14.405744],[-42.462759,-14.4215285]]]}},{"type":"Feature","properties":{"level":"municipio","municipality_code":"2919504","municipality_name":"Livramento de Nossa Senhora","uf":"BA","state_code":"29","area_km2":1952.51},"geometry":{"type":"Polygon","coordinates":[[[-41.8641683,-13.8262205],[-41.8506959,-13.8268871],[-41.8568486,-13.8443278],[-41.8435395,-13.8687173],[-41.8361155,-13.8737855],[-41.8324591,-13.8617663],[-41.8115476,-13.8704229],[-41.8226808,-13.884888],[-41.8159406,-13.8928626],[-41.8239527,-13.9031093],[-41.7998281,-13.9252843],[-41.7681541,-13.9828503],[-41.7840505,-13.9933653],[-41.8060581,-13.9870391],[-41.8004516,-13.9781483],[-41.807339,-13.9739879],[-41.8361245,-13.973964],[-41.84571,-13.9855412],[-41.8405876,-14.0042734],[-41.8618734,-14.005132],[-41.8801817,-14.027436],[-41.8805482,-14.0390763],[-41.8940957,-14.0312719],[-41.901067,-14.0545461],[-41.9751976,-14.0566027],[-41.9813899,-14.071052],[-41.9970298,-14.0738059],[-42.0151961,-14.0703932],[-42.0254919,-14.058275],[-42.0406761,-14.0639608],[-42.0547502,-14.0522955],[-42.0635441,-14.059728],[-42.0731827,-14.0514909],[-42.0869901,-14.0568576],[-42.0963786,-14.0476356],[-42.1068215,-14.0166185],[-42.1308754,-13.9901174],[-42.1336965,-13.9591955],[-42.1520824,-13.9275084],[-42.1472397,-13.8774193],[-42.1556399,-13.8556359],[-42.1743725,-13.8452291],[-42.1896772,-13.8542634],[-42.2104988,-13.8526021],[-42.2369031,-13.830766],[-42.2467139,-13.8038357],[-42.2716925,-13.8052755],[-42.2855181,-13.7855455],[-42.3388258,-13.7690673],[-42.2212559,-13.7000053],[-42.1847229,-13.6951294],[-42.1688954,-13.7174741],[-42.1527341,-13.7253834],[-42.1303614,-13.7154446],[-42.1149673,-13.7251143],[-42.0580721,-13.7088803],[-42.0510749,-13.6426932],[-42.0229712,-13.6345454],[-42.027313,-13.6298271],[-42.0156997,-13.6201345],[-42.022185,-13.5632252],[-42.0077566,-13.5652319],[-42.000454,-13.5396671],[-41.9882465,-13.5473715],[-41.964709,-13.526876],[-41.9281373,-13.5532102],[-41.9128282,-13.5469549],[-41.8751853,-13.5606797],[-41.8500911,-13.5796112],[-41.8367781,-13.6015764],[-41.8092846,-13.6124894],[-41.7994456,-13.6351505],[-41.7845057,-13.637428],[-41.7607915,-13.6618477],[-41.7494224,-13.6612658],[-41.7500826,-13.6994768],[-41.7763051,-13.7237302],[-41.7904491,-13.7508492],[-41.78479,-13.7601943],[-41.8098911,-13.7561399],[-41.8181688,-13.7614702],[-41.8237562,-13.7548965],[-41.8402592,-13.7603944],[-41.8439955,-13.7970005],[-41.8641683,-13.8262205]]]}},{"type":"Feature","properties":{"level":"municipio","municipality_code":"2919553","municipality_name":"Luís Eduardo Magalhães","uf":"BA","state_code":"29","area_km2":4033.04},"geometry":{"type":"Polygon","coordinates":[[[-46.370975,-12.0999791],[-46.3986074,-12.091307],[-46.3826408,-12.0839535],[-46.385551,-12.0615016],[-46.3960143,-12.0615752],[-46.3849453,-12.0538232],[-46.3889391,-12.0488341],[-46.1480093,-12.0333109],[-46.1440651,-12.0127258],[-46.0999496,-11.995329],[-45.9908261,-11.9189323],[-45.9454923,-11.8644],[-45.9276476,-11.8759158],[-45.8465393,-11.8775449],[-45.819098,-11.8877878],[-45.7944823,-11.868817],[-45.7664772,-11.868717],[-45.7271539,-11.880194],[-45.7138381,-11.8932614],[-45.6610044,-11.9143554],[-45.7647529,-12.4113447],[-45.8689595,-12.4277233],[-45.908012,-12.459764],[-45.9268088,-12.4597448],[-46.1131003,-12.5311259],[-46.1420294,-12.5311259],[-46.1537866,-12.4994992],[-46.1622154,-12.495718],[-46.1967611,-12.5044751],[-46.2142084,-12.4983377],[-46.2508606,-12.502217],[-46.2526963,-12.5093635],[-46.2726245,-12.5145984],[-46.2615424,-12.4967475],[-46.2609987,-12.4738502],[-46.2725634,-12.4727146],[-46.2638259,-12.4602543],[-46.2802743,-12.4597191],[-46.281544,-12.4412926],[-46.2698581,-12.4305116],[-46.2773705,-12.4297666],[-46.2820954,-12.4159878],[-46.2853454,-12.4321699],[-46.2904543,-12.416632],[-46.2966586,-12.4228276],[-46.304953,-12.416946],[-46.2986004,-12.4304464],[-46.3100667,-12.4296701],[-46.2999766,-12.4380848],[-46.3127071,-12.4483429],[-46.3155489,-12.4634304],[-46.3259987,-12.4646561],[-46.3405437,-12.4522985],[-46.3298231,-12.4351477],[-46.3403618,-12.4144423],[-46.3273316,-12.4191311],[-46.3248555,-12.4075111],[-46.295754,-12.3883955],[-46.300084,-12.3769976],[-46.2898836,-12.376653],[-46.3133862,-12.357195],[-46.3630939,-12.3670816],[-46.3398231,-12.3514974],[-46.3773836,-12.3528798],[-46.3694455,-12.3374732],[-46.3563495,-12.332222],[-46.3544544,-12.306723],[-46.3445332,-12.3028201],[-46.3848433,-12.2967185],[-46.3857616,-12.2810697],[-46.3695687,-12.2674682],[-46.3880217,-12.2446074],[-46.3706748,-12.233822],[-46.3650056,-12.2170203],[-46.3834216,-12.2126031],[-46.3730731,-12.2035997],[-46.3774062,-12.1965471],[-46.4102142,-12.1986344],[-46.3810937,-12.1810752],[-46.4064905,-12.1570139],[-46.3886491,-12.1563416],[-46.3835523,-12.1347298],[-46.3715733,-12.1233366],[-46.370975,-12.0999791]]]}},{"type":"Feature","properties":{"level":"municipio","municipality_code":"2919603","municipality_name":"Macajuba","uf":"BA","state_code":"29","area_km2":701.171},"geometry":{"type":"Polygon","coordinates":[[[-40.3099941,-12.2043952],[-40.3413014,-12.1903675],[-40.3851509,-12.1913929],[-40.3936901,-12.1717711],[-40.4059457,-12.1789958],[-40.4002064,-12.1563181],[-40.4261294,-12.1461441],[-40.4270553,-12.1255336],[-40.443961,-12.1317058],[-40.4549461,-12.1272826],[-40.4582359,-12.1133401],[-40.4439519,-12.0942537],[-40.4466159,-12.0815684],[-40.4565091,-12.0799663],[-40.4538642,-12.0693763],[-40.4637577,-12.0682622],[-40.4652953,-12.0457375],[-40.4547887,-12.0379207],[-40.3853036,-12.0282544],[-40.333506,-11.9768376],[-40.3273414,-11.9939347],[-40.2801211,-12.0347917],[-40.2736547,-12.0542791],[-40.2606492,-12.0627304],[-40.2518362,-12.0580872],[-40.2413459,-12.0739028],[-40.230351,-12.0746668],[-40.2320668,-12.0870424],[-40.2234034,-12.0969946],[-40.1483473,-12.0953635],[-40.1443024,-12.1019433],[-40.0702581,-12.1040981],[-40.0452686,-12.1333617],[-40.0328361,-12.1703959],[-40.0452895,-12.1805194],[-40.0479665,-12.1942556],[-40.0689465,-12.1987774],[-40.0741938,-12.1927966],[-40.1443507,-12.2513058],[-40.1565313,-12.2484962],[-40.1569691,-12.2362964],[-40.1719452,-12.2193135],[-40.1855789,-12.2331553],[-40.1940588,-12.2319088],[-40.2042169,-12.2140079],[-40.2258618,-12.2238922],[-40.2596577,-12.2165246],[-40.2722468,-12.2264172],[-40.2852984,-12.2161565],[-40.3036291,-12.2201289],[-40.3116077,-12.2153552],[-40.3099941,-12.2043952]]]}},{"type":"Feature","properties":{"level":"municipio","municipality_code":"2919702","municipality_name":"Macarani","uf":"BA","state_code":"29","area_km2":1210.106},"geometry":{"type":"Polygon","coordinates":[[[-40.2983743,-15.5802555],[-40.2970074,-15.6031708],[-40.3169186,-15.6144359],[-40.3226698,-15.5828225],[-40.3497236,-15.5743471],[-40.3472148,-15.6051685],[-40.3326389,-15.6311451],[-40.3455744,-15.6527047],[-40.3588986,-15.6594034],[-40.3453518,-15.6755546],[-40.3538126,-15.7014421],[-40.3786716,-15.7133355],[-40.3554744,-15.7558378],[-40.400326,-15.7635174],[-40.41696,-15.7763232],[-40.4356083,-15.7557071],[-40.4500338,-15.7615733],[-40.4614286,-15.7532317],[-40.4809394,-15.7751886],[-40.4946628,-15.7658791],[-40.5095395,-15.7683813],[-40.5191367,-15.780877],[-40.5182812,-15.7975104],[-40.5398103,-15.7947951],[-40.5634726,-15.8029042],[-40.5731273,-15.7880744],[-40.5674174,-15.7759231],[-40.5930999,-15.7717467],[-40.592614,-15.7623164],[-40.6039498,-15.7592933],[-40.5998162,-15.7471891],[-40.6066016,-15.7367564],[-40.6293887,-15.7157127],[-40.6375175,-15.7302839],[-40.6449466,-15.7288594],[-40.6611991,-15.7071257],[-40.6823087,-15.6990212],[-40.7005752,-15.667309],[-40.6656033,-15.6767379],[-40.6469812,-15.7095249],[-40.6351706,-15.695262],[-40.5885927,-15.6960891],[-40.5815447,-15.7083655],[-40.5568904,-15.6907345],[-40.5126978,-15.6804875],[-40.4942854,-15.6550173],[-40.4934758,-15.6249342],[-40.4808711,-15.6075651],[-40.500674,-15.415933],[-40.4706515,-15.3008725],[-40.439836,-15.3077578],[-40.4289891,-15.3197954],[-40.3817212,-15.2740407],[-40.3628464,-15.283448],[-40.370251,-15.3106403],[-40.3788511,-15.3153454],[-40.3727988,-15.3212221],[-40.3533458,-15.3152401],[-40.3488149,-15.327883],[-40.3610264,-15.3515865],[-40.3404557,-15.3623243],[-40.3495655,-15.3798233],[-40.3152467,-15.4026048],[-40.3156975,-15.4257394],[-40.298425,-15.4251788],[-40.2921576,-15.4115157],[-40.2586595,-15.4154327],[-40.2533369,-15.4013414],[-40.2445573,-15.4134967],[-40.2293895,-15.4125417],[-40.2081066,-15.4278823],[-40.1771836,-15.4028188],[-40.1714439,-15.3849697],[-40.1640162,-15.3836072],[-40.1579024,-15.395901],[-40.1768255,-15.4175975],[-40.1776286,-15.4306342],[-40.1927657,-15.4329958],[-40.1986833,-15.4424062],[-40.1846863,-15.4790872],[-40.1355515,-15.5127146],[-40.1376338,-15.517855],[-40.1473701,-15.5113343],[-40.1480794,-15.5210903],[-40.1652542,-15.528559],[-40.1713495,-15.5445053],[-40.1864932,-15.5480219],[-40.1935752,-15.5378806],[-40.2017576,-15.5439846],[-40.2344763,-15.5260232],[-40.2504428,-15.4832085],[-40.2659646,-15.47721],[-40.271771,-15.5567999],[-40.2846817,-15.5968952],[-40.2983743,-15.5802555]]]}},{"type":"Feature","properties":{"level":"municipio","municipality_code":"2919801","municipality_name":"Macaúbas","uf":"BA","state_code":"29","area_km2":2459.102},"geometry":{"type":"Polygon","coordinates":[[[-42.6764748,-13.3776594],[-42.6258582,-13.4047712],[-42.680407,-13.4786035],[-42.686231,-13.4624906],[-42.6989677,-13.4591278],[-42.6959307,-13.4510726],[-42.7205071,-13.4330971],[-42.7162342,-13.4162867],[-42.729565,-13.4249426],[-42.7483273,-13.4176995],[-42.7399646,-13.4136135],[-42.7435292,-13.4057234],[-42.7683326,-13.4048001],[-42.7826315,-13.3805279],[-42.7812323,-13.3643911],[-42.9141483,-13.2929817],[-42.9149609,-13.2592461],[-42.9232267,-13.2464971],[-42.914972,-13.2043077],[-42.9229556,-13.1834365],[-42.9070177,-13.179281],[-42.9035587,-13.159324],[-42.9096658,-13.139115],[-42.9260191,-13.1293185],[-42.9374118,-13.0945581],[-42.9329141,-13.0817849],[-42.9750881,-13.0257981],[-42.9789862,-12.9620536],[-42.9371364,-12.9311923],[-42.8824247,-12.9305488],[-42.8619904,-12.9438691],[-42.8431118,-12.9360349],[-42.8260651,-12.9494622],[-42.7823858,-12.9119673],[-42.7204045,-12.885297],[-42.6804915,-12.9002706],[-42.4933675,-12.8688628],[-42.4915122,-12.8967621],[-42.4610823,-12.9143483],[-42.4581318,-12.9263095],[-42.44843,-12.926974],[-42.4559522,-12.947441],[-42.4408811,-12.9476005],[-42.4183674,-12.9683067],[-42.4133969,-12.982288],[-42.4220355,-12.9879497],[-42.4140879,-13.0259066],[-42.3937804,-13.0333226],[-42.3693753,-13.0622255],[-42.3877527,-13.075394],[-42.3901264,-13.1060503],[-42.4032125,-13.1230874],[-42.400777,-13.1363697],[-42.4323323,-13.1413094],[-42.4331137,-13.168237],[-42.4444847,-13.1845938],[-42.5022516,-13.1828406],[-42.5226626,-13.2205321],[-42.6101218,-13.2286184],[-42.6078458,-13.2466163],[-42.6823621,-13.2692083],[-42.6799898,-13.3255561],[-42.6531534,-13.3346008],[-42.6764748,-13.3776594]]]}},{"type":"Feature","properties":{"level":"municipio","municipality_code":"2919900","municipality_name":"Macururé","uf":"BA","state_code":"29","area_km2":2545.856},"geometry":{"type":"Polygon","coordinates":[[[-38.9652883,-9.6391201],[-39.1100528,-9.6256943],[-39.1173278,-9.6457453],[-39.1440606,-9.6532709],[-39.1704404,-9.6392486],[-39.1466877,-9.6278704],[-39.1400836,-9.6015583],[-39.0922508,-9.5942109],[-39.0708845,-9.5637413],[-39.0608513,-9.5621332],[-39.0511596,-9.5712095],[-39.0355485,-9.5620264],[-39.027541,-9.5693371],[-39.0000022,-9.5679415],[-38.9841894,-9.5312983],[-38.9805504,-9.495864],[-38.9712137,-9.4945591],[-38.9570521,-9.463588],[-38.954669,-9.4492832],[-38.9699336,-9.4323473],[-38.9700377,-9.4184299],[-38.9851689,-9.404442],[-39.0000022,-9.3680448],[-39.0279676,-9.3461919],[-39.0535871,-9.280746],[-39.06323,-9.2328214],[-39.0793278,-9.2254999],[-39.0804343,-9.1871878],[-39.0664578,-9.1716757],[-39.0721749,-9.1622796],[-39.0653678,-9.1295966],[-39.0747077,-9.095173],[-39.1000545,-9.0798908],[-39.1109286,-9.0607908],[-39.0964995,-9.0165409],[-38.9822019,-8.8703946],[-38.6835449,-9.2161136],[-38.6748362,-9.2938763],[-38.6472969,-9.3239142],[-38.654957,-9.3377675],[-38.682793,-9.3547958],[-38.7069825,-9.3890124],[-38.6971117,-9.3947381],[-38.6982422,-9.408508],[-38.6833677,-9.4348952],[-38.7150753,-9.4562391],[-38.7210031,-9.4808981],[-38.7852306,-9.5381257],[-38.7847894,-9.6468173],[-38.8126929,-9.6541734],[-38.8360429,-9.6368402],[-38.8611295,-9.6307324],[-38.9652883,-9.6391201]]]}},{"type":"Feature","properties":{"level":"municipio","municipality_code":"2919926","municipality_name":"Madre de Deus","uf":"BA","state_code":"29","area_km2":33.032},"geometry":{"type":"Polygon","coordinates":[[[-38.5996344,-12.735877],[-38.5879343,-12.7338821],[-38.5877444,-12.753975],[-38.6952139,-12.7541083],[-38.6872072,-12.7265381],[-38.6113115,-12.7263],[-38.5996344,-12.735877]]]}},{"type":"Feature","properties":{"level":"municipio","municipality_code":"2919959","municipality_name":"Maetinga","uf":"BA","state_code":"29","area_km2":614.834},"geometry":{"type":"Polygon","coordinates":[[[-41.5188475,-14.805268],[-41.5468981,-14.8140529],[-41.5527533,-14.7892768],[-41.5651432,-14.7859617],[-41.5850877,-14.728854],[-41.6100244,-14.6099123],[-41.6551846,-14.5780593],[-41.664773,-14.5449429],[-41.6525695,-14.5151149],[-41.6376248,-14.5091999],[-41.4344665,-14.5513505],[-41.4279711,-14.5658571],[-41.4472058,-14.5945828],[-41.4003839,-14.6398355],[-41.3997639,-14.6638558],[-41.3875886,-14.6844344],[-41.3982018,-14.7035966],[-41.3939979,-14.767488],[-41.409059,-14.7672188],[-41.420698,-14.7531785],[-41.462579,-14.7826534],[-41.4518581,-14.7887669],[-41.4523786,-14.8052631],[-41.4626567,-14.7945268],[-41.4750287,-14.7939452],[-41.5026994,-14.8234261],[-41.5107968,-14.8234632],[-41.5137625,-14.8109633],[-41.5210306,-14.8153908],[-41.5188475,-14.805268]]]}},{"type":"Feature","properties":{"level":"municipio","municipality_code":"2920007","municipality_name":"Maiquinique","uf":"BA","state_code":"29","area_km2":588.297},"geometry":{"type":"Polygon","coordinates":[[[-40.1746416,-15.6215356],[-40.1671608,-15.6425432],[-40.1846475,-15.6855394],[-40.1791606,-15.6973177],[-40.1884163,-15.7077559],[-40.1771897,-15.72603],[-40.1951085,-15.7273726],[-40.1987521,-15.7592789],[-40.2328822,-15.7563903],[-40.2421659,-15.7826357],[-40.2375823,-15.8050556],[-40.274711,-15.8180443],[-40.2826655,-15.807972],[-40.3361032,-15.8243299],[-40.3392245,-15.8167598],[-40.3567198,-15.8130148],[-40.3714943,-15.8143716],[-40.3768603,-15.8235226],[-40.3825018,-15.8144965],[-40.3922759,-15.8198751],[-40.4281657,-15.8017066],[-40.4324702,-15.7786532],[-40.4496357,-15.7577066],[-40.4356083,-15.7557071],[-40.41696,-15.7763232],[-40.400326,-15.7635174],[-40.3554744,-15.7558378],[-40.3786716,-15.7133355],[-40.3538126,-15.7014421],[-40.3453518,-15.6755546],[-40.3588986,-15.6594034],[-40.3455744,-15.6527047],[-40.3326389,-15.6311451],[-40.3472148,-15.6051685],[-40.3497236,-15.5743471],[-40.3226698,-15.5828225],[-40.3178051,-15.6141436],[-40.2970074,-15.6031708],[-40.3001224,-15.5805766],[-40.2846817,-15.5968952],[-40.271771,-15.5567999],[-40.2671206,-15.4778497],[-40.2504428,-15.4832085],[-40.2344763,-15.5260232],[-40.2017576,-15.5439846],[-40.1935752,-15.5378806],[-40.1864932,-15.5480219],[-40.1713495,-15.5445053],[-40.1652542,-15.528559],[-40.1480794,-15.5210903],[-40.1473701,-15.5113343],[-40.1397941,-15.5183971],[-40.1337471,-15.5142647],[-40.139194,-15.5378012],[-40.1339332,-15.5966343],[-40.1746416,-15.6215356]]]}},{"type":"Feature","properties":{"level":"municipio","municipality_code":"2920106","municipality_name":"Mairi","uf":"BA","state_code":"29","area_km2":906.68},"geometry":{"type":"Polygon","coordinates":[[[-40.1616425,-11.8491098],[-40.1958362,-11.8357118],[-40.1930612,-11.8280135],[-40.2968841,-11.809805],[-40.3144764,-11.8235395],[-40.3331349,-11.8196479],[-40.3411016,-11.8297103],[-40.3638195,-11.827895],[-40.3702584,-11.7554959],[-40.3571407,-11.7412084],[-40.3623084,-11.7004576],[-40.3534159,-11.6758406],[-40.3633295,-11.6699637],[-40.3706757,-11.6162347],[-40.3412365,-11.6024276],[-40.338307,-11.5875211],[-40.325969,-11.610931],[-40.267861,-11.6086965],[-40.2553598,-11.5965811],[-40.2431147,-11.6120727],[-40.2308391,-11.6052926],[-40.1772754,-11.642537],[-40.1375832,-11.6426785],[-40.0702813,-11.6629098],[-40.0387956,-11.6973892],[-39.9358849,-11.6973729],[-39.9197544,-11.6873853],[-39.9080292,-11.7070503],[-39.9085779,-11.7205959],[-39.9707858,-11.7554085],[-39.9984799,-11.7798445],[-39.9948137,-11.7999611],[-40.019212,-11.8062467],[-40.0240544,-11.8137967],[-40.0154903,-11.8323613],[-40.0385677,-11.8320878],[-40.0381649,-11.8501257],[-40.0588954,-11.8396153],[-40.0733456,-11.8474022],[-40.1213657,-11.8503781],[-40.1370176,-11.8399408],[-40.1616425,-11.8491098]]]}},{"type":"Feature","properties":{"level":"municipio","municipality_code":"2920205","municipality_name":"Malhada","uf":"BA","state_code":"29","area_km2":1971.632},"geometry":{"type":"Polygon","coordinates":[[[-43.7063634,-14.2299579],[-43.6572377,-14.0474539],[-43.6563078,-14.0097617],[-43.6252409,-13.9522682],[-43.6243865,-13.91992],[-43.613782,-13.8953741],[-43.6164988,-13.8413467],[-43.5870509,-13.8122143],[-43.5926129,-13.7632756],[-43.562463,-13.7423999],[-43.5483541,-13.7122176],[-43.5602707,-13.6614839],[-43.5567568,-13.644507],[-43.5185349,-13.5818552],[-43.4671355,-13.5671342],[-43.4454602,-13.5425326],[-43.4426181,-13.5593254],[-43.4761389,-13.6262342],[-43.4736917,-13.6427596],[-43.4824014,-13.6517222],[-43.4993336,-13.7333522],[-43.5156356,-13.7458683],[-43.5271323,-13.7695946],[-43.5376811,-13.7723739],[-43.5451933,-13.7939263],[-43.5167069,-13.7928774],[-43.5111546,-13.8153394],[-43.4801846,-13.8321001],[-43.4825058,-13.8504526],[-43.4725803,-13.85214],[-43.459648,-13.8720129],[-43.4394639,-13.8761722],[-43.4876633,-14.0906204],[-43.4563218,-14.1661182],[-43.4807162,-14.1764546],[-43.5698914,-14.1819116],[-43.5790841,-14.2374958],[-43.5753484,-14.2838557],[-43.596097,-14.2855344],[-43.7016616,-14.3565992],[-43.7198269,-14.4000092],[-43.6974163,-14.4222544],[-43.6724452,-14.49459],[-43.6631411,-14.5005799],[-43.6730909,-14.5437356],[-43.6519774,-14.5579989],[-43.6353765,-14.5552376],[-43.6313541,-14.5458653],[-43.6268972,-14.549775],[-43.6455643,-14.6214409],[-43.6588873,-14.6389128],[-43.6579013,-14.6746633],[-43.6753775,-14.6892998],[-43.6813069,-14.7085806],[-43.7113292,-14.7174541],[-43.7262579,-14.6981614],[-43.7555124,-14.7008351],[-43.7856622,-14.685719],[-43.859201,-14.6742988],[-43.873259,-14.6535913],[-43.8835076,-14.6532322],[-43.8771467,-14.6403283],[-43.8857866,-14.6354257],[-43.8746265,-14.6367654],[-43.8817542,-14.6294399],[-43.8700638,-14.6128276],[-43.8768924,-14.609214],[-43.8767315,-14.5908033],[-43.885402,-14.5978794],[-43.8872025,-14.5831372],[-43.8771736,-14.5633414],[-43.8738773,-14.5205836],[-43.8319646,-14.4430072],[-43.8193879,-14.3893051],[-43.7063634,-14.2299579]]]}},{"type":"Feature","properties":{"level":"municipio","municipality_code":"2920304","municipality_name":"Malhada de Pedras","uf":"BA","state_code":"29","area_km2":550.55},"geometry":{"type":"Polygon","coordinates":[[[-41.8226946,-14.4660251],[-41.9317621,-14.4193801],[-41.9529671,-14.3898793],[-41.9672997,-14.2927633],[-41.9805903,-14.2867477],[-41.9773676,-14.2703518],[-41.9860707,-14.2547597],[-41.9687228,-14.2500289],[-41.9685095,-14.2339799],[-41.9242449,-14.2277628],[-41.8003446,-14.2609749],[-41.7636812,-14.2558389],[-41.717818,-14.4249129],[-41.7208637,-14.4463756],[-41.6967506,-14.4571408],[-41.6937242,-14.476097],[-41.8226946,-14.4660251]]]}},{"type":"Feature","properties":{"level":"municipio","municipality_code":"2920403","municipality_name":"Manoel Vitorino","uf":"BA","state_code":"29","area_km2":2201.764},"geometry":{"type":"Polygon","coordinates":[[[-40.2101938,-14.2445175],[-40.3286677,-14.2828433],[-40.35259,-14.2740379],[-40.3545429,-14.2902971],[-40.3702934,-14.2939312],[-40.3569926,-14.3104859],[-40.3802227,-14.2999565],[-40.3793585,-14.2670379],[-40.4181841,-14.272178],[-40.4540703,-14.257004],[-40.4655112,-14.2657174],[-40.4732806,-14.2538241],[-40.4704784,-14.2358873],[-40.4921903,-14.2255753],[-40.4887742,-14.202135],[-40.5755565,-14.1798562],[-40.6513625,-14.1399742],[-40.6787309,-14.1456656],[-40.6873509,-14.1190517],[-40.8690734,-14.0314168],[-40.8611143,-14.0247436],[-40.8864716,-13.9840067],[-40.9316793,-13.9815284],[-40.9341861,-13.9614819],[-40.9463214,-13.9553548],[-40.9497681,-13.9063069],[-40.9246411,-13.9207266],[-40.9115843,-13.9138659],[-40.9132739,-13.9016193],[-40.9271639,-13.9048313],[-40.9363548,-13.89497],[-40.9056676,-13.8861193],[-40.8794145,-13.8438864],[-40.8504263,-13.8502507],[-40.7924311,-13.8344356],[-40.7361495,-13.8357925],[-40.7304446,-13.8284584],[-40.7195323,-13.8424734],[-40.6953926,-13.8377951],[-40.677881,-13.8505183],[-40.6480421,-13.8356885],[-40.6074124,-13.8666284],[-40.5569098,-13.8727654],[-40.5303251,-13.8676805],[-40.5276496,-13.8879243],[-40.505425,-13.8866853],[-40.5101779,-13.9105033],[-40.5220213,-13.9199417],[-40.5154742,-13.922367],[-40.5173508,-13.9396492],[-40.5098936,-13.949818],[-40.3493214,-14.0328979],[-40.336377,-14.0141432],[-40.3173953,-14.0058609],[-40.2481791,-14.0423604],[-40.2320913,-14.0309628],[-40.2111015,-14.0391579],[-40.2072415,-14.069979],[-40.2198858,-14.0721185],[-40.2147828,-14.0862902],[-40.2222766,-14.104753],[-40.2109011,-14.1257429],[-40.1815979,-14.1231268],[-40.1752629,-14.1415764],[-40.1923388,-14.2231135],[-40.1811456,-14.2241082],[-40.2101938,-14.2445175]]]}},{"type":"Feature","properties":{"level":"municipio","municipality_code":"2920452","municipality_name":"Mansidão","uf":"BA","state_code":"29","area_km2":3129.588},"geometry":{"type":"Polygon","coordinates":[[[-43.8428527,-11.3519885],[-43.8410945,-11.3586678],[-43.855619,-11.3656201],[-43.8775986,-11.3540733],[-43.8898948,-11.3641658],[-43.911212,-11.3650714],[-43.9212215,-11.3460098],[-43.9263049,-11.3704127],[-43.9456624,-11.3642288],[-43.9554294,-11.377046],[-43.9859566,-11.3812096],[-43.9736042,-11.3980023],[-44.0002471,-11.3972914],[-43.988602,-11.4123891],[-43.9948842,-11.4226591],[-44.0102725,-11.4111174],[-44.0198304,-11.4275639],[-44.034894,-11.4222036],[-44.0312812,-11.4442291],[-44.0533979,-11.4284715],[-44.0684752,-11.4397114],[-44.0801934,-11.4205953],[-44.0872654,-11.4274216],[-44.0906034,-11.4202488],[-44.1205833,-11.4188902],[-44.1190755,-11.4377838],[-44.1481879,-11.430217],[-44.1468997,-11.4379283],[-44.1680571,-11.4570766],[-44.1744867,-11.4489453],[-44.1826763,-11.4566613],[-44.1933318,-11.4501464],[-44.1951753,-11.4603675],[-44.2082103,-11.458954],[-44.2152476,-11.4692614],[-44.2258278,-11.4517848],[-44.2380275,-11.4716615],[-44.2512462,-11.4617413],[-44.2630541,-11.4783274],[-44.2768888,-11.4719374],[-44.2847941,-11.482166],[-44.289671,-11.4719536],[-44.299115,-11.4853204],[-44.3056193,-11.4781199],[-44.3212297,-11.4880138],[-44.3341176,-11.4828457],[-44.3385007,-11.4936358],[-44.3499995,-11.478136],[-44.3435,-11.4792827],[-44.3418699,-11.465058],[-44.3514336,-11.4446391],[-44.3769212,-11.4432428],[-44.3713302,-11.4331151],[-44.3774537,-11.4337536],[-44.3795619,-11.4155224],[-44.391762,-11.4191529],[-44.3916372,-11.3966165],[-44.4110611,-11.381034],[-44.4174721,-11.3635144],[-44.4369968,-11.3882978],[-44.464238,-11.388308],[-44.4745728,-11.407023],[-44.4956921,-11.4033441],[-44.3522558,-11.2294036],[-44.2713818,-11.1629924],[-44.2191012,-11.086897],[-44.2258736,-11.0592741],[-44.2188204,-11.028878],[-44.1618031,-10.9574307],[-44.1642693,-10.9477043],[-44.1467714,-10.922601],[-44.1389942,-10.8346817],[-44.1200568,-10.8257696],[-44.1181846,-10.8093872],[-44.1082132,-10.80832],[-44.1655401,-10.6429013],[-44.1313184,-10.6348854],[-44.1145931,-10.6024458],[-44.1007513,-10.5917227],[-44.0834286,-10.58909],[-44.0581984,-10.6218201],[-43.9970348,-10.6405273],[-43.9917599,-10.6666988],[-43.943373,-10.7121439],[-43.9201433,-10.7653999],[-43.9204476,-10.780413],[-43.9068547,-10.7986722],[-43.9209548,-10.8128738],[-43.9201433,-10.8271768],[-43.9007109,-10.8570668],[-43.9222482,-10.8746271],[-43.9243884,-10.8992577],[-43.9424615,-10.9074083],[-43.9628415,-10.9316129],[-44.0076314,-10.9361591],[-44.0259271,-10.9542848],[-43.9653618,-11.0444856],[-43.9219935,-11.0880926],[-43.8616784,-11.2808104],[-43.8303271,-11.3458069],[-43.8428527,-11.3519885]]]}},{"type":"Feature","properties":{"level":"municipio","municipality_code":"2920502","municipality_name":"Maracás","uf":"BA","state_code":"29","area_km2":2413.27},"geometry":{"type":"Polygon","coordinates":[[[-40.4061191,-13.2901423],[-40.2778294,-13.3455988],[-40.2900028,-13.3562583],[-40.2871604,-13.3788885],[-40.297662,-13.4149131],[-40.3291668,-13.4855341],[-40.3592099,-13.5081633],[-40.4029208,-13.574016],[-40.4239637,-13.5891909],[-40.439789,-13.5834893],[-40.4387421,-13.5994436],[-40.4209437,-13.6168136],[-40.4222582,-13.626708],[-40.4487892,-13.6325376],[-40.4507061,-13.6566371],[-40.47651,-13.6421745],[-40.4990077,-13.6499493],[-40.4871294,-13.6766183],[-40.474114,-13.678511],[-40.4816254,-13.7002967],[-40.4987707,-13.7164401],[-40.5298921,-13.7179243],[-40.5375972,-13.7287851],[-40.519496,-13.7887477],[-40.4397292,-13.8646334],[-40.5149035,-13.8892583],[-40.5290062,-13.8868185],[-40.5349659,-13.8660053],[-40.5569098,-13.8727654],[-40.6074124,-13.8666284],[-40.6460833,-13.8365242],[-40.6652879,-13.8363615],[-40.6780626,-13.8255853],[-40.7042387,-13.7965563],[-40.6972705,-13.7817695],[-40.7030425,-13.7644604],[-40.7281063,-13.7520938],[-40.7154623,-13.7469632],[-40.7260283,-13.7221157],[-40.7180824,-13.7102293],[-40.7250364,-13.6918498],[-40.7066356,-13.682193],[-40.7133859,-13.6682133],[-40.7011305,-13.6450348],[-40.7101816,-13.6302857],[-40.689774,-13.6093578],[-40.6869388,-13.5483117],[-40.6964811,-13.5335265],[-40.6970251,-13.5068981],[-40.7375015,-13.4635723],[-40.7291085,-13.427516],[-40.7714437,-13.3981711],[-40.7844374,-13.3690696],[-40.7244461,-13.2766851],[-40.71973,-13.2390415],[-40.6272584,-13.1825742],[-40.584796,-13.2153256],[-40.5254202,-13.1834262],[-40.4061191,-13.2901423]]]}},{"type":"Feature","properties":{"level":"municipio","municipality_code":"2920601","municipality_name":"Maragogipe","uf":"BA","state_code":"29","area_km2":437.61},"geometry":{"type":"Polygon","coordinates":[[[-38.9466354,-12.8965162],[-38.9654157,-12.8645963],[-38.976304,-12.8591935],[-38.9798323,-12.8434262],[-38.9972536,-12.8358595],[-39.0132871,-12.8456107],[-39.0274742,-12.8325348],[-39.0497248,-12.8342833],[-39.0492438,-12.8731464],[-39.036043,-12.8791355],[-39.0363434,-12.8985956],[-39.0199712,-12.9332024],[-39.0263699,-12.9389617],[-39.0394289,-12.9050888],[-39.069163,-12.8724661],[-39.0751995,-12.8519743],[-39.0677461,-12.8127684],[-39.0451625,-12.7916066],[-39.0503734,-12.7517844],[-39.0450233,-12.7344902],[-39.0081895,-12.7298908],[-39.0078601,-12.7104973],[-38.9664488,-12.6950045],[-38.9532449,-12.7034703],[-38.9380546,-12.7011664],[-38.9266287,-12.7283128],[-38.9022083,-12.7376088],[-38.8846619,-12.7546409],[-38.8598093,-12.7958513],[-38.862836,-12.8232618],[-38.8382393,-12.846349],[-38.8185706,-12.851296],[-38.8018856,-12.8385327],[-38.8065356,-12.8711352],[-38.817635,-12.8746086],[-38.8201145,-12.8861036],[-38.8112207,-12.9176055],[-38.8351441,-12.9209841],[-38.8227414,-12.9476563],[-38.8289619,-12.9557936],[-38.8385097,-12.9449439],[-38.8545311,-12.946716],[-38.8624152,-12.9399168],[-38.8907764,-12.9440867],[-38.9144491,-12.9319091],[-38.9187451,-12.9143827],[-38.9466354,-12.8965162]]]}},{"type":"Feature","properties":{"level":"municipio","municipality_code":"2920700","municipality_name":"Maraú","uf":"BA","state_code":"29","area_km2":848.885},"geometry":{"type":"Polygon","coordinates":[[[-38.9276929,-13.9398459],[-38.9881755,-14.1910109],[-38.9892365,-14.2187393],[-38.9978201,-14.235242],[-39.0077182,-14.2356262],[-39.0074666,-14.2243601],[-39.0185223,-14.2288696],[-39.0275519,-14.2473014],[-39.047373,-14.252161],[-39.0767212,-14.2452623],[-39.1192021,-14.2531375],[-39.160593,-14.2749448],[-39.2226815,-14.2642238],[-39.2648245,-14.2906983],[-39.3029066,-14.2666285],[-39.3181376,-14.2783834],[-39.323427,-14.2545772],[-39.412988,-14.2362053],[-39.4441881,-14.2415398],[-39.4438228,-14.1999027],[-39.3929446,-14.1761811],[-39.372389,-14.1748823],[-39.3439104,-14.1452843],[-39.3313131,-14.1551379],[-39.3258277,-14.1453937],[-39.2750096,-14.1377677],[-39.2734766,-14.1299214],[-39.2618567,-14.1303521],[-39.2503794,-14.117222],[-39.2396182,-14.1223875],[-39.2185741,-14.1098938],[-39.1654777,-14.1021908],[-39.1434928,-14.0915807],[-39.1037455,-14.1092419],[-39.0696223,-14.1106357],[-39.0208177,-14.0998087],[-38.9882387,-14.0805997],[-38.9819308,-14.0500721],[-39.0061776,-14.0256067],[-38.9864112,-13.9783653],[-39.000462,-13.9268458],[-38.9883456,-13.8944558],[-38.9667739,-13.8875049],[-38.9517346,-13.8723771],[-38.9287859,-13.9068342],[-38.9276929,-13.9398459]]]}},{"type":"Feature","properties":{"level":"municipio","municipality_code":"2920809","municipality_name":"Marcionílio Souza","uf":"BA","state_code":"29","area_km2":1099.283},"geometry":{"type":"Polygon","coordinates":[[[-40.60038,-13.0055826],[-40.5464642,-12.9913163],[-40.522225,-12.9589109],[-40.5093652,-12.9670925],[-40.5079806,-12.9461769],[-40.4961697,-12.9514635],[-40.481327,-12.9419776],[-40.4885823,-12.9487131],[-40.4718329,-12.9998944],[-40.415802,-13.0875016],[-40.46866,-13.1129505],[-40.5114903,-13.1764821],[-40.584796,-13.2153256],[-40.6272584,-13.1825742],[-40.71973,-13.2390415],[-40.7244461,-13.2766851],[-40.7835925,-13.3674534],[-40.8005398,-13.3486786],[-40.8011372,-13.3337645],[-40.8357038,-13.3157337],[-40.844914,-13.3194468],[-40.8484887,-13.3121866],[-40.8547397,-13.3215417],[-40.861954,-13.3187458],[-40.8750128,-13.2938661],[-40.8710919,-13.2761792],[-40.9164345,-13.235688],[-40.9197095,-13.2090052],[-40.7236519,-13.0217945],[-40.7088936,-13.0165467],[-40.6876652,-13.0245251],[-40.6637275,-13.0058733],[-40.637205,-12.9973783],[-40.6052602,-12.9975104],[-40.60038,-13.0055826]]]}},{"type":"Feature","properties":{"level":"municipio","municipality_code":"2920908","municipality_name":"Mascote","uf":"BA","state_code":"29","area_km2":742.688},"geometry":{"type":"Polygon","coordinates":[[[-39.3911837,-15.7997547],[-39.4004656,-15.7939533],[-39.426944,-15.8033138],[-39.4387594,-15.7935766],[-39.4432805,-15.8091358],[-39.4557099,-15.8121432],[-39.4679035,-15.8340848],[-39.4849799,-15.8391913],[-39.4893917,-15.8201634],[-39.5149116,-15.8090032],[-39.5279994,-15.817663],[-39.5728966,-15.7927364],[-39.5485787,-15.7912876],[-39.5688683,-15.7663063],[-39.5366347,-15.7518927],[-39.530914,-15.7305364],[-39.543494,-15.7129618],[-39.5338576,-15.6957112],[-39.544257,-15.6659637],[-39.5373563,-15.6253695],[-39.5102201,-15.5999212],[-39.4999687,-15.5667462],[-39.4772593,-15.5511556],[-39.4711589,-15.5558861],[-39.4762708,-15.5694214],[-39.4649122,-15.579515],[-39.4436774,-15.5812856],[-39.4290184,-15.5662278],[-39.4091501,-15.565687],[-39.406879,-15.5519647],[-39.430095,-15.5390885],[-39.4273245,-15.5277886],[-39.4402408,-15.5245339],[-39.4330516,-15.5147544],[-39.4350051,-15.4881666],[-39.4195861,-15.4640865],[-39.4041482,-15.4728478],[-39.3855765,-15.4716614],[-39.377657,-15.4561811],[-39.3601176,-15.4904577],[-39.3514367,-15.4892828],[-39.3102151,-15.5219504],[-39.304312,-15.550153],[-39.2746001,-15.5642993],[-39.2849293,-15.5657113],[-39.2924132,-15.5800362],[-39.3056501,-15.5804603],[-39.3053089,-15.593219],[-39.3437119,-15.6155594],[-39.3414389,-15.622448],[-39.3303809,-15.627478],[-39.301243,-15.6111314],[-39.2852221,-15.6307285],[-39.2615577,-15.6343841],[-39.2899507,-15.6383752],[-39.3183869,-15.6563283],[-39.3491184,-15.6882815],[-39.350864,-15.70583],[-39.3662102,-15.7129841],[-39.3661167,-15.7447312],[-39.3419818,-15.7484158],[-39.318569,-15.8272183],[-39.3569232,-15.849872],[-39.3722915,-15.8224102],[-39.3869434,-15.8249337],[-39.3911837,-15.7997547]]]}},{"type":"Feature","properties":{"level":"municipio","municipality_code":"2921005","municipality_name":"Mata de São João","uf":"BA","state_code":"29","area_km2":605.168},"geometry":{"type":"Polygon","coordinates":[[[-38.040592,-12.4624117],[-37.986755,-12.4137082],[-37.9513507,-12.4029884],[-37.9431629,-12.3739639],[-37.9314322,-12.3715071],[-37.923787,-12.3837482],[-37.8929706,-12.3833056],[-37.8932837,-12.4082421],[-37.9719443,-12.5191764],[-38.001464,-12.5780112],[-38.0302228,-12.5971982],[-38.0470172,-12.5842752],[-38.0435787,-12.5625338],[-38.0539089,-12.5629447],[-38.069357,-12.5361619],[-38.0631956,-12.5296459],[-38.0731755,-12.5022711],[-38.0639975,-12.4901162],[-38.0700195,-12.4663384],[-38.099377,-12.479671],[-38.0966379,-12.5015916],[-38.1113677,-12.5112451],[-38.1408924,-12.4976565],[-38.1557178,-12.5030262],[-38.1621291,-12.4890546],[-38.1772128,-12.4881028],[-38.181908,-12.4792331],[-38.1726562,-12.4627625],[-38.1940315,-12.4530614],[-38.2125871,-12.4592242],[-38.2248207,-12.4767031],[-38.2429236,-12.4697765],[-38.2478377,-12.4976996],[-38.2391263,-12.5156084],[-38.223789,-12.5217957],[-38.2152079,-12.5691176],[-38.2310542,-12.5663827],[-38.2496197,-12.5757049],[-38.252387,-12.5996235],[-38.2748758,-12.6116874],[-38.3051551,-12.5958774],[-38.3205603,-12.5770349],[-38.3471886,-12.5736937],[-38.3459962,-12.5399928],[-38.3784306,-12.5386725],[-38.3667782,-12.5093264],[-38.3735895,-12.5093948],[-38.3848321,-12.4826121],[-38.3172689,-12.4348432],[-38.3223671,-12.4572861],[-38.2878074,-12.44666],[-38.2591344,-12.4152223],[-38.2290384,-12.4165083],[-38.1931463,-12.4029679],[-38.1834321,-12.4126067],[-38.1426029,-12.3720106],[-38.126196,-12.3801361],[-38.1211011,-12.3965874],[-38.1034006,-12.3955312],[-38.104638,-12.4128223],[-38.0884527,-12.4263258],[-38.0977851,-12.4361865],[-38.0798908,-12.4553229],[-38.0653127,-12.4512745],[-38.040592,-12.4624117]]]}},{"type":"Feature","properties":{"level":"municipio","municipality_code":"2921054","municipality_name":"Matina","uf":"BA","state_code":"29","area_km2":773.28},"geometry":{"type":"Polygon","coordinates":[[[-42.8546664,-13.955385],[-42.8834987,-13.9535773],[-42.8939235,-13.9449194],[-42.9175906,-13.9573471],[-42.9533887,-13.956704],[-42.9805728,-13.941056],[-42.9939193,-13.9433533],[-43.0347416,-13.9162981],[-43.1044672,-13.9317162],[-43.1331321,-13.8876161],[-43.1385887,-13.8441883],[-43.1262116,-13.8316372],[-43.1083942,-13.8301835],[-43.1158703,-13.8202661],[-43.0935654,-13.7847031],[-43.0688476,-13.7743474],[-43.061386,-13.7791284],[-43.0549626,-13.7592357],[-43.0285935,-13.7341943],[-42.9436963,-13.7529705],[-42.772825,-13.7465567],[-42.7801563,-13.8560461],[-42.7906254,-13.8731342],[-42.780038,-13.8976362],[-42.7921234,-13.924293],[-42.7890361,-13.9381318],[-42.8124428,-13.976241],[-42.8449596,-13.965784],[-42.8546664,-13.955385]]]}},{"type":"Feature","properties":{"level":"municipio","municipality_code":"2921104","municipality_name":"Medeiros Neto","uf":"BA","state_code":"29","area_km2":1311.739},"geometry":{"type":"Polygon","coordinates":[[[-40.0985195,-17.2560703],[-40.0767173,-17.2735362],[-40.0770074,-17.2601656],[-40.0644704,-17.2630698],[-40.0458337,-17.3091889],[-40.0287,-17.3249224],[-40.0173699,-17.3254855],[-39.9991355,-17.3670351],[-39.970398,-17.3817589],[-39.9400273,-17.4200444],[-39.9334011,-17.4337621],[-39.9361194,-17.4648306],[-39.9684021,-17.4582129],[-39.9774681,-17.4662326],[-40.0200795,-17.4659837],[-40.0364942,-17.4783223],[-40.0484913,-17.4743007],[-40.0593396,-17.4527905],[-40.0725294,-17.461243],[-40.1025951,-17.456094],[-40.1037043,-17.443863],[-40.1140811,-17.4498234],[-40.1511896,-17.4480152],[-40.164574,-17.4331316],[-40.1887483,-17.4323693],[-40.2066231,-17.4410137],[-40.2182184,-17.4349824],[-40.2222625,-17.4076753],[-40.3134661,-17.4155052],[-40.3271397,-17.395638],[-40.3396473,-17.4061875],[-40.3547664,-17.4518228],[-40.3915344,-17.453333],[-40.395799,-17.4616568],[-40.4140527,-17.4651578],[-40.426545,-17.488277],[-40.4395566,-17.4836068],[-40.463315,-17.4994383],[-40.4954392,-17.4867316],[-40.5209414,-17.4583486],[-40.520579,-17.4448113],[-40.5541591,-17.4355679],[-40.5700817,-17.4158915],[-40.5975065,-17.4206333],[-40.6234751,-17.4059807],[-40.5986644,-17.3896365],[-40.5989372,-17.3645381],[-40.605794,-17.3599674],[-40.5927271,-17.3454731],[-40.6090252,-17.3269684],[-40.5948417,-17.3235648],[-40.572244,-17.2947661],[-40.5474563,-17.2836085],[-40.4366174,-17.272334],[-40.427767,-17.2653006],[-40.3948779,-17.2691674],[-40.3729329,-17.2580508],[-40.357493,-17.2653789],[-40.2981191,-17.2596861],[-40.2813642,-17.2465913],[-40.2177597,-17.2472523],[-40.1987728,-17.2295756],[-40.1830971,-17.2437289],[-40.1315554,-17.2465673],[-40.1286774,-17.2542687],[-40.0985195,-17.2560703]]]}},{"type":"Feature","properties":{"level":"municipio","municipality_code":"2921203","municipality_name":"Miguel Calmon","uf":"BA","state_code":"29","area_km2":1599.672},"geometry":{"type":"Polygon","coordinates":[[[-40.5950616,-11.5537079],[-40.6036644,-11.5581293],[-40.6005798,-11.5656336],[-40.6258074,-11.5565369],[-40.6649433,-11.5622226],[-40.6746381,-11.5508847],[-40.7200957,-11.5405274],[-40.7375535,-11.5035345],[-40.7982527,-11.4772414],[-40.8635212,-11.4144919],[-40.9461225,-11.2851258],[-40.8647348,-11.2608097],[-40.7457041,-11.2665688],[-40.685964,-11.2117397],[-40.6041324,-11.2757009],[-40.5820742,-11.3084371],[-40.560139,-11.3123479],[-40.5460195,-11.30442],[-40.5066333,-11.3716795],[-40.4901008,-11.3742372],[-40.482586,-11.3860158],[-40.4594909,-11.3874188],[-40.4420815,-11.3584374],[-40.4134226,-11.3641727],[-40.3833582,-11.4012334],[-40.3088421,-11.4347735],[-40.3687377,-11.4818575],[-40.3838969,-11.5052908],[-40.3706701,-11.6162328],[-40.3869467,-11.6008402],[-40.3906852,-11.6161425],[-40.4069901,-11.6080802],[-40.4295062,-11.6186227],[-40.4468501,-11.6172108],[-40.466575,-11.602219],[-40.4905056,-11.6143279],[-40.4909732,-11.6310383],[-40.5227234,-11.6310875],[-40.5286439,-11.608506],[-40.5218185,-11.6024025],[-40.5292743,-11.5915668],[-40.5196896,-11.5806012],[-40.5233305,-11.5744588],[-40.5571535,-11.5783336],[-40.5686338,-11.5647976],[-40.5950616,-11.5537079]]]}},{"type":"Feature","properties":{"level":"municipio","municipality_code":"2921302","municipality_name":"Milagres","uf":"BA","state_code":"29","area_km2":420.357},"geometry":{"type":"Polygon","coordinates":[[[-39.9002005,-12.8754923],[-39.9281213,-12.8170832],[-39.8941956,-12.7533925],[-39.8556988,-12.7956004],[-39.8466808,-12.7964293],[-39.8345639,-12.8203906],[-39.7991653,-12.841242],[-39.7903033,-12.8269908],[-39.7715666,-12.8542764],[-39.7274652,-12.8769852],[-39.7126842,-12.8621419],[-39.6787469,-12.8872611],[-39.6661149,-12.9154603],[-39.6574666,-12.9097811],[-39.6598879,-12.9269055],[-39.6475023,-12.9180389],[-39.6430523,-12.9225349],[-39.6496911,-12.9278516],[-39.6376706,-12.9301517],[-39.6687217,-12.9535106],[-39.6729507,-12.9655475],[-39.6660232,-12.9767469],[-39.6882682,-12.9999102],[-39.7108257,-12.9761349],[-39.7470544,-13.0129064],[-39.755385,-12.9998111],[-39.7799508,-12.9952709],[-39.7833371,-12.982478],[-39.815311,-12.9800761],[-39.8168156,-12.9721308],[-39.8496214,-12.9640698],[-39.8768438,-12.9365485],[-39.8860103,-12.9430458],[-39.8949968,-12.9384607],[-39.9030897,-12.9246466],[-39.9002005,-12.8754923]]]}},{"type":"Feature","properties":{"level":"municipio","municipality_code":"2921401","municipality_name":"Mirangaba","uf":"BA","state_code":"29","area_km2":1751.778},"geometry":{"type":"Polygon","coordinates":[[[-40.5846187,-10.9903268],[-40.6879029,-10.9419347],[-40.7042845,-10.952755],[-40.7188835,-10.9503884],[-40.7212912,-10.936959],[-40.7066335,-10.9177644],[-40.7559061,-10.8845151],[-40.7705188,-10.8560084],[-40.7985671,-10.8463706],[-40.8201818,-10.8046158],[-40.8359516,-10.7916055],[-40.8897905,-10.8024534],[-41.006186,-10.7299464],[-41.1009758,-10.7132844],[-41.0811631,-10.6957295],[-41.0797355,-10.6759204],[-41.0887774,-10.6703287],[-41.1144756,-10.6750281],[-41.1109993,-10.657668],[-40.940613,-10.6009545],[-40.9125846,-10.6077876],[-40.8786645,-10.590636],[-40.8716621,-10.5958716],[-40.8180258,-10.5923834],[-40.7995733,-10.6079895],[-40.7920519,-10.5983007],[-40.7642922,-10.5916607],[-40.7470892,-10.6336453],[-40.59566,-10.6835064],[-40.5464019,-10.6623201],[-40.5419457,-10.6808404],[-40.5491563,-10.6996012],[-40.5071507,-10.7130018],[-40.4837827,-10.6844926],[-40.4707665,-10.7145573],[-40.483863,-10.75094],[-40.4720892,-10.7650978],[-40.4683552,-10.7570524],[-40.4548905,-10.7599648],[-40.4453994,-10.7521376],[-40.461139,-10.8126669],[-40.4595792,-10.8216021],[-40.4443971,-10.8258998],[-40.4446808,-10.8349055],[-40.4530232,-10.8361342],[-40.45023,-10.8540255],[-40.4626147,-10.8678145],[-40.4754774,-10.9228253],[-40.4913338,-10.9392987],[-40.472391,-10.9640147],[-40.4662757,-10.9541099],[-40.4576027,-10.958211],[-40.4817272,-11.0493994],[-40.5293082,-11.0155181],[-40.5354363,-11.0218008],[-40.5482036,-11.0189991],[-40.5846187,-10.9903268]]]}},{"type":"Feature","properties":{"level":"municipio","municipality_code":"2921450","municipality_name":"Mirante","uf":"BA","state_code":"29","area_km2":1172.861},"geometry":{"type":"Polygon","coordinates":[[[-40.6376933,-14.3011157],[-40.6766906,-14.33036],[-40.6774545,-14.3093185],[-40.8225386,-14.2525458],[-40.8269766,-14.2421715],[-40.8719195,-14.21557],[-41.0107413,-14.160036],[-41.0203613,-14.1649544],[-41.0402312,-14.1594132],[-41.0396573,-14.1433928],[-41.024119,-14.1431972],[-41.0145831,-14.13141],[-41.024778,-14.1202747],[-41.0258464,-14.0948916],[-41.0147162,-14.0881166],[-41.0227842,-14.0727043],[-40.9998362,-14.0676054],[-41.016098,-14.0519804],[-40.9782437,-14.0251988],[-41.0015663,-14.0089421],[-40.9795693,-13.9794365],[-40.9824902,-13.9660273],[-40.9756471,-13.9569112],[-40.9830913,-13.9475838],[-40.9600283,-13.9380953],[-40.9630276,-13.921061],[-40.9509664,-13.9070287],[-40.9463214,-13.9553548],[-40.9341861,-13.9614819],[-40.9316793,-13.9815284],[-40.8864716,-13.9840067],[-40.8611143,-14.0247436],[-40.8690734,-14.0314168],[-40.6873509,-14.1190517],[-40.6787309,-14.1456656],[-40.6513625,-14.1399742],[-40.5755565,-14.1798562],[-40.4887742,-14.202135],[-40.4921903,-14.2255753],[-40.4704784,-14.2358873],[-40.4732806,-14.2538241],[-40.4655112,-14.2657174],[-40.4540703,-14.257004],[-40.4181841,-14.272178],[-40.3931351,-14.2645655],[-40.3853024,-14.2719127],[-40.3932785,-14.2739353],[-40.3920323,-14.2847158],[-40.4124354,-14.2814255],[-40.4331918,-14.2983261],[-40.4409125,-14.2926724],[-40.4651959,-14.3102246],[-40.4736586,-14.3079776],[-40.5052221,-14.3376466],[-40.5406695,-14.3172734],[-40.6376933,-14.3011157]]]}},{"type":"Feature","properties":{"level":"municipio","municipality_code":"2921500","municipality_name":"Monte Santo","uf":"BA","state_code":"29","area_km2":3034.197},"geometry":{"type":"Polygon","coordinates":[[[-39.2704109,-10.6778878],[-39.3677137,-10.6548737],[-39.4326058,-10.6192928],[-39.4783487,-10.5685038],[-39.529474,-10.5700437],[-39.5429976,-10.5821369],[-39.5543278,-10.5817917],[-39.5940187,-10.5538292],[-39.64518,-10.5430546],[-39.7681927,-10.5385725],[-39.7606521,-10.5230238],[-39.7648279,-10.5117718],[-39.7561678,-10.5050532],[-39.7649501,-10.4977121],[-39.7636608,-10.4777155],[-39.7559038,-10.4733647],[-39.7528209,-10.4400264],[-39.7451286,-10.437902],[-39.7312995,-10.4099212],[-39.7393173,-10.3490461],[-39.7138996,-10.3185283],[-39.7168463,-10.2774559],[-39.7442512,-10.2427816],[-39.7343875,-10.2073344],[-39.7286575,-10.1156025],[-39.7373846,-10.064389],[-39.7159496,-10.0674468],[-39.6536327,-10.1000698],[-39.6365657,-10.1213848],[-39.5886332,-10.1250647],[-39.5597018,-10.1067682],[-39.5643402,-10.1217413],[-39.5536454,-10.1378973],[-39.5543536,-10.1518441],[-39.54092,-10.1488514],[-39.5351514,-10.1556754],[-39.5257417,-10.1884332],[-39.4549002,-10.1723669],[-39.3714093,-10.1717752],[-39.3222574,-10.1965119],[-39.3242297,-10.1881303],[-39.2355403,-10.1943345],[-39.2282973,-10.2258713],[-39.2025862,-10.237109],[-39.1854126,-10.2547522],[-39.1827278,-10.2755551],[-39.1678068,-10.297799],[-39.1830835,-10.3147876],[-39.1704701,-10.3196012],[-39.1608151,-10.3658215],[-39.1429988,-10.4047596],[-39.1498512,-10.4265695],[-39.1597008,-10.4181617],[-39.1902022,-10.4265933],[-39.1799934,-10.4391154],[-39.1520102,-10.4511546],[-39.1557325,-10.4652475],[-39.1472989,-10.4838393],[-39.1564077,-10.5565318],[-39.1651517,-10.5734865],[-39.1815175,-10.5810411],[-39.1805806,-10.59325],[-39.1897667,-10.5947051],[-39.1971288,-10.5841519],[-39.220811,-10.5962322],[-39.2384317,-10.618503],[-39.2363782,-10.6362221],[-39.2530454,-10.6605568],[-39.2471806,-10.6659591],[-39.2592827,-10.6698337],[-39.2714641,-10.6968556],[-39.2767829,-10.6827996],[-39.2704109,-10.6778878]]]}},{"type":"Feature","properties":{"level":"municipio","municipality_code":"2921609","municipality_name":"Morpará","uf":"BA","state_code":"29","area_km2":2093.872},"geometry":{"type":"Polygon","coordinates":[[[-43.1864327,-11.8903475],[-43.1928966,-11.8071396],[-43.2127462,-11.8115973],[-43.2229138,-11.79364],[-43.2345453,-11.715259],[-43.2456596,-11.7065688],[-43.2411462,-11.6897167],[-43.2262227,-11.6767053],[-43.2432865,-11.6575348],[-43.2569448,-11.6638409],[-43.264682,-11.6540163],[-43.282476,-11.6544892],[-43.2760032,-11.6354406],[-43.2923447,-11.5887882],[-43.2806221,-11.5697948],[-43.2861215,-11.5480245],[-43.2644957,-11.4832987],[-43.2251743,-11.498839],[-43.0567712,-11.5285295],[-43.0549727,-11.560359],[-43.0397247,-11.5554786],[-43.0200099,-11.5702739],[-43.0034726,-11.5970428],[-42.9811057,-11.5968049],[-42.9538289,-11.6243586],[-42.9344946,-11.6286236],[-42.9397887,-11.5860433],[-42.9211017,-11.5789473],[-42.8710461,-11.6130978],[-42.8532001,-11.6123839],[-42.8396372,-11.6217352],[-42.7884096,-11.6904713],[-42.7440543,-11.704826],[-42.736559,-11.7143788],[-42.7450536,-11.7147483],[-42.7549547,-11.7365646],[-42.7880902,-11.7393435],[-42.7835009,-11.7467014],[-42.8205572,-11.7761969],[-42.836852,-11.7731914],[-42.8611932,-11.7939595],[-42.8135364,-11.9410499],[-42.8728996,-11.964039],[-42.9025966,-11.9623321],[-42.9202438,-11.9732475],[-43.1365527,-12.019485],[-43.1441955,-11.9629017],[-43.1707864,-11.9365099],[-43.1644685,-11.9007621],[-43.1864327,-11.8903475]]]}},{"type":"Feature","properties":{"level":"municipio","municipality_code":"2921708","municipality_name":"Morro do Chapéu","uf":"BA","state_code":"29","area_km2":5744.969},"geometry":{"type":"Polygon","coordinates":[[[-40.7438823,-11.5002216],[-40.7316858,-11.5124105],[-40.7261392,-11.5341663],[-40.7029804,-11.5497951],[-40.7167727,-11.5563834],[-40.7183999,-11.5685569],[-40.7290259,-11.567991],[-40.7926414,-11.6944824],[-40.8011674,-11.7429214],[-40.8485131,-11.7764916],[-40.8848178,-11.7576266],[-40.9015909,-11.8107513],[-40.9441966,-11.8202795],[-40.9597108,-11.842933],[-40.9683575,-11.8842697],[-40.9809206,-11.8852122],[-40.8995551,-11.9781445],[-40.8970771,-11.9902822],[-40.920524,-12.0143719],[-40.9725254,-12.0164165],[-41.0248883,-12.0022421],[-41.0489455,-11.9698193],[-41.06353,-11.9317196],[-41.0861161,-11.9191831],[-41.1093859,-11.9449072],[-41.0998988,-11.9568132],[-41.2555231,-11.9023656],[-41.243907,-11.8392049],[-41.2493804,-11.813955],[-41.3216707,-11.7980758],[-41.3261273,-11.7843105],[-41.3467786,-11.7767157],[-41.3930445,-11.7715749],[-41.3650886,-11.6957067],[-41.3757169,-11.6937515],[-41.4351713,-11.6355321],[-41.5574949,-11.5587939],[-41.5397335,-11.5544183],[-41.5407625,-11.5378364],[-41.5222402,-11.5379275],[-41.5192374,-11.5273295],[-41.5051088,-11.5266773],[-41.4957326,-11.503799],[-41.4780003,-11.5068631],[-41.4560123,-11.4684547],[-41.4443369,-11.46869],[-41.4309376,-11.4488111],[-41.4038885,-11.4457527],[-41.3937742,-11.4277428],[-41.3965454,-11.3942808],[-41.3846973,-11.3862325],[-41.3890158,-11.3622091],[-41.3776463,-11.3529103],[-41.3817941,-11.3389289],[-41.3731008,-11.329336],[-41.3814698,-11.3222075],[-41.3736725,-11.3097157],[-41.378585,-11.3033009],[-41.3663704,-11.2886256],[-41.3642163,-11.2715246],[-41.372235,-11.2700491],[-41.3636001,-11.255708],[-41.3666944,-11.2395728],[-41.3558422,-11.228869],[-41.3652527,-11.2186932],[-41.3698232,-11.1896147],[-41.3621577,-11.1866309],[-41.3694298,-11.169578],[-41.3661714,-11.1524764],[-41.3954431,-11.1056532],[-41.3958501,-11.0767789],[-41.4083921,-11.0695131],[-41.436123,-11.0254326],[-41.4296085,-10.9853758],[-41.4489552,-10.9739496],[-41.4831721,-10.9882115],[-41.4907749,-10.9798443],[-41.50359,-10.9806093],[-41.5091409,-10.968572],[-41.5398324,-10.9678757],[-41.5614289,-10.9413181],[-41.567657,-10.9033046],[-41.6407446,-10.8564522],[-41.6571078,-10.8383858],[-41.6594346,-10.8062632],[-41.5985385,-10.8077686],[-41.574768,-10.7793131],[-41.571735,-10.756274],[-41.5368083,-10.7352938],[-41.4776667,-10.7555916],[-41.4535027,-10.7900365],[-41.4419466,-10.7854629],[-41.4368078,-10.7933793],[-41.4537486,-10.8159729],[-41.4491123,-10.8253624],[-41.4610777,-10.8316097],[-41.4277368,-10.8660474],[-41.2892237,-10.9091836],[-41.2303124,-10.9629904],[-41.2411918,-10.9915568],[-41.2817456,-10.989512],[-41.2967911,-11.0039624],[-41.2964003,-11.0172842],[-41.30777,-11.0215461],[-41.3171448,-11.0730687],[-41.2946995,-11.1153289],[-41.2596955,-11.1208373],[-41.255218,-11.1388736],[-41.2445736,-11.145579],[-41.1335525,-11.1533505],[-40.9461225,-11.2851258],[-40.8635212,-11.4144919],[-40.7982527,-11.4772414],[-40.7438823,-11.5002216]]]}},{"type":"Feature","properties":{"level":"municipio","municipality_code":"2921807","municipality_name":"Mortugaba","uf":"BA","state_code":"29","area_km2":528.214},"geometry":{"type":"Polygon","coordinates":[[[-42.3378214,-15.0810256],[-42.354907,-15.0982031],[-42.3744704,-15.0713337],[-42.3964917,-15.0779916],[-42.4429392,-15.0613198],[-42.4368004,-15.022716],[-42.4790145,-15.0142459],[-42.4736493,-14.9673721],[-42.463983,-14.9569792],[-42.4313456,-14.9557235],[-42.4302636,-14.9488207],[-42.4094447,-14.9572537],[-42.3805549,-14.9479017],[-42.3530906,-14.9004477],[-42.3546831,-14.8763681],[-42.3462165,-14.8691479],[-42.1782536,-14.8191091],[-42.1750041,-14.8338411],[-42.1979247,-14.8575496],[-42.2390254,-14.942214],[-42.2366966,-14.9605558],[-42.2024591,-15.0002737],[-42.2118044,-15.0293953],[-42.2253411,-15.0458475],[-42.2786086,-15.0549513],[-42.2930567,-15.0869212],[-42.2776086,-15.1136527],[-42.2826217,-15.1178927],[-42.3378214,-15.0810256]]]}},{"type":"Feature","properties":{"level":"municipio","municipality_code":"2921906","municipality_name":"Mucugê","uf":"BA","state_code":"29","area_km2":2462.689},"geometry":{"type":"Polygon","coordinates":[[[-41.6053853,-12.711545],[-41.4379006,-12.709996],[-41.3803622,-12.8798858],[-41.3566782,-12.8896871],[-41.3414185,-12.9218092],[-41.3467969,-12.9283573],[-41.3298097,-12.931432],[-41.3225197,-12.9481263],[-41.3248774,-12.9729573],[-41.315653,-12.983594],[-41.3017302,-13.0514493],[-41.2819096,-13.0633361],[-41.2557445,-13.0968507],[-41.2510632,-13.1283274],[-41.2810117,-13.1380046],[-41.2805515,-13.1556858],[-41.2645825,-13.1668284],[-41.2448363,-13.1656894],[-41.2457527,-13.1583687],[-41.2331135,-13.1639964],[-41.1984055,-13.1926243],[-41.1847528,-13.2289023],[-41.2905715,-13.3224723],[-41.3349077,-13.2988979],[-41.3492666,-13.281258],[-41.3827428,-13.2711885],[-41.3992685,-13.2244259],[-41.4144359,-13.2453805],[-41.4459183,-13.2506969],[-41.4539847,-13.2630779],[-41.4537326,-13.2958189],[-41.4370232,-13.3288305],[-41.4458799,-13.3835782],[-41.5474078,-13.4258716],[-41.5522136,-13.4092783],[-41.6051975,-13.4248542],[-41.6124663,-13.3419678],[-41.595028,-13.2964079],[-41.6033676,-13.2863029],[-41.6020214,-13.2705909],[-41.5901521,-13.2683305],[-41.5923315,-13.2531859],[-41.6046999,-13.2196335],[-41.6409138,-13.1899757],[-41.653571,-13.1683659],[-41.6348066,-13.158669],[-41.6401866,-13.1503504],[-41.6262287,-13.1297181],[-41.6489439,-13.0807109],[-41.6635949,-13.0711567],[-41.684613,-13.011615],[-41.6996644,-12.994865],[-41.6403321,-12.8980696],[-41.6436232,-12.8818256],[-41.6296851,-12.865727],[-41.6209885,-12.8276805],[-41.6371768,-12.7833966],[-41.6153562,-12.7586629],[-41.6053853,-12.711545]]]}},{"type":"Feature","properties":{"level":"municipio","municipality_code":"2922003","municipality_name":"Mucuri","uf":"BA","state_code":"29","area_km2":1787.626},"geometry":{"type":"Polygon","coordinates":[[[-39.6742268,-18.3247425],[-40.2223506,-17.9804174],[-40.2268229,-17.9582598],[-40.2597997,-17.9400218],[-40.2635475,-17.9220233],[-40.2126577,-17.8957941],[-40.1741273,-17.8515612],[-40.1816608,-17.8359752],[-40.2043284,-17.8286625],[-40.2045178,-17.8053295],[-40.2180757,-17.795659],[-40.2136573,-17.7536875],[-40.2236926,-17.7343206],[-40.200504,-17.7358307],[-40.1726961,-17.7752398],[-40.1447401,-17.787649],[-40.1211893,-17.7883854],[-40.1193001,-17.8047983],[-40.0794335,-17.8287241],[-40.0678579,-17.8493391],[-40.0634817,-17.9519355],[-40.0575971,-17.9601544],[-40.0431559,-17.9522262],[-40.0307768,-17.9577392],[-40.0336935,-17.9702262],[-40.020552,-17.9703771],[-40.0196426,-17.9847],[-39.7401565,-17.9892549],[-39.7089756,-17.9981672],[-39.6412256,-18.0008788],[-39.6070471,-17.9871225],[-39.5885162,-17.9904072],[-39.5751649,-17.9777484],[-39.517018,-17.9849729],[-39.5106469,-17.9772917],[-39.4911549,-17.9979324],[-39.5383404,-18.0723166],[-39.5489449,-18.1018555],[-39.58749,-18.1491213],[-39.6354174,-18.2323011],[-39.6694945,-18.3484901],[-39.6660146,-18.3332183],[-39.6742268,-18.3247425]]]}},{"type":"Feature","properties":{"level":"municipio","municipality_code":"2922052","municipality_name":"Mulungu do Morro","uf":"BA","state_code":"29","area_km2":646.621},"geometry":{"type":"Polygon","coordinates":[[[-41.6191362,-12.0180696],[-41.6517341,-12.0136875],[-41.6811254,-11.991201],[-41.6892247,-11.9677287],[-41.6799197,-11.9216467],[-41.6485883,-11.8869727],[-41.622341,-11.8324082],[-41.5882349,-11.8567275],[-41.4206673,-11.8682716],[-41.4210111,-11.9089614],[-41.430593,-11.9253106],[-41.4255465,-11.9341421],[-41.4475242,-11.9460501],[-41.4554256,-11.9710982],[-41.4447086,-11.9861146],[-41.4166127,-11.9980168],[-41.4159438,-12.0213518],[-41.4021998,-12.0384483],[-41.4076367,-12.0489004],[-41.3971799,-12.0738651],[-41.36823,-12.0829587],[-41.3715996,-12.1187441],[-41.3548739,-12.1683966],[-41.4172738,-12.1450427],[-41.4688676,-12.1080497],[-41.4539011,-12.0990408],[-41.6191362,-12.0180696]]]}},{"type":"Feature","properties":{"level":"municipio","municipality_code":"2922102","municipality_name":"Mundo Novo","uf":"BA","state_code":"29","area_km2":1491.99},"geometry":{"type":"Polygon","coordinates":[[[-40.4844294,-11.824598],[-40.4900806,-11.8057004],[-40.4706096,-11.80253],[-40.4481298,-11.7609597],[-40.4335786,-11.7489581],[-40.4501832,-11.6992876],[-40.4169075,-11.6702958],[-40.4097965,-11.6714853],[-40.4097794,-11.6624732],[-40.3982422,-11.6545562],[-40.4012382,-11.6480465],[-40.3832187,-11.6440877],[-40.3822165,-11.6250219],[-40.3706757,-11.6162347],[-40.3633295,-11.6699637],[-40.3534159,-11.6758406],[-40.3623084,-11.7004576],[-40.3571407,-11.7412084],[-40.3702584,-11.7554959],[-40.3638195,-11.827895],[-40.3546559,-11.8317742],[-40.3518886,-11.8552836],[-40.3262869,-11.8864904],[-40.2948777,-11.8932643],[-40.2745027,-11.90826],[-40.3024359,-11.9601686],[-40.333506,-11.9768376],[-40.3853036,-12.0282544],[-40.4650983,-12.0451518],[-40.4637577,-12.0682622],[-40.4538642,-12.0693763],[-40.4565091,-12.0799663],[-40.446467,-12.0817455],[-40.4478137,-12.1058021],[-40.4567477,-12.1108246],[-40.4602701,-12.1013595],[-40.4702446,-12.1074717],[-40.4779092,-12.1015808],[-40.4835244,-12.1102714],[-40.4961212,-12.1062178],[-40.501883,-12.1163573],[-40.5061905,-12.0987511],[-40.5247504,-12.0911752],[-40.5562054,-12.0945318],[-40.5558313,-12.0859248],[-40.569707,-12.0785585],[-40.8735935,-12.1257414],[-40.9089697,-12.0595765],[-40.895329,-11.9872341],[-40.8535859,-11.9635997],[-40.79575,-11.9620269],[-40.7718799,-11.9939376],[-40.7562019,-11.9899182],[-40.7468237,-12.0009183],[-40.7303068,-11.9998286],[-40.6707094,-11.9375685],[-40.5778386,-11.8982568],[-40.5993688,-11.8843162],[-40.6119002,-11.8543798],[-40.6249817,-11.8462014],[-40.621956,-11.8375748],[-40.4844294,-11.824598]]]}},{"type":"Feature","properties":{"level":"municipio","municipality_code":"2922201","municipality_name":"Muniz Ferreira","uf":"BA","state_code":"29","area_km2":104.54},"geometry":{"type":"Polygon","coordinates":[[[-39.037699,-12.9569843],[-39.0374596,-12.9707649],[-39.0255138,-12.9831613],[-39.0479489,-13.0145158],[-39.0525136,-13.0482458],[-39.1130911,-13.0387723],[-39.1171445,-13.058083],[-39.1297987,-13.0655995],[-39.136181,-13.0489876],[-39.1529715,-13.0405576],[-39.1451022,-13.0193839],[-39.1496051,-13.0009658],[-39.1325121,-12.9869828],[-39.1088107,-12.9964289],[-39.1036585,-12.9805394],[-39.1164247,-12.9565436],[-39.0602866,-12.9471799],[-39.037699,-12.9569843]]]}},{"type":"Feature","properties":{"level":"municipio","municipality_code":"2922250","municipality_name":"Muquém do São Francisco","uf":"BA","state_code":"29","area_km2":3852.111},"geometry":{"type":"Polygon","coordinates":[[[-43.2368481,-12.6305422],[-43.553545,-12.5065033],[-43.679363,-12.3894935],[-43.7054059,-12.3843533],[-43.7074067,-12.3707773],[-43.6853203,-12.318992],[-43.7099399,-12.3225119],[-43.7307454,-12.3101668],[-43.7259287,-12.2984536],[-43.7366568,-12.2841677],[-43.7673064,-12.2807172],[-43.7817763,-12.2580365],[-43.8005161,-12.2459244],[-43.8207282,-12.2514208],[-43.8522558,-12.2423062],[-43.8643148,-12.2507261],[-43.8824397,-12.2470383],[-43.9086679,-12.2568317],[-43.9292151,-12.2448003],[-43.915276,-12.2197847],[-43.9031878,-12.2129413],[-43.9094104,-12.2028735],[-43.8854442,-12.1847275],[-43.8875517,-12.1717983],[-43.8665844,-12.1586687],[-43.845793,-12.1647848],[-43.8243698,-12.1505027],[-43.8152417,-12.1372127],[-43.8232088,-12.1219572],[-43.7976677,-12.1116159],[-43.7945011,-12.0903244],[-43.7317464,-12.0481346],[-43.7235517,-12.0160646],[-43.7500065,-12.0147321],[-43.7606713,-12.0069274],[-43.7451178,-11.9791753],[-43.7481635,-11.9704189],[-43.7396,-11.971379],[-43.7392431,-11.9484172],[-43.7252042,-11.9444911],[-43.7176506,-11.9275486],[-43.6925235,-11.9077515],[-43.7123206,-11.8811015],[-43.7115592,-11.8710126],[-43.6616559,-11.8652279],[-43.6317748,-11.9314947],[-43.5111568,-11.9314947],[-43.496275,-11.8617297],[-43.4623626,-11.8273346],[-43.4609176,-11.8067054],[-43.4416633,-11.7946661],[-43.4299841,-11.8014184],[-43.4071289,-11.7821122],[-43.3799632,-11.7858234],[-43.3906735,-11.7342463],[-43.3480977,-11.7357403],[-43.3491991,-11.7983302],[-43.3232154,-11.8348204],[-43.3128053,-11.8671811],[-43.3540889,-11.9089406],[-43.3593297,-11.962883],[-43.3515965,-12.0110076],[-43.3027531,-12.0502804],[-43.2821938,-12.1356856],[-43.2334434,-12.1713149],[-43.2252775,-12.1872884],[-43.2634303,-12.2209022],[-43.2606953,-12.2344513],[-43.2815094,-12.2691958],[-43.2796439,-12.2864421],[-43.2882671,-12.3026034],[-43.2837998,-12.3465555],[-43.2527501,-12.3800878],[-43.257999,-12.4308803],[-43.2087251,-12.5371018],[-43.2081575,-12.5866824],[-43.1884317,-12.6134479],[-43.1961521,-12.6645624],[-43.2221415,-12.6908412],[-43.2296035,-12.6851065],[-43.2368481,-12.6305422]]]}},{"type":"Feature","properties":{"level":"municipio","municipality_code":"2922300","municipality_name":"Muritiba","uf":"BA","state_code":"29","area_km2":86.312},"geometry":{"type":"Polygon","coordinates":[[[-39.0701483,-12.6545329],[-39.1140292,-12.6379076],[-39.139772,-12.6442797],[-39.1778048,-12.6302385],[-39.1786058,-12.5882924],[-39.1700354,-12.5940593],[-39.107967,-12.5925081],[-39.0583664,-12.635307],[-39.0144797,-12.617143],[-39.01504,-12.6030891],[-38.9904748,-12.5952618],[-38.9794857,-12.6024846],[-38.9714195,-12.6322674],[-38.9802294,-12.637176],[-39.0195386,-12.6363345],[-39.0701483,-12.6545329]]]}},{"type":"Feature","properties":{"level":"municipio","municipality_code":"2922409","municipality_name":"Mutuípe","uf":"BA","state_code":"29","area_km2":275.854},"geometry":{"type":"Polygon","coordinates":[[[-39.4445964,-13.2246768],[-39.4260988,-13.2659169],[-39.4331113,-13.271363],[-39.4288253,-13.2982458],[-39.4346088,-13.3020564],[-39.4459804,-13.2877942],[-39.4534255,-13.2909205],[-39.4527373,-13.3017745],[-39.4776636,-13.2971191],[-39.4675857,-13.3295322],[-39.4799824,-13.337593],[-39.4648102,-13.3733669],[-39.484477,-13.3803956],[-39.4920806,-13.4153767],[-39.5089839,-13.4174862],[-39.5176185,-13.4338032],[-39.5467406,-13.4414798],[-39.5621911,-13.476839],[-39.581767,-13.4803924],[-39.587325,-13.4699238],[-39.5971862,-13.4721406],[-39.6011778,-13.4540846],[-39.5934167,-13.4497732],[-39.5909037,-13.4156588],[-39.575113,-13.425358],[-39.556171,-13.4176298],[-39.5534979,-13.3626933],[-39.532252,-13.2742469],[-39.5348214,-13.2418379],[-39.5421962,-13.2359169],[-39.5335463,-13.2289129],[-39.5426124,-13.2184186],[-39.5258445,-13.2046597],[-39.5388938,-13.1842785],[-39.5116944,-13.1777621],[-39.50765,-13.1841196],[-39.4875975,-13.1725572],[-39.466196,-13.2000007],[-39.4605503,-13.1894097],[-39.446326,-13.1865639],[-39.4367736,-13.2061535],[-39.4445964,-13.2246768]]]}},{"type":"Feature","properties":{"level":"municipio","municipality_code":"2922508","municipality_name":"Nazaré","uf":"BA","state_code":"29","area_km2":278.629},"geometry":{"type":"Polygon","coordinates":[[[-39.0298695,-12.833219],[-39.0132871,-12.8456107],[-38.9972536,-12.8358595],[-38.9771445,-12.8455627],[-38.976304,-12.8591935],[-38.9563746,-12.8768862],[-38.9463986,-12.9019725],[-38.9351057,-12.9002701],[-38.931235,-12.9117091],[-38.9185988,-12.9145689],[-38.91392,-12.9376551],[-38.8903395,-12.9697192],[-38.8831547,-12.9972272],[-38.9116376,-12.9967115],[-38.9112614,-13.0242168],[-38.9328193,-13.0103683],[-38.9315673,-13.0203096],[-38.9568434,-13.0620267],[-38.9660888,-13.0455483],[-38.9879009,-13.0453512],[-39.0010729,-13.0556033],[-39.0525136,-13.0482458],[-39.0479489,-13.0145158],[-39.0255138,-12.9831613],[-39.0374596,-12.9707649],[-39.0417208,-12.9512129],[-39.0371153,-12.9408873],[-39.0198863,-12.9341673],[-39.0363434,-12.8985956],[-39.036043,-12.8791355],[-39.0492438,-12.8731464],[-39.0449725,-12.8560612],[-39.0518333,-12.837146],[-39.0298695,-12.833219]]]}},{"type":"Feature","properties":{"level":"municipio","municipality_code":"2922607","municipality_name":"Nilo Peçanha","uf":"BA","state_code":"29","area_km2":388.936},"geometry":{"type":"Polygon","coordinates":[[[-39.4287979,-13.6515207],[-39.3939621,-13.6547685],[-39.3990484,-13.6480963],[-39.3848592,-13.6462244],[-39.3573724,-13.6685905],[-39.3072642,-13.6747381],[-39.2937567,-13.6749081],[-39.2870533,-13.6658028],[-39.2872749,-13.6810953],[-39.2638578,-13.6924837],[-39.260056,-13.6659163],[-39.2523277,-13.663344],[-39.244547,-13.6370933],[-39.2372677,-13.6373149],[-39.2319871,-13.6537347],[-39.2150348,-13.6548452],[-39.20606,-13.6383121],[-39.1859234,-13.6291107],[-39.1827392,-13.6173709],[-39.1625459,-13.6163737],[-39.1511461,-13.6044527],[-39.1164935,-13.5957272],[-39.0867419,-13.6013705],[-39.080031,-13.5633351],[-39.0637652,-13.5678586],[-39.0576238,-13.5812717],[-39.0441655,-13.5775787],[-39.0283088,-13.5858021],[-39.019876,-13.5754848],[-39.0024245,-13.5781539],[-39.000014,-13.5912068],[-38.9785975,-13.6150841],[-38.9840108,-13.6283198],[-38.9700017,-13.6415556],[-38.9714688,-13.6720845],[-38.9625929,-13.6863546],[-38.9889263,-13.7170302],[-38.9832491,-13.6950971],[-38.9945463,-13.7077242],[-39.0234605,-13.7105463],[-39.0469942,-13.6960302],[-39.0584866,-13.7049323],[-39.0790766,-13.6796131],[-39.1333787,-13.6508409],[-39.2285756,-13.6820729],[-39.2323942,-13.6971314],[-39.2599818,-13.7122886],[-39.2731647,-13.7116281],[-39.2878093,-13.7369631],[-39.3186515,-13.7264479],[-39.3637423,-13.7340096],[-39.3798836,-13.7145042],[-39.4397736,-13.7244744],[-39.4467734,-13.6894934],[-39.4258121,-13.6617008],[-39.4287979,-13.6515207]]]}},{"type":"Feature","properties":{"level":"municipio","municipality_code":"2922656","municipality_name":"Nordestina","uf":"BA","state_code":"29","area_km2":465.407},"geometry":{"type":"Polygon","coordinates":[[[-39.4799171,-10.9506135],[-39.5183111,-10.9449683],[-39.5266566,-10.9321816],[-39.5244529,-10.9253755],[-39.5362999,-10.9171415],[-39.5302592,-10.8891843],[-39.5398138,-10.8831111],[-39.5374387,-10.8581835],[-39.5526679,-10.8539964],[-39.5510131,-10.8456484],[-39.5824832,-10.8138454],[-39.5892247,-10.7815023],[-39.5272146,-10.7772781],[-39.5256831,-10.7699173],[-39.5011169,-10.7871244],[-39.4727412,-10.7764545],[-39.4380814,-10.7486541],[-39.4443298,-10.7695689],[-39.3692536,-10.7660183],[-39.3634516,-10.8470383],[-39.3739802,-10.8654265],[-39.3694604,-10.9292919],[-39.3779522,-10.9475943],[-39.3495987,-10.9483059],[-39.3270701,-10.9663801],[-39.3262725,-10.9777091],[-39.3477039,-10.9727172],[-39.3565097,-10.9908608],[-39.3657063,-10.9865495],[-39.363943,-10.995932],[-39.4039148,-11.0075046],[-39.4164786,-11.0095577],[-39.4405725,-10.9965269],[-39.4629252,-11.0080598],[-39.461056,-10.9906418],[-39.4799171,-10.9506135]]]}},{"type":"Feature","properties":{"level":"municipio","municipality_code":"2922706","municipality_name":"Nova Canaã","uf":"BA","state_code":"29","area_km2":804.617},"geometry":{"type":"Polygon","coordinates":[[[-40.0360062,-14.8283233],[-40.0458786,-14.8735004],[-40.0364159,-14.8957652],[-40.0403251,-14.9397341],[-40.0729648,-15.0043274],[-40.0906817,-15.0102524],[-40.0827234,-15.0293911],[-40.1015405,-15.0450365],[-40.1060003,-15.0356192],[-40.1181669,-15.0358111],[-40.1369327,-15.0088087],[-40.2998356,-14.960249],[-40.2916077,-14.9187257],[-40.2775802,-14.9006805],[-40.2819446,-14.8920688],[-40.274424,-14.8708448],[-40.282952,-14.8713778],[-40.2822517,-14.8557455],[-40.3111904,-14.840414],[-40.3118727,-14.8210378],[-40.3227706,-14.8028387],[-40.3148505,-14.788067],[-40.3202517,-14.7439641],[-40.2982422,-14.7451175],[-40.2950804,-14.7355135],[-40.3025502,-14.6948447],[-40.2935785,-14.6584048],[-40.2209803,-14.6733943],[-40.2074446,-14.7039477],[-40.2081571,-14.7424602],[-40.2008864,-14.7482431],[-40.1518962,-14.764553],[-40.136723,-14.7585748],[-40.112379,-14.7869362],[-40.0851961,-14.769511],[-40.0246592,-14.8185964],[-40.0360062,-14.8283233]]]}},{"type":"Feature","properties":{"level":"municipio","municipality_code":"2922730","municipality_name":"Nova Fátima","uf":"BA","state_code":"29","area_km2":346.784},"geometry":{"type":"Polygon","coordinates":[[[-39.5571391,-11.6760246],[-39.6408105,-11.7248275],[-39.6960389,-11.7281163],[-39.7173707,-11.6265965],[-39.7655952,-11.5906641],[-39.7333499,-11.5878539],[-39.6801835,-11.5582489],[-39.6193188,-11.5050596],[-39.599297,-11.5299918],[-39.5900638,-11.5274849],[-39.5568596,-11.5441611],[-39.5362644,-11.5632462],[-39.537042,-11.5877132],[-39.5541055,-11.5913624],[-39.5544339,-11.6171515],[-39.5430038,-11.6385066],[-39.5560402,-11.6507916],[-39.5571391,-11.6760246]]]}},{"type":"Feature","properties":{"level":"municipio","municipality_code":"2922755","municipality_name":"Nova Ibiá","uf":"BA","state_code":"29","area_km2":203.198},"geometry":{"type":"Polygon","coordinates":[[[-39.5512212,-13.8977957],[-39.5778859,-13.897375],[-39.5735161,-13.8899648],[-39.5956652,-13.8802123],[-39.5951234,-13.8666772],[-39.6208046,-13.8571733],[-39.6262156,-13.8668769],[-39.6445444,-13.8671099],[-39.6536036,-13.8755749],[-39.6731224,-13.8754773],[-39.680038,-13.8714532],[-39.6604459,-13.8494533],[-39.6583665,-13.8279325],[-39.636429,-13.7952199],[-39.6404524,-13.7843233],[-39.6209625,-13.7755536],[-39.6162829,-13.7439572],[-39.5978401,-13.7193673],[-39.5537703,-13.7271025],[-39.5652877,-13.755414],[-39.5297627,-13.8042891],[-39.556404,-13.8374677],[-39.5446746,-13.8417865],[-39.5319663,-13.8655987],[-39.5211487,-13.8570514],[-39.5112635,-13.8627554],[-39.4994219,-13.8520124],[-39.5053522,-13.8651359],[-39.488123,-13.8806367],[-39.5022783,-13.9043216],[-39.5182415,-13.9090537],[-39.5191116,-13.9158466],[-39.5508961,-13.9191554],[-39.5512212,-13.8977957]]]}},{"type":"Feature","properties":{"level":"municipio","municipality_code":"2922805","municipality_name":"Nova Itarana","uf":"BA","state_code":"29","area_km2":475.381},"geometry":{"type":"Polygon","coordinates":[[[-40.0146793,-13.1420719],[-40.0577706,-13.1130106],[-40.1207159,-13.1209125],[-40.1520566,-13.1069864],[-40.1779154,-13.0652957],[-40.1991753,-13.048685],[-40.1989867,-13.0381146],[-40.1733008,-13.0208403],[-40.1440151,-12.9823025],[-40.0654392,-12.9927184],[-39.9999543,-12.9699457],[-39.9911395,-12.9631873],[-39.9881075,-12.9306306],[-39.8998045,-12.8746445],[-39.8994518,-12.9334533],[-39.9530468,-12.994841],[-39.96811,-13.0389257],[-39.9566951,-13.060053],[-39.9626843,-13.0955427],[-39.9228035,-13.1617352],[-39.946322,-13.1653489],[-39.934787,-13.1964505],[-39.9438755,-13.2156495],[-40.0146793,-13.1420719]]]}},{"type":"Feature","properties":{"level":"municipio","municipality_code":"2922854","municipality_name":"Nova Redenção","uf":"BA","state_code":"29","area_km2":565.356},"geometry":{"type":"Polygon","coordinates":[[[-40.9822189,-12.7363953],[-40.9673314,-12.7930407],[-41.0199753,-12.9153972],[-41.0383205,-12.918246],[-41.0434306,-12.9119024],[-41.0476246,-12.9233058],[-41.0552143,-12.9235261],[-41.074012,-12.893759],[-41.0943564,-12.8988035],[-41.1074911,-12.8881435],[-41.2325394,-12.9123858],[-41.2227972,-12.8917341],[-41.2585924,-12.8021294],[-41.2448939,-12.7964581],[-41.2440231,-12.8069702],[-41.2244572,-12.8182456],[-41.2246782,-12.805664],[-41.2071061,-12.7842665],[-41.1938571,-12.7799123],[-41.1837804,-12.7861947],[-41.1787109,-12.7755582],[-41.1862373,-12.7675341],[-41.1735481,-12.7719505],[-41.1666678,-12.7458147],[-41.1491216,-12.7452879],[-41.1488606,-12.7107014],[-41.0466655,-12.6890425],[-41.0074422,-12.6211097],[-40.9833653,-12.7006448],[-40.9748341,-12.7010545],[-40.9822189,-12.7363953]]]}},{"type":"Feature","properties":{"level":"municipio","municipality_code":"2922904","municipality_name":"Nova Soure","uf":"BA","state_code":"29","area_km2":966.993},"geometry":{"type":"Polygon","coordinates":[[[-38.6168125,-11.1618348],[-38.476373,-11.1617988],[-38.4607179,-11.1489756],[-38.4466083,-11.1548947],[-38.4437686,-11.1756987],[-38.4317387,-11.1834937],[-38.4181674,-11.2125494],[-38.3762897,-11.2516356],[-38.3716894,-11.2701379],[-38.3890377,-11.2863138],[-38.3915135,-11.2988892],[-38.4126171,-11.3133208],[-38.4104289,-11.3281151],[-38.4276017,-11.344228],[-38.4255995,-11.3546883],[-38.4364122,-11.3680446],[-38.4329621,-11.395566],[-38.4490777,-11.421166],[-38.4918457,-11.4456289],[-38.48819,-11.4666284],[-38.4991109,-11.490652],[-38.5564841,-11.4846104],[-38.57086,-11.4917903],[-38.5708971,-11.4637328],[-38.6645306,-11.4308],[-38.6434902,-11.4101803],[-38.621963,-11.4110112],[-38.7741465,-11.3563555],[-38.629106,-11.1913035],[-38.6168125,-11.1618348]]]}},{"type":"Feature","properties":{"level":"municipio","municipality_code":"2923001","municipality_name":"Nova Viçosa","uf":"BA","state_code":"29","area_km2":1316.379},"geometry":{"type":"MultiPolygon","coordinates":[[[[-39.2077723,-17.9679028],[-39.2091671,-17.9672688],[-39.2072643,-17.9663196],[-39.2077723,-17.9679028]]],[[[-39.7401565,-17.9892549],[-40.0096993,-17.9867738],[-40.0211458,-17.9836609],[-40.020552,-17.9703771],[-40.0331378,-17.970972],[-40.0297975,-17.9598484],[-40.0364437,-17.9540778],[-40.0582424,-17.9599032],[-40.0678579,-17.8493391],[-40.0490055,-17.8565421],[-39.9925783,-17.8289326],[-39.9543378,-17.8335561],[-39.943773,-17.8466463],[-39.9259302,-17.8415169],[-39.8883603,-17.8485684],[-39.8582337,-17.8259366],[-39.8198823,-17.8259548],[-39.7764783,-17.8087021],[-39.7730268,-17.7984158],[-39.740111,-17.7793279],[-39.7088522,-17.7730257],[-39.6848453,-17.7922959],[-39.6561822,-17.8022477],[-39.6278408,-17.7880184],[-39.5867143,-17.7969817],[-39.5503288,-17.8177695],[-39.5235778,-17.8121942],[-39.4993891,-17.8226814],[-39.4949702,-17.8341862],[-39.4831309,-17.8355866],[-39.4824822,-17.8283125],[-39.4675673,-17.8443613],[-39.4479924,-17.841048],[-39.4551326,-17.851672],[-39.446226,-17.8596387],[-39.3078037,-17.85353],[-39.2940528,-17.8612478],[-39.2766173,-17.8554126],[-39.2572851,-17.8282703],[-39.2666084,-17.8610684],[-39.2795248,-17.8727159],[-39.3195987,-17.8916576],[-39.3644416,-17.890754],[-39.3619092,-17.9053893],[-39.4273055,-17.9341748],[-39.4911549,-17.9979324],[-39.5106469,-17.9772917],[-39.517018,-17.9849729],[-39.5751649,-17.9777484],[-39.5885162,-17.9904072],[-39.6070471,-17.9871225],[-39.6412256,-18.0008788],[-39.7089756,-17.9981672],[-39.7401565,-17.9892549]]]]}},{"type":"Feature","properties":{"level":"municipio","municipality_code":"2923035","municipality_name":"Novo Horizonte","uf":"BA","state_code":"29","area_km2":627.5},"geometry":{"type":"Polygon","coordinates":[[[-42.1682222,-12.960332],[-42.195448,-12.9228437],[-42.2120893,-12.9217463],[-42.2237977,-12.8623598],[-42.2487391,-12.8160655],[-42.2424149,-12.8074065],[-42.2650083,-12.7269546],[-42.2051046,-12.727735],[-42.1729468,-12.7192269],[-42.1674512,-12.7260079],[-42.0965404,-12.7150466],[-42.0180267,-12.7200358],[-42.0333423,-12.7629609],[-42.0129592,-12.8334189],[-42.0245639,-12.8893755],[-42.0135393,-12.9202064],[-42.0528572,-12.9122235],[-42.0501867,-12.9432853],[-42.0667113,-12.952378],[-42.0769702,-12.9809208],[-42.0840989,-12.9854601],[-42.0914491,-12.9796447],[-42.0950907,-13.0022265],[-42.1239446,-13.0004715],[-42.1252928,-13.018338],[-42.1452912,-13.0165782],[-42.1618592,-13.0010274],[-42.1682222,-12.960332]]]}},{"type":"Feature","properties":{"level":"municipio","municipality_code":"2923050","municipality_name":"Novo Triunfo","uf":"BA","state_code":"29","area_km2":299.125},"geometry":{"type":"Polygon","coordinates":[[[-38.4148642,-10.4632394],[-38.420387,-10.4370019],[-38.433056,-10.452381],[-38.4515235,-10.4448664],[-38.4665617,-10.4542415],[-38.4931478,-10.4428029],[-38.5063898,-10.4092138],[-38.5029159,-10.3769297],[-38.5416367,-10.3465487],[-38.5789899,-10.3333595],[-38.5823217,-10.2823743],[-38.5605447,-10.2764444],[-38.5460648,-10.2808528],[-38.5211276,-10.3076502],[-38.5058394,-10.3063282],[-38.487602,-10.3222241],[-38.4716188,-10.3156165],[-38.478478,-10.3109421],[-38.4073734,-10.2943448],[-38.3841408,-10.2790695],[-38.3565367,-10.3269898],[-38.3445901,-10.3702329],[-38.3807564,-10.4105643],[-38.4036086,-10.4207856],[-38.4049842,-10.450017],[-38.4148642,-10.4632394]]]}},{"type":"Feature","properties":{"level":"municipio","municipality_code":"2923100","municipality_name":"Olindina","uf":"BA","state_code":"29","area_km2":637.317},"geometry":{"type":"Polygon","coordinates":[[[-38.3446856,-11.2636865],[-38.3077098,-11.310166],[-38.2574166,-11.3200838],[-38.2121473,-11.351249],[-38.238735,-11.3720818],[-38.2638326,-11.423965],[-38.3014965,-11.626247],[-38.3386321,-11.5866091],[-38.3564204,-11.5901302],[-38.3975233,-11.5574153],[-38.4048275,-11.5355724],[-38.4166244,-11.5342826],[-38.4273117,-11.5445066],[-38.4558909,-11.523176],[-38.452418,-11.5149664],[-38.4991109,-11.490652],[-38.48819,-11.4666284],[-38.4918457,-11.4456289],[-38.4490777,-11.421166],[-38.4329621,-11.395566],[-38.4370778,-11.3725883],[-38.4255995,-11.3546883],[-38.4276017,-11.344228],[-38.4105484,-11.3283731],[-38.4129017,-11.3139345],[-38.4049985,-11.303591],[-38.3918015,-11.2991901],[-38.3888806,-11.2860992],[-38.3741485,-11.2772105],[-38.373535,-11.2643588],[-38.3446856,-11.2636865]]]}},{"type":"Feature","properties":{"level":"municipio","municipality_code":"2923209","municipality_name":"Oliveira dos Brejinhos","uf":"BA","state_code":"29","area_km2":3313.418},"geometry":{"type":"Polygon","coordinates":[[[-42.8253979,-12.5697955],[-42.9205547,-12.5268598],[-42.9497167,-12.4847629],[-42.9519988,-12.4657053],[-42.9291967,-12.4504762],[-42.9278758,-12.436427],[-42.9433625,-12.4260843],[-42.9584866,-12.4030261],[-42.9530018,-12.3916087],[-42.970337,-12.3772428],[-42.9623539,-12.358578],[-42.9749395,-12.3281028],[-42.9624284,-12.2851056],[-42.9637149,-12.2687224],[-42.9809757,-12.2602386],[-42.9776209,-12.1949724],[-42.9981787,-12.1896277],[-43.0151761,-12.1632872],[-43.0280772,-12.164126],[-43.0339124,-12.1495],[-43.0558883,-12.1551031],[-43.0636003,-12.1399492],[-43.0574372,-12.0969115],[-43.0747337,-12.0950836],[-43.0922014,-12.0560011],[-43.1109087,-12.0463766],[-43.1437215,-12.044366],[-43.1365527,-12.019485],[-42.9202438,-11.9732475],[-42.9025966,-11.9623321],[-42.8728996,-11.964039],[-42.8135364,-11.9410499],[-42.7796859,-11.9726757],[-42.7637881,-11.9607851],[-42.7567379,-11.9861122],[-42.7773203,-11.996683],[-42.7710745,-12.0081773],[-42.776792,-12.0340917],[-42.7532413,-12.0678795],[-42.752379,-12.0878478],[-42.739846,-12.0850113],[-42.7197988,-12.1052077],[-42.7193229,-12.1170456],[-42.697988,-12.1030636],[-42.6860121,-12.1043416],[-42.6856838,-12.0832977],[-42.6699103,-12.0599338],[-42.6590316,-12.0711735],[-42.6265738,-12.0799181],[-42.6174362,-12.1032894],[-42.6218863,-12.1143689],[-42.6110328,-12.1483553],[-42.6137552,-12.1677173],[-42.5728482,-12.1726205],[-42.5772057,-12.2036249],[-42.561356,-12.2583954],[-42.3783689,-12.2343922],[-42.3717938,-12.2778341],[-42.3210402,-12.4061562],[-42.3622608,-12.4202377],[-42.3531133,-12.4575208],[-42.370027,-12.4580786],[-42.370326,-12.4811895],[-42.4255588,-12.4973351],[-42.4924377,-12.544181],[-42.518574,-12.5394825],[-42.5329905,-12.5468202],[-42.5640195,-12.5284877],[-42.5793635,-12.528911],[-42.5897408,-12.5096687],[-42.6068144,-12.5132258],[-42.6388962,-12.5007983],[-42.7717026,-12.5576511],[-42.8253979,-12.5697955]]]}},{"type":"Feature","properties":{"level":"municipio","municipality_code":"2923308","municipality_name":"Ouriçangas","uf":"BA","state_code":"29","area_km2":156.982},"geometry":{"type":"Polygon","coordinates":[[[-38.6312852,-11.9332609],[-38.6051406,-12.004047],[-38.6073193,-12.0213688],[-38.5858908,-12.0456757],[-38.5801715,-12.0822865],[-38.6036484,-12.0823674],[-38.6577252,-12.0532733],[-38.699918,-12.0541757],[-38.7191179,-12.0367566],[-38.7246215,-12.0138436],[-38.7093811,-11.9845134],[-38.706688,-11.9554462],[-38.6312852,-11.9332609]]]}},{"type":"Feature","properties":{"level":"municipio","municipality_code":"2923357","municipality_name":"Ourolândia","uf":"BA","state_code":"29","area_km2":1544.988},"geometry":{"type":"Polygon","coordinates":[[[-41.1340595,-10.995531],[-41.2338244,-10.9567042],[-41.2892871,-10.9091525],[-41.4277368,-10.8660474],[-41.4610777,-10.8316097],[-41.4491123,-10.8253624],[-41.4537486,-10.8159729],[-41.4432317,-10.8018664],[-41.2807524,-10.7381384],[-41.3074088,-10.6807076],[-41.2810165,-10.6424811],[-41.1810119,-10.6479948],[-41.1954512,-10.6967948],[-41.1758011,-10.7234325],[-41.1467181,-10.724884],[-41.1009758,-10.7132844],[-41.006186,-10.7299464],[-40.9300223,-10.7750795],[-40.9205595,-10.8078103],[-40.9078464,-10.8168526],[-40.9030351,-10.8576565],[-40.876249,-10.9025552],[-40.9050018,-10.9436977],[-40.8988542,-10.9741663],[-40.9245696,-10.9913431],[-40.9162865,-11.0234127],[-41.0886627,-11.0171305],[-41.1028756,-11.0247371],[-41.1340595,-10.995531]]]}},{"type":"Feature","properties":{"level":"municipio","municipality_code":"2923407","municipality_name":"Palmas de Monte Alto","uf":"BA","state_code":"29","area_km2":2560.027},"geometry":{"type":"Polygon","coordinates":[[[-42.938007,-14.098464],[-42.9722091,-14.1660612],[-42.9631449,-14.1853592],[-42.9747626,-14.1865441],[-43.070051,-14.3220775],[-43.0504915,-14.3355125],[-43.0932233,-14.3711361],[-43.1017821,-14.3914368],[-43.1202207,-14.4009243],[-43.1361944,-14.4273806],[-43.1610296,-14.4280843],[-43.18061,-14.4458009],[-43.2237119,-14.4648327],[-43.2506196,-14.468916],[-43.2630205,-14.4567235],[-43.4210872,-14.4966539],[-43.3737583,-14.361663],[-43.4876633,-14.0906204],[-43.4433569,-13.8934929],[-43.434966,-13.8955405],[-43.4380403,-13.9047177],[-43.4278255,-13.9132455],[-43.4157583,-13.9107522],[-43.4080245,-13.9391068],[-43.379775,-13.955485],[-43.3720738,-13.9786913],[-43.3498061,-13.9750584],[-43.3276568,-13.9898794],[-43.2976812,-13.992349],[-43.2746105,-13.9933357],[-43.2706987,-13.9856849],[-43.2578094,-13.9964731],[-43.2203371,-13.9819198],[-43.194218,-13.9906664],[-43.1896529,-13.9808632],[-43.1632185,-13.9746717],[-43.1325528,-13.9856952],[-43.1013407,-13.9282973],[-43.067189,-13.9274413],[-43.0507854,-13.9165145],[-43.0223915,-13.9196423],[-42.9944706,-13.9430452],[-42.9609717,-13.9488089],[-42.9199108,-13.9777185],[-42.9460624,-14.0146341],[-42.938007,-14.098464]]]}},{"type":"Feature","properties":{"level":"municipio","municipality_code":"2923506","municipality_name":"Palmeiras","uf":"BA","state_code":"29","area_km2":737.797},"geometry":{"type":"Polygon","coordinates":[[[-41.4379006,-12.709996],[-41.6051324,-12.7121941],[-41.6619824,-12.6683589],[-41.6788413,-12.6263925],[-41.6561225,-12.5850486],[-41.6631787,-12.5521283],[-41.6718823,-12.5521466],[-41.6841071,-12.5364461],[-41.6038728,-12.4268505],[-41.5850362,-12.4272542],[-41.5880644,-12.3967586],[-41.5648615,-12.3881307],[-41.5642006,-12.3716367],[-41.5325338,-12.3548103],[-41.5287222,-12.360695],[-41.523021,-12.3566334],[-41.5157818,-12.375077],[-41.5119503,-12.3693354],[-41.4903545,-12.3754441],[-41.4796744,-12.3705849],[-41.452498,-12.3827059],[-41.4414762,-12.4132056],[-41.44182,-12.4354746],[-41.4579394,-12.445471],[-41.4431134,-12.4692833],[-41.4836913,-12.4860167],[-41.4876849,-12.5065036],[-41.468374,-12.5354911],[-41.4787458,-12.5492374],[-41.4705861,-12.5855506],[-41.455813,-12.5974462],[-41.4571485,-12.6071861],[-41.444426,-12.6227608],[-41.4778374,-12.6403211],[-41.4792737,-12.6507295],[-41.4520337,-12.6741171],[-41.4379006,-12.709996]]]}},{"type":"Feature","properties":{"level":"municipio","municipality_code":"2923605","municipality_name":"Paramirim","uf":"BA","state_code":"29","area_km2":1087.061},"geometry":{"type":"Polygon","coordinates":[[[-42.2341564,-13.6305032],[-42.2431966,-13.6400999],[-42.2428065,-13.6260377],[-42.2599271,-13.6001207],[-42.2611517,-13.6105502],[-42.2712504,-13.6099972],[-42.2661895,-13.6254162],[-42.2756973,-13.6243304],[-42.2798462,-13.6101266],[-42.3091595,-13.6018585],[-42.3146512,-13.6158474],[-42.3357546,-13.6097206],[-42.3353048,-13.6238952],[-42.3573534,-13.6285099],[-42.3657526,-13.5927307],[-42.3952501,-13.5893487],[-42.4048345,-13.5812779],[-42.414668,-13.5375626],[-42.4402319,-13.5127619],[-42.4390815,-13.4910157],[-42.4446457,-13.4727159],[-42.4536722,-13.4679587],[-42.4508071,-13.4420367],[-42.4630284,-13.4395434],[-42.4058872,-13.4022053],[-42.2658497,-13.369648],[-42.2626124,-13.3468204],[-42.271625,-13.3361716],[-42.2484349,-13.3238004],[-42.2578537,-13.2924984],[-42.2518942,-13.2828011],[-42.2452298,-13.284374],[-42.2516428,-13.2943943],[-42.2288078,-13.2993367],[-42.1925426,-13.2694795],[-42.1838325,-13.2964953],[-42.1901004,-13.3116439],[-42.1728765,-13.3721905],[-42.1969557,-13.3783357],[-42.2127032,-13.4133881],[-42.1745643,-13.4249013],[-42.1627218,-13.4734275],[-42.0943889,-13.5195908],[-42.0726753,-13.5678588],[-42.0406322,-13.5839625],[-42.0188311,-13.6274107],[-42.0510749,-13.6426932],[-42.0549925,-13.7059628],[-42.1149673,-13.7251143],[-42.1303614,-13.7154446],[-42.1435494,-13.7253358],[-42.1688954,-13.7174741],[-42.1847229,-13.6951294],[-42.1268988,-13.7007624],[-42.1480546,-13.6793794],[-42.145421,-13.6711956],[-42.1792138,-13.6598297],[-42.1880403,-13.6697926],[-42.2073277,-13.6550328],[-42.2161328,-13.658277],[-42.2186271,-13.6448544],[-42.2341564,-13.6305032]]]}},{"type":"Feature","properties":{"level":"municipio","municipality_code":"2923704","municipality_name":"Paratinga","uf":"BA","state_code":"29","area_km2":2624.998},"geometry":{"type":"Polygon","coordinates":[[[-43.202504,-12.91978],[-43.2143027,-12.9077725],[-43.2217067,-12.8888277],[-43.228886,-12.8960171],[-43.2509922,-12.8868069],[-43.2499222,-12.8763678],[-43.2613379,-12.8749406],[-43.2624992,-12.8633657],[-43.2875517,-12.8420118],[-43.2555809,-12.7820719],[-43.2181732,-12.7345668],[-43.2224779,-12.7274828],[-43.2294242,-12.7391372],[-43.2289657,-12.7257293],[-43.2163485,-12.7186358],[-43.2023004,-12.6891727],[-43.2221336,-12.6908437],[-43.1977511,-12.6679317],[-43.1875844,-12.6200487],[-43.2081575,-12.5866824],[-43.2087251,-12.5371018],[-43.257999,-12.4308803],[-43.2527806,-12.3811444],[-43.2039016,-12.3530451],[-43.1194877,-12.3281741],[-43.1066124,-12.309957],[-43.0778149,-12.3181262],[-43.0769826,-12.3356868],[-43.0591252,-12.3494655],[-43.0370937,-12.3307881],[-42.9723355,-12.332486],[-42.9623539,-12.358578],[-42.9687956,-12.3813785],[-42.9535904,-12.3905859],[-42.958054,-12.4038979],[-42.9278758,-12.436427],[-42.9291967,-12.4504762],[-42.9519988,-12.4657053],[-42.9497167,-12.4847629],[-42.9205547,-12.5268598],[-42.8886259,-12.5416454],[-42.878582,-12.7246062],[-42.8912978,-12.8892841],[-42.9374466,-12.9375056],[-42.973262,-12.9520162],[-42.9806865,-12.9710083],[-42.9750881,-13.0257981],[-42.9329141,-13.0817849],[-42.9374118,-13.0945581],[-42.9260191,-13.1293185],[-42.9096658,-13.139115],[-42.9055729,-13.1511166],[-42.9070177,-13.179281],[-42.9126395,-13.1799605],[-42.9184737,-13.1479457],[-42.9701883,-13.0963811],[-42.9908118,-13.0985074],[-43.0095216,-13.0867899],[-43.0298665,-13.0931162],[-43.0489472,-13.0832192],[-43.0543235,-13.0696739],[-43.0741389,-13.064658],[-43.0953986,-13.0268578],[-43.106612,-13.03163],[-43.1191448,-13.025934],[-43.127002,-13.0167808],[-43.1258153,-13.0027176],[-43.1517838,-12.9769597],[-43.16869,-12.974121],[-43.1906365,-12.923008],[-43.202504,-12.91978]]]}},{"type":"Feature","properties":{"level":"municipio","municipality_code":"2923803","municipality_name":"Paripiranga","uf":"BA","state_code":"29","area_km2":442.186},"geometry":{"type":"Polygon","coordinates":[[[-37.9844312,-10.6388113],[-37.9150674,-10.5771464],[-37.9206691,-10.5714169],[-37.9027363,-10.5506907],[-37.9160934,-10.5441753],[-37.9071178,-10.5248997],[-37.9137821,-10.5194426],[-37.9111287,-10.5039713],[-37.9305313,-10.4979318],[-37.9113997,-10.4867333],[-37.9213206,-10.470859],[-37.9111812,-10.4639836],[-37.90811,-10.4468921],[-37.8477318,-10.4434917],[-37.8126051,-10.507247],[-37.822704,-10.5313631],[-37.8192872,-10.5396416],[-37.8412315,-10.5547936],[-37.8258766,-10.5809545],[-37.8314627,-10.5842903],[-37.8178384,-10.5857658],[-37.806319,-10.6005274],[-37.8167229,-10.6313785],[-37.8029907,-10.6521623],[-37.8140471,-10.6698198],[-37.8086304,-10.6876321],[-37.8328001,-10.6804747],[-37.8475103,-10.6992649],[-37.8730685,-10.7007684],[-37.9096224,-10.7155103],[-37.9454812,-10.7565173],[-37.9528941,-10.7501022],[-37.9766648,-10.7579776],[-38.0320311,-10.7270843],[-38.0318754,-10.7079966],[-38.042123,-10.7007437],[-38.0166637,-10.6953665],[-37.978666,-10.6519953],[-37.987475,-10.6477655],[-37.9844312,-10.6388113]]]}},{"type":"Feature","properties":{"level":"municipio","municipality_code":"2923902","municipality_name":"Pau Brasil","uf":"BA","state_code":"29","area_km2":626.306},"geometry":{"type":"Polygon","coordinates":[[[-39.624085,-15.3513368],[-39.5993753,-15.3566348],[-39.601538,-15.3810728],[-39.5851519,-15.3887367],[-39.5784296,-15.4096678],[-39.5767692,-15.4261811],[-39.6136393,-15.4705328],[-39.6087724,-15.4883528],[-39.5996311,-15.4999025],[-39.5794539,-15.500986],[-39.5712857,-15.519278],[-39.5497879,-15.5168266],[-39.5478211,-15.5255338],[-39.5628118,-15.5299133],[-39.5707496,-15.5440213],[-39.6130106,-15.5468378],[-39.6185917,-15.5530158],[-39.5895657,-15.5999815],[-39.5979649,-15.6090561],[-39.616573,-15.6204447],[-39.6327414,-15.6193433],[-39.6521578,-15.5907739],[-39.6606664,-15.605443],[-39.6717702,-15.6043968],[-39.6668906,-15.6097244],[-39.6740475,-15.6368674],[-39.6886653,-15.6370125],[-39.6958768,-15.6278048],[-39.6830527,-15.6178305],[-39.695359,-15.5993117],[-39.7141166,-15.591279],[-39.7091574,-15.5801772],[-39.7182406,-15.5567669],[-39.7518338,-15.5554121],[-39.7728854,-15.5663243],[-39.7725001,-15.5584737],[-39.7919711,-15.541378],[-39.8301792,-15.5317869],[-39.8419453,-15.4824127],[-39.8296756,-15.4592578],[-39.792276,-15.427181],[-39.7926379,-15.4122707],[-39.7820396,-15.4108202],[-39.765824,-15.3669456],[-39.7584359,-15.373665],[-39.7468362,-15.370778],[-39.7382295,-15.3858137],[-39.7236418,-15.3537156],[-39.7067425,-15.3576064],[-39.7001891,-15.3412375],[-39.6844149,-15.3366255],[-39.6884328,-15.2981371],[-39.6636334,-15.3068029],[-39.6533552,-15.2819134],[-39.6449291,-15.2974746],[-39.630598,-15.3016366],[-39.624085,-15.3513368]]]}},{"type":"Feature","properties":{"level":"municipio","municipality_code":"2924009","municipality_name":"Paulo Afonso","uf":"BA","state_code":"29","area_km2":1544.388},"geometry":{"type":"Polygon","coordinates":[[[-38.2153178,-9.3529374],[-38.1941767,-9.3943858],[-38.2047642,-9.4186743],[-38.1776999,-9.4253864],[-38.1549496,-9.4434161],[-38.1419281,-9.4377629],[-38.1181198,-9.4422607],[-38.1089424,-9.4356214],[-38.0797087,-9.4403868],[-38.0678462,-9.4585026],[-38.0109255,-9.4787311],[-37.9979494,-9.4992833],[-38.0226164,-9.5406648],[-38.0193667,-9.5629543],[-38.0277578,-9.5746173],[-38.0372511,-9.5692134],[-38.0387213,-9.5824368],[-38.0837839,-9.5989309],[-38.0896621,-9.6111978],[-38.1155479,-9.6143435],[-38.122872,-9.6206756],[-38.1242506,-9.644836],[-38.1365338,-9.6402895],[-38.1484371,-9.6495849],[-38.1447222,-9.6584515],[-38.1566607,-9.6775208],[-38.1758737,-9.6696368],[-38.191033,-9.6768926],[-38.2248159,-9.6744712],[-38.285333,-9.6906314],[-38.3076047,-9.660971],[-38.3508638,-9.6779705],[-38.3636533,-9.7068404],[-38.4432358,-9.6985996],[-38.4584567,-9.7089341],[-38.487785,-9.7125109],[-38.548946,-9.6854742],[-38.5320039,-9.6497583],[-38.5082627,-9.6304203],[-38.4914817,-9.5296966],[-38.5087156,-9.3536506],[-38.4399673,-9.4137672],[-38.3889276,-9.4029431],[-38.3649602,-9.3819956],[-38.3419528,-9.3905313],[-38.3211962,-9.3789733],[-38.3009633,-9.3876968],[-38.2840882,-9.3850927],[-38.2153178,-9.3529374]]]}},{"type":"Feature","properties":{"level":"municipio","municipality_code":"2924207","municipality_name":"Pedro Alexandre","uf":"BA","state_code":"29","area_km2":889.572},"geometry":{"type":"Polygon","coordinates":[[[-38.0150813,-10.1247856],[-38.0441144,-10.1412169],[-38.0897173,-10.1479155],[-38.088498,-10.1093397],[-38.0778687,-10.1004254],[-38.0841784,-10.0962432],[-38.0795675,-10.0873818],[-38.0877217,-10.0458982],[-38.1089598,-10.0030104],[-38.0998512,-9.9678886],[-38.118518,-9.9534096],[-38.1329574,-9.9548206],[-38.1403186,-9.9412406],[-38.1143597,-9.9198635],[-38.1022397,-9.8824821],[-38.0831534,-9.8968452],[-38.0299064,-9.9076354],[-38.0034676,-9.9046918],[-37.9967546,-9.9186602],[-37.9838645,-9.9182251],[-37.9754164,-9.9367318],[-37.9554324,-9.9429999],[-37.9370349,-9.9397298],[-37.9076252,-9.9108805],[-37.9011878,-9.9211281],[-37.9127912,-9.9371313],[-37.8957932,-9.9421324],[-37.8960726,-9.9542834],[-37.8760988,-9.9769558],[-37.8472437,-9.994281],[-37.8248135,-10.0234563],[-37.8259678,-10.0365836],[-37.7909033,-10.0327032],[-37.7826444,-10.0435984],[-37.8020145,-10.1124474],[-37.7747608,-10.1423571],[-37.7829268,-10.1824238],[-37.7656811,-10.1960449],[-37.7470908,-10.2380727],[-37.7656795,-10.2518674],[-37.7488597,-10.2643236],[-37.7503827,-10.2894991],[-37.768662,-10.2891961],[-37.7930104,-10.2469142],[-37.8362848,-10.2295608],[-37.906057,-10.1684118],[-37.9518372,-10.1614402],[-37.9653052,-10.1466605],[-38.0150813,-10.1247856]]]}},{"type":"Feature","properties":{"level":"municipio","municipality_code":"2924108","municipality_name":"Pedrão","uf":"BA","state_code":"29","area_km2":158.488},"geometry":{"type":"Polygon","coordinates":[[[-38.6581579,-12.1929019],[-38.7330202,-12.1553908],[-38.7003192,-12.138798],[-38.6577252,-12.0532733],[-38.6036484,-12.0823674],[-38.5802211,-12.0823083],[-38.570403,-12.1243364],[-38.5887466,-12.1776643],[-38.5866668,-12.1936777],[-38.5955633,-12.1956458],[-38.6151034,-12.1768515],[-38.6123129,-12.1664095],[-38.6321843,-12.1701318],[-38.6581579,-12.1929019]]]}},{"type":"Feature","properties":{"level":"municipio","municipality_code":"2924306","municipality_name":"Piatã","uf":"BA","state_code":"29","area_km2":1825.856},"geometry":{"type":"Polygon","coordinates":[[[-41.8129241,-12.8208599],[-41.7969991,-12.8091507],[-41.7803572,-12.8363717],[-41.7007131,-12.9933651],[-41.6845349,-13.0117635],[-41.6635949,-13.0711567],[-41.6489439,-13.0807109],[-41.6262287,-13.1297181],[-41.6401866,-13.1503504],[-41.6350731,-13.1589926],[-41.6766847,-13.1795676],[-41.6736416,-13.1930528],[-41.6905151,-13.2068353],[-41.6902654,-13.2162558],[-41.7256786,-13.235584],[-41.7347054,-13.2528086],[-41.7894695,-13.2806194],[-41.8575822,-13.1892562],[-41.8748413,-13.2136448],[-41.8882583,-13.210792],[-41.9018651,-13.2219272],[-41.9186587,-13.2490948],[-41.9125662,-13.2640602],[-41.985769,-13.234203],[-42.0143253,-13.1894656],[-42.0313974,-13.1761535],[-42.0592812,-13.1813065],[-42.0731176,-13.1520523],[-42.0821982,-13.1523016],[-42.1036563,-13.1327272],[-42.1022791,-13.0959797],[-42.1101176,-13.0817777],[-42.1028556,-13.0678535],[-42.1258601,-13.0061347],[-42.1239446,-13.0004715],[-42.1185885,-12.9980469],[-42.1145124,-13.0040455],[-42.0950907,-13.0022265],[-42.0914491,-12.9796447],[-42.0840989,-12.9854601],[-42.0764894,-12.9804109],[-42.0667113,-12.952378],[-42.0501296,-12.9431568],[-42.0528572,-12.9122235],[-42.0135393,-12.9202064],[-42.0245639,-12.8893755],[-42.0184548,-12.8561123],[-41.9936837,-12.855707],[-41.978011,-12.8303785],[-41.9147702,-12.819007],[-41.894923,-12.8036607],[-41.8594887,-12.8249736],[-41.8297904,-12.8142912],[-41.8129241,-12.8208599]]]}},{"type":"Feature","properties":{"level":"municipio","municipality_code":"2924405","municipality_name":"Pilão Arcado","uf":"BA","state_code":"29","area_km2":11597.936},"geometry":{"type":"Polygon","coordinates":[[[-42.619205,-10.5686436],[-43.2792556,-10.2369944],[-43.4703887,-10.2344133],[-43.5037012,-10.2486305],[-43.5418558,-10.2449543],[-43.5531583,-10.2519737],[-43.5846286,-10.2482313],[-43.5939186,-10.2536772],[-43.5963745,-10.2685198],[-43.6230539,-10.2830635],[-43.6329144,-10.3036418],[-43.6521286,-10.3060213],[-43.6646802,-10.3239862],[-43.6542701,-10.3459962],[-43.6630017,-10.3759035],[-43.7219956,-10.3546929],[-43.7707923,-10.3930881],[-43.9158894,-10.3930848],[-43.8950961,-10.3544907],[-43.8369216,-10.302205],[-43.8372651,-10.2500682],[-43.7978479,-10.2088432],[-43.7748708,-10.1683025],[-43.7657611,-10.1275954],[-43.7731135,-10.0987842],[-43.7660345,-10.0800571],[-43.729928,-10.0722555],[-43.6929149,-10.0773954],[-43.6902815,-10.0446351],[-43.6694806,-10.0307552],[-43.6621314,-10.0095442],[-43.6663439,-9.9895402],[-43.7029527,-9.9661125],[-43.690454,-9.9294992],[-43.7090353,-9.9132195],[-43.6946225,-9.8912518],[-43.6774485,-9.8865278],[-43.653245,-9.8390553],[-43.693461,-9.8052577],[-43.7178178,-9.8024218],[-43.7214276,-9.7933571],[-43.7849218,-9.762385],[-43.7976627,-9.7276804],[-43.7972603,-9.6964973],[-43.8419522,-9.6374276],[-43.833978,-9.6179297],[-43.8426512,-9.6126698],[-43.8513509,-9.5521292],[-43.818433,-9.4942419],[-43.7782905,-9.4487009],[-43.7514198,-9.4340724],[-43.685759,-9.4177938],[-43.6274924,-9.3766403],[-43.6060153,-9.3515715],[-43.5452119,-9.4097109],[-43.5113087,-9.4290803],[-43.4928193,-9.4572477],[-43.4900416,-9.4839681],[-43.4705888,-9.5298152],[-43.4077281,-9.6245829],[-43.3772367,-9.7322177],[-43.1833993,-9.7244983],[-43.0580856,-9.7667616],[-42.9167996,-9.8269017],[-42.8375485,-9.746189],[-42.7618234,-9.7213857],[-42.7536515,-9.7021679],[-42.7290763,-9.6848586],[-42.7362208,-9.6777441],[-42.7232708,-9.6563514],[-42.6998485,-9.6459576],[-42.6854569,-9.6594865],[-42.6637493,-9.7147132],[-42.6689675,-9.7194068],[-42.6637991,-9.7388864],[-42.6177309,-9.7220585],[-42.5233156,-9.8122689],[-42.5068551,-9.8584955],[-42.4761843,-9.876778],[-42.4390156,-9.8764041],[-42.4316846,-9.889211],[-42.4047452,-9.8953229],[-42.3930837,-9.9140162],[-42.3537632,-9.9107971],[-42.3464467,-9.9250397],[-42.3198522,-9.9363308],[-42.226497,-10.028894],[-42.2575774,-10.0542287],[-42.2924996,-10.0534327],[-42.3550295,-10.0322367],[-42.3931587,-10.0517618],[-42.4115786,-10.0733131],[-42.4354692,-10.130306],[-42.4176572,-10.1506767],[-42.4040219,-10.1899976],[-42.4046467,-10.2530793],[-42.4348671,-10.2693433],[-42.4562598,-10.3003602],[-42.4544361,-10.3442608],[-42.4644863,-10.3821944],[-42.5699993,-10.4703513],[-42.5788451,-10.4883024],[-42.5816749,-10.5375304],[-42.619205,-10.5686436]]]}},{"type":"Feature","properties":{"level":"municipio","municipality_code":"2924504","municipality_name":"Pindaí","uf":"BA","state_code":"29","area_km2":628.469},"geometry":{"type":"Polygon","coordinates":[[[-42.5862308,-14.4845957],[-42.5796177,-14.4906789],[-42.586709,-14.5083839],[-42.5695229,-14.5153349],[-42.5859661,-14.5368983],[-42.6008928,-14.5361383],[-42.6070366,-14.5448202],[-42.6284693,-14.5406267],[-42.6404011,-14.571585],[-42.6709589,-14.5916474],[-42.728791,-14.5926131],[-42.7413494,-14.6148102],[-42.7652077,-14.6133352],[-42.7879207,-14.6569715],[-42.8052383,-14.6568248],[-42.7934028,-14.6272185],[-42.7961286,-14.604041],[-42.81796,-14.5702439],[-42.8353606,-14.5617194],[-42.7521061,-14.4124239],[-42.7092068,-14.388579],[-42.6196123,-14.2964876],[-42.5668717,-14.3369302],[-42.5412048,-14.3717451],[-42.5344713,-14.3704624],[-42.5337932,-14.3984591],[-42.5242349,-14.409748],[-42.5482163,-14.4094681],[-42.5452182,-14.4251012],[-42.5564093,-14.4481821],[-42.5787971,-14.4504532],[-42.5862308,-14.4845957]]]}},{"type":"Feature","properties":{"level":"municipio","municipality_code":"2924603","municipality_name":"Pindobaçu","uf":"BA","state_code":"29","area_km2":495.845},"geometry":{"type":"Polygon","coordinates":[[[-40.3500549,-10.8073339],[-40.4091833,-10.7955781],[-40.4451522,-10.7522627],[-40.4548905,-10.7599648],[-40.4683552,-10.7570524],[-40.4728485,-10.7649975],[-40.4851613,-10.7451356],[-40.4708125,-10.7151819],[-40.4774986,-10.709022],[-40.4761455,-10.6859794],[-40.4619941,-10.672887],[-40.4333465,-10.6627349],[-40.4249807,-10.6666537],[-40.3949577,-10.6506387],[-40.3894531,-10.6344812],[-40.4023225,-10.6292611],[-40.396786,-10.6185044],[-40.4007169,-10.5945951],[-40.362795,-10.5893698],[-40.3308549,-10.6062799],[-40.3134938,-10.6026896],[-40.2793095,-10.618359],[-40.2704945,-10.6344491],[-40.2825373,-10.6731157],[-40.2775872,-10.6849667],[-40.267962,-10.6853251],[-40.2729487,-10.6984177],[-40.2606812,-10.7046207],[-40.2536659,-10.7419207],[-40.2259843,-10.7387298],[-40.2175755,-10.7592607],[-40.2229869,-10.7700576],[-40.2085291,-10.7898382],[-40.2138827,-10.8093774],[-40.2050895,-10.8109463],[-40.203671,-10.8244581],[-40.2162115,-10.8300458],[-40.2158546,-10.837914],[-40.2306696,-10.8340529],[-40.238314,-10.8490386],[-40.2571662,-10.8420079],[-40.2606641,-10.8533803],[-40.2681016,-10.8411982],[-40.2887082,-10.8349099],[-40.2852293,-10.8137824],[-40.2955293,-10.8199069],[-40.3038731,-10.8149873],[-40.3136847,-10.8239695],[-40.3332428,-10.8134035],[-40.338221,-10.8295125],[-40.3500549,-10.8073339]]]}},{"type":"Feature","properties":{"level":"municipio","municipality_code":"2924652","municipality_name":"Pintadas","uf":"BA","state_code":"29","area_km2":647.144},"geometry":{"type":"Polygon","coordinates":[[[-39.9241809,-11.9967101],[-39.95443,-11.9850092],[-39.9561077,-11.9575069],[-40.0038148,-11.9371837],[-40.0474986,-11.8712308],[-40.0372194,-11.8542813],[-40.039058,-11.8326123],[-40.0154903,-11.8323613],[-40.0240704,-11.8136701],[-40.0149052,-11.8035579],[-39.9948137,-11.7999611],[-39.9984799,-11.7798445],[-39.9707858,-11.7554085],[-39.9085779,-11.7205959],[-39.8851467,-11.7401442],[-39.8631883,-11.7410647],[-39.8645295,-11.7482346],[-39.8406534,-11.7553098],[-39.8462876,-11.7739413],[-39.8265527,-11.7882799],[-39.8109126,-11.8246518],[-39.7904579,-11.8223252],[-39.7931247,-11.8174003],[-39.7130981,-11.8238753],[-39.7475389,-11.8542365],[-39.746972,-11.894889],[-39.7295254,-11.9059208],[-39.7741185,-11.9153953],[-39.779978,-11.8986872],[-39.7916965,-11.9036172],[-39.8347183,-11.9717211],[-39.8427426,-11.9717016],[-39.8498221,-11.994442],[-39.9048619,-12.0288311],[-39.9198945,-12.0157203],[-39.9241809,-11.9967101]]]}},{"type":"Feature","properties":{"level":"municipio","municipality_code":"2924678","municipality_name":"Piraí do Norte","uf":"BA","state_code":"29","area_km2":193.427},"geometry":{"type":"Polygon","coordinates":[[[-39.3414553,-13.726717],[-39.2878093,-13.7369631],[-39.3083541,-13.7720256],[-39.3175551,-13.7700328],[-39.3175163,-13.8294907],[-39.3428177,-13.8273669],[-39.3557335,-13.8349871],[-39.3851425,-13.9045655],[-39.3995222,-13.9083709],[-39.4126202,-13.888512],[-39.4198715,-13.905134],[-39.4279171,-13.9048666],[-39.4353163,-13.8931262],[-39.4480502,-13.8916437],[-39.4320051,-13.8442902],[-39.4370417,-13.7985373],[-39.4200077,-13.7666923],[-39.406493,-13.7647827],[-39.3934626,-13.7276159],[-39.3798836,-13.7145042],[-39.3637423,-13.7340096],[-39.3414553,-13.726717]]]}},{"type":"Feature","properties":{"level":"municipio","municipality_code":"2924702","municipality_name":"Piripá","uf":"BA","state_code":"29","area_km2":504.395},"geometry":{"type":"Polygon","coordinates":[[[-41.802012037398825,-15.100440557544404],[-41.8102657,-15.10142],[-41.8092425,-15.078293],[-41.8284366,-15.0516301],[-41.8256478,-15.0451271],[-41.7888468,-15.0415685],[-41.8157916,-15.0355132],[-41.8374762,-15.0182321],[-41.8251268,-14.9975308],[-41.8082276,-15.0063229],[-41.8024967,-14.9907248],[-41.7874423,-14.9894997],[-41.7809591,-14.9630602],[-41.7946425,-14.9395644],[-41.7935757,-14.9251002],[-41.8252277,-14.9091604],[-41.8274553,-14.8887023],[-41.8098193,-14.8794747],[-41.8083487,-14.8701791],[-41.7931465,-14.8685637],[-41.7956591,-14.8784149],[-41.7687261,-14.8832768],[-41.7640622,-14.8698111],[-41.7504181,-14.8655565],[-41.7498105,-14.8730777],[-41.7437198,-14.8662943],[-41.7349276,-14.8768641],[-41.7188463,-14.8770454],[-41.7246879,-14.8837612],[-41.7195894,-14.8941558],[-41.6936022,-14.89631],[-41.6895878,-14.9134993],[-41.6650944,-14.9107952],[-41.6550418,-14.9181192],[-41.6489337,-14.9116091],[-41.6450233,-14.9183992],[-41.6390657,-14.913733],[-41.6498424,-14.8990311],[-41.6322846,-14.9014762],[-41.6477291,-14.9375548],[-41.6339347,-14.9490143],[-41.6326179,-14.9719348],[-41.6006458,-14.9854231],[-41.5811178,-15.0188587],[-41.594379,-15.054609],[-41.6519959,-15.0995886],[-41.6802996,-15.1007426],[-41.6884379,-15.0897624],[-41.7034469,-15.11518],[-41.7303769,-15.1132373],[-41.7590648,-15.1376898],[-41.802012037398825,-15.100440557544404]]]}},{"type":"Feature","properties":{"level":"municipio","municipality_code":"2924801","municipality_name":"Piritiba","uf":"BA","state_code":"29","area_km2":980.328},"geometry":{"type":"Polygon","coordinates":[[[-40.3916485,-11.615201],[-40.3876424,-11.60076],[-40.3706701,-11.6162328],[-40.3822165,-11.6250219],[-40.3832187,-11.6440877],[-40.4012382,-11.6480465],[-40.3982422,-11.6545562],[-40.4097794,-11.6624732],[-40.4097965,-11.6714853],[-40.4169075,-11.6702958],[-40.4501832,-11.6992876],[-40.4335786,-11.7489581],[-40.4481298,-11.7609597],[-40.4706096,-11.80253],[-40.4900806,-11.8057004],[-40.4844294,-11.824598],[-40.6152097,-11.8349283],[-40.6288828,-11.8456527],[-40.6491738,-11.8367302],[-40.6656292,-11.7951945],[-40.6988078,-11.7975559],[-40.7978766,-11.7637383],[-40.7926414,-11.6944824],[-40.7290259,-11.567991],[-40.7183999,-11.5685569],[-40.7167727,-11.5563834],[-40.702369,-11.5478069],[-40.6746381,-11.5508847],[-40.6652951,-11.5621708],[-40.6258074,-11.5565369],[-40.6038849,-11.5659453],[-40.5983305,-11.5515176],[-40.5686338,-11.5647976],[-40.5571535,-11.5783336],[-40.5234484,-11.5743894],[-40.5196896,-11.5806012],[-40.5292743,-11.5915668],[-40.5218185,-11.6024025],[-40.5286439,-11.608506],[-40.5227234,-11.6310875],[-40.4909732,-11.6310383],[-40.4905056,-11.6143279],[-40.466575,-11.602219],[-40.4463759,-11.6173578],[-40.4224041,-11.6175014],[-40.4069901,-11.6080802],[-40.3916485,-11.615201]]]}},{"type":"Feature","properties":{"level":"municipio","municipality_code":"2924900","municipality_name":"Planaltino","uf":"BA","state_code":"29","area_km2":955.454},"geometry":{"type":"Polygon","coordinates":[[[-40.3206799,-13.0402152],[-40.1991753,-13.048685],[-40.1779154,-13.0652957],[-40.1520566,-13.1069864],[-40.147575,-13.1408489],[-40.1381215,-13.1473507],[-40.1687041,-13.1693325],[-40.1534394,-13.1724431],[-40.1366671,-13.2338671],[-40.1376351,-13.2903494],[-40.1564418,-13.3122223],[-40.1506267,-13.3372291],[-40.1768927,-13.3342246],[-40.2060905,-13.3120064],[-40.2243452,-13.3139542],[-40.2503843,-13.282263],[-40.2695081,-13.2881143],[-40.2853756,-13.3152031],[-40.286719,-13.3320088],[-40.2778294,-13.3455988],[-40.4060514,-13.2902015],[-40.5254202,-13.1834262],[-40.5114903,-13.1764821],[-40.46866,-13.1129505],[-40.4095696,-13.0873353],[-40.4010036,-13.0662628],[-40.3299196,-13.0912614],[-40.3455746,-13.0651616],[-40.3420137,-13.0534827],[-40.3206799,-13.0402152]]]}},{"type":"Feature","properties":{"level":"municipio","municipality_code":"2925006","municipality_name":"Planalto","uf":"BA","state_code":"29","area_km2":769.0},"geometry":{"type":"Polygon","coordinates":[[[-40.444392,-14.806916],[-40.525519,-14.7563549],[-40.6183797,-14.6636699],[-40.6331543,-14.6588706],[-40.6412381,-14.6084029],[-40.6368032,-14.5783693],[-40.6478062,-14.5549038],[-40.6467575,-14.5469791],[-40.6374463,-14.5596175],[-40.6207338,-14.5649834],[-40.5722886,-14.5421959],[-40.5300963,-14.5534107],[-40.5317242,-14.5398099],[-40.4894055,-14.5700014],[-40.4623546,-14.5776715],[-40.3685834,-14.6620927],[-40.3334037,-14.6793965],[-40.3323858,-14.7274384],[-40.3203697,-14.743082],[-40.3148505,-14.788067],[-40.3227706,-14.8028387],[-40.3118727,-14.8210378],[-40.3111904,-14.840414],[-40.2822517,-14.8557455],[-40.282952,-14.8713778],[-40.274424,-14.8708448],[-40.2819446,-14.8920688],[-40.2775802,-14.9006805],[-40.2937398,-14.9332669],[-40.3007462,-14.9302392],[-40.3147465,-14.8844614],[-40.3276261,-14.8874529],[-40.3323906,-14.9093711],[-40.3683157,-14.9160168],[-40.3732618,-14.8745764],[-40.3831646,-14.8727923],[-40.3894598,-14.8585866],[-40.406543,-14.8578453],[-40.444392,-14.806916]]]}},{"type":"Feature","properties":{"level":"municipio","municipality_code":"2925204","municipality_name":"Pojuca","uf":"BA","state_code":"29","area_km2":314.932},"geometry":{"type":"Polygon","coordinates":[[[-38.3172689,-12.4348432],[-38.3374525,-12.4511448],[-38.3682838,-12.4442788],[-38.3890931,-12.4285587],[-38.3751337,-12.4086493],[-38.3899488,-12.4028577],[-38.3138538,-12.3375812],[-38.295332,-12.3459987],[-38.2827834,-12.3421536],[-38.2724019,-12.3219676],[-38.2764136,-12.2809205],[-38.1741532,-12.261192],[-38.161248,-12.2696527],[-38.1619724,-12.2816161],[-38.1379894,-12.2911419],[-38.1397247,-12.2990404],[-38.1470903,-12.2944645],[-38.1582661,-12.3014943],[-38.1500711,-12.3068952],[-38.1629929,-12.3275489],[-38.1426029,-12.3720106],[-38.1798666,-12.4111175],[-38.1931463,-12.4029679],[-38.2290384,-12.4165083],[-38.2591344,-12.4152223],[-38.2878074,-12.44666],[-38.3223671,-12.4572861],[-38.3147535,-12.4400545],[-38.3172689,-12.4348432]]]}},{"type":"Feature","properties":{"level":"municipio","municipality_code":"2925253","municipality_name":"Ponto Novo","uf":"BA","state_code":"29","area_km2":530.143},"geometry":{"type":"Polygon","coordinates":[[[-40.1420751,-11.0086752],[-40.1491415,-11.0106061],[-40.1858943,-10.9765181],[-40.2111193,-10.9658124],[-40.2315925,-10.9254478],[-40.2476879,-10.9105682],[-40.2415032,-10.8471168],[-40.2320334,-10.8438881],[-40.2304972,-10.8339352],[-40.2153456,-10.8375895],[-40.2033576,-10.8165048],[-40.182776,-10.8262099],[-40.1904514,-10.8358023],[-40.168407,-10.8574545],[-40.1432529,-10.8534509],[-40.135666,-10.8597879],[-40.1230343,-10.842073],[-40.107627,-10.8422265],[-40.101875,-10.8521939],[-40.0187,-10.8681398],[-40.025013,-10.8769002],[-40.0080887,-10.9166022],[-40.0245161,-10.9809159],[-39.9819104,-11.1511593],[-39.9899971,-11.1623923],[-40.0593548,-11.0955397],[-40.0938197,-11.0860194],[-40.0898782,-11.0796098],[-40.1420751,-11.0086752]]]}},{"type":"Feature","properties":{"level":"municipio","municipality_code":"2925303","municipality_name":"Porto Seguro","uf":"BA","state_code":"29","area_km2":2285.734},"geometry":{"type":"Polygon","coordinates":[[[-39.0597333,-16.42864],[-39.0616975,-16.472468],[-39.085663,-16.5497538],[-39.094417,-16.6097047],[-39.0900501,-16.6284817],[-39.1029086,-16.6674489],[-39.1040118,-16.6990181],[-39.1416455,-16.7614573],[-39.1422387,-16.8670907],[-39.1176336,-16.8934153],[-39.1401485,-16.8947097],[-39.1403155,-16.9098286],[-39.1662378,-16.9287625],[-39.1852799,-16.9189002],[-39.2396272,-16.9182788],[-39.2920738,-16.8880411],[-39.3406034,-16.8946329],[-39.4025232,-16.9155373],[-39.4398503,-16.905743],[-39.4441172,-16.8906113],[-39.469189,-16.9243697],[-39.4901106,-16.9276242],[-39.4852071,-16.9191152],[-39.5052537,-16.9022895],[-39.4921777,-16.8880117],[-39.5074571,-16.8752725],[-39.4787088,-16.8289859],[-39.485978,-16.7980343],[-39.4695258,-16.7619769],[-39.4414792,-16.7448116],[-39.4261395,-16.744663],[-39.3560584,-16.7833724],[-39.3374026,-16.7845347],[-39.3751957,-16.7205809],[-39.3933052,-16.7114172],[-39.4021708,-16.6896372],[-39.4448674,-16.6379562],[-39.4829151,-16.6106619],[-39.4768457,-16.5826078],[-39.455375,-16.5807349],[-39.4187484,-16.5577017],[-39.519095,-16.4953401],[-39.505121,-16.4440308],[-39.4828564,-16.4073578],[-39.4391527,-16.3838155],[-39.3478481,-16.3884485],[-39.2845186,-16.3720419],[-39.2398549,-16.3738078],[-39.1919761,-16.3963132],[-39.184592,-16.3839622],[-39.1662342,-16.387649],[-39.1144327,-16.3621087],[-39.0101773,-16.3449166],[-39.0089455,-16.3753782],[-39.035001,-16.3890779],[-39.0597333,-16.42864]]]}},{"type":"Feature","properties":{"level":"municipio","municipality_code":"2925402","municipality_name":"Potiraguá","uf":"BA","state_code":"29","area_km2":1111.567},"geometry":{"type":"Polygon","coordinates":[[[-39.9224686,-15.8524607],[-39.9103988,-15.7343393],[-39.9180176,-15.7355861],[-39.9360131,-15.6828547],[-39.8892665,-15.6353538],[-39.8983692,-15.6238685],[-39.8945532,-15.6118899],[-39.9328786,-15.5731752],[-39.9343133,-15.5622914],[-39.9515566,-15.5669054],[-39.9707465,-15.5483284],[-39.9639663,-15.5284292],[-39.9706218,-15.5072681],[-39.9576894,-15.5069925],[-39.9623112,-15.4982265],[-39.9531484,-15.492789],[-39.9551458,-15.4768758],[-39.9457486,-15.4813736],[-39.9171389,-15.4640849],[-39.9175826,-15.4832342],[-39.9015543,-15.4879511],[-39.8841721,-15.5096356],[-39.885081,-15.5229677],[-39.8562502,-15.5244954],[-39.8450333,-15.5357887],[-39.8169601,-15.5301106],[-39.8126866,-15.5379042],[-39.7911059,-15.5419752],[-39.7725615,-15.5664463],[-39.7518338,-15.5554121],[-39.7182406,-15.5567669],[-39.7091574,-15.5801772],[-39.7141166,-15.591279],[-39.695359,-15.5993117],[-39.6830527,-15.6178305],[-39.6958768,-15.6278048],[-39.6890361,-15.6368994],[-39.6740475,-15.6368674],[-39.6668906,-15.6097244],[-39.6717702,-15.6043968],[-39.6606664,-15.605443],[-39.651452,-15.590677],[-39.6327414,-15.6193433],[-39.6159003,-15.6201861],[-39.5829381,-15.5926864],[-39.525172,-15.6144325],[-39.5433511,-15.6433958],[-39.544257,-15.6659637],[-39.5336239,-15.6894469],[-39.543494,-15.7129618],[-39.530914,-15.7305364],[-39.5366347,-15.7518927],[-39.5680502,-15.7652321],[-39.5695238,-15.775363],[-39.6003501,-15.7661409],[-39.6210267,-15.7739672],[-39.634675,-15.7646704],[-39.6322018,-15.7433954],[-39.6632604,-15.7466936],[-39.677122,-15.7649108],[-39.714961,-15.7800269],[-39.7317409,-15.7779256],[-39.7494685,-15.8017633],[-39.7878481,-15.8122792],[-39.7939718,-15.8232716],[-39.789585,-15.833865],[-39.8161463,-15.8462643],[-39.8146878,-15.8657972],[-39.8365156,-15.8696306],[-39.8360864,-15.8842156],[-39.859558,-15.8733491],[-39.8866173,-15.8889798],[-39.8931746,-15.8765158],[-39.9092581,-15.8707004],[-39.9105154,-15.8536447],[-39.9224686,-15.8524607]]]}},{"type":"Feature","properties":{"level":"municipio","municipality_code":"2925105","municipality_name":"Poções","uf":"BA","state_code":"29","area_km2":937.855},"geometry":{"type":"Polygon","coordinates":[[[-40.3713944,-14.6597645],[-40.4623546,-14.5776715],[-40.4894055,-14.5700014],[-40.5317242,-14.5398099],[-40.5300963,-14.5534107],[-40.5509814,-14.5439019],[-40.5675064,-14.5485561],[-40.5719877,-14.5421756],[-40.6203121,-14.5649276],[-40.6374463,-14.5596175],[-40.6509898,-14.5355027],[-40.6510794,-14.5136942],[-40.6762908,-14.4870977],[-40.6761956,-14.4692993],[-40.4938851,-14.4487914],[-40.4500036,-14.46406],[-40.4388602,-14.4543757],[-40.4340429,-14.4599866],[-40.4264644,-14.4462579],[-40.4151112,-14.4576354],[-40.4009629,-14.4407889],[-40.4014912,-14.4197735],[-40.3934194,-14.4073417],[-40.3986619,-14.3944357],[-40.3030926,-14.4241977],[-40.2888789,-14.4425338],[-40.2378487,-14.4419032],[-40.2117225,-14.4507532],[-40.1912591,-14.4620535],[-40.1833823,-14.4796579],[-40.1657259,-14.4789592],[-40.1741244,-14.4880984],[-40.1745008,-14.5095709],[-40.1878961,-14.5136485],[-40.1915454,-14.5400164],[-40.2037768,-14.554033],[-40.2006274,-14.5685416],[-40.215523,-14.6014185],[-40.2100315,-14.6154654],[-40.2216865,-14.6232354],[-40.2290824,-14.6449632],[-40.2185486,-14.660779],[-40.2209803,-14.6733943],[-40.2931438,-14.657891],[-40.3025502,-14.6948447],[-40.2933414,-14.72255],[-40.2982422,-14.7451175],[-40.3202453,-14.7439666],[-40.3321749,-14.7283236],[-40.3334037,-14.6793965],[-40.3713944,-14.6597645]]]}},{"type":"Feature","properties":{"level":"municipio","municipality_code":"2925501","municipality_name":"Prado","uf":"BA","state_code":"29","area_km2":1692.1},"geometry":{"type":"Polygon","coordinates":[[[-39.2280126,-17.4278832],[-39.2345829,-17.4327639],[-39.242895,-17.4250742],[-39.2558096,-17.4083634],[-39.2598303,-17.3868251],[-39.2845853,-17.377194],[-39.2945942,-17.3613477],[-39.3371711,-17.3515424],[-39.3396003,-17.3314144],[-39.3525874,-17.3348956],[-39.3593224,-17.3191281],[-39.3756784,-17.3176393],[-39.395331,-17.2981856],[-39.4147144,-17.3027093],[-39.4698065,-17.2673601],[-39.4833575,-17.2721666],[-39.5077423,-17.2641861],[-39.5302446,-17.2781313],[-39.5450344,-17.2538336],[-39.5591495,-17.2583848],[-39.5625119,-17.2862784],[-39.6195574,-17.2816581],[-39.6165035,-17.2952129],[-39.6323433,-17.3133274],[-39.6329817,-17.2586822],[-39.6208349,-17.2472536],[-39.6198262,-17.2244826],[-39.5804834,-17.1834695],[-39.5756386,-17.1555948],[-39.5669445,-17.1508239],[-39.5701389,-17.1334617],[-39.5287687,-17.1185559],[-39.5012899,-17.1425383],[-39.4780874,-17.1161068],[-39.4759391,-17.1012414],[-39.4923208,-17.0870396],[-39.4795559,-17.0515388],[-39.4906569,-17.037209],[-39.48987,-16.9922916],[-39.4752375,-16.9525876],[-39.4372331,-16.9811302],[-39.4570396,-16.95476],[-39.4466409,-16.9513805],[-39.4486972,-16.9151661],[-39.4415129,-16.8938752],[-39.4398503,-16.905743],[-39.4025232,-16.9155373],[-39.3406034,-16.8946329],[-39.2920738,-16.8880411],[-39.2396272,-16.9182788],[-39.1852799,-16.9189002],[-39.1662378,-16.9287625],[-39.1403155,-16.9098286],[-39.1382333,-16.8934849],[-39.1067149,-16.8965819],[-39.1236855,-16.9043497],[-39.1514591,-16.9422489],[-39.155532,-16.9803552],[-39.1721848,-17.0130467],[-39.1700624,-17.0590592],[-39.1801208,-17.0791134],[-39.182016,-17.1123553],[-39.19803,-17.1271658],[-39.211786,-17.1599643],[-39.220756,-17.306411],[-39.1917157,-17.4460067],[-39.2280126,-17.4278832]]]}},{"type":"Feature","properties":{"level":"municipio","municipality_code":"2925600","municipality_name":"Presidente Dutra","uf":"BA","state_code":"29","area_km2":232.064},"geometry":{"type":"Polygon","coordinates":[[[-41.9782475,-11.4277455],[-42.0255791,-11.3874608],[-42.0490343,-11.331054],[-42.0589162,-11.2585399],[-42.0542865,-11.233391],[-42.0217443,-11.2087657],[-41.9498353,-11.2230828],[-41.9252223,-11.264598],[-41.9266057,-11.280357],[-41.9714776,-11.3441723],[-41.942616,-11.3812481],[-41.9782475,-11.4277455]]]}},{"type":"Feature","properties":{"level":"municipio","municipality_code":"2925709","municipality_name":"Presidente Jânio Quadros","uf":"BA","state_code":"29","area_km2":1208.566},"geometry":{"type":"Polygon","coordinates":[[[-41.689908,-14.9132553],[-41.6936022,-14.89631],[-41.7195894,-14.8941558],[-41.7246879,-14.8837612],[-41.7188463,-14.8770454],[-41.7349276,-14.8768641],[-41.7414105,-14.8669803],[-41.7491423,-14.8730424],[-41.7504181,-14.8655565],[-41.7640622,-14.8698111],[-41.7687261,-14.8832768],[-41.7956591,-14.8784149],[-41.7931465,-14.8685637],[-41.8064055,-14.8707872],[-41.8289749,-14.7938973],[-41.8683956,-14.7793214],[-41.8763073,-14.7613565],[-41.8962126,-14.7518835],[-41.9072095,-14.7309172],[-41.8890746,-14.7115734],[-41.8945044,-14.7050273],[-41.8874044,-14.6951407],[-41.8762877,-14.692089],[-41.8451319,-14.5761193],[-41.8605373,-14.5814933],[-41.8746509,-14.5646029],[-41.8622777,-14.5594871],[-41.8639433,-14.5478277],[-41.8540685,-14.5343837],[-41.8061378,-14.5300045],[-41.7996243,-14.5028163],[-41.8183549,-14.4867666],[-41.7932972,-14.4679947],[-41.6765107,-14.4774107],[-41.6376248,-14.5091999],[-41.6525695,-14.5151149],[-41.664773,-14.5449429],[-41.6551846,-14.5780593],[-41.6100244,-14.6099123],[-41.5850877,-14.728854],[-41.5651432,-14.7859617],[-41.5527533,-14.7892768],[-41.5460296,-14.8144164],[-41.5676862,-14.8339433],[-41.5748506,-14.8615482],[-41.6039362,-14.8737945],[-41.6189356,-14.8637168],[-41.6294634,-14.8681544],[-41.6249854,-14.8923436],[-41.6315636,-14.8916419],[-41.6360953,-14.9033307],[-41.649967,-14.8994985],[-41.6414142,-14.9174708],[-41.6489337,-14.9116091],[-41.6550418,-14.9181192],[-41.6650944,-14.9107952],[-41.689908,-14.9132553]]]}},{"type":"Feature","properties":{"level":"municipio","municipality_code":"2925758","municipality_name":"Presidente Tancredo Neves","uf":"BA","state_code":"29","area_km2":441.82},"geometry":{"type":"Polygon","coordinates":[[[-39.4470668,-13.5126481],[-39.4690824,-13.5286544],[-39.4955112,-13.5315539],[-39.5011425,-13.5269261],[-39.4957343,-13.5194828],[-39.5098126,-13.5156356],[-39.5126562,-13.5036202],[-39.5279055,-13.5142138],[-39.5394192,-13.513015],[-39.5502424,-13.495233],[-39.5772573,-13.5015858],[-39.5467406,-13.4414798],[-39.5176185,-13.4338032],[-39.5089839,-13.4174862],[-39.4920806,-13.4153767],[-39.484477,-13.3803956],[-39.4661229,-13.3750156],[-39.4635535,-13.3666979],[-39.4502661,-13.3722087],[-39.4343641,-13.3449533],[-39.4283331,-13.3459781],[-39.4275701,-13.3300524],[-39.410772,-13.3270492],[-39.3862996,-13.343258],[-39.3520662,-13.3380578],[-39.3613484,-13.3555181],[-39.3495302,-13.3693414],[-39.2970403,-13.3752336],[-39.2951058,-13.3823757],[-39.3122626,-13.3911913],[-39.3246399,-13.4392961],[-39.3208588,-13.4540582],[-39.3056044,-13.4646947],[-39.3028599,-13.4853384],[-39.3456721,-13.538334],[-39.342801,-13.5628923],[-39.3518704,-13.5788916],[-39.3637774,-13.5839772],[-39.3796595,-13.5782821],[-39.3694321,-13.5596779],[-39.3752187,-13.5320569],[-39.3920647,-13.5409182],[-39.4077277,-13.5243138],[-39.4470668,-13.5126481]]]}},{"type":"Feature","properties":{"level":"municipio","municipality_code":"2924058","municipality_name":"Pé de Serra","uf":"BA","state_code":"29","area_km2":596.771},"geometry":{"type":"Polygon","coordinates":[[[-39.5938198,-12.0611244],[-39.6067454,-12.0272354],[-39.6239474,-12.0192443],[-39.6363919,-11.9972619],[-39.6455826,-11.9482446],[-39.6599672,-11.9467734],[-39.6777616,-11.9236546],[-39.6917904,-11.9244398],[-39.7191058,-11.9055069],[-39.7431332,-11.9030756],[-39.746972,-11.894889],[-39.7451937,-11.8479733],[-39.6951876,-11.817681],[-39.6910749,-11.7882075],[-39.6815185,-11.7812822],[-39.6914394,-11.7692692],[-39.6960389,-11.7281163],[-39.6408105,-11.7248275],[-39.5414581,-11.758223],[-39.5341965,-11.8324497],[-39.5189272,-11.8245166],[-39.467259,-11.8723419],[-39.5048074,-11.9014032],[-39.5095874,-11.941416],[-39.5586449,-12.0095111],[-39.5366242,-12.0255033],[-39.5769031,-12.0391404],[-39.5938198,-12.0611244]]]}},{"type":"Feature","properties":{"level":"municipio","municipality_code":"2925808","municipality_name":"Queimadas","uf":"BA","state_code":"29","area_km2":2011.06},"geometry":{"type":"Polygon","coordinates":[[[-39.6816943,-10.7859005],[-39.5856284,-10.777423],[-39.5911927,-10.7958735],[-39.5824832,-10.8138454],[-39.5510131,-10.8456484],[-39.5526679,-10.8539964],[-39.5374387,-10.8581835],[-39.5398138,-10.8831111],[-39.5302592,-10.8891843],[-39.5362999,-10.9171415],[-39.5244529,-10.9253755],[-39.5183111,-10.9449683],[-39.4799846,-10.9503208],[-39.461056,-10.9906418],[-39.4629252,-11.0080598],[-39.4405725,-10.9965269],[-39.4214442,-11.0034635],[-39.4102124,-11.028456],[-39.4139828,-11.0354228],[-39.4208544,-11.0290411],[-39.4413721,-11.0404405],[-39.4558498,-11.0637672],[-39.4770457,-11.0698951],[-39.4927679,-11.0945391],[-39.507431,-11.0929358],[-39.5171168,-11.1065607],[-39.6066802,-11.1545176],[-39.6618547,-11.2116109],[-39.7030053,-11.2237596],[-39.8242963,-11.2899711],[-39.8352249,-11.3052411],[-39.8615081,-11.3131236],[-39.9552984,-11.2486547],[-39.9529984,-11.1568736],[-39.9627634,-11.1500068],[-39.9759682,-11.1607159],[-39.9846605,-11.1454306],[-40.0245161,-10.9809159],[-40.0080887,-10.9166022],[-40.01857,-10.8829432],[-39.9985296,-10.8753579],[-39.9990504,-10.8842182],[-39.9750307,-10.8876485],[-39.9669673,-10.8980561],[-39.9520077,-10.8913841],[-39.9467112,-10.9076117],[-39.9292132,-10.9032532],[-39.9235033,-10.9176325],[-39.9026555,-10.9158482],[-39.8911697,-10.8994126],[-39.8795184,-10.9075063],[-39.8687744,-10.9033925],[-39.8615321,-10.9179661],[-39.842869,-10.916034],[-39.8394704,-10.9296497],[-39.8267935,-10.9275464],[-39.8253582,-10.9396193],[-39.7988478,-10.9388289],[-39.7615112,-10.9618756],[-39.7522686,-10.9531698],[-39.7335314,-10.9519183],[-39.7183289,-10.9656185],[-39.716902,-10.9535379],[-39.6693974,-10.947046],[-39.6275726,-10.9149719],[-39.626025,-10.8746644],[-39.6360434,-10.873252],[-39.6437482,-10.8570326],[-39.6367452,-10.8447659],[-39.6652236,-10.8388962],[-39.6611668,-10.8174563],[-39.6661378,-10.805471],[-39.6776589,-10.8038507],[-39.6816943,-10.7859005]]]}},{"type":"Feature","properties":{"level":"municipio","municipality_code":"2925907","municipality_name":"Quijingue","uf":"BA","state_code":"29","area_km2":1380.798},"geometry":{"type":"Polygon","coordinates":[[[-38.8797813,-10.745983],[-38.9126769,-10.7786235],[-38.9385817,-10.7733497],[-38.9737507,-10.786311],[-38.9665157,-10.7971465],[-38.9704384,-10.8048969],[-38.9605548,-10.8129839],[-38.9649429,-10.8388179],[-39.1151573,-11.0181281],[-39.1602123,-11.009746],[-39.1691534,-11.0196879],[-39.2108422,-10.9983614],[-39.2134306,-10.9711569],[-39.2276079,-10.9512924],[-39.2329005,-10.9533821],[-39.2407449,-10.9261382],[-39.2361796,-10.9068944],[-39.2165139,-10.9126582],[-39.2369274,-10.8200738],[-39.2449195,-10.8112451],[-39.2652157,-10.6965847],[-39.2714641,-10.6968556],[-39.2592802,-10.6778231],[-39.2307215,-10.6775689],[-39.0384111,-10.6307891],[-39.0131655,-10.6471142],[-38.9501297,-10.6546377],[-38.938718,-10.6233969],[-38.779497,-10.6044502],[-38.7747385,-10.6255342],[-38.7866544,-10.6340078],[-38.7774328,-10.6454752],[-38.7493883,-10.6390245],[-38.7412438,-10.6449255],[-38.7333087,-10.7177374],[-38.7704772,-10.7483146],[-38.7794442,-10.7418118],[-38.7806079,-10.7190178],[-38.7871107,-10.718128],[-38.8044551,-10.7300788],[-38.8443664,-10.7322409],[-38.8797813,-10.745983]]]}},{"type":"Feature","properties":{"level":"municipio","municipality_code":"2925931","municipality_name":"Quixabeira","uf":"BA","state_code":"29","area_km2":366.387},"geometry":{"type":"Polygon","coordinates":[[[-40.1161395,-11.529813],[-40.1329635,-11.5151332],[-40.1496914,-11.5250509],[-40.1641749,-11.5147806],[-40.1699298,-11.522915],[-40.1957311,-11.4999351],[-40.1891737,-11.4294376],[-40.1983479,-11.4251785],[-40.203611,-11.4078661],[-40.2004167,-11.3662582],[-40.1881979,-11.338981],[-40.1652186,-11.3361211],[-40.1584519,-11.3250451],[-40.1432348,-11.3249551],[-40.1043736,-11.2998867],[-40.0956967,-11.2673087],[-40.070606,-11.2344406],[-40.0283226,-11.2225854],[-40.0325321,-11.2399565],[-40.0256658,-11.240903],[-40.0222082,-11.2758713],[-40.0345197,-11.2804251],[-40.0483872,-11.3423499],[-40.0650736,-11.3425024],[-40.0753511,-11.3547912],[-40.070204,-11.4342197],[-40.0806898,-11.4480502],[-40.0856446,-11.4964443],[-40.0770874,-11.5282584],[-40.0846991,-11.5372743],[-40.1071688,-11.5389962],[-40.1072275,-11.5294285],[-40.1161395,-11.529813]]]}},{"type":"Feature","properties":{"level":"municipio","municipality_code":"2925956","municipality_name":"Rafael Jambeiro","uf":"BA","state_code":"29","area_km2":1090.552},"geometry":{"type":"Polygon","coordinates":[[[-39.4565955,-12.6127749],[-39.5388466,-12.5788412],[-39.550477,-12.5561593],[-39.573317,-12.5496388],[-39.6047114,-12.5738402],[-39.6094955,-12.5929056],[-39.621138,-12.5979299],[-39.6494646,-12.5606003],[-39.6933759,-12.5617274],[-39.7337743,-12.5526598],[-39.7473423,-12.5639153],[-39.7635938,-12.5482752],[-39.7903729,-12.5593151],[-39.8045536,-12.5361284],[-39.8274502,-12.534368],[-39.8519681,-12.5127068],[-39.8984551,-12.5241268],[-39.9152854,-12.5083562],[-39.7814221,-12.4250912],[-39.7705755,-12.4303025],[-39.7389517,-12.4100469],[-39.6666642,-12.4078662],[-39.642976,-12.3993585],[-39.6264954,-12.4039181],[-39.62729,-12.3936621],[-39.5373012,-12.3410708],[-39.5066511,-12.333503],[-39.4629688,-12.3462084],[-39.4309621,-12.3282004],[-39.4216094,-12.3459829],[-39.3906791,-12.3561417],[-39.3959329,-12.372464],[-39.3861841,-12.3744412],[-39.394313,-12.3866068],[-39.3748248,-12.3966531],[-39.3825119,-12.4047765],[-39.3801898,-12.4332216],[-39.3723637,-12.4346947],[-39.3889197,-12.4598642],[-39.3787557,-12.461377],[-39.3868073,-12.4694011],[-39.3808134,-12.4866888],[-39.3938323,-12.5046772],[-39.3828978,-12.5073172],[-39.3634803,-12.5422922],[-39.3445097,-12.53032],[-39.3184911,-12.5470616],[-39.394136,-12.5930236],[-39.4170457,-12.6160275],[-39.4565955,-12.6127749]]]}},{"type":"Feature","properties":{"level":"municipio","municipality_code":"2926004","municipality_name":"Remanso","uf":"BA","state_code":"29","area_km2":4573.505},"geometry":{"type":"Polygon","coordinates":[[[-42.2064354,-9.2927815],[-42.0994884,-9.2808817],[-42.0665857,-9.255986],[-42.0246776,-9.2497597],[-41.9999053,-9.2659722],[-41.9722662,-9.2486381],[-41.9554222,-9.2636647],[-41.9179331,-9.2784662],[-41.9046805,-9.2596044],[-41.8849329,-9.2534666],[-41.8705206,-9.2374314],[-41.854662,-9.2406689],[-41.9031447,-9.7043505],[-41.9232024,-9.6915025],[-41.9634543,-9.68737],[-41.992365,-9.6664575],[-42.0445134,-9.6731409],[-42.0800047,-9.7311067],[-42.0768205,-9.811583],[-42.0952988,-9.8294823],[-42.1191579,-9.8880936],[-42.1494243,-9.9112289],[-42.1676611,-9.9477296],[-42.2057559,-9.9806816],[-42.226497,-10.028894],[-42.3198522,-9.9363308],[-42.3464467,-9.9250397],[-42.3537632,-9.9107971],[-42.3930837,-9.9140162],[-42.4047452,-9.8953229],[-42.4316846,-9.889211],[-42.4390156,-9.8764041],[-42.4761843,-9.876778],[-42.5068551,-9.8584955],[-42.5233156,-9.8122689],[-42.6177309,-9.7220585],[-42.6637991,-9.7388864],[-42.6689675,-9.7194068],[-42.6637493,-9.7147132],[-42.6854569,-9.6594865],[-42.7008754,-9.6456255],[-42.71802,-9.6524582],[-42.7187824,-9.6317446],[-42.7158883,-9.6164677],[-42.7067351,-9.613176],[-42.7099517,-9.5851119],[-42.6884263,-9.563346],[-42.690093,-9.5459085],[-42.6217206,-9.5413375],[-42.5864825,-9.4967744],[-42.5222724,-9.503027],[-42.4930918,-9.4949004],[-42.4860249,-9.4837862],[-42.4890689,-9.4620372],[-42.4405842,-9.4561712],[-42.4282776,-9.4397829],[-42.4229866,-9.413693],[-42.3595246,-9.3776132],[-42.357049,-9.3525645],[-42.3258774,-9.3334115],[-42.3169422,-9.3171118],[-42.2689127,-9.3104468],[-42.2307412,-9.2834315],[-42.2064354,-9.2927815]]]}},{"type":"Feature","properties":{"level":"municipio","municipality_code":"2926103","municipality_name":"Retirolândia","uf":"BA","state_code":"29","area_km2":242.329},"geometry":{"type":"Polygon","coordinates":[[[-39.4185028,-11.5641617],[-39.4307709,-11.5824171],[-39.4864087,-11.6012003],[-39.5094283,-11.5768115],[-39.5361578,-11.5696682],[-39.4772026,-11.4849639],[-39.4895466,-11.4762237],[-39.3994466,-11.4569997],[-39.2906452,-11.3716129],[-39.2852295,-11.3746608],[-39.3464998,-11.506406],[-39.4185028,-11.5641617]]]}},{"type":"Feature","properties":{"level":"municipio","municipality_code":"2926400","municipality_name":"Riacho de Santana","uf":"BA","state_code":"29","area_km2":3183.909},"geometry":{"type":"Polygon","coordinates":[[[-42.7625997,-13.6402131],[-42.767422,-13.6863109],[-42.7788683,-13.7030558],[-42.772825,-13.7465567],[-42.9436963,-13.7529705],[-43.0285935,-13.7341943],[-43.0549626,-13.7592357],[-43.061386,-13.7791284],[-43.0688476,-13.7743474],[-43.0935654,-13.7847031],[-43.1158703,-13.8202661],[-43.1083942,-13.8301835],[-43.1262116,-13.8316372],[-43.1387871,-13.8448243],[-43.1331321,-13.8876161],[-43.1038673,-13.9342529],[-43.1325528,-13.9856952],[-43.1632185,-13.9746717],[-43.1896529,-13.9808632],[-43.194218,-13.9906664],[-43.2203371,-13.9819198],[-43.2578094,-13.9964731],[-43.2706987,-13.9856849],[-43.2746105,-13.9933357],[-43.2976812,-13.992349],[-43.3276568,-13.9898794],[-43.3498061,-13.9750584],[-43.3700516,-13.9797091],[-43.3784546,-13.9730332],[-43.379775,-13.955485],[-43.4080245,-13.9391068],[-43.4157583,-13.9107522],[-43.4278255,-13.9132455],[-43.4380403,-13.9047177],[-43.434966,-13.8955405],[-43.4432978,-13.8938076],[-43.4394639,-13.8761722],[-43.2413235,-13.6103942],[-43.1876611,-13.5190127],[-43.163065,-13.4415306],[-43.1294308,-13.4275963],[-43.1165179,-13.3239092],[-42.9600615,-13.3340575],[-42.9475468,-13.2905224],[-42.9262424,-13.2985934],[-42.9139122,-13.2947456],[-42.7944769,-13.3542478],[-42.7915026,-13.3630604],[-42.7809327,-13.3647653],[-42.7826315,-13.3805279],[-42.7683326,-13.4048001],[-42.7393555,-13.4080653],[-42.7474523,-13.4186829],[-42.728888,-13.424978],[-42.727494,-13.4178315],[-42.7159093,-13.4165792],[-42.7205071,-13.4330971],[-42.6959307,-13.4510726],[-42.6989677,-13.4591278],[-42.686231,-13.4624906],[-42.6800797,-13.4795241],[-42.6941262,-13.4804468],[-42.7094296,-13.4976305],[-42.7079105,-13.5268223],[-42.7186056,-13.5352386],[-42.7161268,-13.5762236],[-42.7244045,-13.603436],[-42.7050764,-13.6343408],[-42.728432,-13.642648],[-42.7375586,-13.6315023],[-42.7523997,-13.6335219],[-42.7625997,-13.6402131]]]}},{"type":"Feature","properties":{"level":"municipio","municipality_code":"2926202","municipality_name":"Riachão das Neves","uf":"BA","state_code":"29","area_km2":5969.305},"geometry":{"type":"Polygon","coordinates":[[[-44.9597096,-12.0047842],[-44.9924368,-11.9663091],[-44.9898692,-11.9580048],[-45.0216341,-11.9208275],[-45.0239946,-11.9021695],[-45.044773,-11.8999454],[-45.0550676,-11.8786277],[-45.086941,-11.8657292],[-45.093859,-11.8541069],[-45.1649726,-11.8524075],[-45.1771677,-11.8148787],[-45.1913797,-11.816631],[-45.1899485,-11.806718],[-45.2076792,-11.8016947],[-45.2070244,-11.7917599],[-45.2229675,-11.7941815],[-45.2257725,-11.7726049],[-45.2394251,-11.7739361],[-45.2435888,-11.767093],[-45.2541949,-11.7736009],[-45.2512178,-11.7667632],[-45.2720029,-11.7585273],[-45.2671705,-11.7483128],[-45.2791102,-11.7407537],[-45.3418406,-11.7345854],[-45.3459878,-11.7424135],[-45.3521551,-11.7379942],[-45.3749686,-11.7499389],[-45.3802354,-11.7628697],[-45.4090925,-11.7779233],[-45.4437989,-11.7789044],[-45.4927087,-11.7665607],[-45.5848658,-11.7883757],[-45.6183128,-11.7845176],[-45.6344788,-11.7911839],[-45.6438108,-11.7752709],[-45.6635457,-11.7765003],[-45.6743765,-11.7536696],[-45.6992615,-11.7370039],[-45.727449,-11.7332718],[-45.7792137,-11.7012308],[-45.8191252,-11.6897644],[-45.8329852,-11.6643102],[-45.8555148,-11.6458175],[-45.8839172,-11.6485029],[-45.9669668,-11.6255793],[-46.0674794,-11.6183903],[-46.0808942,-11.6240112],[-46.1128063,-11.6060357],[-46.1091269,-11.5596346],[-46.0146864,-11.5487942],[-46.0045848,-11.5639388],[-45.9929944,-11.541136],[-45.9631185,-11.5305734],[-45.914616,-11.5344083],[-45.8784628,-11.5269288],[-45.8539721,-11.4910919],[-45.772755,-11.4622719],[-45.7198149,-11.4596965],[-45.6577585,-11.4368061],[-45.6482427,-11.4426841],[-45.6319358,-11.4935845],[-45.5570713,-11.4772399],[-45.3809436,-11.3840534],[-45.3245473,-11.3965705],[-45.2763108,-11.3976921],[-45.2622427,-11.4061211],[-45.2571303,-11.4206729],[-45.2296602,-11.4225829],[-45.1605896,-11.3978588],[-45.140724,-11.4116995],[-45.1268965,-11.4017136],[-45.0794976,-11.3937186],[-45.0586535,-11.4009997],[-45.0248959,-11.3613469],[-44.9926993,-11.3621353],[-44.9753877,-11.3868425],[-44.9649629,-11.3761715],[-44.959609,-11.3513926],[-44.9412826,-11.3396696],[-44.910864,-11.3538789],[-44.8693726,-11.347474],[-44.8392638,-11.3851047],[-44.8174455,-11.3846841],[-44.7864427,-11.420442],[-44.7680865,-11.4217294],[-44.7131835,-11.39679],[-44.6937055,-11.4103458],[-44.6853752,-11.4078283],[-44.6853704,-11.6596087],[-44.6749547,-11.6608911],[-44.6670223,-11.6785086],[-44.6574131,-11.6784132],[-44.6615837,-11.6879301],[-44.6512247,-11.6913858],[-44.6418844,-11.7087151],[-44.6487091,-11.7186342],[-44.6416136,-11.7294721],[-44.6582014,-11.731397],[-44.6604981,-11.7547031],[-44.6778362,-11.7663874],[-44.6856104,-11.8089164],[-44.7012165,-11.8075008],[-44.7041736,-11.8183216],[-44.7172408,-11.8098522],[-44.7108644,-11.8205496],[-44.7271638,-11.8286786],[-44.7290556,-11.846656],[-44.7765858,-11.8779941],[-44.7807659,-11.8705212],[-44.8068298,-11.8764085],[-44.8299478,-11.892007],[-44.8292784,-11.9228755],[-44.8414966,-11.9206046],[-44.8381364,-11.9267594],[-44.8494256,-11.9257031],[-44.8523194,-11.939286],[-44.8709151,-11.941925],[-44.8644487,-11.9506932],[-44.8774207,-11.9552498],[-44.8792072,-11.9820697],[-44.8965365,-12.0047618],[-44.9030271,-12.0008988],[-44.90633,-12.0109558],[-44.9197475,-12.0030239],[-44.9597096,-12.0047842]]]}},{"type":"Feature","properties":{"level":"municipio","municipality_code":"2926301","municipality_name":"Riachão do Jacuípe","uf":"BA","state_code":"29","area_km2":1155.419},"geometry":{"type":"Polygon","coordinates":[[[-39.2790427,-11.8306559],[-39.2758328,-11.8922981],[-39.3076774,-11.9401722],[-39.2851418,-11.9676715],[-39.296736,-11.9769108],[-39.2966832,-11.9907968],[-39.3097238,-11.9894956],[-39.3128766,-11.9785597],[-39.3394381,-11.9661856],[-39.360238,-11.9667168],[-39.3849395,-11.9904369],[-39.4011079,-11.9921994],[-39.4125766,-12.0029532],[-39.5366242,-12.0255033],[-39.5586449,-12.0095111],[-39.5095874,-11.941416],[-39.5048074,-11.9014032],[-39.467259,-11.8723419],[-39.5189272,-11.8245166],[-39.5341965,-11.8324497],[-39.5414581,-11.758223],[-39.6408105,-11.7248275],[-39.5570938,-11.6759981],[-39.5560402,-11.6507916],[-39.5430038,-11.6385066],[-39.5544339,-11.6171515],[-39.5541055,-11.5913624],[-39.537042,-11.5877132],[-39.5349969,-11.584012],[-39.5370597,-11.5815728],[-39.535298,-11.5744617],[-39.5361602,-11.5696717],[-39.5373236,-11.568465],[-39.5374975,-11.5678334],[-39.5374964,-11.5672601],[-39.5373786,-11.5665712],[-39.5371436,-11.5659404],[-39.5368519,-11.5654255],[-39.5365015,-11.5649667],[-39.53615,-11.5643361],[-39.5360911,-11.5637629],[-39.5371949,-11.5620969],[-39.5360849,-11.5637654],[-39.5361437,-11.5643387],[-39.5373724,-11.5665737],[-39.5374913,-11.567836],[-39.5361546,-11.5696732],[-39.5094283,-11.5768115],[-39.4864087,-11.6012003],[-39.3626896,-11.6467928],[-39.2623372,-11.7376003],[-39.2402289,-11.7736191],[-39.2790427,-11.8306559]]]}},{"type":"Feature","properties":{"level":"municipio","municipality_code":"2926509","municipality_name":"Ribeira do Amparo","uf":"BA","state_code":"29","area_km2":666.038},"geometry":{"type":"Polygon","coordinates":[[[-38.2387508,-10.8671004],[-38.2281683,-10.9141839],[-38.2152535,-10.9226949],[-38.2103218,-10.9310464],[-38.2458049,-10.9211824],[-38.3220783,-11.0720564],[-38.4041566,-11.0980867],[-38.4378774,-11.1180691],[-38.4750272,-11.0887541],[-38.4915153,-11.088932],[-38.5037925,-11.0551612],[-38.5169797,-11.0583406],[-38.5421458,-11.0251993],[-38.5579953,-11.020596],[-38.5299318,-10.9769063],[-38.5309966,-10.9600904],[-38.4692687,-10.939121],[-38.4592918,-10.9212574],[-38.4425454,-10.9110333],[-38.4096648,-10.9170999],[-38.4108329,-10.8800996],[-38.377155,-10.8760975],[-38.3770231,-10.8402247],[-38.3529875,-10.8402497],[-38.3396479,-10.8268955],[-38.3431435,-10.8164986],[-38.2982439,-10.8275171],[-38.2680849,-10.8144649],[-38.2496377,-10.8208144],[-38.2368283,-10.8081635],[-38.245009,-10.8226415],[-38.2313983,-10.8429341],[-38.2387508,-10.8671004]]]}},{"type":"Feature","properties":{"level":"municipio","municipality_code":"2926608","municipality_name":"Ribeira do Pombal","uf":"BA","state_code":"29","area_km2":1228.126},"geometry":{"type":"Polygon","coordinates":[[[-38.5614393,-10.6497386],[-38.5595587,-10.5989464],[-38.5451927,-10.5634626],[-38.5339608,-10.564128],[-38.5301311,-10.5748425],[-38.5066489,-10.5885311],[-38.4982617,-10.6059605],[-38.4370169,-10.6091685],[-38.3982516,-10.6298732],[-38.3948344,-10.7066315],[-38.3765369,-10.7079949],[-38.377155,-10.8760975],[-38.4108329,-10.8800996],[-38.4096648,-10.9170999],[-38.4425454,-10.9110333],[-38.4592918,-10.9212574],[-38.4692687,-10.939121],[-38.5309966,-10.9600904],[-38.5299318,-10.9769063],[-38.5579953,-11.020596],[-38.5740713,-11.0251223],[-38.5937737,-11.0202425],[-38.5939552,-10.9884418],[-38.625315,-10.9402274],[-38.6676106,-10.8992644],[-38.7111418,-10.8900441],[-38.7751752,-10.7739045],[-38.7587722,-10.7330502],[-38.734267,-10.7179911],[-38.6792045,-10.7272087],[-38.6660542,-10.7075389],[-38.6433683,-10.7183984],[-38.5895004,-10.6996599],[-38.5759128,-10.6895641],[-38.5726568,-10.6592881],[-38.5614393,-10.6497386]]]}},{"type":"Feature","properties":{"level":"municipio","municipality_code":"2926657","municipality_name":"Ribeirão do Largo","uf":"BA","state_code":"29","area_km2":1363.7},"geometry":{"type":"Polygon","coordinates":[[[-40.6164798,-15.6265074],[-40.643256,-15.6017408],[-40.649722,-15.6155585],[-40.6829766,-15.5765268],[-40.7391106,-15.5333019],[-40.7493956,-15.4786901],[-40.7759806,-15.4871774],[-40.7828914,-15.476013],[-40.8098878,-15.4714005],[-40.8320005,-15.4449467],[-40.8516712,-15.4368071],[-40.8520782,-15.4191713],[-40.8718846,-15.4114386],[-40.8928312,-15.3629587],[-40.8750147,-15.3257928],[-40.8834382,-15.2942268],[-40.8211945,-15.3044291],[-40.8167443,-15.2965985],[-40.8240804,-15.2891295],[-40.8032206,-15.2787457],[-40.789644,-15.246777],[-40.7205582,-15.2437431],[-40.7049796,-15.2511852],[-40.6784196,-15.238862],[-40.6675892,-15.26674],[-40.6540957,-15.268099],[-40.6523092,-15.2756009],[-40.6420043,-15.2546267],[-40.6283406,-15.2505029],[-40.6377164,-15.2696518],[-40.6341178,-15.281637],[-40.6230091,-15.2654089],[-40.6089888,-15.2838209],[-40.5917251,-15.2823093],[-40.5910916,-15.2638573],[-40.5717407,-15.2790233],[-40.5447879,-15.2696602],[-40.5465653,-15.2878363],[-40.5230254,-15.2752185],[-40.5106744,-15.283396],[-40.4924105,-15.2773805],[-40.4894677,-15.29525],[-40.4762391,-15.2925701],[-40.4706139,-15.301362],[-40.500674,-15.415933],[-40.4807015,-15.604853],[-40.4934758,-15.6249342],[-40.4942854,-15.6550173],[-40.5126762,-15.6778133],[-40.5345461,-15.6762104],[-40.5417368,-15.6670244],[-40.5637592,-15.6633534],[-40.5846642,-15.6392549],[-40.6164798,-15.6265074]]]}},{"type":"Feature","properties":{"level":"municipio","municipality_code":"2927002","municipality_name":"Rio Real","uf":"BA","state_code":"29","area_km2":739.775},"geometry":{"type":"Polygon","coordinates":[[[-37.9495951,-11.6155704],[-38.0036779,-11.5783281],[-38.0555187,-11.529917],[-38.0485007,-11.4973455],[-38.0632904,-11.4766817],[-38.0761007,-11.4750589],[-38.0820502,-11.4584251],[-38.0794389,-11.4408666],[-38.0347469,-11.4174562],[-38.0375007,-11.4112805],[-38.0257771,-11.3985767],[-38.0366095,-11.3901587],[-37.9910134,-11.3410779],[-37.96784,-11.3794736],[-37.9814798,-11.3864036],[-37.9651428,-11.3918778],[-37.9650377,-11.40212],[-37.9528039,-11.3944876],[-37.9559587,-11.4068623],[-37.945364,-11.412789],[-37.9445211,-11.4242235],[-37.9363691,-11.4216614],[-37.9275578,-11.4013024],[-37.9053145,-11.408274],[-37.907166,-11.4267156],[-37.8991544,-11.4382534],[-37.8823804,-11.4247047],[-37.8660826,-11.4270984],[-37.8803353,-11.4332106],[-37.867592,-11.4424563],[-37.8481084,-11.4430288],[-37.8633362,-11.453224],[-37.8641796,-11.4668812],[-37.8478473,-11.469726],[-37.8389294,-11.4825141],[-37.8081778,-11.4967332],[-37.8192965,-11.5027248],[-37.8122904,-11.5170184],[-37.7999767,-11.5213761],[-37.8288706,-11.5585987],[-37.8261157,-11.5887866],[-37.8220102,-11.5974936],[-37.8032855,-11.6035768],[-37.8041555,-11.6133411],[-37.7806348,-11.6349664],[-37.7584449,-11.6423907],[-37.7313087,-11.7106037],[-37.7355156,-11.7208449],[-37.7272247,-11.7261474],[-37.7745828,-11.7019116],[-37.7937993,-11.7310933],[-37.8369411,-11.7343596],[-37.8605394,-11.7125459],[-37.8650937,-11.6840923],[-37.9004001,-11.6893033],[-37.9187574,-11.6681119],[-37.9364166,-11.668161],[-37.9481561,-11.6369503],[-37.9310789,-11.6191801],[-37.9495951,-11.6155704]]]}},{"type":"Feature","properties":{"level":"municipio","municipality_code":"2926707","municipality_name":"Rio de Contas","uf":"BA","state_code":"29","area_km2":1115.252},"geometry":{"type":"Polygon","coordinates":[[[-41.689564,-13.7371154],[-41.6858106,-13.7154971],[-41.6961314,-13.7127319],[-41.711398,-13.6854923],[-41.7433915,-13.6713967],[-41.749631,-13.6609947],[-41.7622567,-13.6609252],[-41.7845057,-13.637428],[-41.7988024,-13.6356488],[-41.8092846,-13.6124894],[-41.8367781,-13.6015764],[-41.8597256,-13.5715015],[-41.9064906,-13.5483541],[-41.9281373,-13.5532102],[-41.9557512,-13.5293412],[-41.9680888,-13.5274539],[-41.9512351,-13.4975527],[-41.9688322,-13.4872179],[-41.9686303,-13.4647897],[-41.9491624,-13.4026846],[-41.947585,-13.3433867],[-41.9159942,-13.3341487],[-41.9091363,-13.3114484],[-41.8694866,-13.345968],[-41.8705614,-13.3638443],[-41.7948062,-13.4240137],[-41.7914355,-13.3731033],[-41.7655148,-13.3539419],[-41.7465744,-13.3248021],[-41.7423648,-13.3669116],[-41.7560621,-13.3941549],[-41.7526838,-13.4117841],[-41.7713232,-13.4189071],[-41.7726441,-13.4314307],[-41.7629352,-13.4428022],[-41.744486,-13.4394971],[-41.7133199,-13.4578776],[-41.6977023,-13.4785777],[-41.6960343,-13.5217376],[-41.6683228,-13.5292742],[-41.6467458,-13.5722012],[-41.629542,-13.5615553],[-41.6204511,-13.5440366],[-41.6140034,-13.5458297],[-41.6068776,-13.5802441],[-41.6146946,-13.5944403],[-41.605882,-13.6002602],[-41.6037481,-13.6257944],[-41.6170956,-13.6256587],[-41.6083135,-13.6296293],[-41.6046259,-13.6409875],[-41.6131014,-13.6437748],[-41.6047483,-13.6461608],[-41.6056797,-13.6708875],[-41.5930578,-13.6901034],[-41.6003011,-13.7072089],[-41.5959818,-13.7132186],[-41.5869016,-13.708514],[-41.5902931,-13.7240413],[-41.5776035,-13.7267299],[-41.576553,-13.7528683],[-41.5451492,-13.7618097],[-41.5384821,-13.7711052],[-41.5433462,-13.7778135],[-41.5314573,-13.7814713],[-41.5419949,-13.8025705],[-41.522972,-13.8146613],[-41.5282152,-13.8276483],[-41.5177075,-13.8339576],[-41.520971,-13.8486998],[-41.5137652,-13.8548603],[-41.519419,-13.8664791],[-41.5093935,-13.8703468],[-41.507903,-13.902239],[-41.4990624,-13.9030941],[-41.492488,-13.9152955],[-41.5591635,-13.9443053],[-41.578353,-13.8660103],[-41.5996499,-13.8500621],[-41.6044149,-13.8329873],[-41.6395316,-13.7957528],[-41.6404908,-13.7815821],[-41.6568562,-13.7591762],[-41.689564,-13.7371154]]]}},{"type":"Feature","properties":{"level":"municipio","municipality_code":"2926806","municipality_name":"Rio do Antônio","uf":"BA","state_code":"29","area_km2":777.904},"geometry":{"type":"Polygon","coordinates":[[[-42.119691,-14.1666382],[-42.1105391,-14.1604202],[-41.9942865,-14.1672775],[-41.9796413,-14.2263334],[-41.9685095,-14.2339799],[-41.9687228,-14.2500289],[-41.9860707,-14.2547597],[-41.9773676,-14.2703518],[-41.9810935,-14.2853795],[-41.9672997,-14.2927633],[-41.9529671,-14.3898793],[-41.9317621,-14.4193801],[-42.0706687,-14.4471372],[-42.1504524,-14.4889732],[-42.1733694,-14.4081071],[-42.2309335,-14.3776312],[-42.1941571,-14.3753644],[-42.2044849,-14.3535754],[-42.2047186,-14.3161373],[-42.1864287,-14.2608144],[-42.1721706,-14.247514],[-42.2078546,-14.2049458],[-42.2293803,-14.1991658],[-42.2220516,-14.1929975],[-42.2238337,-14.1712295],[-42.1852907,-14.1726522],[-42.1446532,-14.1598195],[-42.119691,-14.1666382]]]}},{"type":"Feature","properties":{"level":"municipio","municipality_code":"2926905","municipality_name":"Rio do Pires","uf":"BA","state_code":"29","area_km2":656.223},"geometry":{"type":"Polygon","coordinates":[[[-42.2022253,-13.1261355],[-42.2387534,-13.1172668],[-42.2442598,-13.1070396],[-42.2635895,-13.1217768],[-42.2773865,-13.1161119],[-42.2997541,-13.1350163],[-42.3376419,-13.1011814],[-42.3404911,-13.0746901],[-42.3583528,-13.0723168],[-42.381249,-13.0483659],[-42.3542128,-13.0338321],[-42.3371902,-13.0430638],[-42.303746,-13.026479],[-42.2892293,-13.0338712],[-42.2667918,-13.0077227],[-42.2688228,-12.9940305],[-42.2577204,-12.9818105],[-42.247547,-12.9771647],[-42.2120157,-12.9835075],[-42.202237,-12.9646616],[-42.1681357,-12.9596752],[-42.1618592,-13.0010274],[-42.1452912,-13.0165782],[-42.1267085,-13.0173641],[-42.1117453,-13.0339745],[-42.1028556,-13.0678535],[-42.1101176,-13.0817777],[-42.1022791,-13.0959797],[-42.1036563,-13.1327272],[-42.0821982,-13.1523016],[-42.0731176,-13.1520523],[-42.05915,-13.1814079],[-42.0313974,-13.1761535],[-42.014858,-13.1888387],[-41.985769,-13.234203],[-41.9132379,-13.2632584],[-41.9022463,-13.3101247],[-41.9752617,-13.2969274],[-41.9835454,-13.3062518],[-41.9970665,-13.3045221],[-42.0086553,-13.2870555],[-42.032759,-13.2945469],[-42.0964337,-13.2610653],[-42.1312578,-13.2577812],[-42.15796,-13.2272478],[-42.1708706,-13.1845357],[-42.1868087,-13.1725594],[-42.1800041,-13.1644257],[-42.2021254,-13.14113],[-42.2022253,-13.1261355]]]}},{"type":"Feature","properties":{"level":"municipio","municipality_code":"2927101","municipality_name":"Rodelas","uf":"BA","state_code":"29","area_km2":2207.159},"geometry":{"type":"Polygon","coordinates":[[[-38.6835449,-9.2161136],[-38.9834125,-8.8683876],[-38.9820535,-8.8543141],[-38.9641199,-8.8294585],[-38.9652652,-8.8152594],[-38.9523639,-8.8045386],[-38.8681044,-8.7838654],[-38.8040699,-8.7891811],[-38.7396837,-8.8448477],[-38.7065435,-8.8622606],[-38.6892326,-8.9473956],[-38.6725158,-8.9739755],[-38.6407103,-8.9872682],[-38.6240985,-8.9800469],[-38.6092398,-8.955121],[-38.6038243,-8.8805906],[-38.5704286,-8.8303691],[-38.5518427,-8.8226294],[-38.5124067,-8.8305859],[-38.4707922,-8.8616253],[-38.4793182,-8.9017437],[-38.5167987,-8.9332354],[-38.5140421,-8.9600386],[-38.5372976,-8.9600282],[-38.5480562,-8.9910274],[-38.5842373,-9.0360531],[-38.5839802,-9.1749334],[-38.5979596,-9.1878717],[-38.5918622,-9.2198457],[-38.6076261,-9.2565786],[-38.602692,-9.2654733],[-38.5644211,-9.2587514],[-38.5735582,-9.2905038],[-38.5614642,-9.3177181],[-38.5690835,-9.339631],[-38.5700546,-9.4126247],[-38.6172917,-9.4460664],[-38.6398914,-9.5304199],[-38.4930603,-9.4897656],[-38.4914817,-9.5296966],[-38.500211,-9.5529639],[-38.5051831,-9.6211306],[-38.5320039,-9.6497583],[-38.548946,-9.6854742],[-38.7847894,-9.6468173],[-38.7852306,-9.5381257],[-38.7210031,-9.4808981],[-38.7150753,-9.4562391],[-38.6833677,-9.4348952],[-38.6982422,-9.408508],[-38.6971117,-9.3947381],[-38.7069825,-9.3890124],[-38.682793,-9.3547958],[-38.654957,-9.3377675],[-38.6472969,-9.3239142],[-38.6748362,-9.2938763],[-38.6835449,-9.2161136]]]}},{"type":"Feature","properties":{"level":"municipio","municipality_code":"2927200","municipality_name":"Ruy Barbosa","uf":"BA","state_code":"29","area_km2":1991.772},"geometry":{"type":"Polygon","coordinates":[[[-40.4045559,-12.1783283],[-40.3936901,-12.1717711],[-40.3851509,-12.1913929],[-40.3666436,-12.1862081],[-40.3557948,-12.1954735],[-40.3445023,-12.189983],[-40.3219714,-12.2028426],[-40.3159742,-12.1990921],[-40.3106904,-12.2166534],[-40.2852984,-12.2161565],[-40.2732324,-12.226271],[-40.2596577,-12.2165246],[-40.2258618,-12.2238922],[-40.2042169,-12.2140079],[-40.1940588,-12.2319088],[-40.1855789,-12.2331553],[-40.1716322,-12.2194215],[-40.1569691,-12.2362964],[-40.1565313,-12.2484962],[-40.1363805,-12.2517865],[-40.133258,-12.2993953],[-40.1240686,-12.3032732],[-40.1125282,-12.3310674],[-40.1298798,-12.3368017],[-40.1324589,-12.34996],[-40.15333,-12.3458445],[-40.1687132,-12.3529895],[-40.1845129,-12.3294768],[-40.1828436,-12.3205738],[-40.1989116,-12.3153103],[-40.2123854,-12.2822445],[-40.2762973,-12.2638473],[-40.2915375,-12.2677622],[-40.3033482,-12.2580757],[-40.3193147,-12.2649854],[-40.3315824,-12.25649],[-40.3370402,-12.2630642],[-40.3623405,-12.2561997],[-40.3750853,-12.2737948],[-40.3907928,-12.2617138],[-40.4191763,-12.2794617],[-40.4262917,-12.2700388],[-40.4404971,-12.2985644],[-40.461612,-12.3151023],[-40.4806508,-12.3106848],[-40.487505,-12.3302628],[-40.4984313,-12.3316843],[-40.5086035,-12.365925],[-40.5301325,-12.4002121],[-40.5975778,-12.4530672],[-40.6864877,-12.4485225],[-40.764593,-12.3792569],[-40.7776751,-12.3827079],[-40.8350723,-12.2994009],[-40.8759445,-12.2651575],[-40.9834896,-12.2626081],[-40.9886732,-12.2533486],[-41.0090002,-12.2489167],[-41.0407715,-12.2111488],[-41.0490687,-12.1816167],[-41.0408782,-12.1476004],[-40.9972642,-12.1486808],[-40.9721215,-12.1290508],[-40.8940104,-12.1549166],[-40.8735935,-12.1257414],[-40.569707,-12.0785585],[-40.5558313,-12.0859248],[-40.5562054,-12.0945318],[-40.5247504,-12.0911752],[-40.5061905,-12.0987511],[-40.501883,-12.1163573],[-40.4955942,-12.1059531],[-40.48574,-12.1105434],[-40.4779092,-12.1015808],[-40.4702446,-12.1074717],[-40.4587994,-12.1020598],[-40.4549461,-12.1272826],[-40.443961,-12.1317058],[-40.4270553,-12.1255336],[-40.4261294,-12.1461441],[-40.4002646,-12.1562003],[-40.4085783,-12.1723365],[-40.4045559,-12.1783283]]]}},{"type":"Feature","properties":{"level":"municipio","municipality_code":"2927309","municipality_name":"Salinas da Margarida","uf":"BA","state_code":"29","area_km2":150.569},"geometry":{"type":"Polygon","coordinates":[[[-38.75146,-12.9668507],[-38.7972975,-12.9464417],[-38.8183519,-12.9074776],[-38.8178157,-12.8749415],[-38.8065356,-12.8711352],[-38.8018856,-12.8385327],[-38.6985646,-12.8005534],[-38.7215208,-12.8473538],[-38.703217,-12.876899],[-38.7084449,-12.9013133],[-38.7323945,-12.9480704],[-38.75146,-12.9668507]]]}},{"type":"Feature","properties":{"level":"municipio","municipality_code":"2927408","municipality_name":"Salvador","uf":"BA","state_code":"29","area_km2":692.589},"geometry":{"type":"Polygon","coordinates":[[[-38.3771006,-12.9536744],[-38.468747,-13.0148817],[-38.5855859,-13.0126732],[-38.5618444,-12.957884],[-38.5641577,-12.9232378],[-38.5887995,-12.8926173],[-38.6614896,-12.8550459],[-38.6880116,-12.8305457],[-38.6985646,-12.8005534],[-38.6952139,-12.7541083],[-38.5877444,-12.753975],[-38.5831987,-12.7335624],[-38.5119612,-12.7446679],[-38.4996494,-12.784713],[-38.4891499,-12.7908195],[-38.4741811,-12.7844797],[-38.4612009,-12.7932451],[-38.4662047,-12.8166788],[-38.4548839,-12.8423399],[-38.4407413,-12.8397459],[-38.4067696,-12.8735387],[-38.390487,-12.8553086],[-38.3927546,-12.8440188],[-38.378894,-12.8225714],[-38.3669633,-12.8262992],[-38.3534466,-12.8391472],[-38.354863,-12.8946656],[-38.3409604,-12.9069068],[-38.3272981,-12.8978128],[-38.3061418,-12.9038635],[-38.3043327,-12.9108729],[-38.3527085,-12.9567855],[-38.3771006,-12.9536744]]]}},{"type":"Feature","properties":{"level":"municipio","municipality_code":"2927606","municipality_name":"Santa Brígida","uf":"BA","state_code":"29","area_km2":934.461},"geometry":{"type":"Polygon","coordinates":[[[-38.000603,-9.8200267],[-38.0030694,-9.8388013],[-37.9954442,-9.8460787],[-38.002262,-9.8570742],[-38.0139796,-9.8572678],[-37.9940994,-9.8807057],[-37.9983653,-9.9059246],[-38.0299064,-9.9076354],[-38.0831534,-9.8968452],[-38.1022397,-9.8824821],[-38.1161708,-9.9216761],[-38.133449,-9.9068624],[-38.1488856,-9.9162639],[-38.191401,-9.899005],[-38.2052815,-9.9086671],[-38.2667746,-9.860397],[-38.3329174,-9.7851008],[-38.4432564,-9.69861],[-38.3636533,-9.7068404],[-38.3508638,-9.6779705],[-38.3076047,-9.660971],[-38.285333,-9.6906314],[-38.2248159,-9.6744712],[-38.191033,-9.6768926],[-38.1758737,-9.6696368],[-38.1566607,-9.6775208],[-38.1447222,-9.6584515],[-38.1484371,-9.6495849],[-38.1365338,-9.6402895],[-38.1242506,-9.644836],[-38.1227816,-9.620405],[-38.0896621,-9.6111978],[-38.0839837,-9.5990652],[-38.0610389,-9.5876379],[-38.0525472,-9.605277],[-38.0556235,-9.6322014],[-38.0371882,-9.6280475],[-38.0089614,-9.6490583],[-38.0322192,-9.6606865],[-38.0343001,-9.6867161],[-38.0449455,-9.6968631],[-38.0440496,-9.7186524],[-38.0325366,-9.770275],[-38.0200979,-9.7775099],[-38.0203181,-9.7983022],[-38.000603,-9.8200267]]]}},{"type":"Feature","properties":{"level":"municipio","municipality_code":"2927507","municipality_name":"Santa Bárbara","uf":"BA","state_code":"29","area_km2":347.021},"geometry":{"type":"Polygon","coordinates":[[[-38.89820765395293,-11.978586792297932],[-38.9044284,-12.0279028],[-38.9207954,-12.0159398],[-38.9413969,-12.0268727],[-38.9641634,-12.0191281],[-38.9885885,-12.0593106],[-39.041727,-12.0530379],[-39.0625846,-12.026227],[-39.0541677,-12.0046612],[-39.0588732,-11.9764575],[-39.0434975,-11.9342654],[-39.0143887,-11.9121534],[-39.0262154,-11.8687267],[-39.0563514,-11.8478954],[-39.0656491,-11.8296227],[-39.0132879,-11.8212094],[-38.9977776,-11.8058537],[-38.9349725,-11.8371033],[-38.9230262,-11.8875639],[-38.9065357,-11.9192201],[-38.9088715,-11.9398372],[-38.89820765395293,-11.978586792297932]]]}},{"type":"Feature","properties":{"level":"municipio","municipality_code":"2927705","municipality_name":"Santa Cruz Cabrália","uf":"BA","state_code":"29","area_km2":1462.942},"geometry":{"type":"MultiPolygon","coordinates":[[[[-38.9554852,-16.2262078],[-38.9560246,-16.2251118],[-38.9554001,-16.2247184],[-38.9554852,-16.2262078]]],[[[-39.0231763,-16.293929],[-39.0215694,-16.3214787],[-39.0060608,-16.3327553],[-39.0087566,-16.345748],[-39.1144327,-16.3621087],[-39.1662342,-16.387649],[-39.184592,-16.3839622],[-39.1919761,-16.3963132],[-39.2398549,-16.3738078],[-39.2625699,-16.3713363],[-39.307403,-16.3730966],[-39.3478481,-16.3884485],[-39.4389131,-16.3838063],[-39.4567921,-16.3918751],[-39.4387333,-16.2826369],[-39.3980886,-16.2832145],[-39.3824408,-16.268104],[-39.3981364,-16.2604996],[-39.4206659,-16.2328521],[-39.4026955,-16.098036],[-39.3708098,-16.123748],[-39.3030913,-16.1109936],[-39.2794967,-16.1321865],[-39.2302509,-16.0911951],[-39.1632883,-16.0660942],[-39.1505194,-16.0522443],[-38.9484078,-16.0923872],[-38.9566638,-16.1290947],[-38.9481067,-16.1556665],[-38.9741985,-16.2132132],[-39.0105368,-16.2445087],[-39.0231763,-16.293929]]],[[[-38.9189998,-16.1791049],[-38.9199954,-16.1786167],[-38.919128,-16.1781159],[-38.9189998,-16.1791049]]]]}},{"type":"Feature","properties":{"level":"municipio","municipality_code":"2927804","municipality_name":"Santa Cruz da Vitória","uf":"BA","state_code":"29","area_km2":284.083},"geometry":{"type":"Polygon","coordinates":[[[-39.7707187,-14.9095925],[-39.7512123,-14.9085939],[-39.7434219,-14.9236421],[-39.7375803,-14.9119516],[-39.7322201,-14.9140364],[-39.7206145,-14.9715511],[-39.6958387,-14.9654735],[-39.6889099,-14.9526323],[-39.6872832,-14.9711487],[-39.7306006,-14.983947],[-39.7445419,-14.9768559],[-39.7672425,-14.9913969],[-39.7849912,-14.9902181],[-39.8130266,-14.9709668],[-39.8313901,-14.9867846],[-39.8348921,-15.0016274],[-39.8541129,-14.9915692],[-39.8635386,-15.0105308],[-39.8848776,-15.0129987],[-39.8625504,-14.9783241],[-39.8817471,-14.8661003],[-39.8692844,-14.7923533],[-39.8318894,-14.7758171],[-39.822045,-14.7474537],[-39.7793897,-14.7418241],[-39.7881011,-14.7794092],[-39.7838608,-14.8050209],[-39.8022545,-14.8335612],[-39.7951582,-14.8502007],[-39.8004839,-14.8736425],[-39.7974044,-14.8835508],[-39.7763111,-14.8926358],[-39.7707187,-14.9095925]]]}},{"type":"Feature","properties":{"level":"municipio","municipality_code":"2927903","municipality_name":"Santa Inês","uf":"BA","state_code":"29","area_km2":374.525},"geometry":{"type":"Polygon","coordinates":[[[-39.76251950144329,-13.247860903324197],[-39.7578118,-13.2698876],[-39.728714,-13.3157478],[-39.7269895,-13.3275619],[-39.7395488,-13.3402967],[-39.7277683,-13.3706808],[-39.7461141,-13.3756319],[-39.770523,-13.3662932],[-39.7793574,-13.3745572],[-39.8125808,-13.3370036],[-39.8773564,-13.3913255],[-39.9514628,-13.3258416],[-39.9541187,-13.3150755],[-39.9756288,-13.3149251],[-39.9332135,-13.2917039],[-39.9136854,-13.2590273],[-39.9162909,-13.2370399],[-39.9223197,-13.2378174],[-39.9444281,-13.215121],[-39.9349242,-13.1993708],[-39.9463841,-13.1662768],[-39.941686,-13.1605192],[-39.8894844,-13.1666876],[-39.7994585,-13.2364275],[-39.76251950144329,-13.247860903324197]]]}},{"type":"Feature","properties":{"level":"municipio","municipality_code":"2928059","municipality_name":"Santa Luzia","uf":"BA","state_code":"29","area_km2":824.473},"geometry":{"type":"Polygon","coordinates":[[[-39.3034726,-15.5329117],[-39.3643495,-15.4862695],[-39.3659356,-15.4555155],[-39.3799765,-15.4257207],[-39.3984896,-15.4178323],[-39.41724,-15.4228037],[-39.4169861,-15.4130884],[-39.4280646,-15.4036471],[-39.4245669,-15.3897682],[-39.4407125,-15.3872117],[-39.4422562,-15.3994109],[-39.454528,-15.409538],[-39.4652451,-15.4035716],[-39.4603448,-15.3631273],[-39.4819292,-15.3463998],[-39.4624452,-15.3319194],[-39.4588675,-15.3126775],[-39.4388229,-15.3097964],[-39.4276777,-15.3163315],[-39.4329142,-15.3331616],[-39.410471,-15.3286809],[-39.3993556,-15.3492137],[-39.3648756,-15.3525537],[-39.3152009,-15.3278775],[-39.3148451,-15.3082126],[-39.3008646,-15.3041543],[-39.2878228,-15.316589],[-39.2931605,-15.3308564],[-39.2862005,-15.3412788],[-39.2752102,-15.3505872],[-39.2599678,-15.3498056],[-39.2539559,-15.3603064],[-39.2537127,-15.3415604],[-39.2346659,-15.3551766],[-39.1489291,-15.3761897],[-39.1128452,-15.3635789],[-39.1025668,-15.3709486],[-39.0810347,-15.3630982],[-39.0166021,-15.390925],[-39.0238084,-15.4082955],[-39.0206798,-15.4371544],[-39.0454037,-15.4594636],[-39.0888105,-15.4689976],[-39.1046295,-15.485662],[-39.1421508,-15.4934885],[-39.1684834,-15.5136916],[-39.2077049,-15.5107534],[-39.195223,-15.531903],[-39.1859705,-15.5265146],[-39.1641331,-15.5402133],[-39.1755582,-15.5660267],[-39.1689713,-15.5758357],[-39.1545402,-15.572937],[-39.1495068,-15.5798756],[-39.159772,-15.6033218],[-39.2034334,-15.5923502],[-39.2344614,-15.6220426],[-39.2620833,-15.6336278],[-39.284865,-15.6309369],[-39.3028099,-15.6109322],[-39.3359355,-15.6260921],[-39.3437119,-15.6155594],[-39.3074961,-15.5955855],[-39.3056501,-15.5804603],[-39.2924132,-15.5800362],[-39.2849293,-15.5657113],[-39.2746001,-15.5642993],[-39.304312,-15.550153],[-39.3034726,-15.5329117]]]}},{"type":"Feature","properties":{"level":"municipio","municipality_code":"2928109","municipality_name":"Santa Maria da Vitória","uf":"BA","state_code":"29","area_km2":1984.91},"geometry":{"type":"Polygon","coordinates":[[[-44.19173,-13.3933832],[-44.2033636,-13.4201537],[-44.2124171,-13.4142734],[-44.2181222,-13.4251909],[-44.2310841,-13.4275292],[-44.2453177,-13.4129309],[-44.2540141,-13.41971],[-44.2626699,-13.4054287],[-44.2713069,-13.4142252],[-44.2999975,-13.395966],[-44.3088422,-13.4058225],[-44.3501484,-13.3907734],[-44.3696498,-13.3974731],[-44.3904241,-13.382546],[-44.4209083,-13.3856068],[-44.4269343,-13.3694897],[-44.4503471,-13.3869549],[-44.4538235,-13.3799774],[-44.4819467,-13.3833243],[-44.4921931,-13.371678],[-44.5107535,-13.3728307],[-44.5232217,-13.3556785],[-44.5460272,-13.3494668],[-44.5458941,-13.3356627],[-44.5589883,-13.3308183],[-44.5521611,-13.3226312],[-44.5632854,-13.3005676],[-44.5603835,-13.2739402],[-44.5756132,-13.2578065],[-44.5750721,-13.243516],[-44.5856833,-13.2398089],[-44.5840579,-13.2283568],[-44.5961854,-13.2258489],[-44.596709,-13.2088582],[-44.6069098,-13.2067084],[-44.6039459,-13.2012088],[-44.6225485,-13.1782236],[-44.6531861,-13.1674548],[-44.6600767,-13.1511433],[-44.6745974,-13.1483001],[-44.6707306,-13.1398477],[-44.6872718,-13.1284675],[-44.7075757,-13.0808562],[-44.6739336,-13.0517134],[-44.6495114,-13.0436209],[-44.6432194,-13.0275374],[-44.6202718,-13.0138551],[-44.6190103,-12.9611749],[-44.6010192,-12.9601479],[-44.5783482,-12.9816108],[-44.5568978,-12.962518],[-44.5505944,-12.9428398],[-44.3421062,-13.1183054],[-44.2856491,-13.1290289],[-44.2282223,-13.2020209],[-44.1515787,-13.1956056],[-44.1109236,-13.2304262],[-44.0951042,-13.2166237],[-44.0693231,-13.2130138],[-44.0329644,-13.2260779],[-44.0092069,-13.2488201],[-43.9927558,-13.253505],[-44.0074468,-13.2943028],[-43.9997147,-13.312943],[-44.0317259,-13.3178048],[-44.024588,-13.3245856],[-44.0267697,-13.3358721],[-44.060007,-13.3443997],[-44.0712248,-13.3588621],[-44.0686174,-13.3657719],[-44.0823314,-13.3603239],[-44.0917607,-13.3708306],[-44.1158456,-13.3699494],[-44.150085,-13.3948026],[-44.1634004,-13.3882115],[-44.19173,-13.3933832]]]}},{"type":"Feature","properties":{"level":"municipio","municipality_code":"2928406","municipality_name":"Santa Rita de Cássia","uf":"BA","state_code":"29","area_km2":6030.491},"geometry":{"type":"Polygon","coordinates":[[[-44.3980737,-10.6058781],[-44.3492852,-10.5524812],[-44.3330997,-10.5487656],[-44.3060989,-10.5655358],[-44.2829095,-10.6070907],[-44.2640198,-10.62467],[-44.2373502,-10.6265499],[-44.214096,-10.6144471],[-44.1760938,-10.6328348],[-44.1648377,-10.6440584],[-44.1089893,-10.8040965],[-44.1199965,-10.8116378],[-44.1200568,-10.8257696],[-44.1389942,-10.8346817],[-44.1467714,-10.922601],[-44.1642693,-10.9477043],[-44.1618031,-10.9574307],[-44.2188204,-11.028878],[-44.2258736,-11.0592741],[-44.2191012,-11.086897],[-44.2496421,-11.1372895],[-44.3522558,-11.2294036],[-44.4958491,-11.402683],[-44.5162835,-11.4160947],[-44.5413038,-11.4178577],[-44.55552,-11.4028113],[-44.6457915,-11.4052473],[-44.6723236,-11.4125718],[-44.6937055,-11.4103458],[-44.7131835,-11.39679],[-44.7680865,-11.4217294],[-44.7864427,-11.420442],[-44.8174455,-11.3846841],[-44.8392638,-11.3851047],[-44.8693726,-11.347474],[-44.910864,-11.3538789],[-44.9412826,-11.3396696],[-44.959609,-11.3513926],[-44.9673299,-11.3802577],[-44.9811698,-11.3848438],[-44.9929481,-11.3617154],[-44.9909494,-11.3466534],[-44.9590408,-11.3125319],[-44.9506175,-11.2925445],[-44.9630859,-11.2244443],[-44.9418849,-11.2011018],[-44.9769462,-11.1891893],[-44.9857221,-11.1524724],[-45.0087834,-11.1229496],[-44.9593138,-11.0696265],[-44.9773747,-11.0371596],[-44.9700318,-11.004818],[-44.9807632,-10.9679839],[-44.9651539,-10.9372413],[-44.9446946,-10.9189996],[-44.9284257,-10.9279471],[-44.8596626,-10.8831793],[-44.8442989,-10.9000328],[-44.8083292,-10.8661495],[-44.8103231,-10.8465842],[-44.7853189,-10.8063444],[-44.7589257,-10.8048461],[-44.7574491,-10.7876634],[-44.7145743,-10.7617251],[-44.6872112,-10.7692051],[-44.6676847,-10.7600566],[-44.6613216,-10.7326943],[-44.6666217,-10.6823422],[-44.618476,-10.6710671],[-44.5849044,-10.6293509],[-44.5510784,-10.6285808],[-44.5222653,-10.6498041],[-44.5045152,-10.6507394],[-44.4767367,-10.6393046],[-44.4563111,-10.6080997],[-44.4236485,-10.6132668],[-44.3980737,-10.6058781]]]}},{"type":"Feature","properties":{"level":"municipio","municipality_code":"2928505","municipality_name":"Santa Terezinha","uf":"BA","state_code":"29","area_km2":719.257},"geometry":{"type":"Polygon","coordinates":[[[-39.5388466,-12.5788412],[-39.4397153,-12.6146776],[-39.4364483,-12.6791834],[-39.4672906,-12.6994417],[-39.4727635,-12.7233541],[-39.4937799,-12.730096],[-39.50184,-12.7427622],[-39.4984532,-12.7754394],[-39.5057803,-12.8090422],[-39.491586,-12.8145496],[-39.4889074,-12.8345769],[-39.4768347,-12.843079],[-39.4756003,-12.8538664],[-39.574911,-12.8991037],[-39.5804954,-12.893166],[-39.5904812,-12.9051293],[-39.6044022,-12.8931101],[-39.6304692,-12.9179115],[-39.6304752,-12.9303747],[-39.6495071,-12.9279958],[-39.6430523,-12.9225349],[-39.6475023,-12.9180389],[-39.6598879,-12.9269055],[-39.656991,-12.9105029],[-39.6661149,-12.9154603],[-39.6787469,-12.8872611],[-39.6738569,-12.7547527],[-39.665417,-12.7510709],[-39.6528231,-12.7619796],[-39.6343531,-12.7402705],[-39.6470595,-12.7293488],[-39.660241,-12.6939969],[-39.6510989,-12.6688418],[-39.6677142,-12.6481324],[-39.6690091,-12.6269798],[-39.6385665,-12.5842166],[-39.6151456,-12.5968162],[-39.6062628,-12.5755051],[-39.5757635,-12.5499763],[-39.5489824,-12.5571924],[-39.5388466,-12.5788412]]]}},{"type":"Feature","properties":{"level":"municipio","municipality_code":"2928000","municipality_name":"Santaluz","uf":"BA","state_code":"29","area_km2":1623.445},"geometry":{"type":"Polygon","coordinates":[[[-39.2402404,-11.2128377],[-39.2423204,-11.2285878],[-39.2238891,-11.2491822],[-39.2197894,-11.2673551],[-39.2054568,-11.2736845],[-39.2336098,-11.3231302],[-39.2273067,-11.3392104],[-39.2714716,-11.3360856],[-39.3062757,-11.3669475],[-39.3319117,-11.3415034],[-39.4994948,-11.2901864],[-39.6988911,-11.3992427],[-39.7194137,-11.3944221],[-39.7330872,-11.4013325],[-39.7377448,-11.4160973],[-39.7508508,-11.4223942],[-39.8030346,-11.3918923],[-39.8485707,-11.3503379],[-39.8624721,-11.3186759],[-39.8751897,-11.3171746],[-39.8352249,-11.3052411],[-39.8242963,-11.2899711],[-39.7030053,-11.2237596],[-39.6618547,-11.2116109],[-39.6066802,-11.1545176],[-39.5171168,-11.1065607],[-39.507431,-11.0929358],[-39.4927679,-11.0945391],[-39.4770457,-11.0698951],[-39.4558498,-11.0637672],[-39.442497,-11.0415476],[-39.4252316,-11.0299221],[-39.4139828,-11.0354228],[-39.414575,-11.0072026],[-39.363943,-10.995932],[-39.3657063,-10.9865495],[-39.3565097,-10.9908608],[-39.3435518,-10.9715354],[-39.3122923,-10.9889843],[-39.2782223,-10.9872052],[-39.2823307,-10.9904196],[-39.2719386,-10.9981236],[-39.273904,-11.0210844],[-39.2884275,-11.029603],[-39.2893444,-11.0441293],[-39.3107227,-11.0653611],[-39.309429,-11.0802263],[-39.2595195,-11.0694902],[-39.2566455,-11.1547123],[-39.2402404,-11.2128377]]]}},{"type":"Feature","properties":{"level":"municipio","municipality_code":"2928208","municipality_name":"Santana","uf":"BA","state_code":"29","area_km2":1909.353},"geometry":{"type":"Polygon","coordinates":[[[-43.7712547,-13.2183314],[-43.804375,-13.2198903],[-43.8498285,-13.2598127],[-43.865677,-13.2643066],[-43.8812392,-13.3028502],[-43.9138189,-13.2938663],[-43.9402916,-13.303058],[-43.9535355,-13.3184648],[-43.9729442,-13.3068618],[-43.9951442,-13.3193055],[-44.0074468,-13.2943028],[-43.9927558,-13.253505],[-44.0092069,-13.2488201],[-44.0329644,-13.2260779],[-44.0693231,-13.2130138],[-44.0951042,-13.2166237],[-44.1064981,-13.22945],[-44.0975526,-13.0748166],[-44.1096856,-13.0429073],[-44.1324299,-13.0406645],[-44.2019065,-12.988676],[-44.1888196,-12.9751148],[-44.1955174,-12.9707371],[-44.2113878,-12.969797],[-44.235689,-12.9819213],[-44.2594641,-12.978023],[-44.2634171,-12.9596411],[-44.2484549,-12.95752],[-44.2384802,-12.9461694],[-44.243237,-12.9358383],[-44.2351888,-12.9124321],[-44.2507529,-12.9073514],[-44.2421664,-12.8892566],[-44.2075639,-12.8767972],[-44.1839577,-12.8777197],[-44.1683298,-12.8602757],[-44.1714419,-12.8523926],[-44.1446893,-12.8526308],[-44.132264,-12.8425321],[-44.1238282,-12.8414239],[-44.1128091,-12.8576481],[-44.0926048,-12.8575763],[-44.0656115,-12.8749764],[-44.0468779,-12.8624614],[-44.0040162,-12.852557],[-43.9934636,-12.8638788],[-43.9828639,-12.8636745],[-43.9766223,-12.8781682],[-43.9258307,-12.8922462],[-43.9162201,-12.901419],[-43.9130848,-12.9232777],[-43.8840956,-12.9494831],[-43.8907273,-12.9659005],[-43.8299807,-12.9866197],[-43.8180749,-12.9764734],[-43.7812509,-12.9725072],[-43.7318901,-12.949702],[-43.7172104,-12.9314158],[-43.7058531,-12.943788],[-43.686357,-12.9331871],[-43.6815549,-13.115881],[-43.6467253,-13.1371011],[-43.6346866,-13.1716193],[-43.6452613,-13.1849993],[-43.6757613,-13.1692213],[-43.6945025,-13.1697106],[-43.7051463,-13.1877715],[-43.7264167,-13.1850005],[-43.730825,-13.2061032],[-43.7576114,-13.2064608],[-43.7712547,-13.2183314]]]}},{"type":"Feature","properties":{"level":"municipio","municipality_code":"2928307","municipality_name":"Santanópolis","uf":"BA","state_code":"29","area_km2":222.686},"geometry":{"type":"Polygon","coordinates":[[[-38.89820765395293,-11.978586792297932],[-38.9149933,-11.8997142],[-38.8687308,-11.8159565],[-38.8061808,-11.9909221],[-38.8065086,-12.0228584],[-38.8433478,-12.1063917],[-38.8746439,-12.0967954],[-38.8818387,-12.065627],[-38.8970592,-12.0558491],[-38.9044323,-12.0320989],[-38.89820765395293,-11.978586792297932]]]}},{"type":"Feature","properties":{"level":"municipio","municipality_code":"2928604","municipality_name":"Santo Amaro","uf":"BA","state_code":"29","area_km2":494.502},"geometry":{"type":"Polygon","coordinates":[[[-38.7176215,-12.6134877],[-38.7137793,-12.6517435],[-38.6842735,-12.6875404],[-38.6872084,-12.72654],[-38.7669393,-12.7161569],[-38.7884954,-12.7270961],[-38.8264251,-12.7148958],[-38.8299992,-12.7035411],[-38.8108353,-12.6923665],[-38.8167602,-12.6648991],[-38.795858,-12.6491156],[-38.7936334,-12.6245894],[-38.8014378,-12.6249155],[-38.8069537,-12.6109843],[-38.8081834,-12.5852554],[-38.8151681,-12.5956319],[-38.8201229,-12.5939904],[-38.8117035,-12.5850924],[-38.8257713,-12.5787451],[-38.8216448,-12.5682311],[-38.8312727,-12.5681245],[-38.8336896,-12.5600227],[-38.8437937,-12.5634167],[-38.8450554,-12.5499792],[-38.8507448,-12.5633534],[-38.8811293,-12.5214946],[-38.8774352,-12.5106594],[-38.8374957,-12.5127016],[-38.8340598,-12.4921362],[-38.8519427,-12.4837827],[-38.8381591,-12.4087753],[-38.8274017,-12.3967166],[-38.8364776,-12.3682752],[-38.7951897,-12.3695005],[-38.8138987,-12.3804065],[-38.8108449,-12.3938805],[-38.7423008,-12.4732471],[-38.7212987,-12.4811166],[-38.6561291,-12.4842189],[-38.6443261,-12.5130715],[-38.6514986,-12.5538478],[-38.687883,-12.5514441],[-38.6955354,-12.5905377],[-38.7099539,-12.5949787],[-38.7176215,-12.6134877]]]}},{"type":"Feature","properties":{"level":"municipio","municipality_code":"2928703","municipality_name":"Santo Antônio de Jesus","uf":"BA","state_code":"29","area_km2":261.74},"geometry":{"type":"Polygon","coordinates":[[[-39.2623148,-13.0583039],[-39.2838662,-13.0594509],[-39.2876194,-13.0493048],[-39.3201249,-13.0420191],[-39.3095381,-13.0259217],[-39.3130064,-12.9948634],[-39.3229831,-12.9914819],[-39.3262581,-12.9773659],[-39.3157565,-12.9446373],[-39.2946684,-12.9426898],[-39.2619962,-12.953612],[-39.2525378,-12.9476227],[-39.2528903,-12.9348502],[-39.2305346,-12.94477],[-39.2238388,-12.9395081],[-39.1956414,-12.9490884],[-39.1784468,-12.9467261],[-39.1642193,-12.9638072],[-39.120444,-12.9630317],[-39.1189478,-12.9711962],[-39.1049081,-12.9744007],[-39.1088107,-12.9964289],[-39.1325121,-12.9869828],[-39.1496051,-13.0009658],[-39.1451022,-13.0193839],[-39.1745025,-13.0825388],[-39.201559,-13.0780083],[-39.2199836,-13.0833333],[-39.2278787,-13.0960855],[-39.2461197,-13.0954159],[-39.2623148,-13.0583039]]]}},{"type":"Feature","properties":{"level":"municipio","municipality_code":"2928802","municipality_name":"Santo Estêvão","uf":"BA","state_code":"29","area_km2":360.334},"geometry":{"type":"Polygon","coordinates":[[[-39.277646,-12.5374818],[-39.314186,-12.5479557],[-39.3445097,-12.53032],[-39.3623022,-12.5423806],[-39.3698464,-12.5371815],[-39.3828978,-12.5073172],[-39.3938733,-12.5044032],[-39.3808134,-12.4866888],[-39.3868073,-12.4694011],[-39.3787557,-12.461377],[-39.3889197,-12.4598642],[-39.3782233,-12.4515119],[-39.3800757,-12.4414961],[-39.360569,-12.4195332],[-39.2850268,-12.3980355],[-39.2788014,-12.3834094],[-39.2630272,-12.3732417],[-39.2465515,-12.3875651],[-39.2273979,-12.3861521],[-39.2166884,-12.3967268],[-39.1948918,-12.3875347],[-39.1755984,-12.4270942],[-39.1621299,-12.4297251],[-39.1589108,-12.4576023],[-39.145219,-12.4688732],[-39.1472217,-12.4838709],[-39.1271793,-12.4982738],[-39.2048091,-12.5123858],[-39.2265132,-12.5464623],[-39.2618455,-12.5487199],[-39.277646,-12.5374818]]]}},{"type":"Feature","properties":{"level":"municipio","municipality_code":"2929602","municipality_name":"Sapeaçu","uf":"BA","state_code":"29","area_km2":131.218},"geometry":{"type":"Polygon","coordinates":[[[-39.1411675,-12.723828],[-39.1652346,-12.7588146],[-39.1915075,-12.7536465],[-39.2197022,-12.7870309],[-39.2213606,-12.8084385],[-39.2289786,-12.809724],[-39.2433514,-12.7962527],[-39.2490751,-12.7709449],[-39.2713987,-12.7486197],[-39.2601494,-12.7203102],[-39.2677333,-12.7081844],[-39.2654637,-12.6935826],[-39.228784,-12.6806302],[-39.2318056,-12.6552064],[-39.211583,-12.6486749],[-39.1411675,-12.723828]]]}},{"type":"Feature","properties":{"level":"municipio","municipality_code":"2929750","municipality_name":"Saubara","uf":"BA","state_code":"29","area_km2":166.428},"geometry":{"type":"Polygon","coordinates":[[[-38.7669393,-12.7161569],[-38.6872084,-12.72654],[-38.6985646,-12.8005534],[-38.7929356,-12.8317889],[-38.8146939,-12.8499344],[-38.8343597,-12.8493361],[-38.845774,-12.8390854],[-38.8312393,-12.8212449],[-38.8300514,-12.7951519],[-38.8175043,-12.7752956],[-38.8325638,-12.7520759],[-38.836432,-12.726639],[-38.8204737,-12.7189919],[-38.7884954,-12.7270961],[-38.7669393,-12.7161569]]]}},{"type":"Feature","properties":{"level":"municipio","municipality_code":"2929800","municipality_name":"Saúde","uf":"BA","state_code":"29","area_km2":509.098},"geometry":{"type":"Polygon","coordinates":[[[-40.3894626,-11.0617265],[-40.4681099,-11.0571605],[-40.4817272,-11.0493994],[-40.4576027,-10.958211],[-40.4662757,-10.9541099],[-40.472391,-10.9640147],[-40.4913338,-10.9392987],[-40.4754774,-10.9228253],[-40.4626147,-10.8678145],[-40.45023,-10.8540255],[-40.4530232,-10.8361342],[-40.4444381,-10.8344576],[-40.4448465,-10.8248939],[-40.4595792,-10.8216021],[-40.461139,-10.8126669],[-40.4453994,-10.7521376],[-40.4012743,-10.800435],[-40.3500549,-10.8073339],[-40.338221,-10.8295125],[-40.3332428,-10.8134035],[-40.3136847,-10.8239695],[-40.3038731,-10.8149873],[-40.2955293,-10.8199069],[-40.2856156,-10.813637],[-40.287822,-10.8357952],[-40.2681016,-10.8411982],[-40.2606641,-10.8533803],[-40.254084,-10.8412049],[-40.2405681,-10.8518492],[-40.2501795,-10.913699],[-40.3279957,-10.9672791],[-40.348367,-10.9648361],[-40.3650544,-11.0172355],[-40.3894626,-11.0617265]]]}},{"type":"Feature","properties":{"level":"municipio","municipality_code":"2929909","municipality_name":"Seabra","uf":"BA","state_code":"29","area_km2":2402.17},"geometry":{"type":"Polygon","coordinates":[[[-41.7424951,-12.3213891],[-41.733811,-12.3656728],[-41.6658261,-12.3826568],[-41.6184207,-12.3802935],[-41.54061,-12.3569946],[-41.5427935,-12.3643008],[-41.5642006,-12.3716367],[-41.5648615,-12.3881307],[-41.5880644,-12.3967586],[-41.5850362,-12.4272542],[-41.6035298,-12.4264734],[-41.6835103,-12.5328706],[-41.674688,-12.5498107],[-41.6631787,-12.5521283],[-41.6561225,-12.5850486],[-41.6783776,-12.6285856],[-41.6619824,-12.6683589],[-41.6487573,-12.6796373],[-41.84578,-12.67639],[-41.8974636,-12.684266],[-42.0279898,-12.657578],[-42.0299388,-12.6188556],[-41.983757,-12.6008949],[-42.0067583,-12.5686147],[-42.0147798,-12.5048563],[-42.0698843,-12.4311088],[-42.071657,-12.414616],[-42.1037558,-12.395896],[-42.1403683,-12.4007978],[-42.1951523,-12.3778021],[-42.2492523,-12.3895695],[-42.2589582,-12.3441611],[-42.2709944,-12.3379696],[-42.270249,-12.311076],[-42.1241208,-12.2776792],[-42.1103679,-12.3079815],[-42.09856,-12.2915687],[-42.039818,-12.2911217],[-42.0582812,-12.2451082],[-42.056267,-12.2204984],[-42.0318458,-12.2302825],[-41.9848722,-12.2914472],[-41.9681123,-12.2658948],[-41.9890508,-12.2310953],[-41.9664881,-12.2218051],[-41.971528,-12.2049868],[-41.966271,-12.1788922],[-41.9773643,-12.1539315],[-41.9688601,-12.1412636],[-41.9832934,-12.1253596],[-41.9745753,-12.1221376],[-41.9697822,-12.0922403],[-41.9612806,-12.0915199],[-41.952068,-12.1018887],[-41.941907,-12.0978711],[-41.93602,-12.1119438],[-41.9159672,-12.1063833],[-41.8884151,-12.1242754],[-41.7833645,-12.1606041],[-41.7428051,-12.2368305],[-41.7651352,-12.272596],[-41.756347,-12.3081558],[-41.7424951,-12.3213891]]]}},{"type":"Feature","properties":{"level":"municipio","municipality_code":"2930006","municipality_name":"Sebastião Laranjeiras","uf":"BA","state_code":"29","area_km2":1984.511},"geometry":{"type":"Polygon","coordinates":[[[-42.8892876,-14.5016434],[-42.8706851,-14.509526],[-42.7961286,-14.604041],[-42.7946211,-14.6314149],[-42.8544613,-14.7653791],[-42.8808002,-14.7692902],[-42.8999661,-14.7558082],[-42.9058847,-14.7610457],[-42.9121978,-14.7444719],[-42.927053,-14.7441402],[-42.924975,-14.7338695],[-42.9396587,-14.7076215],[-42.9773253,-14.6983871],[-43.0109473,-14.7016622],[-43.0268123,-14.6935489],[-43.0268895,-14.6860194],[-43.0383074,-14.6828079],[-43.0556715,-14.6909401],[-43.0663892,-14.6805592],[-43.0839365,-14.6982726],[-43.103977,-14.6739371],[-43.1163041,-14.6788545],[-43.1274974,-14.66568],[-43.1514964,-14.6663341],[-43.1763498,-14.6505438],[-43.1812597,-14.6609122],[-43.1986946,-14.6496249],[-43.2076646,-14.6583546],[-43.2660816,-14.6614816],[-43.2883244,-14.6761124],[-43.3112274,-14.6697481],[-43.3465037,-14.6960691],[-43.3789766,-14.7013807],[-43.4146911,-14.7242325],[-43.434889,-14.7230383],[-43.4612722,-14.7462285],[-43.4562579,-14.7577474],[-43.4628386,-14.7658865],[-43.4752939,-14.7622091],[-43.4812543,-14.7678977],[-43.4696983,-14.7873485],[-43.5111629,-14.7965745],[-43.5097508,-14.8075998],[-43.5212263,-14.8059096],[-43.530797,-14.8155341],[-43.4210872,-14.4966539],[-43.2630205,-14.4567235],[-43.2506196,-14.468916],[-43.2237119,-14.4648327],[-43.18061,-14.4458009],[-43.1610296,-14.4280843],[-43.1362959,-14.4274311],[-43.1202207,-14.4009243],[-43.1017821,-14.3914368],[-43.0961586,-14.3742911],[-43.048715,-14.332472],[-43.0082893,-14.3490373],[-42.9969241,-14.3659187],[-42.9739864,-14.3778198],[-42.9736748,-14.39057],[-42.9557356,-14.3955849],[-42.9292941,-14.4227319],[-42.9199988,-14.4579347],[-42.8892876,-14.5016434]]]}},{"type":"Feature","properties":{"level":"municipio","municipality_code":"2930105","municipality_name":"Senhor do Bonfim","uf":"BA","state_code":"29","area_km2":789.361},"geometry":{"type":"Polygon","coordinates":[[[-40.2484942,-10.5171325],[-40.2715547,-10.5101778],[-40.2705457,-10.5005855],[-40.2451952,-10.4833259],[-40.2343997,-10.462794],[-40.2511659,-10.436659],[-40.2439781,-10.4309837],[-40.2493437,-10.4194989],[-40.2430868,-10.4054767],[-40.2498942,-10.4051927],[-40.2509501,-10.3847366],[-40.2480589,-10.3772966],[-40.231546,-10.3743979],[-40.2098582,-10.3236708],[-40.2002871,-10.3433704],[-40.1712598,-10.3581215],[-40.1359726,-10.3239215],[-40.1243696,-10.3437634],[-40.0926481,-10.3286835],[-40.057813,-10.3231267],[-40.0478245,-10.3752658],[-40.03743,-10.3754469],[-40.0179722,-10.398284],[-40.0242396,-10.4232725],[-40.0138529,-10.4371161],[-40.0289742,-10.44659],[-40.0057509,-10.462785],[-40.0107914,-10.4884431],[-39.9744438,-10.5085906],[-39.9479545,-10.5496312],[-40.017675,-10.6208226],[-40.1425781,-10.6381843],[-40.2484942,-10.5171325]]]}},{"type":"Feature","properties":{"level":"municipio","municipality_code":"2930204","municipality_name":"Sento Sé","uf":"BA","state_code":"29","area_km2":11980.172},"geometry":{"type":"Polygon","coordinates":[[[-41.1576295,-10.1566523],[-41.1698761,-10.1984228],[-41.1440919,-10.222115],[-41.1494349,-10.2347908],[-41.1636359,-10.2403171],[-41.180923,-10.2642378],[-41.2056389,-10.2746469],[-41.2130893,-10.2918735],[-41.2385847,-10.3000561],[-41.2427358,-10.3232566],[-41.2778613,-10.3471839],[-41.2865881,-10.3356988],[-41.3138705,-10.344425],[-41.3261187,-10.3540448],[-41.323711,-10.3649253],[-41.3334319,-10.3689833],[-41.3329608,-10.3778314],[-41.3601658,-10.3691384],[-41.3543199,-10.387797],[-41.3772361,-10.4165422],[-41.4457085,-10.4414729],[-41.4492124,-10.4533295],[-41.4731947,-10.4619525],[-41.4530028,-10.4882722],[-41.3815222,-10.5187405],[-41.3973669,-10.5475766],[-41.3917692,-10.5677023],[-41.4272673,-10.5762802],[-41.4303571,-10.5894337],[-41.4570666,-10.5976905],[-41.4740984,-10.6299958],[-41.4852631,-10.6337104],[-41.4956518,-10.6183091],[-41.506074,-10.6417486],[-41.4963207,-10.6538167],[-41.511203,-10.6721097],[-41.5329703,-10.6794195],[-41.5460335,-10.6645716],[-41.5594061,-10.7053794],[-41.5909101,-10.7273418],[-41.586984,-10.7479003],[-41.5711558,-10.7599545],[-41.5888024,-10.800294],[-41.6035435,-10.8100431],[-41.6594346,-10.8062632],[-41.6681661,-10.8120963],[-41.6952465,-10.79331],[-41.7139222,-10.7415271],[-41.7385957,-10.707938],[-41.7690817,-10.7221523],[-41.9159295,-10.6428364],[-42.0059784,-10.640404],[-42.0482878,-10.5442497],[-42.0659935,-10.5289805],[-42.0691497,-10.4942762],[-42.0893496,-10.4767177],[-42.0795428,-10.4572071],[-42.0854701,-10.4257124],[-42.0990563,-10.414565],[-42.0918624,-10.382001],[-42.132519,-10.346924],[-42.132556,-10.3129682],[-42.15966,-10.2579383],[-42.4054672,-10.1851203],[-42.4176572,-10.1506767],[-42.4354692,-10.130306],[-42.3997695,-10.0575676],[-42.3550295,-10.0322367],[-42.2779593,-10.0544713],[-42.2575774,-10.0542287],[-42.2301416,-10.0358388],[-42.2057559,-9.9806816],[-42.1676611,-9.9477296],[-42.1494243,-9.9112289],[-42.1191579,-9.8880936],[-42.0952988,-9.8294823],[-42.0768205,-9.811583],[-42.0800047,-9.7311067],[-42.0411311,-9.6701085],[-41.992365,-9.6664575],[-41.9634543,-9.68737],[-41.9232024,-9.6915025],[-41.839568,-9.7321591],[-41.7672869,-9.7448844],[-41.6930499,-9.7701498],[-41.6805779,-9.764931],[-41.6371537,-9.7153027],[-41.559394,-9.6762868],[-41.5037697,-9.665202],[-41.4177586,-9.6923257],[-41.3790427,-9.6935355],[-41.2472222,-9.6470914],[-41.2126855,-9.6221531],[-41.1887378,-9.5599591],[-41.1435384,-9.4959279],[-41.1174204,-9.4035908],[-41.0673189,-9.4031348],[-41.0166283,-9.3839414],[-40.9860325,-9.3855576],[-40.9537828,-9.3979147],[-41.0074186,-9.4679051],[-41.0047243,-9.4917357],[-40.9644499,-9.5526797],[-40.98461,-9.5902176],[-40.9815722,-9.6086502],[-40.9746484,-9.608092],[-40.9676277,-9.7370798],[-40.995577,-9.7772043],[-41.0342589,-9.8066837],[-41.0280803,-9.8197702],[-41.057919,-9.8529269],[-41.0661286,-9.8760151],[-41.0505656,-9.9058678],[-41.0826801,-9.9452856],[-41.1055208,-9.9434846],[-41.1035208,-9.9180296],[-41.1126896,-9.9062498],[-41.1226277,-9.9262986],[-41.1308114,-9.9294537],[-41.1351567,-9.9219189],[-41.1821686,-9.955664],[-41.2140185,-9.955664],[-41.2202879,-9.922098],[-41.2257424,-9.9301644],[-41.2365248,-9.9262583],[-41.2366151,-9.9435138],[-41.2537636,-9.9444065],[-41.2482664,-9.9516055],[-41.2531507,-9.9794132],[-41.1694043,-10.0140343],[-41.169002,-10.0317541],[-41.1974131,-10.0624664],[-41.1795216,-10.1035005],[-41.1589639,-10.1129519],[-41.1669481,-10.1299703],[-41.1576295,-10.1566523]]]}},{"type":"Feature","properties":{"level":"municipio","municipality_code":"2930303","municipality_name":"Serra Dourada","uf":"BA","state_code":"29","area_km2":1592.245},"geometry":{"type":"Polygon","coordinates":[[[-43.5496395,-12.8865977],[-43.5862563,-12.9264786],[-43.6260742,-12.9207019],[-43.6373022,-12.9283864],[-43.6492009,-12.9249495],[-43.659729,-12.9370096],[-43.6915247,-12.9321191],[-43.7058531,-12.943788],[-43.7172104,-12.9314158],[-43.7318901,-12.949702],[-43.7812509,-12.9725072],[-43.8180749,-12.9764734],[-43.8299807,-12.9866197],[-43.8907273,-12.9659005],[-43.8840956,-12.9494831],[-43.9130848,-12.9232777],[-43.9162201,-12.901419],[-43.9258307,-12.8922462],[-43.9766223,-12.8781682],[-43.9828639,-12.8636745],[-43.9934636,-12.8638788],[-44.0020177,-12.8531192],[-44.0468779,-12.8624614],[-44.0656115,-12.8749764],[-44.0926048,-12.8575763],[-44.1132921,-12.8573748],[-44.1238282,-12.8414239],[-44.1446893,-12.8526308],[-44.1714419,-12.8523926],[-44.1738834,-12.8206888],[-44.1538863,-12.8035936],[-44.1518564,-12.7766325],[-44.1705905,-12.7658748],[-44.1791683,-12.7412156],[-44.0813817,-12.7701517],[-44.0226971,-12.755692],[-43.9451504,-12.7048309],[-43.536422,-12.6368587],[-43.5496395,-12.8865977]]]}},{"type":"Feature","properties":{"level":"municipio","municipality_code":"2930402","municipality_name":"Serra Preta","uf":"BA","state_code":"29","area_km2":595.297},"geometry":{"type":"Polygon","coordinates":[[[-39.2488869,-12.1067069],[-39.292867,-12.1870686],[-39.3445821,-12.1861295],[-39.3409951,-12.1980318],[-39.3773619,-12.2304336],[-39.3812014,-12.2474529],[-39.4081901,-12.2660464],[-39.5220546,-12.036918],[-39.5938201,-12.0599841],[-39.5769031,-12.0391404],[-39.4125766,-12.0029532],[-39.3730734,-11.9817904],[-39.3659341,-11.9684882],[-39.3401147,-11.965975],[-39.2908642,-11.9952812],[-39.287407,-12.0216531],[-39.2705725,-12.0311582],[-39.2146651,-12.0954841],[-39.2488869,-12.1067069]]]}},{"type":"Feature","properties":{"level":"municipio","municipality_code":"2930154","municipality_name":"Serra do Ramalho","uf":"BA","state_code":"29","area_km2":2341.703},"geometry":{"type":"Polygon","coordinates":[[[-43.4268614,-13.4326636],[-43.4605233,-13.5621789],[-43.5185349,-13.5818552],[-43.5567568,-13.644507],[-43.5602707,-13.6614839],[-43.5483541,-13.7122176],[-43.562463,-13.7423999],[-43.5926129,-13.7632756],[-43.5866231,-13.8062893],[-43.9331362,-13.6562766],[-43.9167687,-13.6343842],[-43.8802717,-13.6077985],[-43.8805013,-13.5879059],[-43.8674803,-13.5652157],[-43.8586691,-13.5641693],[-43.8609922,-13.5535584],[-43.8471868,-13.5448513],[-43.8395402,-13.5244715],[-43.8147158,-13.5250187],[-43.8059328,-13.5068153],[-43.8152734,-13.4863247],[-43.8325514,-13.4904392],[-43.8952363,-13.4730897],[-43.9081547,-13.440851],[-43.8828787,-13.3361711],[-43.8648118,-13.3305524],[-43.8706849,-13.3219021],[-43.8597328,-13.3091235],[-43.8612944,-13.2993157],[-43.8559894,-13.3006607],[-43.8560022,-13.27746],[-43.8623165,-13.275709],[-43.857171,-13.2620518],[-43.804375,-13.2198903],[-43.77615,-13.2208092],[-43.7576114,-13.2064608],[-43.730825,-13.2061032],[-43.7328051,-13.1934195],[-43.7211447,-13.1822353],[-43.706068,-13.1878419],[-43.7050122,-13.2895566],[-43.629148,-13.268224],[-43.4323531,-13.2586364],[-43.4667445,-13.3304342],[-43.4623514,-13.357038],[-43.4268614,-13.4326636]]]}},{"type":"Feature","properties":{"level":"municipio","municipality_code":"2930501","municipality_name":"Serrinha","uf":"BA","state_code":"29","area_km2":583.311},"geometry":{"type":"Polygon","coordinates":[[[-38.887396,-11.62788],[-38.8785699,-11.6376778],[-38.8723488,-11.6988927],[-38.8901701,-11.6965661],[-38.8979958,-11.7223887],[-38.9302984,-11.7277843],[-38.9354872,-11.7404183],[-38.9647405,-11.7465482],[-38.9672453,-11.7570771],[-38.9859647,-11.7532337],[-38.9780371,-11.8156632],[-38.9977776,-11.8058537],[-39.013555,-11.8212935],[-39.0765085,-11.8286937],[-39.0606527,-11.769819],[-39.1022199,-11.7048086],[-39.1593051,-11.6465351],[-39.1581254,-11.6325537],[-39.1338799,-11.6293618],[-39.1110304,-11.615098],[-39.0726308,-11.6155732],[-39.0683069,-11.6047583],[-39.0329616,-11.5869718],[-39.0210237,-11.5511816],[-38.9804144,-11.5531345],[-38.9642991,-11.5621642],[-38.9209899,-11.5399395],[-38.9032924,-11.5434703],[-38.8861211,-11.5238528],[-38.8654686,-11.5445522],[-38.8636903,-11.5825809],[-38.8534299,-11.605857],[-38.887396,-11.62788]]]}},{"type":"Feature","properties":{"level":"municipio","municipality_code":"2930600","municipality_name":"Serrolândia","uf":"BA","state_code":"29","area_km2":322.022},"geometry":{"type":"Polygon","coordinates":[[[-40.31169,-11.4334905],[-40.3833582,-11.4012334],[-40.3941279,-11.3842785],[-40.3158079,-11.3484615],[-40.3182743,-11.3337408],[-40.2095203,-11.3308485],[-40.1881979,-11.338981],[-40.2045499,-11.3829409],[-40.2011765,-11.4173909],[-40.1891737,-11.4294376],[-40.1977614,-11.4942045],[-40.1664951,-11.5217705],[-40.1694738,-11.5277172],[-40.2090943,-11.5458575],[-40.2067319,-11.5513223],[-40.2232034,-11.5634986],[-40.2338716,-11.5616561],[-40.2398251,-11.5501052],[-40.2537086,-11.5494443],[-40.2550107,-11.5362289],[-40.2684585,-11.5319395],[-40.2939724,-11.4943427],[-40.2955991,-11.4533667],[-40.31169,-11.4334905]]]}},{"type":"Feature","properties":{"level":"municipio","municipality_code":"2930709","municipality_name":"Simões Filho","uf":"BA","state_code":"29","area_km2":201.528},"geometry":{"type":"Polygon","coordinates":[[[-38.354409,-12.717082],[-38.3277819,-12.7955615],[-38.3314051,-12.8115492],[-38.349312,-12.809949],[-38.378894,-12.8225714],[-38.4024873,-12.872578],[-38.4291991,-12.858165],[-38.4282623,-12.8487373],[-38.4407413,-12.8397459],[-38.4529765,-12.8444285],[-38.4644775,-12.8279692],[-38.4622707,-12.7914831],[-38.4149898,-12.6614291],[-38.4039309,-12.6585627],[-38.3780358,-12.6713358],[-38.3683993,-12.7074162],[-38.354409,-12.717082]]]}},{"type":"Feature","properties":{"level":"municipio","municipality_code":"2930774","municipality_name":"Sobradinho","uf":"BA","state_code":"29","area_km2":1355.972},"geometry":{"type":"Polygon","coordinates":[[[-40.7767162,-9.4544448],[-40.7453177,-9.4433506],[-40.7152453,-9.4488062],[-40.7307867,-9.4579245],[-40.7435763,-9.5201728],[-40.7700117,-9.5696516],[-40.7689265,-9.6504204],[-40.7406419,-9.7072214],[-40.7495373,-9.7343742],[-40.7638008,-9.7497541],[-40.7683605,-9.7782943],[-40.7553089,-9.7980744],[-40.7638293,-9.815854],[-40.7867404,-9.8505697],[-40.8137513,-9.8713699],[-40.8236902,-9.836335],[-40.831628,-9.8644707],[-40.839902,-9.8613708],[-40.8536799,-9.8821129],[-40.8822796,-9.8958405],[-40.8938324,-9.9148216],[-40.9244204,-9.8967853],[-40.9431158,-9.9146652],[-40.9445662,-9.881278],[-40.9887682,-9.8977537],[-40.9967917,-9.8861182],[-41.0132386,-9.9091275],[-41.0295975,-9.9121353],[-41.0425927,-9.9275095],[-41.0549096,-9.9186445],[-41.0513622,-9.9024666],[-41.0663303,-9.8785895],[-41.057919,-9.8529269],[-41.0280803,-9.8197702],[-41.0342589,-9.8066837],[-40.995577,-9.7772043],[-40.9676277,-9.7370798],[-40.9746484,-9.608092],[-40.9815722,-9.6086502],[-40.98461,-9.5902176],[-40.9644499,-9.5526797],[-41.0047243,-9.4917357],[-41.0074186,-9.4679051],[-40.9537828,-9.3979147],[-40.9345,-9.3939668],[-40.8631151,-9.3940966],[-40.8340615,-9.4254835],[-40.785176,-9.4495097],[-40.7671593,-9.4454119],[-40.7767162,-9.4544448]]]}},{"type":"Feature","properties":{"level":"municipio","municipality_code":"2930808","municipality_name":"Souto Soares","uf":"BA","state_code":"29","area_km2":1026.634},"geometry":{"type":"Polygon","coordinates":[[[-41.4873615,-12.118103],[-41.6043852,-12.1446102],[-41.7708412,-12.1383586],[-41.8099357,-12.1532205],[-41.8884151,-12.1242754],[-41.9159672,-12.1063833],[-41.93602,-12.1119438],[-41.9431915,-12.0969587],[-41.952068,-12.1018887],[-41.9598269,-12.0919601],[-41.9697822,-12.0922403],[-41.9632456,-12.0844673],[-41.953786,-12.0895949],[-41.9444862,-12.0762638],[-41.9826314,-12.0444067],[-41.9792846,-12.0211886],[-41.9501091,-12.0224543],[-41.9441173,-12.0131145],[-41.9632262,-11.9684158],[-41.9936779,-11.9744689],[-41.9973476,-11.9043987],[-42.026201,-11.8885272],[-42.0271675,-11.8506182],[-42.0186798,-11.8514497],[-42.0060323,-11.8352652],[-42.0217083,-11.815489],[-41.6811254,-11.991201],[-41.6517341,-12.0136875],[-41.630487,-12.0124984],[-41.4539011,-12.0990408],[-41.4873615,-12.118103]]]}},{"type":"Feature","properties":{"level":"municipio","municipality_code":"2929701","municipality_name":"Sátiro Dias","uf":"BA","state_code":"29","area_km2":949.223},"geometry":{"type":"Polygon","coordinates":[[[-38.5674459,-11.7405466],[-38.6480391,-11.6901533],[-38.6742408,-11.6929087],[-38.7817915,-11.3653915],[-38.7741465,-11.3563555],[-38.621963,-11.4110112],[-38.6434902,-11.4101803],[-38.6645306,-11.4308],[-38.5708971,-11.4637328],[-38.57086,-11.4917903],[-38.5564841,-11.4846104],[-38.5046932,-11.4886994],[-38.452418,-11.5149664],[-38.4558909,-11.523176],[-38.4273117,-11.5445066],[-38.4166244,-11.5342826],[-38.4045869,-11.5359202],[-38.3975233,-11.5574153],[-38.4254357,-11.5658239],[-38.4250062,-11.5933407],[-38.442226,-11.6068833],[-38.441247,-11.6337037],[-38.4272769,-11.6496421],[-38.434743,-11.7247631],[-38.5420643,-11.7545339],[-38.5579503,-11.7375631],[-38.5674459,-11.7405466]]]}},{"type":"Feature","properties":{"level":"municipio","municipality_code":"2928901","municipality_name":"São Desidério","uf":"BA","state_code":"29","area_km2":15158.733},"geometry":{"type":"Polygon","coordinates":[[[-44.6086735,-12.7313179],[-44.5509824,-12.9449654],[-44.5568978,-12.962518],[-44.5783482,-12.9816108],[-44.6010192,-12.9601479],[-44.6190103,-12.9611749],[-44.6202718,-13.0138551],[-44.6432194,-13.0275374],[-44.6495114,-13.0436209],[-44.6992636,-13.0701529],[-44.7066338,-13.0834234],[-44.718489,-13.0697631],[-44.7204745,-13.0504665],[-44.7416546,-13.042031],[-44.7546447,-13.0192119],[-44.7784356,-13.0125734],[-44.7856856,-12.9914974],[-44.7976747,-12.9896306],[-44.8849243,-13.0160054],[-44.8885517,-13.0111782],[-44.9309368,-13.0215993],[-44.9643586,-13.041453],[-44.9710192,-13.0366006],[-45.0459398,-13.0708003],[-45.1291192,-13.0924447],[-45.2134778,-13.1297554],[-45.29394,-13.1339685],[-45.3238855,-13.1496023],[-45.3684028,-13.151897],[-45.4028151,-13.1677818],[-45.4273391,-13.1569753],[-45.4636196,-13.1566086],[-45.5560205,-13.1921808],[-45.608636,-13.1848221],[-45.6878372,-13.2101275],[-45.7309482,-13.2345306],[-45.8428028,-13.2580977],[-45.931578,-13.2965387],[-46.2089639,-13.4655628],[-46.225881,-13.4499582],[-46.2246275,-13.4395677],[-46.2495225,-13.4313089],[-46.2251383,-13.4128051],[-46.2056166,-13.4168318],[-46.1622858,-13.3826351],[-46.1354731,-13.3755242],[-46.0733396,-13.3113689],[-46.0682755,-13.2954418],[-46.0802173,-13.2738374],[-46.1032194,-13.2575102],[-46.2924869,-13.3169301],[-46.317902,-13.3052278],[-46.2999859,-13.2828818],[-46.2999257,-13.2576773],[-46.3291318,-13.2484864],[-46.3043483,-13.2059795],[-46.3029804,-13.1864048],[-46.3167108,-13.1832609],[-46.2951808,-13.1418745],[-46.3197943,-13.1042314],[-46.3357888,-13.0976579],[-46.316385,-13.0909773],[-46.3010985,-13.0743117],[-46.2815629,-13.0451358],[-46.2755338,-13.0202133],[-46.1938118,-12.9967524],[-46.1246636,-12.9598204],[-46.1055356,-12.9327333],[-46.1090484,-12.9204224],[-46.1266475,-12.9123867],[-46.1441501,-12.9311485],[-46.1603536,-12.9313835],[-46.1633584,-12.9240508],[-46.2055999,-12.9506776],[-46.265437,-12.9387891],[-46.2881977,-12.9529024],[-46.3300763,-12.9578517],[-46.3059744,-12.9390733],[-46.3160249,-12.9362469],[-46.3055276,-12.9264823],[-46.3127132,-12.9112915],[-46.2870007,-12.8934265],[-46.2953109,-12.8911011],[-46.2883667,-12.8827839],[-46.2953808,-12.8700616],[-46.3050221,-12.8687425],[-46.2735162,-12.8315515],[-46.2791435,-12.8114029],[-46.3004892,-12.8115565],[-46.2915915,-12.7962978],[-46.3120784,-12.7982098],[-46.2986061,-12.7750871],[-46.2818857,-12.7708508],[-46.281977,-12.7633705],[-46.2959672,-12.7628774],[-46.2958822,-12.744723],[-46.2851427,-12.7496506],[-46.2873229,-12.7389057],[-46.2737155,-12.7388185],[-46.2680805,-12.7161568],[-46.2923946,-12.7075693],[-46.3040783,-12.7149422],[-46.2917518,-12.6990744],[-46.3040982,-12.6969296],[-46.3057156,-12.6885262],[-46.2639272,-12.6582931],[-46.2674153,-12.6503971],[-46.2784956,-12.6499532],[-46.2763752,-12.6410285],[-46.3104042,-12.642678],[-46.2757846,-12.5944306],[-46.2905242,-12.5827005],[-46.3029456,-12.581669],[-46.3072831,-12.5781301],[-46.3075674,-12.5767478],[-46.2976461,-12.563339],[-46.2935417,-12.5790284],[-46.2716121,-12.5700454],[-46.2739005,-12.5576849],[-46.2673597,-12.5536139],[-46.2729134,-12.55026],[-46.2244444,-12.528641],[-46.2003802,-12.5041474],[-46.1622154,-12.495718],[-46.1537866,-12.4994992],[-46.1420294,-12.5311259],[-46.1131003,-12.5311259],[-45.9268088,-12.4597448],[-45.908012,-12.459764],[-45.8729731,-12.4296345],[-45.8407829,-12.4184265],[-45.7519756,-12.4121064],[-45.7189206,-12.3967879],[-45.6603784,-12.3927335],[-45.5873223,-12.4020248],[-45.5403271,-12.3908518],[-45.4865909,-12.3649542],[-45.464465,-12.3767935],[-45.446803,-12.3672832],[-45.4058506,-12.3701945],[-45.3488469,-12.3886947],[-45.2837696,-12.4220158],[-45.2314019,-12.427016],[-45.2158003,-12.4118113],[-45.202447,-12.3802871],[-45.1704348,-12.371135],[-45.1495638,-12.3333096],[-45.1331094,-12.3224285],[-45.1024565,-12.336229],[-45.0779076,-12.3345039],[-45.044615,-12.3156966],[-45.0248667,-12.320969],[-44.9272688,-12.2931113],[-44.837006,-12.389651],[-44.7812366,-12.3951186],[-44.7756613,-12.4022253],[-44.7378517,-12.4088431],[-44.7417734,-12.4362341],[-44.720452,-12.4726906],[-44.7297983,-12.4945624],[-44.7205043,-12.4995161],[-44.7156259,-12.5184918],[-44.6991274,-12.5226128],[-44.6901607,-12.5488217],[-44.6737366,-12.5637041],[-44.6250228,-12.5721832],[-44.6086735,-12.7313179]]]}},{"type":"Feature","properties":{"level":"municipio","municipality_code":"2928950","municipality_name":"São Domingos","uf":"BA","state_code":"29","area_km2":289.963},"geometry":{"type":"Polygon","coordinates":[[[-39.5361578,-11.5696682],[-39.5568596,-11.5441611],[-39.5900638,-11.5274849],[-39.599297,-11.5299918],[-39.6068452,-11.5155775],[-39.6320254,-11.4981286],[-39.6640136,-11.4538544],[-39.6546045,-11.4365488],[-39.6591619,-11.4252346],[-39.6988911,-11.3992427],[-39.6087712,-11.3461318],[-39.5639309,-11.4013461],[-39.4899085,-11.4400921],[-39.4904455,-11.4740165],[-39.4772026,-11.4849639],[-39.5361578,-11.5696682]]]}},{"type":"Feature","properties":{"level":"municipio","municipality_code":"2929107","municipality_name":"São Felipe","uf":"BA","state_code":"29","area_km2":222.407},"geometry":{"type":"Polygon","coordinates":[[[-39.074995,-12.8428185],[-39.069163,-12.8724661],[-39.0394289,-12.9050888],[-39.0263699,-12.9389617],[-39.0379291,-12.9415297],[-39.0417208,-12.9512129],[-39.0604426,-12.9471855],[-39.1164247,-12.9565436],[-39.1131987,-12.9688079],[-39.1189478,-12.9711962],[-39.1294403,-12.9470896],[-39.1235722,-12.9401114],[-39.1377801,-12.9231844],[-39.1310748,-12.8847529],[-39.1618402,-12.8489717],[-39.1492846,-12.8262004],[-39.1192456,-12.8173647],[-39.1175118,-12.7984885],[-39.1386284,-12.7755799],[-39.1440322,-12.7400385],[-39.0873391,-12.7316882],[-39.0450233,-12.7344902],[-39.0503734,-12.7517844],[-39.0451625,-12.7916066],[-39.0691476,-12.8160153],[-39.074995,-12.8428185]]]}},{"type":"Feature","properties":{"level":"municipio","municipality_code":"2929206","municipality_name":"São Francisco do Conde","uf":"BA","state_code":"29","area_km2":269.736},"geometry":{"type":"Polygon","coordinates":[[[-38.5996344,-12.735877],[-38.6113115,-12.7263],[-38.6872072,-12.7265381],[-38.6842735,-12.6875404],[-38.7188358,-12.6353198],[-38.7176215,-12.6134877],[-38.7099539,-12.5949787],[-38.6955354,-12.5905377],[-38.6845534,-12.5495692],[-38.6524609,-12.5522476],[-38.6416005,-12.5702594],[-38.6208359,-12.5542541],[-38.5793368,-12.6318389],[-38.5389413,-12.6283149],[-38.5408453,-12.6399797],[-38.5580313,-12.6522474],[-38.5502387,-12.6623378],[-38.5599261,-12.6890231],[-38.5533824,-12.7104919],[-38.5331237,-12.7275241],[-38.5350331,-12.738733],[-38.5996344,-12.735877]]]}},{"type":"Feature","properties":{"level":"municipio","municipality_code":"2929008","municipality_name":"São Félix","uf":"BA","state_code":"29","area_km2":103.226},"geometry":{"type":"Polygon","coordinates":[[[-38.9794857,-12.6024846],[-38.9963352,-12.587723],[-38.9625029,-12.6094946],[-38.9528623,-12.6469837],[-38.9418714,-12.6601542],[-38.9380546,-12.7011664],[-38.9532449,-12.7034703],[-38.9658814,-12.6949755],[-38.996006,-12.7023241],[-39.0080498,-12.7109033],[-39.0076967,-12.729596],[-39.0438864,-12.7379726],[-39.0578713,-12.7289621],[-39.0484465,-12.7181717],[-39.0534512,-12.6893054],[-39.0440011,-12.6446783],[-38.9714195,-12.6322674],[-38.9794857,-12.6024846]]]}},{"type":"Feature","properties":{"level":"municipio","municipality_code":"2929057","municipality_name":"São Félix do Coribe","uf":"BA","state_code":"29","area_km2":1751.671},"geometry":{"type":"Polygon","coordinates":[[[-44.1411216,-13.6923829],[-44.1801276,-13.6840438],[-44.1881668,-13.6582224],[-44.2393318,-13.5886233],[-44.250147,-13.5137667],[-44.2616124,-13.5096273],[-44.2690825,-13.4871325],[-44.2621,-13.4806363],[-44.2657646,-13.4692916],[-44.2579025,-13.465414],[-44.2611018,-13.4578727],[-44.242562,-13.4525118],[-44.2445783,-13.4367057],[-44.2324982,-13.4403492],[-44.2144943,-13.4151325],[-44.2033636,-13.4201537],[-44.1933692,-13.393412],[-44.1634004,-13.3882115],[-44.150085,-13.3948026],[-44.1158456,-13.3699494],[-44.0917607,-13.3708306],[-44.0823314,-13.3603239],[-44.0686174,-13.3657719],[-44.0712248,-13.3588621],[-44.060007,-13.3443997],[-44.0267697,-13.3358721],[-44.0276049,-13.3158614],[-44.0025401,-13.3132544],[-43.9869744,-13.3202504],[-43.9729442,-13.3068618],[-43.9552404,-13.3189636],[-43.9402916,-13.303058],[-43.9138189,-13.2938663],[-43.8812392,-13.3028502],[-43.8754873,-13.2761576],[-43.8571647,-13.2620544],[-43.8623165,-13.275709],[-43.8560022,-13.27746],[-43.8559894,-13.3006607],[-43.8612944,-13.2993157],[-43.8597328,-13.3091235],[-43.8706849,-13.3219021],[-43.8648118,-13.3305524],[-43.8828787,-13.3361711],[-43.9081547,-13.440851],[-43.8952363,-13.4730897],[-43.8325514,-13.4904392],[-43.8152734,-13.4863247],[-43.8059328,-13.5068153],[-43.8147158,-13.5250187],[-43.8395402,-13.5244715],[-43.8471868,-13.5448513],[-43.8609922,-13.5535584],[-43.8586691,-13.5641693],[-43.8674803,-13.5652157],[-43.8805013,-13.5879059],[-43.8802717,-13.6077985],[-43.9167687,-13.6343842],[-43.9331362,-13.6562766],[-43.8142897,-13.7083541],[-43.8145749,-13.7338069],[-43.8366518,-13.7460065],[-43.8405003,-13.7592274],[-43.8536909,-13.7440454],[-43.8694552,-13.7564894],[-43.8818093,-13.7441956],[-43.881618,-13.7619176],[-43.8927999,-13.7529235],[-43.9017819,-13.7726477],[-43.9126557,-13.7677037],[-43.912126,-13.7835003],[-43.9056312,-13.779003],[-43.899916,-13.7960813],[-43.9100104,-13.7944074],[-43.9229454,-13.8053988],[-43.9425836,-13.7882438],[-43.9571929,-13.7872487],[-43.9480997,-13.7917711],[-43.957583,-13.8118887],[-43.9495361,-13.8226708],[-43.9628052,-13.8234899],[-43.9649321,-13.8354567],[-43.9793471,-13.8317926],[-43.9841173,-13.8411381],[-43.9903944,-13.8155573],[-43.995451,-13.8229758],[-43.9998127,-13.8169275],[-44.011597,-13.8199377],[-44.0190274,-13.795957],[-44.0217703,-13.8022491],[-44.1411216,-13.6923829]]]}},{"type":"Feature","properties":{"level":"municipio","municipality_code":"2929255","municipality_name":"São Gabriel","uf":"BA","state_code":"29","area_km2":1146.054},"geometry":{"type":"Polygon","coordinates":[[[-41.5531972,-10.952856],[-41.5395385,-10.9680363],[-41.5091409,-10.968572],[-41.50359,-10.9806093],[-41.4907749,-10.9798443],[-41.4831721,-10.9882115],[-41.4612894,-10.9761715],[-41.4380622,-10.9775097],[-41.4295534,-10.9854675],[-41.4299289,-11.0018268],[-41.4977542,-11.0584995],[-41.5254893,-11.0919673],[-41.5663526,-11.0972383],[-41.5975065,-11.1222282],[-41.5939529,-11.131016],[-41.6068909,-11.1450671],[-41.6331833,-11.1396298],[-41.6478871,-11.168398],[-41.7150793,-11.195049],[-41.739946,-11.223334],[-41.8779313,-11.2610321],[-41.8758949,-11.2691229],[-41.9417424,-11.2282339],[-41.8983621,-11.1285394],[-41.8560275,-11.1158578],[-41.8135276,-11.0202723],[-41.753103,-10.9400331],[-41.7129852,-10.9376484],[-41.6621664,-10.9129597],[-41.6448726,-10.9126108],[-41.652988,-10.8855822],[-41.6719627,-10.8691208],[-41.6983493,-10.895849],[-41.6973693,-10.8632523],[-41.6627623,-10.8112018],[-41.6464986,-10.8521193],[-41.567467,-10.9035339],[-41.5531972,-10.952856]]]}},{"type":"Feature","properties":{"level":"municipio","municipality_code":"2929305","municipality_name":"São Gonçalo dos Campos","uf":"BA","state_code":"29","area_km2":294.768},"geometry":{"type":"Polygon","coordinates":[[[-38.9172094,-12.4807716],[-38.9212935,-12.4945669],[-38.9287072,-12.4933129],[-38.9685226,-12.4704992],[-39.0080037,-12.471835],[-39.028394,-12.4398256],[-39.0524519,-12.4466592],[-39.0617314,-12.4222045],[-39.0544506,-12.4110193],[-39.0378047,-12.4183571],[-39.0103286,-12.3923862],[-39.0118474,-12.3728173],[-39.0236057,-12.3662312],[-39.0246972,-12.3542057],[-39.0012316,-12.3411656],[-38.996357,-12.3111484],[-38.9560567,-12.3009098],[-38.9079727,-12.3861933],[-38.8381591,-12.4087753],[-38.8519427,-12.4837827],[-38.8340598,-12.4921362],[-38.838371,-12.5140478],[-38.8833208,-12.5091391],[-38.9057087,-12.4972171],[-38.8979374,-12.4887201],[-38.9172094,-12.4807716]]]}},{"type":"Feature","properties":{"level":"municipio","municipality_code":"2929354","municipality_name":"São José da Vitória","uf":"BA","state_code":"29","area_km2":127.925},"geometry":{"type":"Polygon","coordinates":[[[-39.2957499,-15.0732496],[-39.2957454,-15.087453],[-39.306453,-15.0993741],[-39.3460948,-15.1226452],[-39.3691989,-15.1255475],[-39.3940939,-15.1492985],[-39.4024952,-15.1473715],[-39.4039064,-15.1013423],[-39.3917629,-15.0792095],[-39.408657,-15.0630354],[-39.4032298,-15.051149],[-39.4117272,-15.028586],[-39.3958396,-15.0208199],[-39.3807452,-15.0257517],[-39.3726866,-15.016208],[-39.3660959,-15.0324964],[-39.3408965,-15.0264885],[-39.3282569,-15.0149228],[-39.3203543,-15.0247561],[-39.3078112,-15.0210408],[-39.279035,-15.0561425],[-39.2957499,-15.0732496]]]}},{"type":"Feature","properties":{"level":"municipio","municipality_code":"2929370","municipality_name":"São José do Jacuípe","uf":"BA","state_code":"29","area_km2":362.365},"geometry":{"type":"Polygon","coordinates":[[[-39.8485707,-11.3503379],[-39.787281,-11.4043938],[-39.7641894,-11.4110669],[-39.7556162,-11.4265211],[-39.7652296,-11.4290825],[-39.7609137,-11.4468542],[-39.7715087,-11.4663051],[-39.7831258,-11.4635432],[-39.8187555,-11.5037632],[-39.8259667,-11.4895564],[-39.8388291,-11.4949844],[-39.848267,-11.4806693],[-39.8609521,-11.491592],[-39.8840792,-11.4812322],[-39.925057,-11.4990844],[-39.9344738,-11.4798117],[-39.9436557,-11.4785343],[-39.9810392,-11.4912957],[-39.9926755,-11.5031164],[-40.0190755,-11.5032368],[-40.0289894,-11.5103093],[-40.0287211,-11.5226094],[-40.0778373,-11.5273299],[-40.0842218,-11.4760703],[-40.0806898,-11.4480502],[-40.070204,-11.4342197],[-39.9871866,-11.4394287],[-39.9825481,-11.4495461],[-39.9679768,-11.4337693],[-39.9144558,-11.4156112],[-39.9245978,-11.3915857],[-39.9087777,-11.3906106],[-39.9068393,-11.3609032],[-39.9124718,-11.3563662],[-39.8954219,-11.3485278],[-39.8756164,-11.317252],[-39.8624721,-11.3186759],[-39.8485707,-11.3503379]]]}},{"type":"Feature","properties":{"level":"municipio","municipality_code":"2929404","municipality_name":"São Miguel das Matas","uf":"BA","state_code":"29","area_km2":230.906},"geometry":{"type":"Polygon","coordinates":[[[-39.3421131,-13.0604501],[-39.3180595,-13.0564144],[-39.2994258,-13.0657551],[-39.2878582,-13.0578659],[-39.2629222,-13.0579386],[-39.2538968,-13.0687788],[-39.275951,-13.0698891],[-39.3140378,-13.0836802],[-39.3221574,-13.0939396],[-39.3643514,-13.1007931],[-39.374615,-13.1109005],[-39.4302137,-13.1174966],[-39.4350461,-13.1108557],[-39.4697551,-13.1238398],[-39.4829031,-13.1071407],[-39.4794825,-13.1003492],[-39.4716265,-13.1067717],[-39.480437,-13.0881676],[-39.4937256,-13.0777106],[-39.4875799,-13.0699752],[-39.5110984,-13.0694713],[-39.5128016,-13.0490186],[-39.5228364,-13.0471876],[-39.5167758,-13.0402896],[-39.5320435,-13.0208746],[-39.5114395,-13.0153974],[-39.5025967,-12.9970487],[-39.4816001,-12.9936966],[-39.4643483,-12.952529],[-39.4432331,-12.9932495],[-39.4016414,-12.9967713],[-39.3818141,-13.0270729],[-39.351506,-13.0437758],[-39.3421131,-13.0604501]]]}},{"type":"Feature","properties":{"level":"municipio","municipality_code":"2929503","municipality_name":"São Sebastião do Passé","uf":"BA","state_code":"29","area_km2":536.678},"geometry":{"type":"Polygon","coordinates":[[[-38.3848321,-12.4826121],[-38.3671122,-12.5165459],[-38.3784275,-12.5386688],[-38.4088915,-12.5504389],[-38.3870305,-12.5561614],[-38.3676055,-12.5854512],[-38.3717055,-12.5994522],[-38.3932306,-12.6089583],[-38.4045851,-12.5969141],[-38.4302434,-12.6100038],[-38.4536026,-12.6017855],[-38.4651698,-12.6114864],[-38.4858244,-12.5887593],[-38.546454,-12.613852],[-38.5607333,-12.6302333],[-38.5793368,-12.6318389],[-38.6208359,-12.5542541],[-38.6416005,-12.5702594],[-38.6514986,-12.5538478],[-38.6400655,-12.4755504],[-38.6115117,-12.4967896],[-38.5621993,-12.4224713],[-38.5408763,-12.4114939],[-38.5383616,-12.4213023],[-38.5154846,-12.4136237],[-38.5027415,-12.4276161],[-38.4890159,-12.4122435],[-38.4603238,-12.4174743],[-38.4462317,-12.4318736],[-38.403286,-12.4228283],[-38.3635811,-12.4469787],[-38.3374525,-12.4511448],[-38.3848321,-12.4826121]]]}},{"type":"Feature","properties":{"level":"municipio","municipality_code":"2930758","municipality_name":"Sítio do Mato","uf":"BA","state_code":"29","area_km2":1627.805},"geometry":{"type":"Polygon","coordinates":[[[-43.6105143,-13.1522179],[-43.6198388,-13.1764237],[-43.6402446,-13.1847513],[-43.6346384,-13.1711562],[-43.6456011,-13.1385715],[-43.6815549,-13.115881],[-43.686357,-12.9331871],[-43.659729,-12.9370096],[-43.6492009,-12.9249495],[-43.6373022,-12.9283864],[-43.6260088,-12.9206961],[-43.5862563,-12.9264786],[-43.5496395,-12.8865977],[-43.536422,-12.6368587],[-43.4435977,-12.5514355],[-43.2368481,-12.6305422],[-43.2296035,-12.6851065],[-43.2221415,-12.6908412],[-43.2618222,-12.7106094],[-43.2781422,-12.7413888],[-43.3329909,-12.7932568],[-43.3482955,-12.8247228],[-43.3436128,-12.8446532],[-43.3511802,-12.8624087],[-43.3966376,-12.8765274],[-43.4053821,-12.899513],[-43.4001354,-12.9319927],[-43.4096856,-12.9807393],[-43.4061458,-12.9978952],[-43.4511226,-13.0359483],[-43.45937,-13.0553821],[-43.4521484,-13.1467058],[-43.4637802,-13.1323265],[-43.4908973,-13.1368109],[-43.5165432,-13.1285403],[-43.5453868,-13.1510194],[-43.5641831,-13.1460329],[-43.6105143,-13.1522179]]]}},{"type":"Feature","properties":{"level":"municipio","municipality_code":"2930766","municipality_name":"Sítio do Quinto","uf":"BA","state_code":"29","area_km2":656.837},"geometry":{"type":"Polygon","coordinates":[[[-38.1916949,-10.4324447],[-38.2435408,-10.3905211],[-38.2636622,-10.3475036],[-38.2570031,-10.3244711],[-38.2678265,-10.3075334],[-38.2911161,-10.2994088],[-38.3113063,-10.3044345],[-38.3116266,-10.287709],[-38.3027984,-10.2576514],[-38.2823181,-10.2472346],[-38.255987,-10.247142],[-38.2371395,-10.2252586],[-38.2203911,-10.2208436],[-38.1924123,-10.1803337],[-38.1432007,-10.1936151],[-38.1507589,-10.2150924],[-38.1415766,-10.2245429],[-38.1245873,-10.227028],[-38.1220183,-10.2179056],[-38.1069495,-10.2155891],[-38.1045092,-10.2232247],[-38.0889906,-10.2270819],[-38.0982241,-10.2373908],[-38.0936982,-10.2458912],[-38.0833369,-10.2292091],[-38.0649136,-10.2346246],[-38.0724675,-10.245054],[-38.0611689,-10.2618752],[-38.0706161,-10.2753262],[-38.0548925,-10.276331],[-38.0537915,-10.2857995],[-38.0612232,-10.2879464],[-38.0509163,-10.2943242],[-38.0589937,-10.3110121],[-38.0547342,-10.3276329],[-38.0374664,-10.340624],[-38.0383035,-10.3782404],[-38.0307584,-10.3721158],[-38.0201023,-10.3847767],[-38.0172075,-10.3764693],[-38.0011715,-10.3753383],[-37.9822026,-10.4000743],[-37.9667564,-10.3938829],[-37.9549086,-10.4066828],[-37.9543028,-10.3976903],[-37.9354081,-10.395334],[-37.935281,-10.4104642],[-37.9205131,-10.413076],[-37.9220493,-10.4227372],[-37.907328,-10.4335251],[-37.9374766,-10.4472182],[-37.9962489,-10.4328627],[-38.0255783,-10.451318],[-38.0537929,-10.4360063],[-38.064614,-10.4407168],[-38.0727637,-10.4354911],[-38.0956757,-10.4407492],[-38.106394,-10.4539639],[-38.1223364,-10.4493298],[-38.1428961,-10.4586308],[-38.1916949,-10.4324447]]]}},{"type":"Feature","properties":{"level":"municipio","municipality_code":"2930907","municipality_name":"Tabocas do Brejo Velho","uf":"BA","state_code":"29","area_km2":1437.189},"geometry":{"type":"Polygon","coordinates":[[[-44.083424,-12.6452672],[-44.0679447,-12.6973658],[-44.0168861,-12.6951358],[-43.9749441,-12.6688212],[-43.9539297,-12.6728829],[-43.9451504,-12.7048309],[-44.0226971,-12.755692],[-44.0813817,-12.7701517],[-44.1791683,-12.7412156],[-44.2652154,-12.6345485],[-44.2333926,-12.5706248],[-44.3149024,-12.5233873],[-44.3303165,-12.4670228],[-44.3126,-12.306574],[-44.2908419,-12.3041698],[-44.2316533,-12.2593853],[-44.2062271,-12.2637573],[-44.0810998,-12.2530609],[-44.0624333,-12.2562036],[-44.0497876,-12.2726752],[-43.9582439,-12.2382686],[-43.9559848,-12.266999],[-43.98817,-12.297463],[-43.9869008,-12.3353097],[-44.0071235,-12.3511451],[-44.0233165,-12.4146148],[-44.0705565,-12.4712557],[-44.1171967,-12.4859453],[-44.1008785,-12.5055535],[-44.1038071,-12.5198898],[-44.090059,-12.5223729],[-44.0735689,-12.5448411],[-44.0844679,-12.5504554],[-44.0731242,-12.5652316],[-44.0762229,-12.6291792],[-44.083424,-12.6452672]]]}},{"type":"Feature","properties":{"level":"municipio","municipality_code":"2931004","municipality_name":"Tanhaçu","uf":"BA","state_code":"29","area_km2":1277.515},"geometry":{"type":"Polygon","coordinates":[[[-41.1075458,-14.3674908],[-41.2953794,-14.2789969],[-41.4025288,-14.2611241],[-41.3680439,-14.1322965],[-41.3875178,-14.1200448],[-41.3872845,-14.1076918],[-41.3049826,-14.0823282],[-41.2938826,-14.0920307],[-41.2801723,-14.0759881],[-41.2940817,-14.0508747],[-41.2851377,-14.0397346],[-41.2946845,-14.0246903],[-41.297132,-13.9974918],[-41.2801788,-13.9833159],[-41.2796904,-13.9206309],[-41.2663223,-13.9019892],[-41.2385138,-13.891794],[-41.1859582,-13.9419705],[-41.1746327,-13.9396643],[-41.170743,-13.9673134],[-41.1515801,-13.9667878],[-41.1416341,-13.9766974],[-41.1213125,-14.0352024],[-41.0679077,-14.0263711],[-41.0301362,-14.0494045],[-41.0078156,-14.0466229],[-41.0160209,-14.0552966],[-41.000057,-14.0685878],[-41.0217061,-14.0711052],[-41.0149362,-14.089723],[-41.0260238,-14.0960156],[-41.024778,-14.1202747],[-41.0147818,-14.132226],[-41.024119,-14.1431972],[-41.0396573,-14.1433928],[-41.0406502,-14.1580781],[-41.0209117,-14.1649264],[-41.0107413,-14.160036],[-41.000354,-14.1740694],[-41.0189659,-14.1885372],[-41.0072127,-14.2106653],[-41.0130514,-14.2210118],[-41.0328156,-14.2191626],[-41.047195,-14.228384],[-41.027135,-14.2373854],[-41.0255691,-14.2470933],[-41.0457311,-14.2473364],[-41.0920808,-14.2872445],[-41.0890071,-14.3092218],[-41.1033829,-14.3289556],[-41.0909373,-14.3434205],[-41.10398,-14.3524243],[-41.1075458,-14.3674908]]]}},{"type":"Feature","properties":{"level":"municipio","municipality_code":"2931053","municipality_name":"Tanque Novo","uf":"BA","state_code":"29","area_km2":729.516},"geometry":{"type":"Polygon","coordinates":[[[-42.4812803,-13.6779704],[-42.5403214,-13.674186],[-42.5353571,-13.6550378],[-42.5480135,-13.6478368],[-42.5584944,-13.6533144],[-42.5771529,-13.5952829],[-42.5923062,-13.6114196],[-42.6073492,-13.6026997],[-42.6337588,-13.6115307],[-42.6383845,-13.6248652],[-42.6714602,-13.6270222],[-42.690451,-13.6016233],[-42.6998257,-13.5658514],[-42.7196945,-13.5627376],[-42.7186056,-13.5352386],[-42.7079105,-13.5268223],[-42.7094296,-13.4976305],[-42.6926838,-13.4796095],[-42.6805697,-13.4811759],[-42.6258582,-13.4047712],[-42.5833943,-13.4401838],[-42.5791525,-13.4295237],[-42.5591353,-13.4350479],[-42.5487454,-13.4598717],[-42.4514156,-13.4411843],[-42.4536722,-13.4679587],[-42.4446457,-13.4727159],[-42.4390815,-13.4910157],[-42.4402319,-13.5127619],[-42.414668,-13.5375626],[-42.4048345,-13.5812779],[-42.364121,-13.5953989],[-42.3488734,-13.6634529],[-42.3577122,-13.6718583],[-42.3466829,-13.6945437],[-42.3830162,-13.6992538],[-42.4140662,-13.6682414],[-42.4584534,-13.665415],[-42.4812803,-13.6779704]]]}},{"type":"Feature","properties":{"level":"municipio","municipality_code":"2931103","municipality_name":"Tanquinho","uf":"BA","state_code":"29","area_km2":243.839},"geometry":{"type":"Polygon","coordinates":[[[-39.0890907,-12.0554425],[-39.1621507,-12.0274971],[-39.1785009,-12.0294452],[-39.175055,-11.9710632],[-39.1622393,-11.962581],[-39.1639838,-11.9508182],[-39.1185828,-11.9230478],[-39.1087041,-11.8908391],[-39.0963554,-11.8854428],[-39.0831156,-11.8591694],[-39.0835652,-11.8338655],[-39.0718988,-11.8281939],[-39.0262154,-11.8687267],[-39.0143887,-11.9121534],[-39.0434975,-11.9342654],[-39.0588732,-11.9764575],[-39.0541677,-12.0046612],[-39.0638707,-12.0179176],[-39.0565894,-12.062872],[-39.0671431,-12.0700935],[-39.0948319,-12.0698666],[-39.0890907,-12.0554425]]]}},{"type":"Feature","properties":{"level":"municipio","municipality_code":"2931202","municipality_name":"Taperoá","uf":"BA","state_code":"29","area_km2":454.081},"geometry":{"type":"Polygon","coordinates":[[[-39.0929855,-13.5351297],[-39.0782797,-13.5730453],[-39.0862886,-13.6011438],[-39.1164935,-13.5957272],[-39.1511461,-13.6044527],[-39.1625459,-13.6163737],[-39.1827392,-13.6173709],[-39.1859234,-13.6291107],[-39.20606,-13.6383121],[-39.2150348,-13.6548452],[-39.2319871,-13.6537347],[-39.2372677,-13.6373149],[-39.244547,-13.6370933],[-39.2523277,-13.663344],[-39.260056,-13.6659163],[-39.2635405,-13.6923817],[-39.2872749,-13.6810953],[-39.2870533,-13.6658028],[-39.2944253,-13.6750214],[-39.3546432,-13.6682036],[-39.3602392,-13.624358],[-39.351534,-13.569656],[-39.342801,-13.5628923],[-39.3458424,-13.5388744],[-39.3028599,-13.4853384],[-39.2727513,-13.4788873],[-39.272223,-13.4978161],[-39.2608416,-13.5129623],[-39.2658599,-13.5214608],[-39.2491261,-13.5272851],[-39.213458,-13.5224405],[-39.2120773,-13.5137573],[-39.2200437,-13.5098835],[-39.2103831,-13.5005798],[-39.1820052,-13.5139114],[-39.1580675,-13.4767577],[-39.1165293,-13.484707],[-39.0957646,-13.4727691],[-39.0842184,-13.4866542],[-39.0705309,-13.4879354],[-39.0929855,-13.5351297]]]}},{"type":"Feature","properties":{"level":"municipio","municipality_code":"2931301","municipality_name":"Tapiramutá","uf":"BA","state_code":"29","area_km2":714.691},"geometry":{"type":"Polygon","coordinates":[[[-40.7941901,-11.9632557],[-40.8535859,-11.9635997],[-40.8970771,-11.9902822],[-40.9371024,-11.9294258],[-40.9809206,-11.8852122],[-40.9683575,-11.8842697],[-40.9597108,-11.842933],[-40.9441966,-11.8202795],[-40.9015909,-11.8107513],[-40.8837949,-11.7571072],[-40.8485131,-11.7764916],[-40.8011674,-11.7429214],[-40.7978766,-11.7637383],[-40.780032,-11.7750241],[-40.6988078,-11.7975559],[-40.6656292,-11.7951945],[-40.6491738,-11.8367302],[-40.612965,-11.8531524],[-40.5991319,-11.8846267],[-40.5778386,-11.8982568],[-40.6707094,-11.9375685],[-40.7303068,-11.9998286],[-40.7468237,-12.0009183],[-40.7562019,-11.9899182],[-40.7718799,-11.9939376],[-40.7941901,-11.9632557]]]}},{"type":"Feature","properties":{"level":"municipio","municipality_code":"2931350","municipality_name":"Teixeira de Freitas","uf":"BA","state_code":"29","area_km2":1165.622},"geometry":{"type":"Polygon","coordinates":[[[-39.7413749,-17.2793784],[-39.6990541,-17.271179],[-39.6893426,-17.2846005],[-39.6708497,-17.2793816],[-39.6473768,-17.3112611],[-39.632216,-17.3132645],[-39.6294058,-17.3526394],[-39.6073,-17.4110889],[-39.6046309,-17.557961],[-39.76791,-17.6273583],[-39.9367383,-17.4744041],[-39.9356349,-17.4268121],[-39.9696186,-17.382464],[-39.9991355,-17.3670351],[-40.0173699,-17.3254855],[-40.0287,-17.3249224],[-40.0458337,-17.3091889],[-40.0644742,-17.2630738],[-40.0487591,-17.2666433],[-40.0503345,-17.2572865],[-40.040252,-17.2573324],[-40.0363905,-17.2388195],[-40.0232933,-17.2336871],[-40.0171408,-17.2418645],[-40.0068417,-17.2322155],[-40.0002746,-17.2498454],[-39.9899759,-17.2452031],[-39.9454248,-17.2663519],[-39.9540788,-17.3013713],[-39.9474245,-17.3061246],[-39.9404946,-17.348818],[-39.914994,-17.344079],[-39.9132544,-17.3542424],[-39.8936417,-17.3554544],[-39.8885046,-17.364212],[-39.857918,-17.3627382],[-39.8579034,-17.3387379],[-39.8363272,-17.3286142],[-39.8280942,-17.3020398],[-39.8379983,-17.2554869],[-39.7965468,-17.2617604],[-39.7774475,-17.2752832],[-39.7612758,-17.2660356],[-39.7413749,-17.2793784]]]}},{"type":"Feature","properties":{"level":"municipio","municipality_code":"2931400","municipality_name":"Teodoro Sampaio","uf":"BA","state_code":"29","area_km2":244.613},"geometry":{"type":"Polygon","coordinates":[[[-38.520802,-12.2593044],[-38.5324045,-12.3428593],[-38.5629373,-12.3316743],[-38.5704315,-12.3079303],[-38.6014071,-12.3241857],[-38.622573,-12.3202895],[-38.6425111,-12.3615621],[-38.6571219,-12.3613369],[-38.6802911,-12.3332475],[-38.6773403,-12.3169267],[-38.6984351,-12.279036],[-38.6784611,-12.220687],[-38.6593574,-12.2050383],[-38.6545519,-12.1877803],[-38.6321843,-12.1701318],[-38.6123129,-12.1664095],[-38.6151034,-12.1768515],[-38.5955633,-12.1956458],[-38.5866603,-12.1936754],[-38.5494365,-12.2447725],[-38.520802,-12.2593044]]]}},{"type":"Feature","properties":{"level":"municipio","municipality_code":"2931509","municipality_name":"Teofilândia","uf":"BA","state_code":"29","area_km2":351.892},"geometry":{"type":"Polygon","coordinates":[[[-38.9642991,-11.5621642],[-39.0284654,-11.5524941],[-39.0655523,-11.4881522],[-39.0491867,-11.4441847],[-39.0740075,-11.4208409],[-39.0537925,-11.3988501],[-38.9812571,-11.4233763],[-38.8650526,-11.3822905],[-38.8277503,-11.4061599],[-38.8225604,-11.4135782],[-38.8612125,-11.4839839],[-38.8700088,-11.5374731],[-38.8862815,-11.523861],[-38.9032924,-11.5434703],[-38.9209899,-11.5399395],[-38.9642991,-11.5621642]]]}},{"type":"Feature","properties":{"level":"municipio","municipality_code":"2931608","municipality_name":"Teolândia","uf":"BA","state_code":"29","area_km2":289.782},"geometry":{"type":"Polygon","coordinates":[[[-39.4712397,-13.6154593],[-39.4973069,-13.6013971],[-39.4995002,-13.5858016],[-39.6218661,-13.5597526],[-39.6685949,-13.5369759],[-39.6283174,-13.4843553],[-39.6319976,-13.471527],[-39.6224205,-13.4826015],[-39.6040703,-13.4658952],[-39.587033,-13.4701096],[-39.5817694,-13.480392],[-39.5693758,-13.4773184],[-39.5754406,-13.5038799],[-39.5502424,-13.495233],[-39.5394192,-13.513015],[-39.5275709,-13.5142138],[-39.5126562,-13.5036202],[-39.5098126,-13.5156356],[-39.4957343,-13.5194828],[-39.5011425,-13.5269261],[-39.4955112,-13.5315539],[-39.4690824,-13.5286544],[-39.4436297,-13.5103388],[-39.4077277,-13.5243138],[-39.3920647,-13.5409182],[-39.3752187,-13.5320569],[-39.3694321,-13.5596779],[-39.3796595,-13.5782821],[-39.3637774,-13.5839772],[-39.3484093,-13.5770219],[-39.3602392,-13.624358],[-39.3546432,-13.6682036],[-39.3985782,-13.6428735],[-39.392763,-13.6229558],[-39.4250253,-13.603852],[-39.4280619,-13.5939774],[-39.4712397,-13.6154593]]]}},{"type":"Feature","properties":{"level":"municipio","municipality_code":"2931707","municipality_name":"Terra Nova","uf":"BA","state_code":"29","area_km2":193.241},"geometry":{"type":"Polygon","coordinates":[[[-38.5293819,-12.3424607],[-38.5355893,-12.4086663],[-38.5263932,-12.4171471],[-38.5383616,-12.4213023],[-38.5408763,-12.4114939],[-38.5621993,-12.4224713],[-38.6115117,-12.4967896],[-38.6374098,-12.477415],[-38.6764457,-12.4204335],[-38.6707959,-12.4023791],[-38.6541622,-12.3894151],[-38.6579888,-12.3626798],[-38.6424682,-12.361519],[-38.6199989,-12.3189159],[-38.6014071,-12.3241857],[-38.5895152,-12.3127263],[-38.5685867,-12.3083291],[-38.5627752,-12.3318223],[-38.5293819,-12.3424607]]]}},{"type":"Feature","properties":{"level":"municipio","municipality_code":"2931806","municipality_name":"Tremedal","uf":"BA","state_code":"29","area_km2":2017.659},"geometry":{"type":"Polygon","coordinates":[[[-41.4561044,-15.4103354],[-41.760012339944936,-15.13788112476153],[-41.7303769,-15.1132373],[-41.7034469,-15.11518],[-41.6884379,-15.0897624],[-41.6802996,-15.1007426],[-41.6519959,-15.0995886],[-41.5962815,-15.0564732],[-41.5857668,-15.0389226],[-41.5811178,-15.0188587],[-41.5921674,-14.996759],[-41.6159873,-14.9747251],[-41.6259135,-14.9791874],[-41.6334174,-14.9709069],[-41.6339347,-14.9490143],[-41.6477291,-14.9375548],[-41.6332069,-14.9141206],[-41.6320314,-14.8922793],[-41.6246373,-14.8914608],[-41.6294634,-14.8681544],[-41.6189356,-14.8637168],[-41.6039362,-14.8737945],[-41.5748506,-14.8615482],[-41.5676862,-14.8339433],[-41.5327773,-14.8056518],[-41.5188475,-14.805268],[-41.5210306,-14.8153908],[-41.5137625,-14.8109633],[-41.5107968,-14.8234632],[-41.5026994,-14.8234261],[-41.4848142,-14.8112558],[-41.476843,-14.7946591],[-41.4626567,-14.7945268],[-41.4532636,-14.8055446],[-41.4408088,-14.7871189],[-41.4053784,-14.8029889],[-41.3916338,-14.7988153],[-41.3928127,-14.8156199],[-41.3769343,-14.8265951],[-41.3727325,-14.8150634],[-41.3514185,-14.8154321],[-41.3404347,-14.7968266],[-41.3287446,-14.8077291],[-41.3156512,-14.7869018],[-41.3299246,-14.7828252],[-41.329915,-14.775101],[-41.2692835,-14.7982024],[-41.2579543,-14.826837],[-41.2728201,-14.8569195],[-41.2665294,-14.8604719],[-41.2682857,-14.8786667],[-41.2545615,-14.8886848],[-41.2620968,-14.8939061],[-41.2635026,-14.9125877],[-41.2393165,-14.9316136],[-41.2441948,-14.9433956],[-41.2366268,-14.9401919],[-41.2380588,-14.9555152],[-41.2241935,-14.9657685],[-41.2185642,-14.997728],[-41.3021682,-15.0239593],[-41.2890239,-15.0714192],[-41.3172104,-15.097657],[-41.3187716,-15.1104815],[-41.3331366,-15.1269837],[-41.3494674,-15.1208378],[-41.3770525,-15.1631976],[-41.4131938,-15.1646863],[-41.3851207,-15.2777272],[-41.3890933,-15.2842375],[-41.4085178,-15.2835736],[-41.4238105,-15.3071915],[-41.4157182,-15.3316597],[-41.4362072,-15.3462563],[-41.4577992,-15.381155],[-41.4561044,-15.4103354]]]}},{"type":"Feature","properties":{"level":"municipio","municipality_code":"2931905","municipality_name":"Tucano","uf":"BA","state_code":"29","area_km2":2198.237},"geometry":{"type":"Polygon","coordinates":[[[-38.8719096,-11.346835],[-38.946773,-11.0701208],[-38.9455646,-11.0516948],[-38.9721997,-11.0492814],[-39.0023044,-11.057842],[-39.0142219,-11.032731],[-39.0345784,-11.0306589],[-39.0455987,-11.0205471],[-39.0704146,-11.0440406],[-39.0792184,-11.0429057],[-39.1151186,-11.0177189],[-38.9649429,-10.8388179],[-38.9605548,-10.8129839],[-38.9704384,-10.8048969],[-38.9665157,-10.7971465],[-38.9737507,-10.786311],[-38.9385817,-10.7733497],[-38.9126769,-10.7786235],[-38.8797813,-10.745983],[-38.7812239,-10.7184018],[-38.7786228,-10.7437284],[-38.7674397,-10.7472023],[-38.7749925,-10.7754597],[-38.7111418,-10.8900441],[-38.6676106,-10.8992644],[-38.625315,-10.9402274],[-38.5939552,-10.9884418],[-38.5937668,-11.0255098],[-38.5766691,-11.061738],[-38.5560861,-11.0761575],[-38.5691525,-11.0966714],[-38.5589961,-11.1275483],[-38.5820584,-11.1436168],[-38.6098507,-11.1360187],[-38.629106,-11.1913035],[-38.7741465,-11.3563555],[-38.8048667,-11.3468672],[-38.8334124,-11.3541868],[-38.8719096,-11.346835]]]}},{"type":"Feature","properties":{"level":"municipio","municipality_code":"2932002","municipality_name":"Uauá","uf":"BA","state_code":"29","area_km2":3060.116},"geometry":{"type":"Polygon","coordinates":[[[-39.4549002,-10.1723669],[-39.5257417,-10.1884332],[-39.5351514,-10.1556754],[-39.54092,-10.1488514],[-39.5543536,-10.1518441],[-39.5536454,-10.1378973],[-39.5643402,-10.1217413],[-39.5597018,-10.1067682],[-39.5886332,-10.1250647],[-39.6365657,-10.1213848],[-39.6536327,-10.1000698],[-39.7159496,-10.0674468],[-39.7373846,-10.064389],[-39.7342954,-10.0892246],[-39.7578583,-10.0740141],[-39.7690385,-10.0009964],[-39.7599729,-9.987859],[-39.7671113,-9.97027],[-39.7493118,-9.9524475],[-39.7382949,-9.9010964],[-39.7597435,-9.8680087],[-39.7803159,-9.8709212],[-39.7957647,-9.8438103],[-39.6628186,-9.750663],[-39.6561897,-9.7405538],[-39.6689216,-9.7291686],[-39.6441021,-9.7068286],[-39.6000655,-9.6996446],[-39.3595727,-9.6156913],[-39.3475725,-9.6007079],[-39.3300429,-9.5944643],[-39.3075302,-9.6074754],[-39.287176,-9.6339573],[-39.2703308,-9.6304549],[-39.2639543,-9.6407013],[-39.2237003,-9.634628],[-39.2116203,-9.6456853],[-39.2361627,-9.718863],[-39.2137352,-9.7652869],[-39.221618,-9.7920883],[-39.1998946,-9.8331419],[-39.207511,-9.8528383],[-39.2021697,-9.9727782],[-39.2205525,-10.0248657],[-39.2366526,-10.033408],[-39.263405,-10.0870822],[-39.2554089,-10.1469265],[-39.2668303,-10.1926769],[-39.3242297,-10.1881303],[-39.3222574,-10.1965119],[-39.3714093,-10.1717752],[-39.4549002,-10.1723669]]]}},{"type":"Feature","properties":{"level":"municipio","municipality_code":"2932200","municipality_name":"Ubaitaba","uf":"BA","state_code":"29","area_km2":181.102},"geometry":{"type":"Polygon","coordinates":[[[-39.2704891,-14.3060067],[-39.3452217,-14.3138577],[-39.3624087,-14.3012253],[-39.3664647,-14.2785192],[-39.4098848,-14.3100352],[-39.4162178,-14.294829],[-39.4322807,-14.2940887],[-39.4434912,-14.3044835],[-39.5824438,-14.2450602],[-39.5758148,-14.2331381],[-39.5667441,-14.2398019],[-39.5584328,-14.2349031],[-39.5475278,-14.2109277],[-39.5405073,-14.2101127],[-39.4924702,-14.2396848],[-39.4629501,-14.2285521],[-39.4441881,-14.2415398],[-39.412988,-14.2362053],[-39.323427,-14.2545772],[-39.3181376,-14.2783834],[-39.3029066,-14.2666285],[-39.2648245,-14.2906983],[-39.2704891,-14.3060067]]]}},{"type":"Feature","properties":{"level":"municipio","municipality_code":"2932309","municipality_name":"Ubatã","uf":"BA","state_code":"29","area_km2":177.643},"geometry":{"type":"Polygon","coordinates":[[[-39.5150457,-14.216064],[-39.5463229,-14.2101017],[-39.5667441,-14.2398019],[-39.5784203,-14.2129834],[-39.5691582,-14.2021133],[-39.5731245,-14.1815375],[-39.5611595,-14.1473201],[-39.5471249,-14.1442988],[-39.5403444,-14.1306546],[-39.5541678,-14.1142315],[-39.5424178,-14.0754114],[-39.5466752,-14.0635833],[-39.5266736,-14.0516818],[-39.5315636,-14.0448693],[-39.5188915,-14.0093751],[-39.5324803,-14.0054459],[-39.5456594,-13.9600805],[-39.5199864,-13.9656532],[-39.5097063,-13.9503299],[-39.5164893,-13.9338797],[-39.4983942,-13.9322127],[-39.4877915,-13.9347714],[-39.4920004,-13.9704374],[-39.4792521,-13.9825541],[-39.492771,-14.0141712],[-39.4861649,-14.0271248],[-39.5060379,-14.0417888],[-39.5046347,-14.0536518],[-39.4883398,-14.0561946],[-39.5077678,-14.0923725],[-39.4943749,-14.0962643],[-39.4862645,-14.0869456],[-39.4707816,-14.1080742],[-39.4869662,-14.1199381],[-39.5150457,-14.216064]]]}},{"type":"Feature","properties":{"level":"municipio","municipality_code":"2932101","municipality_name":"Ubaíra","uf":"BA","state_code":"29","area_km2":663.891},"geometry":{"type":"Polygon","coordinates":[[[-39.8379088160742,-13.189422009158832],[-39.8280633,-13.1859613],[-39.8126761,-13.1940251],[-39.8093534,-13.185993],[-39.7661077,-13.1789071],[-39.7432193,-13.1918944],[-39.7437742,-13.1599453],[-39.7605949,-13.145028],[-39.7548288,-13.1278815],[-39.7387126,-13.1186141],[-39.7108895,-13.1322627],[-39.698775,-13.1296592],[-39.7026563,-13.1122157],[-39.6530373,-13.1091136],[-39.6319027,-13.0956063],[-39.5981588,-13.0970667],[-39.582908,-13.1468614],[-39.5689081,-13.1519537],[-39.5526417,-13.140953],[-39.5413045,-13.1583445],[-39.5389942,-13.1757087],[-39.5591146,-13.1786396],[-39.5664142,-13.1884597],[-39.6101085,-13.1839351],[-39.6069071,-13.2085256],[-39.591404,-13.2209822],[-39.6021214,-13.2260009],[-39.5851429,-13.2507325],[-39.5979431,-13.2633872],[-39.6123585,-13.2598274],[-39.6065754,-13.2977692],[-39.6207786,-13.3118951],[-39.6384504,-13.359769],[-39.6292505,-13.3721762],[-39.6287722,-13.3987068],[-39.6399134,-13.4098479],[-39.6449776,-13.4256593],[-39.6392382,-13.4371381],[-39.6485787,-13.4350843],[-39.6487757,-13.4474071],[-39.6289411,-13.4614461],[-39.6276776,-13.4827736],[-39.6685949,-13.5369759],[-39.708724,-13.497504],[-39.7294353,-13.4895189],[-39.7106026,-13.4561063],[-39.7230869,-13.4133681],[-39.7420832,-13.4130859],[-39.7409844,-13.3811911],[-39.7473047,-13.3751931],[-39.727054,-13.3699072],[-39.7395488,-13.3402967],[-39.7269297,-13.3256872],[-39.7456211,-13.2804489],[-39.7578118,-13.2698876],[-39.7595948,-13.2487891],[-39.806085,-13.2321128],[-39.8279711,-13.2128318],[-39.8379088160742,-13.189422009158832]]]}},{"type":"Feature","properties":{"level":"municipio","municipality_code":"2932408","municipality_name":"Uibaí","uf":"BA","state_code":"29","area_km2":545.298},"geometry":{"type":"Polygon","coordinates":[[[-42.0255791,-11.3874608],[-41.9782475,-11.4277455],[-42.0077756,-11.4570537],[-42.0677853,-11.5956804],[-42.087033,-11.539551],[-42.0859455,-11.5222476],[-42.1179852,-11.5248047],[-42.1262282,-11.4941603],[-42.1640803,-11.4802265],[-42.1695103,-11.4558375],[-42.1569625,-11.4435575],[-42.1596557,-11.4048823],[-42.1755836,-11.3971901],[-42.1807553,-11.3457225],[-42.1945814,-11.3407227],[-42.2238608,-11.3047883],[-42.2402908,-11.2612306],[-42.1583298,-11.2450579],[-42.1513471,-11.2370064],[-42.1369426,-11.2454842],[-42.1073254,-11.2217881],[-42.0542865,-11.233391],[-42.0589162,-11.2585399],[-42.0490343,-11.331054],[-42.0255791,-11.3874608]]]}},{"type":"Feature","properties":{"level":"municipio","municipality_code":"2932457","municipality_name":"Umburanas","uf":"BA","state_code":"29","area_km2":1775.633},"geometry":{"type":"Polygon","coordinates":[[[-41.1123417,-10.6617778],[-41.1135238,-10.6755635],[-41.0803303,-10.6746117],[-41.0855651,-10.7010832],[-41.1027338,-10.7152888],[-41.1657538,-10.7254789],[-41.1803696,-10.720482],[-41.1954512,-10.6967948],[-41.1810119,-10.6479948],[-41.2810165,-10.6424811],[-41.3074088,-10.6807076],[-41.2807524,-10.7381384],[-41.4432317,-10.8018664],[-41.4363939,-10.7951723],[-41.4410816,-10.7857476],[-41.4535027,-10.7900365],[-41.4789593,-10.7547],[-41.5353801,-10.734992],[-41.5754199,-10.7571802],[-41.5907674,-10.7378352],[-41.5899108,-10.7243437],[-41.5573835,-10.702524],[-41.5604768,-10.6946718],[-41.5460335,-10.6645716],[-41.5329703,-10.6794195],[-41.5038933,-10.6659993],[-41.4960799,-10.6515063],[-41.5058175,-10.6401239],[-41.4956518,-10.6183091],[-41.4852631,-10.6337104],[-41.4740984,-10.6299958],[-41.4570666,-10.5976905],[-41.4303571,-10.5894337],[-41.4272673,-10.5762802],[-41.3917692,-10.5677023],[-41.3973669,-10.5475766],[-41.3815222,-10.5187405],[-41.4530028,-10.4882722],[-41.4731947,-10.4619525],[-41.4492124,-10.4533295],[-41.4457085,-10.4414729],[-41.3772361,-10.4165422],[-41.3543199,-10.387797],[-41.3614634,-10.3699721],[-41.3329608,-10.3778314],[-41.3334319,-10.3689833],[-41.323711,-10.3649253],[-41.3261187,-10.3540448],[-41.288291,-10.3357447],[-41.2789133,-10.3471059],[-41.2599561,-10.3516844],[-41.2510091,-10.4279358],[-41.2329007,-10.4364138],[-41.2220235,-10.4552886],[-41.2120944,-10.4568435],[-41.1752073,-10.4302321],[-41.1066617,-10.466665],[-41.1003156,-10.4599821],[-41.0383262,-10.4513999],[-41.0187103,-10.4315122],[-41.0020896,-10.4512859],[-40.9671637,-10.4514389],[-40.9663063,-10.4762862],[-40.9460479,-10.4863215],[-40.9418411,-10.5093002],[-40.900452,-10.5175129],[-40.8836999,-10.4944351],[-40.8724324,-10.5005447],[-40.8778557,-10.5226501],[-40.8872218,-10.5204295],[-40.8818316,-10.5338747],[-40.8959024,-10.5401438],[-40.8952128,-10.5510479],[-40.9039162,-10.5444934],[-40.9044571,-10.5522362],[-40.9130625,-10.5499795],[-40.9131281,-10.5570363],[-40.9221057,-10.5584941],[-40.9158228,-10.5633295],[-40.9342653,-10.6051364],[-40.940613,-10.6009545],[-41.1123417,-10.6617778]]]}},{"type":"Feature","properties":{"level":"municipio","municipality_code":"2932507","municipality_name":"Una","uf":"BA","state_code":"29","area_km2":1126.733},"geometry":{"type":"Polygon","coordinates":[[[-39.0800973,-15.364493],[-39.1025668,-15.3709486],[-39.1128452,-15.3635789],[-39.1489291,-15.3761897],[-39.2346659,-15.3551766],[-39.2537127,-15.3415604],[-39.2539559,-15.3603064],[-39.2599678,-15.3498056],[-39.2752102,-15.3505872],[-39.2862005,-15.3412788],[-39.2931605,-15.3308564],[-39.2878228,-15.316589],[-39.3008646,-15.3041543],[-39.3148451,-15.3082126],[-39.3195195,-15.3302624],[-39.3402371,-15.3193607],[-39.333374,-15.291172],[-39.2984585,-15.2772871],[-39.3127512,-15.2749631],[-39.3202187,-15.2639087],[-39.3062791,-15.2606388],[-39.3087597,-15.2357925],[-39.2988798,-15.2247811],[-39.3084421,-15.2163104],[-39.298302,-15.203419],[-39.3146052,-15.1577501],[-39.3306809,-15.1560891],[-39.3243134,-15.1436161],[-39.3295872,-15.1130898],[-39.2997246,-15.0932529],[-39.2951827,-15.0728001],[-39.2722979,-15.0839584],[-39.2360581,-15.0484122],[-39.2194031,-15.0555298],[-39.2058517,-15.0468207],[-39.1880476,-15.0545444],[-39.1774212,-15.049609],[-39.1588314,-15.0588297],[-39.1316495,-15.0358014],[-39.1193085,-15.0570885],[-39.0815668,-15.0800562],[-39.0826018,-15.0968224],[-39.0699023,-15.0963423],[-39.0629969,-15.1122639],[-39.043289,-15.1116403],[-39.0190984,-15.0899988],[-39.008762,-15.096387],[-38.9963256,-15.0851519],[-38.993062,-15.2941553],[-38.9732185,-15.3855024],[-38.9876965,-15.3837397],[-38.991626,-15.3916732],[-39.0036996,-15.3715158],[-39.0166021,-15.390925],[-39.0800973,-15.364493]]]}},{"type":"Feature","properties":{"level":"municipio","municipality_code":"2932606","municipality_name":"Urandi","uf":"BA","state_code":"29","area_km2":902.402},"geometry":{"type":"Polygon","coordinates":[[[-42.7488109,-14.8638446],[-42.7551378,-14.8464214],[-42.790992,-14.8393791],[-42.8202472,-14.8206286],[-42.8723911,-14.7753629],[-42.8669091,-14.7706158],[-42.8720321,-14.7644546],[-42.8521142,-14.7638642],[-42.8052383,-14.6568248],[-42.78724,-14.6562711],[-42.7648861,-14.6130159],[-42.7413494,-14.6148102],[-42.7281346,-14.5923871],[-42.6569455,-14.5860916],[-42.6555023,-14.5766836],[-42.6404011,-14.571585],[-42.6284693,-14.5406267],[-42.6070366,-14.5448202],[-42.6008928,-14.5361383],[-42.5861722,-14.5370513],[-42.5697029,-14.5138868],[-42.5572795,-14.5256203],[-42.5646653,-14.5433441],[-42.5830618,-14.5518439],[-42.5835187,-14.5885772],[-42.5759569,-14.6072481],[-42.5523292,-14.6163854],[-42.5819689,-14.7694682],[-42.5706134,-14.7714085],[-42.5729036,-14.8012764],[-42.5544522,-14.8366385],[-42.5704001,-14.8474284],[-42.5751078,-14.8753763],[-42.5875054,-14.8656327],[-42.6100887,-14.8908091],[-42.6254094,-14.9450196],[-42.6552161,-14.9242534],[-42.6596936,-14.9104383],[-42.6637971,-14.9163071],[-42.6927972,-14.9024905],[-42.7041635,-14.8828283],[-42.7233598,-14.8856124],[-42.7488109,-14.8638446]]]}},{"type":"Feature","properties":{"level":"municipio","municipality_code":"2932705","municipality_name":"Uruçuca","uf":"BA","state_code":"29","area_km2":510.098},"geometry":{"type":"Polygon","coordinates":[[[-39.0421419,-14.497609],[-39.073648,-14.5202573],[-39.1452542,-14.5298959],[-39.1393575,-14.541129],[-39.1766647,-14.5687315],[-39.1812561,-14.5931372],[-39.194498,-14.6099326],[-39.2721453,-14.6380274],[-39.3530495,-14.6257467],[-39.3646362,-14.6093935],[-39.3603562,-14.5742671],[-39.3787656,-14.5592473],[-39.4008229,-14.5549105],[-39.3813791,-14.5145721],[-39.3919036,-14.5230646],[-39.3993778,-14.5162838],[-39.3861963,-14.5082106],[-39.3820975,-14.4983946],[-39.3902774,-14.493782],[-39.3720738,-14.4788407],[-39.3642926,-14.4501816],[-39.131707,-14.4888989],[-39.1228682,-14.4643024],[-39.0949668,-14.4501777],[-39.0930735,-14.4333501],[-39.0616061,-14.4189028],[-39.0442643,-14.3999553],[-39.0423554,-14.4201557],[-39.0177124,-14.418453],[-39.0343372,-14.5152647],[-39.0421419,-14.497609]]]}},{"type":"Feature","properties":{"level":"municipio","municipality_code":"2932804","municipality_name":"Utinga","uf":"BA","state_code":"29","area_km2":633.76},"geometry":{"type":"Polygon","coordinates":[[[-41.1211865,-12.113592],[-41.2291481,-12.1373988],[-41.2247825,-12.1247987],[-41.2369736,-12.1140107],[-41.217774,-12.0838237],[-41.2294535,-12.0777341],[-41.2312963,-12.0401948],[-41.2158427,-12.0179815],[-41.1955942,-12.0117466],[-41.1964135,-11.9860184],[-41.1883899,-11.9715869],[-41.1954668,-11.951413],[-41.2054051,-11.9506365],[-41.2135256,-11.9256129],[-41.2233297,-11.9186528],[-41.0998988,-11.9568132],[-41.1093859,-11.9449072],[-41.0861161,-11.9191831],[-41.06353,-11.9317196],[-41.0489455,-11.9698193],[-41.0248883,-12.0022421],[-40.9725254,-12.0164165],[-40.920524,-12.0143719],[-40.8970771,-11.9902822],[-40.9089697,-12.0595765],[-40.8735935,-12.1257414],[-40.8940104,-12.1549166],[-40.9721215,-12.1290508],[-40.9972642,-12.1486808],[-41.0408782,-12.1476004],[-41.1211865,-12.113592]]]}},{"type":"Feature","properties":{"level":"municipio","municipality_code":"2933000","municipality_name":"Valente","uf":"BA","state_code":"29","area_km2":394.877},"geometry":{"type":"Polygon","coordinates":[[[-39.4898875,-11.4401663],[-39.5639309,-11.4013461],[-39.5874196,-11.3690483],[-39.5938357,-11.3706867],[-39.5990118,-11.3502741],[-39.6091165,-11.3460854],[-39.4994948,-11.2901864],[-39.3319117,-11.3415034],[-39.3109243,-11.3671544],[-39.2732658,-11.3370418],[-39.2676103,-11.3780415],[-39.2754781,-11.3828453],[-39.2906452,-11.3716129],[-39.3994466,-11.4569997],[-39.4895466,-11.4762237],[-39.4898875,-11.4401663]]]}},{"type":"Feature","properties":{"level":"municipio","municipality_code":"2932903","municipality_name":"Valença","uf":"BA","state_code":"29","area_km2":1123.975},"geometry":{"type":"Polygon","coordinates":[[[-38.9672679,-13.3393626],[-38.9507535,-13.3899111],[-38.9679767,-13.3881771],[-38.9891428,-13.3720937],[-39.037864,-13.3839037],[-39.0703839,-13.4539422],[-39.0705309,-13.4879354],[-39.0842184,-13.4866542],[-39.0963175,-13.4726965],[-39.1165293,-13.484707],[-39.1580675,-13.4767577],[-39.1820052,-13.5139114],[-39.2103831,-13.5005798],[-39.2200437,-13.5098835],[-39.2120773,-13.5137573],[-39.2137007,-13.5225833],[-39.2568353,-13.5265052],[-39.2658599,-13.5214608],[-39.2608416,-13.5129623],[-39.272223,-13.4978161],[-39.2727513,-13.4788873],[-39.3028599,-13.4853384],[-39.3056044,-13.4646947],[-39.3242212,-13.4425555],[-39.3174312,-13.403259],[-39.309567,-13.3879095],[-39.2951058,-13.3823757],[-39.2970403,-13.3752336],[-39.3452789,-13.3716721],[-39.3613184,-13.3558817],[-39.3520662,-13.3380578],[-39.3862996,-13.343258],[-39.410772,-13.3270492],[-39.4280184,-13.3303527],[-39.4283331,-13.3459781],[-39.4343641,-13.3449533],[-39.4502661,-13.3722087],[-39.4651909,-13.3676859],[-39.4799824,-13.337593],[-39.4675857,-13.3295322],[-39.4778156,-13.2974272],[-39.4527373,-13.3017745],[-39.4534255,-13.2909205],[-39.4459804,-13.2877942],[-39.4346088,-13.3020564],[-39.4288253,-13.2982458],[-39.4331113,-13.271363],[-39.4260988,-13.2659169],[-39.4368165,-13.2360257],[-39.4167754,-13.2427026],[-39.4097238,-13.2378051],[-39.4124463,-13.2299282],[-39.4039855,-13.2283883],[-39.3979308,-13.2396398],[-39.3812221,-13.2329743],[-39.3662921,-13.2478864],[-39.347851,-13.2522256],[-39.3344773,-13.2180747],[-39.3366843,-13.1989328],[-39.2986285,-13.2172942],[-39.290107,-13.2471007],[-39.2811088,-13.2438275],[-39.2688506,-13.2639294],[-39.2477691,-13.2659872],[-39.2324701,-13.2915004],[-39.2179247,-13.286605],[-39.2103988,-13.2954242],[-39.2043612,-13.2850655],[-39.2119739,-13.2656876],[-39.2200532,-13.2655722],[-39.2193522,-13.2398332],[-39.2070825,-13.2224395],[-39.182973,-13.2406315],[-39.143466,-13.224004],[-39.1433708,-13.2335409],[-39.1150725,-13.2535047],[-39.102425,-13.2585157],[-39.0921458,-13.248008],[-39.0707186,-13.2596737],[-39.0752491,-13.2437694],[-39.026651,-13.2449972],[-39.0079568,-13.2259802],[-38.9992486,-13.2504262],[-38.9900496,-13.2547996],[-38.9736504,-13.2349549],[-38.9645132,-13.2366158],[-38.9671497,-13.2250992],[-38.9577127,-13.215993],[-38.9377253,-13.2057779],[-38.9188438,-13.2135782],[-38.9429157,-13.2359852],[-38.963355,-13.2875413],[-38.9672679,-13.3393626]]]}},{"type":"Feature","properties":{"level":"municipio","municipality_code":"2933174","municipality_name":"Varzedo","uf":"BA","state_code":"29","area_km2":221.399},"geometry":{"type":"Polygon","coordinates":[[[-39.4016414,-12.9967713],[-39.4432331,-12.9932495],[-39.464112,-12.9600402],[-39.4629324,-12.8913106],[-39.4788528,-12.8594816],[-39.4572246,-12.8455131],[-39.4269265,-12.8838504],[-39.375925,-12.8875974],[-39.3511215,-12.9016391],[-39.3562395,-12.9192626],[-39.3229831,-12.9914819],[-39.3130064,-12.9948634],[-39.3095381,-13.0259217],[-39.3201249,-13.0420191],[-39.2876194,-13.0493048],[-39.2844575,-13.0588809],[-39.2994258,-13.0657551],[-39.3180595,-13.0564144],[-39.3421131,-13.0604501],[-39.351506,-13.0437758],[-39.3818141,-13.0270729],[-39.4016414,-12.9967713]]]}},{"type":"Feature","properties":{"level":"municipio","municipality_code":"2933208","municipality_name":"Vera Cruz","uf":"BA","state_code":"29","area_km2":297.537},"geometry":{"type":"Polygon","coordinates":[[[-38.7229715,-12.9243869],[-38.6275968,-12.940491],[-38.6156832,-12.932571],[-38.561128,-12.9327361],[-38.5618444,-12.957884],[-38.5855859,-13.0126732],[-38.6433387,-13.0153131],[-38.6572126,-13.0335314],[-38.7126181,-13.0611023],[-38.7355399,-13.0896145],[-38.7470703,-13.0924574],[-38.7622769,-13.1189343],[-38.7975435,-13.1374721],[-38.8049044,-13.1216594],[-38.8012838,-13.0615354],[-38.7741419,-12.9944853],[-38.7323945,-12.9480704],[-38.7229715,-12.9243869]]]}},{"type":"Feature","properties":{"level":"municipio","municipality_code":"2933257","municipality_name":"Vereda","uf":"BA","state_code":"29","area_km2":782.159},"geometry":{"type":"Polygon","coordinates":[[[-40.1021587,-17.2565379],[-40.1286774,-17.2542687],[-40.1390115,-17.2329538],[-40.1261444,-17.1874374],[-40.1374491,-17.1758949],[-40.1479715,-17.1813875],[-40.1531827,-17.1702875],[-40.1420077,-17.1622783],[-40.1503488,-17.1359008],[-40.1325447,-17.1150528],[-40.1198427,-17.1116149],[-40.1251532,-17.1052498],[-40.1197464,-17.0955038],[-40.1321839,-17.1022472],[-40.1444533,-17.0929473],[-40.1606619,-17.1079788],[-40.1646762,-17.0760573],[-40.1704624,-17.0703879],[-40.1811604,-17.0785037],[-40.1938187,-17.0694783],[-40.2107599,-17.0418611],[-40.2250784,-17.0355499],[-40.2257857,-17.0207006],[-40.2332825,-17.0253703],[-40.2528975,-17.0155625],[-40.2574906,-17.003894],[-40.2696348,-17.0051079],[-40.2749288,-16.995387],[-40.2926604,-17.0075784],[-40.3279796,-16.9997261],[-40.3331438,-16.9829323],[-40.3540737,-16.9870672],[-40.3683762,-16.9640236],[-40.3930038,-16.961168],[-40.4197242,-16.9210923],[-40.401321,-16.8901529],[-40.4043532,-16.9296728],[-40.3975482,-16.9430297],[-40.3222788,-16.9489246],[-40.2917096,-16.9631223],[-40.229221,-16.9727137],[-40.213341,-16.9847738],[-40.2114561,-16.9961863],[-40.1826919,-17.0155519],[-40.1768101,-17.0543832],[-40.1556911,-17.0771293],[-40.1172306,-17.0819325],[-40.0879681,-17.0623062],[-40.085588,-17.0787105],[-40.0684701,-17.088647],[-40.056836,-17.1137167],[-40.01598,-17.1318821],[-40.0126189,-17.1486125],[-39.9904886,-17.1563126],[-39.9933372,-17.1727384],[-39.9835458,-17.1882861],[-39.965994,-17.1933121],[-39.9555474,-17.2093372],[-39.9360159,-17.2009165],[-39.9308405,-17.2094429],[-39.9058184,-17.2126562],[-39.8975769,-17.2318537],[-39.8873807,-17.2336885],[-39.8828611,-17.2266846],[-39.8579025,-17.2423587],[-39.8457123,-17.2351279],[-39.8356949,-17.2419288],[-39.8118979,-17.2217699],[-39.80065,-17.2304161],[-39.7695849,-17.223844],[-39.7478652,-17.2073608],[-39.7184847,-17.2075825],[-39.7103203,-17.1882896],[-39.698221,-17.1865892],[-39.6949741,-17.1761946],[-39.6600932,-17.1821135],[-39.6229411,-17.1594362],[-39.6016338,-17.1571109],[-39.5968945,-17.1783711],[-39.580368,-17.1827112],[-39.6199011,-17.2246405],[-39.6207851,-17.2471189],[-39.6358321,-17.2686426],[-39.6323433,-17.3133274],[-39.6473768,-17.3112611],[-39.6708497,-17.2793816],[-39.6893426,-17.2846005],[-39.6939941,-17.2721206],[-39.7326362,-17.2811628],[-39.7596958,-17.2661286],[-39.7774475,-17.2752832],[-39.7965468,-17.2617604],[-39.8379983,-17.2554869],[-39.8282775,-17.3039154],[-39.8377936,-17.3310257],[-39.8579034,-17.3387379],[-39.857918,-17.3627382],[-39.8896458,-17.3641],[-39.8928962,-17.3558438],[-39.9120543,-17.3548182],[-39.9144197,-17.3444133],[-39.9252968,-17.3421739],[-39.9404946,-17.348818],[-39.9474245,-17.3061246],[-39.9540788,-17.3013713],[-39.9426967,-17.269756],[-39.9899759,-17.2452031],[-40.0002746,-17.2498454],[-40.0061065,-17.2323024],[-40.0171408,-17.2418645],[-40.0232933,-17.2336871],[-40.0363905,-17.2388195],[-40.0342134,-17.2467483],[-40.040252,-17.2573324],[-40.0503345,-17.2572865],[-40.0498553,-17.2670739],[-40.0765496,-17.2600244],[-40.0767173,-17.2735362],[-40.1021587,-17.2565379]]]}},{"type":"Feature","properties":{"level":"municipio","municipality_code":"2933307","municipality_name":"Vitória da Conquista","uf":"BA","state_code":"29","area_km2":3254.186},"geometry":{"type":"Polygon","coordinates":[[[-40.6760545,-14.8325298],[-40.7235958,-14.8990643],[-40.7122054,-14.9394692],[-40.7402344,-15.0006664],[-40.7059547,-15.0144496],[-40.7001371,-15.0260372],[-40.711393,-15.0467738],[-40.6971914,-15.0693578],[-40.8198862,-15.2026758],[-40.8475777,-15.26941],[-40.8171477,-15.283488],[-40.8249729,-15.2912105],[-40.8183929,-15.3022775],[-40.882152,-15.2935545],[-40.9326446,-15.3371889],[-40.941397,-15.3588746],[-40.9269645,-15.389931],[-40.9332388,-15.3936855],[-40.9264768,-15.4064657],[-40.9338355,-15.4187672],[-40.9261248,-15.422749],[-40.9354989,-15.4442185],[-40.9488919,-15.4491426],[-40.958609,-15.4670654],[-41.0038929,-15.478222],[-41.0200578,-15.470098],[-41.0428057,-15.4744026],[-41.0560595,-15.4598361],[-41.0818304,-15.4580738],[-41.0924808,-15.4270317],[-41.141271,-15.3985194],[-41.1430247,-15.3855014],[-41.1332032,-15.3716892],[-41.1448002,-15.345123],[-41.1448002,-15.304341],[-41.1584024,-15.3101646],[-41.158337,-15.2639452],[-41.1478222,-15.2320605],[-41.1639894,-15.1994164],[-41.1584019,-15.1853186],[-41.1288242,-15.1662874],[-41.117275,-15.133272],[-41.0938428,-15.1141078],[-41.0872495,-15.0440838],[-41.1250048,-14.9951598],[-41.1273232,-14.9738019],[-41.140043,-14.9635673],[-41.1357738,-14.9342501],[-41.1504675,-14.9204321],[-41.1455453,-14.9126615],[-41.1515263,-14.9061737],[-41.1423588,-14.8824332],[-41.1531512,-14.8617098],[-41.169538,-14.8625611],[-41.1721226,-14.8542193],[-40.9636618,-14.7887443],[-40.9587722,-14.6742895],[-40.6146152,-14.6709216],[-40.525519,-14.7563549],[-40.6760545,-14.8325298]]]}},{"type":"Feature","properties":{"level":"municipio","municipality_code":"2933158","municipality_name":"Várzea Nova","uf":"BA","state_code":"29","area_km2":1225.892},"geometry":{"type":"Polygon","coordinates":[[[-40.9461225,-11.2851258],[-41.1335525,-11.1533505],[-41.2445736,-11.145579],[-41.255218,-11.1388736],[-41.2596955,-11.1208373],[-41.2946995,-11.1153289],[-41.3171448,-11.0730687],[-41.3096486,-11.0261164],[-41.2952081,-11.0155903],[-41.2979499,-11.0067646],[-41.2885749,-10.9938369],[-41.2769922,-10.9879552],[-41.2411918,-10.9915568],[-41.2306942,-10.9682711],[-41.2338244,-10.9567042],[-41.1340595,-10.995531],[-41.1028756,-11.0247371],[-41.0886627,-11.0171305],[-40.9162865,-11.0234127],[-40.8006676,-11.112699],[-40.7258664,-11.2463029],[-40.7457041,-11.2665688],[-40.8647348,-11.2608097],[-40.9461225,-11.2851258]]]}},{"type":"Feature","properties":{"level":"municipio","municipality_code":"2933059","municipality_name":"Várzea da Roça","uf":"BA","state_code":"29","area_km2":468.407},"geometry":{"type":"Polygon","coordinates":[[[-40.0387956,-11.6973892],[-40.0702813,-11.6629098],[-40.1375832,-11.6426785],[-40.1772754,-11.642537],[-40.2342559,-11.6021992],[-40.2256698,-11.5895357],[-40.2306477,-11.5683849],[-40.2068608,-11.5514583],[-40.2090943,-11.5458575],[-40.1705615,-11.5288937],[-40.1646646,-11.5148266],[-40.1494595,-11.5250708],[-40.1314479,-11.515389],[-40.1075159,-11.5290648],[-40.107381,-11.5388814],[-40.0954954,-11.5390296],[-40.0801834,-11.5279849],[-40.0287211,-11.5226094],[-40.0289894,-11.5103093],[-40.0190755,-11.5032368],[-39.9926755,-11.5031164],[-39.9810392,-11.4912957],[-39.9685841,-11.4908669],[-39.9588264,-11.5828024],[-39.9623961,-11.6249746],[-39.9557301,-11.6498671],[-39.927695,-11.6649758],[-39.9198032,-11.6875186],[-39.9358849,-11.6973729],[-40.0092387,-11.7006],[-40.0387956,-11.6973892]]]}},{"type":"Feature","properties":{"level":"municipio","municipality_code":"2933109","municipality_name":"Várzea do Poço","uf":"BA","state_code":"29","area_km2":206.478},"geometry":{"type":"Polygon","coordinates":[[[-40.2939724,-11.4943427],[-40.2685549,-11.5318319],[-40.254994,-11.536255],[-40.2537086,-11.5494443],[-40.2398251,-11.5501052],[-40.2263801,-11.5642567],[-40.2310892,-11.6066453],[-40.2429025,-11.6121875],[-40.2558235,-11.5965221],[-40.267861,-11.6086965],[-40.325969,-11.610931],[-40.3370857,-11.5871714],[-40.3414115,-11.6025796],[-40.3706763,-11.6162303],[-40.3838969,-11.5052908],[-40.3687377,-11.4818575],[-40.3088421,-11.4347735],[-40.2955991,-11.4533667],[-40.2939724,-11.4943427]]]}},{"type":"Feature","properties":{"level":"municipio","municipality_code":"2933406","municipality_name":"Wagner","uf":"BA","state_code":"29","area_km2":522.37},"geometry":{"type":"Polygon","coordinates":[[[-41.1633788,-12.3861434],[-41.1810564,-12.3866728],[-41.1779853,-12.371931],[-41.1995446,-12.3591715],[-41.2231851,-12.2813582],[-41.2490466,-12.2392792],[-41.2750763,-12.1487198],[-41.1208076,-12.1135085],[-41.0407933,-12.147657],[-41.0490687,-12.1816167],[-41.0407715,-12.2111488],[-41.0090002,-12.2489167],[-40.9886732,-12.2533486],[-40.9834896,-12.2626081],[-41.061353,-12.2653157],[-41.0627597,-12.2849377],[-41.1633788,-12.3861434]]]}},{"type":"Feature","properties":{"level":"municipio","municipality_code":"2933455","municipality_name":"Wanderley","uf":"BA","state_code":"29","area_km2":2920.579},"geometry":{"type":"Polygon","coordinates":[[[-44.0067187,-11.817257],[-44.0197755,-11.803486],[-44.0357755,-11.8110286],[-44.0502505,-11.7618334],[-44.0623368,-11.7653177],[-44.0860581,-11.7528302],[-44.1022572,-11.7587411],[-44.1129171,-11.7556575],[-44.1185733,-11.7434061],[-44.1492379,-11.7365519],[-44.1562637,-11.7231859],[-44.1488217,-11.7196707],[-44.149214,-11.7021046],[-44.1640704,-11.7061868],[-44.1624722,-11.6902381],[-44.1551657,-11.6876919],[-44.1676651,-11.687213],[-44.1632747,-11.6747611],[-44.1706986,-11.6553172],[-44.1560617,-11.6105809],[-44.1370974,-11.5973279],[-44.1326908,-11.6078594],[-44.1331385,-11.5977266],[-44.1182559,-11.5846773],[-44.1159191,-11.5966074],[-44.1070261,-11.5920198],[-44.1127772,-11.601158],[-44.107072,-11.6162434],[-44.0928517,-11.6146392],[-44.0826416,-11.5900391],[-44.0959509,-11.5821914],[-44.086409,-11.5717723],[-44.0907626,-11.5646748],[-44.0823772,-11.5693099],[-44.0817118,-11.559058],[-44.0386441,-11.5549235],[-44.0305834,-11.5399819],[-44.0367382,-11.5327205],[-44.0292492,-11.5277176],[-44.0356971,-11.5080843],[-44.0255819,-11.4996293],[-44.0051742,-11.5029576],[-44.0022895,-11.5105804],[-43.9901555,-11.5072698],[-43.9940102,-11.4963571],[-43.9865352,-11.4912702],[-43.9867832,-11.478571],[-43.9528874,-11.4528018],[-43.9570029,-11.4451558],[-43.9278561,-11.4381521],[-43.9201356,-11.4456171],[-43.8771086,-11.4493768],[-43.8680437,-11.4284545],[-43.8720947,-11.4004286],[-43.8420076,-11.3768862],[-43.8387552,-11.3563325],[-43.8298859,-11.348972],[-43.7934262,-11.4693329],[-43.7627926,-11.6106368],[-43.7382185,-11.6756734],[-43.6830042,-11.7829628],[-43.6589157,-11.8600354],[-43.7132724,-11.8749975],[-43.6925235,-11.9077515],[-43.7176506,-11.9275486],[-43.7252042,-11.9444911],[-43.7392431,-11.9484172],[-43.7396,-11.971379],[-43.7481635,-11.9704189],[-43.7451178,-11.9791753],[-43.7606713,-12.0069274],[-43.7500065,-12.0147321],[-43.7235517,-12.0160646],[-43.7317464,-12.0481346],[-43.7945011,-12.0903244],[-43.7976677,-12.1116159],[-43.8232088,-12.1219572],[-43.8152417,-12.1372127],[-43.8243698,-12.1505027],[-43.845793,-12.1647848],[-43.8665844,-12.1586687],[-43.8875517,-12.1717983],[-43.8854442,-12.1847275],[-43.9094104,-12.2028735],[-43.9031878,-12.2129413],[-43.9289048,-12.2431642],[-43.9354471,-12.2323648],[-43.9564617,-12.2390759],[-43.9743956,-12.2293008],[-43.960715,-12.1866438],[-43.9651095,-12.1824696],[-43.9895756,-12.189894],[-43.987386,-12.1744035],[-44.0103535,-12.1711108],[-44.0439186,-12.1821718],[-44.0518093,-12.1593822],[-44.0795024,-12.1577296],[-44.0800808,-12.1271149],[-44.055663,-12.1066605],[-44.0464181,-12.0782243],[-44.0845639,-12.0607542],[-44.1034392,-12.0617594],[-44.1136782,-12.0463965],[-44.1119515,-12.0325403],[-44.0723929,-12.018275],[-44.0502731,-11.9930306],[-44.0484519,-11.959163],[-44.0137827,-11.8979505],[-44.0088962,-11.8743775],[-44.0163384,-11.8442901],[-44.0067187,-11.817257]]]}},{"type":"Feature","properties":{"level":"municipio","municipality_code":"2933505","municipality_name":"Wenceslau Guimarães","uf":"BA","state_code":"29","area_km2":655.057},"geometry":{"type":"Polygon","coordinates":[[[-39.6498257,-13.5501984],[-39.4995002,-13.5858016],[-39.4973069,-13.6013971],[-39.4715486,-13.6155229],[-39.4286346,-13.5937612],[-39.4250253,-13.603852],[-39.3929152,-13.6227566],[-39.3988142,-13.6424102],[-39.3913815,-13.6457648],[-39.3992339,-13.6484568],[-39.3934067,-13.6545131],[-39.4301566,-13.6533385],[-39.4258121,-13.6617008],[-39.4467734,-13.6894934],[-39.4397736,-13.7244744],[-39.4804701,-13.7108897],[-39.5537703,-13.7271025],[-39.5978401,-13.7193673],[-39.6092562,-13.7027641],[-39.6437977,-13.6912199],[-39.6511666,-13.697151],[-39.6506529,-13.6885645],[-39.6781491,-13.7122791],[-39.6965022,-13.7146406],[-39.6937167,-13.7215761],[-39.7118416,-13.7346946],[-39.7253726,-13.7358586],[-39.7650448,-13.6458506],[-39.7583954,-13.6367038],[-39.7804144,-13.6107432],[-39.7769386,-13.5991854],[-39.7936539,-13.5924896],[-39.7927711,-13.5792767],[-39.8135826,-13.5635682],[-39.7846179,-13.5250939],[-39.7483034,-13.5044897],[-39.7271405,-13.5030357],[-39.706605,-13.5200477],[-39.6952322,-13.5125131],[-39.6498257,-13.5501984]]]}},{"type":"Feature","properties":{"level":"municipio","municipality_code":"2933604","municipality_name":"Xique-Xique","uf":"BA","state_code":"29","area_km2":5079.662},"geometry":{"type":"Polygon","coordinates":[[[-42.5230461,-10.9038218],[-42.5382005,-11.0050284],[-42.6201065,-11.0875401],[-42.6347661,-11.0398102],[-42.6575919,-11.0318399],[-42.6713211,-11.0146073],[-42.7226665,-11.0032766],[-42.7518573,-11.0113603],[-42.7550217,-11.0021564],[-42.761147,-11.001757],[-42.7542811,-11.0394868],[-42.7906001,-11.058313],[-42.7707135,-11.0766723],[-42.7661643,-11.0919664],[-42.774239,-11.1062685],[-42.7869441,-11.1096447],[-42.786237,-11.119552],[-42.8026423,-11.1260421],[-42.8043125,-11.1415351],[-42.8220304,-11.1411039],[-42.8383748,-11.1565115],[-42.8325401,-11.1985037],[-42.8435096,-11.2145224],[-42.8360452,-11.2347729],[-42.8419073,-11.2512472],[-42.8347882,-11.2518091],[-42.8368349,-11.2736939],[-42.813242,-11.3107898],[-42.9126198,-11.2772626],[-42.8367685,-11.5273376],[-42.8614507,-11.5413117],[-42.8670921,-11.5573759],[-42.8644641,-11.5990661],[-42.8549133,-11.6119556],[-42.8710461,-11.6130978],[-42.8834669,-11.5990351],[-42.9026691,-11.5958943],[-42.9300805,-11.5771917],[-42.9390035,-11.5841873],[-42.9414305,-11.6030326],[-42.9344946,-11.6286236],[-42.9560905,-11.6236567],[-42.9811057,-11.5968049],[-43.0034726,-11.5970428],[-43.0200099,-11.5702739],[-43.0397247,-11.5554786],[-43.0549727,-11.560359],[-43.0567712,-11.5285295],[-43.2251743,-11.498839],[-43.2644957,-11.4832987],[-43.2214866,-11.3693511],[-43.2019484,-11.3391391],[-43.1725666,-11.3207018],[-43.1899371,-11.2818032],[-43.1867737,-11.2623275],[-43.1985547,-11.2318433],[-43.1791928,-11.1885683],[-43.1448936,-11.1573099],[-43.1427382,-11.1354238],[-43.1310652,-11.1214392],[-43.1318114,-11.1018477],[-43.1210714,-11.0938685],[-43.1221223,-11.0792463],[-43.0979593,-11.0534224],[-43.0965688,-11.0281603],[-43.0513188,-11.005773],[-43.0371043,-10.9669857],[-42.9885131,-10.9397043],[-42.9882841,-10.9083788],[-42.9720682,-10.8913486],[-42.9434164,-10.881834],[-42.9363843,-10.85869],[-42.9155995,-10.8453904],[-42.8755853,-10.8370909],[-42.8596015,-10.8089718],[-42.8373028,-10.8179793],[-42.819384,-10.8129213],[-42.7849943,-10.8188267],[-42.7483392,-10.7864673],[-42.7030692,-10.7146803],[-42.6925114,-10.6787154],[-42.6979204,-10.6677884],[-42.6750222,-10.612814],[-42.6603118,-10.6015029],[-42.6613092,-10.5880185],[-42.6274722,-10.5745404],[-42.5871974,-10.5451042],[-42.5699993,-10.4703513],[-42.4644863,-10.3821944],[-42.4544361,-10.3442608],[-42.4562598,-10.3003602],[-42.4348671,-10.2693433],[-42.4164889,-10.2642336],[-42.4030246,-10.2491082],[-42.4054657,-10.1851255],[-42.3943978,-10.1934219],[-42.3837415,-10.2374675],[-42.373937,-10.2446391],[-42.3668389,-10.267855],[-42.3801841,-10.2954875],[-42.3988736,-10.3118659],[-42.3796987,-10.3335183],[-42.3628842,-10.3388537],[-42.3680845,-10.3617518],[-42.3436767,-10.370419],[-42.350538,-10.3856089],[-42.3285978,-10.3967396],[-42.3338977,-10.4314876],[-42.3128008,-10.4446731],[-42.3303594,-10.4738801],[-42.3257361,-10.4797263],[-42.344247,-10.4828732],[-42.3583417,-10.5113738],[-42.3550357,-10.5351568],[-42.3402312,-10.5488683],[-42.3438718,-10.5607801],[-42.3298826,-10.5842183],[-42.3347622,-10.607085],[-42.3245834,-10.6258112],[-42.3314186,-10.6514503],[-42.3221368,-10.6591665],[-42.3281209,-10.6751346],[-42.3425938,-10.6833408],[-42.3427734,-10.726353],[-42.3644694,-10.7717326],[-42.3736068,-10.7766396],[-42.3916208,-10.7659709],[-42.4231299,-10.7738563],[-42.5230461,-10.9038218]]]}},{"type":"Feature","properties":{"level":"municipio","municipality_code":"2900405","municipality_name":"Água Fria","uf":"BA","state_code":"29","area_km2":742.775},"geometry":{"type":"Polygon","coordinates":[[[-38.6480391,-11.6901533],[-38.5674459,-11.7405466],[-38.5579503,-11.7375631],[-38.5420697,-11.7545297],[-38.5775741,-11.8000018],[-38.5764362,-11.8326509],[-38.5885715,-11.8487568],[-38.6048782,-11.9044985],[-38.5970437,-11.9530403],[-38.6312852,-11.9332609],[-38.6802839,-11.9460913],[-38.7109861,-11.9423404],[-38.7192814,-11.9504231],[-38.7422981,-11.9402894],[-38.7959048,-11.9540106],[-38.8265448,-11.9473148],[-38.8687308,-11.8159565],[-38.8650027,-11.8008369],[-38.8502061,-11.7959867],[-38.8348425,-11.7731469],[-38.823273,-11.7718068],[-38.7920627,-11.7236344],[-38.7513894,-11.6931126],[-38.684108,-11.6982726],[-38.6480391,-11.6901533]]]}},{"type":"Feature","properties":{"level":"municipio","municipality_code":"2900504","municipality_name":"Érico Cardoso","uf":"BA","state_code":"29","area_km2":735.249},"geometry":{"type":"Polygon","coordinates":[[[-42.0937159,-13.5205049],[-42.1627218,-13.4734275],[-42.1745643,-13.4249013],[-42.2144099,-13.408753],[-42.1969557,-13.3783357],[-42.1728765,-13.3721905],[-42.1901004,-13.3116439],[-42.1838325,-13.2964953],[-42.1980936,-13.2578262],[-42.1791206,-13.2265088],[-42.1581566,-13.2266591],[-42.1312578,-13.2577812],[-42.0964337,-13.2610653],[-42.032759,-13.2945469],[-42.0086553,-13.2870555],[-41.9970665,-13.3045221],[-41.9835454,-13.3062518],[-41.9752617,-13.2969274],[-41.9091363,-13.3114484],[-41.9159942,-13.3341487],[-41.947585,-13.3433867],[-41.9491624,-13.4026846],[-41.9686303,-13.4647897],[-41.9688322,-13.4872179],[-41.9512351,-13.4975527],[-41.9634014,-13.5102899],[-41.9637583,-13.5242098],[-41.9882465,-13.5473715],[-42.000454,-13.5396671],[-42.0073319,-13.5647987],[-42.022185,-13.5632252],[-42.0189629,-13.624485],[-42.0297143,-13.615078],[-42.0406322,-13.5839625],[-42.0671774,-13.5741332],[-42.0937159,-13.5205049]]]}}]}