{"type":"FeatureCollection","name":"CE_Municipios_2024","crs":{"type":"name","properties":{"name":"urn:ogc:def:crs:EPSG::4674"}},"features":[{"type":"Feature","properties":{"level":"municipio","municipality_code":"2300101","municipality_name":"Abaiara","uf":"CE","state_code":"23","area_km2":180.833},"geometry":{"type":"Polygon","coordinates":[[[-38.969878,-7.4273003],[-39.0781998,-7.4220341],[-39.0957533,-7.3791821],[-39.1016695,-7.329852],[-39.0811505,-7.3012044],[-39.0907027,-7.2811441],[-39.0819776,-7.2688258],[-39.089774,-7.265385],[-39.091809,-7.2597091],[-39.0495431,-7.2916203],[-39.0013274,-7.3074158],[-38.9619594,-7.3959093],[-38.969878,-7.4273003]]]}},{"type":"Feature","properties":{"level":"municipio","municipality_code":"2300150","municipality_name":"Acarape","uf":"CE","state_code":"23","area_km2":129.767},"geometry":{"type":"Polygon","coordinates":[[[-38.6409569,-4.2411186],[-38.6801751,-4.28642],[-38.6868976,-4.2870651],[-38.6836651,-4.2780768],[-38.7170765,-4.2905147],[-38.7206807,-4.2799465],[-38.7069492,-4.247796],[-38.7175178,-4.1871752],[-38.6724916,-4.1606593],[-38.6187648,-4.1634543],[-38.6144394,-4.1829202],[-38.5750911,-4.2299644],[-38.6122026,-4.22604],[-38.6262333,-4.2484166],[-38.6409569,-4.2411186]]]}},{"type":"Feature","properties":{"level":"municipio","municipality_code":"2300200","municipality_name":"Acaraú","uf":"CE","state_code":"23","area_km2":842.47},"geometry":{"type":"Polygon","coordinates":[[[-39.9906252,-3.0951106],[-39.9940532,-3.1339513],[-39.9828122,-3.1648144],[-39.9960293,-3.1867662],[-39.9941759,-3.2090733],[-39.9767438,-3.2317979],[-39.944528,-3.2446636],[-39.9249736,-3.2663411],[-39.9075467,-3.2736106],[-39.9342244,-3.3157239],[-40.083848,-3.1153592],[-40.0882358,-3.0735298],[-40.110474,-3.0559472],[-40.1215665,-3.0349948],[-40.1467137,-3.0423855],[-40.1558225,-3.0321507],[-40.1553745,-2.9928122],[-40.1693819,-2.9895795],[-40.1748721,-2.9585433],[-40.1646562,-2.9175043],[-40.1494564,-2.9055796],[-40.1510148,-2.884204],[-40.1818167,-2.8693897],[-40.2723791,-2.8699468],[-40.2720967,-2.8794225],[-40.3243812,-2.8612671],[-40.3612925,-2.8668082],[-40.3718859,-2.8124064],[-40.3312076,-2.8059828],[-40.2368207,-2.8150363],[-40.1853339,-2.8116806],[-40.1437771,-2.840177],[-40.1328495,-2.8295212],[-40.1398762,-2.8267857],[-40.1262327,-2.8235415],[-40.0866858,-2.8314849],[-40.0777283,-2.8409175],[-40.0580006,-2.834209],[-39.9838694,-2.8483708],[-39.9946252,-2.839547],[-39.944402,-2.8646107],[-39.9665371,-2.9313631],[-39.9740686,-3.0010039],[-39.9835861,-3.0176262],[-39.9723987,-3.0740885],[-39.9906252,-3.0951106]]]}},{"type":"Feature","properties":{"level":"municipio","municipality_code":"2300309","municipality_name":"Acopiara","uf":"CE","state_code":"23","area_km2":2254.279},"geometry":{"type":"Polygon","coordinates":[[[-39.4226337,-5.98715],[-39.412951,-5.9764374],[-39.3818123,-5.9736212],[-39.3633329,-5.9808534],[-39.3652276,-5.9920414],[-39.3484829,-5.9937457],[-39.3449017,-6.0078819],[-39.3372166,-6.0018259],[-39.3194605,-6.0067619],[-39.2968942,-5.9899115],[-39.2808376,-6.0051819],[-39.2658286,-5.9971744],[-39.2402068,-5.9953372],[-39.2358611,-6.001559],[-39.2293705,-5.987859],[-39.2043293,-5.9880877],[-39.1976661,-5.9569373],[-39.1811142,-5.9642289],[-39.1474739,-5.9573085],[-39.130624,-5.9835752],[-39.1154715,-5.9764067],[-39.1130119,-5.9888993],[-39.1022926,-5.9831199],[-39.0603625,-5.9976572],[-39.0521048,-6.0384434],[-39.0570741,-6.0478574],[-39.0737735,-6.051559],[-39.0900042,-6.0936709],[-39.1417054,-6.1544054],[-39.2597083,-6.1283745],[-39.3567744,-6.2257183],[-39.3690652,-6.216269],[-39.3906233,-6.2219668],[-39.4170626,-6.2457156],[-39.4146335,-6.2591705],[-39.4638612,-6.2803854],[-39.4594781,-6.3248263],[-39.4679682,-6.3233976],[-39.4742157,-6.3373528],[-39.4911093,-6.3256794],[-39.5235648,-6.3391856],[-39.5235416,-6.3270066],[-39.5406987,-6.3198506],[-39.5600982,-6.3327429],[-39.5897956,-6.3072936],[-39.6048325,-6.3230298],[-39.6257662,-6.3191025],[-39.6519975,-6.3373545],[-39.6802745,-6.3372562],[-39.7000018,-6.3283065],[-39.7089062,-6.3403965],[-39.7201577,-6.2727609],[-39.7349466,-6.258257],[-39.7344559,-6.2452998],[-39.7154145,-6.2195839],[-39.7181356,-6.2077011],[-39.732236,-6.2096203],[-39.733128,-6.2221588],[-39.7600614,-6.2401992],[-39.7689796,-6.2052321],[-39.7973072,-6.2075388],[-39.7932978,-6.1573637],[-39.8026442,-6.1375934],[-39.8197601,-6.1237961],[-39.8291477,-6.1341262],[-39.8397393,-6.1311125],[-39.851381,-6.1140157],[-39.8641077,-6.1243534],[-39.8932573,-6.1125996],[-39.887483,-6.0952925],[-39.8255499,-6.0416594],[-39.8261619,-6.0251117],[-39.8131071,-6.0120878],[-39.7944955,-6.0208793],[-39.7796043,-6.0178308],[-39.7541837,-6.0064022],[-39.7227349,-5.9751513],[-39.7450481,-6.0052818],[-39.7422599,-6.0178042],[-39.7299554,-6.0205797],[-39.722966,-6.0066651],[-39.704214,-6.004401],[-39.6746623,-6.0222031],[-39.6701918,-5.994468],[-39.6522985,-5.96637],[-39.601132,-5.989259],[-39.5969002,-5.9766546],[-39.5663231,-5.9623507],[-39.5670962,-5.9868112],[-39.5545476,-6.012359],[-39.5309605,-5.9775157],[-39.4813051,-5.9879731],[-39.4493743,-5.980058],[-39.4226337,-5.98715]]]}},{"type":"Feature","properties":{"level":"municipio","municipality_code":"2300408","municipality_name":"Aiuaba","uf":"CE","state_code":"23","area_km2":2438.563},"geometry":{"type":"Polygon","coordinates":[[[-40.447981804962566,-6.497078378120038],[-40.3911973,-6.4746403],[-40.3690245,-6.4510866],[-40.3659641,-6.4295968],[-40.3472214,-6.4099296],[-40.3394402,-6.4144404],[-40.3274069,-6.401871],[-40.30793,-6.4030444],[-40.2852503,-6.3808034],[-40.2717797,-6.3880513],[-40.2579689,-6.3842326],[-40.2561114,-6.376154],[-40.2393212,-6.3930958],[-40.2181109,-6.3764135],[-40.2058148,-6.3808694],[-40.1865703,-6.3647495],[-40.1619778,-6.3621466],[-40.1591705,-6.3538159],[-40.1493706,-6.3609856],[-40.141623,-6.3510706],[-40.1070716,-6.3512953],[-40.0841055,-6.3674083],[-40.0761913,-6.3999772],[-40.0614587,-6.4175208],[-40.0280772,-6.4383878],[-40.0447124,-6.444852],[-40.0511223,-6.4619374],[-40.04687,-6.4721239],[-40.0588407,-6.4897862],[-40.0522508,-6.5212259],[-40.0311086,-6.5418552],[-40.0348503,-6.5584417],[-40.0260796,-6.5817159],[-40.0404146,-6.590011],[-40.0303438,-6.595833],[-40.0548075,-6.6113376],[-40.0571098,-6.6238983],[-40.0400342,-6.6273234],[-40.0366015,-6.6373123],[-40.0556663,-6.6738151],[-40.0465965,-6.6824095],[-40.0390292,-6.6725225],[-40.0165924,-6.6722173],[-39.9952403,-6.7023143],[-40.0693467,-6.7711439],[-40.0684297,-6.7915222],[-40.1079312,-6.8043322],[-40.11831,-6.8200805],[-40.1452987,-6.8187429],[-40.1306091,-6.8035204],[-40.1499154,-6.7844711],[-40.168392,-6.7918167],[-40.1823305,-6.7592403],[-40.2031268,-6.7742822],[-40.2420845,-6.7767853],[-40.2649552,-6.7966552],[-40.2833966,-6.7951271],[-40.2916159,-6.8080892],[-40.3006196,-6.8068088],[-40.3103681,-6.7861728],[-40.3221126,-6.8025726],[-40.3485056,-6.7967711],[-40.3545285,-6.8088193],[-40.3887903,-6.7969987],[-40.4277358,-6.8137296],[-40.4389902,-6.8066889],[-40.4597267,-6.7542375],[-40.4769263,-6.7328317],[-40.6022071,-6.7160118],[-40.6324189,-6.6989038],[-40.6491396,-6.6788294],[-40.7101828,-6.6761295],[-40.7314656,-6.656968],[-40.7218947,-6.6185558],[-40.736489,-6.5999334],[-40.6763031,-6.6005236],[-40.6699963,-6.6140448],[-40.644176,-6.6058481],[-40.6105111,-6.6084869],[-40.5784073,-6.5488217],[-40.5442839,-6.5493187],[-40.5275419,-6.5379875],[-40.4590087,-6.5282944],[-40.447981804962566,-6.497078378120038]]]}},{"type":"Feature","properties":{"level":"municipio","municipality_code":"2300507","municipality_name":"Alcântaras","uf":"CE","state_code":"23","area_km2":135.76},"geometry":{"type":"Polygon","coordinates":[[[-40.4790844,-3.5907445],[-40.4979407,-3.604674],[-40.5045428,-3.6240955],[-40.4917315,-3.6354768],[-40.5049661,-3.6435574],[-40.5198722,-3.6375188],[-40.5146339,-3.6489082],[-40.5432416,-3.6553463],[-40.5779172,-3.6448878],[-40.5803211,-3.6369616],[-40.5889875,-3.6394902],[-40.5944122,-3.6289929],[-40.5887806,-3.6199884],[-40.6036153,-3.6200634],[-40.6148869,-3.6066276],[-40.6038207,-3.60578],[-40.6053485,-3.5823432],[-40.5892065,-3.5748835],[-40.5979578,-3.5686808],[-40.5700513,-3.5638139],[-40.5646258,-3.5462434],[-40.5217423,-3.5124458],[-40.5149458,-3.5322201],[-40.5218008,-3.5450254],[-40.476463,-3.557619],[-40.4985239,-3.5775767],[-40.4790844,-3.5907445]]]}},{"type":"Feature","properties":{"level":"municipio","municipality_code":"2300606","municipality_name":"Altaneira","uf":"CE","state_code":"23","area_km2":72.675},"geometry":{"type":"Polygon","coordinates":[[[-39.7091255,-6.9527419],[-39.6911866,-6.9608351],[-39.6906299,-6.969832],[-39.642644,-6.9455467],[-39.6212939,-6.9603589],[-39.6452303,-6.9912361],[-39.6639919,-6.9926017],[-39.6560083,-7.0050246],[-39.6806289,-7.0161477],[-39.7165684,-7.0022183],[-39.7590667,-7.0133439],[-39.7474521,-7.0224802],[-39.8001637,-7.0113093],[-39.7581827,-6.9932165],[-39.7091255,-6.9527419]]]}},{"type":"Feature","properties":{"level":"municipio","municipality_code":"2300705","municipality_name":"Alto Santo","uf":"CE","state_code":"23","area_km2":1147.209},"geometry":{"type":"Polygon","coordinates":[[[-38.15854905309779,-5.35781303005218],[-38.1096495,-5.4033452],[-38.1031692,-5.4199851],[-38.0804997,-5.4353703],[-38.0358076,-5.567213],[-38.0574188,-5.6101173],[-38.0594539,-5.6297645],[-38.027815,-5.6227075],[-38.0342697,-5.6371528],[-38.0828404,-5.6724407],[-38.1297961,-5.6759614],[-38.1482961,-5.6704102],[-38.1493811,-5.6587159],[-38.1712423,-5.651862],[-38.1673282,-5.6454714],[-38.193463,-5.6328264],[-38.2130304,-5.6318215],[-38.2188427,-5.6398061],[-38.2242971,-5.634225],[-38.23095,-5.6436276],[-38.238962,-5.6369369],[-38.2483721,-5.6456873],[-38.2649146,-5.6286311],[-38.2675034,-5.6014359],[-38.4329119,-5.6270177],[-38.4374572,-5.5452556],[-38.4583086,-5.5167397],[-38.459361,-5.5003764],[-38.4471706,-5.4974475],[-38.4326981,-5.4774494],[-38.4280089,-5.4478635],[-38.4400411,-5.4263488],[-38.4260912,-5.4148526],[-38.4252962,-5.39265],[-38.4128797,-5.3742849],[-38.3960196,-5.3706288],[-38.3944479,-5.3629531],[-38.3413075,-5.4035487],[-38.3218574,-5.3971041],[-38.3136625,-5.3834202],[-38.2607122,-5.4104572],[-38.2599459,-5.3945125],[-38.2315332,-5.3942445],[-38.15854905309779,-5.35781303005218]]]}},{"type":"Feature","properties":{"level":"municipio","municipality_code":"2300754","municipality_name":"Amontada","uf":"CE","state_code":"23","area_km2":1175.044},"geometry":{"type":"Polygon","coordinates":[[[-39.7287334,-3.2447594],[-39.7028525,-3.3230437],[-39.7250783,-3.3371218],[-39.737857,-3.356107],[-39.7318383,-3.3748782],[-39.7411319,-3.3882764],[-39.7338415,-3.3963423],[-39.7528903,-3.4135461],[-39.7577287,-3.4343392],[-39.7671871,-3.4376825],[-39.7686573,-3.4579109],[-39.7835918,-3.4643941],[-39.9487951,-3.4330799],[-39.9832157,-3.4408242],[-40.0275801,-3.4372815],[-40.0057527,-3.423995],[-39.9964514,-3.4086344],[-39.9869358,-3.3647514],[-39.9412924,-3.3375773],[-39.9237314,-3.294699],[-39.9088699,-3.2831902],[-39.8891024,-3.2239909],[-39.9026343,-3.2079233],[-39.8687059,-3.1696725],[-39.868006,-3.1246053],[-39.7080092,-3.0138773],[-39.7074866,-3.0042008],[-39.7195074,-3.0003411],[-39.7209662,-2.9969391],[-39.6881846,-2.996534],[-39.6563959,-3.0234964],[-39.6369652,-3.0189603],[-39.6198268,-3.0259834],[-39.5921368,-3.0694184],[-39.5506491,-3.079233],[-39.5661492,-3.13132],[-39.6126289,-3.156832],[-39.6196539,-3.1468961],[-39.6702407,-3.1658732],[-39.6986346,-3.2428042],[-39.7287334,-3.2447594]]]}},{"type":"Feature","properties":{"level":"municipio","municipality_code":"2300804","municipality_name":"Antonina do Norte","uf":"CE","state_code":"23","area_km2":259.706},"geometry":{"type":"Polygon","coordinates":[[[-39.9628897,-6.7017466],[-39.9409855,-6.7127176],[-39.93127,-6.6982373],[-39.8717742,-6.6696961],[-39.8770671,-6.6802858],[-39.8526033,-6.6742721],[-39.8379876,-6.6791942],[-39.8329574,-6.6999334],[-39.8985295,-6.7556888],[-39.9869182,-6.8150808],[-40.00206,-6.8031288],[-40.0434194,-6.8169856],[-40.0553123,-6.8294853],[-40.0511337,-6.8433434],[-40.0698918,-6.8543637],[-40.1469975,-6.8305866],[-40.1444784,-6.8181203],[-40.11831,-6.8200805],[-40.1079312,-6.8043322],[-40.0671312,-6.7902742],[-40.0693467,-6.7711439],[-39.9952403,-6.7023143],[-40.0037045,-6.6845823],[-39.9883013,-6.6812968],[-39.9762111,-6.6682976],[-39.982331,-6.6869369],[-39.9712012,-6.6871672],[-39.9628897,-6.7017466]]]}},{"type":"Feature","properties":{"level":"municipio","municipality_code":"2300903","municipality_name":"Apuiarés","uf":"CE","state_code":"23","area_km2":543.98},"geometry":{"type":"Polygon","coordinates":[[[-39.1927955,-3.9706522],[-39.1825745,-3.9785479],[-39.1917392,-3.9922761],[-39.1854329,-4.0016568],[-39.2013985,-4.04433],[-39.2155234,-4.0517429],[-39.2275756,-4.072721],[-39.2590776,-4.0767088],[-39.2701302,-4.0862461],[-39.3025572,-4.0832649],[-39.3242308,-4.0902312],[-39.4441628,-3.9691724],[-39.4569009,-4.0018058],[-39.485732,-4.0051536],[-39.4840943,-3.9739234],[-39.4147735,-3.8298594],[-39.3542064,-3.8444171],[-39.3487947,-3.8357655],[-39.3087407,-3.9363837],[-39.2939369,-3.9197767],[-39.2688122,-3.9151672],[-39.2424876,-3.8979054],[-39.2144969,-3.9454341],[-39.1854312,-3.9543274],[-39.1927955,-3.9706522]]]}},{"type":"Feature","properties":{"level":"municipio","municipality_code":"2301000","municipality_name":"Aquiraz","uf":"CE","state_code":"23","area_km2":480.236},"geometry":{"type":"Polygon","coordinates":[[[-38.3874289,-4.0704461],[-38.4423054,-4.0712367],[-38.501031,-4.0611573],[-38.5364894,-4.0406225],[-38.5186127,-4.0180145],[-38.5088292,-3.9367357],[-38.4858225,-3.924482],[-38.4719782,-3.9284957],[-38.4635649,-3.9139373],[-38.4486,-3.9234596],[-38.4324381,-3.8861675],[-38.4143699,-3.8780439],[-38.4129575,-3.8570159],[-38.4221042,-3.8364786],[-38.4191651,-3.823097],[-38.409396,-3.819093],[-38.3346599,-3.9124336],[-38.3035409,-3.9359841],[-38.2734442,-3.944154],[-38.2232859,-4.0071535],[-38.2316172,-4.0233143],[-38.2532639,-4.0286864],[-38.3131571,-4.010903],[-38.3207282,-4.0307972],[-38.3264333,-4.0256356],[-38.3362266,-4.0308855],[-38.3702716,-4.0655868],[-38.3725084,-4.0784555],[-38.3874289,-4.0704461]]]}},{"type":"Feature","properties":{"level":"municipio","municipality_code":"2301109","municipality_name":"Aracati","uf":"CE","state_code":"23","area_km2":1227.196},"geometry":{"type":"Polygon","coordinates":[[[-37.7445091,-4.7196032],[-37.8009375,-4.6972554],[-37.8081347,-4.6757145],[-37.8315834,-4.6601657],[-37.8446995,-4.6832141],[-37.9088985,-4.6638414],[-37.9932371,-4.6607374],[-37.9943392,-4.6470498],[-37.9734695,-4.6154823],[-37.9929923,-4.5630102],[-37.9840547,-4.5603038],[-37.9805987,-4.5413128],[-37.9633811,-4.5303397],[-37.8677322,-4.5429332],[-37.8489077,-4.5355781],[-37.8523187,-4.5278602],[-37.8273862,-4.5052851],[-37.7887112,-4.5071968],[-37.7758299,-4.4852123],[-37.7779218,-4.4759128],[-37.7719188,-4.47969],[-37.7767554,-4.4661857],[-37.7688969,-4.4544619],[-37.7790132,-4.4566163],[-37.7853471,-4.4430421],[-37.7694827,-4.4263877],[-37.7542476,-4.4370872],[-37.7164524,-4.5118375],[-37.6394425,-4.5859838],[-37.5895707,-4.6268108],[-37.5405848,-4.644682],[-37.5572171,-4.7225141],[-37.504005,-4.7918785],[-37.4647366,-4.7811752],[-37.4167235,-4.7823563],[-37.4021676,-4.772173],[-37.3654926,-4.7850228],[-37.3557194,-4.7942275],[-37.3568981,-4.8580565],[-37.6403381,-4.9264044],[-37.58869,-4.8082817],[-37.6115132,-4.7682183],[-37.6162718,-4.7180139],[-37.7445091,-4.7196032]]]}},{"type":"Feature","properties":{"level":"municipio","municipality_code":"2301208","municipality_name":"Aracoiaba","uf":"CE","state_code":"23","area_km2":643.988},"geometry":{"type":"Polygon","coordinates":[[[-38.7006521,-4.6118181],[-38.7186317,-4.6201653],[-38.7657138,-4.623237],[-38.7472496,-4.5271714],[-38.7736529,-4.5274435],[-38.776095,-4.5165294],[-38.7868444,-4.5157418],[-38.8338727,-4.4741593],[-38.8135726,-4.441327],[-38.842272,-4.4541597],[-38.8416067,-4.3611994],[-38.8237013,-4.3139441],[-38.8020634,-4.3155506],[-38.7951812,-4.3234345],[-38.7647356,-4.3060215],[-38.7455456,-4.3520953],[-38.7129619,-4.3836946],[-38.6936101,-4.3799362],[-38.664516,-4.4155939],[-38.6469044,-4.4171468],[-38.6386284,-4.4065641],[-38.6230462,-4.40444],[-38.6103331,-4.3784911],[-38.5743072,-4.3852478],[-38.533907,-4.368875],[-38.5318517,-4.3785511],[-38.5687674,-4.4149631],[-38.6027189,-4.420504],[-38.6367613,-4.4538272],[-38.6363832,-4.4843762],[-38.6284898,-4.4891206],[-38.6180341,-4.525166],[-38.6222752,-4.5367364],[-38.6494867,-4.5557107],[-38.6089715,-4.6592089],[-38.5936004,-4.6688378],[-38.5844374,-4.6648811],[-38.5755539,-4.6667115],[-38.5735705,-4.6695399],[-38.6179181,-4.6972423],[-38.6362289,-4.6993532],[-38.6332495,-4.6885821],[-38.654649,-4.6813879],[-38.6635806,-4.6607575],[-38.6709958,-4.666587],[-38.689777,-4.6512349],[-38.7006521,-4.6118181]]]}},{"type":"Feature","properties":{"level":"municipio","municipality_code":"2301257","municipality_name":"Ararendá","uf":"CE","state_code":"23","area_km2":342.301},"geometry":{"type":"Polygon","coordinates":[[[-40.7986411,-4.8155784],[-40.8256251,-4.8105183],[-40.8416104,-4.7847978],[-40.8823099,-4.7841883],[-40.8832462,-4.7518804],[-40.8672943,-4.7307748],[-40.8721944,-4.712317],[-40.8442444,-4.7188246],[-40.80776,-4.7053108],[-40.7846975,-4.7124749],[-40.7620343,-4.7061988],[-40.7360283,-4.7087198],[-40.7321727,-4.7151977],[-40.6698089,-4.7051233],[-40.6601604,-4.686363],[-40.6550906,-4.6886882],[-40.6594785,-4.7045384],[-40.6422715,-4.7277147],[-40.6473154,-4.7465445],[-40.6280772,-4.7902898],[-40.6484838,-4.8086137],[-40.669068,-4.8479727],[-40.6976029,-4.8624742],[-40.7188889,-4.8532161],[-40.7229855,-4.8419011],[-40.7619511,-4.8664797],[-40.7630761,-4.8436516],[-40.7986411,-4.8155784]]]}},{"type":"Feature","properties":{"level":"municipio","municipality_code":"2301307","municipality_name":"Araripe","uf":"CE","state_code":"23","area_km2":1097.345},"geometry":{"type":"Polygon","coordinates":[[[-40.244112238606256,-7.316349255165216],[-40.266758,-7.2484498],[-40.2488638,-7.2256329],[-40.2522232,-7.2002304],[-40.2623271,-7.196392],[-40.2686911,-7.1783417],[-40.2625857,-7.1482706],[-40.2421798,-7.1279483],[-40.2394402,-7.1122644],[-40.1744043,-7.077593],[-40.177482,-7.0679712],[-40.1647063,-7.0473675],[-40.1361952,-7.1123428],[-40.0719375,-7.1456868],[-39.9999657,-7.1511363],[-39.9808683,-7.1451457],[-39.9175296,-7.0942934],[-39.897337,-7.0969516],[-39.8885094,-7.1394607],[-39.8894343,-7.3397349],[-39.926345,-7.3409989],[-40.000707,-7.3744783],[-40.1277543,-7.381915],[-40.1956847,-7.3581487],[-40.244112238606256,-7.316349255165216]]]}},{"type":"Feature","properties":{"level":"municipio","municipality_code":"2301406","municipality_name":"Aratuba","uf":"CE","state_code":"23","area_km2":119.758},"geometry":{"type":"Polygon","coordinates":[[[-39.0283578,-4.4603347],[-39.0524071,-4.451769],[-39.0525052,-4.4394389],[-39.0787889,-4.4174359],[-39.0789046,-4.4057612],[-39.0900617,-4.4132312],[-39.0992412,-4.3938533],[-39.0937793,-4.3818302],[-39.085879,-4.3943217],[-39.0629855,-4.3971251],[-39.065424,-4.3793826],[-39.0584497,-4.3754138],[-39.0730914,-4.3666573],[-39.0625169,-4.3623397],[-39.0699521,-4.3523098],[-39.0576395,-4.3651395],[-39.0504329,-4.3588374],[-39.0536085,-4.3520852],[-39.0245324,-4.3599174],[-39.0137309,-4.3736436],[-38.9852452,-4.3625368],[-38.9704126,-4.368202],[-38.9830327,-4.3808316],[-38.9741609,-4.4401188],[-38.9932708,-4.4518866],[-38.9988121,-4.4808219],[-39.0167192,-4.5058049],[-39.0145307,-4.5150016],[-39.0354186,-4.476784],[-39.0283578,-4.4603347]]]}},{"type":"Feature","properties":{"level":"municipio","municipality_code":"2301505","municipality_name":"Arneiroz","uf":"CE","state_code":"23","area_km2":1068.437},"geometry":{"type":"Polygon","coordinates":[[[-40.0162943,-6.2236561],[-40.025485,-6.2775479],[-40.0503088,-6.2814393],[-40.0456474,-6.3005336],[-40.0605789,-6.304117],[-40.0628555,-6.3297303],[-40.0800471,-6.3465282],[-40.0705118,-6.3547515],[-40.0841055,-6.3674083],[-40.1123095,-6.3490254],[-40.141623,-6.3510706],[-40.1451414,-6.3602413],[-40.1591705,-6.3538159],[-40.1619778,-6.3621466],[-40.1865703,-6.3647495],[-40.2058148,-6.3808694],[-40.2181109,-6.3764135],[-40.2393212,-6.3930958],[-40.2566935,-6.3761597],[-40.2609996,-6.3862353],[-40.2852503,-6.3808034],[-40.3073767,-6.4027515],[-40.3246059,-6.4027576],[-40.4051534,-6.3124657],[-40.3012479,-6.2067779],[-40.2903026,-6.2038011],[-40.286827,-6.191211],[-40.2613278,-6.166759],[-40.2565936,-6.1492795],[-40.2342231,-6.1329719],[-40.226134,-6.1315064],[-40.2211476,-6.1421976],[-40.2050472,-6.1340272],[-40.1984291,-6.1455213],[-40.1661748,-6.1321505],[-40.1463495,-6.1121443],[-40.1276187,-6.1089246],[-40.1085501,-6.1168747],[-40.087192,-6.109538],[-40.0854808,-6.1148615],[-40.0491571,-6.098682],[-40.0422673,-6.1063346],[-40.0182889,-6.0956656],[-40.0040286,-6.1049724],[-39.9446255,-6.1039761],[-39.9095143,-6.0801777],[-39.9031229,-6.0923271],[-39.8886372,-6.0974368],[-39.897338,-6.1223349],[-39.8922255,-6.129857],[-39.9010684,-6.1427146],[-39.8939605,-6.1558789],[-39.9187345,-6.1822457],[-39.9153953,-6.1895567],[-39.9480407,-6.1964788],[-39.9869311,-6.2207814],[-40.0007498,-6.2158742],[-40.0162943,-6.2236561]]]}},{"type":"Feature","properties":{"level":"municipio","municipality_code":"2301604","municipality_name":"Assaré","uf":"CE","state_code":"23","area_km2":1155.124},"geometry":{"type":"Polygon","coordinates":[[[-39.6611681,-6.8821399],[-39.6658158,-6.9065242],[-39.6550472,-6.894945],[-39.6350726,-6.8932599],[-39.606525,-6.90422],[-39.6074646,-6.9174175],[-39.6237503,-6.9366639],[-39.6310425,-6.9338681],[-39.6399331,-6.9455832],[-39.6906299,-6.969832],[-39.6911866,-6.9608351],[-39.7088261,-6.9525153],[-39.7581827,-6.9932165],[-39.8001637,-7.0113093],[-39.7474521,-7.0224802],[-39.7662864,-7.0349176],[-39.7717942,-7.0605712],[-39.7834401,-7.0602687],[-39.7907482,-7.0411078],[-39.7843644,-7.0320951],[-39.7943361,-7.0297247],[-39.8637753,-7.0526669],[-39.8733751,-7.0676701],[-39.8898577,-7.0532074],[-39.9011362,-7.0683926],[-39.9430176,-7.07681],[-39.9494203,-7.0108213],[-39.9668708,-7.0028528],[-40.073168,-7.0051127],[-40.0818257,-6.9829209],[-40.0664545,-6.9650348],[-40.0569817,-6.9190292],[-40.0805491,-6.9154466],[-40.125545,-6.8869545],[-40.0915836,-6.8603286],[-40.0517167,-6.8441073],[-40.0547854,-6.8277112],[-40.0434194,-6.8169856],[-40.00206,-6.8031288],[-39.9869182,-6.8150808],[-39.9094459,-6.7634663],[-39.8787684,-6.7674295],[-39.7907858,-6.8023313],[-39.7413631,-6.8054716],[-39.7221839,-6.7851013],[-39.7085711,-6.7853287],[-39.6959751,-6.7959301],[-39.7010567,-6.801548],[-39.6920082,-6.8301893],[-39.6571233,-6.8197874],[-39.6366264,-6.8387518],[-39.6422607,-6.8547502],[-39.6682274,-6.8639213],[-39.6611681,-6.8821399]]]}},{"type":"Feature","properties":{"level":"municipio","municipality_code":"2301703","municipality_name":"Aurora","uf":"CE","state_code":"23","area_km2":885.87},"geometry":{"type":"Polygon","coordinates":[[[-38.8561528,-6.9775291],[-38.9089741,-7.082704],[-38.9578729,-7.0817465],[-39.0254536,-7.1501061],[-39.0387179,-7.14931],[-39.05132,-7.1376577],[-39.0676035,-7.1470928],[-39.0726048,-7.1421537],[-39.0774864,-7.1557943],[-39.0910885,-7.1562256],[-39.0907064,-7.1631605],[-39.0960579,-7.1538515],[-39.1121501,-7.1584338],[-39.1219052,-7.1427616],[-39.1337122,-7.1424733],[-39.1358424,-7.1307516],[-39.1104127,-7.0882748],[-39.1392583,-7.0706685],[-39.1572727,-7.0335753],[-39.161527,-6.9994666],[-39.1490215,-6.9832652],[-39.12861,-6.9798546],[-39.1021148,-6.9610336],[-39.0908216,-6.9353083],[-39.0714592,-6.9300504],[-39.0691417,-6.9172678],[-39.0208584,-6.895257],[-39.0145185,-6.8774357],[-38.9783428,-6.8684546],[-38.9790882,-6.8612802],[-38.9507085,-6.8672629],[-38.8832249,-6.8567163],[-38.8196712,-6.8567299],[-38.812886,-6.8648662],[-38.7741879,-6.8684498],[-38.7846808,-6.9049588],[-38.7592236,-6.9154828],[-38.7552435,-6.9391261],[-38.7656034,-6.9494655],[-38.7469655,-6.9605801],[-38.7422504,-6.9742785],[-38.7510746,-6.9876727],[-38.781068,-7.0005793],[-38.8561528,-6.9775291]]]}},{"type":"Feature","properties":{"level":"municipio","municipality_code":"2301802","municipality_name":"Baixio","uf":"CE","state_code":"23","area_km2":145.556},"geometry":{"type":"Polygon","coordinates":[[[-38.6876542,-6.7673421],[-38.7198325,-6.7675037],[-38.7484764,-6.755603],[-38.7745459,-6.717586],[-38.8024945,-6.7242559],[-38.8465922,-6.7092104],[-38.8593744,-6.691198],[-38.8547062,-6.6735003],[-38.8307416,-6.6591707],[-38.8012166,-6.6587919],[-38.675427,-6.702928],[-38.649972,-6.7522363],[-38.6634206,-6.7592325],[-38.681015,-6.7550921],[-38.6876542,-6.7673421]]]}},{"type":"Feature","properties":{"level":"municipio","municipality_code":"2301851","municipality_name":"Banabuiú","uf":"CE","state_code":"23","area_km2":1080.986},"geometry":{"type":"Polygon","coordinates":[[[-38.8775492,-5.3080528],[-38.9229843,-5.3291801],[-38.9258283,-5.4112886],[-38.922935,-5.4338395],[-38.910831,-5.4376816],[-38.9067991,-5.4518126],[-38.9244767,-5.4536089],[-38.9288514,-5.4856706],[-38.9440275,-5.4890168],[-38.9589639,-5.5127155],[-38.977299,-5.5214701],[-39.0046163,-5.505863],[-39.009281,-5.5111992],[-39.0269683,-5.489886],[-39.0464391,-5.5113817],[-39.0602938,-5.5110889],[-39.071325,-5.486274],[-39.0607276,-5.4606538],[-39.0576791,-5.4185784],[-39.0851105,-5.4024881],[-39.0545358,-5.299992],[-39.0343014,-5.2717103],[-39.041042,-5.2513886],[-39.0286288,-5.2221369],[-39.0469321,-5.2264037],[-39.0580604,-5.2207231],[-39.08874,-5.1730247],[-39.0832133,-5.1512058],[-39.0566181,-5.1501824],[-39.0159066,-5.1681703],[-38.972093,-5.1414949],[-38.9563093,-5.1529802],[-38.9025146,-5.1659445],[-38.8130645,-5.0665911],[-38.7933024,-5.0781909],[-38.7617044,-5.0787021],[-38.7442241,-5.0949208],[-38.699046,-5.0934951],[-38.6501639,-5.1224173],[-38.6181848,-5.1188635],[-38.6108756,-5.1484609],[-38.6772592,-5.2272883],[-38.6917041,-5.2272656],[-38.7082144,-5.2009538],[-38.7735099,-5.2031795],[-38.8106297,-5.2228968],[-38.8487766,-5.2884775],[-38.8775492,-5.3080528]]]}},{"type":"Feature","properties":{"level":"municipio","municipality_code":"2301901","municipality_name":"Barbalha","uf":"CE","state_code":"23","area_km2":608.142},"geometry":{"type":"Polygon","coordinates":[[[-39.2067021,-7.3016191],[-39.2409422,-7.3628539],[-39.2284514,-7.3727862],[-39.2318775,-7.3815284],[-39.2229382,-7.3973029],[-39.2268756,-7.4135212],[-39.2544072,-7.4476719],[-39.2540322,-7.4877068],[-39.3718397,-7.4580733],[-39.3719673,-7.6151742],[-39.4196561,-7.6044123],[-39.4232728,-7.5868058],[-39.4450564,-7.5725434],[-39.4462942,-7.335859],[-39.4010693,-7.3071544],[-39.3755308,-7.305138],[-39.3577441,-7.2703412],[-39.3200782,-7.2606005],[-39.2654433,-7.2593257],[-39.2067021,-7.3016191]]]}},{"type":"Feature","properties":{"level":"municipio","municipality_code":"2301950","municipality_name":"Barreira","uf":"CE","state_code":"23","area_km2":260.237},"geometry":{"type":"Polygon","coordinates":[[[-38.6122026,-4.22604],[-38.5750911,-4.2299644],[-38.5478204,-4.2715208],[-38.5539364,-4.2833289],[-38.5484115,-4.3230636],[-38.533907,-4.368875],[-38.5743072,-4.3852478],[-38.6103331,-4.3784911],[-38.6230462,-4.40444],[-38.6386284,-4.4065641],[-38.6469044,-4.4171468],[-38.664516,-4.4155939],[-38.6936101,-4.3799362],[-38.6998501,-4.3301241],[-38.6868976,-4.2870651],[-38.6651828,-4.2737122],[-38.6513042,-4.2465376],[-38.6409569,-4.2411186],[-38.6262333,-4.2484166],[-38.6122026,-4.22604]]]}},{"type":"Feature","properties":{"level":"municipio","municipality_code":"2302008","municipality_name":"Barro","uf":"CE","state_code":"23","area_km2":711.346},"geometry":{"type":"Polygon","coordinates":[[[-38.8561528,-6.9775291],[-38.781068,-7.0005793],[-38.7696793,-6.9937005],[-38.7518823,-6.9969205],[-38.669849,-7.0477046],[-38.677242,-7.0671025],[-38.6564059,-7.0924258],[-38.6774153,-7.1309352],[-38.675293,-7.1557219],[-38.6851937,-7.161344],[-38.6765824,-7.1691982],[-38.68783,-7.1901612],[-38.6547818,-7.1832277],[-38.636551,-7.193755],[-38.6248028,-7.1913206],[-38.6199803,-7.2201089],[-38.6473231,-7.2193884],[-38.6725453,-7.231994],[-38.7571964,-7.2379541],[-38.7746849,-7.2354393],[-38.7854347,-7.2178124],[-38.7976128,-7.2181268],[-38.8002905,-7.232693],[-38.8155883,-7.2251933],[-38.8400759,-7.2396046],[-38.852794,-7.239332],[-38.8586521,-7.2308878],[-38.8602162,-7.2417044],[-38.8687738,-7.2442215],[-38.8796551,-7.2360925],[-38.9145078,-7.2430012],[-38.9476891,-7.1419207],[-38.9252139,-7.1142086],[-38.8561528,-6.9775291]]]}},{"type":"Feature","properties":{"level":"municipio","municipality_code":"2302057","municipality_name":"Barroquinha","uf":"CE","state_code":"23","area_km2":385.59},"geometry":{"type":"Polygon","coordinates":[[[-41.1805902,-3.0417004],[-41.1892208,-3.0442028],[-41.1860011,-3.0216727],[-41.193452,-2.9983874],[-41.247878,-2.972052],[-41.3155144,-2.9615893],[-41.3226683,-2.9212078],[-41.2605616,-2.8836139],[-41.1289946,-2.8926294],[-41.1160321,-2.884872],[-41.1091396,-2.8972825],[-41.0864291,-2.9077851],[-41.0767825,-2.9286159],[-41.0664244,-2.9332481],[-41.0762263,-2.944787],[-41.0646646,-2.9623336],[-41.0747954,-2.9761463],[-41.0710984,-2.9966942],[-41.0817177,-3.0194569],[-41.1004755,-3.0295733],[-41.1032698,-3.0509402],[-41.1195762,-3.064988],[-41.1014882,-3.0938361],[-41.1511225,-3.1251171],[-41.1587107,-3.1224177],[-41.171751,-3.0845581],[-41.157618,-3.070961],[-41.1805902,-3.0417004]]]}},{"type":"Feature","properties":{"level":"municipio","municipality_code":"2302107","municipality_name":"Baturité","uf":"CE","state_code":"23","area_km2":314.075},"geometry":{"type":"Polygon","coordinates":[[[-38.8831943,-4.4320074],[-38.9126696,-4.4085555],[-38.922794,-4.4104664],[-38.9435309,-4.3867413],[-38.9200531,-4.3569908],[-38.9452652,-4.3499984],[-38.959202,-4.3568764],[-38.9468901,-4.3238467],[-38.9337008,-4.3241037],[-38.9159063,-4.2915315],[-38.9176872,-4.2751839],[-38.9249466,-4.2761886],[-38.916662,-4.2638163],[-38.8912397,-4.2770241],[-38.8919926,-4.2610447],[-38.874896,-4.261467],[-38.8735297,-4.2449692],[-38.8628393,-4.2441836],[-38.8537318,-4.2250985],[-38.8400846,-4.2326677],[-38.8408646,-4.2459532],[-38.8094547,-4.25029],[-38.8007641,-4.2724323],[-38.7816183,-4.2732655],[-38.7800806,-4.2805308],[-38.7956298,-4.2957187],[-38.7655713,-4.3055498],[-38.7951812,-4.3234345],[-38.8020634,-4.3155506],[-38.8237013,-4.3139441],[-38.8416067,-4.3611994],[-38.842272,-4.4541597],[-38.8135726,-4.441327],[-38.8338727,-4.4741593],[-38.7868444,-4.5157418],[-38.776095,-4.5165294],[-38.7736529,-4.5274435],[-38.7472496,-4.5271714],[-38.7657138,-4.623237],[-38.8005905,-4.5829249],[-38.8530722,-4.4441265],[-38.8665239,-4.429807],[-38.8831943,-4.4320074]]]}},{"type":"Feature","properties":{"level":"municipio","municipality_code":"2302206","municipality_name":"Beberibe","uf":"CE","state_code":"23","area_km2":1596.75},"geometry":{"type":"Polygon","coordinates":[[[-37.89280112372623,-4.350127336619206],[-37.81679,-4.4013788],[-37.8462909,-4.4076139],[-37.8445722,-4.4012624],[-37.8737061,-4.3998372],[-37.8708513,-4.4092124],[-37.8851768,-4.413632],[-37.8837397,-4.4058071],[-37.90491,-4.4139444],[-37.912868,-4.3997295],[-37.9504009,-4.4038327],[-37.9503761,-4.4155394],[-37.9763482,-4.4324283],[-37.9669133,-4.4646327],[-37.9537544,-4.4784022],[-37.9690188,-4.5162806],[-37.9633258,-4.5323567],[-37.9831747,-4.5451152],[-37.9840547,-4.5603038],[-37.9929923,-4.5630102],[-37.9843964,-4.5822661],[-38.0007149,-4.5977344],[-38.0128695,-4.5928159],[-38.0272724,-4.5990226],[-38.0470079,-4.5894714],[-38.0680463,-4.5947509],[-38.0843399,-4.5874884],[-38.1099968,-4.6063619],[-38.1079339,-4.617197],[-38.1478217,-4.6143104],[-38.1820574,-4.6227477],[-38.2347683,-4.5742611],[-38.3600109,-4.503622],[-38.3513418,-4.4903961],[-38.3371969,-4.4892257],[-38.3421992,-4.4774269],[-38.3334211,-4.467226],[-38.3384507,-4.4570538],[-38.326596,-4.4501888],[-38.3288603,-4.4362074],[-38.3199182,-4.4329839],[-38.3071404,-4.445538],[-38.2935743,-4.4388989],[-38.293748,-4.4188284],[-38.2689071,-4.4052543],[-38.2717576,-4.396489],[-38.2627966,-4.3940331],[-38.2496433,-4.3570533],[-38.2357366,-4.3504409],[-38.2195019,-4.3598366],[-38.2305439,-4.3231288],[-38.227413,-4.2056059],[-38.2047528,-4.1941908],[-38.181436,-4.19481],[-38.1611244,-4.148303],[-38.1609971,-4.1167869],[-38.1476893,-4.1021297],[-38.1159673,-4.1480004],[-38.0437477,-4.2192212],[-37.89280112372623,-4.350127336619206]]]}},{"type":"Feature","properties":{"level":"municipio","municipality_code":"2302305","municipality_name":"Bela Cruz","uf":"CE","state_code":"23","area_km2":842.106},"geometry":{"type":"Polygon","coordinates":[[[-40.1491573,-3.0835207],[-40.1479362,-3.1081361],[-40.2101051,-3.1540327],[-40.2365752,-3.1684128],[-40.2684158,-3.1504026],[-40.2969228,-3.2046158],[-40.319959,-3.1929168],[-40.3544509,-3.202141],[-40.3633139,-3.1847876],[-40.3645694,-3.1548411],[-40.3821231,-3.1341186],[-40.4176743,-3.1251831],[-40.435432,-3.1017968],[-40.448441,-3.0992108],[-40.4950246,-3.062025],[-40.5119172,-2.9543693],[-40.409783,-2.9662687],[-40.4101101,-2.9509711],[-40.382697,-2.9475545],[-40.3798516,-2.9600846],[-40.36175,-2.9665274],[-40.3310564,-2.9640097],[-40.3201005,-2.943769],[-40.2638884,-2.9398278],[-40.2368261,-2.9521351],[-40.1713924,-2.9420814],[-40.1693819,-2.9895795],[-40.1550701,-2.9945167],[-40.1558225,-3.0321507],[-40.1467137,-3.0423855],[-40.1215665,-3.0349948],[-40.110474,-3.0559472],[-40.0888547,-3.0727765],[-40.083848,-3.1153592],[-40.1395505,-3.0733412],[-40.1491573,-3.0835207]]]}},{"type":"Feature","properties":{"level":"municipio","municipality_code":"2302404","municipality_name":"Boa Viagem","uf":"CE","state_code":"23","area_km2":2835.037},"geometry":{"type":"Polygon","coordinates":[[[-39.5362462,-5.1188409],[-39.6239765,-5.2551586],[-39.6269863,-5.3071091],[-39.6208817,-5.3224519],[-39.6316763,-5.3249655],[-39.6313725,-5.3364463],[-39.6582019,-5.3382888],[-39.6640789,-5.3619414],[-39.7046359,-5.3619312],[-39.7235908,-5.3800312],[-39.7294642,-5.368765],[-39.7648017,-5.370269],[-39.8000192,-5.3991634],[-39.805216,-5.3851498],[-39.8168454,-5.3904164],[-39.8423371,-5.3689469],[-39.8763852,-5.3739209],[-39.8955263,-5.3965989],[-39.9125313,-5.3863147],[-39.9217065,-5.3904901],[-39.9348795,-5.3640143],[-39.9478106,-5.3600572],[-39.9427505,-5.3442573],[-39.9573729,-5.348266],[-39.9590037,-5.3395442],[-39.993126,-5.3497709],[-40.0049131,-5.339379],[-40.0160294,-5.3432896],[-40.0233567,-5.3258463],[-40.0178814,-5.3189639],[-40.0307166,-5.3109738],[-40.0274189,-5.2969526],[-40.055861,-5.2918374],[-40.056776,-5.286109],[-40.0426104,-5.2602367],[-40.0471452,-5.2394866],[-40.0226983,-5.2063146],[-40.0321822,-5.1989391],[-40.0220192,-5.1885766],[-40.041498,-5.1778786],[-40.0599291,-5.1866174],[-40.0726125,-5.1610259],[-40.0848888,-5.1713034],[-40.0976402,-5.1591164],[-40.1123124,-5.1653886],[-40.1356714,-5.1572812],[-40.1418154,-5.1656028],[-40.1600423,-5.16479],[-39.9975964,-5.0844914],[-39.9737837,-5.0498514],[-39.970487,-5.0284608],[-39.9579902,-5.0258342],[-39.968656,-4.9408443],[-39.9607216,-4.9397242],[-39.9565671,-4.9254323],[-39.9342508,-4.9247342],[-39.9289379,-4.91277],[-39.9015973,-4.9050563],[-39.892151,-4.8933868],[-39.945897,-4.8389976],[-39.949281,-4.8175296],[-39.9289841,-4.7971099],[-39.9388372,-4.7696859],[-39.9158676,-4.7884803],[-39.8843127,-4.7903707],[-39.8711288,-4.7723062],[-39.8744633,-4.7627224],[-39.862049,-4.7383606],[-39.8184102,-4.7309924],[-39.791022,-4.7541773],[-39.8067785,-4.7078],[-39.7425826,-4.7195628],[-39.7294176,-4.6959029],[-39.7333152,-4.7151036],[-39.7258151,-4.7210356],[-39.7374456,-4.7359147],[-39.7262384,-4.7495004],[-39.7258599,-4.7638026],[-39.7381644,-4.7721076],[-39.692216,-4.792119],[-39.6775045,-4.7892874],[-39.6626285,-4.8022112],[-39.6567066,-4.8351877],[-39.6428297,-4.8452268],[-39.6517979,-4.8549931],[-39.6501929,-4.8702938],[-39.6203164,-4.9053219],[-39.6069656,-4.9397567],[-39.6036566,-4.9644122],[-39.6152557,-4.9795317],[-39.5975281,-4.998716],[-39.6071537,-5.0251755],[-39.6266637,-5.0393222],[-39.633955,-5.0571996],[-39.5965979,-5.0969945],[-39.5796958,-5.0964583],[-39.5362462,-5.1188409]]]}},{"type":"Feature","properties":{"level":"municipio","municipality_code":"2302503","municipality_name":"Brejo Santo","uf":"CE","state_code":"23","area_km2":654.658},"geometry":{"type":"Polygon","coordinates":[[[-38.8823563,-7.4570869],[-38.7758625,-7.6042277],[-38.7172309,-7.626238],[-38.7372158,-7.6349321],[-38.7436595,-7.6606659],[-38.7639127,-7.6564012],[-38.7907478,-7.6711497],[-38.8196899,-7.6648277],[-38.8242413,-7.6783443],[-38.8150239,-7.6973908],[-38.8219622,-7.7147944],[-38.8461022,-7.720415],[-38.8697446,-7.7115417],[-38.8809128,-7.7249646],[-38.8813975,-7.7474323],[-38.8948106,-7.7504535],[-38.8919111,-7.6110116],[-38.9034723,-7.6159325],[-38.9134648,-7.6076477],[-38.9272404,-7.6137173],[-38.9358168,-7.6083137],[-38.948836,-7.6140704],[-38.9681146,-7.6065586],[-39.0271612,-7.634273],[-39.0299117,-7.5329789],[-39.0884097,-7.4855764],[-39.153497,-7.4509129],[-39.0938921,-7.4639031],[-39.0805746,-7.4572417],[-39.0781998,-7.4220341],[-38.9405205,-7.4279752],[-38.8823563,-7.4570869]]]}},{"type":"Feature","properties":{"level":"municipio","municipality_code":"2302602","municipality_name":"Camocim","uf":"CE","state_code":"23","area_km2":1120.449},"geometry":{"type":"Polygon","coordinates":[[[-40.8458965,-2.8845372],[-40.8017627,-2.8726713],[-40.7587106,-2.8485589],[-40.6907717,-2.8513294],[-40.6702384,-2.8434164],[-40.6433173,-2.849247],[-40.6111235,-2.8412372],[-40.6031393,-2.8482853],[-40.5831034,-2.8469997],[-40.5627393,-2.8815078],[-40.5279568,-2.8895908],[-40.5342809,-2.9161743],[-40.5247302,-2.9276575],[-40.5299411,-2.9428244],[-40.5119172,-2.9543693],[-40.4950246,-3.062025],[-40.5635847,-3.0163528],[-40.6917775,-3.0085358],[-40.8388492,-3.0362637],[-40.8799273,-3.0107798],[-40.9918486,-3.0301573],[-41.1036903,-3.0919132],[-41.1195762,-3.064988],[-41.1032698,-3.0509402],[-41.1004755,-3.0295733],[-41.0817177,-3.0194569],[-41.0710984,-2.9966942],[-41.0747954,-2.9761463],[-41.0646646,-2.9623336],[-41.0762263,-2.944787],[-41.0663065,-2.9404958],[-41.0672809,-2.9314745],[-41.108548,-2.8903758],[-41.0160625,-2.8922596],[-40.9662171,-2.8817238],[-40.9554683,-2.8720289],[-40.9145106,-2.87288],[-40.9058288,-2.8589397],[-40.8672704,-2.8623655],[-40.8634531,-2.8561783],[-40.8458965,-2.8845372]]]}},{"type":"Feature","properties":{"level":"municipio","municipality_code":"2302701","municipality_name":"Campos Sales","uf":"CE","state_code":"23","area_km2":1082.582},"geometry":{"type":"Polygon","coordinates":[[[-40.3203481,-7.1281383],[-40.4469213,-7.089293],[-40.4410436,-7.0797754],[-40.4593637,-7.0784977],[-40.4265655,-7.031445],[-40.4386846,-7.0164594],[-40.4280135,-7.0184767],[-40.4062495,-7.0053266],[-40.4298702,-6.9933431],[-40.4244739,-6.9372014],[-40.433955,-6.9021429],[-40.4285196,-6.8642545],[-40.4107554,-6.8555798],[-40.370511,-6.8031578],[-40.3523517,-6.8088255],[-40.3485056,-6.7967711],[-40.3221126,-6.8025726],[-40.3077586,-6.7861675],[-40.3006196,-6.8068088],[-40.2916159,-6.8080892],[-40.2833966,-6.7951271],[-40.2649552,-6.7966552],[-40.2420845,-6.7767853],[-40.2031268,-6.7742822],[-40.180165,-6.7594011],[-40.168392,-6.7918167],[-40.1499154,-6.7844711],[-40.1306091,-6.8035204],[-40.1441702,-6.8159117],[-40.1469975,-6.8305866],[-40.0872855,-6.8466568],[-40.0771628,-6.8566974],[-40.125545,-6.8869545],[-40.0805491,-6.9154466],[-40.0569817,-6.9190292],[-40.0664545,-6.9650348],[-40.0749002,-6.9822104],[-40.0961045,-6.9877531],[-40.0964041,-7.0098221],[-40.1203728,-7.0245559],[-40.133879,-7.0009636],[-40.1559665,-7.0151107],[-40.2131401,-7.0293568],[-40.2478897,-7.0550666],[-40.2520463,-7.0678788],[-40.3239014,-7.0819712],[-40.3203481,-7.1281383]]]}},{"type":"Feature","properties":{"level":"municipio","municipality_code":"2302800","municipality_name":"Canindé","uf":"CE","state_code":"23","area_km2":3032.39},"geometry":{"type":"Polygon","coordinates":[[[-39.3345488,-4.1939933],[-39.2403873,-4.2835814],[-39.2145134,-4.284605],[-39.2076949,-4.3063895],[-39.1914075,-4.3082075],[-39.1900405,-4.3314938],[-39.1661296,-4.3836283],[-39.0943607,-4.3868618],[-39.0992412,-4.3938533],[-39.0900617,-4.4132312],[-39.0789046,-4.4057612],[-39.0787889,-4.4174359],[-39.0525052,-4.4394389],[-39.0524071,-4.451769],[-39.0283578,-4.4603347],[-39.0850401,-4.4716475],[-39.0791882,-4.4856205],[-39.0886696,-4.4937395],[-39.0824397,-4.5041025],[-39.0858666,-4.5370683],[-39.0762705,-4.5385616],[-39.0655891,-4.5611042],[-39.1297993,-4.6281468],[-39.1600843,-4.6355238],[-39.1781444,-4.6552113],[-39.1996144,-4.6446812],[-39.2044712,-4.6527627],[-39.2189787,-4.6540538],[-39.2386051,-4.6435052],[-39.2783319,-4.6494267],[-39.2926642,-4.6634426],[-39.304866,-4.70743],[-39.3632364,-4.7386274],[-39.3731097,-4.7130052],[-39.3816996,-4.7128872],[-39.3791707,-4.694257],[-39.3875249,-4.6979508],[-39.4009954,-4.6865633],[-39.4185378,-4.6874375],[-39.4268052,-4.6777817],[-39.4206845,-4.6470464],[-39.4534879,-4.5957136],[-39.4435138,-4.5751928],[-39.4521719,-4.5617509],[-39.4641377,-4.5658025],[-39.4668799,-4.5391581],[-39.4822843,-4.5277338],[-39.4851128,-4.4992187],[-39.5044961,-4.4683808],[-39.521793,-4.4986153],[-39.5328936,-4.4686592],[-39.5414426,-4.4651881],[-39.5388639,-4.4871409],[-39.5729294,-4.4702604],[-39.6072699,-4.5026383],[-39.6282394,-4.505126],[-39.6366638,-4.4967451],[-39.661458,-4.5175976],[-39.6750861,-4.5139212],[-39.6774347,-4.530904],[-39.7092221,-4.5328021],[-39.7044186,-4.5441222],[-39.7458017,-4.544763],[-39.7646208,-4.5340034],[-39.7682105,-4.5236467],[-39.7466469,-4.4901948],[-39.7373968,-4.4936451],[-39.7206744,-4.4815086],[-39.7338564,-4.4641706],[-39.7293595,-4.4483914],[-39.7381795,-4.4227646],[-39.754007,-4.3995838],[-39.7325794,-4.3984599],[-39.7249061,-4.3790197],[-39.7096287,-4.3787277],[-39.7141928,-4.354633],[-39.7082775,-4.3488168],[-39.7254587,-4.3444119],[-39.734527,-4.3331874],[-39.725968,-4.3093502],[-39.7392076,-4.2941142],[-39.7301933,-4.2748733],[-39.765808,-4.2480042],[-39.7900547,-4.1931],[-39.7730595,-4.1769337],[-39.7688957,-4.1588194],[-39.7574757,-4.157854],[-39.7557563,-4.1346187],[-39.7386701,-4.1091063],[-39.718173,-4.0965503],[-39.7053409,-4.1046499],[-39.7034473,-4.0908435],[-39.6819185,-4.0766655],[-39.6649485,-4.0816739],[-39.6660476,-4.068058],[-39.628603,-4.0695961],[-39.6252715,-4.0791488],[-39.6081663,-4.0825821],[-39.5976456,-4.0944245],[-39.5754867,-4.091776],[-39.5574015,-4.1013389],[-39.5326814,-4.0844392],[-39.5471042,-4.1100905],[-39.5524518,-4.1517571],[-39.541285,-4.1622509],[-39.5597229,-4.1812318],[-39.5700554,-4.21919],[-39.5531251,-4.2209678],[-39.530513,-4.2386346],[-39.5078818,-4.2405642],[-39.5053293,-4.2674919],[-39.4916486,-4.2905923],[-39.3345488,-4.1939933]]]}},{"type":"Feature","properties":{"level":"municipio","municipality_code":"2302909","municipality_name":"Capistrano","uf":"CE","state_code":"23","area_km2":226.549},"geometry":{"type":"Polygon","coordinates":[[[-38.9337724,-4.5157652],[-38.9363942,-4.4967734],[-38.9479771,-4.4876938],[-38.9840772,-4.4960752],[-38.9989875,-4.4796798],[-38.9932708,-4.4518866],[-38.9740647,-4.4396489],[-38.9830327,-4.3808316],[-38.9511427,-4.3569702],[-38.9524845,-4.3501664],[-38.9200531,-4.3569908],[-38.9435309,-4.3867413],[-38.922794,-4.4104664],[-38.9126696,-4.4085555],[-38.8868731,-4.4307905],[-38.8665239,-4.429807],[-38.8530722,-4.4441265],[-38.8005905,-4.5829249],[-38.8222796,-4.5757306],[-38.839562,-4.5832701],[-38.8380408,-4.550333],[-38.865746,-4.5507919],[-38.8732624,-4.5262863],[-38.9007435,-4.5281358],[-38.9180345,-4.5121942],[-38.9337724,-4.5157652]]]}},{"type":"Feature","properties":{"level":"municipio","municipality_code":"2303006","municipality_name":"Caridade","uf":"CE","state_code":"23","area_km2":926.271},"geometry":{"type":"Polygon","coordinates":[[[-39.1914075,-4.3082075],[-39.2076949,-4.3063895],[-39.2145134,-4.284605],[-39.2403873,-4.2835814],[-39.3391937,-4.1907482],[-39.3340755,-4.1832209],[-39.3173776,-4.1824863],[-39.3119648,-4.1710226],[-39.3091959,-4.1782445],[-39.2049214,-4.1758723],[-39.2068216,-4.1317344],[-39.1605931,-4.1266796],[-39.1552921,-4.0981634],[-39.1722942,-4.0927383],[-39.1813288,-4.0670066],[-39.2036807,-4.046781],[-39.0638732,-4.0664676],[-39.0277519,-4.0631345],[-39.0035461,-3.9917706],[-38.9841596,-4.0443863],[-38.9565973,-4.0728241],[-38.9576779,-4.0993957],[-38.9487176,-4.1032483],[-38.9450682,-4.0968591],[-38.9386068,-4.1087629],[-38.9403387,-4.126769],[-38.9479788,-4.1314597],[-38.9293538,-4.1362638],[-38.9546703,-4.1370059],[-38.9590172,-4.1447134],[-38.9610598,-4.1717824],[-38.9502803,-4.1821071],[-38.9611267,-4.183331],[-38.9623911,-4.1905974],[-38.9753097,-4.186576],[-38.9828346,-4.2046116],[-39.0061409,-4.2118777],[-39.0054756,-4.2264117],[-39.0268347,-4.2279631],[-39.0032115,-4.2332866],[-38.9947304,-4.248927],[-39.0149954,-4.2529477],[-39.0192516,-4.2575922],[-39.0018864,-4.253501],[-38.9922383,-4.2611306],[-39.0033297,-4.26113],[-39.0115898,-4.2885468],[-39.0151095,-4.2646697],[-39.0201591,-4.2769433],[-39.0325316,-4.2781596],[-39.021636,-4.2886652],[-39.0413862,-4.2891045],[-39.0354275,-4.2922005],[-39.0461563,-4.3093395],[-39.0376453,-4.3071273],[-39.0381115,-4.3192674],[-39.0262603,-4.3184507],[-39.0250981,-4.3310576],[-39.0389272,-4.3495002],[-39.0536085,-4.3520852],[-39.0504329,-4.3588374],[-39.0576395,-4.3651395],[-39.070535,-4.3527675],[-39.0625169,-4.3623397],[-39.0730914,-4.3666573],[-39.0584497,-4.3754138],[-39.065424,-4.3793826],[-39.0629855,-4.3971251],[-39.085879,-4.3943217],[-39.0937793,-4.3818302],[-39.0943607,-4.3868618],[-39.1661296,-4.3836283],[-39.1900405,-4.3314938],[-39.1914075,-4.3082075]]]}},{"type":"Feature","properties":{"level":"municipio","municipality_code":"2303204","municipality_name":"Caririaçu","uf":"CE","state_code":"23","area_km2":634.179},"geometry":{"type":"Polygon","coordinates":[[[-39.2883124,-7.1063609],[-39.340161,-7.1086095],[-39.3369858,-7.0995435],[-39.359346,-7.0746664],[-39.3573458,-7.0660482],[-39.3650692,-7.0653286],[-39.3615588,-7.0576387],[-39.3691765,-7.0643909],[-39.3790392,-7.0570848],[-39.3959913,-7.0662527],[-39.3955372,-7.06018],[-39.4123333,-7.0644868],[-39.4223301,-7.0589414],[-39.427801,-7.0656294],[-39.4558201,-7.066279],[-39.4523343,-7.0092909],[-39.4356126,-6.9633938],[-39.4226767,-6.9621811],[-39.3949687,-6.9223687],[-39.3358192,-6.9079967],[-39.3478814,-6.9415038],[-39.32919,-6.9674596],[-39.3278009,-6.9859289],[-39.3209734,-6.9332754],[-39.2950864,-6.9388699],[-39.2464979,-6.9353213],[-39.2355945,-6.9282671],[-39.1159858,-6.9428002],[-39.1070126,-6.9634723],[-39.1299663,-6.9804974],[-39.1490215,-6.9832652],[-39.1624223,-7.0060679],[-39.1392583,-7.0706685],[-39.1104127,-7.0882748],[-39.1300184,-7.1276223],[-39.1626197,-7.1326228],[-39.1918233,-7.1509799],[-39.2096579,-7.125204],[-39.2416728,-7.132947],[-39.2366256,-7.1232857],[-39.2663831,-7.0940454],[-39.2811265,-7.0926783],[-39.2883124,-7.1063609]]]}},{"type":"Feature","properties":{"level":"municipio","municipality_code":"2303105","municipality_name":"Cariré","uf":"CE","state_code":"23","area_km2":755.597},"geometry":{"type":"Polygon","coordinates":[[[-40.4711986,-4.085938],[-40.5126856,-4.0462845],[-40.5679099,-4.0468602],[-40.6391965,-4.0158238],[-40.6431858,-4.0065394],[-40.6357992,-3.9974025],[-40.6671199,-3.9859261],[-40.6553089,-3.943919],[-40.7130751,-3.9181004],[-40.7114328,-3.8787695],[-40.6696227,-3.8484872],[-40.6792317,-3.8417563],[-40.6564561,-3.8312028],[-40.6457079,-3.8406441],[-40.6226526,-3.8254404],[-40.6142853,-3.8425371],[-40.5940211,-3.8467506],[-40.5819929,-3.8605673],[-40.5006051,-3.8524319],[-40.4953508,-3.8434247],[-40.4454346,-3.8348353],[-40.4156697,-3.8064802],[-40.4072641,-3.92899],[-40.3956789,-3.9420578],[-40.3995676,-3.9532849],[-40.392406,-3.9739159],[-40.3708391,-3.9959733],[-40.3717367,-4.0145706],[-40.3601696,-4.0319041],[-40.3735399,-4.0918512],[-40.4711986,-4.085938]]]}},{"type":"Feature","properties":{"level":"municipio","municipality_code":"2303303","municipality_name":"Cariús","uf":"CE","state_code":"23","area_km2":1036.417},"geometry":{"type":"Polygon","coordinates":[[[-39.4398015,-6.7900122],[-39.4781522,-6.75556],[-39.4952694,-6.751475],[-39.5103891,-6.7767447],[-39.543992,-6.7681395],[-39.5502139,-6.7775743],[-39.6157552,-6.7884553],[-39.5978759,-6.7498838],[-39.6112025,-6.7480588],[-39.6049584,-6.7362438],[-39.6178076,-6.7427541],[-39.6270339,-6.7334528],[-39.6451311,-6.7373951],[-39.6385182,-6.72325],[-39.6657878,-6.6372896],[-39.701757,-6.6453925],[-39.7091829,-6.6361211],[-39.7309577,-6.6407639],[-39.7374069,-6.6332039],[-39.7146994,-6.6220814],[-39.6777669,-6.6228422],[-39.5899595,-6.5744475],[-39.5838474,-6.5780225],[-39.538849,-6.5597246],[-39.4924229,-6.5121414],[-39.4619395,-6.5101234],[-39.4554885,-6.4943242],[-39.4414079,-6.4924148],[-39.420962,-6.4627684],[-39.3859197,-6.464494],[-39.3750026,-6.4748336],[-39.3538583,-6.4662279],[-39.3480752,-6.4852674],[-39.3559755,-6.486949],[-39.3587621,-6.5088175],[-39.3424215,-6.5344192],[-39.2813195,-6.5257637],[-39.2962304,-6.5695317],[-39.3128314,-6.5845434],[-39.3086284,-6.6091887],[-39.2964426,-6.6075008],[-39.2794507,-6.6292071],[-39.2812257,-6.6482299],[-39.2894524,-6.65622],[-39.2904502,-6.6745421],[-39.3166699,-6.6842983],[-39.3187493,-6.7027408],[-39.3363394,-6.7247966],[-39.3249752,-6.7367838],[-39.2988109,-6.7412477],[-39.2996134,-6.7513848],[-39.3292286,-6.7708833],[-39.3396732,-6.7656014],[-39.3592841,-6.7710112],[-39.3671481,-6.7629093],[-39.3840758,-6.7691836],[-39.3985658,-6.7552797],[-39.418648,-6.7825423],[-39.4398015,-6.7900122]]]}},{"type":"Feature","properties":{"level":"municipio","municipality_code":"2303402","municipality_name":"Carnaubal","uf":"CE","state_code":"23","area_km2":363.212},"geometry":{"type":"Polygon","coordinates":[[[-40.9407915,-4.057602],[-40.8912285,-4.1097364],[-40.8867056,-4.1415279],[-40.9753765,-4.2302113],[-41.0061936,-4.1899021],[-41.0175087,-4.2003039],[-41.0740564,-4.2004582],[-41.0986531,-4.1812304],[-41.0908856,-4.1703318],[-41.1183295,-4.1652241],[-41.1281146,-4.1393244],[-41.1431399,-4.1242337],[-41.0951049,-4.0618897],[-41.0680739,-4.0496383],[-41.0333816,-4.0669005],[-40.9777713,-4.0546355],[-40.9407915,-4.057602]]]}},{"type":"Feature","properties":{"level":"municipio","municipality_code":"2303501","municipality_name":"Cascavel","uf":"CE","state_code":"23","area_km2":838.115},"geometry":{"type":"Polygon","coordinates":[[[-38.2236009,-4.0070799],[-38.1476893,-4.1021297],[-38.1609971,-4.1167869],[-38.1611244,-4.148303],[-38.1728661,-4.162709],[-38.168748,-4.1753953],[-38.1819775,-4.1952907],[-38.2047528,-4.1941908],[-38.227413,-4.2056059],[-38.2305439,-4.3231288],[-38.2195019,-4.3598366],[-38.2357366,-4.3504409],[-38.2496433,-4.3570533],[-38.2627966,-4.3940331],[-38.2717576,-4.396489],[-38.2689071,-4.4052543],[-38.293748,-4.4188284],[-38.2935743,-4.4388989],[-38.3071404,-4.445538],[-38.3199182,-4.4329839],[-38.3288603,-4.4362074],[-38.326596,-4.4501888],[-38.3384507,-4.4570538],[-38.3334211,-4.467226],[-38.3421992,-4.4774269],[-38.3371969,-4.4892257],[-38.3513418,-4.4903961],[-38.3603824,-4.5014681],[-38.3624691,-4.4688549],[-38.4474702,-4.3714825],[-38.4294377,-4.3569339],[-38.4103941,-4.3600612],[-38.380428,-4.3509651],[-38.3897762,-4.2634902],[-38.359625,-4.2667286],[-38.3842914,-4.23384],[-38.3800035,-4.2192322],[-38.3928506,-4.223148],[-38.3702716,-4.0655868],[-38.348847,-4.0881209],[-38.2947574,-4.0952365],[-38.2840929,-4.1035659],[-38.2946619,-4.0615137],[-38.2628281,-4.073369],[-38.2568876,-4.0443165],[-38.2356646,-4.0399419],[-38.2364026,-4.0227746],[-38.2236009,-4.0070799]]]}},{"type":"Feature","properties":{"level":"municipio","municipality_code":"2303600","municipality_name":"Catarina","uf":"CE","state_code":"23","area_km2":488.153},"geometry":{"type":"Polygon","coordinates":[[[-39.7932978,-6.1573637],[-39.7978114,-6.2062518],[-39.7892953,-6.2064763],[-39.7864924,-6.2206107],[-39.7964412,-6.2416476],[-39.8078066,-6.2462571],[-39.8087924,-6.2646601],[-39.8168351,-6.263166],[-39.8211652,-6.2881262],[-39.8381985,-6.2967655],[-39.8304299,-6.3072569],[-39.8527868,-6.3572141],[-39.8946725,-6.3680162],[-39.8946634,-6.3622735],[-39.9244331,-6.3519432],[-39.9247209,-6.3404545],[-39.9466273,-6.3311321],[-39.9744337,-6.33855],[-39.9921562,-6.3270284],[-40.0013031,-6.3336616],[-40.029837,-6.3310859],[-40.0565763,-6.3637812],[-40.0841055,-6.3674083],[-40.0705118,-6.3547515],[-40.0800471,-6.3465282],[-40.0628555,-6.3297303],[-40.0605789,-6.304117],[-40.0456474,-6.3005336],[-40.0503088,-6.2814393],[-40.025485,-6.2775479],[-40.0162943,-6.2236561],[-40.0007498,-6.2158742],[-39.9869311,-6.2207814],[-39.9480407,-6.1964788],[-39.9153953,-6.1895567],[-39.9187345,-6.1822457],[-39.8939605,-6.1558789],[-39.9012282,-6.1448104],[-39.8925117,-6.1138704],[-39.8641077,-6.1243534],[-39.851381,-6.1140157],[-39.8319813,-6.1342295],[-39.8181972,-6.1243441],[-39.7932978,-6.1573637]]]}},{"type":"Feature","properties":{"level":"municipio","municipality_code":"2303659","municipality_name":"Catunda","uf":"CE","state_code":"23","area_km2":784.022},"geometry":{"type":"Polygon","coordinates":[[[-40.2048172,-4.7904111],[-40.2730731,-4.7700619],[-40.2795245,-4.7520462],[-40.3139686,-4.7282035],[-40.3035277,-4.7207207],[-40.3153426,-4.7076104],[-40.308104,-4.6920045],[-40.3213658,-4.6900057],[-40.3204731,-4.6788943],[-40.3423231,-4.6556126],[-40.3334616,-4.65266],[-40.3311642,-4.6392183],[-40.3164608,-4.6361551],[-40.3188369,-4.6226304],[-40.3036235,-4.6042825],[-40.2937135,-4.6003777],[-40.2677521,-4.6105506],[-40.247392,-4.6053981],[-40.2359618,-4.5923846],[-40.243449,-4.5768112],[-40.2326021,-4.5618968],[-40.2440444,-4.5512464],[-40.24063,-4.5292903],[-40.2678628,-4.508569],[-40.2572936,-4.4884703],[-40.2443979,-4.486066],[-40.2544465,-4.4720502],[-40.2078075,-4.4651598],[-40.1837033,-4.5081611],[-40.157501,-4.5035235],[-40.1322601,-4.5094193],[-40.1215302,-4.5031673],[-40.1107355,-4.5111918],[-40.0968629,-4.506009],[-40.097624,-4.4853454],[-40.0417001,-4.4514076],[-40.0225895,-4.4618679],[-40.001542,-4.48844],[-40.0063309,-4.5178998],[-40.0377679,-4.5680641],[-40.0360129,-4.5790665],[-40.0586017,-4.5681545],[-40.0754426,-4.5876699],[-40.1109516,-4.5936324],[-40.1212248,-4.6102472],[-40.1065999,-4.6248757],[-40.102669,-4.6617344],[-40.0800446,-4.6780917],[-40.0872016,-4.6849766],[-40.0819241,-4.6969266],[-40.0616875,-4.6997653],[-40.0676524,-4.7065227],[-40.0594998,-4.7168073],[-40.1198853,-4.7480289],[-40.1361009,-4.8129321],[-40.154248,-4.8100618],[-40.1855895,-4.783422],[-40.2048172,-4.7904111]]]}},{"type":"Feature","properties":{"level":"municipio","municipality_code":"2303709","municipality_name":"Caucaia","uf":"CE","state_code":"23","area_km2":1223.2},"geometry":{"type":"Polygon","coordinates":[[[-38.7202098,-3.6288453],[-38.6524047,-3.682156],[-38.5875832,-3.696406],[-38.6225192,-3.7033297],[-38.6004595,-3.7468205],[-38.6458702,-3.8085504],[-38.6412703,-3.8235658],[-38.6695509,-3.8276151],[-38.696466,-3.8683729],[-38.7162413,-3.8819636],[-38.736396,-3.9294259],[-38.7432593,-3.9351518],[-38.7559906,-3.9278093],[-38.7877198,-3.9666437],[-38.8116313,-3.9619419],[-38.8483332,-3.9948709],[-38.8716433,-3.9687314],[-38.9454777,-3.9444421],[-38.9624541,-3.9232132],[-38.9610764,-3.9058543],[-38.9803809,-3.894059],[-38.9842921,-3.8623838],[-38.9982589,-3.8491051],[-38.9996411,-3.8364904],[-38.9833871,-3.8161399],[-38.9784695,-3.7787411],[-38.95604,-3.7651116],[-38.9516292,-3.7236865],[-38.9615086,-3.7119819],[-38.9402041,-3.6832336],[-38.920866,-3.6846008],[-38.9183502,-3.6666526],[-38.8816278,-3.6854159],[-38.8318923,-3.5707607],[-38.8065572,-3.5486438],[-38.7628631,-3.6055235],[-38.7202098,-3.6288453]]]}},{"type":"Feature","properties":{"level":"municipio","municipality_code":"2303808","municipality_name":"Cedro","uf":"CE","state_code":"23","area_km2":729.97},"geometry":{"type":"Polygon","coordinates":[[[-38.9510206,-6.6438774],[-38.9716736,-6.6604623],[-39.0026662,-6.6576906],[-39.04679,-6.6751874],[-39.0521517,-6.6604455],[-39.0610931,-6.6636529],[-39.0458631,-6.6957664],[-39.0906561,-6.7127524],[-39.1231575,-6.7131024],[-39.14397,-6.6717425],[-39.1746852,-6.6711611],[-39.174311,-6.6456072],[-39.1838655,-6.6413714],[-39.1731523,-6.6227204],[-39.1785815,-6.613311],[-39.2098737,-6.6078133],[-39.2211073,-6.5892105],[-39.2368343,-6.5889598],[-39.2984225,-6.5616827],[-39.2813195,-6.5257637],[-39.2510891,-6.5264663],[-39.2256952,-6.5175941],[-39.2310328,-6.4924192],[-39.2119445,-6.4876575],[-39.2060888,-6.464349],[-39.1839427,-6.4526907],[-39.1448865,-6.44159],[-39.1442612,-6.4536614],[-39.1337692,-6.4623244],[-39.1094755,-6.466433],[-39.1029675,-6.457466],[-39.0920375,-6.4586813],[-39.0936729,-6.4520655],[-39.0607949,-6.4454983],[-38.9580643,-6.5270087],[-38.9177712,-6.549606],[-38.9249024,-6.5578261],[-38.9193707,-6.5775952],[-38.9246868,-6.6111779],[-38.9482295,-6.6304704],[-38.9510206,-6.6438774]]]}},{"type":"Feature","properties":{"level":"municipio","municipality_code":"2303907","municipality_name":"Chaval","uf":"CE","state_code":"23","area_km2":237.24},"geometry":{"type":"Polygon","coordinates":[[[-41.2557405,-3.0832395],[-41.2613493,-3.0500598],[-41.2479121,-3.0269342],[-41.2706947,-2.9717489],[-41.247878,-2.972052],[-41.193452,-2.9983874],[-41.1860011,-3.0216727],[-41.1892208,-3.0442028],[-41.1805902,-3.0417004],[-41.157618,-3.070961],[-41.1717553,-3.0859035],[-41.168399,-3.1060222],[-41.1511225,-3.1251171],[-41.2374287,-3.1795118],[-41.3261357,-3.175806],[-41.3274802,-3.1594768],[-41.3188243,-3.1448185],[-41.2851365,-3.1136944],[-41.2850581,-3.1015073],[-41.2714547,-3.1000814],[-41.2557405,-3.0832395]]]}},{"type":"Feature","properties":{"level":"municipio","municipality_code":"2303956","municipality_name":"Chorozinho","uf":"CE","state_code":"23","area_km2":296.431},"geometry":{"type":"Polygon","coordinates":[[[-38.5343856,-4.3673634],[-38.5484115,-4.3230636],[-38.5539364,-4.2833289],[-38.5478204,-4.2715208],[-38.5672293,-4.2500088],[-38.5680908,-4.2328549],[-38.5314559,-4.2325921],[-38.5246938,-4.225892],[-38.4645896,-4.2454331],[-38.4473606,-4.240266],[-38.4443095,-4.2298435],[-38.3800035,-4.2192322],[-38.3842914,-4.23384],[-38.359625,-4.2667286],[-38.3897762,-4.2634902],[-38.380428,-4.3509651],[-38.4103941,-4.3600612],[-38.4294377,-4.3569339],[-38.4474702,-4.3714825],[-38.4368197,-4.3838672],[-38.4433967,-4.4090827],[-38.4716876,-4.3904608],[-38.4940945,-4.3887928],[-38.5343856,-4.3673634]]]}},{"type":"Feature","properties":{"level":"municipio","municipality_code":"2303931","municipality_name":"Choró","uf":"CE","state_code":"23","area_km2":815.268},"geometry":{"type":"Polygon","coordinates":[[[-39.242134,-4.6444056],[-39.2189787,-4.6540538],[-39.1989017,-4.6447442],[-39.1781444,-4.6552113],[-39.1600843,-4.6355238],[-39.1200918,-4.6253613],[-39.1127236,-4.6432098],[-39.100962,-4.6361265],[-39.0955718,-4.6439289],[-39.0784432,-4.6386157],[-39.064549,-4.6540036],[-39.0480102,-4.639902],[-39.025163,-4.6398613],[-39.0065561,-4.6507961],[-38.9940678,-4.6465863],[-38.9767723,-4.6603462],[-38.9780737,-4.6678658],[-38.9924881,-4.6663456],[-38.9995519,-4.673706],[-39.0075951,-4.6657957],[-39.0349021,-4.6678286],[-39.044389,-4.6949142],[-39.0421006,-4.7158256],[-39.072671,-4.7263206],[-39.1041273,-4.7618331],[-39.0857525,-4.7632815],[-39.0742176,-4.7734736],[-39.0707094,-4.7655721],[-39.057196,-4.7658681],[-39.0388686,-4.7816685],[-39.0665558,-4.7993747],[-39.0703376,-4.8207457],[-39.0853894,-4.824252],[-39.0776838,-4.8268438],[-39.0807253,-4.840849],[-39.0880484,-4.8322382],[-39.1013529,-4.8339543],[-39.1053746,-4.8468806],[-39.1126485,-4.837735],[-39.1211843,-4.8405995],[-39.1205502,-4.8625818],[-39.1526852,-4.9042306],[-39.1626531,-4.9065649],[-39.1660278,-4.9253875],[-39.1989274,-4.966079],[-39.2151738,-4.9568267],[-39.2249775,-4.9612602],[-39.224329,-4.9504327],[-39.2429242,-4.9400585],[-39.2534958,-4.9190517],[-39.2854005,-4.8931461],[-39.2860933,-4.8802377],[-39.3000809,-4.8801769],[-39.2967473,-4.8550486],[-39.3037409,-4.8435461],[-39.3335995,-4.8351321],[-39.3462052,-4.7762584],[-39.2907539,-4.7384449],[-39.2970276,-4.7256956],[-39.3186507,-4.7233595],[-39.3556832,-4.7518762],[-39.3725982,-4.7315551],[-39.3669928,-4.7249762],[-39.3616854,-4.7382273],[-39.3072823,-4.7091852],[-39.2822389,-4.6515254],[-39.242134,-4.6444056]]]}},{"type":"Feature","properties":{"level":"municipio","municipality_code":"2304004","municipality_name":"Coreaú","uf":"CE","state_code":"23","area_km2":750.333},"geometry":{"type":"Polygon","coordinates":[[[-40.6701492,-3.5298806],[-40.5588816,-3.5304372],[-40.5539656,-3.5381367],[-40.5669756,-3.5487843],[-40.5698494,-3.5636261],[-40.5968912,-3.5676128],[-40.5994472,-3.5727115],[-40.5892065,-3.5748835],[-40.6053485,-3.5823432],[-40.6038207,-3.60578],[-40.6148589,-3.6070472],[-40.6036153,-3.6200634],[-40.5887806,-3.6199884],[-40.5944122,-3.6289929],[-40.5889875,-3.6394902],[-40.5803211,-3.6369616],[-40.5784208,-3.6446265],[-40.5486593,-3.6536704],[-40.6105111,-3.6499619],[-40.6557295,-3.7972558],[-40.7153613,-3.8060479],[-40.7127811,-3.8148648],[-40.7405763,-3.8288968],[-40.7661721,-3.8631114],[-40.7938303,-3.8316485],[-40.7919356,-3.8226148],[-40.7825977,-3.8216757],[-40.7756461,-3.7982236],[-40.7863388,-3.7704955],[-40.7785773,-3.7578311],[-40.7831103,-3.7428638],[-40.7674239,-3.7162715],[-40.7336264,-3.6890036],[-40.7662521,-3.6484023],[-40.8286627,-3.6336922],[-40.8500491,-3.647086],[-40.8613139,-3.6477325],[-40.8664529,-3.6397192],[-40.8743674,-3.65649],[-40.8909351,-3.6679472],[-40.9040368,-3.5753322],[-40.8924672,-3.5591284],[-40.8568439,-3.5359012],[-40.7619274,-3.5050728],[-40.706548,-3.5211029],[-40.6916224,-3.5101217],[-40.6715226,-3.5117617],[-40.6701492,-3.5298806]]]}},{"type":"Feature","properties":{"level":"municipio","municipality_code":"2304103","municipality_name":"Crateús","uf":"CE","state_code":"23","area_km2":2981.461},"geometry":{"type":"Polygon","coordinates":[[[-40.7154612,-4.9463201],[-40.6514751,-4.9862291],[-40.6355716,-4.9247458],[-40.59643,-4.9574087],[-40.5666149,-5.0198463],[-40.537985,-5.0127689],[-40.5056311,-5.0240343],[-40.4949494,-5.0368396],[-40.4583854,-5.0456003],[-40.4437824,-5.0350907],[-40.4196061,-5.073777],[-40.3996982,-5.0928652],[-40.3732652,-5.1039803],[-40.4142113,-5.2283501],[-40.4793022,-5.2743236],[-40.5243721,-5.3897682],[-40.5389565,-5.3894844],[-40.5488005,-5.398806],[-40.5548039,-5.4266755],[-40.6457774,-5.4266554],[-40.659516,-5.4483141],[-40.6851312,-5.4507245],[-40.6830491,-5.4701424],[-40.7240839,-5.4634247],[-40.7377119,-5.4837949],[-40.7614994,-5.4753365],[-40.7739312,-5.4932605],[-40.7975579,-5.495692],[-40.8115957,-5.4898882],[-40.8144466,-5.4779603],[-40.8465523,-5.4789613],[-40.8619457,-5.4930125],[-40.8755281,-5.4919986],[-40.9021287,-5.4771586],[-40.9297758,-5.4938229],[-40.9161925,-5.4638215],[-40.9435309,-5.4216436],[-40.9176992,-5.4162908],[-40.9115494,-5.4073766],[-40.9361032,-5.3659675],[-40.9121249,-5.3142041],[-40.9269076,-5.2969667],[-40.9242433,-5.2748372],[-40.9117131,-5.2666535],[-40.9422302,-5.2404746],[-40.922028,-5.2264511],[-40.9319989,-5.2012637],[-40.9256074,-5.1768534],[-40.9344911,-5.1673759],[-40.9493202,-5.1668764],[-40.9646309,-5.1500835],[-40.9824624,-5.1535227],[-40.9886036,-5.1387467],[-41.0118358,-5.1236011],[-41.0140752,-5.1058054],[-41.0264052,-5.1096969],[-41.034001,-5.0910642],[-41.0524138,-5.1034029],[-41.0801251,-5.0910925],[-41.0970052,-5.0531485],[-41.1320192,-5.0485713],[-41.1296202,-5.0399814],[-41.1216778,-5.0260174],[-41.0506227,-5.0262454],[-40.8274837,-4.9783111],[-40.7154612,-4.9463201]]]}},{"type":"Feature","properties":{"level":"municipio","municipality_code":"2304202","municipality_name":"Crato","uf":"CE","state_code":"23","area_km2":1138.15},"geometry":{"type":"Polygon","coordinates":[[[-39.3639819,-7.2128991],[-39.3467002,-7.2655077],[-39.3614308,-7.2736173],[-39.3755308,-7.305138],[-39.4010693,-7.3071544],[-39.4462942,-7.335859],[-39.4450564,-7.5725434],[-39.4716808,-7.5758006],[-39.4851642,-7.534449],[-39.4573058,-7.506183],[-39.4607476,-7.471219],[-39.4897325,-7.4724233],[-39.5023605,-7.4641484],[-39.5432491,-7.4847605],[-39.5574548,-7.4725449],[-39.5715905,-7.4298313],[-39.6000662,-7.4280277],[-39.5994946,-7.0800773],[-39.577465,-7.074524],[-39.583365,-7.0477852],[-39.5767739,-7.0174647],[-39.5164217,-7.0016559],[-39.5014539,-7.0123383],[-39.4523343,-7.0092909],[-39.4551188,-7.0669432],[-39.427801,-7.0656294],[-39.4223301,-7.0589414],[-39.4123333,-7.0644868],[-39.3955372,-7.06018],[-39.3959913,-7.0662527],[-39.3790392,-7.0570848],[-39.3691765,-7.0643909],[-39.35992,-7.0584337],[-39.3650692,-7.0653286],[-39.3573458,-7.0660482],[-39.359346,-7.0746664],[-39.3368321,-7.1006101],[-39.3431314,-7.1410598],[-39.3667035,-7.1641056],[-39.3639819,-7.2128991]]]}},{"type":"Feature","properties":{"level":"municipio","municipality_code":"2304236","municipality_name":"Croatá","uf":"CE","state_code":"23","area_km2":696.351},"geometry":{"type":"Polygon","coordinates":[[[-40.8098104,-4.433851],[-40.8256107,-4.4585896],[-40.8887527,-4.4719645],[-41.025272,-4.4547719],[-41.0612564,-4.4737944],[-41.1252622,-4.4827529],[-41.1464351,-4.4690851],[-41.1775718,-4.4676776],[-41.1784823,-4.4593849],[-41.1771347,-4.4412669],[-41.1596905,-4.410555],[-41.1618275,-4.3872873],[-41.1499112,-4.3680898],[-41.1403242,-4.3700436],[-41.007404,-4.2729825],[-40.9273648,-4.2895106],[-40.8842185,-4.3177437],[-40.8751259,-4.3145312],[-40.8767762,-4.3233973],[-40.8595816,-4.3152933],[-40.8701052,-4.3040238],[-40.8535215,-4.2968666],[-40.8398223,-4.3105085],[-40.8471851,-4.3214153],[-40.8024779,-4.3451905],[-40.8000836,-4.362103],[-40.7616876,-4.3547057],[-40.7735041,-4.3686357],[-40.7702828,-4.3807187],[-40.7823618,-4.3883853],[-40.787092,-4.4043956],[-40.7791123,-4.4086255],[-40.8098104,-4.433851]]]}},{"type":"Feature","properties":{"level":"municipio","municipality_code":"2304251","municipality_name":"Cruz","uf":"CE","state_code":"23","area_km2":335.921},"geometry":{"type":"Polygon","coordinates":[[[-40.1470812,-2.8957864],[-40.1701666,-2.9440894],[-40.2368261,-2.9521351],[-40.2638884,-2.9398278],[-40.3201005,-2.943769],[-40.3220166,-2.956515],[-40.337865,-2.9648162],[-40.3721958,-2.9649838],[-40.382697,-2.9475545],[-40.4179092,-2.9514692],[-40.4330054,-2.9413022],[-40.4323944,-2.9010109],[-40.452033,-2.8897962],[-40.4478967,-2.8482886],[-40.4588644,-2.8094573],[-40.4558941,-2.8031943],[-40.412154,-2.8129832],[-40.3701521,-2.812123],[-40.3612925,-2.8668082],[-40.3243812,-2.8612671],[-40.2720967,-2.8794225],[-40.2723791,-2.8699468],[-40.1680396,-2.8734729],[-40.1510148,-2.884204],[-40.1470812,-2.8957864]]]}},{"type":"Feature","properties":{"level":"municipio","municipality_code":"2304269","municipality_name":"Deputado Irapuan Pinheiro","uf":"CE","state_code":"23","area_km2":471.134},"geometry":{"type":"Polygon","coordinates":[[[-39.2266259,-5.7647297],[-39.2098466,-5.7883497],[-39.1631537,-5.7985325],[-39.1821734,-5.8598834],[-39.1688046,-5.8711975],[-39.1798747,-5.9198968],[-39.1698739,-5.9602333],[-39.1811142,-5.9642289],[-39.1976661,-5.9569373],[-39.2043293,-5.9880877],[-39.2293705,-5.987859],[-39.2358611,-6.001559],[-39.2402068,-5.9953372],[-39.2658286,-5.9971744],[-39.2808376,-6.0051819],[-39.2968942,-5.9899115],[-39.3194605,-6.0067619],[-39.3372166,-6.0018259],[-39.3449017,-6.0078819],[-39.3484829,-5.9937457],[-39.3665681,-5.9911512],[-39.3517563,-5.952285],[-39.3665081,-5.9467997],[-39.3588609,-5.92008],[-39.3760279,-5.9103053],[-39.3574227,-5.8961581],[-39.3571198,-5.8824297],[-39.3495707,-5.8786071],[-39.3536222,-5.8622115],[-39.3236771,-5.844273],[-39.3212583,-5.8319672],[-39.3450374,-5.8316478],[-39.3278843,-5.7822168],[-39.3163529,-5.7824591],[-39.2828476,-5.7559377],[-39.2670886,-5.7653171],[-39.2546876,-5.7573747],[-39.2516133,-5.7672726],[-39.2369046,-5.7701874],[-39.2266259,-5.7647297]]]}},{"type":"Feature","properties":{"level":"municipio","municipality_code":"2304277","municipality_name":"Ereré","uf":"CE","state_code":"23","area_km2":349.033},"geometry":{"type":"Polygon","coordinates":[[[-38.4048456,-6.0572729],[-38.4221379,-6.0118563],[-38.3976217,-5.9945595],[-38.3793268,-5.9508681],[-38.4026544,-5.9171256],[-38.3757854,-5.9097523],[-38.3366526,-5.9200418],[-38.3206034,-5.9062876],[-38.2750776,-5.8918592],[-38.2591196,-5.9205284],[-38.1592981,-5.9245759],[-38.1647923,-5.946532],[-38.2060156,-5.9643478],[-38.2445036,-5.9994574],[-38.2591838,-6.05378],[-38.3037753,-6.0865227],[-38.3199214,-6.0770389],[-38.3367599,-6.0803973],[-38.346783,-6.0672773],[-38.3473644,-6.0807016],[-38.3662148,-6.0882981],[-38.3856916,-6.0646792],[-38.3819553,-6.0527887],[-38.4048456,-6.0572729]]]}},{"type":"Feature","properties":{"level":"municipio","municipality_code":"2304285","municipality_name":"Eusébio","uf":"CE","state_code":"23","area_km2":78.818},"geometry":{"type":"Polygon","coordinates":[[[-38.4368662,-3.896035],[-38.4486,-3.9234596],[-38.4635649,-3.9139373],[-38.4719782,-3.9284957],[-38.4858225,-3.924482],[-38.5088292,-3.9367357],[-38.5018756,-3.8881821],[-38.466334,-3.8435072],[-38.4498887,-3.8378741],[-38.4429292,-3.8015499],[-38.409396,-3.819093],[-38.4191651,-3.823097],[-38.4221042,-3.8364786],[-38.4129575,-3.8570159],[-38.4143699,-3.8780439],[-38.4368662,-3.896035]]]}},{"type":"Feature","properties":{"level":"municipio","municipality_code":"2304301","municipality_name":"Farias Brito","uf":"CE","state_code":"23","area_km2":530.54},"geometry":{"type":"Polygon","coordinates":[[[-39.5141715,-6.7762429],[-39.5091192,-6.7917829],[-39.5168544,-6.810096],[-39.5078329,-6.8164564],[-39.5026229,-6.8435984],[-39.4935639,-6.8465908],[-39.4842289,-6.8380453],[-39.4731162,-6.8647824],[-39.4857289,-6.8761014],[-39.4777625,-6.8856147],[-39.4832284,-6.8979579],[-39.4186997,-6.8951378],[-39.3949687,-6.9223687],[-39.4226767,-6.9621811],[-39.4356126,-6.9633938],[-39.4523343,-7.0092909],[-39.5014539,-7.0123383],[-39.5157071,-7.0016906],[-39.5272864,-7.003437],[-39.5767739,-7.0174647],[-39.5796875,-7.0437943],[-39.6323937,-7.0226553],[-39.6286548,-7.0147994],[-39.6752909,-7.0232943],[-39.6779558,-7.011818],[-39.6560083,-7.0050246],[-39.6639919,-6.9926017],[-39.6452303,-6.9912361],[-39.6212939,-6.9603589],[-39.6395526,-6.9433797],[-39.6185971,-6.9326174],[-39.606525,-6.90422],[-39.6467532,-6.8928069],[-39.6658158,-6.9065242],[-39.6611681,-6.8821399],[-39.6682274,-6.8639213],[-39.6422607,-6.8547502],[-39.6364329,-6.8396101],[-39.6550501,-6.8253104],[-39.6634322,-6.7935757],[-39.6562456,-6.7911712],[-39.6508943,-6.8016714],[-39.6333136,-6.7898296],[-39.6226847,-6.7960896],[-39.6157552,-6.7884553],[-39.5502139,-6.7775743],[-39.543992,-6.7681395],[-39.5141715,-6.7762429]]]}},{"type":"Feature","properties":{"level":"municipio","municipality_code":"2304350","municipality_name":"Forquilha","uf":"CE","state_code":"23","area_km2":568.778},"geometry":{"type":"Polygon","coordinates":[[[-40.1887471,-3.9587465],[-40.3049498,-3.9332107],[-40.3208747,-3.8620796],[-40.3531648,-3.8738355],[-40.3700658,-3.8615614],[-40.3404646,-3.7833423],[-40.3075055,-3.7867013],[-40.3109991,-3.7636108],[-40.3004902,-3.7568175],[-40.306056,-3.7490025],[-40.2357108,-3.6974827],[-40.12608,-3.7008711],[-40.1167528,-3.7602406],[-40.1082298,-3.7633398],[-40.1268905,-3.8482927],[-40.1363863,-3.858545],[-40.1379488,-3.8964116],[-40.1476346,-3.8985205],[-40.1498871,-3.9131247],[-40.1887471,-3.9587465]]]}},{"type":"Feature","properties":{"level":"municipio","municipality_code":"2304400","municipality_name":"Fortaleza","uf":"CE","state_code":"23","area_km2":312.353},"geometry":{"type":"Polygon","coordinates":[[[-38.514651,-3.894035],[-38.531158,-3.879367],[-38.518954,-3.864611],[-38.5875996,-3.8389113],[-38.637726,-3.8046894],[-38.6315443,-3.7836874],[-38.6225164,-3.7817875],[-38.5989311,-3.7422291],[-38.6201965,-3.7182718],[-38.6218457,-3.7026217],[-38.5955816,-3.7030197],[-38.5811311,-3.6921305],[-38.5393636,-3.7163689],[-38.5127004,-3.7190234],[-38.5108265,-3.7134445],[-38.4958517,-3.7250337],[-38.4762152,-3.7193215],[-38.4772727,-3.7153169],[-38.4825639,-3.7122802],[-38.4831848,-3.709899],[-38.4773829,-3.7150518],[-38.4728821,-3.7062427],[-38.4825003,-3.6987325],[-38.4671506,-3.7086208],[-38.4603025,-3.705064],[-38.4561905,-3.731107],[-38.4013571,-3.8265851],[-38.4429292,-3.8015499],[-38.4498887,-3.8378741],[-38.466334,-3.8435072],[-38.4960818,-3.8862852],[-38.514651,-3.894035]]]}},{"type":"Feature","properties":{"level":"municipio","municipality_code":"2304459","municipality_name":"Fortim","uf":"CE","state_code":"23","area_km2":285.024},"geometry":{"type":"Polygon","coordinates":[[[-37.809989,-4.3986351],[-37.7700944,-4.4012707],[-37.7665918,-4.4177281],[-37.7853471,-4.4430421],[-37.7790132,-4.4566163],[-37.7688969,-4.4544619],[-37.7767554,-4.4661857],[-37.7719188,-4.47969],[-37.7779218,-4.4759128],[-37.7758299,-4.4852123],[-37.7887112,-4.5071968],[-37.8273862,-4.5052851],[-37.8523187,-4.5278602],[-37.8489077,-4.5355781],[-37.8677322,-4.5429332],[-37.9633811,-4.5303397],[-37.9690188,-4.5162806],[-37.9537544,-4.4784022],[-37.9669133,-4.4646327],[-37.9763482,-4.4324283],[-37.9503761,-4.4155394],[-37.9504009,-4.4038327],[-37.912868,-4.3997295],[-37.90491,-4.4139444],[-37.8837397,-4.4058071],[-37.8851768,-4.413632],[-37.8708513,-4.4092124],[-37.8737061,-4.3998372],[-37.8445722,-4.4012624],[-37.8462909,-4.4076139],[-37.8169412,-4.4015635],[-37.8441612,-4.3787879],[-37.809989,-4.3986351]]]}},{"type":"Feature","properties":{"level":"municipio","municipality_code":"2304509","municipality_name":"Frecheirinha","uf":"CE","state_code":"23","area_km2":210.284},"geometry":{"type":"Polygon","coordinates":[[[-40.833401,-3.6339617],[-40.7662521,-3.6484023],[-40.7336264,-3.6890036],[-40.7811253,-3.7364368],[-40.7785773,-3.7578311],[-40.7863388,-3.7704955],[-40.7796351,-3.7862498],[-40.8456916,-3.7887248],[-40.8953028,-3.7809788],[-40.8742189,-3.7224726],[-40.8905878,-3.6668044],[-40.8743674,-3.65649],[-40.8664529,-3.6397192],[-40.8545747,-3.6476269],[-40.833401,-3.6339617]]]}},{"type":"Feature","properties":{"level":"municipio","municipality_code":"2304608","municipality_name":"General Sampaio","uf":"CE","state_code":"23","area_km2":230.371},"geometry":{"type":"Polygon","coordinates":[[[-39.4441628,-3.9691724],[-39.3242308,-4.0902312],[-39.3694475,-4.0890121],[-39.3585489,-4.1023703],[-39.3740353,-4.1105855],[-39.4012554,-4.1039484],[-39.4069742,-4.0959164],[-39.4463501,-4.1037294],[-39.4498542,-4.1309031],[-39.4839503,-4.1216001],[-39.4921818,-4.1116186],[-39.5207491,-4.1187388],[-39.5324253,-4.1547632],[-39.5408003,-4.1599933],[-39.5524518,-4.1517571],[-39.5471042,-4.1100905],[-39.4978871,-3.9979532],[-39.4852373,-4.0053129],[-39.4573491,-4.0020928],[-39.4441628,-3.9691724]]]}},{"type":"Feature","properties":{"level":"municipio","municipality_code":"2304707","municipality_name":"Granja","uf":"CE","state_code":"23","area_km2":2663.176},"geometry":{"type":"Polygon","coordinates":[[[-40.9918486,-3.0301573],[-40.8799273,-3.0107798],[-40.8388492,-3.0362637],[-40.6917775,-3.0085358],[-40.5635847,-3.0163528],[-40.4950246,-3.062025],[-40.5095497,-3.1096413],[-40.5744196,-3.1356788],[-40.7510415,-3.0507806],[-40.7100746,-3.2132073],[-40.7279212,-3.2339412],[-40.8343033,-3.2084946],[-40.8384196,-3.2259077],[-40.82649,-3.2347679],[-40.8397937,-3.2414713],[-40.8207146,-3.2582534],[-40.8384493,-3.2666999],[-40.8126142,-3.2751019],[-40.8198107,-3.296146],[-40.8522401,-3.309992],[-40.8522812,-3.3371151],[-40.8804007,-3.3647191],[-40.8775978,-3.3703658],[-40.8378526,-3.3589762],[-40.8284499,-3.3720094],[-40.8520309,-3.4194487],[-40.8461211,-3.4301552],[-40.8611313,-3.4398358],[-40.8728804,-3.4689509],[-40.866995,-3.4786662],[-40.8843282,-3.4880161],[-40.8695092,-3.5099385],[-40.8867233,-3.5203942],[-41.0034961,-3.4230461],[-41.0517073,-3.4020378],[-41.0488993,-3.3914765],[-41.1262398,-3.3585061],[-41.1490822,-3.3634064],[-41.1701669,-3.2878929],[-41.1773329,-3.379144],[-41.2082919,-3.4242102],[-41.2291481,-3.4266875],[-41.2348212,-3.4343664],[-41.2200845,-3.4391225],[-41.2366658,-3.4582879],[-41.2532632,-3.4598104],[-41.2623534,-3.4805656],[-41.2881775,-3.4792135],[-41.30303,-3.4921826],[-41.319739,-3.4840869],[-41.3269804,-3.4463006],[-41.3240493,-3.3859241],[-41.3467858,-3.385526],[-41.3869906,-3.4092984],[-41.3870216,-3.3900079],[-41.4001993,-3.3852808],[-41.3990862,-3.363587],[-41.423518,-3.3680065],[-41.4123177,-3.3406973],[-41.397965,-3.3275467],[-41.3958586,-3.3040985],[-41.3221708,-3.1786426],[-41.2374287,-3.1795118],[-40.9918486,-3.0301573]]]}},{"type":"Feature","properties":{"level":"municipio","municipality_code":"2304806","municipality_name":"Granjeiro","uf":"CE","state_code":"23","area_km2":111.528},"geometry":{"type":"Polygon","coordinates":[[[-39.2592184,-6.8816995],[-39.2069695,-6.8773296],[-39.1858058,-6.8636983],[-39.1665231,-6.9058743],[-39.1665778,-6.9357782],[-39.2355945,-6.9282671],[-39.2464979,-6.9353213],[-39.2950864,-6.9388699],[-39.3209734,-6.9332754],[-39.3278009,-6.9859289],[-39.32919,-6.9674596],[-39.3478814,-6.9415038],[-39.3385774,-6.928646],[-39.3387916,-6.9058135],[-39.2592184,-6.8816995]]]}},{"type":"Feature","properties":{"level":"municipio","municipality_code":"2304657","municipality_name":"Graça","uf":"CE","state_code":"23","area_km2":258.943},"geometry":{"type":"Polygon","coordinates":[[[-40.7362828,-4.1227625],[-40.8034892,-4.1297122],[-40.8206499,-4.1107046],[-40.847564,-4.1029114],[-40.8442578,-4.0657314],[-40.8340379,-4.0471321],[-40.8360601,-3.9584279],[-40.761478,-3.9506327],[-40.7333926,-3.9636726],[-40.7134172,-4.0599433],[-40.68255,-4.0575647],[-40.712856,-4.1282944],[-40.7374113,-4.1376417],[-40.7362828,-4.1227625]]]}},{"type":"Feature","properties":{"level":"municipio","municipality_code":"2304905","municipality_name":"Groaíras","uf":"CE","state_code":"23","area_km2":155.681},"geometry":{"type":"Polygon","coordinates":[[[-40.392461,-3.9737859],[-40.4072641,-3.92899],[-40.4156697,-3.8064802],[-40.3896639,-3.799494],[-40.3663548,-3.8694142],[-40.3525076,-3.8737632],[-40.3199636,-3.8631077],[-40.3049498,-3.9332107],[-40.3374771,-3.9700518],[-40.3601696,-4.0319041],[-40.3717367,-4.0145706],[-40.3711474,-3.9953286],[-40.392461,-3.9737859]]]}},{"type":"Feature","properties":{"level":"municipio","municipality_code":"2304954","municipality_name":"Guaiúba","uf":"CE","state_code":"23","area_km2":256.053},"geometry":{"type":"Polygon","coordinates":[[[-38.6121478,-4.1002096],[-38.5762876,-4.1057301],[-38.5667177,-4.1202757],[-38.571065,-4.1323556],[-38.6065884,-4.1468034],[-38.6202261,-4.1650266],[-38.6411484,-4.158095],[-38.6724916,-4.1606593],[-38.7157625,-4.1889937],[-38.7191823,-4.1683172],[-38.7567227,-4.1572294],[-38.7756157,-4.1624731],[-38.7912141,-4.1383253],[-38.7817998,-4.1305135],[-38.7550107,-4.1282792],[-38.7456655,-4.0725076],[-38.7263236,-4.0736917],[-38.6726099,-4.039651],[-38.6683506,-4.018694],[-38.6494478,-4.0060501],[-38.6357711,-4.0235864],[-38.6055917,-4.0107905],[-38.5747217,-4.0541547],[-38.6045807,-4.0587584],[-38.6121478,-4.1002096]]]}},{"type":"Feature","properties":{"level":"municipio","municipality_code":"2305001","municipality_name":"Guaraciaba do Norte","uf":"CE","state_code":"23","area_km2":624.61},"geometry":{"type":"Polygon","coordinates":[[[-40.7984615,-4.1313637],[-40.7362828,-4.1227625],[-40.7374113,-4.1376417],[-40.712856,-4.1282944],[-40.7110128,-4.1755312],[-40.7214604,-4.1834971],[-40.7174478,-4.1880183],[-40.736112,-4.2200355],[-40.7779035,-4.2352356],[-40.803127,-4.2664915],[-40.787325,-4.3126622],[-40.8024779,-4.3451905],[-40.8471851,-4.3214153],[-40.8398223,-4.3105085],[-40.8535215,-4.2968666],[-40.8701052,-4.3040238],[-40.8595816,-4.3152933],[-40.8767762,-4.3233973],[-40.8751259,-4.3145312],[-40.8842185,-4.3177437],[-40.9273648,-4.2895106],[-41.007404,-4.2729825],[-41.1403242,-4.3700436],[-41.1484886,-4.3665825],[-41.1180838,-4.3188103],[-41.1359048,-4.2335113],[-41.0986531,-4.1812304],[-41.0703944,-4.200999],[-41.0175087,-4.2003039],[-41.0061936,-4.1899021],[-40.9753765,-4.2302113],[-40.9003975,-4.1586083],[-40.8523243,-4.1537839],[-40.8540708,-4.1455952],[-40.8337118,-4.1182073],[-40.8103031,-4.1185124],[-40.7984615,-4.1313637]]]}},{"type":"Feature","properties":{"level":"municipio","municipality_code":"2305100","municipality_name":"Guaramiranga","uf":"CE","state_code":"23","area_km2":90.817},"geometry":{"type":"Polygon","coordinates":[[[-38.9412092,-4.3032608],[-38.9853695,-4.2657962],[-39.0031705,-4.2610646],[-38.9922383,-4.2611306],[-39.0018864,-4.253501],[-39.0192516,-4.2575922],[-38.9947304,-4.248927],[-39.0032115,-4.2332866],[-39.0268347,-4.2279631],[-39.0054756,-4.2264117],[-39.0061409,-4.2118777],[-38.9828346,-4.2046116],[-38.9753097,-4.186576],[-38.9623911,-4.1905974],[-38.9611267,-4.183331],[-38.946729,-4.1801927],[-38.9482669,-4.2057213],[-38.9346053,-4.2127463],[-38.9411367,-4.2357748],[-38.9027473,-4.2487496],[-38.8912397,-4.2770241],[-38.916662,-4.2638163],[-38.9249466,-4.2761886],[-38.9176872,-4.2751839],[-38.9159063,-4.2915315],[-38.9335883,-4.3231461],[-38.9412092,-4.3032608]]]}},{"type":"Feature","properties":{"level":"municipio","municipality_code":"2305209","municipality_name":"Hidrolândia","uf":"CE","state_code":"23","area_km2":926.592},"geometry":{"type":"Polygon","coordinates":[[[-40.3881302,-4.5470794],[-40.509401,-4.5075023],[-40.5878834,-4.5575772],[-40.5989263,-4.5307679],[-40.581857,-4.5058329],[-40.5841726,-4.4718433],[-40.5547169,-4.4400102],[-40.5653245,-4.4194145],[-40.5613585,-4.4011978],[-40.5521617,-4.3978074],[-40.5532007,-4.3842839],[-40.522692,-4.3550859],[-40.5172594,-4.3289543],[-40.4956127,-4.3221821],[-40.489006,-4.3010622],[-40.4508063,-4.2602927],[-40.3024343,-4.2686206],[-40.3161745,-4.2815149],[-40.3126435,-4.293685],[-40.32569,-4.3425066],[-40.3117161,-4.3573902],[-40.2962803,-4.4028964],[-40.2759834,-4.431535],[-40.2570857,-4.443526],[-40.2589882,-4.4631623],[-40.2443979,-4.486066],[-40.2572936,-4.4884703],[-40.2678628,-4.508569],[-40.24063,-4.5292903],[-40.2440444,-4.5512464],[-40.2326021,-4.5618968],[-40.243449,-4.5768112],[-40.2358386,-4.5921078],[-40.2475315,-4.6054558],[-40.281821,-4.6084214],[-40.2944351,-4.5994939],[-40.300487,-4.5786978],[-40.3489872,-4.5800352],[-40.3881302,-4.5470794]]]}},{"type":"Feature","properties":{"level":"municipio","municipality_code":"2305233","municipality_name":"Horizonte","uf":"CE","state_code":"23","area_km2":160.557},"geometry":{"type":"Polygon","coordinates":[[[-38.3725084,-4.0784555],[-38.381888,-4.1451465],[-38.4802347,-4.1381707],[-38.4964443,-4.1451546],[-38.5261904,-4.1322113],[-38.5703908,-4.1282485],[-38.5575441,-4.1191696],[-38.5502178,-4.0927873],[-38.5359939,-4.0792455],[-38.5358511,-4.0413507],[-38.501031,-4.0611573],[-38.4423054,-4.0712367],[-38.3859849,-4.0703295],[-38.3725084,-4.0784555]]]}},{"type":"Feature","properties":{"level":"municipio","municipality_code":"2305266","municipality_name":"Ibaretama","uf":"CE","state_code":"23","area_km2":879.255},"geometry":{"type":"Polygon","coordinates":[[[-38.7012424,-4.9023912],[-38.8852043,-4.9341858],[-38.8907218,-4.8948286],[-38.9199778,-4.8510393],[-38.9219382,-4.8267049],[-38.8752164,-4.8519463],[-38.8603392,-4.8391475],[-38.8601483,-4.8289657],[-38.8022725,-4.741018],[-38.8744039,-4.6794854],[-38.8570955,-4.6668321],[-38.8140876,-4.6720474],[-38.8022712,-4.6493567],[-38.7827529,-4.6406317],[-38.7821631,-4.6305303],[-38.7186317,-4.6201653],[-38.7077481,-4.6108007],[-38.7003593,-4.6122531],[-38.6891736,-4.6519867],[-38.6709958,-4.666587],[-38.6635806,-4.6607575],[-38.654649,-4.6813879],[-38.6332495,-4.6885821],[-38.6362289,-4.6993532],[-38.6179181,-4.6972423],[-38.5762255,-4.6689594],[-38.529036,-4.6800776],[-38.5337524,-4.7033684],[-38.5194357,-4.7334469],[-38.5277742,-4.7461114],[-38.5374808,-4.7560975],[-38.5750542,-4.7668748],[-38.5850413,-4.8078285],[-38.5971754,-4.8110117],[-38.6141187,-4.8385968],[-38.6506205,-4.8508253],[-38.6668316,-4.8693941],[-38.6462895,-4.8946506],[-38.649662,-4.9029688],[-38.6391008,-4.9169618],[-38.6475384,-4.9375525],[-38.7012424,-4.9023912]]]}},{"type":"Feature","properties":{"level":"municipio","municipality_code":"2305308","municipality_name":"Ibiapina","uf":"CE","state_code":"23","area_km2":414.092},"geometry":{"type":"Polygon","coordinates":[[[-40.8360601,-3.9584279],[-40.8376172,-3.9859311],[-40.8554991,-3.9752493],[-40.8762033,-3.9921599],[-40.8929721,-3.9935217],[-40.9643251,-3.9820822],[-41.0334692,-3.9958109],[-41.0743586,-3.9954827],[-41.0960235,-4.0062922],[-41.1247724,-3.987431],[-41.1657213,-3.9999877],[-41.1817638,-4.0175935],[-41.2567269,-4.0348486],[-41.2388289,-4.015405],[-41.24924,-3.9898697],[-41.2318883,-3.9664993],[-41.2118476,-3.9724089],[-41.1635243,-3.9437217],[-41.1336438,-3.9420449],[-41.122248,-3.9282243],[-41.1081885,-3.9318819],[-40.9771047,-3.8925188],[-40.9323856,-3.9076021],[-40.9180838,-3.8891196],[-40.8943305,-3.8882061],[-40.8931991,-3.870234],[-40.8815723,-3.8653645],[-40.8725401,-3.8685298],[-40.8772213,-3.8745308],[-40.856443,-3.8786425],[-40.8538538,-3.8953235],[-40.7774334,-3.883722],[-40.7955503,-3.9163212],[-40.8338272,-3.9244188],[-40.8227332,-3.956325],[-40.8360601,-3.9584279]]]}},{"type":"Feature","properties":{"level":"municipio","municipality_code":"2305332","municipality_name":"Ibicuitinga","uf":"CE","state_code":"23","area_km2":423.856},"geometry":{"type":"Polygon","coordinates":[[[-38.4858264,-5.0878388],[-38.6251214,-5.0666064],[-38.6308691,-5.0545231],[-38.6583414,-5.0453388],[-38.6859037,-5.054908],[-38.6774553,-5.004817],[-38.6473813,-4.9799183],[-38.641774,-4.9613036],[-38.6486961,-4.9387862],[-38.6278293,-4.9222478],[-38.6313404,-4.9024776],[-38.5924443,-4.8739809],[-38.5283601,-4.8826529],[-38.517879,-4.8901806],[-38.4910705,-4.8802501],[-38.4636331,-4.8820568],[-38.4624735,-4.8737025],[-38.4508924,-4.8798026],[-38.4380956,-4.8755498],[-38.4042015,-4.9479813],[-38.4142569,-4.9465815],[-38.4245652,-4.930665],[-38.5073549,-4.9563075],[-38.5084574,-4.9619724],[-38.4971922,-4.9633469],[-38.5054264,-4.9833709],[-38.4962427,-5.0044013],[-38.4794686,-5.0102239],[-38.4834999,-5.0358758],[-38.4988707,-5.0560947],[-38.4858264,-5.0878388]]]}},{"type":"Feature","properties":{"level":"municipio","municipality_code":"2305357","municipality_name":"Icapuí","uf":"CE","state_code":"23","area_km2":421.442},"geometry":{"type":"Polygon","coordinates":[[[-37.3557194,-4.7942275],[-37.4016532,-4.7721718],[-37.4167235,-4.7823563],[-37.4647366,-4.7811752],[-37.504005,-4.7918785],[-37.5572171,-4.7225141],[-37.5405848,-4.644682],[-37.4978126,-4.6269612],[-37.4713223,-4.6508377],[-37.3300078,-4.6970597],[-37.2860853,-4.7432444],[-37.2526586,-4.8313903],[-37.3568981,-4.8580565],[-37.3557194,-4.7942275]]]}},{"type":"Feature","properties":{"level":"municipio","municipality_code":"2305407","municipality_name":"Icó","uf":"CE","state_code":"23","area_km2":1865.86},"geometry":{"type":"Polygon","coordinates":[[[-38.8401739,-6.5984067],[-38.8813415,-6.5800126],[-38.9154257,-6.5747142],[-38.9249071,-6.5595544],[-38.9177712,-6.549606],[-38.9580643,-6.5270087],[-39.0607949,-6.4454983],[-39.0936729,-6.4520655],[-39.0920375,-6.4586813],[-39.1029675,-6.457466],[-39.1094755,-6.466433],[-39.1335922,-6.4624434],[-39.1445072,-6.4528164],[-39.1448865,-6.44159],[-39.1304201,-6.4260179],[-39.138411,-6.4132216],[-39.0818007,-6.3642584],[-39.0564348,-6.387205],[-39.036361,-6.3759527],[-38.9816073,-6.378821],[-38.9838397,-6.3521477],[-38.9756073,-6.3411307],[-38.957016,-6.3349492],[-38.9344815,-6.3400191],[-38.9163396,-6.3096042],[-38.8783307,-6.3274368],[-38.8218752,-6.2762381],[-38.8294273,-6.2634032],[-38.8302191,-6.2315982],[-38.8007708,-6.1219448],[-38.7822823,-6.1142031],[-38.7653228,-6.1240162],[-38.75529,-6.1111598],[-38.7446074,-6.1110056],[-38.7327573,-6.12386],[-38.7088783,-6.1076746],[-38.7248718,-6.1476205],[-38.7352461,-6.1561705],[-38.7266646,-6.2002502],[-38.6810069,-6.211158],[-38.6555582,-6.1858741],[-38.6173461,-6.1696269],[-38.6036084,-6.1742372],[-38.5873545,-6.2015949],[-38.5710913,-6.2075118],[-38.560766,-6.2303994],[-38.5511922,-6.2343055],[-38.5197118,-6.2230376],[-38.5289654,-6.2398703],[-38.5458512,-6.2454264],[-38.554421,-6.2633956],[-38.5795457,-6.2796264],[-38.5660227,-6.3025887],[-38.5812962,-6.3162102],[-38.5815423,-6.3310461],[-38.5770754,-6.3474275],[-38.5625059,-6.3556517],[-38.5771031,-6.3642435],[-38.5731081,-6.3749184],[-38.5924663,-6.3782461],[-38.6022145,-6.3908951],[-38.5719684,-6.4041066],[-38.5427155,-6.4019801],[-38.5293999,-6.39289],[-38.5179093,-6.4087317],[-38.5245176,-6.407083],[-38.5542654,-6.4327631],[-38.5757771,-6.4779651],[-38.6122882,-6.5131913],[-38.6115996,-6.5326227],[-38.6268131,-6.5315777],[-38.6595596,-6.545852],[-38.6792829,-6.5630686],[-38.7020513,-6.5555542],[-38.7352045,-6.5703915],[-38.7312741,-6.5855243],[-38.7509234,-6.5917817],[-38.773826,-6.6122349],[-38.796008,-6.599029],[-38.8401739,-6.5984067]]]}},{"type":"Feature","properties":{"level":"municipio","municipality_code":"2305506","municipality_name":"Iguatu","uf":"CE","state_code":"23","area_km2":977.311},"geometry":{"type":"Polygon","coordinates":[[[-39.3185706,-6.261199],[-39.2862712,-6.2790186],[-39.2491905,-6.272634],[-39.2417371,-6.2757812],[-39.241067,-6.2906],[-39.2308548,-6.2945777],[-39.2094435,-6.2901534],[-39.1630903,-6.3046624],[-39.134668,-6.2890171],[-39.0919933,-6.2394565],[-39.0660845,-6.2369519],[-39.0563409,-6.2588205],[-39.052828,-6.2961578],[-39.0716054,-6.3113216],[-39.0824157,-6.333259],[-39.0939956,-6.334822],[-39.1189707,-6.3837557],[-39.1299243,-6.3893383],[-39.1293902,-6.4086288],[-39.138411,-6.4132216],[-39.1304201,-6.4260179],[-39.1491673,-6.4438757],[-39.205138,-6.4632005],[-39.2103402,-6.4859557],[-39.2310328,-6.4924192],[-39.2253399,-6.5159027],[-39.236749,-6.523887],[-39.3420047,-6.5347134],[-39.3587621,-6.5088175],[-39.3559755,-6.486949],[-39.3480752,-6.4852674],[-39.3514356,-6.4690257],[-39.3750026,-6.4748336],[-39.3859197,-6.464494],[-39.3980959,-6.4659042],[-39.4148179,-6.3912376],[-39.4340708,-6.3982059],[-39.4502064,-6.3946139],[-39.4732116,-6.3743594],[-39.4583689,-6.32703],[-39.4638612,-6.2803854],[-39.4146335,-6.2591705],[-39.4170626,-6.2457156],[-39.3906233,-6.2219668],[-39.3690652,-6.216269],[-39.3567744,-6.2257183],[-39.3077218,-6.1745663],[-39.2771414,-6.1717127],[-39.2729118,-6.182646],[-39.2806431,-6.2112282],[-39.2658261,-6.2231031],[-39.2949651,-6.2316991],[-39.290885,-6.249401],[-39.3185706,-6.261199]]]}},{"type":"Feature","properties":{"level":"municipio","municipality_code":"2305605","municipality_name":"Independência","uf":"CE","state_code":"23","area_km2":3237.132},"geometry":{"type":"Polygon","coordinates":[[[-40.0588421,-5.3973778],[-40.1100702,-5.4619084],[-40.107817,-5.5106161],[-40.1170825,-5.5469205],[-40.1248398,-5.5541665],[-40.1469213,-5.540238],[-40.1676665,-5.5434808],[-40.1719655,-5.5596887],[-40.1878171,-5.5624547],[-40.1845926,-5.5718256],[-40.2290621,-5.5924076],[-40.230166,-5.5999103],[-40.2201912,-5.6054126],[-40.234698,-5.6143822],[-40.2300452,-5.6205584],[-40.2362418,-5.6313938],[-40.2261785,-5.6489154],[-40.2295891,-5.6606701],[-40.2141179,-5.6776034],[-40.2144741,-5.698129],[-40.2280737,-5.7107469],[-40.2426126,-5.7100305],[-40.2411239,-5.7190263],[-40.2857185,-5.7566751],[-40.3189057,-5.7424248],[-40.3715461,-5.746855],[-40.4114001,-5.8112432],[-40.4514064,-5.8288185],[-40.4740932,-5.8257339],[-40.4900518,-5.8342839],[-40.5168618,-5.8248495],[-40.5124126,-5.8171367],[-40.5180705,-5.811331],[-40.5531424,-5.8404506],[-40.5652629,-5.8407325],[-40.5698575,-5.7541013],[-40.5568612,-5.7383274],[-40.5440331,-5.737097],[-40.5378072,-5.7217123],[-40.5698132,-5.7415188],[-40.5997133,-5.7371577],[-40.605924,-5.7252935],[-40.6183396,-5.7350756],[-40.66249,-5.6860924],[-40.6641636,-5.6767333],[-40.646769,-5.6779027],[-40.6535441,-5.6692149],[-40.6291056,-5.6349441],[-40.6388629,-5.6226717],[-40.6367359,-5.6138093],[-40.6203441,-5.6005822],[-40.6246593,-5.5797962],[-40.6081288,-5.5599323],[-40.6176938,-5.5451772],[-40.6019759,-5.5284899],[-40.6124505,-5.5200407],[-40.5694108,-5.4384203],[-40.5520633,-5.432277],[-40.5507393,-5.4016551],[-40.5389565,-5.3894844],[-40.5243721,-5.3897682],[-40.4793022,-5.2743236],[-40.4142113,-5.2283501],[-40.4041375,-5.2005073],[-40.3908275,-5.2114604],[-40.3132242,-5.155409],[-40.3039956,-5.1684555],[-40.2686795,-5.162532],[-40.2435981,-5.1712428],[-40.2203354,-5.1516623],[-40.1875336,-5.1672697],[-40.1900705,-5.176222],[-40.1823033,-5.1692421],[-40.1727642,-5.1735417],[-40.1632637,-5.1653877],[-40.1418154,-5.1656028],[-40.1356714,-5.1572812],[-40.1123124,-5.1653886],[-40.0976402,-5.1591164],[-40.0848888,-5.1713034],[-40.0726125,-5.1610259],[-40.0599291,-5.1866174],[-40.041498,-5.1778786],[-40.0220192,-5.1885766],[-40.0321822,-5.1989391],[-40.0226983,-5.2063146],[-40.0471452,-5.2394866],[-40.0426104,-5.2602367],[-40.056776,-5.286109],[-40.055861,-5.2918374],[-40.0277453,-5.2964975],[-40.0307166,-5.3109738],[-40.0178465,-5.3198586],[-40.0299032,-5.3483187],[-40.0600107,-5.3612492],[-40.0518283,-5.3662121],[-40.0588421,-5.3973778]]]}},{"type":"Feature","properties":{"level":"municipio","municipality_code":"2305654","municipality_name":"Ipaporanga","uf":"CE","state_code":"23","area_km2":704.773},"geometry":{"type":"Polygon","coordinates":[[[-40.7619511,-4.8664797],[-40.7229855,-4.8419011],[-40.7188889,-4.8532161],[-40.698899,-4.862227],[-40.675698,-4.8529299],[-40.6484838,-4.8086137],[-40.6280772,-4.7902898],[-40.6266907,-4.8010591],[-40.5411383,-4.9153257],[-40.6355716,-4.9247458],[-40.6514751,-4.9862291],[-40.7154612,-4.9463201],[-40.8274837,-4.9783111],[-41.0506227,-5.0262454],[-41.0362023,-4.965986],[-40.9946797,-4.917075],[-40.9418697,-4.8825315],[-40.9250367,-4.8854353],[-40.8721151,-4.86319],[-40.8806877,-4.8597999],[-40.8755468,-4.8535796],[-40.8862724,-4.797487],[-40.8805155,-4.7999978],[-40.8823099,-4.7841883],[-40.8416104,-4.7847978],[-40.8256251,-4.8105183],[-40.7934852,-4.8161961],[-40.7630761,-4.8436516],[-40.7619511,-4.8664797]]]}},{"type":"Feature","properties":{"level":"municipio","municipality_code":"2305704","municipality_name":"Ipaumirim","uf":"CE","state_code":"23","area_km2":276.508},"geometry":{"type":"Polygon","coordinates":[[[-38.7198325,-6.7675037],[-38.6876542,-6.7673421],[-38.681015,-6.7550921],[-38.6523385,-6.7568652],[-38.6136847,-6.783031],[-38.6182092,-6.7941425],[-38.638515,-6.791884],[-38.6363502,-6.8047273],[-38.6678906,-6.8280145],[-38.6754169,-6.8618294],[-38.714161,-6.8767837],[-38.7140128,-6.8861467],[-38.7324201,-6.8892283],[-38.7302886,-6.8968135],[-38.7649712,-6.9105334],[-38.7786476,-6.9072483],[-38.7861419,-6.8946932],[-38.7757589,-6.8845714],[-38.7741879,-6.8684498],[-38.812886,-6.8648662],[-38.8196712,-6.8567299],[-38.8560104,-6.859032],[-38.8097658,-6.8449367],[-38.8222502,-6.7777903],[-38.7956479,-6.7688459],[-38.8288832,-6.7446623],[-38.827982,-6.7365314],[-38.8469195,-6.7217375],[-38.8465922,-6.7092104],[-38.8024945,-6.7242559],[-38.7745459,-6.717586],[-38.7484764,-6.755603],[-38.7198325,-6.7675037]]]}},{"type":"Feature","properties":{"level":"municipio","municipality_code":"2305803","municipality_name":"Ipu","uf":"CE","state_code":"23","area_km2":626.049},"geometry":{"type":"Polygon","coordinates":[[[-40.590095,-4.5507425],[-40.5935473,-4.5619433],[-40.6082214,-4.5549787],[-40.6342201,-4.5259911],[-40.6484957,-4.4826791],[-40.6784405,-4.4414772],[-40.6794666,-4.4271575],[-40.7069949,-4.4832541],[-40.7934498,-4.423821],[-40.7791123,-4.4086255],[-40.787092,-4.4043956],[-40.7823618,-4.3883853],[-40.7702828,-4.3807187],[-40.7735041,-4.3686357],[-40.7615179,-4.3555483],[-40.7717602,-4.3534],[-40.7787074,-4.3624216],[-40.8025008,-4.3570827],[-40.787325,-4.3126622],[-40.803127,-4.2664915],[-40.7779035,-4.2352356],[-40.7415822,-4.2236695],[-40.7290867,-4.2049063],[-40.6851891,-4.2117864],[-40.7022121,-4.2447148],[-40.695422,-4.2618418],[-40.7037013,-4.2833642],[-40.6721986,-4.2978524],[-40.6641672,-4.3092113],[-40.6488251,-4.294063],[-40.6193894,-4.3087073],[-40.579554,-4.3068419],[-40.5570348,-4.314709],[-40.4780627,-4.2923098],[-40.49001,-4.3025198],[-40.4956127,-4.3221821],[-40.5172594,-4.3289543],[-40.522692,-4.3550859],[-40.5444653,-4.3705076],[-40.5542245,-4.3866768],[-40.5521617,-4.3978074],[-40.5613585,-4.4011978],[-40.5653245,-4.4194145],[-40.5542681,-4.4384741],[-40.5841726,-4.4718433],[-40.581857,-4.5058329],[-40.5989712,-4.5299751],[-40.590095,-4.5507425]]]}},{"type":"Feature","properties":{"level":"municipio","municipality_code":"2305902","municipality_name":"Ipueiras","uf":"CE","state_code":"23","area_km2":1483.263},"geometry":{"type":"Polygon","coordinates":[[[-40.6006108,-4.5572439],[-40.5860889,-4.5602545],[-40.5894864,-4.6005346],[-40.6047612,-4.6200943],[-40.6266635,-4.6212209],[-40.6698089,-4.7051233],[-40.7321727,-4.7151977],[-40.7363802,-4.7086469],[-40.7846975,-4.7124749],[-40.80776,-4.7053108],[-40.8442444,-4.7188246],[-40.8721944,-4.712317],[-40.8482764,-4.6717907],[-40.8713723,-4.6862047],[-40.8880584,-4.7165491],[-40.9553464,-4.716359],[-40.9631149,-4.6882735],[-40.9744744,-4.6888867],[-40.9870658,-4.6600426],[-41.0684535,-4.6150819],[-41.0871918,-4.6134005],[-41.0988583,-4.6024165],[-41.1834299,-4.5938059],[-41.1838196,-4.5777347],[-41.2069536,-4.5859155],[-41.2199458,-4.5739896],[-41.2425433,-4.5714954],[-41.2215341,-4.567473],[-41.2084437,-4.5488211],[-41.1775718,-4.4676776],[-41.1464351,-4.4690851],[-41.1239991,-4.4827059],[-41.0612564,-4.4737944],[-41.025272,-4.4547719],[-40.8887527,-4.4719645],[-40.8256107,-4.4585896],[-40.7994248,-4.421734],[-40.7069949,-4.4832541],[-40.6794666,-4.4271575],[-40.6784405,-4.4414772],[-40.6484957,-4.4826791],[-40.6342201,-4.5259911],[-40.6006108,-4.5572439]]]}},{"type":"Feature","properties":{"level":"municipio","municipality_code":"2306009","municipality_name":"Iracema","uf":"CE","state_code":"23","area_km2":839.174},"geometry":{"type":"Polygon","coordinates":[[[-38.2750776,-5.8918592],[-38.3206034,-5.9062876],[-38.3366526,-5.9200418],[-38.3757854,-5.9097523],[-38.4023292,-5.9171618],[-38.4076173,-5.8989957],[-38.4194847,-5.9003199],[-38.4193436,-5.879709],[-38.4367762,-5.8853444],[-38.4593438,-5.8708583],[-38.4741443,-5.8773705],[-38.4757568,-5.8888271],[-38.4827055,-5.8854563],[-38.4649092,-5.8213924],[-38.462862,-5.7806951],[-38.4810343,-5.776862],[-38.4815272,-5.7681638],[-38.4898607,-5.7704808],[-38.4804216,-5.746445],[-38.4903347,-5.7493948],[-38.4638512,-5.7323622],[-38.4579312,-5.70627],[-38.4518132,-5.7118073],[-38.459016,-5.6792331],[-38.4487199,-5.6730593],[-38.4329119,-5.6270177],[-38.2663482,-5.6034722],[-38.2649146,-5.6286311],[-38.2472277,-5.6511441],[-38.2602677,-5.6619306],[-38.2670584,-5.6866279],[-38.2486399,-5.7307904],[-38.2558446,-5.7407605],[-38.2415543,-5.7907037],[-38.2459778,-5.7973772],[-38.2268472,-5.8159316],[-38.2273922,-5.8335144],[-38.1999687,-5.8469459],[-38.1857548,-5.8428359],[-38.1496496,-5.8611205],[-38.146515,-5.8920319],[-38.1657167,-5.9145608],[-38.1592981,-5.9245759],[-38.2591196,-5.9205284],[-38.2750776,-5.8918592]]]}},{"type":"Feature","properties":{"level":"municipio","municipality_code":"2306108","municipality_name":"Irauçuba","uf":"CE","state_code":"23","area_km2":1466.412},"geometry":{"type":"Polygon","coordinates":[[[-39.8493331,-4.0881661],[-39.8770028,-4.063067],[-39.8687563,-4.0442882],[-39.926515,-4.0355916],[-39.9104748,-4.0039189],[-39.9228522,-3.9980245],[-39.9247163,-3.9883967],[-39.9398014,-3.9894003],[-39.9524427,-3.9643026],[-40.0001452,-3.9287547],[-40.006947,-3.8990925],[-39.9248611,-3.9460854],[-39.9763432,-3.7766763],[-40.0117945,-3.7601459],[-40.0149215,-3.7120918],[-39.9130076,-3.7208293],[-39.8990677,-3.6619303],[-39.8312299,-3.6033128],[-39.809804,-3.6056422],[-39.7786337,-3.6336853],[-39.7813625,-3.6419984],[-39.7131206,-3.6549898],[-39.7016604,-3.6176848],[-39.6966634,-3.6451533],[-39.7074083,-3.6890883],[-39.6888875,-3.7086858],[-39.6822793,-3.7531249],[-39.6592537,-3.7632002],[-39.6533415,-3.7736883],[-39.6395267,-3.822134],[-39.6915932,-3.8362622],[-39.7121057,-3.8696856],[-39.7207854,-3.8722258],[-39.7109084,-3.8842406],[-39.7187314,-3.8872533],[-39.7089301,-3.9057194],[-39.7158124,-3.919729],[-39.7045306,-3.9478657],[-39.7156228,-3.9553337],[-39.7192735,-3.9701937],[-39.7069482,-3.9777805],[-39.6997006,-4.0028357],[-39.7085532,-4.015878],[-39.6835902,-4.0340371],[-39.6649485,-4.0816739],[-39.6798922,-4.0757491],[-39.7034473,-4.0908435],[-39.7053409,-4.1046499],[-39.718173,-4.0965503],[-39.7401467,-4.1101855],[-39.7557563,-4.1346187],[-39.7574757,-4.157854],[-39.7688957,-4.1588194],[-39.7809174,-4.1751211],[-39.8086756,-4.1354805],[-39.8097822,-4.1171597],[-39.8562765,-4.1046232],[-39.8493331,-4.0881661]]]}},{"type":"Feature","properties":{"level":"municipio","municipality_code":"2306256","municipality_name":"Itaitinga","uf":"CE","state_code":"23","area_km2":153.686},"geometry":{"type":"Polygon","coordinates":[[[-38.5298636,-3.8804932],[-38.5140644,-3.8946031],[-38.5018756,-3.8881821],[-38.5186127,-4.0180145],[-38.5392223,-4.049561],[-38.5359939,-4.0792455],[-38.5649298,-4.1232184],[-38.5762876,-4.1057301],[-38.6128473,-4.1040409],[-38.6045807,-4.0587584],[-38.5747217,-4.0541547],[-38.5737216,-3.9959682],[-38.5423193,-3.8591902],[-38.518954,-3.864611],[-38.5298636,-3.8804932]]]}},{"type":"Feature","properties":{"level":"municipio","municipality_code":"2306207","municipality_name":"Itaiçaba","uf":"CE","state_code":"23","area_km2":213.603},"geometry":{"type":"Polygon","coordinates":[[[-37.8315834,-4.6601657],[-37.8081347,-4.6757145],[-37.8009375,-4.6972554],[-37.7484451,-4.7193266],[-37.6162718,-4.7180139],[-37.7887298,-4.756712],[-37.7885724,-4.7295893],[-37.8251491,-4.742014],[-37.8300869,-4.763207],[-37.9337665,-4.7636224],[-37.9555694,-4.7295448],[-37.949357,-4.6602779],[-37.9088985,-4.6638414],[-37.8446995,-4.6832141],[-37.8315834,-4.6601657]]]}},{"type":"Feature","properties":{"level":"municipio","municipality_code":"2306306","municipality_name":"Itapajé","uf":"CE","state_code":"23","area_km2":436.32},"geometry":{"type":"Polygon","coordinates":[[[-39.5392661,-3.7619625],[-39.5884105,-3.8254733],[-39.6127009,-3.8208476],[-39.6229687,-3.8302659],[-39.6362913,-3.8294331],[-39.6592537,-3.7632002],[-39.6822793,-3.7531249],[-39.6888875,-3.7086858],[-39.7080205,-3.6845391],[-39.6966634,-3.6451533],[-39.6967125,-3.6130175],[-39.6798067,-3.6477457],[-39.6540556,-3.6505065],[-39.6416559,-3.641991],[-39.6356452,-3.6225361],[-39.6102772,-3.632813],[-39.6003562,-3.6261178],[-39.5670429,-3.629962],[-39.5547498,-3.6530151],[-39.5141006,-3.6581732],[-39.5129726,-3.693335],[-39.4959047,-3.721795],[-39.4714037,-3.72699],[-39.4563995,-3.747789],[-39.4388628,-3.7506772],[-39.4302855,-3.780927],[-39.4357564,-3.7915483],[-39.424292,-3.824557],[-39.4147735,-3.8298594],[-39.4303659,-3.855476],[-39.4765087,-3.8576366],[-39.4787818,-3.8177444],[-39.4891592,-3.812766],[-39.4934041,-3.8191927],[-39.489718,-3.7601785],[-39.5145138,-3.7453719],[-39.5392661,-3.7619625]]]}},{"type":"Feature","properties":{"level":"municipio","municipality_code":"2306405","municipality_name":"Itapipoca","uf":"CE","state_code":"23","area_km2":1596.225},"geometry":{"type":"Polygon","coordinates":[[[-39.5506491,-3.079233],[-39.4868939,-3.1191393],[-39.4637897,-3.143205],[-39.4214258,-3.154785],[-39.3786223,-3.1832788],[-39.4032577,-3.1905795],[-39.407985,-3.1851633],[-39.4096846,-3.2074138],[-39.4235415,-3.2006821],[-39.4606244,-3.2120118],[-39.4548155,-3.2070848],[-39.4757919,-3.1973356],[-39.4809174,-3.2092773],[-39.4868947,-3.2093702],[-39.4846042,-3.2002038],[-39.5095141,-3.2020826],[-39.5041276,-3.2410531],[-39.5224578,-3.2739079],[-39.5049866,-3.2921082],[-39.5121417,-3.3124741],[-39.5019303,-3.3237532],[-39.5031361,-3.3532417],[-39.4932063,-3.3570287],[-39.4955704,-3.3694024],[-39.481032,-3.3960194],[-39.4571731,-3.4188603],[-39.4514208,-3.4440319],[-39.4349422,-3.4539133],[-39.4263153,-3.4713427],[-39.4349562,-3.4845755],[-39.4168117,-3.5025646],[-39.400999,-3.5486737],[-39.4152126,-3.5520551],[-39.4397022,-3.5794712],[-39.4565004,-3.5856385],[-39.5045409,-3.5744713],[-39.5453266,-3.5749736],[-39.5964181,-3.6266191],[-39.6102772,-3.632813],[-39.6356452,-3.6225361],[-39.6416559,-3.641991],[-39.6540556,-3.6505065],[-39.6798067,-3.6477457],[-39.6954066,-3.6124872],[-39.7071906,-3.6211595],[-39.7085114,-3.6469986],[-39.7131233,-3.6549893],[-39.7730269,-3.5901067],[-39.7552686,-3.5858699],[-39.7525843,-3.5621893],[-39.7866449,-3.4890955],[-39.7870862,-3.4676016],[-39.7686573,-3.4579109],[-39.7671871,-3.4376825],[-39.7581642,-3.434858],[-39.7528903,-3.4135461],[-39.7351482,-3.4003988],[-39.7411319,-3.3882764],[-39.7318383,-3.3748782],[-39.737857,-3.356107],[-39.7250783,-3.3371218],[-39.7028525,-3.3230437],[-39.7287334,-3.2447594],[-39.6986346,-3.2428042],[-39.6698408,-3.1654423],[-39.6196539,-3.1468961],[-39.6126289,-3.156832],[-39.5661492,-3.13132],[-39.5506491,-3.079233]]]}},{"type":"Feature","properties":{"level":"municipio","municipality_code":"2306504","municipality_name":"Itapiúna","uf":"CE","state_code":"23","area_km2":593.231},"geometry":{"type":"Polygon","coordinates":[[[-38.8400106,-4.582734],[-38.8222796,-4.5757306],[-38.8033868,-4.5804937],[-38.7657138,-4.623237],[-38.7689464,-4.6307544],[-38.7821631,-4.6305303],[-38.7827529,-4.6406317],[-38.8022712,-4.6493567],[-38.8149089,-4.6723833],[-38.8582236,-4.6670148],[-38.8757416,-4.6813348],[-38.8834309,-4.7089955],[-38.9050552,-4.7130404],[-38.9013823,-4.7198933],[-38.9251799,-4.7397171],[-38.9437605,-4.7407936],[-38.9512165,-4.7169728],[-38.9650881,-4.7049487],[-38.949245,-4.68402],[-38.9531514,-4.6641065],[-38.9774659,-4.6697059],[-38.9773985,-4.6589744],[-38.9940678,-4.6465863],[-39.0065561,-4.6507961],[-39.025163,-4.6398613],[-39.0480102,-4.639902],[-39.0655987,-4.6539017],[-39.0784432,-4.6386157],[-39.0955718,-4.6439289],[-39.100962,-4.6361265],[-39.1127236,-4.6432098],[-39.1191973,-4.6256127],[-39.1297993,-4.6281468],[-39.0655891,-4.5611042],[-39.0762705,-4.5385616],[-39.0858666,-4.5370683],[-39.0824397,-4.5041025],[-39.0886696,-4.4937395],[-39.0791882,-4.4856205],[-39.0850401,-4.4716475],[-39.0283578,-4.4603347],[-39.0354813,-4.4764689],[-39.0180888,-4.5141943],[-39.0040564,-4.4815675],[-38.9819804,-4.4963713],[-38.9479771,-4.4876938],[-38.9363942,-4.4967734],[-38.9329598,-4.5189689],[-38.9180345,-4.5121942],[-38.9064299,-4.5265089],[-38.8796017,-4.5239987],[-38.8710146,-4.5288876],[-38.865746,-4.5507919],[-38.8380408,-4.550333],[-38.8400106,-4.582734]]]}},{"type":"Feature","properties":{"level":"municipio","municipality_code":"2306553","municipality_name":"Itarema","uf":"CE","state_code":"23","area_km2":714.833},"geometry":{"type":"Polygon","coordinates":[[[-39.9940532,-3.1339513],[-39.9906252,-3.0951106],[-39.9723987,-3.0740885],[-39.9835861,-3.0176262],[-39.9740686,-3.0010039],[-39.9577156,-2.8977387],[-39.9424209,-2.8663561],[-39.885059,-2.890957],[-39.9251533,-2.870581],[-39.8963547,-2.8787642],[-39.7069016,-3.005251],[-39.7080092,-3.0138773],[-39.868006,-3.1246053],[-39.8687059,-3.1696725],[-39.9026343,-3.2079233],[-39.8891024,-3.2239909],[-39.9063062,-3.2732109],[-39.9249736,-3.2663411],[-39.946013,-3.2437684],[-39.9767438,-3.2317979],[-39.9941759,-3.2090733],[-39.9960293,-3.1867662],[-39.9828122,-3.1648144],[-39.9940532,-3.1339513]]]}},{"type":"Feature","properties":{"level":"municipio","municipality_code":"2306603","municipality_name":"Itatira","uf":"CE","state_code":"23","area_km2":829.225},"geometry":{"type":"Polygon","coordinates":[[[-39.566077,-4.4709367],[-39.5400407,-4.48766],[-39.5419539,-4.465513],[-39.5328936,-4.4686592],[-39.5242755,-4.4988302],[-39.5086153,-4.4684163],[-39.4930751,-4.4822825],[-39.4825946,-4.5271487],[-39.4668799,-4.5391581],[-39.4641377,-4.5658025],[-39.4521719,-4.5617509],[-39.4432423,-4.5759696],[-39.4534879,-4.5957136],[-39.4206845,-4.6470464],[-39.4268052,-4.6777817],[-39.4185378,-4.6874375],[-39.4009954,-4.6865633],[-39.3875249,-4.6979508],[-39.3791707,-4.694257],[-39.3816996,-4.7128872],[-39.3712705,-4.7173442],[-39.3897982,-4.7248085],[-39.5101129,-4.7247348],[-39.5756512,-4.7487624],[-39.6288737,-4.7314207],[-39.6657421,-4.7318766],[-39.6921533,-4.7449385],[-39.7036002,-4.7408494],[-39.7064405,-4.7475128],[-39.7262384,-4.7495004],[-39.7374456,-4.7359147],[-39.7258151,-4.7210356],[-39.7333152,-4.7151036],[-39.7290788,-4.6877451],[-39.7122703,-4.6808891],[-39.7303646,-4.6667507],[-39.7157553,-4.6565364],[-39.7378711,-4.6529247],[-39.7441439,-4.6448709],[-39.7675443,-4.6463243],[-39.7700402,-4.6307371],[-39.6862195,-4.5755365],[-39.7092221,-4.5328021],[-39.6774347,-4.530904],[-39.6750861,-4.5139212],[-39.661458,-4.5175976],[-39.6366638,-4.4967451],[-39.6282394,-4.505126],[-39.6072699,-4.5026383],[-39.566077,-4.4709367]]]}},{"type":"Feature","properties":{"level":"municipio","municipality_code":"2306702","municipality_name":"Jaguaretama","uf":"CE","state_code":"23","area_km2":1826.826},"geometry":{"type":"Polygon","coordinates":[[[-38.80487,-5.7867357],[-38.9091849,-5.5952724],[-38.9037046,-5.4712421],[-38.910831,-5.4376816],[-38.922935,-5.4338395],[-38.9229843,-5.3291801],[-38.8487766,-5.2884775],[-38.8092722,-5.2214334],[-38.7638357,-5.1998549],[-38.7082144,-5.2009538],[-38.6917041,-5.2272656],[-38.7152501,-5.268343],[-38.5171456,-5.4425901],[-38.5520068,-5.4692962],[-38.529264,-5.4902736],[-38.56656,-5.5132408],[-38.5601844,-5.565556],[-38.5826727,-5.5698297],[-38.5982316,-5.585515],[-38.6214122,-5.6569164],[-38.6425282,-5.6652113],[-38.6642115,-5.6955275],[-38.6762403,-5.7456531],[-38.698049,-5.761602],[-38.7589926,-5.7690898],[-38.7665339,-5.7869307],[-38.80487,-5.7867357]]]}},{"type":"Feature","properties":{"level":"municipio","municipality_code":"2306801","municipality_name":"Jaguaribara","uf":"CE","state_code":"23","area_km2":622.963},"geometry":{"type":"Polygon","coordinates":[[[-38.4374572,-5.5452556],[-38.4385641,-5.6472231],[-38.4487199,-5.6730593],[-38.459016,-5.6792331],[-38.4518132,-5.7118073],[-38.4579312,-5.70627],[-38.4638512,-5.7323622],[-38.4903347,-5.7493948],[-38.4804216,-5.746445],[-38.4899485,-5.7702484],[-38.4815272,-5.7681638],[-38.4747069,-5.7790903],[-38.5067467,-5.7796231],[-38.5345331,-5.7506618],[-38.5458853,-5.7562417],[-38.5610713,-5.7452122],[-38.6762403,-5.7456531],[-38.6642115,-5.6955275],[-38.6425282,-5.6652113],[-38.6214122,-5.6569164],[-38.5982316,-5.585515],[-38.5826727,-5.5698297],[-38.5601844,-5.565556],[-38.56656,-5.5132408],[-38.529264,-5.4902736],[-38.5520068,-5.4692962],[-38.5295248,-5.4471363],[-38.4128797,-5.3742849],[-38.4252962,-5.39265],[-38.4260912,-5.4148526],[-38.4400411,-5.4263488],[-38.4280089,-5.4478635],[-38.4326981,-5.4774494],[-38.4471706,-5.4974475],[-38.459361,-5.5003764],[-38.4583086,-5.5167397],[-38.4374572,-5.5452556]]]}},{"type":"Feature","properties":{"level":"municipio","municipality_code":"2306900","municipality_name":"Jaguaribe","uf":"CE","state_code":"23","area_km2":1877.062},"geometry":{"type":"Polygon","coordinates":[[[-38.5126628,-5.8791541],[-38.5042925,-5.9164481],[-38.4977895,-5.9127397],[-38.5005184,-5.929234],[-38.4928715,-5.9154979],[-38.4820031,-5.9148076],[-38.490795,-5.9169035],[-38.4985767,-5.9534131],[-38.5163399,-5.9875453],[-38.5072943,-5.9857569],[-38.4858705,-5.9470719],[-38.4881215,-5.9563941],[-38.4561779,-5.9205407],[-38.4567311,-5.9294434],[-38.4473936,-5.9207645],[-38.458046,-5.9336094],[-38.4507236,-5.9354078],[-38.4781459,-5.9537443],[-38.5336409,-6.0407473],[-38.523914,-6.012926],[-38.5288733,-6.0019257],[-38.544115,-6.0740591],[-38.5619562,-6.0933963],[-38.5597676,-6.1174515],[-38.5672984,-6.1312646],[-38.5667437,-6.1152997],[-38.5843995,-6.1399552],[-38.5744013,-6.1380087],[-38.6001848,-6.177918],[-38.6173461,-6.1696269],[-38.6319127,-6.1743246],[-38.6853687,-6.2121946],[-38.7266646,-6.2002502],[-38.7353323,-6.1752465],[-38.7344827,-6.152556],[-38.7248718,-6.1476205],[-38.7088783,-6.1076746],[-38.7327573,-6.12386],[-38.7446074,-6.1110056],[-38.75529,-6.1111598],[-38.766088,-6.1241123],[-38.7832292,-6.11434],[-38.8192532,-6.1370005],[-38.8205178,-6.1244344],[-38.8279495,-6.1245026],[-38.878813,-6.1478305],[-38.9035095,-6.1373236],[-38.9074747,-6.0859947],[-38.9493524,-6.0800814],[-38.9761335,-6.1028124],[-38.9601504,-6.0487796],[-38.9633307,-6.0208204],[-38.9475304,-6.0059968],[-38.9542072,-5.9942072],[-38.9455215,-5.9849258],[-38.9484546,-5.9698285],[-38.9341447,-5.9649968],[-38.9337046,-5.9476947],[-38.9198341,-5.9508188],[-38.8755601,-5.8694646],[-38.880874,-5.8598976],[-38.8612816,-5.8550705],[-38.8545987,-5.8382908],[-38.8395689,-5.8323549],[-38.8395881,-5.8204241],[-38.8328153,-5.8195086],[-38.8370698,-5.8128246],[-38.8040631,-5.7859911],[-38.7640128,-5.7867022],[-38.7589926,-5.7690898],[-38.698049,-5.761602],[-38.6762403,-5.7456531],[-38.5610713,-5.7452122],[-38.5458853,-5.7562417],[-38.5345331,-5.7506618],[-38.5067467,-5.7796231],[-38.4745643,-5.7789718],[-38.4855166,-5.7941658],[-38.4761803,-5.7956914],[-38.4888119,-5.8048088],[-38.47709,-5.8181083],[-38.4857149,-5.8314067],[-38.4878601,-5.8663218],[-38.4915416,-5.8738958],[-38.4968254,-5.8636876],[-38.5126628,-5.8791541]]]}},{"type":"Feature","properties":{"level":"municipio","municipality_code":"2307007","municipality_name":"Jaguaruana","uf":"CE","state_code":"23","area_km2":854.36},"geometry":{"type":"Polygon","coordinates":[[[-37.8744759,-4.9394745],[-37.8721301,-4.9240317],[-37.8866515,-4.9053728],[-37.883542,-4.8533292],[-37.9337665,-4.7636224],[-37.8300869,-4.763207],[-37.8251491,-4.742014],[-37.7885724,-4.7295893],[-37.7887298,-4.756712],[-37.6162718,-4.7180139],[-37.6115132,-4.7682183],[-37.58869,-4.8082817],[-37.6403381,-4.9264044],[-37.6772438,-5.0528668],[-37.8196935,-4.9842893],[-37.8744759,-4.9394745]]]}},{"type":"Feature","properties":{"level":"municipio","municipality_code":"2307106","municipality_name":"Jardim","uf":"CE","state_code":"23","area_km2":544.995},"geometry":{"type":"Polygon","coordinates":[[[-39.2703214,-7.6598973],[-39.3055665,-7.6659316],[-39.3113886,-7.6552366],[-39.3681031,-7.62387],[-39.3718397,-7.4580733],[-39.1949002,-7.5035995],[-39.1708518,-7.5628256],[-39.0725537,-7.6261523],[-39.1064588,-7.6157845],[-39.1183096,-7.6861333],[-39.1465294,-7.7182247],[-39.1710014,-7.7152403],[-39.2083352,-7.6894803],[-39.2525649,-7.7049309],[-39.2497404,-7.6835446],[-39.2703214,-7.6598973]]]}},{"type":"Feature","properties":{"level":"municipio","municipality_code":"2307205","municipality_name":"Jati","uf":"CE","state_code":"23","area_km2":368.357},"geometry":{"type":"Polygon","coordinates":[[[-38.8919111,-7.6110116],[-38.8948106,-7.7504535],[-38.9155777,-7.7444871],[-38.9161109,-7.7585381],[-38.9276296,-7.7538063],[-38.9416343,-7.7613208],[-38.9463818,-7.7813975],[-38.9399651,-7.7951057],[-38.9649404,-7.8298285],[-38.9592139,-7.8402717],[-38.9659744,-7.8456234],[-38.9698682,-7.8283341],[-38.9567704,-7.8089271],[-38.9704304,-7.7772754],[-39.0080389,-7.7781954],[-39.059518,-7.7505015],[-39.0686706,-7.7319651],[-39.1178319,-7.6834616],[-39.1064588,-7.6157845],[-39.0725537,-7.6261523],[-39.064902,-7.6205768],[-39.045566,-7.6423667],[-38.9681146,-7.6065586],[-38.948836,-7.6140704],[-38.9358168,-7.6083137],[-38.9272404,-7.6137173],[-38.9134648,-7.6076477],[-38.9034723,-7.6159325],[-38.8919111,-7.6110116]]]}},{"type":"Feature","properties":{"level":"municipio","municipality_code":"2307254","municipality_name":"Jijoca de Jericoacoara","uf":"CE","state_code":"23","area_km2":209.029},"geometry":{"type":"Polygon","coordinates":[[[-40.409783,-2.9662687],[-40.5263895,-2.9482988],[-40.5247302,-2.9276575],[-40.5342809,-2.9161743],[-40.5279568,-2.8895908],[-40.5609296,-2.8827381],[-40.5773761,-2.8524464],[-40.5982158,-2.8441841],[-40.5371263,-2.8194883],[-40.5201377,-2.7910009],[-40.5009615,-2.7846355],[-40.4535169,-2.8052782],[-40.459607,-2.8120008],[-40.4501075,-2.8234894],[-40.4573379,-2.832783],[-40.4478967,-2.8482886],[-40.452033,-2.8897962],[-40.4323944,-2.9010109],[-40.4330054,-2.9413022],[-40.4095023,-2.9550728],[-40.409783,-2.9662687]]]}},{"type":"Feature","properties":{"level":"municipio","municipality_code":"2307304","municipality_name":"Juazeiro do Norte","uf":"CE","state_code":"23","area_km2":258.788},"geometry":{"type":"Polygon","coordinates":[[[-39.2927632,-7.1103055],[-39.2811265,-7.0926783],[-39.2663831,-7.0940454],[-39.2366256,-7.1232857],[-39.2409226,-7.1334492],[-39.2096579,-7.125204],[-39.2057343,-7.1383694],[-39.1925844,-7.1443153],[-39.2042705,-7.1655357],[-39.1969954,-7.1808542],[-39.2132437,-7.1984572],[-39.2158233,-7.2214101],[-39.2336577,-7.22547],[-39.2347717,-7.2474612],[-39.2486706,-7.2451463],[-39.2581595,-7.2638691],[-39.27534,-7.2582935],[-39.346529,-7.266],[-39.3639819,-7.2128991],[-39.3665011,-7.1634126],[-39.3431314,-7.1410598],[-39.340161,-7.1086095],[-39.2927632,-7.1103055]]]}},{"type":"Feature","properties":{"level":"municipio","municipality_code":"2307403","municipality_name":"Jucás","uf":"CE","state_code":"23","area_km2":940.336},"geometry":{"type":"Polygon","coordinates":[[[-39.5227612,-6.3393779],[-39.4911093,-6.3256794],[-39.4742157,-6.3373528],[-39.4679682,-6.3233976],[-39.4594781,-6.3248263],[-39.4732116,-6.3743594],[-39.4502064,-6.3946139],[-39.4340708,-6.3982059],[-39.4148179,-6.3912376],[-39.3981702,-6.4649217],[-39.4284885,-6.4669553],[-39.4317891,-6.4821028],[-39.4554885,-6.4943242],[-39.4619395,-6.5101234],[-39.4895354,-6.5105215],[-39.5118421,-6.5252156],[-39.5170952,-6.5412254],[-39.5375168,-6.5589987],[-39.5838474,-6.5780225],[-39.5899595,-6.5744475],[-39.6546286,-6.6136651],[-39.6777669,-6.6228422],[-39.7146994,-6.6220814],[-39.7374069,-6.6332039],[-39.7365563,-6.6127249],[-39.7192633,-6.6167146],[-39.7335176,-6.6002531],[-39.7745143,-6.6243305],[-39.7738633,-6.6072802],[-39.7624473,-6.5935852],[-39.7704436,-6.5860654],[-39.751433,-6.5815153],[-39.7498873,-6.5649576],[-39.7271887,-6.5384959],[-39.7379102,-6.5358747],[-39.7509187,-6.5123694],[-39.7248463,-6.4963551],[-39.7683474,-6.4680834],[-39.765023,-6.4427522],[-39.775772,-6.4297389],[-39.772085,-6.4060655],[-39.7141674,-6.3589688],[-39.7145238,-6.3473852],[-39.7000018,-6.3283065],[-39.6802745,-6.3372562],[-39.6519975,-6.3373545],[-39.6257662,-6.3191025],[-39.6048325,-6.3230298],[-39.5897956,-6.3072936],[-39.5600982,-6.3327429],[-39.5408709,-6.3198504],[-39.5237281,-6.3269059],[-39.5282936,-6.3328751],[-39.5227612,-6.3393779]]]}},{"type":"Feature","properties":{"level":"municipio","municipality_code":"2307502","municipality_name":"Lavras da Mangabeira","uf":"CE","state_code":"23","area_km2":945.263},"geometry":{"type":"Polygon","coordinates":[[[-38.8222502,-6.7777903],[-38.8108739,-6.8465771],[-38.8673673,-6.8605993],[-38.8910802,-6.8571642],[-38.9507085,-6.8672629],[-38.9790882,-6.8612802],[-38.9783428,-6.8684546],[-39.0145185,-6.8774357],[-39.0208584,-6.895257],[-39.0434174,-6.9001703],[-39.0449992,-6.9083704],[-39.0701856,-6.918089],[-39.0714592,-6.9300504],[-39.0908216,-6.9353083],[-39.10644,-6.9634027],[-39.1159858,-6.9428002],[-39.1665778,-6.9357782],[-39.1665231,-6.9058743],[-39.1858058,-6.8636983],[-39.181558,-6.8272817],[-39.1333772,-6.7286072],[-39.0458631,-6.6957664],[-39.0610931,-6.6636529],[-39.0521517,-6.6604455],[-39.04679,-6.6751874],[-39.016464,-6.6604149],[-38.9683942,-6.6592175],[-38.9246868,-6.6111779],[-38.9215743,-6.5666814],[-38.9032119,-6.5795272],[-38.8765668,-6.5816181],[-38.8691145,-6.590577],[-38.8735394,-6.6118104],[-38.843739,-6.667271],[-38.8547062,-6.6735003],[-38.8593744,-6.691198],[-38.8465922,-6.7092104],[-38.8469195,-6.7217375],[-38.7956479,-6.7688459],[-38.8222502,-6.7777903]]]}},{"type":"Feature","properties":{"level":"municipio","municipality_code":"2307601","municipality_name":"Limoeiro do Norte","uf":"CE","state_code":"23","area_km2":794.689},"geometry":{"type":"Polygon","coordinates":[[[-38.0697406,-5.1811101],[-38.1343839,-5.2133989],[-38.2081667,-5.1936676],[-38.2320375,-5.1623507],[-38.2381634,-5.1686947],[-38.2243729,-5.1985933],[-38.2333613,-5.2169793],[-38.2380566,-5.2109101],[-38.2381239,-5.1893452],[-38.248533,-5.1812456],[-38.2485001,-5.1687387],[-38.2268175,-5.090451],[-38.2336495,-5.0886101],[-38.2302495,-5.0560506],[-38.2381299,-5.0451063],[-38.2535776,-5.050556],[-38.2548214,-5.0301661],[-38.2671277,-5.0362355],[-38.2506111,-4.9746781],[-38.2528169,-4.9589648],[-38.2375834,-4.9695989],[-38.1882171,-4.975358],[-38.1499191,-5.0082917],[-38.1565016,-5.0121079],[-38.1419062,-5.0322781],[-38.1210416,-5.0313649],[-38.0755125,-5.0751762],[-38.0458027,-5.0879286],[-38.0424604,-5.0779497],[-38.0030953,-5.081062],[-37.9655504,-5.1137521],[-37.9261687,-5.1733487],[-37.832998,-5.2226316],[-37.7864661,-5.2236124],[-37.791859,-5.2687714],[-37.7831099,-5.2948155],[-37.9302104,-5.2971669],[-37.9675463,-5.2544044],[-37.9953642,-5.2446714],[-38.0697406,-5.1811101]]]}},{"type":"Feature","properties":{"level":"municipio","municipality_code":"2307635","municipality_name":"Madalena","uf":"CE","state_code":"23","area_km2":998.182},"geometry":{"type":"Polygon","coordinates":[[[-39.5023184,-5.0521998],[-39.6288321,-5.0429954],[-39.6071537,-5.0251755],[-39.5975281,-4.998716],[-39.6152557,-4.9795317],[-39.6036566,-4.9644122],[-39.6095664,-4.9322685],[-39.6203164,-4.9053219],[-39.6501929,-4.8702938],[-39.6517979,-4.8549931],[-39.6428297,-4.8452268],[-39.6567066,-4.8351877],[-39.6626285,-4.8022112],[-39.6775045,-4.7892874],[-39.6901887,-4.7926485],[-39.7006202,-4.7833054],[-39.7297581,-4.7801141],[-39.7381644,-4.7721076],[-39.7263358,-4.76506],[-39.7310282,-4.7553574],[-39.6657421,-4.7318766],[-39.6288737,-4.7314207],[-39.5756512,-4.7487624],[-39.5101129,-4.7247348],[-39.3897982,-4.7248085],[-39.3712705,-4.7173442],[-39.3695381,-4.7421219],[-39.3556832,-4.7518762],[-39.3186507,-4.7233595],[-39.3130094,-4.7282674],[-39.3008537,-4.7222182],[-39.2907539,-4.7384449],[-39.3424435,-4.7707793],[-39.3451996,-4.8132337],[-39.3661779,-4.8403884],[-39.3468262,-4.8961869],[-39.3660118,-4.9330833],[-39.348272,-4.9603283],[-39.3555997,-4.9665607],[-39.3535887,-4.9805163],[-39.3755034,-4.9722067],[-39.389622,-4.9437541],[-39.3866972,-4.9354879],[-39.3967722,-4.9279525],[-39.4222696,-4.9422059],[-39.4208183,-4.9504558],[-39.459703,-4.9598451],[-39.4807203,-4.9767257],[-39.4725737,-5.0086859],[-39.4936843,-5.0301761],[-39.5023184,-5.0521998]]]}},{"type":"Feature","properties":{"level":"municipio","municipality_code":"2307650","municipality_name":"Maracanaú","uf":"CE","state_code":"23","area_km2":105.084},"geometry":{"type":"Polygon","coordinates":[[[-38.6238421,-3.890071],[-38.6115394,-3.9223863],[-38.6401157,-3.9684529],[-38.6586029,-3.9540395],[-38.6543315,-3.9364536],[-38.6639446,-3.9216154],[-38.6480385,-3.8937138],[-38.6465931,-3.8757334],[-38.6608177,-3.865438],[-38.6556444,-3.8597087],[-38.6881286,-3.8567838],[-38.6695509,-3.8276151],[-38.6412703,-3.8235658],[-38.6469456,-3.8107142],[-38.6379029,-3.8013954],[-38.5875996,-3.8389113],[-38.5413587,-3.8533673],[-38.5423193,-3.8591902],[-38.5648521,-3.850854],[-38.5781176,-3.8745675],[-38.6238421,-3.890071]]]}},{"type":"Feature","properties":{"level":"municipio","municipality_code":"2307700","municipality_name":"Maranguape","uf":"CE","state_code":"23","area_km2":583.505},"geometry":{"type":"Polygon","coordinates":[[[-38.652677,-3.9586596],[-38.6401157,-3.9684529],[-38.6700567,-4.0050424],[-38.6726099,-4.039651],[-38.7263236,-4.0736917],[-38.7448758,-4.0717926],[-38.7485843,-4.0930029],[-38.7606961,-4.0724116],[-38.7749168,-4.0971743],[-38.8344878,-4.0726409],[-38.8407101,-4.1041331],[-38.8634431,-4.1049454],[-38.8561642,-4.1094558],[-38.8643192,-4.1204901],[-38.8723679,-4.1109625],[-38.8838314,-4.1138359],[-38.8865747,-4.1020013],[-38.8917861,-4.1075526],[-38.9082254,-4.1035718],[-38.9159124,-4.1200251],[-38.9281409,-4.1041164],[-38.9574473,-4.0997865],[-38.9565973,-4.0728241],[-38.9841596,-4.0443863],[-39.0035461,-3.9917706],[-38.9434661,-3.9446729],[-38.8716433,-3.9687314],[-38.8483332,-3.9948709],[-38.8116313,-3.9619419],[-38.7877198,-3.9666437],[-38.7559906,-3.9278093],[-38.7432593,-3.9351518],[-38.7371902,-3.9302111],[-38.7162413,-3.8819636],[-38.6881286,-3.8567838],[-38.6556444,-3.8597087],[-38.6608177,-3.865438],[-38.6465931,-3.8757334],[-38.6480385,-3.8937138],[-38.6639023,-3.9205518],[-38.652677,-3.9586596]]]}},{"type":"Feature","properties":{"level":"municipio","municipality_code":"2307809","municipality_name":"Marco","uf":"CE","state_code":"23","area_km2":573.61},"geometry":{"type":"Polygon","coordinates":[[[-40.083848,-3.1153592],[-40.0025845,-3.2200124],[-40.0905693,-3.1971384],[-40.1185684,-3.1984098],[-40.2375059,-3.2861173],[-40.2788128,-3.2637767],[-40.2760899,-3.3056057],[-40.3023101,-3.3017187],[-40.3182622,-3.2859549],[-40.3502178,-3.2885461],[-40.3614825,-3.2728058],[-40.385823,-3.2729059],[-40.4065644,-3.2370322],[-40.4182796,-3.2376571],[-40.4242761,-3.2159149],[-40.4309648,-3.2180642],[-40.4626272,-3.1356431],[-40.5095497,-3.1096413],[-40.4950246,-3.062025],[-40.4850294,-3.064896],[-40.4519348,-3.0967391],[-40.435432,-3.1017968],[-40.4176743,-3.1251831],[-40.3772704,-3.1391311],[-40.3612555,-3.1647965],[-40.356786,-3.2007527],[-40.3419062,-3.2038391],[-40.319959,-3.1929168],[-40.2969228,-3.2046158],[-40.2684158,-3.1504026],[-40.2365752,-3.1684128],[-40.2101051,-3.1540327],[-40.1479362,-3.1081361],[-40.1527328,-3.0892194],[-40.1395505,-3.0733412],[-40.083848,-3.1153592]]]}},{"type":"Feature","properties":{"level":"municipio","municipality_code":"2307908","municipality_name":"Martinópole","uf":"CE","state_code":"23","area_km2":303.445},"geometry":{"type":"Polygon","coordinates":[[[-40.7510415,-3.0507806],[-40.5744196,-3.1356788],[-40.5754432,-3.1662241],[-40.5475131,-3.1879282],[-40.5350817,-3.2286838],[-40.5388318,-3.2380096],[-40.5324933,-3.2403828],[-40.6690641,-3.2476425],[-40.7279212,-3.2339412],[-40.7100746,-3.2132073],[-40.7510415,-3.0507806]]]}},{"type":"Feature","properties":{"level":"municipio","municipality_code":"2308005","municipality_name":"Massapê","uf":"CE","state_code":"23","area_km2":567.78},"geometry":{"type":"Polygon","coordinates":[[[-40.3743345,-3.6135621],[-40.3793996,-3.597402],[-40.4154971,-3.5673214],[-40.4126282,-3.5387829],[-40.4338062,-3.5223374],[-40.4633204,-3.5198518],[-40.4777173,-3.4948501],[-40.4987483,-3.5104064],[-40.5301085,-3.513868],[-40.540786,-3.5223205],[-40.5327552,-3.5031468],[-40.5574302,-3.4833948],[-40.5309881,-3.4384033],[-40.5156145,-3.3930415],[-40.4622161,-3.3812772],[-40.4568587,-3.386054],[-40.4224886,-3.3697444],[-40.4144028,-3.376624],[-40.4000354,-3.3725498],[-40.3942079,-3.381899],[-40.3765708,-3.3798134],[-40.3473391,-3.3662557],[-40.3420253,-3.3509198],[-40.3364522,-3.4041782],[-40.3072952,-3.40986],[-40.27105,-3.482086],[-40.2590094,-3.4941621],[-40.2507218,-3.4902455],[-40.2585235,-3.4989631],[-40.2525436,-3.5020577],[-40.258415,-3.5160861],[-40.2519114,-3.5246497],[-40.2535663,-3.5509716],[-40.2696114,-3.5731934],[-40.2789074,-3.5714766],[-40.2801436,-3.5835552],[-40.2987814,-3.592935],[-40.2915556,-3.6069017],[-40.2990081,-3.621795],[-40.3743345,-3.6135621]]]}},{"type":"Feature","properties":{"level":"municipio","municipality_code":"2308104","municipality_name":"Mauriti","uf":"CE","state_code":"23","area_km2":1079.011},"geometry":{"type":"Polygon","coordinates":[[[-38.7758625,-7.6042277],[-38.8823563,-7.4570869],[-38.860262,-7.3544669],[-38.7830141,-7.2268077],[-38.7735144,-7.2358413],[-38.738407,-7.2376035],[-38.6199803,-7.2201089],[-38.592774,-7.2476141],[-38.5548288,-7.2404888],[-38.5538291,-7.2599962],[-38.5421454,-7.2659016],[-38.5355121,-7.2973977],[-38.5503552,-7.3154642],[-38.5485231,-7.3321317],[-38.5583543,-7.3539359],[-38.5953292,-7.4114812],[-38.5844975,-7.416351],[-38.5853008,-7.4348151],[-38.6058031,-7.4445745],[-38.603328,-7.457592],[-38.6462573,-7.4627181],[-38.6305654,-7.4839522],[-38.6546578,-7.5222219],[-38.6553251,-7.565543],[-38.711025,-7.586634],[-38.7172309,-7.626238],[-38.7758625,-7.6042277]]]}},{"type":"Feature","properties":{"level":"municipio","municipality_code":"2308203","municipality_name":"Meruoca","uf":"CE","state_code":"23","area_km2":151.651},"geometry":{"type":"Polygon","coordinates":[[[-40.4640673,-3.6404402],[-40.5045428,-3.6240955],[-40.4979407,-3.604674],[-40.478909,-3.5916793],[-40.4985239,-3.5775767],[-40.476463,-3.557619],[-40.5218008,-3.5450254],[-40.5149458,-3.5322201],[-40.5201707,-3.5133272],[-40.4987483,-3.5104064],[-40.4777173,-3.4948501],[-40.4633807,-3.5198125],[-40.4338062,-3.5223374],[-40.4126282,-3.5387829],[-40.4154971,-3.5673214],[-40.3793996,-3.597402],[-40.3763426,-3.6118615],[-40.3618556,-3.6155756],[-40.3997883,-3.6271317],[-40.3964937,-3.6370498],[-40.4064912,-3.6452961],[-40.4640673,-3.6404402]]]}},{"type":"Feature","properties":{"level":"municipio","municipality_code":"2308302","municipality_name":"Milagres","uf":"CE","state_code":"23","area_km2":579.097},"geometry":{"type":"Polygon","coordinates":[[[-38.9417337,-7.4279473],[-38.969878,-7.4273003],[-38.9619594,-7.3959093],[-39.0013274,-7.3074158],[-39.0495431,-7.2916203],[-39.0928023,-7.2530471],[-39.0829687,-7.2309605],[-39.0253431,-7.1943868],[-39.0254536,-7.1501061],[-38.9578729,-7.0817465],[-38.9089741,-7.082704],[-38.9476891,-7.1419207],[-38.9145078,-7.2430012],[-38.8796551,-7.2360925],[-38.8687738,-7.2442215],[-38.8602162,-7.2417044],[-38.8586521,-7.2308878],[-38.852794,-7.239332],[-38.8400759,-7.2396046],[-38.8155883,-7.2251933],[-38.8002905,-7.232693],[-38.7976128,-7.2181268],[-38.7846371,-7.2182619],[-38.7830141,-7.2268077],[-38.860262,-7.3544669],[-38.8823563,-7.4570869],[-38.9417337,-7.4279473]]]}},{"type":"Feature","properties":{"level":"municipio","municipality_code":"2308351","municipality_name":"Milhã","uf":"CE","state_code":"23","area_km2":502.137},"geometry":{"type":"Polygon","coordinates":[[[-39.2224135,-5.7667448],[-39.2516133,-5.7672726],[-39.2559286,-5.7570714],[-39.2730212,-5.7619125],[-39.2606513,-5.7156825],[-39.272721,-5.7093062],[-39.259042,-5.6765147],[-39.2796614,-5.6664515],[-39.2457324,-5.5846361],[-39.2207365,-5.566906],[-39.2240153,-5.5435861],[-39.2068174,-5.5443701],[-39.1888996,-5.5231208],[-39.1675572,-5.5240256],[-39.1435745,-5.5067506],[-39.1337618,-5.5124396],[-39.0913232,-5.5068316],[-39.0890427,-5.5287515],[-39.078071,-5.5327099],[-39.0630238,-5.5129187],[-39.0464391,-5.5113817],[-39.0269683,-5.489886],[-39.1631537,-5.7985325],[-39.2098466,-5.7883497],[-39.2224135,-5.7667448]]]}},{"type":"Feature","properties":{"level":"municipio","municipality_code":"2308377","municipality_name":"Miraíma","uf":"CE","state_code":"23","area_km2":708.678},"geometry":{"type":"Polygon","coordinates":[[[-39.9130076,-3.7208293],[-40.0149215,-3.7120918],[-40.0202625,-3.6941847],[-40.0096393,-3.6460341],[-39.9866149,-3.6124575],[-39.9744111,-3.5716224],[-39.9974952,-3.5801532],[-40.0433848,-3.5805866],[-40.0530659,-3.589646],[-40.069983,-3.5938982],[-40.0429967,-3.5675789],[-40.0493331,-3.5341711],[-40.036305,-3.4951395],[-40.0429525,-3.4756508],[-40.0262691,-3.4507047],[-40.027866,-3.4374248],[-39.9832157,-3.4408242],[-39.9386784,-3.4341393],[-39.7835918,-3.4643941],[-39.7865015,-3.4898103],[-39.7525843,-3.5621893],[-39.7552686,-3.5858699],[-39.7730269,-3.5901067],[-39.7131233,-3.6549893],[-39.7813625,-3.6419984],[-39.7786337,-3.6336853],[-39.809804,-3.6056422],[-39.8312299,-3.6033128],[-39.8990677,-3.6619303],[-39.9130076,-3.7208293]]]}},{"type":"Feature","properties":{"level":"municipio","municipality_code":"2308401","municipality_name":"Missão Velha","uf":"CE","state_code":"23","area_km2":613.317},"geometry":{"type":"Polygon","coordinates":[[[-39.2042705,-7.1655357],[-39.1530696,-7.1302916],[-39.1367915,-7.1295913],[-39.1337122,-7.1424733],[-39.1219052,-7.1427616],[-39.1121501,-7.1584338],[-39.0960579,-7.1538515],[-39.0907064,-7.1631605],[-39.0910885,-7.1562256],[-39.0774864,-7.1557943],[-39.0726048,-7.1421537],[-39.0676035,-7.1470928],[-39.05132,-7.1376577],[-39.0387179,-7.14931],[-39.0254536,-7.1501061],[-39.0253431,-7.1943868],[-39.0829687,-7.2309605],[-39.0928023,-7.2530471],[-39.0819776,-7.2688258],[-39.0907027,-7.2811441],[-39.0811505,-7.3012044],[-39.0996446,-7.3223258],[-39.1020794,-7.3403923],[-39.0760669,-7.4310635],[-39.0805746,-7.4572417],[-39.0952764,-7.464141],[-39.153497,-7.4509129],[-39.1872473,-7.473946],[-39.1949002,-7.5035995],[-39.2540967,-7.4877414],[-39.2544072,-7.4476719],[-39.2268756,-7.4135212],[-39.2229382,-7.3973029],[-39.2318775,-7.3815284],[-39.2284514,-7.3727862],[-39.2409422,-7.3628539],[-39.2066933,-7.3018411],[-39.2577429,-7.2631116],[-39.2486706,-7.2451463],[-39.2347717,-7.2474612],[-39.2336577,-7.22547],[-39.2158233,-7.2214101],[-39.2132437,-7.1984572],[-39.1969954,-7.1808542],[-39.2042705,-7.1655357]]]}},{"type":"Feature","properties":{"level":"municipio","municipality_code":"2308500","municipality_name":"Mombaça","uf":"CE","state_code":"23","area_km2":2105.518},"geometry":{"type":"Polygon","coordinates":[[[-39.6007344,-5.6245012],[-39.587009,-5.6063272],[-39.5632211,-5.6157706],[-39.5422627,-5.6135856],[-39.5134807,-5.6285915],[-39.483305,-5.6150596],[-39.4771417,-5.6444614],[-39.432101,-5.6552004],[-39.460186,-5.6872459],[-39.4731051,-5.6856258],[-39.4907982,-5.7241242],[-39.5024956,-5.7249637],[-39.5530849,-5.8342143],[-39.5565426,-5.8500884],[-39.5462659,-5.8624379],[-39.5503556,-5.9045137],[-39.5658022,-5.962608],[-39.5969002,-5.9766546],[-39.601132,-5.989259],[-39.6522985,-5.96637],[-39.6701918,-5.994468],[-39.6746623,-6.0222031],[-39.704214,-6.004401],[-39.722966,-6.0066651],[-39.7299554,-6.0205797],[-39.7422599,-6.0178042],[-39.7450481,-6.0052818],[-39.7227349,-5.9751513],[-39.7541837,-6.0064022],[-39.7796043,-6.0178308],[-39.7944955,-6.0208793],[-39.8131071,-6.0120878],[-39.8261619,-6.0251117],[-39.8255499,-6.0416594],[-39.875713,-6.0908452],[-39.8937041,-6.0965062],[-39.9095143,-6.0801777],[-39.9430337,-6.1035274],[-39.9560803,-6.1006722],[-39.9599461,-6.0855088],[-39.9353043,-6.0796481],[-39.9097227,-6.0586294],[-39.9055675,-6.036851],[-39.8889762,-6.0344283],[-39.8713189,-6.0130586],[-39.8737358,-6.005851],[-39.8358795,-5.9768541],[-39.833743,-5.9410749],[-39.8375118,-5.9300035],[-39.8493978,-5.9334581],[-39.8766369,-5.9098208],[-39.8606899,-5.890204],[-39.8701097,-5.8838617],[-39.9133647,-5.8991245],[-39.959497,-5.8728198],[-39.9410511,-5.8633014],[-39.9203753,-5.8322719],[-39.9594887,-5.8169068],[-39.9728045,-5.8230113],[-39.9856907,-5.8129849],[-39.9909988,-5.7810189],[-40.0085129,-5.7737722],[-40.0064111,-5.7172859],[-40.014719,-5.7075561],[-40.0359936,-5.7031763],[-40.0497694,-5.6733298],[-40.0378778,-5.6464924],[-40.0318676,-5.6398406],[-40.0206179,-5.6423945],[-40.024081,-5.634989],[-40.012034,-5.6244476],[-39.9813299,-5.6355533],[-39.9659611,-5.6326089],[-39.9632367,-5.618982],[-39.9518637,-5.6414948],[-39.9311203,-5.6339634],[-39.9369343,-5.6246788],[-39.927635,-5.6214794],[-39.9232075,-5.6390257],[-39.9067863,-5.6417365],[-39.8766788,-5.6275783],[-39.8759064,-5.6400532],[-39.849594,-5.6238848],[-39.8494172,-5.602498],[-39.8343481,-5.591296],[-39.7847216,-5.5923963],[-39.7503262,-5.5757821],[-39.741095,-5.5970086],[-39.6918774,-5.5994707],[-39.6943974,-5.6132019],[-39.6769601,-5.6219492],[-39.6621661,-5.6112219],[-39.6322347,-5.6064523],[-39.6361144,-5.6396118],[-39.6007344,-5.6245012]]]}},{"type":"Feature","properties":{"level":"municipio","municipality_code":"2308609","municipality_name":"Monsenhor Tabosa","uf":"CE","state_code":"23","area_km2":892.538},"geometry":{"type":"Polygon","coordinates":[[[-40.1600423,-5.16479],[-40.1658814,-5.1584406],[-40.1460094,-5.1523326],[-40.1350548,-5.1320129],[-40.1387313,-5.104133],[-40.133325,-5.0993603],[-40.1552945,-5.0822416],[-40.1372619,-5.0747454],[-40.1541246,-5.0413979],[-40.1467406,-5.0328896],[-40.1057041,-5.02397],[-40.0997666,-5.0012261],[-40.1149366,-5.0004831],[-40.1140777,-4.984858],[-40.1330869,-4.9922364],[-40.1342901,-4.9746944],[-40.1663604,-4.9639509],[-40.1608135,-4.9414507],[-40.1956819,-4.9067108],[-40.1677847,-4.8983928],[-40.1438935,-4.9031368],[-40.1359754,-4.8890529],[-40.1075717,-4.8743236],[-40.1100505,-4.8504682],[-40.1415047,-4.8179016],[-40.1198853,-4.7480289],[-40.0594998,-4.7168073],[-39.9261583,-4.7348921],[-39.9285834,-4.7745402],[-39.9388372,-4.7696859],[-39.9289841,-4.7971099],[-39.9483602,-4.8158013],[-39.9487867,-4.8307631],[-39.892151,-4.8933868],[-39.9015973,-4.9050563],[-39.9289379,-4.91277],[-39.9342508,-4.9247342],[-39.9565671,-4.9254323],[-39.9607216,-4.9397242],[-39.968656,-4.9408443],[-39.9579902,-5.0258342],[-39.970487,-5.0284608],[-39.9737837,-5.0498514],[-39.9975964,-5.0844914],[-40.1600423,-5.16479]]]}},{"type":"Feature","properties":{"level":"municipio","municipality_code":"2308708","municipality_name":"Morada Nova","uf":"CE","state_code":"23","area_km2":2822.836},"geometry":{"type":"Polygon","coordinates":[[[-38.2268175,-5.090451],[-38.2485577,-5.1806025],[-38.2381239,-5.1893452],[-38.2380566,-5.2109101],[-38.3277896,-5.2727312],[-38.3384648,-5.2968747],[-38.3297036,-5.3171498],[-38.3494976,-5.3266331],[-38.3626287,-5.3494038],[-38.3891047,-5.3564469],[-38.3960196,-5.3706288],[-38.4085324,-5.3709798],[-38.5171456,-5.4425901],[-38.7152501,-5.268343],[-38.6917041,-5.2272656],[-38.6772592,-5.2272883],[-38.6103839,-5.1473805],[-38.6196304,-5.0912459],[-38.6295579,-5.0855176],[-38.6270529,-5.0675228],[-38.4858264,-5.0878388],[-38.4988707,-5.0560947],[-38.4834999,-5.0358758],[-38.4794686,-5.0102239],[-38.4962427,-5.0044013],[-38.5054264,-4.9833709],[-38.4971922,-4.9633469],[-38.5084574,-4.9619724],[-38.5073549,-4.9563075],[-38.4245652,-4.930665],[-38.4142569,-4.9465815],[-38.4042015,-4.9479813],[-38.4380956,-4.8755498],[-38.4508924,-4.8798026],[-38.4615429,-4.8736539],[-38.4636331,-4.8820568],[-38.4910705,-4.8802501],[-38.517879,-4.8901806],[-38.5283601,-4.8826529],[-38.5924443,-4.8739809],[-38.6303412,-4.9008951],[-38.6278293,-4.9222478],[-38.6475384,-4.9375525],[-38.6391008,-4.9169618],[-38.649662,-4.9029688],[-38.6462895,-4.8946506],[-38.6668316,-4.8693941],[-38.6506205,-4.8508253],[-38.6141187,-4.8385968],[-38.5971754,-4.8110117],[-38.5850413,-4.8078285],[-38.5750542,-4.7668748],[-38.5374808,-4.7560975],[-38.5277742,-4.7461114],[-38.5197184,-4.7300168],[-38.5337524,-4.7033684],[-38.5285146,-4.6785693],[-38.5157789,-4.6652316],[-38.4979093,-4.6513007],[-38.4685965,-4.6452206],[-38.449464,-4.6508591],[-38.4061964,-4.6063349],[-38.4076834,-4.5965332],[-38.3863179,-4.5856741],[-38.3884344,-4.5790998],[-38.3688278,-4.5762435],[-38.3644507,-4.5425978],[-38.3823342,-4.5197585],[-38.3617796,-4.5007746],[-38.214633,-4.5901517],[-38.2813493,-4.6576743],[-38.3070679,-4.6499891],[-38.3376967,-4.7539345],[-38.3684936,-4.7523144],[-38.3690301,-4.8510327],[-38.3592949,-4.8468052],[-38.3375825,-4.8607966],[-38.325443,-4.854955],[-38.3217666,-4.8790112],[-38.3080407,-4.8798031],[-38.2996673,-4.8924181],[-38.2614663,-4.8837611],[-38.2133382,-4.9742023],[-38.2528169,-4.9589648],[-38.2506111,-4.9746781],[-38.2638524,-5.0074291],[-38.2671277,-5.0362355],[-38.2548214,-5.0301661],[-38.2535776,-5.050556],[-38.2381299,-5.0451063],[-38.2302495,-5.0560506],[-38.2336495,-5.0886101],[-38.2268175,-5.090451]]]}},{"type":"Feature","properties":{"level":"municipio","municipality_code":"2308807","municipality_name":"Moraújo","uf":"CE","state_code":"23","area_km2":414.446},"geometry":{"type":"Polygon","coordinates":[[[-40.5588816,-3.5304372],[-40.6701492,-3.5298806],[-40.6715226,-3.5117617],[-40.6916224,-3.5101217],[-40.706548,-3.5211029],[-40.7619274,-3.5050728],[-40.8568439,-3.5359012],[-40.8216775,-3.4708189],[-40.8490659,-3.4171692],[-40.8141247,-3.4259543],[-40.7983252,-3.4179597],[-40.7724488,-3.4221711],[-40.7371747,-3.4380928],[-40.7369179,-3.430739],[-40.720795,-3.4234111],[-40.7257478,-3.3828447],[-40.6952207,-3.4014035],[-40.6644057,-3.3613811],[-40.6340071,-3.3574527],[-40.6056528,-3.3666133],[-40.6120676,-3.3810873],[-40.6300078,-3.3921427],[-40.5987182,-3.4128542],[-40.5617036,-3.4064524],[-40.570256,-3.4383458],[-40.537283,-3.4483899],[-40.5574302,-3.4833948],[-40.5327552,-3.5031468],[-40.550023,-3.5378982],[-40.5588816,-3.5304372]]]}},{"type":"Feature","properties":{"level":"municipio","municipality_code":"2308906","municipality_name":"Morrinhos","uf":"CE","state_code":"23","area_km2":411.608},"geometry":{"type":"Polygon","coordinates":[[[-40.0025845,-3.2200124],[-39.9312014,-3.3196591],[-39.9479063,-3.3431954],[-39.9878556,-3.3662975],[-40.0339741,-3.3604001],[-40.0700829,-3.3672389],[-40.0921794,-3.3544867],[-40.084021,-3.3154954],[-40.1064645,-3.3190046],[-40.1456441,-3.3035989],[-40.1821701,-3.3205583],[-40.2011363,-3.3076546],[-40.3412206,-3.3161809],[-40.3395915,-3.2839392],[-40.3182622,-3.2859549],[-40.3023101,-3.3017187],[-40.2743707,-3.3055949],[-40.2788128,-3.2637767],[-40.2375059,-3.2861173],[-40.1185684,-3.1984098],[-40.0905693,-3.1971384],[-40.0025845,-3.2200124]]]}},{"type":"Feature","properties":{"level":"municipio","municipality_code":"2309003","municipality_name":"Mucambo","uf":"CE","state_code":"23","area_km2":192.19},"geometry":{"type":"Polygon","coordinates":[[[-40.66941718438842,-3.9600035852116653],[-40.6901812,-3.9543436],[-40.7285508,-3.968195],[-40.761478,-3.9506327],[-40.8227332,-3.956325],[-40.8338272,-3.9244188],[-40.7955503,-3.9163212],[-40.7774334,-3.883722],[-40.8538538,-3.8953235],[-40.856443,-3.8786425],[-40.8766707,-3.872101],[-40.8472606,-3.8632053],[-40.8258546,-3.8685654],[-40.7942681,-3.8363533],[-40.7661721,-3.8631114],[-40.7405763,-3.8288968],[-40.7094082,-3.822074],[-40.6699273,-3.8464983],[-40.7132266,-3.8868799],[-40.7130751,-3.9181004],[-40.6656328,-3.9390656],[-40.66941718438842,-3.9600035852116653]]]}},{"type":"Feature","properties":{"level":"municipio","municipality_code":"2309102","municipality_name":"Mulungu","uf":"CE","state_code":"23","area_km2":97.951},"geometry":{"type":"Polygon","coordinates":[[[-39.0031705,-4.2610646],[-38.9853695,-4.2657962],[-38.9412092,-4.3032608],[-38.9335883,-4.3231461],[-38.9468901,-4.3238467],[-38.9483538,-4.3389331],[-38.9704126,-4.368202],[-38.9852452,-4.3625368],[-39.0137309,-4.3736436],[-39.0245324,-4.3599174],[-39.0536085,-4.3520852],[-39.0389272,-4.3495002],[-39.0250981,-4.3310576],[-39.0262603,-4.3184507],[-39.0381115,-4.3192674],[-39.0376453,-4.3071273],[-39.0461563,-4.3093395],[-39.0354275,-4.2922005],[-39.0413862,-4.2891045],[-39.021636,-4.2886652],[-39.0325316,-4.2781596],[-39.0201591,-4.2769433],[-39.0151095,-4.2646697],[-39.0115898,-4.2885468],[-39.0031705,-4.2610646]]]}},{"type":"Feature","properties":{"level":"municipio","municipality_code":"2309201","municipality_name":"Nova Olinda","uf":"CE","state_code":"23","area_km2":282.584},"geometry":{"type":"Polygon","coordinates":[[[-39.5998015,-7.209633],[-39.6932078,-7.170375],[-39.7447254,-7.0904272],[-39.757413,-7.0450243],[-39.7474521,-7.0224802],[-39.7590667,-7.0133439],[-39.7165684,-7.0022183],[-39.6752909,-7.0232943],[-39.6286548,-7.0147994],[-39.6323937,-7.0226553],[-39.5796875,-7.0437943],[-39.577465,-7.074524],[-39.5994946,-7.0800773],[-39.5998015,-7.209633]]]}},{"type":"Feature","properties":{"level":"municipio","municipality_code":"2309300","municipality_name":"Nova Russas","uf":"CE","state_code":"23","area_km2":736.911},"geometry":{"type":"Polygon","coordinates":[[[-40.3812886,-4.5488416],[-40.4461554,-4.7324598],[-40.5242578,-4.8478805],[-40.5409687,-4.8439828],[-40.5411383,-4.9153257],[-40.6266907,-4.8010591],[-40.6473154,-4.7465445],[-40.6422715,-4.7277147],[-40.6591654,-4.7053825],[-40.6542209,-4.6938813],[-40.6601604,-4.686363],[-40.6266635,-4.6212209],[-40.6047612,-4.6200943],[-40.5894864,-4.6005346],[-40.5829455,-4.5779628],[-40.5878834,-4.5575772],[-40.509401,-4.5075023],[-40.3812886,-4.5488416]]]}},{"type":"Feature","properties":{"level":"municipio","municipality_code":"2309409","municipality_name":"Novo Oriente","uf":"CE","state_code":"23","area_km2":954.384},"geometry":{"type":"Polygon","coordinates":[[[-40.7778014,-5.4928762],[-40.7614994,-5.4753365],[-40.7377119,-5.4837949],[-40.7240839,-5.4634247],[-40.6830491,-5.4701424],[-40.6851312,-5.4507245],[-40.659516,-5.4483141],[-40.6457774,-5.4266554],[-40.5520412,-5.429611],[-40.5694108,-5.4384203],[-40.6124505,-5.5200407],[-40.6019759,-5.5284899],[-40.6176938,-5.5451772],[-40.6081288,-5.5599323],[-40.6246593,-5.5797962],[-40.6205893,-5.6010624],[-40.6365405,-5.6131095],[-40.6388629,-5.6226717],[-40.6290461,-5.6346792],[-40.6535441,-5.6692149],[-40.646769,-5.6779027],[-40.6641636,-5.6767333],[-40.6796025,-5.6900762],[-40.7255088,-5.6901661],[-40.7502576,-5.7201052],[-40.7792077,-5.7362007],[-40.7941892,-5.7346798],[-40.8432745,-5.7705445],[-40.8724062,-5.7624716],[-40.8822775,-5.76977],[-40.9098841,-5.7642034],[-40.9177528,-5.7447935],[-40.9139501,-5.7249666],[-40.9387693,-5.6733406],[-40.9112329,-5.6565588],[-40.9012839,-5.6118715],[-40.9119448,-5.5948464],[-40.9156645,-5.5643716],[-40.9329565,-5.5472801],[-40.9327995,-5.4987091],[-40.9021287,-5.4771586],[-40.8755281,-5.4919986],[-40.8619457,-5.4930125],[-40.8465523,-5.4789613],[-40.8144466,-5.4779603],[-40.810193,-5.4906007],[-40.7778014,-5.4928762]]]}},{"type":"Feature","properties":{"level":"municipio","municipality_code":"2309458","municipality_name":"Ocara","uf":"CE","state_code":"23","area_km2":763.075},"geometry":{"type":"Polygon","coordinates":[[[-38.3614552,-4.5007935],[-38.3823342,-4.5197585],[-38.3644507,-4.5425978],[-38.3688278,-4.5762435],[-38.3884344,-4.5790998],[-38.3863179,-4.5856741],[-38.4076834,-4.5965332],[-38.4061964,-4.6063349],[-38.449464,-4.6508591],[-38.4685965,-4.6452206],[-38.4987917,-4.6515766],[-38.528895,-4.6805906],[-38.5775182,-4.6659012],[-38.5936004,-4.6688378],[-38.6089715,-4.6592089],[-38.6494867,-4.5557107],[-38.6222752,-4.5367364],[-38.6180341,-4.525166],[-38.6284898,-4.4891206],[-38.6363832,-4.4843762],[-38.6366866,-4.4535105],[-38.6027189,-4.420504],[-38.5687674,-4.4149631],[-38.5318517,-4.3785511],[-38.533907,-4.368875],[-38.4940945,-4.3887928],[-38.4716876,-4.3904608],[-38.4433967,-4.4090827],[-38.4368197,-4.3838672],[-38.3624691,-4.4688549],[-38.3614552,-4.5007935]]]}},{"type":"Feature","properties":{"level":"municipio","municipality_code":"2309508","municipality_name":"Orós","uf":"CE","state_code":"23","area_km2":577.526},"geometry":{"type":"Polygon","coordinates":[[[-38.9493524,-6.0800814],[-38.9072283,-6.0862861],[-38.9035095,-6.1373236],[-38.8890471,-6.1459116],[-38.8769682,-6.1477473],[-38.8487999,-6.1307798],[-38.8425422,-6.135891],[-38.827573,-6.124442],[-38.8156827,-6.1361375],[-38.8007708,-6.1219448],[-38.8302191,-6.2315982],[-38.8294273,-6.2634032],[-38.8218752,-6.2762381],[-38.8783307,-6.3274368],[-38.9163396,-6.3096042],[-38.9344815,-6.3400191],[-38.957016,-6.3349492],[-38.974373,-6.3401397],[-38.9838397,-6.3521477],[-38.9816073,-6.378821],[-39.036361,-6.3759527],[-39.0564348,-6.387205],[-39.0818007,-6.3642584],[-39.1293902,-6.4086288],[-39.1299243,-6.3893383],[-39.1189707,-6.3837557],[-39.100197,-6.3431749],[-39.0824157,-6.333259],[-39.0716054,-6.3113216],[-39.052828,-6.2961578],[-39.0563409,-6.2588205],[-39.0031917,-6.2201643],[-38.9861863,-6.1566295],[-38.9688289,-6.1224246],[-38.9761335,-6.1028124],[-38.9493524,-6.0800814]]]}},{"type":"Feature","properties":{"level":"municipio","municipality_code":"2309607","municipality_name":"Pacajus","uf":"CE","state_code":"23","area_km2":250.305},"geometry":{"type":"Polygon","coordinates":[[[-38.463218,-4.2452467],[-38.5246938,-4.225892],[-38.5314559,-4.2325921],[-38.570474,-4.2354845],[-38.6144394,-4.1829202],[-38.6194048,-4.1690155],[-38.6138663,-4.1520203],[-38.5703908,-4.1282485],[-38.5261904,-4.1322113],[-38.4964443,-4.1451546],[-38.4802347,-4.1381707],[-38.381888,-4.1451465],[-38.3928506,-4.223148],[-38.4443095,-4.2298435],[-38.4473606,-4.240266],[-38.463218,-4.2452467]]]}},{"type":"Feature","properties":{"level":"municipio","municipality_code":"2309706","municipality_name":"Pacatuba","uf":"CE","state_code":"23","area_km2":133.223},"geometry":{"type":"Polygon","coordinates":[[[-38.6083471,-4.0115262],[-38.6357711,-4.0235864],[-38.6494478,-4.0060501],[-38.6677142,-4.0184326],[-38.6700567,-4.0050424],[-38.6175472,-3.9384922],[-38.6125593,-3.9156339],[-38.6253823,-3.8909623],[-38.5871019,-3.8811836],[-38.5680079,-3.8656203],[-38.5648521,-3.850854],[-38.5423193,-3.8591902],[-38.5737216,-3.9959682],[-38.5747217,-4.0541547],[-38.6083471,-4.0115262]]]}},{"type":"Feature","properties":{"level":"municipio","municipality_code":"2309805","municipality_name":"Pacoti","uf":"CE","state_code":"23","area_km2":112.433},"geometry":{"type":"Polygon","coordinates":[[[-38.9063995,-4.2477982],[-38.9411367,-4.2357748],[-38.9346053,-4.2127463],[-38.9482669,-4.2057213],[-38.9447997,-4.1824914],[-38.9619264,-4.1678902],[-38.9546703,-4.1370059],[-38.9295187,-4.1387755],[-38.9438621,-4.1482593],[-38.9246308,-4.1559668],[-38.914765,-4.1441442],[-38.8964805,-4.1462921],[-38.8803057,-4.1718445],[-38.8564775,-4.1627508],[-38.8434846,-4.2227961],[-38.848799,-4.2298023],[-38.854037,-4.2252511],[-38.8628393,-4.2441836],[-38.8735297,-4.2449692],[-38.8762159,-4.2625172],[-38.8919926,-4.2610447],[-38.8876045,-4.269939],[-38.8912397,-4.2770241],[-38.9063995,-4.2477982]]]}},{"type":"Feature","properties":{"level":"municipio","municipality_code":"2309904","municipality_name":"Pacujá","uf":"CE","state_code":"23","area_km2":88.355},"geometry":{"type":"Polygon","coordinates":[[[-40.66941718438842,-3.9600035852116653],[-40.6656328,-3.9390656],[-40.6566965,-3.9420787],[-40.6582194,-3.972309],[-40.667523,-3.9849922],[-40.6357992,-3.9974025],[-40.6431858,-4.0065394],[-40.638848,-4.0239088],[-40.62927,-4.0298894],[-40.68255,-4.0575647],[-40.7134172,-4.0599433],[-40.730858,-3.9673427],[-40.7004281,-3.9628749],[-40.6901812,-3.9543436],[-40.66941718438842,-3.9600035852116653]]]}},{"type":"Feature","properties":{"level":"municipio","municipality_code":"2310001","municipality_name":"Palhano","uf":"CE","state_code":"23","area_km2":436.98},"geometry":{"type":"Polygon","coordinates":[[[-37.9555694,-4.7295448],[-37.9004355,-4.8208553],[-38.042265,-4.8446529],[-38.0605316,-4.811375],[-38.0484082,-4.7773096],[-38.0609008,-4.7538326],[-38.0842976,-4.7322256],[-38.0940284,-4.7046208],[-38.1464155,-4.6651206],[-38.1820574,-4.6227477],[-38.1478217,-4.6143104],[-38.1079339,-4.617197],[-38.1099968,-4.6063619],[-38.0843399,-4.5874884],[-38.0680463,-4.5947509],[-38.0417713,-4.5899765],[-38.0240895,-4.5995532],[-38.0128695,-4.5928159],[-38.0007149,-4.5977344],[-37.9864329,-4.5836341],[-37.9734695,-4.6154823],[-37.9943392,-4.6470498],[-37.9932371,-4.6607374],[-37.9505284,-4.6617678],[-37.9555694,-4.7295448]]]}},{"type":"Feature","properties":{"level":"municipio","municipality_code":"2310100","municipality_name":"Palmácia","uf":"CE","state_code":"23","area_km2":128.896},"geometry":{"type":"Polygon","coordinates":[[[-38.8564775,-4.1627508],[-38.8803057,-4.1718445],[-38.8964805,-4.1462921],[-38.914765,-4.1441442],[-38.9239478,-4.1560269],[-38.9399423,-4.1517251],[-38.9437842,-4.1477314],[-38.9290557,-4.1398314],[-38.9364321,-4.1300263],[-38.9489198,-4.1291445],[-38.9399673,-4.1255904],[-38.9435791,-4.1035855],[-38.9277801,-4.104305],[-38.9154682,-4.1200285],[-38.9082254,-4.1035718],[-38.8917861,-4.1075526],[-38.8865747,-4.1020013],[-38.8838314,-4.1138359],[-38.8723679,-4.1109625],[-38.864234,-4.1204765],[-38.8561642,-4.1094558],[-38.8634431,-4.1049454],[-38.8407101,-4.1041331],[-38.8344878,-4.0726409],[-38.7749168,-4.0971743],[-38.7587339,-4.0735854],[-38.7485039,-4.0929689],[-38.7550107,-4.1282792],[-38.7906511,-4.1351175],[-38.7888211,-4.1421667],[-38.8042469,-4.1448506],[-38.8033381,-4.1614439],[-38.8545131,-4.1770633],[-38.8564775,-4.1627508]]]}},{"type":"Feature","properties":{"level":"municipio","municipality_code":"2310209","municipality_name":"Paracuru","uf":"CE","state_code":"23","area_km2":304.736},"geometry":{"type":"Polygon","coordinates":[[[-38.928563251,-3.47307294999996],[-38.9354138,-3.4711445],[-38.9478612,-3.4963077],[-38.968371,-3.5116473],[-38.9603582,-3.5482632],[-38.9865869,-3.5611898],[-39.006545,-3.552272],[-39.0495897,-3.5540683],[-39.0700317,-3.542626],[-39.0865399,-3.552568],[-39.101203,-3.5494368],[-39.1004757,-3.5322334],[-39.1665412,-3.5229844],[-39.1649558,-3.5078954],[-39.1407821,-3.4799364],[-39.1196299,-3.4868906],[-39.1145687,-3.4734339],[-39.122882,-3.4347989],[-39.1065466,-3.4376733],[-39.1078167,-3.42097],[-39.0837196,-3.4074002],[-39.0408746,-3.4118548],[-38.9943361,-3.3978068],[-38.9398097,-3.4489797],[-38.928563251,-3.47307294999996]]]}},{"type":"Feature","properties":{"level":"municipio","municipality_code":"2310258","municipality_name":"Paraipaba","uf":"CE","state_code":"23","area_km2":289.231},"geometry":{"type":"Polygon","coordinates":[[[-39.1209953,-3.4337507],[-39.1145687,-3.4734339],[-39.1187579,-3.4854401],[-39.1407821,-3.4799364],[-39.1649558,-3.5078954],[-39.1665412,-3.5229844],[-39.2624632,-3.4905066],[-39.2503371,-3.4119065],[-39.2635427,-3.3835637],[-39.2505388,-3.3710491],[-39.2555374,-3.3599715],[-39.2144822,-3.3499924],[-39.2038513,-3.3562182],[-39.1648394,-3.3261884],[-39.1393777,-3.3457085],[-39.1137932,-3.346379],[-39.0882776,-3.3883477],[-39.0627826,-3.4106477],[-39.0854489,-3.4082044],[-39.1078167,-3.42097],[-39.1053459,-3.4366681],[-39.1209953,-3.4337507]]]}},{"type":"Feature","properties":{"level":"municipio","municipality_code":"2310308","municipality_name":"Parambu","uf":"CE","state_code":"23","area_km2":2313.867},"geometry":{"type":"Polygon","coordinates":[[[-40.447981804962566,-6.497078378120038],[-40.4590087,-6.5282944],[-40.5275419,-6.5379875],[-40.5442839,-6.5493187],[-40.5784073,-6.5488217],[-40.6105111,-6.6084869],[-40.644176,-6.6058481],[-40.6699963,-6.6140448],[-40.6763031,-6.6005236],[-40.736489,-6.5999334],[-40.745852,-6.5655468],[-40.7921223,-6.5128611],[-40.7960894,-6.4281847],[-40.8051547,-6.3931316],[-40.7810893,-6.3516596],[-40.7801352,-6.3276718],[-40.7865622,-6.3053647],[-40.8105046,-6.2870634],[-40.8235748,-6.2582643],[-40.8522242,-6.2242205],[-40.84723,-6.2030136],[-40.8536235,-6.1632816],[-40.8457385,-6.134995],[-40.8576806,-6.1053561],[-40.8069475,-6.1049531],[-40.8104805,-6.0929471],[-40.79048,-6.0886549],[-40.7479807,-6.0907967],[-40.7470176,-6.0814868],[-40.7316769,-6.0701293],[-40.7378596,-6.0582135],[-40.7007014,-6.0336134],[-40.6870369,-6.0099626],[-40.642301,-6.0038204],[-40.61225,-5.9901544],[-40.5980439,-5.9940014],[-40.5958733,-6.002001],[-40.5889777,-5.9929847],[-40.5652031,-5.9976006],[-40.557349,-6.0074307],[-40.5317355,-5.9930651],[-40.4970692,-5.9896597],[-40.4926951,-5.9817724],[-40.4810874,-5.9897573],[-40.4661378,-6.0171936],[-40.4814077,-6.0329754],[-40.478141,-6.0522132],[-40.4863519,-6.0808392],[-40.4939369,-6.0836417],[-40.5085777,-6.1444979],[-40.5316467,-6.1600126],[-40.4880623,-6.2032638],[-40.4953005,-6.2424085],[-40.5339408,-6.279232],[-40.5886911,-6.2930878],[-40.591284,-6.3135773],[-40.6105868,-6.3377903],[-40.6038735,-6.3504957],[-40.5831916,-6.3414771],[-40.5736843,-6.3584515],[-40.5472006,-6.3403562],[-40.5278384,-6.3483493],[-40.4720738,-6.3308413],[-40.433435,-6.3345973],[-40.4297876,-6.3245115],[-40.4051534,-6.3124657],[-40.3274069,-6.401871],[-40.365307,-6.4287591],[-40.3690245,-6.4510866],[-40.3909474,-6.4744506],[-40.447981804962566,-6.497078378120038]]]}},{"type":"Feature","properties":{"level":"municipio","municipality_code":"2310407","municipality_name":"Paramoti","uf":"CE","state_code":"23","area_km2":539.238},"geometry":{"type":"Polygon","coordinates":[[[-39.1732535,-4.091626],[-39.1552921,-4.0981634],[-39.1605931,-4.1266796],[-39.2063541,-4.131196],[-39.2049214,-4.1758723],[-39.3091959,-4.1782445],[-39.3137411,-4.1715006],[-39.3173776,-4.1824863],[-39.3347278,-4.183689],[-39.3345488,-4.1939933],[-39.4916486,-4.2905923],[-39.5053293,-4.2674919],[-39.5078818,-4.2405642],[-39.530513,-4.2386346],[-39.5531251,-4.2209678],[-39.5700554,-4.21919],[-39.5597229,-4.1812318],[-39.5307551,-4.1526101],[-39.5222512,-4.1192165],[-39.4921818,-4.1116186],[-39.4839503,-4.1216001],[-39.4498542,-4.1309031],[-39.4463501,-4.1037294],[-39.4069742,-4.0959164],[-39.4012554,-4.1039484],[-39.370934,-4.110149],[-39.3578414,-4.0980526],[-39.3694475,-4.0890121],[-39.2701302,-4.0862461],[-39.2590776,-4.0767088],[-39.2364922,-4.0778049],[-39.2036807,-4.046781],[-39.1813288,-4.0670066],[-39.1732535,-4.091626]]]}},{"type":"Feature","properties":{"level":"municipio","municipality_code":"2310506","municipality_name":"Pedra Branca","uf":"CE","state_code":"23","area_km2":1328.779},"geometry":{"type":"Polygon","coordinates":[[[-39.6652373,-5.3624909],[-39.6582019,-5.3382888],[-39.6324047,-5.3370197],[-39.6226711,-5.3590512],[-39.6447365,-5.3838904],[-39.6697324,-5.3861198],[-39.6578076,-5.4394472],[-39.6436188,-5.4472639],[-39.6390025,-5.4727886],[-39.6086264,-5.4847266],[-39.6009481,-5.5003732],[-39.579969,-5.5040336],[-39.5675368,-5.5216852],[-39.5611313,-5.5175357],[-39.5518521,-5.5263029],[-39.5597018,-5.5325967],[-39.5767221,-5.5256948],[-39.5842697,-5.5343311],[-39.5839289,-5.5542592],[-39.6133791,-5.599494],[-39.640581,-5.611559],[-39.6621661,-5.6112219],[-39.6769601,-5.6219492],[-39.6943974,-5.6132019],[-39.6918774,-5.5994707],[-39.741095,-5.5970086],[-39.7503262,-5.5757821],[-39.7847216,-5.5923963],[-39.8343481,-5.591296],[-39.8494172,-5.602498],[-39.849594,-5.6238848],[-39.8759064,-5.6400532],[-39.8766788,-5.6275783],[-39.9067863,-5.6417365],[-39.9232075,-5.6390257],[-39.9261301,-5.6215297],[-39.9368143,-5.624338],[-39.9311203,-5.6339634],[-39.9518637,-5.6414948],[-39.958505,-5.6196659],[-39.9653276,-5.6323347],[-39.9809299,-5.6355898],[-40.012034,-5.6244476],[-40.024081,-5.634989],[-40.0206179,-5.6423945],[-40.0318676,-5.6398406],[-40.0378778,-5.6464924],[-40.0498699,-5.6727193],[-40.0359936,-5.7031763],[-40.0233986,-5.7121954],[-40.0425529,-5.711882],[-40.0474391,-5.697713],[-40.0637729,-5.6880663],[-40.0739938,-5.6662676],[-40.0541997,-5.6414955],[-40.063106,-5.6355637],[-40.0510579,-5.6104401],[-40.0594992,-5.6072444],[-40.0582437,-5.5943594],[-40.0771528,-5.5828169],[-40.0337836,-5.5634709],[-40.0147946,-5.5344193],[-40.0135586,-5.5192789],[-40.0307425,-5.5077926],[-40.0286594,-5.4893834],[-40.0538448,-5.4877198],[-40.0469493,-5.4675143],[-40.0553685,-5.462197],[-40.0601536,-5.4282455],[-40.0679168,-5.4245478],[-40.0518283,-5.3662121],[-40.0601764,-5.3615918],[-40.0306318,-5.34898],[-40.0224269,-5.3288873],[-40.0160294,-5.3432896],[-40.0049131,-5.339379],[-39.993126,-5.3497709],[-39.9590037,-5.3395442],[-39.9573729,-5.348266],[-39.9427505,-5.3442573],[-39.9478106,-5.3600572],[-39.9348795,-5.3640143],[-39.9223286,-5.3899922],[-39.9125313,-5.3863147],[-39.8968602,-5.3967921],[-39.8763852,-5.3739209],[-39.8637845,-5.3709989],[-39.8360908,-5.3709302],[-39.8168454,-5.3904164],[-39.805216,-5.3851498],[-39.8000192,-5.3991634],[-39.7817476,-5.3788016],[-39.757547,-5.3678122],[-39.7461166,-5.3736446],[-39.7294642,-5.368765],[-39.7235908,-5.3800312],[-39.7046359,-5.3619312],[-39.6652373,-5.3624909]]]}},{"type":"Feature","properties":{"level":"municipio","municipality_code":"2310605","municipality_name":"Penaforte","uf":"CE","state_code":"23","area_km2":150.536},"geometry":{"type":"Polygon","coordinates":[[[-39.0905551,-7.8096046],[-39.1063539,-7.7602263],[-39.1465294,-7.7182247],[-39.1178319,-7.6834616],[-39.0686706,-7.7319651],[-39.059518,-7.7505015],[-39.0080389,-7.7781954],[-38.9704304,-7.7772754],[-38.9567704,-7.8089271],[-38.9698682,-7.8283341],[-38.9659744,-7.8456234],[-39.0014086,-7.8401261],[-39.0163703,-7.8121807],[-39.0263931,-7.8246351],[-39.0537557,-7.8193046],[-39.0648798,-7.8395042],[-39.0929919,-7.8575578],[-39.0905551,-7.8096046]]]}},{"type":"Feature","properties":{"level":"municipio","municipality_code":"2310704","municipality_name":"Pentecoste","uf":"CE","state_code":"23","area_km2":1379.836},"geometry":{"type":"Polygon","coordinates":[[[-39.2415471,-3.8985861],[-39.2688122,-3.9151672],[-39.2939369,-3.9197767],[-39.3087407,-3.9363837],[-39.3487947,-3.8357655],[-39.3542064,-3.8444171],[-39.4238275,-3.8250383],[-39.4350821,-3.786838],[-39.3975277,-3.7759074],[-39.3954377,-3.7646284],[-39.3669656,-3.7674522],[-39.3516429,-3.7329999],[-39.3388091,-3.7443891],[-39.3224874,-3.7317378],[-39.2767243,-3.7370584],[-39.2136206,-3.6929319],[-39.1433258,-3.7039421],[-39.0015375,-3.6849674],[-38.9516864,-3.7234854],[-38.9570883,-3.7683479],[-38.9784695,-3.7787411],[-38.9833871,-3.8161399],[-38.9996411,-3.8452991],[-38.9844845,-3.8618153],[-38.9803809,-3.894059],[-38.9610764,-3.9058543],[-38.9624541,-3.9232132],[-38.9434661,-3.9446729],[-39.0035461,-3.9917706],[-39.0277519,-4.0631345],[-39.0638732,-4.0664676],[-39.2036807,-4.046781],[-39.1854329,-4.0016568],[-39.1917392,-3.9922761],[-39.1825386,-3.9779735],[-39.193839,-3.9671049],[-39.1854312,-3.9543274],[-39.2144969,-3.9454341],[-39.2415471,-3.8985861]]]}},{"type":"Feature","properties":{"level":"municipio","municipality_code":"2310803","municipality_name":"Pereiro","uf":"CE","state_code":"23","area_km2":449.741},"geometry":{"type":"Polygon","coordinates":[[[-38.4210639,-6.0098759],[-38.4048456,-6.0572729],[-38.4473166,-6.0852777],[-38.4407712,-6.0968743],[-38.4620852,-6.112321],[-38.4764155,-6.1444131],[-38.4736382,-6.1537972],[-38.5007583,-6.1796825],[-38.5013253,-6.1909471],[-38.5272039,-6.193378],[-38.5292859,-6.2137404],[-38.5197118,-6.2230376],[-38.5511922,-6.2343055],[-38.560766,-6.2303994],[-38.5710913,-6.2075118],[-38.6006751,-6.1864187],[-38.600543,-6.1753258],[-38.5744013,-6.1380087],[-38.5843995,-6.1399552],[-38.5667437,-6.1152997],[-38.5672984,-6.1312646],[-38.5597676,-6.1174515],[-38.5619562,-6.0933963],[-38.544115,-6.0740591],[-38.5288733,-6.0019257],[-38.523914,-6.012926],[-38.5336409,-6.0407473],[-38.4843245,-5.9617694],[-38.4640709,-5.9393432],[-38.4520305,-5.9376425],[-38.458046,-5.9336094],[-38.4472612,-5.9211692],[-38.4567311,-5.9294434],[-38.4570501,-5.9209875],[-38.4881215,-5.9563941],[-38.4852117,-5.9462852],[-38.5072943,-5.9857569],[-38.5163399,-5.9875453],[-38.4985767,-5.9534131],[-38.490795,-5.9169035],[-38.4820031,-5.9148076],[-38.4928715,-5.9154979],[-38.4986475,-5.9290849],[-38.5006739,-5.929065],[-38.4977895,-5.9127397],[-38.5054941,-5.9144237],[-38.5042547,-5.8940356],[-38.5122483,-5.8903962],[-38.5127203,-5.8795305],[-38.4968254,-5.8636876],[-38.4915416,-5.8738958],[-38.4878601,-5.8663218],[-38.4857149,-5.8314067],[-38.47709,-5.8181083],[-38.4888119,-5.8048088],[-38.4761803,-5.7956914],[-38.4853623,-5.7930204],[-38.4734297,-5.7784996],[-38.462862,-5.7806951],[-38.4629617,-5.8099718],[-38.4827055,-5.8854563],[-38.4757568,-5.8888271],[-38.4741443,-5.8773705],[-38.4593438,-5.8708583],[-38.4367762,-5.8853444],[-38.4193436,-5.879709],[-38.4190058,-5.9012001],[-38.4076173,-5.8989957],[-38.4076933,-5.9122114],[-38.3793268,-5.9508681],[-38.3976217,-5.9945595],[-38.4210639,-6.0098759]]]}},{"type":"Feature","properties":{"level":"municipio","municipality_code":"2310852","municipality_name":"Pindoretama","uf":"CE","state_code":"23","area_km2":74.033},"geometry":{"type":"Polygon","coordinates":[[[-38.2946619,-4.0615137],[-38.2840929,-4.1035659],[-38.2947574,-4.0952365],[-38.348847,-4.0881209],[-38.3702716,-4.0655868],[-38.3360325,-4.0307325],[-38.3264333,-4.0256356],[-38.3207282,-4.0307972],[-38.3131571,-4.010903],[-38.2697375,-4.0274119],[-38.2364026,-4.0227746],[-38.235555,-4.0397942],[-38.2568876,-4.0443165],[-38.2628281,-4.073369],[-38.2946619,-4.0615137]]]}},{"type":"Feature","properties":{"level":"municipio","municipality_code":"2310902","municipality_name":"Piquet Carneiro","uf":"CE","state_code":"23","area_km2":589.601},"geometry":{"type":"Polygon","coordinates":[[[-39.3278358,-5.7827667],[-39.3444774,-5.8326599],[-39.3209653,-5.8327474],[-39.3240223,-5.8448518],[-39.3540433,-5.8627849],[-39.3495707,-5.8786071],[-39.3571198,-5.8824297],[-39.3574227,-5.8961581],[-39.3760279,-5.9103053],[-39.3588609,-5.92008],[-39.3665081,-5.9467997],[-39.3517563,-5.952285],[-39.3633329,-5.9808534],[-39.3942329,-5.9733365],[-39.412951,-5.9764374],[-39.4213954,-5.9871164],[-39.4493743,-5.980058],[-39.4813051,-5.9879731],[-39.5309605,-5.9775157],[-39.5501022,-6.0116588],[-39.5600726,-6.0111801],[-39.5675161,-5.975195],[-39.5503556,-5.9045137],[-39.5462659,-5.8624379],[-39.5565426,-5.8500884],[-39.553544,-5.835411],[-39.5024956,-5.7249637],[-39.4907982,-5.7241242],[-39.4796568,-5.7021736],[-39.4602447,-5.7121678],[-39.4540817,-5.7394801],[-39.4344955,-5.7285466],[-39.3278358,-5.7827667]]]}},{"type":"Feature","properties":{"level":"municipio","municipality_code":"2310951","municipality_name":"Pires Ferreira","uf":"CE","state_code":"23","area_km2":244.464},"geometry":{"type":"Polygon","coordinates":[[[-40.5570348,-4.314709],[-40.6488251,-4.294063],[-40.6641672,-4.3092113],[-40.6721986,-4.2978524],[-40.7037013,-4.2833642],[-40.695422,-4.2618418],[-40.7022121,-4.2447148],[-40.6869844,-4.2096536],[-40.6070156,-4.2078346],[-40.5894381,-4.2008698],[-40.5620524,-4.2062564],[-40.5188501,-4.2568308],[-40.4914182,-4.2458631],[-40.4509833,-4.2090928],[-40.4395695,-4.2522094],[-40.4665246,-4.2712031],[-40.4780627,-4.2923098],[-40.5570348,-4.314709]]]}},{"type":"Feature","properties":{"level":"municipio","municipality_code":"2311009","municipality_name":"Poranga","uf":"CE","state_code":"23","area_km2":1310.768},"geometry":{"type":"Polygon","coordinates":[[[-40.8675611,-4.732484],[-40.8833612,-4.7523458],[-40.8805155,-4.7999978],[-40.8862724,-4.797487],[-40.8763834,-4.8320725],[-40.8806877,-4.8597999],[-40.8721151,-4.86319],[-40.9250367,-4.8854353],[-40.9418697,-4.8825315],[-40.9946797,-4.917075],[-41.0362023,-4.965986],[-41.0506227,-5.0262454],[-41.1216778,-5.0260174],[-41.1226032,-5.0080507],[-41.1354668,-4.9978181],[-41.1375224,-4.9849676],[-41.150922,-4.9921105],[-41.18901,-4.9406188],[-41.1985524,-4.9374549],[-41.2037911,-4.9497493],[-41.2105879,-4.9386158],[-41.2213666,-4.9382298],[-41.234928,-4.9057444],[-41.2281032,-4.8909878],[-41.2495738,-4.8696902],[-41.2394453,-4.8545385],[-41.2418184,-4.8221417],[-41.2080154,-4.7767684],[-41.2503381,-4.7566274],[-41.1738526,-4.6669429],[-41.2293307,-4.620095],[-41.2334115,-4.6087651],[-41.2212151,-4.5789362],[-41.2398187,-4.5735368],[-41.2199458,-4.5739896],[-41.2069536,-4.5859155],[-41.1838196,-4.5777347],[-41.1834299,-4.5938059],[-41.0988583,-4.6024165],[-41.0871918,-4.6134005],[-41.0684535,-4.6150819],[-40.9870658,-4.6600426],[-40.9744744,-4.6888867],[-40.9631149,-4.6882735],[-40.9553464,-4.716359],[-40.8880584,-4.7165491],[-40.8713723,-4.6862047],[-40.8482764,-4.6717907],[-40.8676989,-4.6993019],[-40.8675611,-4.732484]]]}},{"type":"Feature","properties":{"level":"municipio","municipality_code":"2311108","municipality_name":"Porteiras","uf":"CE","state_code":"23","area_km2":224.86},"geometry":{"type":"Polygon","coordinates":[[[-39.0725537,-7.6261523],[-39.1708518,-7.5628256],[-39.1949002,-7.5035995],[-39.1872473,-7.473946],[-39.153497,-7.4509129],[-39.0884097,-7.4855764],[-39.0299117,-7.5329789],[-39.0271612,-7.634273],[-39.045566,-7.6423667],[-39.064902,-7.6205768],[-39.0725537,-7.6261523]]]}},{"type":"Feature","properties":{"level":"municipio","municipality_code":"2311207","municipality_name":"Potengi","uf":"CE","state_code":"23","area_km2":343.264},"geometry":{"type":"Polygon","coordinates":[[[-39.9808683,-7.1451457],[-40.0719375,-7.1456868],[-40.1361952,-7.1123428],[-40.1672903,-7.039013],[-40.0964041,-7.0098221],[-40.0961045,-6.9877531],[-40.0818257,-6.9829209],[-40.073168,-7.0051127],[-39.9668708,-7.0028528],[-39.9494203,-7.0108213],[-39.9430176,-7.07681],[-39.9011362,-7.0683926],[-39.8898577,-7.0532074],[-39.8835754,-7.0898126],[-39.897337,-7.0969516],[-39.9175296,-7.0942934],[-39.9808683,-7.1451457]]]}},{"type":"Feature","properties":{"level":"municipio","municipality_code":"2311231","municipality_name":"Potiretama","uf":"CE","state_code":"23","area_km2":409.137},"geometry":{"type":"Polygon","coordinates":[[[-38.1469676,-5.8902345],[-38.1496496,-5.8611205],[-38.1857548,-5.8428359],[-38.1999687,-5.8469459],[-38.2273922,-5.8335144],[-38.2268472,-5.8159316],[-38.2459778,-5.7973772],[-38.2415543,-5.7907037],[-38.2558446,-5.7407605],[-38.2486399,-5.7307904],[-38.2664911,-5.6976015],[-38.2668956,-5.6820145],[-38.239165,-5.636997],[-38.23095,-5.6436276],[-38.2242971,-5.634225],[-38.2188427,-5.6398061],[-38.2130304,-5.6318215],[-38.193463,-5.6328264],[-38.1673282,-5.6454714],[-38.1712423,-5.651862],[-38.1493811,-5.6587159],[-38.148454,-5.6702525],[-38.1383405,-5.6753711],[-38.0828404,-5.6724407],[-38.0882363,-5.7300377],[-38.075226,-5.7234691],[-38.0470084,-5.7302628],[-38.0615092,-5.7620533],[-38.114361,-5.8222554],[-38.1249373,-5.8876121],[-38.1592981,-5.9245759],[-38.1657167,-5.9145608],[-38.1469676,-5.8902345]]]}},{"type":"Feature","properties":{"level":"municipio","municipality_code":"2311264","municipality_name":"Quiterianópolis","uf":"CE","state_code":"23","area_km2":1022.896},"geometry":{"type":"Polygon","coordinates":[[[-40.6602188,-5.8463865],[-40.6827248,-5.8795828],[-40.6628222,-5.9133007],[-40.6956448,-5.9120674],[-40.7054159,-5.9385698],[-40.7145725,-5.9406331],[-40.7129158,-5.9666039],[-40.7378552,-5.9718762],[-40.7464597,-5.9840736],[-40.7358817,-6.0010483],[-40.7336461,-6.029786],[-40.712104,-6.042723],[-40.7378596,-6.0582135],[-40.7332114,-6.0733049],[-40.7470176,-6.0814868],[-40.7479807,-6.0907967],[-40.79048,-6.0886549],[-40.8104805,-6.0929471],[-40.8069475,-6.1049531],[-40.8576806,-6.1053561],[-40.8735951,-6.055405],[-40.9075475,-6.0446616],[-40.9039474,-6.020877],[-40.8736344,-5.9667581],[-40.880216,-5.9176672],[-40.8975193,-5.9012974],[-40.8936441,-5.8838093],[-40.9090572,-5.8255508],[-40.9098841,-5.7642034],[-40.8822775,-5.76977],[-40.8724062,-5.7624716],[-40.8432745,-5.7705445],[-40.7941892,-5.7346798],[-40.7792077,-5.7362007],[-40.7502576,-5.7201052],[-40.7255088,-5.6901661],[-40.6796025,-5.6900762],[-40.6641636,-5.6767333],[-40.659639,-5.6926579],[-40.6378834,-5.7078133],[-40.6390665,-5.7178559],[-40.6242367,-5.7331306],[-40.605924,-5.7252935],[-40.5997133,-5.7371577],[-40.5698132,-5.7415188],[-40.5378072,-5.7217123],[-40.5440331,-5.737097],[-40.5568612,-5.7383274],[-40.5698575,-5.7541013],[-40.5642181,-5.8402224],[-40.6029053,-5.8378194],[-40.6071283,-5.8484599],[-40.6280006,-5.8532857],[-40.6419495,-5.840237],[-40.6602188,-5.8463865]]]}},{"type":"Feature","properties":{"level":"municipio","municipality_code":"2311306","municipality_name":"Quixadá","uf":"CE","state_code":"23","area_km2":2020.586},"geometry":{"type":"Polygon","coordinates":[[[-38.9924881,-4.6663456],[-38.9531514,-4.6641065],[-38.949245,-4.68402],[-38.9650881,-4.7049487],[-38.9512165,-4.7169728],[-38.9437605,-4.7407936],[-38.9233287,-4.7391012],[-38.9013823,-4.7198933],[-38.9050552,-4.7130404],[-38.8834309,-4.7089955],[-38.8744039,-4.6794854],[-38.8022725,-4.741018],[-38.8601483,-4.8289657],[-38.8603392,-4.8391475],[-38.8752164,-4.8519463],[-38.9219382,-4.8267049],[-38.9199778,-4.8510393],[-38.8907218,-4.8948286],[-38.8850463,-4.9344212],[-38.7012424,-4.9023912],[-38.6475384,-4.9375525],[-38.641774,-4.9613036],[-38.6473813,-4.9799183],[-38.6774553,-5.004817],[-38.6859037,-5.054908],[-38.6584554,-5.0453388],[-38.6308691,-5.0545231],[-38.6246395,-5.0637899],[-38.6295579,-5.0855176],[-38.6229401,-5.0850052],[-38.6155945,-5.1043855],[-38.6181848,-5.1188635],[-38.6501639,-5.1224173],[-38.699046,-5.0934951],[-38.7442241,-5.0949208],[-38.7617044,-5.0787021],[-38.7933024,-5.0781909],[-38.8130645,-5.0665911],[-38.904132,-5.1662619],[-38.9563093,-5.1529802],[-38.972093,-5.1414949],[-39.0159066,-5.1681703],[-39.0566181,-5.1501824],[-39.0937864,-5.1498403],[-39.1031373,-5.156623],[-39.1268308,-5.1490193],[-39.135929,-5.1359112],[-39.1386258,-5.1463698],[-39.1480902,-5.1446625],[-39.1689441,-5.1284355],[-39.160487,-5.1202497],[-39.168443,-5.1124405],[-39.1649364,-5.1058658],[-39.1508815,-5.1069923],[-39.1618243,-5.086393],[-39.1478497,-5.061606],[-39.179661,-5.0438819],[-39.1986882,-5.0083342],[-39.2046603,-5.018421],[-39.2146451,-5.010068],[-39.2261372,-5.0133877],[-39.2341117,-4.9777495],[-39.2188121,-4.9574442],[-39.1989274,-4.966079],[-39.1857391,-4.9575865],[-39.1843022,-4.9422601],[-39.1660278,-4.9253875],[-39.1626531,-4.9065649],[-39.1526852,-4.9042306],[-39.1205502,-4.8625818],[-39.1211843,-4.8405995],[-39.1126485,-4.837735],[-39.1053746,-4.8468806],[-39.1013529,-4.8339543],[-39.0880484,-4.8322382],[-39.0807253,-4.840849],[-39.0776838,-4.8268438],[-39.0853894,-4.824252],[-39.0703376,-4.8207457],[-39.0665558,-4.7993747],[-39.0388686,-4.7816685],[-39.057196,-4.7658681],[-39.0707094,-4.7655721],[-39.0742176,-4.7734736],[-39.0857525,-4.7632815],[-39.1041273,-4.7618331],[-39.072671,-4.7263206],[-39.0421006,-4.7158256],[-39.044389,-4.6949142],[-39.0349021,-4.6678286],[-39.0075951,-4.6657957],[-38.9995519,-4.673706],[-38.9924881,-4.6663456]]]}},{"type":"Feature","properties":{"level":"municipio","municipality_code":"2311355","municipality_name":"Quixelô","uf":"CE","state_code":"23","area_km2":620.242},"geometry":{"type":"Polygon","coordinates":[[[-39.3185706,-6.261199],[-39.290885,-6.249401],[-39.2949651,-6.2316991],[-39.2658261,-6.2231031],[-39.2806431,-6.2112282],[-39.2761935,-6.1723003],[-39.3077218,-6.1745663],[-39.2597083,-6.1283745],[-39.1417054,-6.1544054],[-39.0900042,-6.0936709],[-39.0737735,-6.051559],[-39.0536723,-6.0434034],[-39.0507418,-6.0253532],[-39.0300104,-6.0137893],[-39.0225832,-6.0200461],[-39.0163985,-6.0047029],[-39.0058699,-6.0189882],[-38.9919305,-6.0200755],[-38.9832016,-6.0483224],[-38.9895936,-6.0775766],[-38.9688289,-6.1224246],[-38.9861863,-6.1566295],[-39.0031917,-6.2201643],[-39.0563409,-6.2588205],[-39.0660845,-6.2369519],[-39.0919933,-6.2394565],[-39.134668,-6.2890171],[-39.1630903,-6.3046624],[-39.2094435,-6.2901534],[-39.2308548,-6.2945777],[-39.241067,-6.2906],[-39.2417371,-6.2757812],[-39.2491905,-6.272634],[-39.2862712,-6.2790186],[-39.3185706,-6.261199]]]}},{"type":"Feature","properties":{"level":"municipio","municipality_code":"2311405","municipality_name":"Quixeramobim","uf":"CE","state_code":"23","area_km2":3302.144},"geometry":{"type":"Polygon","coordinates":[[[-39.3071254,-5.5045527],[-39.3675885,-5.5259614],[-39.3745907,-5.5108032],[-39.3821591,-5.5183662],[-39.4199138,-5.4987656],[-39.4382048,-5.4785365],[-39.4641162,-5.4757678],[-39.5001609,-5.4538637],[-39.5178791,-5.4623009],[-39.5277879,-5.4532737],[-39.5439622,-5.4053881],[-39.5818004,-5.4080901],[-39.5968215,-5.3997073],[-39.600335,-5.4064701],[-39.614004,-5.4061456],[-39.6447365,-5.3838904],[-39.6226711,-5.3590512],[-39.6324047,-5.3370197],[-39.6316763,-5.3249655],[-39.6208817,-5.3224519],[-39.6269863,-5.3071091],[-39.6239765,-5.2551586],[-39.5362462,-5.1188409],[-39.6139458,-5.0842948],[-39.633955,-5.0571996],[-39.6288321,-5.0429954],[-39.5023184,-5.0521998],[-39.4936843,-5.0301761],[-39.4725737,-5.0086859],[-39.4807203,-4.9767257],[-39.459703,-4.9598451],[-39.4208183,-4.9504558],[-39.4222696,-4.9422059],[-39.3944569,-4.927404],[-39.3755034,-4.9722067],[-39.3551641,-4.9819643],[-39.3499399,-4.9742843],[-39.3555997,-4.9665607],[-39.348272,-4.9603283],[-39.3660118,-4.9330833],[-39.3468262,-4.8961869],[-39.3661779,-4.8403884],[-39.3537507,-4.8313754],[-39.3451996,-4.8132337],[-39.3484571,-4.8015115],[-39.3400723,-4.792176],[-39.3425123,-4.8122849],[-39.3335995,-4.8351321],[-39.3037409,-4.8435461],[-39.2967473,-4.8550486],[-39.3000809,-4.8801769],[-39.2860933,-4.8802377],[-39.2854005,-4.8931461],[-39.2723321,-4.9086633],[-39.224329,-4.9504327],[-39.2267503,-4.973501],[-39.2341117,-4.9777495],[-39.2292378,-5.0096283],[-39.2046603,-5.018421],[-39.1986882,-5.0083342],[-39.179661,-5.0438819],[-39.1478497,-5.061606],[-39.1618243,-5.086393],[-39.1508815,-5.1069923],[-39.1649364,-5.1058658],[-39.168443,-5.1124405],[-39.160487,-5.1202497],[-39.1689441,-5.1284355],[-39.1480902,-5.1446625],[-39.1386258,-5.1463698],[-39.135929,-5.1359112],[-39.1268308,-5.1490193],[-39.1031373,-5.156623],[-39.0832133,-5.1512058],[-39.08874,-5.1730247],[-39.0580604,-5.2207231],[-39.0469321,-5.2264037],[-39.0286288,-5.2221369],[-39.041042,-5.2513886],[-39.0343014,-5.2717103],[-39.0545358,-5.299992],[-39.0851105,-5.4024881],[-39.0590386,-5.4151742],[-39.0554768,-5.4296724],[-39.071325,-5.486274],[-39.0602938,-5.5110889],[-39.0750603,-5.5317889],[-39.0890427,-5.5287515],[-39.0913232,-5.5068316],[-39.1337618,-5.5124396],[-39.1435745,-5.5067506],[-39.1675572,-5.5240256],[-39.1888996,-5.5231208],[-39.2068174,-5.5443701],[-39.2205183,-5.5397925],[-39.2207365,-5.566906],[-39.2468323,-5.5924676],[-39.2603311,-5.5808139],[-39.2533974,-5.5606365],[-39.2655598,-5.5537557],[-39.2786613,-5.5253116],[-39.3083724,-5.5099365],[-39.3071254,-5.5045527]]]}},{"type":"Feature","properties":{"level":"municipio","municipality_code":"2311504","municipality_name":"Quixeré","uf":"CE","state_code":"23","area_km2":609.439},"geometry":{"type":"Polygon","coordinates":[[[-37.9728739,-5.1072639],[-38.0086243,-5.0789141],[-38.0424604,-5.0779497],[-38.0458027,-5.0879286],[-38.0609039,-5.0804927],[-38.0489805,-5.0551858],[-38.0179188,-5.0228929],[-37.9337416,-5.002632],[-37.9016387,-4.9785675],[-37.8854908,-4.9854119],[-37.8615727,-4.9783298],[-37.8447386,-4.9926318],[-37.8324391,-4.9945874],[-37.8272394,-4.9879984],[-37.8135391,-5.0023189],[-37.8095329,-4.9891616],[-37.6772438,-5.0528668],[-37.7250894,-5.0706243],[-37.7334225,-5.1006412],[-37.7649556,-5.1396162],[-37.7763098,-5.1871207],[-37.7900289,-5.2109403],[-37.7864735,-5.2236139],[-37.832998,-5.2226316],[-37.9261687,-5.1733487],[-37.9728739,-5.1072639]]]}},{"type":"Feature","properties":{"level":"municipio","municipality_code":"2311603","municipality_name":"Redenção","uf":"CE","state_code":"23","area_km2":247.989},"geometry":{"type":"Polygon","coordinates":[[[-38.7455456,-4.3520953],[-38.757778,-4.3113543],[-38.7956298,-4.2957187],[-38.7800806,-4.2805308],[-38.7816183,-4.2732655],[-38.8007641,-4.2724323],[-38.8070869,-4.2517105],[-38.8379692,-4.2475503],[-38.8400846,-4.2326677],[-38.848799,-4.2298023],[-38.8434846,-4.2227961],[-38.8545131,-4.1770633],[-38.8033381,-4.1614439],[-38.805876,-4.1499828],[-38.7976805,-4.1422247],[-38.7888211,-4.1421667],[-38.7756157,-4.1624731],[-38.7567227,-4.1572294],[-38.7191823,-4.1683172],[-38.7069492,-4.247796],[-38.7206807,-4.2799465],[-38.7159861,-4.2907309],[-38.6836651,-4.2780768],[-38.6998501,-4.3301241],[-38.6936101,-4.3799362],[-38.713371,-4.3833999],[-38.7455456,-4.3520953]]]}},{"type":"Feature","properties":{"level":"municipio","municipality_code":"2311702","municipality_name":"Reriutaba","uf":"CE","state_code":"23","area_km2":372.949},"geometry":{"type":"Polygon","coordinates":[[[-40.5538198,-4.0467133],[-40.5126856,-4.0462845],[-40.472449,-4.0857818],[-40.5329301,-4.0978456],[-40.514408,-4.1335136],[-40.5201701,-4.1678932],[-40.5457862,-4.1725405],[-40.6054,-4.2076221],[-40.6746491,-4.211706],[-40.7266545,-4.2044134],[-40.7214604,-4.1834971],[-40.7110128,-4.1755312],[-40.7161049,-4.1384772],[-40.68255,-4.0575647],[-40.62927,-4.0298894],[-40.6391965,-4.0158238],[-40.5538198,-4.0467133]]]}},{"type":"Feature","properties":{"level":"municipio","municipality_code":"2311801","municipality_name":"Russas","uf":"CE","state_code":"23","area_km2":1505.726},"geometry":{"type":"Polygon","coordinates":[[[-37.8721301,-4.9240317],[-37.8744759,-4.9394745],[-37.8095329,-4.9891616],[-37.8135391,-5.0023189],[-37.8272394,-4.9879984],[-37.8324391,-4.9945874],[-37.8447386,-4.9926318],[-37.8615727,-4.9783298],[-37.8854908,-4.9854119],[-37.9016387,-4.9785675],[-37.9337416,-5.002632],[-38.0179188,-5.0228929],[-38.0489805,-5.0551858],[-38.0609039,-5.0804927],[-38.0755125,-5.0751762],[-38.1210416,-5.0313649],[-38.1419062,-5.0322781],[-38.1565016,-5.0121079],[-38.1499191,-5.0082917],[-38.1882171,-4.975358],[-38.2133382,-4.9742023],[-38.2614663,-4.8837611],[-38.2996673,-4.8924181],[-38.3080407,-4.8798031],[-38.3217666,-4.8790112],[-38.325443,-4.854955],[-38.3375825,-4.8607966],[-38.3592949,-4.8468052],[-38.3690301,-4.8510327],[-38.3684936,-4.7523144],[-38.3376967,-4.7539345],[-38.3070679,-4.6499891],[-38.2813493,-4.6576743],[-38.214633,-4.5901517],[-38.1464155,-4.6651206],[-38.0937409,-4.7049647],[-38.0842976,-4.7322256],[-38.0484704,-4.7765548],[-38.0605798,-4.8109225],[-38.042265,-4.8446529],[-37.9004355,-4.8208553],[-37.883542,-4.8533292],[-37.8866515,-4.9053728],[-37.8721301,-4.9240317]]]}},{"type":"Feature","properties":{"level":"municipio","municipality_code":"2311900","municipality_name":"Saboeiro","uf":"CE","state_code":"23","area_km2":1381.274},"geometry":{"type":"Polygon","coordinates":[[[-39.7141674,-6.3589688],[-39.7764975,-6.4143977],[-39.775772,-6.4297389],[-39.765023,-6.4427522],[-39.7708263,-6.4626835],[-39.7248463,-6.4963551],[-39.7509187,-6.5123694],[-39.7379102,-6.5358747],[-39.7271887,-6.5384959],[-39.7498873,-6.5649576],[-39.751433,-6.5815153],[-39.7704436,-6.5860654],[-39.7624473,-6.5935852],[-39.7761593,-6.6204468],[-39.7335176,-6.6002531],[-39.7192633,-6.6167146],[-39.7365563,-6.6127249],[-39.7738591,-6.6276039],[-39.782189,-6.668221],[-39.8329574,-6.6999334],[-39.8379876,-6.6791942],[-39.8526033,-6.6742721],[-39.8770671,-6.6802858],[-39.8717742,-6.6696961],[-39.93127,-6.6982373],[-39.9409855,-6.7127176],[-39.9625567,-6.7024188],[-39.9714881,-6.6869728],[-39.982331,-6.6869369],[-39.975517,-6.6803841],[-39.9762111,-6.6682976],[-40.0050866,-6.6867869],[-40.0165924,-6.6722173],[-40.0516856,-6.679678],[-40.0548192,-6.6694495],[-40.0366015,-6.6373123],[-40.0400342,-6.6273234],[-40.0571098,-6.6238983],[-40.0548075,-6.6113376],[-40.0303438,-6.595833],[-40.0404146,-6.590011],[-40.0260796,-6.5817159],[-40.0348503,-6.5584417],[-40.0311086,-6.5418552],[-40.0522508,-6.5212259],[-40.0588407,-6.4897862],[-40.04687,-6.4721239],[-40.0511223,-6.4619374],[-40.0447124,-6.444852],[-40.0280772,-6.4383878],[-40.0761913,-6.3999772],[-40.0841055,-6.3674083],[-40.0565763,-6.3637812],[-40.029837,-6.3310859],[-40.0013031,-6.3336616],[-39.9921562,-6.3270284],[-39.9744337,-6.33855],[-39.9466273,-6.3311321],[-39.9247209,-6.3404545],[-39.9244331,-6.3519432],[-39.8946634,-6.3622735],[-39.8946725,-6.3680162],[-39.8543956,-6.3580299],[-39.8304299,-6.3072569],[-39.8381985,-6.2967655],[-39.8211652,-6.2881262],[-39.8168351,-6.263166],[-39.8059376,-6.2605127],[-39.8078066,-6.2462571],[-39.7964412,-6.2416476],[-39.7864924,-6.2206107],[-39.7892953,-6.2064763],[-39.7633296,-6.2108769],[-39.7600614,-6.2401992],[-39.733128,-6.2221588],[-39.732236,-6.2096203],[-39.7212912,-6.206907],[-39.7154145,-6.2195839],[-39.7344559,-6.2452998],[-39.7349466,-6.258257],[-39.7201577,-6.2727609],[-39.7089062,-6.3403965],[-39.7141674,-6.3589688]]]}},{"type":"Feature","properties":{"level":"municipio","municipality_code":"2311959","municipality_name":"Salitre","uf":"CE","state_code":"23","area_km2":806.253},"geometry":{"type":"Polygon","coordinates":[[[-40.2441139,-7.3163417],[-40.2629956,-7.3010209],[-40.3107408,-7.3006974],[-40.3507936,-7.3341714],[-40.3609839,-7.3556007],[-40.4003496,-7.3685323],[-40.449055,-7.3611255],[-40.5237232,-7.3184505],[-40.5116313,-7.2994306],[-40.5135611,-7.2397033],[-40.4843697,-7.1331987],[-40.4897393,-7.1186901],[-40.4578033,-7.0784436],[-40.4410436,-7.0797754],[-40.4469213,-7.089293],[-40.3203481,-7.1281383],[-40.3239014,-7.0819712],[-40.2520463,-7.0678788],[-40.2478897,-7.0550666],[-40.2131401,-7.0293568],[-40.1559665,-7.0151107],[-40.1331926,-7.0009709],[-40.1204067,-7.0149227],[-40.1222966,-7.0220734],[-40.1672903,-7.039013],[-40.1744043,-7.077593],[-40.2394402,-7.1122644],[-40.2421798,-7.1279483],[-40.2625857,-7.1482706],[-40.2686911,-7.1783417],[-40.2623271,-7.196392],[-40.2522232,-7.2002304],[-40.2488638,-7.2256329],[-40.266758,-7.2484498],[-40.2441139,-7.3163417]]]}},{"type":"Feature","properties":{"level":"municipio","municipality_code":"2312205","municipality_name":"Santa Quitéria","uf":"CE","state_code":"23","area_km2":4262.293},"geometry":{"type":"Polygon","coordinates":[[[-40.1322601,-4.5094193],[-40.1838093,-4.5080899],[-40.2078075,-4.4651598],[-40.2544465,-4.4720502],[-40.2570857,-4.443526],[-40.2759834,-4.431535],[-40.3043082,-4.3902776],[-40.3117161,-4.3573902],[-40.3257252,-4.3421895],[-40.3126435,-4.293685],[-40.3161745,-4.2815149],[-40.3024343,-4.2686206],[-40.4508063,-4.2602927],[-40.4395695,-4.2522094],[-40.4509833,-4.2090928],[-40.4404878,-4.1827003],[-40.4447053,-4.1626112],[-40.430444,-4.1537159],[-40.4339558,-4.0946884],[-40.3735399,-4.0918512],[-40.3374771,-3.9700518],[-40.3049498,-3.9332107],[-40.1887471,-3.9587465],[-40.1382884,-4.0308918],[-40.1031169,-4.0523854],[-40.0891365,-4.0494299],[-40.0820821,-4.0597721],[-40.0574212,-4.0584745],[-40.0520887,-4.0699949],[-40.0158716,-4.087798],[-39.996961,-4.0821804],[-39.9886588,-4.090996],[-39.9891228,-4.1057026],[-39.9696772,-4.1053009],[-39.9714603,-4.1148155],[-39.9442635,-4.1302165],[-39.8927964,-4.1428044],[-39.8595933,-4.1386353],[-39.839019,-4.1124334],[-39.8097822,-4.1171597],[-39.8086756,-4.1354805],[-39.7882268,-4.1723735],[-39.7726207,-4.1749192],[-39.7900547,-4.1931],[-39.7660191,-4.2476411],[-39.7301933,-4.2748733],[-39.7392076,-4.2941142],[-39.725968,-4.3093502],[-39.734527,-4.3331874],[-39.7254587,-4.3444119],[-39.7082775,-4.3488168],[-39.7141928,-4.354633],[-39.7096287,-4.3787277],[-39.7249061,-4.3790197],[-39.7325794,-4.3984599],[-39.754007,-4.3995838],[-39.7381795,-4.4227646],[-39.7293595,-4.4483914],[-39.7338564,-4.4641706],[-39.7206744,-4.4815086],[-39.7373968,-4.4936451],[-39.7466469,-4.4901948],[-39.7685936,-4.5256414],[-39.7466956,-4.5445214],[-39.7013247,-4.5454287],[-39.6855691,-4.5734936],[-39.7332199,-4.6012835],[-39.7700402,-4.6307371],[-39.7720283,-4.6401511],[-39.7159811,-4.6559261],[-39.7303646,-4.6667507],[-39.7122703,-4.6808891],[-39.7286604,-4.6871622],[-39.7425826,-4.7195628],[-39.8067785,-4.7078],[-39.791022,-4.7541773],[-39.8182074,-4.7310405],[-39.8586409,-4.7366309],[-39.8805589,-4.7876822],[-39.9158676,-4.7884803],[-39.9285834,-4.7745402],[-39.9261583,-4.7348921],[-40.0613558,-4.7155154],[-40.0676524,-4.7065227],[-40.0616875,-4.6997653],[-40.0819241,-4.6969266],[-40.0872016,-4.6849766],[-40.0800446,-4.6780917],[-40.102669,-4.6617344],[-40.1065999,-4.6248757],[-40.1212248,-4.6102472],[-40.1109516,-4.5936324],[-40.0754426,-4.5876699],[-40.0586017,-4.5681545],[-40.0360129,-4.5790665],[-40.0377679,-4.5680641],[-40.0017127,-4.5043483],[-40.001542,-4.48844],[-40.0225895,-4.4618679],[-40.0423583,-4.4511791],[-40.0569982,-4.4552051],[-40.0680296,-4.4718228],[-40.0978867,-4.4856083],[-40.0968629,-4.506009],[-40.1106481,-4.5111669],[-40.1215302,-4.5031673],[-40.1322601,-4.5094193]]]}},{"type":"Feature","properties":{"level":"municipio","municipality_code":"2312007","municipality_name":"Santana do Acaraú","uf":"CE","state_code":"23","area_km2":972.551},"geometry":{"type":"Polygon","coordinates":[[[-40.0254105,-3.4330891],[-40.0429525,-3.4756508],[-40.036305,-3.4951395],[-40.0493331,-3.5341711],[-40.0429967,-3.5675789],[-40.0522614,-3.5833352],[-40.1203045,-3.6392653],[-40.109743,-3.6450498],[-40.1116939,-3.6902438],[-40.1335038,-3.6869845],[-40.1541128,-3.6657301],[-40.1732399,-3.6743507],[-40.1838707,-3.664969],[-40.1851015,-3.6509495],[-40.2127532,-3.6271915],[-40.2006081,-3.6085242],[-40.2080695,-3.5973297],[-40.2161027,-3.601386],[-40.230318,-3.5780812],[-40.2448024,-3.5818136],[-40.2692922,-3.572934],[-40.253902,-3.5526703],[-40.2519114,-3.5246497],[-40.258415,-3.5160861],[-40.2525436,-3.5020577],[-40.2585235,-3.4989631],[-40.2507218,-3.4902455],[-40.2590094,-3.4941621],[-40.27105,-3.482086],[-40.3072952,-3.40986],[-40.3364522,-3.4041782],[-40.3412206,-3.3161809],[-40.2011363,-3.3076546],[-40.1821701,-3.3205583],[-40.1462151,-3.3035861],[-40.1064645,-3.3190046],[-40.084021,-3.3154954],[-40.0921794,-3.3544867],[-40.0700829,-3.3672389],[-40.0339741,-3.3604001],[-39.9872189,-3.3654506],[-39.9964514,-3.4086344],[-40.0057527,-3.423995],[-40.0254105,-3.4330891]]]}},{"type":"Feature","properties":{"level":"municipio","municipality_code":"2312106","municipality_name":"Santana do Cariri","uf":"CE","state_code":"23","area_km2":855.159},"geometry":{"type":"Polygon","coordinates":[[[-39.6530884,-7.3722622],[-39.7413221,-7.3268166],[-39.8286958,-7.3323702],[-39.8481391,-7.325094],[-39.8894343,-7.3397349],[-39.8885094,-7.1394607],[-39.8985944,-7.1027014],[-39.8829904,-7.088826],[-39.8898577,-7.0532074],[-39.8733751,-7.0676701],[-39.8637753,-7.0526669],[-39.7906345,-7.0297852],[-39.7843644,-7.0320951],[-39.7907482,-7.0411078],[-39.7834401,-7.0602687],[-39.772531,-7.0609824],[-39.764349,-7.0484457],[-39.7662864,-7.0349176],[-39.7474521,-7.0224802],[-39.757413,-7.0450243],[-39.7454665,-7.0704379],[-39.7497196,-7.0795016],[-39.7030867,-7.1590401],[-39.6932078,-7.170375],[-39.5998015,-7.209633],[-39.6000662,-7.4280277],[-39.6289072,-7.4256285],[-39.6530884,-7.3722622]]]}},{"type":"Feature","properties":{"level":"municipio","municipality_code":"2312700","municipality_name":"Senador Pompeu","uf":"CE","state_code":"23","area_km2":963.257},"geometry":{"type":"Polygon","coordinates":[[[-39.3227111,-5.7834653],[-39.4344955,-5.7285466],[-39.4540817,-5.7394801],[-39.4602447,-5.7121678],[-39.4726242,-5.7111286],[-39.4754506,-5.6904378],[-39.460186,-5.6872459],[-39.432101,-5.6552004],[-39.4771417,-5.6444614],[-39.483305,-5.6150596],[-39.5134807,-5.6285915],[-39.5422627,-5.6135856],[-39.5632211,-5.6157706],[-39.587009,-5.6063272],[-39.6012843,-5.6249553],[-39.6361144,-5.6396118],[-39.6322347,-5.6064523],[-39.6137233,-5.5997594],[-39.5963359,-5.5803426],[-39.5835048,-5.5526476],[-39.5845149,-5.5346371],[-39.5767221,-5.5256948],[-39.5597018,-5.5325967],[-39.5518521,-5.5263029],[-39.5611313,-5.5175357],[-39.5675368,-5.5216852],[-39.579969,-5.5040336],[-39.6009481,-5.5003732],[-39.6086264,-5.4847266],[-39.6390025,-5.4727886],[-39.6436188,-5.4472639],[-39.6576472,-5.4397117],[-39.6693637,-5.4103863],[-39.6697324,-5.3861198],[-39.6447365,-5.3838904],[-39.614004,-5.4061456],[-39.600335,-5.4064701],[-39.5968215,-5.3997073],[-39.5818004,-5.4080901],[-39.5439622,-5.4053881],[-39.5277879,-5.4532737],[-39.5178791,-5.4623009],[-39.5001609,-5.4538637],[-39.4641162,-5.4757678],[-39.4382048,-5.4785365],[-39.4199138,-5.4987656],[-39.3821591,-5.5183662],[-39.3745907,-5.5108032],[-39.3675885,-5.5259614],[-39.3146159,-5.5039361],[-39.2783987,-5.5255989],[-39.2655598,-5.5537557],[-39.2533974,-5.5606365],[-39.2603311,-5.5808139],[-39.2468323,-5.5924676],[-39.2795557,-5.6652165],[-39.259042,-5.6765147],[-39.272721,-5.7093062],[-39.2606513,-5.7156825],[-39.2669411,-5.7543454],[-39.2738464,-5.7627131],[-39.2828476,-5.7559377],[-39.3227111,-5.7834653]]]}},{"type":"Feature","properties":{"level":"municipio","municipality_code":"2312809","municipality_name":"Senador Sá","uf":"CE","state_code":"23","area_km2":424.642},"geometry":{"type":"Polygon","coordinates":[[[-40.4880009,-3.2772938],[-40.4816756,-3.2609914],[-40.5385676,-3.2383579],[-40.5350817,-3.2286838],[-40.5475131,-3.1879282],[-40.5754432,-3.1662241],[-40.5743859,-3.135641],[-40.5095497,-3.1096413],[-40.4626272,-3.1356431],[-40.4309648,-3.2180642],[-40.4242761,-3.2159149],[-40.4182796,-3.2376571],[-40.4065644,-3.2370322],[-40.3873076,-3.2715838],[-40.3614825,-3.2728058],[-40.3551885,-3.2847133],[-40.3407053,-3.2900932],[-40.3424315,-3.3614168],[-40.3765708,-3.3798134],[-40.3942079,-3.381899],[-40.4000354,-3.3725498],[-40.4144028,-3.376624],[-40.4224886,-3.3697444],[-40.4568587,-3.386054],[-40.4622161,-3.3812772],[-40.5156145,-3.3930415],[-40.537283,-3.4483899],[-40.570256,-3.4383458],[-40.5617036,-3.4064524],[-40.5411041,-3.4105398],[-40.5452452,-3.3924529],[-40.5281761,-3.3880682],[-40.5060077,-3.3688092],[-40.5014506,-3.3494519],[-40.4863654,-3.3350833],[-40.4792058,-3.3055231],[-40.4880009,-3.2772938]]]}},{"type":"Feature","properties":{"level":"municipio","municipality_code":"2312908","municipality_name":"Sobral","uf":"CE","state_code":"23","area_km2":2068.474},"geometry":{"type":"Polygon","coordinates":[[[-40.3404646,-3.7833423],[-40.3700658,-3.8615614],[-40.3896639,-3.799494],[-40.4213583,-3.8100395],[-40.4227929,-3.8188738],[-40.4454346,-3.8348353],[-40.4953508,-3.8434247],[-40.5006051,-3.8524319],[-40.5749551,-3.8614657],[-40.6007089,-3.8434959],[-40.6142853,-3.8425371],[-40.6226526,-3.8254404],[-40.6457079,-3.8406441],[-40.6564561,-3.8312028],[-40.6792317,-3.8417563],[-40.7094082,-3.822074],[-40.7236252,-3.8211107],[-40.712469,-3.8144389],[-40.7153613,-3.8060479],[-40.6557295,-3.7972558],[-40.6105111,-3.6499619],[-40.5432416,-3.6553463],[-40.5146339,-3.6489082],[-40.5198722,-3.6375188],[-40.5093537,-3.6438371],[-40.497379,-3.6399466],[-40.4917315,-3.6354768],[-40.4989585,-3.6297875],[-40.4064912,-3.6452961],[-40.3964937,-3.6370498],[-40.3997883,-3.6271317],[-40.3615485,-3.6135981],[-40.3346717,-3.6227062],[-40.2990081,-3.621795],[-40.2915556,-3.6069017],[-40.2987814,-3.592935],[-40.2796666,-3.5830868],[-40.2758285,-3.5702844],[-40.2448669,-3.5818035],[-40.229946,-3.5782904],[-40.2161792,-3.6013156],[-40.2087119,-3.5969174],[-40.2009642,-3.6064671],[-40.2128186,-3.6270214],[-40.1850657,-3.6509941],[-40.1811781,-3.6684923],[-40.1732399,-3.6743507],[-40.1539696,-3.6657754],[-40.1336388,-3.6868983],[-40.1165864,-3.6923451],[-40.109743,-3.6450498],[-40.1203045,-3.6392653],[-40.069983,-3.5938982],[-40.0433848,-3.5805866],[-39.9974952,-3.5801532],[-39.9744111,-3.5716224],[-39.9866149,-3.6124575],[-40.0096393,-3.6460341],[-40.0202625,-3.6941847],[-40.0178272,-3.7223799],[-40.0115035,-3.7606208],[-39.9763432,-3.7766763],[-39.9248611,-3.9460854],[-40.006947,-3.8990925],[-40.0001452,-3.9287547],[-39.9524427,-3.9643026],[-39.9398014,-3.9894003],[-39.9247163,-3.9883967],[-39.9228522,-3.9980245],[-39.9104748,-4.0039189],[-39.9238829,-4.0382249],[-39.8687563,-4.0442882],[-39.8770028,-4.063067],[-39.8534232,-4.0784454],[-39.8493331,-4.0881661],[-39.8576079,-4.1027635],[-39.840626,-4.1135274],[-39.8595933,-4.1386353],[-39.8927964,-4.1428044],[-39.953936,-4.1264249],[-39.9714603,-4.1148155],[-39.9696772,-4.1053009],[-39.9891228,-4.1057026],[-39.9886588,-4.090996],[-39.996961,-4.0821804],[-40.0158716,-4.087798],[-40.0520887,-4.0699949],[-40.0574212,-4.0584745],[-40.0820821,-4.0597721],[-40.0891365,-4.0494299],[-40.1031169,-4.0523854],[-40.1382884,-4.0308918],[-40.1820175,-3.9744801],[-40.1883798,-3.9552549],[-40.1604365,-3.928202],[-40.1476346,-3.8985205],[-40.1379106,-3.8963466],[-40.1363863,-3.858545],[-40.1268905,-3.8482927],[-40.1082298,-3.7633398],[-40.1167528,-3.7602406],[-40.12608,-3.7008711],[-40.2357108,-3.6974827],[-40.306056,-3.7490025],[-40.3004902,-3.7568175],[-40.3109991,-3.7636108],[-40.3075055,-3.7867013],[-40.3404646,-3.7833423]]]}},{"type":"Feature","properties":{"level":"municipio","municipality_code":"2313005","municipality_name":"Solonópole","uf":"CE","state_code":"23","area_km2":1535.855},"geometry":{"type":"Polygon","coordinates":[[[-38.9836887,-6.04643],[-38.9919305,-6.0200755],[-39.0058699,-6.0189882],[-39.0131862,-6.0056419],[-39.0225832,-6.0200461],[-39.0300104,-6.0137893],[-39.0507418,-6.0253532],[-39.0603625,-5.9976572],[-39.1022926,-5.9831199],[-39.1130119,-5.9888993],[-39.1154715,-5.9764067],[-39.130624,-5.9835752],[-39.145208,-5.9579514],[-39.1610288,-5.9554692],[-39.1680207,-5.962821],[-39.1798747,-5.9198968],[-39.1688046,-5.8711975],[-39.1821734,-5.8598834],[-39.1631537,-5.7985325],[-39.0269683,-5.489886],[-39.009281,-5.5111992],[-39.0046163,-5.505863],[-38.9754255,-5.5209705],[-38.9516064,-5.5054247],[-38.9440275,-5.4890168],[-38.9288514,-5.4856706],[-38.9236283,-5.4535517],[-38.9089234,-5.4564058],[-38.9038388,-5.4698996],[-38.9091849,-5.5952724],[-38.8048489,-5.7886824],[-38.8370698,-5.8128246],[-38.8328153,-5.8195086],[-38.8395881,-5.8204241],[-38.8395689,-5.8323549],[-38.8545987,-5.8382908],[-38.8612816,-5.8550705],[-38.880874,-5.8598976],[-38.8755601,-5.8694646],[-38.9198341,-5.9508188],[-38.9337046,-5.9476947],[-38.9341447,-5.9649968],[-38.9484546,-5.9698285],[-38.9455215,-5.9849258],[-38.9542072,-5.9942072],[-38.9475304,-6.0059968],[-38.9633307,-6.0208204],[-38.9601504,-6.0487796],[-38.9761335,-6.1028124],[-38.9895936,-6.0775766],[-38.9836887,-6.04643]]]}},{"type":"Feature","properties":{"level":"municipio","municipality_code":"2312304","municipality_name":"São Benedito","uf":"CE","state_code":"23","area_km2":350.847},"geometry":{"type":"Polygon","coordinates":[[[-40.8341322,-4.0435951],[-40.8476777,-4.102605],[-40.8103031,-4.1185124],[-40.8337118,-4.1182073],[-40.8540708,-4.1455952],[-40.8523243,-4.1537839],[-40.9008923,-4.1589504],[-40.8867056,-4.1415279],[-40.8912285,-4.1097364],[-40.9407915,-4.057602],[-40.9777713,-4.0546355],[-41.0333816,-4.0669005],[-41.0689616,-4.0499155],[-41.0951049,-4.0618897],[-41.1393781,-4.1209527],[-41.1222352,-4.0771858],[-41.1271585,-4.0613897],[-41.1128693,-4.0417415],[-41.1838065,-4.0244013],[-41.1657213,-3.9999877],[-41.1247724,-3.987431],[-41.0960235,-4.0062922],[-41.0743586,-3.9954827],[-41.0334692,-3.9958109],[-40.9643251,-3.9820822],[-40.8762033,-3.9921599],[-40.8554991,-3.9752493],[-40.8344568,-3.9872438],[-40.8341322,-4.0435951]]]}},{"type":"Feature","properties":{"level":"municipio","municipality_code":"2312403","municipality_name":"São Gonçalo do Amarante","uf":"CE","state_code":"23","area_km2":842.68},"geometry":{"type":"Polygon","coordinates":[[[-38.9354138,-3.4711445],[-38.911174,-3.5026221],[-38.8916399,-3.5059233],[-38.8521618,-3.5408416],[-38.8122587,-3.5421269],[-38.8065572,-3.5486438],[-38.8318923,-3.5707607],[-38.8816278,-3.6854159],[-38.9183502,-3.6666526],[-38.920866,-3.6846008],[-38.9402041,-3.6832336],[-38.9615086,-3.7119819],[-39.0015375,-3.6849674],[-39.1433258,-3.7039421],[-39.216623,-3.6928152],[-39.2261272,-3.6824603],[-39.227709,-3.6636584],[-39.2187837,-3.6480359],[-39.2252386,-3.6301374],[-39.2156671,-3.6085951],[-39.262185,-3.5851114],[-39.3148839,-3.5799427],[-39.3065676,-3.5654431],[-39.3099098,-3.5281783],[-39.293682,-3.5315245],[-39.284198,-3.5032653],[-39.2624632,-3.4905066],[-39.2213676,-3.5001524],[-39.2115093,-3.5128253],[-39.1004757,-3.5322334],[-39.101203,-3.5494368],[-39.0815673,-3.5533688],[-39.0700317,-3.542626],[-39.0495897,-3.5540683],[-39.006545,-3.552272],[-38.9874446,-3.5612616],[-38.9603582,-3.5482632],[-38.968371,-3.5116473],[-38.9478612,-3.4963077],[-38.9354138,-3.4711445]]]}},{"type":"Feature","properties":{"level":"municipio","municipality_code":"2312502","municipality_name":"São João do Jaguaribe","uf":"CE","state_code":"23","area_km2":279.451},"geometry":{"type":"Polygon","coordinates":[[[-38.1585493,-5.357813],[-38.2315332,-5.3942445],[-38.2599459,-5.3945125],[-38.2607122,-5.4104572],[-38.3136625,-5.3834202],[-38.3218574,-5.3971041],[-38.3413075,-5.4035487],[-38.3944479,-5.3629531],[-38.3626287,-5.3494038],[-38.3494976,-5.3266331],[-38.3297036,-5.3171498],[-38.3384648,-5.2968747],[-38.3277896,-5.2727312],[-38.2380566,-5.2109101],[-38.210669,-5.2452356],[-38.2251872,-5.2827301],[-38.2125444,-5.3121163],[-38.2043979,-5.3148823],[-38.2113871,-5.3198077],[-38.2013574,-5.3303991],[-38.1915548,-5.3253234],[-38.1771759,-5.3344],[-38.1585493,-5.357813]]]}},{"type":"Feature","properties":{"level":"municipio","municipality_code":"2312601","municipality_name":"São Luís do Curu","uf":"CE","state_code":"23","area_km2":122.865},"geometry":{"type":"Polygon","coordinates":[[[-39.227709,-3.6636584],[-39.2136206,-3.6929319],[-39.2767243,-3.7370584],[-39.27843,-3.6742212],[-39.289032,-3.6774357],[-39.3069217,-3.6640194],[-39.3148839,-3.5799427],[-39.262185,-3.5851114],[-39.2156671,-3.6085951],[-39.2252386,-3.6301374],[-39.2187837,-3.6480359],[-39.227709,-3.6636584]]]}},{"type":"Feature","properties":{"level":"municipio","municipality_code":"2313104","municipality_name":"Tabuleiro do Norte","uf":"CE","state_code":"23","area_km2":1047.637},"geometry":{"type":"Polygon","coordinates":[[[-38.03773406542503,-5.560165836954803],[-38.0804997,-5.4353703],[-38.169418,-5.3516828],[-38.1771759,-5.3344],[-38.1915548,-5.3253234],[-38.2013574,-5.3303991],[-38.2113871,-5.3198077],[-38.2043979,-5.3148823],[-38.2125444,-5.3121163],[-38.2251872,-5.2827301],[-38.210669,-5.2452356],[-38.2333613,-5.2169793],[-38.224027,-5.1945007],[-38.2381634,-5.1686947],[-38.2320375,-5.1623507],[-38.2081667,-5.1936676],[-38.1343839,-5.2133989],[-38.0697406,-5.1811101],[-37.9953642,-5.2446714],[-37.9675463,-5.2544044],[-37.9302104,-5.2971669],[-37.7864291,-5.2968934],[-37.8474704,-5.3400231],[-37.8576574,-5.3567237],[-37.8642752,-5.3783526],[-37.8604816,-5.4066857],[-37.8864846,-5.4438296],[-37.9022457,-5.5006618],[-37.9326343,-5.5031077],[-37.9480565,-5.5346449],[-37.9931834,-5.5592915],[-37.9983274,-5.5853175],[-38.0139641,-5.5943981],[-38.027815,-5.6227075],[-38.0594539,-5.6297645],[-38.03773406542503,-5.560165836954803]]]}},{"type":"Feature","properties":{"level":"municipio","municipality_code":"2313203","municipality_name":"Tamboril","uf":"CE","state_code":"23","area_km2":2011.782},"geometry":{"type":"Polygon","coordinates":[[[-40.3388074,-4.6594605],[-40.3204731,-4.6788943],[-40.3213658,-4.6900057],[-40.308104,-4.6920045],[-40.3153426,-4.7076104],[-40.3035277,-4.7207207],[-40.3137175,-4.7286149],[-40.2795245,-4.7520462],[-40.2674157,-4.7748461],[-40.2316806,-4.7804571],[-40.2099711,-4.7925438],[-40.1855895,-4.783422],[-40.154248,-4.8100618],[-40.1361009,-4.8129321],[-40.1407179,-4.8203953],[-40.1100505,-4.8504682],[-40.1075717,-4.8743236],[-40.1359754,-4.8890529],[-40.1438935,-4.9031368],[-40.1677847,-4.8983928],[-40.1956819,-4.9067108],[-40.1608135,-4.9414507],[-40.1663604,-4.9639509],[-40.1342901,-4.9746944],[-40.1330869,-4.9922364],[-40.1139327,-4.9849367],[-40.1149366,-5.0004831],[-40.1046496,-4.9965294],[-40.0998502,-5.0023751],[-40.1057041,-5.02397],[-40.1467406,-5.0328896],[-40.1541246,-5.0413979],[-40.1374422,-5.0725731],[-40.1554963,-5.0809281],[-40.1335525,-5.0979273],[-40.1350548,-5.1320129],[-40.1460094,-5.1523326],[-40.1658814,-5.1584406],[-40.1600423,-5.16479],[-40.1719025,-5.1733141],[-40.1823033,-5.1692421],[-40.1909437,-5.176148],[-40.1875336,-5.1672697],[-40.2203354,-5.1516623],[-40.2435981,-5.1712428],[-40.2686795,-5.162532],[-40.3039956,-5.1684555],[-40.3132242,-5.155409],[-40.3908275,-5.2114604],[-40.4041375,-5.2005073],[-40.3736543,-5.1031945],[-40.3996982,-5.0928652],[-40.4196061,-5.073777],[-40.4451137,-5.03417],[-40.4583854,-5.0456003],[-40.4949494,-5.0368396],[-40.5056311,-5.0240343],[-40.537985,-5.0127689],[-40.5666149,-5.0198463],[-40.59643,-4.9574087],[-40.6355716,-4.9247458],[-40.5411383,-4.9153257],[-40.5409687,-4.8439828],[-40.5242578,-4.8478805],[-40.4461554,-4.7324598],[-40.3812886,-4.5488416],[-40.3499736,-4.5795989],[-40.3221096,-4.5765792],[-40.3098748,-4.5837382],[-40.3009185,-4.5784798],[-40.293471,-4.5888258],[-40.2965686,-4.6056122],[-40.3156021,-4.6175769],[-40.3164608,-4.6361551],[-40.3311642,-4.6392183],[-40.3388074,-4.6594605]]]}},{"type":"Feature","properties":{"level":"municipio","municipality_code":"2313252","municipality_name":"Tarrafas","uf":"CE","state_code":"23","area_km2":412.719},"geometry":{"type":"Polygon","coordinates":[[[-39.7761338,-6.8032623],[-39.9094459,-6.7634663],[-39.8311368,-6.698132],[-39.782189,-6.668221],[-39.7738591,-6.6276039],[-39.7365563,-6.6127249],[-39.7382518,-6.6315657],[-39.7309577,-6.6407639],[-39.7133458,-6.6349209],[-39.701757,-6.6453925],[-39.6657878,-6.6372896],[-39.6385182,-6.72325],[-39.6451311,-6.7373951],[-39.6270339,-6.7334528],[-39.6178076,-6.7427541],[-39.6049584,-6.7362438],[-39.6112025,-6.7480588],[-39.5978759,-6.7498838],[-39.6149248,-6.7873338],[-39.6226847,-6.7960896],[-39.6333136,-6.7898296],[-39.6508943,-6.8016714],[-39.6562456,-6.7911712],[-39.6634322,-6.7935757],[-39.653102,-6.8206993],[-39.6906868,-6.8311469],[-39.7010567,-6.801548],[-39.6959751,-6.7959301],[-39.7085711,-6.7853287],[-39.7221839,-6.7851013],[-39.7413631,-6.8054716],[-39.7761338,-6.8032623]]]}},{"type":"Feature","properties":{"level":"municipio","municipality_code":"2313302","municipality_name":"Tauá","uf":"CE","state_code":"23","area_km2":4010.618},"geometry":{"type":"Polygon","coordinates":[[[-39.8556688,-5.9871776],[-39.8889762,-6.0344283],[-39.9055675,-6.036851],[-39.9097227,-6.0586294],[-39.9353043,-6.0796481],[-39.9599461,-6.0855088],[-39.9563602,-6.1002807],[-40.0040286,-6.1049724],[-40.0184409,-6.0956737],[-40.0423274,-6.1063391],[-40.0480044,-6.098454],[-40.0690875,-6.1113062],[-40.1085501,-6.1168747],[-40.1337013,-6.1095011],[-40.1984291,-6.1455213],[-40.2050472,-6.1340272],[-40.2211476,-6.1421976],[-40.226134,-6.1315064],[-40.2344894,-6.1330965],[-40.2565936,-6.1492795],[-40.2613278,-6.166759],[-40.286827,-6.191211],[-40.2903026,-6.2038011],[-40.3012479,-6.2067779],[-40.4330219,-6.3343917],[-40.4720738,-6.3308413],[-40.5278384,-6.3483493],[-40.5472006,-6.3403562],[-40.5742103,-6.3584912],[-40.5824608,-6.3419133],[-40.6038735,-6.3504957],[-40.6103761,-6.3362531],[-40.591284,-6.3135773],[-40.5886911,-6.2930878],[-40.5339408,-6.279232],[-40.4966167,-6.245485],[-40.4880623,-6.2032638],[-40.5316467,-6.1600126],[-40.5085777,-6.1444979],[-40.4939369,-6.0836417],[-40.4863519,-6.0808392],[-40.478141,-6.0522132],[-40.4814077,-6.0329754],[-40.4660966,-6.0161026],[-40.4900546,-5.9818505],[-40.557349,-6.0074307],[-40.5652031,-5.9976006],[-40.5889777,-5.9929847],[-40.5958733,-6.002001],[-40.5980439,-5.9940014],[-40.61225,-5.9901544],[-40.642301,-6.0038204],[-40.6870369,-6.0099626],[-40.7007014,-6.0336134],[-40.7174315,-6.0393349],[-40.7336461,-6.029786],[-40.7358817,-6.0010483],[-40.7466275,-5.9848869],[-40.7378552,-5.9718762],[-40.7129158,-5.9666039],[-40.7145725,-5.9406331],[-40.7054159,-5.9385698],[-40.6956448,-5.9120674],[-40.6628222,-5.9133007],[-40.6827248,-5.8795828],[-40.6596841,-5.846054],[-40.6419495,-5.840237],[-40.6280006,-5.8532857],[-40.607185,-5.8484938],[-40.595685,-5.8363769],[-40.5544317,-5.841068],[-40.5180705,-5.811331],[-40.5124126,-5.8171367],[-40.5168618,-5.8248495],[-40.4900518,-5.8342839],[-40.4740932,-5.8257339],[-40.4522753,-5.8291873],[-40.4114001,-5.8112432],[-40.3715461,-5.746855],[-40.3189057,-5.7424248],[-40.2857185,-5.7566751],[-40.2411239,-5.7190263],[-40.2426126,-5.7100305],[-40.2275609,-5.710434],[-40.2108469,-5.6917416],[-40.2295891,-5.6606701],[-40.2261785,-5.6489154],[-40.2362418,-5.6313938],[-40.2300452,-5.6205584],[-40.234698,-5.6143822],[-40.2201912,-5.6054126],[-40.230166,-5.5999103],[-40.2288836,-5.5920296],[-40.1845926,-5.5718256],[-40.1878171,-5.5624547],[-40.1719655,-5.5596887],[-40.1676665,-5.5434808],[-40.1469213,-5.540238],[-40.1248398,-5.5541665],[-40.1170825,-5.5469205],[-40.107817,-5.5106161],[-40.1099268,-5.4612521],[-40.0599107,-5.3971198],[-40.0679168,-5.4245478],[-40.0601536,-5.4282455],[-40.0553685,-5.462197],[-40.0469493,-5.4675143],[-40.0538448,-5.4877198],[-40.0286594,-5.4893834],[-40.0307425,-5.5077926],[-40.0135586,-5.5192789],[-40.0147946,-5.5344193],[-40.0337836,-5.5634709],[-40.0771528,-5.5828169],[-40.0582437,-5.5943594],[-40.0594992,-5.6072444],[-40.0510579,-5.6104401],[-40.063106,-5.6355637],[-40.0541997,-5.6414955],[-40.073869,-5.6655389],[-40.0718143,-5.6748966],[-40.0425529,-5.711882],[-40.0158762,-5.7073144],[-40.0079006,-5.7143996],[-40.0090753,-5.7339204],[-40.0023782,-5.736447],[-40.0085129,-5.7737722],[-39.9909988,-5.7810189],[-39.9856907,-5.8129849],[-39.9728045,-5.8230113],[-39.9594887,-5.8169068],[-39.9203753,-5.8322719],[-39.9410511,-5.8633014],[-39.959497,-5.8728198],[-39.9133647,-5.8991245],[-39.8715433,-5.8836297],[-39.8607323,-5.8894132],[-39.8768319,-5.9094027],[-39.8493978,-5.9334581],[-39.8375118,-5.9300035],[-39.8316227,-5.9632452],[-39.8456378,-5.9884616],[-39.8556688,-5.9871776]]]}},{"type":"Feature","properties":{"level":"municipio","municipality_code":"2313351","municipality_name":"Tejuçuoca","uf":"CE","state_code":"23","area_km2":758.706},"geometry":{"type":"Polygon","coordinates":[[[-39.4934041,-3.8191927],[-39.4891592,-3.812766],[-39.4787818,-3.8177444],[-39.4765087,-3.8576366],[-39.4303659,-3.855476],[-39.4576042,-3.9289019],[-39.4840943,-3.9739234],[-39.485732,-4.0051536],[-39.4953737,-3.996678],[-39.5028183,-4.0013086],[-39.5326814,-4.0844392],[-39.5574015,-4.1013389],[-39.5754867,-4.091776],[-39.5976456,-4.0944245],[-39.6081663,-4.0825821],[-39.6252715,-4.0791488],[-39.628603,-4.0695961],[-39.6660476,-4.068058],[-39.6649485,-4.0816739],[-39.668052,-4.0796336],[-39.6835902,-4.0340371],[-39.708824,-4.0148007],[-39.6997006,-4.0028357],[-39.7069482,-3.9777805],[-39.7192735,-3.9701937],[-39.7156228,-3.9553337],[-39.7045306,-3.9478657],[-39.7158124,-3.919729],[-39.7089301,-3.9057194],[-39.7187314,-3.8872533],[-39.7109084,-3.8842406],[-39.7199387,-3.8708112],[-39.7121057,-3.8696856],[-39.6915932,-3.8362622],[-39.6684523,-3.8343779],[-39.6613371,-3.8247121],[-39.6451464,-3.8211705],[-39.6229687,-3.8302659],[-39.6127009,-3.8208476],[-39.5918711,-3.8263201],[-39.5802198,-3.8215159],[-39.5392661,-3.7619625],[-39.5145138,-3.7453719],[-39.489718,-3.7601785],[-39.4934041,-3.8191927]]]}},{"type":"Feature","properties":{"level":"municipio","municipality_code":"2313401","municipality_name":"Tianguá","uf":"CE","state_code":"23","area_km2":909.853},"geometry":{"type":"Polygon","coordinates":[[[-40.9675771,-3.6120691],[-40.9161514,-3.5681493],[-40.907434,-3.5515512],[-40.8768744,-3.5325409],[-40.8862268,-3.5181423],[-40.8689155,-3.5090356],[-40.8843282,-3.4880161],[-40.866995,-3.4786662],[-40.8728804,-3.4689509],[-40.8611313,-3.4398358],[-40.8461211,-3.4301552],[-40.8490659,-3.4171692],[-40.8216775,-3.4708189],[-40.8568439,-3.5359012],[-40.8924672,-3.5591284],[-40.9040368,-3.5753322],[-40.8909351,-3.6679472],[-40.8742189,-3.7224726],[-40.8953028,-3.7809788],[-40.9559032,-3.8067431],[-40.9731366,-3.8419341],[-41.0065896,-3.8399736],[-41.0353281,-3.8496051],[-41.0757616,-3.8380038],[-41.1318875,-3.8440959],[-41.1609011,-3.8721606],[-41.1783228,-3.8759236],[-41.183227,-3.8919476],[-41.2075315,-3.8996954],[-41.2456715,-3.8964269],[-41.2476093,-3.8822882],[-41.2677571,-3.8618499],[-41.2768563,-3.8256211],[-41.3008141,-3.8262989],[-41.2541229,-3.7750414],[-41.2615191,-3.7519423],[-41.2530803,-3.7242163],[-41.2394294,-3.7207497],[-41.2392948,-3.7127754],[-41.2204064,-3.7188023],[-41.1963222,-3.6960016],[-41.1892075,-3.7038888],[-41.1504395,-3.6954835],[-41.1296007,-3.7123417],[-41.1203341,-3.7115828],[-41.0517437,-3.6664073],[-41.0382044,-3.6651227],[-41.0241693,-3.6470058],[-41.0061916,-3.6475485],[-41.0120854,-3.6400617],[-41.0044149,-3.627735],[-40.9675771,-3.6120691]]]}},{"type":"Feature","properties":{"level":"municipio","municipality_code":"2313500","municipality_name":"Trairi","uf":"CE","state_code":"23","area_km2":928.726},"geometry":{"type":"Polygon","coordinates":[[[-39.2302501,-3.2386352],[-39.1645374,-3.3279802],[-39.17496,-3.3285721],[-39.2038513,-3.3562182],[-39.2144822,-3.3499924],[-39.2555374,-3.3599715],[-39.2505388,-3.3710491],[-39.2635427,-3.3835637],[-39.2503371,-3.4119065],[-39.2622231,-3.4901164],[-39.284198,-3.5032653],[-39.293682,-3.5315245],[-39.3099098,-3.5281783],[-39.3065676,-3.5654431],[-39.3148839,-3.5799427],[-39.3480677,-3.5727817],[-39.3741857,-3.5779339],[-39.3631198,-3.5473477],[-39.3516376,-3.5480463],[-39.3345962,-3.5287423],[-39.3310227,-3.5016154],[-39.4310196,-3.431414],[-39.4472876,-3.4093557],[-39.481032,-3.3960194],[-39.4955704,-3.3694024],[-39.4932063,-3.3570287],[-39.5041107,-3.3494354],[-39.5008135,-3.3288282],[-39.5121417,-3.3124741],[-39.5051293,-3.2916773],[-39.5224578,-3.2739079],[-39.5041276,-3.2410531],[-39.510205,-3.2028482],[-39.4846042,-3.2002038],[-39.4868947,-3.2093702],[-39.4809174,-3.2092773],[-39.4757919,-3.1973356],[-39.4548155,-3.2070848],[-39.462077,-3.2119154],[-39.4235415,-3.2006821],[-39.4096846,-3.2074138],[-39.4070131,-3.1844599],[-39.4032577,-3.1905795],[-39.3533549,-3.1743061],[-39.3130443,-3.2060711],[-39.2773477,-3.2196874],[-39.2590531,-3.2186047],[-39.2302501,-3.2386352]]]}},{"type":"Feature","properties":{"level":"municipio","municipality_code":"2313559","municipality_name":"Tururu","uf":"CE","state_code":"23","area_km2":197.193},"geometry":{"type":"Polygon","coordinates":[[[-39.3542726,-3.6623829],[-39.4347007,-3.6533507],[-39.4414166,-3.6362775],[-39.4204972,-3.626223],[-39.4913921,-3.6021521],[-39.5045409,-3.5744713],[-39.4537485,-3.5850773],[-39.4152126,-3.5520551],[-39.400999,-3.5486737],[-39.4168117,-3.5025646],[-39.4349562,-3.4845755],[-39.4263153,-3.4713427],[-39.4386557,-3.4487414],[-39.4514208,-3.4440319],[-39.4678866,-3.4007289],[-39.4472876,-3.4093557],[-39.4310196,-3.431414],[-39.3310227,-3.5016154],[-39.3345962,-3.5287423],[-39.3516376,-3.5480463],[-39.3631198,-3.5473477],[-39.362338,-3.5584545],[-39.3897871,-3.6083448],[-39.3542726,-3.6623829]]]}},{"type":"Feature","properties":{"level":"municipio","municipality_code":"2313609","municipality_name":"Ubajara","uf":"CE","state_code":"23","area_km2":423.673},"geometry":{"type":"Polygon","coordinates":[[[-40.9559032,-3.8067431],[-40.8997079,-3.777919],[-40.8456916,-3.7887248],[-40.7796351,-3.7862498],[-40.7756461,-3.7982236],[-40.7825977,-3.8216757],[-40.7922476,-3.8233083],[-40.7896883,-3.8372174],[-40.7978634,-3.8469413],[-40.8090649,-3.846768],[-40.8258546,-3.8685654],[-40.8815723,-3.8653645],[-40.8931991,-3.870234],[-40.8943305,-3.8882061],[-40.9180838,-3.8891196],[-40.9323856,-3.9076021],[-40.9771047,-3.8925188],[-41.1081885,-3.9318819],[-41.122248,-3.9282243],[-41.1336438,-3.9420449],[-41.1635243,-3.9437217],[-41.2118476,-3.9724089],[-41.2289347,-3.968103],[-41.2202395,-3.9415055],[-41.2289134,-3.9117298],[-41.2451081,-3.8954528],[-41.2075315,-3.8996954],[-41.183227,-3.8919476],[-41.1783228,-3.8759236],[-41.1609011,-3.8721606],[-41.1318875,-3.8440959],[-41.0757616,-3.8380038],[-41.0353281,-3.8496051],[-41.0065896,-3.8399736],[-40.9731366,-3.8419341],[-40.9559032,-3.8067431]]]}},{"type":"Feature","properties":{"level":"municipio","municipality_code":"2313708","municipality_name":"Umari","uf":"CE","state_code":"23","area_km2":263.185},"geometry":{"type":"Polygon","coordinates":[[[-38.6725406,-6.7062314],[-38.7387282,-6.6779606],[-38.8012166,-6.6587919],[-38.8285962,-6.6586703],[-38.843739,-6.667271],[-38.8735394,-6.6118104],[-38.869021,-6.5914314],[-38.8765668,-6.5816181],[-38.8546121,-6.5968804],[-38.796008,-6.599029],[-38.773826,-6.6122349],[-38.7509234,-6.5917817],[-38.7312741,-6.5855243],[-38.7352045,-6.5703915],[-38.7020513,-6.5555542],[-38.6792829,-6.5630686],[-38.6595596,-6.545852],[-38.6070845,-6.5295148],[-38.6428534,-6.5811777],[-38.6291604,-6.6045824],[-38.6552633,-6.6304788],[-38.6570803,-6.6422895],[-38.6460225,-6.6602643],[-38.6519647,-6.6731834],[-38.6623614,-6.6743179],[-38.6725406,-6.7062314]]]}},{"type":"Feature","properties":{"level":"municipio","municipality_code":"2313757","municipality_name":"Umirim","uf":"CE","state_code":"23","area_km2":315.647},"geometry":{"type":"Polygon","coordinates":[[[-39.3069217,-3.6640194],[-39.27843,-3.6742212],[-39.2767243,-3.7370584],[-39.3224874,-3.7317378],[-39.3388091,-3.7443891],[-39.3516429,-3.7329999],[-39.3669656,-3.7674522],[-39.3954377,-3.7646284],[-39.3975277,-3.7759074],[-39.4246362,-3.7862433],[-39.4322981,-3.7847285],[-39.4427846,-3.7451899],[-39.4563995,-3.747789],[-39.4714037,-3.72699],[-39.4959047,-3.721795],[-39.5129726,-3.693335],[-39.5145669,-3.6692932],[-39.4556274,-3.6431076],[-39.4499644,-3.6579714],[-39.3542726,-3.6623829],[-39.3897871,-3.6083448],[-39.3741857,-3.5779339],[-39.3480677,-3.5727817],[-39.3148839,-3.5799427],[-39.3069217,-3.6640194]]]}},{"type":"Feature","properties":{"level":"municipio","municipality_code":"2313807","municipality_name":"Uruburetama","uf":"CE","state_code":"23","area_km2":103.478},"geometry":{"type":"Polygon","coordinates":[[[-39.5141006,-3.6581732],[-39.5547498,-3.6530151],[-39.5665189,-3.6302496],[-39.5964181,-3.6266191],[-39.5453266,-3.5749736],[-39.5045409,-3.5744713],[-39.4913921,-3.6021521],[-39.4204972,-3.626223],[-39.4414166,-3.6362775],[-39.4347007,-3.6533507],[-39.426329,-3.6558151],[-39.4499644,-3.6579714],[-39.4556274,-3.6431076],[-39.5145669,-3.6692932],[-39.5141006,-3.6581732]]]}},{"type":"Feature","properties":{"level":"municipio","municipality_code":"2313906","municipality_name":"Uruoca","uf":"CE","state_code":"23","area_km2":697.683},"geometry":{"type":"Polygon","coordinates":[[[-40.4792058,-3.3055231],[-40.5060077,-3.3688092],[-40.5281761,-3.3880682],[-40.5452452,-3.3924529],[-40.5416237,-3.4107686],[-40.608609,-3.4100716],[-40.6302329,-3.3912332],[-40.6023436,-3.3681468],[-40.6340071,-3.3574527],[-40.6532104,-3.3592243],[-40.6685597,-3.3636021],[-40.6796636,-3.3884958],[-40.6952207,-3.4014035],[-40.7257478,-3.3828447],[-40.720795,-3.4234111],[-40.7369179,-3.430739],[-40.7371747,-3.4380928],[-40.7724488,-3.4221711],[-40.7983252,-3.4179597],[-40.8141247,-3.4259543],[-40.8490659,-3.4171692],[-40.8291206,-3.3678452],[-40.8378526,-3.3589762],[-40.8775978,-3.3703658],[-40.8804007,-3.3647191],[-40.8522812,-3.3371151],[-40.8522401,-3.309992],[-40.8198107,-3.296146],[-40.8146642,-3.2836846],[-40.8123552,-3.2707971],[-40.8260755,-3.2742445],[-40.8395353,-3.2633404],[-40.8207146,-3.2582534],[-40.8397937,-3.2414713],[-40.82649,-3.2347679],[-40.8384196,-3.2259077],[-40.8343033,-3.2084946],[-40.6690641,-3.2476425],[-40.5233208,-3.2401921],[-40.5158559,-3.2495622],[-40.4816756,-3.2609914],[-40.4885703,-3.2781908],[-40.4792058,-3.3055231]]]}},{"type":"Feature","properties":{"level":"municipio","municipality_code":"2313955","municipality_name":"Varjota","uf":"CE","state_code":"23","area_km2":179.239},"geometry":{"type":"Polygon","coordinates":[[[-40.4313306,-4.0909171],[-40.4362986,-4.1373187],[-40.4295468,-4.145127],[-40.4312965,-4.1582807],[-40.4447053,-4.1626112],[-40.4434742,-4.1944755],[-40.4914182,-4.2458631],[-40.5255417,-4.2554198],[-40.5496425,-4.2150483],[-40.5620524,-4.2062564],[-40.5981478,-4.2024282],[-40.5457862,-4.1725405],[-40.5193809,-4.1668464],[-40.514408,-4.1335136],[-40.5329301,-4.0978456],[-40.472449,-4.0857818],[-40.4313306,-4.0909171]]]}},{"type":"Feature","properties":{"level":"municipio","municipality_code":"2314102","municipality_name":"Viçosa do Ceará","uf":"CE","state_code":"23","area_km2":1310.91},"geometry":{"type":"Polygon","coordinates":[[[-41.02908,-3.6579209],[-41.1203341,-3.7115828],[-41.1296007,-3.7123417],[-41.1504395,-3.6954835],[-41.1892075,-3.7038888],[-41.1963222,-3.6960016],[-41.2212197,-3.7189091],[-41.2793342,-3.7007474],[-41.2908016,-3.689689],[-41.3265429,-3.6873195],[-41.3432822,-3.6781684],[-41.3313155,-3.6246843],[-41.3449041,-3.5887389],[-41.3680228,-3.5785359],[-41.3712461,-3.5677937],[-41.3646614,-3.5579986],[-41.3368693,-3.5538936],[-41.3256787,-3.5364128],[-41.3210691,-3.498281],[-41.2881775,-3.4792135],[-41.2613801,-3.4799899],[-41.2532632,-3.4598104],[-41.2366658,-3.4582879],[-41.2200845,-3.4391225],[-41.2348212,-3.4343664],[-41.2291481,-3.4266875],[-41.2082919,-3.4242102],[-41.1773329,-3.379144],[-41.1701669,-3.2878929],[-41.1490822,-3.3634064],[-41.1262398,-3.3585061],[-41.0488993,-3.3914765],[-41.0517073,-3.4020378],[-41.0034961,-3.4230461],[-40.8768744,-3.5325409],[-40.907434,-3.5515512],[-40.9161514,-3.5681493],[-40.9686514,-3.6133945],[-41.0044149,-3.627735],[-41.0120854,-3.6400617],[-41.0061916,-3.6475485],[-41.0241693,-3.6470058],[-41.02908,-3.6579209]]]}},{"type":"Feature","properties":{"level":"municipio","municipality_code":"2314003","municipality_name":"Várzea Alegre","uf":"CE","state_code":"23","area_km2":829.976},"geometry":{"type":"Polygon","coordinates":[[[-39.2904502,-6.6745421],[-39.2794507,-6.6292071],[-39.3118571,-6.6001409],[-39.3128314,-6.5845434],[-39.2962304,-6.5695317],[-39.2984225,-6.5616827],[-39.2368343,-6.5889598],[-39.2211073,-6.5892105],[-39.2098737,-6.6078133],[-39.1785815,-6.613311],[-39.1731523,-6.6227204],[-39.1838655,-6.6413714],[-39.174311,-6.6456072],[-39.1746852,-6.6711611],[-39.14397,-6.6717425],[-39.1298178,-6.6907072],[-39.1291643,-6.7112478],[-39.1079307,-6.7154846],[-39.1333772,-6.7286072],[-39.181558,-6.8272817],[-39.1858058,-6.8636983],[-39.2069695,-6.8773296],[-39.2662528,-6.8816899],[-39.3859637,-6.9224485],[-39.3949687,-6.9223687],[-39.4186997,-6.8951378],[-39.4832284,-6.8979579],[-39.4777625,-6.8856147],[-39.4857289,-6.8761014],[-39.4731162,-6.8647824],[-39.4784381,-6.846688],[-39.4842289,-6.8380453],[-39.4935639,-6.8465908],[-39.5026229,-6.8435984],[-39.5078329,-6.8164564],[-39.5168544,-6.810096],[-39.5015762,-6.7547486],[-39.4781522,-6.75556],[-39.467611,-6.7751226],[-39.4523947,-6.7780263],[-39.4423071,-6.7901511],[-39.418648,-6.7825423],[-39.3985658,-6.7552797],[-39.3840758,-6.7691836],[-39.3671481,-6.7629093],[-39.3592841,-6.7710112],[-39.3278617,-6.7703188],[-39.2974121,-6.7445022],[-39.3282489,-6.7352311],[-39.3363394,-6.7247966],[-39.3187493,-6.7027408],[-39.3166699,-6.6842983],[-39.2904502,-6.6745421]]]}}]}