{"type":"FeatureCollection","name":"MA_Municipios_2024","crs":{"type":"name","properties":{"name":"urn:ogc:def:crs:EPSG::4674"}},"features":[{"type":"Feature","properties":{"level":"municipio","municipality_code":"2100105","municipality_name":"Afonso Cunha","uf":"MA","state_code":"21","area_km2":371.765},"geometry":{"type":"Polygon","coordinates":[[[-43.2102548,-4.3651235],[-43.4292435,-4.2233224],[-43.2675946,-4.0748038],[-43.247437,-4.0994176],[-43.2446894,-4.116204],[-43.2335011,-4.1150217],[-43.2258968,-4.1266498],[-43.2239402,-4.1706677],[-43.2371836,-4.2015738],[-43.2283989,-4.2368245],[-43.2348986,-4.2761013],[-43.2203205,-4.3040391],[-43.2102548,-4.3651235]]]}},{"type":"Feature","properties":{"level":"municipio","municipality_code":"2100204","municipality_name":"Alcântara","uf":"MA","state_code":"21","area_km2":1167.964},"geometry":{"type":"MultiPolygon","coordinates":[[[[-44.4221204,-2.4152101],[-44.4202669,-2.425448],[-44.4242248,-2.428456],[-44.4281734,-2.4201161],[-44.4221204,-2.4152101]]],[[[-44.4990219,-2.4332715],[-44.4726618,-2.4280629],[-44.458165,-2.4340941],[-44.4464187,-2.4416072],[-44.4429414,-2.4575159],[-44.4603721,-2.4807485],[-44.4648668,-2.4762688],[-44.4759972,-2.4850476],[-44.4902258,-2.5217285],[-44.5121871,-2.5351872],[-44.5235465,-2.5256634],[-44.5345819,-2.527683],[-44.5553007,-2.5964537],[-44.5858144,-2.5781783],[-44.6105638,-2.5811262],[-44.6218986,-2.5966135],[-44.650074,-2.604211],[-44.6495819,-2.6236201],[-44.6639772,-2.6186371],[-44.6737466,-2.6287543],[-44.6779933,-2.6175858],[-44.6837531,-2.625586],[-44.6931326,-2.6229611],[-44.6955986,-2.6372936],[-44.7070931,-2.6370094],[-44.7106292,-2.6273206],[-44.6845361,-2.5463],[-44.6957667,-2.5144778],[-44.7192747,-2.5084063],[-44.7204912,-2.489753],[-44.7018179,-2.4608407],[-44.6589319,-2.4360473],[-44.6669574,-2.4208946],[-44.6478215,-2.3751383],[-44.6665197,-2.3436701],[-44.6639036,-2.320512],[-44.6444111,-2.2962791],[-44.627593,-2.2908973],[-44.6232252,-2.2673457],[-44.5896271,-2.2431365],[-44.5882142,-2.2286082],[-44.5429628,-2.1955583],[-44.5298204,-2.1595826],[-44.485482,-2.1460397],[-44.472586,-2.1520603],[-44.4637777,-2.1442979],[-44.432876,-2.1663487],[-44.3984631,-2.2143858],[-44.4042856,-2.2187585],[-44.3957733,-2.2231078],[-44.3844785,-2.2676585],[-44.3911636,-2.2757346],[-44.3770483,-2.2814934],[-44.3578246,-2.3401843],[-44.3795387,-2.3554876],[-44.3723585,-2.3807378],[-44.3879763,-2.4088868],[-44.4068506,-2.4183538],[-44.4079991,-2.4090214],[-44.4375614,-2.4081833],[-44.4406526,-2.4157336],[-44.4778895,-2.4112011],[-44.4958815,-2.4227414],[-44.4990219,-2.4332715]]]]}},{"type":"Feature","properties":{"level":"municipio","municipality_code":"2100303","municipality_name":"Aldeias Altas","uf":"MA","state_code":"21","area_km2":1943.413},"geometry":{"type":"Polygon","coordinates":[[[-43.4201364,-4.6292812],[-43.4804205,-4.6484938],[-43.5003341,-4.6835143],[-43.5630049,-4.6732784],[-43.6140058,-4.6337715],[-43.6419271,-4.5822395],[-43.6790625,-4.5500345],[-43.7421243,-4.4755854],[-43.7529781,-4.4720846],[-43.7202847,-4.4682673],[-43.7162818,-4.4811215],[-43.7014516,-4.4797215],[-43.7026192,-4.4900549],[-43.6960082,-4.4924817],[-43.3681715,-4.3017736],[-43.4292435,-4.2233224],[-43.0826724,-4.4461556],[-43.1219753,-4.5096972],[-43.1341442,-4.5625363],[-43.2040902,-4.6294196],[-43.2119242,-4.676614],[-43.2398691,-4.6947073],[-43.2535895,-4.7173223],[-43.3977839,-4.6299279],[-43.4201364,-4.6292812]]]}},{"type":"Feature","properties":{"level":"municipio","municipality_code":"2100402","municipality_name":"Altamira do Maranhão","uf":"MA","state_code":"21","area_km2":524.374},"geometry":{"type":"Polygon","coordinates":[[[-45.5727857,-4.1420767],[-45.5812024,-4.1416868],[-45.5853982,-4.1263053],[-45.5782219,-4.1208323],[-45.5809878,-4.1097768],[-45.5690251,-4.1006556],[-45.5608719,-4.0665413],[-45.5508239,-4.0589561],[-45.5583796,-4.0601992],[-45.5733683,-4.0199192],[-45.561361,-3.9872079],[-45.5501869,-3.9870382],[-45.4876476,-4.0635952],[-45.4472801,-4.0751917],[-45.4223474,-4.0673894],[-45.4263251,-4.0884226],[-45.4475628,-4.1188082],[-45.4455978,-4.1382376],[-45.4316585,-4.1414834],[-45.4024688,-4.1149313],[-45.376696,-4.1166736],[-45.3560977,-4.1314614],[-45.3669616,-4.1726309],[-45.3876659,-4.1714967],[-45.4025084,-4.1864288],[-45.4011249,-4.199838],[-45.4260108,-4.2654218],[-45.4277342,-4.2515909],[-45.4583041,-4.2814591],[-45.4677407,-4.2764542],[-45.5117658,-4.2857832],[-45.5188083,-4.270171],[-45.5430859,-4.2831673],[-45.5865567,-4.2806004],[-45.6061414,-4.2877279],[-45.6246634,-4.2702135],[-45.6242133,-4.2487582],[-45.6206846,-4.2404669],[-45.6115356,-4.2416106],[-45.6188013,-4.2338996],[-45.5951624,-4.2212516],[-45.5946864,-4.1901848],[-45.5859171,-4.1790703],[-45.5913534,-4.158594],[-45.5727857,-4.1420767]]]}},{"type":"Feature","properties":{"level":"municipio","municipality_code":"2100436","municipality_name":"Alto Alegre do Maranhão","uf":"MA","state_code":"21","area_km2":392.75},"geometry":{"type":"Polygon","coordinates":[[[-44.4465214,-4.1291439],[-44.3427582,-4.099957],[-44.2677667,-4.2777551],[-44.3565,-4.2683973],[-44.3998089,-4.2961527],[-44.4067056,-4.3212761],[-44.4731,-4.3048619],[-44.4769365,-4.2788908],[-44.5057437,-4.2790886],[-44.5001377,-4.2553136],[-44.4799035,-4.234055],[-44.486788,-4.1297029],[-44.4465214,-4.1291439]]]}},{"type":"Feature","properties":{"level":"municipio","municipality_code":"2100477","municipality_name":"Alto Alegre do Pindaré","uf":"MA","state_code":"21","area_km2":1875.58},"geometry":{"type":"Polygon","coordinates":[[[-45.991528,-3.6830933],[-45.9404038,-3.70437],[-45.9123676,-3.6903848],[-45.8820313,-3.6580895],[-45.8648732,-3.6632129],[-45.8451679,-3.658126],[-45.8410627,-3.6647856],[-45.8342899,-3.6488755],[-45.8135092,-3.6363181],[-45.765126,-3.6448411],[-45.7325065,-3.6353534],[-45.705071,-3.6417728],[-45.6929534,-3.6337223],[-45.6866209,-3.6399353],[-45.6624349,-3.6332276],[-45.6449977,-3.6214257],[-45.6418723,-3.6260582],[-45.6608987,-3.7456593],[-45.678292,-3.7579334],[-45.6857851,-3.7883084],[-45.7182777,-3.8094782],[-45.7500269,-3.8171033],[-45.7495576,-3.7963591],[-45.7650573,-3.7924908],[-45.7724154,-3.8231454],[-45.7853938,-3.8331092],[-45.8093429,-3.8193155],[-45.8449708,-3.8178633],[-45.8463861,-3.8800302],[-45.8984472,-3.8997585],[-45.9098137,-3.9302928],[-45.9053683,-3.9380617],[-45.98425,-3.9843285],[-46.050447,-3.9999999],[-46.0887542,-4.0240003],[-46.0870197,-4.0333528],[-46.2737878,-4.3016906],[-46.2920067,-4.2788168],[-46.2993931,-4.2476602],[-46.2829201,-4.2253108],[-46.2844981,-4.1719917],[-46.2751464,-4.1638543],[-46.2674842,-4.1290055],[-46.2329912,-4.0870331],[-46.2122789,-4.0408748],[-46.2257454,-4.0101027],[-46.2436059,-4.0018411],[-46.2467434,-3.9893577],[-46.2683462,-3.9885359],[-46.2561423,-3.9602818],[-46.2510285,-3.9509878],[-46.2338521,-3.9479806],[-46.2053835,-3.9281193],[-46.2036152,-3.8743225],[-46.1829731,-3.8448113],[-46.1793401,-3.8158654],[-46.1705221,-3.8127001],[-46.1630908,-3.7948512],[-46.1651205,-3.7838832],[-46.1103147,-3.7361968],[-46.1015505,-3.717535],[-46.068322,-3.7173703],[-46.0612609,-3.7045364],[-46.0490218,-3.7006829],[-46.0135537,-3.7059303],[-45.991528,-3.6830933]]]}},{"type":"Feature","properties":{"level":"municipio","municipality_code":"2100501","municipality_name":"Alto Parnaíba","uf":"MA","state_code":"21","area_km2":11127.384},"geometry":{"type":"Polygon","coordinates":[[[-45.8775365,-10.0637812],[-45.8705705,-10.080186],[-45.8982109,-10.1497535],[-45.924267,-10.1711581],[-45.9311874,-10.1908257],[-45.945619,-10.1964425],[-45.9552948,-10.2184428],[-45.9462653,-10.2585499],[-45.9739471,-10.2483699],[-45.9962481,-10.2503148],[-46.0063243,-10.2596283],[-46.0177241,-10.2403919],[-46.0232207,-10.1833808],[-46.0312475,-10.1761108],[-46.099726,-10.2129005],[-46.135913,-10.2063543],[-46.1633034,-10.2136326],[-46.210869,-10.169735],[-46.2730031,-10.1816154],[-46.3130818,-10.1728238],[-46.3275253,-10.1836944],[-46.3678895,-10.1688141],[-46.3839691,-10.1201424],[-46.420695,-10.0808792],[-46.4452004,-10.0773873],[-46.4565293,-10.0499237],[-46.457085,-10.0180174],[-46.4775839,-9.9883014],[-46.4718656,-9.9736545],[-46.4770081,-9.9527489],[-46.4657237,-9.9370574],[-46.4786115,-9.9238687],[-46.4728993,-9.8774403],[-46.4916451,-9.8700701],[-46.4803335,-9.8552553],[-46.4960599,-9.8460064],[-46.4936439,-9.8274242],[-46.5094485,-9.8013667],[-46.5423899,-9.8103118],[-46.5715924,-9.8080372],[-46.579665,-9.7963455],[-46.5693416,-9.7697241],[-46.5767818,-9.7569123],[-46.5961386,-9.7472513],[-46.6322287,-9.7488769],[-46.6443936,-9.7403333],[-46.6533374,-9.6934421],[-46.6130575,-9.6658082],[-46.6061184,-9.6301634],[-46.5913322,-9.6053413],[-46.5923881,-9.5872005],[-46.5367555,-9.5571093],[-46.5756895,-9.5175489],[-46.5757819,-9.5082503],[-46.5591976,-9.4929926],[-46.5640063,-9.4804265],[-46.5926609,-9.4834595],[-46.6004795,-9.4704554],[-46.6275914,-9.4657229],[-46.6495644,-9.444091],[-46.646197,-9.4231531],[-46.6327834,-9.4115883],[-46.6405035,-9.3995847],[-46.6331205,-9.3817168],[-46.610281,-9.3678206],[-46.6548399,-9.3365353],[-46.6689462,-9.2890539],[-46.6670916,-9.2768233],[-46.6432784,-9.2627584],[-46.6461123,-9.2085282],[-46.6330315,-9.1827428],[-46.6205339,-9.1850284],[-46.6219521,-9.1710903],[-46.6068309,-9.1502768],[-46.610639,-9.1193235],[-46.6225306,-9.1141359],[-46.6261739,-9.0993891],[-46.6141999,-9.0874694],[-46.5781423,-9.0822932],[-46.5704736,-9.0693941],[-46.5565884,-9.072585],[-46.5438955,-9.0625515],[-46.5182789,-8.9427395],[-46.5037673,-8.9303025],[-46.4299727,-8.9153542],[-46.4014585,-8.8975421],[-46.3533143,-8.848668],[-46.3349419,-8.811495],[-46.2868295,-8.7580304],[-46.2562994,-8.80465],[-46.2004936,-8.8060763],[-46.1311504,-8.8373344],[-46.097381,-8.8305972],[-46.0701103,-8.8100292],[-46.0561703,-8.8161013],[-46.054525,-8.8102095],[-45.986998,-8.7981827],[-45.9533317,-8.7827959],[-45.9383923,-8.7868213],[-45.9607222,-8.8178942],[-45.9449137,-8.8372233],[-45.9498106,-8.8450256],[-45.9583695,-8.8404093],[-45.9738395,-8.8674461],[-45.967338,-8.8763614],[-45.9832977,-8.888574],[-45.9796576,-8.9036697],[-45.9950893,-8.9269916],[-45.9911913,-8.950212],[-45.943779,-9.0151149],[-45.9459365,-9.0251384],[-45.9358573,-9.0396927],[-45.9409741,-9.0551071],[-45.9292858,-9.0700941],[-45.9331186,-9.0856248],[-45.9232199,-9.0899924],[-45.9287415,-9.137588],[-45.8976886,-9.1852978],[-45.9060932,-9.191255],[-45.8988628,-9.2089441],[-45.9039487,-9.2305543],[-45.8969268,-9.2350989],[-45.8982626,-9.2621897],[-45.9044382,-9.266258],[-45.8964319,-9.2803044],[-45.9079205,-9.297005],[-45.8914022,-9.3307304],[-45.8942891,-9.3415665],[-45.8640909,-9.3589924],[-45.8480022,-9.3558846],[-45.8246917,-9.3745778],[-45.7991632,-9.4163401],[-45.801624,-9.436008],[-45.7886334,-9.4579181],[-45.7959474,-9.459759],[-45.7834353,-9.4794771],[-45.8209267,-9.5170467],[-45.8323329,-9.5366631],[-45.8288809,-9.5473937],[-45.8419325,-9.5628899],[-45.8336263,-9.5875297],[-45.8367433,-9.6021266],[-45.8203869,-9.6179128],[-45.8335115,-9.6522772],[-45.8298249,-9.6808887],[-45.8385678,-9.6963177],[-45.8287241,-9.7044026],[-45.8214206,-9.7731271],[-45.845732,-9.8085652],[-45.8662777,-9.870719],[-45.8422862,-9.9415579],[-45.8775365,-10.0637812]]]}},{"type":"Feature","properties":{"level":"municipio","municipality_code":"2100550","municipality_name":"Amapá do Maranhão","uf":"MA","state_code":"21","area_km2":493.738},"geometry":{"type":"Polygon","coordinates":[[[-45.9920099,-1.7903971],[-46.0561274,-1.7414466],[-46.0341829,-1.6668771],[-46.0241106,-1.5185987],[-45.9350604,-1.5759356],[-45.8232319,-1.6156674],[-45.8309911,-1.6330809],[-45.8271224,-1.6461528],[-45.8512846,-1.6593798],[-45.8498182,-1.66752],[-45.8653046,-1.6864864],[-45.8540665,-1.6971998],[-45.8583003,-1.7066811],[-45.8525512,-1.7143351],[-45.8778884,-1.7528427],[-45.870889,-1.76397],[-45.8755646,-1.7844005],[-45.9477179,-1.7951066],[-45.9920099,-1.7903971]]]}},{"type":"Feature","properties":{"level":"municipio","municipality_code":"2100600","municipality_name":"Amarante do Maranhão","uf":"MA","state_code":"21","area_km2":7441.771},"geometry":{"type":"Polygon","coordinates":[[[-46.9303184,-4.8505746],[-46.0173724,-4.8537058],[-46.0113671,-4.86333],[-46.0260088,-4.9337007],[-46.0564384,-4.9695288],[-46.0691955,-5.0000851],[-46.1139969,-5.0460717],[-46.1375773,-5.0553331],[-46.1670568,-5.0539824],[-46.1907777,-5.0717675],[-46.220085,-5.1352866],[-46.2779372,-5.1783244],[-46.2868048,-5.200725],[-46.3132198,-5.2209769],[-46.3212764,-5.2643009],[-46.3479774,-5.296293],[-46.3299687,-5.3340495],[-46.3322219,-5.6663038],[-46.3433639,-5.6680158],[-46.3490315,-5.6783717],[-46.3750313,-5.6771336],[-46.3818868,-5.6978965],[-46.4061936,-5.7242153],[-46.4376949,-5.7243329],[-46.4635604,-5.7503796],[-46.4936934,-5.7539905],[-46.5072537,-5.7412679],[-46.5874144,-5.7327101],[-46.611514,-5.7512544],[-46.6271641,-5.7560672],[-46.6383184,-5.7504354],[-46.6706654,-5.7683405],[-46.6947364,-5.7436052],[-46.730934,-5.7476651],[-46.7395508,-5.7790942],[-46.7564023,-5.7924526],[-46.7628043,-5.8181566],[-46.7810218,-5.826807],[-46.7860028,-5.838419],[-46.7829487,-5.8478166],[-46.7946988,-5.8753837],[-46.7922172,-5.8925385],[-46.7824472,-5.898789],[-46.8302975,-5.8923483],[-46.8468677,-5.9054308],[-46.8749039,-5.9116482],[-46.893421,-5.889803],[-46.8857435,-5.8685106],[-46.8890334,-5.8511934],[-46.8772471,-5.8287463],[-46.8870861,-5.8234966],[-46.8944478,-5.7917813],[-46.9070865,-5.779027],[-46.9020127,-5.7596044],[-46.9170363,-5.7603329],[-46.9197878,-5.7531167],[-46.9131457,-5.7376686],[-46.9232335,-5.7156628],[-46.9115131,-5.6962154],[-46.9238915,-5.6951979],[-46.9222237,-5.6836152],[-46.9341258,-5.6699403],[-46.936036,-5.6573519],[-46.9251495,-5.6561929],[-46.9349191,-5.6350428],[-46.9444534,-5.6363223],[-46.9466223,-5.6156279],[-46.9387577,-5.6116188],[-46.9472048,-5.6102165],[-46.9435929,-5.5990884],[-46.9553,-5.5858457],[-46.945551,-5.5520058],[-46.9471578,-5.5110358],[-46.9313368,-5.5031699],[-46.9359929,-5.4849429],[-46.9259382,-5.4755843],[-46.9323583,-5.4605126],[-46.9163184,-5.4317846],[-46.9086681,-5.4314759],[-46.9105042,-5.4187201],[-46.9011636,-5.4151793],[-46.8980041,-5.3871977],[-46.907022,-5.3635669],[-46.900132,-5.3404193],[-46.9124424,-5.2869545],[-46.8870198,-5.216213],[-46.8933689,-5.1881735],[-46.8796053,-5.1755337],[-46.8699266,-5.1384459],[-46.8808342,-5.1285798],[-46.873797,-5.0864383],[-46.8932642,-5.0604755],[-46.9013219,-4.9998862],[-46.9208518,-4.9540512],[-46.9125766,-4.9386244],[-46.9258404,-4.9198164],[-46.9178292,-4.9106468],[-46.9290164,-4.9020358],[-46.9232342,-4.8830077],[-46.9303184,-4.8505746]]]}},{"type":"Feature","properties":{"level":"municipio","municipality_code":"2100709","municipality_name":"Anajatuba","uf":"MA","state_code":"21","area_km2":940.489},"geometry":{"type":"Polygon","coordinates":[[[-44.6998226,-3.1847317],[-44.5802219,-3.0513744],[-44.5557664,-3.050382],[-44.5412143,-3.0642117],[-44.5493801,-3.0862753],[-44.4710499,-3.1770579],[-44.4669283,-3.1930887],[-44.4390976,-3.1964688],[-44.4430078,-3.2222826],[-44.4221682,-3.2432525],[-44.4442222,-3.2715988],[-44.4684623,-3.2641451],[-44.4541883,-3.2843793],[-44.4785489,-3.3155942],[-44.492043,-3.3038508],[-44.4933714,-3.334644],[-44.5357385,-3.3995671],[-44.5844276,-3.4512437],[-44.6336094,-3.4255416],[-44.6919323,-3.3793094],[-44.7480186,-3.297876],[-44.7799658,-3.2246806],[-44.7660122,-3.2059254],[-44.6998226,-3.1847317]]]}},{"type":"Feature","properties":{"level":"municipio","municipality_code":"2100808","municipality_name":"Anapurus","uf":"MA","state_code":"21","area_km2":608.903},"geometry":{"type":"Polygon","coordinates":[[[-43.1026969,-3.5298647],[-43.1250192,-3.5248014],[-43.1346906,-3.5516178],[-43.1488871,-3.5589834],[-43.1870847,-3.5416375],[-43.1828135,-3.5335286],[-43.1949542,-3.5175398],[-43.2128626,-3.5262046],[-43.2226703,-3.5202829],[-43.2389197,-3.5408747],[-43.2596758,-3.5429289],[-43.279282,-3.5559081],[-43.3115096,-3.5371674],[-43.2351987,-3.3845125],[-43.2155574,-3.3944993],[-43.1793609,-3.4462066],[-43.155472,-3.4479651],[-43.1520562,-3.4609954],[-43.1348924,-3.4672975],[-43.1292205,-3.4784959],[-42.9655265,-3.4219055],[-42.9756684,-3.4299783],[-42.9778485,-3.4578925],[-42.9880396,-3.4708581],[-42.9696926,-3.485799],[-42.9963307,-3.5035225],[-42.9851693,-3.5093773],[-42.9755773,-3.5454886],[-42.9843023,-3.5459196],[-43.0050373,-3.5692024],[-42.9958666,-3.5906928],[-42.9997237,-3.5977063],[-42.9832925,-3.6169153],[-42.9978201,-3.6602079],[-43.0152448,-3.6845509],[-43.0084485,-3.7280595],[-43.0173417,-3.7384055],[-43.1233243,-3.6900317],[-43.112337,-3.634642],[-43.0880763,-3.5858761],[-43.0924561,-3.5477774],[-43.1026969,-3.5298647]]]}},{"type":"Feature","properties":{"level":"municipio","municipality_code":"2100832","municipality_name":"Apicum-Açu","uf":"MA","state_code":"21","area_km2":341.12},"geometry":{"type":"MultiPolygon","coordinates":[[[[-45.0044232,-1.5336908],[-44.9787099,-1.5245868],[-44.9637158,-1.5362045],[-44.9634826,-1.5564709],[-44.9502831,-1.5669297],[-45.0112451,-1.5818177],[-45.0397779,-1.6012697],[-45.0683433,-1.6034608],[-45.0788913,-1.6240691],[-45.1050476,-1.6411028],[-45.121753,-1.6444373],[-45.130287,-1.628593],[-45.1399791,-1.6262101],[-45.1479361,-1.6423722],[-45.1661639,-1.646275],[-45.155465,-1.6150701],[-45.169886,-1.5920707],[-45.1513665,-1.5872682],[-45.1513591,-1.5748532],[-45.173197,-1.5315782],[-45.181937,-1.542663],[-45.1960193,-1.4881213],[-45.1751208,-1.4953615],[-45.1525746,-1.4703651],[-45.1427251,-1.4832407],[-45.1324901,-1.4847851],[-45.103193,-1.4731292],[-45.0941818,-1.4556386],[-45.0714721,-1.4668548],[-45.0697136,-1.4812104],[-45.0488938,-1.4903513],[-45.0064892,-1.4861296],[-44.9897782,-1.5110446],[-45.008002,-1.5215696],[-45.0044232,-1.5336908]]],[[[-45.1419888,-1.4779824],[-45.1418778,-1.4717072],[-45.1410427,-1.4714968],[-45.1419888,-1.4779824]]],[[[-45.0973619,-1.4503309],[-45.0989319,-1.4452776],[-45.0959957,-1.450058],[-45.0973619,-1.4503309]]],[[[-45.1325802,-1.4673898],[-45.1241557,-1.4389308],[-45.1105919,-1.4219011],[-45.1030172,-1.4641533],[-45.1127754,-1.4709809],[-45.1325802,-1.4673898]]],[[[-45.0694537,-1.447848],[-45.0749279,-1.459632],[-45.084892,-1.442479],[-45.0808525,-1.4289046],[-45.0694537,-1.447848]]],[[[-45.0962728,-1.4379245],[-45.0944482,-1.4247618],[-45.0878538,-1.4224201],[-45.0885483,-1.443902],[-45.0962728,-1.4379245]]],[[[-45.0848556,-1.3933089],[-45.1010522,-1.433029],[-45.1028895,-1.4216632],[-45.0818628,-1.3772834],[-45.071723,-1.3734092],[-45.0746058,-1.3895435],[-45.0848556,-1.3933089]]],[[[-45.0939413,-1.3797793],[-45.1111872,-1.4128297],[-45.1172461,-1.3913128],[-45.1265891,-1.3868707],[-45.1149066,-1.3630995],[-45.0939413,-1.3797793]]]]}},{"type":"Feature","properties":{"level":"municipio","municipality_code":"2100873","municipality_name":"Araguanã","uf":"MA","state_code":"21","area_km2":805.194},"geometry":{"type":"Polygon","coordinates":[[[-45.6239847,-3.0532492],[-45.641944,-3.1195258],[-45.711157,-3.1013075],[-45.7806383,-3.2167184],[-45.7824356,-3.2380263],[-45.8078438,-3.2298957],[-45.9266675,-3.236351],[-45.9505979,-3.1870305],[-45.9484453,-3.1697835],[-45.9206392,-3.1305378],[-45.9215688,-3.1075581],[-45.9308144,-3.0949586],[-45.8906957,-3.0036382],[-45.8799705,-3.0056434],[-45.8687613,-2.9977407],[-45.8721726,-2.9919024],[-45.8470346,-2.9884796],[-45.8494255,-2.9783063],[-45.8385562,-2.9712567],[-45.8449063,-2.9607338],[-45.8406748,-2.9535345],[-45.8240837,-2.9580827],[-45.8200368,-2.9716943],[-45.8092482,-2.9672454],[-45.8010099,-2.9869841],[-45.7944361,-2.9669151],[-45.7891986,-2.972532],[-45.7821906,-2.9591669],[-45.7910133,-2.95661],[-45.7910095,-2.948243],[-45.7713278,-2.9487305],[-45.7574393,-2.9608183],[-45.7485066,-2.952524],[-45.7395149,-2.9669965],[-45.7463001,-2.9386801],[-45.7401038,-2.9261972],[-45.7139465,-2.948804],[-45.7037974,-2.9420059],[-45.6940969,-2.9470809],[-45.6756246,-2.9312403],[-45.6637513,-2.9443251],[-45.6581793,-2.9360803],[-45.6696937,-2.9080057],[-45.6554306,-2.9173362],[-45.6434717,-2.9106702],[-45.6584416,-2.8891456],[-45.6518722,-2.8846888],[-45.6379677,-2.9026623],[-45.6239847,-3.0532492]]]}},{"type":"Feature","properties":{"level":"municipio","municipality_code":"2100907","municipality_name":"Araioses","uf":"MA","state_code":"21","area_km2":1789.73},"geometry":{"type":"Polygon","coordinates":[[[-41.9837901,-2.7231778],[-41.8340703,-2.7240423],[-41.80329,-2.7345093],[-41.8247689,-2.746684],[-41.8260102,-2.7572674],[-41.8475186,-2.7755786],[-41.8451309,-2.8139355],[-41.8660379,-2.8699664],[-41.7963582,-2.9552699],[-41.8228453,-3.0179417],[-41.8644743,-3.05218],[-41.8956982,-3.0939472],[-41.9210585,-3.1065844],[-41.925263,-3.1398717],[-41.9399688,-3.1569365],[-41.9352032,-3.1830528],[-41.9469799,-3.1738931],[-41.9543412,-3.1768202],[-41.9725504,-3.1932799],[-41.9736359,-3.2083594],[-41.9855587,-3.2225076],[-42.2455352,-3.1991699],[-42.309277,-3.0924792],[-42.3052536,-3.0869756],[-42.263815,-3.0764272],[-42.2296913,-3.0783944],[-42.1470172,-3.0564225],[-42.126074,-3.0336853],[-42.1161198,-3.038086],[-42.1020056,-3.0259585],[-42.0668569,-3.0163096],[-42.0476518,-2.9889277],[-42.1267588,-2.9877887],[-42.1245791,-2.9656873],[-42.1362473,-2.941884],[-42.07889,-2.9183141],[-42.0964529,-2.8744308],[-42.0940494,-2.8444302],[-42.0713276,-2.815797],[-42.088162,-2.7719669],[-42.0998786,-2.7566925],[-42.1164944,-2.7567972],[-42.1178254,-2.7450706],[-42.1492729,-2.721076],[-42.1991265,-2.7086707],[-42.2225544,-2.6922353],[-42.2127713,-2.6871254],[-42.1118793,-2.6949154],[-42.0701524,-2.6871521],[-42.0313505,-2.7396207],[-42.0165117,-2.7375778],[-42.0168847,-2.7128367],[-41.9837901,-2.7231778]]]}},{"type":"Feature","properties":{"level":"municipio","municipality_code":"2100956","municipality_name":"Arame","uf":"MA","state_code":"21","area_km2":2976.039},"geometry":{"type":"Polygon","coordinates":[[[-46.0260088,-4.9337007],[-46.0113671,-4.86333],[-46.027168,-4.8368281],[-46.0283542,-4.8054995],[-46.0364536,-4.8050942],[-46.0404248,-4.7921269],[-46.0118968,-4.7418788],[-45.9758186,-4.7249199],[-45.9700647,-4.7067832],[-45.9582894,-4.6986908],[-45.9567498,-4.6766088],[-45.9282772,-4.6616854],[-45.9221311,-4.6156741],[-45.9230048,-4.6397747],[-45.8674974,-4.6275222],[-45.8490386,-4.7439472],[-45.712249,-4.7751656],[-45.7070215,-4.8335767],[-45.5918099,-4.8944084],[-45.5722333,-4.919664],[-45.5829638,-4.9383415],[-45.5714449,-4.9440282],[-45.5870924,-4.9653299],[-45.5873052,-4.9780113],[-45.6011269,-4.9782217],[-45.6060093,-4.9929837],[-45.6199335,-4.9877802],[-45.6300401,-5.0022331],[-45.647102,-5.0040817],[-45.6581226,-5.0253502],[-45.7096614,-5.0469993],[-45.7229182,-5.0449272],[-45.7381017,-5.0770057],[-45.7522439,-5.0757793],[-45.7688369,-5.1129763],[-45.797058,-5.1243902],[-45.7935191,-5.1532711],[-45.8132479,-5.1636936],[-45.8221773,-5.1894166],[-45.8486283,-5.2113869],[-45.8548776,-5.2048729],[-45.8655093,-5.2341762],[-45.8729014,-5.2303575],[-45.8857864,-5.2384963],[-45.8873659,-5.2487126],[-45.9055744,-5.2547982],[-45.915924,-5.2819833],[-45.9315102,-5.286847],[-45.9283518,-5.299337],[-45.9310111,-5.3035847],[-45.9310352,-5.3094748],[-45.9324613,-5.3126985],[-45.9383529,-5.3040216],[-45.945928,-5.3123936],[-45.9856399,-5.2893814],[-45.9993501,-5.2928879],[-45.9970135,-5.3053305],[-46.0209869,-5.2956547],[-46.0464124,-5.3032632],[-46.0645549,-5.293772],[-46.0974501,-5.2922525],[-46.1130429,-5.2775632],[-46.1418985,-5.2843789],[-46.1460622,-5.2778325],[-46.1696826,-5.2794245],[-46.1871539,-5.2707569],[-46.1953535,-5.2791735],[-46.2053043,-5.3257659],[-46.2243457,-5.3404185],[-46.3078669,-5.3615068],[-46.3479774,-5.296293],[-46.3212764,-5.2643009],[-46.3132198,-5.2209769],[-46.2868048,-5.200725],[-46.2779372,-5.1783244],[-46.220085,-5.1352866],[-46.1838033,-5.0654296],[-46.1670568,-5.0539824],[-46.1375773,-5.0553331],[-46.1139969,-5.0460717],[-46.0691955,-5.0000851],[-46.0564384,-4.9695288],[-46.0260088,-4.9337007]]]}},{"type":"Feature","properties":{"level":"municipio","municipality_code":"2101004","municipality_name":"Arari","uf":"MA","state_code":"21","area_km2":1099.81},"geometry":{"type":"Polygon","coordinates":[[[-44.8081855,-3.5946703],[-44.8294632,-3.5840576],[-44.8409414,-3.587553],[-44.8537418,-3.5692963],[-44.8389069,-3.5731226],[-44.8230966,-3.5372754],[-44.8279071,-3.5314927],[-44.8389073,-3.5395286],[-44.8359891,-3.5260793],[-44.8476495,-3.5246036],[-44.8534864,-3.4956907],[-44.8315231,-3.4826195],[-44.830038,-3.4658864],[-44.8193489,-3.4735491],[-44.8569213,-3.3716994],[-44.8622039,-3.3291603],[-44.8785477,-3.2983153],[-44.8681531,-3.2789462],[-44.8731919,-3.2619987],[-44.8553275,-3.2764459],[-44.8392394,-3.2774601],[-44.8538222,-3.2954533],[-44.8286858,-3.2891515],[-44.8105467,-3.2693521],[-44.7894569,-3.2964375],[-44.7660711,-3.3050315],[-44.7480186,-3.297876],[-44.6919323,-3.3793094],[-44.6336094,-3.4255416],[-44.5940652,-3.4458553],[-44.6110616,-3.4826762],[-44.6257711,-3.4902719],[-44.6104074,-3.6590095],[-44.6099295,-3.8390236],[-44.6344331,-3.8328909],[-44.6422967,-3.8160444],[-44.6569301,-3.8199334],[-44.6524615,-3.8111033],[-44.6625143,-3.8064364],[-44.6507084,-3.8001133],[-44.6570157,-3.785527],[-44.6748536,-3.7794498],[-44.6802633,-3.7653158],[-44.7021012,-3.7682425],[-44.7021815,-3.7563547],[-44.712432,-3.7473294],[-44.7082955,-3.7410358],[-44.7244078,-3.7370351],[-44.7247387,-3.7252403],[-44.7389034,-3.7326607],[-44.7415714,-3.7229679],[-44.751824,-3.7301011],[-44.7540135,-3.7194013],[-44.7386581,-3.7098766],[-44.7423205,-3.6979184],[-44.7286005,-3.697025],[-44.7583778,-3.686101],[-44.7517145,-3.6828017],[-44.7548221,-3.6767345],[-44.7768498,-3.679211],[-44.7742395,-3.6973523],[-44.7812402,-3.704648],[-44.7922289,-3.7001309],[-44.7933661,-3.6904221],[-44.7996329,-3.6935596],[-44.7943911,-3.7006812],[-44.8067138,-3.7041033],[-44.8185451,-3.6733316],[-44.8068496,-3.6813571],[-44.8101882,-3.6657562],[-44.7957647,-3.6711351],[-44.7932108,-3.6578694],[-44.8139048,-3.6395416],[-44.815157,-3.6262057],[-44.8031311,-3.6104331],[-44.8081855,-3.5946703]]]}},{"type":"Feature","properties":{"level":"municipio","municipality_code":"2101103","municipality_name":"Axixá","uf":"MA","state_code":"21","area_km2":160.462},"geometry":{"type":"MultiPolygon","coordinates":[[[[-44.0614313,-2.8772141],[-44.0595791,-2.9055414],[-44.0696064,-2.9144143],[-44.1367061,-2.9477241],[-44.1481505,-2.9449334],[-44.1412292,-2.9369587],[-44.1458615,-2.9200628],[-44.1278223,-2.9003509],[-44.1401232,-2.8716851],[-44.1275367,-2.8601625],[-44.1348894,-2.8504015],[-44.1291267,-2.8451494],[-44.1358015,-2.823271],[-44.1258595,-2.8175246],[-44.124519,-2.7965576],[-44.1385129,-2.7934749],[-44.148429,-2.7680805],[-44.129737,-2.7643925],[-44.1151918,-2.7483635],[-44.0949129,-2.75325],[-44.0788214,-2.7438092],[-44.0672672,-2.7798914],[-44.0730146,-2.8042427],[-44.0487951,-2.8105442],[-44.0524549,-2.8564404],[-44.044193,-2.8671095],[-44.0614313,-2.8772141]]],[[[-44.0945707,-2.750492],[-44.0951395,-2.7495174],[-44.0946645,-2.7495175],[-44.0945707,-2.750492]]],[[[-44.0923245,-2.7467976],[-44.0928246,-2.7483595],[-44.0938246,-2.7470662],[-44.0923245,-2.7467976]]]]}},{"type":"Feature","properties":{"level":"municipio","municipality_code":"2100055","municipality_name":"Açailândia","uf":"MA","state_code":"21","area_km2":5805.159},"geometry":{"type":"Polygon","coordinates":[[[-47.3505359,-5.0263584],[-47.4767311,-5.0467427],[-47.4817052,-5.0730871],[-47.494263,-5.0771935],[-47.5119496,-5.061999],[-47.5545892,-5.0952216],[-47.697232,-5.0296295],[-47.7132912,-5.0083494],[-47.7172346,-4.9864887],[-47.7760974,-4.9568951],[-47.7784864,-4.9457009],[-47.8066232,-4.9293963],[-47.8046171,-4.9222964],[-47.8135998,-4.9211891],[-47.8322589,-4.8845424],[-47.8553173,-4.8710322],[-47.8609527,-4.8547227],[-47.9195804,-4.8293088],[-47.9800653,-4.7847727],[-48.0253774,-4.7782956],[-47.816153,-4.6147285],[-47.789921,-4.5855104],[-47.7540405,-4.5908236],[-47.7507909,-4.600491],[-47.7248128,-4.6064181],[-47.6799573,-4.6086174],[-47.6826638,-4.6396716],[-47.6932619,-4.6505033],[-47.6863635,-4.6908432],[-47.6992241,-4.700405],[-47.7019096,-4.7162714],[-47.6944217,-4.7244],[-47.6745821,-4.7118932],[-47.6557861,-4.7147556],[-47.6461344,-4.7276495],[-47.6153326,-4.7020024],[-47.5745252,-4.7072837],[-47.4952919,-4.7009249],[-47.4953468,-4.6521827],[-47.4683418,-4.6493951],[-47.4454336,-4.6352707],[-47.3876392,-4.6511019],[-47.3893206,-4.6575276],[-47.3750831,-4.6659591],[-47.3355075,-4.6794546],[-47.3381549,-4.6912714],[-47.2913908,-4.7028726],[-47.2299875,-4.6365552],[-47.2249068,-4.6007503],[-47.2537233,-4.5073119],[-47.2440153,-4.4320038],[-47.2219984,-4.4253258],[-47.1877549,-4.3886775],[-47.1385176,-4.3186386],[-47.1260613,-4.2839866],[-47.100979,-4.2651077],[-47.0901271,-4.2416109],[-47.0727402,-4.2366296],[-47.0692602,-4.263454],[-47.0833421,-4.2843517],[-47.0874619,-4.3092224],[-47.0737157,-4.3222616],[-47.0710482,-4.3424648],[-47.0626576,-4.3448123],[-47.0598813,-4.3662306],[-47.0314462,-4.3882547],[-47.0169868,-4.4202325],[-46.936513,-4.4328708],[-46.9322007,-4.4431593],[-46.8894207,-4.4271916],[-46.8749057,-4.4325726],[-46.8575199,-4.4165304],[-46.848777,-4.3949342],[-46.8388959,-4.3987905],[-46.8585205,-4.433439],[-46.8584183,-4.4564435],[-46.8981893,-4.4864563],[-46.9039748,-4.5052458],[-46.8967877,-4.5169763],[-46.9392012,-4.5853102],[-46.9342108,-4.6064838],[-46.9452047,-4.6176304],[-46.9345694,-4.674195],[-46.9259587,-4.6833089],[-46.935066,-4.6940835],[-46.9320066,-4.7192551],[-46.9395081,-4.7386056],[-46.9250902,-4.7681125],[-46.9289749,-4.7871755],[-46.9184022,-4.8161082],[-46.9302861,-4.8499943],[-46.9232342,-4.8830077],[-46.9305907,-4.8939594],[-46.9179887,-4.9095936],[-46.9260135,-4.918761],[-46.9125776,-4.9386202],[-46.9208826,-4.9538707],[-46.9069552,-4.9976067],[-46.9586542,-5.0376252],[-47.0254351,-5.0494537],[-47.0421525,-5.06056],[-47.0846078,-5.0581805],[-47.1001584,-5.0697082],[-47.0972901,-5.0800023],[-47.1205189,-5.0888193],[-47.1160487,-5.1009557],[-47.123475,-5.1019885],[-47.1355526,-5.1433818],[-47.2120419,-5.168845],[-47.2300411,-5.1516077],[-47.2602867,-5.0857153],[-47.2808389,-5.0809642],[-47.2902854,-5.08616],[-47.2913403,-5.0791596],[-47.3125812,-5.076223],[-47.3212859,-5.0587606],[-47.3157838,-5.0439371],[-47.3307284,-5.0436414],[-47.3505359,-5.0263584]]]}},{"type":"Feature","properties":{"level":"municipio","municipality_code":"2101202","municipality_name":"Bacabal","uf":"MA","state_code":"21","area_km2":1656.736},"geometry":{"type":"Polygon","coordinates":[[[-44.6988432,-4.0945456],[-44.6837184,-4.0757368],[-44.6594973,-4.0939551],[-44.6294047,-4.0935025],[-44.6330409,-4.1034112],[-44.626903,-4.1100695],[-44.6331142,-4.1145825],[-44.5730793,-4.1145525],[-44.5779492,-4.0927255],[-44.4868126,-4.0913428],[-44.4799035,-4.234055],[-44.5001377,-4.2553136],[-44.5057437,-4.2790886],[-44.7399125,-4.2806698],[-44.8732857,-4.3842791],[-44.8808727,-4.3527231],[-45.0808509,-4.2969731],[-45.0784042,-4.2498658],[-44.9625911,-4.1718159],[-44.9859178,-4.1514406],[-45.0024477,-4.1166481],[-45.0116682,-4.1139182],[-44.8420473,-4.1130571],[-44.8400084,-4.1040347],[-44.8539571,-4.0927162],[-44.8529942,-4.0834995],[-44.8361781,-4.0670251],[-44.8230269,-4.0789404],[-44.8232936,-4.0716822],[-44.8082122,-4.0650146],[-44.8013534,-4.0472917],[-44.8090332,-4.0358446],[-44.8026475,-4.0288945],[-44.8033905,-4.0033688],[-44.790907,-3.9949624],[-44.793421,-3.9798273],[-44.7709732,-3.9726249],[-44.7440188,-3.9385791],[-44.7103054,-3.9310024],[-44.716097,-3.9125527],[-44.7004682,-3.9057227],[-44.6991029,-3.8896453],[-44.6819023,-3.8900682],[-44.6748712,-3.8783507],[-44.6583731,-3.8917376],[-44.6605604,-3.8847631],[-44.6424915,-3.8748832],[-44.6419501,-3.8559363],[-44.6301066,-3.8551618],[-44.613706,-3.8729457],[-44.6097158,-3.8997421],[-44.6273182,-3.9086429],[-44.6220813,-3.9309243],[-44.6383714,-3.9421904],[-44.6271612,-3.980429],[-44.6383475,-3.9886086],[-44.6326252,-3.9939147],[-44.6359354,-4.0097528],[-44.6170625,-4.0252966],[-44.626538,-4.031819],[-44.6503826,-4.0147676],[-44.6686649,-4.0158939],[-44.7140275,-4.0268319],[-44.7242252,-4.0397094],[-44.7364488,-4.0252978],[-44.7335323,-4.054387],[-44.7469121,-4.061208],[-44.7373279,-4.0673376],[-44.7445282,-4.0772676],[-44.7564821,-4.0735693],[-44.7524576,-4.0860004],[-44.7585186,-4.0906986],[-44.6988432,-4.0945456]]]}},{"type":"Feature","properties":{"level":"municipio","municipality_code":"2101251","municipality_name":"Bacabeira","uf":"MA","state_code":"21","area_km2":542.961},"geometry":{"type":"Polygon","coordinates":[[[-44.3168952,-3.0374095],[-44.3219657,-3.1050268],[-44.4971802,-3.0301385],[-44.4537407,-2.9872782],[-44.4248175,-2.9439339],[-44.407025,-2.8939946],[-44.410043,-2.7992347],[-44.3890393,-2.7971032],[-44.3882955,-2.7659643],[-44.3692676,-2.756607],[-44.3442924,-2.7655747],[-44.3285362,-2.781899],[-44.2817907,-2.7660679],[-44.2792598,-2.7750238],[-44.2829565,-2.8022564],[-44.3059805,-2.8239677],[-44.2930153,-2.8319922],[-44.2946483,-2.8502778],[-44.2780726,-2.8432178],[-44.2735139,-2.8513207],[-44.2921826,-2.9544256],[-44.2568536,-2.9674223],[-44.2848701,-3.0440096],[-44.3014369,-3.0306751],[-44.3168952,-3.0374095]]]}},{"type":"Feature","properties":{"level":"municipio","municipality_code":"2101301","municipality_name":"Bacuri","uf":"MA","state_code":"21","area_km2":832.084},"geometry":{"type":"Polygon","coordinates":[[[-45.056407,-1.6059684],[-45.0112451,-1.5818177],[-44.9502831,-1.5669297],[-44.9366828,-1.5795288],[-44.9383254,-1.6032549],[-44.9035794,-1.6414528],[-44.9134271,-1.6515594],[-44.9371952,-1.6488717],[-44.9642193,-1.6566031],[-44.9781035,-1.6621918],[-44.9786496,-1.6719288],[-45.0315775,-1.6837968],[-45.0371589,-1.6927885],[-45.0620879,-1.6885148],[-45.0821972,-1.6941235],[-45.0983661,-1.740941],[-45.1302999,-1.7691469],[-45.1210218,-1.7802289],[-45.0913543,-1.7880256],[-45.0901681,-1.8079314],[-45.1264187,-1.8350906],[-45.167004,-1.8394589],[-45.1795794,-1.8579369],[-45.2098946,-1.8659364],[-45.2406132,-1.8403333],[-45.246818,-1.82077],[-45.2359657,-1.7936351],[-45.272699,-1.7325455],[-45.2888467,-1.7272067],[-45.3318217,-1.7418895],[-45.3536576,-1.7233588],[-45.355535,-1.7091024],[-45.3237831,-1.597038],[-45.2682033,-1.5985924],[-45.2550764,-1.5924968],[-45.2321302,-1.5474558],[-45.2054023,-1.5184448],[-45.1980237,-1.488425],[-45.181937,-1.542663],[-45.173197,-1.5315782],[-45.1513591,-1.5748532],[-45.1513665,-1.5872682],[-45.169886,-1.5920707],[-45.155465,-1.6150701],[-45.1661639,-1.646275],[-45.1479361,-1.6423722],[-45.1399791,-1.6262101],[-45.130287,-1.628593],[-45.121753,-1.6444373],[-45.1050476,-1.6411028],[-45.0788913,-1.6240691],[-45.0683433,-1.6034608],[-45.0572066,-1.6005458],[-45.056407,-1.6059684]]]}},{"type":"Feature","properties":{"level":"municipio","municipality_code":"2101350","municipality_name":"Bacurituba","uf":"MA","state_code":"21","area_km2":413.651},"geometry":{"type":"Polygon","coordinates":[[[-44.6727072,-2.7906195],[-44.818845,-2.7980236],[-44.826342,-2.7904932],[-44.8102244,-2.7741749],[-44.8048294,-2.7207287],[-44.8108871,-2.7024489],[-44.7836973,-2.6618112],[-44.7378522,-2.6292119],[-44.709183,-2.6270865],[-44.7065664,-2.6375109],[-44.6966352,-2.637628],[-44.6931326,-2.6229611],[-44.6837531,-2.625586],[-44.6779933,-2.6175858],[-44.6737466,-2.6287543],[-44.6639772,-2.6186371],[-44.6495819,-2.6236201],[-44.650074,-2.604211],[-44.6218986,-2.5966135],[-44.6105638,-2.5811262],[-44.5862929,-2.5780464],[-44.5572099,-2.5923371],[-44.5857519,-2.6589463],[-44.5958925,-2.6639774],[-44.6065877,-2.6895843],[-44.6265548,-2.702094],[-44.6238064,-2.7389322],[-44.6488527,-2.804172],[-44.6727072,-2.7906195]]]}},{"type":"Feature","properties":{"level":"municipio","municipality_code":"2101400","municipality_name":"Balsas","uf":"MA","state_code":"21","area_km2":13141.162},"geometry":{"type":"Polygon","coordinates":[[[-45.8111467,-7.451409],[-45.8328641,-7.4927304],[-45.8155962,-7.5045744],[-45.8227941,-7.5127792],[-45.8130908,-7.5199902],[-45.8210215,-7.562452],[-45.7934671,-7.5838529],[-45.8044422,-7.6363734],[-45.7934273,-7.7200568],[-45.8442146,-7.767375],[-45.8486131,-7.780966],[-45.840529,-7.797078],[-45.8614467,-7.8273576],[-45.8499818,-7.8401068],[-45.8419369,-7.8766813],[-45.8457749,-7.9208428],[-45.8279663,-7.9487039],[-45.8451378,-7.9754939],[-45.8208081,-7.9886393],[-45.8172032,-8.0020027],[-45.7880046,-8.0220027],[-45.7639321,-8.0506332],[-45.760969,-8.0706107],[-45.778658,-8.1024068],[-45.8519367,-8.108501],[-45.8878664,-8.1302679],[-45.9121364,-8.1326955],[-45.913261,-8.1858841],[-45.9262953,-8.1973419],[-46.0028947,-8.1625717],[-46.0024544,-8.1344649],[-46.0125651,-8.1288367],[-46.0338089,-8.0679655],[-46.0573307,-8.0655252],[-46.0614915,-8.0447222],[-46.0812718,-8.0287294],[-46.0976676,-8.0239876],[-46.1010652,-8.0567206],[-46.1447662,-8.0770556],[-46.148436,-8.1143978],[-46.1326279,-8.1498936],[-46.1205033,-8.2268422],[-46.1025982,-8.2355944],[-46.1062988,-8.2960975],[-46.086878,-8.3181271],[-46.0824685,-8.3352976],[-46.0968023,-8.3594106],[-46.0962452,-8.4774884],[-46.1156193,-8.5243327],[-46.1095536,-8.5411244],[-46.1160949,-8.5559786],[-46.1128443,-8.5780989],[-46.1327903,-8.5983793],[-46.1465217,-8.6297311],[-46.2334765,-8.6725498],[-46.2463504,-8.7103794],[-46.2736908,-8.7265587],[-46.2906463,-8.7633513],[-46.3933987,-8.8908376],[-46.4299727,-8.9153542],[-46.5037673,-8.9303025],[-46.5182789,-8.9427395],[-46.5438955,-9.0625515],[-46.5565884,-9.072585],[-46.5704736,-9.0693941],[-46.5781423,-9.0822932],[-46.6141999,-9.0874694],[-46.6261739,-9.0993891],[-46.6225306,-9.1141359],[-46.610639,-9.1193235],[-46.6068309,-9.1502768],[-46.6219521,-9.1710903],[-46.6205339,-9.1850284],[-46.6330315,-9.1827428],[-46.6461123,-9.2085282],[-46.6432784,-9.2627584],[-46.6688125,-9.2819029],[-46.6548399,-9.3365353],[-46.610281,-9.3678206],[-46.6331205,-9.3817168],[-46.6405035,-9.3995847],[-46.6327834,-9.4115883],[-46.674923,-9.3907847],[-46.6962278,-9.3985879],[-46.7233119,-9.3963646],[-46.7436414,-9.4135664],[-46.7543134,-9.4138029],[-46.7662334,-9.4033452],[-46.7586743,-9.3812175],[-46.7991716,-9.3388432],[-46.8110627,-9.3067489],[-46.8353123,-9.3082186],[-46.8451424,-9.299824],[-46.8446442,-9.2841741],[-46.8189454,-9.2600573],[-46.8288944,-9.2400898],[-46.8193719,-9.2093514],[-46.8278123,-9.1942692],[-46.8392865,-9.1975853],[-46.8518956,-9.1900309],[-46.8524203,-9.1544494],[-46.8916744,-9.1404925],[-46.893558,-9.1223018],[-46.9067347,-9.1354884],[-46.9292306,-9.1323245],[-46.9302566,-9.1059806],[-46.9235587,-9.097889],[-46.9315382,-9.0858881],[-46.9121494,-9.0827243],[-46.9233387,-9.0656628],[-46.9430024,-9.0644735],[-46.9759264,-9.0817295],[-46.9893377,-9.0751717],[-47.0073415,-9.0821934],[-47.0136164,-9.0780842],[-47.0102059,-9.0702996],[-47.0235646,-9.0760456],[-47.0687333,-9.0638747],[-47.0434834,-9.026549],[-47.0486216,-9.0156481],[-47.0685013,-9.0120216],[-47.0366165,-8.9995001],[-47.0357004,-8.9789431],[-47.0317895,-8.9883667],[-47.0215615,-8.9886406],[-47.0131786,-8.9668022],[-47.0182796,-8.9529358],[-46.9946772,-8.945526],[-46.9970601,-8.9326345],[-46.9839237,-8.9319025],[-46.9823903,-8.919972],[-46.9702887,-8.9144917],[-46.9863977,-8.8987247],[-46.9929219,-8.8788894],[-46.9721432,-8.8665813],[-46.9597282,-8.8754498],[-46.9415578,-8.859479],[-46.9148956,-8.8530582],[-46.9180873,-8.8396966],[-46.9072851,-8.8284252],[-46.9136768,-8.8228194],[-46.9028067,-8.8145359],[-46.9042307,-8.7785599],[-46.9312814,-8.7267524],[-46.917257,-8.7261114],[-46.9143685,-8.7085831],[-46.8869493,-8.6864898],[-46.8956958,-8.6597408],[-46.9038948,-8.6617122],[-46.902618,-8.6532167],[-46.9163941,-8.6484068],[-46.9127329,-8.6207367],[-46.8977831,-8.6062654],[-46.9009587,-8.5974361],[-46.9163988,-8.5957778],[-46.9143688,-8.5871169],[-46.9006154,-8.5922779],[-46.8930357,-8.5705537],[-46.8890359,-8.5769419],[-46.8833428,-8.5667892],[-46.878761,-8.572523],[-46.8754534,-8.5552988],[-46.8628431,-8.559087],[-46.8601201,-8.5452619],[-46.8463408,-8.5349376],[-46.8519201,-8.4777797],[-46.8405402,-8.4656253],[-46.8234833,-8.4744962],[-46.8005095,-8.4540934],[-46.7954804,-8.429969],[-46.8071478,-8.400422],[-46.7950016,-8.404858],[-46.7870169,-8.3990993],[-46.7917268,-8.3861501],[-46.7824337,-8.3680837],[-46.726652,-8.383141],[-46.6994815,-8.4154596],[-46.6388111,-8.4048206],[-46.6087786,-8.4242293],[-46.5960889,-8.4095413],[-46.5783076,-8.4143421],[-46.5565586,-8.4017771],[-46.528224,-8.4078115],[-46.5150893,-8.4176745],[-46.5145841,-8.427415],[-46.5005862,-8.4279922],[-46.4701589,-8.4201862],[-46.4259969,-8.3771252],[-46.4124594,-8.3359861],[-46.4218503,-8.2986129],[-46.3996802,-8.217563],[-46.4075267,-8.1708624],[-46.3950273,-8.1486415],[-46.4027789,-8.134522],[-46.4015903,-8.1121027],[-46.4206461,-8.0861831],[-46.4021684,-8.0553479],[-46.4108732,-8.0010831],[-46.4054515,-7.9870874],[-46.4188917,-7.9518579],[-46.4437496,-7.9362829],[-46.4229976,-7.896312],[-46.4366385,-7.8720124],[-46.4389192,-7.8428228],[-46.4574164,-7.8334417],[-46.4390576,-7.8045981],[-46.441115,-7.796173],[-46.4680343,-7.7705423],[-46.4490592,-7.745875],[-46.4468655,-7.7127313],[-46.4183927,-7.6952382],[-46.3876614,-7.4655512],[-46.1664977,-7.3655094],[-46.1980899,-7.257961],[-46.0717953,-7.1598928],[-45.8052388,-7.3284703],[-45.7701982,-7.3363192],[-45.720305,-7.366921],[-45.7043787,-7.3900457],[-45.6755659,-7.3986608],[-45.6733409,-7.4065863],[-45.6883977,-7.4148424],[-45.6854605,-7.4280605],[-45.6993912,-7.4313879],[-45.7063723,-7.4452319],[-45.7436343,-7.4380054],[-45.7558278,-7.4514007],[-45.7788067,-7.4425659],[-45.7882425,-7.4533743],[-45.8111467,-7.451409]]]}},{"type":"Feature","properties":{"level":"municipio","municipality_code":"2101608","municipality_name":"Barra do Corda","uf":"MA","state_code":"21","area_km2":5187.673},"geometry":{"type":"Polygon","coordinates":[[[-45.3022953,-5.9180237],[-45.3758441,-5.9325919],[-45.5738553,-5.731433],[-45.5489757,-5.7113246],[-45.5529666,-5.6921093],[-45.5266588,-5.6769125],[-45.5180769,-5.6582232],[-45.5031291,-5.6567186],[-45.5070493,-5.6466666],[-45.4826266,-5.6215804],[-45.464888,-5.6214574],[-45.4272206,-5.6038698],[-45.5234496,-5.5088229],[-45.4211535,-5.4467123],[-45.4385839,-5.4232134],[-45.4447742,-5.3963893],[-45.4571873,-5.3872291],[-45.4518583,-5.3791213],[-45.4836184,-5.29758],[-45.4616441,-5.2694816],[-45.4336413,-5.2915147],[-45.4229552,-5.2857375],[-45.4237246,-5.2781271],[-45.3699308,-5.2796763],[-45.3412005,-5.2537572],[-45.3448281,-5.2356244],[-45.3604088,-5.2223771],[-45.3487122,-5.2068545],[-45.3278464,-5.1992182],[-45.3265586,-5.1768933],[-45.314096,-5.1636712],[-45.3151348,-5.1343365],[-45.3306931,-5.1217588],[-45.1232355,-5.1209306],[-45.0211217,-5.2088927],[-45.0085355,-5.1903543],[-45.0072487,-5.1712108],[-44.9968875,-5.1645849],[-45.0004888,-5.1524525],[-44.9914722,-5.1321102],[-44.9685363,-5.1272505],[-44.9712135,-5.1133247],[-44.961062,-5.0903378],[-44.970468,-5.0787505],[-44.9428963,-5.0392248],[-44.9539458,-5.0361183],[-44.9512442,-5.0225259],[-44.9349395,-5.0219519],[-44.9190744,-5.0392463],[-44.8980569,-5.0322776],[-44.8805736,-5.036548],[-44.8691537,-5.0450329],[-44.8694481,-5.0584089],[-44.8560252,-5.0636988],[-44.8636549,-5.0786635],[-44.8579885,-5.1233399],[-44.8274878,-5.1159054],[-44.8200335,-5.1337984],[-44.8237836,-5.1457861],[-44.763114,-5.1814335],[-44.7686404,-5.2036792],[-44.7763944,-5.2010065],[-44.7719773,-5.2114691],[-44.7904149,-5.216127],[-44.7913461,-5.2088037],[-44.7992215,-5.2100371],[-44.8070508,-5.2248609],[-44.8197463,-5.225681],[-44.8105344,-5.2308474],[-44.8155877,-5.2389739],[-44.8061532,-5.2407936],[-44.8005495,-5.2661261],[-44.8156741,-5.25404],[-44.819786,-5.2568625],[-44.8174372,-5.2659203],[-44.8311061,-5.2763143],[-44.8373774,-5.3004076],[-44.8672033,-5.3215979],[-44.8699767,-5.3437144],[-44.8950006,-5.3552163],[-44.893315,-5.3708526],[-44.9184042,-5.3716298],[-44.926053,-5.3876047],[-44.9205692,-5.4077665],[-44.9283784,-5.4069976],[-44.9401722,-5.4428043],[-44.9335681,-5.4446508],[-44.9405158,-5.4508853],[-44.9362286,-5.4608161],[-44.9528764,-5.4939903],[-44.9670119,-5.5021906],[-44.9568454,-5.5696519],[-44.9690383,-5.6208509],[-44.9635922,-5.6352814],[-44.9238011,-5.6748224],[-44.9248282,-5.7892273],[-45.0897061,-5.8525781],[-45.1823283,-5.8770758],[-45.2722767,-5.9970826],[-45.2893983,-5.9760787],[-45.2989523,-5.9354833],[-45.2938587,-5.9240052],[-45.3022953,-5.9180237]]]}},{"type":"Feature","properties":{"level":"municipio","municipality_code":"2101707","municipality_name":"Barreirinhas","uf":"MA","state_code":"21","area_km2":3046.308},"geometry":{"type":"Polygon","coordinates":[[[-42.7549791,-3.0399929],[-42.7680766,-3.1333518],[-42.7984832,-3.1486746],[-42.8247554,-3.2161294],[-43.0411455,-3.1302931],[-43.0428402,-3.1374197],[-43.1502685,-3.0870068],[-43.1406353,-3.0779162],[-43.1439225,-3.0618004],[-43.1642056,-3.0288176],[-43.1686264,-3.0036867],[-43.1762766,-3.0086285],[-43.1804789,-2.9950162],[-43.2217065,-3.0222636],[-43.2425043,-2.9929325],[-43.2109714,-2.9688179],[-43.0999812,-2.9166044],[-43.0695969,-2.8851289],[-43.0982072,-2.8513498],[-43.1002329,-2.8184371],[-43.12204,-2.7750707],[-43.065811,-2.7594052],[-43.0365029,-2.7264787],[-43.0355354,-2.7039405],[-43.0451544,-2.7017648],[-43.0300567,-2.6786801],[-43.046331,-2.6711742],[-43.0369167,-2.653598],[-43.0669514,-2.6350873],[-43.0609385,-2.6128835],[-43.070977,-2.6080969],[-43.0578859,-2.6018575],[-43.0504229,-2.5848985],[-43.0546777,-2.5706104],[-43.0498053,-2.5604041],[-43.0442236,-2.5624991],[-43.0527065,-2.5379801],[-43.0467346,-2.5125319],[-43.0252594,-2.5092664],[-43.0168559,-2.4975774],[-43.0148197,-2.4566666],[-42.8252915,-2.5447232],[-42.763197,-2.5454551],[-42.7489808,-2.5607334],[-42.7367636,-2.5539501],[-42.7201512,-2.5573861],[-42.6415021,-2.6253252],[-42.7152384,-2.8880881],[-42.7383554,-2.9082439],[-42.7503317,-2.9025641],[-42.7771439,-2.992095],[-42.7549791,-3.0399929]]]}},{"type":"Feature","properties":{"level":"municipio","municipality_code":"2101509","municipality_name":"Barão de Grajaú","uf":"MA","state_code":"21","area_km2":2209.414},"geometry":{"type":"Polygon","coordinates":[[[-43.2966421,-6.3421608],[-42.8722946,-6.5107553],[-42.88817,-6.5366507],[-42.8847984,-6.5702435],[-42.9077155,-6.6059212],[-42.9199314,-6.6710081],[-42.9511065,-6.7050771],[-42.977444,-6.7179372],[-42.9928003,-6.7487284],[-43.0110623,-6.7600094],[-43.0479056,-6.7619503],[-43.0652154,-6.7499791],[-43.0835027,-6.7492905],[-43.1049784,-6.7702479],[-43.1475876,-6.7836885],[-43.1782741,-6.7673365],[-43.2448265,-6.7669483],[-43.2734607,-6.7936839],[-43.3107926,-6.8011075],[-43.3467559,-6.7977497],[-43.3652474,-6.8198018],[-43.3883882,-6.8177496],[-43.3903025,-6.8338986],[-43.4191289,-6.8440105],[-43.444222,-6.8380198],[-43.4545886,-6.8459969],[-43.4020574,-6.6095834],[-43.3818078,-6.5913129],[-43.3835304,-6.5527076],[-43.368945,-6.5267832],[-43.3962241,-6.4668009],[-43.4122226,-6.4554941],[-43.4077596,-6.4156483],[-43.4217599,-6.4010895],[-43.3726074,-6.38971],[-43.3503621,-6.3988565],[-43.3412556,-6.3845559],[-43.3486723,-6.3806462],[-43.3559462,-6.3494496],[-43.2966421,-6.3421608]]]}},{"type":"Feature","properties":{"level":"municipio","municipality_code":"2101772","municipality_name":"Bela Vista do Maranhão","uf":"MA","state_code":"21","area_km2":147.949},"geometry":{"type":"Polygon","coordinates":[[[-45.2882213,-3.7182007],[-45.1525249,-3.7289932],[-45.1482061,-3.729473],[-45.1463157,-3.7313106],[-45.1552733,-3.7310556],[-45.1573649,-3.7404845],[-45.1810416,-3.7571116],[-45.1881899,-3.7775337],[-45.2016161,-3.7749676],[-45.2038923,-3.784969],[-45.2196396,-3.7723603],[-45.2561028,-3.7989806],[-45.2991243,-3.7997718],[-45.3247668,-3.8444835],[-45.3412349,-3.8488036],[-45.3413315,-3.8297888],[-45.3265904,-3.8142658],[-45.317863,-3.7790586],[-45.3429348,-3.6840698],[-45.2882213,-3.7182007]]]}},{"type":"Feature","properties":{"level":"municipio","municipality_code":"2101731","municipality_name":"Belágua","uf":"MA","state_code":"21","area_km2":569.606},"geometry":{"type":"Polygon","coordinates":[[[-43.5181059,-3.240809],[-43.6122684,-3.2331728],[-43.6066356,-3.172094],[-43.5421452,-3.1296697],[-43.5713136,-3.0381129],[-43.5511279,-3.0216034],[-43.5472674,-3.0043792],[-43.5228181,-3.0165744],[-43.5011608,-3.0175289],[-43.4869558,-2.9891517],[-43.4748553,-2.9812183],[-43.4565997,-2.983999],[-43.3141645,-3.0235784],[-43.2692127,-3.0627883],[-43.2787347,-3.0812605],[-43.3447606,-3.1018333],[-43.4122515,-3.1499205],[-43.5123667,-3.2235111],[-43.5181059,-3.240809]]]}},{"type":"Feature","properties":{"level":"municipio","municipality_code":"2101806","municipality_name":"Benedito Leite","uf":"MA","state_code":"21","area_km2":1784.64},"geometry":{"type":"Polygon","coordinates":[[[-44.3903639,-7.1232428],[-44.4306277,-7.1515581],[-44.4620959,-7.1600911],[-44.5052426,-7.1867558],[-44.5251494,-7.2219993],[-44.565345,-7.2286889],[-44.5717854,-7.2484287],[-44.5940769,-7.2671767],[-44.6158702,-7.3086662],[-44.6627305,-7.3313481],[-44.6895567,-7.3954617],[-44.7110963,-7.3981818],[-44.7299293,-7.3907703],[-44.7419808,-7.3617039],[-44.7803456,-7.3785175],[-44.8164962,-7.3608938],[-44.8206005,-7.375623],[-44.8480283,-7.3865659],[-44.8697051,-7.4230572],[-44.9004353,-7.4254106],[-44.9248163,-7.4705294],[-44.9893114,-7.4823976],[-44.7874932,-7.2487047],[-44.6976535,-7.2550509],[-44.7049323,-7.2363595],[-44.6867354,-7.1868085],[-44.6984849,-7.1795349],[-44.7093496,-7.1893147],[-44.7194857,-7.1856435],[-44.7203529,-7.1689555],[-44.7049923,-7.1633728],[-44.7724361,-7.1247609],[-44.7845135,-7.1058714],[-44.7106805,-7.0442632],[-44.6973377,-6.9744388],[-44.6156135,-6.9612028],[-44.5875961,-6.977869],[-44.5831695,-6.9891394],[-44.5757986,-6.9870456],[-44.5727098,-6.9963421],[-44.5580821,-6.9963899],[-44.5354919,-7.0151249],[-44.5127057,-6.9249395],[-44.4940345,-6.8839526],[-44.4532655,-6.8975257],[-44.4586499,-6.8890217],[-44.4407603,-6.8597097],[-44.4076573,-6.8363512],[-44.3885912,-6.8448763],[-44.378265,-6.8766943],[-44.3295175,-6.9196321],[-44.3227106,-6.9437608],[-44.3058776,-6.9426193],[-44.289359,-6.9577174],[-44.2731445,-6.9561033],[-44.2532427,-6.9762029],[-44.2492751,-7.0005408],[-44.2628929,-7.0023584],[-44.2636602,-7.0189847],[-44.2797853,-7.0452697],[-44.2741171,-7.0702438],[-44.3051848,-7.1178122],[-44.3324675,-7.1086126],[-44.3903639,-7.1232428]]]}},{"type":"Feature","properties":{"level":"municipio","municipality_code":"2101905","municipality_name":"Bequimão","uf":"MA","state_code":"21","area_km2":790.222},"geometry":{"type":"Polygon","coordinates":[[[-44.7485808,-2.5854536],[-44.8123948,-2.5865269],[-44.8134535,-2.5326244],[-44.8353542,-2.5283834],[-44.8335759,-2.5150891],[-44.8758079,-2.5235306],[-44.9351599,-2.5127211],[-44.9592435,-2.4594616],[-44.9589565,-2.4344447],[-44.9416812,-2.4163494],[-44.9272672,-2.4124572],[-44.916549,-2.3912091],[-44.8794044,-2.3762202],[-44.8628463,-2.3578594],[-44.869038,-2.3377175],[-44.845939,-2.3285845],[-44.8451467,-2.3149097],[-44.8175177,-2.2987378],[-44.7989383,-2.3033974],[-44.7697717,-2.2854877],[-44.7572097,-2.2675258],[-44.7152935,-2.273723],[-44.6925402,-2.2873762],[-44.6776803,-2.2804923],[-44.6597141,-2.2873472],[-44.6444111,-2.2962791],[-44.6667153,-2.3291562],[-44.6660435,-2.3452457],[-44.6478215,-2.3751383],[-44.6669574,-2.4208946],[-44.6589319,-2.4360473],[-44.7018179,-2.4608407],[-44.7204912,-2.489753],[-44.7192747,-2.5084063],[-44.6957667,-2.5144778],[-44.6845361,-2.5463],[-44.7106201,-2.6272878],[-44.7163048,-2.6152204],[-44.7358973,-2.6101134],[-44.7480547,-2.5968932],[-44.7485808,-2.5854536]]]}},{"type":"Feature","properties":{"level":"municipio","municipality_code":"2101939","municipality_name":"Bernardo do Mearim","uf":"MA","state_code":"21","area_km2":247.186},"geometry":{"type":"Polygon","coordinates":[[[-44.573967,-4.7716931],[-44.7565809,-4.7175833],[-44.7984284,-4.6080386],[-44.8019938,-4.5691443],[-44.7476142,-4.5664056],[-44.747601,-4.6038988],[-44.7252665,-4.6507449],[-44.6914834,-4.6588187],[-44.6448331,-4.6484518],[-44.5935823,-4.6591776],[-44.5948779,-4.6719021],[-44.5783354,-4.6817679],[-44.590949,-4.690348],[-44.5759363,-4.7085615],[-44.5884356,-4.7276077],[-44.5695094,-4.7458754],[-44.5755432,-4.7552901],[-44.5696527,-4.7675454],[-44.573967,-4.7716931]]]}},{"type":"Feature","properties":{"level":"municipio","municipality_code":"2101970","municipality_name":"Boa Vista do Gurupi","uf":"MA","state_code":"21","area_km2":400.35},"geometry":{"type":"Polygon","coordinates":[[[-46.2035024,-1.705295],[-46.1712523,-1.6983595],[-46.1567887,-1.6802877],[-46.1658773,-1.634375],[-46.1612841,-1.6228478],[-46.1086503,-1.6452317],[-46.0926145,-1.6761216],[-46.0684784,-1.6770947],[-46.0627949,-1.6943333],[-46.0686261,-1.7275129],[-46.1132878,-1.8192691],[-46.1229548,-1.8111201],[-46.1352914,-1.8152491],[-46.1331029,-1.8269173],[-46.1411636,-1.8356227],[-46.1344902,-1.8381755],[-46.22339,-1.9149135],[-46.228765,-1.8884928],[-46.2448411,-1.8819486],[-46.2152786,-1.8459062],[-46.2110274,-1.8310593],[-46.2173309,-1.8198752],[-46.2303286,-1.8031233],[-46.2589139,-1.794967],[-46.2847384,-1.8008034],[-46.2977362,-1.7941368],[-46.312151,-1.8056873],[-46.3237072,-1.7664444],[-46.3118822,-1.7332325],[-46.3028913,-1.7283484],[-46.2658526,-1.7328418],[-46.2475775,-1.7209245],[-46.2211911,-1.7312789],[-46.2061411,-1.7202407],[-46.2035024,-1.705295]]]}},{"type":"Feature","properties":{"level":"municipio","municipality_code":"2102002","municipality_name":"Bom Jardim","uf":"MA","state_code":"21","area_km2":6579.946},"geometry":{"type":"Polygon","coordinates":[[[-46.1094308,-3.4858827],[-45.5432258,-3.4898818],[-45.5348183,-3.5276536],[-45.5194552,-3.5445868],[-45.5284921,-3.5649965],[-45.518865,-3.5823574],[-45.5088076,-3.5756299],[-45.4910801,-3.6110186],[-45.468842,-3.6040855],[-45.4640493,-3.5920626],[-45.4435377,-3.5952621],[-45.4060304,-3.5750185],[-45.3985138,-3.5960093],[-45.4080957,-3.6018477],[-45.3950359,-3.6055438],[-45.416611,-3.6133994],[-45.422973,-3.6264751],[-45.4341818,-3.6180478],[-45.4609681,-3.6332393],[-45.4607348,-3.6464578],[-45.4665366,-3.647462],[-45.4615363,-3.6562839],[-45.4810617,-3.6691274],[-45.4731522,-3.6778458],[-45.498746,-3.6981468],[-45.5074616,-3.6695903],[-45.5193568,-3.6705487],[-45.528074,-3.6585406],[-45.5542564,-3.6582477],[-45.586589,-3.6802962],[-45.6160674,-3.6790045],[-45.6222683,-3.639583],[-45.6449977,-3.6214257],[-45.6624349,-3.6332276],[-45.6866209,-3.6399353],[-45.6929534,-3.6337223],[-45.705071,-3.6417728],[-45.7325065,-3.6353534],[-45.765126,-3.6448411],[-45.8135092,-3.6363181],[-45.8342899,-3.6488755],[-45.8410627,-3.6647856],[-45.8451679,-3.658126],[-45.8881118,-3.6598467],[-45.9123676,-3.6903848],[-45.9435785,-3.7056472],[-45.991528,-3.6830933],[-46.0135537,-3.7059303],[-46.0490218,-3.7006829],[-46.0612609,-3.7045364],[-46.068322,-3.7173703],[-46.1014427,-3.7174592],[-46.1103147,-3.7361968],[-46.1651205,-3.7838832],[-46.1630908,-3.7948512],[-46.1705221,-3.8127001],[-46.1793401,-3.8158654],[-46.1829731,-3.8448113],[-46.2036152,-3.8743225],[-46.2075528,-3.9311806],[-46.2512959,-3.9511637],[-46.278737,-4.0108326],[-46.3584985,-4.0550958],[-46.3729839,-4.0858086],[-46.4274105,-4.1216083],[-46.4501562,-4.1688036],[-46.4791503,-4.184355],[-46.4806645,-4.2010026],[-46.5327419,-4.239277],[-46.539252,-4.2695693],[-46.5590187,-4.2728871],[-46.5928492,-4.3092693],[-46.6497533,-4.3422063],[-46.6780515,-4.3417708],[-46.685259,-4.3549412],[-46.6992932,-4.3556945],[-46.7211876,-4.3748587],[-46.7325846,-4.3722285],[-46.7389253,-4.3829455],[-46.7677653,-4.3721832],[-46.8227217,-4.3772283],[-46.8492648,-4.3953994],[-46.8575199,-4.4165304],[-46.8749057,-4.4325726],[-46.8894207,-4.4271916],[-46.9322007,-4.4431593],[-46.936513,-4.4328708],[-47.0169868,-4.4202325],[-47.0314462,-4.3882547],[-47.0598813,-4.3662306],[-47.0626576,-4.3448123],[-47.0710482,-4.3424648],[-47.0730415,-4.3236997],[-47.0884053,-4.3035907],[-47.0692602,-4.263454],[-47.0727402,-4.2366296],[-47.0296857,-4.2204608],[-47.0101948,-4.1746904],[-46.9677795,-4.1191283],[-46.9575234,-4.0869141],[-46.9484847,-4.0806546],[-46.9242962,-4.0874643],[-46.905599,-4.0832032],[-46.8917465,-4.0439995],[-46.869636,-4.0321313],[-46.8439178,-4.0032165],[-46.8048369,-3.9987388],[-46.761087,-3.9756328],[-46.7573864,-3.9050534],[-46.7014424,-3.8684162],[-46.6973511,-3.8550024],[-46.7295584,-3.8288609],[-46.7268917,-3.8071353],[-46.7386493,-3.7851248],[-46.6963507,-3.7049383],[-46.659789,-3.6961467],[-46.6431845,-3.7091861],[-46.6212116,-3.6953701],[-46.6169292,-3.6792084],[-46.5997191,-3.6747929],[-46.6001921,-3.6683196],[-46.5682198,-3.6494876],[-46.5633226,-3.6378545],[-46.530675,-3.6254489],[-46.5226139,-3.6323483],[-46.5041741,-3.6180306],[-46.4894755,-3.6179733],[-46.4803027,-3.6039884],[-46.4700007,-3.6088977],[-46.4738027,-3.5952916],[-46.4559737,-3.5929656],[-46.4517519,-3.5766313],[-46.4349095,-3.5771439],[-46.4370126,-3.5912552],[-46.4244647,-3.5768632],[-46.420218,-3.5921633],[-46.4030339,-3.5916283],[-46.403691,-3.5704325],[-46.382592,-3.5830438],[-46.3763051,-3.5724036],[-46.3648505,-3.5707746],[-46.3682292,-3.5545307],[-46.3574095,-3.5579566],[-46.3565144,-3.5672802],[-46.3540232,-3.555426],[-46.3381367,-3.5542737],[-46.3322299,-3.5444164],[-46.3238377,-3.549972],[-46.3274044,-3.5384701],[-46.3122047,-3.5463392],[-46.2967722,-3.5399395],[-46.3014766,-3.5591994],[-46.2883341,-3.5477055],[-46.2777622,-3.561944],[-46.272693,-3.5552585],[-46.2574575,-3.5575884],[-46.2549044,-3.5732704],[-46.2406921,-3.5756036],[-46.242881,-3.5849131],[-46.2219453,-3.5892872],[-46.2135246,-3.5825498],[-46.2051562,-3.5962311],[-46.2023828,-3.5832756],[-46.1890383,-3.5731274],[-46.1597324,-3.5795958],[-46.1564411,-3.5884626],[-46.1433979,-3.5852274],[-46.1330773,-3.6058105],[-46.1207132,-3.5980735],[-46.1117004,-3.6053302],[-46.1025223,-3.5950186],[-46.1157423,-3.589361],[-46.1283179,-3.5627032],[-46.1181203,-3.5193575],[-46.1037812,-3.5179306],[-46.1094308,-3.4858827]]]}},{"type":"Feature","properties":{"level":"municipio","municipality_code":"2102036","municipality_name":"Bom Jesus das Selvas","uf":"MA","state_code":"21","area_km2":2676.93},"geometry":{"type":"Polygon","coordinates":[[[-46.4649824,-4.8509669],[-46.9303184,-4.8505746],[-46.9184022,-4.8161082],[-46.9289749,-4.7871755],[-46.9250902,-4.7681125],[-46.9395081,-4.7386056],[-46.9320066,-4.7192551],[-46.935066,-4.6940835],[-46.9259454,-4.6839808],[-46.9345694,-4.674195],[-46.945202,-4.6176529],[-46.9342108,-4.6064838],[-46.9392094,-4.5853312],[-46.8967877,-4.5169763],[-46.9039748,-4.5052458],[-46.8980951,-4.4862918],[-46.8584183,-4.4564435],[-46.8585432,-4.4335092],[-46.8438099,-4.4155632],[-46.8397725,-4.3866992],[-46.8207842,-4.3766633],[-46.7677653,-4.3721832],[-46.7389253,-4.3829455],[-46.7325846,-4.3722285],[-46.7211876,-4.3748587],[-46.6992932,-4.3556945],[-46.685259,-4.3549412],[-46.6780515,-4.3417708],[-46.6317201,-4.3349783],[-46.5928492,-4.3092693],[-46.5590187,-4.2728871],[-46.539252,-4.2695693],[-46.5327419,-4.239277],[-46.478925,-4.1987684],[-46.4854357,-4.2512862],[-46.475348,-4.2770104],[-46.494065,-4.2887311],[-46.4884358,-4.3185354],[-46.5054997,-4.3786687],[-46.4931968,-4.4265931],[-46.5068479,-4.444518],[-46.4908733,-4.4739724],[-46.4980995,-4.4957185],[-46.480999,-4.5477747],[-46.4960393,-4.5641627],[-46.4897068,-4.6204305],[-46.476047,-4.6516098],[-46.4927755,-4.6696815],[-46.4808887,-4.6924278],[-46.4865564,-4.7211014],[-46.4679106,-4.7373763],[-46.4604367,-4.7591825],[-46.4796909,-4.7845529],[-46.4843523,-4.8087657],[-46.4742285,-4.820477],[-46.4722643,-4.8423107],[-46.4619073,-4.84448],[-46.4649824,-4.8509669]]]}},{"type":"Feature","properties":{"level":"municipio","municipality_code":"2102077","municipality_name":"Bom Lugar","uf":"MA","state_code":"21","area_km2":445.171},"geometry":{"type":"Polygon","coordinates":[[[-45.0776448,-4.3001387],[-44.8808727,-4.3527231],[-44.8732857,-4.3842791],[-44.9886852,-4.4587895],[-45.0460457,-4.4804817],[-45.0609964,-4.4556642],[-45.087699,-4.4545746],[-45.0930624,-4.4236934],[-45.12397,-4.416575],[-45.1330687,-4.395062],[-45.1218718,-4.3780287],[-45.1269978,-4.3664561],[-45.1213419,-4.3514125],[-45.1054035,-4.3268463],[-45.1146376,-4.2948697],[-45.0893339,-4.2716507],[-45.0875684,-4.2552587],[-45.0981503,-4.2403943],[-45.0851341,-4.2220478],[-45.0870372,-4.2029161],[-45.0342684,-4.1829945],[-45.0368401,-4.1674823],[-45.0255446,-4.1562892],[-45.0267349,-4.1466743],[-45.0120542,-4.1287508],[-45.0039995,-4.1311128],[-45.0149122,-4.1159324],[-45.0061281,-4.1142414],[-44.9855856,-4.1518982],[-44.9625911,-4.1718159],[-45.0784042,-4.2498658],[-45.083146,-4.2885844],[-45.0776448,-4.3001387]]]}},{"type":"Feature","properties":{"level":"municipio","municipality_code":"2102101","municipality_name":"Brejo","uf":"MA","state_code":"21","area_km2":1073.258},"geometry":{"type":"Polygon","coordinates":[[[-42.7216934,-3.8843703],[-43.0173417,-3.7384055],[-43.0084485,-3.7280595],[-43.0152448,-3.6845509],[-42.9844104,-3.6301416],[-42.9839449,-3.6129109],[-42.9997237,-3.5977063],[-42.9958666,-3.5906928],[-43.0050373,-3.5692024],[-42.9873815,-3.5533357],[-42.7973142,-3.5304616],[-42.6330523,-3.6320818],[-42.6701887,-3.6659245],[-42.6814274,-3.6873803],[-42.6825755,-3.7031984],[-42.6686251,-3.7374093],[-42.684036,-3.7652214],[-42.6714592,-3.7916286],[-42.6874256,-3.8082957],[-42.7216934,-3.8843703]]]}},{"type":"Feature","properties":{"level":"municipio","municipality_code":"2102150","municipality_name":"Brejo de Areia","uf":"MA","state_code":"21","area_km2":986.036},"geometry":{"type":"Polygon","coordinates":[[[-45.5117658,-4.2857832],[-45.4677407,-4.2764542],[-45.4572738,-4.281115],[-45.4262535,-4.2522972],[-45.4260215,-4.2653441],[-45.4491228,-4.2992815],[-45.4437758,-4.3118697],[-45.418711,-4.3269591],[-45.4332654,-4.3364264],[-45.4378799,-4.3307908],[-45.4540328,-4.3468555],[-45.4696783,-4.34681],[-45.4798348,-4.3695245],[-45.5117358,-4.3960054],[-45.4695658,-4.4279896],[-45.4228248,-4.4170983],[-45.4220052,-4.4408267],[-45.5261535,-4.4278425],[-45.5883773,-4.4698147],[-45.5937548,-4.5318758],[-45.6382716,-4.4839267],[-45.6983708,-4.5011985],[-45.7122377,-4.5531955],[-45.7605865,-4.5286828],[-45.758665,-4.5148986],[-45.7702478,-4.5130879],[-45.7867323,-4.489421],[-45.7937427,-4.4458897],[-45.806137,-4.4299069],[-45.8263608,-4.4218348],[-45.8147182,-4.4048694],[-45.8164677,-4.3888212],[-45.8039716,-4.3812659],[-45.7981587,-4.362546],[-45.802683,-4.3479011],[-45.7912291,-4.3363474],[-45.7913632,-4.3069219],[-45.8009528,-4.2815968],[-45.7859484,-4.2523422],[-45.670172,-4.209565],[-45.6432803,-4.1825442],[-45.6387244,-4.1966559],[-45.5949733,-4.1959694],[-45.5951624,-4.2212516],[-45.6188013,-4.2338996],[-45.6115356,-4.2416106],[-45.6206846,-4.2404669],[-45.6242133,-4.2487582],[-45.6246634,-4.2702135],[-45.6145056,-4.2823422],[-45.6058149,-4.2877659],[-45.5865567,-4.2806004],[-45.5430859,-4.2831673],[-45.5188083,-4.270171],[-45.5117658,-4.2857832]]]}},{"type":"Feature","properties":{"level":"municipio","municipality_code":"2102200","municipality_name":"Buriti","uf":"MA","state_code":"21","area_km2":1475.779},"geometry":{"type":"Polygon","coordinates":[[[-42.8559687,-4.0794396],[-43.208812,-4.0184058],[-43.1976977,-3.7829974],[-43.1233243,-3.6900317],[-42.7216934,-3.8843703],[-42.7314639,-3.9187769],[-42.7813049,-3.9545582],[-42.7941072,-3.9921904],[-42.8140232,-3.9920983],[-42.822155,-3.9995996],[-42.8449255,-4.0374247],[-42.8559687,-4.0794396]]]}},{"type":"Feature","properties":{"level":"municipio","municipality_code":"2102309","municipality_name":"Buriti Bravo","uf":"MA","state_code":"21","area_km2":1581.721},"geometry":{"type":"Polygon","coordinates":[[[-43.9045001,-6.0047621],[-44.032865,-5.8968285],[-44.0451529,-5.8771502],[-44.0638205,-5.8696388],[-44.0741648,-5.850736],[-44.0753113,-5.8161593],[-44.052484,-5.7974679],[-44.0323295,-5.7922374],[-44.0242391,-5.7656138],[-43.9748933,-5.7389115],[-43.971894,-5.7239053],[-43.9499307,-5.7092478],[-43.91312,-5.652664],[-43.8980795,-5.648722],[-43.8865948,-5.5898397],[-43.8467963,-5.5749153],[-43.8237579,-5.5493484],[-43.7857323,-5.5615586],[-43.7590991,-5.5898884],[-43.7390884,-5.5825565],[-43.7314612,-5.5913378],[-43.7134237,-5.5878705],[-43.7083122,-5.5954044],[-43.6690121,-5.5972708],[-43.666376,-5.6315058],[-43.6508563,-5.636546],[-43.6389,-5.6544796],[-43.613997,-5.6625122],[-43.6028235,-5.6757835],[-43.6061763,-5.6889554],[-43.5949642,-5.6897567],[-43.5863105,-5.706339],[-43.6060993,-5.7375684],[-43.655451,-5.7653292],[-43.7027272,-5.78001],[-43.706457,-5.7968329],[-43.7168202,-5.802375],[-43.713279,-5.8188344],[-43.7287782,-5.8474964],[-43.7093622,-5.8440899],[-43.6982836,-5.8605331],[-43.6733929,-5.8666835],[-43.6701496,-5.8872829],[-43.6846536,-5.9116348],[-43.6955668,-5.9150907],[-43.6952528,-5.9331577],[-43.7081096,-5.9469034],[-43.7036832,-5.9538809],[-43.7389507,-5.9822694],[-43.749124,-5.9773865],[-43.8033421,-5.9907132],[-43.8255347,-6.0057438],[-43.8255163,-5.9952531],[-43.8434073,-5.9958595],[-43.8444402,-6.0036676],[-43.9045001,-6.0047621]]]}},{"type":"Feature","properties":{"level":"municipio","municipality_code":"2102325","municipality_name":"Buriticupu","uf":"MA","state_code":"21","area_km2":2553.663},"geometry":{"type":"Polygon","coordinates":[[[-46.4796909,-4.7845529],[-46.4604367,-4.7591825],[-46.4679106,-4.7373763],[-46.4860996,-4.7226674],[-46.4808887,-4.6924278],[-46.4929668,-4.6731187],[-46.476047,-4.6516098],[-46.4897068,-4.6204305],[-46.4960393,-4.5641627],[-46.480999,-4.5477747],[-46.4980995,-4.4957185],[-46.4908733,-4.4739724],[-46.5068479,-4.444518],[-46.4931968,-4.4265931],[-46.5054997,-4.3786687],[-46.4884358,-4.3185354],[-46.494065,-4.2887311],[-46.475348,-4.2770104],[-46.4854357,-4.2512862],[-46.4783813,-4.2312814],[-46.47948,-4.1848614],[-46.4501562,-4.1688036],[-46.4363049,-4.1479591],[-46.4369749,-4.1328721],[-46.3729839,-4.0858086],[-46.3584985,-4.0550958],[-46.302689,-4.0198561],[-46.2890327,-4.0194925],[-46.272737,-3.9917436],[-46.2486212,-3.9882766],[-46.2436059,-4.0018411],[-46.2257454,-4.0101027],[-46.2128351,-4.0495398],[-46.2674842,-4.1290055],[-46.2751464,-4.1638543],[-46.2844981,-4.1719917],[-46.2829201,-4.2253108],[-46.2993931,-4.2476602],[-46.2920067,-4.2788168],[-46.2645773,-4.3076944],[-46.2409378,-4.3737766],[-46.2233744,-4.3904025],[-46.2329294,-4.4453307],[-46.2172483,-4.4698478],[-46.2030812,-4.471643],[-46.1932008,-4.5117273],[-46.1591049,-4.5604957],[-46.1780506,-4.6002631],[-46.2092703,-4.6236808],[-46.2289021,-4.6249914],[-46.2026933,-4.7502838],[-46.1319833,-4.7902025],[-46.1320482,-4.7975615],[-46.1150927,-4.8004362],[-46.0893935,-4.8546173],[-46.4649824,-4.8509669],[-46.4623019,-4.8423962],[-46.4722643,-4.8423107],[-46.4742285,-4.820477],[-46.4843523,-4.8087657],[-46.4796909,-4.7845529]]]}},{"type":"Feature","properties":{"level":"municipio","municipality_code":"2102358","municipality_name":"Buritirana","uf":"MA","state_code":"21","area_km2":821.261},"geometry":{"type":"Polygon","coordinates":[[[-47.1745398,-5.451623],[-47.0450969,-5.4028949],[-46.9798382,-5.3683843],[-46.9473516,-5.3650097],[-46.9268008,-5.3535344],[-46.9058891,-5.3550702],[-46.8980041,-5.3871977],[-46.901206,-5.4153972],[-46.9105042,-5.4187201],[-46.9086681,-5.4314759],[-46.9161899,-5.4316441],[-46.9305646,-5.4551599],[-46.9259382,-5.4755843],[-46.9360806,-5.4861525],[-46.9313097,-5.5031158],[-46.9471578,-5.5110358],[-46.945551,-5.5520058],[-46.9553,-5.5858457],[-46.9435929,-5.5990884],[-46.9472048,-5.6102165],[-46.9387577,-5.6116188],[-46.9466223,-5.6156279],[-46.9454674,-5.624973],[-46.9751604,-5.641311],[-47.0860199,-5.6723107],[-47.135775,-5.6482945],[-47.1593252,-5.598561],[-47.1801534,-5.5831019],[-47.1863936,-5.5903625],[-47.1988292,-5.5778249],[-47.2095522,-5.5851552],[-47.2243424,-5.5682453],[-47.2379841,-5.5669369],[-47.2446752,-5.5523291],[-47.2526167,-5.5583618],[-47.2524784,-5.5438984],[-47.2667093,-5.5492778],[-47.2727062,-5.5396477],[-47.2806742,-5.5408371],[-47.2555748,-5.5116663],[-47.2409591,-5.5136015],[-47.235538,-5.4959204],[-47.1745398,-5.451623]]]}},{"type":"Feature","properties":{"level":"municipio","municipality_code":"2102374","municipality_name":"Cachoeira Grande","uf":"MA","state_code":"21","area_km2":707.236},"geometry":{"type":"Polygon","coordinates":[[[-44.0428601,-3.0431737],[-44.0550429,-3.0399047],[-44.0575496,-3.0297252],[-44.0780921,-3.0329375],[-44.0776932,-3.0176525],[-44.0884377,-3.021644],[-44.0619779,-2.9824295],[-44.0611375,-2.9703747],[-44.0741601,-2.9649243],[-44.0683597,-2.952536],[-44.0738742,-2.9489821],[-44.0594398,-2.9328936],[-44.0650331,-2.9296936],[-44.0580585,-2.9215255],[-44.0613934,-2.899855],[-44.0534517,-2.8936092],[-44.0297627,-2.9045075],[-44.0215094,-2.9233582],[-44.0280032,-2.9477652],[-44.0082738,-2.9620898],[-43.9987618,-2.9871763],[-43.9016163,-3.0319782],[-43.8872356,-3.0492782],[-43.8607064,-3.0626122],[-43.7762751,-3.0875999],[-43.7550212,-3.126724],[-43.7543595,-3.171745],[-43.7601928,-3.1829704],[-44.0291413,-3.2911573],[-44.0300492,-3.2552393],[-44.0418376,-3.2411544],[-44.0330077,-3.2253063],[-44.0439252,-3.2099255],[-44.0315456,-3.1873327],[-44.0068285,-3.1851779],[-44.013818,-3.1716107],[-44.0085159,-3.1594844],[-43.9979143,-3.1589024],[-43.9943476,-3.1428583],[-44.001706,-3.1436181],[-43.9931216,-3.1186306],[-44.015862,-3.1008982],[-43.986023,-3.0804407],[-44.0027267,-3.0614944],[-44.0337997,-3.071455],[-44.0400747,-3.0498938],[-44.0521089,-3.0493935],[-44.0428601,-3.0431737]]]}},{"type":"Feature","properties":{"level":"municipio","municipality_code":"2102408","municipality_name":"Cajapió","uf":"MA","state_code":"21","area_km2":545.244},"geometry":{"type":"MultiPolygon","coordinates":[[[[-44.5658874,-3.0531146],[-44.5834097,-3.0504053],[-44.5916374,-3.0409345],[-44.5481124,-3.0450846],[-44.5658874,-3.0531146]]],[[[-44.6611504,-2.9801776],[-44.664086,-2.9617867],[-44.6610868,-2.9570306],[-44.6611504,-2.9801776]]],[[[-44.6293655,-2.9366153],[-44.6209595,-2.9264053],[-44.6292213,-2.9433334],[-44.6293655,-2.9366153]]],[[[-44.6647694,-2.9297596],[-44.6497291,-2.9179737],[-44.6406359,-2.9150235],[-44.6400567,-2.9235637],[-44.6603713,-2.94492],[-44.6647694,-2.9297596]]],[[[-44.4771579,-2.7389629],[-44.4790204,-2.9578603],[-44.5609183,-3.0225312],[-44.5827777,-3.0318234],[-44.5920609,-3.0151757],[-44.6415526,-2.9726828],[-44.6138694,-2.9505527],[-44.6007605,-2.9049776],[-44.5896166,-2.8948399],[-44.5803079,-2.8594035],[-44.5880523,-2.8187004],[-44.5363495,-2.75386],[-44.5059571,-2.7289334],[-44.4847889,-2.7246634],[-44.4771579,-2.7389629]]],[[[-44.5880079,-2.8666742],[-44.5878181,-2.8739347],[-44.5913323,-2.8780722],[-44.5909688,-2.8729834],[-44.5880079,-2.8666742]]],[[[-44.6326205,-2.8458973],[-44.6519735,-2.8929809],[-44.6552494,-2.8867766],[-44.7336301,-2.8863657],[-44.7385973,-2.8751823],[-44.7547375,-2.8881162],[-44.7839607,-2.8957527],[-44.7930666,-2.8711857],[-44.7804283,-2.8489466],[-44.7865358,-2.8200536],[-44.818845,-2.7980236],[-44.6697447,-2.7915128],[-44.6513788,-2.8028807],[-44.6326205,-2.8458973]]]]}},{"type":"Feature","properties":{"level":"municipio","municipality_code":"2102507","municipality_name":"Cajari","uf":"MA","state_code":"21","area_km2":662.066},"geometry":{"type":"Polygon","coordinates":[[[-45.0494676,-3.5119359],[-45.0155241,-3.5357085],[-45.0313579,-3.5710455],[-45.0580803,-3.5722967],[-45.1060272,-3.5575679],[-45.1226652,-3.5672609],[-45.1184515,-3.5284888],[-45.1297412,-3.5086184],[-45.1045325,-3.4855625],[-45.10726,-3.4754146],[-45.0948012,-3.4718982],[-45.0977437,-3.4603943],[-45.0889099,-3.4685558],[-45.088683,-3.450691],[-45.0815172,-3.4593103],[-45.0741439,-3.4524758],[-45.0849671,-3.4378137],[-45.0783962,-3.4286386],[-45.083523,-3.4203337],[-45.2717053,-3.3924518],[-45.2622762,-3.3799694],[-45.2546845,-3.3213164],[-45.2151719,-3.3322006],[-45.1299581,-3.3265225],[-45.0868158,-3.2729458],[-45.0331273,-3.2393634],[-45.0162943,-3.2985542],[-45.0236792,-3.3114679],[-44.99349,-3.3351172],[-44.9702135,-3.3300687],[-44.9533802,-3.3404734],[-44.9371619,-3.3301216],[-44.9467966,-3.3156441],[-44.9387658,-3.3142243],[-44.9419679,-3.2859914],[-44.9395162,-3.2940588],[-44.9281574,-3.292404],[-44.9321545,-3.3009778],[-44.9207691,-3.3074312],[-44.89638,-3.3016181],[-44.8838511,-3.2835069],[-44.89038,-3.2769332],[-44.8727141,-3.2836963],[-44.8785477,-3.2983153],[-44.8622039,-3.3291603],[-44.863712,-3.3463606],[-44.8820783,-3.3550657],[-44.8921774,-3.3519217],[-44.8937286,-3.3744581],[-44.8778543,-3.3833374],[-44.8990773,-3.4007643],[-44.9002165,-3.4247863],[-44.9261911,-3.4400961],[-44.9284826,-3.4613541],[-44.9478986,-3.4580984],[-44.9735986,-3.4284267],[-45.011412,-3.4298838],[-45.0124645,-3.4581111],[-45.0302247,-3.4590692],[-45.0328958,-3.4811435],[-45.0443568,-3.4898937],[-45.0413989,-3.5006655],[-45.0494676,-3.5119359]]]}},{"type":"Feature","properties":{"level":"municipio","municipality_code":"2102556","municipality_name":"Campestre do Maranhão","uf":"MA","state_code":"21","area_km2":613.529},"geometry":{"type":"Polygon","coordinates":[[[-47.3507841,-6.2435371],[-47.3807457,-6.2500226],[-47.4165972,-6.1778232],[-47.4331069,-6.1121335],[-47.4302297,-6.0683528],[-47.422082,-6.084954],[-47.397623,-6.0786615],[-47.3903845,-6.0862247],[-47.359628,-6.0800021],[-47.3396621,-6.0860244],[-47.3342612,-6.0754935],[-47.3124681,-6.0706947],[-47.2851009,-6.1007384],[-47.2801847,-6.095391],[-47.2504562,-6.1008879],[-47.2382298,-6.1151735],[-47.2061189,-6.1178753],[-47.1851593,-6.1056762],[-47.1599312,-6.1100943],[-47.1521771,-6.1220242],[-47.1442535,-6.1206263],[-47.1432003,-6.1303985],[-47.1345735,-6.1287177],[-47.1253368,-6.1492198],[-47.116987,-6.1475702],[-47.1120206,-6.1563164],[-47.0885731,-6.1536689],[-47.0823549,-6.1685369],[-47.0650497,-6.1710061],[-47.0691777,-6.1826172],[-47.043232,-6.197515],[-47.093686,-6.213962],[-47.117661,-6.234541],[-47.2696914,-6.2875673],[-47.3023208,-6.2513527],[-47.3219469,-6.255284],[-47.3507841,-6.2435371]]]}},{"type":"Feature","properties":{"level":"municipio","municipality_code":"2102705","municipality_name":"Cantanhede","uf":"MA","state_code":"21","area_km2":773.009},"geometry":{"type":"Polygon","coordinates":[[[-44.4036955,-3.6935481],[-44.4089427,-3.7065138],[-44.4276816,-3.7121997],[-44.4601514,-3.6647971],[-44.4457375,-3.6294718],[-44.4524621,-3.5617838],[-44.4002865,-3.5302935],[-44.3979089,-3.5379737],[-44.0850685,-3.5318873],[-44.0666783,-3.5587792],[-44.0506744,-3.5613713],[-44.0363494,-3.6476918],[-44.0412098,-3.6525986],[-44.0292344,-3.678608],[-44.0482144,-3.7040126],[-44.0978077,-3.6234214],[-44.1364766,-3.6294467],[-44.1396195,-3.6483446],[-44.1546765,-3.6519041],[-44.1835719,-3.6960166],[-44.2053178,-3.7149186],[-44.2086811,-3.7073078],[-44.261909,-3.6937471],[-44.2774,-3.7060333],[-44.2935669,-3.7028084],[-44.2812346,-3.7263671],[-44.2633398,-3.725412],[-44.2715399,-3.7385025],[-44.2602862,-3.7562541],[-44.2755114,-3.7706246],[-44.3783481,-3.6914496],[-44.4036955,-3.6935481]]]}},{"type":"Feature","properties":{"level":"municipio","municipality_code":"2102754","municipality_name":"Capinzal do Norte","uf":"MA","state_code":"21","area_km2":590.271},"geometry":{"type":"Polygon","coordinates":[[[-44.3018129,-4.8454712],[-44.3521709,-4.8075076],[-44.3540613,-4.7797529],[-44.4061029,-4.7444013],[-44.4186393,-4.7205329],[-44.4503905,-4.697231],[-44.3970334,-4.6653233],[-44.4068688,-4.6569856],[-44.4151866,-4.61656],[-44.3874598,-4.606065],[-44.3808248,-4.5830531],[-44.360199,-4.5791531],[-44.347572,-4.5582184],[-44.1960513,-4.5276279],[-44.2165819,-4.5472871],[-44.2308705,-4.5933836],[-44.2202987,-4.6054148],[-44.2339689,-4.621728],[-44.2266426,-4.6456114],[-44.2042081,-4.6578247],[-44.208621,-4.6745871],[-44.199215,-4.6911375],[-44.1975944,-4.7293367],[-44.2538789,-4.8161515],[-44.2843627,-4.8246331],[-44.3018129,-4.8454712]]]}},{"type":"Feature","properties":{"level":"municipio","municipality_code":"2102804","municipality_name":"Carolina","uf":"MA","state_code":"21","area_km2":6267.602},"geometry":{"type":"Polygon","coordinates":[[[-47.5883914,-7.4426285],[-47.5773825,-7.4167026],[-47.5071772,-7.3845493],[-47.4834958,-7.3651206],[-47.4782024,-7.3367537],[-47.488322,-7.3118204],[-47.5038449,-7.2900946],[-47.5428977,-7.2653836],[-47.6001226,-7.266734],[-47.6270111,-7.3008237],[-47.6477121,-7.3041229],[-47.6910091,-7.2382985],[-47.7374579,-7.2168656],[-47.7498258,-7.1952617],[-47.7494127,-7.1726945],[-47.7384544,-7.1560218],[-47.7047343,-7.1358592],[-47.6603749,-7.1513681],[-47.644456,-7.1436116],[-47.5972327,-7.063401],[-47.574782,-7.0503378],[-47.5482935,-7.0188936],[-47.5288692,-6.9772069],[-47.52607,-6.9361336],[-47.5061521,-6.9011217],[-47.5070392,-6.8720101],[-47.5190382,-6.838923],[-47.5112011,-6.8451554],[-47.4976512,-6.8390395],[-47.493038,-6.8472116],[-47.4847868,-6.8434419],[-47.4885038,-6.8517985],[-47.4776955,-6.8506386],[-47.4548346,-6.8756635],[-47.3985827,-6.9070326],[-47.3886639,-6.9297855],[-47.3639509,-6.9312353],[-47.3241447,-6.9524232],[-47.3119116,-6.950319],[-47.2743944,-6.9849058],[-47.23749,-6.9824697],[-47.2197952,-6.9909644],[-47.1880471,-6.9801374],[-47.1523151,-7.0047465],[-47.1353799,-6.9937156],[-47.1256769,-7.0083996],[-47.107626,-7.0075436],[-47.0942842,-7.0204824],[-47.0800517,-7.015482],[-47.0582204,-7.0273522],[-47.0362403,-7.017133],[-47.0161715,-7.0223343],[-46.997561,-7.0149078],[-46.99347,-7.0243722],[-46.9859015,-7.0233533],[-46.9807954,-7.0110496],[-46.9545676,-7.0312232],[-46.9443898,-7.0181025],[-46.9213807,-7.0298274],[-46.9096426,-7.0179549],[-46.8836799,-7.0168446],[-46.8845554,-7.0251613],[-46.8662785,-7.0325898],[-46.8652293,-7.0454175],[-46.8450228,-7.0601628],[-46.7789626,-7.0794169],[-46.7655573,-7.1104538],[-46.7748966,-7.1278167],[-46.7297751,-7.1601857],[-46.7304641,-7.1857708],[-46.7110215,-7.20887],[-46.7059222,-7.2321321],[-46.714381,-7.2367599],[-46.9266531,-7.2161321],[-46.9694525,-7.2428784],[-46.9895053,-7.2774488],[-46.9741919,-7.3020306],[-46.9712516,-7.3438516],[-46.9830091,-7.3548187],[-47.0236199,-7.3656292],[-47.0266396,-7.3824791],[-47.0874775,-7.4065074],[-47.1062012,-7.4281323],[-47.1252804,-7.5208977],[-47.1443125,-7.5436966],[-47.2003009,-7.5806841],[-47.2040699,-7.6060902],[-47.2203594,-7.6324403],[-47.2048858,-7.6417897],[-47.2006713,-7.632544],[-47.2016776,-7.6447044],[-47.1874142,-7.6520025],[-47.1850053,-7.6369345],[-47.1827939,-7.6441536],[-47.1521064,-7.6528646],[-47.1507034,-7.6632345],[-47.108907,-7.6484785],[-47.0961574,-7.6669123],[-47.0866473,-7.6484862],[-47.0484093,-7.6530845],[-47.0502489,-7.6694703],[-47.0342934,-7.685492],[-47.0356806,-7.6980374],[-47.0031854,-7.7041784],[-46.9886157,-7.6973906],[-46.9791782,-7.7092198],[-46.972353,-7.6973094],[-46.9716731,-7.7047699],[-46.9547211,-7.7103197],[-46.9509952,-7.6984443],[-46.9500508,-7.7127475],[-46.9313193,-7.7183983],[-46.9195739,-7.7123867],[-46.9102224,-7.7262669],[-46.8998661,-7.7271833],[-46.8939769,-7.7478293],[-46.8413064,-7.7314814],[-46.8301192,-7.746326],[-46.804224,-7.7464719],[-46.794478,-7.7880856],[-46.8039223,-7.804221],[-46.8338993,-7.8223518],[-46.8308978,-7.839655],[-46.846503,-7.8803418],[-46.8066333,-7.9510298],[-46.8404382,-7.9658898],[-46.8584634,-7.9594655],[-46.8665193,-7.9695016],[-46.8725395,-7.9551746],[-46.8960416,-7.9860631],[-46.9178486,-7.9818579],[-46.9207633,-7.9955362],[-46.9536901,-8.0060517],[-46.9537371,-8.0259573],[-46.9661893,-8.0334135],[-46.9635103,-8.0402146],[-46.9893791,-8.0476127],[-46.9985881,-8.0670918],[-47.0026954,-8.0577248],[-47.009385,-8.0624544],[-47.0455856,-8.0530907],[-47.067536,-7.9980522],[-47.0750742,-8.0001702],[-47.0847045,-7.9877032],[-47.107472,-7.9903239],[-47.0988564,-7.9798428],[-47.1077859,-7.9694125],[-47.1036372,-7.9540427],[-47.1137511,-7.9588106],[-47.1175224,-7.9522309],[-47.1082903,-7.936887],[-47.1176732,-7.939078],[-47.1221537,-7.92183],[-47.1429971,-7.9247697],[-47.1432041,-7.8951786],[-47.1570278,-7.8937729],[-47.1765484,-7.8716275],[-47.181339,-7.8616725],[-47.1757258,-7.8559975],[-47.1877127,-7.8586617],[-47.1892243,-7.8422664],[-47.198644,-7.849385],[-47.2073757,-7.8337771],[-47.2354753,-7.8237518],[-47.230651,-7.8162439],[-47.2455059,-7.8159571],[-47.2472162,-7.8088738],[-47.235753,-7.8042997],[-47.2481277,-7.8004029],[-47.2407791,-7.7943434],[-47.2556282,-7.7636567],[-47.2465929,-7.7581744],[-47.2671806,-7.7606689],[-47.2606909,-7.7429057],[-47.2739937,-7.7457101],[-47.2750241,-7.7303989],[-47.3139503,-7.7308181],[-47.3161674,-7.7175096],[-47.3062679,-7.7134379],[-47.3172716,-7.7023539],[-47.3033566,-7.7026561],[-47.3029899,-7.6902464],[-47.3316711,-7.6854401],[-47.3387494,-7.6669041],[-47.3149328,-7.6600379],[-47.3581252,-7.6160242],[-47.3741376,-7.6240228],[-47.3525614,-7.6417863],[-47.353785,-7.6481312],[-47.3822788,-7.6545981],[-47.3884071,-7.6324683],[-47.383018,-7.6003894],[-47.4051568,-7.5871964],[-47.3990893,-7.5691277],[-47.439975,-7.5559998],[-47.426629,-7.5434005],[-47.4251086,-7.5285591],[-47.4610895,-7.5183631],[-47.4751227,-7.5338986],[-47.4805071,-7.4915047],[-47.4972817,-7.4794779],[-47.501525,-7.4397949],[-47.5284919,-7.4335397],[-47.5628339,-7.4506335],[-47.5883914,-7.4426285]]]}},{"type":"Feature","properties":{"level":"municipio","municipality_code":"2102903","municipality_name":"Carutapera","uf":"MA","state_code":"21","area_km2":1260.569},"geometry":{"type":"MultiPolygon","coordinates":[[[[-46.0568307,-1.1318899],[-46.0402228,-1.1739626],[-46.0460616,-1.1211408],[-46.0199113,-1.0822289],[-46.0031998,-1.0769639],[-45.9946457,-1.0530147],[-45.9705429,-1.0515452],[-45.9666337,-1.0633008],[-45.978385,-1.061098],[-45.9844518,-1.0659755],[-45.9769851,-1.0654729],[-45.9678261,-1.0872214],[-45.983662,-1.1114026],[-45.9616581,-1.1116886],[-45.9642512,-1.1397056],[-45.9513963,-1.1435186],[-45.95961,-1.1588509],[-45.9541568,-1.16142],[-45.9577631,-1.1951372],[-45.9495044,-1.2030687],[-45.8969548,-1.1182168],[-45.8869179,-1.0818348],[-45.870392,-1.0734415],[-45.8761596,-1.0678465],[-45.8715496,-1.0525306],[-45.8555595,-1.0515134],[-45.8449399,-1.0692729],[-45.8501838,-1.1019852],[-45.8649479,-1.1083212],[-45.8647027,-1.1306539],[-45.8995892,-1.149783],[-45.9120749,-1.1663413],[-45.9059533,-1.1718613],[-45.8818486,-1.14887],[-45.8710206,-1.1534572],[-45.8838661,-1.1784009],[-45.8684205,-1.1718283],[-45.8752491,-1.1926124],[-45.8622625,-1.1811872],[-45.8682453,-1.2052785],[-45.8484518,-1.2134281],[-45.8494551,-1.2291988],[-45.8871517,-1.2655557],[-45.8848163,-1.2844287],[-45.9050877,-1.2909706],[-46.0162693,-1.5236293],[-46.0241106,-1.5185987],[-46.0341829,-1.6668771],[-46.0561274,-1.7414466],[-46.0686261,-1.7275129],[-46.0627949,-1.6943333],[-46.0684784,-1.6770947],[-46.0926145,-1.6761216],[-46.1086503,-1.6452317],[-46.1612841,-1.6228478],[-46.1469182,-1.6104414],[-46.1549318,-1.5937365],[-46.1336272,-1.5786922],[-46.1440841,-1.5178302],[-46.1763342,-1.4749425],[-46.1397841,-1.4438752],[-46.1402727,-1.4328355],[-46.15415,-1.4225773],[-46.1417386,-1.4121236],[-46.1302068,-1.3768544],[-46.1160363,-1.3671822],[-46.1037226,-1.3372859],[-46.1289363,-1.3342572],[-46.1291318,-1.3124698],[-46.1473091,-1.309441],[-46.1592318,-1.2877511],[-46.1588409,-1.2746589],[-46.1400773,-1.2476926],[-46.1492636,-1.2260021],[-46.1330409,-1.2103693],[-46.0770824,-1.1962431],[-46.0750388,-1.1609984],[-46.0679711,-1.1503893],[-46.0664207,-1.1624684],[-46.0568307,-1.1318899]]],[[[-45.9561392,-1.1870407],[-45.953554,-1.182738],[-45.9558906,-1.1917283],[-45.9561392,-1.1870407]]],[[[-45.9044566,-1.1635808],[-45.8949845,-1.1520223],[-45.8924012,-1.1504811],[-45.9044566,-1.1635808]]],[[[-46.0173838,-1.0772526],[-46.0093155,-1.0742693],[-46.0169198,-1.0782774],[-46.0173838,-1.0772526]]]]}},{"type":"Feature","properties":{"level":"municipio","municipality_code":"2103000","municipality_name":"Caxias","uf":"MA","state_code":"21","area_km2":5200.625},"geometry":{"type":"Polygon","coordinates":[[[-43.0390707,-4.9273841],[-43.0433414,-5.0755797],[-43.0632913,-5.0810593],[-43.0952012,-5.0682404],[-43.1110694,-5.0715062],[-43.1324239,-5.0866732],[-43.1323645,-5.1072182],[-43.1425723,-5.1156641],[-43.2059565,-5.1431603],[-43.2290855,-5.143225],[-43.2289769,-5.1823309],[-43.2658626,-5.2060724],[-43.3520774,-5.1915797],[-43.4510305,-5.2236631],[-43.436587,-5.2737064],[-43.4474225,-5.2883991],[-43.5285785,-5.2271819],[-43.5670249,-5.2301922],[-43.7009267,-5.2984441],[-43.713502,-5.3116532],[-43.8154139,-5.2845311],[-43.8025646,-5.2851551],[-43.7806761,-5.2710805],[-43.7612861,-5.2020083],[-43.7296946,-5.1985321],[-43.7248032,-5.1832059],[-43.6662279,-5.1519771],[-43.6392296,-5.1133583],[-43.6211468,-5.1199757],[-43.5936182,-5.1121929],[-43.6104559,-5.0774139],[-43.5491752,-4.9881591],[-43.5468683,-4.9681038],[-43.5650055,-4.8786933],[-43.6028773,-4.8814288],[-43.6672862,-4.8491073],[-43.7130169,-4.8637548],[-43.7441215,-4.8446434],[-43.7560139,-4.8551185],[-43.7687311,-4.8512917],[-43.7701622,-4.8424384],[-43.7953986,-4.8327211],[-43.7939125,-4.8250987],[-43.7813063,-4.8249868],[-43.8023566,-4.8197312],[-43.8086768,-4.80395],[-43.824544,-4.7962019],[-43.8405343,-4.7615223],[-43.700472,-4.7315945],[-43.6531983,-4.7547013],[-43.6322614,-4.7397947],[-43.6110058,-4.6871097],[-43.5889212,-4.661739],[-43.5544322,-4.6766712],[-43.5003341,-4.6835143],[-43.4804205,-4.6484938],[-43.4520599,-4.6458973],[-43.4201364,-4.6292812],[-43.3982752,-4.6297452],[-43.366434,-4.643549],[-43.3363217,-4.6718486],[-43.3041266,-4.6814119],[-43.2990135,-4.6934535],[-43.2828064,-4.6944999],[-43.2535895,-4.7173223],[-43.2398691,-4.6947073],[-43.2119242,-4.676614],[-43.2040902,-4.6294196],[-43.1341442,-4.5625363],[-43.1219753,-4.5096972],[-43.0826724,-4.4461556],[-42.934053,-4.3824461],[-42.8800097,-4.4158678],[-42.8710854,-4.4300212],[-42.8772744,-4.4616696],[-42.8535976,-4.4743222],[-42.8503983,-4.4844606],[-42.8521698,-4.5059709],[-42.8750876,-4.5365171],[-42.8665233,-4.5662958],[-42.8729733,-4.5816875],[-42.9161689,-4.6514334],[-42.9529144,-4.6828947],[-42.9470482,-4.7030191],[-42.9246712,-4.7191271],[-42.9208598,-4.7320806],[-42.9262348,-4.7506827],[-42.9489948,-4.7664248],[-42.9479303,-4.7885671],[-42.9386462,-4.8092127],[-42.8974052,-4.8426144],[-42.8898413,-4.894712],[-43.0390707,-4.9273841]]]}},{"type":"Feature","properties":{"level":"municipio","municipality_code":"2103109","municipality_name":"Cedral","uf":"MA","state_code":"21","area_km2":285.211},"geometry":{"type":"MultiPolygon","coordinates":[[[[-44.53955,-2.0200925],[-44.5386093,-2.023054],[-44.5414779,-2.0209884],[-44.53955,-2.0200925]]],[[[-44.4812537,-1.9868997],[-44.535555,-2.0196477],[-44.5671841,-2.0163493],[-44.588704,-2.037942],[-44.6159153,-2.0351234],[-44.621356,-2.04296],[-44.6275372,-2.0374746],[-44.6281095,-2.0467867],[-44.6380262,-2.0445006],[-44.6427074,-2.0583219],[-44.6591112,-2.0648666],[-44.7213185,-2.0750379],[-44.712861,-2.0594764],[-44.6831914,-2.0524233],[-44.7124368,-2.0268821],[-44.7219758,-1.9751883],[-44.6977884,-1.9679503],[-44.6964524,-1.9892022],[-44.6786484,-1.9826154],[-44.652226,-1.9904088],[-44.6325228,-1.9829627],[-44.6161392,-1.9683691],[-44.6379733,-1.9441467],[-44.6209645,-1.9313653],[-44.6224298,-1.9224462],[-44.5989929,-1.8958362],[-44.5776653,-1.8903286],[-44.5648018,-1.8962764],[-44.5293129,-1.8789372],[-44.5155735,-1.8844811],[-44.4891805,-1.9570588],[-44.4947689,-1.9640327],[-44.5113407,-1.9581409],[-44.4812537,-1.9868997]]]]}},{"type":"Feature","properties":{"level":"municipio","municipality_code":"2103125","municipality_name":"Central do Maranhão","uf":"MA","state_code":"21","area_km2":319.538},"geometry":{"type":"Polygon","coordinates":[[[-44.9348891,-2.2334436],[-44.867333,-2.1632472],[-44.8713905,-2.1450564],[-44.8581624,-2.1251179],[-44.8354919,-2.1497481],[-44.7970095,-2.1513244],[-44.7967792,-2.1782516],[-44.7839563,-2.1868542],[-44.7989727,-2.2221633],[-44.794945,-2.233419],[-44.781082,-2.2499894],[-44.7558017,-2.2443151],[-44.7317119,-2.2518364],[-44.7399254,-2.2609616],[-44.7551295,-2.2582596],[-44.7697717,-2.2854877],[-44.7989383,-2.3033974],[-44.8175177,-2.2987378],[-44.8451467,-2.3149097],[-44.845939,-2.3285845],[-44.869038,-2.3377175],[-44.8628463,-2.3578594],[-44.8983097,-2.3848146],[-44.9234426,-2.3607704],[-44.9348848,-2.3295732],[-44.9348891,-2.2334436]]]}},{"type":"Feature","properties":{"level":"municipio","municipality_code":"2103174","municipality_name":"Centro Novo do Maranhão","uf":"MA","state_code":"21","area_km2":8401.002},"geometry":{"type":"Polygon","coordinates":[[[-46.4300836,-2.495959],[-46.4400518,-2.4818019],[-46.4324291,-2.4654966],[-46.4405893,-2.4524131],[-46.442153,-2.4194111],[-46.4094143,-2.3713712],[-46.4132256,-2.3641943],[-46.4318916,-2.3644873],[-46.4562746,-2.38675],[-46.4673667,-2.376351],[-46.4642883,-2.3633644],[-46.4316473,-2.3348031],[-46.4324291,-2.2971111],[-46.4159132,-2.2691344],[-46.4305234,-2.2352003],[-46.4106359,-2.2287552],[-46.3961233,-2.2467233],[-46.382246,-2.2490182],[-46.3643619,-2.2277298],[-46.3472107,-2.2219682],[-46.3323561,-2.1909139],[-46.2832969,-2.1543901],[-46.3008879,-2.1417921],[-46.2721071,-2.1175724],[-46.269273,-2.0906667],[-46.2775799,-2.0793378],[-46.2720094,-2.0529685],[-46.0587669,-2.0508993],[-46.0988329,-2.0927098],[-46.1082355,-2.1346727],[-46.1509252,-2.19471],[-46.1375028,-2.2008054],[-46.159138,-2.2602164],[-46.1792603,-2.2880575],[-46.1900597,-2.3722397],[-46.2282449,-2.430423],[-46.2289279,-2.4616529],[-46.2824532,-2.4862455],[-46.2790777,-2.5098738],[-46.2597893,-2.5445929],[-46.2573783,-2.57015],[-46.2443422,-2.5876404],[-46.2515917,-2.6101734],[-46.2327856,-2.6318728],[-46.2052996,-2.6453747],[-46.1823947,-2.6815404],[-46.0644074,-2.6863442],[-46.0799559,-2.7140461],[-46.0691864,-2.7411906],[-46.0908137,-2.7836863],[-46.0916921,-2.8077642],[-46.1316286,-2.8654346],[-46.1225639,-2.9072275],[-46.1791492,-2.9581744],[-46.190002,-3.0106233],[-46.2062191,-3.0305038],[-46.2908457,-3.0756295],[-46.3891404,-3.1800346],[-46.4007932,-3.2120626],[-46.3908139,-3.2751515],[-46.3985272,-3.3465988],[-46.4138286,-3.4011692],[-46.4594982,-3.4857537],[-46.4756653,-3.486268],[-46.5034058,-3.50277],[-46.6933154,-3.6764186],[-46.7066573,-3.7348911],[-46.7386493,-3.7851248],[-46.7268917,-3.8071353],[-46.7244644,-3.8392262],[-46.6972272,-3.8576872],[-46.7094627,-3.8779886],[-46.7573864,-3.9050534],[-46.761087,-3.9756328],[-46.8048369,-3.9987388],[-46.8439178,-4.0032165],[-46.869636,-4.0321313],[-46.8917465,-4.0439995],[-46.905599,-4.0832032],[-46.9271035,-4.0866471],[-46.916196,-4.0772193],[-46.9125191,-4.0383091],[-46.9182145,-3.998849],[-46.9450352,-3.9234958],[-46.9360663,-3.8795415],[-46.9473049,-3.8552853],[-46.9561947,-3.8051353],[-46.9510416,-3.799226],[-46.9720638,-3.7672875],[-46.9732086,-3.7503088],[-46.9803975,-3.7461755],[-46.9770704,-3.7341745],[-46.9926434,-3.713452],[-46.996774,-3.717977],[-46.996769,-3.705343],[-47.0294911,-3.6821629],[-47.0242342,-3.6708529],[-47.0330241,-3.643416],[-47.0235309,-3.6262279],[-47.0328052,-3.6030381],[-47.0274305,-3.5988121],[-47.0414005,-3.5907276],[-47.0272373,-3.580933],[-47.0395232,-3.5736226],[-47.0339934,-3.5687035],[-47.0388461,-3.5621033],[-47.0184659,-3.5655395],[-47.0184765,-3.5485425],[-47.0102674,-3.5494204],[-47.0037686,-3.534204],[-46.9943867,-3.5387397],[-46.9756994,-3.5297684],[-46.9783594,-3.5177193],[-46.9688798,-3.5144028],[-46.9823174,-3.4949427],[-46.9687821,-3.4893825],[-46.9597912,-3.495089],[-46.9690753,-3.4736774],[-46.9484548,-3.476799],[-46.9563218,-3.4612888],[-46.9470866,-3.4594353],[-46.9511912,-3.4481683],[-46.9420536,-3.4465099],[-46.9553446,-3.4383644],[-46.9563218,-3.4258777],[-46.9399036,-3.4208538],[-46.9486991,-3.4054402],[-46.9491389,-3.3921726],[-46.9379979,-3.3967578],[-46.9360923,-3.391441],[-46.9442525,-3.3771976],[-46.9278831,-3.3776366],[-46.9172797,-3.36132],[-46.9057479,-3.367515],[-46.8898671,-3.3353688],[-46.8744751,-3.3459055],[-46.8677807,-3.3269297],[-46.8586432,-3.3429786],[-46.8493102,-3.3370274],[-46.8492125,-3.3183929],[-46.8391954,-3.3241491],[-46.8299113,-3.3114659],[-46.813884,-3.3100512],[-46.8122226,-3.3020509],[-46.8265886,-3.2979043],[-46.8108056,-3.2900015],[-46.8200897,-3.2740492],[-46.802059,-3.2659998],[-46.8061635,-3.2440466],[-46.7953158,-3.2402657],[-46.7859095,-3.2472421],[-46.7791907,-3.2421684],[-46.7785311,-3.2168484],[-46.7552719,-3.2162141],[-46.7715436,-3.2040662],[-46.7583992,-3.1947477],[-46.7730583,-3.1785988],[-46.7515583,-3.1888444],[-46.7441799,-3.1793307],[-46.7495549,-3.1659137],[-46.7199434,-3.1534724],[-46.7303514,-3.1444951],[-46.7293741,-3.128199],[-46.744473,-3.1373717],[-46.7481378,-3.1218562],[-46.7319639,-3.1245885],[-46.7188684,-3.1092192],[-46.7124673,-3.1156109],[-46.7164741,-3.1263937],[-46.7077275,-3.1270768],[-46.7067502,-3.1006318],[-46.6765036,-3.0941424],[-46.6820252,-3.0743812],[-46.6731808,-3.0673062],[-46.6773342,-3.0342723],[-46.6673172,-3.0296855],[-46.672399,-3.0158031],[-46.6588149,-3.0108503],[-46.6741581,-3.0002127],[-46.6684899,-2.9927955],[-46.6499217,-2.9960161],[-46.6492376,-2.9834264],[-46.6629683,-2.9746916],[-46.6474296,-2.9698118],[-46.6484069,-2.9612721],[-46.6676104,-2.9546843],[-46.6730342,-2.9450709],[-46.6539285,-2.9310654],[-46.6626262,-2.903298],[-46.6811456,-2.893611],[-46.680828,-2.883143],[-46.668441,-2.8759447],[-46.639416,-2.8835578],[-46.6346273,-2.8705276],[-46.6395626,-2.8716013],[-46.6406376,-2.8618408],[-46.6355557,-2.8685267],[-46.6312069,-2.8616944],[-46.6400023,-2.8509089],[-46.6209455,-2.8596446],[-46.6109773,-2.8552524],[-46.6148375,-2.8293864],[-46.5895749,-2.8457845],[-46.5756976,-2.8415386],[-46.582392,-2.8290936],[-46.5898193,-2.8335348],[-46.5957806,-2.8263118],[-46.5906011,-2.8196256],[-46.5997386,-2.8181126],[-46.6025238,-2.7892199],[-46.6252943,-2.8065459],[-46.6348228,-2.7964431],[-46.6359955,-2.7553969],[-46.6422501,-2.7502234],[-46.6518762,-2.7572028],[-46.6588149,-2.7412916],[-46.6539774,-2.7290407],[-46.6748911,-2.7318716],[-46.6675615,-2.7266979],[-46.6713729,-2.7061982],[-46.6631149,-2.6935566],[-46.6471853,-2.6899446],[-46.6506546,-2.6804755],[-46.6343341,-2.6854541],[-46.6345296,-2.6741789],[-46.6186,-2.665393],[-46.6222648,-2.6449411],[-46.6060909,-2.6394741],[-46.5926045,-2.6654906],[-46.5788738,-2.6315178],[-46.5068486,-2.616874],[-46.5094384,-2.5906125],[-46.5017668,-2.5809473],[-46.4913588,-2.5832904],[-46.4869611,-2.5723071],[-46.5017179,-2.5467769],[-46.4868633,-2.5361351],[-46.4735724,-2.5465816],[-46.4212882,-2.5343289],[-46.4201643,-2.5259813],[-46.4365825,-2.5152417],[-46.4300836,-2.495959]]]}},{"type":"Feature","properties":{"level":"municipio","municipality_code":"2103158","municipality_name":"Centro do Guilherme","uf":"MA","state_code":"21","area_km2":1134.646},"geometry":{"type":"Polygon","coordinates":[[[-46.0326234,-2.4359161],[-46.0312372,-2.4611104],[-46.0478575,-2.4714282],[-46.0493887,-2.5121495],[-46.0688363,-2.5584687],[-46.0607461,-2.5629905],[-46.0666256,-2.5740461],[-46.053551,-2.5850596],[-46.0581228,-2.6280633],[-46.0694514,-2.6552758],[-46.0633729,-2.6604567],[-46.0677104,-2.6676418],[-46.056257,-2.6753324],[-46.0258121,-2.6817288],[-46.1823947,-2.6815404],[-46.2052996,-2.6453747],[-46.2327856,-2.6318728],[-46.2515917,-2.6101734],[-46.2443422,-2.5876404],[-46.2573783,-2.57015],[-46.2597893,-2.5445929],[-46.2790777,-2.5098738],[-46.2824532,-2.4862455],[-46.2289279,-2.4616529],[-46.2282449,-2.430423],[-46.1900597,-2.3722397],[-46.1792603,-2.2880575],[-46.159138,-2.2602164],[-46.1476549,-2.2227474],[-46.1297872,-2.2296565],[-46.0771702,-2.156587],[-46.0514087,-2.1444928],[-46.0209415,-2.1581888],[-45.9981441,-2.1574336],[-46.0021068,-2.1698586],[-45.9924108,-2.172606],[-46.005215,-2.2120532],[-45.9968263,-2.2251668],[-45.9945006,-2.2557314],[-45.9973717,-2.2806552],[-46.0076795,-2.2956791],[-46.0095915,-2.3417761],[-45.9973569,-2.365044],[-46.0168045,-2.4279914],[-46.0326234,-2.4359161]]]}},{"type":"Feature","properties":{"level":"municipio","municipality_code":"2103208","municipality_name":"Chapadinha","uf":"MA","state_code":"21","area_km2":3248.777},"geometry":{"type":"Polygon","coordinates":[[[-43.43022114442102,-3.3394934491728763],[-43.4337933,-3.3478359],[-43.4224206,-3.3658053],[-43.4323662,-3.3859891],[-43.4295998,-3.3983503],[-43.4381075,-3.4050629],[-43.4323242,-3.4213092],[-43.4480199,-3.4329797],[-43.404805,-3.4433404],[-43.4072813,-3.4927148],[-43.3897921,-3.5134948],[-43.4021306,-3.5218075],[-43.3934183,-3.5492608],[-43.3875562,-3.5496117],[-43.3831714,-3.5815474],[-43.3947253,-3.5935243],[-43.366667,-3.6233117],[-43.3676018,-3.6496402],[-43.3403765,-3.6613029],[-43.334894,-3.6827771],[-43.2309225,-3.7064142],[-43.21481,-3.7613774],[-43.2001167,-3.7685379],[-43.2087133,-4.0183112],[-43.4292435,-4.2233224],[-43.5156878,-4.1867469],[-43.5945691,-4.2284178],[-43.6023167,-4.2150612],[-43.5948389,-4.2071519],[-43.5983473,-4.1834603],[-43.5877156,-4.1574525],[-43.605624,-4.1251085],[-43.5945552,-4.1049197],[-43.6021725,-4.0437127],[-43.645983,-4.0062718],[-43.6555676,-4.0076335],[-43.6895123,-3.9723953],[-43.7032908,-3.9695025],[-43.7293457,-3.9351168],[-43.6066977,-3.6186727],[-43.4472162,-3.3166612],[-43.43022114442102,-3.3394934491728763]]]}},{"type":"Feature","properties":{"level":"municipio","municipality_code":"2103257","municipality_name":"Cidelândia","uf":"MA","state_code":"21","area_km2":1462.809},"geometry":{"type":"Polygon","coordinates":[[[-47.7263863,-5.2290604],[-47.7538214,-5.2505267],[-47.7977859,-5.2965763],[-47.8123313,-5.3219607],[-47.8400668,-5.3336804],[-47.8602318,-5.3229199],[-47.8746798,-5.2700895],[-47.9373486,-5.2395752],[-47.91121,-5.2145928],[-47.9155032,-5.1988831],[-47.8987992,-5.1943929],[-47.8937438,-5.1754043],[-47.8872368,-5.17484],[-47.9111688,-5.1517284],[-47.9458208,-5.0888633],[-47.9845728,-5.0464964],[-47.979901,-5.0095322],[-48.0192139,-4.9367794],[-48.013702,-4.8640079],[-48.0583628,-4.8041597],[-48.0253774,-4.7782956],[-47.9800653,-4.7847727],[-47.9195804,-4.8293088],[-47.8609527,-4.8547227],[-47.8553173,-4.8710322],[-47.8322589,-4.8845424],[-47.8135998,-4.9211891],[-47.8046171,-4.9222964],[-47.8066232,-4.9293963],[-47.7784864,-4.9457009],[-47.7760974,-4.9568951],[-47.7172346,-4.9864887],[-47.7132912,-5.0083494],[-47.697232,-5.0296295],[-47.5545892,-5.0952216],[-47.5387474,-5.1561798],[-47.6444647,-5.1608029],[-47.6614069,-5.1680361],[-47.6867043,-5.1562515],[-47.704622,-5.2344951],[-47.7263863,-5.2290604]]]}},{"type":"Feature","properties":{"level":"municipio","municipality_code":"2103307","municipality_name":"Codó","uf":"MA","state_code":"21","area_km2":4361.599},"geometry":{"type":"Polygon","coordinates":[[[-43.9072067,-4.3263902],[-43.8976295,-4.3261984],[-43.8731762,-4.3564832],[-43.835182,-4.3459534],[-43.8228421,-4.3282408],[-43.8079515,-4.3247484],[-43.7522697,-4.241983],[-43.5944756,-4.2285322],[-43.5156878,-4.1867469],[-43.4295103,-4.2229783],[-43.3681715,-4.3017736],[-43.6960082,-4.4924817],[-43.7026192,-4.4900549],[-43.7014516,-4.4797215],[-43.7162818,-4.4811215],[-43.7180373,-4.4691646],[-43.7506153,-4.4688128],[-43.6419271,-4.5822395],[-43.6140058,-4.6337715],[-43.5963728,-4.6424841],[-43.5847418,-4.6595258],[-43.6054785,-4.6781579],[-43.642486,-4.7508625],[-43.6580632,-4.755034],[-43.700472,-4.7315945],[-43.8405343,-4.7615223],[-43.8265706,-4.7889671],[-43.8412551,-4.8106178],[-43.843036,-4.8616224],[-43.8528323,-4.8820958],[-43.8329306,-4.8931083],[-43.8310167,-4.931713],[-43.8482289,-4.9444063],[-43.8559649,-4.9780845],[-43.8709035,-5.0006573],[-43.9018415,-5.0261379],[-43.9258966,-5.025936],[-43.9599023,-5.0505],[-43.9748966,-5.0416485],[-43.9870791,-5.0107323],[-44.0208194,-4.9800629],[-44.0347483,-4.9777147],[-44.0636071,-4.996993],[-44.0775127,-4.9853841],[-44.1084914,-4.9880817],[-44.1130181,-4.9699293],[-44.142786,-4.9645853],[-44.1419634,-4.9515908],[-44.1260368,-4.9338407],[-44.1180998,-4.9361278],[-44.1130967,-4.9105668],[-44.1205095,-4.9022526],[-44.1377049,-4.9120352],[-44.147783,-4.9056607],[-44.1703619,-4.9122205],[-44.1718755,-4.8926989],[-44.1941719,-4.8790152],[-44.2080568,-4.8826948],[-44.2190875,-4.908906],[-44.2433964,-4.9065644],[-44.2643609,-4.9266153],[-44.2689661,-4.9130776],[-44.2956917,-4.9144413],[-44.3579273,-4.8949597],[-44.3606196,-4.8787122],[-44.3439629,-4.8478262],[-44.3250399,-4.846188],[-44.3225404,-4.8345751],[-44.3018129,-4.8454712],[-44.2843627,-4.8246331],[-44.2538789,-4.8161515],[-44.1975944,-4.7293367],[-44.199215,-4.6911375],[-44.208621,-4.6745871],[-44.2042081,-4.6578247],[-44.2266426,-4.6456114],[-44.2339689,-4.621728],[-44.2202987,-4.6054148],[-44.2308705,-4.5933836],[-44.2165819,-4.5472871],[-44.1960513,-4.5276279],[-44.0874785,-4.505704],[-44.0934882,-4.4947595],[-43.9362289,-4.3345605],[-43.9243723,-4.3062471],[-43.9072067,-4.3263902]]]}},{"type":"Feature","properties":{"level":"municipio","municipality_code":"2103406","municipality_name":"Coelho Neto","uf":"MA","state_code":"21","area_km2":976.653},"geometry":{"type":"Polygon","coordinates":[[[-43.0826875,-4.446146],[-43.2126193,-4.360023],[-43.2199595,-4.3053842],[-43.2348986,-4.2761013],[-43.2283989,-4.2368245],[-43.2371836,-4.2015738],[-43.2239402,-4.1706677],[-43.2258968,-4.1266498],[-43.2335011,-4.1150217],[-43.2446894,-4.116204],[-43.247437,-4.0994176],[-43.2676895,-4.0751337],[-43.208812,-4.0184058],[-43.173889,-4.0329343],[-43.1623139,-4.0605503],[-43.1396681,-4.0786873],[-43.127311,-4.1156673],[-43.1160027,-4.1192571],[-43.0929204,-4.10857],[-43.0807526,-4.0875927],[-43.0610008,-4.0843],[-43.0551699,-4.0917793],[-43.05984,-4.1189],[-43.0457489,-4.1657025],[-43.0321543,-4.1800254],[-42.9427551,-4.1672635],[-42.9811689,-4.2104437],[-42.9874122,-4.2283749],[-42.9814509,-4.3001033],[-42.9632735,-4.3286563],[-42.9628826,-4.3761123],[-42.9486144,-4.3854667],[-43.0826875,-4.446146]]]}},{"type":"Feature","properties":{"level":"municipio","municipality_code":"2103505","municipality_name":"Colinas","uf":"MA","state_code":"21","area_km2":1978.669},"geometry":{"type":"Polygon","coordinates":[[[-44.2342497,-6.1727476],[-44.3138893,-6.0250659],[-44.330664,-6.0239161],[-44.3628489,-6.0023803],[-44.3887416,-6.0034591],[-44.3956273,-6.012576],[-44.410094,-6.0044147],[-44.4264341,-6.0146889],[-44.4506738,-5.9966173],[-44.4931213,-5.9843621],[-44.5447729,-5.9974629],[-44.562029,-5.9918685],[-44.601502,-6.0169736],[-44.6021079,-5.8285035],[-44.5545647,-5.8272987],[-44.5414214,-5.8189444],[-44.5325966,-5.844726],[-44.5068971,-5.8544211],[-44.4974346,-5.87539],[-44.4719239,-5.8616439],[-44.4770338,-5.8814028],[-44.4522435,-5.9164062],[-44.4393614,-5.9201962],[-44.3940359,-5.9051821],[-44.3441547,-5.9138364],[-44.2953411,-5.9246206],[-44.2662771,-5.9545089],[-44.1583086,-5.9127058],[-44.1312891,-5.8878549],[-44.1231539,-5.8651913],[-44.1108103,-5.8739062],[-44.102192,-5.8674217],[-44.1017786,-5.8528181],[-44.0899959,-5.8432872],[-44.0943671,-5.8206141],[-44.0753113,-5.8161593],[-44.0741648,-5.850736],[-44.0638205,-5.8696388],[-44.0451529,-5.8771502],[-44.032865,-5.8968285],[-43.9045001,-6.0047621],[-43.9299679,-6.0388815],[-43.9220192,-6.0875527],[-43.9306918,-6.0969847],[-43.9447473,-6.1790956],[-43.9538776,-6.1771864],[-43.9519806,-6.1874309],[-43.959243,-6.1924452],[-43.9583429,-6.2604993],[-43.9665424,-6.2595179],[-43.9803262,-6.2843404],[-43.9639484,-6.2945804],[-44.0997508,-6.3514555],[-44.2342497,-6.1727476]]]}},{"type":"Feature","properties":{"level":"municipio","municipality_code":"2103554","municipality_name":"Conceição do Lago-Açu","uf":"MA","state_code":"21","area_km2":727.132},"geometry":{"type":"Polygon","coordinates":[[[-44.9276896,-3.7520526],[-44.8971418,-3.7398897],[-44.8788628,-3.7466973],[-44.8673288,-3.7188966],[-44.8589077,-3.7154684],[-44.865823,-3.6938841],[-44.8471995,-3.6872801],[-44.8457401,-3.6679466],[-44.8177495,-3.6776327],[-44.8076518,-3.687809],[-44.8129234,-3.6925573],[-44.8060629,-3.7044847],[-44.7942956,-3.7005814],[-44.7996329,-3.6935596],[-44.7933661,-3.6904221],[-44.7922289,-3.7001309],[-44.7812402,-3.704648],[-44.7742395,-3.6973523],[-44.7768498,-3.679211],[-44.7573459,-3.6753856],[-44.7513526,-3.6812518],[-44.7583778,-3.686101],[-44.7286005,-3.697025],[-44.7423205,-3.6979184],[-44.7386581,-3.7098766],[-44.7540135,-3.7194013],[-44.751824,-3.7301011],[-44.7415714,-3.7229679],[-44.7389034,-3.7326607],[-44.7247387,-3.7252403],[-44.7244078,-3.7370351],[-44.7082955,-3.7410358],[-44.712432,-3.7473294],[-44.7021815,-3.7563547],[-44.7021012,-3.7682425],[-44.6802633,-3.7653158],[-44.6748536,-3.7794498],[-44.6570157,-3.785527],[-44.6507084,-3.8001133],[-44.6625143,-3.8064364],[-44.6524615,-3.8111033],[-44.6569301,-3.8199334],[-44.6422967,-3.8160444],[-44.6344331,-3.8328909],[-44.6120915,-3.8362182],[-44.6101514,-3.8477989],[-44.6138736,-3.8431438],[-44.6220798,-3.8508211],[-44.9331777,-3.9162645],[-45.0426295,-3.723321],[-45.030476,-3.7124889],[-45.0117444,-3.7149938],[-45.0032109,-3.703753],[-44.9981002,-3.7126845],[-44.9514523,-3.6932133],[-44.9386002,-3.7068588],[-44.9235868,-3.7099269],[-44.9174166,-3.7390752],[-44.9308912,-3.7460527],[-44.9276896,-3.7520526]]]}},{"type":"Feature","properties":{"level":"municipio","municipality_code":"2103604","municipality_name":"Coroatá","uf":"MA","state_code":"21","area_km2":2263.691},"geometry":{"type":"Polygon","coordinates":[[[-44.0934882,-4.4947595],[-44.1803021,-4.3365103],[-44.2677667,-4.2777551],[-44.3427582,-4.099957],[-44.4468789,-4.1291518],[-44.4497667,-4.116036],[-44.4604915,-4.1111955],[-44.454682,-4.0980936],[-44.4628014,-4.0859296],[-44.402088,-4.086039],[-44.3993303,-4.0667755],[-44.4084551,-4.0555498],[-44.4072359,-4.0431751],[-44.3874058,-4.0277385],[-44.3831553,-3.997347],[-44.3546982,-3.9748002],[-44.3676234,-3.931748],[-44.3380428,-3.9089608],[-44.3415987,-3.8942731],[-44.3303465,-3.8964068],[-44.3196825,-3.8817867],[-44.3229389,-3.864474],[-44.1927874,-3.9292012],[-44.1659732,-3.9104703],[-44.1554957,-3.8368367],[-43.9927638,-3.8424361],[-43.9380703,-4.0004692],[-43.8954774,-3.9686744],[-43.9987316,-4.2522976],[-44.0160636,-4.2716281],[-44.0222628,-4.2652488],[-44.0344261,-4.2790978],[-44.0460931,-4.2748382],[-44.0644884,-4.2930813],[-44.0648439,-4.3563852],[-44.051761,-4.3839716],[-44.0740787,-4.3972418],[-44.0720764,-4.4022426],[-44.0628305,-4.4060315],[-44.055428,-4.3883694],[-43.9369489,-4.3348861],[-44.0934882,-4.4947595]]]}},{"type":"Feature","properties":{"level":"municipio","municipality_code":"2103703","municipality_name":"Cururupu","uf":"MA","state_code":"21","area_km2":1255.667},"geometry":{"type":"MultiPolygon","coordinates":[[[[-44.8369117,-1.5621141],[-44.8312172,-1.5569099],[-44.8243739,-1.5636026],[-44.8290173,-1.5680405],[-44.8369117,-1.5621141]]],[[[-44.8949804,-1.5300257],[-44.8983705,-1.5305988],[-44.8963015,-1.5279561],[-44.8949804,-1.5300257]]],[[[-44.7971879,-1.5218185],[-44.798162,-1.5515049],[-44.8091403,-1.5609906],[-44.8285532,-1.5558535],[-44.8335552,-1.5344377],[-44.8158116,-1.5256545],[-44.8076568,-1.5116269],[-44.8134036,-1.5056793],[-44.7806213,-1.4786061],[-44.7743897,-1.4873044],[-44.7971879,-1.5218185]]],[[[-44.8434318,-1.4882533],[-44.8851088,-1.4779087],[-44.8728836,-1.4890643],[-44.8822118,-1.4899196],[-44.8773178,-1.4958232],[-44.8948548,-1.5111731],[-44.8902261,-1.516382],[-44.8986231,-1.5288462],[-44.9000356,-1.5352831],[-44.9183816,-1.5400951],[-44.9122058,-1.5958196],[-44.9021189,-1.6067814],[-44.8898851,-1.6035979],[-44.8944894,-1.6079562],[-44.9276494,-1.6081054],[-44.9383254,-1.6032549],[-44.9366828,-1.5795288],[-44.9530991,-1.5600243],[-44.9493021,-1.5347462],[-44.973827,-1.4998023],[-44.9684633,-1.4769937],[-44.9586423,-1.4740503],[-44.9486808,-1.4817964],[-44.9548712,-1.4912888],[-44.9371235,-1.4898735],[-44.9201132,-1.4620137],[-44.8868355,-1.4420889],[-44.8811961,-1.4254511],[-44.8863524,-1.4201299],[-44.8604482,-1.411296],[-44.8305433,-1.4277163],[-44.8434318,-1.4882533]]],[[[-44.8667139,-1.4930562],[-44.8696231,-1.4897399],[-44.863803,-1.4917713],[-44.8667139,-1.4930562]]],[[[-44.8694196,-1.4881163],[-44.8713823,-1.489063],[-44.8698928,-1.4874398],[-44.8694196,-1.4881163]]],[[[-45.0446267,-1.3991166],[-45.047725,-1.3661901],[-45.0394275,-1.3881699],[-45.0446267,-1.3991166]]],[[[-45.0012717,-1.2949166],[-44.9810723,-1.2641409],[-44.9662021,-1.2711372],[-44.9290041,-1.2667719],[-44.8995089,-1.2742656],[-44.8726293,-1.2928172],[-44.8669234,-1.3287447],[-44.877601,-1.3303528],[-44.8925472,-1.349525],[-44.8944815,-1.3376811],[-44.9164408,-1.3443729],[-44.9434249,-1.3649817],[-44.9472393,-1.3789431],[-44.9573709,-1.377964],[-44.9891428,-1.4015568],[-45.0053356,-1.4008204],[-45.0214093,-1.3840191],[-45.0140703,-1.3494541],[-45.033862,-1.3380293],[-45.028776,-1.3180265],[-45.0050769,-1.3250247],[-44.9785011,-1.316826],[-45.0012717,-1.2949166]]],[[[-44.8891559,-1.7665399],[-44.9213806,-1.715899],[-44.8797377,-1.7084056],[-44.8597185,-1.6982065],[-44.8460868,-1.6801021],[-44.8225856,-1.6926327],[-44.8087455,-1.6806128],[-44.8097723,-1.6655869],[-44.8280568,-1.6685948],[-44.8140473,-1.6448877],[-44.8395112,-1.6366187],[-44.8536949,-1.617505],[-44.8410776,-1.6030264],[-44.8357046,-1.5729409],[-44.8026869,-1.5894386],[-44.7788165,-1.5784472],[-44.7685833,-1.5612938],[-44.7634948,-1.5947364],[-44.7233624,-1.5567241],[-44.7075446,-1.5516798],[-44.7088926,-1.5806152],[-44.6966906,-1.5820133],[-44.6823256,-1.5659571],[-44.636446,-1.6181049],[-44.661831,-1.6626388],[-44.6750018,-1.6413743],[-44.7467772,-1.6507327],[-44.7532052,-1.6678329],[-44.800093,-1.7029969],[-44.785236,-1.713257],[-44.7627385,-1.7045901],[-44.7543681,-1.7179919],[-44.7378323,-1.722018],[-44.7164723,-1.7133257],[-44.7009158,-1.7262436],[-44.7040311,-1.7409743],[-44.7090658,-1.7357559],[-44.7586592,-1.788122],[-44.7203201,-1.7798517],[-44.7148934,-1.7903171],[-44.7031838,-1.7684633],[-44.6808578,-1.7726448],[-44.6460499,-1.7651405],[-44.6511354,-1.7290861],[-44.6586735,-1.7228791],[-44.6525225,-1.7154006],[-44.5984471,-1.7446716],[-44.6173714,-1.7594897],[-44.6251918,-1.7788316],[-44.6228101,-1.8215063],[-44.6579551,-1.8370954],[-44.6666628,-1.8630816],[-44.7087948,-1.8768294],[-44.7119867,-1.8859301],[-44.7211502,-1.8858908],[-44.7138794,-1.8814041],[-44.7174424,-1.8744287],[-44.7318585,-1.8829099],[-44.7291645,-1.8886542],[-44.7750864,-1.942213],[-44.9252256,-1.9449226],[-44.913947,-1.9194122],[-44.915136,-1.8798432],[-44.9287887,-1.8779872],[-44.9711947,-1.8446604],[-44.9744586,-1.8337598],[-44.9281867,-1.8162564],[-44.9043365,-1.8175555],[-44.8891559,-1.7665399]]],[[[-44.7400308,-1.6979951],[-44.7493122,-1.6968851],[-44.7576262,-1.6885114],[-44.7355195,-1.6801256],[-44.7316537,-1.6882467],[-44.7400308,-1.6979951]]],[[[-44.7502325,-1.6804253],[-44.7463537,-1.6772518],[-44.7451,-1.6788078],[-44.7502325,-1.6804253]]],[[[-44.7261046,-1.6711871],[-44.7420153,-1.6656872],[-44.7279378,-1.659101],[-44.7261046,-1.6711871]]],[[[-44.7811249,-1.5764704],[-44.7812119,-1.5738353],[-44.7801569,-1.5740118],[-44.7811249,-1.5764704]]],[[[-44.7319143,-1.5490976],[-44.7633254,-1.5790505],[-44.7616768,-1.5529658],[-44.7488232,-1.53437],[-44.7370062,-1.5366013],[-44.7319143,-1.5490976]]],[[[-44.7430496,-1.4869617],[-44.7506781,-1.5172858],[-44.7929195,-1.5259713],[-44.772185,-1.4858597],[-44.7758603,-1.4785036],[-44.7925313,-1.4687642],[-44.7589507,-1.4603304],[-44.7430496,-1.4869617]]]]}},{"type":"Feature","properties":{"level":"municipio","municipality_code":"2102606","municipality_name":"Cândido Mendes","uf":"MA","state_code":"21","area_km2":1643.796},"geometry":{"type":"MultiPolygon","coordinates":[[[[-45.686565266666655,-2.0882251777778054],[-45.6747903,-2.0571596],[-45.6824643,-2.042255],[-45.6866021,-1.9841966],[-45.7005276,-1.9556899],[-45.7863882,-1.9071478],[-45.8167623,-1.8359612],[-45.8674924,-1.8122062],[-45.8837116,-1.7936367],[-45.8719953,-1.7845119],[-45.8778884,-1.7528427],[-45.8525578,-1.7143942],[-45.8583003,-1.7066811],[-45.8540665,-1.6971998],[-45.8654518,-1.6892445],[-45.8629716,-1.6790232],[-45.8500399,-1.6679437],[-45.8511861,-1.6592773],[-45.8271224,-1.6461528],[-45.8309911,-1.6330809],[-45.8231689,-1.6159374],[-45.8286468,-1.6098937],[-45.8130607,-1.5818335],[-45.8064951,-1.5838801],[-45.8116296,-1.5693751],[-45.7844094,-1.580721],[-45.7643302,-1.5632568],[-45.7758319,-1.5301518],[-45.7654837,-1.4445037],[-45.7038756,-1.3945119],[-45.6862463,-1.3972742],[-45.6971725,-1.3862479],[-45.6935685,-1.3702057],[-45.6676316,-1.3679568],[-45.6769133,-1.3782038],[-45.6638159,-1.3693592],[-45.6380428,-1.3721887],[-45.6291262,-1.3657628],[-45.615951,-1.3424584],[-45.6212792,-1.3080235],[-45.6108292,-1.2746106],[-45.5942625,-1.266725],[-45.5866526,-1.2707938],[-45.5989937,-1.2995843],[-45.5921061,-1.3024372],[-45.5497247,-1.2760037],[-45.5449925,-1.3013778],[-45.5311337,-1.3091094],[-45.5187735,-1.3011905],[-45.5143599,-1.3080898],[-45.5267855,-1.3587696],[-45.512442,-1.3780868],[-45.5027106,-1.3751433],[-45.4759214,-1.3248382],[-45.4460528,-1.3118023],[-45.460603,-1.3064236],[-45.4572847,-1.2976014],[-45.4173105,-1.2955503],[-45.4073319,-1.3166291],[-45.4157437,-1.3459114],[-45.4226511,-1.3537484],[-45.4348619,-1.3511133],[-45.4507733,-1.3684633],[-45.474976,-1.3720072],[-45.4868072,-1.4197914],[-45.4806035,-1.4546519],[-45.4889818,-1.4707818],[-45.4755409,-1.4798473],[-45.4803714,-1.4918431],[-45.5065999,-1.4976052],[-45.6015743,-1.5594122],[-45.71201,-1.7701935],[-45.6222802,-1.9506846],[-45.6397241,-1.9652979],[-45.6514191,-2.0009154],[-45.6277448,-2.1391955],[-45.6333759,-2.178458],[-45.6510067,-2.1643758],[-45.6574614,-2.1456993],[-45.6522056,-2.1334783],[-45.6645363,-2.1298568],[-45.6624028,-2.1112154],[-45.686565266666655,-2.0882251777778054]]],[[[-45.4994119,-1.361768],[-45.5006227,-1.353048],[-45.4959208,-1.3462075],[-45.4994119,-1.361768]]],[[[-45.4916567,-1.3439932],[-45.4867306,-1.340148],[-45.4918727,-1.3483685],[-45.4916567,-1.3439932]]],[[[-45.5698547,-1.2626303],[-45.5764808,-1.2719565],[-45.5715975,-1.260263],[-45.5698547,-1.2626303]]],[[[-45.5780755,-1.2307637],[-45.5959345,-1.2417993],[-45.5804227,-1.2211093],[-45.5787572,-1.1943723],[-45.5645039,-1.1925559],[-45.5393473,-1.2052159],[-45.5321908,-1.2205451],[-45.5383103,-1.2298248],[-45.5780755,-1.2307637]]]]}},{"type":"Feature","properties":{"level":"municipio","municipality_code":"2103752","municipality_name":"Davinópolis","uf":"MA","state_code":"21","area_km2":332.249},"geometry":{"type":"Polygon","coordinates":[[[-47.395622,-5.6457232],[-47.4408202,-5.572134],[-47.4296692,-5.553374],[-47.4250921,-5.5221339],[-47.4077659,-5.5087141],[-47.3943237,-5.5203592],[-47.3817217,-5.5146161],[-47.373294,-5.539403],[-47.362382,-5.53747],[-47.358713,-5.545928],[-47.349926,-5.539659],[-47.3423679,-5.5543938],[-47.3259884,-5.5470954],[-47.3252625,-5.554541],[-47.3157689,-5.5555544],[-47.3079757,-5.5368734],[-47.2952626,-5.5454698],[-47.2732075,-5.5393957],[-47.2667093,-5.5492778],[-47.2524784,-5.5438984],[-47.2526167,-5.5583618],[-47.2446752,-5.5523291],[-47.2379841,-5.5669369],[-47.2243424,-5.5682453],[-47.2095522,-5.5851552],[-47.1984739,-5.5779131],[-47.1897546,-5.5897604],[-47.1804498,-5.5829535],[-47.1594789,-5.5983931],[-47.135919,-5.6481294],[-47.119552,-5.6542756],[-47.302918,-5.6590342],[-47.325203,-5.6388867],[-47.3548294,-5.6486027],[-47.370527,-5.6393833],[-47.395622,-5.6457232]]]}},{"type":"Feature","properties":{"level":"municipio","municipality_code":"2103802","municipality_name":"Dom Pedro","uf":"MA","state_code":"21","area_km2":358.493},"geometry":{"type":"Polygon","coordinates":[[[-44.3121765,-5.0188808],[-44.3499605,-5.1102093],[-44.3672523,-5.1128484],[-44.3912495,-5.1034303],[-44.423309,-5.1228673],[-44.4436907,-5.0977054],[-44.4509389,-5.105318],[-44.448029,-5.0834155],[-44.4554215,-5.0806681],[-44.4604571,-5.1232156],[-44.4550406,-5.1492932],[-44.4882755,-5.127387],[-44.4856507,-5.0933367],[-44.4973952,-5.0407742],[-44.4849519,-5.0175061],[-44.4961616,-4.9759017],[-44.4117051,-4.9757471],[-44.4133052,-4.9507739],[-44.3807593,-4.928757],[-44.3753465,-4.9150027],[-44.3589457,-4.9059514],[-44.3579273,-4.8949597],[-44.3066035,-4.9117017],[-44.3121765,-5.0188808]]]}},{"type":"Feature","properties":{"level":"municipio","municipality_code":"2103901","municipality_name":"Duque Bacelar","uf":"MA","state_code":"21","area_km2":317.494},"geometry":{"type":"Polygon","coordinates":[[[-42.9325871,-4.1569324],[-42.9427551,-4.1672635],[-43.0321543,-4.1800254],[-43.0457489,-4.1657025],[-43.05984,-4.1189],[-43.0551699,-4.0917793],[-43.0610008,-4.0843],[-43.0807526,-4.0875927],[-43.0929204,-4.10857],[-43.1160027,-4.1192571],[-43.127311,-4.1156673],[-43.1396681,-4.0786873],[-43.1623139,-4.0605503],[-43.1805031,-4.026604],[-43.000639,-4.0506097],[-42.8559687,-4.0794396],[-42.8697483,-4.1041016],[-42.9015271,-4.1189487],[-42.8884909,-4.1535434],[-42.9325871,-4.1569324]]]}},{"type":"Feature","properties":{"level":"municipio","municipality_code":"2104008","municipality_name":"Esperantinópolis","uf":"MA","state_code":"21","area_km2":452.402},"geometry":{"type":"Polygon","coordinates":[[[-44.9853782,-4.8246197],[-44.8207823,-4.8401188],[-44.7622237,-4.8784962],[-44.7483862,-4.8706891],[-44.7483915,-4.8564165],[-44.7238699,-4.847453],[-44.6435437,-4.855025],[-44.6633808,-4.8797133],[-44.6767476,-4.8756802],[-44.6823708,-4.8867621],[-44.6962567,-4.8880427],[-44.7012773,-4.9053481],[-44.7188178,-4.9031661],[-44.7317194,-4.9127717],[-44.7435505,-4.911065],[-44.742084,-4.9169825],[-44.7611293,-4.918877],[-44.7644919,-4.9129353],[-44.7812452,-4.9291013],[-44.8015082,-4.9222031],[-44.8100079,-4.9313093],[-44.8643399,-4.9369957],[-44.928666,-4.9901263],[-44.9325626,-5.0140108],[-45.0057127,-4.9666931],[-45.03348,-4.9567408],[-45.0422643,-4.9168432],[-45.0312749,-4.8959675],[-45.0370658,-4.8759413],[-44.9853782,-4.8246197]]]}},{"type":"Feature","properties":{"level":"municipio","municipality_code":"2104057","municipality_name":"Estreito","uf":"MA","state_code":"21","area_km2":2719.964},"geometry":{"type":"Polygon","coordinates":[[[-47.4685481,-6.86337],[-47.4776955,-6.8506386],[-47.4885038,-6.8517985],[-47.4863949,-6.8425193],[-47.5112011,-6.8451554],[-47.5296459,-6.8313891],[-47.516702,-6.7902601],[-47.4941187,-6.7548332],[-47.4986441,-6.6712316],[-47.4632317,-6.6070758],[-47.4564977,-6.5382745],[-47.425663,-6.4973603],[-47.4242162,-6.5045749],[-47.4057645,-6.4971473],[-47.3840085,-6.5183165],[-47.3405756,-6.5128072],[-47.3412008,-6.5216112],[-47.316469,-6.5422924],[-47.2997063,-6.5343498],[-47.2706823,-6.5634202],[-47.24433,-6.5623865],[-47.2340125,-6.5790427],[-47.2282673,-6.5714246],[-47.2188343,-6.578414],[-47.2116807,-6.5727715],[-47.2056081,-6.5951769],[-47.1968837,-6.5929447],[-47.1947381,-6.6015727],[-47.1704665,-6.6122203],[-47.1693969,-6.6331403],[-47.1235649,-6.6622342],[-47.0863747,-6.6565261],[-47.0824199,-6.6639061],[-47.0479501,-6.6722559],[-46.9865276,-6.6551365],[-46.9660669,-6.6642834],[-46.9611031,-6.6805409],[-46.8996232,-6.6833232],[-46.8765969,-6.6770876],[-46.8584997,-6.7030587],[-46.8372847,-6.705306],[-46.840505,-6.7224847],[-46.8192876,-6.7210843],[-46.8120889,-6.7338185],[-46.8143875,-6.7435352],[-46.85467,-6.7455526],[-46.866643,-6.7566716],[-46.8662311,-6.7662062],[-46.8786327,-6.7695618],[-46.8926217,-6.8073032],[-46.9078142,-6.8056506],[-46.9208331,-6.8248255],[-46.9306152,-6.906602],[-46.9203168,-6.9242144],[-46.9291109,-6.9369918],[-46.9109167,-6.949873],[-46.9102295,-6.9648946],[-46.9247268,-7.0010885],[-46.9533972,-7.0219815],[-46.9537883,-7.0311812],[-46.9800513,-7.0110519],[-46.9924597,-7.024658],[-46.997561,-7.0149078],[-47.0161715,-7.0223343],[-47.0362403,-7.017133],[-47.0578827,-7.0273638],[-47.0800517,-7.015482],[-47.0934746,-7.02073],[-47.1070303,-7.0077396],[-47.1322382,-7.0053661],[-47.1353799,-6.9937156],[-47.1523151,-7.0047465],[-47.1880471,-6.9801374],[-47.2197952,-6.9909644],[-47.23749,-6.9824697],[-47.2743944,-6.9849058],[-47.3119116,-6.950319],[-47.3241447,-6.9524232],[-47.3639509,-6.9312353],[-47.3883165,-6.9300119],[-47.3985827,-6.9070326],[-47.4685481,-6.86337]]]}},{"type":"Feature","properties":{"level":"municipio","municipality_code":"2104073","municipality_name":"Feira Nova do Maranhão","uf":"MA","state_code":"21","area_km2":1626.053},"geometry":{"type":"Polygon","coordinates":[[[-46.4510456,-7.0664507],[-46.5371577,-7.1124307],[-46.55725,-7.1623625],[-46.5517277,-7.1887233],[-46.5585694,-7.2266112],[-46.5995093,-7.248579],[-46.7228221,-7.2790272],[-46.7345697,-7.2630524],[-46.7733608,-7.2592197],[-46.7053518,-7.2312171],[-46.7110215,-7.20887],[-46.7304641,-7.1857708],[-46.72976,-7.1602091],[-46.7741333,-7.1294069],[-46.7664714,-7.0996033],[-46.7789626,-7.0794169],[-46.8414907,-7.0621555],[-46.8651792,-7.0454806],[-46.8662785,-7.0325898],[-46.8845554,-7.0251613],[-46.8853671,-6.9899881],[-46.8554823,-6.982754],[-46.8645851,-6.9596982],[-46.852036,-6.9530139],[-46.8385638,-6.9300156],[-46.7604412,-6.9059804],[-46.7527551,-6.8886522],[-46.7404221,-6.8903067],[-46.73906,-6.8763437],[-46.7273679,-6.8781792],[-46.7321142,-6.8721292],[-46.7228391,-6.8612953],[-46.6969262,-6.8576034],[-46.6820843,-6.8388526],[-46.6614486,-6.8476012],[-46.6482227,-6.8309404],[-46.6217565,-6.8203497],[-46.5773594,-6.8144539],[-46.5259188,-6.8345104],[-46.4998332,-6.862723],[-46.4258051,-6.8644767],[-46.4160846,-6.8924585],[-46.4253956,-6.9038849],[-46.4172264,-6.9318751],[-46.3738098,-6.920329],[-46.3401733,-6.939397],[-46.4043493,-6.9985289],[-46.4510456,-7.0664507]]]}},{"type":"Feature","properties":{"level":"municipio","municipality_code":"2104081","municipality_name":"Fernando Falcão","uf":"MA","state_code":"21","area_km2":5086.591},"geometry":{"type":"Polygon","coordinates":[[[-45.2722767,-5.9970826],[-45.1823283,-5.8770758],[-45.0897061,-5.8525781],[-44.9248282,-5.7892273],[-44.9137976,-5.805514],[-44.9097359,-5.8332118],[-44.8463258,-5.9081363],[-44.8343762,-5.9439867],[-44.8465447,-5.9833363],[-44.7997424,-6.1177254],[-44.8141535,-6.124903],[-44.824768,-6.1433889],[-44.8499597,-6.1522465],[-44.8593786,-6.1641141],[-44.8669864,-6.1567693],[-44.874238,-6.1623846],[-44.86802,-6.1813375],[-44.8816329,-6.2056216],[-44.8935765,-6.2094249],[-44.9198489,-6.2936441],[-44.9489616,-6.3245364],[-44.9505178,-6.3357832],[-44.9856058,-6.3514314],[-45.0439648,-6.3442197],[-45.0735413,-6.3520265],[-45.0784646,-6.3375139],[-45.0725517,-6.3283433],[-45.0876574,-6.3244557],[-45.0900194,-6.3154342],[-45.1040157,-6.3231329],[-45.1401364,-6.3010498],[-45.1417945,-6.3080543],[-45.1646592,-6.3019604],[-45.174078,-6.3130122],[-45.1998568,-6.3199269],[-45.1980472,-6.3275109],[-45.2078298,-6.3305092],[-45.214129,-6.3172949],[-45.2194115,-6.3271789],[-45.2589964,-6.3477678],[-45.2798513,-6.3419041],[-45.2677966,-6.3619013],[-45.300824,-6.3743878],[-45.3027416,-6.3928303],[-45.326996,-6.3955369],[-45.3341018,-6.4078248],[-45.3761293,-6.4143021],[-45.3956009,-6.4315201],[-45.4211058,-6.4298976],[-45.4273846,-6.4226673],[-45.4671071,-6.4217564],[-45.4794958,-6.4286007],[-45.4977937,-6.4188628],[-45.5161013,-6.4367318],[-45.5434135,-6.4390004],[-45.5539668,-6.4528516],[-45.5872428,-6.4471711],[-45.5929963,-6.4605304],[-45.6283288,-6.4770382],[-45.7144015,-6.4683874],[-45.712885,-6.4893102],[-45.7299401,-6.5180272],[-45.7223953,-6.5298874],[-45.7391908,-6.5419491],[-45.7517551,-6.5675248],[-45.7616804,-6.5675092],[-45.7777846,-6.5890495],[-45.7940395,-6.5851853],[-45.8089486,-6.5972471],[-45.8406231,-6.600038],[-45.8219684,-6.3790184],[-45.8393776,-6.3016215],[-45.8291911,-6.2763276],[-45.8146593,-6.2738146],[-45.7919997,-6.2491742],[-45.7949948,-6.237286],[-45.7819982,-6.2323194],[-45.7626336,-6.2378068],[-45.7416445,-6.2023048],[-45.7057349,-6.1929857],[-45.6623848,-6.1664619],[-45.6603682,-6.151495],[-45.6153395,-6.1202441],[-45.613404,-6.1063156],[-45.5639938,-6.0797896],[-45.5566204,-6.0588209],[-45.5255823,-6.0218649],[-45.5246034,-6.0012088],[-45.4944742,-5.9902685],[-45.4647244,-5.9574689],[-45.4564994,-5.9613985],[-45.4311412,-5.9466178],[-45.4248932,-5.9505611],[-45.4115109,-5.9349175],[-45.4038882,-5.9415332],[-45.2998355,-5.9184408],[-45.2938587,-5.9240052],[-45.2989523,-5.9354833],[-45.2890135,-5.957505],[-45.2913803,-5.9705091],[-45.2722767,-5.9970826]]]}},{"type":"Feature","properties":{"level":"municipio","municipality_code":"2104099","municipality_name":"Formosa da Serra Negra","uf":"MA","state_code":"21","area_km2":3690.61},"geometry":{"type":"Polygon","coordinates":[[[-46.4509628,-6.2674426],[-46.0643084,-6.245063],[-46.0229155,-6.2639272],[-46.0006937,-6.2562279],[-45.9708091,-6.2589649],[-45.912025,-6.28657],[-45.8863508,-6.3437343],[-45.876662,-6.3457178],[-45.846966,-6.3303913],[-45.8393776,-6.3016215],[-45.8219684,-6.3790184],[-45.8406231,-6.600038],[-45.8500323,-6.6001573],[-45.8941601,-6.6439404],[-45.9260289,-6.6467509],[-45.9391727,-6.6379151],[-45.9803911,-6.6434684],[-45.9894388,-6.6348945],[-45.9898834,-6.6487966],[-45.9775841,-6.6542497],[-45.9913685,-6.6618822],[-45.991394,-6.6735536],[-46.0308704,-6.685063],[-46.0408868,-6.6950051],[-46.0548192,-6.6891423],[-46.0420937,-6.673551],[-46.0570156,-6.6720575],[-46.0529121,-6.6662749],[-46.0717832,-6.678206],[-46.0675103,-6.6851914],[-46.0772979,-6.6943859],[-46.0791085,-6.6846887],[-46.0881923,-6.6858929],[-46.0835421,-6.6834596],[-46.0849296,-6.6804935],[-46.1005509,-6.6829204],[-46.0911775,-6.6726295],[-46.1073781,-6.6721978],[-46.1059139,-6.6665839],[-46.1184272,-6.6750335],[-46.1194575,-6.6852513],[-46.1325197,-6.6881882],[-46.120882,-6.697122],[-46.1341152,-6.7203545],[-46.1425125,-6.7099255],[-46.1549508,-6.7120201],[-46.1510165,-6.767716],[-46.2122401,-6.7736777],[-46.2275807,-6.7498989],[-46.2388842,-6.7835222],[-46.231989,-6.7931847],[-46.2384239,-6.7951629],[-46.2480861,-6.8291037],[-46.240697,-6.8501425],[-46.2652132,-6.8426521],[-46.2763431,-6.8530298],[-46.2902467,-6.8510391],[-46.2959807,-6.856535],[-46.2918115,-6.8762924],[-46.3070736,-6.8885269],[-46.3022607,-6.9053854],[-46.3452942,-6.9124806],[-46.3625947,-6.9000701],[-46.3711535,-6.8785228],[-46.3637982,-6.8716078],[-46.3709592,-6.8423292],[-46.3907597,-6.8394252],[-46.3960407,-6.8262484],[-46.4066035,-6.8319988],[-46.4199354,-6.8129262],[-46.4511171,-6.7960174],[-46.4662681,-6.8123391],[-46.4648523,-6.2816202],[-46.4563311,-6.2831922],[-46.45803,-6.2713415],[-46.4509628,-6.2674426]]]}},{"type":"Feature","properties":{"level":"municipio","municipality_code":"2104107","municipality_name":"Fortaleza dos Nogueiras","uf":"MA","state_code":"21","area_km2":1853.406},"geometry":{"type":"Polygon","coordinates":[[[-46.2247521,-7.0368924],[-46.3417541,-6.9986162],[-46.4043493,-6.9985289],[-46.3022607,-6.9053854],[-46.3070736,-6.8885269],[-46.2918115,-6.8762924],[-46.2950544,-6.8540482],[-46.2763431,-6.8530298],[-46.2681494,-6.8428207],[-46.240697,-6.8501425],[-46.2480861,-6.8291037],[-46.2384239,-6.7951629],[-46.231989,-6.7931847],[-46.2388842,-6.7835222],[-46.2275807,-6.7498989],[-46.2122401,-6.7736777],[-46.1510165,-6.767716],[-46.1549508,-6.7120201],[-46.1425125,-6.7099255],[-46.1341152,-6.7203545],[-46.120882,-6.697122],[-46.1325197,-6.6881882],[-46.1194575,-6.6852513],[-46.1184272,-6.6750335],[-46.1059139,-6.6665839],[-46.1073781,-6.6721978],[-46.0911775,-6.6726295],[-46.1005509,-6.6829204],[-46.0849296,-6.6804935],[-46.0881923,-6.6858929],[-46.0791085,-6.6846887],[-46.0772979,-6.6943859],[-46.0675103,-6.6851914],[-46.0717832,-6.678206],[-46.0529121,-6.6662749],[-46.0570156,-6.6720575],[-46.0420937,-6.673551],[-46.0548192,-6.6891423],[-46.0408868,-6.6950051],[-46.0308704,-6.685063],[-45.991394,-6.6735536],[-45.9913685,-6.6618822],[-45.9775841,-6.6542497],[-45.9898834,-6.6487966],[-45.9894388,-6.6348945],[-45.9803911,-6.6434684],[-45.9285191,-6.6425849],[-45.9330334,-6.6601853],[-45.948077,-6.6740222],[-45.8508895,-6.721109],[-45.9122652,-6.7264813],[-45.9301832,-6.7176679],[-45.9445608,-6.7237344],[-45.954994,-6.7421763],[-45.9934473,-6.7744347],[-46.0035828,-6.8037813],[-46.0222103,-6.8094983],[-46.0271383,-6.8199076],[-46.00264,-6.8461925],[-46.0037539,-6.8655418],[-45.9926424,-6.8800093],[-45.9968595,-6.8931503],[-45.9843841,-6.9194408],[-45.9910316,-6.9220179],[-45.9788653,-6.9351273],[-45.9685716,-6.9337359],[-45.9710584,-6.941899],[-45.9433354,-6.948849],[-45.9313589,-6.9599391],[-45.9222821,-6.9481493],[-45.9055985,-6.9563233],[-45.8783548,-6.9414601],[-45.8535931,-6.94205],[-45.8488126,-6.9542858],[-45.828812,-6.9554473],[-45.8188112,-6.9729531],[-45.8504214,-7.0105798],[-45.9072768,-7.0565228],[-45.9197038,-7.0589237],[-45.9348849,-7.0462333],[-45.959112,-7.0507655],[-45.8703914,-7.2886043],[-46.0717953,-7.1598928],[-46.2247521,-7.0368924]]]}},{"type":"Feature","properties":{"level":"municipio","municipality_code":"2104206","municipality_name":"Fortuna","uf":"MA","state_code":"21","area_km2":835.668},"geometry":{"type":"Polygon","coordinates":[[[-43.9596173,-5.4979341],[-43.9795808,-5.4962493],[-44.0207102,-5.4165251],[-44.0283339,-5.4144499],[-44.025162,-5.3776041],[-43.8664936,-5.47371],[-43.8649207,-5.5041533],[-43.8167648,-5.5426521],[-43.8467963,-5.5749153],[-43.8865948,-5.5898397],[-43.8980795,-5.648722],[-43.91312,-5.652664],[-43.9499307,-5.7092478],[-43.971894,-5.7239053],[-43.9748933,-5.7389115],[-44.0243378,-5.7656995],[-44.0326905,-5.7925152],[-44.0935193,-5.8198463],[-44.0908807,-5.8397866],[-44.2325838,-5.7640595],[-44.2173946,-5.728013],[-44.2026442,-5.7159898],[-44.1841874,-5.716698],[-44.1623944,-5.7059208],[-44.1440238,-5.6713292],[-44.1142265,-5.6423166],[-44.0771447,-5.6291301],[-44.0590348,-5.6083723],[-44.0429572,-5.6091508],[-44.0191464,-5.5535604],[-44.0202003,-5.5208245],[-44.0086835,-5.5230928],[-43.9921989,-5.5083376],[-43.9792737,-5.5167664],[-43.9716163,-5.540218],[-43.9451094,-5.5450824],[-43.9420574,-5.5345822],[-43.9596173,-5.4979341]]]}},{"type":"Feature","properties":{"level":"municipio","municipality_code":"2104305","municipality_name":"Godofredo Viana","uf":"MA","state_code":"21","area_km2":725.707},"geometry":{"type":"MultiPolygon","coordinates":[[[[-45.8258122,-1.4188722],[-45.7978288,-1.3615622],[-45.8086278,-1.3413682],[-45.8019096,-1.3268058],[-45.812227,-1.3143589],[-45.8301083,-1.3146204],[-45.8264228,-1.3009267],[-45.8409188,-1.2962503],[-45.8472404,-1.2804084],[-45.8174565,-1.2626463],[-45.8130258,-1.2501355],[-45.7979232,-1.2532687],[-45.7795227,-1.2119922],[-45.780601,-1.1931654],[-45.7705006,-1.1988433],[-45.7642359,-1.1958438],[-45.7424287,-1.1406046],[-45.7235216,-1.1291686],[-45.7234376,-1.1099001],[-45.6909081,-1.1486673],[-45.7329876,-1.1996034],[-45.7380925,-1.2206683],[-45.7111824,-1.265743],[-45.6868796,-1.2722602],[-45.6480625,-1.2369722],[-45.6291321,-1.1239944],[-45.6191057,-1.1344711],[-45.6135664,-1.1629369],[-45.6178125,-1.18044],[-45.637696,-1.1964194],[-45.6439499,-1.2267732],[-45.633544,-1.2500456],[-45.6417237,-1.273204],[-45.6276985,-1.2839312],[-45.6108292,-1.2746106],[-45.6212792,-1.3080235],[-45.6167851,-1.3444968],[-45.6380428,-1.3721887],[-45.6638159,-1.3693592],[-45.6769133,-1.3782038],[-45.6676316,-1.3679568],[-45.6935685,-1.3702057],[-45.6971725,-1.3862479],[-45.6862463,-1.3972742],[-45.7038756,-1.3945119],[-45.7654837,-1.4445037],[-45.7758319,-1.5301518],[-45.7643302,-1.5632568],[-45.7844094,-1.580721],[-45.8116296,-1.5693751],[-45.8064951,-1.5838801],[-45.8130607,-1.5818335],[-45.8293111,-1.6110711],[-45.9350604,-1.5759356],[-45.9238348,-1.5648678],[-45.9131488,-1.5302258],[-45.9010586,-1.5175279],[-45.889947,-1.5242024],[-45.8729443,-1.4578668],[-45.8481058,-1.4279952],[-45.8258122,-1.4188722]]],[[[-45.6521729,-1.2345773],[-45.6490694,-1.2303217],[-45.6508821,-1.2347165],[-45.6521729,-1.2345773]]],[[[-45.6939645,-1.2634104],[-45.7094308,-1.2442837],[-45.7108797,-1.2279569],[-45.6880151,-1.1836537],[-45.674328,-1.1940417],[-45.6680478,-1.2436515],[-45.6740412,-1.2553244],[-45.6939645,-1.2634104]]],[[[-45.7734249,-1.1943634],[-45.7682922,-1.1910525],[-45.769021,-1.1962199],[-45.7734249,-1.1943634]]],[[[-45.604383,-1.159334],[-45.6106438,-1.1538077],[-45.6065066,-1.1501561],[-45.604383,-1.159334]]]]}},{"type":"Feature","properties":{"level":"municipio","municipality_code":"2104404","municipality_name":"Gonçalves Dias","uf":"MA","state_code":"21","area_km2":883.588},"geometry":{"type":"Polygon","coordinates":[[[-43.9599023,-5.0505],[-44.0026319,-5.1642752],[-44.0176809,-5.1663411],[-44.3067921,-5.3312682],[-44.3461909,-5.2776872],[-44.3582605,-5.2773057],[-44.3697916,-5.2236665],[-44.3409467,-5.195966],[-44.3621226,-5.1754808],[-44.3445784,-5.1624882],[-44.3488162,-5.1385344],[-44.3642932,-5.1434007],[-44.3686221,-5.1375052],[-44.352486,-5.1181353],[-44.3273572,-5.1158123],[-44.2772974,-5.0920031],[-44.2095895,-5.0948212],[-44.0347483,-4.9777147],[-44.0208194,-4.9800629],[-43.9870791,-5.0107323],[-43.983423,-5.0313261],[-43.9599023,-5.0505]]]}},{"type":"Feature","properties":{"level":"municipio","municipality_code":"2104503","municipality_name":"Governador Archer","uf":"MA","state_code":"21","area_km2":445.856},"geometry":{"type":"Polygon","coordinates":[[[-44.171012,-4.9106389],[-44.1465252,-4.9056594],[-44.1377049,-4.9120352],[-44.1205095,-4.9022526],[-44.1130967,-4.9105668],[-44.1180998,-4.9361278],[-44.1267239,-4.9345619],[-44.1436274,-4.9634391],[-44.1130181,-4.9699293],[-44.1084914,-4.9880817],[-44.0775127,-4.9853841],[-44.0663568,-4.9939074],[-44.2095895,-5.0948212],[-44.2772974,-5.0920031],[-44.3481501,-5.122754],[-44.3499605,-5.1102093],[-44.312448,-5.0241184],[-44.3066126,-4.9118775],[-44.2689661,-4.9130776],[-44.2658839,-4.9257565],[-44.2590556,-4.9256053],[-44.2433964,-4.9065644],[-44.217221,-4.9076115],[-44.2088168,-4.8836266],[-44.1941719,-4.8790152],[-44.1718755,-4.8926989],[-44.1663343,-4.9007312],[-44.171012,-4.9106389]]]}},{"type":"Feature","properties":{"level":"municipio","municipality_code":"2104552","municipality_name":"Governador Edison Lobão","uf":"MA","state_code":"21","area_km2":615.957},"geometry":{"type":"Polygon","coordinates":[[[-47.389211,-5.6445412],[-47.370527,-5.6393833],[-47.3548294,-5.6486027],[-47.325203,-5.6388867],[-47.302918,-5.6590342],[-47.1165314,-5.6542068],[-47.0858607,-5.6710582],[-47.1345666,-5.7294725],[-47.169582,-5.7385679],[-47.2007883,-5.7741718],[-47.221894,-5.7701921],[-47.2288339,-5.7758019],[-47.2315958,-5.7674777],[-47.2493465,-5.7631317],[-47.2420905,-5.7702079],[-47.2598086,-5.7758414],[-47.2921173,-5.7659805],[-47.2940158,-5.7754178],[-47.3093153,-5.7831394],[-47.3176251,-5.776241],[-47.3141189,-5.7836797],[-47.3276224,-5.7856026],[-47.316122,-5.8013853],[-47.3369566,-5.8065708],[-47.356785,-5.8259],[-47.3645699,-5.818922],[-47.3634821,-5.826176],[-47.3753676,-5.8290827],[-47.3837845,-5.8089487],[-47.3953681,-5.8267367],[-47.3990883,-5.8120364],[-47.4087002,-5.8148539],[-47.4114222,-5.826016],[-47.4204046,-5.8186641],[-47.429455,-5.8330085],[-47.4422786,-5.8307859],[-47.4933745,-5.7305307],[-47.4930942,-5.7100384],[-47.4737045,-5.6619797],[-47.4796891,-5.6217093],[-47.4522028,-5.6319538],[-47.4382005,-5.6287883],[-47.4345371,-5.6437768],[-47.4209509,-5.6374889],[-47.389211,-5.6445412]]]}},{"type":"Feature","properties":{"level":"municipio","municipality_code":"2104602","municipality_name":"Governador Eugênio Barros","uf":"MA","state_code":"21","area_km2":647.015},"geometry":{"type":"Polygon","coordinates":[[[-44.0975005,-5.4568892],[-44.1634859,-5.4603323],[-44.1605644,-5.4463605],[-44.1768099,-5.4530788],[-44.1807724,-5.4454046],[-44.1880164,-5.4524905],[-44.1859561,-5.4634541],[-44.2069422,-5.4642162],[-44.3067921,-5.3312682],[-44.1308773,-5.2297295],[-44.0951269,-5.3494429],[-44.0513921,-5.3303407],[-44.0433135,-5.3166869],[-44.0122808,-5.3121516],[-43.9517904,-5.3318697],[-43.9090371,-5.3189326],[-43.872171,-5.321121],[-43.8848771,-5.3419903],[-43.8765678,-5.3713285],[-43.8834622,-5.3869696],[-43.8597437,-5.432116],[-43.8739348,-5.4544983],[-43.8692623,-5.4732688],[-44.0293487,-5.3740818],[-44.0424213,-5.3883231],[-44.0501958,-5.3848044],[-44.0539475,-5.4054768],[-44.0406523,-5.4138958],[-44.072032,-5.4285069],[-44.0678674,-5.4574811],[-44.0768643,-5.4670868],[-44.0975005,-5.4568892]]]}},{"type":"Feature","properties":{"level":"municipio","municipality_code":"2104628","municipality_name":"Governador Luiz Rocha","uf":"MA","state_code":"21","area_km2":401.587},"geometry":{"type":"Polygon","coordinates":[[[-44.0678674,-5.4574811],[-44.0711884,-5.4274665],[-44.0406523,-5.4138958],[-44.0539475,-5.4054768],[-44.0501958,-5.3848044],[-44.0424213,-5.3883231],[-44.0293487,-5.3740818],[-44.0283339,-5.4144499],[-44.0207102,-5.4165251],[-43.9795808,-5.4962493],[-43.9596173,-5.4979341],[-43.9420574,-5.5345822],[-43.9451094,-5.5450824],[-43.9716163,-5.540218],[-43.9792737,-5.5167664],[-43.9921989,-5.5083376],[-44.0086835,-5.5230928],[-44.0202003,-5.5208245],[-44.0191464,-5.5535604],[-44.0429572,-5.6091508],[-44.0590348,-5.6083723],[-44.0771447,-5.6291301],[-44.1142265,-5.6423166],[-44.1440238,-5.6713292],[-44.164511,-5.7076393],[-44.1825687,-5.6767722],[-44.1828444,-5.6609274],[-44.1375919,-5.6154076],[-44.1228831,-5.5887326],[-44.1444291,-5.5521185],[-44.1445637,-5.5186596],[-44.1589188,-5.5215648],[-44.1972245,-5.5551794],[-44.2124448,-5.4663956],[-44.1859561,-5.4634541],[-44.1880164,-5.4524905],[-44.1807724,-5.4454046],[-44.1768099,-5.4530788],[-44.1637956,-5.4441193],[-44.1609225,-5.4610644],[-44.1325399,-5.4535595],[-44.1226553,-5.4612763],[-44.0975005,-5.4568892],[-44.0782301,-5.467835],[-44.0678674,-5.4574811]]]}},{"type":"Feature","properties":{"level":"municipio","municipality_code":"2104651","municipality_name":"Governador Newton Bello","uf":"MA","state_code":"21","area_km2":1144.146},"geometry":{"type":"Polygon","coordinates":[[[-46.26423478923749,-3.3194831640471176],[-46.2516288,-3.3190825],[-46.1970083,-3.362948],[-46.0606462,-3.3631064],[-46.020769,-3.3780156],[-45.9959686,-3.3676365],[-45.9759105,-3.3734057],[-45.9414014,-3.365771],[-45.9093931,-3.3786631],[-45.8785424,-3.3159649],[-45.7986686,-3.3355309],[-45.6602131,-3.3386673],[-45.5700492,-3.4537537],[-45.5452769,-3.4702867],[-45.5416882,-3.487975],[-46.2734898,-3.4857936],[-46.2624389,-3.4673047],[-46.2919383,-3.4335301],[-46.273805,-3.4241319],[-46.2801247,-3.340997],[-46.26423478923749,-3.3194831640471176]]]}},{"type":"Feature","properties":{"level":"municipio","municipality_code":"2104677","municipality_name":"Governador Nunes Freire","uf":"MA","state_code":"21","area_km2":1049.208},"geometry":{"type":"Polygon","coordinates":[[[-45.713864,-1.9441767],[-45.6911919,-1.9701449],[-45.6857168,-1.988018],[-45.6824643,-2.042255],[-45.6747459,-2.0580929],[-45.6862622,-2.0910644],[-45.6624028,-2.1112154],[-45.6644815,-2.1299896],[-45.6522056,-2.1334783],[-45.6574614,-2.1456993],[-45.6510137,-2.1643594],[-45.6333759,-2.178458],[-45.6385225,-2.1972545],[-45.7096485,-2.2437535],[-45.7411751,-2.191119],[-45.8004411,-2.1532878],[-45.8637826,-2.1817685],[-45.9467084,-2.204588],[-45.9354176,-2.2512959],[-45.998196,-2.273674],[-45.9967794,-2.2254482],[-46.0052736,-2.2126453],[-45.9924108,-2.172606],[-46.0020755,-2.1689936],[-45.9981441,-2.1574336],[-45.9848622,-2.1510673],[-45.9839143,-2.1176821],[-45.9699712,-2.087919],[-45.9258339,-2.0430038],[-45.9232034,-2.0260187],[-45.9174641,-2.0277864],[-45.9105576,-2.0141563],[-45.9246489,-1.9908901],[-45.910362,-1.9762272],[-45.907478,-1.934008],[-45.8960733,-1.9361162],[-45.8976678,-1.921403],[-45.8905828,-1.916377],[-45.8941879,-1.895961],[-45.8803845,-1.8690116],[-45.8724471,-1.8008266],[-45.8674924,-1.8122062],[-45.8167623,-1.8359612],[-45.7863932,-1.9071433],[-45.713864,-1.9441767]]]}},{"type":"Feature","properties":{"level":"municipio","municipality_code":"2104800","municipality_name":"Grajaú","uf":"MA","state_code":"21","area_km2":8861.718},"geometry":{"type":"Polygon","coordinates":[[[-46.0690875,-6.246305],[-46.4509628,-6.2674426],[-46.45803,-6.2713415],[-46.4563311,-6.2831922],[-46.4648523,-6.2816202],[-46.4695525,-5.7511017],[-46.4574229,-5.7386764],[-46.4503601,-5.7415706],[-46.4376949,-5.7243329],[-46.4061936,-5.7242153],[-46.3818868,-5.6978965],[-46.3750313,-5.6771336],[-46.3490315,-5.6783717],[-46.3433639,-5.6680158],[-46.3322219,-5.6663038],[-46.3297554,-5.3329775],[-46.3130784,-5.3459049],[-46.3078669,-5.3615068],[-46.2365075,-5.346266],[-46.2053043,-5.3257659],[-46.1953535,-5.2791735],[-46.1871539,-5.2707569],[-46.1696826,-5.2794245],[-46.1460622,-5.2778325],[-46.1418985,-5.2843789],[-46.1130429,-5.2775632],[-46.0974501,-5.2922525],[-46.0645549,-5.293772],[-46.0464124,-5.3032632],[-46.0209869,-5.2956547],[-45.9970135,-5.3053305],[-45.9993501,-5.2928879],[-45.9856399,-5.2893814],[-45.945928,-5.3123936],[-45.9388049,-5.3038924],[-45.9319999,-5.307209],[-45.9433313,-5.3228876],[-45.9735713,-5.3380881],[-45.9864354,-5.332268],[-45.9874874,-5.3557273],[-46.00165,-5.362196],[-45.885854,-5.4437647],[-45.8407996,-5.4120163],[-45.8420819,-5.4015044],[-45.7989797,-5.4487017],[-45.740131,-5.4025849],[-45.7105969,-5.5900248],[-45.6080409,-5.7762464],[-45.5980949,-5.770726],[-45.5934602,-5.74596],[-45.5760168,-5.7291969],[-45.3758441,-5.9325919],[-45.4038882,-5.9415332],[-45.4115109,-5.9349175],[-45.4248932,-5.9505611],[-45.4311412,-5.9466178],[-45.4564994,-5.9613985],[-45.4647244,-5.9574689],[-45.4944742,-5.9902685],[-45.5246034,-6.0012088],[-45.5255823,-6.0218649],[-45.5566204,-6.0588209],[-45.5639938,-6.0797896],[-45.613404,-6.1063156],[-45.6153395,-6.1202441],[-45.6603682,-6.151495],[-45.6599022,-6.1628625],[-45.6763829,-6.1762924],[-45.7416445,-6.2023048],[-45.7555924,-6.2339677],[-45.7949948,-6.237286],[-45.7898331,-6.2440039],[-45.8006346,-6.2602672],[-45.8314154,-6.2795511],[-45.8417483,-6.3236596],[-45.8756093,-6.3454069],[-45.8863508,-6.3437343],[-45.9030505,-6.2952413],[-45.9147211,-6.2846474],[-45.9708091,-6.2589649],[-46.0006937,-6.2562279],[-46.0229155,-6.2639272],[-46.0690875,-6.246305]]]}},{"type":"Feature","properties":{"level":"municipio","municipality_code":"2104701","municipality_name":"Graça Aranha","uf":"MA","state_code":"21","area_km2":271.445},"geometry":{"type":"Polygon","coordinates":[[[-44.3322905,-5.4618089],[-44.3427607,-5.4745986],[-44.3549433,-5.4584311],[-44.3784715,-5.4701403],[-44.389664,-5.4646225],[-44.4274829,-5.4707389],[-44.428954,-5.4489779],[-44.4008216,-5.445782],[-44.4072119,-5.4180862],[-44.3986004,-5.387509],[-44.3695824,-5.3761865],[-44.3714176,-5.3672058],[-44.3835038,-5.3662937],[-44.3626838,-5.3545391],[-44.3582501,-5.325683],[-44.3453787,-5.3118668],[-44.3565324,-5.2765185],[-44.3461909,-5.2776872],[-44.2069422,-5.4642162],[-44.2224613,-5.4627005],[-44.2364252,-5.474044],[-44.249317,-5.5008452],[-44.2847655,-5.5060644],[-44.2976798,-5.5021898],[-44.3082365,-5.4764299],[-44.3322905,-5.4618089]]]}},{"type":"Feature","properties":{"level":"municipio","municipality_code":"2104909","municipality_name":"Guimarães","uf":"MA","state_code":"21","area_km2":478.857},"geometry":{"type":"MultiPolygon","coordinates":[[[[-44.5798042,-2.1444859],[-44.5939511,-2.1800448],[-44.6333877,-2.2278787],[-44.6836729,-2.2561427],[-44.6776803,-2.2804923],[-44.6880714,-2.2874644],[-44.7189316,-2.272808],[-44.7612151,-2.2707248],[-44.7551295,-2.2582596],[-44.7399254,-2.2609616],[-44.7324559,-2.2503899],[-44.7558017,-2.2443151],[-44.781082,-2.2499894],[-44.7989437,-2.2222874],[-44.786769,-2.2036287],[-44.7822684,-2.1672746],[-44.7518614,-2.1368232],[-44.7540645,-2.1197976],[-44.7212922,-2.0840799],[-44.7213185,-2.0750379],[-44.6519373,-2.0624945],[-44.6380262,-2.0445006],[-44.6281095,-2.0467867],[-44.6275372,-2.0374746],[-44.621356,-2.04296],[-44.6159153,-2.0351234],[-44.588704,-2.037942],[-44.567183,-2.021718],[-44.5334226,-2.0362591],[-44.4972667,-2.0253008],[-44.4869282,-2.0452654],[-44.5350062,-2.0852696],[-44.5524568,-2.0890174],[-44.566719,-2.1256263],[-44.5880929,-2.1342264],[-44.5798042,-2.1444859]]],[[[-44.4831567,-2.0787296],[-44.469685,-2.0679644],[-44.4655551,-2.0708369],[-44.4678911,-2.0771177],[-44.4831567,-2.0787296]]]]}},{"type":"Feature","properties":{"level":"municipio","municipality_code":"2105005","municipality_name":"Humberto de Campos","uf":"MA","state_code":"21","area_km2":1714.625},"geometry":{"type":"MultiPolygon","coordinates":[[[[-43.4501993,-2.6213151],[-43.4344483,-2.6325324],[-43.4441166,-2.6908701],[-43.4395541,-2.7297679],[-43.4467299,-2.745358],[-43.4381891,-2.7773094],[-43.4615962,-2.832837],[-43.4592801,-2.8767581],[-43.4551008,-2.8966722],[-43.4215882,-2.900597],[-43.4217827,-2.9398477],[-43.4499212,-2.9796202],[-43.4869558,-2.9891517],[-43.5011608,-3.0175289],[-43.5228181,-3.0165744],[-43.5461303,-3.0039701],[-43.5511279,-3.0216034],[-43.5713136,-3.0381129],[-43.7455257,-2.6375055],[-43.6900069,-2.6039935],[-43.6831797,-2.5846695],[-43.6879251,-2.5688459],[-43.7062703,-2.5656621],[-43.7001231,-2.5512763],[-43.7122124,-2.5224542],[-43.6968278,-2.5149309],[-43.6876406,-2.5185874],[-43.651599,-2.481822],[-43.6479843,-2.4959753],[-43.6262012,-2.5102068],[-43.6149296,-2.5081318],[-43.5797943,-2.4586428],[-43.5717588,-2.4762946],[-43.5988442,-2.4993542],[-43.5786058,-2.5061354],[-43.5580885,-2.4798874],[-43.5527682,-2.4433006],[-43.5374497,-2.4219104],[-43.5241442,-2.4189521],[-43.5115685,-2.4380628],[-43.5209629,-2.4546667],[-43.5086778,-2.4761151],[-43.4617327,-2.486414],[-43.4495032,-2.5591015],[-43.4420354,-2.5667618],[-43.4623553,-2.5929405],[-43.4443041,-2.6052052],[-43.4501993,-2.6213151]]],[[[-43.6809737,-2.5067943],[-43.678918,-2.5064889],[-43.6808204,-2.5084677],[-43.6809737,-2.5067943]]],[[[-43.464433,-2.484658],[-43.4735114,-2.4737764],[-43.4703629,-2.470234],[-43.464433,-2.484658]]],[[[-43.5416555,-2.378985],[-43.5667993,-2.4251846],[-43.6013324,-2.4128642],[-43.6130809,-2.3817919],[-43.598341,-2.3668571],[-43.558058,-2.3554962],[-43.542093,-2.3606025],[-43.5416555,-2.378985]]],[[[-43.5063247,-2.4043397],[-43.5372177,-2.4056358],[-43.5247964,-2.3700958],[-43.5066243,-2.3839978],[-43.5063247,-2.4043397]]],[[[-43.6095972,-2.2544092],[-43.5935612,-2.2872311],[-43.6235881,-2.3031106],[-43.6288315,-2.3582626],[-43.6452069,-2.4027164],[-43.6862242,-2.3973098],[-43.710462,-2.4271639],[-43.7297881,-2.4244107],[-43.7412236,-2.4351198],[-43.7566755,-2.4279044],[-43.7582543,-2.4080823],[-43.7260459,-2.3836694],[-43.7281177,-2.3604775],[-43.739594,-2.3503498],[-43.7218633,-2.3220543],[-43.7203589,-2.2913901],[-43.6330443,-2.2519233],[-43.6095972,-2.2544092]]]]}},{"type":"Feature","properties":{"level":"municipio","municipality_code":"2105104","municipality_name":"Icatu","uf":"MA","state_code":"21","area_km2":1124.446},"geometry":{"type":"MultiPolygon","coordinates":[[[[-43.8964563,-2.5575875],[-43.8911662,-2.5354441],[-43.8763226,-2.5183053],[-43.848421,-2.5073133],[-43.8421589,-2.4486542],[-43.8314935,-2.4401569],[-43.8394783,-2.4185865],[-43.8027405,-2.39073],[-43.7915997,-2.394083],[-43.8084173,-2.4383975],[-43.7983976,-2.4395976],[-43.7619386,-2.4187407],[-43.7412236,-2.4351198],[-43.760094,-2.4658732],[-43.776929,-2.4747579],[-43.7678236,-2.4939081],[-43.7466075,-2.4935863],[-43.7228824,-2.4746882],[-43.7096595,-2.4873877],[-43.6954534,-2.4843487],[-43.7032525,-2.5073726],[-43.6970011,-2.5156901],[-43.7127572,-2.5248409],[-43.7049205,-2.5284684],[-43.7081282,-2.538809],[-43.7001231,-2.5512763],[-43.7062703,-2.5656621],[-43.6879251,-2.5688459],[-43.6831797,-2.5846695],[-43.6900069,-2.6039935],[-43.7455257,-2.6375055],[-43.7450617,-2.8078101],[-44.0713709,-2.8062146],[-44.0672672,-2.7798914],[-44.0788214,-2.7438092],[-44.0260471,-2.6565299],[-44.003944,-2.6381525],[-43.9565437,-2.621532],[-43.9312195,-2.5616223],[-43.9158944,-2.554427],[-43.8964563,-2.5575875]]],[[[-43.7108963,-2.4834555],[-43.7101992,-2.4849235],[-43.7108925,-2.4851836],[-43.7108963,-2.4834555]]],[[[-43.8536472,-2.4731696],[-43.8537434,-2.4693306],[-43.8520563,-2.4690448],[-43.8536472,-2.4731696]]],[[[-43.8510387,-2.4655702],[-43.8517001,-2.4682037],[-43.8508691,-2.4635873],[-43.8510387,-2.4655702]]],[[[-43.8558387,-2.4481318],[-43.8552852,-2.4498894],[-43.8567426,-2.449745],[-43.8558387,-2.4481318]]],[[[-43.8460296,-2.4275241],[-43.8555472,-2.4425347],[-43.8702753,-2.4455008],[-43.8505359,-2.4268712],[-43.8530283,-2.4205643],[-43.8460296,-2.4275241]]],[[[-43.7885639,-2.4158527],[-43.7890285,-2.4151928],[-43.7881618,-2.4151665],[-43.7885639,-2.4158527]]],[[[-43.7587123,-2.3777321],[-43.7753544,-2.4075027],[-43.7884069,-2.4147226],[-43.7805559,-2.3933286],[-43.7869607,-2.3774446],[-43.7706319,-2.3692636],[-43.7587123,-2.3777321]]]]}},{"type":"Feature","properties":{"level":"municipio","municipality_code":"2105203","municipality_name":"Igarapé Grande","uf":"MA","state_code":"21","area_km2":346.218},"geometry":{"type":"Polygon","coordinates":[[[-44.7553482,-4.7113293],[-44.9507574,-4.6929709],[-44.9286094,-4.6612787],[-44.9028755,-4.6452812],[-44.9035764,-4.6265728],[-44.8915409,-4.6196699],[-44.8988533,-4.5998488],[-44.8914604,-4.583193],[-44.8723343,-4.5786573],[-44.8513512,-4.5477564],[-44.8475147,-4.5154303],[-44.8362588,-4.5011919],[-44.8460647,-4.482154],[-44.8578538,-4.4771471],[-44.8480087,-4.4744412],[-44.8535285,-4.4656097],[-44.8486611,-4.4564126],[-44.7476527,-4.4546809],[-44.7476142,-4.5664056],[-44.8019938,-4.5691443],[-44.7984284,-4.6080386],[-44.7553482,-4.7113293]]]}},{"type":"Feature","properties":{"level":"municipio","municipality_code":"2105153","municipality_name":"Igarapé do Meio","uf":"MA","state_code":"21","area_km2":368.704},"geometry":{"type":"Polygon","coordinates":[[[-45.0009766,-3.5820624],[-45.0499651,-3.7248439],[-45.0586754,-3.7096838],[-45.0647431,-3.7171244],[-45.0821668,-3.7140206],[-45.0772825,-3.7193444],[-45.0883842,-3.7225729],[-45.0884523,-3.7342405],[-45.099663,-3.7284099],[-45.1114358,-3.7488539],[-45.1369372,-3.7285725],[-45.2882213,-3.7182007],[-45.2823192,-3.6982317],[-45.2625099,-3.6889942],[-45.2511694,-3.6939773],[-45.2264883,-3.6447785],[-45.2021689,-3.6266598],[-45.1633147,-3.6145917],[-45.1623493,-3.6049365],[-45.1309391,-3.5883237],[-45.1241059,-3.5686929],[-45.1060272,-3.5575679],[-45.0580803,-3.5722967],[-45.0206956,-3.5723055],[-45.0009766,-3.5820624]]]}},{"type":"Feature","properties":{"level":"municipio","municipality_code":"2105302","municipality_name":"Imperatriz","uf":"MA","state_code":"21","area_km2":1369.039},"geometry":{"type":"Polygon","coordinates":[[[-47.4832614,-5.5648989],[-47.5001205,-5.5256048],[-47.5553694,-5.4657353],[-47.580509,-5.4700166],[-47.6186197,-5.4597262],[-47.6667723,-5.4217873],[-47.7443137,-5.3801324],[-47.8275409,-5.3865882],[-47.8437594,-5.3762087],[-47.8676241,-5.3428159],[-47.8666881,-5.3053137],[-47.8602318,-5.3229199],[-47.8422277,-5.3331418],[-47.8191266,-5.3261312],[-47.7528409,-5.2497016],[-47.7393407,-5.2466339],[-47.7263863,-5.2290604],[-47.7052667,-5.2354257],[-47.6867043,-5.1562515],[-47.6614069,-5.1680361],[-47.6444647,-5.1608029],[-47.6066764,-5.1639501],[-47.5509825,-5.1545117],[-47.5387474,-5.1561798],[-47.526591,-5.1774247],[-47.5154657,-5.1556679],[-47.5150995,-5.1288599],[-47.5093889,-5.1316482],[-47.4842674,-5.1768002],[-47.4670879,-5.1810541],[-47.431125,-5.2212547],[-47.4094171,-5.2167865],[-47.41573,-5.2341477],[-47.3817523,-5.2722834],[-47.3640415,-5.2587728],[-47.3714859,-5.2799679],[-47.3981873,-5.293384],[-47.4126853,-5.3101904],[-47.4101962,-5.3188023],[-47.4312484,-5.3330476],[-47.4177886,-5.4641996],[-47.3950146,-5.4919041],[-47.4250921,-5.5221339],[-47.4407381,-5.578455],[-47.3958621,-5.645352],[-47.4209509,-5.6374889],[-47.4345371,-5.6437768],[-47.4382005,-5.6287883],[-47.4522028,-5.6319538],[-47.4796891,-5.6217093],[-47.4832614,-5.5648989]]]}},{"type":"Feature","properties":{"level":"municipio","municipality_code":"2105351","municipality_name":"Itaipava do Grajaú","uf":"MA","state_code":"21","area_km2":1244.398},"geometry":{"type":"Polygon","coordinates":[[[-45.8655093,-5.2341762],[-45.8548776,-5.2048729],[-45.8486283,-5.2113869],[-45.8221773,-5.1894166],[-45.8132479,-5.1636936],[-45.7935191,-5.1532711],[-45.799273,-5.1277753],[-45.7688369,-5.1129763],[-45.7522439,-5.0757793],[-45.7381017,-5.0770057],[-45.7229182,-5.0449272],[-45.7096614,-5.0469993],[-45.6581226,-5.0253502],[-45.647102,-5.0040817],[-45.6300401,-5.0022331],[-45.6199335,-4.9877802],[-45.2798475,-5.0552767],[-45.3118299,-5.078678],[-45.3484599,-5.0801866],[-45.3455426,-5.0960386],[-45.3291585,-5.0954628],[-45.3299934,-5.1250527],[-45.3151348,-5.1343365],[-45.314096,-5.1636712],[-45.3265586,-5.1768933],[-45.334662,-5.2053482],[-45.3401656,-5.2069984],[-45.3326046,-5.1932985],[-45.3439417,-5.157161],[-45.3732233,-5.1399988],[-45.4378747,-5.1220738],[-45.439838,-5.1115606],[-45.4831056,-5.0695071],[-45.4862045,-5.0551379],[-45.5323042,-5.1912249],[-45.6184764,-5.1538946],[-45.6842698,-5.1795836],[-45.7430071,-5.2830937],[-45.7757949,-5.2827842],[-45.8098077,-5.3107997],[-45.740131,-5.4025849],[-45.7989797,-5.4487017],[-45.8420819,-5.4015044],[-45.8407996,-5.4120163],[-45.885854,-5.4437647],[-46.00165,-5.362196],[-45.9874874,-5.3557273],[-45.9864354,-5.332268],[-45.9735713,-5.3380881],[-45.9325828,-5.312896],[-45.9315102,-5.286847],[-45.915924,-5.2819833],[-45.9055744,-5.2547982],[-45.8873659,-5.2487126],[-45.8857864,-5.2384963],[-45.8729014,-5.2303575],[-45.8655093,-5.2341762]]]}},{"type":"Feature","properties":{"level":"municipio","municipality_code":"2105401","municipality_name":"Itapecuru Mirim","uf":"MA","state_code":"21","area_km2":1480.641},"geometry":{"type":"Polygon","coordinates":[[[-44.3979089,-3.5379737],[-44.4064521,-3.5109312],[-44.3850993,-3.474658],[-44.3904027,-3.4415711],[-44.4001004,-3.4598245],[-44.4704836,-3.4852636],[-44.5005653,-3.4659636],[-44.521714,-3.471546],[-44.5566994,-3.4540419],[-44.5844276,-3.4512437],[-44.5357385,-3.3995671],[-44.4933714,-3.334644],[-44.492043,-3.3038508],[-44.4785489,-3.3155942],[-44.4541883,-3.2843793],[-44.4684623,-3.2641451],[-44.4442222,-3.2715988],[-44.4221682,-3.2432525],[-44.4351837,-3.2357124],[-44.4428543,-3.2189318],[-44.4223866,-3.2044825],[-44.4109227,-3.2132028],[-44.4006799,-3.2067935],[-44.3846995,-3.2228584],[-44.3703772,-3.2222598],[-44.3646692,-3.238788],[-44.3556964,-3.236452],[-44.3559468,-3.2507163],[-44.3369626,-3.2545883],[-44.3331824,-3.2644087],[-44.2963316,-3.2680265],[-44.2930537,-3.287618],[-44.2620487,-3.2895817],[-44.2427962,-3.30847],[-44.2090868,-3.2532436],[-44.1699157,-3.2671957],[-44.1025452,-3.2534794],[-44.1028597,-3.243549],[-44.1178235,-3.2290951],[-44.0647887,-3.1874674],[-44.0385595,-3.3355564],[-44.0573519,-3.3641437],[-44.0685817,-3.4565778],[-44.0848435,-3.4745562],[-44.0943167,-3.5221995],[-44.0877792,-3.5363683],[-44.3979089,-3.5379737]]]}},{"type":"Feature","properties":{"level":"municipio","municipality_code":"2105427","municipality_name":"Itinga do Maranhão","uf":"MA","state_code":"21","area_km2":3583.423},"geometry":{"type":"Polygon","coordinates":[[[-47.3462199,-4.1831714],[-47.3425365,-4.1481153],[-47.3497521,-4.1418742],[-47.3432916,-4.1261586],[-47.3506436,-4.1152714],[-47.3456021,-4.1000753],[-47.331407,-4.0914251],[-47.3332259,-4.0756091],[-47.3194243,-4.0477745],[-47.3050624,-4.0588303],[-47.2772401,-4.0305848],[-47.2674047,-4.0334596],[-47.2667089,-4.0246943],[-47.2446744,-4.0122411],[-47.2389286,-3.9986308],[-47.2226556,-4.0013017],[-47.2199759,-3.9881725],[-47.2044741,-3.9883154],[-47.2017392,-3.9735689],[-47.1973634,-3.9854039],[-47.1902562,-3.9837047],[-47.1928091,-3.968843],[-47.178427,-3.9608973],[-47.1837325,-3.9476451],[-47.1692559,-3.9434392],[-47.1731461,-3.9238234],[-47.1484961,-3.9144898],[-47.1487106,-3.8969047],[-47.1389302,-3.9043068],[-47.1324381,-3.8995732],[-47.1325407,-3.878654],[-47.1066248,-3.8809428],[-47.101859,-3.8613482],[-47.0852051,-3.85664],[-47.0794199,-3.8439199],[-47.0866835,-3.8249027],[-47.0789638,-3.8269424],[-47.0726175,-3.8178624],[-47.0757468,-3.8040095],[-47.0632411,-3.7988846],[-47.0592154,-3.7844425],[-47.0646939,-3.7777592],[-47.0557157,-3.7735356],[-47.0652734,-3.759364],[-47.0535827,-3.7477694],[-47.0608495,-3.729763],[-47.048124,-3.7188775],[-47.0462808,-3.706451],[-47.0545252,-3.6850054],[-47.0370187,-3.6679661],[-47.0488903,-3.6686461],[-47.0527135,-3.6631797],[-47.0459106,-3.6576365],[-47.0561686,-3.6556931],[-47.0555782,-3.6466993],[-47.0400751,-3.6441068],[-47.0447674,-3.6333836],[-47.0523393,-3.6353871],[-47.0486239,-3.6196293],[-47.0290318,-3.6040461],[-47.0235309,-3.6262279],[-47.0330241,-3.643416],[-47.0242342,-3.6708529],[-47.0294911,-3.6821629],[-46.996769,-3.705343],[-46.996774,-3.717977],[-46.9950335,-3.7143983],[-46.9926434,-3.713452],[-46.9770704,-3.7341745],[-46.9803975,-3.7461755],[-46.9732086,-3.7503088],[-46.9720638,-3.7672875],[-46.9510416,-3.799226],[-46.9561947,-3.8051353],[-46.9473049,-3.8552853],[-46.9360663,-3.8795415],[-46.9450352,-3.9234958],[-46.9182145,-3.998849],[-46.912258,-4.05956],[-46.916196,-4.0772193],[-46.9271035,-4.0866471],[-46.9484847,-4.0806546],[-46.961956,-4.0908546],[-46.964381,-4.112722],[-47.0101948,-4.1746904],[-47.0296857,-4.2204608],[-47.0901271,-4.2416109],[-47.100979,-4.2651077],[-47.1260613,-4.2839866],[-47.1385176,-4.3186386],[-47.1877549,-4.3886775],[-47.2219984,-4.4253258],[-47.2440153,-4.4320038],[-47.2537233,-4.5073119],[-47.2249068,-4.6007503],[-47.2299875,-4.6365552],[-47.2913908,-4.7028726],[-47.3381549,-4.6912714],[-47.3355075,-4.6794546],[-47.3750831,-4.6659591],[-47.3893206,-4.6575276],[-47.3876392,-4.6511019],[-47.4454336,-4.6352707],[-47.4683418,-4.6493951],[-47.4953468,-4.6521827],[-47.4952919,-4.7009249],[-47.5745252,-4.7072837],[-47.6153326,-4.7020024],[-47.6461344,-4.7276495],[-47.6557861,-4.7147556],[-47.6745821,-4.7118932],[-47.6944217,-4.7244],[-47.7019096,-4.7162714],[-47.6992241,-4.700405],[-47.6863635,-4.6908432],[-47.6932619,-4.6505033],[-47.6826638,-4.6396716],[-47.6802563,-4.6090018],[-47.6119419,-4.5573579],[-47.5835668,-4.5229601],[-47.5637242,-4.4745575],[-47.5315877,-4.4454634],[-47.4763146,-4.3564394],[-47.4826936,-4.3481515],[-47.4747342,-4.3150435],[-47.4420493,-4.2874251],[-47.4292577,-4.2868406],[-47.4296713,-4.2762003],[-47.4175198,-4.2784109],[-47.3886386,-4.2498793],[-47.3720678,-4.246034],[-47.3791525,-4.2211365],[-47.3703458,-4.2192148],[-47.367883,-4.194196],[-47.3602668,-4.1913721],[-47.3658287,-4.18064],[-47.3531376,-4.1767818],[-47.3462199,-4.1831714]]]}},{"type":"Feature","properties":{"level":"municipio","municipality_code":"2105450","municipality_name":"Jatobá","uf":"MA","state_code":"21","area_km2":591.637},"geometry":{"type":"Polygon","coordinates":[[[-44.4983958,-5.8009953],[-44.2325838,-5.7640595],[-44.0902106,-5.8439744],[-44.1017786,-5.8528181],[-44.1067064,-5.8722475],[-44.1234814,-5.8654973],[-44.1312891,-5.8878549],[-44.1583086,-5.9127058],[-44.2662771,-5.9545089],[-44.2953411,-5.9246206],[-44.3936856,-5.9051821],[-44.4396708,-5.9201962],[-44.4673588,-5.9013347],[-44.4770338,-5.8814028],[-44.4698138,-5.8670056],[-44.4743834,-5.8529567],[-44.4568994,-5.828271],[-44.4983958,-5.8009953]]]}},{"type":"Feature","properties":{"level":"municipio","municipality_code":"2105476","municipality_name":"Jenipapo dos Vieiras","uf":"MA","state_code":"21","area_km2":1962.362},"geometry":{"type":"Polygon","coordinates":[[[-45.5234496,-5.5088229],[-45.4274907,-5.6050248],[-45.4826266,-5.6215804],[-45.5070493,-5.6466666],[-45.5031291,-5.6567186],[-45.5180769,-5.6582232],[-45.5266588,-5.6769125],[-45.5529666,-5.6921093],[-45.5531103,-5.7187106],[-45.5934602,-5.74596],[-45.5980069,-5.7705681],[-45.6080409,-5.7762464],[-45.7105969,-5.5900248],[-45.740515,-5.4000475],[-45.8098077,-5.3107997],[-45.7757949,-5.2827842],[-45.7430071,-5.2830937],[-45.6842698,-5.1795836],[-45.6184764,-5.1538946],[-45.5323042,-5.1912249],[-45.4862045,-5.0551379],[-45.4831056,-5.0695071],[-45.439838,-5.1115606],[-45.4378747,-5.1220738],[-45.3732233,-5.1399988],[-45.3443616,-5.1567662],[-45.3326255,-5.1945884],[-45.3604088,-5.2223771],[-45.3448281,-5.2356244],[-45.3412005,-5.2537572],[-45.3624147,-5.2664411],[-45.3686922,-5.2790154],[-45.3864992,-5.2839352],[-45.4237246,-5.2781271],[-45.4229552,-5.2857375],[-45.4336413,-5.2915147],[-45.4598642,-5.2690164],[-45.4836184,-5.29758],[-45.4518583,-5.3791213],[-45.4571873,-5.3872291],[-45.4447742,-5.3963893],[-45.4385839,-5.4232134],[-45.4211535,-5.4467123],[-45.5234496,-5.5088229]]]}},{"type":"Feature","properties":{"level":"municipio","municipality_code":"2105609","municipality_name":"Joselândia","uf":"MA","state_code":"21","area_km2":703.094},"geometry":{"type":"Polygon","coordinates":[[[-44.6071513,-5.0006391],[-44.6206928,-5.0057057],[-44.6169134,-5.0135205],[-44.6392091,-5.0376744],[-44.6388389,-5.0607319],[-44.6596084,-5.0493279],[-44.6655622,-5.0552708],[-44.6558632,-5.0901389],[-44.6752258,-5.0898562],[-44.6822688,-5.1043956],[-44.6966196,-5.1091364],[-44.6968596,-5.1252217],[-44.7174402,-5.1489724],[-44.7313757,-5.1424192],[-44.7406963,-5.1572521],[-44.765316,-5.1702728],[-44.7613973,-5.1821185],[-44.8237836,-5.1457861],[-44.8200335,-5.1337984],[-44.8274878,-5.1159054],[-44.8579885,-5.1233399],[-44.8636549,-5.0786635],[-44.8560252,-5.0636988],[-44.8694481,-5.0584089],[-44.8740363,-5.0403039],[-44.8924134,-5.0321972],[-44.9190744,-5.0392463],[-44.9362114,-5.0274349],[-44.9319821,-4.9939289],[-44.8951257,-4.9675336],[-44.8790914,-4.9451558],[-44.8362482,-4.9311386],[-44.8100079,-4.9313093],[-44.8015082,-4.9222031],[-44.7812452,-4.9291013],[-44.7644919,-4.9129353],[-44.7611293,-4.918877],[-44.742084,-4.9169825],[-44.7435505,-4.911065],[-44.7317194,-4.9127717],[-44.7188178,-4.9031661],[-44.7012773,-4.9053481],[-44.6962567,-4.8880427],[-44.6823708,-4.8867621],[-44.6767476,-4.8756802],[-44.6633808,-4.8797133],[-44.6440005,-4.8557467],[-44.6434269,-4.8756199],[-44.615693,-4.8901596],[-44.6321291,-4.9111719],[-44.6148968,-4.9247975],[-44.6186655,-4.9364574],[-44.6112819,-4.9506288],[-44.6206352,-4.9678316],[-44.6060342,-4.9828494],[-44.6071513,-5.0006391]]]}},{"type":"Feature","properties":{"level":"municipio","municipality_code":"2105500","municipality_name":"João Lisboa","uf":"MA","state_code":"21","area_km2":1135.08},"geometry":{"type":"Polygon","coordinates":[[[-47.3299068,-5.4294529],[-47.3538185,-5.4574275],[-47.3610411,-5.4515051],[-47.3980137,-5.4830681],[-47.4155171,-5.4704347],[-47.4312484,-5.3330476],[-47.4101962,-5.3188023],[-47.4126853,-5.3101904],[-47.3981873,-5.293384],[-47.3714859,-5.2799679],[-47.3582107,-5.2526097],[-47.331246,-5.2667038],[-47.3128451,-5.3074388],[-47.2843353,-5.3039414],[-47.2765319,-5.3140739],[-47.2256002,-5.2659494],[-47.2018409,-5.2299934],[-47.1850692,-5.2214774],[-47.1795164,-5.1934371],[-47.1565427,-5.1787976],[-47.1504447,-5.1529854],[-47.1355526,-5.1433818],[-47.123475,-5.1019885],[-47.1160487,-5.1009557],[-47.1205189,-5.0888193],[-47.0972901,-5.0800023],[-47.0951365,-5.0654217],[-47.0666773,-5.0556309],[-47.0421525,-5.06056],[-47.0254351,-5.0494537],[-46.9586542,-5.0376252],[-46.9019244,-4.998776],[-46.900174,-5.0402095],[-46.8712896,-5.095617],[-46.880883,-5.1277076],[-46.8709447,-5.1465744],[-46.8796383,-5.1756011],[-46.8932225,-5.18768],[-46.889688,-5.2074181],[-46.9211056,-5.2211492],[-46.947744,-5.2135454],[-46.9942689,-5.2503473],[-46.9993224,-5.2647599],[-47.0286787,-5.2785809],[-47.030816,-5.2938652],[-47.0542516,-5.2993804],[-47.0632541,-5.3133415],[-47.1248423,-5.3170982],[-47.175138,-5.3503486],[-47.2020132,-5.3551551],[-47.2252579,-5.3426572],[-47.2448696,-5.3463394],[-47.2735215,-5.364884],[-47.2587497,-5.3692455],[-47.2707711,-5.3807847],[-47.3117038,-5.3879555],[-47.3299068,-5.4294529]]]}},{"type":"Feature","properties":{"level":"municipio","municipality_code":"2105658","municipality_name":"Junco do Maranhão","uf":"MA","state_code":"21","area_km2":568.499},"geometry":{"type":"Polygon","coordinates":[[[-46.0686261,-1.7275129],[-45.9958896,-1.7894252],[-45.9477179,-1.7951066],[-45.9824545,-1.8235268],[-46.0507744,-1.9088157],[-46.0591828,-1.8965589],[-46.0765981,-1.9211936],[-46.0819164,-1.9501059],[-46.0490502,-2.000993],[-46.0587669,-2.0508993],[-46.2631651,-2.0493061],[-46.22339,-1.9149135],[-46.1344902,-1.8381755],[-46.1411636,-1.8356227],[-46.1331029,-1.8269173],[-46.1352914,-1.8152491],[-46.1229548,-1.8111201],[-46.1132878,-1.8192691],[-46.0686261,-1.7275129]]]}},{"type":"Feature","properties":{"level":"municipio","municipality_code":"2105906","municipality_name":"Lago Verde","uf":"MA","state_code":"21","area_km2":631.455},"geometry":{"type":"Polygon","coordinates":[[[-44.9569034,-3.8731791],[-44.9331777,-3.9162645],[-44.6220798,-3.8508211],[-44.6199345,-3.8543024],[-44.6415336,-3.8554854],[-44.6424915,-3.8748832],[-44.6605604,-3.8847631],[-44.6583731,-3.8917376],[-44.6748712,-3.8783507],[-44.6819023,-3.8900682],[-44.6991029,-3.8896453],[-44.7004682,-3.9057227],[-44.716097,-3.9125527],[-44.7103054,-3.9310024],[-44.7440188,-3.9385791],[-44.7709732,-3.9726249],[-44.793421,-3.9798273],[-44.790907,-3.9949624],[-44.8033905,-4.0033688],[-44.8026475,-4.0288945],[-44.8090332,-4.0358446],[-44.8013534,-4.0472917],[-44.8082122,-4.0650146],[-44.8232936,-4.0716822],[-44.8230269,-4.0789404],[-44.8361781,-4.0670251],[-44.8529942,-4.0834995],[-44.8539571,-4.0927162],[-44.8400084,-4.1040347],[-44.8420473,-4.1130571],[-45.0118782,-4.1139072],[-45.0219613,-4.0487589],[-45.029019,-4.0411538],[-45.0085341,-3.9826465],[-45.0123996,-3.9704009],[-45.0044672,-3.9423901],[-44.9922,-3.9334023],[-44.9569034,-3.8731791]]]}},{"type":"Feature","properties":{"level":"municipio","municipality_code":"2105708","municipality_name":"Lago da Pedra","uf":"MA","state_code":"21","area_km2":1240.444},"geometry":{"type":"Polygon","coordinates":[[[-45.1447432,-4.7410902],[-45.1559601,-4.8616718],[-45.1252512,-4.9131567],[-45.1185245,-4.9402496],[-45.0407705,-4.9122611],[-45.0402553,-4.9298121],[-45.0576352,-4.9470164],[-45.1042715,-4.9687281],[-45.1178898,-4.9921347],[-45.2097153,-4.9997286],[-45.2388756,-5.0150299],[-45.2322216,-4.9928733],[-45.2384034,-4.9797076],[-45.2764266,-4.9576076],[-45.2718386,-4.9442242],[-45.2853464,-4.9203455],[-45.2750213,-4.8848801],[-45.2793711,-4.8755076],[-45.286932,-4.8768437],[-45.291503,-4.8531945],[-45.3034111,-4.8453799],[-45.3052347,-4.8246325],[-45.316956,-4.8074134],[-45.3482813,-4.7938239],[-45.4084995,-4.7964675],[-45.4270346,-4.7683472],[-45.4155589,-4.7264129],[-45.4214985,-4.7032073],[-45.4146186,-4.6867034],[-45.4015669,-4.6893869],[-45.3451645,-4.6485129],[-45.3023117,-4.6666409],[-45.2597116,-4.6498465],[-45.2410127,-4.6254413],[-45.2033809,-4.6014337],[-45.195036,-4.5646081],[-45.2134576,-4.5521902],[-45.1608885,-4.5188464],[-45.0936126,-4.4233066],[-45.087699,-4.4545746],[-45.0609964,-4.4556642],[-45.0424554,-4.4841757],[-45.0605422,-4.570322],[-45.0896218,-4.6133177],[-45.0455017,-4.668387],[-45.0400226,-4.6912045],[-45.1447432,-4.7410902]]]}},{"type":"Feature","properties":{"level":"municipio","municipality_code":"2105807","municipality_name":"Lago do Junco","uf":"MA","state_code":"21","area_km2":328.525},"geometry":{"type":"Polygon","coordinates":[[[-45.0605422,-4.570322],[-45.0434408,-4.4767904],[-45.035013,-4.4806619],[-44.9886852,-4.4587895],[-44.8713901,-4.3849909],[-44.8829159,-4.4149056],[-44.8588564,-4.4156437],[-44.8649317,-4.4257059],[-44.8565042,-4.4267111],[-44.8478918,-4.446513],[-44.8535285,-4.4656097],[-44.8480087,-4.4744412],[-44.8578538,-4.4771471],[-44.8460647,-4.482154],[-44.836436,-4.503498],[-44.8713808,-4.4867808],[-44.9191636,-4.4949155],[-44.9274793,-4.4866709],[-44.9191197,-4.5221255],[-44.9277534,-4.520992],[-44.99848,-4.5933795],[-45.0002051,-4.6384288],[-45.0412923,-4.6862989],[-45.0455017,-4.668387],[-45.0896218,-4.6133177],[-45.0605422,-4.570322]]]}},{"type":"Feature","properties":{"level":"municipio","municipality_code":"2105948","municipality_name":"Lago dos Rodrigues","uf":"MA","state_code":"21","area_km2":220.776},"geometry":{"type":"Polygon","coordinates":[[[-44.9337815,-4.5271609],[-44.9191197,-4.5221255],[-44.9274793,-4.4866709],[-44.9191636,-4.4949155],[-44.8713808,-4.4867808],[-44.8429693,-4.5053634],[-44.8607371,-4.566315],[-44.8971464,-4.5921581],[-44.8915409,-4.6196699],[-44.9035764,-4.6265728],[-44.9028755,-4.6452812],[-44.9286094,-4.6612787],[-44.9423025,-4.6868485],[-44.9507574,-4.6929709],[-44.9758059,-4.690961],[-44.9786853,-4.6712438],[-44.9579472,-4.6525515],[-44.9846348,-4.6394492],[-44.9833608,-4.6642125],[-45.0400226,-4.6912045],[-45.0385824,-4.6771689],[-45.0002051,-4.6384288],[-44.99848,-4.5933795],[-44.9337815,-4.5271609]]]}},{"type":"Feature","properties":{"level":"municipio","municipality_code":"2105963","municipality_name":"Lagoa Grande do Maranhão","uf":"MA","state_code":"21","area_km2":744.199},"geometry":{"type":"Polygon","coordinates":[[[-45.2798475,-5.0552767],[-45.6060093,-4.9929837],[-45.6011269,-4.9782217],[-45.5873052,-4.9780113],[-45.5870924,-4.9653299],[-45.5714587,-4.9441028],[-45.5751467,-4.928943],[-45.5645446,-4.926522],[-45.553272,-4.8965734],[-45.5264582,-4.889645],[-45.5208377,-4.8720315],[-45.5031336,-4.8634928],[-45.4871699,-4.8704592],[-45.4761667,-4.8533141],[-45.4760973,-4.8353064],[-45.4566765,-4.8417272],[-45.4614472,-4.81543],[-45.4527454,-4.8039457],[-45.4558561,-4.7880775],[-45.4279142,-4.7785306],[-45.4259356,-4.7700142],[-45.4084995,-4.7964675],[-45.3482813,-4.7938239],[-45.316956,-4.8074134],[-45.3052347,-4.8246325],[-45.3034111,-4.8453799],[-45.291503,-4.8531945],[-45.286932,-4.8768437],[-45.2793711,-4.8755076],[-45.2750213,-4.8848801],[-45.2853464,-4.9203455],[-45.2718386,-4.9442242],[-45.2764266,-4.9576076],[-45.2384034,-4.9797076],[-45.2322216,-4.9928733],[-45.2388756,-5.0150299],[-45.2603215,-5.0279708],[-45.2798475,-5.0552767]]]}},{"type":"Feature","properties":{"level":"municipio","municipality_code":"2105922","municipality_name":"Lagoa do Mato","uf":"MA","state_code":"21","area_km2":1512.985},"geometry":{"type":"Polygon","coordinates":[[[-43.548157,-6.1549677],[-43.5468618,-6.1367501],[-43.5932911,-6.0991948],[-43.6236608,-6.0538341],[-43.6451417,-6.0489755],[-43.6408157,-6.0404282],[-43.6665598,-5.9973792],[-43.6708292,-5.937466],[-43.6830034,-5.9092141],[-43.6704104,-5.889956],[-43.673126,-5.8671125],[-43.6982836,-5.8605331],[-43.7093622,-5.8440899],[-43.7290479,-5.8459461],[-43.713279,-5.8188344],[-43.7168202,-5.802375],[-43.706457,-5.7968329],[-43.7049821,-5.7820841],[-43.647098,-5.7616449],[-43.612345,-5.7374691],[-43.6061046,-5.7374724],[-43.6123573,-5.7465146],[-43.5973239,-5.7733582],[-43.5602559,-5.7718927],[-43.5600641,-5.8045747],[-43.5350571,-5.835151],[-43.5503855,-5.847548],[-43.5447203,-5.8622431],[-43.5500051,-5.8790058],[-43.5602451,-5.8828109],[-43.5608484,-5.8912388],[-43.5717538,-5.8892748],[-43.5655497,-5.9130634],[-43.3339852,-5.911091],[-43.3068618,-6.020464],[-43.3144434,-6.0252257],[-43.3284791,-6.1076103],[-43.3134662,-6.1931593],[-43.3193217,-6.261159],[-43.3990709,-6.2757127],[-43.4220867,-6.2620519],[-43.4554273,-6.2598995],[-43.4900406,-6.2690677],[-43.5142483,-6.2586158],[-43.5531701,-6.2713107],[-43.5758746,-6.2633845],[-43.5652055,-6.2155528],[-43.5387117,-6.1772814],[-43.5390013,-6.1711072],[-43.5626992,-6.1661585],[-43.548157,-6.1549677]]]}},{"type":"Feature","properties":{"level":"municipio","municipality_code":"2105989","municipality_name":"Lajeado Novo","uf":"MA","state_code":"21","area_km2":1063.62},"geometry":{"type":"Polygon","coordinates":[[[-47.0431104,-6.1976909],[-47.0691777,-6.1826172],[-47.0650497,-6.1710061],[-47.0823549,-6.1685369],[-47.0885731,-6.1536689],[-47.1120206,-6.1563164],[-47.116987,-6.1475702],[-47.1253368,-6.1492198],[-47.1345735,-6.1287177],[-47.1432003,-6.1303985],[-47.1442535,-6.1206263],[-47.1521771,-6.1220242],[-47.1589235,-6.1105154],[-47.1851593,-6.1056762],[-47.2061189,-6.1178753],[-47.2390006,-6.1147919],[-47.2421613,-6.1089168],[-47.2217014,-6.070765],[-47.2348814,-6.0357069],[-47.222907,-6.0365653],[-47.2163102,-6.0474735],[-47.2097823,-6.033672],[-47.2018759,-6.0452498],[-47.19571,-6.0194635],[-47.1867651,-6.027815],[-47.1930319,-6.0404435],[-47.1816041,-6.0429787],[-47.1739241,-6.0323802],[-47.1632151,-6.0411591],[-47.1609155,-6.0269669],[-47.1364915,-6.0333815],[-47.1148472,-6.0191434],[-47.0973526,-6.019253],[-47.0870304,-6.0290477],[-47.041447,-6.0267388],[-47.038148,-6.0355978],[-47.0257519,-6.0373388],[-47.0259621,-6.0464649],[-47.0172138,-6.0425424],[-47.0130911,-6.0509015],[-47.0088636,-6.0410514],[-46.9856667,-6.0510213],[-46.9778693,-6.0383048],[-46.9693318,-6.0475716],[-46.9658226,-6.0408533],[-46.9454733,-6.0422543],[-46.9366973,-6.0113259],[-46.9211597,-6.0170161],[-46.9177928,-6.0087952],[-46.886474,-6.0113693],[-46.8528942,-5.9922187],[-46.8584732,-5.980685],[-46.8430591,-5.96751],[-46.8028987,-5.9724017],[-46.7833596,-5.9670878],[-46.7776862,-5.9772597],[-46.7594871,-5.9794491],[-46.7530007,-6.0011143],[-46.7353416,-6.0098116],[-46.7424264,-6.0368134],[-46.7314677,-6.0567944],[-46.7134346,-6.0692613],[-46.7270651,-6.0857642],[-46.7121179,-6.1009805],[-46.7116349,-6.1126546],[-46.692515,-6.1110614],[-46.6717102,-6.1302456],[-46.6800697,-6.1557746],[-46.694669,-6.1639087],[-46.7020367,-6.1899123],[-46.7424728,-6.1989176],[-46.7575837,-6.1891333],[-46.7648928,-6.1959512],[-46.7852373,-6.1914099],[-46.7874555,-6.1986291],[-46.793168,-6.1904474],[-46.8005995,-6.2038777],[-46.8081292,-6.1960106],[-46.8133472,-6.2044005],[-46.8176444,-6.1980344],[-46.8427583,-6.199607],[-46.8553971,-6.1890891],[-46.8917837,-6.2002935],[-46.8959429,-6.2107423],[-46.9013081,-6.2049834],[-46.917525,-6.2084132],[-46.9195138,-6.2198763],[-46.937185,-6.2217245],[-46.940353,-6.2153127],[-46.9421116,-6.2292195],[-46.9506399,-6.2250803],[-46.9631117,-6.2389132],[-46.9638401,-6.2291981],[-46.9845297,-6.2351781],[-46.9824381,-6.2184924],[-47.0272662,-6.2171229],[-47.0295808,-6.2062503],[-47.0461606,-6.2125469],[-47.0431104,-6.1976909]]]}},{"type":"Feature","properties":{"level":"municipio","municipality_code":"2106003","municipality_name":"Lima Campos","uf":"MA","state_code":"21","area_km2":321.932},"geometry":{"type":"Polygon","coordinates":[[[-44.4943777,-4.6444418],[-44.4952077,-4.6192697],[-44.523481,-4.6044928],[-44.5275845,-4.5789675],[-44.5401258,-4.5725439],[-44.5431165,-4.5325653],[-44.5744737,-4.5204701],[-44.584107,-4.4959982],[-44.5773665,-4.4752961],[-44.4307995,-4.4808098],[-44.347572,-4.5582184],[-44.360199,-4.5791531],[-44.3808248,-4.5830531],[-44.3874598,-4.606065],[-44.4151866,-4.61656],[-44.4068688,-4.6569856],[-44.3982413,-4.6660451],[-44.4943777,-4.6444418]]]}},{"type":"Feature","properties":{"level":"municipio","municipality_code":"2106102","municipality_name":"Loreto","uf":"MA","state_code":"21","area_km2":3596.74},"geometry":{"type":"Polygon","coordinates":[[[-45.1604717,-6.811426],[-45.1198883,-6.8163297],[-45.1042246,-6.8081706],[-45.0931686,-6.7897523],[-45.0708542,-6.7846104],[-45.0600572,-6.7734173],[-45.0607208,-6.7605371],[-45.0096757,-6.7365781],[-45.0088934,-6.7299298],[-44.979551,-6.7318014],[-44.9689039,-6.7410098],[-44.9587236,-6.7355793],[-44.9800719,-6.7954446],[-44.9520128,-6.8304802],[-44.9357459,-6.867909],[-44.9921509,-7.0243113],[-44.9710871,-7.0903715],[-44.9875128,-7.1021638],[-45.0855974,-7.5023091],[-45.1386746,-7.5224223],[-45.1563277,-7.5132576],[-45.1810039,-7.5419599],[-45.2038477,-7.5516722],[-45.2184888,-7.5685448],[-45.2323263,-7.5490714],[-45.2617074,-7.5711843],[-45.2853963,-7.5664228],[-45.2988389,-7.5752376],[-45.3346804,-7.5776595],[-45.3422695,-7.5933632],[-45.3721818,-7.6183838],[-45.3954669,-7.6145185],[-45.399205,-7.6410589],[-45.415545,-7.6450247],[-45.414446,-7.6553189],[-45.4325307,-7.661539],[-45.4379778,-7.6782267],[-45.4729086,-7.6591455],[-45.4871407,-7.6370127],[-45.5152706,-7.6286579],[-45.5346601,-7.5973604],[-45.5473029,-7.5998221],[-45.5669677,-7.5880294],[-45.6083378,-7.5886013],[-45.6450187,-7.6059271],[-45.3222727,-7.1952105],[-45.3127396,-7.1475674],[-45.2920864,-7.1483973],[-45.2731319,-7.1364185],[-45.2770942,-7.1306736],[-45.2635813,-7.0901728],[-45.2753499,-7.062521],[-45.2744621,-7.0104583],[-45.2468247,-6.9862525],[-45.2439447,-6.9559535],[-45.2513869,-6.9425168],[-45.2777499,-6.9406444],[-45.3313831,-6.8257351],[-45.3240993,-6.8012463],[-45.328074,-6.7885196],[-45.3219725,-6.7812976],[-45.2901794,-6.7971297],[-45.2527386,-6.7876089],[-45.2484819,-6.7961593],[-45.2198249,-6.795043],[-45.1950081,-6.8041079],[-45.1652183,-6.7944206],[-45.1604717,-6.811426]]]}},{"type":"Feature","properties":{"level":"municipio","municipality_code":"2106201","municipality_name":"Luís Domingues","uf":"MA","state_code":"21","area_km2":467.251},"geometry":{"type":"MultiPolygon","coordinates":[[[[-45.7978288,-1.3615622],[-45.8258122,-1.4188722],[-45.8481058,-1.4279952],[-45.8729443,-1.4578668],[-45.8895411,-1.523413],[-45.9010586,-1.5175279],[-45.9131488,-1.5302258],[-45.9310748,-1.5738652],[-46.0162693,-1.5236293],[-45.9050877,-1.2909706],[-45.8848163,-1.2844287],[-45.8871517,-1.2655557],[-45.8526928,-1.2379192],[-45.8392831,-1.2008224],[-45.8255714,-1.2025689],[-45.8290085,-1.1766265],[-45.8021239,-1.1612731],[-45.7996427,-1.1799169],[-45.780601,-1.1931654],[-45.7808716,-1.2159864],[-45.7979232,-1.2532687],[-45.8130258,-1.2501355],[-45.8174565,-1.2626463],[-45.847908,-1.2826097],[-45.8369276,-1.3000002],[-45.8266399,-1.3004959],[-45.8301083,-1.3146204],[-45.812227,-1.3143589],[-45.8019096,-1.3268058],[-45.8086278,-1.3413682],[-45.7978288,-1.3615622]]],[[[-45.8259456,-1.151705],[-45.8244989,-1.1259663],[-45.8065451,-1.1257067],[-45.8045051,-1.1442503],[-45.8129996,-1.1525206],[-45.8259456,-1.151705]]]]}},{"type":"Feature","properties":{"level":"municipio","municipality_code":"2106300","municipality_name":"Magalhães de Almeida","uf":"MA","state_code":"21","area_km2":434.433},"geometry":{"type":"Polygon","coordinates":[[[-42.2455352,-3.1991699],[-41.9855587,-3.2225076],[-42.0127758,-3.2480714],[-42.0409858,-3.2471206],[-42.0689723,-3.2643565],[-42.1236476,-3.2668048],[-42.1296579,-3.2823669],[-42.0974296,-3.293456],[-42.0993832,-3.3153138],[-42.126306,-3.3142713],[-42.1219863,-3.341442],[-42.1456821,-3.3544152],[-42.1506693,-3.3866119],[-42.1660033,-3.3962784],[-42.1910308,-3.3953432],[-42.2017319,-3.4313407],[-42.2324103,-3.4284202],[-42.2727472,-3.4447134],[-42.2766584,-3.2667946],[-42.2455352,-3.1991699]]]}},{"type":"Feature","properties":{"level":"municipio","municipality_code":"2106326","municipality_name":"Maracaçumé","uf":"MA","state_code":"21","area_km2":635.758},"geometry":{"type":"Polygon","coordinates":[[[-46.0507711,-1.9088116],[-45.9824545,-1.8235268],[-45.9477179,-1.7951066],[-45.9331311,-1.7879229],[-45.8719953,-1.7845119],[-45.8840179,-1.7918626],[-45.8715627,-1.8104122],[-45.8788096,-1.8247832],[-45.8803845,-1.8690116],[-45.8941879,-1.895961],[-45.8905828,-1.916377],[-45.8976678,-1.921403],[-45.8960733,-1.9361162],[-45.907478,-1.934008],[-45.910362,-1.9762272],[-45.9246489,-1.9908901],[-45.9105576,-2.0141563],[-45.9174641,-2.0277864],[-45.9232034,-2.0260187],[-45.9258339,-2.0430038],[-45.9805031,-2.1059696],[-45.9848622,-2.1510673],[-46.0046057,-2.159702],[-46.0484233,-2.1448303],[-46.0690007,-2.1510044],[-46.1257558,-2.2155267],[-46.1297872,-2.2296565],[-46.1409114,-2.2304258],[-46.1476549,-2.2227474],[-46.1370318,-2.1981561],[-46.1509252,-2.19471],[-46.1082355,-2.1346727],[-46.0988329,-2.0927098],[-46.0654928,-2.0615076],[-46.0497662,-2.0255933],[-46.0490502,-2.000993],[-46.0824132,-1.9430603],[-46.0591828,-1.8965589],[-46.0507711,-1.9088116]]]}},{"type":"Feature","properties":{"level":"municipio","municipality_code":"2106359","municipality_name":"Marajá do Sena","uf":"MA","state_code":"21","area_km2":1402.593},"geometry":{"type":"Polygon","coordinates":[[[-45.3698367,-4.6184091],[-45.3451645,-4.6485129],[-45.4015669,-4.6893869],[-45.418285,-4.6893773],[-45.4206129,-4.7542963],[-45.4273143,-4.7779884],[-45.4558561,-4.7880775],[-45.4527454,-4.8039457],[-45.4614472,-4.81543],[-45.4566765,-4.8417272],[-45.4760973,-4.8353064],[-45.4761667,-4.8533141],[-45.4871699,-4.8704592],[-45.5031336,-4.8634928],[-45.5208377,-4.8720315],[-45.5264582,-4.889645],[-45.5524934,-4.8958966],[-45.5645446,-4.926522],[-45.5751467,-4.928943],[-45.570183,-4.9375727],[-45.5758801,-4.9442776],[-45.5829638,-4.9383415],[-45.5722333,-4.919664],[-45.5918099,-4.8944084],[-45.7070215,-4.8335767],[-45.712249,-4.7751656],[-45.8490386,-4.7439472],[-45.8674974,-4.6275222],[-45.9230048,-4.6397747],[-45.920063,-4.5586228],[-45.7142919,-4.5590506],[-45.6802083,-4.61305],[-45.6864,-4.6262833],[-45.6459179,-4.6259556],[-45.6097867,-4.5909716],[-45.5924571,-4.6076909],[-45.5665279,-4.6096665],[-45.5522581,-4.5956059],[-45.5072548,-4.6149991],[-45.4767341,-4.6126064],[-45.437154,-4.5721459],[-45.3881374,-4.5851288],[-45.365706,-4.6065411],[-45.3698367,-4.6184091]]]}},{"type":"Feature","properties":{"level":"municipio","municipality_code":"2106375","municipality_name":"Maranhãozinho","uf":"MA","state_code":"21","area_km2":781.676},"geometry":{"type":"Polygon","coordinates":[[[-46.0688456,-2.5585504],[-46.0493788,-2.5121061],[-46.0478575,-2.4714282],[-46.0312372,-2.4611104],[-46.0354126,-2.4364439],[-46.0168045,-2.4279914],[-46.0108694,-2.3930083],[-45.9988905,-2.3727678],[-46.0001658,-2.3518164],[-46.0095867,-2.3435704],[-46.007354,-2.2945694],[-45.998196,-2.273674],[-45.9354176,-2.2512959],[-45.9467084,-2.204588],[-45.8637826,-2.1817685],[-45.8004411,-2.1532878],[-45.7473951,-2.189329],[-45.775607,-2.1872044],[-45.8050159,-2.2020488],[-45.8319992,-2.2287747],[-45.8524094,-2.3454411],[-45.9039089,-2.4238254],[-45.9116927,-2.5290023],[-45.9430475,-2.5761489],[-45.9839203,-2.6119577],[-45.998427,-2.6656611],[-45.9879759,-2.6808737],[-45.9899699,-2.6959101],[-46.0752812,-2.6816693],[-46.0258121,-2.6817288],[-46.0678855,-2.6673013],[-46.053551,-2.5850596],[-46.0666256,-2.5740461],[-46.0605463,-2.5671828],[-46.0688456,-2.5585504]]]}},{"type":"Feature","properties":{"level":"municipio","municipality_code":"2106409","municipality_name":"Mata Roma","uf":"MA","state_code":"21","area_km2":548.581},"geometry":{"type":"Polygon","coordinates":[[[-43.316212481934386,-3.5654558110189707],[-43.31625,-3.5362771],[-43.279282,-3.5559081],[-43.2596758,-3.5429289],[-43.2389197,-3.5408747],[-43.2213047,-3.5199918],[-43.2128626,-3.5262046],[-43.193502,-3.5177987],[-43.1828135,-3.5335286],[-43.1870847,-3.5416375],[-43.1488871,-3.5589834],[-43.1346906,-3.5516178],[-43.1250192,-3.5248014],[-43.1102851,-3.5234948],[-43.0967189,-3.5335953],[-43.0880763,-3.5858761],[-43.112337,-3.634642],[-43.1224288,-3.6889132],[-43.1976977,-3.7829974],[-43.2007513,-3.7668129],[-43.21481,-3.7613774],[-43.2309225,-3.7064142],[-43.334894,-3.6827771],[-43.3403765,-3.6613029],[-43.3676018,-3.6496402],[-43.366667,-3.6233117],[-43.3947253,-3.5935243],[-43.3830612,-3.5833608],[-43.3875562,-3.5496117],[-43.370589,-3.5449538],[-43.360703,-3.5584445],[-43.334714,-3.5604176],[-43.3238644,-3.5757914],[-43.316212481934386,-3.5654558110189707]]]}},{"type":"Feature","properties":{"level":"municipio","municipality_code":"2106508","municipality_name":"Matinha","uf":"MA","state_code":"21","area_km2":410.633},"geometry":{"type":"Polygon","coordinates":[[[-45.0167297,-3.1497366],[-45.0361569,-3.1448041],[-45.0383156,-3.1305934],[-45.0429401,-3.1413427],[-45.0599345,-3.1341741],[-45.0614706,-3.1412904],[-45.0816735,-3.0903483],[-45.104003,-3.0834661],[-45.1197881,-3.0640359],[-45.1406976,-3.0675742],[-45.1457969,-3.0144636],[-45.0954024,-2.9310527],[-45.0835254,-2.9310277],[-45.0705279,-2.985397],[-45.045921,-3.0136343],[-44.8929102,-3.0779142],[-44.9147661,-3.0427419],[-44.8578502,-3.0404335],[-44.8065541,-3.065559],[-44.8419244,-3.0715896],[-44.804408,-3.1230609],[-44.8651859,-3.0906782],[-44.9245753,-3.1600805],[-44.9494294,-3.1651751],[-44.9681972,-3.1864925],[-44.9816011,-3.1521895],[-44.9854856,-3.1572992],[-44.9925238,-3.1519288],[-44.9863378,-3.1403712],[-44.9982093,-3.1368409],[-45.0027546,-3.1541905],[-45.0177934,-3.1277851],[-45.0167297,-3.1497366]]]}},{"type":"Feature","properties":{"level":"municipio","municipality_code":"2106607","municipality_name":"Matões","uf":"MA","state_code":"21","area_km2":2108.671},"geometry":{"type":"Polygon","coordinates":[[[-43.1839036,-5.6038632],[-43.3362425,-5.5638675],[-43.3764679,-5.5126021],[-43.401096,-5.4596396],[-43.4118587,-5.4527856],[-43.4574346,-5.4518765],[-43.483234,-5.4124406],[-43.5310909,-5.3955475],[-43.536667,-5.4028413],[-43.5529048,-5.402498],[-43.5747436,-5.3909847],[-43.5756007,-5.3758708],[-43.6250687,-5.3484784],[-43.7227426,-5.3855977],[-43.7581546,-5.3158413],[-43.7404069,-5.3087284],[-43.713502,-5.3116532],[-43.7009267,-5.2984441],[-43.5670249,-5.2301922],[-43.5285785,-5.2271819],[-43.4474225,-5.2883991],[-43.436587,-5.2737064],[-43.4510305,-5.2236631],[-43.3520774,-5.1915797],[-43.2658626,-5.2060724],[-43.2289769,-5.1823309],[-43.2290855,-5.143225],[-43.2059565,-5.1431603],[-43.204018,-5.1662693],[-43.182501,-5.1686092],[-43.1592966,-5.2008836],[-43.1639942,-5.2502572],[-43.1894133,-5.2869438],[-43.1671868,-5.3328166],[-43.1316808,-5.3669134],[-43.0980494,-5.3848842],[-43.0595305,-5.3847626],[-42.9864879,-5.4392789],[-42.9683554,-5.4535238],[-42.9735253,-5.4845081],[-42.9953282,-5.5082929],[-43.0042214,-5.542679],[-43.0244021,-5.5617437],[-43.0332174,-5.5920741],[-43.0819956,-5.5995129],[-43.0949125,-5.614898],[-43.1839036,-5.6038632]]]}},{"type":"Feature","properties":{"level":"municipio","municipality_code":"2106631","municipality_name":"Matões do Norte","uf":"MA","state_code":"21","area_km2":794.454},"geometry":{"type":"Polygon","coordinates":[[[-44.5053946,-3.8487516],[-44.6101514,-3.8477989],[-44.6104074,-3.6590095],[-44.5656897,-3.6050407],[-44.5317154,-3.6101485],[-44.4524621,-3.5617838],[-44.4457375,-3.6294718],[-44.4600132,-3.6682887],[-44.4395667,-3.6870593],[-44.4359024,-3.7065795],[-44.4218729,-3.7132185],[-44.4036955,-3.6935481],[-44.3783481,-3.6914496],[-44.284537,-3.7671688],[-44.3122901,-3.7690857],[-44.3357905,-3.7904687],[-44.3302634,-3.7968036],[-44.3462356,-3.808089],[-44.3513199,-3.8273458],[-44.3457378,-3.8402935],[-44.3610418,-3.8648082],[-44.3875897,-3.8784201],[-44.3931822,-3.8965714],[-44.4191946,-3.9141441],[-44.4111079,-3.9294357],[-44.4153221,-3.9387772],[-44.4800429,-3.9191645],[-44.5053946,-3.8487516]]]}},{"type":"Feature","properties":{"level":"municipio","municipality_code":"2106672","municipality_name":"Milagres do Maranhão","uf":"MA","state_code":"21","area_km2":634.818},"geometry":{"type":"Polygon","coordinates":[[[-42.6330523,-3.6320818],[-42.7973142,-3.5304616],[-42.9873815,-3.5533357],[-42.9755773,-3.5454886],[-42.9757449,-3.5352364],[-42.9851693,-3.5093773],[-42.9963307,-3.5035225],[-42.9696926,-3.485799],[-42.9880396,-3.4708581],[-42.9778485,-3.4578925],[-42.9756684,-3.4299783],[-42.9319563,-3.3875911],[-42.7529436,-3.4139883],[-42.5626885,-3.5594182],[-42.5682976,-3.5704846],[-42.6117701,-3.5871407],[-42.6188251,-3.6206567],[-42.6330523,-3.6320818]]]}},{"type":"Feature","properties":{"level":"municipio","municipality_code":"2106706","municipality_name":"Mirador","uf":"MA","state_code":"21","area_km2":8522.881},"geometry":{"type":"Polygon","coordinates":[[[-45.5482616,-6.8063141],[-45.5753781,-6.8199807],[-45.6052214,-6.8140585],[-45.6228398,-6.7972598],[-45.6492103,-6.7486336],[-45.6804614,-6.7274349],[-45.7211765,-6.7113577],[-45.7329628,-6.7138262],[-45.7464983,-6.7001317],[-45.8008635,-6.7190307],[-45.8271768,-6.7156496],[-45.8471351,-6.7228661],[-45.948077,-6.6740222],[-45.9277223,-6.647213],[-45.8941601,-6.6439404],[-45.8500323,-6.6001573],[-45.8143869,-6.5986587],[-45.7940395,-6.5851853],[-45.7796769,-6.5895199],[-45.7676123,-6.5826665],[-45.7616804,-6.5675092],[-45.7527016,-6.5684712],[-45.7391908,-6.5419491],[-45.7223953,-6.5298874],[-45.7299401,-6.5180272],[-45.712885,-6.4893102],[-45.7144015,-6.4683874],[-45.6283288,-6.4770382],[-45.5929963,-6.4605304],[-45.5872428,-6.4471711],[-45.5539668,-6.4528516],[-45.5434135,-6.4390004],[-45.5161013,-6.4367318],[-45.4977937,-6.4188628],[-45.4794958,-6.4286007],[-45.4671071,-6.4217564],[-45.4273846,-6.4226673],[-45.4211058,-6.4298976],[-45.3956009,-6.4315201],[-45.3761293,-6.4143021],[-45.3341018,-6.4078248],[-45.326996,-6.3955369],[-45.3027416,-6.3928303],[-45.300824,-6.3743878],[-45.2677966,-6.3619013],[-45.2798513,-6.3419041],[-45.2589964,-6.3477678],[-45.2194115,-6.3271789],[-45.214129,-6.3172949],[-45.2078298,-6.3305092],[-45.1980472,-6.3275109],[-45.1998568,-6.3199269],[-45.174078,-6.3130122],[-45.1646592,-6.3019604],[-45.1417945,-6.3080543],[-45.1401364,-6.3010498],[-45.1040157,-6.3231329],[-45.0900194,-6.3154342],[-45.0876574,-6.3244557],[-45.0725517,-6.3283433],[-45.0784646,-6.3375139],[-45.0735413,-6.3520265],[-45.0439648,-6.3442197],[-44.9856058,-6.3514314],[-44.9505178,-6.3357832],[-44.9489616,-6.3245364],[-44.9198489,-6.2936441],[-44.8935765,-6.2094249],[-44.8816329,-6.2056216],[-44.86802,-6.1813375],[-44.8747934,-6.1639239],[-44.8696315,-6.1574928],[-44.8593786,-6.1641141],[-44.8499597,-6.1522465],[-44.824768,-6.1433889],[-44.8141535,-6.124903],[-44.7713179,-6.1048759],[-44.7655416,-6.0885852],[-44.7394033,-6.0901867],[-44.6912432,-6.0512576],[-44.6665754,-6.0482814],[-44.64927,-6.0329291],[-44.6367354,-6.0390125],[-44.6351338,-6.0274154],[-44.6181955,-6.0287308],[-44.562029,-5.9918685],[-44.5447729,-5.9974629],[-44.4931213,-5.9843621],[-44.4506738,-5.9966173],[-44.4266587,-6.0146534],[-44.410094,-6.0044147],[-44.3956273,-6.012576],[-44.3887416,-6.0034591],[-44.3643139,-6.0022128],[-44.330664,-6.0239161],[-44.3138893,-6.0250659],[-44.2389198,-6.1665351],[-44.171685,-6.2559306],[-44.6321338,-6.6822679],[-44.6440406,-6.6804921],[-44.6450195,-6.6898639],[-44.6603405,-6.6899918],[-44.6602512,-6.6973683],[-44.6633987,-6.6907483],[-44.6688016,-6.7005187],[-44.6805358,-6.692051],[-44.6851152,-6.7031449],[-44.6987156,-6.6937983],[-44.7053854,-6.7042167],[-44.7119004,-6.6968023],[-44.7271046,-6.7079355],[-44.7728347,-6.7159975],[-44.7741981,-6.7103698],[-44.8844277,-6.7027597],[-44.8929799,-6.7120765],[-44.9025874,-6.7058338],[-44.9338929,-6.7138379],[-44.9442077,-6.7316469],[-44.9684552,-6.7409948],[-44.979551,-6.7318014],[-45.0088934,-6.7299298],[-45.0096757,-6.7365781],[-45.0606669,-6.760493],[-45.0600572,-6.7734173],[-45.0707557,-6.7845436],[-45.0824307,-6.7827018],[-45.0933026,-6.7899492],[-45.093466,-6.7993539],[-45.1198883,-6.8163297],[-45.1424984,-6.807251],[-45.1604717,-6.811426],[-45.1652183,-6.7944206],[-45.1950081,-6.8041079],[-45.2198249,-6.795043],[-45.2484819,-6.7961593],[-45.2527386,-6.7876089],[-45.2972949,-6.795954],[-45.3267041,-6.7768607],[-45.3502683,-6.7822606],[-45.3687229,-6.7583814],[-45.3831575,-6.7567481],[-45.4090637,-6.7604111],[-45.4251874,-6.7736872],[-45.4502694,-6.7778884],[-45.4590619,-6.7891111],[-45.4945649,-6.795817],[-45.5017087,-6.8038088],[-45.5482616,-6.8063141]]]}},{"type":"Feature","properties":{"level":"municipio","municipality_code":"2106755","municipality_name":"Miranda do Norte","uf":"MA","state_code":"21","area_km2":341.107},"geometry":{"type":"Polygon","coordinates":[[[-44.5939675,-3.4457285],[-44.5566994,-3.4540419],[-44.521714,-3.471546],[-44.5005653,-3.4659636],[-44.4704836,-3.4852636],[-44.4001004,-3.4598245],[-44.3904027,-3.4415711],[-44.3850993,-3.474658],[-44.4064521,-3.5109312],[-44.4002865,-3.5302935],[-44.5317154,-3.6101485],[-44.5656897,-3.6050407],[-44.6104074,-3.6590095],[-44.6257711,-3.4902719],[-44.6110616,-3.4826762],[-44.5939675,-3.4457285]]]}},{"type":"Feature","properties":{"level":"municipio","municipality_code":"2106805","municipality_name":"Mirinzal","uf":"MA","state_code":"21","area_km2":686.944},"geometry":{"type":"Polygon","coordinates":[[[-44.7787085,-1.9438887],[-44.7291645,-1.8886542],[-44.7306404,-1.9091388],[-44.717154,-1.909894],[-44.715999,-1.924649],[-44.7033569,-1.9203851],[-44.7002015,-1.9614289],[-44.7224379,-1.98174],[-44.7124368,-2.0268821],[-44.6831914,-2.0524233],[-44.7190961,-2.0643584],[-44.7212922,-2.0840799],[-44.7540645,-2.1197976],[-44.7518614,-2.1368232],[-44.7822684,-2.1672746],[-44.7839563,-2.1868542],[-44.7981125,-2.1744055],[-44.7957529,-2.152032],[-44.8354919,-2.1497481],[-44.8581624,-2.1251179],[-44.8713905,-2.1450564],[-44.8687883,-2.1654982],[-44.9000649,-2.1902412],[-44.9172273,-2.2191058],[-44.9658608,-2.2510472],[-44.969862,-2.0146788],[-44.9249117,-2.0149657],[-44.9252256,-1.9449226],[-44.7787085,-1.9438887]]]}},{"type":"Feature","properties":{"level":"municipio","municipality_code":"2107001","municipality_name":"Montes Altos","uf":"MA","state_code":"21","area_km2":1489.198},"geometry":{"type":"Polygon","coordinates":[[[-47.1725989,-6.033015],[-47.1816041,-6.0429787],[-47.1950306,-6.0380536],[-47.1786105,-6.0076127],[-47.18793,-5.9866721],[-47.1748643,-5.9610958],[-47.2033211,-5.9601258],[-47.1911806,-5.9485245],[-47.1935804,-5.932418],[-47.1617439,-5.8930932],[-47.1739271,-5.8657279],[-47.1961904,-5.8611637],[-47.2133258,-5.8678992],[-47.2243805,-5.8556284],[-47.2469367,-5.8565593],[-47.2476735,-5.8458561],[-47.2865036,-5.8586158],[-47.2865921,-5.8487905],[-47.3047133,-5.8461355],[-47.3076419,-5.8381009],[-47.3298743,-5.8389223],[-47.34433,-5.8130358],[-47.316122,-5.8013853],[-47.3276224,-5.7856026],[-47.3141189,-5.7836797],[-47.3176251,-5.776241],[-47.3093153,-5.7831394],[-47.2940158,-5.7754178],[-47.2921173,-5.7659805],[-47.2598086,-5.7758414],[-47.2420905,-5.7702079],[-47.2493465,-5.7631317],[-47.2315958,-5.7674777],[-47.2288339,-5.7758019],[-47.221894,-5.7701921],[-47.2007883,-5.7741718],[-47.169582,-5.7385679],[-47.1345666,-5.7294725],[-47.0853261,-5.6709181],[-46.9751604,-5.641311],[-46.9454674,-5.624973],[-46.9444534,-5.6363223],[-46.9349191,-5.6350428],[-46.9251495,-5.6561929],[-46.9363483,-5.6586444],[-46.9222237,-5.6836152],[-46.9238915,-5.6951979],[-46.9115131,-5.6962154],[-46.9232335,-5.7156628],[-46.9131457,-5.7376686],[-46.9178637,-5.7590722],[-46.9020127,-5.7596044],[-46.9070865,-5.779027],[-46.8944478,-5.7917813],[-46.8870861,-5.8234966],[-46.8772471,-5.8287463],[-46.8890334,-5.8511934],[-46.8929882,-5.8915144],[-46.8749039,-5.9116482],[-46.8468677,-5.9054308],[-46.8302975,-5.8923483],[-46.7823653,-5.8988319],[-46.7759027,-5.9143429],[-46.7908383,-5.9253073],[-46.7833596,-5.9670878],[-46.8028987,-5.9724017],[-46.8430591,-5.96751],[-46.8584732,-5.980685],[-46.8528942,-5.9922187],[-46.886474,-6.0113693],[-46.9177928,-6.0087952],[-46.9211597,-6.0170161],[-46.9366973,-6.0113259],[-46.9454733,-6.0422543],[-46.9658226,-6.0408533],[-46.9693318,-6.0475716],[-46.9778693,-6.0383048],[-46.9856667,-6.0510213],[-47.0088636,-6.0410514],[-47.0130911,-6.0509015],[-47.0172138,-6.0425424],[-47.0259621,-6.0464649],[-47.0257519,-6.0373388],[-47.038148,-6.0355978],[-47.041447,-6.0267388],[-47.0870304,-6.0290477],[-47.0964971,-6.0193352],[-47.1148472,-6.0191434],[-47.1364915,-6.0333815],[-47.1609155,-6.0269669],[-47.1628523,-6.0410998],[-47.1725989,-6.033015]]]}},{"type":"Feature","properties":{"level":"municipio","municipality_code":"2106904","municipality_name":"Monção","uf":"MA","state_code":"21","area_km2":1245.548},"geometry":{"type":"Polygon","coordinates":[[[-45.279715,-3.5971776],[-45.2848899,-3.5690431],[-45.2894093,-3.5778224],[-45.2975254,-3.568576],[-45.2902742,-3.5591881],[-45.3039831,-3.5644173],[-45.3078849,-3.5765056],[-45.2987761,-3.5836646],[-45.308833,-3.5942144],[-45.3447384,-3.6036041],[-45.3533748,-3.5786076],[-45.3854737,-3.5737811],[-45.3904896,-3.5602861],[-45.3973044,-3.5739102],[-45.4378196,-3.5870538],[-45.4435377,-3.5952621],[-45.4640493,-3.5920626],[-45.468842,-3.6040855],[-45.490761,-3.6111394],[-45.5088512,-3.5755787],[-45.5201379,-3.5811842],[-45.5285024,-3.564937],[-45.5207597,-3.5385616],[-45.5348183,-3.5276536],[-45.5422404,-3.4850215],[-45.4440898,-3.3994245],[-45.4903245,-3.3068172],[-45.5521847,-3.2794829],[-45.5797026,-3.2408444],[-45.4508688,-3.2963352],[-45.363585,-3.3661833],[-45.3353161,-3.3407097],[-45.2603384,-3.3713483],[-45.2717053,-3.3924518],[-45.0832169,-3.4205903],[-45.0782191,-3.429896],[-45.0849671,-3.4378137],[-45.0741439,-3.4524758],[-45.0815172,-3.4593103],[-45.088683,-3.450691],[-45.0889099,-3.4685558],[-45.0977437,-3.4603943],[-45.0948012,-3.4718982],[-45.10726,-3.4754146],[-45.1045325,-3.4855625],[-45.1297412,-3.5086184],[-45.1184515,-3.5284888],[-45.1259175,-3.5817295],[-45.1623493,-3.6049365],[-45.1633147,-3.6145917],[-45.2021689,-3.6266598],[-45.2256734,-3.6440645],[-45.2511694,-3.6939773],[-45.2625099,-3.6889942],[-45.2823192,-3.6982317],[-45.2882213,-3.7182007],[-45.3237434,-3.6957216],[-45.3307184,-3.6732918],[-45.318436,-3.6376026],[-45.3046296,-3.6367668],[-45.3011564,-3.6127483],[-45.279715,-3.5971776]]]}},{"type":"Feature","properties":{"level":"municipio","municipality_code":"2107100","municipality_name":"Morros","uf":"MA","state_code":"21","area_km2":1712.121},"geometry":{"type":"Polygon","coordinates":[[[-44.0082738,-2.9620898],[-44.0280032,-2.9477652],[-44.0215094,-2.9233582],[-44.0297627,-2.9045075],[-44.0670082,-2.8929438],[-44.0610363,-2.8766825],[-44.044193,-2.8671095],[-44.0524549,-2.8564404],[-44.0502751,-2.8077228],[-43.7450617,-2.8078101],[-43.7455257,-2.6375055],[-43.5985688,-2.9638013],[-43.5421452,-3.1296697],[-43.7833923,-3.2925577],[-43.7995854,-3.2925996],[-43.7904245,-3.2596075],[-43.7749282,-3.2483606],[-43.7837014,-3.2134444],[-43.7539484,-3.1703058],[-43.7540582,-3.1313147],[-43.7656166,-3.0991327],[-43.7828483,-3.084737],[-43.8607064,-3.0626122],[-43.8872356,-3.0492782],[-43.9016163,-3.0319782],[-43.9961016,-2.9888283],[-44.0082738,-2.9620898]]]}},{"type":"Feature","properties":{"level":"municipio","municipality_code":"2107209","municipality_name":"Nina Rodrigues","uf":"MA","state_code":"21","area_km2":570.938},"geometry":{"type":"Polygon","coordinates":[[[-43.8007378,-3.4753287],[-43.9842857,-3.5012203],[-43.9948218,-3.4803369],[-43.9546851,-3.4138538],[-43.9468969,-3.4115182],[-43.9439887,-3.4181388],[-43.7837014,-3.2134444],[-43.7749282,-3.2483606],[-43.791483,-3.2616923],[-43.8041773,-3.3152913],[-43.7881452,-3.332364],[-43.7662582,-3.3204688],[-43.7459519,-3.3554024],[-43.7456215,-3.3780634],[-43.7359234,-3.3854013],[-43.7267085,-3.3821559],[-43.7177294,-3.3927519],[-43.7157857,-3.4078643],[-43.7390894,-3.429283],[-43.7362744,-3.439107],[-43.7298164,-3.4426618],[-43.7026757,-3.4807465],[-43.6066977,-3.6186727],[-43.606832,-3.6190215],[-43.6160224,-3.6199841],[-43.6222642,-3.6035704],[-43.6328569,-3.6124619],[-43.6437112,-3.6049407],[-43.6509925,-3.5786972],[-43.6589075,-3.5888352],[-43.6871606,-3.5756555],[-43.6999465,-3.5793202],[-43.7149045,-3.568098],[-43.7097205,-3.5597626],[-43.7378412,-3.5453349],[-43.7408395,-3.5362048],[-43.7518414,-3.5461206],[-43.7537023,-3.5369833],[-43.7742139,-3.5269754],[-43.8007378,-3.4753287]]]}},{"type":"Feature","properties":{"level":"municipio","municipality_code":"2107258","municipality_name":"Nova Colinas","uf":"MA","state_code":"21","area_km2":743.085},"geometry":{"type":"Polygon","coordinates":[[[-46.2247217,-7.0369167],[-46.0717953,-7.1598928],[-46.1980899,-7.257961],[-46.2449993,-7.3409216],[-46.2576622,-7.347878],[-46.2934168,-7.3384581],[-46.3063893,-7.3183922],[-46.3124717,-7.2839062],[-46.2997486,-7.2328013],[-46.3035629,-7.2227024],[-46.2931399,-7.1998466],[-46.4510456,-7.0664507],[-46.4043493,-6.9985289],[-46.3417541,-6.9986162],[-46.2247217,-7.0369167]]]}},{"type":"Feature","properties":{"level":"municipio","municipality_code":"2107308","municipality_name":"Nova Iorque","uf":"MA","state_code":"21","area_km2":978.34},"geometry":{"type":"Polygon","coordinates":[[[-43.9877336,-6.7572779],[-44.0533707,-6.7683088],[-44.0590626,-6.8084375],[-44.0696971,-6.8213775],[-44.0888742,-6.8033012],[-44.1162756,-6.8057859],[-44.1130397,-6.8231556],[-44.0987098,-6.8399437],[-44.1006495,-6.8511421],[-44.1072079,-6.8577724],[-44.1141775,-6.8528702],[-44.1198982,-6.8327888],[-44.1391727,-6.8641072],[-44.1634808,-6.8745213],[-44.1758483,-6.895606],[-44.1750389,-6.9251698],[-44.1986023,-6.9297624],[-44.2081719,-6.9699452],[-44.2359545,-6.9987123],[-44.2492751,-7.0005408],[-44.2532427,-6.9762029],[-44.2731445,-6.9561033],[-44.289359,-6.9577174],[-44.3058776,-6.9426193],[-44.3227106,-6.9437608],[-44.328933,-6.9371376],[-44.2147335,-6.7436428],[-43.7908571,-6.5450926],[-43.7538213,-6.703488],[-43.7748432,-6.7149366],[-43.7950637,-6.7020718],[-43.8081859,-6.720273],[-43.8537609,-6.7356117],[-43.879918,-6.7577824],[-43.9137943,-6.7526615],[-43.9323716,-6.7719957],[-43.9612097,-6.7418984],[-43.9877336,-6.7572779]]]}},{"type":"Feature","properties":{"level":"municipio","municipality_code":"2107357","municipality_name":"Nova Olinda do Maranhão","uf":"MA","state_code":"21","area_km2":2452.615},"geometry":{"type":"Polygon","coordinates":[[[-45.6418107,-2.6555187],[-45.6379677,-2.9026623],[-45.6510093,-2.8847308],[-45.6576197,-2.886421],[-45.6434717,-2.9106702],[-45.6554306,-2.9173362],[-45.6696937,-2.9080057],[-45.6581793,-2.9360803],[-45.6637513,-2.9443251],[-45.6756246,-2.9312403],[-45.6940969,-2.9470809],[-45.7037974,-2.9420059],[-45.7139465,-2.948804],[-45.7401038,-2.9261972],[-45.7463001,-2.9386801],[-45.7395149,-2.9669965],[-45.7485066,-2.952524],[-45.7574393,-2.9608183],[-45.7713278,-2.9487305],[-45.7910095,-2.948243],[-45.7910133,-2.95661],[-45.7821906,-2.9591669],[-45.7891986,-2.972532],[-45.7944361,-2.9669151],[-45.8010099,-2.9869841],[-45.8092482,-2.9672454],[-45.8200368,-2.9716943],[-45.8240837,-2.9580827],[-45.8406748,-2.9535345],[-45.8449063,-2.9607338],[-45.8385562,-2.9712567],[-45.8494255,-2.9783063],[-45.8470346,-2.9884796],[-45.8721726,-2.9919024],[-45.8687613,-2.9977407],[-45.8799705,-3.0056434],[-45.8906957,-3.0036382],[-45.9023965,-3.0275599],[-45.9187732,-3.0286906],[-45.9265362,-3.0210177],[-45.9322975,-3.0304098],[-45.923288,-3.03728],[-45.9305373,-3.052605],[-45.9433426,-3.0457336],[-45.9459117,-3.0670905],[-45.9596688,-3.0634975],[-45.9811537,-3.0785707],[-45.982393,-3.0707258],[-45.9889802,-3.0739435],[-46.0017203,-3.061731],[-46.0162703,-3.0805677],[-46.0278886,-3.0746202],[-46.0557255,-3.0940722],[-46.0613178,-3.1107111],[-46.0753684,-3.1042842],[-46.0812553,-3.1179995],[-46.0941315,-3.1237134],[-46.0928466,-3.1423268],[-46.1045989,-3.1500997],[-46.2011237,-3.1670853],[-46.2250164,-3.1583174],[-46.2406242,-3.1664117],[-46.2476717,-3.1572474],[-46.2667132,-3.1591415],[-46.2744851,-3.188129],[-46.310809,-3.1907641],[-46.3497284,-3.2139403],[-46.391162,-3.273745],[-46.4007932,-3.2120626],[-46.3791366,-3.1659646],[-46.2908457,-3.0756295],[-46.2062191,-3.0305038],[-46.190002,-3.0106233],[-46.1791492,-2.9581744],[-46.1225639,-2.9072275],[-46.1316286,-2.8654346],[-46.0916921,-2.8077642],[-46.0908137,-2.7836863],[-46.0691864,-2.7411906],[-46.0799559,-2.7140461],[-46.0644074,-2.6863442],[-45.9795445,-2.6941913],[-45.7981109,-2.6486838],[-45.7549144,-2.6207292],[-45.6418107,-2.6555187]]]}},{"type":"Feature","properties":{"level":"municipio","municipality_code":"2107407","municipality_name":"Olho d'Água das Cunhãs","uf":"MA","state_code":"21","area_km2":695.333},"geometry":{"type":"Polygon","coordinates":[[[-45.2094124,-4.0660284],[-45.2069872,-3.9719074],[-45.0736548,-3.917303],[-45.0860436,-3.9335345],[-45.0630951,-3.9305831],[-45.0540456,-3.951966],[-45.0346103,-3.9520299],[-45.010205,-3.9644515],[-45.0085341,-3.9826465],[-45.029019,-4.0411538],[-45.019965,-4.0578755],[-45.0149122,-4.1159324],[-45.0039995,-4.1311128],[-45.0120542,-4.1287508],[-45.0267349,-4.1466743],[-45.0255446,-4.1562892],[-45.0368401,-4.1674823],[-45.0342684,-4.1829945],[-45.0870372,-4.2029161],[-45.0851341,-4.2220478],[-45.0981503,-4.2403943],[-45.0875684,-4.2552587],[-45.0893339,-4.2716507],[-45.1146376,-4.2948697],[-45.1067243,-4.3288365],[-45.2039954,-4.197432],[-45.1975514,-4.1891173],[-45.210435,-4.1843096],[-45.215676,-4.164256],[-45.2395995,-4.1486324],[-45.2526908,-4.1486088],[-45.2094124,-4.0660284]]]}},{"type":"Feature","properties":{"level":"municipio","municipality_code":"2107456","municipality_name":"Olinda Nova do Maranhão","uf":"MA","state_code":"21","area_km2":199.879},"geometry":{"type":"Polygon","coordinates":[[[-44.8929102,-3.0779142],[-45.045921,-3.0136343],[-45.0705279,-2.985397],[-45.0835254,-2.9310277],[-45.1198648,-2.936483],[-45.1256945,-2.9204957],[-45.0272196,-2.8876484],[-45.0183809,-2.898352],[-45.0175429,-2.9362923],[-44.9961296,-2.9250678],[-44.9903513,-2.9357599],[-44.966182,-2.9464192],[-44.962022,-2.9670994],[-44.9680707,-2.9720273],[-44.9358198,-2.9794539],[-44.9336531,-2.9882751],[-44.9422117,-2.9903308],[-44.9437606,-2.9964661],[-44.930856,-2.9926035],[-44.9222406,-3.0001305],[-44.9360964,-3.0243592],[-44.9189331,-3.0212339],[-44.9224935,-3.0354015],[-44.9096273,-3.0387149],[-44.9146588,-3.0460723],[-44.9076818,-3.0507018],[-44.9144081,-3.0512431],[-44.9032636,-3.0562384],[-44.8929102,-3.0779142]]]}},{"type":"Feature","properties":{"level":"municipio","municipality_code":"2107605","municipality_name":"Palmeirândia","uf":"MA","state_code":"21","area_km2":532.162},"geometry":{"type":"Polygon","coordinates":[[[-44.9445122,-2.6186168],[-44.8745439,-2.6267648],[-44.8780355,-2.6424864],[-44.8748414,-2.6374171],[-44.869552,-2.6475223],[-44.840268,-2.6593368],[-44.8748727,-2.6994163],[-45.1585317,-2.837054],[-45.1838776,-2.798418],[-45.1651002,-2.7674234],[-45.1291461,-2.7451704],[-45.1285618,-2.71764],[-45.1060772,-2.6799623],[-45.1123747,-2.6610236],[-45.0868901,-2.6514591],[-45.0944467,-2.6340821],[-45.0865,-2.6151439],[-45.0762296,-2.6100688],[-45.0709942,-2.5587214],[-45.0582146,-2.5582891],[-45.0541829,-2.5690235],[-45.0479268,-2.5680035],[-45.0498418,-2.5474752],[-45.0415495,-2.5421349],[-45.0257817,-2.5642174],[-44.9445122,-2.6186168]]]}},{"type":"Feature","properties":{"level":"municipio","municipality_code":"2107704","municipality_name":"Paraibano","uf":"MA","state_code":"21","area_km2":530.517},"geometry":{"type":"Polygon","coordinates":[[[-43.9271601,-6.5437876],[-44.0578533,-6.3695304],[-44.0997508,-6.3514555],[-43.9663217,-6.2955741],[-43.9113074,-6.3003615],[-43.8592624,-6.2842883],[-43.8367334,-6.3453762],[-43.8383695,-6.3823096],[-43.8119226,-6.4283485],[-43.7843633,-6.454928],[-43.8087362,-6.467385],[-43.8211894,-6.5126982],[-43.8427906,-6.5169994],[-43.8723423,-6.5095063],[-43.9271601,-6.5437876]]]}},{"type":"Feature","properties":{"level":"municipio","municipality_code":"2107803","municipality_name":"Parnarama","uf":"MA","state_code":"21","area_km2":3246.503},"geometry":{"type":"Polygon","coordinates":[[[-43.0885602,-5.671597],[-43.0758068,-5.7354861],[-43.0941626,-5.7422411],[-43.1011671,-5.7586283],[-43.090417,-5.8078268],[-43.096525,-5.8297994],[-43.0749272,-5.8677147],[-43.0983819,-5.8996859],[-43.0964273,-5.9097102],[-43.5655497,-5.9130634],[-43.5717538,-5.8892748],[-43.5608484,-5.8912388],[-43.5602451,-5.8828109],[-43.5500051,-5.8790058],[-43.5447203,-5.8622431],[-43.5503855,-5.847548],[-43.5350571,-5.835151],[-43.5600641,-5.8045747],[-43.5602559,-5.7718927],[-43.5973239,-5.7733582],[-43.6123573,-5.7465146],[-43.5877835,-5.7148279],[-43.5870925,-5.7016281],[-43.5949642,-5.6897567],[-43.6061763,-5.6889554],[-43.6028235,-5.6757835],[-43.613997,-5.6625122],[-43.6389,-5.6544796],[-43.6508563,-5.636546],[-43.666376,-5.6315058],[-43.6690121,-5.5972708],[-43.7083122,-5.5954044],[-43.7134237,-5.5878705],[-43.7314612,-5.5913378],[-43.7390884,-5.5825565],[-43.7590991,-5.5898884],[-43.7857323,-5.5615586],[-43.8199868,-5.5511619],[-43.819328,-5.5374239],[-43.8538201,-5.5184433],[-43.8685176,-5.495248],[-43.8636106,-5.4818468],[-43.8739348,-5.4544983],[-43.8597437,-5.432116],[-43.8834622,-5.3869696],[-43.8765678,-5.3728182],[-43.882741,-5.3337563],[-43.8563441,-5.3018665],[-43.8154139,-5.2845311],[-43.7402395,-5.3083267],[-43.7581546,-5.3158413],[-43.7227426,-5.3855977],[-43.6250687,-5.3484784],[-43.5756007,-5.3758708],[-43.5747436,-5.3909847],[-43.5529048,-5.402498],[-43.536667,-5.4028413],[-43.5310909,-5.3955475],[-43.483234,-5.4124406],[-43.4574346,-5.4518765],[-43.4118587,-5.4527856],[-43.401096,-5.4596396],[-43.3764679,-5.5126021],[-43.3362425,-5.5638675],[-43.1839036,-5.6038632],[-43.0949125,-5.614898],[-43.0976489,-5.6267148],[-43.0804488,-5.6440748],[-43.0885602,-5.671597]]]}},{"type":"Feature","properties":{"level":"municipio","municipality_code":"2107902","municipality_name":"Passagem Franca","uf":"MA","state_code":"21","area_km2":1358.327},"geometry":{"type":"Polygon","coordinates":[[[-43.6129499,-6.3228832],[-43.8592624,-6.2842883],[-43.9180973,-6.3006992],[-43.9663217,-6.2955741],[-43.9802561,-6.2849279],[-43.9665424,-6.2595179],[-43.9583429,-6.2604993],[-43.959243,-6.1924452],[-43.9519806,-6.1874309],[-43.9538776,-6.1771864],[-43.9447473,-6.1790956],[-43.9306918,-6.0969847],[-43.9220192,-6.0875527],[-43.9299679,-6.0388815],[-43.9045001,-6.0047621],[-43.8444402,-6.0036676],[-43.8434073,-5.9958595],[-43.8255163,-5.9952531],[-43.8255347,-6.0057438],[-43.8033421,-5.9907132],[-43.749124,-5.9773865],[-43.7389507,-5.9822694],[-43.7036832,-5.9538809],[-43.7081096,-5.9469034],[-43.6952528,-5.9331577],[-43.6955668,-5.9150907],[-43.6827121,-5.9091463],[-43.6708292,-5.937466],[-43.6665598,-5.9973792],[-43.6408157,-6.0404282],[-43.6451417,-6.0489755],[-43.6236608,-6.0538341],[-43.5932911,-6.0991948],[-43.5468618,-6.1367501],[-43.547897,-6.1544974],[-43.5626992,-6.1661585],[-43.5390013,-6.1711072],[-43.5387117,-6.1772814],[-43.5557968,-6.1954222],[-43.5797084,-6.271227],[-43.609314,-6.300723],[-43.6129499,-6.3228832]]]}},{"type":"Feature","properties":{"level":"municipio","municipality_code":"2108009","municipality_name":"Pastos Bons","uf":"MA","state_code":"21","area_km2":1635.181},"geometry":{"type":"Polygon","coordinates":[[[-43.7908571,-6.5450926],[-44.2147335,-6.7436428],[-44.3275989,-6.9350275],[-44.3295175,-6.9196321],[-44.378265,-6.8766943],[-44.3885912,-6.8448763],[-44.4103233,-6.8325625],[-44.4014656,-6.8181473],[-44.4087553,-6.8095337],[-44.5074234,-6.7492921],[-44.1955442,-6.4857868],[-44.1856182,-6.4881964],[-44.1846923,-6.4766223],[-44.0578533,-6.3695304],[-43.9271601,-6.5437876],[-43.8723423,-6.5095063],[-43.8427906,-6.5169994],[-43.813252,-6.5077883],[-43.7908571,-6.5450926]]]}},{"type":"Feature","properties":{"level":"municipio","municipality_code":"2108058","municipality_name":"Paulino Neves","uf":"MA","state_code":"21","area_km2":979.482},"geometry":{"type":"Polygon","coordinates":[[[-42.4672881,-2.7496629],[-42.4675756,-2.7862342],[-42.4544282,-2.8031867],[-42.467709,-2.8314426],[-42.4451638,-2.8310318],[-42.5057757,-2.9181051],[-42.542132,-2.9275332],[-42.5719321,-2.9213511],[-42.5672818,-2.94694],[-42.5925811,-2.9699184],[-42.5881036,-2.9841015],[-42.5742798,-2.9910572],[-42.5732331,-3.0031676],[-42.6078079,-3.0316772],[-42.645056,-3.0399039],[-42.6804349,-3.0592196],[-42.7579533,-3.055827],[-42.754995,-3.0399362],[-42.7771439,-2.992095],[-42.7503317,-2.9025641],[-42.7383554,-2.9082439],[-42.7152384,-2.8880881],[-42.6415021,-2.6253252],[-42.5873554,-2.6690043],[-42.5613215,-2.6786391],[-42.5042444,-2.6781208],[-42.4938603,-2.7049288],[-42.4423299,-2.7237336],[-42.4336782,-2.7344819],[-42.4366724,-2.7471307],[-42.4672881,-2.7496629]]]}},{"type":"Feature","properties":{"level":"municipio","municipality_code":"2108108","municipality_name":"Paulo Ramos","uf":"MA","state_code":"21","area_km2":1168.609},"geometry":{"type":"Polygon","coordinates":[[[-45.2409467,-4.3937106],[-45.0936126,-4.4233066],[-45.1608885,-4.5188464],[-45.2134576,-4.5521902],[-45.195036,-4.5646081],[-45.2033809,-4.6014337],[-45.2410127,-4.6254413],[-45.2597116,-4.6498465],[-45.2932264,-4.6642148],[-45.313414,-4.6660284],[-45.3342017,-4.6567025],[-45.3639579,-4.63551],[-45.3591164,-4.6275217],[-45.3698367,-4.6184091],[-45.365706,-4.6065411],[-45.3881374,-4.5851288],[-45.437154,-4.5721459],[-45.4767341,-4.6126064],[-45.5072548,-4.6149991],[-45.5522581,-4.5956059],[-45.5665279,-4.6096665],[-45.5924571,-4.6076909],[-45.6097867,-4.5909716],[-45.6459179,-4.6259556],[-45.6864,-4.6262833],[-45.6802083,-4.61305],[-45.7142919,-4.5590506],[-45.7085341,-4.5590483],[-45.6983708,-4.5011985],[-45.6382716,-4.4839267],[-45.5937548,-4.5318758],[-45.5883773,-4.4698147],[-45.5261535,-4.4278425],[-45.4220052,-4.4408267],[-45.3351054,-4.4239321],[-45.2949103,-4.4242696],[-45.2409467,-4.3937106]]]}},{"type":"Feature","properties":{"level":"municipio","municipality_code":"2107506","municipality_name":"Paço do Lumiar","uf":"MA","state_code":"21","area_km2":127.193},"geometry":{"type":"Polygon","coordinates":[[[-44.1378954,-2.5543302],[-44.1907339,-2.5537543],[-44.1928398,-2.5462295],[-44.1782169,-2.5083588],[-44.1836911,-2.4609958],[-44.1738455,-2.4580434],[-44.1728883,-2.4756881],[-44.1527592,-2.4729208],[-44.1270008,-2.4561568],[-44.10917,-2.4550724],[-44.1000142,-2.4633394],[-44.0944087,-2.454666],[-44.0606609,-2.4613688],[-44.0770389,-2.4657942],[-44.0641105,-2.4726393],[-44.0583212,-2.4991938],[-44.0594553,-2.5233977],[-44.0732814,-2.525023],[-44.0771052,-2.5423367],[-44.1378954,-2.5543302]]]}},{"type":"Feature","properties":{"level":"municipio","municipality_code":"2108207","municipality_name":"Pedreiras","uf":"MA","state_code":"21","area_km2":261.814},"geometry":{"type":"Polygon","coordinates":[[[-44.5693739,-4.746526],[-44.5883542,-4.7261012],[-44.5759539,-4.7083368],[-44.5911465,-4.6931712],[-44.578258,-4.6821707],[-44.5950638,-4.6716233],[-44.5935823,-4.6591776],[-44.6448331,-4.6484518],[-44.6914834,-4.6588187],[-44.7252665,-4.6507449],[-44.6490202,-4.6403355],[-44.6596322,-4.6330179],[-44.6597656,-4.6099867],[-44.6358255,-4.5909008],[-44.6397283,-4.5761282],[-44.6287991,-4.5859547],[-44.6059502,-4.5717688],[-44.6069289,-4.5551906],[-44.6178179,-4.5451885],[-44.613361,-4.53279],[-44.6062892,-4.5342679],[-44.6133429,-4.5176577],[-44.6054252,-4.5143424],[-44.6075577,-4.4996545],[-44.5969792,-4.4857212],[-44.607482,-4.460336],[-44.5989599,-4.4505312],[-44.5786438,-4.4624594],[-44.584107,-4.4959982],[-44.5744737,-4.5204701],[-44.5431165,-4.5325653],[-44.5401258,-4.5725439],[-44.5275845,-4.5789675],[-44.523481,-4.6044928],[-44.4952077,-4.6192697],[-44.4989608,-4.643694],[-44.4857542,-4.6504375],[-44.5729564,-4.7086953],[-44.5793448,-4.7312809],[-44.5737224,-4.7372055],[-44.5689955,-4.7450765],[-44.5637678,-4.7674246],[-44.6011578,-4.8078208],[-44.6139084,-4.8096005],[-44.6332666,-4.8285645],[-44.6386387,-4.8625012],[-44.6485021,-4.8452871],[-44.6407557,-4.841886],[-44.6464539,-4.8168899],[-44.6091012,-4.8025947],[-44.6042067,-4.783272],[-44.5793644,-4.7811958],[-44.5786022,-4.767569],[-44.5696527,-4.7675454],[-44.5755432,-4.7552901],[-44.5693739,-4.746526]]]}},{"type":"Feature","properties":{"level":"municipio","municipality_code":"2108256","municipality_name":"Pedro do Rosário","uf":"MA","state_code":"21","area_km2":1753.867},"geometry":{"type":"Polygon","coordinates":[[[-45.2147195,-2.9264738],[-45.2307848,-3.0123961],[-45.2765684,-3.0585584],[-45.2786689,-3.0793881],[-45.358724,-3.1772371],[-45.5801918,-3.2389172],[-45.6035231,-3.1739489],[-45.6235149,-3.0619052],[-45.6361637,-2.8941991],[-45.595492,-2.8660625],[-45.5706135,-2.8937332],[-45.5672151,-2.8717736],[-45.5581331,-2.8719775],[-45.5551299,-2.8894799],[-45.5492363,-2.876684],[-45.5593399,-2.8557935],[-45.5352516,-2.8493022],[-45.5076425,-2.8675141],[-45.517193,-2.8312147],[-45.4945853,-2.8399126],[-45.4920561,-2.8608648],[-45.4767698,-2.8625087],[-45.4726893,-2.8197387],[-45.4525454,-2.8212195],[-45.4369086,-2.8039158],[-45.4447459,-2.8078339],[-45.4499366,-2.7983942],[-45.4374978,-2.7903129],[-45.4428933,-2.7734728],[-45.4568663,-2.7709518],[-45.4589319,-2.7480054],[-45.464133,-2.7522481],[-45.4667297,-2.7477529],[-45.4554364,-2.7419403],[-45.4544373,-2.7509763],[-45.4314918,-2.7525826],[-45.4252438,-2.743585],[-45.4026555,-2.7379322],[-45.3855769,-2.7430067],[-45.3845719,-2.7562528],[-45.3712143,-2.7714679],[-45.3648974,-2.7498967],[-45.3529554,-2.7461985],[-45.3311602,-2.7758713],[-45.3044376,-2.7858505],[-45.2808029,-2.8071602],[-45.2506872,-2.8041121],[-45.2198959,-2.8134167],[-45.2297796,-2.8334183],[-45.2188897,-2.9071367],[-45.2096335,-2.9208915],[-45.185212,-2.921578],[-45.1835957,-2.9265256],[-45.1931918,-2.9260396],[-45.1879162,-2.9331747],[-45.1917067,-2.9370434],[-45.2011621,-2.924189],[-45.2147195,-2.9264738]]]}},{"type":"Feature","properties":{"level":"municipio","municipality_code":"2108306","municipality_name":"Penalva","uf":"MA","state_code":"21","area_km2":800.916},"geometry":{"type":"Polygon","coordinates":[[[-45.267524,-3.1363211],[-45.1450128,-3.1807743],[-45.1388713,-3.1938088],[-45.1456464,-3.2073416],[-45.1342684,-3.2013589],[-45.0883171,-3.2478436],[-45.093809,-3.2509204],[-45.0925344,-3.2562749],[-45.0793765,-3.2488277],[-45.073026,-3.2644312],[-45.1299581,-3.3265225],[-45.2151719,-3.3322006],[-45.2546845,-3.3213164],[-45.2603384,-3.3713483],[-45.3353161,-3.3407097],[-45.363585,-3.3661833],[-45.4508688,-3.2963352],[-45.5801918,-3.2389172],[-45.358724,-3.1772371],[-45.3194345,-3.1256607],[-45.267524,-3.1363211]]]}},{"type":"Feature","properties":{"level":"municipio","municipality_code":"2108405","municipality_name":"Peri Mirim","uf":"MA","state_code":"21","area_km2":397.993},"geometry":{"type":"Polygon","coordinates":[[[-44.9445122,-2.6186168],[-45.0257817,-2.5642174],[-45.0415495,-2.5421349],[-45.0296026,-2.5453414],[-45.0277963,-2.5336597],[-45.0418571,-2.5287515],[-45.0460183,-2.5119659],[-45.0397291,-2.5095128],[-45.0509596,-2.4886365],[-45.0385743,-2.4699328],[-45.0340204,-2.4766393],[-45.0401865,-2.4906097],[-45.0251266,-2.4837988],[-45.0225443,-2.494457],[-45.0179027,-2.4702811],[-45.0028861,-2.4649151],[-44.9941009,-2.4781956],[-44.9904147,-2.4621247],[-44.9816547,-2.4661419],[-44.9647401,-2.4549414],[-44.9367153,-2.5111956],[-44.9219244,-2.5193219],[-44.8758079,-2.5235306],[-44.8335759,-2.5150891],[-44.8353542,-2.5283834],[-44.8134535,-2.5326244],[-44.8123948,-2.5865269],[-44.7485808,-2.5854536],[-44.7358973,-2.6101134],[-44.7163048,-2.6152204],[-44.7104347,-2.6249806],[-44.7378522,-2.6292119],[-44.7861339,-2.669471],[-44.8199606,-2.6731988],[-44.869552,-2.6475223],[-44.8748414,-2.6374171],[-44.8780355,-2.6424864],[-44.8745439,-2.6267648],[-44.9445122,-2.6186168]]]}},{"type":"Feature","properties":{"level":"municipio","municipality_code":"2108454","municipality_name":"Peritoró","uf":"MA","state_code":"21","area_km2":824.721},"geometry":{"type":"Polygon","coordinates":[[[-44.2675083,-4.2776734],[-44.1803021,-4.3365103],[-44.0874785,-4.505704],[-44.347572,-4.5582184],[-44.4307995,-4.4808098],[-44.4236373,-4.415348],[-44.3958575,-4.3180761],[-44.4067056,-4.3212761],[-44.4019216,-4.3003591],[-44.3565,-4.2683973],[-44.2675083,-4.2776734]]]}},{"type":"Feature","properties":{"level":"municipio","municipality_code":"2108504","municipality_name":"Pindaré-Mirim","uf":"MA","state_code":"21","area_km2":268.285},"geometry":{"type":"Polygon","coordinates":[[[-45.3454038,-3.6031618],[-45.308833,-3.5942144],[-45.2987761,-3.5836646],[-45.3079924,-3.5760765],[-45.3036267,-3.5642393],[-45.2902742,-3.5591881],[-45.2975254,-3.568576],[-45.2894093,-3.5778224],[-45.2848899,-3.5690431],[-45.2803449,-3.5706809],[-45.279715,-3.5971776],[-45.3011564,-3.6127483],[-45.3056798,-3.6376485],[-45.3315514,-3.63358],[-45.357934,-3.6395947],[-45.3820386,-3.630275],[-45.4033856,-3.65054],[-45.4260662,-3.7269301],[-45.490826,-3.8243238],[-45.5283241,-3.8518862],[-45.5373357,-3.7012028],[-45.510323,-3.7047322],[-45.49834,-3.6979731],[-45.4731522,-3.6778458],[-45.4810617,-3.6691274],[-45.4615363,-3.6562839],[-45.4665366,-3.647462],[-45.4607348,-3.6464578],[-45.4609681,-3.6332393],[-45.4341818,-3.6180478],[-45.4235324,-3.6266943],[-45.4161647,-3.61308],[-45.398726,-3.6107354],[-45.3949682,-3.6047081],[-45.4082598,-3.6010026],[-45.3986164,-3.5964081],[-45.4042921,-3.5764552],[-45.3910055,-3.560479],[-45.3854737,-3.5737811],[-45.3533748,-3.5786076],[-45.3454038,-3.6031618]]]}},{"type":"Feature","properties":{"level":"municipio","municipality_code":"2108603","municipality_name":"Pinheiro","uf":"MA","state_code":"21","area_km2":1512.969},"geometry":{"type":"Polygon","coordinates":[[[-45.0456946,-2.5430204],[-45.0479268,-2.5680035],[-45.0541829,-2.5690235],[-45.0582146,-2.5582891],[-45.0728352,-2.56126],[-45.0762296,-2.6100688],[-45.0865,-2.6151439],[-45.0944467,-2.6340821],[-45.0868901,-2.6514591],[-45.1123747,-2.6610236],[-45.1060772,-2.6799623],[-45.1285618,-2.71764],[-45.1291461,-2.7451704],[-45.1651002,-2.7674234],[-45.1843535,-2.7994699],[-45.1775483,-2.8124873],[-45.1927678,-2.806236],[-45.1881319,-2.8137813],[-45.193911,-2.8192078],[-45.2506872,-2.8041121],[-45.2808029,-2.8071602],[-45.3044376,-2.7858505],[-45.3297756,-2.7770307],[-45.3410582,-2.754295],[-45.3577282,-2.7455961],[-45.2758546,-2.7012556],[-45.2427614,-2.4879356],[-45.2579587,-2.4749872],[-45.2747175,-2.4411783],[-45.2972963,-2.4283418],[-45.3004116,-2.4110088],[-45.160514,-2.3473277],[-45.0268912,-2.208038],[-44.9671182,-2.170878],[-44.9658608,-2.2510472],[-44.9348891,-2.2334436],[-44.9348848,-2.3295732],[-44.9234426,-2.3607704],[-44.8983097,-2.3848146],[-44.916549,-2.3912091],[-44.9272672,-2.4124572],[-44.9553822,-2.4271047],[-44.9592435,-2.4594616],[-44.9904147,-2.4621247],[-44.9941009,-2.4781956],[-45.0028861,-2.4649151],[-45.0162107,-2.4691853],[-45.0225443,-2.494457],[-45.0251266,-2.4837988],[-45.0401865,-2.4906097],[-45.0340204,-2.4766393],[-45.0400479,-2.471281],[-45.0509596,-2.4886365],[-45.0397291,-2.5095128],[-45.0460183,-2.5119659],[-45.0418571,-2.5287515],[-45.0277963,-2.5336597],[-45.0296026,-2.5453414],[-45.0456946,-2.5430204]]]}},{"type":"Feature","properties":{"level":"municipio","municipality_code":"2108702","municipality_name":"Pio XII","uf":"MA","state_code":"21","area_km2":545.217},"geometry":{"type":"Polygon","coordinates":[[[-45.0483493,-3.7223329],[-45.047061,-3.7170098],[-44.9569034,-3.8731791],[-44.972863,-3.903836],[-45.0044672,-3.9423901],[-45.010205,-3.9644515],[-45.0346103,-3.9520299],[-45.0540456,-3.951966],[-45.0630951,-3.9305831],[-45.0860436,-3.9335345],[-45.0736548,-3.917303],[-45.2069872,-3.9719074],[-45.2085699,-4.0331886],[-45.2200409,-4.0315004],[-45.1985868,-3.8087776],[-45.1778926,-3.7888818],[-45.1697238,-3.7894374],[-45.1726574,-3.7781004],[-45.1596061,-3.7668304],[-45.1463157,-3.7313106],[-45.1367199,-3.7286428],[-45.111323,-3.7488495],[-45.099663,-3.7284099],[-45.0884523,-3.7342405],[-45.0883842,-3.7225729],[-45.0772825,-3.7193444],[-45.0822132,-3.714039],[-45.0647431,-3.7171244],[-45.0589875,-3.7095976],[-45.0483493,-3.7223329]]]}},{"type":"Feature","properties":{"level":"municipio","municipality_code":"2108801","municipality_name":"Pirapemas","uf":"MA","state_code":"21","area_km2":688.761},"geometry":{"type":"Polygon","coordinates":[[[-44.1892446,-3.9284631],[-44.3536676,-3.8489275],[-44.3457378,-3.8402935],[-44.3513199,-3.8273458],[-44.3462356,-3.808089],[-44.3343182,-3.8045248],[-44.3357905,-3.7904687],[-44.3173176,-3.7717276],[-44.3015363,-3.7667927],[-44.2926782,-3.7725794],[-44.285861,-3.7646238],[-44.2755114,-3.7706246],[-44.2602862,-3.7562541],[-44.2715399,-3.7385025],[-44.2633398,-3.725412],[-44.2812346,-3.7263671],[-44.2920405,-3.7016275],[-44.2774,-3.7060333],[-44.261909,-3.6937471],[-44.2086811,-3.7073078],[-44.2053178,-3.7149186],[-44.1835719,-3.6960166],[-44.1546765,-3.6519041],[-44.1396195,-3.6483446],[-44.1364766,-3.6294467],[-44.0978077,-3.6234214],[-44.0482144,-3.7040126],[-43.9927638,-3.8424361],[-44.1554957,-3.8368367],[-44.1659732,-3.9104703],[-44.1892446,-3.9284631]]]}},{"type":"Feature","properties":{"level":"municipio","municipality_code":"2109007","municipality_name":"Porto Franco","uf":"MA","state_code":"21","area_km2":1421.011},"geometry":{"type":"Polygon","coordinates":[[[-47.3872198,-6.5139699],[-47.4057645,-6.4971473],[-47.4250368,-6.5039248],[-47.4163425,-6.4838766],[-47.4342057,-6.4311886],[-47.4099549,-6.3696555],[-47.4086249,-6.3280669],[-47.3786439,-6.2727583],[-47.3807457,-6.2500226],[-47.3423915,-6.2420352],[-47.3219469,-6.255284],[-47.3026947,-6.2512109],[-47.2696914,-6.2875673],[-47.117661,-6.234541],[-47.093686,-6.213962],[-47.043232,-6.197515],[-47.0461606,-6.2125469],[-47.0295808,-6.2062503],[-47.0272662,-6.2171229],[-46.9824381,-6.2184924],[-46.9845297,-6.2351781],[-46.9638401,-6.2291981],[-46.9631117,-6.2389132],[-46.9506399,-6.2250803],[-46.9421116,-6.2292195],[-46.940353,-6.2153127],[-46.937185,-6.2217245],[-46.9195138,-6.2198763],[-46.917525,-6.2084132],[-46.9013081,-6.2049834],[-46.8959429,-6.2107423],[-46.8917837,-6.2002935],[-46.8553971,-6.1890891],[-46.8476664,-6.1951306],[-46.8541295,-6.2039331],[-46.8464774,-6.2032985],[-46.8320514,-6.2209721],[-46.8135337,-6.2239271],[-46.8056943,-6.2350688],[-46.8096506,-6.2905348],[-46.794953,-6.2977582],[-46.7889843,-6.3282995],[-46.7651722,-6.3554035],[-46.8438666,-6.3186604],[-46.8507822,-6.2930424],[-46.8676277,-6.2864202],[-46.9076456,-6.2969824],[-46.9178079,-6.2923804],[-46.9208799,-6.2982202],[-46.927366,-6.2853814],[-46.9333509,-6.2908166],[-46.9312297,-6.2781103],[-46.9531192,-6.272988],[-46.9566216,-6.2784965],[-46.9704697,-6.2690248],[-46.983321,-6.2813166],[-46.9953602,-6.271411],[-47.0272656,-6.2867102],[-47.0192431,-6.3117562],[-47.0257287,-6.3137082],[-47.0288756,-6.3347046],[-47.0390151,-6.3372138],[-47.040197,-6.3502183],[-47.0556016,-6.3595257],[-47.0599892,-6.3788359],[-47.1250573,-6.3839303],[-47.1405913,-6.4236613],[-47.1056341,-6.4397691],[-47.0690506,-6.5463503],[-47.1455912,-6.520705],[-47.1624632,-6.5279134],[-47.187685,-6.5559839],[-47.2159713,-6.5677633],[-47.2126036,-6.5768808],[-47.2277338,-6.5712874],[-47.2340125,-6.5790427],[-47.24433,-6.5623865],[-47.2714589,-6.5630499],[-47.2997063,-6.5343498],[-47.316469,-6.5422924],[-47.3412008,-6.5216112],[-47.3405756,-6.5128072],[-47.3551093,-6.5119635],[-47.3605561,-6.5193595],[-47.3872198,-6.5139699]]]}},{"type":"Feature","properties":{"level":"municipio","municipality_code":"2109056","municipality_name":"Porto Rico do Maranhão","uf":"MA","state_code":"21","area_km2":244.979},"geometry":{"type":"Polygon","coordinates":[[[-44.620264,-1.9204043],[-44.6209645,-1.9313653],[-44.6379733,-1.9441467],[-44.6161392,-1.9683691],[-44.6513779,-1.9902442],[-44.6786484,-1.9826154],[-44.6964524,-1.9892022],[-44.6977884,-1.9679503],[-44.7048599,-1.966947],[-44.6991551,-1.9511051],[-44.7033569,-1.9203851],[-44.715999,-1.924649],[-44.717154,-1.909894],[-44.7266,-1.912596],[-44.7264965,-1.8964876],[-44.7346161,-1.8978766],[-44.7243889,-1.87727],[-44.7161704,-1.875313],[-44.7172484,-1.8872852],[-44.7087948,-1.8768294],[-44.6666628,-1.8630816],[-44.6579551,-1.8370954],[-44.6228101,-1.8215063],[-44.625954,-1.7819847],[-44.6152965,-1.763342],[-44.5733624,-1.7751954],[-44.5906653,-1.7821546],[-44.5640392,-1.8035814],[-44.5641407,-1.8356801],[-44.5520026,-1.8385844],[-44.5437522,-1.8195118],[-44.5333177,-1.8243225],[-44.5516833,-1.8884874],[-44.5648018,-1.8962764],[-44.5776653,-1.8903286],[-44.5989929,-1.8958362],[-44.620264,-1.9204043]]]}},{"type":"Feature","properties":{"level":"municipio","municipality_code":"2108900","municipality_name":"Poção de Pedras","uf":"MA","state_code":"21","area_km2":990.663},"geometry":{"type":"Polygon","coordinates":[[[-44.9758059,-4.690961],[-44.7553482,-4.7113293],[-44.7565809,-4.7175833],[-44.5763533,-4.766667],[-44.5767942,-4.7767401],[-44.587756,-4.7854757],[-44.6042067,-4.783272],[-44.6084934,-4.8019278],[-44.6248599,-4.8120889],[-44.644674,-4.8133161],[-44.6435437,-4.855025],[-44.7238699,-4.847453],[-44.7483915,-4.8564165],[-44.7483862,-4.8706891],[-44.7622237,-4.8784962],[-44.8207823,-4.8401188],[-44.9853782,-4.8246197],[-45.0363604,-4.8747458],[-45.0312749,-4.8959675],[-45.0407705,-4.9122611],[-45.1185245,-4.9402496],[-45.1252512,-4.9131567],[-45.1559601,-4.8616718],[-45.1447432,-4.7410902],[-44.9833608,-4.6642125],[-44.9846348,-4.6394492],[-44.9579472,-4.6525515],[-44.9786853,-4.6712438],[-44.9758059,-4.690961]]]}},{"type":"Feature","properties":{"level":"municipio","municipality_code":"2109106","municipality_name":"Presidente Dutra","uf":"MA","state_code":"21","area_km2":771.574},"geometry":{"type":"Polygon","coordinates":[[[-44.4646556,-5.4551134],[-44.4813816,-5.4636827],[-44.4831946,-5.4500095],[-44.5011593,-5.4471378],[-44.5089061,-5.4512116],[-44.5092401,-5.4725822],[-44.5331894,-5.4661699],[-44.5489873,-5.4172085],[-44.5463047,-5.3975847],[-44.5608759,-5.3822314],[-44.5644348,-5.3553626],[-44.5391501,-5.3309028],[-44.5534896,-5.3219929],[-44.5546565,-5.3024228],[-44.5853805,-5.294486],[-44.5665849,-5.277819],[-44.569532,-5.251442],[-44.5537494,-5.246018],[-44.5390369,-5.2201836],[-44.5436831,-5.1637616],[-44.5173271,-5.1153247],[-44.5007883,-5.1102692],[-44.4896235,-5.1264558],[-44.4550406,-5.1492932],[-44.4604571,-5.1232156],[-44.4554215,-5.0806681],[-44.448029,-5.0834155],[-44.4509389,-5.105318],[-44.4436907,-5.0977054],[-44.423309,-5.1228673],[-44.3912495,-5.1034303],[-44.3672523,-5.1128484],[-44.3499605,-5.1102093],[-44.3686221,-5.1375052],[-44.3642932,-5.1434007],[-44.3488162,-5.1385344],[-44.3445784,-5.1624882],[-44.3621226,-5.1754808],[-44.3409467,-5.195966],[-44.3697916,-5.2236665],[-44.3453787,-5.3118668],[-44.3582501,-5.325683],[-44.3626838,-5.3545391],[-44.3835038,-5.3662937],[-44.3714176,-5.3672058],[-44.3695824,-5.3761865],[-44.3986004,-5.387509],[-44.4072119,-5.4180862],[-44.4008216,-5.445782],[-44.428954,-5.4489779],[-44.428489,-5.4787371],[-44.4406821,-5.4841413],[-44.4460202,-5.4970261],[-44.4646556,-5.4551134]]]}},{"type":"Feature","properties":{"level":"municipio","municipality_code":"2109205","municipality_name":"Presidente Juscelino","uf":"MA","state_code":"21","area_km2":355.568},"geometry":{"type":"Polygon","coordinates":[[[-44.0647887,-3.1874674],[-44.1021938,-3.2185399],[-44.0915781,-3.1984854],[-44.1205441,-3.192591],[-44.1200432,-3.166725],[-44.1334609,-3.1673693],[-44.1459572,-3.1549912],[-44.1319239,-3.1539078],[-44.1254586,-3.1376183],[-44.1301942,-3.1060619],[-44.1127427,-3.097781],[-44.1319199,-3.0895904],[-44.134292,-3.0752107],[-44.1585696,-3.073677],[-44.1406254,-3.0401034],[-44.1395101,-3.0173239],[-44.1538115,-3.0136014],[-44.1543879,-3.0004118],[-44.1434573,-2.9917184],[-44.1409994,-2.963894],[-44.1249439,-2.9600187],[-44.1212762,-2.9496667],[-44.1367061,-2.9477241],[-44.0595791,-2.9055414],[-44.0581159,-2.9218449],[-44.0650331,-2.9296936],[-44.0594398,-2.9328936],[-44.073925,-2.9495695],[-44.0683597,-2.952536],[-44.0741601,-2.9649243],[-44.0611375,-2.9703747],[-44.0619779,-2.9824295],[-44.0725405,-2.9892064],[-44.0712882,-2.9990053],[-44.0882977,-3.0221855],[-44.0778597,-3.0175829],[-44.0780921,-3.0329375],[-44.0521317,-3.0335505],[-44.0550429,-3.0399047],[-44.0428601,-3.0431737],[-44.0519244,-3.0498128],[-44.0400747,-3.0498938],[-44.0337997,-3.071455],[-44.0027267,-3.0614944],[-43.986023,-3.0804407],[-44.015862,-3.1008982],[-43.9931216,-3.1186306],[-44.001706,-3.1436181],[-43.9943476,-3.1428583],[-43.9979143,-3.1589024],[-44.0085159,-3.1594844],[-44.013818,-3.1716107],[-44.0068285,-3.1851779],[-44.0315456,-3.1873327],[-44.0439252,-3.2099255],[-44.0330077,-3.2253063],[-44.0418376,-3.2411544],[-44.0300492,-3.2552393],[-44.0296327,-3.2906594],[-44.0471444,-3.2905931],[-44.0647887,-3.1874674]]]}},{"type":"Feature","properties":{"level":"municipio","municipality_code":"2109239","municipality_name":"Presidente Médici","uf":"MA","state_code":"21","area_km2":437.687},"geometry":{"type":"Polygon","coordinates":[[[-45.8524094,-2.3454411],[-45.8319992,-2.2287747],[-45.8050159,-2.2020488],[-45.775607,-2.1872044],[-45.7430063,-2.1896585],[-45.7096485,-2.2437535],[-45.6839263,-2.2268477],[-45.6841573,-2.3291466],[-45.6390956,-2.3601698],[-45.8035453,-2.4268662],[-45.9039532,-2.4294935],[-45.9006338,-2.4142728],[-45.8524094,-2.3454411]]]}},{"type":"Feature","properties":{"level":"municipio","municipality_code":"2109270","municipality_name":"Presidente Sarney","uf":"MA","state_code":"21","area_km2":726.176},"geometry":{"type":"Polygon","coordinates":[[[-45.4018808,-2.7382182],[-45.4252438,-2.743585],[-45.4314918,-2.7525826],[-45.4544373,-2.7509763],[-45.4554364,-2.7419403],[-45.4714282,-2.7471925],[-45.4630411,-2.7172659],[-45.457201,-2.7183424],[-45.4725596,-2.6858747],[-45.4570888,-2.6811397],[-45.4721572,-2.6590856],[-45.4649265,-2.6489974],[-45.452502,-2.6484235],[-45.4443573,-2.6260482],[-45.450198,-2.6204628],[-45.4481118,-2.5949359],[-45.4392765,-2.5891061],[-45.4462028,-2.5857411],[-45.4340765,-2.5735923],[-45.4746928,-2.5516371],[-45.4683498,-2.5472388],[-45.4703601,-2.5311986],[-45.4865762,-2.5261653],[-45.4825408,-2.5166872],[-45.4939562,-2.5030138],[-45.4830828,-2.4900141],[-45.3004116,-2.4110088],[-45.2972963,-2.4283418],[-45.2747175,-2.4411783],[-45.2579587,-2.4749872],[-45.2427614,-2.4879356],[-45.2758546,-2.7012556],[-45.3610876,-2.7461809],[-45.3685772,-2.7707415],[-45.3831346,-2.7587552],[-45.3855769,-2.7430067],[-45.4018808,-2.7382182]]]}},{"type":"Feature","properties":{"level":"municipio","municipality_code":"2109304","municipality_name":"Presidente Vargas","uf":"MA","state_code":"21","area_km2":460.004},"geometry":{"type":"Polygon","coordinates":[[[-43.9799575,-3.5183943],[-44.0169637,-3.5070115],[-44.050684,-3.4817247],[-44.0860552,-3.4804405],[-44.0685817,-3.4565778],[-44.0573519,-3.3641437],[-44.0385595,-3.3355564],[-44.0471444,-3.2905931],[-44.0291413,-3.2911573],[-43.7601928,-3.1829704],[-43.9439887,-3.4181388],[-43.9475528,-3.4114177],[-43.9586621,-3.4194505],[-43.974067,-3.4552829],[-43.9947984,-3.4792945],[-43.9749724,-3.5084965],[-43.9799575,-3.5183943]]]}},{"type":"Feature","properties":{"level":"municipio","municipality_code":"2109403","municipality_name":"Primeira Cruz","uf":"MA","state_code":"21","area_km2":1337.161},"geometry":{"type":"Polygon","coordinates":[[[-43.2978485,-3.0214673],[-43.4581462,-2.9855744],[-43.4278563,-2.9521672],[-43.4175277,-2.9167333],[-43.4215882,-2.900597],[-43.4551008,-2.8966722],[-43.4592801,-2.8767581],[-43.4615962,-2.832837],[-43.4381891,-2.7773094],[-43.4467299,-2.745358],[-43.4395541,-2.7297679],[-43.4441166,-2.6908701],[-43.4344483,-2.6325324],[-43.4513692,-2.6256118],[-43.4443041,-2.6052052],[-43.4622525,-2.593628],[-43.4420354,-2.5667618],[-43.4495032,-2.5591015],[-43.4617327,-2.486414],[-43.4519588,-2.4437993],[-43.4842106,-2.3781687],[-43.4605695,-2.3503544],[-43.4027762,-2.3354842],[-43.3718435,-2.3470684],[-43.3296137,-2.3432298],[-43.3148269,-2.3662614],[-43.3264419,-2.3782856],[-43.3181771,-2.3846418],[-43.3045981,-2.4761974],[-43.3303972,-2.4790037],[-43.3400982,-2.4918868],[-43.340956,-2.5003688],[-43.3225286,-2.5033674],[-43.3346737,-2.5107276],[-43.331416,-2.5178945],[-43.3416374,-2.5193124],[-43.3371822,-2.5465508],[-43.3471178,-2.5547834],[-43.3224562,-2.6046195],[-43.3190675,-2.6426105],[-43.2558455,-2.7353235],[-43.2843376,-2.7816727],[-43.2840958,-2.7991705],[-43.2255075,-2.8952076],[-43.2126014,-2.934164],[-43.1856273,-2.9589494],[-43.2978485,-3.0214673]]]}},{"type":"Feature","properties":{"level":"municipio","municipality_code":"2109452","municipality_name":"Raposa","uf":"MA","state_code":"21","area_km2":79.213},"geometry":{"type":"Polygon","coordinates":[[[-44.1096972,-2.4549727],[-44.1728883,-2.4756881],[-44.1738455,-2.4580434],[-44.154362,-2.4359414],[-44.0946029,-2.4066045],[-44.0306281,-2.4073486],[-44.0238281,-2.4487252],[-44.0457712,-2.4535207],[-44.0610965,-2.4863466],[-44.0642285,-2.4724749],[-44.0756511,-2.4687609],[-44.0770389,-2.4657942],[-44.063541,-2.4670239],[-44.0625858,-2.4603611],[-44.095211,-2.4547115],[-44.1000142,-2.4633394],[-44.1096972,-2.4549727]]]}},{"type":"Feature","properties":{"level":"municipio","municipality_code":"2109502","municipality_name":"Riachão","uf":"MA","state_code":"21","area_km2":6402.83},"geometry":{"type":"Polygon","coordinates":[[[-46.6572168,-7.9024821],[-46.6753024,-7.9146063],[-46.694513,-7.9167979],[-46.7075372,-7.9097952],[-46.7255183,-7.9236443],[-46.7562024,-7.9229348],[-46.7637217,-7.9391402],[-46.8009092,-7.9553321],[-46.846503,-7.8803418],[-46.8308978,-7.839655],[-46.8338993,-7.8223518],[-46.8039223,-7.804221],[-46.794478,-7.7880856],[-46.804224,-7.7464719],[-46.8301192,-7.746326],[-46.8413064,-7.7314814],[-46.8939769,-7.7478293],[-46.8998661,-7.7271833],[-46.9102224,-7.7262669],[-46.9195739,-7.7123867],[-46.9313193,-7.7183983],[-46.9500508,-7.7127475],[-46.9509952,-7.6984443],[-46.9547211,-7.7103197],[-46.9716731,-7.7047699],[-46.972353,-7.6973094],[-46.9791782,-7.7092198],[-46.9886157,-7.6973906],[-47.0031854,-7.7041784],[-47.0378565,-7.6967851],[-47.0342934,-7.685492],[-47.0502489,-7.6694703],[-47.0484093,-7.6530845],[-47.0866473,-7.6484862],[-47.0961574,-7.6669123],[-47.108907,-7.6484785],[-47.1507034,-7.6632345],[-47.1521064,-7.6528646],[-47.1827939,-7.6441536],[-47.1850053,-7.6369345],[-47.1874142,-7.6520025],[-47.2016776,-7.6447044],[-47.2006713,-7.632544],[-47.205753,-7.641711],[-47.2179673,-7.6382609],[-47.2197625,-7.6281793],[-47.2040699,-7.6060902],[-47.2003009,-7.5806841],[-47.1443125,-7.5436966],[-47.1252804,-7.5208977],[-47.1091167,-7.4351872],[-47.0874775,-7.4065074],[-47.0535011,-7.3888758],[-47.0374514,-7.3888088],[-47.0266396,-7.3824791],[-47.0236199,-7.3656292],[-46.9721447,-7.3452317],[-46.9741919,-7.3020306],[-46.9895053,-7.2774488],[-46.9825665,-7.2578568],[-46.9548674,-7.232035],[-46.9266531,-7.2161321],[-46.714381,-7.2367599],[-46.7733608,-7.2592197],[-46.7345697,-7.2630524],[-46.7228221,-7.2790272],[-46.5995093,-7.248579],[-46.5585694,-7.2266112],[-46.5517277,-7.1887233],[-46.559618,-7.1704323],[-46.5371577,-7.1124307],[-46.508767,-7.104013],[-46.4510456,-7.0664507],[-46.2931399,-7.1998466],[-46.3035629,-7.2227024],[-46.2997486,-7.2328013],[-46.3124717,-7.2839062],[-46.3044743,-7.3260729],[-46.2934168,-7.3384581],[-46.2576622,-7.347878],[-46.2449993,-7.3409216],[-46.1980899,-7.257961],[-46.1664977,-7.3655094],[-46.3876614,-7.4655512],[-46.4183927,-7.6952382],[-46.4468655,-7.7127313],[-46.4490592,-7.745875],[-46.4680343,-7.7705423],[-46.441115,-7.796173],[-46.4390576,-7.8045981],[-46.4574164,-7.8334417],[-46.4389192,-7.8428228],[-46.4366385,-7.8720124],[-46.4229976,-7.896312],[-46.4437496,-7.9362829],[-46.4188917,-7.9518579],[-46.4054515,-7.9870874],[-46.4108732,-8.0010831],[-46.4021684,-8.0553479],[-46.4206461,-8.0861831],[-46.4015903,-8.1121027],[-46.4027789,-8.134522],[-46.3953342,-8.1460544],[-46.4075267,-8.1708624],[-46.3996802,-8.217563],[-46.4218503,-8.2986129],[-46.4135147,-8.3451488],[-46.4259969,-8.3771252],[-46.4462725,-8.4021704],[-46.4791299,-8.423662],[-46.5145841,-8.427415],[-46.5215839,-8.4109419],[-46.5629162,-8.4014191],[-46.5783076,-8.4143421],[-46.5960889,-8.4095413],[-46.6087786,-8.4242293],[-46.6388111,-8.4048206],[-46.6994815,-8.4154596],[-46.726652,-8.383141],[-46.7114761,-8.3546581],[-46.6804273,-8.3367629],[-46.6621744,-8.3350169],[-46.6338866,-8.3183546],[-46.6122489,-8.3276849],[-46.5596336,-8.3227579],[-46.5439995,-8.3174359],[-46.5187025,-8.2913174],[-46.5068685,-8.2658847],[-46.5091024,-8.2355974],[-46.4872398,-8.2008581],[-46.5109326,-8.1813686],[-46.5138952,-8.164658],[-46.4848571,-8.0929483],[-46.4685124,-8.0836914],[-46.4655932,-8.0719288],[-46.4800166,-8.0422919],[-46.4763892,-8.0146165],[-46.5010969,-7.9732902],[-46.5311836,-7.9527196],[-46.5497044,-7.9511197],[-46.577697,-7.9111659],[-46.6085521,-7.893019],[-46.6494081,-7.9100205],[-46.6572168,-7.9024821]]]}},{"type":"Feature","properties":{"level":"municipio","municipality_code":"2109551","municipality_name":"Ribamar Fiquene","uf":"MA","state_code":"21","area_km2":733.458},"geometry":{"type":"Polygon","coordinates":[[[-47.359628,-6.0800021],[-47.3909954,-6.086051],[-47.397623,-6.0786615],[-47.421373,-6.085231],[-47.428973,-6.07452],[-47.4284652,-6.0362755],[-47.4479842,-5.9929839],[-47.4288701,-5.9194832],[-47.4310634,-5.8692106],[-47.4422786,-5.8307859],[-47.429455,-5.8330085],[-47.4204046,-5.8186641],[-47.4114222,-5.826016],[-47.4087002,-5.8148539],[-47.3990883,-5.8120364],[-47.3953681,-5.8267367],[-47.3837845,-5.8089487],[-47.3753676,-5.8290827],[-47.3634821,-5.826176],[-47.3645699,-5.818922],[-47.356785,-5.8259],[-47.3450876,-5.814641],[-47.3457851,-5.8205051],[-47.3362488,-5.8180743],[-47.3298743,-5.8389223],[-47.3076419,-5.8381009],[-47.3047133,-5.8461355],[-47.2865921,-5.8487905],[-47.2865036,-5.8586158],[-47.2476735,-5.8458561],[-47.2469367,-5.8565593],[-47.2243805,-5.8556284],[-47.2133258,-5.8678992],[-47.1962996,-5.8611712],[-47.1747981,-5.8646617],[-47.1617439,-5.8930932],[-47.1935804,-5.932418],[-47.1911806,-5.9485245],[-47.2033211,-5.9601258],[-47.1748643,-5.9610958],[-47.18793,-5.9866721],[-47.1786105,-6.0076127],[-47.199768,-6.0238082],[-47.2017712,-6.0452061],[-47.2097823,-6.033672],[-47.2163102,-6.0474735],[-47.222907,-6.0365653],[-47.2348814,-6.0357069],[-47.2217014,-6.070765],[-47.2386577,-6.1069333],[-47.2796125,-6.0954349],[-47.2851009,-6.1007384],[-47.3132909,-6.0705533],[-47.3342612,-6.0754935],[-47.3396621,-6.0860244],[-47.359628,-6.0800021]]]}},{"type":"Feature","properties":{"level":"municipio","municipality_code":"2109601","municipality_name":"Rosário","uf":"MA","state_code":"21","area_km2":647.998},"geometry":{"type":"Polygon","coordinates":[[[-44.2412613,-3.0435947],[-44.2848701,-3.0440096],[-44.2568536,-2.9674223],[-44.2921826,-2.9544256],[-44.2735139,-2.8513207],[-44.2780726,-2.8432178],[-44.2946483,-2.8502778],[-44.2930153,-2.8319922],[-44.3059324,-2.8233709],[-44.2829565,-2.8022564],[-44.2817907,-2.7660679],[-44.2742662,-2.763138],[-44.2657685,-2.7603878],[-44.2608798,-2.774716],[-44.2477304,-2.7805162],[-44.1916748,-2.7645708],[-44.148429,-2.7680805],[-44.1385129,-2.7934749],[-44.124519,-2.7965576],[-44.1258595,-2.8175246],[-44.1358015,-2.823271],[-44.1291267,-2.8451494],[-44.1348894,-2.8504015],[-44.1275367,-2.8601625],[-44.1401232,-2.8716851],[-44.1278223,-2.9003509],[-44.1458615,-2.9200628],[-44.1412292,-2.9369587],[-44.1487806,-2.9437751],[-44.1212762,-2.9496667],[-44.1249439,-2.9600187],[-44.1409994,-2.963894],[-44.1434573,-2.9917184],[-44.1543879,-3.0004118],[-44.1538115,-3.0136014],[-44.1395101,-3.0173239],[-44.1406254,-3.0401034],[-44.1585696,-3.073677],[-44.134292,-3.0752107],[-44.1319199,-3.0895904],[-44.1127427,-3.097781],[-44.1301942,-3.1060619],[-44.1254586,-3.1376183],[-44.1319239,-3.1539078],[-44.1459572,-3.1549912],[-44.1334609,-3.1673693],[-44.1213532,-3.1654008],[-44.1168755,-3.1836631],[-44.2148439,-3.1840079],[-44.2135357,-3.1338545],[-44.2418163,-3.1325477],[-44.2223724,-3.1096735],[-44.2533191,-3.0697424],[-44.2412613,-3.0435947]]]}},{"type":"Feature","properties":{"level":"municipio","municipality_code":"2109700","municipality_name":"Sambaíba","uf":"MA","state_code":"21","area_km2":2475.9},"geometry":{"type":"Polygon","coordinates":[[[-45.5384952,-7.86168],[-45.6183132,-7.8084925],[-45.6416777,-7.805691],[-45.6652506,-7.7900983],[-45.7624439,-7.7818577],[-45.8275517,-7.8178585],[-45.8366112,-7.8503331],[-45.8275819,-7.9230555],[-45.7853343,-7.9428314],[-45.7718568,-7.9922931],[-45.7939835,-8.0209881],[-45.8172032,-8.0020027],[-45.8208081,-7.9886393],[-45.8451378,-7.9754939],[-45.8279663,-7.9487039],[-45.8457749,-7.9208428],[-45.8419369,-7.8766813],[-45.8609337,-7.8211182],[-45.840529,-7.797078],[-45.8486131,-7.780966],[-45.8442146,-7.767375],[-45.7959328,-7.724794],[-45.791773,-7.7032145],[-45.8044422,-7.6363734],[-45.7934671,-7.5838529],[-45.8210215,-7.562452],[-45.8130908,-7.5199902],[-45.8227823,-7.5128917],[-45.8155962,-7.5045744],[-45.8218455,-7.4954411],[-45.8320759,-7.4976048],[-45.8321836,-7.478726],[-45.822065,-7.4727896],[-45.8149463,-7.452938],[-45.7892102,-7.4536614],[-45.7794723,-7.4427117],[-45.7558278,-7.4514007],[-45.7436343,-7.4380054],[-45.7063723,-7.4452319],[-45.6993912,-7.4313879],[-45.6849803,-7.4273284],[-45.6845282,-7.4090486],[-45.6518839,-7.3978718],[-45.6213855,-7.3509984],[-45.6005584,-7.345477],[-45.5928165,-7.3148922],[-45.5760228,-7.3149521],[-45.5646447,-7.3272026],[-45.5563571,-7.3148169],[-45.5591612,-7.2935246],[-45.5442151,-7.3035099],[-45.5263628,-7.2791605],[-45.5187577,-7.2795555],[-45.5242569,-7.2713323],[-45.3690259,-6.8999918],[-45.3808245,-6.8205907],[-45.3687442,-6.816122],[-45.353856,-6.7796153],[-45.3267041,-6.7768607],[-45.3219725,-6.7812976],[-45.3313831,-6.8257351],[-45.3231008,-6.8323839],[-45.3184378,-6.8568521],[-45.2777499,-6.9406444],[-45.2513869,-6.9425168],[-45.2439447,-6.9559535],[-45.2468247,-6.9862525],[-45.2744621,-7.0104583],[-45.2753499,-7.062521],[-45.2635813,-7.0901728],[-45.2770942,-7.1306736],[-45.2731319,-7.1364185],[-45.2920864,-7.1483973],[-45.3127396,-7.1475674],[-45.3222727,-7.1952105],[-45.6450187,-7.6059271],[-45.6083378,-7.5886013],[-45.5669677,-7.5880294],[-45.5473029,-7.5998221],[-45.5346601,-7.5973604],[-45.5152706,-7.6286579],[-45.4871407,-7.6370127],[-45.4818597,-7.6508486],[-45.4558381,-7.6700189],[-45.4602603,-7.6778882],[-45.4485346,-7.6825343],[-45.4694928,-7.6892747],[-45.4683545,-7.7134127],[-45.48286,-7.7165351],[-45.4821268,-7.7496732],[-45.4966638,-7.749068],[-45.4844478,-7.7628183],[-45.4923244,-7.7744824],[-45.4892855,-7.7856433],[-45.4994925,-7.7844217],[-45.4985545,-7.7972724],[-45.5106337,-7.8013623],[-45.5112007,-7.823467],[-45.5271903,-7.839929],[-45.5250598,-7.8564312],[-45.5384952,-7.86168]]]}},{"type":"Feature","properties":{"level":"municipio","municipality_code":"2109759","municipality_name":"Santa Filomena do Maranhão","uf":"MA","state_code":"21","area_km2":623.213},"geometry":{"type":"Polygon","coordinates":[[[-44.5913387,-5.374231],[-44.5591483,-5.3969692],[-44.5463047,-5.3975847],[-44.5489873,-5.4172085],[-44.5283451,-5.4714373],[-44.508038,-5.4715136],[-44.5093736,-5.4527476],[-44.5028289,-5.4475385],[-44.4847974,-5.4487406],[-44.4813816,-5.4636827],[-44.4599751,-5.4538332],[-44.4488522,-5.4974329],[-44.4771826,-5.4965297],[-44.488266,-5.5280515],[-44.4725089,-5.5763929],[-44.5749551,-5.5985028],[-44.5913438,-5.5937843],[-44.6662421,-5.6610743],[-44.7267934,-5.6445538],[-44.7209729,-5.6086602],[-44.7588271,-5.5941166],[-44.7451353,-5.5631436],[-44.7509405,-5.5616407],[-44.7437597,-5.5493878],[-44.7508238,-5.5243397],[-44.7451219,-5.4996823],[-44.650685,-5.3981547],[-44.6348565,-5.4008827],[-44.5976953,-5.3842325],[-44.5913387,-5.374231]]]}},{"type":"Feature","properties":{"level":"municipio","municipality_code":"2109809","municipality_name":"Santa Helena","uf":"MA","state_code":"21","area_km2":2191.164},"geometry":{"type":"Polygon","coordinates":[[[-45.3505781,-2.3371357],[-45.3351906,-2.2775174],[-45.3107985,-2.233213],[-45.2852858,-2.207924],[-45.2922048,-2.1887872],[-45.2837101,-2.1784608],[-45.2786124,-2.1813771],[-45.2791842,-2.17031],[-45.2940438,-2.1655848],[-45.278889,-2.1636708],[-45.2880958,-2.1553844],[-45.2761015,-2.1566722],[-45.2728416,-2.1441163],[-45.2622481,-2.1411575],[-45.2687513,-2.1244285],[-45.2605917,-2.1197452],[-45.2520412,-2.1287673],[-45.2560295,-2.1211064],[-45.2404836,-2.1080154],[-45.2500496,-2.0825965],[-45.2440922,-2.0823988],[-45.2501471,-2.079248],[-45.2428223,-2.0628666],[-45.2375554,-2.068117],[-45.2292519,-2.0610452],[-45.2230062,-2.0689119],[-45.2065248,-2.0372641],[-45.2049877,-2.0433462],[-45.1932388,-2.0366458],[-45.0947344,-2.0502814],[-44.9671182,-2.170878],[-45.0268912,-2.208038],[-45.160514,-2.3473277],[-45.489772,-2.4944438],[-45.4882711,-2.5037222],[-45.4939964,-2.5034016],[-45.4825408,-2.5166872],[-45.4865762,-2.5261653],[-45.470534,-2.5310347],[-45.4674847,-2.5414014],[-45.4746928,-2.5516371],[-45.4628856,-2.5535735],[-45.4566718,-2.5657973],[-45.4492583,-2.5635846],[-45.4340765,-2.5735923],[-45.4462028,-2.5857411],[-45.4392765,-2.5891061],[-45.4481118,-2.5949359],[-45.450198,-2.6204628],[-45.4443573,-2.6260482],[-45.452502,-2.6484235],[-45.4649265,-2.6489974],[-45.4725605,-2.6614146],[-45.4570888,-2.6811397],[-45.4725596,-2.6858747],[-45.457201,-2.7183424],[-45.4630411,-2.7172659],[-45.4714282,-2.7471925],[-45.4589319,-2.7480054],[-45.4568663,-2.7709518],[-45.4428933,-2.7734728],[-45.4374978,-2.7903129],[-45.4499366,-2.7983942],[-45.4447459,-2.8078339],[-45.4369086,-2.8039158],[-45.4525454,-2.8212195],[-45.4726893,-2.8197387],[-45.4776472,-2.8629906],[-45.4920561,-2.8608648],[-45.4945853,-2.8399126],[-45.517193,-2.8312147],[-45.5076425,-2.8675141],[-45.5345877,-2.8493339],[-45.5588882,-2.8556424],[-45.5492363,-2.876684],[-45.5545095,-2.8891691],[-45.5581331,-2.8719775],[-45.5672151,-2.8717736],[-45.5706135,-2.8937332],[-45.595492,-2.8660625],[-45.6097396,-2.880849],[-45.63332,-2.887059],[-45.6379677,-2.9026623],[-45.6418091,-2.6536031],[-45.5943041,-2.605761],[-45.594438,-2.5572256],[-45.5609584,-2.4814616],[-45.6415992,-2.4584817],[-45.6414715,-2.361129],[-45.6133746,-2.364587],[-45.5837275,-2.3841957],[-45.5671336,-2.3784992],[-45.5658257,-2.3675089],[-45.5545354,-2.3666329],[-45.5328217,-2.3465732],[-45.5305048,-2.3539668],[-45.5402768,-2.3569296],[-45.5358883,-2.3652973],[-45.5228037,-2.3574596],[-45.5170915,-2.3637134],[-45.5029967,-2.351388],[-45.5118231,-2.3422493],[-45.5066492,-2.3317735],[-45.5003021,-2.3379782],[-45.4842142,-2.3340919],[-45.4727257,-2.3189456],[-45.4511042,-2.3127579],[-45.4590978,-2.3053349],[-45.4533245,-2.2976561],[-45.4302133,-2.3047411],[-45.3915633,-2.2767988],[-45.3846682,-2.2808337],[-45.3795131,-2.3089199],[-45.3505781,-2.3371357]]]}},{"type":"Feature","properties":{"level":"municipio","municipality_code":"2109908","municipality_name":"Santa Inês","uf":"MA","state_code":"21","area_km2":786.689},"geometry":{"type":"Polygon","coordinates":[[[-45.4260662,-3.7269301],[-45.4083433,-3.6576385],[-45.3837076,-3.631016],[-45.357934,-3.6395947],[-45.3184656,-3.637712],[-45.3307184,-3.6732918],[-45.3237434,-3.6957216],[-45.3429348,-3.6840698],[-45.317863,-3.7790586],[-45.3432549,-3.8447761],[-45.325564,-3.8450682],[-45.329674,-3.8570962],[-45.3410972,-3.8566644],[-45.3398502,-3.8699629],[-45.3727205,-3.9077514],[-45.3576574,-3.9849269],[-45.3784455,-3.9909001],[-45.3985612,-4.0104041],[-45.4079479,-4.062351],[-45.4472801,-4.0751917],[-45.4876476,-4.0635952],[-45.5501869,-3.9870382],[-45.5779975,-3.9874606],[-45.5812543,-3.9471983],[-45.5981579,-3.9153445],[-45.5638315,-3.8784905],[-45.490826,-3.8243238],[-45.4260662,-3.7269301]]]}},{"type":"Feature","properties":{"level":"municipio","municipality_code":"2110005","municipality_name":"Santa Luzia","uf":"MA","state_code":"21","area_km2":4837.168},"geometry":{"type":"Polygon","coordinates":[[[-45.561361,-3.9872079],[-45.5675499,-4.0421243],[-45.5515936,-4.0649134],[-45.5608719,-4.0665413],[-45.5690251,-4.1006556],[-45.5809878,-4.1097768],[-45.5782219,-4.1208323],[-45.5853982,-4.1263053],[-45.5812024,-4.1416868],[-45.5727857,-4.1420767],[-45.5913534,-4.158594],[-45.5859171,-4.1790703],[-45.5949733,-4.1959694],[-45.6387244,-4.1966559],[-45.6432803,-4.1825442],[-45.670172,-4.209565],[-45.7859484,-4.2523422],[-45.800798,-4.2808761],[-45.7912291,-4.3363474],[-45.802683,-4.3479011],[-45.7981587,-4.362546],[-45.8039716,-4.3812659],[-45.8164677,-4.3888212],[-45.8147182,-4.4048694],[-45.8263608,-4.4218348],[-45.806137,-4.4299069],[-45.7937427,-4.4458897],[-45.7867323,-4.489421],[-45.7702478,-4.5130879],[-45.758665,-4.5148986],[-45.7605865,-4.5286828],[-45.7242121,-4.5433783],[-45.7085341,-4.5590483],[-45.920063,-4.5586228],[-45.9282772,-4.6616854],[-45.9567498,-4.6766088],[-45.9582894,-4.6986908],[-45.9700647,-4.7067832],[-45.9758186,-4.7249199],[-46.0118968,-4.7418788],[-46.0404248,-4.7921269],[-46.0364536,-4.8050942],[-46.0283542,-4.8054995],[-46.027168,-4.8368281],[-46.0173724,-4.8537058],[-46.0893935,-4.8546173],[-46.1150927,-4.8004362],[-46.1320482,-4.7975615],[-46.1319833,-4.7902025],[-46.2026933,-4.7502838],[-46.2289021,-4.6249914],[-46.2092703,-4.6236808],[-46.1780506,-4.6002631],[-46.1591049,-4.5604957],[-46.1932008,-4.5117273],[-46.2030812,-4.471643],[-46.2172483,-4.4698478],[-46.2329294,-4.4453307],[-46.2233744,-4.3904025],[-46.2409378,-4.3737766],[-46.2645773,-4.3076944],[-46.2737878,-4.3016906],[-46.0870197,-4.0333528],[-46.0887542,-4.0240003],[-46.050447,-3.9999999],[-45.98425,-3.9843285],[-45.9053683,-3.9380617],[-45.9098137,-3.9302928],[-45.8984472,-3.8997585],[-45.8463861,-3.8800302],[-45.8449708,-3.8178633],[-45.8093429,-3.8193155],[-45.7853938,-3.8331092],[-45.7724154,-3.8231454],[-45.7650573,-3.7924908],[-45.7495576,-3.7963591],[-45.7500269,-3.8171033],[-45.7182777,-3.8094782],[-45.6857851,-3.7883084],[-45.6702531,-3.7466371],[-45.6397359,-3.7396409],[-45.6358612,-3.7296315],[-45.6242567,-3.732863],[-45.5981579,-3.9153445],[-45.5812543,-3.9471983],[-45.5779975,-3.9874606],[-45.561361,-3.9872079]]]}},{"type":"Feature","properties":{"level":"municipio","municipality_code":"2110039","municipality_name":"Santa Luzia do Paruá","uf":"MA","state_code":"21","area_km2":1010.483},"geometry":{"type":"Polygon","coordinates":[[[-45.6414715,-2.361129],[-45.6415992,-2.4584817],[-45.5609584,-2.4814616],[-45.594438,-2.5572256],[-45.5943041,-2.605761],[-45.6418107,-2.6555187],[-45.7549144,-2.6207292],[-45.7981109,-2.6486838],[-45.9899699,-2.6959101],[-45.9879759,-2.6808737],[-45.998427,-2.6656611],[-45.9839203,-2.6119577],[-45.9430475,-2.5761489],[-45.9116927,-2.5290023],[-45.9039532,-2.4294935],[-45.8035453,-2.4268662],[-45.6414715,-2.361129]]]}},{"type":"Feature","properties":{"level":"municipio","municipality_code":"2110104","municipality_name":"Santa Quitéria do Maranhão","uf":"MA","state_code":"21","area_km2":1430.33},"geometry":{"type":"Polygon","coordinates":[[[-42.5626885,-3.5594182],[-42.7529436,-3.4139883],[-42.9319563,-3.3875911],[-42.9657633,-3.4225909],[-43.1292205,-3.4784959],[-43.1630123,-3.4331437],[-43.1601376,-3.3601295],[-43.12653,-3.3396421],[-43.1347164,-3.2926234],[-43.1261559,-3.2620796],[-43.1119452,-3.2443847],[-43.0868246,-3.2441567],[-43.0866235,-3.2178998],[-43.0305805,-3.1725982],[-43.0430886,-3.1630125],[-43.0411455,-3.1302931],[-42.8247554,-3.2161294],[-42.8551885,-3.2330288],[-42.4963804,-3.4459246],[-42.510307,-3.4782227],[-42.5309685,-3.4890858],[-42.530243,-3.5114277],[-42.5626885,-3.5594182]]]}},{"type":"Feature","properties":{"level":"municipio","municipality_code":"2110203","municipality_name":"Santa Rita","uf":"MA","state_code":"21","area_km2":756.797},"geometry":{"type":"Polygon","coordinates":[[[-44.4395821,-3.1961335],[-44.4710261,-3.188138],[-44.4710499,-3.1770579],[-44.5493801,-3.0862753],[-44.5412143,-3.0642117],[-44.5557664,-3.050382],[-44.4954935,-3.0260136],[-44.4880071,-3.0386928],[-44.4721552,-3.0369398],[-44.3219657,-3.1050268],[-44.3164229,-3.0321877],[-44.3014369,-3.0306751],[-44.2848701,-3.0440096],[-44.2412613,-3.0435947],[-44.2533191,-3.0697424],[-44.2223724,-3.1096735],[-44.2418163,-3.1325477],[-44.2135357,-3.1338545],[-44.2148439,-3.1840079],[-44.1232283,-3.1836859],[-44.117607,-3.1941162],[-44.0915781,-3.1984854],[-44.1178235,-3.2290951],[-44.1028597,-3.243549],[-44.1025452,-3.2534794],[-44.1699157,-3.2671957],[-44.2090868,-3.2532436],[-44.2427962,-3.30847],[-44.2620487,-3.2895817],[-44.2930537,-3.287618],[-44.2963316,-3.2680265],[-44.3331824,-3.2644087],[-44.3369626,-3.2545883],[-44.3559468,-3.2507163],[-44.3556964,-3.236452],[-44.3646692,-3.238788],[-44.3703772,-3.2222598],[-44.3846995,-3.2228584],[-44.4006799,-3.2067935],[-44.4109227,-3.2132028],[-44.4223866,-3.2044825],[-44.4364118,-3.2171561],[-44.4442177,-3.2081459],[-44.4395821,-3.1961335]]]}},{"type":"Feature","properties":{"level":"municipio","municipality_code":"2110237","municipality_name":"Santana do Maranhão","uf":"MA","state_code":"21","area_km2":932.03},"geometry":{"type":"Polygon","coordinates":[[[-42.5346974,-3.0919022],[-42.309277,-3.0924792],[-42.6404687,-3.3604575],[-42.8551885,-3.2330288],[-42.8259351,-3.2191266],[-42.7984832,-3.1486746],[-42.7680766,-3.1333518],[-42.7575306,-3.0558489],[-42.6869486,-3.0597212],[-42.6965592,-3.0625913],[-42.6963256,-3.175562],[-42.5346974,-3.0919022]]]}},{"type":"Feature","properties":{"level":"municipio","municipality_code":"2110278","municipality_name":"Santo Amaro do Maranhão","uf":"MA","state_code":"21","area_km2":1582.806},"geometry":{"type":"Polygon","coordinates":[[[-43.2574018,-2.7378184],[-43.2611561,-2.7194786],[-43.2829964,-2.6996523],[-43.3190675,-2.6426105],[-43.3224562,-2.6046195],[-43.3471178,-2.5547834],[-43.3371822,-2.5465508],[-43.3416374,-2.5193124],[-43.331416,-2.5178945],[-43.3346737,-2.5107276],[-43.3225286,-2.5033674],[-43.340956,-2.5003688],[-43.3400982,-2.4918868],[-43.3303972,-2.4790037],[-43.3045981,-2.4761974],[-43.3181771,-2.3846418],[-43.3264419,-2.3782856],[-43.3148269,-2.3662614],[-43.3296137,-2.3432298],[-43.36948,-2.3472809],[-43.3779208,-2.342668],[-43.3739505,-2.3394225],[-43.3174929,-2.3376997],[-43.2374131,-2.3586896],[-43.0148197,-2.4566666],[-43.0119968,-2.4647239],[-43.0198934,-2.5026996],[-43.0455926,-2.5111406],[-43.0502413,-2.5204356],[-43.0442236,-2.5624991],[-43.0498053,-2.5604041],[-43.0546777,-2.5706104],[-43.0504229,-2.5848985],[-43.0578859,-2.6018575],[-43.070977,-2.6080969],[-43.0609385,-2.6128835],[-43.0669514,-2.6350873],[-43.0369167,-2.653598],[-43.046331,-2.6711742],[-43.0300567,-2.6786801],[-43.0451544,-2.7017648],[-43.0355354,-2.7039405],[-43.0365029,-2.7264787],[-43.065811,-2.7594052],[-43.12204,-2.7750707],[-43.1002329,-2.8184371],[-43.0982072,-2.8513498],[-43.0695169,-2.8844129],[-43.0972718,-2.9147687],[-43.1856273,-2.9589494],[-43.2108124,-2.9367521],[-43.2255075,-2.8952076],[-43.2840958,-2.7991705],[-43.2843376,-2.7816727],[-43.2574018,-2.7378184]]]}},{"type":"Feature","properties":{"level":"municipio","municipality_code":"2110302","municipality_name":"Santo Antônio dos Lopes","uf":"MA","state_code":"21","area_km2":770.923},"geometry":{"type":"Polygon","coordinates":[[[-44.3599939,-4.8838085],[-44.3594691,-4.9066138],[-44.4133052,-4.9507739],[-44.4117051,-4.9757471],[-44.5141572,-4.9759337],[-44.6386387,-4.8625012],[-44.6389893,-4.8457184],[-44.6332666,-4.8285645],[-44.6139084,-4.8096005],[-44.6011578,-4.8078208],[-44.5637678,-4.7674246],[-44.5793448,-4.7312809],[-44.5729564,-4.7086953],[-44.4857542,-4.6504375],[-44.3982413,-4.6660451],[-44.4503905,-4.697231],[-44.4186393,-4.7205329],[-44.4061029,-4.7444013],[-44.3540613,-4.7797529],[-44.3521709,-4.8075076],[-44.3227172,-4.832236],[-44.3250399,-4.846188],[-44.3439629,-4.8478262],[-44.3599939,-4.8838085]]]}},{"type":"Feature","properties":{"level":"municipio","municipality_code":"2111722","municipality_name":"Satubinha","uf":"MA","state_code":"21","area_km2":441.811},"geometry":{"type":"Polygon","coordinates":[[[-45.2526908,-4.1486088],[-45.2699303,-4.1209347],[-45.3135243,-4.0943308],[-45.309989,-4.0748234],[-45.3188553,-4.0706077],[-45.3173471,-4.059301],[-45.2941991,-4.0238898],[-45.3107171,-4.0071011],[-45.30807,-3.9807983],[-45.3227854,-3.9655037],[-45.3162359,-3.9547073],[-45.3249765,-3.9294938],[-45.312317,-3.9098134],[-45.3362304,-3.9031746],[-45.3410972,-3.8566644],[-45.3285619,-3.8559629],[-45.3281011,-3.8411892],[-45.3133289,-3.8302837],[-45.2991243,-3.7997718],[-45.2561028,-3.7989806],[-45.2196396,-3.7723603],[-45.2038923,-3.784969],[-45.2018873,-3.775124],[-45.1881899,-3.7775337],[-45.1810416,-3.7571116],[-45.1477853,-3.7304876],[-45.1596061,-3.7668304],[-45.1726574,-3.7781004],[-45.1697238,-3.7894374],[-45.1778926,-3.7888818],[-45.1985868,-3.8087776],[-45.2200409,-4.0315004],[-45.2085699,-4.0331886],[-45.2094124,-4.0660284],[-45.2526908,-4.1486088]]]}},{"type":"Feature","properties":{"level":"municipio","municipality_code":"2111748","municipality_name":"Senador Alexandre Costa","uf":"MA","state_code":"21","area_km2":426.431},"geometry":{"type":"Polygon","coordinates":[[[-44.0951269,-5.3494429],[-44.1308773,-5.2297295],[-44.0176809,-5.1663411],[-43.7841199,-5.2737038],[-43.8509614,-5.2986264],[-43.8682564,-5.3208665],[-43.9090371,-5.3189326],[-43.9517904,-5.3318697],[-44.0122808,-5.3121516],[-44.0433135,-5.3166869],[-44.0513921,-5.3303407],[-44.0951269,-5.3494429]]]}},{"type":"Feature","properties":{"level":"municipio","municipality_code":"2111763","municipality_name":"Senador La Rocque","uf":"MA","state_code":"21","area_km2":737.078},"geometry":{"type":"Polygon","coordinates":[[[-47.2392029,-5.5002303],[-47.2409591,-5.5136015],[-47.2538565,-5.5103833],[-47.2918583,-5.5455032],[-47.3079757,-5.5368734],[-47.3190992,-5.5564876],[-47.3259884,-5.5470954],[-47.3433089,-5.5540861],[-47.349926,-5.539659],[-47.358713,-5.545928],[-47.362382,-5.53747],[-47.372307,-5.540022],[-47.3817217,-5.5146161],[-47.3943237,-5.5203592],[-47.4064779,-5.5089995],[-47.3950146,-5.4919041],[-47.3976757,-5.4813116],[-47.3815404,-5.4642283],[-47.3602326,-5.4511728],[-47.3538185,-5.4574275],[-47.3306831,-5.4332146],[-47.3183981,-5.3946225],[-47.3085054,-5.3858753],[-47.2707711,-5.3807847],[-47.2587497,-5.3692455],[-47.2735215,-5.364884],[-47.2483678,-5.3482997],[-47.2252579,-5.3426572],[-47.2020132,-5.3551551],[-47.175138,-5.3503486],[-47.1248423,-5.3170982],[-47.0632541,-5.3133415],[-47.0542516,-5.2993804],[-47.030816,-5.2938652],[-47.0286787,-5.2785809],[-46.9993224,-5.2647599],[-46.9942689,-5.2503473],[-46.947744,-5.2135454],[-46.9211056,-5.2211492],[-46.8885352,-5.2081286],[-46.9124424,-5.2869545],[-46.9031442,-5.3536243],[-46.9798382,-5.3683843],[-47.0450969,-5.4028949],[-47.1744014,-5.4513707],[-47.2392029,-5.5002303]]]}},{"type":"Feature","properties":{"level":"municipio","municipality_code":"2111789","municipality_name":"Serrano do Maranhão","uf":"MA","state_code":"21","area_km2":1185.31},"geometry":{"type":"Polygon","coordinates":[[[-44.9669446,-2.1710423],[-45.0947344,-2.0502814],[-45.1897855,-2.0404446],[-45.1918689,-2.029283],[-45.1809243,-2.0300451],[-45.1789085,-2.0114359],[-45.1937134,-1.995698],[-45.1761812,-1.9973585],[-45.1744651,-1.9572454],[-45.1547817,-1.9500488],[-45.1587478,-1.9268688],[-45.1429282,-1.9031134],[-45.1762843,-1.8817784],[-45.1799648,-1.8501857],[-45.1669299,-1.8394372],[-45.1263526,-1.8350605],[-45.0901681,-1.8079314],[-45.0913543,-1.7880256],[-45.1210218,-1.7802289],[-45.1302999,-1.7691469],[-45.0983661,-1.740941],[-45.0821972,-1.6941235],[-45.0620879,-1.6885148],[-45.0373511,-1.6928451],[-45.0315775,-1.6837968],[-44.9786496,-1.6719288],[-44.9781035,-1.6621918],[-44.9642193,-1.6566031],[-44.9124258,-1.6512432],[-44.9032225,-1.6374302],[-44.9276494,-1.6081054],[-44.871562,-1.6013998],[-44.8395112,-1.6366187],[-44.8174644,-1.6405453],[-44.8138745,-1.6492269],[-44.827373,-1.6712666],[-44.8154114,-1.6639175],[-44.8077199,-1.6749368],[-44.8157511,-1.6902953],[-44.8460868,-1.6801021],[-44.8597185,-1.6982065],[-44.8797377,-1.7084056],[-44.9239366,-1.7179794],[-44.8891559,-1.7665399],[-44.9043365,-1.8175555],[-44.9281867,-1.8162564],[-44.9744586,-1.8337598],[-44.9711947,-1.8446604],[-44.9287887,-1.8779872],[-44.915136,-1.8798432],[-44.913947,-1.9194122],[-44.9252256,-1.9449226],[-44.9249117,-2.0149657],[-44.969862,-2.0146788],[-44.9669446,-2.1710423]]]}},{"type":"Feature","properties":{"level":"municipio","municipality_code":"2111904","municipality_name":"Sucupira do Norte","uf":"MA","state_code":"21","area_km2":1074.435},"geometry":{"type":"Polygon","coordinates":[[[-44.0946399,-6.353806],[-44.0578533,-6.3695304],[-44.1846923,-6.4766223],[-44.1856182,-6.4881964],[-44.1955442,-6.4857868],[-44.5074234,-6.7492921],[-44.6305475,-6.6799702],[-44.171685,-6.2559306],[-44.0946399,-6.353806]]]}},{"type":"Feature","properties":{"level":"municipio","municipality_code":"2111953","municipality_name":"Sucupira do Riachão","uf":"MA","state_code":"21","area_km2":862.226},"geometry":{"type":"Polygon","coordinates":[[[-43.5868116,-6.4782892],[-43.5964003,-6.4886305],[-43.6056779,-6.4875339],[-43.6263481,-6.3783996],[-43.6496222,-6.3417837],[-43.6498134,-6.3171173],[-43.6129499,-6.3228832],[-43.609314,-6.300723],[-43.5779198,-6.262355],[-43.5531701,-6.2713107],[-43.5142483,-6.2586158],[-43.4900406,-6.2690677],[-43.4554273,-6.2598995],[-43.4220867,-6.2620519],[-43.3687328,-6.2878277],[-43.3664084,-6.2985689],[-43.3336881,-6.2821317],[-43.3161836,-6.332449],[-43.3568662,-6.3400724],[-43.3486723,-6.3806462],[-43.3412556,-6.3845559],[-43.3447202,-6.3933644],[-43.3510071,-6.399152],[-43.3737815,-6.3897879],[-43.4217599,-6.4010895],[-43.4077596,-6.4156483],[-43.4122226,-6.4554941],[-43.3962241,-6.4668009],[-43.368945,-6.5267832],[-43.3835304,-6.5527076],[-43.3818078,-6.5913129],[-43.4020049,-6.6094897],[-43.4396273,-6.5846203],[-43.46419,-6.594147],[-43.4706093,-6.572438],[-43.4935143,-6.5781201],[-43.5469689,-6.5179703],[-43.5675444,-6.5094051],[-43.5711678,-6.4921839],[-43.5868116,-6.4782892]]]}},{"type":"Feature","properties":{"level":"municipio","municipality_code":"2110401","municipality_name":"São Benedito do Rio Preto","uf":"MA","state_code":"21","area_km2":931.485},"geometry":{"type":"Polygon","coordinates":[[[-43.4592611,-3.2846445],[-43.4472162,-3.3166612],[-43.6066977,-3.6186727],[-43.7362744,-3.439107],[-43.7390894,-3.429283],[-43.7157857,-3.4078643],[-43.7177294,-3.3927519],[-43.7267085,-3.3821559],[-43.7359234,-3.3854013],[-43.7456215,-3.3780634],[-43.7459519,-3.3554024],[-43.7649856,-3.3217812],[-43.7940097,-3.330901],[-43.8049819,-3.3010715],[-43.6066356,-3.172094],[-43.6122684,-3.2331728],[-43.4592611,-3.2846445]]]}},{"type":"Feature","properties":{"level":"municipio","municipality_code":"2110500","municipality_name":"São Bento","uf":"MA","state_code":"21","area_km2":456.997},"geometry":{"type":"Polygon","coordinates":[[[-44.8877814,-2.7049036],[-44.840268,-2.6593368],[-44.8199606,-2.6731988],[-44.7861339,-2.669471],[-44.8108871,-2.7024489],[-44.8048272,-2.7352184],[-44.8102244,-2.7741749],[-44.8260585,-2.7882159],[-44.818845,-2.7980236],[-44.8242355,-2.803712],[-44.8442905,-2.8086637],[-44.9039601,-2.7934776],[-44.935446,-2.806978],[-44.9611274,-2.8406306],[-44.9689238,-2.8340391],[-45.0394266,-2.8675418],[-45.1051844,-2.8828094],[-45.1207344,-2.8782836],[-45.1277285,-2.8891221],[-45.1960465,-2.9107622],[-45.2188897,-2.9071367],[-45.2297796,-2.8334183],[-45.2198959,-2.8134167],[-45.193911,-2.8192078],[-45.1881319,-2.8137813],[-45.1927678,-2.806236],[-45.1775483,-2.8124873],[-45.1838776,-2.798418],[-45.1585317,-2.837054],[-45.1468091,-2.8348381],[-44.8877814,-2.7049036]]]}},{"type":"Feature","properties":{"level":"municipio","municipality_code":"2110609","municipality_name":"São Bernardo","uf":"MA","state_code":"21","area_km2":1005.824},"geometry":{"type":"Polygon","coordinates":[[[-42.6404687,-3.3604575],[-42.309277,-3.0924792],[-42.2455352,-3.1991699],[-42.2766584,-3.2667946],[-42.2727472,-3.4447134],[-42.2971219,-3.453865],[-42.3166987,-3.4341703],[-42.3314229,-3.4335259],[-42.3558482,-3.4506558],[-42.388422,-3.4480903],[-42.3999233,-3.4747505],[-42.4113574,-3.4743603],[-42.4140938,-3.4577282],[-42.4247565,-3.4534068],[-42.4482448,-3.4783353],[-42.470336,-3.4837736],[-42.4873256,-3.4771099],[-42.4861255,-3.4462401],[-42.6404687,-3.3604575]]]}},{"type":"Feature","properties":{"level":"municipio","municipality_code":"2110658","municipality_name":"São Domingos do Azeitão","uf":"MA","state_code":"21","area_km2":961.153},"geometry":{"type":"Polygon","coordinates":[[[-44.6156135,-6.9612028],[-44.6997518,-6.9742045],[-44.7101598,-6.9634631],[-44.7099172,-6.9410356],[-44.7478366,-6.9187509],[-44.754093,-6.8907936],[-44.7686464,-6.8848808],[-44.7908455,-6.7138636],[-44.7397908,-6.7118405],[-44.7119004,-6.6968023],[-44.7053854,-6.7042167],[-44.6986417,-6.693788],[-44.6857001,-6.7030385],[-44.6804676,-6.6920407],[-44.6688016,-6.7005187],[-44.6665433,-6.6919402],[-44.6602512,-6.6973683],[-44.6603405,-6.6899918],[-44.6493523,-6.6920577],[-44.6440406,-6.6804921],[-44.6305475,-6.6799702],[-44.4241656,-6.7961378],[-44.4015682,-6.8177656],[-44.4143522,-6.8450952],[-44.4421788,-6.8616199],[-44.4586499,-6.8890217],[-44.4532655,-6.8975257],[-44.4940345,-6.8839526],[-44.5127057,-6.9249395],[-44.5354919,-7.0151249],[-44.5580821,-6.9963899],[-44.5727098,-6.9963421],[-44.5757986,-6.9870456],[-44.5831695,-6.9891394],[-44.5875961,-6.977869],[-44.6156135,-6.9612028]]]}},{"type":"Feature","properties":{"level":"municipio","municipality_code":"2110708","municipality_name":"São Domingos do Maranhão","uf":"MA","state_code":"21","area_km2":1151.978},"geometry":{"type":"Polygon","coordinates":[[[-44.1647444,-5.7071414],[-44.2026442,-5.7159898],[-44.2173946,-5.728013],[-44.2325838,-5.7640595],[-44.4983958,-5.8009953],[-44.4568994,-5.828271],[-44.4738499,-5.8514624],[-44.4722209,-5.8636982],[-44.4953366,-5.8753334],[-44.5010167,-5.8599419],[-44.5308143,-5.8464086],[-44.5411051,-5.8292817],[-44.5424894,-5.7780103],[-44.5251814,-5.7654129],[-44.5273268,-5.7551015],[-44.5202739,-5.7490919],[-44.4647326,-5.7355455],[-44.4531202,-5.6928803],[-44.4473471,-5.6140514],[-44.4614564,-5.6086327],[-44.4793787,-5.565178],[-44.4879857,-5.5330133],[-44.4850531,-5.5119872],[-44.4771826,-5.4965297],[-44.4460202,-5.4970261],[-44.4274829,-5.4707389],[-44.411064,-5.4649716],[-44.3784715,-5.4701403],[-44.353482,-5.4585016],[-44.3427607,-5.4745986],[-44.3326545,-5.4616575],[-44.3082365,-5.4764299],[-44.2976798,-5.5021898],[-44.2847655,-5.5060644],[-44.249317,-5.5008452],[-44.2364252,-5.474044],[-44.2224613,-5.4627005],[-44.2094189,-5.4643131],[-44.213104,-5.4776699],[-44.1972245,-5.5551794],[-44.1589188,-5.5215648],[-44.1445637,-5.5186596],[-44.1444291,-5.5521185],[-44.1228424,-5.5912149],[-44.1828444,-5.6609274],[-44.1825687,-5.6767722],[-44.1647444,-5.7071414]]]}},{"type":"Feature","properties":{"level":"municipio","municipality_code":"2110856","municipality_name":"São Francisco do Brejão","uf":"MA","state_code":"21","area_km2":745.357},"geometry":{"type":"Polygon","coordinates":[[[-47.4310909,-5.221247],[-47.4670879,-5.1810541],[-47.4893427,-5.172008],[-47.5093889,-5.1316482],[-47.5150995,-5.1288599],[-47.5154657,-5.1556679],[-47.526591,-5.1774247],[-47.5395109,-5.1534524],[-47.5545892,-5.0952216],[-47.5119496,-5.061999],[-47.494263,-5.0771935],[-47.4817052,-5.0730871],[-47.4767311,-5.0467427],[-47.3505359,-5.0263584],[-47.3307284,-5.0436414],[-47.3157838,-5.0439371],[-47.3212859,-5.0587606],[-47.3125812,-5.076223],[-47.2913403,-5.0791596],[-47.2902854,-5.08616],[-47.2808389,-5.0809642],[-47.2602867,-5.0857153],[-47.2300411,-5.1516077],[-47.2150369,-5.1683119],[-47.1355526,-5.1433818],[-47.1504447,-5.1529854],[-47.1565427,-5.1787976],[-47.1795164,-5.1934371],[-47.1850692,-5.2214774],[-47.2018409,-5.2299934],[-47.2256002,-5.2659494],[-47.2765319,-5.3140739],[-47.2843353,-5.3039414],[-47.3128451,-5.3074388],[-47.331246,-5.2667038],[-47.3433877,-5.2643688],[-47.3392909,-5.257201],[-47.3531419,-5.2497831],[-47.3817523,-5.2722834],[-47.41573,-5.2341477],[-47.4094171,-5.2167865],[-47.4310909,-5.221247]]]}},{"type":"Feature","properties":{"level":"municipio","municipality_code":"2110906","municipality_name":"São Francisco do Maranhão","uf":"MA","state_code":"21","area_km2":2284.217},"geometry":{"type":"Polygon","coordinates":[[[-42.8864109,-6.5046092],[-43.2966421,-6.3421608],[-43.3559462,-6.3494496],[-43.3568662,-6.3400724],[-43.3161836,-6.332449],[-43.3288189,-6.290244],[-43.3346776,-6.2811254],[-43.3664084,-6.2985689],[-43.3687328,-6.2878277],[-43.3982211,-6.2776728],[-43.3193217,-6.261159],[-43.3134662,-6.1931593],[-43.3284791,-6.1076103],[-43.3144434,-6.0252257],[-43.3068618,-6.020464],[-43.3339852,-5.911091],[-43.0964273,-5.9097102],[-43.0869477,-5.9191393],[-43.0802045,-5.9644357],[-43.0478658,-5.9956278],[-43.0506908,-6.0181595],[-43.0761977,-6.0461978],[-43.0477101,-6.1039219],[-42.9922986,-6.1175746],[-42.9797895,-6.1330731],[-42.9699111,-6.1773251],[-42.9346657,-6.1915956],[-42.8993598,-6.2230918],[-42.8757586,-6.225812],[-42.8545028,-6.2498564],[-42.8465869,-6.2827881],[-42.8597801,-6.3299477],[-42.8345664,-6.3251882],[-42.8293405,-6.3406035],[-42.8515221,-6.3586007],[-42.8568972,-6.3905057],[-42.8779309,-6.4184932],[-42.865546,-6.482179],[-42.8864109,-6.5046092]]]}},{"type":"Feature","properties":{"level":"municipio","municipality_code":"2110807","municipality_name":"São Félix de Balsas","uf":"MA","state_code":"21","area_km2":2033.29},"geometry":{"type":"Polygon","coordinates":[[[-44.7827669,-7.0992719],[-44.7724361,-7.1247609],[-44.7049923,-7.1633728],[-44.7203529,-7.1689555],[-44.7194857,-7.1856435],[-44.7093496,-7.1893147],[-44.6984849,-7.1795349],[-44.6867354,-7.1868085],[-44.7049323,-7.2363595],[-44.6976535,-7.2550509],[-44.7874932,-7.2487047],[-45.0028711,-7.4963745],[-45.0195825,-7.4963987],[-45.0492328,-7.5132098],[-45.0855974,-7.5023091],[-44.9875128,-7.1021638],[-44.9710871,-7.0903715],[-44.9921509,-7.0243113],[-44.9357459,-6.867909],[-44.9802689,-6.791267],[-44.9566855,-6.7324433],[-44.9442077,-6.7316469],[-44.9338508,-6.7138211],[-44.9025874,-6.7058338],[-44.8929799,-6.7120765],[-44.8801553,-6.7025279],[-44.7912977,-6.7118083],[-44.7686464,-6.8848808],[-44.754093,-6.8907936],[-44.7498154,-6.9152746],[-44.7391496,-6.9276116],[-44.7099172,-6.9410356],[-44.7101598,-6.9634631],[-44.6973377,-6.9744388],[-44.7106805,-7.0442632],[-44.7537634,-7.0753884],[-44.754154,-7.0861901],[-44.7827669,-7.0992719]]]}},{"type":"Feature","properties":{"level":"municipio","municipality_code":"2111201","municipality_name":"São José de Ribamar","uf":"MA","state_code":"21","area_km2":180.363},"geometry":{"type":"Polygon","coordinates":[[[-44.1616885,-2.6078331],[-44.1947462,-2.5625691],[-44.2074082,-2.5670137],[-44.2090545,-2.5432],[-44.1951828,-2.5400415],[-44.1896825,-2.5209411],[-44.2135321,-2.5213657],[-44.2054951,-2.5007843],[-44.2179856,-2.4712416],[-44.1836911,-2.4609958],[-44.1819771,-2.4660096],[-44.1782169,-2.5083588],[-44.1927648,-2.5418408],[-44.1907339,-2.5537543],[-44.140869,-2.5546473],[-44.0771052,-2.5423367],[-44.0732814,-2.525023],[-44.0594322,-2.5233429],[-44.0559566,-2.4656204],[-44.0260612,-2.5028631],[-44.0361612,-2.5566881],[-44.0490314,-2.5546337],[-44.0537689,-2.5647388],[-44.0816529,-2.5627375],[-44.1056653,-2.6033728],[-44.1056932,-2.6292448],[-44.1317911,-2.6563219],[-44.1372329,-2.6812817],[-44.1734381,-2.7021236],[-44.1826635,-2.6913021],[-44.1705047,-2.6812132],[-44.1704255,-2.6581183],[-44.18299,-2.6322576],[-44.1635111,-2.6181066],[-44.1616885,-2.6078331]]]}},{"type":"Feature","properties":{"level":"municipio","municipality_code":"2111250","municipality_name":"São José dos Basílios","uf":"MA","state_code":"21","area_km2":353.72},"geometry":{"type":"Polygon","coordinates":[[[-44.5750881,-5.150847],[-44.6280915,-5.1255859],[-44.6234819,-5.1187392],[-44.6343936,-5.1121379],[-44.6343545,-5.0968071],[-44.6585591,-5.0852435],[-44.6563808,-5.0735772],[-44.6657675,-5.0662037],[-44.6597194,-5.0493185],[-44.6388389,-5.0607319],[-44.6392348,-5.0377512],[-44.6169134,-5.0135205],[-44.6207634,-5.0057906],[-44.6030012,-4.999209],[-44.6111428,-4.9873513],[-44.6060342,-4.9828494],[-44.6206203,-4.9679479],[-44.6112819,-4.9506288],[-44.6186655,-4.9364574],[-44.6149417,-4.9246433],[-44.6321291,-4.9111719],[-44.615693,-4.8901596],[-44.6434269,-4.8756199],[-44.6429995,-4.8570248],[-44.5141572,-4.9759337],[-44.4961616,-4.9759017],[-44.4849519,-5.0175061],[-44.4973952,-5.0407742],[-44.4856507,-5.0933367],[-44.4882755,-5.127387],[-44.5007883,-5.1102692],[-44.5125342,-5.111297],[-44.5448717,-5.1705335],[-44.5567964,-5.1737114],[-44.5750881,-5.150847]]]}},{"type":"Feature","properties":{"level":"municipio","municipality_code":"2111003","municipality_name":"São João Batista","uf":"MA","state_code":"21","area_km2":649.956},"geometry":{"type":"Polygon","coordinates":[[[-44.8438468,-3.0462636],[-44.9219924,-3.0362646],[-44.9228539,-3.0171035],[-44.9360964,-3.0243592],[-44.922507,-2.9993659],[-44.930856,-2.9926035],[-44.9437606,-2.9964661],[-44.9336531,-2.9882751],[-44.9392505,-2.9764183],[-44.9686855,-2.9714249],[-44.962022,-2.9670994],[-44.9641621,-2.9507859],[-44.9745445,-2.9390385],[-44.9320021,-2.9185508],[-44.9053714,-2.9360522],[-44.8620535,-2.9458703],[-44.791691,-2.8881075],[-44.7820454,-2.8958891],[-44.7385973,-2.8751823],[-44.7336301,-2.8863657],[-44.70852,-2.8902229],[-44.6540562,-2.8878119],[-44.6797542,-2.9194479],[-44.6744305,-2.998695],[-44.6582157,-3.0153773],[-44.5802219,-3.0513744],[-44.6742525,-3.152124],[-44.6919267,-3.1318894],[-44.7442023,-3.1197184],[-44.7492411,-3.1097837],[-44.7758344,-3.1003908],[-44.8095668,-3.0753908],[-44.8065541,-3.065559],[-44.8438468,-3.0462636]]]}},{"type":"Feature","properties":{"level":"municipio","municipality_code":"2111029","municipality_name":"São João do Carú","uf":"MA","state_code":"21","area_km2":910.065},"geometry":{"type":"Polygon","coordinates":[[[-46.2734898,-3.4857936],[-46.1076363,-3.4866143],[-46.1037812,-3.5179306],[-46.1181203,-3.5193575],[-46.1283179,-3.5627032],[-46.1157423,-3.589361],[-46.1027165,-3.5956169],[-46.1117004,-3.6053302],[-46.1207132,-3.5980735],[-46.1326165,-3.6059699],[-46.1433979,-3.5852274],[-46.1564411,-3.5884626],[-46.1597324,-3.5795958],[-46.1891729,-3.5731106],[-46.2053439,-3.5962222],[-46.2135246,-3.5825498],[-46.2219453,-3.5892872],[-46.2434899,-3.5845276],[-46.2406921,-3.5756036],[-46.2549044,-3.5732704],[-46.2574575,-3.5575884],[-46.272693,-3.5552585],[-46.2777622,-3.561944],[-46.2883341,-3.5477055],[-46.3014766,-3.5591994],[-46.2967722,-3.5399395],[-46.3122047,-3.5463392],[-46.3274044,-3.5384701],[-46.3238377,-3.549972],[-46.3322299,-3.5444164],[-46.3381367,-3.5542737],[-46.3540232,-3.555426],[-46.3565144,-3.5672802],[-46.3574095,-3.5579566],[-46.3682292,-3.5545307],[-46.3648505,-3.5707746],[-46.3763051,-3.5724036],[-46.382592,-3.5830438],[-46.403691,-3.5704325],[-46.4030339,-3.5916283],[-46.420218,-3.5921633],[-46.4244647,-3.5768632],[-46.4370126,-3.5912552],[-46.4349095,-3.5771439],[-46.4517519,-3.5766313],[-46.4559737,-3.5929656],[-46.4738027,-3.5952916],[-46.4700007,-3.6088977],[-46.4803027,-3.6039884],[-46.4894755,-3.6179733],[-46.5041741,-3.6180306],[-46.5226139,-3.6323483],[-46.530675,-3.6254489],[-46.5633226,-3.6378545],[-46.5682198,-3.6494876],[-46.6001921,-3.6683196],[-46.5997191,-3.6747929],[-46.6169292,-3.6792084],[-46.6212116,-3.6953701],[-46.6431845,-3.7091861],[-46.659789,-3.6961467],[-46.6963507,-3.7049383],[-46.6933154,-3.6764186],[-46.6308431,-3.6130615],[-46.5932861,-3.5910438],[-46.4951726,-3.4963399],[-46.4594982,-3.4857537],[-46.4138286,-3.4011692],[-46.3985272,-3.3465988],[-46.3956757,-3.2913664],[-46.2783707,-3.3464491],[-46.273805,-3.4241319],[-46.2919458,-3.43501],[-46.2624389,-3.4673047],[-46.2734898,-3.4857936]]]}},{"type":"Feature","properties":{"level":"municipio","municipality_code":"2111052","municipality_name":"São João do Paraíso","uf":"MA","state_code":"21","area_km2":2052.328},"geometry":{"type":"Polygon","coordinates":[[[-46.9716235,-6.6590968],[-47.0479501,-6.6722559],[-47.0824199,-6.6639061],[-47.0863747,-6.6565261],[-47.1235649,-6.6622342],[-47.1693969,-6.6331403],[-47.1667141,-6.619421],[-47.1745944,-6.607952],[-47.1840624,-6.6092524],[-47.1968837,-6.5929447],[-47.201545,-6.5961722],[-47.2076687,-6.5925935],[-47.2077513,-6.5760384],[-47.2164264,-6.5682537],[-47.187685,-6.5559839],[-47.1624632,-6.5279134],[-47.1457443,-6.520744],[-47.0690506,-6.5463503],[-47.1056341,-6.4397691],[-47.1405913,-6.4236613],[-47.1250573,-6.3839303],[-47.0599892,-6.3788359],[-47.0556016,-6.3595257],[-47.040197,-6.3502183],[-47.0390151,-6.3372138],[-47.0288756,-6.3347046],[-47.0257287,-6.3137082],[-47.0192431,-6.3117562],[-47.0272656,-6.2867102],[-46.9953602,-6.271411],[-46.983321,-6.2813166],[-46.9704697,-6.2690248],[-46.9566216,-6.2784965],[-46.9531192,-6.272988],[-46.9312297,-6.2781103],[-46.9333509,-6.2908166],[-46.927366,-6.2853814],[-46.9208799,-6.2982202],[-46.9178079,-6.2923804],[-46.9076456,-6.2969824],[-46.8676277,-6.2864202],[-46.8507822,-6.2930424],[-46.8438666,-6.3186604],[-46.7651722,-6.3554035],[-46.7889843,-6.3282995],[-46.794953,-6.2977582],[-46.8096506,-6.2905348],[-46.8056943,-6.2350688],[-46.8135337,-6.2239271],[-46.8320514,-6.2209721],[-46.8464774,-6.2032985],[-46.8541295,-6.2039331],[-46.8494373,-6.1954923],[-46.8176444,-6.1980344],[-46.8133472,-6.2044005],[-46.8080305,-6.1960268],[-46.8011,-6.2040281],[-46.7940502,-6.1905729],[-46.7874555,-6.1986291],[-46.7852373,-6.1914099],[-46.7648928,-6.1959512],[-46.7575837,-6.1891333],[-46.7424728,-6.1989176],[-46.7040816,-6.1879657],[-46.690478,-6.1899668],[-46.681242,-6.2032402],[-46.6133662,-6.2102107],[-46.6094918,-6.2242711],[-46.6174848,-6.2426115],[-46.6340297,-6.2525538],[-46.6436775,-6.2757685],[-46.6899852,-6.2991743],[-46.6887803,-6.3211828],[-46.6707651,-6.3386732],[-46.6932389,-6.342551],[-46.6950305,-6.3535234],[-46.6848623,-6.3554944],[-46.6901954,-6.3634573],[-46.6788965,-6.3733342],[-46.6949398,-6.3991594],[-46.7171024,-6.4162077],[-46.7085347,-6.4411616],[-46.7157161,-6.452605],[-46.726451,-6.4532648],[-46.7289262,-6.4653112],[-46.7189241,-6.5049049],[-46.7340476,-6.5274775],[-46.7339746,-6.5522449],[-46.7528594,-6.5662036],[-46.7527695,-6.586038],[-46.7623085,-6.5973925],[-46.7571783,-6.6245736],[-46.7385904,-6.6516776],[-46.7271876,-6.6556689],[-46.7412947,-6.6712696],[-46.7333473,-6.6833758],[-46.7966449,-6.6920012],[-46.8534028,-6.6704171],[-46.8996232,-6.6833232],[-46.9131151,-6.6778744],[-46.940688,-6.6837353],[-46.9611541,-6.6805133],[-46.9716235,-6.6590968]]]}},{"type":"Feature","properties":{"level":"municipio","municipality_code":"2111078","municipality_name":"São João do Soter","uf":"MA","state_code":"21","area_km2":1438.066},"geometry":{"type":"Polygon","coordinates":[[[-43.7612861,-5.2020083],[-43.7841199,-5.2737038],[-44.0168648,-5.1667195],[-44.0026319,-5.1642752],[-43.9600952,-5.0506259],[-43.9258966,-5.025936],[-43.9018415,-5.0261379],[-43.8709035,-5.0006573],[-43.8559649,-4.9780845],[-43.8482289,-4.9444063],[-43.8310167,-4.931713],[-43.8329306,-4.8931083],[-43.8512002,-4.8845951],[-43.8526588,-4.8724915],[-43.843036,-4.8616224],[-43.8412551,-4.8106178],[-43.8270915,-4.7904278],[-43.8086768,-4.80395],[-43.8023566,-4.8197312],[-43.7813063,-4.8249868],[-43.7939125,-4.8250987],[-43.7953986,-4.8327211],[-43.7701622,-4.8424384],[-43.7687311,-4.8512917],[-43.7560139,-4.8551185],[-43.7441215,-4.8446434],[-43.7130169,-4.8637548],[-43.6672862,-4.8491073],[-43.6028773,-4.8814288],[-43.5650055,-4.8786933],[-43.5500646,-4.9298203],[-43.5478934,-4.9858669],[-43.6104559,-5.0774139],[-43.5936182,-5.1121929],[-43.6211468,-5.1199757],[-43.6392296,-5.1133583],[-43.6662279,-5.1519771],[-43.7248032,-5.1832059],[-43.7296946,-5.1985321],[-43.7612861,-5.2020083]]]}},{"type":"Feature","properties":{"level":"municipio","municipality_code":"2111102","municipality_name":"São João dos Patos","uf":"MA","state_code":"21","area_km2":1483.256},"geometry":{"type":"Polygon","coordinates":[[[-43.707169,-6.6998174],[-43.7538213,-6.703488],[-43.7908571,-6.5450926],[-43.8101604,-6.5079549],[-43.8211894,-6.5126982],[-43.8087362,-6.467385],[-43.7843633,-6.454928],[-43.8119226,-6.4283485],[-43.8383695,-6.3823096],[-43.8367334,-6.3453762],[-43.8592624,-6.2842883],[-43.6498134,-6.3171173],[-43.6496222,-6.3417837],[-43.6263481,-6.3783996],[-43.6056779,-6.4875339],[-43.5862468,-6.4786009],[-43.5711678,-6.4921839],[-43.5675444,-6.5094051],[-43.5469689,-6.5179703],[-43.4930843,-6.5784126],[-43.4706093,-6.572438],[-43.46419,-6.594147],[-43.4396273,-6.5846203],[-43.4020049,-6.6094897],[-43.4545886,-6.8459969],[-43.4811805,-6.8354099],[-43.5050698,-6.800831],[-43.5416337,-6.7891369],[-43.5616591,-6.7481209],[-43.5843756,-6.7574843],[-43.6428744,-6.7165511],[-43.672721,-6.7062693],[-43.6985419,-6.7095514],[-43.707169,-6.6998174]]]}},{"type":"Feature","properties":{"level":"municipio","municipality_code":"2111300","municipality_name":"São Luís","uf":"MA","state_code":"21","area_km2":583.063},"geometry":{"type":"MultiPolygon","coordinates":[[[[-44.4116867,-2.7972709],[-44.4135926,-2.796734],[-44.4125989,-2.7956648],[-44.4116867,-2.7972709]]],[[[-44.304569,-2.487506],[-44.2121635,-2.4745554],[-44.2054951,-2.5007843],[-44.2135321,-2.5213657],[-44.1896765,-2.5210373],[-44.1951828,-2.5400415],[-44.2090545,-2.5432],[-44.2074082,-2.5670137],[-44.1947462,-2.5625691],[-44.1616885,-2.6078331],[-44.1635111,-2.6181066],[-44.1829873,-2.632236],[-44.1704255,-2.6581183],[-44.1705047,-2.6812132],[-44.1826183,-2.6909214],[-44.1756532,-2.7020529],[-44.1946156,-2.7051436],[-44.2222595,-2.726325],[-44.2495717,-2.7303218],[-44.2657685,-2.7603878],[-44.3069554,-2.7791193],[-44.3285362,-2.781899],[-44.3459549,-2.7646421],[-44.3720117,-2.7577],[-44.3882955,-2.7659643],[-44.3890393,-2.7971032],[-44.410043,-2.7992347],[-44.403057,-2.7695457],[-44.38627,-2.7486589],[-44.3917063,-2.7205383],[-44.3804292,-2.668178],[-44.3681729,-2.654061],[-44.3540919,-2.6031972],[-44.3769773,-2.5641572],[-44.3579431,-2.5542692],[-44.3489264,-2.526942],[-44.3208355,-2.5271833],[-44.3175906,-2.5403689],[-44.3093309,-2.5389347],[-44.3070077,-2.5174236],[-44.3203242,-2.5028507],[-44.304569,-2.487506]]],[[[-44.3731768,-2.5792544],[-44.3746743,-2.5781954],[-44.3749393,-2.5775997],[-44.3731768,-2.5792544]]],[[[-44.3647991,-2.5452848],[-44.3657052,-2.5425499],[-44.3638234,-2.5441743],[-44.3647991,-2.5452848]]],[[[-44.3660651,-2.5397574],[-44.365583,-2.5386364],[-44.3651216,-2.5397546],[-44.3660651,-2.5397574]]],[[[-44.3633862,-2.519878],[-44.3707405,-2.5280218],[-44.3725878,-2.5216259],[-44.3633862,-2.519878]]],[[[-44.3595535,-2.5229086],[-44.3600918,-2.5235755],[-44.3602533,-2.5231668],[-44.3595535,-2.5229086]]]]}},{"type":"Feature","properties":{"level":"municipio","municipality_code":"2111409","municipality_name":"São Luís Gonzaga do Maranhão","uf":"MA","state_code":"21","area_km2":909.164},"geometry":{"type":"Polygon","coordinates":[[[-44.6063396,-4.4522376],[-44.8506597,-4.4564467],[-44.8492226,-4.4390521],[-44.8649317,-4.4257059],[-44.8604069,-4.4130698],[-44.8829379,-4.414454],[-44.8732857,-4.3842791],[-44.7399125,-4.2806698],[-44.4769365,-4.2788908],[-44.4731,-4.3048619],[-44.3958575,-4.3180761],[-44.4236373,-4.415348],[-44.4307995,-4.4808098],[-44.5773665,-4.4752961],[-44.581861,-4.4594305],[-44.6063396,-4.4522376]]]}},{"type":"Feature","properties":{"level":"municipio","municipality_code":"2111508","municipality_name":"São Mateus do Maranhão","uf":"MA","state_code":"21","area_km2":800.045},"geometry":{"type":"Polygon","coordinates":[[[-44.3874058,-4.0277385],[-44.4088162,-4.0516182],[-44.3993303,-4.0667755],[-44.402088,-4.086039],[-44.4628014,-4.0859296],[-44.454682,-4.0980936],[-44.4604915,-4.1111955],[-44.4497667,-4.116036],[-44.4468789,-4.1291518],[-44.486788,-4.1297029],[-44.4868126,-4.0913428],[-44.5779492,-4.0927255],[-44.5730793,-4.1145525],[-44.6331142,-4.1145825],[-44.626903,-4.1100695],[-44.6330409,-4.1034112],[-44.6294047,-4.0935025],[-44.6594973,-4.0939551],[-44.6837184,-4.0757368],[-44.6988432,-4.0945456],[-44.7584836,-4.0911667],[-44.7524576,-4.0860004],[-44.7564821,-4.0735693],[-44.7445282,-4.0772676],[-44.7373279,-4.0673376],[-44.7469121,-4.061208],[-44.7335323,-4.054387],[-44.7364488,-4.0252978],[-44.7242252,-4.0397094],[-44.7140275,-4.0268319],[-44.6686649,-4.0158939],[-44.6503826,-4.0147676],[-44.626538,-4.031819],[-44.6170625,-4.0252966],[-44.6359354,-4.0097528],[-44.6382723,-3.9852252],[-44.6271612,-3.980429],[-44.6384174,-3.9424506],[-44.6220813,-3.9309243],[-44.6273182,-3.9086429],[-44.6097158,-3.8997421],[-44.613706,-3.8729457],[-44.6254982,-3.866012],[-44.6138736,-3.8431438],[-44.5053946,-3.8487516],[-44.4800429,-3.9191645],[-44.4154548,-3.938818],[-44.4111079,-3.9294357],[-44.4191946,-3.9141441],[-44.3931822,-3.8965714],[-44.3875897,-3.8784201],[-44.3611374,-3.8649482],[-44.3562157,-3.850747],[-44.3229389,-3.864474],[-44.3196825,-3.8817867],[-44.3303465,-3.8964068],[-44.3415987,-3.8942731],[-44.3380428,-3.9089608],[-44.3676234,-3.931748],[-44.3546982,-3.9748002],[-44.3831553,-3.997347],[-44.3874058,-4.0277385]]]}},{"type":"Feature","properties":{"level":"municipio","municipality_code":"2111532","municipality_name":"São Pedro da Água Branca","uf":"MA","state_code":"21","area_km2":720.461},"geometry":{"type":"Polygon","coordinates":[[[-48.1873568,-4.9819452],[-48.193374,-5.0213697],[-48.2244854,-5.0667219],[-48.2118757,-5.082727],[-48.2052481,-5.1221249],[-48.1937402,-5.1274398],[-48.2047875,-5.1352681],[-48.2005683,-5.1608709],[-48.2213877,-5.1946187],[-48.2157215,-5.2325674],[-48.2249519,-5.2355288],[-48.2934032,-5.2040481],[-48.3209044,-5.2013877],[-48.3639098,-5.1683805],[-48.4863222,-5.1938198],[-48.5194602,-5.1921355],[-48.5577369,-5.2239305],[-48.5685726,-5.2829328],[-48.6061317,-5.3365008],[-48.6301017,-5.3329578],[-48.6514635,-5.3114378],[-48.6794384,-5.3058201],[-48.6992101,-5.3201232],[-48.712127,-5.3530136],[-48.7551507,-5.3491654],[-48.4331515,-5.0980655],[-48.4346238,-5.076673],[-48.4190463,-5.0857109],[-48.4003783,-5.0741562],[-48.2123779,-4.9249332],[-48.1873568,-4.9819452]]]}},{"type":"Feature","properties":{"level":"municipio","municipality_code":"2111573","municipality_name":"São Pedro dos Crentes","uf":"MA","state_code":"21","area_km2":979.559},"geometry":{"type":"Polygon","coordinates":[[[-46.5126506,-6.7742802],[-46.4999439,-6.7796438],[-46.4958163,-6.8081078],[-46.4829529,-6.8159316],[-46.4638329,-6.8108713],[-46.4511171,-6.7960174],[-46.4199354,-6.8129262],[-46.4066035,-6.8319988],[-46.3960407,-6.8262484],[-46.3907597,-6.8394252],[-46.3709592,-6.8423292],[-46.3637982,-6.8716078],[-46.3711535,-6.8785228],[-46.3625947,-6.9000701],[-46.3452942,-6.9124806],[-46.3065015,-6.9074924],[-46.3401733,-6.939397],[-46.3738098,-6.920329],[-46.4158618,-6.9323198],[-46.4237555,-6.9174709],[-46.4253956,-6.9038849],[-46.4160846,-6.8924585],[-46.4258051,-6.8644767],[-46.4998332,-6.862723],[-46.5259188,-6.8345104],[-46.5773594,-6.8144539],[-46.6148607,-6.8186746],[-46.6482227,-6.8309404],[-46.6614486,-6.8476012],[-46.6820843,-6.8388526],[-46.6969262,-6.8576034],[-46.7228391,-6.8612953],[-46.7321142,-6.8721292],[-46.7273679,-6.8781792],[-46.73906,-6.8763437],[-46.7404221,-6.8903067],[-46.7527551,-6.8886522],[-46.7604412,-6.9059804],[-46.7775331,-6.9146262],[-46.8385638,-6.9300156],[-46.852036,-6.9530139],[-46.8645851,-6.9596982],[-46.8554823,-6.982754],[-46.8853671,-6.9899881],[-46.8894138,-7.0218546],[-46.9096426,-7.0179549],[-46.9213807,-7.0298274],[-46.9409793,-7.0186436],[-46.9247268,-7.0010885],[-46.9102295,-6.9648946],[-46.9109167,-6.949873],[-46.9291109,-6.9369918],[-46.9203168,-6.9242144],[-46.9306152,-6.906602],[-46.9208331,-6.8248255],[-46.9078142,-6.8056506],[-46.8926217,-6.8073032],[-46.8786327,-6.7695618],[-46.8662311,-6.7662062],[-46.866643,-6.7566716],[-46.85467,-6.7455526],[-46.8119192,-6.7403935],[-46.8164148,-6.7234608],[-46.840505,-6.7224847],[-46.8372847,-6.705306],[-46.8584997,-6.7030587],[-46.8760003,-6.6766813],[-46.8474443,-6.6709129],[-46.7966449,-6.6920012],[-46.7340892,-6.6830018],[-46.7156537,-6.6987591],[-46.6799117,-6.7033688],[-46.6490015,-6.7295943],[-46.6143766,-6.7035874],[-46.5929314,-6.7155986],[-46.5770271,-6.7054907],[-46.5762172,-6.7187523],[-46.5553717,-6.7380156],[-46.5243869,-6.7438515],[-46.5126506,-6.7742802]]]}},{"type":"Feature","properties":{"level":"municipio","municipality_code":"2111607","municipality_name":"São Raimundo das Mangabeiras","uf":"MA","state_code":"21","area_km2":3523.94},"geometry":{"type":"Polygon","coordinates":[[[-45.5083571,-6.8045517],[-45.4590619,-6.7891111],[-45.4502694,-6.7778884],[-45.4251874,-6.7736872],[-45.4007491,-6.7576015],[-45.3687229,-6.7583814],[-45.3540783,-6.7775261],[-45.3687442,-6.816122],[-45.3808245,-6.8205907],[-45.3690259,-6.8999918],[-45.5242569,-7.2713323],[-45.5187577,-7.2795555],[-45.5263628,-7.2791605],[-45.5442151,-7.3035099],[-45.5591612,-7.2935246],[-45.5563571,-7.3148169],[-45.5646447,-7.3272026],[-45.5760228,-7.3149521],[-45.5913099,-7.3136243],[-45.6005584,-7.345477],[-45.6213855,-7.3509984],[-45.6518839,-7.3978718],[-45.6733409,-7.4065863],[-45.6786383,-7.3947702],[-45.7043787,-7.3900457],[-45.7198227,-7.3672234],[-45.7673662,-7.3379171],[-45.8052388,-7.3284703],[-45.8703914,-7.2886043],[-45.959112,-7.0507655],[-45.9348849,-7.0462333],[-45.9197038,-7.0589237],[-45.9072768,-7.0565228],[-45.8504214,-7.0105798],[-45.8188112,-6.9729531],[-45.828812,-6.9554473],[-45.8488126,-6.9542858],[-45.8535931,-6.94205],[-45.8783548,-6.9414601],[-45.9055985,-6.9563233],[-45.9222821,-6.9481493],[-45.9313589,-6.9599391],[-45.9433354,-6.948849],[-45.9710584,-6.941899],[-45.9685716,-6.9337359],[-45.9788653,-6.9351273],[-45.9910316,-6.9220179],[-45.9843841,-6.9194408],[-45.9968595,-6.8931503],[-45.9926424,-6.8800093],[-46.0037539,-6.8655418],[-46.00264,-6.8461925],[-46.0148239,-6.8398747],[-46.0118554,-6.8336744],[-46.0268664,-6.8179619],[-46.0035828,-6.8037813],[-45.9934473,-6.7744347],[-45.9342289,-6.7184041],[-45.9122652,-6.7264813],[-45.8263315,-6.7155921],[-45.8008635,-6.7190307],[-45.7464983,-6.7001317],[-45.7329628,-6.7138262],[-45.7211765,-6.7113577],[-45.6804614,-6.7274349],[-45.6492103,-6.7486336],[-45.6228398,-6.7972598],[-45.6017054,-6.8157291],[-45.5753781,-6.8199807],[-45.545115,-6.8034038],[-45.5083571,-6.8045517]]]}},{"type":"Feature","properties":{"level":"municipio","municipality_code":"2111631","municipality_name":"São Raimundo do Doca Bezerra","uf":"MA","state_code":"21","area_km2":419.55},"geometry":{"type":"Polygon","coordinates":[[[-45.1227453,-5.1213511],[-45.3306931,-5.1217588],[-45.3256514,-5.1026265],[-45.3320908,-5.1042673],[-45.3291585,-5.0954628],[-45.3478823,-5.0941606],[-45.3491621,-5.0832388],[-45.2906458,-5.0681176],[-45.2603215,-5.0279708],[-45.1923579,-4.9968061],[-45.1831838,-5.0194533],[-45.1630093,-5.0261337],[-45.1499848,-5.0060056],[-45.0338622,-5.0590655],[-45.0434513,-5.069779],[-45.030417,-5.0845345],[-44.968433,-5.1157189],[-44.9707331,-5.1308724],[-44.9914722,-5.1321102],[-45.0004888,-5.1524525],[-44.9968875,-5.1645849],[-45.0072487,-5.1712108],[-45.0085355,-5.1903543],[-45.0211217,-5.2088927],[-45.1227453,-5.1213511]]]}},{"type":"Feature","properties":{"level":"municipio","municipality_code":"2111672","municipality_name":"São Roberto","uf":"MA","state_code":"21","area_km2":226.811},"geometry":{"type":"Polygon","coordinates":[[[-45.0277286,-5.0861622],[-45.0434513,-5.069779],[-45.0338622,-5.0590655],[-45.1499848,-5.0060056],[-45.1630093,-5.0261337],[-45.1831838,-5.0194533],[-45.1925059,-4.99861],[-45.1178898,-4.9921347],[-45.1042715,-4.9687281],[-45.0576352,-4.9470164],[-45.0402553,-4.9298121],[-45.0285221,-4.961054],[-45.0057127,-4.9666931],[-44.9321541,-5.0149352],[-44.9341013,-5.0222019],[-44.9529284,-5.0250185],[-44.9530602,-5.0377027],[-44.9428963,-5.0392248],[-44.970411,-5.0785746],[-44.961062,-5.0903378],[-44.9697643,-5.1150467],[-45.0277286,-5.0861622]]]}},{"type":"Feature","properties":{"level":"municipio","municipality_code":"2111706","municipality_name":"São Vicente Ferrer","uf":"MA","state_code":"21","area_km2":393.928},"geometry":{"type":"Polygon","coordinates":[[[-44.9039601,-2.7934776],[-44.8442905,-2.8086637],[-44.819243,-2.7992249],[-44.7877091,-2.8187424],[-44.7804305,-2.8423883],[-44.7927336,-2.8674234],[-44.791691,-2.8881075],[-44.8620535,-2.9458703],[-44.9053714,-2.9360522],[-44.9320021,-2.9185508],[-44.9745445,-2.9390385],[-44.9903513,-2.9357599],[-44.9961296,-2.9250678],[-45.0174267,-2.9363524],[-45.0183809,-2.898352],[-45.0279671,-2.8873049],[-45.2176751,-2.9533375],[-45.2143396,-2.9259921],[-45.199028,-2.9252166],[-45.1917067,-2.9370434],[-45.1931918,-2.9260396],[-45.1835957,-2.9265256],[-45.2096335,-2.9208915],[-45.215991,-2.9080179],[-45.1702718,-2.9029955],[-45.1277285,-2.8891221],[-45.1207344,-2.8782836],[-45.1051844,-2.8828094],[-45.0391295,-2.8674625],[-44.9689238,-2.8340391],[-44.9611274,-2.8406306],[-44.9243443,-2.8010139],[-44.9039601,-2.7934776]]]}},{"type":"Feature","properties":{"level":"municipio","municipality_code":"2111805","municipality_name":"Sítio Novo","uf":"MA","state_code":"21","area_km2":3114.683},"geometry":{"type":"Polygon","coordinates":[[[-46.7413476,-6.6727927],[-46.7271876,-6.6556689],[-46.7385904,-6.6516776],[-46.7571783,-6.6245736],[-46.7623085,-6.5973925],[-46.7527695,-6.586038],[-46.7528594,-6.5662036],[-46.7339746,-6.5522449],[-46.7340476,-6.5274775],[-46.7189241,-6.5049049],[-46.7289262,-6.4653112],[-46.726451,-6.4532648],[-46.7157161,-6.452605],[-46.7085347,-6.4411616],[-46.7171024,-6.4162077],[-46.6949398,-6.3991594],[-46.6788965,-6.3733342],[-46.6901954,-6.3634573],[-46.6848623,-6.3554944],[-46.6950305,-6.3535234],[-46.6932389,-6.342551],[-46.6707651,-6.3386732],[-46.6887803,-6.3211828],[-46.6899852,-6.2991743],[-46.644875,-6.2769252],[-46.6094918,-6.2242711],[-46.6142295,-6.2096773],[-46.681242,-6.2032402],[-46.690478,-6.1899668],[-46.7020367,-6.1899123],[-46.694669,-6.1639087],[-46.6800697,-6.1557746],[-46.6717102,-6.1302456],[-46.692515,-6.1110614],[-46.7116349,-6.1126546],[-46.7121179,-6.1009805],[-46.7270651,-6.0857642],[-46.7134346,-6.0692613],[-46.7314677,-6.0567944],[-46.7424264,-6.0368134],[-46.7353416,-6.0098116],[-46.7518731,-6.0022219],[-46.7594871,-5.9794491],[-46.7776862,-5.9772597],[-46.784953,-5.9634309],[-46.7831582,-5.9410825],[-46.7908383,-5.9253073],[-46.7757051,-5.9114862],[-46.7927555,-5.8907203],[-46.7860028,-5.838419],[-46.7810218,-5.826807],[-46.7628043,-5.8181566],[-46.7305243,-5.7475074],[-46.6947364,-5.7436052],[-46.6706654,-5.7683405],[-46.6383184,-5.7504354],[-46.6271641,-5.7560672],[-46.611514,-5.7512544],[-46.5874144,-5.7327101],[-46.5072537,-5.7412679],[-46.4936934,-5.7539905],[-46.4690555,-5.7511302],[-46.4662542,-6.811844],[-46.4809837,-6.8165324],[-46.4958163,-6.8081078],[-46.4968048,-6.7868421],[-46.517497,-6.7698444],[-46.5185245,-6.750203],[-46.5553717,-6.7380156],[-46.5762172,-6.7187523],[-46.5756668,-6.7059573],[-46.5929314,-6.7155986],[-46.6143766,-6.7035874],[-46.6503596,-6.7294567],[-46.682764,-6.7019066],[-46.7183689,-6.6975619],[-46.7413476,-6.6727927]]]}},{"type":"Feature","properties":{"level":"municipio","municipality_code":"2112001","municipality_name":"Tasso Fragoso","uf":"MA","state_code":"21","area_km2":4369.316},"geometry":{"type":"Polygon","coordinates":[[[-45.7449161,-8.4491543],[-45.7479168,-8.4941041],[-45.7386778,-8.5006556],[-45.7570902,-8.5269374],[-45.7536519,-8.5414895],[-45.7618284,-8.5618322],[-45.7951142,-8.5864742],[-45.7661906,-8.6095456],[-45.7774735,-8.6174334],[-45.7978013,-8.6129981],[-45.8153287,-8.6319077],[-45.8220231,-8.648526],[-45.8124796,-8.6564676],[-45.8393259,-8.7140352],[-45.8642273,-8.715523],[-45.8637039,-8.7299647],[-45.8888371,-8.7380177],[-45.8922438,-8.7629849],[-45.9087074,-8.7588939],[-45.9383923,-8.7868213],[-45.9533317,-8.7827959],[-45.986998,-8.7981827],[-46.054525,-8.8102095],[-46.0561703,-8.8161013],[-46.0701103,-8.8100292],[-46.097381,-8.8305972],[-46.1311504,-8.8373344],[-46.2004936,-8.8060763],[-46.2562994,-8.80465],[-46.2814648,-8.767997],[-46.2868295,-8.7580304],[-46.2736908,-8.7265587],[-46.2463504,-8.7103794],[-46.2334765,-8.6725498],[-46.1465217,-8.6297311],[-46.1327903,-8.5983793],[-46.1116879,-8.5746751],[-46.1156193,-8.5243327],[-46.0962452,-8.4774884],[-46.0968023,-8.3594106],[-46.0829573,-8.327923],[-46.1062988,-8.2960975],[-46.1025982,-8.2355944],[-46.1205033,-8.2268422],[-46.1326279,-8.1498936],[-46.148436,-8.1143978],[-46.1447662,-8.0770556],[-46.1010652,-8.0567206],[-46.0976676,-8.0239876],[-46.0812718,-8.0287294],[-46.0614915,-8.0447222],[-46.0573307,-8.0655252],[-46.0338089,-8.0679655],[-46.0125651,-8.1288367],[-46.0024544,-8.1344649],[-46.0028947,-8.1625717],[-45.9262953,-8.1973419],[-45.913261,-8.1858841],[-45.9121364,-8.1326955],[-45.8878664,-8.1302679],[-45.8519367,-8.108501],[-45.778658,-8.1024068],[-45.7607285,-8.0600609],[-45.7944957,-8.0187161],[-45.7761315,-7.9999558],[-45.7708242,-7.9811805],[-45.7903589,-7.9366643],[-45.8191924,-7.9323091],[-45.8275819,-7.9230555],[-45.834706,-7.833953],[-45.8123922,-7.8067942],[-45.7624439,-7.7818577],[-45.7384565,-7.7793375],[-45.7164424,-7.7890494],[-45.6653404,-7.7900692],[-45.6416777,-7.805691],[-45.6212899,-7.8068419],[-45.5382959,-7.8616463],[-45.5362332,-7.8734951],[-45.520421,-7.8856094],[-45.543079,-7.8960887],[-45.523893,-7.9115453],[-45.5312134,-7.9224062],[-45.544477,-7.92008],[-45.5431184,-7.9344539],[-45.5564711,-7.9536919],[-45.5458456,-7.9577317],[-45.5475416,-7.9679964],[-45.5681098,-7.9941221],[-45.5510972,-8.0145188],[-45.5637631,-8.0141926],[-45.5776554,-8.0283313],[-45.5630388,-8.0456436],[-45.5700816,-8.0739556],[-45.5863043,-8.096403],[-45.5763627,-8.1147445],[-45.5878141,-8.1299458],[-45.5837278,-8.1569362],[-45.6130574,-8.1865142],[-45.609782,-8.2054181],[-45.6636264,-8.2505308],[-45.667125,-8.2886542],[-45.6903817,-8.3359749],[-45.6905796,-8.3558112],[-45.7062055,-8.3687034],[-45.7063626,-8.387621],[-45.7246755,-8.394824],[-45.7225949,-8.4053134],[-45.7350652,-8.4190808],[-45.7305013,-8.4295698],[-45.7449161,-8.4491543]]]}},{"type":"Feature","properties":{"level":"municipio","municipality_code":"2112100","municipality_name":"Timbiras","uf":"MA","state_code":"21","area_km2":1486.584},"geometry":{"type":"Polygon","coordinates":[[[-43.6030976,-4.1207082],[-43.5883056,-4.146775],[-43.5983473,-4.1834603],[-43.5933364,-4.2008944],[-43.6023167,-4.2150612],[-43.5944756,-4.2285322],[-43.7522697,-4.241983],[-43.8079515,-4.3247484],[-43.8228421,-4.3282408],[-43.835182,-4.3459534],[-43.8731762,-4.3564832],[-43.9243723,-4.3062471],[-43.9362289,-4.3345605],[-44.055428,-4.3883694],[-44.0628305,-4.4060315],[-44.0720764,-4.4022426],[-44.0740787,-4.3972418],[-44.051761,-4.3839716],[-44.0648439,-4.3563852],[-44.0644884,-4.2930813],[-44.0460931,-4.2748382],[-44.0344261,-4.2790978],[-44.0222628,-4.2652488],[-44.0160636,-4.2716281],[-43.9987316,-4.2522976],[-43.8950229,-3.9674792],[-43.7293457,-3.9351168],[-43.7032908,-3.9695025],[-43.6895123,-3.9723953],[-43.6555676,-4.0076335],[-43.645983,-4.0062718],[-43.6021725,-4.0437127],[-43.5945552,-4.1049197],[-43.6030976,-4.1207082]]]}},{"type":"Feature","properties":{"level":"municipio","municipality_code":"2112209","municipality_name":"Timon","uf":"MA","state_code":"21","area_km2":1763.22},"geometry":{"type":"Polygon","coordinates":[[[-42.8168749,-5.1105549],[-42.7989936,-5.1896781],[-42.8294846,-5.2392642],[-42.8116493,-5.2896735],[-42.8237187,-5.3432897],[-42.8645688,-5.3687339],[-42.8810145,-5.3900541],[-42.9095318,-5.3944861],[-42.9306814,-5.4391741],[-42.9683554,-5.4535238],[-43.0595305,-5.3847626],[-43.0980494,-5.3848842],[-43.1514017,-5.3544146],[-43.1671868,-5.3328166],[-43.1894133,-5.2869438],[-43.1639942,-5.2502572],[-43.1592966,-5.2008836],[-43.182501,-5.1686092],[-43.204018,-5.1662693],[-43.2059565,-5.1431603],[-43.1425723,-5.1156641],[-43.1323645,-5.1072182],[-43.1324239,-5.0866732],[-43.1105497,-5.0712664],[-43.0952012,-5.0682404],[-43.0632913,-5.0810593],[-43.0433414,-5.0755797],[-43.0390707,-4.9273841],[-42.8898413,-4.894712],[-42.8539165,-4.9372598],[-42.8632006,-4.9681237],[-42.8395505,-5.064114],[-42.8168749,-5.1105549]]]}},{"type":"Feature","properties":{"level":"municipio","municipality_code":"2112233","municipality_name":"Trizidela do Vale","uf":"MA","state_code":"21","area_km2":291.61},"geometry":{"type":"Polygon","coordinates":[[[-44.6059288,-4.5702844],[-44.6287991,-4.5859547],[-44.6397283,-4.5761282],[-44.6358255,-4.5909008],[-44.6597656,-4.6099867],[-44.6596322,-4.6330179],[-44.6490202,-4.6403355],[-44.7252665,-4.6507449],[-44.747601,-4.6038988],[-44.7476527,-4.4546809],[-44.600191,-4.4521306],[-44.607482,-4.460336],[-44.5969792,-4.4857212],[-44.6075577,-4.4996545],[-44.6054252,-4.5143424],[-44.6132691,-4.5170614],[-44.6064725,-4.5348706],[-44.6129058,-4.5323618],[-44.6178179,-4.5451885],[-44.6069289,-4.5551906],[-44.6059288,-4.5702844]]]}},{"type":"Feature","properties":{"level":"municipio","municipality_code":"2112274","municipality_name":"Tufilândia","uf":"MA","state_code":"21","area_km2":270.934},"geometry":{"type":"Polygon","coordinates":[[[-45.6242567,-3.732863],[-45.6358612,-3.7296315],[-45.6397359,-3.7396409],[-45.6608987,-3.7456593],[-45.6418723,-3.6260582],[-45.6222683,-3.639583],[-45.6169642,-3.6565096],[-45.6224978,-3.6677307],[-45.6149168,-3.6794934],[-45.586589,-3.6802962],[-45.5539287,-3.6581475],[-45.5236377,-3.6594926],[-45.5195665,-3.6704281],[-45.5030901,-3.6755751],[-45.4992739,-3.6981569],[-45.510323,-3.7047322],[-45.5379183,-3.7031559],[-45.5270585,-3.7894299],[-45.528273,-3.8522194],[-45.5981579,-3.9153445],[-45.6242567,-3.732863]]]}},{"type":"Feature","properties":{"level":"municipio","municipality_code":"2112308","municipality_name":"Tuntum","uf":"MA","state_code":"21","area_km2":3369.119},"geometry":{"type":"Polygon","coordinates":[[[-44.6662421,-5.6610743],[-44.5910259,-5.5936519],[-44.5749551,-5.5985028],[-44.4725089,-5.5763929],[-44.4614564,-5.6086327],[-44.4473471,-5.6140514],[-44.4504295,-5.6761157],[-44.4647326,-5.7355455],[-44.5273268,-5.7551015],[-44.5251814,-5.7654129],[-44.5442195,-5.7832426],[-44.5373603,-5.8001278],[-44.5410086,-5.8200182],[-44.5545647,-5.8272987],[-44.6021079,-5.8285035],[-44.601502,-6.0169736],[-44.6181955,-6.0287308],[-44.6351338,-6.0274154],[-44.6367354,-6.0390125],[-44.64927,-6.0329291],[-44.6665754,-6.0482814],[-44.6848108,-6.047795],[-44.697572,-6.0616654],[-44.7195497,-6.0684312],[-44.7394033,-6.0901867],[-44.7655416,-6.0885852],[-44.7713179,-6.1048759],[-44.7997424,-6.1177254],[-44.8465447,-5.9833363],[-44.8343762,-5.9439867],[-44.8463258,-5.9081363],[-44.9097359,-5.8332118],[-44.9137976,-5.805514],[-44.9241567,-5.7946728],[-44.9202929,-5.6883565],[-44.9385117,-5.6544794],[-44.9682329,-5.6262584],[-44.9568454,-5.5696519],[-44.9670119,-5.5021906],[-44.9528764,-5.4939903],[-44.9362286,-5.4608161],[-44.9405158,-5.4508853],[-44.9335681,-5.4446508],[-44.9401722,-5.4428043],[-44.9283784,-5.4069976],[-44.9205692,-5.4077665],[-44.926053,-5.3876047],[-44.9184042,-5.3716298],[-44.893315,-5.3708526],[-44.8950006,-5.3552163],[-44.8699767,-5.3437144],[-44.8672033,-5.3215979],[-44.8373774,-5.3004076],[-44.8311061,-5.2763143],[-44.8174372,-5.2659203],[-44.819786,-5.2568625],[-44.8003399,-5.2657855],[-44.8061532,-5.2407936],[-44.8155877,-5.2389739],[-44.8105344,-5.2308474],[-44.8197463,-5.225681],[-44.8070508,-5.2248609],[-44.7992215,-5.2100371],[-44.7913461,-5.2088037],[-44.7904149,-5.216127],[-44.7716164,-5.2111613],[-44.7763944,-5.2010065],[-44.7686404,-5.2036792],[-44.7667224,-5.1842648],[-44.758273,-5.1782023],[-44.765316,-5.1702728],[-44.7406963,-5.1572521],[-44.7313757,-5.1424192],[-44.7174402,-5.1489724],[-44.6968596,-5.1252217],[-44.6966196,-5.1091364],[-44.683517,-5.1055203],[-44.6747997,-5.0895074],[-44.6595559,-5.0936611],[-44.6587458,-5.0848695],[-44.6343545,-5.0968071],[-44.6343936,-5.1121379],[-44.6234819,-5.1187392],[-44.6276954,-5.1259657],[-44.6091555,-5.1377799],[-44.5970618,-5.1351206],[-44.5985743,-5.1437302],[-44.5792337,-5.147945],[-44.5715947,-5.1627773],[-44.5632454,-5.1627112],[-44.5567964,-5.1737114],[-44.5444831,-5.1699827],[-44.5375863,-5.1821059],[-44.5390369,-5.2201836],[-44.5537494,-5.246018],[-44.569532,-5.251442],[-44.5665849,-5.277819],[-44.5853805,-5.294486],[-44.5546565,-5.3024228],[-44.5534896,-5.3219929],[-44.5391501,-5.3309028],[-44.5644348,-5.3553626],[-44.5608759,-5.3822314],[-44.5489336,-5.3969411],[-44.5913387,-5.374231],[-44.598683,-5.3847214],[-44.6348565,-5.4008827],[-44.649211,-5.3972335],[-44.665732,-5.409394],[-44.7451219,-5.4996823],[-44.7508238,-5.5243397],[-44.7437597,-5.5493878],[-44.7509405,-5.5616407],[-44.7451353,-5.5631436],[-44.7589348,-5.5931281],[-44.7209729,-5.6086602],[-44.7267934,-5.6445538],[-44.6662421,-5.6610743]]]}},{"type":"Feature","properties":{"level":"municipio","municipality_code":"2112407","municipality_name":"Turiaçu","uf":"MA","state_code":"21","area_km2":2622.281},"geometry":{"type":"MultiPolygon","coordinates":[[[[-45.3237831,-1.597038],[-45.3557821,-1.7171151],[-45.3470921,-1.7324921],[-45.3251678,-1.7424968],[-45.2888467,-1.7272067],[-45.2769737,-1.729469],[-45.2359657,-1.7936351],[-45.2449759,-1.8312225],[-45.2210189,-1.8539026],[-45.2220086,-1.8743824],[-45.212945,-1.8777855],[-45.2208712,-1.8807139],[-45.2173295,-1.8997791],[-45.2462026,-1.9398894],[-45.2515093,-1.9606228],[-45.2829635,-1.9759718],[-45.3039195,-2.0189126],[-45.3216232,-2.0363166],[-45.3898283,-2.0277854],[-45.3936623,-2.0186023],[-45.4246949,-2.0392001],[-45.4437009,-2.0238178],[-45.4745479,-2.0223077],[-45.4997833,-2.0308697],[-45.5019036,-2.0390841],[-45.5391227,-2.0485871],[-45.6005618,-2.1033543],[-45.6317483,-2.1059207],[-45.6514191,-2.0009154],[-45.6397241,-1.9652979],[-45.6222802,-1.9506846],[-45.71201,-1.7701935],[-45.6015743,-1.5594122],[-45.5065999,-1.4976052],[-45.4803714,-1.4918431],[-45.4755409,-1.4798473],[-45.458129,-1.4701217],[-45.4555438,-1.4521479],[-45.4442859,-1.4473458],[-45.4361972,-1.4283951],[-45.4232704,-1.4187767],[-45.4165603,-1.4233937],[-45.4045197,-1.4206918],[-45.3717038,-1.3971135],[-45.3789278,-1.3898644],[-45.3686878,-1.38079],[-45.3764345,-1.3787764],[-45.3764183,-1.3667398],[-45.3604634,-1.3591892],[-45.3575628,-1.3460142],[-45.3406885,-1.3520169],[-45.366013,-1.3277622],[-45.3486181,-1.3125545],[-45.3048976,-1.3364114],[-45.3115506,-1.3401705],[-45.3056126,-1.3501444],[-45.3137529,-1.3729608],[-45.3025955,-1.3858343],[-45.2979255,-1.4130962],[-45.3014781,-1.4389502],[-45.388205,-1.472017],[-45.3827276,-1.4788821],[-45.357024,-1.471704],[-45.3367861,-1.477224],[-45.3162845,-1.4863264],[-45.3079836,-1.4992066],[-45.3195515,-1.5572434],[-45.3340552,-1.5642286],[-45.3434691,-1.5867941],[-45.3237831,-1.597038]]],[[[-45.4169144,-1.4173788],[-45.4185158,-1.404456],[-45.4044751,-1.4010848],[-45.407327,-1.4135941],[-45.4169144,-1.4173788]]]]}},{"type":"Feature","properties":{"level":"municipio","municipality_code":"2112456","municipality_name":"Turilândia","uf":"MA","state_code":"21","area_km2":1507.976},"geometry":{"type":"Polygon","coordinates":[[[-45.2850924,-2.2071512],[-45.3351906,-2.2775174],[-45.3493653,-2.336987],[-45.3795131,-2.3089199],[-45.3846682,-2.2808337],[-45.3915633,-2.2767988],[-45.4302133,-2.3047411],[-45.4533245,-2.2976561],[-45.4590978,-2.3053349],[-45.4511042,-2.3127579],[-45.4727257,-2.3189456],[-45.4842142,-2.3340919],[-45.5003021,-2.3379782],[-45.5066492,-2.3317735],[-45.5116325,-2.3429948],[-45.5020965,-2.3482089],[-45.5141929,-2.3626476],[-45.5228037,-2.3574596],[-45.5358883,-2.3652973],[-45.5402768,-2.3569296],[-45.5305048,-2.3539668],[-45.5328217,-2.3465732],[-45.578175,-2.3838654],[-45.6133746,-2.364587],[-45.6305842,-2.3665175],[-45.6841573,-2.3291466],[-45.6839263,-2.2268477],[-45.6385225,-2.1972545],[-45.629012,-2.1625211],[-45.6317483,-2.1059207],[-45.6005618,-2.1033543],[-45.5391227,-2.0485871],[-45.5019036,-2.0390841],[-45.4997833,-2.0308697],[-45.4745479,-2.0223077],[-45.4437009,-2.0238178],[-45.4246949,-2.0392001],[-45.3936623,-2.0186023],[-45.3898283,-2.0277854],[-45.3205512,-2.0359014],[-45.3039195,-2.0189126],[-45.2829635,-1.9759718],[-45.2463737,-1.9526263],[-45.2462026,-1.9398894],[-45.2167286,-1.8977587],[-45.2208712,-1.8807139],[-45.2129432,-1.8772465],[-45.2214078,-1.8755279],[-45.2211593,-1.8616188],[-45.2098946,-1.8659364],[-45.1780258,-1.8565752],[-45.1759881,-1.8821845],[-45.1429203,-1.9027243],[-45.1587478,-1.9268688],[-45.1547817,-1.9500488],[-45.1744651,-1.9572454],[-45.1761812,-1.9973585],[-45.1937134,-1.995698],[-45.1789974,-2.0110283],[-45.1807909,-2.0298376],[-45.1917369,-2.0290453],[-45.1888319,-2.0402168],[-45.2136952,-2.041631],[-45.2132644,-2.0559597],[-45.2230062,-2.0689119],[-45.2292519,-2.0610452],[-45.237152,-2.0680587],[-45.2430127,-2.0631483],[-45.2501471,-2.079248],[-45.2440922,-2.0823988],[-45.2500496,-2.0825965],[-45.2404836,-2.1080154],[-45.2560295,-2.1211064],[-45.2520412,-2.1287673],[-45.2605917,-2.1197452],[-45.2687513,-2.1244285],[-45.2622481,-2.1411575],[-45.2728416,-2.1441163],[-45.2761015,-2.1566722],[-45.2880958,-2.1553844],[-45.278889,-2.1636708],[-45.2844714,-2.1598953],[-45.2940438,-2.1655848],[-45.2795532,-2.1697701],[-45.2783105,-2.180575],[-45.2907313,-2.1856596],[-45.2850924,-2.2071512]]]}},{"type":"Feature","properties":{"level":"municipio","municipality_code":"2112506","municipality_name":"Tutóia","uf":"MA","state_code":"21","area_km2":1566.081},"geometry":{"type":"Polygon","coordinates":[[[-42.3191382,-2.7530838],[-42.2635558,-2.7579038],[-42.2526305,-2.7380892],[-42.2627295,-2.7278613],[-42.256915,-2.675738],[-42.2294878,-2.6964947],[-42.2225544,-2.6922353],[-42.1991265,-2.7086707],[-42.1492729,-2.721076],[-42.1160584,-2.7518558],[-42.126666,-2.7656084],[-42.1276371,-2.8011763],[-42.1738535,-2.8148489],[-42.1793889,-2.8310639],[-42.1742806,-2.8406907],[-42.309277,-3.0924792],[-42.5346974,-3.0919022],[-42.6963256,-3.175562],[-42.6965592,-3.0625913],[-42.645056,-3.0399039],[-42.6278339,-3.040214],[-42.5876109,-3.016786],[-42.5721385,-3.0004164],[-42.5755868,-2.9891722],[-42.5881036,-2.9841015],[-42.5925009,-2.965428],[-42.5672818,-2.94694],[-42.5719321,-2.9213511],[-42.542132,-2.9275332],[-42.5057757,-2.9181051],[-42.4451638,-2.8310318],[-42.467709,-2.8314426],[-42.4544282,-2.8031867],[-42.4675756,-2.7862342],[-42.4696088,-2.7544394],[-42.4557657,-2.7447936],[-42.4366724,-2.7471307],[-42.4336782,-2.7344819],[-42.4423299,-2.7237336],[-42.4764719,-2.7142771],[-42.4857318,-2.700445],[-42.4216335,-2.7139179],[-42.3686976,-2.7140436],[-42.3514173,-2.7410523],[-42.3191382,-2.7530838]]]}},{"type":"Feature","properties":{"level":"municipio","municipality_code":"2112605","municipality_name":"Urbano Santos","uf":"MA","state_code":"21","area_km2":1706.196},"geometry":{"type":"Polygon","coordinates":[[[-43.43022114442102,-3.3394934491728763],[-43.4464575,-3.3189178],[-43.4582298,-3.2849913],[-43.6044271,-3.2358118],[-43.5181059,-3.240809],[-43.5123667,-3.2235111],[-43.3447606,-3.1018333],[-43.2787347,-3.0812605],[-43.2692127,-3.0627883],[-43.3191096,-3.021937],[-43.2978485,-3.0214673],[-43.2427527,-2.9920423],[-43.2217065,-3.0222636],[-43.1804789,-2.9950162],[-43.1762766,-3.0086285],[-43.1686264,-3.0036867],[-43.1642056,-3.0288176],[-43.1439602,-3.0616662],[-43.1406353,-3.0779162],[-43.1502685,-3.0870068],[-43.0428293,-3.1374239],[-43.0430886,-3.1630125],[-43.0305805,-3.1725982],[-43.0866235,-3.2178998],[-43.0868246,-3.2441567],[-43.1119452,-3.2443847],[-43.1261559,-3.2620796],[-43.1347164,-3.2926234],[-43.12653,-3.3396421],[-43.1601376,-3.3601295],[-43.1630123,-3.4331437],[-43.1377278,-3.4657029],[-43.1510629,-3.4620672],[-43.1568591,-3.4470825],[-43.1793609,-3.4462066],[-43.2155574,-3.3944993],[-43.2351987,-3.3845125],[-43.3115096,-3.5371674],[-43.3182045,-3.5378485],[-43.3132562,-3.5583004],[-43.3218239,-3.5754848],[-43.3347542,-3.5603962],[-43.3633587,-3.5572169],[-43.3705977,-3.5449503],[-43.3934012,-3.5492869],[-43.4021339,-3.5216858],[-43.3897818,-3.5135494],[-43.4068189,-3.4950838],[-43.4054464,-3.4418182],[-43.4479672,-3.4331468],[-43.4323242,-3.4213092],[-43.4381075,-3.4050629],[-43.4295998,-3.3983503],[-43.4323662,-3.3859891],[-43.4224206,-3.3658053],[-43.4337933,-3.3478359],[-43.43022114442102,-3.3394934491728763]]]}},{"type":"Feature","properties":{"level":"municipio","municipality_code":"2112704","municipality_name":"Vargem Grande","uf":"MA","state_code":"21","area_km2":1958.702},"geometry":{"type":"Polygon","coordinates":[[[-43.9842857,-3.5012203],[-43.8013906,-3.4746673],[-43.7742139,-3.5269754],[-43.7537023,-3.5369833],[-43.7518414,-3.5461206],[-43.7408395,-3.5362048],[-43.7378412,-3.5453349],[-43.7097205,-3.5597626],[-43.7149045,-3.568098],[-43.6999465,-3.5793202],[-43.6871606,-3.5756555],[-43.6589075,-3.5888352],[-43.6509925,-3.5786972],[-43.6437112,-3.6049407],[-43.6328569,-3.6124619],[-43.6222642,-3.6035704],[-43.6160224,-3.6199841],[-43.606832,-3.6190215],[-43.7283881,-3.9349298],[-43.8950229,-3.9674792],[-43.9380703,-4.0004692],[-43.9942327,-3.8381916],[-44.0490945,-3.710421],[-44.0292344,-3.678608],[-44.0412098,-3.6525986],[-44.0363494,-3.6476918],[-44.0506744,-3.5613713],[-44.0666783,-3.5587792],[-44.0820146,-3.5329697],[-44.0925641,-3.53291],[-44.0943167,-3.5221995],[-44.0803325,-3.4793729],[-44.0501191,-3.4819329],[-44.0169637,-3.5070115],[-43.9755201,-3.5201013],[-43.9750233,-3.5083832],[-43.9842857,-3.5012203]]]}},{"type":"Feature","properties":{"level":"municipio","municipality_code":"2112803","municipality_name":"Viana","uf":"MA","state_code":"21","area_km2":1166.745},"geometry":{"type":"Polygon","coordinates":[[[-45.0883171,-3.2478436],[-45.1360141,-3.2001239],[-45.1456464,-3.2073416],[-45.1391076,-3.191467],[-45.1503924,-3.1779456],[-45.1947224,-3.1684374],[-45.267524,-3.1363211],[-45.3191295,-3.1259881],[-45.2786689,-3.0793881],[-45.2765684,-3.0585584],[-45.2307848,-3.0123961],[-45.2284162,-2.9720739],[-45.2176751,-2.9533375],[-45.1256945,-2.9204957],[-45.1198648,-2.936483],[-45.0956635,-2.9314837],[-45.1457969,-3.0144636],[-45.1406976,-3.0675742],[-45.1197881,-3.0640359],[-45.104003,-3.0834661],[-45.0816735,-3.0903483],[-45.0614706,-3.1412904],[-45.0599345,-3.1341741],[-45.0429401,-3.1413427],[-45.0383156,-3.1305934],[-45.0361569,-3.1448041],[-45.0138365,-3.1496635],[-45.0199196,-3.1375245],[-45.0177934,-3.1277851],[-45.0020335,-3.1543958],[-44.9982093,-3.1368409],[-44.9867363,-3.1401263],[-44.9925238,-3.1519288],[-44.9854856,-3.1572992],[-44.9816011,-3.1521895],[-44.9681972,-3.1864925],[-44.9494294,-3.1651751],[-44.9245753,-3.1600805],[-44.8651859,-3.0906782],[-44.804408,-3.1230609],[-44.8419244,-3.0715896],[-44.8120046,-3.0647608],[-44.8073048,-3.0779286],[-44.7758344,-3.1003908],[-44.7492411,-3.1097837],[-44.7442023,-3.1197184],[-44.6919267,-3.1318894],[-44.6742525,-3.152124],[-44.6998226,-3.1847317],[-44.7767187,-3.213149],[-44.7799658,-3.2246806],[-44.7652385,-3.2647619],[-44.7498782,-3.2813593],[-44.7493775,-3.299399],[-44.7680698,-3.3049178],[-44.7894569,-3.2964375],[-44.8105467,-3.2693521],[-44.8286858,-3.2891515],[-44.8538222,-3.2954533],[-44.8392394,-3.2774601],[-44.8553275,-3.2764459],[-44.8731919,-3.2619987],[-44.8681531,-3.2789462],[-44.873743,-3.2839468],[-44.89038,-3.2769332],[-44.8838511,-3.2835069],[-44.89638,-3.3016181],[-44.9229662,-3.307068],[-44.9321545,-3.3009778],[-44.9281574,-3.292404],[-44.9395162,-3.2940588],[-44.9419679,-3.2859914],[-44.9387658,-3.3142243],[-44.9467966,-3.3156441],[-44.9356861,-3.3282619],[-44.9514629,-3.3402334],[-44.9702135,-3.3300687],[-44.99349,-3.3351172],[-45.0226894,-3.3128509],[-45.0162943,-3.2985542],[-45.0331273,-3.2393634],[-45.073026,-3.2644312],[-45.0793765,-3.2488277],[-45.0925344,-3.2562749],[-45.0883171,-3.2478436]]]}},{"type":"Feature","properties":{"level":"municipio","municipality_code":"2112852","municipality_name":"Vila Nova dos Martírios","uf":"MA","state_code":"21","area_km2":1190.008},"geometry":{"type":"Polygon","coordinates":[[[-48.079265,-5.2750645],[-48.1785442,-5.2607761],[-48.2249519,-5.2355288],[-48.2142252,-5.231156],[-48.2213877,-5.1946187],[-48.2005683,-5.1608709],[-48.2047875,-5.1352681],[-48.1937402,-5.1274398],[-48.2052481,-5.1221249],[-48.2118757,-5.082727],[-48.2244854,-5.0667219],[-48.193374,-5.0213697],[-48.1951637,-4.9941723],[-48.1873568,-4.9819452],[-48.2123779,-4.9249332],[-48.0583628,-4.8041597],[-48.013702,-4.8640079],[-48.0192139,-4.9367794],[-47.979901,-5.0095322],[-47.9842164,-5.0473566],[-47.9458208,-5.0888633],[-47.9111688,-5.1517284],[-47.8872368,-5.17484],[-47.8937438,-5.1754043],[-47.8987992,-5.1943929],[-47.9155032,-5.1988831],[-47.91121,-5.2145928],[-47.9373486,-5.2395752],[-48.0040589,-5.2346202],[-48.0492647,-5.2661013],[-48.079265,-5.2750645]]]}},{"type":"Feature","properties":{"level":"municipio","municipality_code":"2113009","municipality_name":"Vitorino Freire","uf":"MA","state_code":"21","area_km2":1193.386},"geometry":{"type":"Polygon","coordinates":[[[-45.1274784,-4.4132832],[-45.2409467,-4.3937106],[-45.2949103,-4.4242696],[-45.3351054,-4.4239321],[-45.4220052,-4.4408267],[-45.4228248,-4.4170983],[-45.4695658,-4.4279896],[-45.5117358,-4.3960054],[-45.4798348,-4.3695245],[-45.4696783,-4.34681],[-45.4540328,-4.3468555],[-45.4378799,-4.3307908],[-45.4332654,-4.3364264],[-45.418711,-4.3269591],[-45.4476912,-4.3075415],[-45.4482041,-4.2915481],[-45.4189013,-4.2543644],[-45.4021932,-4.1859335],[-45.3876659,-4.1714967],[-45.3642994,-4.1689071],[-45.3560977,-4.1314614],[-45.374685,-4.1173961],[-45.4049101,-4.1157229],[-45.4082181,-4.1263182],[-45.4316585,-4.1414834],[-45.4455978,-4.1382376],[-45.448189,-4.1220454],[-45.4263251,-4.0884226],[-45.4217439,-4.0662955],[-45.4034961,-4.0563516],[-45.3985612,-4.0104041],[-45.3784455,-3.9909001],[-45.3576574,-3.9849269],[-45.3727205,-3.9077514],[-45.3423106,-3.8700978],[-45.3359715,-3.8737272],[-45.3362304,-3.9031746],[-45.312317,-3.9098134],[-45.3249765,-3.9294938],[-45.3162359,-3.9547073],[-45.3227854,-3.9655037],[-45.30807,-3.9807983],[-45.3107171,-4.0071011],[-45.2941991,-4.0238898],[-45.3173471,-4.059301],[-45.3188553,-4.0706077],[-45.309989,-4.0748234],[-45.3135243,-4.0943308],[-45.2699303,-4.1209347],[-45.2545756,-4.1483175],[-45.2395995,-4.1486324],[-45.215676,-4.164256],[-45.210435,-4.1843096],[-45.1975514,-4.1891173],[-45.2039954,-4.197432],[-45.1067243,-4.3288365],[-45.1269978,-4.3664561],[-45.1218718,-4.3780287],[-45.1330687,-4.395062],[-45.1274784,-4.4132832]]]}},{"type":"Feature","properties":{"level":"municipio","municipality_code":"2112902","municipality_name":"Vitória do Mearim","uf":"MA","state_code":"21","area_km2":715.625},"geometry":{"type":"Polygon","coordinates":[[[-44.8971418,-3.7398897],[-44.9276896,-3.7520526],[-44.9308912,-3.7460527],[-44.9174166,-3.7390752],[-44.9235868,-3.7099269],[-44.9386002,-3.7068588],[-44.9513854,-3.6932265],[-44.9981002,-3.7126845],[-45.0032626,-3.7037563],[-45.0117444,-3.7149938],[-45.0303607,-3.7124539],[-45.0417348,-3.7234455],[-45.0478494,-3.7172217],[-44.9972729,-3.5871459],[-45.0313579,-3.5710455],[-45.0155241,-3.5357085],[-45.0494676,-3.5119359],[-45.0413989,-3.5006655],[-45.0443568,-3.4898937],[-45.0328958,-3.4811435],[-45.0302247,-3.4590692],[-45.0124645,-3.4581111],[-45.011412,-3.4298838],[-44.9735986,-3.4284267],[-44.9512307,-3.455612],[-44.9294301,-3.4622143],[-44.9261911,-3.4400961],[-44.9002165,-3.4247863],[-44.8990773,-3.4007643],[-44.8778543,-3.3833374],[-44.8937286,-3.3744581],[-44.8921774,-3.3519217],[-44.8820783,-3.3550657],[-44.863712,-3.3463606],[-44.8193489,-3.4735491],[-44.830038,-3.4658864],[-44.8315231,-3.4826195],[-44.8534864,-3.4956907],[-44.8476495,-3.5246036],[-44.8359891,-3.5260793],[-44.8389073,-3.5395286],[-44.8279071,-3.5314927],[-44.8230966,-3.5372754],[-44.8389069,-3.5731226],[-44.8537418,-3.5692963],[-44.8409414,-3.587553],[-44.8294632,-3.5840576],[-44.8081855,-3.5946703],[-44.8031311,-3.6104331],[-44.815157,-3.6262057],[-44.8139048,-3.6395416],[-44.7935723,-3.6612301],[-44.7976863,-3.6717806],[-44.8101882,-3.6657562],[-44.8068496,-3.6813571],[-44.8135766,-3.6723988],[-44.8207288,-3.6786415],[-44.8460042,-3.6681302],[-44.8471995,-3.6872801],[-44.865823,-3.6938841],[-44.8589077,-3.7154684],[-44.8673288,-3.7188966],[-44.8788628,-3.7466973],[-44.8971418,-3.7398897]]]}},{"type":"Feature","properties":{"level":"municipio","municipality_code":"2114007","municipality_name":"Zé Doca","uf":"MA","state_code":"21","area_km2":2140.109},"geometry":{"type":"Polygon","coordinates":[[[-46.26423478923749,-3.3194831640471176],[-46.2783707,-3.3464491],[-46.3956757,-3.2913664],[-46.391162,-3.273745],[-46.3497284,-3.2139403],[-46.310809,-3.1907641],[-46.2788328,-3.1916979],[-46.2667132,-3.1591415],[-46.2476717,-3.1572474],[-46.2406242,-3.1664117],[-46.2250164,-3.1583174],[-46.2011237,-3.1670853],[-46.0989619,-3.1480183],[-46.0910032,-3.138632],[-46.0941315,-3.1237134],[-46.0812553,-3.1179995],[-46.0753684,-3.1042842],[-46.0613178,-3.1107111],[-46.0557255,-3.0940722],[-46.0278886,-3.0746202],[-46.0162703,-3.0805677],[-46.0017203,-3.061731],[-45.9889802,-3.0739435],[-45.982393,-3.0707258],[-45.9811537,-3.0785707],[-45.9596688,-3.0634975],[-45.9459117,-3.0670905],[-45.9433426,-3.0457336],[-45.9305373,-3.052605],[-45.923288,-3.03728],[-45.9322975,-3.0304098],[-45.9250526,-3.0210489],[-45.9187732,-3.0286906],[-45.9023965,-3.0275599],[-45.9308144,-3.0949586],[-45.9215688,-3.1075581],[-45.9206392,-3.1305378],[-45.9510664,-3.181302],[-45.9266675,-3.236351],[-45.8078438,-3.2298957],[-45.7824356,-3.2380263],[-45.7806383,-3.2167184],[-45.711157,-3.1013075],[-45.641944,-3.1195258],[-45.6390738,-3.0830477],[-45.6239847,-3.0532492],[-45.6035231,-3.1739489],[-45.5793471,-3.2422447],[-45.5521847,-3.2794829],[-45.4903245,-3.3068172],[-45.4440898,-3.3994245],[-45.5421895,-3.4849764],[-45.5452769,-3.4702867],[-45.5700492,-3.4537537],[-45.6602131,-3.3386673],[-45.7986686,-3.3355309],[-45.8785424,-3.3159649],[-45.9093931,-3.3786631],[-45.9414014,-3.365771],[-45.9759105,-3.3734057],[-45.9959686,-3.3676365],[-46.020769,-3.3780156],[-46.0606462,-3.3631064],[-46.1970083,-3.362948],[-46.2516288,-3.3190825],[-46.26423478923749,-3.3194831640471176]]]}},{"type":"Feature","properties":{"level":"municipio","municipality_code":"2100154","municipality_name":"Água Doce do Maranhão","uf":"MA","state_code":"21","area_km2":442.292},"geometry":{"type":"Polygon","coordinates":[[[-42.2096125,-3.072693],[-42.2789557,-3.078406],[-42.309277,-3.0924792],[-42.1742806,-2.8406907],[-42.1793889,-2.8310639],[-42.1738535,-2.8148489],[-42.1276371,-2.8011763],[-42.1257479,-2.7639022],[-42.1156271,-2.7552411],[-42.1015036,-2.7559964],[-42.0713669,-2.8145228],[-42.0938403,-2.8439473],[-42.0964782,-2.8685399],[-42.07889,-2.9183141],[-42.1362473,-2.941884],[-42.1245791,-2.9656873],[-42.1274401,-2.9870422],[-42.0476518,-2.9889277],[-42.0668833,-3.0163255],[-42.1020056,-3.0259585],[-42.1161198,-3.038086],[-42.126074,-3.0336853],[-42.1469941,-3.0564135],[-42.2096125,-3.072693]]]}}]}