{"type":"FeatureCollection","name":"PI_Municipios_2024","crs":{"type":"name","properties":{"name":"urn:ogc:def:crs:EPSG::4674"}},"features":[{"type":"Feature","properties":{"level":"municipio","municipality_code":"2200053","municipality_name":"Acauã","uf":"PI","state_code":"22","area_km2":1280.838},"geometry":{"type":"Polygon","coordinates":[[[-40.851179,-8.170312],[-40.818247,-8.172861],[-40.800857,-8.185924],[-40.798599,-8.213963],[-40.7835238,-8.2351617],[-40.7642927,-8.2439938],[-40.7835651,-8.2554352],[-40.7798798,-8.3019327],[-40.7918213,-8.3190726],[-40.8195092,-8.3219089],[-40.8193187,-8.3623573],[-40.8287036,-8.3737806],[-40.8374015,-8.381126],[-40.8585913,-8.3796108],[-40.8699811,-8.3585387],[-40.8934723,-8.3573101],[-40.8977465,-8.3679178],[-40.8898704,-8.3867499],[-40.9076155,-8.3989872],[-40.9015355,-8.421627],[-40.925149,-8.4463261],[-40.978545,-8.3986507],[-40.9999532,-8.4002996],[-41.0073798,-8.4209291],[-41.0437178,-8.4366567],[-41.0510986,-8.4804738],[-41.078927,-8.4725032],[-41.0904899,-8.5126255],[-41.111464,-8.5336311],[-41.1267329,-8.5419559],[-41.1346273,-8.5335386],[-41.1494935,-8.5339173],[-41.1430927,-8.5207031],[-41.1622256,-8.4724486],[-41.2072444,-8.4601622],[-41.2090264,-8.4465628],[-41.2190149,-8.4388252],[-41.2047121,-8.4195516],[-41.2058048,-8.3899903],[-41.1929961,-8.3716269],[-41.1977667,-8.3571845],[-41.1800568,-8.3556814],[-41.1775124,-8.3401107],[-41.1424804,-8.3401934],[-41.1603864,-8.3213726],[-41.1631965,-8.2967356],[-41.1780963,-8.2877172],[-41.1803182,-8.2677201],[-41.0937104,-8.2002077],[-41.0472991,-8.1360317],[-41.0277992,-8.1357121],[-41.0159772,-8.1200973],[-40.9850432,-8.1186196],[-40.9779008,-8.1377317],[-40.941588,-8.12188],[-40.902518,-8.153917],[-40.856348,-8.146905],[-40.851179,-8.170312]]]}},{"type":"Feature","properties":{"level":"municipio","municipality_code":"2200103","municipality_name":"Agricolândia","uf":"PI","state_code":"22","area_km2":112.392},"geometry":{"type":"Polygon","coordinates":[[[-42.6398095,-5.7857999],[-42.6559353,-5.8323426],[-42.7201014,-5.8171281],[-42.7248349,-5.746762],[-42.7375382,-5.737505],[-42.7448121,-5.7177209],[-42.7300648,-5.7200104],[-42.7403951,-5.7119549],[-42.7198089,-5.7088082],[-42.7195533,-5.7359675],[-42.7133902,-5.711847],[-42.7060498,-5.7235071],[-42.7065512,-5.7088031],[-42.6995264,-5.7155759],[-42.6950781,-5.7064091],[-42.6728106,-5.7046904],[-42.6699019,-5.7172293],[-42.6863252,-5.7139892],[-42.6986373,-5.7283645],[-42.6790656,-5.7423687],[-42.6699325,-5.7337073],[-42.6509759,-5.7297524],[-42.6447937,-5.7351376],[-42.6333891,-5.7281934],[-42.6405594,-5.7460905],[-42.6225145,-5.7480277],[-42.616414,-5.7587233],[-42.6398095,-5.7857999]]]}},{"type":"Feature","properties":{"level":"municipio","municipality_code":"2200251","municipality_name":"Alagoinha do Piauí","uf":"PI","state_code":"22","area_km2":535.89},"geometry":{"type":"Polygon","coordinates":[[[-40.8282859,-6.9283207],[-40.8504823,-6.9852024],[-40.8600526,-6.9908533],[-40.8544322,-7.0203159],[-40.9133319,-7.0766155],[-40.9975866,-7.137316],[-41.001313,-7.08809],[-40.9815399,-6.9155896],[-40.981491,-6.772304],[-40.8971953,-6.7697661],[-40.882816,-6.7928291],[-40.84758,-6.7848223],[-40.8394182,-6.795984],[-40.8282859,-6.9283207]]]}},{"type":"Feature","properties":{"level":"municipio","municipality_code":"2200277","municipality_name":"Alegrete do Piauí","uf":"PI","state_code":"22","area_km2":243.732},"geometry":{"type":"Polygon","coordinates":[[[-40.8831035,-7.2411358],[-40.8636823,-7.1754181],[-40.8815936,-7.1573182],[-40.8562996,-7.1477908],[-40.8555311,-7.1295022],[-40.844347,-7.1263317],[-40.7756754,-7.1346984],[-40.7295266,-7.1602848],[-40.6915893,-7.1597274],[-40.7171189,-7.2080072],[-40.700365,-7.2264719],[-40.7300284,-7.2446803],[-40.748037,-7.2431529],[-40.7532722,-7.2547076],[-40.799265,-7.2610362],[-40.8482675,-7.2853467],[-40.8775136,-7.2597578],[-40.8831035,-7.2411358]]]}},{"type":"Feature","properties":{"level":"municipio","municipality_code":"2200301","municipality_name":"Alto Longá","uf":"PI","state_code":"22","area_km2":1743.331},"geometry":{"type":"Polygon","coordinates":[[[-42.1966403,-5.139238],[-42.1917569,-5.1197247],[-42.1595627,-5.1285739],[-42.1404962,-5.1245548],[-42.1201274,-5.1380385],[-42.0793687,-5.1233913],[-42.0383821,-5.1588887],[-41.9947478,-5.1678803],[-41.9988938,-5.200387],[-42.0201209,-5.2336341],[-42.0005899,-5.2401516],[-42.015035,-5.2674039],[-41.997535,-5.2757646],[-41.9930756,-5.2870543],[-42.0301524,-5.3070884],[-42.0349782,-5.3379505],[-42.0261556,-5.3496505],[-42.0022619,-5.3460398],[-42.0042761,-5.3571708],[-41.9901371,-5.3882012],[-41.9787541,-5.3963924],[-41.9622689,-5.3892418],[-41.9429064,-5.4133386],[-41.9575567,-5.4434228],[-41.9548857,-5.4562464],[-41.9694321,-5.4643669],[-41.9982767,-5.5084627],[-41.998981,-5.5220314],[-42.0285962,-5.5551914],[-42.0536983,-5.5608784],[-42.0945801,-5.5901941],[-42.1299772,-5.602357],[-42.1446996,-5.6457171],[-42.19995,-5.6529435],[-42.227738,-5.6715725],[-42.2359243,-5.640704],[-42.2565047,-5.6209195],[-42.2620146,-5.581661],[-42.2735083,-5.5636243],[-42.2659718,-5.555069],[-42.2972298,-5.4864751],[-42.3017503,-5.4579658],[-42.3172593,-5.4412193],[-42.3340616,-5.3952386],[-42.3551852,-5.382767],[-42.3489691,-5.3628579],[-42.3684542,-5.3202571],[-42.3426659,-5.3108824],[-42.32096,-5.2921701],[-42.3121512,-5.2351407],[-42.2802946,-5.2352062],[-42.2540599,-5.1908718],[-42.1966403,-5.139238]]]}},{"type":"Feature","properties":{"level":"municipio","municipality_code":"2200400","municipality_name":"Altos","uf":"PI","state_code":"22","area_km2":957.232},"geometry":{"type":"Polygon","coordinates":[[[-42.462652,-5.203312],[-42.4820197,-5.1682897],[-42.5794352,-5.1691094],[-42.5989727,-5.1943124],[-42.6017953,-4.9042777],[-42.3704055,-4.8319895],[-42.3128887,-4.9385321],[-42.3900702,-5.1392541],[-42.3792125,-5.1525107],[-42.3968,-5.173681],[-42.42906,-5.188848],[-42.445992,-5.21489],[-42.462652,-5.203312]]]}},{"type":"Feature","properties":{"level":"municipio","municipality_code":"2200459","municipality_name":"Alvorada do Gurguéia","uf":"PI","state_code":"22","area_km2":2131.506},"geometry":{"type":"Polygon","coordinates":[[[-43.825207,-8.3150137],[-43.8290217,-8.2929735],[-43.8231386,-8.2796207],[-43.8133375,-8.2824225],[-43.8113353,-8.2763751],[-43.8228738,-8.2535447],[-43.6475492,-8.2520327],[-43.6306288,-8.263827],[-43.6834375,-8.5991162],[-43.7297179,-8.5987735],[-43.7682849,-8.5839852],[-44.0246363,-8.6037169],[-44.0280447,-8.6107446],[-44.2085331,-8.627144],[-44.2054739,-8.5536913],[-44.4084275,-8.4618296],[-44.3835185,-8.366143],[-44.1067002,-8.3694057],[-44.0133299,-8.4030616],[-43.9192857,-8.3873363],[-43.8791094,-8.3135719],[-43.825207,-8.3150137]]]}},{"type":"Feature","properties":{"level":"municipio","municipality_code":"2200509","municipality_name":"Amarante","uf":"PI","state_code":"22","area_km2":1152.127},"geometry":{"type":"Polygon","coordinates":[[[-42.8293405,-6.3406035],[-42.8345664,-6.3251882],[-42.8597801,-6.3299477],[-42.8465222,-6.2813837],[-42.8615392,-6.2391216],[-42.8766595,-6.2253549],[-42.9142143,-6.214591],[-42.9346657,-6.1915956],[-42.9699111,-6.1773251],[-42.9784213,-6.1385145],[-42.7933801,-6.1001214],[-42.8011205,-6.1469275],[-42.7884257,-6.2025089],[-42.7697961,-6.1864679],[-42.7263188,-6.1751191],[-42.7145591,-6.2630172],[-42.669692,-6.2902692],[-42.5932897,-6.4905566],[-42.7911176,-6.5217946],[-42.8414513,-6.7056325],[-42.8569377,-6.6622819],[-42.896107,-6.657001],[-42.9150939,-6.6479544],[-42.9173274,-6.6387208],[-42.9063473,-6.6020865],[-42.8847984,-6.5702435],[-42.88817,-6.5366507],[-42.8718983,-6.5117459],[-42.886233,-6.5087383],[-42.8842609,-6.4969384],[-42.8657951,-6.483881],[-42.8779309,-6.4184932],[-42.8568972,-6.3905057],[-42.8515221,-6.3586007],[-42.8293405,-6.3406035]]]}},{"type":"Feature","properties":{"level":"municipio","municipality_code":"2200608","municipality_name":"Angical do Piauí","uf":"PI","state_code":"22","area_km2":222.008},"geometry":{"type":"Polygon","coordinates":[[[-42.7364919,-6.0118262],[-42.7344742,-6.0480353],[-42.703574,-6.081862],[-42.702873,-6.100959],[-42.6884585,-6.112413],[-42.682481,-6.139504],[-42.690544,-6.16424],[-42.677128,-6.190077],[-42.689144,-6.19972],[-42.683615,-6.214134],[-42.7196206,-6.2150325],[-42.7263188,-6.1751191],[-42.7697961,-6.1864679],[-42.7884257,-6.2025089],[-42.7936379,-6.1873144],[-42.8011205,-6.1469275],[-42.7917483,-6.0684155],[-42.820139,-5.991745],[-42.811368,-5.9941887],[-42.7803354,-5.9635175],[-42.784886,-6.0156585],[-42.7364919,-6.0118262]]]}},{"type":"Feature","properties":{"level":"municipio","municipality_code":"2200806","municipality_name":"Antônio Almeida","uf":"PI","state_code":"22","area_km2":644.8},"geometry":{"type":"Polygon","coordinates":[[[-44.3051848,-7.1178122],[-44.2741171,-7.0702438],[-44.274804,-7.053015],[-44.260723,-7.048743],[-44.232575,-7.082618],[-44.200547,-7.088445],[-44.17624,-7.117138],[-44.1509293,-7.1169631],[-44.068991,-7.199267],[-44.0908845,-7.2187829],[-44.0714468,-7.2687544],[-44.1844674,-7.4178343],[-44.2661016,-7.2432282],[-44.2975381,-7.2634894],[-44.351688,-7.2277729],[-44.333,-7.2082103],[-44.3202708,-7.126207],[-44.3051848,-7.1178122]]]}},{"type":"Feature","properties":{"level":"municipio","municipality_code":"2200707","municipality_name":"Anísio de Abreu","uf":"PI","state_code":"22","area_km2":337.877},"geometry":{"type":"Polygon","coordinates":[[[-43.0732234,-9.3998307],[-43.0876503,-9.2885328],[-43.1069571,-9.2430991],[-43.0830715,-9.198175],[-43.0861406,-9.167015],[-43.107406,-9.1467729],[-43.1111926,-9.1014847],[-43.0918833,-9.0892062],[-43.0444021,-9.0892516],[-43.0472857,-9.0818679],[-43.0169776,-9.0880756],[-42.981948,-9.1295953],[-42.9946889,-9.1363637],[-42.9757433,-9.1571506],[-42.9665278,-9.182597],[-42.9880332,-9.2082652],[-42.985978,-9.265411],[-42.9656274,-9.3080118],[-43.0226503,-9.3186498],[-43.0529625,-9.3342108],[-43.0580977,-9.3935853],[-43.0732234,-9.3998307]]]}},{"type":"Feature","properties":{"level":"municipio","municipality_code":"2200905","municipality_name":"Aroazes","uf":"PI","state_code":"22","area_km2":821.212},"geometry":{"type":"Polygon","coordinates":[[[-41.8731651,-6.2022495],[-41.909383,-6.1894563],[-41.9143044,-6.2000536],[-41.9532306,-6.1805899],[-42.007846,-6.1933626],[-42.0221368,-6.2075713],[-42.0351126,-6.2045226],[-42.0350772,-6.1900998],[-42.0482815,-6.1851573],[-42.0368759,-6.1721997],[-42.0448138,-6.1659026],[-42.0410661,-6.15692],[-42.055609,-6.115863],[-42.0367325,-6.1127228],[-42.060636,-6.0522191],[-41.971757,-6.0876191],[-41.8826244,-6.060144],[-41.8247272,-5.9910292],[-41.7993751,-5.974355],[-41.7634042,-6.0296344],[-41.6675408,-5.972393],[-41.6782629,-6.0328593],[-41.6400272,-6.0729383],[-41.7163559,-6.1599097],[-41.7349084,-6.209791],[-41.6351289,-6.2734345],[-41.6712018,-6.2759405],[-41.6836247,-6.2655148],[-41.6962864,-6.2697971],[-41.7029858,-6.2640522],[-41.7239747,-6.2703569],[-41.7295241,-6.2592657],[-41.7460575,-6.2587762],[-41.7513592,-6.2513604],[-41.7979723,-6.257293],[-41.8266513,-6.2329171],[-41.8659664,-6.2176978],[-41.8731651,-6.2022495]]]}},{"type":"Feature","properties":{"level":"municipio","municipality_code":"2200954","municipality_name":"Aroeiras do Itaim","uf":"PI","state_code":"22","area_km2":316.235},"geometry":{"type":"Polygon","coordinates":[[[-41.3986173,-7.2592989],[-41.4694522,-7.313014],[-41.554952,-7.3057593],[-41.5696989,-7.2921873],[-41.6051122,-7.2906884],[-41.613454,-7.3275645],[-41.6315622,-7.3283615],[-41.6704214,-7.3200068],[-41.6789328,-7.3036905],[-41.6480902,-7.2930184],[-41.6574106,-7.2743916],[-41.6503339,-7.2392058],[-41.6121259,-7.2335486],[-41.6116231,-7.2241556],[-41.5911596,-7.2282881],[-41.576942,-7.1944801],[-41.55145,-7.1666078],[-41.5365533,-7.1725644],[-41.5215441,-7.1581873],[-41.4989385,-7.1610219],[-41.4917835,-7.1764246],[-41.4624501,-7.1874738],[-41.3986173,-7.2592989]]]}},{"type":"Feature","properties":{"level":"municipio","municipality_code":"2201002","municipality_name":"Arraial","uf":"PI","state_code":"22","area_km2":682.727},"geometry":{"type":"Polygon","coordinates":[[[-42.5823388,-6.5192126],[-42.3546659,-6.51835],[-42.3490257,-6.5070003],[-42.3098186,-6.507198],[-42.3094626,-6.5140099],[-42.3564756,-6.528509],[-42.3754373,-6.6766993],[-42.4079338,-6.6621098],[-42.4175192,-6.6712432],[-42.4283646,-6.6617842],[-42.4352143,-6.6680392],[-42.477464,-6.66746],[-42.4791917,-6.677552],[-42.4716786,-6.6798349],[-42.4895609,-6.7085767],[-42.5159449,-6.7206922],[-42.531033,-6.705985],[-42.5584334,-6.7230133],[-42.548621,-6.7395467],[-42.5636789,-6.755049],[-42.5700081,-6.7881342],[-42.580244,-6.7871112],[-42.606457,-6.8085819],[-42.6233856,-6.7979325],[-42.6477328,-6.7613919],[-42.612361,-6.6642105],[-42.6448011,-6.6091272],[-42.6531362,-6.5048693],[-42.5932897,-6.4905566],[-42.5823388,-6.5192126]]]}},{"type":"Feature","properties":{"level":"municipio","municipality_code":"2201051","municipality_name":"Assunção do Piauí","uf":"PI","state_code":"22","area_km2":1690.703},"geometry":{"type":"Polygon","coordinates":[[[-40.9177466,-5.7428435],[-40.9098058,-5.7648604],[-40.9056455,-5.8492766],[-40.8936441,-5.8838093],[-40.8975193,-5.9012974],[-40.880216,-5.9176672],[-40.8736344,-5.9667581],[-40.9039474,-6.020877],[-40.9063058,-6.0465174],[-41.259096,-6.1104477],[-41.2589339,-5.8753735],[-41.1680039,-5.7859468],[-41.1678351,-5.6411549],[-40.9077581,-5.6423465],[-40.9112329,-5.6565588],[-40.9387693,-5.6733406],[-40.9139501,-5.7249666],[-40.9177466,-5.7428435]]]}},{"type":"Feature","properties":{"level":"municipio","municipality_code":"2201101","municipality_name":"Avelino Lopes","uf":"PI","state_code":"22","area_km2":1220.371},"geometry":{"type":"Polygon","coordinates":[[[-43.9931626,-10.4102511],[-44.0666747,-10.2177269],[-44.1567835,-10.1309908],[-44.0607631,-10.0163659],[-44.044269,-10.025104],[-44.039746,-10.002784],[-44.012004,-9.991878],[-43.991814,-9.995888],[-43.968975,-9.979106],[-43.95764,-10.028543],[-43.9188105,-10.0654263],[-43.88202,-10.0576313],[-43.8823477,-10.0520557],[-43.839466,-10.033412],[-43.809408,-10.034548],[-43.769066,-10.023984],[-43.751623,-10.027558],[-43.725761,-10.050699],[-43.6927049,-10.0594053],[-43.6929149,-10.0773954],[-43.729928,-10.0722555],[-43.7660345,-10.0800571],[-43.7731135,-10.0987842],[-43.7665901,-10.1342591],[-43.7790886,-10.1804684],[-43.8372651,-10.2500682],[-43.8382919,-10.304626],[-43.8950961,-10.3544907],[-43.9147933,-10.3841549],[-43.9162293,-10.4267187],[-43.9367348,-10.4361303],[-43.972775,-10.4326455],[-43.9931626,-10.4102511]]]}},{"type":"Feature","properties":{"level":"municipio","municipality_code":"2201150","municipality_name":"Baixa Grande do Ribeiro","uf":"PI","state_code":"22","area_km2":7808.915},"geometry":{"type":"Polygon","coordinates":[[[-45.3298697,-8.3436111],[-45.4264699,-8.3501619],[-45.4477167,-8.2788288],[-45.3845305,-8.0600433],[-45.3547409,-8.0759274],[-45.3155641,-8.0578631],[-45.2574732,-7.9974481],[-45.2338162,-7.9838785],[-45.2314067,-7.9542203],[-45.3050629,-7.9109516],[-45.2465803,-7.8013948],[-45.2007114,-7.7879326],[-45.1635381,-7.8336501],[-45.122484,-7.830816],[-44.9184127,-7.8700337],[-44.842060553611596,-8.265084514719916],[-44.8456548,-8.304269],[-44.8191277,-8.3385433],[-44.8137329,-8.3808133],[-44.8271279,-8.4331852],[-44.8355054,-8.4376176],[-44.8403687,-8.4734705],[-44.8494861,-8.4835819],[-44.847409,-8.4967184],[-44.8777686,-8.536567],[-44.8741454,-8.5642465],[-44.8897036,-8.6552139],[-44.8841557,-8.6611007],[-44.8868856,-8.7435532],[-44.8996658,-8.7720568],[-44.8970662,-8.7825024],[-44.9048992,-8.7872541],[-44.9053875,-8.8058369],[-44.923375,-8.8443215],[-44.9478102,-8.8711297],[-44.9605678,-8.8739438],[-44.9582712,-8.8819124],[-44.9861245,-8.9258399],[-45.0159974,-8.9529199],[-45.0566517,-8.9690814],[-45.1296772,-9.0331172],[-45.1828976,-9.0868691],[-45.1927844,-9.1158611],[-45.2405995,-9.1626463],[-45.2591272,-9.1978832],[-45.3119443,-9.2428228],[-45.511594,-9.1719577],[-45.5341723,-9.1408776],[-45.5281846,-9.105132],[-45.5535401,-9.0771234],[-45.5627174,-9.0529616],[-45.5564528,-9.0388395],[-45.5421829,-9.038567],[-45.5155673,-9.0120503],[-45.5005419,-8.9717228],[-45.4847021,-8.9651636],[-45.4706282,-8.9352233],[-45.3981576,-8.8641699],[-45.3910768,-8.8240972],[-45.3987134,-8.7979491],[-45.3923283,-8.7896213],[-45.3977951,-8.7388039],[-45.3814046,-8.6829613],[-45.3850976,-8.6561021],[-45.4059011,-8.6329511],[-45.3298697,-8.3436111]]]}},{"type":"Feature","properties":{"level":"municipio","municipality_code":"2201176","municipality_name":"Barra D'Alcântara","uf":"PI","state_code":"22","area_km2":263.943},"geometry":{"type":"Polygon","coordinates":[[[-42.0610253,-6.5272325],[-42.0572551,-6.6022524],[-42.0816719,-6.6106833],[-42.0871657,-6.6365021],[-42.1124583,-6.6330787],[-42.1225046,-6.6442808],[-42.1436251,-6.6437774],[-42.158308,-6.6353333],[-42.1540729,-6.6154397],[-42.164619,-6.557137],[-42.1457,-6.5490855],[-42.1864631,-6.4881084],[-42.1911326,-6.4620714],[-42.1744673,-6.4497987],[-42.1365427,-6.4724362],[-42.1279577,-6.4570952],[-42.1294924,-6.4313599],[-42.1013589,-6.4342246],[-42.087137,-6.4689306],[-42.0672327,-6.4452925],[-42.013743,-6.4438928],[-42.0137507,-6.474443],[-42.0504813,-6.4939802],[-42.0485576,-6.5095766],[-42.0369699,-6.5112391],[-42.0610253,-6.5272325]]]}},{"type":"Feature","properties":{"level":"municipio","municipality_code":"2201200","municipality_name":"Barras","uf":"PI","state_code":"22","area_km2":1722.507},"geometry":{"type":"Polygon","coordinates":[[[-42.1828849,-4.3827107],[-42.4478615,-4.334427],[-42.4826213,-4.3440003],[-42.5480156,-4.3450474],[-42.6159866,-4.2379317],[-42.6466742,-4.1308914],[-42.6208837,-4.1268546],[-42.5939363,-4.1351166],[-42.556083,-4.104678],[-42.5368071,-4.102546],[-42.5206027,-4.0638505],[-42.5046399,-4.0548738],[-42.5127134,-4.0422702],[-42.4562179,-3.9967747],[-42.439348,-3.9685791],[-42.3886235,-3.9866703],[-42.3589952,-3.974289],[-42.3087684,-3.9985254],[-42.2914653,-3.9768796],[-42.2767843,-3.9787093],[-42.2670568,-3.939681],[-42.245635,-3.9356584],[-42.2441251,-3.9265936],[-42.232669,-3.9679291],[-42.223282,-3.9773075],[-42.2359868,-3.9779274],[-42.2359002,-3.9965679],[-42.2594581,-4.0052635],[-42.2668059,-4.0175841],[-42.2542779,-4.0782831],[-42.2639963,-4.0877902],[-42.2598341,-4.1223359],[-42.2507024,-4.1277611],[-42.267352,-4.162775],[-42.2626686,-4.1704842],[-42.2488622,-4.161802],[-42.2417404,-4.1678062],[-42.2340022,-4.1948818],[-42.2404762,-4.2075035],[-42.2372935,-4.224604],[-42.2148567,-4.2200567],[-42.2092655,-4.2292568],[-42.1929595,-4.2168522],[-42.156325,-4.2202226],[-42.1164102,-4.2070001],[-42.1119147,-4.2120596],[-42.0957914,-4.2032136],[-42.076817,-4.2052617],[-42.0511256,-4.1811074],[-41.9969208,-4.2078422],[-42.0005261,-4.2722101],[-42.0305688,-4.2666903],[-42.0640074,-4.2738661],[-42.1211323,-4.265669],[-42.125181,-4.2735194],[-42.1953814,-4.2713015],[-42.1852369,-4.2864422],[-42.1932395,-4.2999874],[-42.1779082,-4.3252214],[-42.1824437,-4.348336],[-42.1740182,-4.3721205],[-42.1828849,-4.3827107]]]}},{"type":"Feature","properties":{"level":"municipio","municipality_code":"2201309","municipality_name":"Barreiras do Piauí","uf":"PI","state_code":"22","area_km2":2168.713},"geometry":{"type":"Polygon","coordinates":[[[-45.511448,-9.827608],[-45.504478,-9.81846],[-45.489102,-9.838741],[-45.480927,-9.829532],[-45.467956,-9.842405],[-45.468191,-9.853201],[-45.448604,-9.858696],[-45.446658,-9.870952],[-45.452585,-9.870694],[-45.435105,-9.882088],[-45.439711,-9.89034],[-45.420666,-9.89639],[-45.424718,-9.904234],[-45.418259,-9.910453],[-45.404739,-9.906561],[-45.394766,-9.917203],[-45.387852,-9.930483],[-45.392434,-9.951396],[-45.3771692,-9.9767188],[-45.551845,-9.974313],[-45.557766,-10.013839],[-45.548319,-10.037396],[-45.524933,-10.063458],[-45.509904,-10.121898],[-45.516239,-10.135726],[-45.502454,-10.149195],[-45.5132794,-10.163203],[-45.5469303,-10.1770102],[-45.5568679,-10.218143],[-45.5713163,-10.1868881],[-45.5674564,-10.1395225],[-45.5838893,-10.1169916],[-45.6086536,-10.1096427],[-45.6847195,-10.1533156],[-45.7266392,-10.1568548],[-45.7351904,-10.1800998],[-45.727888,-10.21321],[-45.7385502,-10.2344277],[-45.7606943,-10.2506189],[-45.7937433,-10.2676724],[-45.8707602,-10.2500288],[-45.8967285,-10.2642902],[-45.9156318,-10.3126645],[-45.8871714,-10.3404619],[-45.9109369,-10.3710886],[-45.9711149,-10.3589393],[-45.9819861,-10.3450251],[-45.9820642,-10.3260795],[-45.9973317,-10.3167634],[-45.9998711,-10.2966799],[-46.0282068,-10.2771033],[-46.0124233,-10.2506961],[-46.0040515,-10.2616585],[-45.9962481,-10.2503148],[-45.9739471,-10.2483699],[-45.9462653,-10.2585499],[-45.9560735,-10.2210775],[-45.945619,-10.1964425],[-45.9311874,-10.1908257],[-45.924267,-10.1711581],[-45.9000213,-10.1527686],[-45.8901526,-10.1211966],[-45.8785439,-10.1102993],[-45.8699363,-10.069292],[-45.8801961,-10.058594],[-45.8422862,-9.9415579],[-45.8662777,-9.870719],[-45.845732,-9.8085652],[-45.8214206,-9.7731271],[-45.8287241,-9.7044026],[-45.8385678,-9.6963177],[-45.8324885,-9.6826209],[-45.8043056,-9.6895036],[-45.6652566,-9.8027544],[-45.5571845,-9.739352],[-45.552347,-9.748151],[-45.538299,-9.750599],[-45.549323,-9.767495],[-45.541798,-9.785703],[-45.531702,-9.78286],[-45.523378,-9.799694],[-45.52902,-9.806898],[-45.513924,-9.811409],[-45.511448,-9.827608]]]}},{"type":"Feature","properties":{"level":"municipio","municipality_code":"2201408","municipality_name":"Barro Duro","uf":"PI","state_code":"22","area_km2":159.436},"geometry":{"type":"Polygon","coordinates":[[[-42.5452105,-5.8421591],[-42.5478448,-5.8159639],[-42.5392356,-5.7992076],[-42.5755803,-5.7668245],[-42.5721011,-5.7360791],[-42.5599021,-5.7400945],[-42.5437257,-5.7246602],[-42.5216114,-5.7263726],[-42.5247285,-5.7358761],[-42.5048867,-5.7518106],[-42.4492784,-5.759946],[-42.4423306,-5.8001317],[-42.4571434,-5.8295955],[-42.4569775,-5.8539715],[-42.4409966,-5.8689434],[-42.451788,-5.871323],[-42.462661,-5.892623],[-42.4704386,-5.8932525],[-42.4857796,-5.8712732],[-42.5452105,-5.8421591]]]}},{"type":"Feature","properties":{"level":"municipio","municipality_code":"2201507","municipality_name":"Batalha","uf":"PI","state_code":"22","area_km2":1589.011},"geometry":{"type":"Polygon","coordinates":[[[-42.0511256,-4.1811074],[-42.076817,-4.2052617],[-42.0957914,-4.2032136],[-42.1119147,-4.2120596],[-42.1164102,-4.2070001],[-42.156325,-4.2202226],[-42.1929595,-4.2168522],[-42.2092655,-4.2292568],[-42.2152404,-4.2200129],[-42.2345524,-4.2275676],[-42.2420032,-4.1672783],[-42.2488622,-4.161802],[-42.2619626,-4.1705653],[-42.2671392,-4.1644444],[-42.2507024,-4.1277611],[-42.2598341,-4.1223359],[-42.2639963,-4.0877902],[-42.2542779,-4.0782831],[-42.2668059,-4.0175841],[-42.2594581,-4.0052635],[-42.2359002,-3.9965679],[-42.2359868,-3.9779274],[-42.2233764,-3.9776735],[-42.232669,-3.9679291],[-42.2454795,-3.9202601],[-42.2328209,-3.9050505],[-42.2144464,-3.8985849],[-42.208811,-3.919264],[-42.1899188,-3.9058292],[-42.1780341,-3.9138783],[-42.169379,-3.889669],[-42.1461453,-3.9053266],[-42.1210636,-3.8980035],[-42.1175467,-3.9106749],[-42.1050428,-3.9167045],[-42.0982137,-3.9107579],[-42.0740588,-3.9188478],[-42.0624548,-3.8960351],[-42.0677052,-3.8860993],[-42.051909,-3.8858719],[-42.0409765,-3.8754609],[-41.9949142,-3.8721976],[-41.9779744,-3.8597436],[-41.9773328,-3.8415109],[-41.9891364,-3.8300885],[-41.9754283,-3.8040971],[-41.9950408,-3.7995356],[-42.0198557,-3.8101742],[-42.0349862,-3.7913439],[-42.0503446,-3.7913258],[-42.0503299,-3.680265],[-41.9620565,-3.6792691],[-41.9754213,-3.6968669],[-41.9811088,-3.7840141],[-41.8984004,-3.7967209],[-41.9107633,-3.9407691],[-41.8475716,-3.9738009],[-41.8559191,-4.040588],[-41.8836616,-4.0395054],[-41.894163,-4.0461199],[-41.9133813,-4.0348204],[-41.9200361,-4.0620413],[-41.9347738,-4.0693188],[-41.8971076,-4.0856939],[-41.9327622,-4.1970437],[-41.9212684,-4.1840948],[-41.9189053,-4.2238935],[-41.9543597,-4.2207119],[-41.9788978,-4.2462227],[-41.9965767,-4.2451896],[-41.9969208,-4.2078422],[-42.0511256,-4.1811074]]]}},{"type":"Feature","properties":{"level":"municipio","municipality_code":"2201556","municipality_name":"Bela Vista do Piauí","uf":"PI","state_code":"22","area_km2":499.092},"geometry":{"type":"Polygon","coordinates":[[[-41.94821,-8.0130738],[-42.0318658,-7.9753979],[-42.0213452,-7.9431785],[-42.0240272,-7.9088194],[-41.9368238,-7.9045303],[-41.9140277,-7.875628],[-41.8801431,-7.8961601],[-41.8567697,-7.9396048],[-41.8199766,-7.9312226],[-41.7750385,-7.9335943],[-41.7304125,-7.9606196],[-41.7389008,-7.9874576],[-41.7272426,-8.0274879],[-41.7152261,-8.0557523],[-41.6932239,-8.0689536],[-41.7501621,-8.0924013],[-41.7772872,-8.1169068],[-41.8516299,-8.1199088],[-41.8596597,-8.1138086],[-41.8565474,-8.0655049],[-41.9024857,-8.0135908],[-41.94821,-8.0130738]]]}},{"type":"Feature","properties":{"level":"municipio","municipality_code":"2201572","municipality_name":"Belém do Piauí","uf":"PI","state_code":"22","area_km2":243.234},"geometry":{"type":"Polygon","coordinates":[[[-41.0047843,-7.4225299],[-41.0418282,-7.3014791],[-41.041061,-7.255918],[-41.025498,-7.259288],[-41.017525,-7.251086],[-40.996202,-7.248903],[-40.986119,-7.25786],[-40.9710577,-7.3200766],[-40.930804,-7.35126],[-40.941471,-7.3591105],[-40.9221742,-7.4651253],[-40.941834,-7.507404],[-40.987367,-7.53203],[-41.0083692,-7.4850966],[-41.017312,-7.436703],[-41.0047843,-7.4225299]]]}},{"type":"Feature","properties":{"level":"municipio","municipality_code":"2201606","municipality_name":"Beneditinos","uf":"PI","state_code":"22","area_km2":937.098},"geometry":{"type":"Polygon","coordinates":[[[-42.4005134,-5.7063641],[-42.407588,-5.677934],[-42.4433626,-5.6660398],[-42.452502,-5.6189337],[-42.4831008,-5.6073589],[-42.4771544,-5.5812311],[-42.5027316,-5.561788],[-42.500805,-5.552786],[-42.462455,-5.535414],[-42.459526,-5.505269],[-42.452643,-5.5024],[-42.469676,-5.4802097],[-42.4696151,-5.4612089],[-42.4965229,-5.4582692],[-42.5199982,-5.4229825],[-42.5174614,-5.4040941],[-42.5988863,-5.3504235],[-42.5873264,-5.3367708],[-42.5834009,-5.3151904],[-42.5669428,-5.3155181],[-42.5605976,-5.3063819],[-42.5493874,-5.31368],[-42.5425958,-5.3019435],[-42.5362707,-5.3086347],[-42.5079717,-5.2979082],[-42.5021984,-5.3090731],[-42.4925745,-5.3072186],[-42.4921402,-5.3192037],[-42.4620599,-5.3007595],[-42.4510417,-5.3102427],[-42.4106845,-5.3030601],[-42.3943155,-5.3184672],[-42.3760514,-5.3157138],[-42.3622048,-5.3297115],[-42.3489691,-5.3628579],[-42.3551852,-5.382767],[-42.3340616,-5.3952386],[-42.3172593,-5.4412193],[-42.3017503,-5.4579658],[-42.2972298,-5.4864751],[-42.2659718,-5.555069],[-42.2735083,-5.5636243],[-42.2620146,-5.581661],[-42.2565047,-5.6209195],[-42.2359243,-5.640704],[-42.2284344,-5.6712674],[-42.241106,-5.669996],[-42.2699,-5.64542],[-42.286536,-5.65835],[-42.304247,-5.653528],[-42.302674,-5.682152],[-42.319113,-5.686812],[-42.329784,-5.707064],[-42.3247648,-5.7311244],[-42.3795608,-5.7228372],[-42.4005134,-5.7063641]]]}},{"type":"Feature","properties":{"level":"municipio","municipality_code":"2201705","municipality_name":"Bertolínia","uf":"PI","state_code":"22","area_km2":1216.116},"geometry":{"type":"Polygon","coordinates":[[[-43.9750123,-8.0031626],[-44.008209,-7.5942141],[-43.984143,-7.593323],[-43.964945,-7.602718],[-43.951782,-7.568773],[-43.934501,-7.556803],[-43.900591,-7.507586],[-43.886518,-7.497264],[-43.8548616,-7.5147718],[-43.8232278,-7.4898667],[-43.8192991,-7.5379061],[-43.7537165,-7.5741897],[-43.7023006,-7.6436837],[-43.7155957,-7.6529924],[-43.7084664,-7.6528224],[-43.7102143,-7.6611783],[-43.7158579,-7.6586394],[-43.7404953,-7.6858162],[-43.7455508,-7.7080586],[-43.7555264,-7.7079215],[-43.7547018,-7.719545],[-43.7743515,-7.7265997],[-43.7756678,-7.7397889],[-43.7827733,-7.7395689],[-43.8023023,-7.7748937],[-43.7914215,-7.7906274],[-43.7987962,-7.7990014],[-43.7967288,-7.8132092],[-43.784634,-7.8177392],[-43.7831462,-7.8304011],[-43.7832483,-7.8514774],[-43.795155,-7.8675277],[-43.7904565,-7.9102578],[-43.7977673,-7.9163882],[-43.7859064,-7.9347946],[-43.7965132,-7.974133],[-43.7882789,-7.983656],[-43.8663326,-7.9759904],[-43.9750123,-8.0031626]]]}},{"type":"Feature","properties":{"level":"municipio","municipality_code":"2201739","municipality_name":"Betânia do Piauí","uf":"PI","state_code":"22","area_km2":579.576},"geometry":{"type":"Polygon","coordinates":[[[-40.6328404,-8.1393013],[-40.6435661,-8.1575368],[-40.6664782,-8.1615894],[-40.6690293,-8.1774809],[-40.700588,-8.2026077],[-40.7072558,-8.2234936],[-40.7291979,-8.2249147],[-40.7445047,-8.2400719],[-40.7642927,-8.2439938],[-40.784521,-8.234265],[-40.798599,-8.213963],[-40.800857,-8.185924],[-40.815813,-8.174124],[-40.84606,-8.175449],[-40.856348,-8.146905],[-40.908365,-8.151247],[-40.959702,-8.110552],[-40.963767,-8.097578],[-40.958613,-8.088283],[-40.9289661,-8.0974114],[-40.9036379,-8.0767736],[-40.8738751,-8.0928916],[-40.8579277,-8.0728507],[-40.8652943,-8.0496695],[-40.7991858,-8.0240673],[-40.6242626,-8.0357064],[-40.5756978,-8.0303748],[-40.6031232,-8.0953304],[-40.5896984,-8.1388083],[-40.6013179,-8.1501705],[-40.6328404,-8.1393013]]]}},{"type":"Feature","properties":{"level":"municipio","municipality_code":"2201770","municipality_name":"Boa Hora","uf":"PI","state_code":"22","area_km2":336.954},"geometry":{"type":"Polygon","coordinates":[[[-42.182841,-4.309273],[-42.1932395,-4.2999874],[-42.1852206,-4.2867347],[-42.1946304,-4.2709237],[-42.125181,-4.2735194],[-42.1211323,-4.265669],[-42.0640074,-4.2738661],[-42.0305688,-4.2666903],[-42.0005261,-4.2722101],[-42.0004841,-4.3441233],[-42.0792814,-4.3742235],[-42.0583782,-4.4034557],[-42.0609885,-4.434006],[-42.1505375,-4.4822369],[-42.1541257,-4.47301],[-42.1613981,-4.4767907],[-42.1675635,-4.4641282],[-42.1778794,-4.463876],[-42.1662703,-4.4499828],[-42.166826,-4.4249986],[-42.1806683,-4.4148507],[-42.1770555,-4.4003427],[-42.1958664,-4.3809467],[-42.1828849,-4.3827107],[-42.1740796,-4.372575],[-42.182841,-4.309273]]]}},{"type":"Feature","properties":{"level":"municipio","municipality_code":"2201804","municipality_name":"Bocaina","uf":"PI","state_code":"22","area_km2":261.651},"geometry":{"type":"Polygon","coordinates":[[[-41.3531771,-6.98062],[-41.3919537,-6.9522268],[-41.399083,-6.9057613],[-41.4115075,-6.9022874],[-41.4114909,-6.879229],[-41.3968848,-6.8612287],[-41.3789871,-6.8609339],[-41.3649991,-6.8729785],[-41.3516838,-6.8652296],[-41.3208791,-6.867183],[-41.3183422,-6.8526858],[-41.2660695,-6.8515569],[-41.2574603,-6.8304939],[-41.2136999,-6.8181192],[-41.2007115,-6.8898718],[-41.2398715,-6.9290915],[-41.2434577,-6.9497281],[-41.2844118,-6.959968],[-41.28896,-6.9774965],[-41.3112042,-6.9897746],[-41.3531771,-6.98062]]]}},{"type":"Feature","properties":{"level":"municipio","municipality_code":"2201903","municipality_name":"Bom Jesus","uf":"PI","state_code":"22","area_km2":5471.023},"geometry":{"type":"Polygon","coordinates":[[[-44.5081036,-9.3160249],[-44.5157091,-9.3322322],[-44.5094978,-9.3380091],[-44.5187329,-9.3500668],[-44.512219,-9.3510073],[-44.5130088,-9.3594007],[-44.5230004,-9.378232],[-44.7262844,-9.2689131],[-44.817755,-9.4624044],[-45.3119443,-9.2428228],[-45.2591272,-9.1978832],[-45.2405995,-9.1626463],[-45.2091836,-9.1378695],[-45.1828976,-9.0868691],[-45.0854064,-8.9959909],[-45.0622878,-9.0288304],[-44.3749368,-9.0314987],[-44.355167,-9.040647],[-44.3332254,-8.9819351],[-44.3038875,-8.9435247],[-44.2912314,-8.9732194],[-44.301019,-8.9919789],[-44.3057591,-8.9857657],[-44.3153631,-8.9920398],[-44.3075081,-8.9966233],[-44.31681,-9.0190622],[-44.3115673,-9.029647],[-44.2379198,-9.0933967],[-43.8698,-9.3136533],[-43.7821682,-9.4526542],[-44.0434451,-9.586111],[-44.2182776,-9.4292155],[-44.5081036,-9.3160249]]]}},{"type":"Feature","properties":{"level":"municipio","municipality_code":"2201919","municipality_name":"Bom Princípio do Piauí","uf":"PI","state_code":"22","area_km2":523.142},"geometry":{"type":"Polygon","coordinates":[[[-41.5980486,-3.1220261],[-41.4645801,-3.1248858],[-41.4630579,-3.160501],[-41.517506,-3.1883841],[-41.5166055,-3.21231],[-41.5546435,-3.231248],[-41.61602,-3.2785134],[-41.6155812,-3.2935777],[-41.6936073,-3.3075701],[-41.666542,-3.2484299],[-41.7715461,-3.1206655],[-41.6723333,-3.0112818],[-41.6034135,-3.0628031],[-41.5980486,-3.1220261]]]}},{"type":"Feature","properties":{"level":"municipio","municipality_code":"2201929","municipality_name":"Bonfim do Piauí","uf":"PI","state_code":"22","area_km2":289.149},"geometry":{"type":"Polygon","coordinates":[[[-42.900565,-9.221285],[-42.9389023,-9.201156],[-42.9690827,-9.1467419],[-42.9757433,-9.1571506],[-42.9946889,-9.1363637],[-42.8455063,-9.0698476],[-42.8018638,-9.1145672],[-42.7954316,-9.1371159],[-42.8113713,-9.1678905],[-42.7985559,-9.1945512],[-42.819705,-9.231884],[-42.856344,-9.271641],[-42.865634,-9.306773],[-42.900578,-9.27343],[-42.898642,-9.258721],[-42.916029,-9.248458],[-42.913323,-9.229943],[-42.900565,-9.221285]]]}},{"type":"Feature","properties":{"level":"municipio","municipality_code":"2201945","municipality_name":"Boqueirão do Piauí","uf":"PI","state_code":"22","area_km2":269.786},"geometry":{"type":"Polygon","coordinates":[[[-42.0590949,-4.6422312],[-42.0854654,-4.6063608],[-42.1322954,-4.6017352],[-42.1367295,-4.5903109],[-42.1461662,-4.5903166],[-42.1462755,-4.6031543],[-42.174326,-4.603186],[-42.180564,-4.583216],[-42.174567,-4.566479],[-42.145553,-4.571358],[-42.147344,-4.527435],[-42.174876,-4.559528],[-42.1886753,-4.5603058],[-42.1955806,-4.5499617],[-42.2100198,-4.5563941],[-42.2164809,-4.5441548],[-42.2458758,-4.5514703],[-42.2508538,-4.5351945],[-42.0609885,-4.434006],[-42.0496713,-4.4528279],[-42.0574171,-4.4640222],[-42.0557055,-4.5277623],[-42.0345756,-4.529235],[-42.0443606,-4.5581864],[-42.0152466,-4.5686058],[-42.0358067,-4.6032975],[-42.0299079,-4.6233186],[-42.0590949,-4.6422312]]]}},{"type":"Feature","properties":{"level":"municipio","municipality_code":"2201960","municipality_name":"Brasileira","uf":"PI","state_code":"22","area_km2":880.836},"geometry":{"type":"Polygon","coordinates":[[[-41.7612332,-4.2088104],[-41.7999099,-4.1734772],[-41.8045419,-4.2022223],[-41.9214258,-4.1814457],[-41.9327622,-4.1970437],[-41.8971076,-4.0856939],[-41.9347738,-4.0693188],[-41.9200361,-4.0620413],[-41.9133813,-4.0348204],[-41.894163,-4.0461199],[-41.8834743,-4.0394788],[-41.8655113,-4.0437113],[-41.8632914,-4.0368473],[-41.8558213,-4.0422831],[-41.7717649,-4.0339921],[-41.7378738,-4.0452598],[-41.7380108,-4.0718975],[-41.7607121,-4.097465],[-41.7745126,-4.1004544],[-41.6319182,-4.1355861],[-41.622118,-4.0603604],[-41.5553448,-4.0574199],[-41.4880223,-4.0413345],[-41.3359646,-4.0514781],[-41.3129997,-4.1472221],[-41.3318161,-4.1513283],[-41.3469254,-4.1367921],[-41.392363,-4.1615587],[-41.4098065,-4.1483557],[-41.4265954,-4.1608106],[-41.4319611,-4.1813442],[-41.4499113,-4.1935293],[-41.4565516,-4.1862015],[-41.4948247,-4.1831532],[-41.5352271,-4.1604885],[-41.5711664,-4.1610352],[-41.5775734,-4.1456708],[-41.6568499,-4.2197714],[-41.7612332,-4.2088104]]]}},{"type":"Feature","properties":{"level":"municipio","municipality_code":"2201988","municipality_name":"Brejo do Piauí","uf":"PI","state_code":"22","area_km2":2267.326},"geometry":{"type":"Polygon","coordinates":[[[-42.8696202,-8.0870059],[-42.7861139,-8.0456087],[-42.7562124,-8.040927],[-42.7332211,-8.0168482],[-42.6592359,-8.0313475],[-42.6091085,-8.1124733],[-42.5833691,-8.1241595],[-42.5933588,-8.1958064],[-42.584165,-8.2318575],[-42.592123,-8.2402594],[-42.603209,-8.2961776],[-42.6217304,-8.3206147],[-42.6274722,-8.37572],[-42.6426242,-8.4077783],[-42.6380267,-8.4933931],[-42.6995259,-8.5598699],[-42.7259781,-8.6848427],[-42.8935946,-8.6985689],[-42.9563478,-8.7135766],[-43.0132516,-8.7093267],[-43.0289165,-8.6972006],[-43.0570378,-8.6992295],[-43.062005,-8.6192906],[-43.0443704,-8.578162],[-43.0312562,-8.5686193],[-43.004637,-8.5191198],[-42.9823394,-8.5084427],[-42.955542,-8.5186272],[-42.9054864,-8.507572],[-42.8535883,-8.5105405],[-42.8409976,-8.4873041],[-42.8387456,-8.4507604],[-42.868865,-8.4210569],[-42.8936393,-8.3568653],[-42.8908934,-8.3119627],[-42.8795321,-8.2779666],[-42.9112056,-8.248996],[-42.912049,-8.2166412],[-42.9034919,-8.200366],[-42.914398,-8.1861881],[-42.8872167,-8.1763307],[-42.8741504,-8.1441159],[-42.8814281,-8.120626],[-42.8696202,-8.0870059]]]}},{"type":"Feature","properties":{"level":"municipio","municipality_code":"2202000","municipality_name":"Buriti dos Lopes","uf":"PI","state_code":"22","area_km2":690.54},"geometry":{"type":"Polygon","coordinates":[[[-41.7962744,-3.2529621],[-41.8317728,-3.2689298],[-41.8410979,-3.2658717],[-41.84096,-3.277848],[-41.8563802,-3.2789111],[-41.854384,-3.294178],[-41.882769,-3.306941],[-41.8827748,-3.3338326],[-41.9260852,-3.3333892],[-41.9323179,-3.2991713],[-41.9103358,-3.3149758],[-41.9039672,-3.3118543],[-41.9135469,-3.2988487],[-41.9112446,-3.2790051],[-41.9274893,-3.2577295],[-41.929218,-3.2353872],[-41.9588503,-3.2321657],[-41.9797928,-3.2159702],[-41.9725504,-3.1932799],[-41.9543412,-3.1768202],[-41.9469799,-3.1738931],[-41.9352032,-3.1830528],[-41.9399688,-3.1569365],[-41.9250838,-3.1393739],[-41.9233551,-3.1100974],[-41.8956982,-3.0939472],[-41.869079,-3.0602843],[-41.7715461,-3.1206655],[-41.666542,-3.2484299],[-41.6936552,-3.3076971],[-41.6773441,-3.3172266],[-41.662495,-3.3794124],[-41.6743961,-3.4819328],[-41.6897146,-3.4528228],[-41.7117164,-3.4676213],[-41.7323509,-3.4711684],[-41.7452104,-3.4631461],[-41.7307352,-3.3341918],[-41.7500917,-3.3337582],[-41.7426056,-3.3212481],[-41.7962744,-3.2529621]]]}},{"type":"Feature","properties":{"level":"municipio","municipality_code":"2202026","municipality_name":"Buriti dos Montes","uf":"PI","state_code":"22","area_km2":2437.329},"geometry":{"type":"Polygon","coordinates":[[[-41.1373735,-5.4242574],[-41.1881634,-5.3954743],[-41.2451236,-5.4072555],[-41.2548743,-5.3853801],[-41.2884931,-5.3622541],[-41.2999594,-5.325398],[-41.3214606,-5.3185419],[-41.3487605,-5.2786203],[-41.3617968,-5.2824663],[-41.3820972,-5.2682708],[-41.4010168,-5.2726965],[-41.3997156,-5.2602073],[-41.4091102,-5.248791],[-41.398118,-5.2349384],[-41.3978009,-5.2193685],[-41.371733,-5.1907462],[-41.3557659,-5.1855973],[-41.3561419,-5.1731219],[-41.3637241,-5.1609597],[-41.3788717,-5.158529],[-41.3759654,-5.1501306],[-41.3949139,-5.1545789],[-41.4444182,-5.134054],[-41.4415768,-5.0979111],[-41.4763484,-5.0480477],[-41.4715099,-5.0235297],[-41.4980257,-5.0138696],[-41.4860958,-5.0079129],[-41.4800043,-4.9906816],[-41.4711585,-5.002094],[-41.4574377,-4.9875363],[-41.456958,-4.9755051],[-41.4489007,-4.9842698],[-41.4400146,-4.9788124],[-41.443614,-4.9650173],[-41.4300982,-4.9610172],[-41.4377608,-4.9521223],[-41.4318866,-4.9418035],[-41.4376647,-4.9331739],[-41.4287822,-4.9256973],[-41.4316647,-4.9095893],[-41.4025536,-4.9006492],[-41.3548144,-4.8660508],[-41.313812,-4.8679793],[-41.3028876,-4.8493805],[-41.2883959,-4.860322],[-41.2783788,-4.8534398],[-41.2679632,-4.8115692],[-41.254932,-4.8003769],[-41.2325871,-4.8126464],[-41.2418184,-4.8221417],[-41.2394453,-4.8545385],[-41.2496856,-4.8685625],[-41.2281032,-4.8909878],[-41.234928,-4.9057444],[-41.2224027,-4.9361956],[-41.2037911,-4.9497493],[-41.1985524,-4.9374549],[-41.1853663,-4.9433615],[-41.150922,-4.9921105],[-41.1375224,-4.9849676],[-41.1201899,-5.0210779],[-41.1320192,-5.0485713],[-41.0970052,-5.0531485],[-41.0804324,-5.0786911],[-41.0813031,-5.0900729],[-41.0538027,-5.1031938],[-41.034001,-5.0910642],[-41.0264052,-5.1096969],[-41.0140752,-5.1058054],[-41.0118358,-5.1236011],[-40.9886036,-5.1387467],[-40.9824624,-5.1535227],[-40.9646309,-5.1500835],[-40.9493202,-5.1668764],[-40.9344911,-5.1673759],[-40.9256074,-5.1768534],[-40.9319989,-5.2012637],[-40.922028,-5.2264511],[-40.9422302,-5.2404746],[-40.9117131,-5.2666535],[-40.9242433,-5.2748372],[-40.9269076,-5.2969667],[-40.9121249,-5.3142041],[-40.9361032,-5.3659675],[-40.9115494,-5.4073766],[-40.9176992,-5.4162908],[-40.9424613,-5.4197061],[-40.936954,-5.4386793],[-40.958507,-5.4386339],[-40.9778277,-5.4096508],[-41.0078019,-5.4176963],[-41.0470744,-5.4048231],[-41.1373735,-5.4242574]]]}},{"type":"Feature","properties":{"level":"municipio","municipality_code":"2202059","municipality_name":"Cabeceiras do Piauí","uf":"PI","state_code":"22","area_km2":608.747},"geometry":{"type":"Polygon","coordinates":[[[-42.3018922,-4.5478382],[-42.4353911,-4.4775915],[-42.4204052,-4.4681706],[-42.4447497,-4.4405453],[-42.4736774,-4.4342865],[-42.5458784,-4.3628093],[-42.5569588,-4.3664027],[-42.5480156,-4.3450474],[-42.4826213,-4.3440003],[-42.4478615,-4.334427],[-42.1958664,-4.3809467],[-42.1770555,-4.4003427],[-42.1806683,-4.4148507],[-42.166826,-4.4249986],[-42.1662703,-4.4499828],[-42.1778794,-4.463876],[-42.1675635,-4.4641282],[-42.1613981,-4.4767907],[-42.1541257,-4.47301],[-42.1505375,-4.4822369],[-42.2784975,-4.5494562],[-42.3018922,-4.5478382]]]}},{"type":"Feature","properties":{"level":"municipio","municipality_code":"2202075","municipality_name":"Cajazeiras do Piauí","uf":"PI","state_code":"22","area_km2":514.106},"geometry":{"type":"Polygon","coordinates":[[[-42.5156334,-6.720675],[-42.4788252,-6.695281],[-42.4716095,-6.6785521],[-42.4791917,-6.677552],[-42.477464,-6.66746],[-42.4352143,-6.6680392],[-42.4283646,-6.6617842],[-42.4175192,-6.6712432],[-42.3999708,-6.6636871],[-42.3620871,-6.679873],[-42.3648667,-6.7136515],[-42.3356873,-6.7278763],[-42.3333092,-6.7485052],[-42.3180911,-6.7606005],[-42.3189467,-6.7696432],[-42.3340402,-6.7991761],[-42.360142,-6.8054812],[-42.369465,-6.822174],[-42.393316,-6.831486],[-42.4329973,-6.9016049],[-42.462744,-6.909902],[-42.473732,-6.905004],[-42.469743,-6.894653],[-42.489768,-6.878518],[-42.501815,-6.880658],[-42.5411582,-6.8627895],[-42.5664348,-6.8692075],[-42.5848808,-6.8455001],[-42.5922756,-6.8480867],[-42.6040895,-6.8371914],[-42.6055123,-6.8064585],[-42.5795171,-6.7867449],[-42.5705413,-6.7889989],[-42.5636789,-6.755049],[-42.5489768,-6.7407132],[-42.5584334,-6.7230133],[-42.531033,-6.705985],[-42.5156334,-6.720675]]]}},{"type":"Feature","properties":{"level":"municipio","municipality_code":"2202083","municipality_name":"Cajueiro da Praia","uf":"PI","state_code":"22","area_km2":271.165},"geometry":{"type":"Polygon","coordinates":[[[-41.372995,-2.9181321],[-41.3226813,-2.9213196],[-41.3155144,-2.9615893],[-41.2707827,-2.9712459],[-41.2479121,-3.0269342],[-41.2608975,-3.0538375],[-41.3212178,-3.0464644],[-41.4408236,-3.0785562],[-41.4369722,-3.0446761],[-41.4291895,-3.0392799],[-41.4450074,-2.963267],[-41.4304145,-2.9456908],[-41.4452939,-2.9288727],[-41.43624,-2.9059704],[-41.3983122,-2.9039988],[-41.372995,-2.9181321]]]}},{"type":"Feature","properties":{"level":"municipio","municipality_code":"2202091","municipality_name":"Caldeirão Grande do Piauí","uf":"PI","state_code":"22","area_km2":467.082},"geometry":{"type":"Polygon","coordinates":[[[-40.6523232,-7.4333422],[-40.70915,-7.387326],[-40.7276213,-7.3499246],[-40.7301082,-7.290239],[-40.714546,-7.2459929],[-40.7300284,-7.2446803],[-40.6712426,-7.2097066],[-40.5061165,-7.2108597],[-40.5157994,-7.2644616],[-40.5121715,-7.3018007],[-40.5415082,-7.3322691],[-40.5484637,-7.3926915],[-40.6523232,-7.4333422]]]}},{"type":"Feature","properties":{"level":"municipio","municipality_code":"2202109","municipality_name":"Campinas do Piauí","uf":"PI","state_code":"22","area_km2":783.843},"geometry":{"type":"Polygon","coordinates":[[[-41.8549884,-7.798144],[-41.8698001,-7.7736716],[-41.9326392,-7.7569805],[-41.950656,-7.7428531],[-41.9689602,-7.7052353],[-42.0657782,-7.5916441],[-42.0461095,-7.5549228],[-41.9627895,-7.5322775],[-41.9448254,-7.5531773],[-41.9299003,-7.5550846],[-41.909733,-7.5503904],[-41.8894518,-7.530961],[-41.8433227,-7.5375875],[-41.8289313,-7.5521369],[-41.7529174,-7.5589479],[-41.7300446,-7.5934275],[-41.7336386,-7.6602692],[-41.7261478,-7.6928454],[-41.757624,-7.7278826],[-41.7563903,-7.8164385],[-41.7980651,-7.8161643],[-41.8109179,-7.8281669],[-41.8549884,-7.798144]]]}},{"type":"Feature","properties":{"level":"municipio","municipality_code":"2202117","municipality_name":"Campo Alegre do Fidalgo","uf":"PI","state_code":"22","area_km2":657.796},"geometry":{"type":"Polygon","coordinates":[[[-41.7352854,-8.4002804],[-41.9371589,-8.3997333],[-41.9496218,-8.3733385],[-41.9575527,-8.372728],[-41.8916663,-8.134445],[-41.8399589,-8.1187653],[-41.7772872,-8.1169068],[-41.7399513,-8.0884386],[-41.7766332,-8.1209359],[-41.7554165,-8.1606628],[-41.7352209,-8.1619565],[-41.7288916,-8.171519],[-41.7834681,-8.2220368],[-41.7714687,-8.2900996],[-41.7493975,-8.3120619],[-41.6857732,-8.2741651],[-41.6571062,-8.2990033],[-41.6769812,-8.3285097],[-41.6696639,-8.350294],[-41.6735426,-8.392466],[-41.7352854,-8.4002804]]]}},{"type":"Feature","properties":{"level":"municipio","municipality_code":"2202133","municipality_name":"Campo Grande do Piauí","uf":"PI","state_code":"22","area_km2":311.682},"geometry":{"type":"Polygon","coordinates":[[[-41.0661729,-7.069801],[-41.001119,-7.088844],[-40.9914606,-7.2003794],[-40.9800582,-7.2159467],[-40.9916692,-7.2524794],[-41.041061,-7.255918],[-41.0433936,-7.276888],[-41.0673196,-7.2722408],[-41.0849936,-7.2843759],[-41.1056778,-7.2714086],[-41.133793,-7.27389],[-41.146917,-7.259783],[-41.1433575,-7.1658359],[-41.131654,-7.122107],[-41.103724,-7.125166],[-41.0661729,-7.069801]]]}},{"type":"Feature","properties":{"level":"municipio","municipality_code":"2202174","municipality_name":"Campo Largo do Piauí","uf":"PI","state_code":"22","area_km2":478.078},"geometry":{"type":"Polygon","coordinates":[[[-42.5332112,-3.9656998],[-42.6126458,-3.8975006],[-42.6227538,-3.903893],[-42.6465237,-3.8956171],[-42.6705686,-3.860449],[-42.6560811,-3.8059212],[-42.6827956,-3.7723207],[-42.6686251,-3.7374093],[-42.6834797,-3.6944996],[-42.6561748,-3.7226046],[-42.5914961,-3.7583979],[-42.520936,-3.839444],[-42.493589,-3.859003],[-42.4900383,-3.8721212],[-42.4144609,-3.8992067],[-42.399106,-3.8984298],[-42.3886235,-3.9866703],[-42.439348,-3.9685791],[-42.4562179,-3.9967747],[-42.5127134,-4.0422702],[-42.5257852,-4.0184803],[-42.5332112,-3.9656998]]]}},{"type":"Feature","properties":{"level":"municipio","municipality_code":"2202208","municipality_name":"Campo Maior","uf":"PI","state_code":"22","area_km2":1680.861},"geometry":{"type":"Polygon","coordinates":[[[-42.151021,-5.065078],[-42.3128887,-4.9385321],[-42.3704055,-4.8319895],[-42.335535,-4.6727228],[-42.29575,-4.5510672],[-42.2775815,-4.5489845],[-42.2590332,-4.5693617],[-42.2797226,-4.5941156],[-42.2822804,-4.6789622],[-42.317162,-4.7275501],[-42.292616,-4.729961],[-42.282847,-4.746094],[-42.263625,-4.745793],[-42.252948,-4.735715],[-42.252348,-4.692375],[-42.271386,-4.652998],[-42.244974,-4.653013],[-42.2458805,-4.6666472],[-42.2257129,-4.6653835],[-42.2170948,-4.6722272],[-42.21783,-4.702959],[-42.205267,-4.72646],[-42.1914025,-4.7235374],[-42.186359,-4.7060005],[-42.160423,-4.726751],[-42.144221,-4.721276],[-42.146709,-4.699787],[-42.103111,-4.724985],[-42.088251,-4.709507],[-42.077836,-4.672877],[-42.0618376,-4.6607139],[-42.0436805,-4.6689859],[-42.0343336,-4.6877064],[-42.0030974,-4.7006785],[-41.957363,-4.6923692],[-41.9463449,-4.6726097],[-41.9092356,-4.6811018],[-41.88738,-4.713797],[-41.930774,-4.761647],[-41.978826,-4.762462],[-41.99013,-4.787744],[-42.014183,-4.803846],[-42.0153074,-4.8188126],[-42.001056,-4.826681],[-42.0009916,-4.8423078],[-42.0230457,-4.8664707],[-42.0889072,-4.8463894],[-42.049881,-4.910589],[-42.042325,-4.934748],[-42.043159,-4.982683],[-41.981874,-4.998471],[-41.945915,-5.027596],[-41.9810153,-5.1697428],[-42.0383821,-5.1588887],[-42.0793687,-5.1233913],[-42.1201274,-5.1380385],[-42.1404962,-5.1245548],[-42.1595627,-5.1285739],[-42.1917569,-5.1197247],[-42.184516,-5.095098],[-42.171544,-5.0865],[-42.173115,-5.069544],[-42.151021,-5.065078]]]}},{"type":"Feature","properties":{"level":"municipio","municipality_code":"2202251","municipality_name":"Canavieira","uf":"PI","state_code":"22","area_km2":2165.277},"geometry":{"type":"Polygon","coordinates":[[[-43.7023006,-7.6436837],[-43.7537165,-7.5741897],[-43.7405462,-7.5164904],[-43.6630764,-7.435218],[-43.6924004,-7.3273307],[-43.7843289,-7.3658639],[-43.7325392,-7.3005751],[-43.7178893,-7.2635425],[-43.6925882,-7.264968],[-43.6748427,-7.2472176],[-43.6559493,-7.2450816],[-43.6417902,-7.2720972],[-43.6216299,-7.2619914],[-43.5881898,-7.2605027],[-43.5184405,-7.2841963],[-43.3930176,-7.2832276],[-43.38518,-7.3126162],[-43.4037945,-7.3531389],[-43.3249437,-7.4040109],[-43.473471,-7.5540936],[-43.5072862,-7.6795486],[-43.3038658,-7.7115167],[-43.5375008,-7.9227008],[-43.5499505,-7.8830495],[-43.7661508,-7.7233385],[-43.7547018,-7.719545],[-43.7555264,-7.7079215],[-43.7455508,-7.7080586],[-43.7404953,-7.6858162],[-43.7158579,-7.6586394],[-43.7102143,-7.6611783],[-43.7084664,-7.6528224],[-43.7155957,-7.6529924],[-43.7023006,-7.6436837]]]}},{"type":"Feature","properties":{"level":"municipio","municipality_code":"2202307","municipality_name":"Canto do Buriti","uf":"PI","state_code":"22","area_km2":4325.643},"geometry":{"type":"Polygon","coordinates":[[[-42.880757,-8.1350533],[-42.8741504,-8.1441159],[-42.8887268,-8.1790992],[-42.914398,-8.1861881],[-42.9034919,-8.200366],[-42.9117385,-8.2250703],[-42.9390048,-8.2256408],[-43.0007413,-8.2700781],[-43.2260492,-8.3618179],[-43.2366673,-8.3765386],[-43.2448633,-8.4956265],[-43.275668,-8.54152],[-43.2603392,-8.5898847],[-43.2728655,-8.6175167],[-43.2604244,-8.6352462],[-43.2661469,-8.6788744],[-43.2534521,-8.7281524],[-43.7042528,-8.7317745],[-43.6306288,-8.263827],[-43.5797172,-8.2560099],[-43.5218845,-8.1678356],[-43.5187452,-8.147791],[-43.4125613,-8.0386447],[-43.3209247,-8.0788274],[-43.1262444,-7.9692768],[-43.1377087,-7.9369022],[-43.0716857,-7.9570197],[-43.0602369,-7.9346544],[-42.9953354,-7.9829894],[-42.9658335,-8.0457986],[-42.9353053,-8.0632342],[-42.8572546,-8.077497],[-42.8755976,-8.0980798],[-42.880757,-8.1350533]]]}},{"type":"Feature","properties":{"level":"municipio","municipality_code":"2202455","municipality_name":"Capitão Gervásio Oliveira","uf":"PI","state_code":"22","area_km2":1132.995},"geometry":{"type":"Polygon","coordinates":[[[-41.8075934,-8.6849495],[-41.815999,-8.695686],[-41.848216,-8.700594],[-41.879313,-8.671871],[-41.896727,-8.673638],[-41.908865,-8.65249],[-41.917472,-8.657743],[-41.929607,-8.64452],[-41.967909,-8.635858],[-41.994902,-8.599014],[-42.008243,-8.601786],[-42.02407,-8.586028],[-42.038277,-8.584736],[-42.053322,-8.59773],[-42.0642892,-8.5819107],[-42.0765694,-8.5843039],[-42.078424,-8.5729102],[-42.1129782,-8.5820687],[-42.12552,-8.5736017],[-42.1530583,-8.4725083],[-42.0339062,-8.461766],[-41.9849464,-8.3264583],[-41.9371589,-8.3997333],[-41.7269788,-8.4003007],[-41.7208017,-8.4041886],[-41.7546733,-8.423106],[-41.7121678,-8.5002246],[-41.7508208,-8.6050806],[-41.7374707,-8.7327134],[-41.760104,-8.73201],[-41.761498,-8.721026],[-41.775133,-8.720682],[-41.8075934,-8.6849495]]]}},{"type":"Feature","properties":{"level":"municipio","municipality_code":"2202406","municipality_name":"Capitão de Campos","uf":"PI","state_code":"22","area_km2":571.658},"geometry":{"type":"Polygon","coordinates":[[[-41.9640974,-4.5292663],[-42.0557055,-4.5277623],[-42.0574171,-4.4640222],[-42.0496713,-4.4528279],[-42.0609885,-4.434006],[-42.0583782,-4.4034557],[-42.0792814,-4.3742235],[-42.026931,-4.3542246],[-42.0168116,-4.3650407],[-42.02164,-4.3721052],[-42.0158637,-4.3855816],[-42.0078927,-4.3807606],[-41.9905113,-4.388875],[-41.9678525,-4.4047266],[-41.9586862,-4.4252894],[-41.8945426,-4.4315433],[-41.8886198,-4.447273],[-41.8645986,-4.4651548],[-41.8532763,-4.4589587],[-41.8422108,-4.4639801],[-41.8188881,-4.5036886],[-41.7871026,-4.5149312],[-41.7731898,-4.5381939],[-41.7555734,-4.5385294],[-41.7566371,-4.5497342],[-41.7389734,-4.5685065],[-41.7779858,-4.6920637],[-41.8188234,-4.6970884],[-41.8799267,-4.6804717],[-41.8642948,-4.6805359],[-41.856939,-4.6430685],[-41.8402059,-4.624613],[-41.9218193,-4.5438688],[-41.9640974,-4.5292663]]]}},{"type":"Feature","properties":{"level":"municipio","municipality_code":"2202505","municipality_name":"Caracol","uf":"PI","state_code":"22","area_km2":1610.959},"geometry":{"type":"Polygon","coordinates":[[[-43.3360761,-9.3686131],[-43.3613216,-9.3644119],[-43.4227494,-9.2776111],[-43.4437214,-9.2641326],[-43.4854582,-9.2652861],[-43.5408812,-9.3082451],[-43.5412569,-9.2373961],[-43.4588112,-9.1259554],[-43.4194454,-9.1384685],[-43.4165475,-9.0729965],[-43.4501631,-9.02163],[-43.4449612,-8.9736414],[-43.4532332,-8.9128342],[-43.4511171,-8.8767137],[-43.4194463,-8.807719],[-43.4168605,-8.7865916],[-43.4279084,-8.7648862],[-43.4669599,-8.7299321],[-43.2523968,-8.7281434],[-43.2608149,-8.7468466],[-43.2834858,-8.7497243],[-43.2792514,-9.0001114],[-43.1886344,-9.1950152],[-43.2158606,-9.2458041],[-43.2183632,-9.2838209],[-43.2106141,-9.2852652],[-43.2232087,-9.3134045],[-43.2047959,-9.3176578],[-43.2052321,-9.3524394],[-43.2135311,-9.3557966],[-43.2186337,-9.4006216],[-43.2423447,-9.4118835],[-43.2666693,-9.4119059],[-43.2767758,-9.424435],[-43.2965432,-9.3970757],[-43.3360761,-9.3686131]]]}},{"type":"Feature","properties":{"level":"municipio","municipality_code":"2202539","municipality_name":"Caraúbas do Piauí","uf":"PI","state_code":"22","area_km2":471.216},"geometry":{"type":"Polygon","coordinates":[[[-41.8663848,-3.5279017],[-41.876663,-3.5186195],[-41.8865739,-3.4787615],[-41.860839,-3.474992],[-41.8642808,-3.4602232],[-41.8119598,-3.4560539],[-41.7722804,-3.4696238],[-41.7431725,-3.4631404],[-41.7323509,-3.4711684],[-41.6897146,-3.4528228],[-41.6743961,-3.4819328],[-41.7014296,-3.5458709],[-41.7465683,-3.5864525],[-41.7729376,-3.5726528],[-41.7943044,-3.6240758],[-41.8666111,-3.7209182],[-41.924459,-3.677058],[-41.925206,-3.638495],[-41.9404179,-3.6333746],[-41.9410866,-3.6135525],[-41.9275238,-3.5832445],[-41.9335622,-3.5688961],[-41.9106389,-3.5449482],[-41.912762,-3.5282864],[-41.8957657,-3.5197615],[-41.8735771,-3.5330861],[-41.8663848,-3.5279017]]]}},{"type":"Feature","properties":{"level":"municipio","municipality_code":"2202554","municipality_name":"Caridade do Piauí","uf":"PI","state_code":"22","area_km2":498.793},"geometry":{"type":"Polygon","coordinates":[[[-40.7974052,-7.6929225],[-40.8072698,-7.7666891],[-40.8270759,-7.7419219],[-40.8531211,-7.73059],[-40.9012879,-7.7337191],[-40.9155927,-7.774063],[-40.9338317,-7.7899133],[-40.9514795,-7.8249629],[-41.0171765,-7.7926873],[-41.043727,-7.7873836],[-41.06133,-7.7716109],[-41.0917037,-7.7698625],[-41.09947,-7.7385733],[-41.097872,-7.7157537],[-41.0675736,-7.6745888],[-41.0641859,-7.6455689],[-41.0060181,-7.6348302],[-40.994065,-7.613225],[-40.9629995,-7.6130333],[-40.9406593,-7.5969572],[-40.9001656,-7.6005368],[-40.8854319,-7.6232286],[-40.8521293,-7.6264246],[-40.8284786,-7.6669503],[-40.7974052,-7.6929225]]]}},{"type":"Feature","properties":{"level":"municipio","municipality_code":"2202604","municipality_name":"Castelo do Piauí","uf":"PI","state_code":"22","area_km2":2378.847},"geometry":{"type":"Polygon","coordinates":[[[-41.5756418,-5.5916509],[-41.6145008,-5.5969885],[-41.6635204,-5.5660426],[-41.7419284,-5.5484833],[-41.7526605,-5.5340063],[-41.7344875,-5.5042707],[-41.6985612,-5.4822366],[-41.6748822,-5.4423427],[-41.691948,-5.4362406],[-41.6956471,-5.4585728],[-41.7078501,-5.4544552],[-41.7219752,-5.4324651],[-41.7305554,-5.4336991],[-41.7231825,-5.4218151],[-41.7541393,-5.4163645],[-41.7506654,-5.4070895],[-41.7737048,-5.4037175],[-41.7678898,-5.3991165],[-41.7793935,-5.3866897],[-41.7931619,-5.3994227],[-41.819531,-5.3743137],[-41.834088,-5.3745304],[-41.8426026,-5.3621236],[-41.8294874,-5.3541818],[-41.8617131,-5.3608258],[-41.8531057,-5.3405845],[-41.838407,-5.3401036],[-41.8354183,-5.3285067],[-41.8193156,-5.3316739],[-41.7989964,-5.3216932],[-41.7993752,-5.3042274],[-41.8506661,-5.2796471],[-41.8183774,-5.2151892],[-41.7826787,-5.1932101],[-41.7871123,-5.1621807],[-41.7777449,-5.0947388],[-41.7393766,-5.078638],[-41.7325738,-5.1174801],[-41.7419567,-5.1554359],[-41.7304605,-5.1895107],[-41.7022509,-5.191077],[-41.6892368,-5.172031],[-41.6568518,-5.1561687],[-41.6392834,-5.1277608],[-41.6188771,-5.1194926],[-41.6167314,-5.1015505],[-41.597274,-5.0903522],[-41.5974448,-5.0796099],[-41.5650185,-5.0738889],[-41.5543157,-5.0621416],[-41.5335055,-5.0566226],[-41.5104392,-5.0618184],[-41.5119609,-5.0388755],[-41.4980257,-5.0138696],[-41.4715099,-5.0235297],[-41.4763484,-5.0480477],[-41.4415768,-5.0979111],[-41.4444182,-5.134054],[-41.3949139,-5.1545789],[-41.3759654,-5.1501306],[-41.3788717,-5.158529],[-41.3637241,-5.1609597],[-41.3561419,-5.1731219],[-41.3557659,-5.1855973],[-41.371733,-5.1907462],[-41.3978009,-5.2193685],[-41.398118,-5.2349384],[-41.4091102,-5.248791],[-41.3997156,-5.2602073],[-41.4012622,-5.2723477],[-41.3820972,-5.2682708],[-41.3617968,-5.2824663],[-41.3487605,-5.2786203],[-41.3214606,-5.3185419],[-41.2999594,-5.325398],[-41.2884931,-5.3622541],[-41.2548743,-5.3853801],[-41.2451236,-5.4072555],[-41.2777561,-5.4135383],[-41.2903376,-5.4012877],[-41.3101399,-5.4388656],[-41.326327,-5.4527574],[-41.3678322,-5.4564239],[-41.3735782,-5.4687591],[-41.4277432,-5.4802923],[-41.4469173,-5.5371556],[-41.5192468,-5.5766188],[-41.5229518,-5.5991974],[-41.5756418,-5.5916509]]]}},{"type":"Feature","properties":{"level":"municipio","municipality_code":"2202653","municipality_name":"Caxingó","uf":"PI","state_code":"22","area_km2":491.093},"geometry":{"type":"Polygon","coordinates":[[[-41.7307352,-3.3341918],[-41.7452104,-3.4631461],[-41.7722804,-3.4696238],[-41.8119598,-3.4560539],[-41.8642808,-3.4602232],[-41.860839,-3.474992],[-41.8865739,-3.4787615],[-41.876663,-3.5186195],[-41.8663848,-3.5279017],[-41.8713666,-3.5331507],[-41.8957657,-3.5197615],[-41.913254,-3.5283324],[-41.9741822,-3.5214805],[-41.9764466,-3.4503073],[-41.9556896,-3.4501034],[-41.9202145,-3.4670802],[-41.9079224,-3.4539554],[-41.906245,-3.4372164],[-41.9158821,-3.4123248],[-41.9384607,-3.3965698],[-41.9513718,-3.397903],[-41.945583,-3.3760518],[-41.9559994,-3.3623103],[-41.9776266,-3.3625846],[-42.0043411,-3.33809],[-41.9274564,-3.3264227],[-41.9260852,-3.3333892],[-41.8827748,-3.3338326],[-41.882769,-3.306941],[-41.854384,-3.294178],[-41.8563802,-3.2789111],[-41.84096,-3.277848],[-41.8410979,-3.2658717],[-41.8317728,-3.2689298],[-41.7962744,-3.2529621],[-41.7426056,-3.3212481],[-41.7500917,-3.3337582],[-41.7307352,-3.3341918]]]}},{"type":"Feature","properties":{"level":"municipio","municipality_code":"2202703","municipality_name":"Cocal","uf":"PI","state_code":"22","area_km2":1294.132},"geometry":{"type":"Polygon","coordinates":[[[-41.7115645,-3.5549818],[-41.6744026,-3.482191],[-41.662495,-3.3794124],[-41.6773441,-3.3172266],[-41.6936073,-3.3075701],[-41.6155812,-3.2935777],[-41.61602,-3.2785134],[-41.5546435,-3.231248],[-41.5166055,-3.21231],[-41.517506,-3.1883841],[-41.5114912,-3.1857278],[-41.4818357,-3.2335466],[-41.5037473,-3.2800838],[-41.483287,-3.3014809],[-41.4858735,-3.3156532],[-41.4460423,-3.3403176],[-41.4143515,-3.3499391],[-41.421596,-3.3705431],[-41.3990862,-3.363587],[-41.4001993,-3.3852808],[-41.3870216,-3.3900079],[-41.3869906,-3.4092984],[-41.3467858,-3.385526],[-41.3240493,-3.3859241],[-41.3269804,-3.4463006],[-41.319739,-3.4840869],[-41.30303,-3.4921826],[-41.3241741,-3.5033688],[-41.3256787,-3.5364128],[-41.3368693,-3.5538936],[-41.367249,-3.5616566],[-41.394995,-3.547768],[-41.4215468,-3.521617],[-41.4428763,-3.5328706],[-41.4307465,-3.5383258],[-41.5166628,-3.5651661],[-41.5241707,-3.6058114],[-41.6490717,-3.6399703],[-41.678008,-3.6646746],[-41.745528,-3.6726214],[-41.7465683,-3.5864525],[-41.7115645,-3.5549818]]]}},{"type":"Feature","properties":{"level":"municipio","municipality_code":"2202711","municipality_name":"Cocal de Telha","uf":"PI","state_code":"22","area_km2":310.291},"geometry":{"type":"Polygon","coordinates":[[[-41.9640893,-4.5292667],[-41.9218193,-4.5438688],[-41.8402059,-4.624613],[-41.856939,-4.6430685],[-41.8642948,-4.6805359],[-41.8941957,-4.677213],[-41.9039176,-4.6839436],[-41.9463449,-4.6726097],[-41.957363,-4.6923692],[-42.0030974,-4.7006785],[-42.0343336,-4.6877064],[-42.0436805,-4.6689859],[-42.06127,-4.6619477],[-42.05086,-4.652758],[-42.0583453,-4.6405797],[-42.0299079,-4.6233186],[-42.0358067,-4.6032975],[-42.0152466,-4.5686058],[-42.0443606,-4.5581864],[-42.0345756,-4.529235],[-41.9640893,-4.5292667]]]}},{"type":"Feature","properties":{"level":"municipio","municipality_code":"2202729","municipality_name":"Cocal dos Alves","uf":"PI","state_code":"22","area_km2":324.856},"geometry":{"type":"Polygon","coordinates":[[[-41.4774443,-3.6591434],[-41.5241707,-3.6058114],[-41.5175776,-3.5660179],[-41.4307465,-3.5383258],[-41.4428763,-3.5328706],[-41.4215468,-3.521617],[-41.394995,-3.547768],[-41.367249,-3.5616566],[-41.3706258,-3.5748663],[-41.3449041,-3.5887389],[-41.3313155,-3.6246843],[-41.3436927,-3.6759732],[-41.334198,-3.6839819],[-41.3358063,-3.7012809],[-41.3524487,-3.6998808],[-41.3605987,-3.7097999],[-41.3758753,-3.712021],[-41.4181249,-3.7535407],[-41.4498326,-3.7423506],[-41.4487156,-3.7024227],[-41.4576365,-3.6697669],[-41.4774443,-3.6591434]]]}},{"type":"Feature","properties":{"level":"municipio","municipality_code":"2202737","municipality_name":"Coivaras","uf":"PI","state_code":"22","area_km2":484.46},"geometry":{"type":"Polygon","coordinates":[[[-42.3900702,-5.1392541],[-42.3128887,-4.9385321],[-42.151021,-5.065078],[-42.173115,-5.069544],[-42.169304,-5.080353],[-42.184516,-5.095098],[-42.1984805,-5.1465912],[-42.2540599,-5.1908718],[-42.2802946,-5.2352062],[-42.3121512,-5.2351407],[-42.3211141,-5.2695434],[-42.3172916,-5.2820393],[-42.326535,-5.297295],[-42.350819,-5.185988],[-42.3900702,-5.1392541]]]}},{"type":"Feature","properties":{"level":"municipio","municipality_code":"2202752","municipality_name":"Colônia do Gurguéia","uf":"PI","state_code":"22","area_km2":429.591},"geometry":{"type":"Polygon","coordinates":[[[-43.8101824,-8.0932733],[-43.7952035,-8.0683025],[-43.7335473,-8.0439176],[-43.7238516,-8.1572368],[-43.6122877,-8.1493863],[-43.5855685,-8.1351202],[-43.5714606,-8.1575841],[-43.5187452,-8.147791],[-43.5218845,-8.1678356],[-43.5797172,-8.2560099],[-43.630731,-8.2638429],[-43.6475492,-8.2520327],[-43.8228738,-8.2535447],[-43.8135779,-8.2419646],[-43.8196326,-8.2234875],[-43.808693,-8.1974953],[-43.8193901,-8.191044],[-43.810613,-8.1789016],[-43.8189319,-8.1750739],[-43.8129475,-8.1603583],[-43.8179648,-8.1536743],[-43.8115255,-8.136084],[-43.8044751,-8.1388467],[-43.8156766,-8.1236008],[-43.8044669,-8.1033637],[-43.8101824,-8.0932733]]]}},{"type":"Feature","properties":{"level":"municipio","municipality_code":"2202778","municipality_name":"Colônia do Piauí","uf":"PI","state_code":"22","area_km2":950.193},"geometry":{"type":"Polygon","coordinates":[[[-42.1881327,-7.4400545],[-42.319513,-7.4341015],[-42.3607026,-7.4177487],[-42.303053,-7.186386],[-42.296539,-7.174705],[-42.289809,-7.17995],[-42.276959,-7.171589],[-42.2655066,-7.1767778],[-42.2491582,-7.1704964],[-42.231337,-7.138228],[-42.209918,-7.132318],[-42.177549,-7.107083],[-42.168409,-7.10484],[-42.0963671,-7.1545543],[-42.0519127,-7.3184794],[-42.0219897,-7.3018679],[-41.9920158,-7.2659392],[-41.9527065,-7.3231471],[-42.1881327,-7.4400545]]]}},{"type":"Feature","properties":{"level":"municipio","municipality_code":"2202802","municipality_name":"Conceição do Canindé","uf":"PI","state_code":"22","area_km2":824.729},"geometry":{"type":"Polygon","coordinates":[[[-41.467455,-7.9898927],[-41.4948187,-8.0114202],[-41.491219,-8.0214503],[-41.5102632,-8.0221927],[-41.6330202,-8.0774813],[-41.6932239,-8.0689536],[-41.7152261,-8.0557523],[-41.7389008,-7.9874576],[-41.7304191,-7.9606156],[-41.704624,-7.938734],[-41.7158499,-7.8528323],[-41.6563622,-7.8288345],[-41.6185239,-7.796484],[-41.6111106,-7.7677246],[-41.5956554,-7.7587086],[-41.5535206,-7.7594198],[-41.5071397,-7.8043857],[-41.458144,-7.7821851],[-41.4299993,-7.7867939],[-41.4101473,-7.8040567],[-41.3784916,-7.8132703],[-41.380487,-7.8458954],[-41.4123677,-7.8690536],[-41.4352634,-7.898041],[-41.4751347,-7.9004018],[-41.4833776,-7.9103376],[-41.5078049,-7.9083918],[-41.5214213,-7.9200206],[-41.5259892,-7.9417267],[-41.5183097,-7.9560082],[-41.4962557,-7.956276],[-41.467455,-7.9898927]]]}},{"type":"Feature","properties":{"level":"municipio","municipality_code":"2202851","municipality_name":"Coronel José Dias","uf":"PI","state_code":"22","area_km2":1926.103},"geometry":{"type":"Polygon","coordinates":[[[-42.209822,-9.202584],[-42.328657,-9.184943],[-42.330037,-9.177542],[-42.359057,-9.170967],[-42.356946,-9.153433],[-42.366321,-9.150399],[-42.36147,-9.14728],[-42.370045,-9.145681],[-42.370297,-9.130812],[-42.377935,-9.127309],[-42.369916,-9.124724],[-42.376516,-9.120269],[-42.367126,-9.10484],[-42.368371,-9.086472],[-42.3465815,-9.0603822],[-42.3324592,-9.0060774],[-42.322346,-8.9959573],[-42.3420376,-8.9450077],[-42.3671511,-8.908881],[-42.4035145,-8.9533111],[-42.4082518,-8.9447166],[-42.4358461,-8.9448676],[-42.4902209,-8.9300286],[-42.5223768,-8.9073091],[-42.5586203,-8.9384786],[-42.5739676,-8.9074171],[-42.6039065,-8.7288188],[-42.4751544,-8.6573138],[-42.3107451,-8.662577],[-42.2914408,-8.6301051],[-42.2100623,-8.6491911],[-42.1294545,-8.7284162],[-42.2021822,-8.832021],[-42.1974711,-8.8419998],[-42.2216009,-8.8465242],[-42.2355286,-8.8631395],[-42.2368769,-8.9272502],[-42.2249138,-9.0125814],[-42.1796302,-9.133736],[-42.1424741,-9.1529604],[-42.0692186,-9.2575415],[-42.1012725,-9.2815715],[-42.2064354,-9.2927815],[-42.226054,-9.2832989],[-42.209822,-9.202584]]]}},{"type":"Feature","properties":{"level":"municipio","municipality_code":"2202901","municipality_name":"Corrente","uf":"PI","state_code":"22","area_km2":3048.747},"geometry":{"type":"Polygon","coordinates":[[[-45.0239186,-10.6550427],[-45.1911318,-10.5898021],[-45.3044024,-10.6071832],[-45.4144512,-10.6451163],[-45.425356,-10.6388474],[-45.4358565,-10.622728],[-45.436793,-10.5767735],[-45.4471299,-10.5587891],[-45.4380595,-10.5272526],[-45.4472563,-10.507423],[-45.4002689,-10.4630743],[-45.3959943,-10.4450252],[-45.4244966,-10.4264902],[-45.4303225,-10.359463],[-45.490691,-10.3010207],[-45.3884577,-10.2446542],[-45.2857265,-10.2016164],[-45.1922185,-10.1446349],[-45.000751,-10.13078],[-44.7943681,-10.3281698],[-44.8314132,-10.3405503],[-44.79958,-10.40615],[-44.80848,-10.411127],[-44.800851,-10.426857],[-44.81862,-10.428082],[-44.810278,-10.446678],[-44.828284,-10.448769],[-44.829631,-10.465445],[-44.848409,-10.47349],[-44.847402,-10.494666],[-44.889097,-10.506862],[-44.9651185,-10.6159439],[-45.0288814,-10.6152551],[-45.0239186,-10.6550427]]]}},{"type":"Feature","properties":{"level":"municipio","municipality_code":"2203008","municipality_name":"Cristalândia do Piauí","uf":"PI","state_code":"22","area_km2":1202.896},"geometry":{"type":"Polygon","coordinates":[[[-45.1052963,-10.84682],[-45.2155765,-10.8302227],[-45.2192232,-10.8173761],[-45.2480519,-10.8219674],[-45.268466,-10.7762298],[-45.3223736,-10.7602651],[-45.358219,-10.7322075],[-45.3771041,-10.6631172],[-45.3902128,-10.6483001],[-45.4144512,-10.6451163],[-45.3044024,-10.6071832],[-45.1911318,-10.5898021],[-44.993664,-10.6663443],[-44.8821693,-10.7523303],[-44.8638008,-10.8852263],[-44.9312179,-10.9287563],[-44.9768344,-10.8893431],[-45.0165971,-10.8845991],[-45.0306918,-10.8666512],[-45.0732357,-10.8404226],[-45.1052963,-10.84682]]]}},{"type":"Feature","properties":{"level":"municipio","municipality_code":"2203107","municipality_name":"Cristino Castro","uf":"PI","state_code":"22","area_km2":1845.697},"geometry":{"type":"Polygon","coordinates":[[[-44.1559949,-8.747541],[-44.1353611,-8.6970647],[-44.1174573,-8.6986592],[-44.0833628,-8.6677897],[-44.0490656,-8.6619689],[-44.0405248,-8.6538394],[-44.0466101,-8.6508201],[-44.032202,-8.6395873],[-44.0369283,-8.6341973],[-44.0195386,-8.6230363],[-44.0202963,-8.6161106],[-44.02689,-8.6182493],[-44.0246363,-8.6037169],[-43.7682849,-8.5839852],[-43.7297179,-8.5987735],[-43.6834375,-8.5991162],[-43.701958,-8.7171434],[-43.7925245,-8.8141545],[-43.8692342,-9.0185106],[-44.2448619,-8.883031],[-44.2622043,-8.8829676],[-44.26846,-8.862161],[-44.3006113,-8.8470332],[-44.2695896,-8.8230389],[-44.3049715,-8.7992686],[-44.2392442,-8.7987274],[-44.2024095,-8.7709732],[-44.1917938,-8.7730368],[-44.1726484,-8.7510482],[-44.1559949,-8.747541]]]}},{"type":"Feature","properties":{"level":"municipio","municipality_code":"2203206","municipality_name":"Curimatá","uf":"PI","state_code":"22","area_km2":2344.949},"geometry":{"type":"Polygon","coordinates":[[[-44.1489249,-9.8333947],[-44.1198458,-9.8689961],[-44.0971841,-9.8815971],[-44.1316716,-9.9393124],[-44.1255685,-9.9501031],[-44.1115741,-9.9500084],[-44.119464,-10.0279781],[-44.111213,-10.0250442],[-44.0879866,-10.0504547],[-44.1567835,-10.1309908],[-44.093297,-10.1921377],[-44.30746,-10.2900172],[-44.3095538,-10.2752806],[-44.3352015,-10.2390056],[-44.3639886,-10.2166386],[-44.362729,-10.1683974],[-44.392601,-10.1408138],[-44.3926531,-10.1129139],[-44.4214116,-10.1026804],[-44.4108392,-10.0497349],[-44.4425047,-10.0115562],[-44.448425,-9.989916],[-44.441376,-9.978264],[-44.489425,-9.954939],[-44.486062,-9.924358],[-44.5621201,-9.8949771],[-44.5685165,-9.8704725],[-44.6095089,-9.8357767],[-44.6042259,-9.8265832],[-44.6262725,-9.7893042],[-44.6252673,-9.7680895],[-44.5964663,-9.7663207],[-44.5757868,-9.7544928],[-44.4851166,-9.7318069],[-44.4406258,-9.6989101],[-44.4094384,-9.718053],[-44.3706526,-9.7198339],[-44.3484245,-9.729451],[-44.3290612,-9.7254114],[-44.1879534,-9.6594397],[-44.1138996,-9.7358614],[-44.118988,-9.7853672],[-44.1062617,-9.8108478],[-44.120982,-9.825864],[-44.1489249,-9.8333947]]]}},{"type":"Feature","properties":{"level":"municipio","municipality_code":"2203230","municipality_name":"Currais","uf":"PI","state_code":"22","area_km2":3156.657},"geometry":{"type":"Polygon","coordinates":[[[-44.72769,-8.5321109],[-44.3049715,-8.7992686],[-44.3455054,-8.8193555],[-44.3538904,-8.8328333],[-44.3038875,-8.9435247],[-44.3332254,-8.9819351],[-44.355167,-9.040647],[-44.3749368,-9.0314987],[-45.0622878,-9.0288304],[-45.0846478,-9.0029193],[-45.0566517,-8.9690814],[-45.0159974,-8.9529199],[-44.9861245,-8.9258399],[-44.9582712,-8.8819124],[-44.9605678,-8.8739438],[-44.9478102,-8.8711297],[-44.923375,-8.8443215],[-44.9060892,-8.8079522],[-44.8868856,-8.7435532],[-44.8841557,-8.6611007],[-44.8897036,-8.6552139],[-44.8741454,-8.5642465],[-44.8777686,-8.536567],[-44.8483776,-8.4990641],[-44.8494861,-8.4835819],[-44.8403687,-8.4734705],[-44.8291612,-8.4275071],[-44.72769,-8.5321109]]]}},{"type":"Feature","properties":{"level":"municipio","municipality_code":"2203271","municipality_name":"Curral Novo do Piauí","uf":"PI","state_code":"22","area_km2":755.251},"geometry":{"type":"Polygon","coordinates":[[[-40.8964461,-7.9092642],[-40.9409708,-7.8797784],[-40.9589979,-7.8480117],[-40.944326,-7.8059547],[-40.9155927,-7.774063],[-40.9012879,-7.7337191],[-40.8531211,-7.73059],[-40.8270759,-7.7419219],[-40.8072698,-7.7666891],[-40.7782766,-7.7773899],[-40.7438114,-7.7758887],[-40.7035102,-7.7860988],[-40.6899025,-7.8150162],[-40.6951774,-7.8527768],[-40.6775615,-7.8691228],[-40.6913462,-7.899991],[-40.6751642,-7.9285795],[-40.6648878,-7.9215448],[-40.6561779,-7.9381984],[-40.6323657,-7.9331836],[-40.6177169,-7.951505],[-40.5996018,-7.9548607],[-40.5806493,-7.946451],[-40.5701556,-7.9537173],[-40.5545134,-7.9475528],[-40.5442221,-7.9645971],[-40.5756978,-8.0303748],[-40.6242626,-8.0357064],[-40.7056579,-8.025456],[-40.7653243,-7.9848344],[-40.7936514,-7.9798481],[-40.8519705,-7.9407242],[-40.8550686,-7.9226192],[-40.8964461,-7.9092642]]]}},{"type":"Feature","properties":{"level":"municipio","municipality_code":"2203255","municipality_name":"Curralinhos","uf":"PI","state_code":"22","area_km2":345.811},"geometry":{"type":"Polygon","coordinates":[[[-42.9146476,-5.5560449],[-42.855785,-5.570507],[-42.861614,-5.560369],[-42.846906,-5.546594],[-42.846304,-5.535909],[-42.819338,-5.524263],[-42.811062,-5.501265],[-42.793935,-5.517029],[-42.759,-5.529214],[-42.7486485,-5.541274],[-42.761331,-5.6255759],[-42.7349916,-5.6342811],[-42.734044,-5.661259],[-42.9364345,-5.7044666],[-42.9754805,-5.6827061],[-42.953072,-5.652152],[-42.97165,-5.62853],[-42.9145614,-5.6260184],[-42.9417924,-5.5866025],[-42.9146476,-5.5560449]]]}},{"type":"Feature","properties":{"level":"municipio","municipality_code":"2203305","municipality_name":"Demerval Lobão","uf":"PI","state_code":"22","area_km2":216.807},"geometry":{"type":"Polygon","coordinates":[[[-42.7488596,-5.3390941],[-42.6790979,-5.2727053],[-42.6601458,-5.2763471],[-42.6337243,-5.2468265],[-42.6015258,-5.2518798],[-42.5988863,-5.3504235],[-42.6314659,-5.3919424],[-42.662463,-5.391266],[-42.7266373,-5.4278466],[-42.7484238,-5.4242251],[-42.7488596,-5.3390941]]]}},{"type":"Feature","properties":{"level":"municipio","municipality_code":"2203354","municipality_name":"Dirceu Arcoverde","uf":"PI","state_code":"22","area_km2":1005.571},"geometry":{"type":"Polygon","coordinates":[[[-42.4938831,-9.2564878],[-42.462908,-9.172355],[-42.45373,-9.170828],[-42.369875,-9.187509],[-42.304593,-9.1846682],[-42.209822,-9.202584],[-42.226054,-9.2832989],[-42.2689127,-9.3104468],[-42.3169422,-9.3171118],[-42.3258774,-9.3334115],[-42.357049,-9.3525645],[-42.3595246,-9.3776132],[-42.4229866,-9.413693],[-42.4282776,-9.4397829],[-42.4405842,-9.4561712],[-42.4890689,-9.4620372],[-42.4860249,-9.4837862],[-42.4930918,-9.4949004],[-42.5222724,-9.503027],[-42.5864825,-9.4967744],[-42.6029004,-9.5168113],[-42.6269942,-9.4452118],[-42.6769805,-9.4021382],[-42.6652558,-9.4018605],[-42.6729949,-9.3831015],[-42.6875263,-9.3831042],[-42.7227896,-9.3413516],[-42.642263,-9.331723],[-42.4938831,-9.2564878]]]}},{"type":"Feature","properties":{"level":"municipio","municipality_code":"2203404","municipality_name":"Dom Expedito Lopes","uf":"PI","state_code":"22","area_km2":218.808},"geometry":{"type":"Polygon","coordinates":[[[-41.6615957,-7.0310946],[-41.7158487,-6.9998099],[-41.729976,-7.019299],[-41.7806173,-6.9638899],[-41.7970078,-6.9876963],[-41.8109166,-6.9209039],[-41.7637049,-6.9212481],[-41.7602547,-6.913099],[-41.7030501,-6.9010463],[-41.7001997,-6.9149893],[-41.6224819,-6.8990365],[-41.6138818,-6.907188],[-41.6134319,-6.9249779],[-41.6296115,-6.9885972],[-41.6153891,-7.0335662],[-41.6615957,-7.0310946]]]}},{"type":"Feature","properties":{"level":"municipio","municipality_code":"2203453","municipality_name":"Dom Inocêncio","uf":"PI","state_code":"22","area_km2":3871.824},"geometry":{"type":"Polygon","coordinates":[[[-41.9179331,-9.2784662],[-41.9722662,-9.2486381],[-41.9999053,-9.2659722],[-42.0219296,-9.2497558],[-42.0692186,-9.2575415],[-42.1424741,-9.1529604],[-42.1796302,-9.133736],[-42.2249138,-9.0125814],[-42.2368769,-8.9272502],[-42.2355286,-8.8631395],[-42.2216009,-8.8465242],[-42.1974711,-8.8419998],[-42.2021822,-8.832021],[-42.1294545,-8.7284162],[-42.2100623,-8.6491911],[-42.1894077,-8.5839772],[-42.1580386,-8.5904168],[-42.1257066,-8.5665735],[-42.1113891,-8.5824566],[-42.078424,-8.5729102],[-42.0765694,-8.5843039],[-42.0642892,-8.5819107],[-42.053322,-8.59773],[-42.039328,-8.585092],[-42.02446,-8.585884],[-42.008243,-8.601786],[-41.994902,-8.599014],[-41.967909,-8.635858],[-41.929607,-8.64452],[-41.917472,-8.657743],[-41.908865,-8.65249],[-41.896727,-8.673638],[-41.879313,-8.671871],[-41.849612,-8.699931],[-41.815999,-8.695686],[-41.806413,-8.685007],[-41.775133,-8.720682],[-41.761498,-8.721026],[-41.760104,-8.73201],[-41.719098,-8.738227],[-41.704243,-8.729526],[-41.697548,-8.750692],[-41.683371,-8.746931],[-41.674784,-8.757481],[-41.658798,-8.751346],[-41.654923,-8.758945],[-41.63128,-8.761229],[-41.629491,-8.770878],[-41.613574,-8.7777],[-41.601365,-8.794666],[-41.58849,-8.791546],[-41.579286,-8.799019],[-41.578974,-8.791435],[-41.563089,-8.788118],[-41.559631,-8.778949],[-41.544999,-8.779697],[-41.537631,-8.789171],[-41.514697,-8.790256],[-41.514695,-8.803896],[-41.49933,-8.806933],[-41.488655,-8.783787],[-41.471998,-8.77914],[-41.445818,-8.754098],[-41.429804,-8.756585],[-41.4113912,-8.7743682],[-41.4242667,-8.8025554],[-41.4346841,-8.799096],[-41.4721841,-8.8431145],[-41.4878434,-8.8439034],[-41.5027347,-8.864066],[-41.5110501,-8.8776121],[-41.5074372,-8.8924409],[-41.5448531,-8.9379543],[-41.5457959,-8.9616759],[-41.5652668,-8.9703202],[-41.5700566,-8.9550295],[-41.6057947,-8.9574039],[-41.6289978,-8.98489],[-41.6694039,-8.9900791],[-41.6699023,-9.0034794],[-41.6804537,-9.0122823],[-41.7264829,-9.0163609],[-41.7351841,-9.0946998],[-41.8000703,-9.1480266],[-41.8001263,-9.1651616],[-41.8198734,-9.1890012],[-41.8379658,-9.242272],[-41.8705206,-9.2374314],[-41.8849329,-9.2534666],[-41.9046805,-9.2596044],[-41.9179331,-9.2784662]]]}},{"type":"Feature","properties":{"level":"municipio","municipality_code":"2203420","municipality_name":"Domingos Mourão","uf":"PI","state_code":"22","area_km2":848.705},"geometry":{"type":"Polygon","coordinates":[[[-41.4478914,-4.1929956],[-41.4100402,-4.1484559],[-41.3912036,-4.1614854],[-41.3469254,-4.1367921],[-41.3318161,-4.1513283],[-41.3023644,-4.1469991],[-41.2898213,-4.1690921],[-41.263099,-4.1617535],[-41.2594123,-4.1444829],[-41.2486998,-4.1384776],[-41.2242722,-4.1584828],[-41.2092005,-4.1466661],[-41.1962442,-4.147566],[-41.163886,-4.1883053],[-41.1425931,-4.1856656],[-41.1350378,-4.1768008],[-41.0981053,-4.1804614],[-41.1359048,-4.2335113],[-41.1194347,-4.3242551],[-41.2290426,-4.3404185],[-41.240471,-4.3756972],[-41.3629589,-4.3384037],[-41.3806678,-4.4334922],[-41.3876733,-4.4325468],[-41.4275358,-4.3211112],[-41.4153036,-4.3109592],[-41.4532409,-4.3013241],[-41.4781452,-4.3038782],[-41.4770457,-4.3138174],[-41.487642,-4.3036767],[-41.4949566,-4.2745128],[-41.5250229,-4.2566704],[-41.497327,-4.1804284],[-41.4478914,-4.1929956]]]}},{"type":"Feature","properties":{"level":"municipio","municipality_code":"2203503","municipality_name":"Elesbão Veloso","uf":"PI","state_code":"22","area_km2":1383.976},"geometry":{"type":"Polygon","coordinates":[[[-42.0451353,-6.2706925],[-42.0460803,-6.2841737],[-42.0209454,-6.2845986],[-42.0298927,-6.2988113],[-42.0158375,-6.3106544],[-42.0370801,-6.3901189],[-42.0931939,-6.4569975],[-42.1013589,-6.4342246],[-42.1273062,-6.4312358],[-42.1263347,-6.3909812],[-42.2900522,-6.3259491],[-42.282385,-6.3040704],[-42.3114559,-6.2972173],[-42.3192931,-6.2354026],[-42.3321045,-6.2051899],[-42.3703545,-6.1779881],[-42.3854837,-6.1554715],[-42.3707946,-6.1364303],[-42.3926038,-6.1076183],[-42.3548714,-6.0694794],[-42.3137908,-6.0706325],[-42.3033592,-6.0363708],[-42.3914453,-5.9738836],[-42.37213,-5.9416082],[-42.2564571,-5.9555789],[-42.14211,-6.0471788],[-42.0848831,-6.0669341],[-42.060636,-6.0522191],[-42.0367325,-6.1127228],[-42.055609,-6.115863],[-42.0410661,-6.15692],[-42.0448138,-6.1659026],[-42.0368759,-6.1721997],[-42.0482815,-6.1851573],[-42.0350772,-6.1900998],[-42.0351126,-6.2045226],[-42.0204517,-6.2087292],[-42.02877,-6.2404431],[-42.0229846,-6.2503213],[-42.0383002,-6.2602403],[-42.0338594,-6.2639041],[-42.0451353,-6.2706925]]]}},{"type":"Feature","properties":{"level":"municipio","municipality_code":"2203602","municipality_name":"Eliseu Martins","uf":"PI","state_code":"22","area_km2":1097.79},"geometry":{"type":"Polygon","coordinates":[[[-43.7936395,-7.8625789],[-43.7830547,-7.850877],[-43.7840765,-7.8187776],[-43.7967288,-7.8132092],[-43.7987962,-7.7990014],[-43.7914215,-7.7906274],[-43.8023023,-7.7748937],[-43.7661508,-7.7233385],[-43.5499505,-7.8830495],[-43.4930398,-8.0641312],[-43.4922693,-8.1205739],[-43.5187452,-8.147791],[-43.5714606,-8.1575841],[-43.5855685,-8.1351202],[-43.6122877,-8.1493863],[-43.7238516,-8.1572368],[-43.7335473,-8.0439176],[-43.7885375,-8.0681277],[-43.8001408,-8.0690127],[-43.8030153,-8.0616741],[-43.7960073,-8.0422045],[-43.801361,-8.0315119],[-43.7923471,-8.0269311],[-43.8003728,-8.0236152],[-43.7956816,-7.9994076],[-43.7882571,-7.994905],[-43.7953825,-7.9648989],[-43.7845339,-7.9448611],[-43.7977673,-7.9163882],[-43.7904565,-7.9102578],[-43.7936395,-7.8625789]]]}},{"type":"Feature","properties":{"level":"municipio","municipality_code":"2203701","municipality_name":"Esperantina","uf":"PI","state_code":"22","area_km2":908.748},"geometry":{"type":"Polygon","coordinates":[[[-42.0494684,-3.7913708],[-42.0349862,-3.7913439],[-42.0198557,-3.8101742],[-41.9950408,-3.7995356],[-41.9754283,-3.8040971],[-41.9891364,-3.8300885],[-41.9771331,-3.8420455],[-41.9785247,-3.8603256],[-41.9949142,-3.8721976],[-42.0409765,-3.8754609],[-42.051909,-3.8858719],[-42.0677052,-3.8860993],[-42.0624548,-3.8960351],[-42.074585,-3.9189358],[-42.0982137,-3.9107579],[-42.1050428,-3.9167045],[-42.1175467,-3.9106749],[-42.1210636,-3.8980035],[-42.1461453,-3.9053266],[-42.169379,-3.889669],[-42.1756226,-3.9129062],[-42.1899188,-3.9058292],[-42.208811,-3.919264],[-42.2094711,-3.9044183],[-42.2188207,-3.8985747],[-42.2444441,-3.9143055],[-42.245526,-3.9355891],[-42.2668532,-3.9393901],[-42.2767843,-3.9787093],[-42.2914653,-3.9768796],[-42.3087684,-3.9985254],[-42.3589952,-3.974289],[-42.3886999,-3.9860272],[-42.399106,-3.8984298],[-42.3762735,-3.8763158],[-42.3930165,-3.8326779],[-42.3467213,-3.8374053],[-42.293085,-3.7857171],[-42.257078,-3.784439],[-42.247696,-3.764283],[-42.228308,-3.764102],[-42.206862,-3.75219],[-42.209207,-3.737364],[-42.190597,-3.723305],[-42.208761,-3.694603],[-42.178283,-3.686734],[-42.158807,-3.606179],[-42.1162394,-3.5910517],[-42.1164771,-3.6730221],[-42.0503299,-3.680265],[-42.0494684,-3.7913708]]]}},{"type":"Feature","properties":{"level":"municipio","municipality_code":"2203750","municipality_name":"Fartura do Piauí","uf":"PI","state_code":"22","area_km2":713.046},"geometry":{"type":"Polygon","coordinates":[[[-42.7651682,-9.61675],[-42.8205528,-9.6192304],[-42.8281932,-9.5605212],[-42.8371387,-9.5503719],[-42.8733013,-9.563868],[-42.9040163,-9.5267542],[-42.9284431,-9.5272467],[-42.9462488,-9.5184131],[-42.9621411,-9.4698176],[-42.9586673,-9.4283928],[-42.941818,-9.4114226],[-42.8874881,-9.4071952],[-42.874725,-9.380428],[-42.8670018,-9.3855182],[-42.8279597,-9.3699056],[-42.7810067,-9.3769854],[-42.776333,-9.3656848],[-42.7309531,-9.3585878],[-42.7323666,-9.3390229],[-42.7227896,-9.3413516],[-42.6875263,-9.3831042],[-42.6729949,-9.3831015],[-42.6652558,-9.4018605],[-42.6769805,-9.4021382],[-42.6269942,-9.4452118],[-42.6029004,-9.5168113],[-42.6217206,-9.5413375],[-42.6672512,-9.548124],[-42.6903448,-9.5458283],[-42.7198812,-9.5306884],[-42.7168953,-9.5562787],[-42.7577491,-9.5892803],[-42.7651682,-9.61675]]]}},{"type":"Feature","properties":{"level":"municipio","municipality_code":"2203800","municipality_name":"Flores do Piauí","uf":"PI","state_code":"22","area_km2":946.719},"geometry":{"type":"Polygon","coordinates":[[[-43.0419104,-7.7391979],[-42.8865231,-7.6202329],[-42.8614955,-7.6192251],[-42.8043027,-7.5615449],[-42.8237004,-7.4341427],[-42.7983313,-7.3863594],[-42.6822468,-7.4699588],[-42.6792616,-7.623382],[-42.7029797,-7.6434299],[-42.7273545,-7.6336284],[-42.7288482,-7.6546275],[-42.7562431,-7.7019572],[-42.8033332,-7.6492752],[-42.8984924,-7.8841396],[-43.059326,-7.9106864],[-43.0571696,-7.8707059],[-43.0489844,-7.8745414],[-43.0419104,-7.7391979]]]}},{"type":"Feature","properties":{"level":"municipio","municipality_code":"2203859","municipality_name":"Floresta do Piauí","uf":"PI","state_code":"22","area_km2":223.199},"geometry":{"type":"Polygon","coordinates":[[[-41.8581816,-7.5015502],[-41.866847,-7.490126],[-41.8540979,-7.4301255],[-41.8618554,-7.4167004],[-41.8308203,-7.3437993],[-41.7803971,-7.4244048],[-41.7415868,-7.4611211],[-41.7277721,-7.5237096],[-41.7529174,-7.5589479],[-41.8289313,-7.5521369],[-41.8433227,-7.5375875],[-41.865432,-7.530586],[-41.8670341,-7.5135954],[-41.8581816,-7.5015502]]]}},{"type":"Feature","properties":{"level":"municipio","municipality_code":"2203909","municipality_name":"Floriano","uf":"PI","state_code":"22","area_km2":3407.979},"geometry":{"type":"Polygon","coordinates":[[[-42.8850095,-7.3588021],[-43.0750055,-7.3142572],[-43.1476699,-7.2220926],[-43.2255465,-7.2834286],[-43.3560977,-7.204371],[-43.3060134,-6.9913107],[-43.4415871,-6.9447225],[-43.416924,-6.889588],[-43.398764,-6.874146],[-43.3875262,-6.817192],[-43.3652474,-6.8198018],[-43.3467559,-6.7977497],[-43.2797641,-6.7959644],[-43.2500549,-6.7686466],[-43.2318776,-6.7647647],[-43.1782741,-6.7673365],[-43.1475876,-6.7836885],[-43.1049784,-6.7702479],[-43.0835027,-6.7492905],[-43.0652154,-6.7499791],[-43.0479056,-6.7619503],[-43.0110623,-6.7600094],[-42.9928003,-6.7487284],[-42.977444,-6.7179372],[-42.9511065,-6.7050771],[-42.9199314,-6.6710081],[-42.913649,-6.646152],[-42.895871,-6.65707],[-42.8569377,-6.6622819],[-42.8414513,-6.7056325],[-42.7932752,-6.7745685],[-42.7988718,-6.9151583],[-42.9446021,-7.1334137],[-42.9306079,-7.1930033],[-42.852428,-7.2146163],[-42.8155394,-7.2797518],[-42.8423183,-7.3543574],[-42.8850095,-7.3588021]]]}},{"type":"Feature","properties":{"level":"municipio","municipality_code":"2204006","municipality_name":"Francinópolis","uf":"PI","state_code":"22","area_km2":268.704},"geometry":{"type":"Polygon","coordinates":[[[-42.2905295,-6.3929664],[-42.2900522,-6.3259491],[-42.1263347,-6.3909812],[-42.1286594,-6.4592792],[-42.1430865,-6.472956],[-42.1744673,-6.4497987],[-42.306351,-6.5072151],[-42.3490257,-6.5070003],[-42.2905295,-6.3929664]]]}},{"type":"Feature","properties":{"level":"municipio","municipality_code":"2204105","municipality_name":"Francisco Ayres","uf":"PI","state_code":"22","area_km2":656.475},"geometry":{"type":"Polygon","coordinates":[[[-42.665873,-6.8521909],[-42.7932752,-6.7745685],[-42.8414513,-6.7056325],[-42.7911176,-6.5217946],[-42.6531362,-6.5048693],[-42.6448011,-6.6091272],[-42.612361,-6.6642105],[-42.6477328,-6.7613919],[-42.6233856,-6.7979325],[-42.665873,-6.8521909]]]}},{"type":"Feature","properties":{"level":"municipio","municipality_code":"2204154","municipality_name":"Francisco Macedo","uf":"PI","state_code":"22","area_km2":179.245},"geometry":{"type":"Polygon","coordinates":[[[-40.8371776,-7.3597518],[-40.8524377,-7.3274628],[-40.848258,-7.2852508],[-40.799265,-7.2610362],[-40.7532722,-7.2547076],[-40.748037,-7.2431529],[-40.714546,-7.2459929],[-40.7301082,-7.290239],[-40.7276213,-7.3499246],[-40.772369,-7.404733],[-40.794324,-7.4215173],[-40.7966174,-7.3912444],[-40.8371776,-7.3597518]]]}},{"type":"Feature","properties":{"level":"municipio","municipality_code":"2204204","municipality_name":"Francisco Santos","uf":"PI","state_code":"22","area_km2":492.191},"geometry":{"type":"Polygon","coordinates":[[[-41.0808774,-6.9969938],[-41.1049794,-7.1250303],[-41.131654,-7.122107],[-41.1433575,-7.1658359],[-41.1432407,-7.2064968],[-41.1963775,-7.2181206],[-41.2050338,-7.2578424],[-41.2640454,-7.2256814],[-41.1923324,-7.1146894],[-41.1873574,-6.9926962],[-41.1583973,-6.8645029],[-41.1431201,-6.7504665],[-41.0953591,-6.7566931],[-41.0808774,-6.9969938]]]}},{"type":"Feature","properties":{"level":"municipio","municipality_code":"2204303","municipality_name":"Fronteiras","uf":"PI","state_code":"22","area_km2":777.179},"geometry":{"type":"Polygon","coordinates":[[[-40.6285676,-6.9950999],[-40.607125,-6.97622],[-40.604928,-6.956432],[-40.549211,-6.950252],[-40.539533,-6.935554],[-40.526766,-6.942769],[-40.504945,-6.939013],[-40.48921,-6.952453],[-40.462567,-6.936682],[-40.4488586,-6.9444271],[-40.42502,-6.9352698],[-40.4298702,-6.9933431],[-40.4062495,-7.0053266],[-40.4280135,-7.0184767],[-40.4386846,-7.0164594],[-40.4277177,-7.0338811],[-40.4897393,-7.1186901],[-40.4843697,-7.1331987],[-40.5061165,-7.2108597],[-40.6712426,-7.2097066],[-40.6968254,-7.2288796],[-40.7135331,-7.2175147],[-40.7171189,-7.2080072],[-40.6925444,-7.1687526],[-40.6933416,-7.1438974],[-40.7293975,-7.1026229],[-40.761646,-7.0224982],[-40.789932,-7.001608],[-40.771764,-6.98785],[-40.755295,-7.008839],[-40.741631,-7.015338],[-40.730831,-7.010628],[-40.727797,-7.018594],[-40.693341,-7.030509],[-40.674378,-7.014195],[-40.654448,-7.011711],[-40.643998,-6.997849],[-40.6285676,-6.9950999]]]}},{"type":"Feature","properties":{"level":"municipio","municipality_code":"2204352","municipality_name":"Geminiano","uf":"PI","state_code":"22","area_km2":440.606},"geometry":{"type":"Polygon","coordinates":[[[-41.1927458,-7.1153292],[-41.2640454,-7.2256814],[-41.2050338,-7.2578424],[-41.2085392,-7.2753905],[-41.283457,-7.2669929],[-41.3098843,-7.2872537],[-41.3104827,-7.3069596],[-41.3902422,-7.260177],[-41.3971031,-7.262939],[-41.43098,-7.2269877],[-41.4624501,-7.1874738],[-41.4613718,-7.121884],[-41.4527125,-7.1149652],[-41.4009698,-7.1295816],[-41.3873591,-7.1073852],[-41.3332538,-7.0992484],[-41.1927458,-7.1153292]]]}},{"type":"Feature","properties":{"level":"municipio","municipality_code":"2204402","municipality_name":"Gilbués","uf":"PI","state_code":"22","area_km2":3495.692},"geometry":{"type":"Polygon","coordinates":[[[-45.26737,-9.98237],[-45.3790677,-9.9807488],[-45.392434,-9.951396],[-45.387852,-9.930483],[-45.394766,-9.917203],[-45.404739,-9.906561],[-45.418259,-9.910453],[-45.424718,-9.904234],[-45.420666,-9.89639],[-45.439711,-9.89034],[-45.435105,-9.882088],[-45.452585,-9.870694],[-45.446658,-9.870952],[-45.448604,-9.858696],[-45.468191,-9.853201],[-45.467956,-9.842405],[-45.480927,-9.829532],[-45.494621,-9.838183],[-45.491151,-9.828263],[-45.504951,-9.818409],[-45.51277,-9.827041],[-45.513924,-9.811409],[-45.527376,-9.810009],[-45.523378,-9.799694],[-45.531702,-9.78286],[-45.541798,-9.785703],[-45.549323,-9.767495],[-45.537151,-9.757744],[-45.538873,-9.749775],[-45.552347,-9.748151],[-45.5571845,-9.739352],[-45.6652566,-9.8027544],[-45.7345939,-9.7520146],[-45.7833346,-9.7048282],[-45.8316775,-9.6773823],[-45.8335115,-9.6522772],[-45.8266407,-9.6267154],[-45.8197836,-9.6244403],[-45.8257783,-9.6069927],[-45.8367433,-9.6021266],[-45.8336263,-9.5875297],[-45.8419325,-9.5628899],[-45.8288809,-9.5473937],[-45.8323329,-9.5366631],[-45.8209267,-9.5170467],[-45.7910629,-9.4828331],[-45.771382,-9.485219],[-45.767367,-9.504124],[-45.741474,-9.51068],[-45.748246,-9.513538],[-45.744944,-9.521519],[-45.728348,-9.535486],[-45.736792,-9.537031],[-45.711574,-9.544332],[-45.706,-9.550427],[-45.711765,-9.556397],[-45.696777,-9.557695],[-45.6675781,-9.5351999],[-45.6399427,-9.531241],[-45.6137782,-9.5133025],[-45.5646937,-9.5133397],[-45.531066,-9.4959631],[-45.5155763,-9.4830244],[-45.5134183,-9.458785],[-45.4099992,-9.4588307],[-45.511594,-9.1719577],[-45.3119443,-9.2428228],[-45.1148216,-9.3305297],[-45.3348721,-9.6796402],[-45.3000056,-9.6930123],[-45.3319508,-9.7419622],[-45.325587,-9.7731093],[-45.3082267,-9.7806112],[-45.3058562,-9.7967854],[-45.2847295,-9.808971],[-45.2773552,-9.8019816],[-45.2468307,-9.8229891],[-45.1809242,-9.8009699],[-45.1550803,-9.8044263],[-45.1086129,-9.794198],[-45.080612,-9.809617],[-45.07252,-9.806349],[-45.076591,-9.814333],[-45.06839,-9.81298],[-45.061502,-9.824895],[-45.05712,-9.809582],[-45.036933,-9.819339],[-45.009802,-9.806674],[-45.008081,-9.813226],[-44.990398,-9.809302],[-44.983825,-9.818215],[-44.956389,-9.823744],[-45.0275859,-9.9745157],[-45.139928,-9.9357604],[-45.2570955,-9.9356146],[-45.262882,-9.940787],[-45.256264,-9.95638],[-45.275034,-9.966946],[-45.26737,-9.98237]]]}},{"type":"Feature","properties":{"level":"municipio","municipality_code":"2204501","municipality_name":"Guadalupe","uf":"PI","state_code":"22","area_km2":1026.539},"geometry":{"type":"Polygon","coordinates":[[[-43.5712287,-6.7483329],[-43.5531522,-6.7562485],[-43.5416337,-6.7891369],[-43.5050698,-6.800831],[-43.4885589,-6.8214854],[-43.5818948,-6.9856611],[-43.6613208,-6.9808922],[-43.7242979,-6.9544182],[-43.818638,-6.9335601],[-43.8247633,-6.9417557],[-43.8569673,-6.9509569],[-43.8685196,-6.9445081],[-43.9055376,-6.9602286],[-43.9084035,-6.9683526],[-43.9146153,-6.9656854],[-43.9212753,-6.9331784],[-43.8993804,-6.9003626],[-43.8621467,-6.8764345],[-43.8325258,-6.8426794],[-43.8814644,-6.8031519],[-43.8999778,-6.7778859],[-43.9259583,-6.7758903],[-43.9304723,-6.7710537],[-43.916496,-6.7538247],[-43.879918,-6.7577824],[-43.8537609,-6.7356117],[-43.8081859,-6.720273],[-43.7950637,-6.7020718],[-43.7748432,-6.7149366],[-43.7607352,-6.7024376],[-43.7149901,-6.6987333],[-43.6985419,-6.7095514],[-43.672721,-6.7062693],[-43.6428744,-6.7165511],[-43.5843756,-6.7574843],[-43.5712287,-6.7483329]]]}},{"type":"Feature","properties":{"level":"municipio","municipality_code":"2204550","municipality_name":"Guaribas","uf":"PI","state_code":"22","area_km2":3118.231},"geometry":{"type":"Polygon","coordinates":[[[-43.4588112,-9.1259554],[-43.5412569,-9.2373961],[-43.5408812,-9.3082451],[-43.5790266,-9.3203902],[-43.6216326,-9.3715377],[-43.685759,-9.4177938],[-43.7514198,-9.4340724],[-43.7821682,-9.4526542],[-43.9566519,-9.1740745],[-43.8692342,-9.0185106],[-43.7925245,-8.8141545],[-43.701958,-8.7171434],[-43.7042528,-8.7317745],[-43.4669599,-8.7299321],[-43.4183899,-8.7804084],[-43.4194463,-8.807719],[-43.4511171,-8.8767137],[-43.4532332,-8.9128342],[-43.4449612,-8.9736414],[-43.4501631,-9.02163],[-43.4165475,-9.0729965],[-43.4194454,-9.1384685],[-43.4588112,-9.1259554]]]}},{"type":"Feature","properties":{"level":"municipio","municipality_code":"2204600","municipality_name":"Hugo Napoleão","uf":"PI","state_code":"22","area_km2":224.573},"geometry":{"type":"Polygon","coordinates":[[[-42.5904884,-6.0155649],[-42.5798969,-5.9477234],[-42.4896947,-5.9366835],[-42.50205,-5.94393],[-42.49612,-5.958383],[-42.499939,-5.977632],[-42.435574,-6.033637],[-42.418201,-6.109007],[-42.394755,-6.135448],[-42.3975016,-6.1464843],[-42.4359327,-6.1503073],[-42.5004018,-6.0906847],[-42.5017543,-6.0596899],[-42.5257612,-6.0484191],[-42.5761417,-6.042671],[-42.5904884,-6.0155649]]]}},{"type":"Feature","properties":{"level":"municipio","municipality_code":"2204659","municipality_name":"Ilha Grande","uf":"PI","state_code":"22","area_km2":129.696},"geometry":{"type":"Polygon","coordinates":[[[-41.8464075,-2.8003335],[-41.8475186,-2.7755786],[-41.8410686,-2.7680624],[-41.7944408,-2.7499377],[-41.7818051,-2.7583058],[-41.7849239,-2.7698743],[-41.7554804,-2.8423612],[-41.7758029,-2.8535476],[-41.7854113,-2.8731219],[-41.8156051,-2.8835044],[-41.8108853,-2.8976314],[-41.8344231,-2.9156446],[-41.8660379,-2.8699664],[-41.8464075,-2.8003335]]]}},{"type":"Feature","properties":{"level":"municipio","municipality_code":"2204709","municipality_name":"Inhuma","uf":"PI","state_code":"22","area_km2":978.222},"geometry":{"type":"Polygon","coordinates":[[[-41.660529,-6.7960146],[-41.7659785,-6.7902418],[-41.8163674,-6.7149812],[-41.870167,-6.688657],[-41.898242,-6.686261],[-41.9125073,-6.6684216],[-41.9126255,-6.6503651],[-41.9276249,-6.6443876],[-41.8881564,-6.6084309],[-41.8655237,-6.6120787],[-41.8396072,-6.5697106],[-41.7287854,-6.5593651],[-41.7236243,-6.5289464],[-41.6850936,-6.5316081],[-41.5110973,-6.6082524],[-41.4796235,-6.7449299],[-41.5427127,-6.7383134],[-41.6066005,-6.8335309],[-41.6606737,-6.8299727],[-41.660529,-6.7960146]]]}},{"type":"Feature","properties":{"level":"municipio","municipality_code":"2204808","municipality_name":"Ipiranga do Piauí","uf":"PI","state_code":"22","area_km2":529.417},"geometry":{"type":"Polygon","coordinates":[[[-41.7659785,-6.7902418],[-41.660529,-6.7960146],[-41.6606737,-6.8299727],[-41.6066005,-6.8335309],[-41.6171767,-6.8787075],[-41.6138818,-6.907188],[-41.6224819,-6.8990365],[-41.7001997,-6.9149893],[-41.7030501,-6.9010463],[-41.7602547,-6.913099],[-41.7637049,-6.9212481],[-41.8109166,-6.9209039],[-41.8124953,-6.9399951],[-41.8765375,-6.85865],[-41.9164481,-6.830021],[-41.9166799,-6.7401977],[-41.9328768,-6.6700263],[-41.9218988,-6.6466095],[-41.9126255,-6.6503651],[-41.9125073,-6.6684216],[-41.898242,-6.686261],[-41.870167,-6.688657],[-41.8163674,-6.7149812],[-41.7659785,-6.7902418]]]}},{"type":"Feature","properties":{"level":"municipio","municipality_code":"2204907","municipality_name":"Isaías Coelho","uf":"PI","state_code":"22","area_km2":800.688},"geometry":{"type":"Polygon","coordinates":[[[-41.6461747,-7.6206425],[-41.5123408,-7.6730982],[-41.4695397,-7.6978141],[-41.4774956,-7.7501194],[-41.458144,-7.7821851],[-41.5071397,-7.8043857],[-41.5535206,-7.7594198],[-41.5956554,-7.7587086],[-41.6111106,-7.7677246],[-41.6185239,-7.796484],[-41.669955,-7.8366668],[-41.774323,-7.8212538],[-41.7563903,-7.8164385],[-41.757624,-7.7278826],[-41.7261478,-7.6928454],[-41.7336386,-7.6602692],[-41.7300446,-7.5934275],[-41.7529174,-7.5589479],[-41.7277721,-7.5237096],[-41.7415868,-7.4611211],[-41.7803971,-7.4244048],[-41.6292901,-7.3939155],[-41.6440368,-7.4097853],[-41.6285699,-7.4948956],[-41.6279459,-7.5471908],[-41.6461747,-7.6206425]]]}},{"type":"Feature","properties":{"level":"municipio","municipality_code":"2205003","municipality_name":"Itainópolis","uf":"PI","state_code":"22","area_km2":827.62},"geometry":{"type":"Polygon","coordinates":[[[-41.3104827,-7.3069596],[-41.3782749,-7.5146591],[-41.3989758,-7.5505633],[-41.4907078,-7.5262315],[-41.515574,-7.5529627],[-41.5222413,-7.5406344],[-41.5373479,-7.5376602],[-41.5468636,-7.5193184],[-41.6279459,-7.5471908],[-41.6285699,-7.4948956],[-41.6440368,-7.4097853],[-41.6081017,-7.3635129],[-41.613454,-7.3275645],[-41.6051122,-7.2906884],[-41.5696989,-7.2921873],[-41.554952,-7.3057593],[-41.4694522,-7.313014],[-41.4279417,-7.2750338],[-41.3902422,-7.260177],[-41.3104827,-7.3069596]]]}},{"type":"Feature","properties":{"level":"municipio","municipality_code":"2205102","municipality_name":"Itaueira","uf":"PI","state_code":"22","area_km2":2554.179},"geometry":{"type":"Polygon","coordinates":[[[-43.0353583,-7.7341808],[-43.0872832,-7.6713079],[-43.1963891,-7.6143695],[-43.3038658,-7.7115167],[-43.5072862,-7.6795486],[-43.473471,-7.5540936],[-43.3249437,-7.4040109],[-43.2255465,-7.2834286],[-43.1476699,-7.2220926],[-43.0750055,-7.3142572],[-42.8850095,-7.3588021],[-42.8423183,-7.3543574],[-42.7983313,-7.3863594],[-42.8237004,-7.4341427],[-42.8043027,-7.5615449],[-42.8614955,-7.6192251],[-42.8865231,-7.6202329],[-43.0353583,-7.7341808]]]}},{"type":"Feature","properties":{"level":"municipio","municipality_code":"2205151","municipality_name":"Jacobina do Piauí","uf":"PI","state_code":"22","area_km2":1333.796},"geometry":{"type":"Polygon","coordinates":[[[-41.0809642,-7.9424105],[-41.1131431,-7.9797276],[-41.1424432,-7.9765661],[-41.1621262,-8.0198158],[-41.1846954,-8.0140971],[-41.1956034,-8.020396],[-41.2263898,-8.0111549],[-41.2681502,-8.0217833],[-41.3093177,-8.0188272],[-41.3472261,-8.0363217],[-41.3680782,-8.0364579],[-41.3852795,-8.052848],[-41.3810227,-8.0821539],[-41.3947281,-8.0966033],[-41.4258974,-8.1056999],[-41.4545054,-8.0957636],[-41.4361889,-8.0858533],[-41.4426696,-8.0666071],[-41.4584359,-8.0558972],[-41.4669738,-8.0324015],[-41.4829112,-8.0298622],[-41.4948187,-8.0114202],[-41.467455,-7.9898927],[-41.4962557,-7.956276],[-41.5183097,-7.9560082],[-41.5260887,-7.9398828],[-41.5214213,-7.9200206],[-41.5078049,-7.9083918],[-41.4833776,-7.9103376],[-41.4751347,-7.9004018],[-41.4352634,-7.898041],[-41.4123677,-7.8690536],[-41.380487,-7.8458954],[-41.3784916,-7.8132703],[-41.3194789,-7.7919503],[-41.3110536,-7.7341469],[-41.2569544,-7.7270316],[-41.2299858,-7.7355118],[-41.2042856,-7.7186232],[-41.1992367,-7.7324353],[-41.1817943,-7.7383028],[-41.1884212,-7.7457804],[-41.1502923,-7.7607394],[-41.1248472,-7.74099],[-41.09947,-7.7385733],[-41.0917037,-7.7698625],[-41.06133,-7.7716109],[-41.043727,-7.7873836],[-41.0171765,-7.7926873],[-40.9514795,-7.8249629],[-40.9589979,-7.8480117],[-40.9818596,-7.8624765],[-40.9936001,-7.8650539],[-40.9991265,-7.8555783],[-41.0167785,-7.8512482],[-41.0368593,-7.8638722],[-41.0356173,-7.8770252],[-41.0482764,-7.8858928],[-41.0496857,-7.8985914],[-41.0432615,-7.8965425],[-41.0312646,-7.9184339],[-41.053976,-7.9417398],[-41.0809642,-7.9424105]]]}},{"type":"Feature","properties":{"level":"municipio","municipality_code":"2205201","municipality_name":"Jaicós","uf":"PI","state_code":"22","area_km2":866.788},"geometry":{"type":"Polygon","coordinates":[[[-41.0433936,-7.276888],[-41.0047843,-7.4225299],[-41.0064096,-7.4248161],[-41.0869367,-7.4258181],[-41.1063803,-7.4198401],[-41.1557742,-7.4275692],[-41.157948,-7.4471335],[-41.1890456,-7.4773858],[-41.2383187,-7.4846318],[-41.2274496,-7.5270212],[-41.2273458,-7.5732961],[-41.2403274,-7.5951343],[-41.2666815,-7.6131796],[-41.277789,-7.599058],[-41.277049,-7.578991],[-41.297605,-7.574826],[-41.292709,-7.550716],[-41.29935,-7.541427],[-41.326273,-7.541711],[-41.34168,-7.527103],[-41.3789081,-7.5155888],[-41.3102623,-7.320849],[-41.3098843,-7.2872537],[-41.283457,-7.2669929],[-41.2085392,-7.2753905],[-41.1963775,-7.2181206],[-41.1432407,-7.2064968],[-41.146917,-7.259783],[-41.133793,-7.27389],[-41.1056778,-7.2714086],[-41.0849936,-7.2843759],[-41.0673196,-7.2722408],[-41.0433936,-7.276888]]]}},{"type":"Feature","properties":{"level":"municipio","municipality_code":"2205250","municipality_name":"Jardim do Mulato","uf":"PI","state_code":"22","area_km2":510.226},"geometry":{"type":"Polygon","coordinates":[[[-42.6761484,-6.1774893],[-42.689438,-6.171289],[-42.682494,-6.138993],[-42.6885828,-6.1121273],[-42.703207,-6.100148],[-42.7050761,-6.0799931],[-42.6514828,-6.0813277],[-42.6404362,-6.0898586],[-42.6298496,-6.0400959],[-42.5904884,-6.0155649],[-42.5761417,-6.042671],[-42.5257612,-6.0484191],[-42.5017543,-6.0596899],[-42.5004018,-6.0906847],[-42.4359327,-6.1503073],[-42.3975016,-6.1464843],[-42.3938338,-6.1374175],[-42.3703545,-6.1779881],[-42.3321045,-6.2051899],[-42.3191992,-6.2384188],[-42.4393335,-6.2548246],[-42.4429719,-6.2185673],[-42.5358643,-6.2206193],[-42.5454021,-6.2029673],[-42.6219059,-6.1734258],[-42.6761484,-6.1774893]]]}},{"type":"Feature","properties":{"level":"municipio","municipality_code":"2205276","municipality_name":"Jatobá do Piauí","uf":"PI","state_code":"22","area_km2":650.393},"geometry":{"type":"Polygon","coordinates":[[[-41.888305,-4.7147812],[-41.890151,-4.703967],[-41.9016306,-4.6962779],[-41.9089735,-4.6815434],[-41.8863684,-4.6772961],[-41.8188234,-4.6970884],[-41.7767505,-4.6887617],[-41.7466003,-4.7033117],[-41.7599593,-4.7193159],[-41.7562656,-4.7332916],[-41.7739914,-4.7488357],[-41.7681123,-4.764149],[-41.7755598,-4.7870331],[-41.8109542,-4.8029142],[-41.828042,-4.856561],[-41.840465,-4.857661],[-41.842675,-4.869967],[-41.850769,-4.867673],[-41.871602,-4.881001],[-41.874099,-4.902069],[-41.948159,-5.027396],[-41.981874,-4.998471],[-42.043159,-4.982683],[-42.042325,-4.934748],[-42.049881,-4.910589],[-42.0889072,-4.8463894],[-42.0230457,-4.8664707],[-42.0009916,-4.8423078],[-42.001056,-4.826681],[-42.0153074,-4.8188126],[-42.014183,-4.803846],[-41.99013,-4.787744],[-41.978826,-4.762462],[-41.930774,-4.761647],[-41.888305,-4.7147812]]]}},{"type":"Feature","properties":{"level":"municipio","municipality_code":"2205300","municipality_name":"Jerumenha","uf":"PI","state_code":"22","area_km2":1865.94},"geometry":{"type":"Polygon","coordinates":[[[-43.3930176,-7.2832276],[-43.5184405,-7.2841963],[-43.5881898,-7.2605027],[-43.6216299,-7.2619914],[-43.6417902,-7.2720972],[-43.6559493,-7.2450816],[-43.6748427,-7.2472176],[-43.6925882,-7.264968],[-43.7163883,-7.2647687],[-43.684349,-7.1330779],[-43.7405057,-7.1130842],[-43.7970963,-7.0663666],[-43.7242979,-6.9544182],[-43.6613208,-6.9808922],[-43.5818948,-6.9856611],[-43.4885589,-6.8214854],[-43.4811805,-6.8354099],[-43.45753,-6.8460734],[-43.444222,-6.8380198],[-43.4191289,-6.8440105],[-43.3911734,-6.8342455],[-43.398764,-6.874146],[-43.416924,-6.889588],[-43.4415871,-6.9447225],[-43.3060134,-6.9913107],[-43.3560977,-7.204371],[-43.2255465,-7.2834286],[-43.3249437,-7.4040109],[-43.4037945,-7.3531389],[-43.38518,-7.3126162],[-43.3930176,-7.2832276]]]}},{"type":"Feature","properties":{"level":"municipio","municipality_code":"2205409","municipality_name":"Joaquim Pires","uf":"PI","state_code":"22","area_km2":740.561},"geometry":{"type":"Polygon","coordinates":[[[-42.1164771,-3.6730221],[-42.1162394,-3.5910517],[-42.158807,-3.606179],[-42.154109,-3.58851],[-42.1914004,-3.5536649],[-42.206174,-3.594018],[-42.222708,-3.605982],[-42.2591788,-3.5959725],[-42.2411845,-3.5837682],[-42.2235277,-3.5424059],[-42.2236839,-3.4468396],[-42.1995819,-3.4278288],[-42.194186,-3.3983066],[-42.156142,-3.3922214],[-42.1451115,-3.3535227],[-42.1257977,-3.3464177],[-42.0635618,-3.3954003],[-42.0972969,-3.4401259],[-42.0794106,-3.4509443],[-42.050465,-3.448627],[-42.044476,-3.473839],[-42.053874,-3.490429],[-42.021965,-3.504021],[-41.9746592,-3.5064312],[-41.9741822,-3.5214805],[-41.912762,-3.5282864],[-41.9077701,-3.5354268],[-41.9335622,-3.5688961],[-41.9275238,-3.5832445],[-41.939841,-3.6024931],[-41.9407114,-3.6327036],[-41.925206,-3.638495],[-41.926158,-3.678821],[-42.0503299,-3.680265],[-42.1164771,-3.6730221]]]}},{"type":"Feature","properties":{"level":"municipio","municipality_code":"2205458","municipality_name":"Joca Marques","uf":"PI","state_code":"22","area_km2":169.005},"geometry":{"type":"Polygon","coordinates":[[[-42.3878505,-3.6146247],[-42.434092,-3.628777],[-42.454,-3.624549],[-42.460433,-3.608916],[-42.4803672,-3.601166],[-42.469709,-3.572975],[-42.454043,-3.565222],[-42.474542,-3.522558],[-42.494899,-3.515699],[-42.470336,-3.4837736],[-42.4482448,-3.4783353],[-42.4247565,-3.4534068],[-42.4140938,-3.4577282],[-42.4113574,-3.4743603],[-42.3999233,-3.4747505],[-42.38613,-3.495366],[-42.3672182,-3.5063196],[-42.382456,-3.53931],[-42.377028,-3.594591],[-42.3878505,-3.6146247]]]}},{"type":"Feature","properties":{"level":"municipio","municipality_code":"2205508","municipality_name":"José de Freitas","uf":"PI","state_code":"22","area_km2":1538.172},"geometry":{"type":"Polygon","coordinates":[[[-42.335535,-4.6727228],[-42.3704055,-4.8319895],[-42.6340996,-4.9132288],[-42.7128649,-4.905642],[-42.7313893,-4.8238231],[-42.7886124,-4.8176118],[-42.778329,-4.7638172],[-42.7224634,-4.7121579],[-42.7131649,-4.716564],[-42.7173516,-4.7026844],[-42.6883381,-4.6723839],[-42.614932,-4.6064896],[-42.5532232,-4.588955],[-42.5414293,-4.5475161],[-42.4820692,-4.5213534],[-42.4798381,-4.5040762],[-42.4353911,-4.4775915],[-42.29575,-4.5510672],[-42.335535,-4.6727228]]]}},{"type":"Feature","properties":{"level":"municipio","municipality_code":"2205359","municipality_name":"João Costa","uf":"PI","state_code":"22","area_km2":1800.23},"geometry":{"type":"Polygon","coordinates":[[[-42.3334132,-8.398279],[-42.2962757,-8.4487431],[-42.1908144,-8.5086791],[-42.1587868,-8.5902639],[-42.1894077,-8.5839772],[-42.2100623,-8.6491911],[-42.2914408,-8.6301051],[-42.3107451,-8.662577],[-42.4751544,-8.6573138],[-42.7334892,-8.8006379],[-42.7278195,-8.682017],[-42.7094156,-8.5880325],[-42.6945483,-8.5505042],[-42.6380267,-8.4933931],[-42.6426242,-8.4077783],[-42.6274722,-8.37572],[-42.6246811,-8.3296262],[-42.6102468,-8.3044261],[-42.3334132,-8.398279]]]}},{"type":"Feature","properties":{"level":"municipio","municipality_code":"2205516","municipality_name":"Juazeiro do Piauí","uf":"PI","state_code":"22","area_km2":935.404},"geometry":{"type":"Polygon","coordinates":[[[-41.7015106,-5.1906068],[-41.7304605,-5.1895107],[-41.7419567,-5.1554359],[-41.7325738,-5.1174801],[-41.7427446,-5.0587308],[-41.7205383,-4.9910636],[-41.6885506,-4.9911955],[-41.6432358,-4.8106376],[-41.6548144,-4.7762517],[-41.5601086,-4.74498],[-41.555906,-4.7565199],[-41.5432575,-4.7593013],[-41.5252804,-4.8282576],[-41.4729325,-4.8334586],[-41.4509904,-4.8255098],[-41.434846,-4.8611271],[-41.3840138,-4.8839061],[-41.4041748,-4.9015315],[-41.4316647,-4.9095893],[-41.4287822,-4.9256973],[-41.4376647,-4.9331739],[-41.4318866,-4.9418035],[-41.4377608,-4.9521223],[-41.4300982,-4.9610172],[-41.443614,-4.9650173],[-41.4447962,-4.9834713],[-41.456958,-4.9755051],[-41.4574377,-4.9875363],[-41.4711585,-5.002094],[-41.4797673,-4.9905964],[-41.4860958,-5.0079129],[-41.4967229,-5.0106148],[-41.5119609,-5.0388755],[-41.5104392,-5.0618184],[-41.5335055,-5.0566226],[-41.5543157,-5.0621416],[-41.5650185,-5.0738889],[-41.5974448,-5.0796099],[-41.597274,-5.0903522],[-41.6167314,-5.1015505],[-41.6188771,-5.1194926],[-41.6392834,-5.1277608],[-41.6568518,-5.1561687],[-41.6892368,-5.172031],[-41.7015106,-5.1906068]]]}},{"type":"Feature","properties":{"level":"municipio","municipality_code":"2205532","municipality_name":"Jurema","uf":"PI","state_code":"22","area_km2":1271.881},"geometry":{"type":"Polygon","coordinates":[[[-43.1048322,-9.2481008],[-43.0876503,-9.2885328],[-43.074511,-9.399989],[-43.1196192,-9.371898],[-43.1331641,-9.3872827],[-43.1562923,-9.3761137],[-43.1739285,-9.4112239],[-43.1959472,-9.4199237],[-43.2064972,-9.4021233],[-43.2186337,-9.4006216],[-43.2135311,-9.3557966],[-43.2052321,-9.3524394],[-43.2047959,-9.3176578],[-43.2232087,-9.3134045],[-43.2106141,-9.2852652],[-43.2183632,-9.2838209],[-43.2158606,-9.2458041],[-43.1886344,-9.1950152],[-43.2792514,-9.0001114],[-43.2834858,-8.7497243],[-43.0766908,-8.7401994],[-43.0593595,-8.6976282],[-43.0289165,-8.6972006],[-43.0200603,-8.700966],[-43.0168849,-8.8154858],[-43.0798071,-8.8123109],[-43.1138264,-8.9928949],[-43.1029108,-9.096219],[-43.1111926,-9.1014847],[-43.107406,-9.1467729],[-43.0861406,-9.167015],[-43.0830715,-9.198175],[-43.1048322,-9.2481008]]]}},{"type":"Feature","properties":{"level":"municipio","municipality_code":"2205524","municipality_name":"Júlio Borges","uf":"PI","state_code":"22","area_km2":1283.916},"geometry":{"type":"Polygon","coordinates":[[[-44.0298909,-10.4169623],[-44.0357645,-10.4447135],[-44.0258437,-10.4754707],[-44.0510104,-10.5062386],[-44.0721137,-10.5799277],[-44.1106216,-10.597196],[-44.139264,-10.6398843],[-44.1655401,-10.6429013],[-44.214096,-10.6144471],[-44.2373502,-10.6265499],[-44.2640198,-10.62467],[-44.3145472,-10.557363],[-44.3443787,-10.5496667],[-44.347564,-10.4723861],[-44.2859637,-10.3275587],[-44.30746,-10.2900172],[-44.093297,-10.1921377],[-44.0666747,-10.2177269],[-43.9901939,-10.4180261],[-44.0141478,-10.404753],[-44.0298909,-10.4169623]]]}},{"type":"Feature","properties":{"level":"municipio","municipality_code":"2205557","municipality_name":"Lagoa Alegre","uf":"PI","state_code":"22","area_km2":394.205},"geometry":{"type":"Polygon","coordinates":[[[-42.6804512,-4.5422683],[-42.6720746,-4.4766656],[-42.5816036,-4.4270521],[-42.581324,-4.38703],[-42.547894,-4.362766],[-42.4736774,-4.4342865],[-42.4447497,-4.4405453],[-42.4204052,-4.4681706],[-42.4798381,-4.5040762],[-42.4820692,-4.5213534],[-42.5414293,-4.5475161],[-42.5532232,-4.588955],[-42.6142851,-4.6063065],[-42.6804512,-4.5422683]]]}},{"type":"Feature","properties":{"level":"municipio","municipality_code":"2205573","municipality_name":"Lagoa de São Francisco","uf":"PI","state_code":"22","area_km2":155.86},"geometry":{"type":"Polygon","coordinates":[[[-41.5129633,-4.3316144],[-41.5005587,-4.382112],[-41.5274789,-4.4109423],[-41.5479479,-4.4041994],[-41.5876108,-4.4165155],[-41.588589,-4.4077838],[-41.599001,-4.4040049],[-41.6409262,-4.4093067],[-41.6440128,-4.395891],[-41.6491806,-4.4033949],[-41.6624143,-4.4020051],[-41.6576684,-4.3839235],[-41.6687425,-4.3479578],[-41.6363881,-4.3500081],[-41.6171395,-4.3388238],[-41.6164911,-4.3179715],[-41.5968823,-4.2952977],[-41.5785891,-4.3093391],[-41.5631348,-4.3074027],[-41.5593705,-4.3188432],[-41.5416973,-4.3288271],[-41.536798,-4.3210484],[-41.5301897,-4.3316761],[-41.5129633,-4.3316144]]]}},{"type":"Feature","properties":{"level":"municipio","municipality_code":"2205565","municipality_name":"Lagoa do Barro do Piauí","uf":"PI","state_code":"22","area_km2":1331.025},"geometry":{"type":"Polygon","coordinates":[[[-41.4936676,-8.4549322],[-41.48592,-8.475168],[-41.4955477,-8.5051894],[-41.4682929,-8.531826],[-41.4830577,-8.6014173],[-41.5090898,-8.659423],[-41.5178909,-8.7248913],[-41.5041016,-8.7355558],[-41.4899845,-8.7339228],[-41.4260785,-8.667581],[-41.4005683,-8.7053593],[-41.3812515,-8.7072724],[-41.411185,-8.7745223],[-41.429804,-8.756585],[-41.445818,-8.754098],[-41.471998,-8.77914],[-41.488655,-8.783787],[-41.49933,-8.806933],[-41.514695,-8.803896],[-41.514697,-8.790256],[-41.537631,-8.789171],[-41.54831,-8.779339],[-41.559631,-8.778949],[-41.579672,-8.799036],[-41.613505,-8.786235],[-41.613033,-8.778268],[-41.62306,-8.777196],[-41.63128,-8.761229],[-41.654923,-8.758945],[-41.658798,-8.751346],[-41.674784,-8.757481],[-41.683371,-8.746931],[-41.697548,-8.750692],[-41.704243,-8.729526],[-41.719098,-8.738227],[-41.7374707,-8.7327134],[-41.7508208,-8.6050806],[-41.7121678,-8.5002246],[-41.7546733,-8.423106],[-41.7208017,-8.4041886],[-41.7269788,-8.4003007],[-41.6735426,-8.392466],[-41.6696639,-8.350294],[-41.6769812,-8.3285097],[-41.6571062,-8.2990033],[-41.5999844,-8.3210832],[-41.5649318,-8.312237],[-41.573352,-8.3242717],[-41.5635245,-8.339083],[-41.5454745,-8.3469384],[-41.5229591,-8.3733993],[-41.4865059,-8.3681097],[-41.4935305,-8.3910331],[-41.4936676,-8.4549322]]]}},{"type":"Feature","properties":{"level":"municipio","municipality_code":"2205581","municipality_name":"Lagoa do Piauí","uf":"PI","state_code":"22","area_km2":427.841},"geometry":{"type":"Polygon","coordinates":[[[-42.6051504,-5.5150525],[-42.6457704,-5.5139729],[-42.6487973,-5.5243534],[-42.6673361,-5.5184774],[-42.6699317,-5.5303161],[-42.6948507,-5.5153509],[-42.7120458,-5.5432868],[-42.7478237,-5.5304971],[-42.7484238,-5.4242251],[-42.7266373,-5.4278466],[-42.662463,-5.391266],[-42.6314659,-5.3919424],[-42.5939183,-5.350685],[-42.5669246,-5.3666257],[-42.5574784,-5.3834125],[-42.5174614,-5.4040941],[-42.5188024,-5.4251965],[-42.4965229,-5.4582692],[-42.4710488,-5.459274],[-42.469676,-5.4802097],[-42.452643,-5.5024],[-42.459526,-5.505269],[-42.465461,-5.538903],[-42.502839,-5.55548],[-42.5727678,-5.4917348],[-42.6051504,-5.5150525]]]}},{"type":"Feature","properties":{"level":"municipio","municipality_code":"2205599","municipality_name":"Lagoa do Sítio","uf":"PI","state_code":"22","area_km2":805.018},"geometry":{"type":"Polygon","coordinates":[[[-41.5110973,-6.6082524],[-41.6905192,-6.5302939],[-41.6649685,-6.4889106],[-41.6652667,-6.460409],[-41.5747064,-6.3389606],[-41.5624857,-6.3814899],[-41.5314976,-6.3621815],[-41.5275535,-6.3757294],[-41.4466081,-6.3485093],[-41.3887854,-6.3657006],[-41.4060327,-6.4357662],[-41.3767745,-6.4984354],[-41.3145408,-6.5003029],[-41.317208,-6.525996],[-41.302396,-6.531111],[-41.29934,-6.554532],[-41.275191,-6.567045],[-41.263622,-6.606324],[-41.269879,-6.607869],[-41.264397,-6.612707],[-41.2819085,-6.6511307],[-41.4264515,-6.5658679],[-41.5084595,-6.5568846],[-41.5110973,-6.6082524]]]}},{"type":"Feature","properties":{"level":"municipio","municipality_code":"2205540","municipality_name":"Lagoinha do Piauí","uf":"PI","state_code":"22","area_km2":67.649},"geometry":{"type":"Polygon","coordinates":[[[-42.6188333,-5.7642323],[-42.6087335,-5.7298605],[-42.5989195,-5.7647707],[-42.6092929,-5.7884964],[-42.5863854,-5.8301162],[-42.6010706,-5.8534193],[-42.6594778,-5.8642843],[-42.661789,-5.8945938],[-42.6765702,-5.8966382],[-42.6434848,-5.7864082],[-42.6188333,-5.7642323]]]}},{"type":"Feature","properties":{"level":"municipio","municipality_code":"2205607","municipality_name":"Landri Sales","uf":"PI","state_code":"22","area_km2":1088.583},"geometry":{"type":"Polygon","coordinates":[[[-43.7412316,-7.311532],[-43.7843289,-7.3658639],[-43.8325811,-7.3528817],[-44.0363872,-7.4235176],[-44.1231994,-7.5005269],[-44.1343736,-7.534114],[-44.1844674,-7.4178343],[-44.0714468,-7.2687544],[-44.0908845,-7.2187829],[-44.068991,-7.199267],[-44.0379273,-7.2310414],[-43.8808293,-7.1981961],[-43.8414944,-7.1351421],[-43.7739366,-7.1391767],[-43.7792577,-7.1142536],[-43.7601181,-7.0936805],[-43.7405057,-7.1130842],[-43.684349,-7.1330779],[-43.7178893,-7.2635425],[-43.7412316,-7.311532]]]}},{"type":"Feature","properties":{"level":"municipio","municipality_code":"2205805","municipality_name":"Luzilândia","uf":"PI","state_code":"22","area_km2":705.599},"geometry":{"type":"Polygon","coordinates":[[[-42.3672439,-3.5082567],[-42.3999233,-3.4747505],[-42.3874661,-3.4475151],[-42.3558482,-3.4506558],[-42.3209179,-3.4326719],[-42.2952656,-3.4540514],[-42.2324103,-3.4284202],[-42.2017319,-3.4313407],[-42.2236839,-3.4468396],[-42.2235277,-3.5424059],[-42.2411845,-3.5837682],[-42.260537,-3.5968852],[-42.260378,-3.6394833],[-42.2967446,-3.6603791],[-42.3284885,-3.7237341],[-42.3281221,-3.7430349],[-42.3678082,-3.7676397],[-42.377265,-3.751653],[-42.399343,-3.755975],[-42.4192827,-3.7435441],[-42.426946,-3.74887],[-42.442936,-3.744516],[-42.445493,-3.759871],[-42.470826,-3.770674],[-42.4884805,-3.7573199],[-42.5181066,-3.683108],[-42.5542689,-3.6661517],[-42.5564276,-3.6420762],[-42.5403555,-3.6235513],[-42.5052375,-3.6161002],[-42.48432,-3.600683],[-42.463257,-3.606425],[-42.454,-3.624549],[-42.434092,-3.628777],[-42.385565,-3.613704],[-42.377028,-3.594591],[-42.382456,-3.53931],[-42.3672439,-3.5082567]]]}},{"type":"Feature","properties":{"level":"municipio","municipality_code":"2205706","municipality_name":"Luís Correia","uf":"PI","state_code":"22","area_km2":1074.133},"geometry":{"type":"Polygon","coordinates":[[[-41.4630579,-3.160501],[-41.4645801,-3.1248858],[-41.5980486,-3.1220261],[-41.6034135,-3.0628031],[-41.6199028,-3.0460975],[-41.6723333,-3.0112818],[-41.6971576,-3.0387085],[-41.713004,-3.0258372],[-41.7124956,-3.007176],[-41.6910982,-2.998718],[-41.6874397,-2.9801333],[-41.680147,-2.9782276],[-41.6823521,-2.9452892],[-41.6637353,-2.9270455],[-41.662904,-2.905487],[-41.670278,-2.904793],[-41.673181,-2.894028],[-41.6688455,-2.8765349],[-41.6496493,-2.8643901],[-41.629293,-2.8865149],[-41.5840787,-2.9065639],[-41.557653,-2.8973702],[-41.5103046,-2.9115412],[-41.479873,-2.895973],[-41.43624,-2.9059704],[-41.4452939,-2.9288727],[-41.4304145,-2.9456908],[-41.4450074,-2.963267],[-41.4291895,-3.0392799],[-41.4369722,-3.0446761],[-41.4408236,-3.0785562],[-41.3212178,-3.0464644],[-41.2586751,-3.0581464],[-41.2557657,-3.0875838],[-41.2850581,-3.1015073],[-41.2851365,-3.1136944],[-41.3188243,-3.1448185],[-41.3275371,-3.1599678],[-41.3224851,-3.1797928],[-41.3958586,-3.3040985],[-41.397965,-3.3275467],[-41.4143515,-3.3499391],[-41.4460423,-3.3403176],[-41.4858735,-3.3156532],[-41.483287,-3.3014809],[-41.5037473,-3.2800838],[-41.4818357,-3.2335466],[-41.5114912,-3.1857278],[-41.4630579,-3.160501]]]}},{"type":"Feature","properties":{"level":"municipio","municipality_code":"2205854","municipality_name":"Madeiro","uf":"PI","state_code":"22","area_km2":178.842},"geometry":{"type":"Polygon","coordinates":[[[-42.5502282,-3.5332774],[-42.530243,-3.5114277],[-42.5309685,-3.4890858],[-42.5092082,-3.4765933],[-42.503319,-3.4506071],[-42.4846915,-3.447283],[-42.4873256,-3.4771099],[-42.470336,-3.4837736],[-42.494899,-3.515699],[-42.474542,-3.522558],[-42.454043,-3.565222],[-42.469709,-3.572975],[-42.4803672,-3.601166],[-42.5448294,-3.6272963],[-42.5583249,-3.6487101],[-42.5542689,-3.6661517],[-42.6166829,-3.6107222],[-42.6137908,-3.589284],[-42.566451,-3.5688794],[-42.5502282,-3.5332774]]]}},{"type":"Feature","properties":{"level":"municipio","municipality_code":"2205904","municipality_name":"Manoel Emídio","uf":"PI","state_code":"22","area_km2":1620.413},"geometry":{"type":"Polygon","coordinates":[[[-44.1296843,-8.2745772],[-44.0990939,-8.0292856],[-43.8663326,-7.9759904],[-43.7928708,-7.9820956],[-43.7882571,-7.994905],[-43.7956816,-7.9994076],[-43.8003728,-8.0236152],[-43.7923471,-8.0269311],[-43.801361,-8.0315119],[-43.7960073,-8.0422045],[-43.8030153,-8.0616741],[-43.7937729,-8.0730901],[-43.8028649,-8.0761318],[-43.8101824,-8.0932733],[-43.8044669,-8.1033637],[-43.8154185,-8.1306132],[-43.8044751,-8.1388467],[-43.8115255,-8.136084],[-43.8179648,-8.1536743],[-43.8129475,-8.1603583],[-43.8189319,-8.1750739],[-43.810613,-8.1789016],[-43.8193901,-8.191044],[-43.808693,-8.1974953],[-43.8196326,-8.2234875],[-43.8135779,-8.2419646],[-43.8232477,-8.258074],[-43.8114076,-8.2771654],[-43.8231386,-8.2796207],[-43.8290217,-8.2929735],[-43.825207,-8.3150137],[-43.8791094,-8.3135719],[-43.9192857,-8.3873363],[-44.0133299,-8.4030616],[-44.1067002,-8.3694057],[-44.3835185,-8.366143],[-44.3626333,-8.2954623],[-44.1296843,-8.2745772]]]}},{"type":"Feature","properties":{"level":"municipio","municipality_code":"2205953","municipality_name":"Marcolândia","uf":"PI","state_code":"22","area_km2":136.786},"geometry":{"type":"Polygon","coordinates":[[[-40.6523232,-7.4333422],[-40.6657054,-7.4509456],[-40.7048978,-7.4587371],[-40.7149483,-7.4805684],[-40.765507,-7.47551],[-40.8043663,-7.4842371],[-40.805188,-7.434797],[-40.7497864,-7.3785763],[-40.73292,-7.348869],[-40.70915,-7.387326],[-40.6944066,-7.3926622],[-40.6523232,-7.4333422]]]}},{"type":"Feature","properties":{"level":"municipio","municipality_code":"2206001","municipality_name":"Marcos Parente","uf":"PI","state_code":"22","area_km2":677.416},"geometry":{"type":"Polygon","coordinates":[[[-44.0081172,-7.0933066],[-43.9905916,-6.9847609],[-43.984133,-6.9787786],[-43.981342,-6.9903318],[-43.935201,-6.9904517],[-43.9352273,-6.9664128],[-43.9084035,-6.9683526],[-43.8838661,-6.9503227],[-43.8685196,-6.9445081],[-43.8548991,-6.9504965],[-43.818638,-6.9335601],[-43.7242979,-6.9544182],[-43.7970963,-7.0663666],[-43.7601181,-7.0936805],[-43.7792577,-7.1142536],[-43.7739366,-7.1391767],[-43.8414944,-7.1351421],[-43.8808293,-7.1981961],[-44.0379273,-7.2310414],[-44.0483065,-7.220427],[-44.0081172,-7.0933066]]]}},{"type":"Feature","properties":{"level":"municipio","municipality_code":"2206050","municipality_name":"Massapê do Piauí","uf":"PI","state_code":"22","area_km2":530.169},"geometry":{"type":"Polygon","coordinates":[[[-41.1452972,-7.62844],[-41.1729247,-7.6092297],[-41.1951059,-7.5756712],[-41.2273458,-7.5732961],[-41.2274496,-7.5270212],[-41.2383187,-7.4846318],[-41.1890456,-7.4773858],[-41.157948,-7.4471335],[-41.1557742,-7.4275692],[-41.1063803,-7.4198401],[-41.0869367,-7.4258181],[-41.0064366,-7.4246113],[-41.017312,-7.436703],[-40.98212,-7.558198],[-40.964274,-7.575158],[-40.970091,-7.581586],[-40.965222,-7.591252],[-40.9421973,-7.5980565],[-40.9629995,-7.6130333],[-40.994065,-7.613225],[-41.0060181,-7.6348302],[-41.0641859,-7.6455689],[-41.1452972,-7.62844]]]}},{"type":"Feature","properties":{"level":"municipio","municipality_code":"2206100","municipality_name":"Matias Olímpio","uf":"PI","state_code":"22","area_km2":226.785},"geometry":{"type":"Polygon","coordinates":[[[-42.5482243,-3.8041517],[-42.5914961,-3.7583979],[-42.6561748,-3.7226046],[-42.6834797,-3.6944996],[-42.6701887,-3.6659245],[-42.623475,-3.6266688],[-42.6166829,-3.6107222],[-42.5623951,-3.6603964],[-42.5181066,-3.683108],[-42.4884805,-3.7573199],[-42.5274223,-3.7725715],[-42.5286074,-3.7864125],[-42.5482243,-3.8041517]]]}},{"type":"Feature","properties":{"level":"municipio","municipality_code":"2206209","municipality_name":"Miguel Alves","uf":"PI","state_code":"22","area_km2":1392.123},"geometry":{"type":"Polygon","coordinates":[[[-42.8121463,-4.3984803],[-42.8862604,-4.3639634],[-42.963457,-4.3539761],[-42.9643485,-4.3607162],[-42.9635249,-4.3272055],[-42.9847736,-4.2835362],[-42.986435,-4.2204805],[-42.9358417,-4.1591226],[-42.8884909,-4.1535434],[-42.9010941,-4.1181744],[-42.8697483,-4.1041016],[-42.8352505,-4.0192923],[-42.8165846,-3.9931653],[-42.7950866,-3.9932826],[-42.7906378,-3.9791172],[-42.7487653,-4.05301],[-42.7098188,-4.0888796],[-42.6904048,-4.0974755],[-42.6588553,-4.0777939],[-42.6159866,-4.2379317],[-42.5480156,-4.3450474],[-42.5569588,-4.3664027],[-42.585178,-4.395349],[-42.5816036,-4.4270521],[-42.7112997,-4.3977363],[-42.8121463,-4.3984803]]]}},{"type":"Feature","properties":{"level":"municipio","municipality_code":"2206308","municipality_name":"Miguel Leão","uf":"PI","state_code":"22","area_km2":93.412},"geometry":{"type":"Polygon","coordinates":[[[-42.7322305,-5.7204017],[-42.7669766,-5.6891795],[-42.8078807,-5.6976238],[-42.8140496,-5.6783688],[-42.734044,-5.661259],[-42.6033529,-5.7128865],[-42.6167135,-5.7583827],[-42.6225145,-5.7480277],[-42.6405594,-5.7460905],[-42.6333891,-5.7281934],[-42.6447937,-5.7351376],[-42.6509759,-5.7297524],[-42.6699325,-5.7337073],[-42.678081,-5.742748],[-42.6986373,-5.7283645],[-42.6863252,-5.7139892],[-42.6699019,-5.7172293],[-42.6728106,-5.7046904],[-42.6950781,-5.7064091],[-42.6995264,-5.7155759],[-42.7065512,-5.7088031],[-42.7060498,-5.7235071],[-42.7133902,-5.711847],[-42.7195533,-5.7359675],[-42.7198089,-5.7088082],[-42.7403951,-5.7119549],[-42.7322305,-5.7204017]]]}},{"type":"Feature","properties":{"level":"municipio","municipality_code":"2206357","municipality_name":"Milton Brandão","uf":"PI","state_code":"22","area_km2":1309.128},"geometry":{"type":"Polygon","coordinates":[[[-41.4729325,-4.8334586],[-41.5252804,-4.8282576],[-41.5432575,-4.7593013],[-41.555906,-4.7565199],[-41.5601086,-4.74498],[-41.6548144,-4.7762517],[-41.6954304,-4.7659267],[-41.7469341,-4.7029027],[-41.7767505,-4.6887617],[-41.7452631,-4.5904428],[-41.5122353,-4.5806878],[-41.293514,-4.5561317],[-41.2951705,-4.8148883],[-41.2679632,-4.8115692],[-41.2783788,-4.8534398],[-41.2892891,-4.8606293],[-41.3028876,-4.8493805],[-41.313812,-4.8679793],[-41.3548144,-4.8660508],[-41.3840138,-4.8839061],[-41.434846,-4.8611271],[-41.4509904,-4.8255098],[-41.4729325,-4.8334586]]]}},{"type":"Feature","properties":{"level":"municipio","municipality_code":"2206407","municipality_name":"Monsenhor Gil","uf":"PI","state_code":"22","area_km2":567.859},"geometry":{"type":"Polygon","coordinates":[[[-42.6219463,-5.7055011],[-42.734044,-5.661259],[-42.7349916,-5.6342811],[-42.761331,-5.6255759],[-42.7478237,-5.5304971],[-42.7120458,-5.5432868],[-42.6948507,-5.5153509],[-42.6699317,-5.5303161],[-42.6673361,-5.5184774],[-42.6487973,-5.5243534],[-42.6457704,-5.5139729],[-42.598963,-5.5152168],[-42.5727678,-5.4917348],[-42.4812192,-5.5754779],[-42.4831008,-5.6073589],[-42.4539814,-5.6175778],[-42.445093,-5.63889],[-42.452949,-5.63665],[-42.46891,-5.651054],[-42.484684,-5.643026],[-42.495688,-5.665758],[-42.524463,-5.679697],[-42.5216114,-5.7263726],[-42.5437257,-5.7246602],[-42.5599021,-5.7400945],[-42.6219463,-5.7055011]]]}},{"type":"Feature","properties":{"level":"municipio","municipality_code":"2206506","municipality_name":"Monsenhor Hipólito","uf":"PI","state_code":"22","area_km2":401.568},"geometry":{"type":"Polygon","coordinates":[[[-40.9815399,-6.9155896],[-41.001119,-7.088844],[-41.0661729,-7.069801],[-41.1049794,-7.1250303],[-41.0808568,-6.9974736],[-41.0953591,-6.7566931],[-40.981491,-6.772304],[-40.9815399,-6.9155896]]]}},{"type":"Feature","properties":{"level":"municipio","municipality_code":"2206605","municipality_name":"Monte Alegre do Piauí","uf":"PI","state_code":"22","area_km2":2417.382},"geometry":{"type":"Polygon","coordinates":[[[-45.07252,-9.806349],[-45.1086129,-9.794198],[-45.1550803,-9.8044263],[-45.1809242,-9.8009699],[-45.2506736,-9.8221922],[-45.2773552,-9.8019816],[-45.2847295,-9.808971],[-45.3058562,-9.7967854],[-45.3082267,-9.7806112],[-45.325587,-9.7731093],[-45.3319508,-9.7419622],[-45.3000056,-9.6930123],[-45.3348721,-9.6796402],[-45.1148216,-9.3305297],[-44.817755,-9.4624044],[-44.6702128,-9.553281],[-44.6586902,-9.5830365],[-44.8066192,-9.6805212],[-44.82422,-9.649697],[-44.83737,-9.65612],[-44.837851,-9.669217],[-44.848732,-9.671779],[-44.841351,-9.700846],[-44.846801,-9.727103],[-44.868595,-9.742091],[-44.863602,-9.759343],[-44.87488,-9.759123],[-44.877884,-9.778472],[-44.905668,-9.779557],[-44.903788,-9.798096],[-44.915238,-9.794547],[-44.923283,-9.802491],[-44.930065,-9.797257],[-44.957381,-9.823966],[-44.983825,-9.818215],[-44.990398,-9.809302],[-45.008081,-9.813226],[-45.009802,-9.806674],[-45.036933,-9.819339],[-45.05712,-9.809582],[-45.061502,-9.824895],[-45.06839,-9.81298],[-45.076591,-9.814333],[-45.07252,-9.806349]]]}},{"type":"Feature","properties":{"level":"municipio","municipality_code":"2206654","municipality_name":"Morro Cabeça no Tempo","uf":"PI","state_code":"22","area_km2":2207.658},"geometry":{"type":"Polygon","coordinates":[[[-43.968975,-9.979106],[-43.991814,-9.995888],[-44.012004,-9.991878],[-44.039746,-10.002784],[-44.043926,-10.024876],[-44.0607631,-10.0163659],[-44.0879866,-10.0504547],[-44.111213,-10.0250442],[-44.119464,-10.0279781],[-44.1115741,-9.9500084],[-44.1255685,-9.9501031],[-44.1315333,-9.9357153],[-44.0958989,-9.8866956],[-44.1489249,-9.8333947],[-44.120982,-9.825864],[-44.1062617,-9.8108478],[-44.118988,-9.7853672],[-44.1138996,-9.7358614],[-44.1879534,-9.6594397],[-43.7861763,-9.4576461],[-43.818433,-9.4942419],[-43.8513509,-9.5521292],[-43.8426512,-9.6126698],[-43.833978,-9.6179297],[-43.8419522,-9.6374276],[-43.7972603,-9.6964973],[-43.7976627,-9.7276804],[-43.7849218,-9.762385],[-43.7214276,-9.7933571],[-43.7178178,-9.8024218],[-43.693461,-9.8052577],[-43.653245,-9.8390553],[-43.6774485,-9.8865278],[-43.6946225,-9.8912518],[-43.7090353,-9.9132195],[-43.690454,-9.9294992],[-43.7029527,-9.9661125],[-43.6624506,-9.9979874],[-43.6684643,-10.0281498],[-43.6902815,-10.0446351],[-43.6927049,-10.0594053],[-43.725761,-10.050699],[-43.751623,-10.027558],[-43.769066,-10.023984],[-43.809408,-10.034548],[-43.839466,-10.033412],[-43.8823477,-10.0520557],[-43.88202,-10.0576313],[-43.9188105,-10.0654263],[-43.95764,-10.028543],[-43.968975,-9.979106]]]}},{"type":"Feature","properties":{"level":"municipio","municipality_code":"2206670","municipality_name":"Morro do Chapéu do Piauí","uf":"PI","state_code":"22","area_km2":328.408},"geometry":{"type":"Polygon","coordinates":[[[-42.3284885,-3.7237341],[-42.2967446,-3.6603791],[-42.260378,-3.6394833],[-42.2591788,-3.5959725],[-42.222708,-3.605982],[-42.206174,-3.594018],[-42.1914004,-3.5536649],[-42.154109,-3.58851],[-42.178283,-3.686734],[-42.208761,-3.694603],[-42.190597,-3.723305],[-42.209207,-3.737364],[-42.206862,-3.75219],[-42.228308,-3.764102],[-42.247696,-3.764283],[-42.257078,-3.784439],[-42.293085,-3.7857171],[-42.3467213,-3.8374053],[-42.3930165,-3.8326779],[-42.3870618,-3.7817846],[-42.3281221,-3.7430349],[-42.3284885,-3.7237341]]]}},{"type":"Feature","properties":{"level":"municipio","municipality_code":"2206696","municipality_name":"Murici dos Portelas","uf":"PI","state_code":"22","area_km2":475.72},"geometry":{"type":"Polygon","coordinates":[[[-42.050465,-3.448627],[-42.0794106,-3.4509443],[-42.0972969,-3.4401259],[-42.0635618,-3.3954003],[-42.1257977,-3.3464177],[-42.126306,-3.3142713],[-42.1019826,-3.3182209],[-42.0959904,-3.299802],[-42.0995371,-3.2924536],[-42.1250904,-3.2886449],[-42.1291204,-3.2733419],[-42.1106632,-3.2617999],[-42.0689723,-3.2643565],[-42.0409858,-3.2471206],[-42.0127758,-3.2480714],[-41.9797928,-3.2159702],[-41.9588503,-3.2321657],[-41.929218,-3.2353872],[-41.9040242,-3.3168055],[-41.9323179,-3.2991713],[-41.9274564,-3.3264227],[-42.0043411,-3.33809],[-41.9776266,-3.3625846],[-41.9559994,-3.3623103],[-41.945583,-3.3760518],[-41.9513718,-3.397903],[-41.9384607,-3.3965698],[-41.9158821,-3.4123248],[-41.9079224,-3.4539554],[-41.9255425,-3.4677159],[-41.9556896,-3.4501034],[-41.9764466,-3.4503073],[-41.9746592,-3.5064312],[-41.9800626,-3.5077684],[-42.021965,-3.504021],[-42.053874,-3.490429],[-42.044476,-3.473839],[-42.050465,-3.448627]]]}},{"type":"Feature","properties":{"level":"municipio","municipality_code":"2206704","municipality_name":"Nazaré do Piauí","uf":"PI","state_code":"22","area_km2":1315.841},"geometry":{"type":"Polygon","coordinates":[[[-42.7932752,-6.7745685],[-42.665873,-6.8521909],[-42.6233856,-6.7979325],[-42.606457,-6.8085819],[-42.6040895,-6.8371914],[-42.5922756,-6.8480867],[-42.5848808,-6.8455001],[-42.5666005,-6.8691298],[-42.6011051,-6.9680462],[-42.6254165,-6.9975332],[-42.6437823,-6.9859714],[-42.6549751,-7.0944851],[-42.6377791,-7.1586502],[-42.6622888,-7.2024887],[-42.6044686,-7.3797723],[-42.6228615,-7.3526758],[-42.6599815,-7.3521493],[-42.6747254,-7.3101859],[-42.6977823,-7.2922537],[-42.6883722,-7.2633995],[-42.7059838,-7.192158],[-42.7262473,-7.1913564],[-42.7850157,-7.2950855],[-42.8155394,-7.2797518],[-42.852428,-7.2146163],[-42.9306079,-7.1930033],[-42.9446021,-7.1334137],[-42.7988718,-6.9151583],[-42.7932752,-6.7745685]]]}},{"type":"Feature","properties":{"level":"municipio","municipality_code":"2206720","municipality_name":"Nazária","uf":"PI","state_code":"22","area_km2":362.376},"geometry":{"type":"Polygon","coordinates":[[[-42.8836745,-5.3912581],[-42.8645688,-5.3687339],[-42.8253096,-5.3463631],[-42.8141491,-5.3165575],[-42.7624554,-5.3370887],[-42.7532734,-5.3524496],[-42.7735796,-5.4472662],[-42.8110373,-5.4977976],[-42.8512507,-5.4908742],[-42.847025,-5.525263],[-42.8926948,-5.5262403],[-42.9100611,-5.5425359],[-42.9433536,-5.5355189],[-42.9706666,-5.5617031],[-42.9866646,-5.5583225],[-43.0042214,-5.542679],[-43.0002634,-5.519285],[-42.9740668,-5.4859637],[-42.9683554,-5.4535238],[-42.9287611,-5.4374778],[-42.9079598,-5.393204],[-42.8836745,-5.3912581]]]}},{"type":"Feature","properties":{"level":"municipio","municipality_code":"2206753","municipality_name":"Nossa Senhora de Nazaré","uf":"PI","state_code":"22","area_km2":356.872},"geometry":{"type":"Polygon","coordinates":[[[-42.1322954,-4.6017352],[-42.0854654,-4.6063608],[-42.0724361,-4.6343538],[-42.05086,-4.652758],[-42.077459,-4.67233],[-42.088251,-4.709507],[-42.103111,-4.724985],[-42.146709,-4.699787],[-42.144221,-4.721276],[-42.160423,-4.726751],[-42.186359,-4.7060005],[-42.1914025,-4.7235374],[-42.205267,-4.72646],[-42.21783,-4.702959],[-42.2170948,-4.6722272],[-42.2257129,-4.6653835],[-42.2458805,-4.6666472],[-42.244974,-4.653013],[-42.271386,-4.652998],[-42.252254,-4.692822],[-42.2573797,-4.7436023],[-42.282847,-4.746094],[-42.292616,-4.729961],[-42.317162,-4.7275501],[-42.2822804,-4.6789622],[-42.2797226,-4.5941156],[-42.2590327,-4.5696735],[-42.2775815,-4.5489845],[-42.2508538,-4.5351945],[-42.2458758,-4.5514703],[-42.2164809,-4.5441548],[-42.2100198,-4.5563941],[-42.1955806,-4.5499617],[-42.1886753,-4.5603058],[-42.174876,-4.559528],[-42.147344,-4.527435],[-42.145553,-4.571358],[-42.174567,-4.566479],[-42.180564,-4.583216],[-42.174326,-4.603186],[-42.1462755,-4.6031543],[-42.1461662,-4.5903166],[-42.1367295,-4.5903109],[-42.1322954,-4.6017352]]]}},{"type":"Feature","properties":{"level":"municipio","municipality_code":"2206803","municipality_name":"Nossa Senhora dos Remédios","uf":"PI","state_code":"22","area_km2":357.896},"geometry":{"type":"Polygon","coordinates":[[[-42.621381,-4.1270233],[-42.6466742,-4.1308914],[-42.6588553,-4.0777939],[-42.6840126,-4.0934879],[-42.6911998,-4.0877539],[-42.6894158,-4.0758248],[-42.7011683,-4.069552],[-42.6875812,-4.0390874],[-42.6962551,-3.9847027],[-42.6258204,-3.9272415],[-42.6227538,-3.903893],[-42.6126458,-3.8975006],[-42.5332112,-3.9656998],[-42.5257852,-4.0184803],[-42.5046399,-4.0548738],[-42.5206027,-4.0638505],[-42.5369169,-4.1026214],[-42.556083,-4.104678],[-42.5939363,-4.1351166],[-42.621381,-4.1270233]]]}},{"type":"Feature","properties":{"level":"municipio","municipality_code":"2207959","municipality_name":"Nova Santa Rita","uf":"PI","state_code":"22","area_km2":909.734},"geometry":{"type":"Polygon","coordinates":[[[-41.9874926,-8.295468],[-42.0530178,-8.2730002],[-42.1426876,-8.1952982],[-42.1786105,-8.1981467],[-42.1856922,-8.1896012],[-42.1592552,-8.135441],[-42.1650328,-8.0957984],[-42.1451063,-8.0490838],[-42.1477381,-8.032917],[-42.1638989,-8.0236928],[-42.1633888,-8.005984],[-42.1336824,-7.9885259],[-42.1283137,-7.9585272],[-42.1108421,-7.9714036],[-42.0958016,-7.9499376],[-42.0563637,-7.9744464],[-42.0217791,-7.9365407],[-42.0318658,-7.9753979],[-41.994167,-7.986576],[-41.94821,-8.0130738],[-41.9024857,-8.0135908],[-41.8565474,-8.0655049],[-41.8596597,-8.1138086],[-41.8399589,-8.1187653],[-41.8916663,-8.134445],[-41.9240684,-8.2566951],[-41.9874926,-8.295468]]]}},{"type":"Feature","properties":{"level":"municipio","municipality_code":"2206902","municipality_name":"Novo Oriente do Piauí","uf":"PI","state_code":"22","area_km2":525.906},"geometry":{"type":"Polygon","coordinates":[[[-41.8984382,-6.4107655],[-41.8935141,-6.5407573],[-41.9179535,-6.5328063],[-41.8792503,-6.5734093],[-41.8765198,-6.5882724],[-41.8610479,-6.6047602],[-41.8655237,-6.6120787],[-41.8881564,-6.6084309],[-41.9276249,-6.6443876],[-41.9981581,-6.6170038],[-42.0647975,-6.6380252],[-42.1225046,-6.6442808],[-42.1137587,-6.6333164],[-42.0871657,-6.6365021],[-42.0816719,-6.6106833],[-42.0572551,-6.6022524],[-42.0610673,-6.5268942],[-42.0369699,-6.5112391],[-42.0485576,-6.5095766],[-42.0512545,-6.4958343],[-42.0137507,-6.474443],[-42.013743,-6.4438928],[-42.0672327,-6.4452925],[-42.0865296,-6.4689149],[-42.0932206,-6.4572054],[-42.0370801,-6.3901189],[-42.0158375,-6.3106544],[-41.8984382,-6.4107655]]]}},{"type":"Feature","properties":{"level":"municipio","municipality_code":"2206951","municipality_name":"Novo Santo Antônio","uf":"PI","state_code":"22","area_km2":443.872},"geometry":{"type":"Polygon","coordinates":[[[-41.7989964,-5.3216932],[-41.8336599,-5.3277696],[-41.838407,-5.3401036],[-41.8501288,-5.3382862],[-41.8599786,-5.3597956],[-41.87908,-5.360366],[-41.888494,-5.377789],[-41.926062,-5.381301],[-41.938346,-5.389289],[-41.944106,-5.406696],[-41.9622689,-5.3892418],[-41.9787541,-5.3963924],[-41.9901371,-5.3882012],[-42.0042761,-5.3571708],[-42.0022619,-5.3460398],[-42.0261556,-5.3496505],[-42.0349849,-5.3378771],[-42.0301524,-5.3070884],[-41.9930756,-5.2870543],[-41.997535,-5.2757646],[-42.015035,-5.2674039],[-42.0005899,-5.2401516],[-42.0201209,-5.2336341],[-41.9988938,-5.200387],[-41.9947478,-5.1678803],[-41.8008076,-5.1941453],[-41.8395249,-5.250107],[-41.8379152,-5.2616899],[-41.8506661,-5.2796471],[-41.7993752,-5.3042274],[-41.7989964,-5.3216932]]]}},{"type":"Feature","properties":{"level":"municipio","municipality_code":"2207009","municipality_name":"Oeiras","uf":"PI","state_code":"22","area_km2":2703.138},"geometry":{"type":"Polygon","coordinates":[[[-42.1615007,-7.1097886],[-42.177549,-7.107083],[-42.209918,-7.132318],[-42.231337,-7.138228],[-42.249515,-7.170683],[-42.2655066,-7.1767778],[-42.276959,-7.171589],[-42.289809,-7.17995],[-42.296539,-7.174705],[-42.310236,-7.2232642],[-42.403838,-7.1698181],[-42.4117243,-7.142797],[-42.4066756,-7.0963304],[-42.4164688,-7.0551823],[-42.4207963,-6.9671515],[-42.6254165,-6.9975332],[-42.6011051,-6.9680462],[-42.5666005,-6.8691298],[-42.5411582,-6.8627895],[-42.501815,-6.880658],[-42.493074,-6.877229],[-42.469743,-6.894653],[-42.473732,-6.905004],[-42.4493735,-6.9095434],[-42.4329973,-6.9016049],[-42.393316,-6.831486],[-42.369465,-6.822174],[-42.3599612,-6.8054124],[-42.3590044,-6.818646],[-42.3317741,-6.8346701],[-42.3169069,-6.8294333],[-42.3107614,-6.8410116],[-42.3010625,-6.824803],[-42.2890253,-6.8347078],[-42.2905828,-6.8784963],[-42.2572385,-6.8644058],[-42.2372912,-6.8696745],[-42.2405015,-6.9033974],[-42.2057595,-6.9223254],[-42.2040079,-6.9093832],[-42.1763878,-6.8997253],[-42.1725482,-6.8742174],[-42.1536258,-6.8654514],[-42.160832,-6.8535556],[-42.1370656,-6.8506176],[-42.1150586,-6.8320801],[-42.1261235,-6.8108174],[-42.111396,-6.795504],[-42.111458,-6.754843],[-42.132353,-6.744608],[-42.139714,-6.727308],[-42.1461683,-6.642547],[-42.0647975,-6.6380252],[-41.9981581,-6.6170038],[-41.9218988,-6.6466095],[-41.9328768,-6.6700263],[-41.9166799,-6.7401977],[-41.9162088,-6.8301927],[-41.9292244,-6.8301658],[-41.9359856,-6.8433933],[-41.963354,-6.8599946],[-41.9650503,-6.8811009],[-41.991122,-6.919467],[-41.9902439,-6.9458827],[-42.002561,-6.951755],[-41.963739,-6.989662],[-41.9731909,-7.0142139],[-41.8778717,-7.0266106],[-41.898129,-7.051522],[-41.9183938,-7.0626149],[-41.899668,-7.1243438],[-41.9199031,-7.1853676],[-41.9462181,-7.2218921],[-42.005567,-7.2487669],[-41.9920158,-7.2659392],[-42.0219897,-7.3018679],[-42.0519127,-7.3184794],[-42.0963671,-7.1545543],[-42.1615007,-7.1097886]]]}},{"type":"Feature","properties":{"level":"municipio","municipality_code":"2207108","municipality_name":"Olho D'Água do Piauí","uf":"PI","state_code":"22","area_km2":183.603},"geometry":{"type":"Polygon","coordinates":[[[-42.58589,-5.903171],[-42.613552,-5.88806],[-42.5863854,-5.8301162],[-42.6092929,-5.7884964],[-42.5989195,-5.7647707],[-42.6087335,-5.7298605],[-42.6033529,-5.7128865],[-42.5721011,-5.7360791],[-42.5755803,-5.7668245],[-42.5392356,-5.7992076],[-42.5478448,-5.8159639],[-42.5452052,-5.8422119],[-42.4857796,-5.8712732],[-42.464266,-5.897235],[-42.462883,-5.909571],[-42.4896947,-5.9366835],[-42.5478247,-5.943798],[-42.5480895,-5.9330418],[-42.5846819,-5.9203317],[-42.58589,-5.903171]]]}},{"type":"Feature","properties":{"level":"municipio","municipality_code":"2207207","municipality_name":"Padre Marcos","uf":"PI","state_code":"22","area_km2":278.696},"geometry":{"type":"Polygon","coordinates":[[[-40.930357,-7.354366],[-40.9710577,-7.3200766],[-40.9722345,-7.3052955],[-40.8727071,-7.2617031],[-40.8482675,-7.2853467],[-40.8480583,-7.3467321],[-40.7966174,-7.3912444],[-40.8043663,-7.4842371],[-40.871002,-7.447915],[-40.88844,-7.458504],[-40.903539,-7.487158],[-40.935511,-7.496457],[-40.9221742,-7.4651253],[-40.941471,-7.3591105],[-40.930357,-7.354366]]]}},{"type":"Feature","properties":{"level":"municipio","municipality_code":"2207306","municipality_name":"Paes Landim","uf":"PI","state_code":"22","area_km2":401.378},"geometry":{"type":"Polygon","coordinates":[[[-42.1909537,-7.786329],[-42.2280299,-7.8850284],[-42.2152045,-7.8944898],[-42.2299269,-7.9083781],[-42.2635212,-7.9095697],[-42.2825819,-7.9295151],[-42.3313998,-7.9517928],[-42.3382119,-7.9489489],[-42.3576186,-7.8110392],[-42.4158126,-7.757153],[-42.3931845,-7.7510847],[-42.3553759,-7.7239717],[-42.1892183,-7.7224154],[-42.160947,-7.7469106],[-42.1909537,-7.786329]]]}},{"type":"Feature","properties":{"level":"municipio","municipality_code":"2207355","municipality_name":"Pajeú do Piauí","uf":"PI","state_code":"22","area_km2":986.961},"geometry":{"type":"Polygon","coordinates":[[[-42.9359609,-8.0628599],[-42.9658335,-8.0457986],[-42.9953354,-7.9829894],[-43.0410966,-7.943614],[-43.0631065,-7.9348289],[-43.059326,-7.9106864],[-42.8984924,-7.8841396],[-42.8033332,-7.6492752],[-42.6863083,-7.7789819],[-42.7118945,-8.0198938],[-42.7332211,-8.0168482],[-42.7562124,-8.040927],[-42.7861139,-8.0456087],[-42.8498005,-8.0779875],[-42.9359609,-8.0628599]]]}},{"type":"Feature","properties":{"level":"municipio","municipality_code":"2207405","municipality_name":"Palmeira do Piauí","uf":"PI","state_code":"22","area_km2":2024.035},"geometry":{"type":"Polygon","coordinates":[[[-44.842060553611596,-8.265084514719911],[-44.2054739,-8.5536913],[-44.2085331,-8.627144],[-44.0280447,-8.6107446],[-44.0195386,-8.6230363],[-44.0316628,-8.6267185],[-44.029942,-8.6333789],[-44.0369936,-8.6344105],[-44.032202,-8.6395873],[-44.0412679,-8.6417352],[-44.0384102,-8.6477173],[-44.0466655,-8.6512748],[-44.0401425,-8.6532922],[-44.0490656,-8.6619689],[-44.073548,-8.6635544],[-44.1174573,-8.6986592],[-44.1277449,-8.6940564],[-44.1389364,-8.6999814],[-44.1558542,-8.7473856],[-44.1866711,-8.7605547],[-44.1917938,-8.7730368],[-44.2024095,-8.7709732],[-44.2392442,-8.7987274],[-44.3049715,-8.7992686],[-44.72769,-8.5321109],[-44.8288051,-8.4255973],[-44.8138086,-8.3798014],[-44.8191277,-8.3385433],[-44.8443544,-8.3098281],[-44.842060553611596,-8.265084514719911]]]}},{"type":"Feature","properties":{"level":"municipio","municipality_code":"2207504","municipality_name":"Palmeirais","uf":"PI","state_code":"22","area_km2":1493.764},"geometry":{"type":"Polygon","coordinates":[[[-43.0549908,-5.9855759],[-43.0708227,-5.9775573],[-43.0842113,-5.9573401],[-43.0869477,-5.9191393],[-43.0995004,-5.9046116],[-43.0749272,-5.8677147],[-43.096525,-5.8297994],[-43.090417,-5.8078268],[-43.1011671,-5.7586283],[-43.0941626,-5.7422411],[-43.079814,-5.7420416],[-43.0758068,-5.7311104],[-43.0885602,-5.671597],[-43.0804488,-5.6440748],[-43.0977182,-5.6219772],[-43.0819956,-5.5995129],[-43.0332174,-5.5920741],[-43.0244021,-5.5617437],[-43.0042214,-5.542679],[-42.9866646,-5.5583225],[-42.9551062,-5.5673242],[-42.9145614,-5.6260184],[-42.97165,-5.62853],[-42.953072,-5.652152],[-42.9754805,-5.6827061],[-42.9364345,-5.7044666],[-42.941503,-5.7200688],[-42.8537914,-5.8482501],[-42.8513163,-5.8701239],[-42.7774901,-5.8474465],[-42.7443777,-5.8498391],[-42.7765442,-5.9585454],[-42.811368,-5.9941887],[-42.820139,-5.991745],[-42.7917483,-6.0684155],[-42.7933801,-6.1001214],[-42.9784213,-6.1385145],[-42.9962208,-6.1155616],[-43.0464484,-6.1054941],[-43.0745852,-6.0574224],[-43.0750353,-6.0400066],[-43.0492249,-6.0139317],[-43.0549908,-5.9855759]]]}},{"type":"Feature","properties":{"level":"municipio","municipality_code":"2207553","municipality_name":"Paquetá","uf":"PI","state_code":"22","area_km2":432.572},"geometry":{"type":"Polygon","coordinates":[[[-41.6984381,-7.207968],[-41.7291901,-7.1897979],[-41.7266043,-7.1659325],[-41.7491833,-7.1528335],[-41.7649205,-7.1069148],[-41.8155098,-7.0660484],[-41.7784407,-7.0366687],[-41.729976,-7.019299],[-41.7158487,-6.9998099],[-41.6615957,-7.0310946],[-41.58478,-7.033123],[-41.5914326,-7.0753467],[-41.580034,-7.098368],[-41.5991315,-7.1010098],[-41.6347278,-7.1729153],[-41.6154539,-7.2042021],[-41.6096804,-7.2313034],[-41.6503339,-7.2392058],[-41.6574106,-7.2743916],[-41.6480902,-7.2930184],[-41.6892027,-7.3083433],[-41.7098819,-7.3256728],[-41.7213196,-7.2991706],[-41.6984381,-7.207968]]]}},{"type":"Feature","properties":{"level":"municipio","municipality_code":"2207603","municipality_name":"Parnaguá","uf":"PI","state_code":"22","area_km2":3428.811},"geometry":{"type":"Polygon","coordinates":[[[-44.3055693,-10.3033207],[-44.2859637,-10.3275587],[-44.347564,-10.4723861],[-44.3443787,-10.5496667],[-44.3980737,-10.6058781],[-44.4236485,-10.6132668],[-44.4563111,-10.6080997],[-44.4803595,-10.6415203],[-44.5186524,-10.6508923],[-44.5468098,-10.6301286],[-44.5777794,-10.6267688],[-44.618476,-10.6710671],[-44.6642103,-10.6798476],[-44.6667763,-10.7588804],[-44.7199843,-10.6777852],[-44.7696141,-10.5660944],[-44.7083107,-10.5081806],[-44.8060645,-10.4288577],[-44.80013,-10.423308],[-44.808372,-10.410706],[-44.79958,-10.40615],[-44.8314132,-10.3405503],[-44.7943681,-10.3281698],[-44.7961948,-10.2107502],[-44.7774782,-10.1439757],[-44.818976,-10.0087563],[-44.7718274,-10.0115313],[-44.7299646,-10.046704],[-44.7056027,-10.0480885],[-44.6790805,-10.0654372],[-44.6577041,-10.0674409],[-44.640077,-10.030994],[-44.617221,-10.019158],[-44.637327,-9.986031],[-44.632366,-9.978745],[-44.61339,-9.981495],[-44.612787,-9.963945],[-44.587174,-9.934885],[-44.586663,-9.9198],[-44.60137,-9.909218],[-44.599531,-9.887013],[-44.5753871,-9.8633862],[-44.5536907,-9.9028261],[-44.526386,-9.904694],[-44.486062,-9.924358],[-44.489425,-9.954939],[-44.441376,-9.978264],[-44.448425,-9.989916],[-44.4425047,-10.0115562],[-44.4108392,-10.0497349],[-44.4214116,-10.1026804],[-44.3926531,-10.1129139],[-44.392601,-10.1408138],[-44.362729,-10.1683974],[-44.3639886,-10.2166386],[-44.3352015,-10.2390056],[-44.3095538,-10.2752806],[-44.3055693,-10.3033207]]]}},{"type":"Feature","properties":{"level":"municipio","municipality_code":"2207702","municipality_name":"Parnaíba","uf":"PI","state_code":"22","area_km2":436.907},"geometry":{"type":"Polygon","coordinates":[[[-41.673181,-2.894028],[-41.6637353,-2.9270455],[-41.6833333,-2.9474329],[-41.680147,-2.9782276],[-41.6874397,-2.9801333],[-41.6910982,-2.998718],[-41.7066654,-2.9999336],[-41.7131814,-3.0090646],[-41.713004,-3.0258372],[-41.6971576,-3.0387085],[-41.7715461,-3.1206655],[-41.869079,-3.0602843],[-41.8228453,-3.0179417],[-41.7963094,-2.9595642],[-41.8062776,-2.9383366],[-41.8344231,-2.9156446],[-41.8108853,-2.8976314],[-41.8156051,-2.8835044],[-41.7854113,-2.8731219],[-41.7758029,-2.8535476],[-41.7554804,-2.8423612],[-41.7849239,-2.7698743],[-41.7818051,-2.7583058],[-41.7514279,-2.8006402],[-41.7361106,-2.8088529],[-41.7288641,-2.8032042],[-41.6807213,-2.847637],[-41.6515109,-2.8614624],[-41.654414,-2.872032],[-41.6700196,-2.8778289],[-41.673181,-2.894028]]]}},{"type":"Feature","properties":{"level":"municipio","municipality_code":"2207751","municipality_name":"Passagem Franca do Piauí","uf":"PI","state_code":"22","area_km2":643.226},"geometry":{"type":"Polygon","coordinates":[[[-42.4409966,-5.8689434],[-42.4569775,-5.8539715],[-42.4571434,-5.8295955],[-42.4423306,-5.8001317],[-42.4424626,-5.7707605],[-42.4492784,-5.759946],[-42.5048867,-5.7518106],[-42.5247285,-5.7358761],[-42.527428,-5.704906],[-42.524621,-5.679884],[-42.495688,-5.665758],[-42.485562,-5.643644],[-42.46891,-5.651054],[-42.452949,-5.63665],[-42.445093,-5.63889],[-42.4405939,-5.669624],[-42.4085531,-5.6770339],[-42.4045946,-5.7023741],[-42.3795608,-5.7228372],[-42.3247648,-5.7311244],[-42.330085,-5.764069],[-42.346249,-5.77297],[-42.352411,-5.790853],[-42.338498,-5.81345],[-42.343366,-5.82085],[-42.311433,-5.840064],[-42.3695658,-5.9113221],[-42.37213,-5.9416082],[-42.3914453,-5.9738836],[-42.3033592,-6.0363708],[-42.3137908,-6.0706325],[-42.3548714,-6.0694794],[-42.3926038,-6.1076183],[-42.3707946,-6.1364303],[-42.385817,-6.155297],[-42.418201,-6.109007],[-42.435574,-6.033637],[-42.500059,-5.977304],[-42.501514,-5.942907],[-42.49233,-5.941933],[-42.463248,-5.910347],[-42.466613,-5.894274],[-42.451788,-5.871323],[-42.4409966,-5.8689434]]]}},{"type":"Feature","properties":{"level":"municipio","municipality_code":"2207777","municipality_name":"Patos do Piauí","uf":"PI","state_code":"22","area_km2":801.403},"geometry":{"type":"Polygon","coordinates":[[[-41.1570125,-7.6202939],[-41.0641859,-7.6455689],[-41.0675736,-7.6745888],[-41.097872,-7.7157537],[-41.09947,-7.7385733],[-41.1248472,-7.74099],[-41.1502923,-7.7607394],[-41.1884212,-7.7457804],[-41.1817943,-7.7383028],[-41.1992367,-7.7324353],[-41.2042856,-7.7186232],[-41.2299858,-7.7355118],[-41.2569544,-7.7270316],[-41.3110536,-7.7341469],[-41.3194789,-7.7919503],[-41.3784916,-7.8132703],[-41.4101473,-7.8040567],[-41.4299993,-7.7867939],[-41.458144,-7.7821851],[-41.4774956,-7.7501194],[-41.4695397,-7.6978141],[-41.4582721,-7.6955482],[-41.4308785,-7.6214434],[-41.3857138,-7.5566472],[-41.3989758,-7.5505633],[-41.3789081,-7.5155888],[-41.34168,-7.527103],[-41.326273,-7.541711],[-41.29935,-7.541427],[-41.292709,-7.550716],[-41.297605,-7.574826],[-41.277049,-7.578991],[-41.277789,-7.599058],[-41.2666815,-7.6131796],[-41.2403274,-7.5951343],[-41.2273458,-7.5732961],[-41.1951059,-7.5756712],[-41.1570125,-7.6202939]]]}},{"type":"Feature","properties":{"level":"municipio","municipality_code":"2207793","municipality_name":"Pau D'Arco do Piauí","uf":"PI","state_code":"22","area_km2":430.023},"geometry":{"type":"Polygon","coordinates":[[[-42.35111,-5.185317],[-42.326535,-5.297295],[-42.3600682,-5.3174321],[-42.3943155,-5.3184672],[-42.4106845,-5.3030601],[-42.4510417,-5.3102427],[-42.4620599,-5.3007595],[-42.4921402,-5.3192037],[-42.4925745,-5.3072186],[-42.5021984,-5.3090731],[-42.5079717,-5.2979082],[-42.5362707,-5.3086347],[-42.5425958,-5.3019435],[-42.5493874,-5.31368],[-42.5605976,-5.3063819],[-42.5669428,-5.3155181],[-42.5845796,-5.3158085],[-42.5873264,-5.3367708],[-42.5989128,-5.3495568],[-42.5989727,-5.1943124],[-42.5794352,-5.1691094],[-42.4786237,-5.1688029],[-42.465413,-5.20206],[-42.445992,-5.21489],[-42.42906,-5.188848],[-42.3968,-5.173681],[-42.3792125,-5.1525107],[-42.35111,-5.185317]]]}},{"type":"Feature","properties":{"level":"municipio","municipality_code":"2207801","municipality_name":"Paulistana","uf":"PI","state_code":"22","area_km2":1941.111},"geometry":{"type":"Polygon","coordinates":[[[-41.2263898,-8.0111549],[-41.1610916,-8.0187742],[-41.1424432,-7.9765661],[-41.1131431,-7.9797276],[-41.0769367,-7.9384364],[-41.0601537,-7.944216],[-41.0435344,-7.9330848],[-41.031046,-7.9177168],[-41.0432615,-7.8965425],[-41.0496857,-7.8985914],[-41.0482764,-7.8858928],[-41.0356173,-7.8770252],[-41.0368593,-7.8638722],[-41.0167785,-7.8512482],[-40.9918791,-7.865466],[-40.9589979,-7.8480117],[-40.9409708,-7.8797784],[-40.9084812,-7.9033975],[-40.8550686,-7.9226192],[-40.8519705,-7.9407242],[-40.7936514,-7.9798481],[-40.7653243,-7.9848344],[-40.7056579,-8.025456],[-40.8009359,-8.0246318],[-40.8652943,-8.0496695],[-40.8579277,-8.0728507],[-40.8738751,-8.0928916],[-40.9036379,-8.0767736],[-40.9289661,-8.0974114],[-40.958613,-8.088283],[-40.96336,-8.102434],[-40.943386,-8.122235],[-40.9779008,-8.1377317],[-40.9850432,-8.1186196],[-41.0140069,-8.1197525],[-41.0277992,-8.1357121],[-41.0472991,-8.1360317],[-41.0937104,-8.2002077],[-41.180645,-8.2683736],[-41.1780963,-8.2877172],[-41.1631965,-8.2967356],[-41.1603864,-8.3213726],[-41.1424804,-8.3401934],[-41.1779446,-8.3402852],[-41.1800568,-8.3556814],[-41.1982895,-8.358034],[-41.1963944,-8.382475],[-41.2359392,-8.4092926],[-41.2393552,-8.3873643],[-41.2529089,-8.3848298],[-41.2554433,-8.3696233],[-41.2687766,-8.3764552],[-41.2672339,-8.3647748],[-41.2907049,-8.3489071],[-41.3417241,-8.3441688],[-41.3449844,-8.3320409],[-41.39151,-8.3339713],[-41.4020323,-8.3018104],[-41.4170466,-8.2964425],[-41.418412,-8.287939],[-41.408853,-8.277664],[-41.3996,-8.28009],[-41.404926,-8.268242],[-41.373327,-8.246735],[-41.370901,-8.21356],[-41.380842,-8.219483],[-41.3992016,-8.2011791],[-41.4442276,-8.1917459],[-41.4525685,-8.179857],[-41.477034,-8.1719082],[-41.4365464,-8.124647],[-41.4545054,-8.0957636],[-41.4258974,-8.1056999],[-41.3947281,-8.0966033],[-41.3810227,-8.0821539],[-41.3852795,-8.052848],[-41.3680782,-8.0364579],[-41.3472261,-8.0363217],[-41.3093177,-8.0188272],[-41.2681502,-8.0217833],[-41.2263898,-8.0111549]]]}},{"type":"Feature","properties":{"level":"municipio","municipality_code":"2207850","municipality_name":"Pavussu","uf":"PI","state_code":"22","area_km2":1090.697},"geometry":{"type":"Polygon","coordinates":[[[-43.1727697,-7.8563439],[-43.1075605,-7.90466],[-43.1377087,-7.9369022],[-43.1262444,-7.9692768],[-43.3209247,-8.0788274],[-43.4125613,-8.0386447],[-43.4922693,-8.1205739],[-43.4930398,-8.0641312],[-43.5375008,-7.9227008],[-43.2863401,-7.6956752],[-43.2367232,-7.8694082],[-43.1998197,-7.8672888],[-43.1727697,-7.8563439]]]}},{"type":"Feature","properties":{"level":"municipio","municipality_code":"2207900","municipality_name":"Pedro II","uf":"PI","state_code":"22","area_km2":1544.409},"geometry":{"type":"Polygon","coordinates":[[[-41.4858008,-4.5777212],[-41.7452631,-4.5904428],[-41.7302519,-4.5472891],[-41.6386994,-4.4632026],[-41.6054462,-4.4043287],[-41.5898268,-4.406436],[-41.5876108,-4.4165155],[-41.5479479,-4.4041994],[-41.5274789,-4.4109423],[-41.5108573,-4.4002684],[-41.5005582,-4.3818775],[-41.5062627,-4.3755328],[-41.5013261,-4.3578782],[-41.5129633,-4.3316144],[-41.5301897,-4.3316761],[-41.536798,-4.3210484],[-41.5416973,-4.3288271],[-41.562552,-4.3149924],[-41.5250229,-4.2566704],[-41.4949566,-4.2745128],[-41.487642,-4.3036767],[-41.4770457,-4.3138174],[-41.4781452,-4.3038782],[-41.4532409,-4.3013241],[-41.4153036,-4.3109592],[-41.4275358,-4.3211112],[-41.3876733,-4.4325468],[-41.3806678,-4.4334922],[-41.3629589,-4.3384037],[-41.240471,-4.3756972],[-41.2290426,-4.3404185],[-41.1194347,-4.3242551],[-41.1600114,-4.3814973],[-41.1596905,-4.410555],[-41.1771347,-4.4412669],[-41.190776,-4.515529],[-41.2215341,-4.567473],[-41.2422642,-4.5699284],[-41.2212151,-4.5789362],[-41.2334115,-4.6087651],[-41.2293307,-4.620095],[-41.1738526,-4.6669429],[-41.2503381,-4.7566274],[-41.2080154,-4.7767684],[-41.2332387,-4.8101222],[-41.2530705,-4.8002205],[-41.2625804,-4.8110456],[-41.2951705,-4.8148883],[-41.293514,-4.5561317],[-41.4858008,-4.5777212]]]}},{"type":"Feature","properties":{"level":"municipio","municipality_code":"2207934","municipality_name":"Pedro Laurentino","uf":"PI","state_code":"22","area_km2":870.613},"geometry":{"type":"Polygon","coordinates":[[[-42.2468786,-8.2195823],[-42.2820616,-8.1936275],[-42.3962968,-8.1329497],[-42.4108068,-8.1324881],[-42.4201723,-8.1066999],[-42.3964947,-8.0937069],[-42.4156214,-8.0793948],[-42.4382438,-8.0745801],[-42.4419372,-8.0659401],[-42.4241955,-8.0030196],[-42.3776977,-7.992401],[-42.3626851,-7.9506668],[-42.3167625,-7.9476911],[-42.2693117,-7.9211509],[-42.2635212,-7.9095697],[-42.2334422,-7.9050659],[-42.1718864,-7.9185207],[-42.1533607,-7.9371281],[-42.1256128,-7.9442283],[-42.1336824,-7.9885259],[-42.1638989,-8.0068949],[-42.1638989,-8.0236928],[-42.1477381,-8.032917],[-42.1451063,-8.0490838],[-42.1650328,-8.0957984],[-42.1592552,-8.135441],[-42.1856922,-8.1896012],[-42.1786105,-8.1981467],[-42.1426876,-8.1952982],[-42.1364367,-8.2014304],[-42.1492805,-8.2338449],[-42.142423,-8.247107],[-42.165553,-8.273242],[-42.1844555,-8.2764501],[-42.2209398,-8.2614651],[-42.2623657,-8.2612756],[-42.2635155,-8.240944],[-42.2468786,-8.2195823]]]}},{"type":"Feature","properties":{"level":"municipio","municipality_code":"2208007","municipality_name":"Picos","uf":"PI","state_code":"22","area_km2":577.284},"geometry":{"type":"Polygon","coordinates":[[[-41.3353706,-7.0996208],[-41.3873591,-7.1073852],[-41.4009698,-7.1295816],[-41.4572556,-7.1154283],[-41.4624501,-7.1874738],[-41.4917835,-7.1764246],[-41.4989385,-7.1610219],[-41.5215441,-7.1581873],[-41.5365533,-7.1725644],[-41.55145,-7.1666078],[-41.576942,-7.1944801],[-41.5911596,-7.2282881],[-41.6080012,-7.2256925],[-41.6347278,-7.1729153],[-41.5991315,-7.1010098],[-41.579994,-7.09616],[-41.5914326,-7.0753467],[-41.58478,-7.033123],[-41.6153891,-7.0335662],[-41.6296115,-6.9885972],[-41.6134319,-6.9249779],[-41.6117758,-6.8703143],[-41.5409492,-6.8996147],[-41.5475714,-6.9365886],[-41.5153069,-6.9786608],[-41.47418,-6.9958031],[-41.4401353,-6.9914247],[-41.4375203,-7.0104179],[-41.405846,-7.0404247],[-41.4033448,-7.0548636],[-41.371774,-7.0676964],[-41.3319336,-7.0615705],[-41.3353706,-7.0996208]]]}},{"type":"Feature","properties":{"level":"municipio","municipality_code":"2208106","municipality_name":"Pimenteiras","uf":"PI","state_code":"22","area_km2":4562.58},"geometry":{"type":"Polygon","coordinates":[[[-41.3145408,-6.5003029],[-41.3742303,-6.5031914],[-41.4060327,-6.4357662],[-41.3887854,-6.3657006],[-41.4466081,-6.3485093],[-41.5275535,-6.3757294],[-41.5314976,-6.3621815],[-41.5624857,-6.3814899],[-41.5747064,-6.3389606],[-41.5209574,-6.3128155],[-41.5124685,-6.2828405],[-41.5219992,-6.2863446],[-41.5268974,-6.2777651],[-41.5356809,-6.2839884],[-41.5618255,-6.2728446],[-41.5572227,-6.2619564],[-41.5744977,-6.2573106],[-41.5922459,-6.2577385],[-41.5978308,-6.2656701],[-41.6082529,-6.2597214],[-41.627303,-6.276049],[-41.7349084,-6.209791],[-41.7163559,-6.1599097],[-41.6400272,-6.0729383],[-41.6058638,-6.0871427],[-41.5959297,-6.0796391],[-41.5954896,-6.0915547],[-41.5001253,-6.1129425],[-41.5091569,-6.1498282],[-41.416408,-6.128595],[-41.36807,-6.1471018],[-41.3632106,-6.1775182],[-41.3183698,-6.1586337],[-41.3304845,-6.1331106],[-41.259096,-6.1104477],[-40.9063058,-6.0465174],[-40.8772659,-6.0514877],[-40.8457385,-6.134995],[-40.8536235,-6.1632816],[-40.84723,-6.2030136],[-40.8522242,-6.2242205],[-40.7820098,-6.3165629],[-40.7810893,-6.3516596],[-40.8051547,-6.3931316],[-40.7899395,-6.5006314],[-41.0953591,-6.7566931],[-41.1431201,-6.7504665],[-41.1303497,-6.6551931],[-41.1900636,-6.6637455],[-41.1968966,-6.6794833],[-41.2930877,-6.6746035],[-41.264397,-6.612707],[-41.270369,-6.609097],[-41.263665,-6.606508],[-41.264485,-6.594776],[-41.280742,-6.55922],[-41.29934,-6.554532],[-41.302396,-6.531111],[-41.316968,-6.526469],[-41.3145408,-6.5003029]]]}},{"type":"Feature","properties":{"level":"municipio","municipality_code":"2208205","municipality_name":"Pio IX","uf":"PI","state_code":"22","area_km2":1948.142},"geometry":{"type":"Polygon","coordinates":[[[-40.6022071,-6.7160118],[-40.4769263,-6.7328317],[-40.4597267,-6.7542375],[-40.4357081,-6.810632],[-40.4168356,-6.812533],[-40.3887903,-6.7969987],[-40.3705774,-6.8079935],[-40.4107554,-6.8555798],[-40.430179,-6.8678162],[-40.433955,-6.9021429],[-40.42502,-6.9352698],[-40.4488586,-6.9444271],[-40.462567,-6.936682],[-40.48921,-6.952453],[-40.504945,-6.939013],[-40.526766,-6.942769],[-40.539533,-6.935554],[-40.549211,-6.950252],[-40.597676,-6.953054],[-40.62429,-6.993812],[-40.643998,-6.997849],[-40.654448,-7.011711],[-40.674378,-7.014195],[-40.693341,-7.030509],[-40.727797,-7.018594],[-40.730831,-7.010628],[-40.741631,-7.015338],[-40.755295,-7.008839],[-40.771764,-6.98785],[-40.792412,-7.001838],[-40.8058135,-6.9810745],[-40.814003,-6.989511],[-40.8504823,-6.9852024],[-40.8282859,-6.9283207],[-40.8394182,-6.795984],[-40.84758,-6.7848223],[-40.882816,-6.7928291],[-40.8971953,-6.7697661],[-40.981491,-6.772304],[-41.0953591,-6.7566931],[-40.7899395,-6.5006314],[-40.7876684,-6.5237803],[-40.745852,-6.5655468],[-40.7338661,-6.6061395],[-40.7220026,-6.6176828],[-40.7322401,-6.6535854],[-40.7260929,-6.6632048],[-40.7101828,-6.6761295],[-40.6491396,-6.6788294],[-40.6324189,-6.6989038],[-40.6022071,-6.7160118]]]}},{"type":"Feature","properties":{"level":"municipio","municipality_code":"2208304","municipality_name":"Piracuruca","uf":"PI","state_code":"22","area_km2":2368.936},"geometry":{"type":"Polygon","coordinates":[[[-41.6319182,-4.1355861],[-41.7745126,-4.1004544],[-41.7607121,-4.097465],[-41.7380108,-4.0718975],[-41.7378738,-4.0452598],[-41.7717649,-4.0339921],[-41.8558213,-4.0422831],[-41.8475716,-3.9738009],[-41.9107633,-3.9407691],[-41.9030836,-3.8869083],[-41.8655599,-3.8482526],[-41.8354988,-3.8484046],[-41.6864228,-3.7970069],[-41.6865522,-3.7814687],[-41.7131153,-3.7710101],[-41.8297501,-3.7534459],[-41.8666111,-3.7209182],[-41.7943044,-3.6240758],[-41.7729376,-3.5726528],[-41.7465683,-3.5864525],[-41.745528,-3.6726214],[-41.678008,-3.6646746],[-41.6490717,-3.6399703],[-41.5241707,-3.6058114],[-41.4872817,-3.6538673],[-41.4576365,-3.6697669],[-41.4487156,-3.7024227],[-41.4498326,-3.7423506],[-41.4181249,-3.7535407],[-41.3758753,-3.712021],[-41.3605987,-3.7097999],[-41.3524487,-3.6998808],[-41.3358063,-3.7012809],[-41.3346956,-3.6914605],[-41.3132796,-3.739424],[-41.2785934,-3.7699996],[-41.4848595,-4.0414846],[-41.5553448,-4.0574199],[-41.622118,-4.0603604],[-41.6319182,-4.1355861]]]}},{"type":"Feature","properties":{"level":"municipio","municipality_code":"2208403","municipality_name":"Piripiri","uf":"PI","state_code":"22","area_km2":1407.192},"geometry":{"type":"Polygon","coordinates":[[[-41.6648255,-4.3458238],[-41.6576684,-4.3839235],[-41.661723,-4.4033403],[-41.6440128,-4.395891],[-41.6413726,-4.4091554],[-41.6053111,-4.4094581],[-41.6386994,-4.4632026],[-41.7302519,-4.5472891],[-41.7392649,-4.5699366],[-41.7566371,-4.5497342],[-41.7555734,-4.5385294],[-41.7731898,-4.5381939],[-41.7871026,-4.5149312],[-41.8188881,-4.5036886],[-41.8422108,-4.4639801],[-41.8532763,-4.4589587],[-41.8645986,-4.4651548],[-41.9025888,-4.4277917],[-41.925111,-4.4327877],[-41.9415865,-4.4233101],[-41.9586862,-4.4252894],[-41.9678525,-4.4047266],[-41.9905113,-4.388875],[-42.0078927,-4.3807606],[-42.0158637,-4.3855816],[-42.02164,-4.3721052],[-42.0168116,-4.3650407],[-42.026931,-4.3542246],[-42.0004841,-4.3441233],[-41.9965767,-4.2451896],[-41.9788978,-4.2462227],[-41.9543597,-4.2207119],[-41.9189053,-4.2238935],[-41.9214258,-4.1814457],[-41.8045419,-4.2022223],[-41.7999099,-4.1734772],[-41.7612332,-4.2088104],[-41.6568499,-4.2197714],[-41.5775734,-4.1456708],[-41.5711664,-4.1610352],[-41.5352271,-4.1604885],[-41.4995757,-4.177826],[-41.5250229,-4.2566704],[-41.5608051,-4.3103329],[-41.5785891,-4.3093391],[-41.5973058,-4.2954525],[-41.6164911,-4.3179715],[-41.6171395,-4.3388238],[-41.6363881,-4.3500081],[-41.6648255,-4.3458238]]]}},{"type":"Feature","properties":{"level":"municipio","municipality_code":"2208502","municipality_name":"Porto","uf":"PI","state_code":"22","area_km2":253.113},"geometry":{"type":"Polygon","coordinates":[[[-42.7098188,-4.0888796],[-42.7838121,-3.996126],[-42.7897095,-3.9701573],[-42.7813049,-3.9545582],[-42.7314639,-3.9187769],[-42.7198343,-3.8750962],[-42.6874256,-3.8082957],[-42.6714592,-3.7916286],[-42.6630284,-3.7926413],[-42.6567754,-3.8119529],[-42.6717983,-3.8569197],[-42.6465237,-3.8956171],[-42.6227538,-3.903893],[-42.6258204,-3.9272415],[-42.6962551,-3.9847027],[-42.6875812,-4.0390874],[-42.7011424,-4.0697982],[-42.6894158,-4.0758248],[-42.6911998,-4.0877539],[-42.6840126,-4.0934879],[-42.6904048,-4.0974755],[-42.7098188,-4.0888796]]]}},{"type":"Feature","properties":{"level":"municipio","municipality_code":"2208551","municipality_name":"Porto Alegre do Piauí","uf":"PI","state_code":"22","area_km2":1168.043},"geometry":{"type":"Polygon","coordinates":[[[-44.1764318,-6.9025833],[-44.1634808,-6.8745213],[-44.1391727,-6.8641072],[-44.1251239,-6.8355852],[-44.1151769,-6.838353],[-44.1090112,-6.8576121],[-44.1006495,-6.8511421],[-44.0987098,-6.8399437],[-44.1163134,-6.8149426],[-44.114009,-6.8034604],[-44.0888742,-6.8033012],[-44.0696971,-6.8213775],[-44.0590626,-6.8084375],[-44.0533707,-6.7683088],[-43.9877336,-6.7572779],[-43.9612097,-6.7418984],[-43.9423664,-6.7677704],[-43.9215757,-6.7780365],[-43.8999778,-6.7778859],[-43.8814644,-6.8031519],[-43.8325258,-6.8426794],[-43.8621467,-6.8764345],[-43.8993804,-6.9003626],[-43.9212753,-6.9331784],[-43.9146334,-6.9655984],[-43.9352273,-6.9664128],[-43.935201,-6.9904517],[-43.981342,-6.9903318],[-43.9813532,-6.9787757],[-43.9905916,-6.9847609],[-44.0071566,-7.0902705],[-44.0483065,-7.220427],[-44.1509293,-7.1169631],[-44.17624,-7.117138],[-44.200547,-7.088445],[-44.232575,-7.082618],[-44.260723,-7.048743],[-44.270426,-7.048486],[-44.2759739,-7.0581206],[-44.2787591,-7.051477],[-44.2622947,-7.0013021],[-44.2359545,-6.9987123],[-44.2081719,-6.9699452],[-44.1986023,-6.9297624],[-44.1750389,-6.9251698],[-44.1764318,-6.9025833]]]}},{"type":"Feature","properties":{"level":"municipio","municipality_code":"2208601","municipality_name":"Prata do Piauí","uf":"PI","state_code":"22","area_km2":196.787},"geometry":{"type":"Polygon","coordinates":[[[-42.2279274,-5.6714895],[-42.19995,-5.6529435],[-42.1749164,-5.6488058],[-42.1151254,-5.6703413],[-42.098081,-5.7025499],[-42.106682,-5.744846],[-42.0865885,-5.7879248],[-42.2028538,-5.7864647],[-42.2033292,-5.7997272],[-42.232614,-5.7742128],[-42.2279274,-5.6714895]]]}},{"type":"Feature","properties":{"level":"municipio","municipality_code":"2208650","municipality_name":"Queimada Nova","uf":"PI","state_code":"22","area_km2":1283.369},"geometry":{"type":"Polygon","coordinates":[[[-41.1430927,-8.5207031],[-41.1799065,-8.5932674],[-41.1985662,-8.5924771],[-41.2122884,-8.6018203],[-41.2065441,-8.633295],[-41.2135429,-8.6441555],[-41.2337888,-8.6476143],[-41.2513183,-8.6616086],[-41.287434,-8.6608391],[-41.3083059,-8.6909821],[-41.3369168,-8.7083571],[-41.4005683,-8.7053593],[-41.4262584,-8.6675805],[-41.4899845,-8.7339228],[-41.5041016,-8.7355558],[-41.5178909,-8.7248913],[-41.5090898,-8.659423],[-41.4830577,-8.6014173],[-41.4682929,-8.531826],[-41.4955477,-8.5051894],[-41.48592,-8.475168],[-41.4939615,-8.4547382],[-41.4935305,-8.3910331],[-41.4671416,-8.3385127],[-41.4776271,-8.3242019],[-41.4741019,-8.2967331],[-41.445495,-8.2806423],[-41.4292353,-8.2957534],[-41.4020323,-8.3018104],[-41.39151,-8.3339713],[-41.3449844,-8.3320409],[-41.3417241,-8.3441688],[-41.2907049,-8.3489071],[-41.2672339,-8.3647748],[-41.2687766,-8.3764552],[-41.2554433,-8.3696233],[-41.2529089,-8.3848298],[-41.2393552,-8.3873643],[-41.2359392,-8.4092926],[-41.2058048,-8.3899903],[-41.2047121,-8.4195516],[-41.2188743,-8.4399038],[-41.2090264,-8.4465628],[-41.2072444,-8.4601622],[-41.1622256,-8.4724486],[-41.1430927,-8.5207031]]]}},{"type":"Feature","properties":{"level":"municipio","municipality_code":"2208700","municipality_name":"Redenção do Gurguéia","uf":"PI","state_code":"22","area_km2":2470.531},"geometry":{"type":"Polygon","coordinates":[[[-44.624062,-9.580269],[-44.612206,-9.540679],[-44.620079,-9.549662],[-44.635357,-9.547034],[-44.6660963,-9.5629274],[-44.6739719,-9.5499465],[-44.817755,-9.4624044],[-44.7262844,-9.2689131],[-44.5230004,-9.378232],[-44.5130088,-9.3594007],[-44.512219,-9.3510073],[-44.5187329,-9.3500668],[-44.5074928,-9.3160504],[-44.2182776,-9.4292155],[-44.0434451,-9.586111],[-44.3062536,-9.7194393],[-44.3610764,-9.7275551],[-44.3706526,-9.7198339],[-44.4094384,-9.718053],[-44.4406258,-9.6989101],[-44.4851166,-9.7318069],[-44.5757868,-9.7544928],[-44.5964663,-9.7663207],[-44.6242726,-9.7671197],[-44.6326427,-9.7358628],[-44.6195229,-9.7207946],[-44.6330994,-9.708905],[-44.6214889,-9.6949285],[-44.6203161,-9.6682463],[-44.636258,-9.623535],[-44.621525,-9.605821],[-44.624062,-9.580269]]]}},{"type":"Feature","properties":{"level":"municipio","municipality_code":"2208809","municipality_name":"Regeneração","uf":"PI","state_code":"22","area_km2":1251.321},"geometry":{"type":"Polygon","coordinates":[[[-42.7150955,-6.2579334],[-42.7196206,-6.2150325],[-42.683615,-6.214134],[-42.689144,-6.19972],[-42.677128,-6.190077],[-42.684863,-6.1781381],[-42.6219059,-6.1734258],[-42.5454021,-6.2029673],[-42.5358643,-6.2206193],[-42.4429719,-6.2185673],[-42.4393335,-6.2548246],[-42.3191992,-6.2384188],[-42.3114559,-6.2972173],[-42.282385,-6.3040704],[-42.2900522,-6.3259491],[-42.2905553,-6.3966419],[-42.3546659,-6.51835],[-42.5823388,-6.5192126],[-42.669692,-6.2902692],[-42.7150955,-6.2579334]]]}},{"type":"Feature","properties":{"level":"municipio","municipality_code":"2208858","municipality_name":"Riacho Frio","uf":"PI","state_code":"22","area_km2":2220.598},"geometry":{"type":"Polygon","coordinates":[[[-44.7943681,-10.3281698],[-45.000751,-10.13078],[-45.106151,-10.1384186],[-44.956389,-9.823744],[-44.930065,-9.797257],[-44.923283,-9.802491],[-44.915238,-9.794547],[-44.903788,-9.798096],[-44.905668,-9.779557],[-44.879755,-9.779926],[-44.87488,-9.759123],[-44.86446,-9.760695],[-44.86905,-9.742944],[-44.846801,-9.727103],[-44.841351,-9.700846],[-44.848732,-9.671779],[-44.837851,-9.669217],[-44.83549,-9.654514],[-44.82422,-9.649697],[-44.8066192,-9.6805212],[-44.6586902,-9.5830365],[-44.6660963,-9.5629274],[-44.652557,-9.55227],[-44.620079,-9.549662],[-44.611871,-9.540772],[-44.609539,-9.556326],[-44.624062,-9.580269],[-44.621525,-9.605821],[-44.636258,-9.623535],[-44.6203161,-9.6682463],[-44.6214889,-9.6949285],[-44.6330994,-9.708905],[-44.6194055,-9.7219541],[-44.6325419,-9.7353849],[-44.630282,-9.7593621],[-44.6262725,-9.7893042],[-44.6064626,-9.8177484],[-44.6095089,-9.8357767],[-44.5751539,-9.8631851],[-44.599531,-9.887013],[-44.60137,-9.909218],[-44.586663,-9.9198],[-44.587174,-9.934885],[-44.612787,-9.963945],[-44.61339,-9.981495],[-44.632366,-9.978745],[-44.637327,-9.986031],[-44.617221,-10.019158],[-44.640077,-10.030994],[-44.646205,-10.05376],[-44.6606049,-10.068179],[-44.6790805,-10.0654372],[-44.7056027,-10.0480885],[-44.7299646,-10.046704],[-44.7718274,-10.0115313],[-44.818976,-10.0087563],[-44.7774782,-10.1439757],[-44.7961948,-10.2107502],[-44.7943681,-10.3281698]]]}},{"type":"Feature","properties":{"level":"municipio","municipality_code":"2208874","municipality_name":"Ribeira do Piauí","uf":"PI","state_code":"22","area_km2":1012.479},"geometry":{"type":"Polygon","coordinates":[[[-42.7118945,-8.0198938],[-42.6863083,-7.7789819],[-42.7562431,-7.7019572],[-42.7288482,-7.6546275],[-42.7273545,-7.6336284],[-42.7029797,-7.6434299],[-42.6792616,-7.623382],[-42.678542,-7.5914585],[-42.5809144,-7.5839271],[-42.5841399,-7.6801643],[-42.5994609,-7.6940419],[-42.5957826,-7.8136374],[-42.5883057,-7.8620996],[-42.5585007,-7.8649289],[-42.5411118,-7.8936804],[-42.5833669,-7.8921857],[-42.556015,-8.0663322],[-42.469393,-8.1053407],[-42.4610121,-8.234541],[-42.4921665,-8.2423464],[-42.5332184,-8.224813],[-42.5468289,-8.2522912],[-42.5360774,-8.2889637],[-42.5731357,-8.3047557],[-42.6080295,-8.3025503],[-42.584165,-8.2318575],[-42.5933588,-8.1958064],[-42.5833691,-8.1241595],[-42.6091085,-8.1124733],[-42.6592359,-8.0313475],[-42.7118945,-8.0198938]]]}},{"type":"Feature","properties":{"level":"municipio","municipality_code":"2208908","municipality_name":"Ribeiro Gonçalves","uf":"PI","state_code":"22","area_km2":3987.147},"geometry":{"type":"Polygon","coordinates":[[[-44.9864174,-7.4810011],[-44.9184127,-7.8700337],[-45.122484,-7.830816],[-45.1635381,-7.8336501],[-45.2007114,-7.7879326],[-45.2465803,-7.8013948],[-45.3050629,-7.9109516],[-45.2314067,-7.9542203],[-45.2338162,-7.9838785],[-45.2574732,-7.9974481],[-45.3155641,-8.0578631],[-45.3547409,-8.0759274],[-45.3845305,-8.0600433],[-45.4477167,-8.2788288],[-45.4264699,-8.3501619],[-45.3298697,-8.3436111],[-45.4059011,-8.6329511],[-45.4632582,-8.5589826],[-45.5035427,-8.5476118],[-45.5113825,-8.530681],[-45.5143164,-8.5354463],[-45.5350836,-8.5167991],[-45.5414117,-8.5207983],[-45.541347,-8.5125103],[-45.5602037,-8.5098554],[-45.5610553,-8.5022166],[-45.5687664,-8.5067864],[-45.5674184,-8.499682],[-45.5746918,-8.5024338],[-45.5833392,-8.4922231],[-45.6203183,-8.4962998],[-45.6300665,-8.4821473],[-45.6396409,-8.4829877],[-45.6400503,-8.4634952],[-45.657757,-8.4522895],[-45.6619902,-8.4306623],[-45.6820803,-8.4088628],[-45.6975445,-8.4101805],[-45.7086089,-8.3941897],[-45.7062055,-8.3687034],[-45.6921921,-8.3591954],[-45.6903817,-8.3359749],[-45.667125,-8.2886542],[-45.6636264,-8.2505308],[-45.609782,-8.2054181],[-45.6130574,-8.1865142],[-45.5837278,-8.1569362],[-45.5878141,-8.1299458],[-45.5763627,-8.1147445],[-45.5863043,-8.096403],[-45.5700816,-8.0739556],[-45.5630388,-8.0456436],[-45.5776554,-8.0283313],[-45.56454,-8.0146106],[-45.5508292,-8.013622],[-45.5683317,-7.995085],[-45.5475416,-7.9679964],[-45.5458456,-7.9577317],[-45.5564711,-7.9536919],[-45.5431184,-7.9344539],[-45.544477,-7.92008],[-45.5312134,-7.9224062],[-45.523893,-7.9115453],[-45.5432695,-7.8972693],[-45.520421,-7.8856094],[-45.5407541,-7.8640562],[-45.5250598,-7.8564312],[-45.5270425,-7.8394516],[-45.5112007,-7.823467],[-45.5106337,-7.8013623],[-45.4985545,-7.7972724],[-45.501377,-7.786485],[-45.4895111,-7.7862569],[-45.4923244,-7.7744824],[-45.4844478,-7.7628183],[-45.4964303,-7.7477671],[-45.4821268,-7.7496732],[-45.4872086,-7.7286595],[-45.4823218,-7.715842],[-45.4681029,-7.7128743],[-45.4700819,-7.6898976],[-45.4488146,-7.6853563],[-45.4596006,-7.6728035],[-45.43751,-7.6780512],[-45.4325307,-7.661539],[-45.414446,-7.6553189],[-45.415545,-7.6450247],[-45.399205,-7.6410589],[-45.3954669,-7.6145185],[-45.3721818,-7.6183838],[-45.3422695,-7.5933632],[-45.3346804,-7.5776595],[-45.2988389,-7.5752376],[-45.2853963,-7.5664228],[-45.2617074,-7.5711843],[-45.2323263,-7.5490714],[-45.2184888,-7.5685448],[-45.155528,-7.5129145],[-45.1386746,-7.5224223],[-45.0843087,-7.5021569],[-45.0488159,-7.5131313],[-45.0195825,-7.4963987],[-45.0035826,-7.4968589],[-44.9864174,-7.4810011]]]}},{"type":"Feature","properties":{"level":"municipio","municipality_code":"2209005","municipality_name":"Rio Grande do Piauí","uf":"PI","state_code":"22","area_km2":635.953},"geometry":{"type":"Polygon","coordinates":[[[-43.1727969,-7.8563238],[-43.1998197,-7.8672888],[-43.2367232,-7.8694082],[-43.2863401,-7.6956752],[-43.1963891,-7.6143695],[-43.0872832,-7.6713079],[-43.0353583,-7.7341808],[-43.0419104,-7.7391979],[-43.0489844,-7.8745414],[-43.0571696,-7.8707059],[-43.0598915,-7.9211765],[-43.0716857,-7.9570197],[-43.1377087,-7.9369022],[-43.1075605,-7.90466],[-43.1727969,-7.8563238]]]}},{"type":"Feature","properties":{"level":"municipio","municipality_code":"2209104","municipality_name":"Santa Cruz do Piauí","uf":"PI","state_code":"22","area_km2":582.658},"geometry":{"type":"Polygon","coordinates":[[[-41.7861665,-7.2464931],[-41.8411324,-7.1998655],[-41.9196886,-7.1847195],[-41.899668,-7.1243438],[-41.9183938,-7.0626149],[-41.8605108,-7.0447899],[-41.815032,-7.066275],[-41.7649205,-7.1069148],[-41.7491833,-7.1528335],[-41.7266043,-7.1659325],[-41.7291901,-7.1897979],[-41.6982531,-7.2072304],[-41.7213196,-7.2991706],[-41.7098819,-7.3256728],[-41.6789328,-7.3036905],[-41.6704214,-7.3200068],[-41.613454,-7.3275645],[-41.6055963,-7.3518759],[-41.6251851,-7.3911632],[-41.7803971,-7.4244048],[-41.8196027,-7.3576251],[-41.787379,-7.354109],[-41.777986,-7.339073],[-41.782004,-7.312454],[-41.776022,-7.304654],[-41.79321,-7.275314],[-41.7861665,-7.2464931]]]}},{"type":"Feature","properties":{"level":"municipio","municipality_code":"2209153","municipality_name":"Santa Cruz dos Milagres","uf":"PI","state_code":"22","area_km2":978.546},"geometry":{"type":"Polygon","coordinates":[[[-41.9511953,-5.8060168],[-41.9347977,-5.7953233],[-41.9322072,-5.8043335],[-41.8972863,-5.8031218],[-41.881429,-5.8184033],[-41.8436975,-5.8190034],[-41.8133421,-5.8163319],[-41.7840656,-5.7953516],[-41.7766376,-5.8046286],[-41.7414183,-5.7884674],[-41.7186557,-5.7874484],[-41.6560236,-5.9355472],[-41.6675408,-5.972393],[-41.7634042,-6.0296344],[-41.7993751,-5.974355],[-41.8247272,-5.9910292],[-41.8826244,-6.060144],[-41.971757,-6.0876191],[-42.060636,-6.0522191],[-41.9992502,-6.053363],[-41.9995454,-6.0471149],[-41.9716589,-6.044651],[-41.9663992,-5.9269488],[-41.9742383,-5.9142809],[-41.991029,-5.926178],[-42.0115316,-5.9047842],[-42.0402587,-5.9004123],[-42.0486882,-5.8791547],[-42.0440553,-5.8623514],[-42.068953,-5.8349023],[-42.0544036,-5.7977248],[-42.094957,-5.776466],[-42.100403,-5.767248],[-42.102428,-5.751761],[-42.106407,-5.745811],[-42.1060452,-5.7423382],[-42.0901756,-5.7429095],[-42.0846138,-5.7564859],[-42.0746547,-5.7458899],[-42.0509154,-5.7508537],[-42.0212203,-5.7699091],[-41.9985272,-5.7627553],[-41.9806742,-5.7751398],[-41.9779966,-5.7960375],[-41.9656361,-5.8027078],[-41.9529453,-5.798617],[-41.9511953,-5.8060168]]]}},{"type":"Feature","properties":{"level":"municipio","municipality_code":"2209203","municipality_name":"Santa Filomena","uf":"PI","state_code":"22","area_km2":5293.693},"geometry":{"type":"Polygon","coordinates":[[[-45.9296574,-9.0690461],[-45.9409741,-9.0551071],[-45.9358573,-9.0396927],[-45.9459365,-9.0251384],[-45.9441336,-9.0143283],[-45.9860587,-8.9599832],[-45.9940515,-8.9372444],[-45.9949067,-8.9263175],[-45.9796576,-8.9036697],[-45.9832977,-8.888574],[-45.967338,-8.8763614],[-45.9723991,-8.8628377],[-45.9583695,-8.8404093],[-45.9498106,-8.8450256],[-45.9453155,-8.8388644],[-45.9607222,-8.8178942],[-45.9388979,-8.795211],[-45.9368867,-8.7801617],[-45.9087074,-8.7588939],[-45.8918982,-8.7627574],[-45.8898847,-8.7392622],[-45.8637039,-8.7299647],[-45.8642273,-8.715523],[-45.8502252,-8.7101933],[-45.8400296,-8.7151237],[-45.8124796,-8.6564676],[-45.8209181,-8.6527888],[-45.8195072,-8.6396328],[-45.798566,-8.6136285],[-45.7774735,-8.6174334],[-45.7661906,-8.6095456],[-45.7948031,-8.5917974],[-45.7945868,-8.5837115],[-45.7618284,-8.5618322],[-45.7536519,-8.5414895],[-45.7570902,-8.5269374],[-45.7386778,-8.5006556],[-45.7479168,-8.4941041],[-45.7449161,-8.4491543],[-45.7305013,-8.4295698],[-45.7350652,-8.4190808],[-45.7225949,-8.4053134],[-45.7246755,-8.394824],[-45.7063626,-8.387621],[-45.6975445,-8.4101805],[-45.6820803,-8.4088628],[-45.6619902,-8.4306623],[-45.657757,-8.4522895],[-45.6400503,-8.4634952],[-45.6396409,-8.4829877],[-45.6300665,-8.4821473],[-45.6203183,-8.4962998],[-45.5833392,-8.4922231],[-45.5746918,-8.5024338],[-45.5674184,-8.499682],[-45.5687664,-8.5067864],[-45.5610553,-8.5022166],[-45.5602037,-8.5098554],[-45.541347,-8.5125103],[-45.5414117,-8.5207983],[-45.5350836,-8.5167991],[-45.5143164,-8.5354463],[-45.5113825,-8.530681],[-45.5035427,-8.5476118],[-45.4632582,-8.5589826],[-45.3850976,-8.6561021],[-45.3814046,-8.6829613],[-45.3977951,-8.7388039],[-45.3923283,-8.7896213],[-45.3987134,-8.7979491],[-45.3910768,-8.8240972],[-45.3981576,-8.8641699],[-45.4706282,-8.9352233],[-45.4847021,-8.9651636],[-45.5005419,-8.9717228],[-45.5155673,-9.0120503],[-45.5421829,-9.038567],[-45.5564528,-9.0388395],[-45.5626821,-9.0511353],[-45.5535401,-9.0771234],[-45.5281846,-9.105132],[-45.5339399,-9.1416185],[-45.5126131,-9.1690779],[-45.4099992,-9.4588307],[-45.5134183,-9.458785],[-45.5180867,-9.4860517],[-45.5646937,-9.5133397],[-45.6137782,-9.5133025],[-45.6399427,-9.531241],[-45.6675781,-9.5351999],[-45.688064,-9.5569],[-45.711765,-9.556397],[-45.706,-9.550427],[-45.711574,-9.544332],[-45.736792,-9.537031],[-45.728348,-9.535486],[-45.744944,-9.521519],[-45.748246,-9.513538],[-45.741474,-9.51068],[-45.767367,-9.504124],[-45.772163,-9.48461],[-45.778027,-9.487864],[-45.7910629,-9.4828331],[-45.7834353,-9.4794771],[-45.7959474,-9.459759],[-45.7886334,-9.4579181],[-45.801624,-9.436008],[-45.7991632,-9.4163401],[-45.8246917,-9.3745778],[-45.8480022,-9.3558846],[-45.8640909,-9.3589924],[-45.8942891,-9.3415665],[-45.8914022,-9.3307304],[-45.9079205,-9.297005],[-45.8964319,-9.2803044],[-45.9044382,-9.266258],[-45.8982626,-9.2621897],[-45.8969268,-9.2350989],[-45.9039487,-9.2305543],[-45.8988628,-9.2089441],[-45.9060932,-9.191255],[-45.8976886,-9.1852978],[-45.9287415,-9.137588],[-45.9227068,-9.0980501],[-45.9236108,-9.0890274],[-45.9331186,-9.0856248],[-45.9296574,-9.0690461]]]}},{"type":"Feature","properties":{"level":"municipio","municipality_code":"2209302","municipality_name":"Santa Luz","uf":"PI","state_code":"22","area_km2":1185.398},"geometry":{"type":"Polygon","coordinates":[[[-43.8698,-9.3136533],[-44.2379198,-9.0933967],[-44.3120251,-9.0291787],[-44.3166095,-9.0175362],[-44.3075081,-8.9966233],[-44.3153631,-8.9920398],[-44.3057591,-8.9857657],[-44.301019,-8.9919789],[-44.2908688,-8.9687464],[-44.3538904,-8.8328333],[-44.3455054,-8.8193555],[-44.3049715,-8.7992686],[-44.2695896,-8.8230389],[-44.3006113,-8.8470332],[-44.26846,-8.862161],[-44.2622043,-8.8829676],[-44.2448619,-8.883031],[-43.8692342,-9.0185106],[-43.9566519,-9.1740745],[-43.8698,-9.3136533]]]}},{"type":"Feature","properties":{"level":"municipio","municipality_code":"2209377","municipality_name":"Santa Rosa do Piauí","uf":"PI","state_code":"22","area_km2":338.336},"geometry":{"type":"Polygon","coordinates":[[[-42.253346,-6.8646408],[-42.2905828,-6.8784963],[-42.2890253,-6.8347078],[-42.3010625,-6.824803],[-42.3118085,-6.8407828],[-42.3169069,-6.8294333],[-42.3317741,-6.8346701],[-42.3606751,-6.8164575],[-42.3599612,-6.8054124],[-42.3340402,-6.7991761],[-42.3196474,-6.7715243],[-42.3177279,-6.7612859],[-42.3333092,-6.7485052],[-42.3348399,-6.7295431],[-42.3170785,-6.7052638],[-42.2544335,-6.7503621],[-42.1632245,-6.7665874],[-42.1649374,-6.755807],[-42.137607,-6.7321],[-42.132353,-6.744608],[-42.111737,-6.754344],[-42.111297,-6.795121],[-42.1261235,-6.8108174],[-42.1139521,-6.8236306],[-42.1158987,-6.8344461],[-42.1370656,-6.8506176],[-42.160832,-6.8535556],[-42.1536258,-6.8654514],[-42.1725482,-6.8742174],[-42.1763878,-6.8997253],[-42.2040079,-6.9093832],[-42.2057595,-6.9223254],[-42.2285439,-6.9136536],[-42.2416547,-6.8992625],[-42.2368576,-6.8702019],[-42.253346,-6.8646408]]]}},{"type":"Feature","properties":{"level":"municipio","municipality_code":"2209351","municipality_name":"Santana do Piauí","uf":"PI","state_code":"22","area_km2":112.189},"geometry":{"type":"Polygon","coordinates":[[[-41.4348036,-6.9583823],[-41.416848,-6.9991295],[-41.4390278,-6.9994686],[-41.4401353,-6.9914247],[-41.47418,-6.9958031],[-41.5153069,-6.9786608],[-41.5475714,-6.9365886],[-41.5409492,-6.8996147],[-41.6117758,-6.8703143],[-41.6171767,-6.8787075],[-41.6079283,-6.8392025],[-41.5824351,-6.8706246],[-41.5095887,-6.9116535],[-41.4418758,-6.912086],[-41.4348036,-6.9583823]]]}},{"type":"Feature","properties":{"level":"municipio","municipality_code":"2209401","municipality_name":"Santo Antônio de Lisboa","uf":"PI","state_code":"22","area_km2":385.286},"geometry":{"type":"Polygon","coordinates":[[[-41.1923324,-7.1146894],[-41.2327836,-7.1109146],[-41.317272,-7.0069995],[-41.3112042,-6.9897746],[-41.28896,-6.9774965],[-41.2844118,-6.959968],[-41.2434577,-6.9497281],[-41.2398715,-6.9290915],[-41.2007115,-6.8898718],[-41.2057213,-6.8442246],[-41.2297955,-6.7928637],[-41.1975093,-6.7683675],[-41.1985239,-6.7464642],[-41.1888561,-6.7336644],[-41.1968966,-6.6794833],[-41.1900636,-6.6637455],[-41.1303497,-6.6551931],[-41.1583973,-6.8645029],[-41.1873574,-6.9926962],[-41.1923324,-7.1146894]]]}},{"type":"Feature","properties":{"level":"municipio","municipality_code":"2209450","municipality_name":"Santo Antônio dos Milagres","uf":"PI","state_code":"22","area_km2":33.64},"geometry":{"type":"Polygon","coordinates":[[[-42.690037,-6.021324],[-42.68224,-6.03173],[-42.6810655,-6.0739256],[-42.6704775,-6.0712308],[-42.6518157,-6.0813643],[-42.7050761,-6.0799931],[-42.7344742,-6.0480353],[-42.7370126,-6.0357351],[-42.7247115,-6.0207732],[-42.690037,-6.021324]]]}},{"type":"Feature","properties":{"level":"municipio","municipality_code":"2209500","municipality_name":"Santo Inácio do Piauí","uf":"PI","state_code":"22","area_km2":852.106},"geometry":{"type":"Polygon","coordinates":[[[-41.8308203,-7.3437993],[-41.8618554,-7.4167004],[-41.8540979,-7.4301255],[-41.866847,-7.490126],[-41.8579041,-7.5020311],[-41.8670341,-7.5135954],[-41.8605165,-7.5356699],[-41.8894518,-7.530961],[-41.909733,-7.5503904],[-41.9299003,-7.5550846],[-41.9448254,-7.5531773],[-41.9627895,-7.5322775],[-42.0063836,-7.5392947],[-42.0461095,-7.5549228],[-42.060572,-7.5819242],[-42.2163535,-7.6229224],[-42.1703802,-7.5214945],[-42.2185147,-7.4380052],[-42.1881327,-7.4400545],[-41.9527065,-7.3231471],[-41.8729718,-7.2917624],[-41.8308203,-7.3437993]]]}},{"type":"Feature","properties":{"level":"municipio","municipality_code":"2210623","municipality_name":"Sebastião Barros","uf":"PI","state_code":"22","area_km2":893.488},"geometry":{"type":"Polygon","coordinates":[[[-44.889097,-10.506862],[-44.844288,-10.490825],[-44.849673,-10.475326],[-44.829631,-10.465445],[-44.828284,-10.448769],[-44.812161,-10.449511],[-44.81862,-10.428082],[-44.8063161,-10.4286533],[-44.7083107,-10.5081806],[-44.7696141,-10.5660944],[-44.7199843,-10.6777852],[-44.6667763,-10.7588804],[-44.6872112,-10.7692051],[-44.7145743,-10.7617251],[-44.7574491,-10.7876634],[-44.7589257,-10.8048461],[-44.7853189,-10.8063444],[-44.8103231,-10.8465842],[-44.8083292,-10.8661495],[-44.8471491,-10.901088],[-44.8550239,-10.8844937],[-44.8638008,-10.8852263],[-44.8821693,-10.7523303],[-44.993664,-10.6663443],[-45.0239186,-10.6550427],[-45.0288814,-10.6152551],[-44.9651185,-10.6159439],[-44.889097,-10.506862]]]}},{"type":"Feature","properties":{"level":"municipio","municipality_code":"2210631","municipality_name":"Sebastião Leal","uf":"PI","state_code":"22","area_km2":3148.857},"geometry":{"type":"Polygon","coordinates":[[[-44.144549,-7.544141],[-44.353407,-7.424889],[-44.3568535,-7.4071281],[-44.3574458,-7.3379763],[-44.3390802,-7.2988245],[-44.2661016,-7.2432282],[-44.1343736,-7.534114],[-44.1231994,-7.5005269],[-44.0363872,-7.4235176],[-43.8325811,-7.3528817],[-43.7843289,-7.3658639],[-43.6924004,-7.3273307],[-43.6630764,-7.435218],[-43.7405462,-7.5164904],[-43.7537165,-7.5741897],[-43.8192991,-7.5379061],[-43.8254547,-7.4893519],[-43.8548616,-7.5147718],[-43.886518,-7.497264],[-43.900591,-7.507586],[-43.934501,-7.556803],[-43.951782,-7.568773],[-43.964945,-7.602718],[-43.984143,-7.593323],[-44.008209,-7.5942141],[-43.9750123,-8.0031626],[-44.0990939,-8.0292856],[-44.1296843,-8.2745772],[-44.3626333,-8.2954623],[-44.144549,-7.544141]]]}},{"type":"Feature","properties":{"level":"municipio","municipality_code":"2210656","municipality_name":"Sigefredo Pacheco","uf":"PI","state_code":"22","area_km2":1031.101},"geometry":{"type":"Polygon","coordinates":[[[-41.699085,-4.7615228],[-41.6548144,-4.7762517],[-41.6432358,-4.8106376],[-41.6885506,-4.9911955],[-41.7205383,-4.9910636],[-41.7427446,-5.0587308],[-41.7393766,-5.078638],[-41.7777449,-5.0947388],[-41.7871123,-5.1621807],[-41.7826787,-5.1932101],[-41.8017414,-5.2002595],[-41.8008076,-5.1941453],[-41.9810153,-5.1697428],[-41.945915,-5.027596],[-41.874099,-4.902069],[-41.871602,-4.881001],[-41.850769,-4.867673],[-41.842675,-4.869967],[-41.840465,-4.857661],[-41.828042,-4.856561],[-41.8109542,-4.8029142],[-41.7755598,-4.7870331],[-41.7681123,-4.764149],[-41.7739914,-4.7488357],[-41.7562656,-4.7332916],[-41.7599593,-4.7193159],[-41.748995,-4.704796],[-41.699085,-4.7615228]]]}},{"type":"Feature","properties":{"level":"municipio","municipality_code":"2210805","municipality_name":"Simplício Mendes","uf":"PI","state_code":"22","area_km2":1360.028},"geometry":{"type":"Polygon","coordinates":[[[-41.8527792,-7.8017942],[-41.8109179,-7.8281669],[-41.7980651,-7.8161643],[-41.7734701,-7.8165844],[-41.669955,-7.8366668],[-41.7158499,-7.8528323],[-41.704624,-7.938734],[-41.7304191,-7.9606156],[-41.7750385,-7.9335943],[-41.8199766,-7.9312226],[-41.8567697,-7.9396048],[-41.8801431,-7.8961601],[-41.9140277,-7.875628],[-41.9368238,-7.9045303],[-42.0240272,-7.9088194],[-42.0217791,-7.9365407],[-42.0563637,-7.9744464],[-42.0958016,-7.9499376],[-42.1108421,-7.9714036],[-42.1283137,-7.9585272],[-42.1256128,-7.9442283],[-42.1533607,-7.9371281],[-42.1718864,-7.9185207],[-42.2254426,-7.9060161],[-42.2152045,-7.8944898],[-42.2280299,-7.8850284],[-42.1986109,-7.7963892],[-42.160947,-7.7469106],[-42.2991891,-7.627448],[-42.219312,-7.6294515],[-42.2163535,-7.6229224],[-42.060572,-7.5819242],[-42.0657782,-7.5916441],[-41.9689602,-7.7052353],[-41.950656,-7.7428531],[-41.9326392,-7.7569805],[-41.8698001,-7.7736716],[-41.8527792,-7.8017942]]]}},{"type":"Feature","properties":{"level":"municipio","municipality_code":"2210706","municipality_name":"Simões","uf":"PI","state_code":"22","area_km2":1076.055},"geometry":{"type":"Polygon","coordinates":[[[-40.7974052,-7.6929225],[-40.8284786,-7.6669503],[-40.8521293,-7.6264246],[-40.8854319,-7.6232286],[-40.9001656,-7.6005368],[-40.964926,-7.591465],[-40.970091,-7.581586],[-40.964274,-7.575158],[-40.98212,-7.558198],[-40.987367,-7.53203],[-40.954451,-7.516403],[-40.920701,-7.488102],[-40.903539,-7.487158],[-40.88844,-7.458504],[-40.871002,-7.447915],[-40.8061111,-7.4843142],[-40.765507,-7.47551],[-40.7149483,-7.4805684],[-40.6952478,-7.5368071],[-40.636735,-7.6085172],[-40.6219897,-7.6513599],[-40.6337583,-7.6968618],[-40.6718643,-7.7356058],[-40.6735695,-7.7616719],[-40.6451665,-7.786799],[-40.5684048,-7.8087586],[-40.5475148,-7.8274666],[-40.538124,-7.8569373],[-40.5439392,-7.961572],[-40.5545134,-7.9475528],[-40.5701556,-7.9537173],[-40.5806493,-7.946451],[-40.597493,-7.9550772],[-40.6172734,-7.9515977],[-40.6323657,-7.9331836],[-40.6506256,-7.9396093],[-40.6645605,-7.9216827],[-40.674731,-7.928753],[-40.6809345,-7.922655],[-40.6917226,-7.8972828],[-40.6775615,-7.8691228],[-40.6951774,-7.8527768],[-40.6930906,-7.797916],[-40.7035102,-7.7860988],[-40.7333774,-7.7773379],[-40.7782766,-7.7773899],[-40.8072698,-7.7666891],[-40.7974052,-7.6929225]]]}},{"type":"Feature","properties":{"level":"municipio","municipality_code":"2210904","municipality_name":"Socorro do Piauí","uf":"PI","state_code":"22","area_km2":761.854},"geometry":{"type":"Polygon","coordinates":[[[-42.3576186,-7.8110392],[-42.3382119,-7.9489489],[-42.3626851,-7.9506668],[-42.3776977,-7.992401],[-42.4234041,-8.0018984],[-42.4419372,-8.0659401],[-42.5231549,-8.0811301],[-42.556015,-8.0663322],[-42.5833669,-7.8921857],[-42.5411118,-7.8936804],[-42.5585007,-7.8649289],[-42.5883057,-7.8620996],[-42.5994609,-7.6940419],[-42.5841399,-7.6801643],[-42.5086886,-7.8425076],[-42.4823993,-7.8360379],[-42.4765034,-7.7017433],[-42.3576186,-7.8110392]]]}},{"type":"Feature","properties":{"level":"municipio","municipality_code":"2210938","municipality_name":"Sussuapara","uf":"PI","state_code":"22","area_km2":205.194},"geometry":{"type":"Polygon","coordinates":[[[-41.405468,-7.0426067],[-41.4375203,-7.0104179],[-41.4390278,-6.9994686],[-41.416848,-6.9991295],[-41.442987,-6.929333],[-41.4418758,-6.912086],[-41.4115075,-6.9022874],[-41.399083,-6.9057613],[-41.3919537,-6.9522268],[-41.3470307,-6.9859959],[-41.3112042,-6.9897746],[-41.317272,-7.0069995],[-41.2327836,-7.1109146],[-41.3332766,-7.0998866],[-41.3319336,-7.0615705],[-41.371774,-7.0676964],[-41.4033448,-7.0548636],[-41.405468,-7.0426067]]]}},{"type":"Feature","properties":{"level":"municipio","municipality_code":"2209559","municipality_name":"São Braz do Piauí","uf":"PI","state_code":"22","area_km2":656.042},"geometry":{"type":"Polygon","coordinates":[[[-42.981948,-9.1295953],[-43.0169776,-9.0880756],[-43.0472857,-9.0818679],[-43.0444021,-9.0892516],[-43.0918833,-9.0892062],[-43.1029108,-9.096219],[-43.1138264,-8.9928949],[-43.0798071,-8.8123109],[-43.0168849,-8.8154858],[-43.0200603,-8.700966],[-43.0132516,-8.7093267],[-42.9831781,-8.7102389],[-42.976938,-8.810715],[-42.9643923,-8.8443589],[-42.953223,-8.918211],[-42.9574956,-8.9461543],[-42.922218,-8.982103],[-42.900447,-9.027657],[-42.8455063,-9.0698476],[-42.981948,-9.1295953]]]}},{"type":"Feature","properties":{"level":"municipio","municipality_code":"2209658","municipality_name":"São Francisco de Assis do Piauí","uf":"PI","state_code":"22","area_km2":1072.311},"geometry":{"type":"Polygon","coordinates":[[[-41.689349,-8.2740039],[-41.7062211,-8.2908166],[-41.7493975,-8.3120619],[-41.7714687,-8.2900996],[-41.7834681,-8.2220368],[-41.7288916,-8.171519],[-41.7352209,-8.1619565],[-41.7554165,-8.1606628],[-41.7766332,-8.1209359],[-41.7399513,-8.0884386],[-41.6932239,-8.0689536],[-41.6330202,-8.0774813],[-41.5102632,-8.0221927],[-41.491219,-8.0214503],[-41.4669738,-8.0324015],[-41.4584359,-8.0558972],[-41.4435831,-8.0651454],[-41.4360692,-8.0814871],[-41.4545054,-8.0957636],[-41.4365464,-8.124647],[-41.456101,-8.1401521],[-41.4770902,-8.173171],[-41.4525685,-8.179857],[-41.4442276,-8.1917459],[-41.3992016,-8.2011791],[-41.380842,-8.219483],[-41.370751,-8.214027],[-41.373327,-8.246735],[-41.404926,-8.268242],[-41.398402,-8.278189],[-41.417665,-8.286606],[-41.413075,-8.294804],[-41.4292353,-8.2957534],[-41.445495,-8.2806423],[-41.4575953,-8.2836686],[-41.4741019,-8.2967331],[-41.4776271,-8.3242019],[-41.4671416,-8.3385127],[-41.4757637,-8.3592623],[-41.4865059,-8.3681097],[-41.5229591,-8.3733993],[-41.5454745,-8.3469384],[-41.5635245,-8.339083],[-41.573352,-8.3242717],[-41.5649318,-8.312237],[-41.6106618,-8.3189779],[-41.6486892,-8.3058639],[-41.689349,-8.2740039]]]}},{"type":"Feature","properties":{"level":"municipio","municipality_code":"2209708","municipality_name":"São Francisco do Piauí","uf":"PI","state_code":"22","area_km2":1341.451},"geometry":{"type":"Polygon","coordinates":[[[-42.3607026,-7.4177487],[-42.5317593,-7.3748366],[-42.5689069,-7.3927662],[-42.6044686,-7.3797723],[-42.6622888,-7.2024887],[-42.6377791,-7.1586502],[-42.6549751,-7.0944851],[-42.6437823,-6.9859714],[-42.6254165,-6.9975332],[-42.594829,-6.99535],[-42.4207963,-6.9671515],[-42.4164688,-7.0551823],[-42.4066756,-7.0963304],[-42.4117243,-7.142797],[-42.403838,-7.1698181],[-42.310236,-7.2232642],[-42.3607026,-7.4177487]]]}},{"type":"Feature","properties":{"level":"municipio","municipality_code":"2209609","municipality_name":"São Félix do Piauí","uf":"PI","state_code":"22","area_km2":627.033},"geometry":{"type":"Polygon","coordinates":[[[-42.14211,-6.0471788],[-42.2570882,-5.9553883],[-42.2323566,-5.9183357],[-42.227975,-5.8921096],[-42.170242,-5.884869],[-42.16319,-5.876047],[-42.1559617,-5.8806079],[-42.1478476,-5.8564672],[-42.1583305,-5.8352872],[-42.2042468,-5.825327],[-42.2028538,-5.7864647],[-42.0865885,-5.7879248],[-42.089718,-5.7762662],[-42.0544036,-5.7977248],[-42.068953,-5.8349023],[-42.0440553,-5.8623514],[-42.0486882,-5.8791547],[-42.0402587,-5.9004123],[-42.0115316,-5.9047842],[-41.991029,-5.926178],[-41.9757088,-5.9142102],[-41.9698213,-5.9190863],[-41.9716589,-6.044651],[-41.9995454,-6.0471149],[-41.9992502,-6.053363],[-42.060636,-6.0522191],[-42.0848831,-6.0669341],[-42.14211,-6.0471788]]]}},{"type":"Feature","properties":{"level":"municipio","municipality_code":"2209757","municipality_name":"São Gonçalo do Gurguéia","uf":"PI","state_code":"22","area_km2":1385.255},"geometry":{"type":"Polygon","coordinates":[[[-45.271654,-9.984999],[-45.265638,-9.979185],[-45.275034,-9.966946],[-45.256264,-9.95638],[-45.262882,-9.940787],[-45.2570955,-9.9356146],[-45.139928,-9.9357604],[-45.0275859,-9.9745157],[-45.106151,-10.1384186],[-45.1922185,-10.1446349],[-45.2857265,-10.2016164],[-45.3884577,-10.2446542],[-45.490691,-10.3010207],[-45.5143606,-10.2898366],[-45.5261867,-10.2369276],[-45.5565704,-10.2169013],[-45.5469303,-10.1770102],[-45.5132794,-10.163203],[-45.502454,-10.149195],[-45.516239,-10.135726],[-45.509904,-10.121898],[-45.524933,-10.063458],[-45.548319,-10.037396],[-45.557766,-10.013839],[-45.551845,-9.974313],[-45.271654,-9.984999]]]}},{"type":"Feature","properties":{"level":"municipio","municipality_code":"2209807","municipality_name":"São Gonçalo do Piauí","uf":"PI","state_code":"22","area_km2":150.495},"geometry":{"type":"Polygon","coordinates":[[[-42.7148658,-5.9662754],[-42.5798969,-5.9477234],[-42.5904884,-6.0155649],[-42.6298496,-6.0400959],[-42.6404362,-6.0898586],[-42.6608251,-6.0745233],[-42.6810655,-6.0739256],[-42.688577,-6.021878],[-42.7247115,-6.0207732],[-42.7370126,-6.0357351],[-42.739501,-6.023455],[-42.7364919,-6.0118262],[-42.7228998,-6.010744],[-42.7148658,-5.9662754]]]}},{"type":"Feature","properties":{"level":"municipio","municipality_code":"2210052","municipality_name":"São José do Divino","uf":"PI","state_code":"22","area_km2":319.367},"geometry":{"type":"Polygon","coordinates":[[[-41.8985432,-3.799468],[-41.9811088,-3.7840141],[-41.9754213,-3.6968669],[-41.95707,-3.676235],[-41.924459,-3.677058],[-41.8297501,-3.7534459],[-41.7131153,-3.7710101],[-41.6865522,-3.7814687],[-41.6864228,-3.7970069],[-41.8354988,-3.8484046],[-41.8655599,-3.8482526],[-41.9030836,-3.8869083],[-41.8985432,-3.799468]]]}},{"type":"Feature","properties":{"level":"municipio","municipality_code":"2210102","municipality_name":"São José do Peixe","uf":"PI","state_code":"22","area_km2":1287.174},"geometry":{"type":"Polygon","coordinates":[[[-42.5809144,-7.5839271],[-42.678542,-7.5914585],[-42.6822468,-7.4699588],[-42.8423183,-7.3543574],[-42.8155394,-7.2797518],[-42.7850157,-7.2950855],[-42.7262473,-7.1913564],[-42.7059838,-7.192158],[-42.6883722,-7.2633995],[-42.6977823,-7.2922537],[-42.6747254,-7.3101859],[-42.6599815,-7.3521493],[-42.6228615,-7.3526758],[-42.6044686,-7.3797723],[-42.5689069,-7.3927662],[-42.5317593,-7.3748366],[-42.3120973,-7.4315437],[-42.3192903,-7.4562497],[-42.3470577,-7.4802769],[-42.3831838,-7.5306009],[-42.4064363,-7.536096],[-42.4197981,-7.5244255],[-42.4485018,-7.535357],[-42.4887291,-7.5260024],[-42.4765034,-7.7017433],[-42.4823993,-7.8360379],[-42.5086886,-7.8425076],[-42.5841399,-7.6801643],[-42.5809144,-7.5839271]]]}},{"type":"Feature","properties":{"level":"municipio","municipality_code":"2210201","municipality_name":"São José do Piauí","uf":"PI","state_code":"22","area_km2":373.347},"geometry":{"type":"Polygon","coordinates":[[[-41.4150586,-6.7976548],[-41.3968848,-6.8612287],[-41.4114909,-6.879229],[-41.4115075,-6.9022874],[-41.4420005,-6.9121586],[-41.5095887,-6.9116535],[-41.5824351,-6.8706246],[-41.6079283,-6.8392025],[-41.5427127,-6.7383134],[-41.4796235,-6.7449299],[-41.4952993,-6.6677737],[-41.4417311,-6.6710049],[-41.4583248,-6.7432216],[-41.4254883,-6.7478516],[-41.4043704,-6.7779268],[-41.4150586,-6.7976548]]]}},{"type":"Feature","properties":{"level":"municipio","municipality_code":"2209856","municipality_name":"São João da Canabrava","uf":"PI","state_code":"22","area_km2":480.537},"geometry":{"type":"Polygon","coordinates":[[[-41.4583248,-6.7432216],[-41.4417311,-6.6710049],[-41.4952993,-6.6677737],[-41.5110973,-6.6082524],[-41.5084595,-6.5568846],[-41.4264515,-6.5658679],[-41.2819085,-6.6511307],[-41.2930877,-6.6746035],[-41.2740191,-6.6781884],[-41.3266805,-6.7504687],[-41.3089436,-6.7679767],[-41.3032871,-6.8004447],[-41.3326794,-6.8085504],[-41.3425611,-6.864093],[-41.3573839,-6.8731816],[-41.3789871,-6.8609339],[-41.3968848,-6.8612287],[-41.4150586,-6.7976548],[-41.4043704,-6.7779268],[-41.4254883,-6.7478516],[-41.4583248,-6.7432216]]]}},{"type":"Feature","properties":{"level":"municipio","municipality_code":"2209872","municipality_name":"São João da Fronteira","uf":"PI","state_code":"22","area_km2":817.111},"geometry":{"type":"Polygon","coordinates":[[[-41.2044766,-4.1460836],[-41.2242722,-4.1584828],[-41.2496459,-4.138462],[-41.2594123,-4.1444829],[-41.263099,-4.1617535],[-41.2943894,-4.1682126],[-41.3021437,-4.1472239],[-41.3129997,-4.1472221],[-41.3359646,-4.0514781],[-41.4848595,-4.0414846],[-41.2785934,-3.7699996],[-41.3132796,-3.739424],[-41.334198,-3.6839819],[-41.2908016,-3.689689],[-41.2382805,-3.7157686],[-41.2585189,-3.7327755],[-41.2611827,-3.7575427],[-41.2541229,-3.7750414],[-41.3008141,-3.8262989],[-41.2768563,-3.8256211],[-41.2677571,-3.8618499],[-41.2289134,-3.9117298],[-41.2202395,-3.9415055],[-41.2289347,-3.968103],[-41.24924,-3.9898697],[-41.2388289,-4.015405],[-41.2567269,-4.0348486],[-41.1855237,-4.017219],[-41.1718147,-4.0324776],[-41.1128693,-4.0417415],[-41.1271585,-4.0613897],[-41.1222352,-4.0771858],[-41.1431399,-4.1242337],[-41.1281146,-4.1393244],[-41.1183295,-4.1652241],[-41.0908856,-4.1703318],[-41.0981053,-4.1804614],[-41.1350378,-4.1768008],[-41.1425931,-4.1856656],[-41.163886,-4.1883053],[-41.1815297,-4.1598014],[-41.2044766,-4.1460836]]]}},{"type":"Feature","properties":{"level":"municipio","municipality_code":"2209906","municipality_name":"São João da Serra","uf":"PI","state_code":"22","area_km2":994.224},"geometry":{"type":"Polygon","coordinates":[[[-41.9146381,-5.6939746],[-42.1170291,-5.5999293],[-42.0536983,-5.5608784],[-42.029134,-5.5555707],[-42.0049735,-5.5294377],[-41.9902189,-5.493734],[-41.9694321,-5.4643669],[-41.9548857,-5.4562464],[-41.9575567,-5.4434228],[-41.938346,-5.389289],[-41.925246,-5.380934],[-41.888494,-5.377789],[-41.877389,-5.359598],[-41.830006,-5.353988],[-41.8426026,-5.3621236],[-41.834088,-5.3745304],[-41.819531,-5.3743137],[-41.7931619,-5.3994227],[-41.7793935,-5.3866897],[-41.7678898,-5.3991165],[-41.7737048,-5.4037175],[-41.7506654,-5.4070895],[-41.7541393,-5.4163645],[-41.7231825,-5.4218151],[-41.7305554,-5.4336991],[-41.7219752,-5.4324651],[-41.7078501,-5.4544552],[-41.6956471,-5.4585728],[-41.691948,-5.4362406],[-41.6748822,-5.4423427],[-41.6985612,-5.4822366],[-41.7344875,-5.5042707],[-41.7526605,-5.5340063],[-41.7458164,-5.5432387],[-41.7561729,-5.5569988],[-41.8019548,-5.5777397],[-41.7665566,-5.6326016],[-41.7683898,-5.7392344],[-41.8142969,-5.706197],[-41.9146381,-5.6939746]]]}},{"type":"Feature","properties":{"level":"municipio","municipality_code":"2209955","municipality_name":"São João da Varjota","uf":"PI","state_code":"22","area_km2":394.456},"geometry":{"type":"Polygon","coordinates":[[[-41.8798173,-7.0227973],[-41.9731909,-7.0142139],[-41.963739,-6.989662],[-42.002561,-6.951755],[-41.9902439,-6.9458827],[-41.991122,-6.919467],[-41.9650503,-6.8811009],[-41.9634784,-6.8601938],[-41.9359856,-6.8433933],[-41.9292244,-6.8301658],[-41.9162088,-6.8301927],[-41.8765375,-6.85865],[-41.8124953,-6.9399951],[-41.8083864,-6.9289697],[-41.7970078,-6.9876963],[-41.7806173,-6.9638899],[-41.7313505,-7.0168124],[-41.7784407,-7.0366687],[-41.8155098,-7.0660484],[-41.8605108,-7.0447899],[-41.898129,-7.051522],[-41.8784797,-7.0305177],[-41.8798173,-7.0227973]]]}},{"type":"Feature","properties":{"level":"municipio","municipality_code":"2209971","municipality_name":"São João do Arraial","uf":"PI","state_code":"22","area_km2":213.377},"geometry":{"type":"Polygon","coordinates":[[[-42.4900383,-3.8721212],[-42.5482243,-3.8041517],[-42.5286074,-3.7864125],[-42.5274223,-3.7725715],[-42.4884805,-3.7573199],[-42.464336,-3.769486],[-42.445493,-3.759871],[-42.442936,-3.744516],[-42.426946,-3.74887],[-42.4192827,-3.7435441],[-42.40263,-3.755602],[-42.376549,-3.752158],[-42.3678082,-3.7676397],[-42.3870618,-3.7817846],[-42.3930165,-3.8326779],[-42.3762735,-3.8763158],[-42.399106,-3.8984298],[-42.4144609,-3.8992067],[-42.4900383,-3.8721212]]]}},{"type":"Feature","properties":{"level":"municipio","municipality_code":"2210003","municipality_name":"São João do Piauí","uf":"PI","state_code":"22","area_km2":1527.497},"geometry":{"type":"Polygon","coordinates":[[[-42.2954561,-8.4492089],[-42.3334132,-8.398279],[-42.6080295,-8.3025503],[-42.5731357,-8.3047557],[-42.5373048,-8.2904628],[-42.536141,-8.2715873],[-42.5465542,-8.2471118],[-42.5332184,-8.224813],[-42.4921665,-8.2423464],[-42.4610121,-8.234541],[-42.469393,-8.1053407],[-42.5231549,-8.0811301],[-42.4419372,-8.0659401],[-42.4382438,-8.0745801],[-42.4015072,-8.0864519],[-42.3970223,-8.0968727],[-42.4204361,-8.1074254],[-42.4108068,-8.1324881],[-42.3962968,-8.1329497],[-42.2820616,-8.1936275],[-42.2468786,-8.2195823],[-42.2635155,-8.240944],[-42.2623657,-8.2612756],[-42.2209398,-8.2614651],[-42.1844555,-8.2764501],[-42.165553,-8.273242],[-42.142423,-8.247107],[-42.1492805,-8.2338449],[-42.137402,-8.2057925],[-42.0478373,-8.2764387],[-41.9874926,-8.295468],[-41.9240684,-8.2566951],[-41.9575527,-8.372728],[-41.9849464,-8.3264583],[-42.0339062,-8.461766],[-42.1530583,-8.4725083],[-42.1257066,-8.5665735],[-42.1580386,-8.5904168],[-42.1908144,-8.5086791],[-42.2954561,-8.4492089]]]}},{"type":"Feature","properties":{"level":"municipio","municipality_code":"2210300","municipality_name":"São Julião","uf":"PI","state_code":"22","area_km2":291.089},"geometry":{"type":"Polygon","coordinates":[[[-40.7673444,-7.1382964],[-40.844347,-7.1263317],[-40.8555311,-7.1295022],[-40.8562996,-7.1477908],[-40.8815936,-7.1573182],[-40.9115248,-7.1253895],[-40.9599077,-7.1076438],[-40.9133319,-7.0766155],[-40.8544322,-7.0203159],[-40.8600526,-6.9908533],[-40.83168,-6.983582],[-40.814003,-6.989511],[-40.8058135,-6.9810745],[-40.794343,-7.001029],[-40.761646,-7.0224982],[-40.7293975,-7.1026229],[-40.6933416,-7.1438974],[-40.6915893,-7.1597274],[-40.7295266,-7.1602848],[-40.7673444,-7.1382964]]]}},{"type":"Feature","properties":{"level":"municipio","municipality_code":"2210359","municipality_name":"São Lourenço do Piauí","uf":"PI","state_code":"22","area_km2":673.822},"geometry":{"type":"Polygon","coordinates":[[[-42.6436014,-9.3297104],[-42.685179,-9.292787],[-42.676735,-9.280225],[-42.686279,-9.198596],[-42.672649,-9.150457],[-42.631178,-9.086945],[-42.596146,-9.11541],[-42.5914049,-9.0657633],[-42.5388296,-9.0735338],[-42.5326241,-9.0827671],[-42.4813227,-9.0526424],[-42.4781442,-9.0816448],[-42.4527632,-9.1473087],[-42.439109,-9.0837945],[-42.4130593,-9.0342577],[-42.37807,-9.0183122],[-42.337204,-9.034352],[-42.357918,-9.080381],[-42.368371,-9.086472],[-42.367126,-9.10484],[-42.376516,-9.120269],[-42.369916,-9.124724],[-42.377935,-9.127309],[-42.370297,-9.130812],[-42.370045,-9.145681],[-42.36147,-9.14728],[-42.366321,-9.150399],[-42.356946,-9.153433],[-42.359057,-9.170967],[-42.330037,-9.177542],[-42.328657,-9.184943],[-42.369875,-9.187509],[-42.462908,-9.172355],[-42.4938831,-9.2564878],[-42.6436014,-9.3297104]]]}},{"type":"Feature","properties":{"level":"municipio","municipality_code":"2210375","municipality_name":"São Luis do Piauí","uf":"PI","state_code":"22","area_km2":217.924},"geometry":{"type":"Polygon","coordinates":[[[-41.3032871,-6.8004447],[-41.3089436,-6.7679767],[-41.3266805,-6.7504687],[-41.2740191,-6.6781884],[-41.1968966,-6.6794833],[-41.1888561,-6.7336644],[-41.1985239,-6.7464642],[-41.1975093,-6.7683675],[-41.2297955,-6.7928637],[-41.2204417,-6.8200257],[-41.2574603,-6.8304939],[-41.2660695,-6.8515569],[-41.3183422,-6.8526858],[-41.3208791,-6.867183],[-41.3425611,-6.864093],[-41.3349254,-6.8120547],[-41.3032871,-6.8004447]]]}},{"type":"Feature","properties":{"level":"municipio","municipality_code":"2210383","municipality_name":"São Miguel da Baixa Grande","uf":"PI","state_code":"22","area_km2":444.528},"geometry":{"type":"Polygon","coordinates":[[[-42.330085,-5.764069],[-42.323223,-5.718352],[-42.329784,-5.707064],[-42.319113,-5.686812],[-42.302674,-5.682152],[-42.304247,-5.653528],[-42.286536,-5.65835],[-42.2699,-5.64542],[-42.241106,-5.669996],[-42.2279274,-5.6714895],[-42.232614,-5.7742128],[-42.2033292,-5.7997272],[-42.2042468,-5.825327],[-42.1583305,-5.8352872],[-42.1478476,-5.8564672],[-42.1559617,-5.8806079],[-42.16319,-5.876047],[-42.170242,-5.884869],[-42.227975,-5.8921096],[-42.2323566,-5.9183357],[-42.2595058,-5.9597808],[-42.37213,-5.9416082],[-42.3695658,-5.9113221],[-42.311433,-5.840064],[-42.343366,-5.82085],[-42.338498,-5.81345],[-42.352411,-5.790853],[-42.346249,-5.77297],[-42.330085,-5.764069]]]}},{"type":"Feature","properties":{"level":"municipio","municipality_code":"2210391","municipality_name":"São Miguel do Fidalgo","uf":"PI","state_code":"22","area_km2":813.444},"geometry":{"type":"Polygon","coordinates":[[[-42.2991891,-7.627448],[-42.1892183,-7.7224154],[-42.3553759,-7.7239717],[-42.3931845,-7.7510847],[-42.4158126,-7.757153],[-42.4765034,-7.7017433],[-42.4887291,-7.5260024],[-42.4485018,-7.535357],[-42.4197981,-7.5244255],[-42.4064363,-7.536096],[-42.3918653,-7.5348336],[-42.3192903,-7.4562497],[-42.3120973,-7.4315437],[-42.2185147,-7.4380052],[-42.1703802,-7.5214945],[-42.219312,-7.6294515],[-42.2991891,-7.627448]]]}},{"type":"Feature","properties":{"level":"municipio","municipality_code":"2210409","municipality_name":"São Miguel do Tapuio","uf":"PI","state_code":"22","area_km2":4988.973},"geometry":{"type":"Polygon","coordinates":[[[-41.3678322,-5.4564239],[-41.3221593,-5.4501289],[-41.2903376,-5.4012877],[-41.2777561,-5.4135383],[-41.1881634,-5.3954743],[-41.1373735,-5.4242574],[-41.0470744,-5.4048231],[-41.0078019,-5.4176963],[-40.9778277,-5.4096508],[-40.958507,-5.4386339],[-40.936954,-5.4386793],[-40.9161925,-5.4638215],[-40.9291569,-5.4833344],[-40.928879,-5.5178483],[-40.9364546,-5.526388],[-40.9323823,-5.548897],[-40.9156645,-5.5643716],[-40.9010523,-5.6159092],[-40.9077581,-5.6423465],[-41.1678351,-5.6411549],[-41.1680039,-5.7859468],[-41.2589339,-5.8753735],[-41.259096,-6.1104477],[-41.3304845,-6.1331106],[-41.3183698,-6.1586337],[-41.3632106,-6.1775182],[-41.36807,-6.1471018],[-41.416408,-6.128595],[-41.5091569,-6.1498282],[-41.5001253,-6.1129425],[-41.5954896,-6.0915547],[-41.5959297,-6.0796391],[-41.6058638,-6.0871427],[-41.639177,-6.073829],[-41.6782629,-6.0328593],[-41.6560236,-5.9355472],[-41.7186557,-5.7874484],[-41.7414183,-5.7884674],[-41.7766376,-5.8046286],[-41.7840656,-5.7953516],[-41.8133421,-5.8163319],[-41.8438816,-5.8190168],[-41.881429,-5.8184033],[-41.8972863,-5.8031218],[-41.9322072,-5.8043335],[-41.9347977,-5.7953233],[-41.944009,-5.8066301],[-41.9551078,-5.7980688],[-41.971911,-5.8009404],[-41.9806742,-5.7751398],[-41.9985272,-5.7627553],[-42.0212203,-5.7699091],[-42.0509154,-5.7508537],[-42.0746547,-5.7458899],[-42.0846138,-5.7564859],[-42.0901756,-5.7429095],[-42.1053512,-5.7442102],[-42.098081,-5.7025499],[-42.1125137,-5.6854793],[-42.1102617,-5.6759114],[-42.1564594,-5.6516681],[-42.1416181,-5.6434959],[-42.1303587,-5.6026932],[-42.1170291,-5.5999293],[-41.9142135,-5.6941935],[-41.8142969,-5.706197],[-41.7683898,-5.7392344],[-41.7665566,-5.6326016],[-41.8019548,-5.5777397],[-41.7561729,-5.5569988],[-41.7458164,-5.5432387],[-41.7077227,-5.5594312],[-41.6635204,-5.5660426],[-41.6145008,-5.5969885],[-41.563505,-5.5899838],[-41.5229518,-5.5991974],[-41.5192468,-5.5766188],[-41.4469173,-5.5371556],[-41.4277432,-5.4802923],[-41.3735782,-5.4687591],[-41.3678322,-5.4564239]]]}},{"type":"Feature","properties":{"level":"municipio","municipality_code":"2210508","municipality_name":"São Pedro do Piauí","uf":"PI","state_code":"22","area_km2":518.288},"geometry":{"type":"Polygon","coordinates":[[[-42.7201014,-5.8171281],[-42.6559353,-5.8323426],[-42.6739278,-5.8795727],[-42.6861777,-5.9586975],[-42.7148658,-5.9662754],[-42.7228998,-6.010744],[-42.784886,-6.0156585],[-42.7803354,-5.9635175],[-42.7443777,-5.8498391],[-42.7774901,-5.8474465],[-42.8513163,-5.8701239],[-42.8537914,-5.8482501],[-42.941503,-5.7200688],[-42.9364345,-5.7044666],[-42.8140496,-5.6783688],[-42.8078807,-5.6976238],[-42.7669766,-5.6891795],[-42.7248349,-5.746762],[-42.7201014,-5.8171281]]]}},{"type":"Feature","properties":{"level":"municipio","municipality_code":"2210607","municipality_name":"São Raimundo Nonato","uf":"PI","state_code":"22","area_km2":2415.288},"geometry":{"type":"Polygon","coordinates":[[[-42.3671511,-8.908881],[-42.322346,-8.9959573],[-42.3324592,-9.0060774],[-42.337204,-9.034352],[-42.37807,-9.0183122],[-42.4130593,-9.0342577],[-42.439109,-9.0837945],[-42.4527632,-9.1473087],[-42.4781442,-9.0816448],[-42.4813227,-9.0526424],[-42.5326241,-9.0827671],[-42.5388296,-9.0735338],[-42.5914049,-9.0657633],[-42.596146,-9.11541],[-42.631178,-9.086945],[-42.672649,-9.150457],[-42.686279,-9.198596],[-42.676735,-9.280225],[-42.685179,-9.292787],[-42.642263,-9.331723],[-42.7323666,-9.3390229],[-42.7309531,-9.3585878],[-42.776333,-9.3656848],[-42.767537,-9.288407],[-42.826307,-9.282421],[-42.8345841,-9.2511475],[-42.7985559,-9.1945512],[-42.8113713,-9.1678905],[-42.7954316,-9.1371159],[-42.8018638,-9.1145672],[-42.8187698,-9.091057],[-42.900447,-9.027657],[-42.922218,-8.982103],[-42.9574956,-8.9461543],[-42.953223,-8.918211],[-42.9643923,-8.8443589],[-42.976938,-8.810715],[-42.9831781,-8.7102389],[-42.9563478,-8.7135766],[-42.8935946,-8.6985689],[-42.7259781,-8.6848427],[-42.7334892,-8.8006379],[-42.6039065,-8.7288188],[-42.5739676,-8.9074171],[-42.5586203,-8.9384786],[-42.5223768,-8.9073091],[-42.4902209,-8.9300286],[-42.4358461,-8.9448676],[-42.4082518,-8.9447166],[-42.4035145,-8.9533111],[-42.3671511,-8.908881]]]}},{"type":"Feature","properties":{"level":"municipio","municipality_code":"2210953","municipality_name":"Tamboril do Piauí","uf":"PI","state_code":"22","area_km2":1587.296},"geometry":{"type":"Polygon","coordinates":[[[-42.8919003,-8.3614843],[-42.868865,-8.4210569],[-42.8387456,-8.4507604],[-42.8409976,-8.4873041],[-42.8535883,-8.5105405],[-42.9054864,-8.507572],[-42.955542,-8.5186272],[-42.9823394,-8.5084427],[-43.004637,-8.5191198],[-43.0312562,-8.5686193],[-43.0443704,-8.578162],[-43.062005,-8.6192906],[-43.0593595,-8.6976282],[-43.0766908,-8.7401994],[-43.2608149,-8.7468466],[-43.2523968,-8.7281434],[-43.2661469,-8.6788744],[-43.2604244,-8.6352462],[-43.2728655,-8.6175167],[-43.2600282,-8.5937875],[-43.275668,-8.54152],[-43.2448633,-8.4956265],[-43.2366673,-8.3765386],[-43.2260492,-8.3618179],[-43.0007413,-8.2700781],[-42.9354085,-8.2249592],[-42.9117385,-8.2250703],[-42.9112056,-8.248996],[-42.8796388,-8.2772475],[-42.8915379,-8.3163373],[-42.8919003,-8.3614843]]]}},{"type":"Feature","properties":{"level":"municipio","municipality_code":"2210979","municipality_name":"Tanque do Piauí","uf":"PI","state_code":"22","area_km2":398.007},"geometry":{"type":"Polygon","coordinates":[[[-42.2544335,-6.7503621],[-42.3170785,-6.7052638],[-42.3348399,-6.7295431],[-42.3588326,-6.71975],[-42.3657875,-6.7099006],[-42.3618036,-6.6803778],[-42.3754373,-6.6766993],[-42.3564756,-6.528509],[-42.3094626,-6.5140099],[-42.3054844,-6.5898517],[-42.2055552,-6.6248518],[-42.1827466,-6.6472185],[-42.1461683,-6.642547],[-42.137607,-6.7321],[-42.1649374,-6.755807],[-42.1632245,-6.7665874],[-42.2544335,-6.7503621]]]}},{"type":"Feature","properties":{"level":"municipio","municipality_code":"2211001","municipality_name":"Teresina","uf":"PI","state_code":"22","area_km2":1391.293},"geometry":{"type":"Polygon","coordinates":[[[-42.7989936,-5.1896781],[-42.8182455,-5.0975515],[-42.8395505,-5.064114],[-42.8632006,-4.9681237],[-42.8539165,-4.9372598],[-42.8685756,-4.9268416],[-42.8927143,-4.8879913],[-42.8158618,-4.7862778],[-42.7886124,-4.8176118],[-42.7313893,-4.8238231],[-42.7128649,-4.905642],[-42.6340996,-4.9132288],[-42.6017953,-4.9042777],[-42.6015258,-5.2518798],[-42.6337243,-5.2468265],[-42.6601458,-5.2763471],[-42.6790979,-5.2727053],[-42.7488596,-5.3390941],[-42.7486485,-5.541274],[-42.811062,-5.501265],[-42.819338,-5.524263],[-42.846304,-5.535909],[-42.846906,-5.546594],[-42.861614,-5.560369],[-42.855785,-5.570507],[-42.9146476,-5.5560449],[-42.9417924,-5.5866025],[-42.9551062,-5.5673242],[-42.9706666,-5.5617031],[-42.960415,-5.548462],[-42.9433536,-5.5355189],[-42.9100611,-5.5425359],[-42.8926948,-5.5262403],[-42.847025,-5.525263],[-42.8512507,-5.4908742],[-42.8110373,-5.4977976],[-42.7735796,-5.4472662],[-42.7532734,-5.3524496],[-42.7624554,-5.3370887],[-42.8157539,-5.3180391],[-42.8122357,-5.2823751],[-42.8294846,-5.2392642],[-42.7989936,-5.1896781]]]}},{"type":"Feature","properties":{"level":"municipio","municipality_code":"2211100","municipality_name":"União","uf":"PI","state_code":"22","area_km2":1170.759},"geometry":{"type":"Polygon","coordinates":[[[-42.5816036,-4.4270521],[-42.6720746,-4.4766656],[-42.6806628,-4.5420629],[-42.6142851,-4.6063065],[-42.7173516,-4.7026844],[-42.7131649,-4.716564],[-42.7224634,-4.7121579],[-42.778329,-4.7638172],[-42.7886124,-4.8176118],[-42.8158618,-4.7862778],[-42.8927143,-4.8879913],[-42.8974052,-4.8426144],[-42.9386462,-4.8092127],[-42.9479303,-4.7885671],[-42.9489948,-4.7664248],[-42.9262348,-4.7506827],[-42.9208598,-4.7320806],[-42.9246712,-4.7191271],[-42.9470482,-4.7030191],[-42.9529144,-4.6828947],[-42.9161689,-4.6514334],[-42.8729733,-4.5816875],[-42.8665233,-4.5662958],[-42.8750876,-4.5365171],[-42.8521698,-4.5059709],[-42.8503983,-4.4844606],[-42.8535976,-4.4743222],[-42.8772744,-4.4616696],[-42.8710854,-4.4300212],[-42.8800097,-4.4158678],[-42.9272121,-4.3851744],[-42.9562052,-4.3842053],[-42.963457,-4.3539761],[-42.8862604,-4.3639634],[-42.8121463,-4.3984803],[-42.7112997,-4.3977363],[-42.5816036,-4.4270521]]]}},{"type":"Feature","properties":{"level":"municipio","municipality_code":"2211209","municipality_name":"Uruçuí","uf":"PI","state_code":"22","area_km2":8413.002},"geometry":{"type":"Polygon","coordinates":[[[-44.842060553611596,-8.265084514719916],[-44.985329,-7.4810168],[-44.9248163,-7.4705294],[-44.9004353,-7.4254106],[-44.8697051,-7.4230572],[-44.8480283,-7.3865659],[-44.8206005,-7.375623],[-44.8164962,-7.3608938],[-44.7803456,-7.3785175],[-44.7419808,-7.3617039],[-44.7299293,-7.3907703],[-44.7110963,-7.3981818],[-44.6895567,-7.3954617],[-44.6627305,-7.3313481],[-44.6158702,-7.3086662],[-44.5641953,-7.227708],[-44.5251494,-7.2219993],[-44.5052426,-7.1867558],[-44.4620959,-7.1600911],[-44.4306277,-7.1515581],[-44.3860639,-7.1209154],[-44.3273786,-7.1101512],[-44.3129149,-7.1186365],[-44.3288623,-7.1613523],[-44.3245259,-7.170401],[-44.333,-7.2082103],[-44.351688,-7.2277729],[-44.2975381,-7.2634894],[-44.3390802,-7.2988245],[-44.3552972,-7.3288386],[-44.353407,-7.424889],[-44.144549,-7.544141],[-44.4084275,-8.4618296],[-44.842060553611596,-8.265084514719916]]]}},{"type":"Feature","properties":{"level":"municipio","municipality_code":"2211308","municipality_name":"Valença do Piauí","uf":"PI","state_code":"22","area_km2":1333.722},"geometry":{"type":"Polygon","coordinates":[[[-41.6712018,-6.2759405],[-41.6251564,-6.2757617],[-41.6082529,-6.2597214],[-41.5978308,-6.2656701],[-41.5922459,-6.2577385],[-41.5744977,-6.2573106],[-41.5572227,-6.2619564],[-41.5618255,-6.2728446],[-41.5356809,-6.2839884],[-41.5268974,-6.2777651],[-41.5219992,-6.2863446],[-41.5124685,-6.2828405],[-41.5209574,-6.3128155],[-41.5747064,-6.3389606],[-41.6652667,-6.460409],[-41.6644744,-6.4874957],[-41.6890436,-6.519478],[-41.6894733,-6.5315855],[-41.7236243,-6.5289464],[-41.7287854,-6.5593651],[-41.8396072,-6.5697106],[-41.8610479,-6.6047602],[-41.8765198,-6.5882724],[-41.8792503,-6.5734093],[-41.9179535,-6.5328063],[-41.8935141,-6.5407573],[-41.8984382,-6.4107655],[-42.0298927,-6.2988113],[-42.0209454,-6.2845986],[-42.0474168,-6.2802565],[-42.0338594,-6.2639041],[-42.0363717,-6.2576491],[-42.0229846,-6.2503213],[-42.02877,-6.2404431],[-42.0192693,-6.2003043],[-41.9532306,-6.1805899],[-41.9143044,-6.2000536],[-41.909383,-6.1894563],[-41.8895589,-6.2039554],[-41.8731651,-6.2022495],[-41.8659664,-6.2176978],[-41.8266513,-6.2329171],[-41.7979723,-6.257293],[-41.7513592,-6.2513604],[-41.7460575,-6.2587762],[-41.7295241,-6.2592657],[-41.7239747,-6.2703569],[-41.7029858,-6.2640522],[-41.6962864,-6.2697971],[-41.6836247,-6.2655148],[-41.6712018,-6.2759405]]]}},{"type":"Feature","properties":{"level":"municipio","municipality_code":"2211506","municipality_name":"Vera Mendes","uf":"PI","state_code":"22","area_km2":341.974},"geometry":{"type":"Polygon","coordinates":[[[-41.510078,-7.6743843],[-41.6465479,-7.6224011],[-41.6308137,-7.5481765],[-41.5468636,-7.5193184],[-41.5373479,-7.5376602],[-41.5222413,-7.5406344],[-41.515574,-7.5529627],[-41.4907078,-7.5262315],[-41.4274807,-7.5380805],[-41.3857138,-7.5566472],[-41.4308785,-7.6214434],[-41.4582721,-7.6955482],[-41.4695397,-7.6978141],[-41.510078,-7.6743843]]]}},{"type":"Feature","properties":{"level":"municipio","municipality_code":"2211605","municipality_name":"Vila Nova do Piauí","uf":"PI","state_code":"22","area_km2":221.627},"geometry":{"type":"Polygon","coordinates":[[[-40.8636823,-7.1754181],[-40.8831035,-7.2411358],[-40.8727071,-7.2617031],[-40.9722345,-7.3052955],[-40.9917991,-7.2520754],[-40.9800582,-7.2159467],[-40.9914606,-7.2003794],[-40.9975866,-7.137316],[-40.9599077,-7.1076438],[-40.9097442,-7.1265581],[-40.8636823,-7.1754181]]]}},{"type":"Feature","properties":{"level":"municipio","municipality_code":"2211357","municipality_name":"Várzea Branca","uf":"PI","state_code":"22","area_km2":450.429},"geometry":{"type":"Polygon","coordinates":[[[-42.8296592,-9.2784603],[-42.767537,-9.288407],[-42.778946,-9.376293],[-42.8279597,-9.3699056],[-42.8670018,-9.3855182],[-42.874725,-9.380428],[-42.8874881,-9.4071952],[-42.941818,-9.4114226],[-42.9586673,-9.4283928],[-42.9702569,-9.4095198],[-42.9878631,-9.4013385],[-43.0577859,-9.4185337],[-43.0619832,-9.3834674],[-43.0529625,-9.3342108],[-43.0226503,-9.3186498],[-42.9656274,-9.3080118],[-42.985978,-9.265411],[-42.9893404,-9.2183184],[-42.9665278,-9.182597],[-42.9757433,-9.1571506],[-42.9690827,-9.1467419],[-42.9389023,-9.201156],[-42.900722,-9.216882],[-42.913323,-9.229943],[-42.916029,-9.248458],[-42.898642,-9.258721],[-42.900578,-9.27343],[-42.865634,-9.306773],[-42.856344,-9.271641],[-42.8345841,-9.2511475],[-42.8296592,-9.2784603]]]}},{"type":"Feature","properties":{"level":"municipio","municipality_code":"2211407","municipality_name":"Várzea Grande","uf":"PI","state_code":"22","area_km2":236.453},"geometry":{"type":"Polygon","coordinates":[[[-42.2055552,-6.6248518],[-42.3054844,-6.5898517],[-42.3098186,-6.507198],[-42.1899681,-6.4612159],[-42.1864631,-6.4881084],[-42.1457,-6.5490855],[-42.164619,-6.557137],[-42.1540729,-6.6154397],[-42.158308,-6.6353333],[-42.145224,-6.6424899],[-42.1827466,-6.6472185],[-42.2055552,-6.6248518]]]}},{"type":"Feature","properties":{"level":"municipio","municipality_code":"2211704","municipality_name":"Wall Ferraz","uf":"PI","state_code":"22","area_km2":270.427},"geometry":{"type":"Polygon","coordinates":[[[-41.8729718,-7.2917624],[-41.9527065,-7.3231471],[-42.005567,-7.2487669],[-41.9462181,-7.2218921],[-41.9196886,-7.1847195],[-41.8411324,-7.1998655],[-41.7861665,-7.2464931],[-41.79321,-7.275314],[-41.776022,-7.304654],[-41.782004,-7.312454],[-41.777986,-7.339073],[-41.787379,-7.354109],[-41.8196027,-7.3576251],[-41.8729718,-7.2917624]]]}},{"type":"Feature","properties":{"level":"municipio","municipality_code":"2200202","municipality_name":"Água Branca","uf":"PI","state_code":"22","area_km2":96.842},"geometry":{"type":"Polygon","coordinates":[[[-42.613552,-5.88806],[-42.58589,-5.903171],[-42.5846819,-5.9203317],[-42.5480895,-5.9330418],[-42.5478247,-5.943798],[-42.6861777,-5.9586975],[-42.6765702,-5.8966382],[-42.661789,-5.8945938],[-42.6594778,-5.8642843],[-42.601827,-5.853417],[-42.613552,-5.88806]]]}}]}