{"type":"FeatureCollection","name":"PR_Municipios_2024","crs":{"type":"name","properties":{"name":"urn:ogc:def:crs:EPSG::4674"}},"features":[{"type":"Feature","properties":{"level":"municipio","municipality_code":"4100103","municipality_name":"Abatiá","uf":"PR","state_code":"41","area_km2":228.717},"geometry":{"type":"Polygon","coordinates":[[[-50.3170948,-23.3559384],[-50.379062,-23.3598174],[-50.3857536,-23.3484931],[-50.4094081,-23.3369769],[-50.4145856,-23.323794],[-50.4600974,-23.3082394],[-50.4811016,-23.2682833],[-50.4664246,-23.2601322],[-50.4724197,-23.2710141],[-50.4626401,-23.2759001],[-50.4671978,-23.2844242],[-50.4562745,-23.293276],[-50.4496386,-23.2865551],[-50.4389419,-23.290297],[-50.4386619,-23.2806176],[-50.4106659,-23.2858211],[-50.3813044,-23.2789241],[-50.3589155,-23.2853528],[-50.3460105,-23.2998525],[-50.3338544,-23.2986414],[-50.3025885,-23.257272],[-50.2807303,-23.2501125],[-50.2733973,-23.254944],[-50.2706048,-23.2481886],[-50.2561237,-23.2484749],[-50.2515529,-23.2557377],[-50.2530547,-23.2452814],[-50.2341483,-23.238105],[-50.2324352,-23.225538],[-50.2249388,-23.2244289],[-50.2282551,-23.2338399],[-50.2223183,-23.2380676],[-50.2047212,-23.2325468],[-50.2022814,-23.2481412],[-50.2127331,-23.2609297],[-50.1914679,-23.2836985],[-50.2060979,-23.2869266],[-50.1997812,-23.2943905],[-50.2046669,-23.3038805],[-50.2220725,-23.3061511],[-50.2123003,-23.3162046],[-50.2194712,-23.3220034],[-50.2182159,-23.3491335],[-50.2308022,-23.3497584],[-50.2333838,-23.3572685],[-50.2729483,-23.3580968],[-50.2987948,-23.3704423],[-50.3055753,-23.3828485],[-50.3170948,-23.3559384]]]}},{"type":"Feature","properties":{"level":"municipio","municipality_code":"4100202","municipality_name":"Adrianópolis","uf":"PR","state_code":"41","area_km2":1349.311},"geometry":{"type":"Polygon","coordinates":[[[-48.8524825,-24.8279703],[-48.9669161,-24.9117111],[-48.9917783,-24.9168224],[-48.9948949,-24.9239418],[-49.1053929,-24.8922728],[-49.0754319,-24.8527684],[-49.0612602,-24.7908097],[-49.0692481,-24.7781163],[-49.0800609,-24.782123],[-49.1067101,-24.7679166],[-49.1088922,-24.726772],[-49.1359997,-24.710275],[-49.139157,-24.6947497],[-49.129819,-24.6819267],[-49.1103419,-24.6880225],[-49.1044047,-24.6745183],[-49.0970872,-24.6818741],[-49.0852443,-24.6799337],[-49.0832074,-24.672243],[-49.0690677,-24.6848678],[-49.0542077,-24.6823793],[-49.0373997,-24.6604197],[-49.0328746,-24.6419422],[-49.0409828,-24.6432817],[-49.0400336,-24.6368465],[-49.0183748,-24.6426165],[-49.0046777,-24.6332389],[-48.9992665,-24.6378551],[-49.0054025,-24.6391326],[-49.009427,-24.6603693],[-48.9909288,-24.6552439],[-48.9878588,-24.6659022],[-48.9632894,-24.6732153],[-48.9584529,-24.6852832],[-48.9424746,-24.6722761],[-48.9152604,-24.6829124],[-48.9099285,-24.6707158],[-48.8653947,-24.6673262],[-48.8519011,-24.6750054],[-48.8472364,-24.6711191],[-48.8585049,-24.6576999],[-48.8404009,-24.6649768],[-48.8273144,-24.6544533],[-48.8096793,-24.6758165],[-48.7882067,-24.6811894],[-48.7786516,-24.6967322],[-48.7572865,-24.6798543],[-48.75242,-24.6951801],[-48.7345363,-24.6844817],[-48.703812,-24.6803821],[-48.6898911,-24.6938522],[-48.6940875,-24.6706835],[-48.6787241,-24.670888],[-48.6714732,-24.679302],[-48.6770593,-24.6925268],[-48.6715092,-24.6986691],[-48.6771952,-24.6984111],[-48.6604873,-24.7067569],[-48.6581731,-24.692048],[-48.641642,-24.6896675],[-48.6453145,-24.6815252],[-48.6378107,-24.6776683],[-48.6281735,-24.6805107],[-48.6166197,-24.6686732],[-48.6040298,-24.6682968],[-48.589253,-24.6805303],[-48.5820349,-24.6707016],[-48.5691973,-24.7008116],[-48.5306392,-24.7301345],[-48.53084,-24.7383894],[-48.4993063,-24.7389676],[-48.5167241,-24.7801821],[-48.555754,-24.8062038],[-48.5666761,-24.8639577],[-48.5497301,-24.8674963],[-48.5447856,-24.8789638],[-48.5583439,-24.8845859],[-48.5593072,-24.9011832],[-48.5720602,-24.8950131],[-48.5664292,-24.9167996],[-48.5768276,-24.9149242],[-48.5876714,-24.9279667],[-48.6294886,-24.9239363],[-48.6497136,-24.9444649],[-48.6551045,-24.9347248],[-48.6724151,-24.9300187],[-48.6702255,-24.9211931],[-48.701446,-24.91467],[-48.7040622,-24.9225373],[-48.7127629,-24.9159293],[-48.7187419,-24.8775448],[-48.7307662,-24.8683362],[-48.8380139,-24.8684712],[-48.8319756,-24.8582021],[-48.8524825,-24.8279703]]]}},{"type":"Feature","properties":{"level":"municipio","municipality_code":"4100301","municipality_name":"Agudos do Sul","uf":"PR","state_code":"41","area_km2":192.261},"geometry":{"type":"Polygon","coordinates":[[[-49.3473281,-26.0724314],[-49.3763507,-26.0592274],[-49.3693624,-26.0349382],[-49.3774528,-25.9884421],[-49.3707799,-25.9577307],[-49.3609528,-25.9507114],[-49.3282051,-25.9561701],[-49.3092317,-25.9426025],[-49.2931998,-25.9681737],[-49.2587084,-25.9768217],[-49.2470978,-25.9689308],[-49.2369255,-25.9787877],[-49.232898,-26.0287465],[-49.2522881,-26.0474299],[-49.2557627,-26.0679584],[-49.2667511,-26.0668771],[-49.2674519,-26.0814301],[-49.2934125,-26.0823822],[-49.2891378,-26.1024695],[-49.2999501,-26.1039266],[-49.3023671,-26.1132907],[-49.3217042,-26.1099799],[-49.3572977,-26.1388779],[-49.3621422,-26.1340213],[-49.353012,-26.1181938],[-49.3473281,-26.0724314]]]}},{"type":"Feature","properties":{"level":"municipio","municipality_code":"4100400","municipality_name":"Almirante Tamandaré","uf":"PR","state_code":"41","area_km2":194.228},"geometry":{"type":"Polygon","coordinates":[[[-49.2598309,-25.3043844],[-49.2294964,-25.3498408],[-49.2738944,-25.3452392],[-49.2848364,-25.3771662],[-49.2954716,-25.3757444],[-49.3026566,-25.3869504],[-49.3427167,-25.3448399],[-49.3707297,-25.3426753],[-49.3962075,-25.3262711],[-49.3825501,-25.3098323],[-49.4028857,-25.3012668],[-49.4164784,-25.2647776],[-49.4521954,-25.2438347],[-49.4287397,-25.2439748],[-49.3905502,-25.2633239],[-49.3721485,-25.2557192],[-49.3487026,-25.231664],[-49.337148,-25.2413211],[-49.3015371,-25.2245735],[-49.2565649,-25.2315332],[-49.2512862,-25.2396429],[-49.2683093,-25.2555085],[-49.2529155,-25.2826319],[-49.2610179,-25.289363],[-49.2534166,-25.294465],[-49.2598309,-25.3043844]]]}},{"type":"Feature","properties":{"level":"municipio","municipality_code":"4100459","municipality_name":"Altamira do Paraná","uf":"PR","state_code":"41","area_km2":386.945},"geometry":{"type":"Polygon","coordinates":[[[-52.718403,-24.8565826],[-52.7319038,-24.8631524],[-52.7412904,-24.8550594],[-52.740653,-24.8824152],[-52.7737294,-24.8578565],[-52.7491261,-24.8598676],[-52.7510622,-24.8488745],[-52.7712179,-24.8389384],[-52.762358,-24.8276303],[-52.7736315,-24.8314492],[-52.7750237,-24.8465003],[-52.7963604,-24.8444297],[-52.807327,-24.8272555],[-52.7889561,-24.8189787],[-52.7757825,-24.8050512],[-52.7789572,-24.8002237],[-52.7989025,-24.7974118],[-52.8052574,-24.809225],[-52.8199452,-24.8075958],[-52.8313319,-24.8154678],[-52.8520628,-24.7918118],[-52.8717122,-24.8031108],[-52.8661244,-24.7905641],[-52.8784506,-24.7850794],[-52.8594048,-24.7837115],[-52.8649979,-24.7654517],[-52.8543541,-24.7637161],[-52.861227,-24.7358113],[-52.8280601,-24.7435244],[-52.8391936,-24.73137],[-52.825527,-24.7227182],[-52.8192842,-24.7368481],[-52.8018345,-24.7442946],[-52.7976452,-24.7286272],[-52.8204437,-24.7197627],[-52.8055577,-24.7177756],[-52.7800066,-24.735056],[-52.7736469,-24.7507282],[-52.7643364,-24.747275],[-52.7550089,-24.7280068],[-52.7489191,-24.7322436],[-52.7522508,-24.7467515],[-52.737918,-24.7359696],[-52.7329998,-24.7471127],[-52.7205821,-24.7414831],[-52.6980693,-24.7491665],[-52.6916669,-24.7538884],[-52.7069678,-24.7681969],[-52.7013369,-24.7791936],[-52.6878606,-24.7573591],[-52.6687163,-24.7736937],[-52.6571876,-24.7683556],[-52.6302926,-24.7793352],[-52.6247623,-24.775072],[-52.6324379,-24.7597962],[-52.6028555,-24.7667549],[-52.6192839,-24.772136],[-52.6068301,-24.7735994],[-52.6052812,-24.7819538],[-52.5909116,-24.7839594],[-52.5871411,-24.774767],[-52.5937969,-24.7666973],[-52.5690197,-24.7609379],[-52.5403272,-24.7697655],[-52.5362629,-24.7779628],[-52.5457228,-24.786421],[-52.5371955,-24.8030881],[-52.5445479,-24.8266521],[-52.5346781,-24.8495886],[-52.5607448,-24.8514846],[-52.5746919,-24.8682519],[-52.5972904,-24.8739301],[-52.6024377,-24.896423],[-52.621655,-24.8981966],[-52.6312218,-24.9150548],[-52.6382733,-24.9076549],[-52.6452205,-24.9104557],[-52.6418653,-24.9190802],[-52.6549513,-24.910199],[-52.6544267,-24.9293482],[-52.6854756,-24.9296902],[-52.6560907,-24.8972235],[-52.6988289,-24.8933456],[-52.6849382,-24.8789672],[-52.713051,-24.8725255],[-52.718403,-24.8565826]]]}},{"type":"Feature","properties":{"level":"municipio","municipality_code":"4100608","municipality_name":"Alto Paraná","uf":"PR","state_code":"41","area_km2":407.719},"geometry":{"type":"Polygon","coordinates":[[[-52.3711419,-22.978843],[-52.3632916,-22.9688112],[-52.3756083,-22.9370054],[-52.3712255,-22.9296754],[-52.3582977,-22.9311302],[-52.3136047,-22.90763],[-52.2702141,-22.9139538],[-52.2842157,-22.9678726],[-52.2583307,-22.9931575],[-52.2473559,-23.0257337],[-52.2528513,-23.0644149],[-52.2331309,-23.1407181],[-52.2438351,-23.1713515],[-52.257995,-23.1678357],[-52.3144102,-23.1941454],[-52.3818042,-23.1987369],[-52.4205196,-23.2341079],[-52.4209148,-23.14106],[-52.3808401,-23.0779227],[-52.3625656,-23.0703863],[-52.3477927,-23.0423044],[-52.3627587,-23.0273114],[-52.3711419,-22.978843]]]}},{"type":"Feature","properties":{"level":"municipio","municipality_code":"4128625","municipality_name":"Alto Paraíso","uf":"PR","state_code":"41","area_km2":967.772},"geometry":{"type":"Polygon","coordinates":[[[-53.9237257,-23.6600876],[-54.0306365,-23.6282487],[-54.0043425,-23.51108],[-53.9865967,-23.4647936],[-53.9720213,-23.4478427],[-53.9251151,-23.4431501],[-53.8160218,-23.3856449],[-53.7754879,-23.3751314],[-53.7622435,-23.359342],[-53.6541867,-23.4725832],[-53.6637228,-23.5850157],[-53.6553358,-23.5925266],[-53.6511501,-23.618919],[-53.6570216,-23.6540125],[-53.6800151,-23.6671491],[-53.7179306,-23.6743521],[-53.8585592,-23.6601402],[-53.8799692,-23.6644868],[-53.9144371,-23.653943],[-53.9237257,-23.6600876]]]}},{"type":"Feature","properties":{"level":"municipio","municipality_code":"4100707","municipality_name":"Alto Piquiri","uf":"PR","state_code":"41","area_km2":447.666},"geometry":{"type":"Polygon","coordinates":[[[-53.4362986,-24.1120374],[-53.5191379,-24.0503995],[-53.412786,-23.9295052],[-53.3530463,-23.978468],[-53.3370625,-24.0136543],[-53.3408207,-24.0493754],[-53.3202382,-24.0801428],[-53.3253887,-24.0986534],[-53.3188682,-24.1119717],[-53.3260336,-24.1295189],[-53.3221695,-24.1569111],[-53.3118691,-24.1712412],[-53.3236834,-24.1745668],[-53.3173358,-24.1856511],[-53.328253,-24.1801491],[-53.320847,-24.1983945],[-53.3266476,-24.2135575],[-53.3380798,-24.2171655],[-53.3370966,-24.2323301],[-53.3621019,-24.2516513],[-53.4302803,-24.2402648],[-53.4811296,-24.2181236],[-53.4362986,-24.1120374]]]}},{"type":"Feature","properties":{"level":"municipio","municipality_code":"4100509","municipality_name":"Altônia","uf":"PR","state_code":"41","area_km2":661.56},"geometry":{"type":"Polygon","coordinates":[[[-53.7899172,-23.8268295],[-53.7447208,-23.8946478],[-53.7476424,-23.9304976],[-53.7388416,-23.9508525],[-53.8964896,-23.9442943],[-53.924243,-23.9599717],[-53.9540881,-24.006289],[-53.9662074,-24.0024261],[-53.9726991,-23.9821652],[-53.9920661,-23.9824148],[-54.0172401,-24.0153272],[-54.055834,-24.0365497],[-54.1690081,-23.9989943],[-54.1297086,-23.9821083],[-54.0980444,-23.9439205],[-54.0799057,-23.8889783],[-54.0881053,-23.8445303],[-54.0836061,-23.8054929],[-53.9826872,-23.8169036],[-53.9610142,-23.8028994],[-53.9373494,-23.8128406],[-53.9099693,-23.7913157],[-53.836155,-23.8116034],[-53.8028552,-23.8104439],[-53.7688807,-23.8177146],[-53.7899172,-23.8268295]]]}},{"type":"Feature","properties":{"level":"municipio","municipality_code":"4100806","municipality_name":"Alvorada do Sul","uf":"PR","state_code":"41","area_km2":424.25},"geometry":{"type":"Polygon","coordinates":[[[-51.2079666,-22.9667724],[-51.2719172,-22.9248533],[-51.3219948,-22.9116408],[-51.3281424,-22.9195032],[-51.3355223,-22.9153041],[-51.3288743,-22.8983862],[-51.3429724,-22.8994299],[-51.3400179,-22.8889723],[-51.3283087,-22.8895404],[-51.3382282,-22.8819296],[-51.3276451,-22.8684766],[-51.3351289,-22.8673884],[-51.329986,-22.8513341],[-51.3394178,-22.8405864],[-51.3125052,-22.8269631],[-51.3074268,-22.8117711],[-51.3146486,-22.8032315],[-51.3074226,-22.7950874],[-51.3204765,-22.7795879],[-51.3147888,-22.7651438],[-51.3283719,-22.7683239],[-51.3354845,-22.7485446],[-51.3300864,-22.7362001],[-51.3416759,-22.7420408],[-51.3400906,-22.7229293],[-51.3454217,-22.7144177],[-51.3558975,-22.7154402],[-51.3429787,-22.7003757],[-51.3368419,-22.7022571],[-51.3424548,-22.6957453],[-51.3359571,-22.6919911],[-51.3330432,-22.6670807],[-51.306495,-22.6744902],[-51.2651999,-22.6676974],[-51.228336,-22.7160172],[-51.1759642,-22.7388064],[-51.1840769,-22.7715276],[-51.1650821,-22.8158322],[-51.1692067,-22.8358158],[-51.1545931,-22.8549804],[-51.1623822,-22.8596449],[-51.1583949,-22.8744595],[-51.1680199,-22.8939422],[-51.1971463,-22.9156055],[-51.2106447,-22.9540898],[-51.2079666,-22.9667724]]]}},{"type":"Feature","properties":{"level":"municipio","municipality_code":"4100905","municipality_name":"Amaporã","uf":"PR","state_code":"41","area_km2":384.735},"geometry":{"type":"Polygon","coordinates":[[[-52.9186818,-23.083065],[-52.8845523,-23.0230125],[-52.8559699,-23.0326749],[-52.8259241,-23.058139],[-52.7930466,-23.0073405],[-52.7611242,-23.0059195],[-52.7276552,-23.0311364],[-52.7151893,-23.0586927],[-52.7499662,-23.1091143],[-52.7724886,-23.17976],[-52.7973349,-23.1848595],[-52.7977426,-23.1990234],[-52.8120869,-23.2183652],[-52.8496298,-23.2291415],[-52.8551995,-23.2643609],[-52.8928184,-23.2742856],[-52.9211098,-23.2716928],[-52.9386186,-23.2569071],[-52.9176679,-23.2258625],[-52.9093162,-23.2257271],[-52.9163869,-23.1971738],[-52.903987,-23.1724465],[-52.9186818,-23.083065]]]}},{"type":"Feature","properties":{"level":"municipio","municipality_code":"4101002","municipality_name":"Ampére","uf":"PR","state_code":"41","area_km2":298.349},"geometry":{"type":"Polygon","coordinates":[[[-53.4866746,-25.9840218],[-53.5071922,-25.9896668],[-53.5041007,-25.9769186],[-53.5148241,-25.9730133],[-53.5171513,-25.9633487],[-53.5243672,-25.9676789],[-53.5254455,-25.960004],[-53.5303768,-25.9693693],[-53.5368821,-25.9628319],[-53.5388049,-25.9708577],[-53.5507417,-25.9541229],[-53.5848221,-25.9559495],[-53.5614094,-25.9367785],[-53.5456267,-25.9366775],[-53.5551631,-25.9279788],[-53.5859176,-25.927606],[-53.5804031,-25.9141709],[-53.5865756,-25.9060894],[-53.5745167,-25.9007173],[-53.590057,-25.8887111],[-53.5687476,-25.8964968],[-53.5560845,-25.88877],[-53.6014474,-25.8635704],[-53.5840092,-25.8592503],[-53.5704389,-25.8648504],[-53.571081,-25.8373257],[-53.5872147,-25.8442875],[-53.588436,-25.8289056],[-53.582681,-25.8238047],[-53.5649741,-25.8287082],[-53.5804131,-25.8175502],[-53.6053021,-25.8234003],[-53.5949082,-25.8004196],[-53.5871042,-25.7961832],[-53.5478443,-25.8120692],[-53.5333192,-25.8322268],[-53.4967209,-25.8102891],[-53.4805527,-25.8616917],[-53.4573374,-25.882134],[-53.3900014,-25.9178029],[-53.3469246,-25.926847],[-53.3516557,-25.9429886],[-53.3456987,-25.9474667],[-53.3708958,-25.9668804],[-53.3761181,-25.9858394],[-53.3787172,-26.0007452],[-53.3618133,-26.0104529],[-53.3649858,-26.0203141],[-53.3742353,-26.0098185],[-53.3990057,-26.0095815],[-53.4190993,-25.9936552],[-53.4648371,-26.0038685],[-53.4714064,-25.9909756],[-53.4840034,-25.9942406],[-53.4866746,-25.9840218]]]}},{"type":"Feature","properties":{"level":"municipio","municipality_code":"4101051","municipality_name":"Anahy","uf":"PR","state_code":"41","area_km2":102.895},"geometry":{"type":"Polygon","coordinates":[[[-53.1459866,-24.7123589],[-53.2225426,-24.6681567],[-53.1751942,-24.6344248],[-53.162335,-24.6095593],[-53.1406239,-24.6073471],[-53.147605,-24.5897763],[-53.1387542,-24.580705],[-53.1271988,-24.586304],[-53.1071311,-24.5696213],[-53.0963586,-24.5719909],[-53.0937041,-24.6118789],[-53.0836479,-24.6146137],[-53.1117536,-24.6274754],[-53.0857067,-24.629847],[-53.0849273,-24.6355609],[-53.1045387,-24.6385749],[-53.0914083,-24.6502369],[-53.1101592,-24.6597283],[-53.1060528,-24.6661989],[-53.1133752,-24.6810568],[-53.1342239,-24.6775649],[-53.1228513,-24.6898769],[-53.1439202,-24.696861],[-53.1459866,-24.7123589]]]}},{"type":"Feature","properties":{"level":"municipio","municipality_code":"4101101","municipality_name":"Andirá","uf":"PR","state_code":"41","area_km2":235.944},"geometry":{"type":"Polygon","coordinates":[[[-50.2659097,-23.1044697],[-50.2942161,-23.0842154],[-50.3071015,-23.0959571],[-50.3077052,-23.0738479],[-50.3315547,-23.0858503],[-50.3346338,-23.0766497],[-50.3247681,-23.0623555],[-50.3304271,-23.0538234],[-50.3404322,-23.0667255],[-50.3657363,-23.074506],[-50.3699866,-23.059507],[-50.3479093,-23.0390934],[-50.3423278,-23.0207026],[-50.3356909,-22.9785114],[-50.3401866,-22.9480729],[-50.3184953,-22.9506826],[-50.2733879,-22.9310013],[-50.2476111,-22.9377984],[-50.2375376,-22.9541462],[-50.2168821,-22.9478995],[-50.2038919,-22.9527864],[-50.1943013,-22.9911725],[-50.2097997,-23.0288418],[-50.170095,-23.0774526],[-50.1996981,-23.0816213],[-50.21612,-23.0714269],[-50.247177,-23.074204],[-50.2543362,-23.092701],[-50.2501129,-23.1011493],[-50.2614537,-23.1059251],[-50.2587698,-23.1219927],[-50.261932,-23.11495],[-50.2857434,-23.1139804],[-50.2838215,-23.1034951],[-50.2723857,-23.1092353],[-50.2659097,-23.1044697]]]}},{"type":"Feature","properties":{"level":"municipio","municipality_code":"4101200","municipality_name":"Antonina","uf":"PR","state_code":"41","area_km2":891.582},"geometry":{"type":"Polygon","coordinates":[[[-48.7404745,-25.4784719],[-48.7542815,-25.4824299],[-48.7751857,-25.4735331],[-48.7847858,-25.4786309],[-48.8182205,-25.4449899],[-48.8188953,-25.4282841],[-48.8301859,-25.4126874],[-48.8241828,-25.4050452],[-48.8345474,-25.3878109],[-48.8289243,-25.3767573],[-48.8499889,-25.3676653],[-48.8412461,-25.3354137],[-48.85298,-25.3211997],[-48.8305654,-25.3029512],[-48.8401191,-25.263399],[-48.8311835,-25.252995],[-48.8302066,-25.2325873],[-48.8193647,-25.223567],[-48.8293947,-25.2183782],[-48.8333283,-25.1932994],[-48.8451558,-25.189552],[-48.8392927,-25.1783464],[-48.8456211,-25.1632616],[-48.8196936,-25.132261],[-48.7848268,-25.1263438],[-48.7659046,-25.1045052],[-48.7696096,-25.0970791],[-48.7493727,-25.0889136],[-48.7283261,-25.0892166],[-48.7260769,-25.1005741],[-48.7037003,-25.1048576],[-48.703862,-25.1129674],[-48.688481,-25.1210235],[-48.6843194,-25.1167174],[-48.6804825,-25.1460008],[-48.6628081,-25.1266092],[-48.6435318,-25.1309463],[-48.6622191,-25.1729329],[-48.6263362,-25.1825022],[-48.6372903,-25.2002972],[-48.6324892,-25.2163945],[-48.6404886,-25.2282406],[-48.6336679,-25.2346327],[-48.6398827,-25.2410042],[-48.6276558,-25.2449912],[-48.6269193,-25.2638008],[-48.6186069,-25.2728491],[-48.6311511,-25.2907169],[-48.607116,-25.2955697],[-48.5882144,-25.2866361],[-48.5773321,-25.2938133],[-48.601636,-25.3510519],[-48.5788783,-25.3523926],[-48.5681816,-25.3856269],[-48.5542283,-25.3902119],[-48.5936281,-25.4214667],[-48.6149936,-25.4512179],[-48.6235641,-25.4489826],[-48.6347227,-25.4679774],[-48.6838286,-25.5025371],[-48.7404745,-25.4784719]]]}},{"type":"Feature","properties":{"level":"municipio","municipality_code":"4101309","municipality_name":"Antônio Olinto","uf":"PR","state_code":"41","area_km2":469.62},"geometry":{"type":"Polygon","coordinates":[[[-50.0511803,-25.8809583],[-50.0388482,-25.8787876],[-50.0130515,-25.8946542],[-50.0209832,-25.9022531],[-50.0153178,-25.9347331],[-50.0027131,-25.9316503],[-49.986614,-25.9404448],[-49.9652188,-25.9800181],[-49.9677643,-26.0050767],[-49.9931586,-25.9915757],[-49.9934323,-26.01135],[-50.01094,-26.0133282],[-50.0035452,-26.0451456],[-50.03618,-26.0270166],[-50.0713435,-26.0348893],[-50.0761978,-26.0464093],[-50.0816587,-26.0238488],[-50.1059799,-26.0579232],[-50.1161752,-26.0509884],[-50.1184008,-26.0636228],[-50.1315541,-26.0422733],[-50.1482391,-26.0583197],[-50.1401632,-26.0265834],[-50.1702508,-26.0251885],[-50.1801103,-26.0332206],[-50.1533519,-26.0418496],[-50.1802811,-26.0790425],[-50.2087834,-26.0570194],[-50.2244297,-26.0603641],[-50.2363389,-26.0354609],[-50.2464133,-26.0307879],[-50.2551851,-26.0384218],[-50.2517938,-26.0514438],[-50.2684658,-26.0427873],[-50.220082,-25.9410065],[-50.2173342,-25.9194002],[-50.2341551,-25.8603885],[-50.2654862,-25.8422968],[-50.232683,-25.8304374],[-50.2393616,-25.8141247],[-50.1986457,-25.8230126],[-50.1672297,-25.8800685],[-50.1592729,-25.8771065],[-50.1433599,-25.8874601],[-50.1216365,-25.8810267],[-50.1090055,-25.8931637],[-50.0831639,-25.8994104],[-50.0540332,-25.889417],[-50.0511803,-25.8809583]]]}},{"type":"Feature","properties":{"level":"municipio","municipality_code":"4101408","municipality_name":"Apucarana","uf":"PR","state_code":"41","area_km2":556.99},"geometry":{"type":"Polygon","coordinates":[[[-51.436723,-23.5140132],[-51.4215985,-23.5061782],[-51.3518075,-23.5254644],[-51.3366887,-23.545003],[-51.2973374,-23.5479763],[-51.2909078,-23.5591875],[-51.2957389,-23.5635192],[-51.2822653,-23.5588041],[-51.2756733,-23.5692953],[-51.269027,-23.5595296],[-51.2550241,-23.5682305],[-51.2545979,-23.5601734],[-51.2407847,-23.5667832],[-51.2411641,-23.5572067],[-51.2272379,-23.5556917],[-51.2190026,-23.563577],[-51.2261779,-23.5702396],[-51.2142458,-23.5741287],[-51.2197314,-23.5874322],[-51.2347177,-23.5925162],[-51.2295233,-23.6009991],[-51.2409563,-23.6014812],[-51.2296314,-23.6221836],[-51.2447997,-23.6253287],[-51.2563404,-23.6187232],[-51.2661869,-23.6275327],[-51.2768322,-23.6197252],[-51.2944491,-23.6327635],[-51.3234192,-23.6291306],[-51.3457833,-23.6385758],[-51.3786516,-23.615836],[-51.4022437,-23.6499919],[-51.4058906,-23.6701006],[-51.4332445,-23.6881089],[-51.4290559,-23.7029976],[-51.4420501,-23.7061695],[-51.4349261,-23.7147939],[-51.4476169,-23.7200637],[-51.4472545,-23.7303077],[-51.4701662,-23.7367781],[-51.4795728,-23.7239709],[-51.4726293,-23.7062167],[-51.4846859,-23.6965724],[-51.4770436,-23.6834179],[-51.4930261,-23.6771282],[-51.4847395,-23.6703846],[-51.4921812,-23.6566816],[-51.5075572,-23.6563483],[-51.5016024,-23.6444411],[-51.5293678,-23.6292707],[-51.5698121,-23.5847568],[-51.5770391,-23.5424792],[-51.5996426,-23.5211758],[-51.6097956,-23.4957808],[-51.6069607,-23.4781192],[-51.6207889,-23.475082],[-51.6118459,-23.4628444],[-51.6325468,-23.4508771],[-51.6261917,-23.4394718],[-51.6319031,-23.4299397],[-51.6200392,-23.4261499],[-51.6210415,-23.4183766],[-51.611594,-23.4197575],[-51.6107676,-23.4275696],[-51.6023476,-23.4218088],[-51.6039782,-23.4338997],[-51.5906846,-23.4262361],[-51.5944532,-23.4301907],[-51.5945174,-23.4397281],[-51.5567047,-23.4410741],[-51.5562327,-23.4528426],[-51.5352092,-23.4526873],[-51.5325162,-23.4655448],[-51.5066523,-23.4816647],[-51.5077021,-23.4914376],[-51.4771491,-23.5014314],[-51.4456738,-23.4960383],[-51.436723,-23.5140132]]]}},{"type":"Feature","properties":{"level":"municipio","municipality_code":"4101507","municipality_name":"Arapongas","uf":"PR","state_code":"41","area_km2":382.215},"geometry":{"type":"Polygon","coordinates":[[[-51.4215985,-23.5061782],[-51.437964,-23.5146563],[-51.4478414,-23.4953952],[-51.4707364,-23.5018878],[-51.5077021,-23.4914376],[-51.5066523,-23.4816647],[-51.5325162,-23.4655448],[-51.5352092,-23.4526873],[-51.5582336,-23.4511306],[-51.552678,-23.4428862],[-51.5954792,-23.4389867],[-51.5906846,-23.4262361],[-51.5562917,-23.4013056],[-51.5514863,-23.3858884],[-51.5004071,-23.3423605],[-51.4546261,-23.382187],[-51.4423364,-23.3631116],[-51.4201546,-23.3555922],[-51.3963853,-23.3600849],[-51.3637987,-23.3945304],[-51.3157209,-23.3898134],[-51.3101862,-23.3834179],[-51.3215622,-23.4317782],[-51.3198722,-23.4540259],[-51.3085259,-23.4697671],[-51.3013184,-23.5477341],[-51.3366887,-23.545003],[-51.3518075,-23.5254644],[-51.4215985,-23.5061782]]]}},{"type":"Feature","properties":{"level":"municipio","municipality_code":"4101606","municipality_name":"Arapoti","uf":"PR","state_code":"41","area_km2":1360.742},"geometry":{"type":"Polygon","coordinates":[[[-49.8125916,-23.9800162],[-49.7552545,-24.065589],[-49.7681629,-24.1407534],[-49.7519192,-24.1693015],[-49.7429276,-24.1703014],[-49.7440002,-24.166605],[-49.7409259,-24.163232],[-49.7390278,-24.1735943],[-49.7753744,-24.2061129],[-49.7750356,-24.222396],[-49.7863089,-24.2353836],[-49.9105285,-24.1936436],[-49.9317539,-24.1999606],[-49.9485567,-24.2238937],[-49.9664303,-24.2214981],[-49.9652891,-24.230993],[-49.9883911,-24.2477572],[-50.0000305,-24.2481358],[-50.0055677,-24.239452],[-50.0151559,-24.2579887],[-50.0374063,-24.2543614],[-50.0525869,-24.2738836],[-50.0680436,-24.2757604],[-50.082321,-24.2885619],[-50.1017209,-24.2827767],[-50.1215397,-24.2926827],[-50.1233718,-24.3013552],[-50.1751939,-24.2900705],[-50.1905143,-24.2776269],[-50.1915397,-24.2628062],[-50.2061372,-24.2422954],[-50.1963795,-24.2242645],[-50.2011616,-24.2103524],[-50.1910258,-24.1797566],[-50.1521072,-24.162191],[-50.1467286,-24.1451112],[-50.1202918,-24.1429417],[-50.1175329,-24.1294381],[-50.1077195,-24.1337375],[-50.0943986,-24.1151904],[-50.0997067,-24.1125259],[-50.0957974,-24.0920678],[-50.1111375,-24.0863814],[-50.1072831,-24.0761916],[-50.1334451,-24.0569403],[-50.1368453,-24.0384627],[-50.1518154,-24.0379987],[-50.1543005,-24.0245746],[-50.1681093,-24.0273938],[-50.1675024,-24.0338902],[-50.1847447,-24.0241697],[-50.1931359,-24.0278535],[-50.197891,-24.0136452],[-50.220817,-23.9974561],[-50.1609118,-23.9407163],[-50.1183241,-23.9621073],[-50.0728429,-23.9646908],[-50.0615433,-23.987456],[-50.0521031,-23.9825534],[-50.0375979,-23.9920957],[-50.0175151,-23.9794157],[-50.0109985,-23.9839781],[-50.005349,-23.971659],[-49.9933851,-23.9762025],[-49.9715939,-23.9674576],[-49.9771754,-23.9633691],[-49.9705318,-23.9610355],[-49.9726274,-23.9485821],[-49.9647651,-23.9474765],[-49.9741194,-23.9399797],[-49.9652266,-23.936729],[-49.9811506,-23.928103],[-49.9688444,-23.9202215],[-49.9720244,-23.9070762],[-49.963689,-23.9078351],[-49.9747098,-23.9005744],[-49.9558715,-23.8938293],[-49.9673369,-23.8726249],[-49.9541939,-23.8754003],[-49.9534311,-23.8669002],[-49.9349095,-23.8647512],[-49.9432532,-23.8550803],[-49.9506163,-23.8533015],[-49.9494724,-23.8622824],[-49.9598472,-23.8529729],[-49.9234995,-23.8437933],[-49.9173499,-23.8624506],[-49.9013258,-23.8691877],[-49.8990429,-23.8854445],[-49.8922059,-23.8799132],[-49.873092,-23.8868251],[-49.8700178,-23.8990067],[-49.853415,-23.9008393],[-49.8309657,-23.9274384],[-49.8368168,-23.9490216],[-49.8292506,-23.9788585],[-49.8125916,-23.9800162]]]}},{"type":"Feature","properties":{"level":"municipio","municipality_code":"4101655","municipality_name":"Arapuã","uf":"PR","state_code":"41","area_km2":217.371},"geometry":{"type":"Polygon","coordinates":[[[-51.7721325,-24.3292456],[-51.7414592,-24.354998],[-51.7260765,-24.3520712],[-51.7261282,-24.3770698],[-51.7415076,-24.3873979],[-51.7341036,-24.3962379],[-51.7389437,-24.4053698],[-51.8457389,-24.4195315],[-51.8721058,-24.3989522],[-51.8974394,-24.3945293],[-51.8877365,-24.3832875],[-51.8965231,-24.3700178],[-51.881794,-24.3655335],[-51.8895156,-24.3580157],[-51.89377,-24.3654936],[-51.8988781,-24.3617193],[-51.8982381,-24.3479575],[-51.9109619,-24.3438638],[-51.9050796,-24.3341989],[-51.9197129,-24.3305648],[-51.9136696,-24.3207338],[-51.89693,-24.3220786],[-51.8831847,-24.3105316],[-51.8248672,-24.30625],[-51.8161937,-24.2954494],[-51.8260168,-24.2939469],[-51.8201812,-24.2510426],[-51.803684,-24.2371179],[-51.7722595,-24.2357231],[-51.7651676,-24.2442369],[-51.7714822,-24.2534904],[-51.7614289,-24.2616385],[-51.7705488,-24.2651599],[-51.7708848,-24.2698915],[-51.7617307,-24.2755016],[-51.7745408,-24.272959],[-51.7761447,-24.279956],[-51.7564345,-24.2937003],[-51.7645663,-24.2941332],[-51.7588078,-24.3105122],[-51.7720965,-24.3153566],[-51.7644279,-24.3230955],[-51.7721325,-24.3292456]]]}},{"type":"Feature","properties":{"level":"municipio","municipality_code":"4101705","municipality_name":"Araruna","uf":"PR","state_code":"41","area_km2":493.191},"geometry":{"type":"Polygon","coordinates":[[[-52.5092244,-23.8587005],[-52.4178595,-23.9332823],[-52.4508538,-23.9399866],[-52.4500225,-23.9502783],[-52.4667435,-23.9544819],[-52.5258388,-24.0013448],[-52.5333169,-24.0195818],[-52.5145788,-24.0506469],[-52.5234778,-24.0858825],[-52.5429455,-24.1047019],[-52.5568312,-24.1020913],[-52.5745559,-24.0807623],[-52.6148865,-24.0706617],[-52.6214456,-24.0614503],[-52.6263093,-24.0655823],[-52.6415878,-24.0489025],[-52.6757007,-24.0588972],[-52.6815014,-24.0494228],[-52.6969736,-24.0457729],[-52.7020584,-24.0338525],[-52.7243868,-24.0374722],[-52.7224231,-24.0322481],[-52.7533932,-24.0215974],[-52.7355269,-23.9900789],[-52.6954157,-23.9511674],[-52.7056171,-23.9277667],[-52.6159817,-23.9512819],[-52.5651664,-23.8570147],[-52.5640843,-23.8143333],[-52.5724726,-23.8064395],[-52.560149,-23.7959837],[-52.5548094,-23.7786182],[-52.5623238,-23.7742759],[-52.54494,-23.7471144],[-52.5229162,-23.7628489],[-52.5018582,-23.8248717],[-52.4830013,-23.8381218],[-52.5092244,-23.8587005]]]}},{"type":"Feature","properties":{"level":"municipio","municipality_code":"4101804","municipality_name":"Araucária","uf":"PR","state_code":"41","area_km2":469.24},"geometry":{"type":"Polygon","coordinates":[[[-49.3834969,-25.7857895],[-49.4096836,-25.7598946],[-49.4120583,-25.7418415],[-49.4533077,-25.7312495],[-49.4599154,-25.7047862],[-49.4781747,-25.6949768],[-49.4772809,-25.6388689],[-49.5016952,-25.6376202],[-49.5119224,-25.6446542],[-49.5129076,-25.66202],[-49.5337465,-25.6651759],[-49.5414452,-25.6556787],[-49.5403047,-25.6183274],[-49.5557164,-25.5981196],[-49.5518008,-25.5908977],[-49.5740002,-25.6066556],[-49.5865811,-25.5993092],[-49.5807777,-25.5887468],[-49.5861902,-25.567725],[-49.5735266,-25.5596021],[-49.5730321,-25.5496395],[-49.5538401,-25.5540948],[-49.552879,-25.541071],[-49.4684088,-25.4817995],[-49.4497731,-25.4869662],[-49.4281263,-25.480712],[-49.4213285,-25.4899227],[-49.3888175,-25.4971051],[-49.3793594,-25.5151562],[-49.3379633,-25.5158444],[-49.346283,-25.54227],[-49.3427348,-25.580158],[-49.3658508,-25.6336657],[-49.3547003,-25.6777589],[-49.3629966,-25.769756],[-49.3708118,-25.7776106],[-49.3651993,-25.7854018],[-49.3834969,-25.7857895]]]}},{"type":"Feature","properties":{"level":"municipio","municipality_code":"4101853","municipality_name":"Ariranha do Ivaí","uf":"PR","state_code":"41","area_km2":234.075},"geometry":{"type":"Polygon","coordinates":[[[-51.6010252,-24.448194],[-51.6110829,-24.3871638],[-51.6595191,-24.3941209],[-51.6401121,-24.3834831],[-51.6472383,-24.3703632],[-51.6369732,-24.3596738],[-51.6455466,-24.344902],[-51.6620677,-24.3368698],[-51.635972,-24.3170912],[-51.5668771,-24.3377997],[-51.5615317,-24.3274514],[-51.5415109,-24.3340617],[-51.5253963,-24.3212666],[-51.4929929,-24.3342529],[-51.4822084,-24.3299729],[-51.4785333,-24.3179345],[-51.442308,-24.3100616],[-51.4391034,-24.3181214],[-51.4583162,-24.3214909],[-51.451218,-24.3307642],[-51.4595463,-24.3460262],[-51.4492079,-24.3494392],[-51.4221895,-24.3345635],[-51.4330294,-24.3559512],[-51.4303292,-24.3689011],[-51.4492397,-24.3781225],[-51.4322783,-24.38738],[-51.4264348,-24.4037644],[-51.4657604,-24.393696],[-51.4747704,-24.403697],[-51.4682113,-24.4116986],[-51.4433231,-24.4087022],[-51.4617892,-24.4433524],[-51.477819,-24.4274676],[-51.6010252,-24.448194]]]}},{"type":"Feature","properties":{"level":"municipio","municipality_code":"4101903","municipality_name":"Assaí","uf":"PR","state_code":"41","area_km2":440.347},"geometry":{"type":"Polygon","coordinates":[[[-50.8301918,-23.2831574],[-50.8020447,-23.3051715],[-50.7789461,-23.2878389],[-50.7522473,-23.2888125],[-50.7607366,-23.2928599],[-50.7556914,-23.3255551],[-50.763781,-23.330213],[-50.7580591,-23.3395698],[-50.7671854,-23.3451131],[-50.7739171,-23.3763882],[-50.7787307,-23.3848764],[-50.7996792,-23.3884078],[-50.8054509,-23.4007664],[-50.8055685,-23.4276763],[-50.7843744,-23.4461992],[-50.7856352,-23.4818235],[-50.7982566,-23.4942963],[-50.8118274,-23.4865846],[-50.8236458,-23.4995372],[-50.8189064,-23.5073103],[-50.8349259,-23.505485],[-50.840005,-23.5179371],[-50.8556173,-23.5201352],[-50.8556772,-23.5320761],[-50.8767946,-23.5272575],[-50.8740008,-23.5370468],[-50.8838626,-23.5363117],[-50.886037,-23.5476248],[-50.8995356,-23.5363763],[-50.9021449,-23.5549349],[-50.9153091,-23.5474948],[-50.9071173,-23.5354969],[-50.9201391,-23.532301],[-50.9314267,-23.541886],[-50.924285,-23.5201045],[-50.9484134,-23.5197407],[-50.9463449,-23.4927002],[-50.9279329,-23.4808341],[-50.9235803,-23.4547319],[-50.934545,-23.4476238],[-50.9646877,-23.4608754],[-50.9534813,-23.4161732],[-50.9602482,-23.4116981],[-50.9753145,-23.4194494],[-50.9893575,-23.4084209],[-50.993811,-23.3785358],[-51.0104018,-23.3556976],[-51.0013305,-23.3498077],[-50.9851557,-23.3575557],[-50.9826801,-23.3258486],[-50.995442,-23.310446],[-50.9779149,-23.312085],[-50.9634018,-23.3034174],[-50.9406587,-23.3129895],[-50.8976443,-23.3498951],[-50.8740746,-23.3488098],[-50.8658559,-23.3069962],[-50.8476449,-23.2943714],[-50.8456258,-23.282935],[-50.8301918,-23.2831574]]]}},{"type":"Feature","properties":{"level":"municipio","municipality_code":"4102000","municipality_name":"Assis Chateaubriand","uf":"PR","state_code":"41","area_km2":980.727},"geometry":{"type":"Polygon","coordinates":[[[-53.529411,-24.2468402],[-53.4783227,-24.2181718],[-53.4681043,-24.2211825],[-53.4585657,-24.2379331],[-53.4664697,-24.2543263],[-53.4594678,-24.2597979],[-53.470599,-24.2713849],[-53.4583771,-24.2773546],[-53.4707111,-24.2916136],[-53.4643235,-24.2997797],[-53.4736776,-24.3101044],[-53.4569585,-24.3308921],[-53.4631501,-24.3325591],[-53.4610141,-24.3460312],[-53.4490371,-24.3562539],[-53.4598396,-24.3647881],[-53.450401,-24.3777012],[-53.4575914,-24.3814556],[-53.4704245,-24.3719846],[-53.4811757,-24.3773393],[-53.4687363,-24.380177],[-53.4702947,-24.3939059],[-53.446478,-24.4093668],[-53.4588744,-24.4157944],[-53.4441511,-24.4208869],[-53.4599257,-24.4282575],[-53.4453205,-24.4601029],[-53.4489868,-24.4673368],[-53.4613736,-24.4588158],[-53.4582341,-24.4638872],[-53.4693433,-24.4752304],[-53.447592,-24.498075],[-53.4496215,-24.5121297],[-53.4431266,-24.5148521],[-53.4487032,-24.5215342],[-53.438962,-24.5329455],[-53.4477645,-24.5441544],[-53.4298463,-24.5625954],[-53.4414573,-24.5687525],[-53.4381829,-24.5740192],[-53.5507045,-24.5309117],[-53.5469873,-24.5355647],[-53.564651,-24.5476093],[-53.5585922,-24.5835694],[-53.5721825,-24.5878517],[-53.5746583,-24.6005608],[-53.560721,-24.6126433],[-53.5632349,-24.6201463],[-53.594872,-24.6366853],[-53.6010118,-24.6502984],[-53.5959682,-24.6894942],[-53.7154296,-24.5751009],[-53.7154194,-24.4674819],[-53.7032252,-24.4432967],[-53.6906936,-24.4392893],[-53.6633064,-24.3792175],[-53.6657457,-24.3696016],[-53.6865286,-24.3695729],[-53.7040588,-24.3280496],[-53.6939248,-24.2854334],[-53.6697386,-24.2813426],[-53.678833,-24.2486329],[-53.6975723,-24.2433093],[-53.6958397,-24.2066735],[-53.6767737,-24.2015639],[-53.6498838,-24.2203114],[-53.6380999,-24.242516],[-53.6137682,-24.2475002],[-53.5917749,-24.2414535],[-53.5728927,-24.248208],[-53.5708781,-24.2608049],[-53.5580463,-24.2602616],[-53.5467268,-24.2437239],[-53.529411,-24.2468402]]]}},{"type":"Feature","properties":{"level":"municipio","municipality_code":"4102109","municipality_name":"Astorga","uf":"PR","state_code":"41","area_km2":434.792},"geometry":{"type":"Polygon","coordinates":[[[-51.6289024,-23.1073052],[-51.6105992,-23.1071665],[-51.5900066,-23.1226107],[-51.6101793,-23.1528977],[-51.615144,-23.2194549],[-51.6227908,-23.2318742],[-51.5916044,-23.282982],[-51.6057791,-23.2812441],[-51.6233724,-23.3156767],[-51.676664,-23.3739384],[-51.6877379,-23.3724573],[-51.6998228,-23.3874181],[-51.7065361,-23.3775898],[-51.700092,-23.3728468],[-51.709601,-23.365468],[-51.7177942,-23.3692344],[-51.720487,-23.3592384],[-51.7119,-23.353481],[-51.7232907,-23.3571494],[-51.7275997,-23.3476541],[-51.7405972,-23.3523083],[-51.7435408,-23.3419192],[-51.7616568,-23.3498121],[-51.7682915,-23.3297753],[-51.7909237,-23.3409699],[-51.8025038,-23.3238077],[-51.8269034,-23.326145],[-51.828231,-23.315273],[-51.8427923,-23.329627],[-51.8358065,-23.3210373],[-51.8422387,-23.3114095],[-51.8524344,-23.3170918],[-51.8555656,-23.3067124],[-51.8707936,-23.3037105],[-51.8652899,-23.2849762],[-51.8364642,-23.2763399],[-51.8183497,-23.2590763],[-51.7839546,-23.2536962],[-51.762963,-23.2256449],[-51.7390103,-23.2341051],[-51.7295299,-23.2189434],[-51.7500021,-23.1938039],[-51.726762,-23.193415],[-51.7238532,-23.1701859],[-51.6889561,-23.1527714],[-51.6723024,-23.0868759],[-51.6510844,-23.0851072],[-51.6289024,-23.1073052]]]}},{"type":"Feature","properties":{"level":"municipio","municipality_code":"4102208","municipality_name":"Atalaia","uf":"PR","state_code":"41","area_km2":137.663},"geometry":{"type":"Polygon","coordinates":[[[-52.0993,-23.1467269],[-52.1355683,-23.1417676],[-52.1536243,-23.1039959],[-52.1330495,-23.1070206],[-52.0828118,-23.0905126],[-52.0262374,-23.0588631],[-52.0292448,-23.0755617],[-52.0116225,-23.0666725],[-52.0096846,-23.088926],[-52.0183234,-23.100299],[-52.0039832,-23.110778],[-52.0069057,-23.1297792],[-51.9900683,-23.1207293],[-51.9834616,-23.1264577],[-51.9917972,-23.1398238],[-51.9756795,-23.1419473],[-51.9699353,-23.1538308],[-52.0273987,-23.1566028],[-52.0484024,-23.166198],[-52.0699349,-23.189579],[-52.0871712,-23.177781],[-52.1218297,-23.1957514],[-52.1239063,-23.1671972],[-52.0993,-23.1467269]]]}},{"type":"Feature","properties":{"level":"municipio","municipality_code":"4102307","municipality_name":"Balsa Nova","uf":"PR","state_code":"41","area_km2":348.926},"geometry":{"type":"Polygon","coordinates":[[[-49.6906541,-25.466394],[-49.6194459,-25.4614577],[-49.6027531,-25.4484708],[-49.5746676,-25.460334],[-49.5961863,-25.4990351],[-49.5888488,-25.518499],[-49.5812398,-25.5145258],[-49.5649843,-25.5265225],[-49.5634321,-25.5470539],[-49.5861902,-25.567725],[-49.580876,-25.5917573],[-49.5938299,-25.6044422],[-49.5884587,-25.6089243],[-49.6333073,-25.6008947],[-49.6274823,-25.5951887],[-49.6316633,-25.5883373],[-49.6470786,-25.5943791],[-49.653232,-25.5892807],[-49.6584032,-25.5983327],[-49.6806265,-25.5890949],[-49.6915626,-25.6053828],[-49.6932073,-25.5979964],[-49.70884,-25.6070009],[-49.7122517,-25.5995245],[-49.7220234,-25.6074865],[-49.7291769,-25.6009992],[-49.7434694,-25.6064496],[-49.7455162,-25.6199022],[-49.7470411,-25.5833706],[-49.7642397,-25.5854536],[-49.8080219,-25.5653226],[-49.8093465,-25.5501146],[-49.8021842,-25.551833],[-49.8056473,-25.5204511],[-49.7974097,-25.5125594],[-49.804669,-25.50281],[-49.7779755,-25.4841064],[-49.7665963,-25.4677706],[-49.7666604,-25.4505022],[-49.7476586,-25.4364249],[-49.7505448,-25.4206909],[-49.7403926,-25.4151324],[-49.7490859,-25.397299],[-49.7410383,-25.3663349],[-49.7565564,-25.360569],[-49.7423348,-25.3551408],[-49.7355011,-25.3638555],[-49.7384934,-25.3930624],[-49.7150935,-25.3995098],[-49.7279308,-25.4102074],[-49.7227525,-25.4324134],[-49.7034642,-25.4300856],[-49.6893435,-25.4386638],[-49.7022925,-25.4463718],[-49.7114141,-25.4751439],[-49.6906541,-25.466394]]]}},{"type":"Feature","properties":{"level":"municipio","municipality_code":"4102406","municipality_name":"Bandeirantes","uf":"PR","state_code":"41","area_km2":445.192},"geometry":{"type":"Polygon","coordinates":[[[-50.2295132,-23.1596806],[-50.2150501,-23.1639992],[-50.2092204,-23.1867417],[-50.2167927,-23.1946169],[-50.228715,-23.1866367],[-50.2427965,-23.1929244],[-50.2361506,-23.2010318],[-50.2221721,-23.1973497],[-50.2131946,-23.2037051],[-50.2224465,-23.2162439],[-50.2390514,-23.2117536],[-50.2249388,-23.2244289],[-50.2375857,-23.2273895],[-50.2341483,-23.238105],[-50.2530547,-23.2452814],[-50.2515529,-23.2557377],[-50.2565629,-23.2483258],[-50.2743076,-23.2486126],[-50.2733973,-23.254944],[-50.2933074,-23.2537382],[-50.3392295,-23.2753692],[-50.3630886,-23.2445891],[-50.3933437,-23.247914],[-50.4159341,-23.2365996],[-50.4231831,-23.2244134],[-50.4445409,-23.2191205],[-50.4496094,-23.2096131],[-50.4713537,-23.2070636],[-50.4662858,-23.1950431],[-50.4369669,-23.1838866],[-50.4644316,-23.1666192],[-50.456608,-23.1443909],[-50.4500495,-23.1518635],[-50.4429114,-23.1468278],[-50.4548948,-23.1288817],[-50.4484216,-23.1200695],[-50.4598317,-23.1159375],[-50.4431273,-23.1043887],[-50.4575899,-23.0949951],[-50.4670866,-23.105302],[-50.4764561,-23.0952606],[-50.4633284,-23.0959477],[-50.4673754,-23.0811381],[-50.4501207,-23.080586],[-50.4478085,-23.0313011],[-50.4411916,-23.0339815],[-50.4431756,-23.0440104],[-50.4135705,-23.0458497],[-50.4091356,-23.0688158],[-50.3738104,-23.0570563],[-50.3606918,-23.0762584],[-50.3304271,-23.0538234],[-50.3247681,-23.0623555],[-50.3346338,-23.0766497],[-50.3315547,-23.0858503],[-50.3060353,-23.0741164],[-50.3071015,-23.0959571],[-50.2910357,-23.0837721],[-50.2665423,-23.1023937],[-50.2723857,-23.1092353],[-50.2843971,-23.1039729],[-50.2817605,-23.1175781],[-50.261932,-23.11495],[-50.2575829,-23.1217581],[-50.2575368,-23.1012873],[-50.2362771,-23.1022523],[-50.2355408,-23.1182736],[-50.2445797,-23.1279178],[-50.2195321,-23.1524264],[-50.2295132,-23.1596806]]]}},{"type":"Feature","properties":{"level":"municipio","municipality_code":"4102505","municipality_name":"Barbosa Ferraz","uf":"PR","state_code":"41","area_km2":538.636},"geometry":{"type":"Polygon","coordinates":[[[-51.9522537,-24.0440122],[-51.9584249,-24.0688991],[-51.9391905,-24.0685187],[-51.936373,-24.0803725],[-51.9180313,-24.0786919],[-51.9241014,-24.0897419],[-51.9152414,-24.1074756],[-51.889528,-24.1169044],[-51.8960123,-24.1223697],[-51.9240028,-24.1141575],[-51.9275474,-24.1281323],[-51.9416054,-24.1337551],[-51.9435731,-24.1404075],[-51.9212181,-24.1442625],[-51.9215459,-24.1658392],[-51.9478284,-24.1444906],[-51.9565449,-24.1501017],[-51.9518267,-24.1640917],[-51.9712671,-24.1644235],[-51.9566585,-24.1825315],[-51.9621007,-24.2004821],[-51.970605,-24.1976273],[-51.9702104,-24.1782813],[-51.9831304,-24.1897516],[-51.9948274,-24.1807367],[-52.0103311,-24.187619],[-51.9846042,-24.1974349],[-51.9956564,-24.2038889],[-51.9964117,-24.2172825],[-52.0079909,-24.2058275],[-52.014297,-24.210036],[-52.0070199,-24.229633],[-52.0106325,-24.2201952],[-52.0218572,-24.2188802],[-52.02527,-24.2326413],[-52.0450875,-24.2156712],[-52.0507749,-24.2345005],[-52.0556288,-24.2227354],[-52.0717525,-24.2174956],[-52.0787987,-24.2291808],[-52.0914274,-24.2190239],[-52.1354497,-24.2210365],[-52.148785,-24.2014546],[-52.1512212,-24.2069246],[-52.1568334,-24.1997543],[-52.2220954,-24.1929587],[-52.2275804,-24.1784039],[-52.2106417,-24.1695931],[-52.1678809,-24.1790415],[-52.1632183,-24.1862103],[-52.1542259,-24.1816892],[-52.1510151,-24.1986296],[-52.1341293,-24.2060358],[-52.1266029,-24.1979769],[-52.1216977,-24.205236],[-52.1119235,-24.203071],[-52.1253092,-24.1746272],[-52.1179197,-24.1504037],[-52.0836365,-24.147165],[-52.0509738,-24.130604],[-52.1004358,-24.0501768],[-52.1207866,-24.0667601],[-52.1163801,-24.077058],[-52.1430242,-24.0801788],[-52.1559963,-24.0730927],[-52.1620868,-24.0785335],[-52.1892782,-24.0472555],[-52.1789587,-24.0260955],[-52.1865867,-24.0212354],[-52.1567224,-23.9867428],[-52.1630741,-23.9813323],[-52.1356467,-23.974608],[-52.1382661,-23.9681432],[-52.1258507,-23.9599108],[-52.116584,-23.9640457],[-52.1179706,-23.9512439],[-52.1021526,-23.9374607],[-52.0963968,-23.9488337],[-52.0907461,-23.9352472],[-52.0697126,-23.9360152],[-52.0666909,-23.9226189],[-52.054715,-23.9220157],[-52.059872,-23.9123498],[-52.0418218,-23.920436],[-52.0710451,-23.9613505],[-52.0850764,-23.963944],[-52.0905504,-23.9784807],[-52.0708666,-23.9961614],[-51.9680096,-23.9493428],[-51.9574046,-23.9585628],[-51.965885,-23.9754074],[-51.9461323,-23.9741978],[-51.9476575,-23.9834325],[-51.9367678,-23.9938292],[-51.958881,-23.9959994],[-51.9365645,-24.0067652],[-51.9478293,-24.0220355],[-51.9424575,-24.031444],[-51.9483195,-24.0394535],[-51.9289764,-24.048449],[-51.9425361,-24.0548263],[-51.9522537,-24.0440122]]]}},{"type":"Feature","properties":{"level":"municipio","municipality_code":"4102703","municipality_name":"Barra do Jacaré","uf":"PR","state_code":"41","area_km2":115.855},"geometry":{"type":"Polygon","coordinates":[[[-50.1721732,-23.1338533],[-50.1893413,-23.1347274],[-50.1896031,-23.1438027],[-50.2013504,-23.1465453],[-50.2073462,-23.1396353],[-50.2026732,-23.1351431],[-50.2165402,-23.1386622],[-50.229245,-23.1230111],[-50.2426539,-23.1343907],[-50.2344748,-23.1045491],[-50.2541647,-23.0953946],[-50.2497406,-23.0757876],[-50.21612,-23.0714269],[-50.1996981,-23.0816213],[-50.154742,-23.0736459],[-50.1325027,-23.0811115],[-50.1221123,-23.067419],[-50.1173152,-23.0724807],[-50.1116682,-23.0673016],[-50.0896705,-23.0886882],[-50.0573803,-23.0953394],[-50.0611473,-23.1108252],[-50.1112473,-23.1374786],[-50.1139942,-23.1485971],[-50.13415,-23.1475377],[-50.137167,-23.1309691],[-50.1498082,-23.1448379],[-50.1487657,-23.1314939],[-50.1575488,-23.1359866],[-50.1604087,-23.1238878],[-50.1721732,-23.1338533]]]}},{"type":"Feature","properties":{"level":"municipio","municipality_code":"4102604","municipality_name":"Barracão","uf":"PR","state_code":"41","area_km2":161.213},"geometry":{"type":"Polygon","coordinates":[[[-53.5862947,-26.2558663],[-53.6284574,-26.2630124],[-53.6535212,-26.2351071],[-53.6411691,-26.2155345],[-53.6477844,-26.2043441],[-53.6347613,-26.2023],[-53.6298618,-26.2102129],[-53.621401,-26.2044284],[-53.5951147,-26.2190746],[-53.5766981,-26.2175788],[-53.5747507,-26.2102841],[-53.5410152,-26.1975464],[-53.4977585,-26.2198553],[-53.4730843,-26.1981381],[-53.438551,-26.2177465],[-53.4463722,-26.2400428],[-53.4609777,-26.2381514],[-53.439802,-26.2569679],[-53.442947,-26.2664669],[-53.4308188,-26.2820179],[-53.4613865,-26.2963735],[-53.4793987,-26.2909868],[-53.4984093,-26.3030406],[-53.5237076,-26.2920211],[-53.5534836,-26.2926096],[-53.5822163,-26.2724168],[-53.5862947,-26.2558663]]]}},{"type":"Feature","properties":{"level":"municipio","municipality_code":"4102752","municipality_name":"Bela Vista da Caroba","uf":"PR","state_code":"41","area_km2":148.107},"geometry":{"type":"Polygon","coordinates":[[[-53.6409434,-25.9289209],[-53.6577013,-25.9380119],[-53.6835204,-25.9238479],[-53.7052051,-25.8884167],[-53.7005112,-25.8804703],[-53.7214453,-25.8685963],[-53.723003,-25.8586541],[-53.6767432,-25.8628568],[-53.6934117,-25.8263019],[-53.6327206,-25.8329129],[-53.6080152,-25.8135979],[-53.6035688,-25.8245672],[-53.5872053,-25.817362],[-53.5697478,-25.8209192],[-53.5653354,-25.8292012],[-53.5853565,-25.824483],[-53.5898164,-25.8416069],[-53.5716413,-25.8365656],[-53.5704389,-25.8648504],[-53.6015704,-25.8622944],[-53.5909122,-25.8658013],[-53.5869879,-25.8768185],[-53.5719835,-25.8744959],[-53.5560845,-25.88877],[-53.5687476,-25.8964968],[-53.590057,-25.8887111],[-53.5745167,-25.9007173],[-53.5865756,-25.9060894],[-53.5804031,-25.9141709],[-53.5859176,-25.927606],[-53.5756158,-25.9282225],[-53.5772892,-25.9348453],[-53.6023916,-25.9441628],[-53.6109096,-25.9559769],[-53.6379531,-25.9428227],[-53.6409434,-25.9289209]]]}},{"type":"Feature","properties":{"level":"municipio","municipality_code":"4102802","municipality_name":"Bela Vista do Paraíso","uf":"PR","state_code":"41","area_km2":242.689},"geometry":{"type":"Polygon","coordinates":[[[-51.2083429,-22.964093],[-51.1971463,-22.9156055],[-51.1842823,-22.9001422],[-51.1786973,-22.8990138],[-51.1693415,-22.9432495],[-51.170204,-23.1178572],[-51.231406,-23.1180633],[-51.2318527,-23.0518197],[-51.2849402,-23.0436833],[-51.2865533,-23.030101],[-51.297031,-23.0372981],[-51.2942176,-23.0305606],[-51.3053424,-23.0306646],[-51.3061566,-23.0403554],[-51.3110766,-23.0380597],[-51.3137873,-23.0316219],[-51.3005032,-23.0199064],[-51.3202789,-23.0131844],[-51.3244473,-22.9993694],[-51.3116705,-22.9948385],[-51.326735,-22.9877313],[-51.3188359,-22.9718602],[-51.3317558,-22.9714473],[-51.3448147,-22.9546776],[-51.3348102,-22.95814],[-51.333592,-22.9472513],[-51.3242747,-22.9535189],[-51.3203672,-22.9362354],[-51.311815,-22.9420884],[-51.3083866,-22.931774],[-51.3228726,-22.9234261],[-51.3157859,-22.9156768],[-51.2719172,-22.9248533],[-51.2083429,-22.964093]]]}},{"type":"Feature","properties":{"level":"municipio","municipality_code":"4102901","municipality_name":"Bituruna","uf":"PR","state_code":"41","area_km2":1276.14},"geometry":{"type":"Polygon","coordinates":[[[-51.4702214,-26.3148698],[-51.5166621,-26.3011792],[-51.5233241,-26.3072281],[-51.5347405,-26.2973945],[-51.5746613,-26.3104511],[-51.5757689,-26.2943395],[-51.5975384,-26.2845892],[-51.6041531,-26.2948015],[-51.6131945,-26.296428],[-51.6179248,-26.2851535],[-51.6324519,-26.29504],[-51.6291778,-26.2804736],[-51.6408675,-26.2784153],[-51.6317509,-26.2720633],[-51.6459383,-26.2710777],[-51.6444556,-26.2644236],[-51.6626891,-26.2685257],[-51.6622912,-26.2774404],[-51.6678494,-26.2679393],[-51.6797915,-26.2689969],[-51.6826061,-26.2873376],[-51.6919594,-26.2781331],[-51.6933662,-26.2453511],[-51.7077459,-26.2463378],[-51.7070388,-26.2579222],[-51.7397135,-26.2654354],[-51.7449483,-26.2513701],[-51.7643982,-26.2496794],[-51.7619229,-26.26141],[-51.7757201,-26.2571703],[-51.7716285,-26.2505039],[-51.7784269,-26.2410556],[-51.7699998,-26.2328605],[-51.778223,-26.222247],[-51.8101864,-26.2266234],[-51.8152018,-26.2071558],[-51.8088616,-26.1996459],[-51.8214072,-26.1953466],[-51.8215678,-26.188547],[-51.81723,-26.1935485],[-51.7981424,-26.1881411],[-51.788597,-26.2056193],[-51.7732291,-26.208531],[-51.7707526,-26.1880053],[-51.7530049,-26.1865893],[-51.7404494,-26.1708089],[-51.7441137,-26.1622469],[-51.7567524,-26.1690451],[-51.7752982,-26.1620061],[-51.7703978,-26.1400639],[-51.7518444,-26.1402407],[-51.7554345,-26.122103],[-51.7267263,-26.1222911],[-51.7239594,-26.1159745],[-51.7139179,-26.1223612],[-51.6956654,-26.108383],[-51.6965876,-26.0913996],[-51.7170399,-26.0808215],[-51.7384817,-26.0489598],[-51.7227599,-26.0122956],[-51.7374533,-26.0000968],[-51.7310552,-25.9867842],[-51.7430482,-25.9706952],[-51.7086016,-25.9181678],[-51.6953249,-25.9155757],[-51.6804115,-25.9293587],[-51.7111839,-25.9662535],[-51.7096288,-25.9780656],[-51.6793265,-25.9937148],[-51.6676921,-26.0102917],[-51.6431919,-25.9973818],[-51.6192309,-26.0037115],[-51.6142157,-26.0140468],[-51.5813832,-26.0165156],[-51.5852983,-26.0381076],[-51.5548817,-26.0486652],[-51.5625153,-26.0656096],[-51.5514045,-26.083176],[-51.532879,-26.0665327],[-51.5005143,-26.0570096],[-51.4816862,-26.0803],[-51.4424371,-26.0712464],[-51.4120468,-26.0875932],[-51.4062363,-26.0595689],[-51.3858761,-26.0726081],[-51.3800483,-26.0973282],[-51.3677377,-26.0947581],[-51.3629601,-26.07819],[-51.3496829,-26.0822857],[-51.3414026,-26.0938516],[-51.344292,-26.1119901],[-51.3294644,-26.1224946],[-51.306238,-26.1240047],[-51.292789,-26.1048193],[-51.2776511,-26.0961452],[-51.2631036,-26.0982703],[-51.2664028,-26.1193399],[-51.2846295,-26.1290386],[-51.278987,-26.1523955],[-51.2943804,-26.1688939],[-51.2821264,-26.1788196],[-51.2891821,-26.187819],[-51.2777132,-26.2020793],[-51.2879593,-26.2154903],[-51.2726598,-26.2192231],[-51.2839005,-26.2273009],[-51.2866628,-26.2444689],[-51.3006977,-26.2466705],[-51.3081584,-26.2584252],[-51.3194636,-26.256589],[-51.3290765,-26.270967],[-51.3650719,-26.2931156],[-51.3694902,-26.3095436],[-51.3923899,-26.3346875],[-51.4292646,-26.3487112],[-51.4313465,-26.3688484],[-51.4430197,-26.3808205],[-51.4547674,-26.365549],[-51.4614627,-26.3673825],[-51.4534893,-26.3328635],[-51.4702214,-26.3148698]]]}},{"type":"Feature","properties":{"level":"municipio","municipality_code":"4103008","municipality_name":"Boa Esperança","uf":"PR","state_code":"41","area_km2":302.89},"geometry":{"type":"Polygon","coordinates":[[[-52.6282755,-24.2426531],[-52.6448352,-24.2622282],[-52.6560514,-24.2946153],[-52.758623,-24.3022487],[-52.8052653,-24.3548674],[-52.8118411,-24.3517705],[-52.8223857,-24.3656694],[-52.8370707,-24.3647807],[-52.8444004,-24.377294],[-52.8590284,-24.3746516],[-52.8692862,-24.3854328],[-52.8693769,-24.316313],[-52.8139791,-24.287662],[-52.8133039,-24.26715],[-52.8417056,-24.2530961],[-52.8305051,-24.2459828],[-52.8207564,-24.2043097],[-52.8054949,-24.1868398],[-52.7529688,-24.1882409],[-52.727292,-24.1788456],[-52.7175042,-24.1543213],[-52.7019186,-24.1395162],[-52.6747295,-24.1686363],[-52.6698898,-24.1911152],[-52.6491349,-24.2085096],[-52.6282755,-24.2426531]]]}},{"type":"Feature","properties":{"level":"municipio","municipality_code":"4103024","municipality_name":"Boa Esperança do Iguaçu","uf":"PR","state_code":"41","area_km2":151.797},"geometry":{"type":"Polygon","coordinates":[[[-53.1780851,-25.6031925],[-53.1598841,-25.6074559],[-53.1678265,-25.6152349],[-53.1590081,-25.6158253],[-53.1630656,-25.619219],[-53.15453,-25.6258401],[-53.1746695,-25.6353686],[-53.1682083,-25.6516737],[-53.1736352,-25.6633635],[-53.1585042,-25.6725053],[-53.1777212,-25.6914757],[-53.1951439,-25.6921884],[-53.2068754,-25.7059524],[-53.2720975,-25.698494],[-53.2735166,-25.6880984],[-53.2969645,-25.6935523],[-53.2743582,-25.6738133],[-53.3038517,-25.6704177],[-53.3068443,-25.6625972],[-53.2884874,-25.6594734],[-53.2897097,-25.6395846],[-53.2813511,-25.6368809],[-53.3037387,-25.6332534],[-53.2767613,-25.631939],[-53.2837894,-25.6237516],[-53.2714294,-25.6175969],[-53.2953716,-25.601114],[-53.2783137,-25.5936563],[-53.2772631,-25.6013307],[-53.2542903,-25.6072106],[-53.2619306,-25.5918848],[-53.2506487,-25.5796971],[-53.2078996,-25.5739298],[-53.1949991,-25.5634621],[-53.188923,-25.5666275],[-53.1920502,-25.5747611],[-53.1719439,-25.5862555],[-53.1780851,-25.6031925]]]}},{"type":"Feature","properties":{"level":"municipio","municipality_code":"4103040","municipality_name":"Boa Ventura de São Roque","uf":"PR","state_code":"41","area_km2":608.179},"geometry":{"type":"Polygon","coordinates":[[[-51.4834671,-24.8940154],[-51.4788756,-24.8996335],[-51.4919003,-24.9159408],[-51.5035446,-24.909947],[-51.5159886,-24.9160099],[-51.5061222,-24.9540815],[-51.5190985,-24.9435447],[-51.5305493,-24.9524312],[-51.5378484,-24.9429713],[-51.5396757,-24.9532732],[-51.5687632,-24.9636983],[-51.5769396,-24.980668],[-51.5887094,-24.9718015],[-51.5875166,-24.9812015],[-51.5991046,-24.987422],[-51.6191877,-24.9821343],[-51.6170156,-24.9987107],[-51.6479545,-25.0025365],[-51.6590634,-25.0135484],[-51.7087002,-25.01222],[-51.7246885,-24.9927973],[-51.7574651,-24.9821323],[-51.7757959,-24.9866931],[-51.7775039,-24.9678429],[-51.7611815,-24.971674],[-51.738011,-24.9482604],[-51.7403338,-24.9185885],[-51.7321978,-24.8894441],[-51.7119069,-24.8896928],[-51.7067898,-24.9011329],[-51.6731763,-24.8891539],[-51.6739579,-24.8811944],[-51.6313516,-24.8575244],[-51.631315,-24.8385122],[-51.6126125,-24.8384035],[-51.6147134,-24.8254878],[-51.6051468,-24.8137383],[-51.5995049,-24.8194431],[-51.5788866,-24.8007259],[-51.5749984,-24.8079883],[-51.5746355,-24.7902397],[-51.5630145,-24.7943584],[-51.5602822,-24.7849288],[-51.5328169,-24.7761181],[-51.5447826,-24.763742],[-51.533594,-24.7571173],[-51.5339049,-24.7488841],[-51.5552664,-24.7419826],[-51.5569008,-24.7303982],[-51.5378983,-24.7374499],[-51.5304165,-24.7136577],[-51.5176765,-24.7068108],[-51.5207556,-24.6847381],[-51.5076964,-24.6709047],[-51.5112956,-24.650518],[-51.5039259,-24.6544108],[-51.4759264,-24.6444071],[-51.4686518,-24.6543734],[-51.4512889,-24.6584387],[-51.4428232,-24.671477],[-51.4463768,-24.6866403],[-51.4207384,-24.6926268],[-51.4368474,-24.7027906],[-51.4132623,-24.7253034],[-51.4168152,-24.7361186],[-51.4086828,-24.751641],[-51.4288996,-24.7691142],[-51.4233459,-24.7837613],[-51.4447961,-24.7993044],[-51.4304862,-24.823643],[-51.4484906,-24.8192967],[-51.4469044,-24.8258213],[-51.453903,-24.8269474],[-51.4493252,-24.8409363],[-51.4537901,-24.833914],[-51.4699035,-24.846828],[-51.4454341,-24.8583939],[-51.4453244,-24.8689737],[-51.458013,-24.8757228],[-51.4477657,-24.8841107],[-51.4718445,-24.8851265],[-51.4710988,-24.8979691],[-51.4834671,-24.8940154]]]}},{"type":"Feature","properties":{"level":"municipio","municipality_code":"4103057","municipality_name":"Boa Vista da Aparecida","uf":"PR","state_code":"41","area_km2":266.175},"geometry":{"type":"Polygon","coordinates":[[[-53.4802709,-25.3420371],[-53.3319693,-25.3637389],[-53.3341245,-25.3923216],[-53.3575987,-25.3941762],[-53.3532916,-25.4042401],[-53.3639261,-25.4135225],[-53.3426025,-25.4214804],[-53.3510416,-25.4211307],[-53.3542389,-25.4294132],[-53.3717375,-25.4271692],[-53.3555985,-25.4393854],[-53.3499805,-25.434007],[-53.3527121,-25.4416817],[-53.3620407,-25.4450361],[-53.3534847,-25.4533853],[-53.3684268,-25.457756],[-53.3485726,-25.4610272],[-53.3578797,-25.4778593],[-53.3496511,-25.4729298],[-53.3439576,-25.4797737],[-53.3531784,-25.4903937],[-53.3383461,-25.5183566],[-53.3527597,-25.5352751],[-53.3681499,-25.5333393],[-53.3869052,-25.5057861],[-53.3978226,-25.5026992],[-53.4397669,-25.5053667],[-53.4521578,-25.5323606],[-53.4788592,-25.5315291],[-53.468557,-25.4955599],[-53.475294,-25.4622334],[-53.5094011,-25.4637279],[-53.5158875,-25.4482704],[-53.5204898,-25.4314308],[-53.5057942,-25.4358034],[-53.4953746,-25.4258124],[-53.5090752,-25.4197558],[-53.4959346,-25.4082663],[-53.5110134,-25.3951463],[-53.500261,-25.3829402],[-53.4877354,-25.3959047],[-53.4847605,-25.3803331],[-53.4766275,-25.376802],[-53.5054306,-25.3772311],[-53.4905953,-25.3706216],[-53.502326,-25.3545389],[-53.4755136,-25.3542653],[-53.4802709,-25.3420371]]]}},{"type":"Feature","properties":{"level":"municipio","municipality_code":"4103107","municipality_name":"Bocaiúva do Sul","uf":"PR","state_code":"41","area_km2":825.665},"geometry":{"type":"Polygon","coordinates":[[[-49.0637383,-25.2644085],[-49.0922054,-25.2772602],[-49.1045663,-25.2641491],[-49.1248038,-25.2778011],[-49.1318991,-25.2665814],[-49.1489068,-25.2694509],[-49.1534754,-25.2587653],[-49.1455131,-25.2475167],[-49.1592333,-25.2372469],[-49.2219747,-25.2304874],[-49.2211091,-25.2098107],[-49.17782,-25.197996],[-49.158101,-25.1825746],[-49.1783188,-25.1644107],[-49.1354859,-25.1454632],[-49.1224284,-25.1309959],[-49.0649199,-25.116379],[-49.0649209,-25.1075785],[-49.0819124,-25.1048427],[-49.0956978,-25.0834104],[-49.0747938,-25.0595477],[-49.0148165,-25.0371978],[-48.9963919,-25.0506365],[-48.9724325,-25.0383511],[-48.9646385,-25.0460816],[-48.9343096,-25.0476531],[-48.9264232,-25.0334851],[-48.9140426,-25.0296486],[-48.8635041,-25.0290322],[-48.842405,-25.0401996],[-48.8215377,-25.0299842],[-48.8263348,-25.0171774],[-48.7805768,-25.0009489],[-48.757002,-25.0038127],[-48.7505424,-24.9906626],[-48.7260426,-24.9816217],[-48.7187059,-24.9702763],[-48.6898442,-24.969902],[-48.668264,-24.9584736],[-48.6294886,-24.9239363],[-48.5876714,-24.9279667],[-48.5768276,-24.9149242],[-48.5652241,-24.9177292],[-48.571891,-24.9232271],[-48.5628676,-24.9394293],[-48.5696748,-24.9434816],[-48.5629815,-24.9503259],[-48.5726711,-24.9549294],[-48.5673709,-24.9722669],[-48.5762873,-24.9844367],[-48.5884602,-24.9864393],[-48.5980558,-25.0032615],[-48.6113613,-24.9975296],[-48.6196014,-25.0050653],[-48.6320277,-24.9967612],[-48.6386657,-25.0047325],[-48.6485913,-24.9982589],[-48.6511363,-25.0060407],[-48.6440118,-25.0107416],[-48.6704838,-25.0180606],[-48.6619232,-25.0301991],[-48.6751769,-25.0306334],[-48.6837959,-25.0492843],[-48.6950168,-25.0534131],[-48.7322523,-25.0327107],[-48.7538559,-25.0430428],[-48.7536135,-25.0607585],[-48.764458,-25.0571517],[-48.7697633,-25.0698913],[-48.7771896,-25.0590644],[-48.7950363,-25.0635318],[-48.8039629,-25.0826582],[-48.8276645,-25.0872905],[-48.8229138,-25.0912391],[-48.828687,-25.0999853],[-48.8396589,-25.0906205],[-48.8461566,-25.1023824],[-48.8665109,-25.1092622],[-48.8664812,-25.1291592],[-48.8766985,-25.1371752],[-48.8671703,-25.148965],[-48.8758102,-25.1493173],[-48.8727694,-25.1616524],[-48.8885684,-25.1703064],[-48.887814,-25.1786372],[-48.9012403,-25.1795295],[-48.9014877,-25.1941584],[-48.9103217,-25.2014123],[-48.9188916,-25.1927007],[-48.9248829,-25.2036564],[-48.9475712,-25.197664],[-48.9520962,-25.2113658],[-48.9436077,-25.219188],[-48.9665838,-25.2385157],[-48.961537,-25.245204],[-48.9686122,-25.2457759],[-48.9646585,-25.264243],[-48.9707227,-25.282315],[-48.9849157,-25.2780502],[-48.9800503,-25.2669963],[-48.9892959,-25.260318],[-48.9944287,-25.2675184],[-49.0090791,-25.259323],[-49.0153953,-25.2707663],[-49.0637383,-25.2644085]]]}},{"type":"Feature","properties":{"level":"municipio","municipality_code":"4103156","municipality_name":"Bom Jesus do Sul","uf":"PR","state_code":"41","area_km2":176.129},"geometry":{"type":"Polygon","coordinates":[[[-53.6084546,-26.2136583],[-53.621401,-26.2044284],[-53.6298618,-26.2102129],[-53.6347613,-26.2023],[-53.6522254,-26.2064117],[-53.6503119,-26.1947361],[-53.672082,-26.1761864],[-53.6485068,-26.1741986],[-53.6054633,-26.1350156],[-53.5884286,-26.1316365],[-53.5840715,-26.1128239],[-53.5673753,-26.1092212],[-53.5690849,-26.0963824],[-53.5535697,-26.0984301],[-53.5530028,-26.0892291],[-53.5246549,-26.0960551],[-53.5229985,-26.1111067],[-53.5133581,-26.1018103],[-53.510083,-26.1179059],[-53.4978634,-26.1072982],[-53.4947939,-26.1222469],[-53.4716388,-26.1338326],[-53.4740644,-26.1468621],[-53.4602727,-26.1622001],[-53.4717839,-26.1682567],[-53.4645002,-26.1756517],[-53.4724327,-26.1818826],[-53.471445,-26.1968148],[-53.4838806,-26.2012772],[-53.4947905,-26.2188999],[-53.5410152,-26.1975464],[-53.5747507,-26.2102841],[-53.5766981,-26.2175788],[-53.6084546,-26.2136583]]]}},{"type":"Feature","properties":{"level":"municipio","municipality_code":"4103206","municipality_name":"Bom Sucesso","uf":"PR","state_code":"41","area_km2":322.755},"geometry":{"type":"Polygon","coordinates":[[[-51.7006496,-23.6978304],[-51.6937602,-23.7077239],[-51.6980432,-23.7162621],[-51.7120113,-23.709351],[-51.7156525,-23.7170734],[-51.7031242,-23.7274182],[-51.7163214,-23.7265306],[-51.7225123,-23.7385039],[-51.7297065,-23.732957],[-51.7389877,-23.742053],[-51.7374329,-23.7530046],[-51.752317,-23.7534752],[-51.7480682,-23.7654418],[-51.7633787,-23.7704388],[-51.7642624,-23.7938606],[-51.7828202,-23.7904191],[-51.7957893,-23.7749474],[-51.8050145,-23.7888582],[-51.8835434,-23.8066527],[-51.9255471,-23.7126994],[-51.9636036,-23.694529],[-51.9532905,-23.6863066],[-51.9553471,-23.6757662],[-51.9373571,-23.6833083],[-51.9399136,-23.6730357],[-51.9318908,-23.6761463],[-51.9230841,-23.6622076],[-51.9127218,-23.6718371],[-51.9005892,-23.6537263],[-51.8908452,-23.6627075],[-51.8843904,-23.654063],[-51.8886276,-23.6451266],[-51.8705096,-23.6383775],[-51.866294,-23.6470123],[-51.851883,-23.6339558],[-51.8437069,-23.6389622],[-51.8356515,-23.6319479],[-51.8369557,-23.6412706],[-51.8273556,-23.6440614],[-51.8234338,-23.6333925],[-51.8195461,-23.6485616],[-51.8125435,-23.6358656],[-51.7987386,-23.6419163],[-51.8055748,-23.6322657],[-51.7844304,-23.6336006],[-51.7745957,-23.6263477],[-51.7647911,-23.6397796],[-51.7670372,-23.6568969],[-51.7461462,-23.6578311],[-51.7395177,-23.6707964],[-51.7031629,-23.674572],[-51.6946854,-23.68387],[-51.7006496,-23.6978304]]]}},{"type":"Feature","properties":{"level":"municipio","municipality_code":"4103222","municipality_name":"Bom Sucesso do Sul","uf":"PR","state_code":"41","area_km2":195.931},"geometry":{"type":"Polygon","coordinates":[[[-52.8119203,-26.1373877],[-52.8720027,-26.1291009],[-52.9300168,-26.0940979],[-52.930001,-26.0708815],[-52.9172336,-26.0721148],[-52.9170357,-26.0663525],[-52.9436208,-26.0619484],[-52.913203,-26.0506389],[-52.9227077,-26.0418392],[-52.9347885,-26.0430299],[-52.9391187,-26.0325193],[-52.9256196,-26.0354638],[-52.9241241,-26.0234979],[-52.9147633,-26.0256319],[-52.920983,-26.0107245],[-52.9067861,-26.0174942],[-52.9006494,-26.0049279],[-52.8852327,-26.00954],[-52.8929529,-26.0024739],[-52.8781423,-26.0022804],[-52.8465051,-26.0226936],[-52.822299,-26.0178839],[-52.8229722,-26.0284144],[-52.8093508,-26.0251035],[-52.8061787,-26.0459323],[-52.7942615,-26.0475029],[-52.8065102,-26.0526667],[-52.802211,-26.0576942],[-52.8083977,-26.0646332],[-52.8120348,-26.0577753],[-52.8275162,-26.0587429],[-52.8298845,-26.0763724],[-52.8083698,-26.0743068],[-52.7690968,-26.0937715],[-52.7542306,-26.1099247],[-52.7366205,-26.1100693],[-52.7204778,-26.1236464],[-52.7193432,-26.1441503],[-52.7951717,-26.1673853],[-52.8000272,-26.1600408],[-52.8176056,-26.1613865],[-52.8152746,-26.1491522],[-52.8300409,-26.1404898],[-52.8119203,-26.1373877]]]}},{"type":"Feature","properties":{"level":"municipio","municipality_code":"4103305","municipality_name":"Borrazópolis","uf":"PR","state_code":"41","area_km2":334.378},"geometry":{"type":"Polygon","coordinates":[[[-51.580309,-23.8570556],[-51.5565421,-23.8689469],[-51.5575266,-23.8601756],[-51.5470039,-23.8660604],[-51.5386859,-23.8608233],[-51.5258472,-23.8727881],[-51.5263283,-23.8605993],[-51.5103581,-23.8554083],[-51.5015114,-23.87082],[-51.4975922,-23.8581151],[-51.4876766,-23.8625285],[-51.4875947,-23.8714518],[-51.480513,-23.866923],[-51.4573301,-23.88021],[-51.4906064,-23.9310044],[-51.4866173,-23.9369621],[-51.4943773,-23.9505626],[-51.5217398,-23.9670511],[-51.531731,-23.9862145],[-51.5289066,-23.9972683],[-51.5434305,-24.0074936],[-51.5386553,-24.0164654],[-51.5572951,-24.0191194],[-51.5538215,-24.0249002],[-51.5622387,-24.0310626],[-51.5785184,-24.0211794],[-51.6069615,-24.0369196],[-51.6124871,-24.0252204],[-51.6316014,-24.0207435],[-51.6409296,-24.0462099],[-51.6495715,-24.0489685],[-51.658849,-24.0312322],[-51.6339314,-24.005269],[-51.6387644,-23.9995224],[-51.6524575,-23.9939926],[-51.6706511,-24.0046597],[-51.6866214,-23.9940331],[-51.7048736,-24.005651],[-51.6765119,-23.9587493],[-51.731013,-23.9532373],[-51.7397403,-23.9430235],[-51.7310097,-23.9388855],[-51.7243646,-23.9459839],[-51.7137526,-23.9343895],[-51.7179275,-23.9274318],[-51.700285,-23.9162429],[-51.6978464,-23.9264656],[-51.6859295,-23.9287223],[-51.6839589,-23.9185851],[-51.6718885,-23.9152383],[-51.6868852,-23.9062322],[-51.6843132,-23.8960111],[-51.6762018,-23.900518],[-51.6790398,-23.8834878],[-51.6547405,-23.8677325],[-51.6366099,-23.8725736],[-51.635535,-23.8799556],[-51.6322159,-23.8692676],[-51.6156335,-23.8675239],[-51.6105733,-23.8740669],[-51.6058489,-23.8651605],[-51.580309,-23.8570556]]]}},{"type":"Feature","properties":{"level":"municipio","municipality_code":"4103354","municipality_name":"Braganey","uf":"PR","state_code":"41","area_km2":343.321},"geometry":{"type":"Polygon","coordinates":[[[-52.9928671,-24.7699702],[-53.0223109,-24.781616],[-53.0109243,-24.7909382],[-53.0367857,-24.7961257],[-53.0263158,-24.8069543],[-53.0413677,-24.8058961],[-53.0401493,-24.8164145],[-53.0262888,-24.8281321],[-53.0341469,-24.8337977],[-53.0484231,-24.8237241],[-53.0443653,-24.8417727],[-53.0644004,-24.8429899],[-53.0496196,-24.8612139],[-53.0566806,-24.8736173],[-53.0788388,-24.8773484],[-53.0612563,-24.8939385],[-53.0846802,-24.89849],[-53.0791999,-24.9033958],[-53.0856462,-24.9112536],[-53.0755092,-24.9098443],[-53.0766801,-24.9162425],[-53.0925982,-24.9112608],[-53.1596833,-24.9178942],[-53.1570019,-24.9316686],[-53.165126,-24.9431839],[-53.1838984,-24.9387997],[-53.1904439,-24.9053209],[-53.1826865,-24.8802043],[-53.172633,-24.8743644],[-53.1832557,-24.867083],[-53.1758887,-24.859588],[-53.1807832,-24.8497592],[-53.1919032,-24.8514256],[-53.1787858,-24.8419289],[-53.1938184,-24.8259696],[-53.1819792,-24.8184751],[-53.1981754,-24.8086772],[-53.198787,-24.7810655],[-53.175733,-24.786113],[-53.1680944,-24.7750305],[-53.177174,-24.7670285],[-53.1579516,-24.7686639],[-53.1480059,-24.7554281],[-53.1423106,-24.7628682],[-53.1365105,-24.7564726],[-53.1553173,-24.7460253],[-53.1450638,-24.7418237],[-53.1169672,-24.7539954],[-53.1037982,-24.7465638],[-53.068276,-24.7504274],[-53.0626972,-24.7433137],[-53.0691693,-24.7349499],[-53.0528936,-24.7294769],[-53.0648669,-24.7203327],[-53.0527006,-24.7031276],[-53.0357041,-24.703199],[-53.0488621,-24.6919559],[-53.035172,-24.6860533],[-53.0447335,-24.6801638],[-53.0377552,-24.6713459],[-53.04834,-24.6657082],[-53.0358448,-24.6370922],[-53.0196987,-24.6391895],[-53.0311718,-24.6575725],[-53.0248157,-24.6669746],[-52.9961995,-24.6739798],[-52.9833114,-24.6669514],[-52.983977,-24.6886945],[-52.9470132,-24.6885022],[-52.9591994,-24.7023639],[-52.9706932,-24.7023024],[-52.9738117,-24.7124844],[-52.9863952,-24.7132108],[-52.9798673,-24.7308963],[-52.9682318,-24.7334345],[-52.9735838,-24.7413444],[-52.9878658,-24.7343545],[-52.9862272,-24.7581933],[-52.9995347,-24.7573692],[-52.9928671,-24.7699702]]]}},{"type":"Feature","properties":{"level":"municipio","municipality_code":"4103370","municipality_name":"Brasilândia do Sul","uf":"PR","state_code":"41","area_km2":291.036},"geometry":{"type":"Polygon","coordinates":[[[-53.4362986,-24.1120374],[-53.488845,-24.2298917],[-53.529411,-24.2468402],[-53.5467268,-24.2437239],[-53.5580463,-24.2602616],[-53.5719682,-24.2602301],[-53.5728927,-24.248208],[-53.5917749,-24.2414535],[-53.6137682,-24.2475002],[-53.6380999,-24.242516],[-53.6498838,-24.2203114],[-53.6665935,-24.2088423],[-53.5191379,-24.0503995],[-53.4362986,-24.1120374]]]}},{"type":"Feature","properties":{"level":"municipio","municipality_code":"4103404","municipality_name":"Cafeara","uf":"PR","state_code":"41","area_km2":185.8},"geometry":{"type":"Polygon","coordinates":[[[-51.6845335,-22.7964295],[-51.6609927,-22.7968549],[-51.6432606,-22.8076826],[-51.6384593,-22.8290109],[-51.6525304,-22.8616227],[-51.6315722,-22.8888599],[-51.7253373,-22.8909131],[-51.7483393,-22.8758896],[-51.7637206,-22.849115],[-51.800134,-22.8326941],[-51.7591639,-22.83046],[-51.7717042,-22.7737361],[-51.7595718,-22.7664969],[-51.7594598,-22.7393447],[-51.7348495,-22.7237626],[-51.7250932,-22.7010622],[-51.6939784,-22.7274692],[-51.6885774,-22.7530356],[-51.6973703,-22.7876243],[-51.6845335,-22.7964295]]]}},{"type":"Feature","properties":{"level":"municipio","municipality_code":"4103453","municipality_name":"Cafelândia","uf":"PR","state_code":"41","area_km2":274.904},"geometry":{"type":"Polygon","coordinates":[[[-53.2663446,-24.6695253],[-53.3014963,-24.6731558],[-53.2929583,-24.6897488],[-53.3228752,-24.6992265],[-53.3188452,-24.705792],[-53.3369257,-24.7139354],[-53.3389019,-24.7246912],[-53.3316282,-24.7304185],[-53.3614995,-24.7371513],[-53.3530714,-24.7425181],[-53.3642462,-24.7644312],[-53.3557274,-24.7759228],[-53.3448596,-24.775872],[-53.3452999,-24.7903457],[-53.3960555,-24.7979254],[-53.4078482,-24.8083243],[-53.4236717,-24.7975495],[-53.4275495,-24.8033555],[-53.4561784,-24.7996193],[-53.4529477,-24.7566846],[-53.4591397,-24.7507245],[-53.4470965,-24.727469],[-53.4503522,-24.713101],[-53.4405111,-24.7016972],[-53.4463669,-24.6823358],[-53.4352119,-24.669114],[-53.4185382,-24.668627],[-53.4158693,-24.6625753],[-53.4265702,-24.6602414],[-53.4265309,-24.6417011],[-53.3862891,-24.6524598],[-53.3717052,-24.6395277],[-53.3739309,-24.6251931],[-53.3501576,-24.5961616],[-53.3497933,-24.5766559],[-53.3391914,-24.5717385],[-53.3185926,-24.5981571],[-53.2924119,-24.5857598],[-53.2718041,-24.6049533],[-53.2760997,-24.6109448],[-53.2672436,-24.6223054],[-53.2434486,-24.6247027],[-53.2468176,-24.6304339],[-53.2359514,-24.6364338],[-53.2546754,-24.6491003],[-53.2489839,-24.6559833],[-53.2645276,-24.6596016],[-53.2663446,-24.6695253]]]}},{"type":"Feature","properties":{"level":"municipio","municipality_code":"4103479","municipality_name":"Cafezal do Sul","uf":"PR","state_code":"41","area_km2":335.392},"geometry":{"type":"Polygon","coordinates":[[[-53.5315259,-23.865216],[-53.4577993,-23.9799312],[-53.5557389,-24.0911],[-53.5562331,-24.074119],[-53.570677,-24.0642416],[-53.5715746,-24.0497761],[-53.6064447,-24.0281011],[-53.586103,-24.0147205],[-53.582656,-23.9881972],[-53.599548,-23.9801409],[-53.6058066,-23.9571297],[-53.6393502,-23.9616019],[-53.6508783,-23.9358689],[-53.6802991,-23.9091747],[-53.6116902,-23.8398805],[-53.5359992,-23.8195978],[-53.4995866,-23.8389804],[-53.5012224,-23.8503771],[-53.5315259,-23.865216]]]}},{"type":"Feature","properties":{"level":"municipio","municipality_code":"4103503","municipality_name":"Califórnia","uf":"PR","state_code":"41","area_km2":141.817},"geometry":{"type":"Polygon","coordinates":[[[-51.4022437,-23.6499919],[-51.3786516,-23.615836],[-51.3702095,-23.6178903],[-51.3457833,-23.6385758],[-51.3234192,-23.6291306],[-51.2944491,-23.6327635],[-51.2768322,-23.6197252],[-51.2661869,-23.6275327],[-51.2532227,-23.6188656],[-51.2384191,-23.6254166],[-51.2444597,-23.630753],[-51.2383102,-23.6391487],[-51.2426786,-23.6571304],[-51.249187,-23.6654848],[-51.2643455,-23.6665279],[-51.288491,-23.711433],[-51.3041099,-23.7157322],[-51.3462899,-23.7056998],[-51.3599478,-23.7159671],[-51.3769594,-23.7112902],[-51.3841022,-23.7172477],[-51.4039,-23.7118985],[-51.4111558,-23.6994296],[-51.4241608,-23.7048625],[-51.4356546,-23.6938413],[-51.4058906,-23.6701006],[-51.4022437,-23.6499919]]]}},{"type":"Feature","properties":{"level":"municipio","municipality_code":"4103602","municipality_name":"Cambará","uf":"PR","state_code":"41","area_km2":366.153},"geometry":{"type":"Polygon","coordinates":[[[-50.0513724,-23.0942673],[-50.0896705,-23.0886882],[-50.1116682,-23.0673016],[-50.1173152,-23.0724807],[-50.1221123,-23.067419],[-50.1325027,-23.0811115],[-50.1393964,-23.0745228],[-50.173691,-23.0744486],[-50.1743345,-23.0648579],[-50.1977428,-23.0485441],[-50.2097997,-23.0288418],[-50.1943013,-22.9911725],[-50.2038919,-22.9527864],[-50.1833934,-22.9537733],[-50.1514329,-22.9351596],[-50.1210672,-22.9413412],[-50.0928258,-22.9225047],[-50.0674704,-22.9275153],[-50.0478527,-22.9019641],[-50.0162405,-22.9103352],[-50.0060579,-22.9269291],[-49.9948737,-22.9297191],[-49.9904075,-22.9234822],[-49.998853,-22.9017499],[-49.9861649,-22.8975048],[-49.9620495,-22.9233131],[-49.9758646,-22.9576651],[-49.971227,-23.017314],[-50.0059529,-23.0385164],[-50.0075653,-23.0571287],[-50.0176861,-23.054516],[-50.0302263,-23.0678858],[-50.0480359,-23.0726909],[-50.0513724,-23.0942673]]]}},{"type":"Feature","properties":{"level":"municipio","municipality_code":"4103800","municipality_name":"Cambira","uf":"PR","state_code":"41","area_km2":164.786},"geometry":{"type":"Polygon","coordinates":[[[-51.5748594,-23.6929011],[-51.5930287,-23.7045794],[-51.5945965,-23.691229],[-51.6105742,-23.6874643],[-51.6008443,-23.6816038],[-51.6124903,-23.6680459],[-51.6046825,-23.6589379],[-51.6119325,-23.6561711],[-51.6072076,-23.6427396],[-51.6143823,-23.6027448],[-51.6020303,-23.5815655],[-51.622624,-23.5617242],[-51.6313984,-23.5317858],[-51.6232428,-23.518816],[-51.6300193,-23.5096489],[-51.6176397,-23.4995267],[-51.6223102,-23.4912978],[-51.6129589,-23.49047],[-51.6158191,-23.4830546],[-51.5996426,-23.5211758],[-51.5770391,-23.5424792],[-51.5698121,-23.5847568],[-51.5293678,-23.6292707],[-51.5016024,-23.6444411],[-51.5075572,-23.6563483],[-51.4921812,-23.6566816],[-51.4847395,-23.6703846],[-51.4930261,-23.6771282],[-51.4762913,-23.6858248],[-51.4819354,-23.6998816],[-51.4993335,-23.6906756],[-51.5149852,-23.6982181],[-51.5268715,-23.7152909],[-51.5169817,-23.7284149],[-51.5276252,-23.740163],[-51.5400777,-23.7368749],[-51.5554904,-23.6945323],[-51.5748594,-23.6929011]]]}},{"type":"Feature","properties":{"level":"municipio","municipality_code":"4103701","municipality_name":"Cambé","uf":"PR","state_code":"41","area_km2":495.375},"geometry":{"type":"Polygon","coordinates":[[[-51.227595,-23.3111089],[-51.2460148,-23.3737725],[-51.2601007,-23.3737931],[-51.267397,-23.396379],[-51.2804441,-23.3988006],[-51.280871,-23.3886334],[-51.310175,-23.3835368],[-51.2903167,-23.3286021],[-51.3205675,-23.3129074],[-51.3342668,-23.2889354],[-51.3284107,-23.2557685],[-51.3037327,-23.2287141],[-51.3030128,-23.1729769],[-51.4180394,-23.1687503],[-51.3963359,-23.1294826],[-51.3999908,-23.088036],[-51.3802214,-23.0791583],[-51.3817797,-23.0650773],[-51.3621092,-23.0620607],[-51.3577352,-23.0432982],[-51.3470129,-23.0420758],[-51.3525037,-23.0322631],[-51.3408239,-23.0385044],[-51.3432149,-23.0255586],[-51.3222358,-23.0127555],[-51.3008356,-23.0183538],[-51.3137873,-23.0316219],[-51.3064164,-23.0404437],[-51.3053424,-23.0306646],[-51.2942176,-23.0305606],[-51.297031,-23.0372981],[-51.2865533,-23.030101],[-51.2849402,-23.0436833],[-51.2318527,-23.0518197],[-51.231406,-23.1180633],[-51.170204,-23.1178572],[-51.1703573,-23.171504],[-51.2061532,-23.1714342],[-51.2094683,-23.1901328],[-51.1930649,-23.2078269],[-51.1947807,-23.2249399],[-51.1800049,-23.239231],[-51.2191015,-23.2419932],[-51.248225,-23.2654908],[-51.21005,-23.308243],[-51.2233808,-23.3183592],[-51.227595,-23.3111089]]]}},{"type":"Feature","properties":{"level":"municipio","municipality_code":"4104006","municipality_name":"Campina Grande do Sul","uf":"PR","state_code":"41","area_km2":539.245},"geometry":{"type":"Polygon","coordinates":[[[-49.0165793,-25.312644],[-49.0449453,-25.3456151],[-49.0866009,-25.3643341],[-49.1238543,-25.3706271],[-49.1354755,-25.340825],[-49.122806,-25.2995845],[-49.1102023,-25.280258],[-49.0968995,-25.2753651],[-49.0637383,-25.2644085],[-49.0153953,-25.2707663],[-49.0090791,-25.259323],[-48.9944287,-25.2675184],[-48.9892959,-25.260318],[-48.9800503,-25.2669963],[-48.9849157,-25.2780502],[-48.9707227,-25.282315],[-48.9646585,-25.264243],[-48.9686122,-25.2457759],[-48.961537,-25.245204],[-48.9665838,-25.2385157],[-48.9436077,-25.219188],[-48.9520962,-25.2113658],[-48.9475712,-25.197664],[-48.9248829,-25.2036564],[-48.9188916,-25.1927007],[-48.9103217,-25.2014123],[-48.9014877,-25.1941584],[-48.9012403,-25.1795295],[-48.887814,-25.1786372],[-48.8885684,-25.1703064],[-48.8727694,-25.1616524],[-48.8758102,-25.1493173],[-48.8671703,-25.148965],[-48.8766985,-25.1371752],[-48.8664812,-25.1291592],[-48.8665109,-25.1092622],[-48.8461566,-25.1023824],[-48.8396589,-25.0906205],[-48.828687,-25.0999853],[-48.8229138,-25.0912391],[-48.8276645,-25.0872905],[-48.8039629,-25.0826582],[-48.7950363,-25.0635318],[-48.7771896,-25.0590644],[-48.7697633,-25.0698913],[-48.764458,-25.0571517],[-48.7536135,-25.0607585],[-48.7538559,-25.0430428],[-48.7419323,-25.0371433],[-48.7322523,-25.0327107],[-48.692617,-25.05281],[-48.6818826,-25.0477297],[-48.6830594,-25.0400558],[-48.6753063,-25.0417766],[-48.6751769,-25.0306334],[-48.6635228,-25.0327995],[-48.6704838,-25.0180606],[-48.6440118,-25.0107416],[-48.6511363,-25.0060407],[-48.6485913,-24.9982589],[-48.6386657,-25.0047325],[-48.6320277,-24.9967612],[-48.6196014,-25.0050653],[-48.6113613,-24.9975296],[-48.5980704,-25.0032555],[-48.5992472,-25.019272],[-48.5888695,-25.0197057],[-48.5826617,-25.0516461],[-48.5690701,-25.0510623],[-48.5589032,-25.0615423],[-48.5598759,-25.077961],[-48.5461068,-25.1074354],[-48.5610542,-25.1058682],[-48.5729973,-25.0841755],[-48.6015356,-25.0886472],[-48.6124906,-25.0930688],[-48.6239699,-25.116525],[-48.6417894,-25.1181448],[-48.6435318,-25.1309463],[-48.6666725,-25.128226],[-48.6797358,-25.1462127],[-48.6843194,-25.1167174],[-48.688481,-25.1210235],[-48.703862,-25.1129674],[-48.7037003,-25.1048576],[-48.7260769,-25.1005741],[-48.7291703,-25.0889873],[-48.7605257,-25.0916232],[-48.7848268,-25.1263438],[-48.8196936,-25.132261],[-48.8456211,-25.1632616],[-48.8392927,-25.1783464],[-48.8451558,-25.189552],[-48.8333283,-25.1932994],[-48.8293947,-25.2183782],[-48.8193647,-25.223567],[-48.8302066,-25.2325873],[-48.8311835,-25.252995],[-48.8401191,-25.263399],[-48.8315874,-25.3039926],[-48.8448849,-25.3099968],[-48.8888081,-25.2911335],[-48.9045005,-25.3022901],[-48.9015407,-25.3220012],[-48.9093938,-25.3332339],[-48.9464867,-25.304982],[-49.0165793,-25.312644]]]}},{"type":"Feature","properties":{"level":"municipio","municipality_code":"4103909","municipality_name":"Campina da Lagoa","uf":"PR","state_code":"41","area_km2":796.614},"geometry":{"type":"Polygon","coordinates":[[[-52.639283,-24.6167311],[-52.6534179,-24.6403745],[-52.6570061,-24.6345927],[-52.6646693,-24.6385594],[-52.6561121,-24.6506605],[-52.6620586,-24.6579283],[-52.684814,-24.6551315],[-52.6827565,-24.6647978],[-52.6674486,-24.6725428],[-52.6732279,-24.67746],[-52.6865284,-24.6706636],[-52.6850571,-24.6836757],[-52.6932771,-24.6809475],[-52.6888639,-24.6900455],[-52.6948607,-24.7025098],[-52.6801441,-24.7139708],[-52.6902824,-24.7339193],[-52.7058331,-24.7280599],[-52.7119784,-24.7341063],[-52.7039212,-24.747532],[-52.7205821,-24.7414831],[-52.7329998,-24.7471127],[-52.737918,-24.7359696],[-52.7522508,-24.7467515],[-52.7489191,-24.7322436],[-52.7550089,-24.7280068],[-52.7643364,-24.747275],[-52.7736469,-24.7507282],[-52.7969795,-24.720758],[-52.8151103,-24.7172646],[-52.8204437,-24.7197627],[-52.7976452,-24.7286272],[-52.7985628,-24.7430048],[-52.8192842,-24.7368481],[-52.825527,-24.7227182],[-52.8391936,-24.73137],[-52.8280601,-24.7435244],[-52.861227,-24.7358113],[-52.8594246,-24.7588127],[-52.8775263,-24.7512768],[-52.9196962,-24.7620856],[-52.9225906,-24.7338266],[-52.9043387,-24.7217728],[-52.9416137,-24.7074865],[-52.9481967,-24.7238271],[-52.9568952,-24.7249701],[-52.9634752,-24.7047911],[-52.9482303,-24.6858216],[-52.9865371,-24.6835737],[-52.9767479,-24.6680911],[-52.9821034,-24.6605855],[-52.9660387,-24.6664733],[-52.9763143,-24.6514867],[-52.9545391,-24.6587209],[-52.9714235,-24.6442435],[-52.9517749,-24.6428729],[-52.9543325,-24.6343016],[-52.9445663,-24.6316878],[-52.9516173,-24.6159508],[-52.9378012,-24.6152545],[-52.9448577,-24.6055533],[-52.9386393,-24.6021795],[-52.9410682,-24.5907089],[-52.9345219,-24.5998098],[-52.9147311,-24.5999816],[-52.9405508,-24.5853162],[-52.9353186,-24.5781164],[-52.9234559,-24.5858133],[-52.9238499,-24.5717098],[-52.9021423,-24.5713112],[-52.9205049,-24.5630949],[-52.8964611,-24.5455701],[-52.8998426,-24.5395712],[-52.900545,-24.5459556],[-52.911887,-24.5442235],[-52.9050683,-24.5293771],[-52.8957104,-24.5360476],[-52.8816222,-24.5282023],[-52.8880022,-24.5197036],[-52.8783007,-24.5149397],[-52.8813862,-24.5066009],[-52.8582141,-24.5117335],[-52.8661886,-24.5055181],[-52.8639588,-24.4895814],[-52.8538278,-24.5026129],[-52.8474706,-24.4891884],[-52.8320775,-24.4957447],[-52.829483,-24.5143569],[-52.8244404,-24.5074709],[-52.818629,-24.5136567],[-52.8179868,-24.493057],[-52.806243,-24.4967306],[-52.8073885,-24.5039421],[-52.8008865,-24.4981839],[-52.8070294,-24.4910815],[-52.787325,-24.4898487],[-52.790562,-24.5041856],[-52.779077,-24.5077346],[-52.7816951,-24.4965445],[-52.7717887,-24.5015725],[-52.7582302,-24.4917742],[-52.7664461,-24.483128],[-52.7531381,-24.4762831],[-52.7430088,-24.4812442],[-52.7364996,-24.4729576],[-52.7276866,-24.474911],[-52.7292941,-24.48233],[-52.7186837,-24.4768894],[-52.7042856,-24.4908707],[-52.6748665,-24.4944996],[-52.6879787,-24.5021232],[-52.6726707,-24.4987778],[-52.6752265,-24.5063735],[-52.6678918,-24.5103348],[-52.659639,-24.50796],[-52.6686706,-24.5038516],[-52.6639468,-24.4971646],[-52.6285482,-24.5110052],[-52.6095908,-24.52747],[-52.5955957,-24.5738083],[-52.6106686,-24.6036588],[-52.639283,-24.6167311]]]}},{"type":"Feature","properties":{"level":"municipio","municipality_code":"4103958","municipality_name":"Campina do Simão","uf":"PR","state_code":"41","area_km2":448.424},"geometry":{"type":"Polygon","coordinates":[[[-51.7448789,-25.0641917],[-51.7211296,-25.0800974],[-51.7029373,-25.0712635],[-51.6931058,-25.0875342],[-51.6758798,-25.0825378],[-51.671022,-25.0940015],[-51.6774607,-25.1027108],[-51.6535489,-25.1403544],[-51.6566795,-25.1680613],[-51.6376871,-25.1915083],[-51.6402348,-25.2018253],[-51.6557078,-25.1996984],[-51.6492227,-25.2173145],[-51.660051,-25.2248232],[-51.6914112,-25.2223756],[-51.7108292,-25.2295707],[-51.7456352,-25.2020574],[-51.7873244,-25.2329648],[-51.8731105,-25.2223114],[-51.8870721,-25.1741981],[-51.872657,-25.1038066],[-51.8802175,-25.0903509],[-51.8718294,-25.0777145],[-51.8899144,-25.0457201],[-51.872631,-25.0353305],[-51.8812782,-25.0203993],[-51.8947717,-25.0172197],[-51.8890456,-25.012061],[-51.8944055,-24.999301],[-51.8667969,-25.0041586],[-51.8690796,-24.9959457],[-51.8575976,-24.9965199],[-51.8618299,-24.9872415],[-51.8421862,-25.0024882],[-51.8382106,-24.9970436],[-51.8254408,-25.0027137],[-51.8235486,-25.0133867],[-51.7747381,-25.022304],[-51.7843251,-25.0369752],[-51.7812985,-25.044301],[-51.7749977,-25.0398848],[-51.7780435,-25.0576714],[-51.7682965,-25.054647],[-51.7649926,-25.0652084],[-51.7448789,-25.0641917]]]}},{"type":"Feature","properties":{"level":"municipio","municipality_code":"4104055","municipality_name":"Campo Bonito","uf":"PR","state_code":"41","area_km2":433.832},"geometry":{"type":"Polygon","coordinates":[[[-52.9782227,-25.1029779],[-53.1009276,-25.0957712],[-53.0865006,-25.0752549],[-53.0874191,-25.0402407],[-53.073898,-25.0275513],[-53.081713,-25.0252501],[-53.0757877,-25.0141647],[-53.0885112,-25.0052147],[-53.076378,-25.0041171],[-53.0794103,-24.9958828],[-53.0720854,-24.9889707],[-53.0894885,-24.9896983],[-53.0937415,-24.9732468],[-53.1025019,-24.9712914],[-53.107798,-24.9550091],[-53.1010185,-24.9494565],[-53.1094866,-24.9407983],[-53.0935063,-24.9357146],[-53.0890542,-24.92125],[-53.0750614,-24.9141383],[-53.0856462,-24.9112536],[-53.0791999,-24.9033958],[-53.0846802,-24.89849],[-53.0612563,-24.8939385],[-53.0714819,-24.8780159],[-53.0796176,-24.8805586],[-53.0742076,-24.8734562],[-53.0566806,-24.8736173],[-53.0496196,-24.8612139],[-53.0644004,-24.8429899],[-53.0443653,-24.8417727],[-53.0484231,-24.8237241],[-53.0341469,-24.8337977],[-53.0262888,-24.8281321],[-53.0423087,-24.8070034],[-53.026698,-24.8086728],[-53.0367857,-24.7961257],[-53.0326739,-24.7904674],[-53.0125889,-24.791906],[-53.0223109,-24.781616],[-52.9923662,-24.7695643],[-52.9995347,-24.7573692],[-52.9862272,-24.7581933],[-52.9878658,-24.7343545],[-52.9735838,-24.7413444],[-52.9682318,-24.7334345],[-52.9798673,-24.7308963],[-52.9863952,-24.7132108],[-52.9738117,-24.7124844],[-52.9695385,-24.7021202],[-52.9568952,-24.7249701],[-52.9481967,-24.7238271],[-52.9416137,-24.7074865],[-52.9022492,-24.7244809],[-52.9225906,-24.7338266],[-52.9193925,-24.7651886],[-52.9346095,-24.7757082],[-52.9275806,-24.7862147],[-52.9425311,-24.7902811],[-52.9410855,-24.8051596],[-52.9505419,-24.7947064],[-52.9499674,-24.8048015],[-52.9595776,-24.8009519],[-52.9527397,-24.8071534],[-52.9635656,-24.8222132],[-52.9554244,-24.8277676],[-52.9769453,-24.8312653],[-52.9752377,-24.8416154],[-52.9925441,-24.8476392],[-52.9654109,-24.8573814],[-52.9839774,-24.8663496],[-52.9740948,-24.8683763],[-52.9747938,-24.8746979],[-52.9611041,-24.8714169],[-52.9740011,-24.8841579],[-52.9552285,-24.8907634],[-52.981269,-24.8955506],[-52.9655778,-24.9121997],[-52.9829018,-24.9110515],[-52.9739288,-24.9282174],[-52.9883778,-24.9329053],[-52.9802947,-24.9402538],[-52.9979205,-24.954899],[-52.9745118,-24.9564566],[-52.9869322,-24.9614882],[-52.9784466,-24.9673192],[-52.9905858,-24.9769801],[-52.975381,-24.9808822],[-52.9800193,-24.9873726],[-52.969556,-24.9869557],[-52.9736521,-24.9926355],[-52.9648258,-24.9906788],[-52.9647819,-25.0169565],[-52.9521217,-25.0317029],[-52.9597502,-25.0561595],[-52.9493856,-25.0918158],[-52.9731942,-25.0949991],[-52.9782227,-25.1029779]]]}},{"type":"Feature","properties":{"level":"municipio","municipality_code":"4104204","municipality_name":"Campo Largo","uf":"PR","state_code":"41","area_km2":1243.787},"geometry":{"type":"Polygon","coordinates":[[[-49.3814648,-25.4526019],[-49.3848216,-25.4827285],[-49.3720789,-25.4969998],[-49.3759759,-25.5146678],[-49.3888175,-25.4971051],[-49.4213285,-25.4899227],[-49.4281263,-25.480712],[-49.4497731,-25.4869662],[-49.4684088,-25.4817995],[-49.552879,-25.541071],[-49.5538401,-25.5540948],[-49.5676316,-25.5441607],[-49.5649843,-25.5265225],[-49.5812398,-25.5145258],[-49.5888488,-25.518499],[-49.5961863,-25.4990351],[-49.5751394,-25.4591413],[-49.6027531,-25.4484708],[-49.6194459,-25.4614577],[-49.6403774,-25.4611703],[-49.6463013,-25.4696822],[-49.6906541,-25.466394],[-49.7114141,-25.4751439],[-49.7022925,-25.4463718],[-49.6893435,-25.4386638],[-49.7034642,-25.4300856],[-49.7227525,-25.4324134],[-49.7279308,-25.4102074],[-49.7150935,-25.3995098],[-49.7384934,-25.3930624],[-49.736051,-25.3627459],[-49.7423348,-25.3551408],[-49.7583518,-25.3612536],[-49.8196637,-25.2700552],[-49.8567694,-25.2339327],[-49.8173144,-25.2263447],[-49.7809062,-25.1940822],[-49.7541934,-25.2179556],[-49.7279353,-25.2242374],[-49.7121911,-25.217417],[-49.7091199,-25.205839],[-49.6895778,-25.1907454],[-49.6802459,-25.1677593],[-49.7076782,-25.1374072],[-49.7311485,-25.127949],[-49.7281184,-25.1106649],[-49.7392938,-25.1028693],[-49.7353348,-25.0888838],[-49.7428438,-25.0791802],[-49.7394499,-25.0627067],[-49.7222889,-25.0640067],[-49.7129474,-25.0601279],[-49.7131652,-25.045966],[-49.7020966,-25.0486637],[-49.7117373,-25.0384889],[-49.7025377,-25.0307175],[-49.7121587,-25.0215466],[-49.689105,-25.0180608],[-49.6682385,-24.9991619],[-49.6387118,-25.007681],[-49.6167909,-24.9799391],[-49.6078672,-24.9787765],[-49.5986328,-25.0106192],[-49.5660626,-25.0379249],[-49.548522,-25.0401253],[-49.5459834,-25.046468],[-49.5608843,-25.0507648],[-49.5643339,-25.0618129],[-49.5782593,-25.0601001],[-49.5839732,-25.0681536],[-49.5795332,-25.0755254],[-49.5909196,-25.0716979],[-49.587795,-25.0792341],[-49.6016783,-25.0875491],[-49.5830402,-25.1110591],[-49.5870853,-25.1174377],[-49.573558,-25.1251191],[-49.5754596,-25.1387061],[-49.5605596,-25.1477281],[-49.5622805,-25.1709089],[-49.5539434,-25.1759633],[-49.5681111,-25.1808085],[-49.5763312,-25.2002714],[-49.5653741,-25.2068681],[-49.5777617,-25.2313851],[-49.566021,-25.2522685],[-49.5687801,-25.2617179],[-49.5284581,-25.2699207],[-49.5168471,-25.2915561],[-49.4829122,-25.3104092],[-49.473289,-25.3265933],[-49.4805986,-25.3568889],[-49.4676307,-25.3638992],[-49.4737561,-25.3682644],[-49.4700287,-25.3768376],[-49.3834842,-25.4188785],[-49.3893386,-25.4293044],[-49.3814648,-25.4526019]]]}},{"type":"Feature","properties":{"level":"municipio","municipality_code":"4104253","municipality_name":"Campo Magro","uf":"PR","state_code":"41","area_km2":275.352},"geometry":{"type":"Polygon","coordinates":[[[-49.3818244,-25.4191859],[-49.4700287,-25.3768376],[-49.4737561,-25.3682644],[-49.4676307,-25.3638992],[-49.4805986,-25.3568889],[-49.473289,-25.3265933],[-49.4829122,-25.3104092],[-49.5168471,-25.2915561],[-49.5284581,-25.2699207],[-49.5687801,-25.2617179],[-49.566021,-25.2522685],[-49.5777617,-25.2313851],[-49.5653741,-25.2068681],[-49.5763312,-25.2002714],[-49.5625997,-25.1754342],[-49.5350821,-25.1765031],[-49.5252984,-25.1849422],[-49.5208859,-25.1791501],[-49.5015346,-25.1968427],[-49.4902433,-25.1974339],[-49.4814216,-25.1798243],[-49.463073,-25.1870832],[-49.4483551,-25.2074105],[-49.4557537,-25.2212565],[-49.4457002,-25.230673],[-49.4524492,-25.2436065],[-49.4164784,-25.2647776],[-49.4028857,-25.3012668],[-49.3825501,-25.3098323],[-49.3966226,-25.3257805],[-49.3707297,-25.3426753],[-49.3407166,-25.3472536],[-49.34785,-25.3759483],[-49.3741645,-25.3979202],[-49.3818244,-25.4191859]]]}},{"type":"Feature","properties":{"level":"municipio","municipality_code":"4104303","municipality_name":"Campo Mourão","uf":"PR","state_code":"41","area_km2":749.637},"geometry":{"type":"Polygon","coordinates":[[[-52.3828539,-23.9926431],[-52.2327694,-23.9964051],[-52.2449023,-24.0013434],[-52.2330503,-24.0301503],[-52.1882491,-24.0531849],[-52.2079716,-24.1041779],[-52.2008594,-24.1288253],[-52.1871826,-24.133245],[-52.2063648,-24.1423796],[-52.2111364,-24.1550001],[-52.231482,-24.1696844],[-52.2220954,-24.1929587],[-52.3272436,-24.1539818],[-52.3329671,-24.1651804],[-52.3457972,-24.1600624],[-52.3587485,-24.1784618],[-52.3733053,-24.1746372],[-52.3812704,-24.1837561],[-52.3748283,-24.1996872],[-52.3944651,-24.219443],[-52.3942253,-24.2369889],[-52.4110257,-24.2431666],[-52.4071146,-24.2579311],[-52.4184712,-24.2828632],[-52.4429889,-24.2980607],[-52.4732092,-24.2347108],[-52.5000118,-24.2214495],[-52.4891193,-24.1921209],[-52.4961869,-24.1823556],[-52.5074092,-24.2138813],[-52.5228963,-24.2240091],[-52.5061609,-24.1728215],[-52.5241647,-24.1242808],[-52.5429455,-24.1047019],[-52.5234778,-24.0858825],[-52.5145788,-24.0506469],[-52.5335518,-24.0179403],[-52.5132529,-23.9880417],[-52.4667435,-23.9544819],[-52.4590544,-23.9599445],[-52.458471,-23.9811528],[-52.4377887,-24.0034935],[-52.4052532,-24.0069587],[-52.3828539,-23.9926431]]]}},{"type":"Feature","properties":{"level":"municipio","municipality_code":"4104105","municipality_name":"Campo do Tenente","uf":"PR","state_code":"41","area_km2":304.488},"geometry":{"type":"Polygon","coordinates":[[[-49.7236962,-26.0226655],[-49.7733509,-26.0281627],[-49.7849079,-26.0187271],[-49.7914347,-26.000507],[-49.7883431,-25.9407335],[-49.7745744,-25.940892],[-49.777191,-25.9478923],[-49.7646411,-25.9385993],[-49.7540366,-25.945938],[-49.7428526,-25.9397362],[-49.7410421,-25.9290484],[-49.7286047,-25.9353781],[-49.7157646,-25.921244],[-49.7034721,-25.9304167],[-49.6879442,-25.9158388],[-49.6722281,-25.925372],[-49.6753936,-25.9091278],[-49.65952,-25.9050647],[-49.653519,-25.9105464],[-49.6428922,-25.8895561],[-49.6055571,-25.8963429],[-49.5933597,-25.9291043],[-49.5845185,-25.9233227],[-49.5646608,-25.9274936],[-49.5520646,-25.9430893],[-49.5416807,-25.9399139],[-49.5484065,-25.9666566],[-49.5429057,-25.9903724],[-49.5517152,-26.0119701],[-49.5337756,-26.0406533],[-49.5398548,-26.0703686],[-49.5435264,-26.0569021],[-49.5695697,-26.0556485],[-49.5844165,-26.0255776],[-49.6217768,-26.0464328],[-49.6513584,-26.0421276],[-49.679098,-26.0266306],[-49.6961079,-26.0316686],[-49.7236962,-26.0226655]]]}},{"type":"Feature","properties":{"level":"municipio","municipality_code":"4104428","municipality_name":"Candói","uf":"PR","state_code":"41","area_km2":1513.038},"geometry":{"type":"Polygon","coordinates":[[[-51.7811344,-25.4185248],[-51.7642977,-25.4156718],[-51.7713234,-25.4438487],[-51.7644101,-25.451531],[-51.7565429,-25.4489299],[-51.7507667,-25.463847],[-51.7696566,-25.4953458],[-51.7787713,-25.4915151],[-51.7795256,-25.5030754],[-51.7882711,-25.506221],[-51.7758552,-25.5168685],[-51.790196,-25.5417377],[-51.8184693,-25.536098],[-51.8165498,-25.5513629],[-51.7941085,-25.5708782],[-51.7899433,-25.584185],[-51.7987195,-25.5887527],[-51.7972533,-25.5958602],[-51.8184356,-25.5978161],[-51.808688,-25.614235],[-51.821665,-25.6080498],[-51.8368572,-25.6136257],[-51.8342418,-25.6377244],[-51.8496315,-25.6325741],[-51.8482758,-25.6149229],[-51.8631022,-25.6052956],[-51.8790484,-25.6175948],[-51.8814147,-25.6458966],[-51.9002168,-25.6408346],[-51.9043849,-25.6610615],[-51.9209171,-25.6583752],[-51.9163306,-25.6339814],[-51.9291036,-25.6301847],[-51.9438898,-25.6529699],[-51.9727934,-25.6359233],[-51.9821723,-25.6574204],[-51.9949829,-25.6552967],[-51.9961699,-25.6340263],[-52.0473607,-25.6240786],[-52.0560544,-25.6114624],[-52.09705,-25.6306227],[-52.1254227,-25.6735834],[-52.14975,-25.683848],[-52.1772009,-25.7103424],[-52.2490968,-25.7452346],[-52.291334,-25.7099429],[-52.3062601,-25.7095137],[-52.3324707,-25.7239526],[-52.3083791,-25.6895047],[-52.3136569,-25.6784454],[-52.3364834,-25.6833721],[-52.3631661,-25.7078818],[-52.3952806,-25.7002662],[-52.390614,-25.6873397],[-52.4138401,-25.6653008],[-52.3977023,-25.650477],[-52.3893313,-25.661883],[-52.3772003,-25.6637954],[-52.3615558,-25.6455738],[-52.3453851,-25.6417981],[-52.3336292,-25.6451894],[-52.3291134,-25.6581472],[-52.3046894,-25.6482892],[-52.3115298,-25.635823],[-52.3094163,-25.61406],[-52.2785783,-25.6134295],[-52.2889766,-25.610385],[-52.2745903,-25.574325],[-52.2619992,-25.5770088],[-52.2593043,-25.5630687],[-52.247525,-25.5675396],[-52.2383556,-25.5609232],[-52.2499208,-25.557463],[-52.2524415,-25.5484211],[-52.2432999,-25.5399103],[-52.2339468,-25.5514119],[-52.2356148,-25.5448814],[-52.2258903,-25.5403052],[-52.2252209,-25.5310293],[-52.2351359,-25.5326651],[-52.2408933,-25.5186648],[-52.2307253,-25.5159615],[-52.2275243,-25.4947252],[-52.2121626,-25.4964402],[-52.2189608,-25.4858248],[-52.2004977,-25.4821497],[-52.2029688,-25.4879274],[-52.19225,-25.4924178],[-52.1912463,-25.4763409],[-52.1716946,-25.4790306],[-52.1758325,-25.4710254],[-52.1688962,-25.4648235],[-52.1695074,-25.4722083],[-52.162168,-25.4727221],[-52.1569614,-25.4576662],[-52.1405791,-25.4575726],[-52.1196886,-25.4694184],[-52.1258332,-25.4571875],[-52.1104611,-25.4489495],[-52.1207064,-25.4446799],[-52.1114004,-25.4299176],[-52.1035238,-25.4395511],[-52.0952914,-25.4352468],[-52.0918501,-25.4166502],[-52.0884563,-25.4250325],[-52.0672078,-25.4262652],[-52.0753191,-25.4051677],[-52.0584825,-25.3979441],[-52.0617724,-25.3894194],[-52.0339317,-25.3900283],[-52.0342233,-25.3806828],[-52.0209084,-25.3777098],[-52.024301,-25.3665941],[-52.0163068,-25.3703803],[-51.9835288,-25.3482155],[-51.9694094,-25.3530026],[-51.9354745,-25.3312233],[-51.881581,-25.32895],[-51.8569607,-25.3122796],[-51.8009909,-25.3266593],[-51.7599136,-25.3002893],[-51.7398275,-25.3005334],[-51.7477117,-25.3339493],[-51.7659614,-25.3598262],[-51.7576921,-25.3820045],[-51.7849351,-25.4020169],[-51.7811344,-25.4185248]]]}},{"type":"Feature","properties":{"level":"municipio","municipality_code":"4104451","municipality_name":"Cantagalo","uf":"PR","state_code":"41","area_km2":568.054},"geometry":{"type":"Polygon","coordinates":[[[-52.0753191,-25.4051677],[-52.0672078,-25.4262652],[-52.0874248,-25.4252564],[-52.0918501,-25.4166502],[-52.0907947,-25.4317098],[-52.1035238,-25.4395511],[-52.1132717,-25.4316851],[-52.1206094,-25.4455477],[-52.1104611,-25.4489495],[-52.1258332,-25.4571875],[-52.1196886,-25.4694184],[-52.1405791,-25.4575726],[-52.1569614,-25.4576662],[-52.162168,-25.4727221],[-52.1695074,-25.4722083],[-52.1688962,-25.4648235],[-52.1758325,-25.4710254],[-52.1716946,-25.4790306],[-52.1927822,-25.4781177],[-52.1898724,-25.4561056],[-52.1981273,-25.4547379],[-52.1973739,-25.4616547],[-52.2054188,-25.4550862],[-52.1961602,-25.45155],[-52.1939864,-25.4406348],[-52.1875136,-25.4429726],[-52.1918712,-25.4359343],[-52.1836579,-25.4363366],[-52.1849933,-25.4286294],[-52.1762434,-25.4295128],[-52.1815672,-25.4228215],[-52.1733115,-25.4157364],[-52.1793227,-25.4167855],[-52.1814373,-25.402587],[-52.171185,-25.4067256],[-52.1643875,-25.3901549],[-52.1779372,-25.3720368],[-52.1745662,-25.3593649],[-52.1859536,-25.3565755],[-52.1796345,-25.3500751],[-52.2051742,-25.3304575],[-52.1952825,-25.3141048],[-52.2144932,-25.3078818],[-52.2187689,-25.2555165],[-52.2395178,-25.2488505],[-52.2571967,-25.2225528],[-52.2495976,-25.2215536],[-52.2476186,-25.2087724],[-52.2379642,-25.2092403],[-52.2450223,-25.1756867],[-52.2397146,-25.1685837],[-52.2482837,-25.1524584],[-52.2370889,-25.1326643],[-52.2209417,-25.1478098],[-52.2265892,-25.1574845],[-52.2159774,-25.1630943],[-52.217179,-25.1508469],[-52.2016447,-25.1575931],[-52.2019637,-25.1469959],[-52.1906921,-25.1543354],[-52.18653,-25.1450734],[-52.1586934,-25.1626081],[-52.1538878,-25.1493287],[-52.1593228,-25.1368615],[-52.1368628,-25.1475815],[-52.1384895,-25.139213],[-52.1258008,-25.1322966],[-52.12587,-25.1427701],[-52.1086314,-25.1426116],[-52.1141001,-25.150951],[-52.1075126,-25.1563681],[-52.099529,-25.1446772],[-52.0939184,-25.1471508],[-52.0943243,-25.1391544],[-52.0823857,-25.1371189],[-52.088473,-25.1452751],[-52.0717761,-25.1590492],[-52.0822664,-25.1695714],[-52.072677,-25.1861702],[-52.0785908,-25.1955048],[-52.0672133,-25.2338256],[-52.0255537,-25.2455527],[-52.0027582,-25.2915675],[-51.995591,-25.2897739],[-52.0227007,-25.3339486],[-52.0093773,-25.3430482],[-52.0152537,-25.3490767],[-52.0093255,-25.365564],[-52.024301,-25.3665941],[-52.021446,-25.3789298],[-52.0342233,-25.3806828],[-52.03505,-25.3905684],[-52.0617724,-25.3894194],[-52.0584825,-25.3979441],[-52.0753191,-25.4051677]]]}},{"type":"Feature","properties":{"level":"municipio","municipality_code":"4104501","municipality_name":"Capanema","uf":"PR","state_code":"41","area_km2":418.805},"geometry":{"type":"Polygon","coordinates":[[[-53.7150243,-25.5900446],[-53.7041972,-25.580787],[-53.7154102,-25.5417596],[-53.693697,-25.5289565],[-53.6760497,-25.5044525],[-53.6240664,-25.53312],[-53.6016886,-25.5698157],[-53.5842689,-25.5822339],[-53.6256066,-25.5916809],[-53.5920457,-25.6018183],[-53.614488,-25.6034408],[-53.5979093,-25.6166571],[-53.6160527,-25.618773],[-53.6129898,-25.6361708],[-53.6017923,-25.6436779],[-53.6057729,-25.6481469],[-53.6335197,-25.6336214],[-53.6382389,-25.6397794],[-53.6271295,-25.6398444],[-53.6224052,-25.6497164],[-53.6385766,-25.6542986],[-53.6588208,-25.6417055],[-53.6598056,-25.650543],[-53.679473,-25.6537333],[-53.7088727,-25.674241],[-53.7358309,-25.665272],[-53.7333612,-25.6753575],[-53.7467399,-25.6734658],[-53.7488013,-25.6894013],[-53.7615329,-25.6874423],[-53.7657098,-25.7002478],[-53.7794578,-25.7057105],[-53.8020151,-25.7010454],[-53.8209369,-25.7091857],[-53.8496344,-25.6920134],[-53.8420551,-25.6880761],[-53.8593843,-25.6794167],[-53.8545707,-25.6727688],[-53.8624923,-25.6586085],[-53.8762644,-25.65421],[-53.8903417,-25.6610244],[-53.8765233,-25.6449882],[-53.8952173,-25.642987],[-53.8910803,-25.6228932],[-53.9123147,-25.6362455],[-53.921497,-25.6297118],[-53.9167903,-25.6160827],[-53.9326699,-25.6225344],[-53.9485735,-25.6115532],[-53.9542519,-25.623872],[-53.9447931,-25.6314924],[-53.9478385,-25.6402099],[-53.9521119,-25.6470158],[-53.9624665,-25.643286],[-53.9655809,-25.6125347],[-53.9750633,-25.6152456],[-53.9783955,-25.6089501],[-53.9702553,-25.6009426],[-53.9912454,-25.5860855],[-53.9682488,-25.5867216],[-53.9399919,-25.5715748],[-53.8958357,-25.5949537],[-53.8165123,-25.539407],[-53.8027258,-25.5406272],[-53.797345,-25.5491084],[-53.8175104,-25.5858802],[-53.8104094,-25.6031427],[-53.7968331,-25.6070619],[-53.7824077,-25.5999309],[-53.7786899,-25.5624355],[-53.7686015,-25.551205],[-53.7548188,-25.5545875],[-53.7150243,-25.5900446]]]}},{"type":"Feature","properties":{"level":"municipio","municipality_code":"4104600","municipality_name":"Capitão Leônidas Marques","uf":"PR","state_code":"41","area_km2":280.063},"geometry":{"type":"Polygon","coordinates":[[[-53.4683116,-25.4898605],[-53.4788592,-25.5315291],[-53.4910239,-25.5336931],[-53.4931319,-25.5493697],[-53.5000035,-25.549934],[-53.5070755,-25.5436042],[-53.5439085,-25.5429689],[-53.5482845,-25.5121609],[-53.562943,-25.5072822],[-53.5793035,-25.5257138],[-53.5763255,-25.562042],[-53.6033899,-25.5627181],[-53.6240664,-25.53312],[-53.6544572,-25.5116634],[-53.6818209,-25.5048388],[-53.6776014,-25.4906657],[-53.6887461,-25.4920591],[-53.707332,-25.4747912],[-53.6912094,-25.4734673],[-53.7032376,-25.4538082],[-53.6805223,-25.4568531],[-53.6886967,-25.4548261],[-53.6807946,-25.4497424],[-53.6917413,-25.4387936],[-53.6798116,-25.4383502],[-53.6722921,-25.4283481],[-53.6845466,-25.4246585],[-53.6744326,-25.410485],[-53.685301,-25.3936564],[-53.6715102,-25.3878436],[-53.6781556,-25.3693531],[-53.6628917,-25.3788143],[-53.6550938,-25.3636464],[-53.6587913,-25.3516649],[-53.6265293,-25.3465792],[-53.6196696,-25.3598804],[-53.6252971,-25.3807119],[-53.6135544,-25.3784864],[-53.6161586,-25.3897745],[-53.6038809,-25.3961454],[-53.608256,-25.419407],[-53.6021624,-25.4303454],[-53.5887815,-25.4315954],[-53.5891338,-25.4380776],[-53.5842772,-25.4297882],[-53.574217,-25.4353105],[-53.5645659,-25.4263506],[-53.5562416,-25.4426032],[-53.550144,-25.4315659],[-53.5299214,-25.4349207],[-53.5148225,-25.4409869],[-53.5094011,-25.4637279],[-53.475294,-25.4622334],[-53.4683116,-25.4898605]]]}},{"type":"Feature","properties":{"level":"municipio","municipality_code":"4104659","municipality_name":"Carambeí","uf":"PR","state_code":"41","area_km2":649.679},"geometry":{"type":"Polygon","coordinates":[[[-50.0658983,-24.9905874],[-50.1254948,-25.0109286],[-50.1554823,-25.0099279],[-50.149668,-25.0022048],[-50.1627887,-24.9960629],[-50.1576447,-24.9873712],[-50.1776183,-24.9634455],[-50.1920006,-24.9636565],[-50.1971681,-24.953252],[-50.2203683,-24.9607261],[-50.246733,-24.9557854],[-50.2668919,-24.9338318],[-50.3036915,-24.9223821],[-50.3193375,-24.8914207],[-50.3395555,-24.8820442],[-50.3161698,-24.8607594],[-50.3390002,-24.8713723],[-50.359478,-24.8373841],[-50.3391633,-24.8459611],[-50.3161673,-24.8384459],[-50.3142435,-24.8522896],[-50.2979971,-24.8551549],[-50.3064421,-24.8417043],[-50.2954957,-24.8194975],[-50.306465,-24.8042428],[-50.3033856,-24.7813568],[-50.2763094,-24.7801459],[-50.263195,-24.7674941],[-50.2314175,-24.7684211],[-50.1848592,-24.7564357],[-50.1521133,-24.7789309],[-50.1428333,-24.8156002],[-50.1306125,-24.8213697],[-50.1041682,-24.8063329],[-50.0798312,-24.8171821],[-50.0674705,-24.8381579],[-50.0773317,-24.8468824],[-50.0736921,-24.8542784],[-50.0331115,-24.8734248],[-50.0086903,-24.9191734],[-49.9921301,-24.9148967],[-49.9829429,-24.9233756],[-49.9796129,-24.9429545],[-49.9578854,-24.9349032],[-49.9398836,-24.9461676],[-49.9591947,-25.0126712],[-49.9836271,-25.0242865],[-50.0003744,-25.0064259],[-50.0206369,-25.0091875],[-50.0301061,-24.9920856],[-50.0658983,-24.9905874]]]}},{"type":"Feature","properties":{"level":"municipio","municipality_code":"4104709","municipality_name":"Carlópolis","uf":"PR","state_code":"41","area_km2":451.418},"geometry":{"type":"Polygon","coordinates":[[[-49.77242432054139,-23.39590696573245],[-49.7496128,-23.3922133],[-49.7511376,-23.3757279],[-49.739426,-23.3642448],[-49.717471,-23.3710637],[-49.6862072,-23.3510394],[-49.6438885,-23.3634451],[-49.6378902,-23.3495324],[-49.6334367,-23.3564211],[-49.6118066,-23.3546535],[-49.5954121,-23.3670914],[-49.5916342,-23.389028],[-49.6206069,-23.3887184],[-49.6210117,-23.3974193],[-49.6004178,-23.3967189],[-49.603676,-23.407812],[-49.5796002,-23.4150729],[-49.5808046,-23.4317181],[-49.566572,-23.4276904],[-49.5729514,-23.443944],[-49.5901066,-23.435871],[-49.603186,-23.4512926],[-49.5985768,-23.4771574],[-49.6148803,-23.472201],[-49.6133996,-23.4868313],[-49.6213793,-23.4933252],[-49.6128168,-23.5082723],[-49.6285166,-23.5097112],[-49.6224662,-23.5289517],[-49.6419117,-23.5422716],[-49.6741148,-23.5553917],[-49.7031397,-23.5491771],[-49.7101968,-23.5563116],[-49.7716804,-23.5558389],[-49.7992093,-23.5644767],[-49.8186773,-23.5588934],[-49.8240947,-23.5461477],[-49.8265522,-23.5312954],[-49.8124613,-23.4985819],[-49.8330512,-23.4749665],[-49.8699731,-23.4612446],[-49.8412179,-23.4346203],[-49.8253272,-23.4421545],[-49.801751,-23.4352504],[-49.8039671,-23.424219],[-49.8203283,-23.4198963],[-49.8201156,-23.407123],[-49.7902826,-23.3897289],[-49.77242432054139,-23.39590696573245]]]}},{"type":"Feature","properties":{"level":"municipio","municipality_code":"4104808","municipality_name":"Cascavel","uf":"PR","state_code":"41","area_km2":2091.199},"geometry":{"type":"Polygon","coordinates":[[[-53.4435037,-25.2249086],[-53.5321093,-25.217076],[-53.5339128,-25.2109641],[-53.5301235,-25.1982393],[-53.5354817,-25.1968173],[-53.527554,-25.1865853],[-53.5361683,-25.1808334],[-53.5261371,-25.1786839],[-53.5319637,-25.1712921],[-53.5230305,-25.1683759],[-53.5324344,-25.1576383],[-53.5287661,-25.1412136],[-53.5461186,-25.1256084],[-53.5432019,-25.1046294],[-53.5335719,-25.0863772],[-53.5215873,-25.090691],[-53.5148188,-25.0710187],[-53.5031939,-25.0677025],[-53.5606291,-25.0238486],[-53.5618587,-24.9970313],[-53.5714896,-24.9857264],[-53.5483624,-24.9592684],[-53.5506003,-24.9492079],[-53.5945903,-24.9268269],[-53.6086036,-24.9005367],[-53.621731,-24.8935021],[-53.6181837,-24.8803165],[-53.6252592,-24.8699375],[-53.6417962,-24.8594357],[-53.6457556,-24.8689656],[-53.665623,-24.8571005],[-53.6735622,-24.8601495],[-53.6692757,-24.8486759],[-53.6788193,-24.829886],[-53.6918687,-24.8321171],[-53.6866457,-24.8213914],[-53.6987973,-24.8022778],[-53.7137124,-24.8006369],[-53.7214672,-24.7913197],[-53.6841671,-24.779897],[-53.6688428,-24.793427],[-53.6570835,-24.785774],[-53.6317144,-24.7868629],[-53.6085956,-24.8027885],[-53.5743752,-24.8031609],[-53.5441421,-24.8384552],[-53.559795,-24.776686],[-53.5389007,-24.7641317],[-53.53701,-24.7450154],[-53.4569824,-24.7437015],[-53.4561784,-24.7996193],[-53.4275495,-24.8033555],[-53.4236717,-24.7975495],[-53.4078482,-24.8083243],[-53.3960555,-24.7979254],[-53.3452999,-24.7903457],[-53.3445241,-24.8099957],[-53.3583687,-24.8074279],[-53.3618004,-24.8146346],[-53.3703179,-24.8063809],[-53.3903862,-24.8244998],[-53.4030809,-24.8207099],[-53.4063655,-24.8359494],[-53.2835529,-24.8321759],[-53.2728333,-24.8384324],[-53.2727164,-24.9047598],[-53.2510794,-24.9072191],[-53.2573825,-24.9188541],[-53.2448223,-24.9137566],[-53.229981,-24.9267492],[-53.2241244,-24.9232136],[-53.2071167,-24.9534901],[-53.1846273,-24.9375661],[-53.165126,-24.9431839],[-53.1570019,-24.9316686],[-53.1596833,-24.9178942],[-53.0859344,-24.9152642],[-53.0935063,-24.9357146],[-53.1094866,-24.9407983],[-53.1010185,-24.9494565],[-53.107798,-24.9550091],[-53.1025019,-24.9712914],[-53.0937415,-24.9732468],[-53.0894885,-24.9896983],[-53.0742945,-24.9848394],[-53.0720854,-24.9889707],[-53.0794103,-24.9958828],[-53.076378,-25.0041171],[-53.088591,-25.0055528],[-53.0757877,-25.0141647],[-53.081713,-25.0252501],[-53.073898,-25.0275513],[-53.0875382,-25.0406214],[-53.0868172,-25.0764032],[-53.1009276,-25.0957712],[-53.1678841,-25.100789],[-53.1837783,-25.1163473],[-53.2050281,-25.1178619],[-53.2188017,-25.1350264],[-53.2344701,-25.1403266],[-53.2264223,-25.1642238],[-53.2478639,-25.178425],[-53.2509942,-25.1947441],[-53.2593158,-25.1924174],[-53.2538077,-25.2084754],[-53.2653522,-25.2294211],[-53.2561696,-25.2361795],[-53.2791566,-25.2404683],[-53.2797972,-25.2530167],[-53.2686798,-25.2554742],[-53.2752463,-25.2596453],[-53.2685991,-25.2651252],[-53.2720263,-25.2820626],[-53.2860246,-25.2817753],[-53.2812228,-25.2902407],[-53.2994169,-25.287595],[-53.3097608,-25.302916],[-53.3270635,-25.3040385],[-53.3245595,-25.3195286],[-53.3152019,-25.3246162],[-53.3233394,-25.3619366],[-53.3091629,-25.3660979],[-53.3244634,-25.3718873],[-53.3328107,-25.3634794],[-53.4838685,-25.3402392],[-53.4690205,-25.3371516],[-53.4887617,-25.3189737],[-53.4722655,-25.3165866],[-53.4646985,-25.3261043],[-53.4634303,-25.3193088],[-53.4435861,-25.3143978],[-53.4480881,-25.3064864],[-53.4321559,-25.2922827],[-53.4357765,-25.2784864],[-53.4266485,-25.2663967],[-53.447913,-25.2563198],[-53.4359239,-25.2526105],[-53.4264645,-25.2588559],[-53.4214891,-25.243572],[-53.4491015,-25.2336026],[-53.4435037,-25.2249086]]]}},{"type":"Feature","properties":{"level":"municipio","municipality_code":"4104907","municipality_name":"Castro","uf":"PR","state_code":"41","area_km2":2531.503},"geometry":{"type":"Polygon","coordinates":[[[-49.9796129,-24.9429545],[-49.9921301,-24.9148967],[-50.0086903,-24.9191734],[-50.0331115,-24.8734248],[-50.0723585,-24.8557568],[-50.0773317,-24.8468824],[-50.0674705,-24.8381579],[-50.0926088,-24.8079601],[-50.108307,-24.8071246],[-50.1306125,-24.8213697],[-50.1428333,-24.8156002],[-50.1521133,-24.7789309],[-50.1848592,-24.7564357],[-50.2314175,-24.7684211],[-50.2463285,-24.7652348],[-50.2391667,-24.7531529],[-50.1943005,-24.7286655],[-50.158445,-24.6914124],[-50.1899993,-24.6533416],[-50.1737754,-24.6471057],[-50.1791009,-24.6360356],[-50.1562204,-24.6298906],[-50.1792693,-24.6040465],[-50.159118,-24.5929152],[-50.1850511,-24.5647522],[-50.1697846,-24.5532423],[-50.1518052,-24.5575484],[-50.1556427,-24.5510727],[-50.1348181,-24.5410957],[-50.0876829,-24.581928],[-50.079795,-24.6037582],[-50.0638813,-24.6007142],[-50.0508943,-24.6119971],[-50.0504509,-24.622356],[-50.0320041,-24.6276925],[-50.0252001,-24.622461],[-49.9927658,-24.6459076],[-49.9717587,-24.6278759],[-49.9687924,-24.6112076],[-49.9587622,-24.6104001],[-49.939518,-24.6262967],[-49.9108494,-24.5841813],[-49.8807014,-24.5693935],[-49.874495,-24.5882442],[-49.8428367,-24.5906125],[-49.8260443,-24.608924],[-49.8167312,-24.5940536],[-49.7379313,-24.6036442],[-49.7318246,-24.6107194],[-49.6737121,-24.6035892],[-49.6424355,-24.6392818],[-49.6473298,-24.660122],[-49.6300632,-24.664695],[-49.6288534,-24.6808016],[-49.5734814,-24.6680221],[-49.5536825,-24.6993948],[-49.5297698,-24.7155786],[-49.5671599,-24.7971094],[-49.5505805,-24.8170432],[-49.5375067,-24.8182403],[-49.5261392,-24.8473274],[-49.5284076,-24.8621234],[-49.5085784,-24.8773003],[-49.4987766,-24.9052804],[-49.5095518,-24.9009933],[-49.5153408,-24.913312],[-49.528879,-24.9086784],[-49.5494032,-24.9409977],[-49.5728866,-24.9398289],[-49.5800744,-24.948814],[-49.5767625,-24.9637575],[-49.6021386,-24.9869783],[-49.6167909,-24.9799391],[-49.6387118,-25.007681],[-49.6682385,-24.9991619],[-49.689105,-25.0180608],[-49.7121587,-25.0215466],[-49.7050814,-25.029696],[-49.7221952,-25.0316222],[-49.7167925,-25.0395409],[-49.7238054,-25.0443427],[-49.736582,-25.0363882],[-49.7508965,-25.0380779],[-49.7531674,-25.0464215],[-49.7667683,-25.0405359],[-49.7717855,-25.0560964],[-49.7784201,-25.0476778],[-49.7875922,-25.0582434],[-49.8015359,-25.0480522],[-49.8087824,-25.0593176],[-49.8046802,-25.0693196],[-49.8358,-25.0486201],[-49.8330672,-25.037795],[-49.8506582,-25.0434331],[-49.8744459,-25.0337572],[-49.9167022,-25.0534367],[-49.9194106,-25.0646254],[-49.9376619,-25.0723785],[-49.9578039,-25.0694123],[-49.9726592,-25.0646499],[-49.9715575,-25.03591],[-49.9786984,-25.0209547],[-49.9591947,-25.0126712],[-49.9398836,-24.9461676],[-49.9578854,-24.9349032],[-49.9796129,-24.9429545]]]}},{"type":"Feature","properties":{"level":"municipio","municipality_code":"4105003","municipality_name":"Catanduvas","uf":"PR","state_code":"41","area_km2":580.421},"geometry":{"type":"Polygon","coordinates":[[[-53.1012092,-25.1942205],[-52.9698862,-25.2089691],[-52.9866832,-25.2107252],[-52.9888929,-25.2230008],[-52.9948695,-25.2210332],[-52.9956759,-25.2272524],[-52.978369,-25.2338448],[-52.9938898,-25.2315476],[-52.9992399,-25.2435934],[-53.0180213,-25.2367087],[-53.0037972,-25.2548674],[-53.0256745,-25.260004],[-53.0098945,-25.2724627],[-53.0132383,-25.2808119],[-53.0269452,-25.2814101],[-53.0193139,-25.2943746],[-53.0336586,-25.2982657],[-53.0365451,-25.2930133],[-53.0421808,-25.3081067],[-53.0568846,-25.3082476],[-53.0437578,-25.3174827],[-53.0505831,-25.3259943],[-53.0324554,-25.3289806],[-53.0482091,-25.3407334],[-53.0561574,-25.3381362],[-53.0508048,-25.3534591],[-53.0579741,-25.361618],[-53.0700632,-25.3545135],[-53.0730482,-25.3692939],[-53.0809336,-25.36283],[-53.0796086,-25.3524144],[-53.107976,-25.3486137],[-53.1273977,-25.3271362],[-53.1820998,-25.3322114],[-53.2096813,-25.3168047],[-53.2164323,-25.3025327],[-53.2239125,-25.3186576],[-53.2397095,-25.3103127],[-53.2296169,-25.3270497],[-53.2411946,-25.3306464],[-53.2428176,-25.3395956],[-53.2321517,-25.3412184],[-53.2392453,-25.3454986],[-53.2484229,-25.3392966],[-53.2552431,-25.3634881],[-53.2722275,-25.3588946],[-53.2679505,-25.374057],[-53.323016,-25.3623955],[-53.3152019,-25.3246162],[-53.3245595,-25.3195286],[-53.3270635,-25.3040385],[-53.3097608,-25.302916],[-53.2994169,-25.287595],[-53.2812228,-25.2902407],[-53.2860246,-25.2817753],[-53.2720263,-25.2820626],[-53.2685991,-25.2651252],[-53.2752463,-25.2596453],[-53.2686798,-25.2554742],[-53.2797972,-25.2530167],[-53.2791566,-25.2404683],[-53.2561696,-25.2361795],[-53.2653522,-25.2294211],[-53.2538077,-25.2084754],[-53.2593158,-25.1924174],[-53.2509942,-25.1947441],[-53.2478639,-25.178425],[-53.2264223,-25.1642238],[-53.2312783,-25.136591],[-53.2188017,-25.1350264],[-53.2050281,-25.1178619],[-53.184204,-25.1165889],[-53.1678841,-25.100789],[-53.1533234,-25.1044924],[-53.1345868,-25.0933879],[-53.0784519,-25.0971028],[-53.0757976,-25.1194416],[-53.0970582,-25.1602482],[-53.0921461,-25.1859898],[-53.1035895,-25.1856615],[-53.1012092,-25.1942205]]]}},{"type":"Feature","properties":{"level":"municipio","municipality_code":"4105102","municipality_name":"Centenário do Sul","uf":"PR","state_code":"41","area_km2":371.834},"geometry":{"type":"Polygon","coordinates":[[[-51.5696714,-22.8869292],[-51.5777619,-22.9129694],[-51.6033128,-22.9185845],[-51.6525304,-22.8616227],[-51.6403557,-22.8312482],[-51.6282377,-22.8314384],[-51.6304611,-22.6578529],[-51.5624276,-22.6966182],[-51.51981,-22.6879261],[-51.5090327,-22.7099745],[-51.5115093,-22.7334307],[-51.4818421,-22.7600681],[-51.4817601,-22.7788646],[-51.4904868,-22.7896123],[-51.4758706,-22.8325648],[-51.4781734,-22.8700882],[-51.487542,-22.8813817],[-51.4809105,-22.9171863],[-51.5318669,-22.9310101],[-51.5497858,-22.9008887],[-51.5696714,-22.8869292]]]}},{"type":"Feature","properties":{"level":"municipio","municipality_code":"4105201","municipality_name":"Cerro Azul","uf":"PR","state_code":"41","area_km2":1341.189},"geometry":{"type":"Polygon","coordinates":[[[-49.2637278,-25.0606703],[-49.2949433,-25.0498799],[-49.3403553,-25.0077191],[-49.3472844,-25.0058978],[-49.3493968,-25.0133289],[-49.3649874,-25.0050313],[-49.3676213,-25.0006486],[-49.3554612,-25.0008424],[-49.3593578,-24.9928535],[-49.3951531,-24.973671],[-49.3878781,-24.9663349],[-49.3890835,-24.9471045],[-49.3732669,-24.9390437],[-49.3815957,-24.9311352],[-49.3736147,-24.9316549],[-49.3743265,-24.9236666],[-49.389654,-24.9125073],[-49.3835174,-24.9080119],[-49.3980376,-24.8988535],[-49.3897321,-24.8951159],[-49.3917299,-24.8767042],[-49.408677,-24.8836196],[-49.4094224,-24.8963755],[-49.4256611,-24.9050784],[-49.4402478,-24.9009303],[-49.4510515,-24.9157028],[-49.47319,-24.9067214],[-49.4827077,-24.9157304],[-49.4977889,-24.9143295],[-49.5085784,-24.8773003],[-49.5284076,-24.8621234],[-49.5261392,-24.8473274],[-49.5375067,-24.8182403],[-49.5505805,-24.8170432],[-49.5671599,-24.7971094],[-49.5297698,-24.7155786],[-49.4886008,-24.7210259],[-49.4713937,-24.709082],[-49.4499716,-24.7245934],[-49.4313406,-24.7258959],[-49.4197177,-24.7183935],[-49.4095223,-24.7310563],[-49.3964783,-24.7287511],[-49.3802937,-24.7382307],[-49.3802706,-24.7476404],[-49.3539093,-24.7493021],[-49.3172669,-24.7648041],[-49.2741925,-24.7981787],[-49.2686869,-24.7854934],[-49.2366062,-24.7799047],[-49.2036574,-24.7900108],[-49.2222104,-24.7308527],[-49.2060114,-24.6872377],[-49.1805445,-24.671653],[-49.1334879,-24.6765966],[-49.1382701,-24.7060099],[-49.1088922,-24.726772],[-49.1067101,-24.7679166],[-49.0800609,-24.782123],[-49.0692481,-24.7781163],[-49.0603336,-24.8017582],[-49.0751304,-24.8327688],[-49.0754319,-24.8527684],[-49.0920243,-24.8798369],[-49.1233341,-24.8974591],[-49.1243291,-24.9243955],[-49.1077553,-24.93946],[-49.1035215,-24.9699343],[-49.1159358,-24.9845278],[-49.0942191,-25.0068062],[-49.1000171,-25.0177745],[-49.0929233,-25.0381805],[-49.0745229,-25.0421231],[-49.0592515,-25.0356538],[-49.0532307,-25.0496155],[-49.1427959,-25.0978149],[-49.1519006,-25.086036],[-49.1759696,-25.0872192],[-49.1826279,-25.078711],[-49.2401119,-25.0746991],[-49.2509154,-25.0575599],[-49.2617488,-25.0542805],[-49.2637278,-25.0606703]]]}},{"type":"Feature","properties":{"level":"municipio","municipality_code":"4105409","municipality_name":"Chopinzinho","uf":"PR","state_code":"41","area_km2":959.77},"geometry":{"type":"Polygon","coordinates":[[[-52.3826145,-25.9449796],[-52.4487023,-25.9295461],[-52.5647805,-25.9306526],[-52.6214213,-25.8800457],[-52.656979,-25.8877452],[-52.6732548,-25.8779567],[-52.7012539,-25.8906761],[-52.7228918,-25.8832213],[-52.7257538,-25.8729959],[-52.6744884,-25.8521775],[-52.6794218,-25.8231486],[-52.6735838,-25.81351],[-52.6896977,-25.8093855],[-52.6973119,-25.7970724],[-52.6913106,-25.7923797],[-52.7014752,-25.7855296],[-52.6975332,-25.7639416],[-52.7069779,-25.767329],[-52.7148855,-25.7588017],[-52.7039749,-25.7511961],[-52.6623615,-25.7585489],[-52.6618753,-25.7703536],[-52.644397,-25.7726169],[-52.6429799,-25.7892989],[-52.6616628,-25.788398],[-52.6613791,-25.8013201],[-52.6018387,-25.7973413],[-52.6035626,-25.7692627],[-52.5472189,-25.7773254],[-52.5545603,-25.7530994],[-52.5436944,-25.7499633],[-52.5532586,-25.7462538],[-52.5461994,-25.7284932],[-52.5559437,-25.72128],[-52.5396981,-25.7189071],[-52.5442005,-25.6962169],[-52.5303437,-25.6984695],[-52.5210018,-25.683311],[-52.5454101,-25.6537906],[-52.5423985,-25.6439317],[-52.4994737,-25.6605204],[-52.4957582,-25.6810143],[-52.4836358,-25.6714491],[-52.4671188,-25.6786939],[-52.4450065,-25.6731427],[-52.4112065,-25.6995417],[-52.3780808,-25.7001642],[-52.3631661,-25.7078818],[-52.3364834,-25.6833721],[-52.3136569,-25.6784454],[-52.3083791,-25.6895047],[-52.3324707,-25.7239526],[-52.3062601,-25.7095137],[-52.291334,-25.7099429],[-52.2672,-25.725093],[-52.2546317,-25.7435364],[-52.2302467,-25.7401882],[-52.2320579,-25.7492515],[-52.2141095,-25.7623689],[-52.2291711,-25.7644415],[-52.2242193,-25.7930327],[-52.2360764,-25.796218],[-52.2469759,-25.8125421],[-52.2449444,-25.8245076],[-52.2562531,-25.8328292],[-52.2501137,-25.8374207],[-52.259805,-25.84852],[-52.2734742,-25.8456601],[-52.2619716,-25.8586364],[-52.283361,-25.8636554],[-52.2775882,-25.8708612],[-52.2868876,-25.8818811],[-52.2813926,-25.8858408],[-52.2933091,-25.8829936],[-52.2928909,-25.8905606],[-52.3042523,-25.8916585],[-52.3016666,-25.900709],[-52.3266423,-25.9033987],[-52.3199252,-25.9167045],[-52.3470313,-25.9218628],[-52.3380251,-25.9300529],[-52.3491352,-25.9422359],[-52.3826145,-25.9449796]]]}},{"type":"Feature","properties":{"level":"municipio","municipality_code":"4105508","municipality_name":"Cianorte","uf":"PR","state_code":"41","area_km2":811.665},"geometry":{"type":"Polygon","coordinates":[[[-52.5074267,-23.6560756],[-52.5161886,-23.6830071],[-52.509325,-23.6838294],[-52.5118872,-23.6931419],[-52.5473002,-23.7340203],[-52.54494,-23.7471144],[-52.5623238,-23.7742759],[-52.5548094,-23.7786182],[-52.5598495,-23.7952822],[-52.5724726,-23.8064395],[-52.5640843,-23.8143333],[-52.5651664,-23.8570147],[-52.6159817,-23.9512819],[-52.7056171,-23.9277667],[-52.7425614,-23.8553609],[-52.724126,-23.8239215],[-52.7337175,-23.7955507],[-52.7405852,-23.6671924],[-52.7311131,-23.6226958],[-52.7132474,-23.5925402],[-52.7030274,-23.5897569],[-52.7014157,-23.5743243],[-52.6812727,-23.5450653],[-52.6708899,-23.5374651],[-52.654413,-23.549322],[-52.6396113,-23.5766511],[-52.5881652,-23.5949322],[-52.5457677,-23.5855988],[-52.4894448,-23.520083],[-52.456412,-23.5389713],[-52.4528862,-23.5614775],[-52.4726039,-23.5802499],[-52.477445,-23.6122925],[-52.4932777,-23.6185474],[-52.4948305,-23.6490123],[-52.5074267,-23.6560756]]]}},{"type":"Feature","properties":{"level":"municipio","municipality_code":"4105607","municipality_name":"Cidade Gaúcha","uf":"PR","state_code":"41","area_km2":403.045},"geometry":{"type":"Polygon","coordinates":[[[-52.8925739,-23.4262197],[-52.8903486,-23.452716],[-52.905873,-23.4565218],[-52.9367557,-23.4826219],[-52.9383496,-23.5329288],[-52.9895425,-23.5395252],[-53.0007061,-23.5008731],[-53.0221186,-23.4815971],[-53.0319476,-23.4565586],[-53.0271812,-23.4043851],[-53.0363734,-23.3798412],[-53.0253332,-23.3431044],[-53.0298553,-23.3145146],[-53.0215812,-23.3092898],[-53.0249044,-23.2888797],[-52.9981773,-23.236054],[-52.9556202,-23.2285577],[-52.9379791,-23.2063143],[-52.9216246,-23.2239684],[-52.9390663,-23.2649129],[-52.9198912,-23.3225341],[-52.8795585,-23.3357112],[-52.8625233,-23.3665534],[-52.8456085,-23.4279164],[-52.8925739,-23.4262197]]]}},{"type":"Feature","properties":{"level":"municipio","municipality_code":"4105706","municipality_name":"Clevelândia","uf":"PR","state_code":"41","area_km2":703.695},"geometry":{"type":"Polygon","coordinates":[[[-52.2143835,-26.4637278],[-52.2616222,-26.4542808],[-52.2785193,-26.46074],[-52.3117616,-26.4388299],[-52.3351724,-26.4432517],[-52.3409643,-26.4352589],[-52.3524563,-26.4413059],[-52.3657165,-26.4327587],[-52.3774195,-26.4409567],[-52.4000377,-26.4231441],[-52.4192054,-26.4373379],[-52.4591756,-26.4411226],[-52.4767233,-26.421436],[-52.496272,-26.4200194],[-52.5232321,-26.3995992],[-52.5118564,-26.3791909],[-52.5168582,-26.3705456],[-52.5056492,-26.3530138],[-52.5086197,-26.3437248],[-52.4971902,-26.3272613],[-52.5062126,-26.3135805],[-52.4915422,-26.2883945],[-52.5016988,-26.2616599],[-52.5311728,-26.2408054],[-52.5396488,-26.2081873],[-52.5610374,-26.206191],[-52.5372308,-26.2006988],[-52.5477879,-26.1942542],[-52.5445865,-26.1715457],[-52.5262181,-26.1752342],[-52.5342811,-26.1614101],[-52.5193899,-26.1512116],[-52.5117191,-26.1690185],[-52.5168143,-26.1792871],[-52.4943306,-26.1731378],[-52.4946844,-26.1654753],[-52.4741178,-26.1681578],[-52.4631476,-26.1862083],[-52.482592,-26.1794841],[-52.4835406,-26.2031011],[-52.4713188,-26.1941562],[-52.4316193,-26.2048961],[-52.4458629,-26.2086269],[-52.4344863,-26.2190949],[-52.4591123,-26.2224154],[-52.4634966,-26.2346799],[-52.4468393,-26.2330607],[-52.4400901,-26.2460542],[-52.4236967,-26.2339693],[-52.4238966,-26.2598022],[-52.4032211,-26.2746977],[-52.3895927,-26.2668294],[-52.4111437,-26.2539767],[-52.4041151,-26.2473918],[-52.3858071,-26.261046],[-52.3712241,-26.255857],[-52.3711418,-26.2660537],[-52.355144,-26.2794899],[-52.348925,-26.2732644],[-52.3362775,-26.2797869],[-52.3173321,-26.2631225],[-52.3076476,-26.2896479],[-52.2965633,-26.2740867],[-52.2950878,-26.2876955],[-52.2765888,-26.288229],[-52.2688249,-26.2997071],[-52.2624174,-26.2948112],[-52.2646167,-26.2822864],[-52.2544996,-26.2765142],[-52.2536092,-26.2950563],[-52.2430615,-26.3065215],[-52.2355603,-26.2914247],[-52.2037526,-26.3034551],[-52.2181284,-26.3258937],[-52.1910212,-26.3194574],[-52.1814156,-26.3275903],[-52.1924844,-26.3385633],[-52.1792881,-26.3467192],[-52.1616761,-26.3427156],[-52.1496319,-26.3589571],[-52.1543245,-26.3726233],[-52.1466184,-26.3723036],[-52.1592611,-26.3856356],[-52.1566259,-26.3969544],[-52.1671709,-26.4151816],[-52.1587552,-26.4662285],[-52.186343,-26.4451167],[-52.2143835,-26.4637278]]]}},{"type":"Feature","properties":{"level":"municipio","municipality_code":"4105805","municipality_name":"Colombo","uf":"PR","state_code":"41","area_km2":197.58},"geometry":{"type":"Polygon","coordinates":[[[-49.193889,-25.3892722],[-49.1951445,-25.3781386],[-49.2041617,-25.3821213],[-49.2075094,-25.3659335],[-49.2223781,-25.3636737],[-49.2589431,-25.3103694],[-49.2527201,-25.2976708],[-49.2610179,-25.289363],[-49.2529155,-25.2826319],[-49.2682061,-25.2550072],[-49.238446,-25.225581],[-49.2341512,-25.2323578],[-49.1592333,-25.2372469],[-49.1455131,-25.2475167],[-49.1534754,-25.2587653],[-49.1489068,-25.2694509],[-49.1318991,-25.2665814],[-49.1248038,-25.2778011],[-49.1045663,-25.2641491],[-49.0922174,-25.2723288],[-49.1120792,-25.2828255],[-49.1353781,-25.33956],[-49.1199475,-25.3784417],[-49.163332,-25.392405],[-49.193889,-25.3892722]]]}},{"type":"Feature","properties":{"level":"municipio","municipality_code":"4105904","municipality_name":"Colorado","uf":"PR","state_code":"41","area_km2":407.568},"geometry":{"type":"Polygon","coordinates":[[[-52.0177246,-22.8946245],[-52.0776556,-22.8667412],[-52.0849909,-22.8195643],[-52.0762963,-22.8212929],[-52.0704038,-22.7963719],[-52.0878775,-22.7900362],[-52.0898546,-22.7824234],[-52.0851559,-22.7659181],[-52.0621799,-22.7619861],[-52.0611056,-22.7533808],[-52.0528471,-22.752793],[-52.0558735,-22.7274519],[-52.0485489,-22.7096564],[-52.0578812,-22.695017],[-52.0334043,-22.6772964],[-52.0012453,-22.7090943],[-51.9791831,-22.7483023],[-51.9513308,-22.7705453],[-51.9417101,-22.7922194],[-51.9205235,-22.8033272],[-51.9226042,-22.8288127],[-51.9058169,-22.8361783],[-51.8677667,-22.8304849],[-51.8324026,-22.8096527],[-51.8443166,-22.8900185],[-51.8642358,-22.8996657],[-51.8543797,-22.9083419],[-51.8734326,-22.9566806],[-51.8971496,-22.9453617],[-51.9181858,-22.9579509],[-51.9233462,-22.9463473],[-51.9454012,-22.944478],[-51.9482133,-22.9350995],[-52.0033451,-22.9129464],[-52.0177246,-22.8946245]]]}},{"type":"Feature","properties":{"level":"municipio","municipality_code":"4106001","municipality_name":"Congonhinhas","uf":"PR","state_code":"41","area_km2":535.963},"geometry":{"type":"Polygon","coordinates":[[[-50.5839524,-23.6371544],[-50.6130316,-23.6287224],[-50.6250152,-23.6149289],[-50.6039309,-23.5938701],[-50.615234,-23.5704062],[-50.6039476,-23.5609148],[-50.6078664,-23.5390747],[-50.6013835,-23.5316809],[-50.6082981,-23.5194267],[-50.5987625,-23.5068422],[-50.6157087,-23.5070963],[-50.616181,-23.5011896],[-50.566746,-23.4804066],[-50.4040175,-23.4826568],[-50.40287,-23.4892832],[-50.4127672,-23.489474],[-50.4025348,-23.4989905],[-50.4147848,-23.5111164],[-50.4060388,-23.5213073],[-50.4138337,-23.5292505],[-50.3995068,-23.5366496],[-50.3979354,-23.5634768],[-50.3841896,-23.5603629],[-50.3965892,-23.5675988],[-50.4006983,-23.5847387],[-50.3874314,-23.6026102],[-50.4003542,-23.6144732],[-50.3946827,-23.6218105],[-50.4097093,-23.6180268],[-50.402081,-23.6269241],[-50.4057469,-23.6324625],[-50.4189907,-23.6195519],[-50.4160207,-23.6352733],[-50.4293793,-23.6243879],[-50.4306159,-23.6354975],[-50.440608,-23.6362425],[-50.4336345,-23.6378806],[-50.4318743,-23.6519439],[-50.4411729,-23.6596236],[-50.4297016,-23.664894],[-50.4376283,-23.6734296],[-50.4213073,-23.6776509],[-50.4180246,-23.688154],[-50.4201713,-23.700051],[-50.4274751,-23.6995991],[-50.4186451,-23.7075188],[-50.4280204,-23.7270885],[-50.4430894,-23.7259592],[-50.43354,-23.7364754],[-50.444115,-23.7483264],[-50.4442785,-23.7392102],[-50.4624065,-23.7313016],[-50.4673946,-23.7395392],[-50.456977,-23.7398656],[-50.457974,-23.7493899],[-50.4819445,-23.7442142],[-50.5069391,-23.7645007],[-50.5600428,-23.7495586],[-50.5464967,-23.7412644],[-50.5808118,-23.7188227],[-50.5631692,-23.6952633],[-50.5839524,-23.6371544]]]}},{"type":"Feature","properties":{"level":"municipio","municipality_code":"4106100","municipality_name":"Conselheiro Mairinck","uf":"PR","state_code":"41","area_km2":204.705},"geometry":{"type":"Polygon","coordinates":[[[-50.089535,-23.5904656],[-50.081031,-23.5943146],[-50.087718,-23.6007923],[-50.0824324,-23.6078594],[-50.0660203,-23.6084358],[-50.0844731,-23.6345096],[-50.0697577,-23.6311146],[-50.0640398,-23.6416991],[-50.0403273,-23.652827],[-50.0548299,-23.6560473],[-50.0639122,-23.6473345],[-50.0669575,-23.6550046],[-50.0572934,-23.6559089],[-50.0580127,-23.6667662],[-50.075164,-23.6645424],[-50.0921034,-23.6801217],[-50.1376467,-23.6829957],[-50.1490536,-23.6691714],[-50.175953,-23.6835335],[-50.1883246,-23.6757223],[-50.1940473,-23.6639758],[-50.1864724,-23.6619048],[-50.1742935,-23.635337],[-50.1847665,-23.6282569],[-50.1821599,-23.6153855],[-50.1954397,-23.5982407],[-50.1928915,-23.570553],[-50.1827312,-23.5659362],[-50.1814351,-23.5413066],[-50.157009,-23.5289593],[-50.1626218,-23.5094999],[-50.1471251,-23.5093218],[-50.145259,-23.4920836],[-50.1378324,-23.4880658],[-50.0802085,-23.5177957],[-50.0932697,-23.532439],[-50.0827779,-23.5370897],[-50.0943014,-23.5623707],[-50.0687565,-23.5677877],[-50.089535,-23.5904656]]]}},{"type":"Feature","properties":{"level":"municipio","municipality_code":"4106209","municipality_name":"Contenda","uf":"PR","state_code":"41","area_km2":299.037},"geometry":{"type":"Polygon","coordinates":[[[-49.4624796,-25.704091],[-49.4533077,-25.7312495],[-49.4120583,-25.7418415],[-49.4096836,-25.7598946],[-49.3881632,-25.7760479],[-49.3897009,-25.7932627],[-49.4168827,-25.7941801],[-49.4214559,-25.7849307],[-49.4480508,-25.7990504],[-49.4552729,-25.7865013],[-49.4768428,-25.8004783],[-49.491927,-25.7927519],[-49.519363,-25.8070721],[-49.6148609,-25.7816683],[-49.5988951,-25.7293326],[-49.6106022,-25.6428708],[-49.5999134,-25.6058387],[-49.5884587,-25.6089243],[-49.5938299,-25.6044422],[-49.5847109,-25.5993817],[-49.5740002,-25.6066556],[-49.5518008,-25.5908977],[-49.5557164,-25.5981196],[-49.5403047,-25.6183274],[-49.5414452,-25.6556787],[-49.5337465,-25.6651759],[-49.5129076,-25.66202],[-49.5119224,-25.6446542],[-49.5016952,-25.6376202],[-49.4772809,-25.6388689],[-49.479609,-25.6907914],[-49.4624796,-25.704091]]]}},{"type":"Feature","properties":{"level":"municipio","municipality_code":"4106308","municipality_name":"Corbélia","uf":"PR","state_code":"41","area_km2":529.137},"geometry":{"type":"Polygon","coordinates":[[[-53.2728333,-24.8384324],[-53.2835529,-24.8321759],[-53.4067328,-24.8342257],[-53.4030809,-24.8207099],[-53.3903862,-24.8244998],[-53.3703179,-24.8063809],[-53.3618004,-24.8146346],[-53.3583687,-24.8074279],[-53.3445241,-24.8099957],[-53.3411296,-24.7841491],[-53.3642462,-24.7644312],[-53.3530714,-24.7425181],[-53.3614995,-24.7371513],[-53.3316282,-24.7304185],[-53.3389019,-24.7246912],[-53.3365966,-24.7135737],[-53.3188452,-24.705792],[-53.3228752,-24.6992265],[-53.2929583,-24.6897488],[-53.3006215,-24.6723564],[-53.2668317,-24.6696893],[-53.2645276,-24.6596016],[-53.2489839,-24.6559833],[-53.2546754,-24.6491003],[-53.2359514,-24.6364338],[-53.2471264,-24.628844],[-53.2348968,-24.626158],[-53.2377541,-24.6175134],[-53.2257019,-24.6166936],[-53.2220631,-24.6078541],[-53.2371735,-24.5845946],[-53.2273743,-24.5870363],[-53.2302589,-24.5770757],[-53.2162819,-24.549701],[-53.2009498,-24.5519496],[-53.2026509,-24.5436091],[-53.2087079,-24.5458266],[-53.206512,-24.5354416],[-53.1900312,-24.5353089],[-53.1858081,-24.5258272],[-53.1745979,-24.5275699],[-53.1791721,-24.5205697],[-53.1684268,-24.5217576],[-53.1596503,-24.5341686],[-53.1363972,-24.5373846],[-53.1273141,-24.5593888],[-53.1071311,-24.5696213],[-53.1176443,-24.5839184],[-53.1387542,-24.580705],[-53.147605,-24.5897763],[-53.1406239,-24.6073471],[-53.162335,-24.6095593],[-53.1751942,-24.6344248],[-53.2225426,-24.6681567],[-53.1565867,-24.7033601],[-53.1417849,-24.7281207],[-53.1245686,-24.7393611],[-53.1403079,-24.7475729],[-53.1547892,-24.7450293],[-53.1360337,-24.7582193],[-53.1443153,-24.7630684],[-53.1493957,-24.7558964],[-53.163036,-24.7699553],[-53.177174,-24.7670285],[-53.1680944,-24.7750305],[-53.175733,-24.786113],[-53.198787,-24.7810655],[-53.1981754,-24.8086772],[-53.1819792,-24.8184751],[-53.1938184,-24.8259696],[-53.1787858,-24.8419289],[-53.1919032,-24.8514256],[-53.1807832,-24.8497592],[-53.1758887,-24.859588],[-53.1832557,-24.867083],[-53.172633,-24.8743644],[-53.1826865,-24.8802043],[-53.1904439,-24.9053209],[-53.1846273,-24.9375661],[-53.2015765,-24.9536076],[-53.2241244,-24.9232136],[-53.229981,-24.9267492],[-53.2448223,-24.9137566],[-53.2573825,-24.9188541],[-53.2510794,-24.9072191],[-53.2727164,-24.9047598],[-53.2728333,-24.8384324]]]}},{"type":"Feature","properties":{"level":"municipio","municipality_code":"4106407","municipality_name":"Cornélio Procópio","uf":"PR","state_code":"41","area_km2":635.1},"geometry":{"type":"Polygon","coordinates":[[[-50.6757745,-23.3166372],[-50.6914732,-23.3162141],[-50.6810311,-23.3035636],[-50.69867,-23.3011314],[-50.7000293,-23.2896407],[-50.7127528,-23.2959225],[-50.7181717,-23.2842494],[-50.7255005,-23.2872064],[-50.7267018,-23.2788706],[-50.7141447,-23.2706264],[-50.7343662,-23.2752861],[-50.7359482,-23.2508999],[-50.7290058,-23.25112],[-50.7281644,-23.2413814],[-50.7357933,-23.228],[-50.7539128,-23.2159422],[-50.7705589,-23.2200646],[-50.7560513,-23.1984964],[-50.7624158,-23.1979337],[-50.7623084,-23.1874309],[-50.7825196,-23.1901142],[-50.7832563,-23.1718227],[-50.8059413,-23.174455],[-50.8138003,-23.1675307],[-50.7893053,-23.1590468],[-50.7907817,-23.1512413],[-50.8059109,-23.150346],[-50.7988572,-23.1330842],[-50.7799568,-23.12427],[-50.7584067,-23.1302385],[-50.7494409,-23.1411212],[-50.7439068,-23.1330979],[-50.7182775,-23.1327919],[-50.6895315,-23.1109867],[-50.6790287,-23.1199929],[-50.6671183,-23.0846894],[-50.6373628,-23.0609179],[-50.6371934,-23.0347512],[-50.6207981,-23.0145717],[-50.6061228,-23.0564091],[-50.6286448,-23.0913334],[-50.6077958,-23.1138482],[-50.6056827,-23.1387413],[-50.5914928,-23.1411312],[-50.5394516,-23.1998411],[-50.5113255,-23.2082885],[-50.4843445,-23.190525],[-50.465159,-23.1943829],[-50.472638,-23.2141902],[-50.4677188,-23.2298069],[-50.4767724,-23.2346611],[-50.4650713,-23.2582937],[-50.4762232,-23.2487084],[-50.4871112,-23.2662678],[-50.5046165,-23.2604158],[-50.5070617,-23.2660613],[-50.4797782,-23.2730286],[-50.4721357,-23.2910837],[-50.492337,-23.2951423],[-50.4918336,-23.3143138],[-50.4834699,-23.3043676],[-50.4654405,-23.3164522],[-50.4699136,-23.3222268],[-50.4887269,-23.3167963],[-50.4827526,-23.3256253],[-50.4952839,-23.3506541],[-50.5119468,-23.3496171],[-50.534918,-23.3705803],[-50.5600311,-23.3661295],[-50.5746917,-23.3753256],[-50.5895249,-23.3474307],[-50.6380907,-23.35058],[-50.6373919,-23.3387217],[-50.6688314,-23.3228943],[-50.6756654,-23.3276949],[-50.6757745,-23.3166372]]]}},{"type":"Feature","properties":{"level":"municipio","municipality_code":"4106456","municipality_name":"Coronel Domingos Soares","uf":"PR","state_code":"41","area_km2":1513.709},"geometry":{"type":"Polygon","coordinates":[[[-51.7981424,-26.1881411],[-51.8215678,-26.188547],[-51.8214072,-26.1953466],[-51.8088616,-26.1996459],[-51.8152018,-26.2071558],[-51.8100085,-26.2268034],[-51.778223,-26.222247],[-51.7699998,-26.2328605],[-51.7784269,-26.2410556],[-51.7716285,-26.2505039],[-51.7757201,-26.2571703],[-51.7619229,-26.26141],[-51.7643982,-26.2496794],[-51.7440687,-26.2516561],[-51.7404633,-26.2652176],[-51.7219344,-26.2601277],[-51.7279506,-26.2690992],[-51.7153119,-26.2798204],[-51.730984,-26.2854464],[-51.7225725,-26.2863827],[-51.7261511,-26.303951],[-51.7366573,-26.3040781],[-51.7464969,-26.3318191],[-51.8114968,-26.3574962],[-51.8480094,-26.4017715],[-51.871036,-26.4017884],[-51.8812862,-26.4108707],[-51.8949464,-26.3921885],[-51.9095922,-26.398304],[-51.9057865,-26.407273],[-51.9182722,-26.4095511],[-51.9393879,-26.3851838],[-51.9247192,-26.3800552],[-51.9486993,-26.3653961],[-51.9617608,-26.3751245],[-51.971691,-26.3700779],[-51.9759757,-26.3801185],[-52.0016386,-26.3764408],[-52.0025607,-26.3653629],[-52.0173328,-26.3685055],[-52.0440899,-26.3549237],[-52.032072,-26.3389736],[-52.0440029,-26.3332215],[-52.0537696,-26.3381602],[-52.0450709,-26.3148504],[-52.0671671,-26.3169442],[-52.0744446,-26.3092677],[-52.0933727,-26.3155713],[-52.0978234,-26.301195],[-52.107014,-26.2973301],[-52.1060315,-26.3116881],[-52.1175687,-26.3180268],[-52.1214458,-26.3335076],[-52.1418692,-26.3250896],[-52.1272868,-26.3429176],[-52.1313521,-26.3489413],[-52.1552042,-26.3338106],[-52.1511034,-26.3203864],[-52.1628008,-26.3150341],[-52.165571,-26.3294161],[-52.1779621,-26.3365782],[-52.1760828,-26.3451364],[-52.1924844,-26.3385633],[-52.1814156,-26.3275903],[-52.1894773,-26.3207697],[-52.18778,-26.3087043],[-52.1616352,-26.299955],[-52.1389269,-26.262725],[-52.11191,-26.2371218],[-52.1144524,-26.2201866],[-52.0922968,-26.1985074],[-52.0982695,-26.1668365],[-52.1116125,-26.1523478],[-52.0992418,-26.136357],[-52.1015991,-26.1203306],[-52.1099918,-26.1187707],[-52.1028856,-26.1013459],[-52.1076003,-26.0914906],[-52.0989868,-26.087908],[-52.1038238,-26.0829115],[-52.0874951,-26.0569271],[-52.0975711,-26.052231],[-52.0797201,-26.0323742],[-52.0864176,-26.0296162],[-52.0836532,-26.0212288],[-52.0986071,-26.0265459],[-52.103264,-26.0212157],[-52.0932032,-26.0025896],[-52.0795135,-26.0043747],[-52.0857519,-25.9987746],[-52.0775909,-25.9901711],[-52.0868147,-25.9783043],[-52.0786576,-25.9685541],[-52.1019913,-25.9495152],[-52.0868049,-25.9376656],[-52.0545915,-25.9365591],[-52.0332152,-25.9469927],[-52.0334832,-25.9735131],[-52.0106025,-25.9807591],[-52.0140004,-26.0048752],[-51.9916829,-26.0174517],[-51.9798219,-26.0144623],[-51.9694974,-25.9914172],[-51.9573873,-25.9870684],[-51.888287,-26.0093809],[-51.8687101,-26.026737],[-51.8451377,-26.0116173],[-51.8262498,-26.0142047],[-51.7900606,-25.9971683],[-51.767392,-26.0112032],[-51.7408331,-25.9942974],[-51.7237107,-26.005986],[-51.7384615,-26.0491351],[-51.7170399,-26.0808215],[-51.6965876,-26.0913996],[-51.6956654,-26.108383],[-51.7139179,-26.1223612],[-51.7239594,-26.1159745],[-51.7267263,-26.1222911],[-51.7554345,-26.122103],[-51.7518444,-26.1402407],[-51.7703978,-26.1400639],[-51.7752982,-26.1620061],[-51.7567524,-26.1690451],[-51.7441137,-26.1622469],[-51.7404494,-26.1708089],[-51.7530049,-26.1865893],[-51.7707526,-26.1880053],[-51.7732291,-26.208531],[-51.788597,-26.2056193],[-51.7981424,-26.1881411]]]}},{"type":"Feature","properties":{"level":"municipio","municipality_code":"4106506","municipality_name":"Coronel Vivida","uf":"PR","state_code":"41","area_km2":684.201},"geometry":{"type":"Polygon","coordinates":[[[-52.5878387,-26.0753522],[-52.6149541,-26.0556932],[-52.6262263,-26.0637],[-52.6491719,-26.0541158],[-52.6290865,-26.0298642],[-52.66709,-26.0346797],[-52.6744167,-26.0174467],[-52.6628651,-26.0151473],[-52.6740973,-25.9979485],[-52.6892615,-26.0104055],[-52.7066792,-25.9962923],[-52.7150046,-26.0177581],[-52.7291777,-26.0180358],[-52.7461425,-25.9867764],[-52.7233168,-25.9706831],[-52.723953,-25.9627197],[-52.7353683,-25.9641366],[-52.7557882,-25.9499728],[-52.7744245,-25.959968],[-52.7886225,-25.9533458],[-52.7735388,-25.9318286],[-52.8031442,-25.9382421],[-52.821401,-25.9242927],[-52.8145115,-25.9106897],[-52.7926698,-25.9020611],[-52.7849287,-25.9085216],[-52.7892831,-25.9170507],[-52.7723115,-25.9174143],[-52.7664212,-25.9127218],[-52.7710084,-25.9023485],[-52.7628917,-25.9036423],[-52.7668184,-25.8918078],[-52.7578152,-25.8976758],[-52.7517585,-25.8841873],[-52.7427259,-25.8890532],[-52.7447862,-25.8801272],[-52.7235372,-25.8694205],[-52.7228918,-25.8832213],[-52.7012539,-25.8906761],[-52.6732548,-25.8779567],[-52.656979,-25.8877452],[-52.6188362,-25.8810418],[-52.5647805,-25.9306526],[-52.4487023,-25.9295461],[-52.3826145,-25.9449796],[-52.3846965,-26.0023335],[-52.3727834,-26.0069737],[-52.3626442,-26.0294137],[-52.3820674,-26.051641],[-52.3576894,-26.0669835],[-52.384436,-26.0856408],[-52.4060735,-26.0897238],[-52.4150044,-26.1049365],[-52.4297823,-26.0994653],[-52.4515643,-26.1041956],[-52.4673641,-26.0916755],[-52.4790918,-26.0968811],[-52.4861186,-26.084627],[-52.4944502,-26.0849488],[-52.4933037,-26.0917329],[-52.5120608,-26.0853298],[-52.5139086,-26.1027608],[-52.5274542,-26.1122669],[-52.5426467,-26.1120848],[-52.5428391,-26.1035416],[-52.5490408,-26.1152771],[-52.5602667,-26.1071189],[-52.5873362,-26.1181068],[-52.6070946,-26.1095263],[-52.5965038,-26.0871513],[-52.6326988,-26.0914687],[-52.6203948,-26.0776794],[-52.5878387,-26.0753522]]]}},{"type":"Feature","properties":{"level":"municipio","municipality_code":"4106555","municipality_name":"Corumbataí do Sul","uf":"PR","state_code":"41","area_km2":164.341},"geometry":{"type":"Polygon","coordinates":[[[-52.1004358,-24.0501768],[-52.0517088,-24.1315764],[-52.0836365,-24.147165],[-52.1179197,-24.1504037],[-52.1253092,-24.1746272],[-52.1119235,-24.203071],[-52.1216977,-24.205236],[-52.1266029,-24.1979769],[-52.1341293,-24.2060358],[-52.1506992,-24.1989661],[-52.1561711,-24.1807777],[-52.1604493,-24.186565],[-52.2106417,-24.1695931],[-52.2275804,-24.1784039],[-52.2315208,-24.1737211],[-52.2063648,-24.1423796],[-52.1871826,-24.133245],[-52.2008594,-24.1288253],[-52.2079716,-24.1041779],[-52.1984902,-24.0668152],[-52.1867148,-24.0518102],[-52.1620868,-24.0785335],[-52.1559963,-24.0730927],[-52.1430242,-24.0801788],[-52.1163801,-24.077058],[-52.1207866,-24.0667601],[-52.1004358,-24.0501768]]]}},{"type":"Feature","properties":{"level":"municipio","municipality_code":"4106803","municipality_name":"Cruz Machado","uf":"PR","state_code":"41","area_km2":1478.35},"geometry":{"type":"Polygon","coordinates":[[[-51.3458257,-26.0857968],[-51.3629601,-26.07819],[-51.3677377,-26.0947581],[-51.3800483,-26.0973282],[-51.3858761,-26.0726081],[-51.4062363,-26.0595689],[-51.4120468,-26.0875932],[-51.4424371,-26.0712464],[-51.4816862,-26.0803],[-51.5005143,-26.0570096],[-51.532879,-26.0665327],[-51.5514045,-26.083176],[-51.5625153,-26.0656096],[-51.5548817,-26.0486652],[-51.5852983,-26.0381076],[-51.5788558,-26.0185401],[-51.6142157,-26.0140468],[-51.6186835,-26.0005432],[-51.5829368,-25.9977864],[-51.5812405,-25.9767195],[-51.5457104,-25.9845926],[-51.541524,-25.965395],[-51.5159643,-25.9669977],[-51.5117432,-25.9516428],[-51.5017408,-25.9556826],[-51.5019397,-25.941109],[-51.4778259,-25.921458],[-51.4682706,-25.9316926],[-51.4729932,-25.9429157],[-51.4492363,-25.9513851],[-51.4322123,-25.9407476],[-51.4341018,-25.9217546],[-51.4274086,-25.9270034],[-51.4189362,-25.9213232],[-51.411874,-25.9269804],[-51.4154103,-25.9487922],[-51.4094399,-25.9488318],[-51.4054663,-25.9329007],[-51.3814795,-25.9341131],[-51.3848473,-25.9188363],[-51.3701261,-25.9177854],[-51.3806236,-25.894476],[-51.355877,-25.8945596],[-51.3680151,-25.8841802],[-51.3509051,-25.8799515],[-51.3443491,-25.8629114],[-51.3351855,-25.8643853],[-51.3387072,-25.8559608],[-51.3227651,-25.8461335],[-51.3218196,-25.8264518],[-51.2950935,-25.8340474],[-51.2832911,-25.7925052],[-51.2578446,-25.8066487],[-51.2479374,-25.8012481],[-51.2479623,-25.7768134],[-51.2414584,-25.7764459],[-51.2380153,-25.7881877],[-51.2218524,-25.7820805],[-51.2179884,-25.7725439],[-51.2010401,-25.7740313],[-51.2051834,-25.7640276],[-51.1852907,-25.7721052],[-51.1864034,-25.7587946],[-51.1703193,-25.7572024],[-51.1770426,-25.7456342],[-51.1717363,-25.7441514],[-51.1548451,-25.7492795],[-51.1616011,-25.7552839],[-51.1460108,-25.7635029],[-51.1296563,-25.766094],[-51.1262932,-25.7554127],[-51.116151,-25.752263],[-51.1224025,-25.7381873],[-51.1164839,-25.7202751],[-51.0815089,-25.7023609],[-51.0674261,-25.7052976],[-51.06637,-25.6942747],[-51.0364857,-25.7091568],[-51.029538,-25.7019807],[-51.0146808,-25.7043463],[-51.0096525,-25.6745784],[-50.992595,-25.6781866],[-50.9821759,-25.6662039],[-50.9710347,-25.6828925],[-50.9569923,-25.6847651],[-50.9433669,-25.7410413],[-50.9552899,-25.7409273],[-50.9627537,-25.7561296],[-50.9780886,-25.7523322],[-50.9902711,-25.7699102],[-50.9833242,-25.7854654],[-51.02092,-25.7907939],[-51.0409829,-25.8103828],[-51.036203,-25.8316414],[-51.0266308,-25.8314677],[-51.0059145,-25.8665026],[-51.0126053,-25.8786145],[-51.0075565,-25.9068781],[-50.9721892,-25.9329413],[-50.9375114,-25.9404641],[-50.9356495,-25.9490047],[-51.0283799,-25.9627146],[-51.0271527,-25.9773557],[-51.0405455,-26.0018373],[-51.0508487,-26.0016977],[-51.0550954,-26.0108021],[-51.0660416,-26.0049628],[-51.0716811,-26.0144026],[-51.0847624,-26.0115389],[-51.088242,-26.0021291],[-51.1012911,-26.0033479],[-51.1030691,-26.0146745],[-51.1174815,-26.0190047],[-51.1248108,-26.0345761],[-51.1500169,-26.0310488],[-51.1554569,-26.0213338],[-51.1601821,-26.0281867],[-51.1616011,-26.0101704],[-51.1676499,-26.0116688],[-51.1816249,-26.0193277],[-51.1710133,-26.0239469],[-51.1732613,-26.0326693],[-51.1850183,-26.0294983],[-51.199266,-26.0501951],[-51.2234892,-26.0426566],[-51.2296529,-26.0709315],[-51.2374318,-26.0682212],[-51.244737,-26.0765055],[-51.2457102,-26.098037],[-51.2776511,-26.0961452],[-51.306238,-26.1240047],[-51.3391585,-26.117047],[-51.3458257,-26.0857968]]]}},{"type":"Feature","properties":{"level":"municipio","municipality_code":"4106571","municipality_name":"Cruzeiro do Iguaçu","uf":"PR","state_code":"41","area_km2":161.862},"geometry":{"type":"Polygon","coordinates":[[[-53.1195407,-25.6841789],[-53.1691692,-25.656018],[-53.1746695,-25.6353686],[-53.1545475,-25.6256245],[-53.1678265,-25.6152349],[-53.1598841,-25.6074559],[-53.1794325,-25.6025556],[-53.1719439,-25.5862555],[-53.1920502,-25.5747611],[-53.2014062,-25.5308736],[-53.1887944,-25.5156564],[-53.1588479,-25.5089446],[-53.143543,-25.513675],[-53.1365926,-25.5536762],[-53.1248734,-25.5641853],[-53.0975999,-25.5292322],[-53.0871184,-25.5284452],[-53.0762337,-25.5427925],[-53.0727862,-25.5745614],[-53.1130213,-25.5732673],[-53.1151368,-25.5787427],[-53.0952436,-25.5900814],[-53.0653631,-25.5848327],[-53.0472069,-25.5908081],[-53.0862407,-25.6040203],[-53.0777881,-25.6177121],[-53.0551553,-25.6236266],[-53.0627401,-25.6245699],[-53.0616824,-25.636453],[-53.0792141,-25.6544134],[-53.0765338,-25.6607751],[-53.1107803,-25.6724787],[-53.1195407,-25.6841789]]]}},{"type":"Feature","properties":{"level":"municipio","municipality_code":"4106605","municipality_name":"Cruzeiro do Oeste","uf":"PR","state_code":"41","area_km2":775.984},"geometry":{"type":"Polygon","coordinates":[[[-53.1338872,-23.9166794],[-53.1739829,-23.9127309],[-53.1795935,-23.9247674],[-53.1919268,-23.9128614],[-53.2073611,-23.9202681],[-53.2083619,-23.8792996],[-53.2236919,-23.8523335],[-53.2223896,-23.8338298],[-53.2096006,-23.8228938],[-53.1932034,-23.784593],[-53.1863266,-23.777727],[-53.1726327,-23.7817782],[-53.1664055,-23.7703068],[-53.183121,-23.7207475],[-53.1758247,-23.711517],[-53.166207,-23.7225749],[-53.1416714,-23.7281466],[-53.1194621,-23.5032065],[-53.0396537,-23.4931325],[-53.0470854,-23.555965],[-53.0150357,-23.6191328],[-53.0201123,-23.6775051],[-52.9991833,-23.7075919],[-52.9707558,-23.7089204],[-52.958235,-23.7427792],[-52.9676782,-23.7586604],[-52.9521243,-23.7776805],[-52.9883678,-23.8132233],[-52.996221,-23.8377123],[-53.0123992,-23.8390446],[-53.0271829,-23.8623197],[-52.9637725,-23.9649041],[-52.9855276,-23.9758755],[-52.9889458,-23.9659747],[-52.999254,-23.9670904],[-53.0029782,-23.9531198],[-53.0315566,-23.947876],[-53.036314,-23.9382831],[-53.1263942,-23.9280692],[-53.1338872,-23.9166794]]]}},{"type":"Feature","properties":{"level":"municipio","municipality_code":"4106704","municipality_name":"Cruzeiro do Sul","uf":"PR","state_code":"41","area_km2":259.103},"geometry":{"type":"Polygon","coordinates":[[[-52.1621118,-22.9541204],[-52.0424895,-22.9493053],[-52.0444623,-22.9692983],[-52.0327932,-22.9678254],[-52.0310743,-22.9752605],[-52.0393545,-22.9773028],[-52.0292166,-22.9817002],[-52.0236869,-22.997807],[-52.0280471,-23.0165453],[-52.1312884,-23.0481982],[-52.1628933,-23.0663858],[-52.182387,-23.0425399],[-52.2463978,-23.0276927],[-52.2583307,-22.9931575],[-52.2844131,-22.9663772],[-52.2768276,-22.922113],[-52.2579611,-22.8969566],[-52.2108944,-22.9399452],[-52.1599562,-22.9472596],[-52.1621118,-22.9541204]]]}},{"type":"Feature","properties":{"level":"municipio","municipality_code":"4106852","municipality_name":"Cruzmaltina","uf":"PR","state_code":"41","area_km2":312.299},"geometry":{"type":"Polygon","coordinates":[[[-51.4658915,-24.0964222],[-51.493652,-24.1130348],[-51.4986571,-24.1015207],[-51.5217067,-24.1065616],[-51.5423707,-24.0830446],[-51.5551799,-24.0912722],[-51.5979817,-24.0434311],[-51.6122322,-24.0518191],[-51.6210172,-24.037789],[-51.6144038,-24.0241783],[-51.6069615,-24.0369196],[-51.5785184,-24.0211794],[-51.5622387,-24.0310626],[-51.5538215,-24.0249002],[-51.5572951,-24.0191194],[-51.5386553,-24.0164654],[-51.5434305,-24.0074936],[-51.5289066,-23.9972683],[-51.531731,-23.9862145],[-51.5217398,-23.9670511],[-51.4943773,-23.9505626],[-51.4866173,-23.9369621],[-51.4906064,-23.9310044],[-51.4577513,-23.8832784],[-51.4599256,-23.8934315],[-51.43551,-23.8919711],[-51.4402301,-23.9016489],[-51.4312581,-23.9053539],[-51.4201177,-23.937426],[-51.3967904,-23.9553566],[-51.3992369,-23.975925],[-51.3878099,-23.9789096],[-51.393491,-24.000742],[-51.3870982,-24.0047132],[-51.4094908,-24.0145177],[-51.4164554,-24.0271241],[-51.3916932,-24.0394553],[-51.3790121,-24.0616764],[-51.38401,-24.0746565],[-51.4004805,-24.0767316],[-51.3961227,-24.087035],[-51.4200906,-24.0915443],[-51.4207025,-24.1096563],[-51.4288227,-24.1173358],[-51.4533325,-24.1196047],[-51.4600727,-24.1131385],[-51.452874,-24.1110067],[-51.4518216,-24.096138],[-51.4658915,-24.0964222]]]}},{"type":"Feature","properties":{"level":"municipio","municipality_code":"4106902","municipality_name":"Curitiba","uf":"PR","state_code":"41","area_km2":435.277},"geometry":{"type":"Polygon","coordinates":[[[-49.2738944,-25.3452392],[-49.2294964,-25.3498408],[-49.2219204,-25.3640387],[-49.2125313,-25.3617422],[-49.2041617,-25.3821213],[-49.1949267,-25.3785562],[-49.2034817,-25.4350766],[-49.1843889,-25.477012],[-49.199508,-25.5020418],[-49.1945934,-25.5052502],[-49.2170968,-25.5214727],[-49.2259284,-25.5382615],[-49.2245412,-25.5618215],[-49.2372783,-25.56355],[-49.2451399,-25.5748575],[-49.2408849,-25.5843744],[-49.2743145,-25.6128264],[-49.3124771,-25.6161205],[-49.3114555,-25.6241569],[-49.3231305,-25.625321],[-49.3231006,-25.6328515],[-49.3482097,-25.6340665],[-49.3552814,-25.6453862],[-49.365837,-25.641296],[-49.3427348,-25.580158],[-49.346283,-25.54227],[-49.3379633,-25.5158444],[-49.3590101,-25.5202107],[-49.374463,-25.5134239],[-49.3720789,-25.4969998],[-49.3848216,-25.4827285],[-49.3814648,-25.4526019],[-49.3893386,-25.4293044],[-49.3741645,-25.3979202],[-49.3482227,-25.3765987],[-49.3402461,-25.3494604],[-49.3026566,-25.3869504],[-49.2954716,-25.3757444],[-49.2848364,-25.3771662],[-49.2738944,-25.3452392]]]}},{"type":"Feature","properties":{"level":"municipio","municipality_code":"4107009","municipality_name":"Curiúva","uf":"PR","state_code":"41","area_km2":576.263},"geometry":{"type":"Polygon","coordinates":[[[-50.4566147,-24.099964],[-50.4625737,-24.1064128],[-50.469671,-24.0970421],[-50.4763361,-24.1058557],[-50.496652,-24.0895491],[-50.503174,-24.0966586],[-50.5333189,-24.0742793],[-50.5367681,-24.063796],[-50.5430764,-24.0721652],[-50.5535227,-24.0614973],[-50.5685923,-24.0704817],[-50.575045,-24.063631],[-50.5833473,-24.067226],[-50.5869263,-24.0795989],[-50.6065831,-24.0667937],[-50.6208774,-24.0778204],[-50.658755,-24.0733477],[-50.6788124,-24.0416847],[-50.6899949,-24.0418174],[-50.6936083,-24.0262509],[-50.7028334,-24.0248946],[-50.6957514,-24.0170071],[-50.7004155,-24.0103525],[-50.6931396,-24.012685],[-50.6975017,-24.0032265],[-50.6906986,-24.0093397],[-50.6622279,-23.9933974],[-50.6481745,-23.9943945],[-50.6463865,-23.9859747],[-50.6304484,-23.9928946],[-50.6106646,-23.9841815],[-50.608032,-23.9941966],[-50.6017503,-23.9863473],[-50.5899762,-23.9903789],[-50.5794659,-23.9836902],[-50.5781654,-23.9682659],[-50.5472527,-23.9606211],[-50.5341634,-23.9326867],[-50.5377529,-23.9239203],[-50.4642493,-23.9596552],[-50.4431269,-23.9607775],[-50.4396015,-23.9531659],[-50.4274127,-23.9584674],[-50.3959141,-23.9203851],[-50.4029711,-23.8995501],[-50.3937757,-23.8952929],[-50.3970693,-23.8859826],[-50.3836185,-23.8592496],[-50.367328,-23.8620434],[-50.3709878,-23.8717719],[-50.3563304,-23.8782895],[-50.3637746,-23.8916204],[-50.3674948,-23.8861287],[-50.3759716,-23.893134],[-50.3676063,-23.8965455],[-50.3715254,-23.9035535],[-50.3602783,-23.9056514],[-50.3619445,-23.8973757],[-50.348778,-23.8922134],[-50.3498026,-23.9071328],[-50.3406615,-23.917053],[-50.32033,-23.9123398],[-50.3218881,-23.9443855],[-50.288998,-23.9608216],[-50.2960277,-23.9630341],[-50.2970884,-23.9842536],[-50.287941,-23.9857468],[-50.2893058,-23.991623],[-50.3018217,-23.9978249],[-50.3100355,-24.0220232],[-50.336318,-24.0249927],[-50.3443535,-24.0412063],[-50.3288681,-24.1197728],[-50.3757795,-24.1146546],[-50.3862714,-24.1040911],[-50.399111,-24.1088136],[-50.4296597,-24.1009634],[-50.4346124,-24.1107629],[-50.4566147,-24.099964]]]}},{"type":"Feature","properties":{"level":"municipio","municipality_code":"4104402","municipality_name":"Cândido de Abreu","uf":"PR","state_code":"41","area_km2":1510.16},"geometry":{"type":"Polygon","coordinates":[[[-51.3571708,-24.7604682],[-51.3741834,-24.7732899],[-51.3814348,-24.7549397],[-51.394854,-24.7642772],[-51.410129,-24.7563311],[-51.4132623,-24.7253034],[-51.4368474,-24.7027906],[-51.4207384,-24.6926268],[-51.4463768,-24.6866403],[-51.4428232,-24.671477],[-51.4544003,-24.654685],[-51.4706254,-24.6524867],[-51.4727128,-24.6337539],[-51.4810164,-24.6275587],[-51.4765423,-24.6176965],[-51.4936256,-24.6371631],[-51.5025926,-24.6288664],[-51.4535469,-24.5851735],[-51.4652694,-24.5761901],[-51.4503781,-24.5582097],[-51.4684297,-24.5525762],[-51.4579573,-24.5446501],[-51.4515962,-24.5233407],[-51.473009,-24.5285537],[-51.4549607,-24.5096891],[-51.4529066,-24.4822911],[-51.4591769,-24.4758095],[-51.4513198,-24.4685939],[-51.4733785,-24.4675926],[-51.4870358,-24.4559828],[-51.4731802,-24.4493543],[-51.4817335,-24.4289962],[-51.4727683,-24.4274745],[-51.4617892,-24.4433524],[-51.4433231,-24.4087022],[-51.4682113,-24.4116986],[-51.4747704,-24.403697],[-51.4657604,-24.393696],[-51.4189817,-24.4041285],[-51.4176205,-24.417135],[-51.3972332,-24.4221533],[-51.3976793,-24.4345762],[-51.3849583,-24.4382924],[-51.3612368,-24.4275038],[-51.3487394,-24.434558],[-51.3352037,-24.4084976],[-51.3274291,-24.4221737],[-51.3034829,-24.411177],[-51.139012,-24.4681073],[-51.1660919,-24.4884529],[-51.1717327,-24.5136391],[-51.1920643,-24.5158767],[-51.1921262,-24.524187],[-51.1562034,-24.5528502],[-51.1587819,-24.5689258],[-51.125256,-24.5868782],[-51.1280073,-24.625523],[-51.1004263,-24.6238831],[-51.0815365,-24.6371685],[-51.0809525,-24.6626952],[-51.0627329,-24.688386],[-51.0668557,-24.8159469],[-51.028796,-24.8551044],[-50.9983908,-24.8631137],[-50.9820757,-24.9072901],[-50.9629443,-24.9329726],[-50.9786202,-24.9445976],[-50.9846501,-24.9657908],[-51.0004806,-24.9591986],[-51.0004853,-24.9683562],[-51.0090394,-24.9709994],[-51.0300929,-24.9552292],[-51.0594506,-24.9531322],[-51.0535362,-24.9327642],[-51.0379305,-24.9294056],[-51.0455429,-24.9136988],[-51.0469845,-24.9255794],[-51.0716515,-24.9242182],[-51.0715707,-24.9368914],[-51.0893743,-24.9353014],[-51.1001824,-24.9207073],[-51.0928184,-24.9100728],[-51.0834834,-24.9154732],[-51.0866178,-24.9046653],[-51.1211224,-24.9041366],[-51.0981793,-24.8797505],[-51.117568,-24.8836969],[-51.1039247,-24.8664572],[-51.1299054,-24.8742114],[-51.1356744,-24.8643628],[-51.1300354,-24.8518328],[-51.1458735,-24.8490248],[-51.1436225,-24.8255731],[-51.1559825,-24.8190215],[-51.1499084,-24.8086696],[-51.1694015,-24.812349],[-51.1757848,-24.7995521],[-51.1853424,-24.7985954],[-51.1824903,-24.7830272],[-51.1967094,-24.7994653],[-51.2114764,-24.7954308],[-51.2029223,-24.765392],[-51.2353427,-24.7785793],[-51.2347875,-24.7919759],[-51.2602343,-24.7845744],[-51.2526273,-24.7702983],[-51.2824298,-24.7745502],[-51.2755128,-24.7529436],[-51.2913206,-24.7586156],[-51.2946227,-24.7760265],[-51.3054838,-24.7672361],[-51.3188726,-24.76863],[-51.3270937,-24.7540811],[-51.3444599,-24.7633019],[-51.3571708,-24.7604682]]]}},{"type":"Feature","properties":{"level":"municipio","municipality_code":"4105300","municipality_name":"Céu Azul","uf":"PR","state_code":"41","area_km2":1180.361},"geometry":{"type":"Polygon","coordinates":[[[-53.8213492,-25.3057037],[-53.9069297,-25.2690889],[-53.8976819,-25.2635248],[-53.9058845,-25.2561369],[-53.8953241,-25.2534728],[-53.9037969,-25.2394789],[-53.8961468,-25.2326445],[-53.90484,-25.2211931],[-53.9005572,-25.19991],[-53.9214378,-25.1828496],[-53.9419146,-25.1783617],[-53.9495984,-25.1621075],[-53.9451675,-25.1211162],[-53.9543486,-25.1026893],[-53.8137234,-25.0966706],[-53.8112063,-24.9743605],[-53.8010831,-24.9789604],[-53.7679303,-24.9691483],[-53.7579196,-24.9849791],[-53.7335215,-24.999162],[-53.6968286,-25.0018523],[-53.6669404,-25.0178725],[-53.6586357,-25.0398505],[-53.6323001,-25.0541845],[-53.6312772,-25.0747939],[-53.6231523,-25.0816243],[-53.6431089,-25.1202868],[-53.659712,-25.1265663],[-53.6519957,-25.1383163],[-53.6636326,-25.140405],[-53.654952,-25.1499701],[-53.6649645,-25.1549562],[-53.6541871,-25.1648099],[-53.6562612,-25.1906378],[-53.6447495,-25.2029561],[-53.6545934,-25.2075228],[-53.6527742,-25.2160473],[-53.6371585,-25.2415818],[-53.6454704,-25.2589059],[-53.6544264,-25.2589091],[-53.6484803,-25.2747411],[-53.6415802,-25.2696694],[-53.6388494,-25.2779794],[-53.6486489,-25.2820255],[-53.6504586,-25.2921996],[-53.6360852,-25.2943087],[-53.652551,-25.3060339],[-53.6339082,-25.3126182],[-53.6474993,-25.3190524],[-53.6447383,-25.3279175],[-53.6501893,-25.3219899],[-53.657096,-25.3272986],[-53.6438547,-25.3369197],[-53.6580772,-25.3492418],[-53.6620555,-25.3783105],[-53.6781556,-25.3693531],[-53.6715102,-25.3878436],[-53.685301,-25.3936564],[-53.6744326,-25.410485],[-53.6845466,-25.4246585],[-53.6722921,-25.4283481],[-53.6798116,-25.4383502],[-53.6917413,-25.4387936],[-53.6807946,-25.4497424],[-53.6886967,-25.4548261],[-53.6805223,-25.4568531],[-53.7032376,-25.4538082],[-53.6884757,-25.4684652],[-53.7056051,-25.4778848],[-53.6767068,-25.4964399],[-53.693697,-25.5289565],[-53.7154102,-25.5417596],[-53.7176098,-25.5520715],[-53.7048658,-25.575236],[-53.7090002,-25.5888168],[-53.725448,-25.5861849],[-53.7548188,-25.5545875],[-53.7686015,-25.551205],[-53.7786899,-25.5624355],[-53.7824077,-25.5999309],[-53.8021358,-25.6067822],[-53.8166102,-25.59575],[-53.8159344,-25.5808094],[-53.7974397,-25.5517848],[-53.8125437,-25.5292174],[-53.7984393,-25.5337792],[-53.784892,-25.5091247],[-53.7950391,-25.4963243],[-53.8114104,-25.4991664],[-53.8081641,-25.4912978],[-53.8172991,-25.4803813],[-53.8050691,-25.4778669],[-53.8125767,-25.4578084],[-53.798278,-25.4543835],[-53.8183217,-25.4419591],[-53.8039266,-25.4385653],[-53.8037211,-25.428404],[-53.815819,-25.4224514],[-53.8019782,-25.4166504],[-53.8179024,-25.40907],[-53.8159418,-25.3982992],[-53.8029748,-25.3987074],[-53.7926615,-25.3892162],[-53.805211,-25.3869886],[-53.8086269,-25.3761324],[-53.794755,-25.3783248],[-53.8115077,-25.3645817],[-53.7972605,-25.3578628],[-53.7918858,-25.3695577],[-53.790667,-25.3605349],[-53.7813274,-25.3585915],[-53.7915316,-25.3550104],[-53.7851563,-25.3469602],[-53.7891712,-25.3392371],[-53.7742402,-25.3363756],[-53.7821056,-25.3228822],[-53.7874141,-25.3310179],[-53.8093038,-25.3296703],[-53.7937894,-25.3181216],[-53.8014143,-25.3006546],[-53.8213492,-25.3057037]]]}},{"type":"Feature","properties":{"level":"municipio","municipality_code":"4107157","municipality_name":"Diamante D'Oeste","uf":"PR","state_code":"41","area_km2":309.11},"geometry":{"type":"Polygon","coordinates":[[[-54.010825,-25.0309946],[-54.0699232,-25.0375785],[-54.0850228,-25.0251831],[-54.1046331,-25.0375319],[-54.1267907,-25.0224461],[-54.1314056,-25.037229],[-54.1683427,-25.0304997],[-54.1584096,-24.9980786],[-54.1450767,-24.9839245],[-54.2007429,-24.9364998],[-54.1891092,-24.9234062],[-54.204631,-24.9227438],[-54.204964,-24.9086333],[-54.2199426,-24.8985824],[-54.2200493,-24.8688607],[-54.1878645,-24.8695583],[-54.1742996,-24.8595414],[-54.1591538,-24.8719253],[-54.1568746,-24.8638705],[-54.1425434,-24.8593584],[-54.1273315,-24.872047],[-54.1208239,-24.8626185],[-54.115858,-24.8714921],[-54.1042354,-24.8642496],[-54.0953607,-24.878679],[-54.0826446,-24.8764143],[-54.0762,-24.8629404],[-54.0686859,-24.8649816],[-54.0750109,-24.8700449],[-54.0632975,-24.8735954],[-54.0634349,-24.8888439],[-54.0578207,-24.8832942],[-54.0453535,-24.8872969],[-54.0341911,-24.9315576],[-53.9655389,-25.0765379],[-53.9881403,-25.0768294],[-54.0034907,-25.0615807],[-53.9973371,-25.0564306],[-54.0087905,-25.0552721],[-53.9991686,-25.0489171],[-54.0154471,-25.0383732],[-54.010825,-25.0309946]]]}},{"type":"Feature","properties":{"level":"municipio","municipality_code":"4107108","municipality_name":"Diamante do Norte","uf":"PR","state_code":"41","area_km2":242.887},"geometry":{"type":"Polygon","coordinates":[[[-52.8402424,-22.6900271],[-52.9081398,-22.6895321],[-52.9135989,-22.6783742],[-52.969441,-22.6777311],[-53.0052256,-22.6220977],[-53.011673,-22.598795],[-52.972425,-22.5704843],[-52.9247426,-22.565624],[-52.8583628,-22.608001],[-52.8154397,-22.5970432],[-52.7828639,-22.6020617],[-52.7908033,-22.6293463],[-52.7786878,-22.6649209],[-52.8009688,-22.7032656],[-52.815736,-22.7093662],[-52.8362247,-22.7006665],[-52.8402424,-22.6900271]]]}},{"type":"Feature","properties":{"level":"municipio","municipality_code":"4107124","municipality_name":"Diamante do Sul","uf":"PR","state_code":"41","area_km2":347.233},"geometry":{"type":"Polygon","coordinates":[[[-52.6171911,-25.0205816],[-52.610531,-25.0282257],[-52.6170557,-25.0365441],[-52.6100386,-25.0385925],[-52.6223103,-25.0396852],[-52.6185941,-25.0467648],[-52.6389305,-25.0531576],[-52.6331662,-25.058364],[-52.6615442,-25.0704372],[-52.6554416,-25.0759528],[-52.6615546,-25.0830671],[-52.6526874,-25.088943],[-52.6627715,-25.0900379],[-52.6583525,-25.0955335],[-52.7124461,-25.1294984],[-52.7306359,-25.1290211],[-52.7213481,-25.1120412],[-52.7545519,-25.0742133],[-52.7518528,-25.0636519],[-52.7653211,-25.0572558],[-52.7564233,-25.0469234],[-52.7680902,-25.0334526],[-52.758851,-25.0298186],[-52.7597973,-25.0163054],[-52.7915586,-25.0103867],[-52.795023,-24.9862192],[-52.8032558,-24.9818609],[-52.7873146,-24.9763469],[-52.7878827,-24.9646662],[-52.781305,-24.9628344],[-52.7932869,-24.9605138],[-52.7886245,-24.9518117],[-52.7988203,-24.9511721],[-52.7825041,-24.9467468],[-52.8024388,-24.9399888],[-52.7916637,-24.9411366],[-52.7941741,-24.9278812],[-52.7822492,-24.9264375],[-52.7908948,-24.9114548],[-52.7781992,-24.9140538],[-52.7798915,-24.903033],[-52.7726692,-24.8974624],[-52.7596811,-24.9007209],[-52.7638994,-24.8918073],[-52.7522592,-24.8915669],[-52.7470544,-24.8752508],[-52.7395893,-24.8819089],[-52.7409086,-24.8547529],[-52.7319038,-24.8631524],[-52.7192245,-24.8558838],[-52.713051,-24.8725255],[-52.6849382,-24.8789672],[-52.6969898,-24.894298],[-52.6566413,-24.896186],[-52.6725268,-24.9097823],[-52.6742089,-24.9210581],[-52.6873672,-24.9271173],[-52.6645858,-24.932012],[-52.6591032,-24.9265706],[-52.6381713,-24.9437035],[-52.6629131,-24.9565476],[-52.6453338,-24.9819302],[-52.6394698,-24.9813225],[-52.6440525,-24.9566822],[-52.6220568,-24.9618715],[-52.621176,-24.9259711],[-52.596553,-24.9407062],[-52.5965509,-24.9501526],[-52.5847543,-24.9594946],[-52.6226319,-24.976486],[-52.6002681,-25.0129806],[-52.6030122,-25.0204463],[-52.6171911,-25.0205816]]]}},{"type":"Feature","properties":{"level":"municipio","municipality_code":"4107207","municipality_name":"Dois Vizinhos","uf":"PR","state_code":"41","area_km2":418.648},"geometry":{"type":"Polygon","coordinates":[[[-52.9783467,-25.7447651],[-52.9732237,-25.7739595],[-52.9809914,-25.7846427],[-52.974459,-25.7912343],[-52.995213,-25.7921327],[-52.9818808,-25.8086941],[-52.9900771,-25.8123407],[-52.9871978,-25.8218598],[-53.0024875,-25.8183725],[-53.0164123,-25.8289759],[-53.0044873,-25.8381423],[-53.0134125,-25.8416709],[-53.0076537,-25.8451561],[-53.030067,-25.852686],[-53.0301715,-25.8615218],[-53.0450729,-25.8563162],[-53.0447121,-25.863964],[-53.0710005,-25.869467],[-53.0717112,-25.8770819],[-53.1095425,-25.8746546],[-53.1203559,-25.8716419],[-53.1304064,-25.8376779],[-53.146939,-25.825527],[-53.1513377,-25.8103794],[-53.1445506,-25.7981348],[-53.1558384,-25.7869951],[-53.1387718,-25.7705673],[-53.1529611,-25.752411],[-53.1719358,-25.740159],[-53.1825674,-25.7428871],[-53.1916496,-25.7310443],[-53.2036127,-25.7332646],[-53.2049891,-25.7220203],[-53.2327689,-25.7250954],[-53.2373393,-25.7153631],[-53.2320976,-25.7118578],[-53.2490246,-25.7114117],[-53.2598217,-25.6998304],[-53.2068754,-25.7059524],[-53.1585042,-25.6725053],[-53.1733413,-25.6638149],[-53.1703244,-25.6557475],[-53.1195407,-25.6841789],[-53.1107803,-25.6724787],[-53.0765338,-25.6607751],[-53.0792141,-25.6544134],[-53.0616824,-25.636453],[-53.0627401,-25.6245699],[-53.0551862,-25.6238741],[-53.0639738,-25.6166449],[-53.0511624,-25.6081321],[-53.0372292,-25.6235638],[-53.0411182,-25.6615965],[-53.031096,-25.6606566],[-53.0239718,-25.6482645],[-52.9970397,-25.6455052],[-53.0231444,-25.6816086],[-52.9939512,-25.6747312],[-52.9779019,-25.6976975],[-52.9519815,-25.7131939],[-52.9526581,-25.7381041],[-52.9783467,-25.7447651]]]}},{"type":"Feature","properties":{"level":"municipio","municipality_code":"4107256","municipality_name":"Douradina","uf":"PR","state_code":"41","area_km2":420.604},"geometry":{"type":"Polygon","coordinates":[[[-53.2296984,-23.3334037],[-53.2221009,-23.3467975],[-53.2287724,-23.3576083],[-53.2194957,-23.3712013],[-53.234088,-23.3926518],[-53.2297595,-23.4081574],[-53.2226501,-23.4090784],[-53.2267682,-23.4324671],[-53.2181589,-23.4387796],[-53.2167796,-23.4546344],[-53.2741405,-23.4952063],[-53.287497,-23.4899636],[-53.3085133,-23.5035355],[-53.3358441,-23.4849918],[-53.3517928,-23.4846292],[-53.3521661,-23.47454],[-53.3624199,-23.4720397],[-53.3614158,-23.4404506],[-53.330364,-23.4007088],[-53.3387434,-23.3768574],[-53.3624387,-23.3549864],[-53.3743414,-23.3306496],[-53.3644754,-23.2607518],[-53.3812159,-23.2529464],[-53.3777817,-23.2407158],[-53.3478215,-23.2334966],[-53.3228088,-23.2404805],[-53.3192481,-23.2273828],[-53.3281817,-23.21537],[-53.3187443,-23.2003401],[-53.3017949,-23.1982614],[-53.249117,-23.2330073],[-53.2122848,-23.2466107],[-53.2017554,-23.2416972],[-53.1976534,-23.2454306],[-53.2114617,-23.2566241],[-53.2044084,-23.2675488],[-53.2012872,-23.2635386],[-53.1953747,-23.2870874],[-53.2162728,-23.3092246],[-53.2150155,-23.32339],[-53.2296984,-23.3334037]]]}},{"type":"Feature","properties":{"level":"municipio","municipality_code":"4107306","municipality_name":"Doutor Camargo","uf":"PR","state_code":"41","area_km2":118.285},"geometry":{"type":"Polygon","coordinates":[[[-52.195552,-23.518175],[-52.1002523,-23.5199282],[-52.122086,-23.55018],[-52.1427284,-23.5411473],[-52.1558144,-23.5677962],[-52.1957429,-23.5737909],[-52.2025236,-23.5909478],[-52.2351345,-23.5971272],[-52.242213,-23.6130638],[-52.2598039,-23.6181921],[-52.2568606,-23.624371],[-52.2932974,-23.619972],[-52.2927758,-23.5860153],[-52.3048266,-23.5729776],[-52.2901306,-23.5701268],[-52.2859069,-23.5589155],[-52.275163,-23.5633632],[-52.272133,-23.5530377],[-52.2413238,-23.5422852],[-52.2352139,-23.5289474],[-52.2056606,-23.5115483],[-52.195552,-23.518175]]]}},{"type":"Feature","properties":{"level":"municipio","municipality_code":"4128633","municipality_name":"Doutor Ulysses","uf":"PR","state_code":"41","area_km2":777.482},"geometry":{"type":"Polygon","coordinates":[[[-49.2989454,-24.7758871],[-49.3802706,-24.7476404],[-49.3802937,-24.7382307],[-49.3964783,-24.7287511],[-49.4095223,-24.7310563],[-49.4197177,-24.7183935],[-49.4313406,-24.7258959],[-49.4499716,-24.7245934],[-49.4713937,-24.709082],[-49.4886008,-24.7210259],[-49.5083487,-24.7226057],[-49.5112047,-24.7151489],[-49.5211222,-24.7210983],[-49.5536825,-24.6993948],[-49.5734814,-24.6680221],[-49.6204448,-24.6826917],[-49.6288534,-24.6808016],[-49.6335757,-24.6610196],[-49.647465,-24.6592168],[-49.6415284,-24.6419804],[-49.6229528,-24.6467798],[-49.6078812,-24.6366873],[-49.5933773,-24.6376695],[-49.5899271,-24.618653],[-49.5596209,-24.6044339],[-49.5489329,-24.5868205],[-49.5536243,-24.5801679],[-49.5392126,-24.5720112],[-49.5236895,-24.5763712],[-49.5233321,-24.6103008],[-49.5041332,-24.6110893],[-49.4877253,-24.5459717],[-49.4797453,-24.5404383],[-49.466381,-24.5446256],[-49.4517556,-24.5259288],[-49.4434942,-24.5292901],[-49.4371567,-24.5184465],[-49.4302943,-24.5202583],[-49.4269467,-24.4991461],[-49.3967099,-24.496597],[-49.3897141,-24.4872978],[-49.3592482,-24.4776945],[-49.3121646,-24.4303731],[-49.2756757,-24.4169488],[-49.2525935,-24.4334587],[-49.2535489,-24.4557445],[-49.2448189,-24.4633813],[-49.2698187,-24.4812786],[-49.2695737,-24.4923101],[-49.2956741,-24.5003099],[-49.280272,-24.5372649],[-49.2922598,-24.5443015],[-49.2925311,-24.55289],[-49.3055731,-24.5463919],[-49.3159894,-24.5555089],[-49.3108722,-24.5809954],[-49.3165653,-24.5879751],[-49.3035971,-24.5969487],[-49.313128,-24.6047037],[-49.3070756,-24.6217381],[-49.3164281,-24.6389985],[-49.2996253,-24.6549573],[-49.3120154,-24.6635327],[-49.2756811,-24.6943759],[-49.2079167,-24.7009064],[-49.2222104,-24.7308527],[-49.2036574,-24.7900108],[-49.2317605,-24.7793734],[-49.2686869,-24.7854934],[-49.2762183,-24.7978623],[-49.2989454,-24.7758871]]]}},{"type":"Feature","properties":{"level":"municipio","municipality_code":"4107504","municipality_name":"Engenheiro Beltrão","uf":"PR","state_code":"41","area_km2":467.646},"geometry":{"type":"Polygon","coordinates":[[[-52.1768536,-23.7548306],[-52.1751559,-23.7767443],[-52.1936057,-23.7927402],[-52.1873292,-23.8066747],[-52.2077694,-23.8138553],[-52.1943526,-23.8281321],[-52.2091611,-23.8267965],[-52.2152099,-23.8345107],[-52.2221305,-23.8259988],[-52.2288229,-23.8354475],[-52.2370242,-23.8307387],[-52.2355556,-23.847716],[-52.2678322,-23.8606401],[-52.2531066,-23.873696],[-52.2654995,-23.8786849],[-52.264883,-23.8891264],[-52.3516935,-23.8431113],[-52.3934169,-23.8516467],[-52.4444853,-23.8070294],[-52.2822811,-23.6760583],[-52.2797721,-23.661157],[-52.2598035,-23.6532176],[-52.2641045,-23.6428423],[-52.2428012,-23.6348078],[-52.2142906,-23.6548805],[-52.1924106,-23.6441263],[-52.1611125,-23.6479278],[-52.1596873,-23.6778652],[-52.1408494,-23.690586],[-52.1134737,-23.6765279],[-52.119243,-23.6971035],[-52.1115409,-23.7055228],[-52.12019,-23.7137494],[-52.1211618,-23.7336665],[-52.1306362,-23.7233367],[-52.1400985,-23.7308861],[-52.1448514,-23.7515445],[-52.1504371,-23.7546703],[-52.1562664,-23.7446319],[-52.1677753,-23.7600846],[-52.1768536,-23.7548306]]]}},{"type":"Feature","properties":{"level":"municipio","municipality_code":"4107538","municipality_name":"Entre Rios do Oeste","uf":"PR","state_code":"41","area_km2":120.967},"geometry":{"type":"Polygon","coordinates":[[[-54.2390361,-24.6877512],[-54.2343515,-24.6815502],[-54.2084083,-24.6888243],[-54.2000179,-24.6768765],[-54.1837102,-24.6975097],[-54.1810909,-24.6833843],[-54.1649097,-24.6882067],[-54.1787635,-24.7225245],[-54.1655337,-24.7163168],[-54.1396931,-24.7298722],[-54.1339643,-24.7180374],[-54.11885,-24.7289106],[-54.1270935,-24.7386403],[-54.107623,-24.738754],[-54.1066694,-24.7483801],[-54.0955562,-24.7438737],[-54.0959904,-24.7544449],[-54.2365201,-24.7562561],[-54.2407178,-24.7299932],[-54.3323336,-24.6945264],[-54.3268817,-24.6594956],[-54.3143926,-24.6616295],[-54.3087875,-24.6729692],[-54.2904962,-24.6607541],[-54.2696893,-24.6750514],[-54.2603536,-24.6645893],[-54.2390361,-24.6877512]]]}},{"type":"Feature","properties":{"level":"municipio","municipality_code":"4107405","municipality_name":"Enéas Marques","uf":"PR","state_code":"41","area_km2":192.203},"geometry":{"type":"Polygon","coordinates":[[[-53.0710388,-25.911737],[-53.1018674,-25.9610803],[-53.1244588,-25.973647],[-53.1425875,-25.9736905],[-53.1550498,-25.9856263],[-53.2356271,-25.9834],[-53.2415996,-25.954085],[-53.2185705,-25.9476995],[-53.2027579,-25.904813],[-53.1880933,-25.9037036],[-53.1800429,-25.8845318],[-53.1670133,-25.8798896],[-53.1780122,-25.8694011],[-53.1833764,-25.8453974],[-53.1682927,-25.839676],[-53.1843798,-25.8152881],[-53.1721834,-25.8137931],[-53.1805396,-25.8053732],[-53.1758143,-25.8006982],[-53.1991802,-25.796063],[-53.1900963,-25.7871113],[-53.1941663,-25.7789988],[-53.1490925,-25.77691],[-53.1558384,-25.7869951],[-53.1445506,-25.7981348],[-53.1513377,-25.8103794],[-53.146939,-25.825527],[-53.1304064,-25.8376779],[-53.1203559,-25.8716419],[-53.0749626,-25.8809846],[-53.0710388,-25.911737]]]}},{"type":"Feature","properties":{"level":"municipio","municipality_code":"4107520","municipality_name":"Esperança Nova","uf":"PR","state_code":"41","area_km2":141.286},"geometry":{"type":"Polygon","coordinates":[[[-53.8108851,-23.7504145],[-53.8461667,-23.7441379],[-53.8729543,-23.6961759],[-53.8810652,-23.6644687],[-53.8585592,-23.6601402],[-53.7502557,-23.6709837],[-53.7237656,-23.7013691],[-53.7238215,-23.7097122],[-53.7439084,-23.7156144],[-53.7288627,-23.7385821],[-53.7525869,-23.7817513],[-53.7761958,-23.7852324],[-53.8108851,-23.7504145]]]}},{"type":"Feature","properties":{"level":"municipio","municipality_code":"4107546","municipality_name":"Espigão Alto do Iguaçu","uf":"PR","state_code":"41","area_km2":326.44},"geometry":{"type":"Polygon","coordinates":[[[-52.8495765,-25.2689085],[-52.6929453,-25.2744572],[-52.6617777,-25.292452],[-52.6729818,-25.3026682],[-52.6708732,-25.3147913],[-52.6983999,-25.3256997],[-52.7075638,-25.3386048],[-52.6989337,-25.3391254],[-52.7007152,-25.3451359],[-52.7124675,-25.3444738],[-52.7042036,-25.3545993],[-52.7133712,-25.3648723],[-52.7065736,-25.3668814],[-52.7110995,-25.3732462],[-52.7026927,-25.3789559],[-52.7088419,-25.3855815],[-52.7030477,-25.3905578],[-52.7183185,-25.3846291],[-52.7160496,-25.4014528],[-52.7263963,-25.4047333],[-52.7305769,-25.3949352],[-52.7382381,-25.4071874],[-52.7495503,-25.4049509],[-52.7334776,-25.4141892],[-52.7445318,-25.4155313],[-52.745191,-25.4263595],[-52.7376708,-25.4294108],[-52.7424889,-25.4424678],[-52.7522723,-25.4332711],[-52.7642855,-25.4501323],[-52.7503913,-25.449948],[-52.7661472,-25.4587692],[-52.754539,-25.4671832],[-52.7770378,-25.4670871],[-52.7613417,-25.4784613],[-52.7533445,-25.4727012],[-52.7575481,-25.4857643],[-52.7492969,-25.4890535],[-52.7581068,-25.4922792],[-52.7669203,-25.4824254],[-52.776754,-25.4871812],[-52.7712426,-25.5035499],[-52.8148491,-25.4454251],[-52.8593571,-25.4370008],[-52.8642599,-25.414031],[-52.8572866,-25.4098702],[-52.8646096,-25.4073672],[-52.8608254,-25.3980846],[-52.8431192,-25.3951394],[-52.8446806,-25.350212],[-52.8718911,-25.33718],[-52.8710634,-25.3302426],[-52.9022853,-25.3115545],[-52.9184548,-25.2909474],[-52.9077892,-25.2650064],[-52.8990094,-25.2797277],[-52.8960221,-25.2738872],[-52.8874421,-25.2809579],[-52.8871484,-25.2906207],[-52.8682859,-25.2730661],[-52.8510162,-25.279018],[-52.8495765,-25.2689085]]]}},{"type":"Feature","properties":{"level":"municipio","municipality_code":"4107553","municipality_name":"Farol","uf":"PR","state_code":"41","area_km2":289.232},"geometry":{"type":"Polygon","coordinates":[[[-52.5845126,-24.1712931],[-52.6261362,-24.201497],[-52.6351377,-24.1980303],[-52.6526621,-24.2101016],[-52.6602475,-24.2049781],[-52.6747295,-24.1686363],[-52.7066409,-24.1394525],[-52.7011733,-24.1294394],[-52.7114524,-24.1277391],[-52.7163084,-24.1093098],[-52.7469343,-24.084567],[-52.7412005,-24.0685654],[-52.7565547,-24.0557838],[-52.7657529,-24.026481],[-52.7325302,-24.0281245],[-52.7243868,-24.0374722],[-52.7020584,-24.0338525],[-52.6969736,-24.0457729],[-52.6815014,-24.0494228],[-52.6757007,-24.0588972],[-52.6461346,-24.0475526],[-52.6278611,-24.0573466],[-52.6263093,-24.0655823],[-52.6214456,-24.0614503],[-52.6148865,-24.0706617],[-52.5745559,-24.0807623],[-52.5244579,-24.1238485],[-52.5061609,-24.1728215],[-52.5228963,-24.2240091],[-52.5586911,-24.2142523],[-52.5606602,-24.1879405],[-52.5845126,-24.1712931]]]}},{"type":"Feature","properties":{"level":"municipio","municipality_code":"4107603","municipality_name":"Faxinal","uf":"PR","state_code":"41","area_km2":715.943},"geometry":{"type":"Polygon","coordinates":[[[-51.0999353,-24.0013177],[-51.0915879,-24.0151989],[-51.0967266,-24.0315166],[-51.0818554,-24.0440312],[-51.0854412,-24.0744182],[-51.1019897,-24.0736263],[-51.1142701,-24.0852742],[-51.1331748,-24.0695774],[-51.1449854,-24.0785232],[-51.1548673,-24.0715345],[-51.1524255,-24.0818905],[-51.1720689,-24.0805144],[-51.1670328,-24.0984014],[-51.1771735,-24.0908919],[-51.1780072,-24.1004256],[-51.2084594,-24.1069393],[-51.2177014,-24.1057454],[-51.2260624,-24.0866274],[-51.2406781,-24.0927358],[-51.2382868,-24.1018603],[-51.255954,-24.0899521],[-51.2552604,-24.0957235],[-51.2650962,-24.0957823],[-51.2550664,-24.1015939],[-51.2626839,-24.1107322],[-51.2888407,-24.0931654],[-51.2843112,-24.1007527],[-51.2955696,-24.1056435],[-51.2845166,-24.1092927],[-51.2963401,-24.1172871],[-51.3041772,-24.1137365],[-51.2996785,-24.1307715],[-51.3210931,-24.1310238],[-51.3268149,-24.1225514],[-51.3300437,-24.1315675],[-51.3474555,-24.1336381],[-51.3481533,-24.1156512],[-51.3653719,-24.1414084],[-51.3733719,-24.1347281],[-51.3725353,-24.1425838],[-51.3924526,-24.1481904],[-51.4130102,-24.1296634],[-51.4151529,-24.1395611],[-51.404014,-24.1454001],[-51.4179901,-24.1585407],[-51.4298473,-24.1369967],[-51.4496822,-24.1366226],[-51.4533325,-24.1196047],[-51.4288227,-24.1173358],[-51.4207025,-24.1096563],[-51.4200906,-24.0915443],[-51.3970168,-24.0875717],[-51.4004805,-24.0767316],[-51.3830697,-24.0730155],[-51.3790121,-24.0616764],[-51.3916932,-24.0394553],[-51.4166778,-24.024312],[-51.3870982,-24.0047132],[-51.393491,-24.000742],[-51.3878099,-23.9789096],[-51.3982072,-23.9782597],[-51.3967904,-23.9553566],[-51.4201177,-23.937426],[-51.4312581,-23.9053539],[-51.4402301,-23.9016489],[-51.43551,-23.8919711],[-51.4599256,-23.8934315],[-51.4573301,-23.88021],[-51.4510987,-23.8823834],[-51.4609875,-23.872748],[-51.4468741,-23.8719183],[-51.4449046,-23.861699],[-51.43279,-23.8695098],[-51.4348705,-23.8577148],[-51.4075406,-23.8722856],[-51.4003377,-23.8627005],[-51.3939655,-23.8686127],[-51.3775157,-23.8597451],[-51.3720016,-23.8486935],[-51.3623955,-23.8508284],[-51.3614198,-23.8603637],[-51.3320485,-23.8645668],[-51.2942019,-23.8992037],[-51.2751212,-23.8889621],[-51.2333175,-23.9159602],[-51.2156698,-23.9079005],[-51.1857689,-23.9179749],[-51.1649372,-23.9447601],[-51.1716804,-23.9575548],[-51.1533125,-23.9608638],[-51.1464555,-23.9782034],[-51.12531,-23.9907263],[-51.0955276,-23.9880098],[-51.0999353,-24.0013177]]]}},{"type":"Feature","properties":{"level":"municipio","municipality_code":"4107652","municipality_name":"Fazenda Rio Grande","uf":"PR","state_code":"41","area_km2":116.678},"geometry":{"type":"Polygon","coordinates":[[[-49.2942768,-25.7378316],[-49.3351294,-25.7120712],[-49.347299,-25.6766472],[-49.3621802,-25.6668001],[-49.36393,-25.6468981],[-49.3482097,-25.6340665],[-49.3226511,-25.6326254],[-49.3231305,-25.625321],[-49.3114555,-25.6241569],[-49.3159851,-25.619507],[-49.3124771,-25.6161205],[-49.2660426,-25.6118001],[-49.2412653,-25.7445254],[-49.2465849,-25.75433],[-49.2563998,-25.739937],[-49.2942768,-25.7378316]]]}},{"type":"Feature","properties":{"level":"municipio","municipality_code":"4107736","municipality_name":"Fernandes Pinheiro","uf":"PR","state_code":"41","area_km2":406.5},"geometry":{"type":"Polygon","coordinates":[[[-50.5482774,-25.5773686],[-50.6218704,-25.5843228],[-50.5796843,-25.4519412],[-50.6019204,-25.4106762],[-50.5984407,-25.3635394],[-50.5921148,-25.3662669],[-50.5895827,-25.3444254],[-50.5745171,-25.3396707],[-50.5762233,-25.3286981],[-50.5640987,-25.3091096],[-50.5604979,-25.3234669],[-50.5465849,-25.3349953],[-50.5532028,-25.3571164],[-50.5398671,-25.367183],[-50.5529541,-25.3731521],[-50.5510889,-25.3971837],[-50.5422565,-25.4109251],[-50.5258369,-25.4113942],[-50.5230322,-25.4333037],[-50.5133638,-25.4295585],[-50.5090436,-25.4362597],[-50.5114565,-25.4468345],[-50.5247529,-25.4432624],[-50.5223624,-25.4579477],[-50.5303632,-25.4571188],[-50.5311484,-25.465628],[-50.467628,-25.4710387],[-50.4558592,-25.453735],[-50.445659,-25.453477],[-50.429604,-25.4762911],[-50.4311126,-25.5023834],[-50.4192213,-25.5165118],[-50.4085277,-25.525754],[-50.3998041,-25.5176074],[-50.386513,-25.5300738],[-50.3583985,-25.5276739],[-50.3565991,-25.5354076],[-50.3729978,-25.5501791],[-50.3922763,-25.5536009],[-50.4019994,-25.5768151],[-50.4130214,-25.5780473],[-50.4243346,-25.591914],[-50.4310285,-25.6438391],[-50.4468941,-25.6349977],[-50.4498752,-25.6476868],[-50.4693754,-25.6554645],[-50.4996627,-25.64557],[-50.5102691,-25.6304158],[-50.5268323,-25.6285748],[-50.519513,-25.6080512],[-50.5252035,-25.5944564],[-50.5482774,-25.5773686]]]}},{"type":"Feature","properties":{"level":"municipio","municipality_code":"4107751","municipality_name":"Figueira","uf":"PR","state_code":"41","area_km2":129.769},"geometry":{"type":"Polygon","coordinates":[[[-50.3918549,-23.8498999],[-50.3824446,-23.8658692],[-50.3970693,-23.8859826],[-50.3937757,-23.8952929],[-50.4023321,-23.8969446],[-50.3959141,-23.9203851],[-50.4144927,-23.9476882],[-50.4285587,-23.9588943],[-50.4396015,-23.9531659],[-50.4431269,-23.9607775],[-50.4827128,-23.9531471],[-50.4848979,-23.9316449],[-50.4767669,-23.9190296],[-50.4820062,-23.895185],[-50.4716464,-23.8910067],[-50.4793257,-23.8798783],[-50.4699505,-23.8678431],[-50.4721085,-23.8580547],[-50.4669153,-23.8519872],[-50.4509142,-23.8575279],[-50.4421838,-23.8493476],[-50.4441304,-23.8403826],[-50.4373937,-23.8472722],[-50.423232,-23.8341586],[-50.430942,-23.8092183],[-50.4184753,-23.7847121],[-50.4497919,-23.7561078],[-50.43493,-23.7540159],[-50.4115229,-23.7644422],[-50.3918873,-23.7892866],[-50.3999003,-23.8209088],[-50.3857284,-23.8230438],[-50.3906854,-23.8319385],[-50.3771217,-23.8434705],[-50.3826074,-23.8540107],[-50.3918549,-23.8498999]]]}},{"type":"Feature","properties":{"level":"municipio","municipality_code":"4107850","municipality_name":"Flor da Serra do Sul","uf":"PR","state_code":"41","area_km2":255.721},"geometry":{"type":"Polygon","coordinates":[[[-53.2260153,-26.3184752],[-53.2537911,-26.2883603],[-53.2645345,-26.2893298],[-53.2670655,-26.2637569],[-53.2796189,-26.259078],[-53.2835693,-26.2457752],[-53.3048557,-26.260529],[-53.3760719,-26.241614],[-53.4328513,-26.2808743],[-53.442947,-26.2664669],[-53.439802,-26.2569679],[-53.4609777,-26.2381514],[-53.4463722,-26.2400428],[-53.438551,-26.2177465],[-53.475801,-26.1943902],[-53.4645002,-26.1756517],[-53.4719256,-26.1714361],[-53.4689382,-26.1618271],[-53.4098709,-26.1906874],[-53.3992075,-26.2088411],[-53.3835324,-26.2134623],[-53.3654682,-26.2034091],[-53.3401874,-26.2133619],[-53.3286237,-26.2064302],[-53.3355229,-26.1989452],[-53.3229828,-26.203241],[-53.3211821,-26.1924257],[-53.2882157,-26.1818274],[-53.2499614,-26.1974128],[-53.2132252,-26.1837217],[-53.1545823,-26.1786238],[-53.15271,-26.2018045],[-53.1745175,-26.1969375],[-53.1744715,-26.2050159],[-53.1648434,-26.206343],[-53.1774814,-26.2105486],[-53.1699002,-26.211598],[-53.1688628,-26.2243801],[-53.1892888,-26.2219696],[-53.1812336,-26.2320161],[-53.1895184,-26.245149],[-53.1800124,-26.2534372],[-53.1898886,-26.2676838],[-53.1692948,-26.3480688],[-53.2260153,-26.3184752]]]}},{"type":"Feature","properties":{"level":"municipio","municipality_code":"4107801","municipality_name":"Floraí","uf":"PR","state_code":"41","area_km2":191.133},"geometry":{"type":"Polygon","coordinates":[[[-52.3439094,-23.3001125],[-52.2488792,-23.2674459],[-52.2189006,-23.2886586],[-52.2375058,-23.3140843],[-52.269951,-23.3193904],[-52.2995517,-23.3441658],[-52.311766,-23.3789704],[-52.3353305,-23.3844232],[-52.3742975,-23.4137208],[-52.3985515,-23.4058461],[-52.4211955,-23.4132854],[-52.4207601,-23.2507817],[-52.4006356,-23.2618918],[-52.3988179,-23.2788018],[-52.3439094,-23.3001125]]]}},{"type":"Feature","properties":{"level":"municipio","municipality_code":"4107900","municipality_name":"Floresta","uf":"PR","state_code":"41","area_km2":158.334},"geometry":{"type":"Polygon","coordinates":[[[-52.1002707,-23.5196633],[-51.9998438,-23.5565341],[-52.0190842,-23.584567],[-52.0261457,-23.582986],[-52.0200247,-23.5894155],[-52.0293037,-23.590244],[-52.0288793,-23.6065486],[-52.0399168,-23.612798],[-52.0342439,-23.6226354],[-52.0479956,-23.6282203],[-52.0458385,-23.63766],[-52.0662077,-23.6488127],[-52.0700148,-23.6613136],[-52.0769937,-23.6540092],[-52.0826292,-23.6580503],[-52.076738,-23.6654595],[-52.0882063,-23.6573619],[-52.0916293,-23.6666905],[-52.100661,-23.6612227],[-52.1042211,-23.6720628],[-52.1196021,-23.674697],[-52.1331344,-23.6904571],[-52.1571432,-23.6813469],[-52.1586595,-23.6496875],[-52.1885368,-23.644831],[-52.1441276,-23.6150208],[-52.1074041,-23.5676359],[-52.0920272,-23.5611781],[-52.1087837,-23.5285508],[-52.1002707,-23.5196633]]]}},{"type":"Feature","properties":{"level":"municipio","municipality_code":"4108007","municipality_name":"Florestópolis","uf":"PR","state_code":"41","area_km2":246.853},"geometry":{"type":"Polygon","coordinates":[[[-51.456519,-22.9783636],[-51.4363417,-22.9154829],[-51.4809105,-22.9171863],[-51.4829227,-22.9106993],[-51.4792838,-22.89998],[-51.487542,-22.8813817],[-51.4781734,-22.8700882],[-51.4758706,-22.8325648],[-51.484299,-22.7980886],[-51.4559126,-22.8000417],[-51.4474767,-22.8282126],[-51.4259152,-22.8370087],[-51.4084497,-22.8190947],[-51.3883638,-22.812188],[-51.389245,-22.8228339],[-51.3789546,-22.8288371],[-51.3622647,-22.8072876],[-51.3363928,-22.8277492],[-51.3177824,-22.830127],[-51.3394178,-22.8405864],[-51.329986,-22.8513341],[-51.3351289,-22.8673884],[-51.3276451,-22.8684766],[-51.3382282,-22.8819296],[-51.3283087,-22.8895404],[-51.3400179,-22.8889723],[-51.3429724,-22.8994299],[-51.3288743,-22.8983862],[-51.3355223,-22.9153041],[-51.3262034,-22.9204378],[-51.3259626,-22.9118448],[-51.316005,-22.912425],[-51.3228726,-22.9234261],[-51.3083866,-22.931774],[-51.311815,-22.9420884],[-51.3214498,-22.9366687],[-51.3242747,-22.9535189],[-51.3358735,-22.9483678],[-51.3342545,-22.9575811],[-51.3440291,-22.9539544],[-51.3536401,-22.9697754],[-51.3795558,-22.9676483],[-51.4280146,-22.9944134],[-51.4464312,-22.9917639],[-51.456519,-22.9783636]]]}},{"type":"Feature","properties":{"level":"municipio","municipality_code":"4108106","municipality_name":"Flórida","uf":"PR","state_code":"41","area_km2":83.046},"geometry":{"type":"Polygon","coordinates":[[[-51.949885,-23.0655565],[-51.9381961,-23.053051],[-51.9150333,-23.0487058],[-51.9145287,-23.1369168],[-51.9625388,-23.1616193],[-51.9740208,-23.1575667],[-51.9756795,-23.1419473],[-51.9917972,-23.1398238],[-51.9846251,-23.1243253],[-52.0069057,-23.1297792],[-52.0039832,-23.110778],[-52.0181517,-23.0987606],[-52.0096846,-23.088926],[-52.0118296,-23.0770857],[-51.9876136,-23.0811775],[-51.949885,-23.0655565]]]}},{"type":"Feature","properties":{"level":"municipio","municipality_code":"4108205","municipality_name":"Formosa do Oeste","uf":"PR","state_code":"41","area_km2":275.901},"geometry":{"type":"Polygon","coordinates":[[[-53.3287395,-24.3723912],[-53.3418948,-24.3716644],[-53.34683,-24.3453524],[-53.3616714,-24.3346101],[-53.3590958,-24.3169578],[-53.3760648,-24.2876262],[-53.3945815,-24.2984705],[-53.4144163,-24.2971408],[-53.4293479,-24.3097014],[-53.458371,-24.2899451],[-53.4583771,-24.2773546],[-53.470599,-24.2713849],[-53.4594678,-24.2597979],[-53.4663791,-24.2559763],[-53.4585657,-24.2379331],[-53.4681043,-24.2211825],[-53.4302803,-24.2402648],[-53.3647276,-24.2527429],[-53.3370966,-24.2323301],[-53.3380798,-24.2171655],[-53.3266476,-24.2135575],[-53.3249847,-24.200882],[-53.2997632,-24.1958425],[-53.294952,-24.1809684],[-53.2747605,-24.1806372],[-53.2832614,-24.164854],[-53.2615058,-24.1729206],[-53.2413649,-24.1657519],[-53.2639815,-24.2153305],[-53.2577095,-24.233865],[-53.2708403,-24.2379432],[-53.2781469,-24.2524732],[-53.2784727,-24.2816258],[-53.2897378,-24.3024818],[-53.2743817,-24.3179289],[-53.2682956,-24.3671986],[-53.2509621,-24.3850096],[-53.2511946,-24.3944023],[-53.2616719,-24.3971314],[-53.2591874,-24.4061144],[-53.2430358,-24.4172496],[-53.3174933,-24.4284866],[-53.3050392,-24.4214515],[-53.3223432,-24.4197767],[-53.3190653,-24.4075258],[-53.3267461,-24.4009491],[-53.3213135,-24.3967784],[-53.3322906,-24.389883],[-53.3287395,-24.3723912]]]}},{"type":"Feature","properties":{"level":"municipio","municipality_code":"4108304","municipality_name":"Foz do Iguaçu","uf":"PR","state_code":"41","area_km2":609.192},"geometry":{"type":"Polygon","coordinates":[[[-54.5345379,-25.5991872],[-54.5560689,-25.5875527],[-54.5935181,-25.5922462],[-54.6015808,-25.4871168],[-54.6172081,-25.4705611],[-54.6198575,-25.4519867],[-54.6042831,-25.4409428],[-54.5829237,-25.3916187],[-54.5016468,-25.2972498],[-54.4736229,-25.211494],[-54.460607,-25.2273454],[-54.4424108,-25.2234833],[-54.4370755,-25.233168],[-54.4210213,-25.2343448],[-54.4209997,-25.2424863],[-54.4110557,-25.236663],[-54.4088605,-25.2480179],[-54.3951316,-25.2322661],[-54.3851215,-25.2596309],[-54.3991389,-25.3770831],[-54.4163838,-25.3696025],[-54.4208848,-25.3555457],[-54.4378895,-25.3518222],[-54.4432502,-25.3344005],[-54.4669129,-25.3246506],[-54.4780557,-25.3445733],[-54.4853312,-25.3405804],[-54.5074843,-25.3666755],[-54.4859036,-25.4039053],[-54.4863662,-25.5524108],[-54.3153849,-25.5329154],[-54.2963499,-25.5575937],[-54.3289058,-25.5719021],[-54.349886,-25.6069694],[-54.3712828,-25.5944561],[-54.3870437,-25.5980501],[-54.391683,-25.6322614],[-54.4252962,-25.6589049],[-54.4238679,-25.6928712],[-54.4317384,-25.6971061],[-54.4452851,-25.6656778],[-54.4702174,-25.6357679],[-54.5007076,-25.6143559],[-54.5277156,-25.6280677],[-54.537775,-25.6171342],[-54.5345379,-25.5991872]]]}},{"type":"Feature","properties":{"level":"municipio","municipality_code":"4108452","municipality_name":"Foz do Jordão","uf":"PR","state_code":"41","area_km2":234.733},"geometry":{"type":"Polygon","coordinates":[[[-52.09705,-25.6306227],[-52.0560544,-25.6114624],[-52.0473607,-25.6240786],[-51.9961699,-25.6340263],[-51.9949829,-25.6552967],[-51.9818685,-25.6573309],[-51.9793008,-25.64904],[-51.9652401,-25.6566758],[-51.9912131,-25.6806819],[-51.9804523,-25.6983287],[-52.0028851,-25.6987004],[-51.990302,-25.7207958],[-52.0227364,-25.715631],[-52.0233956,-25.734716],[-52.0420495,-25.721702],[-52.0669686,-25.7214453],[-52.0680825,-25.7357639],[-52.0951625,-25.7739132],[-52.1372194,-25.7762521],[-52.1670558,-25.7486738],[-52.195918,-25.7728324],[-52.2320579,-25.7492515],[-52.2141793,-25.7256975],[-52.1773464,-25.7104337],[-52.14975,-25.683848],[-52.1254227,-25.6735834],[-52.09705,-25.6306227]]]}},{"type":"Feature","properties":{"level":"municipio","municipality_code":"4108320","municipality_name":"Francisco Alves","uf":"PR","state_code":"41","area_km2":321.898},"geometry":{"type":"Polygon","coordinates":[[[-53.7917538,-24.0550709],[-53.7656881,-24.1598862],[-53.8000865,-24.1695965],[-53.8094287,-24.1859779],[-53.8416655,-24.1666469],[-53.8491126,-24.1869802],[-53.8655033,-24.1910304],[-53.8815753,-24.1780021],[-53.9050437,-24.1772629],[-53.9246354,-24.1612474],[-53.9111546,-24.1468081],[-53.9131447,-24.1355489],[-53.947685,-24.1199814],[-53.9758738,-24.1308985],[-53.9881517,-24.1281101],[-53.9910461,-24.0677761],[-53.9680597,-24.0235752],[-53.9595433,-24.0359298],[-53.9107497,-24.0225901],[-53.876136,-24.0255491],[-53.830825,-24.0071912],[-53.8018019,-24.0077577],[-53.7845741,-24.0174872],[-53.7917538,-24.0550709]]]}},{"type":"Feature","properties":{"level":"municipio","municipality_code":"4108403","municipality_name":"Francisco Beltrão","uf":"PR","state_code":"41","area_km2":735.111},"geometry":{"type":"Polygon","coordinates":[[[-52.9347885,-26.0430299],[-52.9149598,-26.0520528],[-52.9400115,-26.0554581],[-52.9437033,-26.0640068],[-52.9232624,-26.0609686],[-52.9172336,-26.0721148],[-52.9341913,-26.0710469],[-52.9412312,-26.0881807],[-52.9457901,-26.0798541],[-52.9600919,-26.0810408],[-52.9552444,-26.092494],[-52.9675724,-26.0977921],[-52.9623748,-26.1047313],[-52.9730333,-26.1042471],[-52.9747661,-26.0924012],[-52.9799821,-26.1007143],[-52.9898709,-26.0924969],[-53.0107213,-26.113284],[-53.0060397,-26.1160677],[-53.1104925,-26.1201443],[-53.0973987,-26.127897],[-53.1160968,-26.1356845],[-53.1162387,-26.1501729],[-53.1359023,-26.1471622],[-53.133471,-26.1680189],[-53.1470699,-26.1574077],[-53.1435683,-26.1710893],[-53.1609289,-26.1703323],[-53.1659002,-26.1823],[-53.2132252,-26.1837217],[-53.2499614,-26.1974128],[-53.258707,-26.1928163],[-53.2423733,-26.1748562],[-53.2444875,-26.1401523],[-53.2585148,-26.1167305],[-53.2698712,-26.1124968],[-53.2622663,-26.095683],[-53.2850739,-26.0850564],[-53.289497,-26.0612006],[-53.3136546,-26.0546664],[-53.3113413,-26.0409759],[-53.3288855,-26.0236702],[-53.3570998,-26.0188071],[-53.3787172,-26.0007452],[-53.3708958,-25.9668804],[-53.3379897,-25.9427201],[-53.3419571,-25.9560145],[-53.334985,-25.9707418],[-53.3250147,-25.9630958],[-53.3052351,-25.9645908],[-53.2773183,-25.9818569],[-53.2568231,-25.9774379],[-53.238924,-25.9866324],[-53.2363882,-25.998376],[-53.2319145,-25.9869952],[-53.1550498,-25.9856263],[-53.1425875,-25.9736905],[-53.1244588,-25.973647],[-53.1018674,-25.9610803],[-53.0955123,-25.9497901],[-53.0476029,-25.9471782],[-53.0276829,-25.9374345],[-52.9933092,-25.9491017],[-52.9465951,-25.9421223],[-52.937201,-25.9491747],[-52.9213431,-25.9419257],[-52.9300977,-25.9630367],[-52.9329545,-25.9550695],[-52.952755,-25.9628856],[-52.9588664,-25.9752132],[-52.9529658,-25.9885886],[-52.9656928,-25.996478],[-52.9416354,-26.007138],[-52.9146558,-25.9949435],[-52.8852803,-26.0071487],[-52.9006494,-26.0049279],[-52.9067861,-26.0174942],[-52.920983,-26.0107245],[-52.9147633,-26.0256319],[-52.9241241,-26.0234979],[-52.9256196,-26.0354638],[-52.9391187,-26.0325193],[-52.9347885,-26.0430299]]]}},{"type":"Feature","properties":{"level":"municipio","municipality_code":"4107702","municipality_name":"Fênix","uf":"PR","state_code":"41","area_km2":234.099},"geometry":{"type":"Polygon","coordinates":[[[-51.9946807,-23.8524528],[-51.9717705,-23.8446721],[-51.9586806,-23.8573139],[-51.9560474,-23.8731999],[-51.9410448,-23.8768456],[-51.9396846,-23.8867124],[-51.9520463,-23.9009363],[-51.9388545,-23.9109501],[-51.9566844,-23.9295013],[-51.9388536,-23.9437932],[-51.9609931,-23.93656],[-51.9588521,-23.9496907],[-51.9912105,-23.957385],[-52.0001414,-23.9689498],[-52.0708666,-23.9961614],[-52.0904912,-23.9746351],[-52.0475135,-23.9312493],[-52.0418218,-23.920436],[-52.0479911,-23.9132671],[-52.059872,-23.9123498],[-52.054715,-23.9220157],[-52.0666909,-23.9226189],[-52.0697126,-23.9360152],[-52.0907461,-23.9352472],[-52.0963968,-23.9488337],[-52.1021526,-23.9374607],[-52.1179671,-23.9562864],[-52.1459425,-23.9416144],[-52.09268,-23.8743795],[-52.0818044,-23.8802968],[-52.0749673,-23.8725751],[-52.0684888,-23.8472131],[-52.0503306,-23.8324618],[-52.0525174,-23.815585],[-52.0438219,-23.8109705],[-52.0335242,-23.8175724],[-52.0207102,-23.7940413],[-51.994215,-23.7940036],[-52.0084874,-23.8188993],[-51.9824625,-23.8298823],[-51.9946807,-23.8524528]]]}},{"type":"Feature","properties":{"level":"municipio","municipality_code":"4108502","municipality_name":"General Carneiro","uf":"PR","state_code":"41","area_km2":1071.183},"geometry":{"type":"Polygon","coordinates":[[[-51.2731595,-26.4958685],[-51.2502094,-26.5194763],[-51.2415857,-26.5447518],[-51.2222583,-26.5501856],[-51.2276568,-26.5640639],[-51.2153954,-26.5674393],[-51.2249059,-26.5759362],[-51.222072,-26.5937418],[-51.2378467,-26.6050622],[-51.2273477,-26.615705],[-51.2337088,-26.6143576],[-51.2392599,-26.6286708],[-51.2578767,-26.6252705],[-51.2664626,-26.6375203],[-51.2768762,-26.635676],[-51.2834011,-26.6536303],[-51.3227485,-26.6571984],[-51.3319603,-26.6467009],[-51.3911297,-26.6632474],[-51.4053025,-26.6761477],[-51.3927778,-26.6848787],[-51.3942494,-26.7030014],[-51.4114752,-26.717122],[-51.4073176,-26.70062],[-51.435346,-26.6881781],[-51.4394948,-26.6672339],[-51.4567615,-26.6531763],[-51.454883,-26.6406582],[-51.4676778,-26.6222412],[-51.486701,-26.6244243],[-51.4800285,-26.6059568],[-51.4973868,-26.5852636],[-51.5120815,-26.5816876],[-51.5290701,-26.5131553],[-51.5249662,-26.4849258],[-51.5164301,-26.4754612],[-51.5356675,-26.4579371],[-51.5267347,-26.4554375],[-51.5315469,-26.4374163],[-51.5477888,-26.4274067],[-51.553171,-26.4139732],[-51.5411304,-26.3922787],[-51.581452,-26.3953613],[-51.5700382,-26.3853462],[-51.5708139,-26.3751496],[-51.5603841,-26.3768559],[-51.5623652,-26.3682287],[-51.5895014,-26.3577436],[-51.571669,-26.3458436],[-51.5848285,-26.3221135],[-51.6057137,-26.3262118],[-51.5915123,-26.3201176],[-51.5928891,-26.3074058],[-51.5808374,-26.3076587],[-51.5886745,-26.2973804],[-51.5778414,-26.2934083],[-51.5729914,-26.3107494],[-51.5347405,-26.2973945],[-51.5233241,-26.3072281],[-51.5166621,-26.3011792],[-51.4827691,-26.308988],[-51.4544663,-26.3290553],[-51.4614627,-26.3673825],[-51.4547674,-26.365549],[-51.4443835,-26.3811985],[-51.4313465,-26.3688484],[-51.4292646,-26.3487112],[-51.3888547,-26.3319893],[-51.3650719,-26.2931156],[-51.3290765,-26.270967],[-51.3194636,-26.256589],[-51.3081584,-26.2584252],[-51.3006977,-26.2466705],[-51.2866628,-26.2444689],[-51.2804087,-26.2517794],[-51.2627381,-26.2427942],[-51.2677682,-26.2678752],[-51.2852929,-26.2695341],[-51.2897398,-26.2776348],[-51.26843,-26.2771969],[-51.2649577,-26.2907847],[-51.2788227,-26.2880463],[-51.2844049,-26.2985788],[-51.2630159,-26.3013953],[-51.2732062,-26.304609],[-51.2576544,-26.3235415],[-51.2697342,-26.3441516],[-51.2521748,-26.3515052],[-51.260173,-26.3638218],[-51.2509991,-26.374364],[-51.2772528,-26.3894347],[-51.2751483,-26.4012318],[-51.2887219,-26.3992408],[-51.2869573,-26.4135416],[-51.3004929,-26.4178719],[-51.2922039,-26.4353559],[-51.273716,-26.4448736],[-51.2772842,-26.4584289],[-51.2530573,-26.4622957],[-51.2592018,-26.4711146],[-51.2502885,-26.4739903],[-51.2652834,-26.4812294],[-51.2598694,-26.4902155],[-51.2731595,-26.4958685]]]}},{"type":"Feature","properties":{"level":"municipio","municipality_code":"4108551","municipality_name":"Godoy Moreira","uf":"PR","state_code":"41","area_km2":131.012},"geometry":{"type":"Polygon","coordinates":[[[-51.896006,-24.1419878],[-51.8396994,-24.1538863],[-51.8415727,-24.1752658],[-51.9580692,-24.2409332],[-51.969158,-24.2297827],[-51.9474376,-24.2267842],[-51.9684082,-24.2169758],[-51.9672424,-24.2065548],[-51.9771007,-24.2286881],[-51.992742,-24.2026592],[-51.9850795,-24.1960676],[-52.0100517,-24.1923001],[-51.9948274,-24.1807367],[-51.9831304,-24.1897516],[-51.9702104,-24.1782813],[-51.970605,-24.1976273],[-51.9621007,-24.2004821],[-51.9566585,-24.1825315],[-51.9712671,-24.1644235],[-51.9518267,-24.1640917],[-51.9565449,-24.1501017],[-51.9478284,-24.1444906],[-51.9215459,-24.1658392],[-51.9212181,-24.1442625],[-51.9435731,-24.1404075],[-51.9416054,-24.1337551],[-51.9275474,-24.1281323],[-51.9240028,-24.1141575],[-51.8904523,-24.1191507],[-51.9178072,-24.1038132],[-51.8529167,-24.0686785],[-51.852273,-24.0840523],[-51.8350666,-24.0799195],[-51.8420491,-24.0903383],[-51.8379121,-24.1004764],[-51.8307358,-24.0927935],[-51.8174017,-24.0953634],[-51.896006,-24.1419878]]]}},{"type":"Feature","properties":{"level":"municipio","municipality_code":"4108601","municipality_name":"Goioerê","uf":"PR","state_code":"41","area_km2":564.456},"geometry":{"type":"Polygon","coordinates":[[[-53.0602928,-24.237759],[-53.0678741,-24.2382819],[-53.074367,-24.2243648],[-53.1119432,-24.2297398],[-53.114995,-24.23706],[-53.120502,-24.2294608],[-53.1377973,-24.2284864],[-53.1479768,-24.2438411],[-53.1851272,-24.2375094],[-53.2160222,-24.2555368],[-53.2570078,-24.2416138],[-53.2644826,-24.2180656],[-53.2402835,-24.1662241],[-53.2321594,-24.170618],[-53.2339327,-24.1569252],[-53.2092114,-24.1518816],[-53.21479,-24.1450302],[-53.203581,-24.1365093],[-53.1880054,-24.1452927],[-53.1829808,-24.1398374],[-53.1810356,-24.1505034],[-53.1604063,-24.1455172],[-53.1583169,-24.1519055],[-53.1391655,-24.1540439],[-53.1315881,-24.1028737],[-53.1238739,-24.1050333],[-53.1081668,-24.0902488],[-53.0727804,-24.092762],[-53.0376336,-24.061401],[-52.8969751,-24.1048012],[-52.8941517,-24.1124767],[-52.8847675,-24.1082818],[-52.8548306,-24.117654],[-52.8636426,-24.1387767],[-52.8810816,-24.1413584],[-52.9055657,-24.1616714],[-52.8925172,-24.187304],[-52.9025049,-24.1900832],[-52.9148531,-24.2185289],[-52.9240527,-24.2210949],[-52.9473652,-24.2540376],[-52.9796568,-24.2665254],[-52.9888194,-24.2627597],[-53.0033725,-24.2709565],[-53.0056235,-24.2829179],[-53.0102611,-24.2743226],[-53.0391715,-24.2748799],[-53.0602928,-24.237759]]]}},{"type":"Feature","properties":{"level":"municipio","municipality_code":"4108650","municipality_name":"Goioxim","uf":"PR","state_code":"41","area_km2":702.959},"geometry":{"type":"Polygon","coordinates":[[[-52.0226283,-25.2492839],[-52.0672133,-25.2338256],[-52.0785908,-25.1955048],[-52.072677,-25.1861702],[-52.0822664,-25.1695714],[-52.0717761,-25.1590492],[-52.088473,-25.1452751],[-52.0738162,-25.1203431],[-52.0869999,-25.1013267],[-52.1114216,-25.1009347],[-52.1193071,-25.0817348],[-52.1159466,-25.0530275],[-52.1290397,-25.0490752],[-52.1296874,-25.0415922],[-52.1469507,-25.0425999],[-52.1585841,-25.0183171],[-52.1660451,-25.0225831],[-52.1602868,-24.9968816],[-52.1699727,-24.9900396],[-52.1824224,-24.9929464],[-52.1882998,-24.9815884],[-52.1881085,-24.9720706],[-52.1781432,-24.9747141],[-52.1704455,-24.9618365],[-52.1537451,-24.9774757],[-52.1465051,-24.9658732],[-52.1362314,-24.9645755],[-52.1294848,-24.975775],[-52.1299111,-24.9655955],[-52.1062488,-24.9603187],[-52.1224108,-24.9823568],[-52.1042764,-24.9856863],[-52.0957257,-24.9978375],[-52.0907199,-24.9946943],[-52.097619,-24.9881146],[-52.0881682,-24.9902],[-52.0922516,-24.9835852],[-52.0866748,-24.9840299],[-52.0783169,-25.0043774],[-52.0826613,-25.0179607],[-52.0720135,-25.0085318],[-52.077676,-24.9974331],[-52.0601975,-24.9951732],[-52.0494651,-24.9791478],[-52.0325748,-24.9750976],[-52.0465861,-24.9888326],[-52.0256632,-24.9892289],[-52.0345606,-24.9971525],[-52.0239774,-25.0028382],[-52.0194105,-24.9955944],[-52.0073207,-25.00749],[-51.998769,-24.990033],[-51.9940318,-24.9964448],[-51.9814463,-24.9936578],[-51.9945557,-25.0186561],[-51.9812069,-25.0144211],[-51.9832096,-25.0298664],[-51.9734899,-25.0338193],[-51.9669469,-25.0318116],[-51.9726314,-25.020817],[-51.9513089,-25.0026723],[-51.945805,-25.0221012],[-51.9363334,-25.011841],[-51.9233068,-25.0285357],[-51.91074,-25.0284003],[-51.9135079,-25.0153216],[-51.9054225,-25.0141729],[-51.8775347,-25.0244904],[-51.8727151,-25.0390692],[-51.8899144,-25.0457201],[-51.8718294,-25.0777145],[-51.8802175,-25.0903509],[-51.872657,-25.1038066],[-51.8870721,-25.1741981],[-51.8700306,-25.2290417],[-51.8860767,-25.2532224],[-51.8733366,-25.2549362],[-51.8621843,-25.2667517],[-51.8650061,-25.2725917],[-51.8820472,-25.2891871],[-51.8967178,-25.2782938],[-51.9086564,-25.2840678],[-51.902992,-25.2945284],[-51.9115892,-25.2971967],[-51.9113772,-25.3063153],[-51.9282045,-25.3027664],[-51.9257126,-25.3136776],[-51.9387251,-25.3021125],[-51.9408403,-25.3156347],[-51.9588535,-25.3082602],[-51.9671472,-25.3165582],[-51.9795756,-25.2954416],[-51.9775971,-25.3070611],[-51.9948536,-25.3049551],[-51.9880423,-25.3144011],[-51.9953667,-25.3162596],[-52.0047123,-25.3072833],[-51.995683,-25.2894295],[-52.0027582,-25.2915675],[-52.0148941,-25.2735873],[-52.0123008,-25.261144],[-52.0226283,-25.2492839]]]}},{"type":"Feature","properties":{"level":"municipio","municipality_code":"4108700","municipality_name":"Grandes Rios","uf":"PR","state_code":"41","area_km2":311.889},"geometry":{"type":"Polygon","coordinates":[[[-51.5046538,-24.1934506],[-51.5330647,-24.185692],[-51.5574052,-24.1676858],[-51.5587972,-24.1571665],[-51.5384002,-24.1425242],[-51.5443421,-24.1309712],[-51.5541583,-24.126498],[-51.5702373,-24.1359625],[-51.5790208,-24.1295052],[-51.5677875,-24.1126964],[-51.5493514,-24.1044256],[-51.5423707,-24.0830446],[-51.5217067,-24.1065616],[-51.4986571,-24.1015207],[-51.493652,-24.1130348],[-51.4646539,-24.095827],[-51.4518216,-24.096138],[-51.452874,-24.1110067],[-51.4600727,-24.1131385],[-51.4481259,-24.1232713],[-51.4496822,-24.1366226],[-51.4298473,-24.1369967],[-51.4179901,-24.1585407],[-51.404014,-24.1454001],[-51.4151529,-24.1395611],[-51.4130102,-24.1296634],[-51.3924526,-24.1481904],[-51.3645674,-24.1427777],[-51.3577761,-24.158292],[-51.3419263,-24.1488722],[-51.3332592,-24.1605309],[-51.3382054,-24.1764886],[-51.332846,-24.1832968],[-51.3420351,-24.1910798],[-51.3331757,-24.209504],[-51.3503811,-24.2277077],[-51.3442659,-24.2463192],[-51.3379555,-24.2506649],[-51.3355675,-24.2504105],[-51.3347752,-24.2511641],[-51.344032,-24.250442],[-51.3484353,-24.2480405],[-51.3750724,-24.2585098],[-51.3764612,-24.2903014],[-51.3946676,-24.2838332],[-51.4025514,-24.2697814],[-51.4207624,-24.276826],[-51.4356783,-24.2718792],[-51.4418111,-24.2549373],[-51.4865492,-24.3007401],[-51.4901995,-24.2899795],[-51.480426,-24.2690243],[-51.4932644,-24.2785705],[-51.5019111,-24.2605773],[-51.5197428,-24.260771],[-51.493788,-24.2384083],[-51.5167744,-24.2201384],[-51.5046538,-24.1934506]]]}},{"type":"Feature","properties":{"level":"municipio","municipality_code":"4108908","municipality_name":"Guairaçá","uf":"PR","state_code":"41","area_km2":493.94},"geometry":{"type":"Polygon","coordinates":[[[-52.7267988,-23.0321542],[-52.7611242,-23.0059195],[-52.7888844,-23.0054643],[-52.8159091,-22.9678355],[-52.8286831,-22.9706706],[-52.8353581,-22.9839086],[-52.8864495,-22.9407088],[-52.8913872,-22.9230633],[-52.8698333,-22.9128959],[-52.8767742,-22.9030352],[-52.8660051,-22.8823055],[-52.8543836,-22.8788933],[-52.8578313,-22.8223657],[-52.8492901,-22.7824296],[-52.8119622,-22.8025934],[-52.8084572,-22.816531],[-52.7974095,-22.8192253],[-52.7803544,-22.8453463],[-52.7620223,-22.8225333],[-52.749217,-22.846404],[-52.724498,-22.8631381],[-52.6581125,-22.8529907],[-52.6585861,-22.8588423],[-52.637906,-22.8666467],[-52.5948266,-22.872748],[-52.6026134,-22.9084043],[-52.5905894,-22.9338556],[-52.5944136,-22.9558203],[-52.6210855,-22.9762609],[-52.646627,-23.0204612],[-52.6905264,-23.016914],[-52.6945705,-23.043919],[-52.7151893,-23.0586927],[-52.7267988,-23.0321542]]]}},{"type":"Feature","properties":{"level":"municipio","municipality_code":"4108957","municipality_name":"Guamiranga","uf":"PR","state_code":"41","area_km2":244.795},"geometry":{"type":"Polygon","coordinates":[[[-50.7286504,-25.1813817],[-50.7231512,-25.1956715],[-50.745272,-25.2190521],[-50.7533742,-25.2606313],[-50.7930725,-25.2786413],[-50.8096288,-25.2727231],[-50.8207559,-25.2570782],[-50.8148416,-25.2310676],[-50.8543766,-25.2199397],[-50.877657,-25.1980151],[-50.8901983,-25.2019695],[-50.9020916,-25.1737249],[-50.9165685,-25.1750289],[-50.9232002,-25.1599608],[-50.9351504,-25.163292],[-50.9345611,-25.1733639],[-50.9412857,-25.1702551],[-50.9500141,-25.1541196],[-50.9264773,-25.1008337],[-50.9381521,-25.0728425],[-50.9018972,-25.0688362],[-50.8768461,-25.076932],[-50.8287327,-25.1164374],[-50.8107268,-25.1562941],[-50.8049406,-25.1500984],[-50.7956366,-25.1598231],[-50.7688345,-25.15918],[-50.7286504,-25.1813817]]]}},{"type":"Feature","properties":{"level":"municipio","municipality_code":"4109005","municipality_name":"Guapirama","uf":"PR","state_code":"41","area_km2":189.1},"geometry":{"type":"Polygon","coordinates":[[[-50.1093684,-23.5000081],[-50.1450512,-23.4874816],[-50.1159986,-23.4582794],[-50.1304394,-23.4640061],[-50.1378901,-23.459013],[-50.1506935,-23.4685246],[-50.1594646,-23.4604905],[-50.1469657,-23.4603469],[-50.147165,-23.4494775],[-50.1289924,-23.4404191],[-50.1536623,-23.4471944],[-50.1590188,-23.4349732],[-50.1737765,-23.4391602],[-50.1785255,-23.433748],[-50.1713297,-23.4272972],[-50.1584079,-23.4307128],[-50.1550738,-23.4187477],[-50.1731606,-23.4099872],[-50.1710184,-23.3973383],[-50.1441566,-23.4033235],[-50.1358253,-23.3946987],[-50.1082228,-23.3929461],[-50.0765189,-23.4097222],[-50.046353,-23.413018],[-50.024194,-23.4276577],[-50.0176914,-23.4418143],[-50.0043009,-23.4451911],[-50.0275392,-23.4558298],[-50.0203528,-23.4788779],[-50.0034662,-23.4849189],[-50.0005449,-23.4947751],[-49.9838876,-23.4964838],[-50.0040516,-23.5336818],[-50.0520987,-23.5519821],[-50.0924194,-23.5359479],[-50.0889756,-23.5216614],[-50.0802085,-23.5177957],[-50.0944562,-23.5058442],[-50.1056476,-23.5090943],[-50.1093684,-23.5000081]]]}},{"type":"Feature","properties":{"level":"municipio","municipality_code":"4109104","municipality_name":"Guaporema","uf":"PR","state_code":"41","area_km2":201.15},"geometry":{"type":"Polygon","coordinates":[[[-52.7288606,-23.3364524],[-52.7460613,-23.3509391],[-52.7555977,-23.3794199],[-52.7710735,-23.3701976],[-52.8088745,-23.4035042],[-52.8599439,-23.3884216],[-52.8625233,-23.3665534],[-52.8795585,-23.3357112],[-52.9166431,-23.3285571],[-52.9390663,-23.2649129],[-52.8928184,-23.2742856],[-52.8701219,-23.2651281],[-52.8459389,-23.2781308],[-52.7929268,-23.2669091],[-52.7587016,-23.300102],[-52.7353815,-23.3004475],[-52.721095,-23.3134998],[-52.7288606,-23.3364524]]]}},{"type":"Feature","properties":{"level":"municipio","municipality_code":"4109203","municipality_name":"Guaraci","uf":"PR","state_code":"41","area_km2":211.68},"geometry":{"type":"Polygon","coordinates":[[[-51.7253373,-22.8909131],[-51.6315722,-22.8888599],[-51.6033128,-22.9185845],[-51.5777619,-22.9129694],[-51.5906443,-22.9402409],[-51.5815071,-22.9693857],[-51.5893695,-22.9885384],[-51.6259405,-23.005955],[-51.6776521,-22.995871],[-51.7090113,-23.0061409],[-51.7462623,-23.0328212],[-51.7584668,-23.0238052],[-51.7563419,-23.0173132],[-51.7857029,-23.0183753],[-51.7935051,-23.0011009],[-51.7636209,-22.9740545],[-51.7543942,-22.9444232],[-51.7146228,-22.9260938],[-51.7302701,-22.9060436],[-51.7253373,-22.8909131]]]}},{"type":"Feature","properties":{"level":"municipio","municipality_code":"4109302","municipality_name":"Guaraniaçu","uf":"PR","state_code":"41","area_km2":1238.32},"geometry":{"type":"Polygon","coordinates":[[[-52.7597973,-25.0163054],[-52.7680902,-25.0334526],[-52.7564233,-25.0469234],[-52.7650787,-25.0578079],[-52.7518528,-25.0636519],[-52.7545519,-25.0742133],[-52.7213481,-25.1120412],[-52.7301172,-25.1295004],[-52.71951,-25.1326936],[-52.6735757,-25.1003893],[-52.6594064,-25.0987156],[-52.6690273,-25.1459356],[-52.6912398,-25.1643466],[-52.6585335,-25.1878537],[-52.6562432,-25.2036297],[-52.6729771,-25.2010505],[-52.7009589,-25.2173908],[-52.7211709,-25.2123555],[-52.7348536,-25.2174239],[-52.7386524,-25.2295491],[-52.7537727,-25.2265508],[-52.7595279,-25.2369275],[-52.7742445,-25.2299803],[-52.7771509,-25.2488856],[-52.7860401,-25.253063],[-52.7953489,-25.2470693],[-52.7944892,-25.2575413],[-52.8057483,-25.2485248],[-52.8307287,-25.2522817],[-52.8301305,-25.2585573],[-52.8433272,-25.2578742],[-52.8388251,-25.2729167],[-52.8495765,-25.2689085],[-52.850478,-25.2790255],[-52.8682859,-25.2730661],[-52.8871484,-25.2906207],[-52.8874421,-25.2809579],[-52.8960221,-25.2738872],[-52.8990094,-25.2797277],[-52.9067483,-25.2649508],[-52.9098602,-25.2791096],[-52.9201551,-25.2791393],[-52.9314776,-25.2982054],[-52.9517497,-25.2815243],[-52.9493514,-25.2990875],[-52.9782453,-25.3075485],[-52.9852218,-25.3007603],[-52.9905514,-25.3113223],[-53.0002045,-25.3034712],[-52.9918507,-25.3154841],[-53.0103379,-25.3176403],[-52.9953612,-25.3235965],[-53.0058508,-25.3329484],[-53.0015803,-25.3425441],[-53.0114938,-25.328308],[-53.0505831,-25.3259943],[-53.0437578,-25.3174827],[-53.0568846,-25.3082476],[-53.0421808,-25.3081067],[-53.0365451,-25.2930133],[-53.0336586,-25.2982657],[-53.0193139,-25.2943746],[-53.0269452,-25.2814101],[-53.0132383,-25.2808119],[-53.0098945,-25.2724627],[-53.0258364,-25.2607407],[-53.0037972,-25.2548674],[-53.0180213,-25.2367087],[-52.9992399,-25.2435934],[-52.9938898,-25.2315476],[-52.978369,-25.2338448],[-52.9956759,-25.2272524],[-52.9948695,-25.2210332],[-52.9888929,-25.2230008],[-52.9866832,-25.2107252],[-52.9709449,-25.2124028],[-52.9763603,-25.1923199],[-52.9692986,-25.190137],[-52.9690806,-25.1759479],[-52.9608328,-25.176542],[-52.9635983,-25.1659022],[-52.9510928,-25.1661165],[-52.9574879,-25.117432],[-52.9782227,-25.1029779],[-52.9731942,-25.0949991],[-52.9493856,-25.0918158],[-52.9597502,-25.0561595],[-52.9521217,-25.0317029],[-52.9647819,-25.0169565],[-52.9650456,-24.99034],[-52.9736521,-24.9926355],[-52.969556,-24.9869557],[-52.9800193,-24.9873726],[-52.975381,-24.9808822],[-52.9905858,-24.9769801],[-52.9784466,-24.9673192],[-52.9869322,-24.9614882],[-52.9745118,-24.9564566],[-52.9979205,-24.954899],[-52.9802947,-24.9402538],[-52.9883778,-24.9329053],[-52.9739288,-24.9282174],[-52.9829018,-24.9110515],[-52.9655778,-24.9121997],[-52.981269,-24.8955506],[-52.9552285,-24.8907634],[-52.9740011,-24.8841579],[-52.9611041,-24.8714169],[-52.9747938,-24.8746979],[-52.9740948,-24.8683763],[-52.9839774,-24.8663496],[-52.9654109,-24.8573814],[-52.9925441,-24.8476392],[-52.9752377,-24.8416154],[-52.9769453,-24.8312653],[-52.9554244,-24.8277676],[-52.9635656,-24.8222132],[-52.9527397,-24.8071534],[-52.9595776,-24.8009519],[-52.9499674,-24.8048015],[-52.9505419,-24.7947064],[-52.9410855,-24.8051596],[-52.9425311,-24.7902811],[-52.9275806,-24.7862147],[-52.9346095,-24.7757082],[-52.9273814,-24.7767199],[-52.920452,-24.7623709],[-52.8775263,-24.7512768],[-52.8600736,-24.7585604],[-52.8543426,-24.762919],[-52.8649979,-24.7654517],[-52.8588492,-24.7829391],[-52.8787689,-24.7859664],[-52.8661244,-24.7905641],[-52.8717122,-24.8031108],[-52.8520628,-24.7918118],[-52.8323877,-24.8154363],[-52.8052574,-24.809225],[-52.7989025,-24.7974118],[-52.7762768,-24.8033601],[-52.8075766,-24.8290899],[-52.793739,-24.8461137],[-52.7765199,-24.8466732],[-52.7736315,-24.8314492],[-52.762358,-24.8276303],[-52.7712179,-24.8389384],[-52.7510622,-24.8488745],[-52.7491261,-24.8598676],[-52.7737294,-24.8578565],[-52.7496538,-24.8696809],[-52.7477461,-24.8856594],[-52.7638994,-24.8918073],[-52.7639687,-24.9032387],[-52.7790794,-24.9017672],[-52.7781992,-24.9140538],[-52.7908948,-24.9114548],[-52.7822492,-24.9264375],[-52.7941741,-24.9278812],[-52.7916637,-24.9411366],[-52.8024388,-24.9399888],[-52.7825041,-24.9467468],[-52.7988203,-24.9511721],[-52.7886245,-24.9518117],[-52.7932869,-24.9605138],[-52.781305,-24.9628344],[-52.7878827,-24.9646662],[-52.7873146,-24.9763469],[-52.8032558,-24.9818609],[-52.793027,-24.993433],[-52.7972855,-25.0045209],[-52.7597973,-25.0163054]]]}},{"type":"Feature","properties":{"level":"municipio","municipality_code":"4109401","municipality_name":"Guarapuava","uf":"PR","state_code":"41","area_km2":3167.83},"geometry":{"type":"Polygon","coordinates":[[[-51.4238415,-25.6420078],[-51.4277657,-25.6606031],[-51.4484077,-25.655165],[-51.4764592,-25.6698347],[-51.4822788,-25.6620038],[-51.4822096,-25.6814067],[-51.4954974,-25.6820519],[-51.5118215,-25.6608372],[-51.4978115,-25.6550233],[-51.5007111,-25.6326347],[-51.4755468,-25.6288181],[-51.4883159,-25.6082507],[-51.4881347,-25.6179044],[-51.4992905,-25.6253515],[-51.5135024,-25.6186237],[-51.5124593,-25.611626],[-51.5263789,-25.6169597],[-51.522701,-25.627599],[-51.5345955,-25.6173023],[-51.5558201,-25.6216863],[-51.563588,-25.6369878],[-51.5714422,-25.6337659],[-51.5831202,-25.6505948],[-51.5917397,-25.6484951],[-51.5918911,-25.6581938],[-51.6035309,-25.6456622],[-51.6090574,-25.6121502],[-51.6318014,-25.5929991],[-51.6434381,-25.6011772],[-51.6398863,-25.6145528],[-51.6494184,-25.61595],[-51.6553639,-25.5987776],[-51.663117,-25.6031543],[-51.7015276,-25.5923058],[-51.7103818,-25.604685],[-51.7069599,-25.6154334],[-51.7252649,-25.6065205],[-51.736031,-25.6142224],[-51.7549287,-25.5975227],[-51.7509032,-25.6085567],[-51.767262,-25.61256],[-51.781129,-25.6011396],[-51.7730386,-25.5878749],[-51.796347,-25.5996392],[-51.792969,-25.5729831],[-51.8127712,-25.5572164],[-51.8184693,-25.536098],[-51.790196,-25.5417377],[-51.7758552,-25.5168685],[-51.7882711,-25.506221],[-51.7795256,-25.5030754],[-51.7787713,-25.4915151],[-51.7696566,-25.4953458],[-51.7534941,-25.472812],[-51.7543279,-25.452017],[-51.7713234,-25.4438487],[-51.76144,-25.420708],[-51.7652453,-25.4151719],[-51.7846293,-25.418208],[-51.787909,-25.4083947],[-51.7576921,-25.3820045],[-51.7659614,-25.3598262],[-51.7477117,-25.3339493],[-51.7398275,-25.3005334],[-51.7599136,-25.3002893],[-51.8009909,-25.3266593],[-51.8369122,-25.3124995],[-51.8616256,-25.3132036],[-51.881581,-25.32895],[-51.9354745,-25.3312233],[-51.9694094,-25.3530026],[-51.9828121,-25.3479422],[-52.0091071,-25.3645197],[-52.0152537,-25.3490767],[-52.0093773,-25.3430482],[-52.0227007,-25.3339486],[-52.010798,-25.3132119],[-51.9910949,-25.3163088],[-51.9948536,-25.3049551],[-51.9775971,-25.3070611],[-51.9795756,-25.2954416],[-51.9671472,-25.3165582],[-51.9588535,-25.3082602],[-51.9426687,-25.316179],[-51.9387251,-25.3021125],[-51.9313726,-25.3138789],[-51.9248228,-25.3130839],[-51.9277261,-25.3025756],[-51.9102742,-25.3057691],[-51.9115892,-25.2971967],[-51.902992,-25.2945284],[-51.9120417,-25.2867216],[-51.8967178,-25.2782938],[-51.8820472,-25.2891871],[-51.8622666,-25.267722],[-51.8733366,-25.2549362],[-51.8860767,-25.2532224],[-51.8705129,-25.2307513],[-51.8731105,-25.2223114],[-51.7873244,-25.2329648],[-51.7456352,-25.2020574],[-51.7108292,-25.2295707],[-51.6528745,-25.2207045],[-51.6557078,-25.1996984],[-51.6402348,-25.2018253],[-51.6375963,-25.1920473],[-51.6566795,-25.1680613],[-51.6535489,-25.1403544],[-51.6774607,-25.1027108],[-51.671022,-25.0940015],[-51.6509603,-25.092692],[-51.6069349,-25.1234171],[-51.6212987,-25.1590517],[-51.5590399,-25.1769863],[-51.5429648,-25.1637198],[-51.5196021,-25.1670674],[-51.444951,-25.139702],[-51.4221566,-25.1517073],[-51.4127643,-25.1341327],[-51.3990745,-25.1444843],[-51.4029043,-25.1333361],[-51.3960413,-25.1281187],[-51.4023525,-25.1181173],[-51.3907078,-25.1228296],[-51.3908868,-25.113797],[-51.2943562,-25.107713],[-51.3040094,-25.0730414],[-51.2874864,-25.0588666],[-51.2718518,-25.0766527],[-51.2657713,-25.0738903],[-51.2746311,-25.0659486],[-51.2719285,-25.0575168],[-51.2907962,-25.0451403],[-51.2643773,-25.0392888],[-51.261671,-25.0304008],[-51.2861204,-25.0183617],[-51.2551307,-25.0197231],[-51.2519628,-25.0011778],[-51.2579981,-24.9922817],[-51.2440804,-24.9697331],[-51.235714,-24.992946],[-51.2313253,-24.9894741],[-51.2469705,-25.0126944],[-51.2420297,-25.030295],[-51.2602554,-25.0495598],[-51.2542718,-25.0584133],[-51.2296185,-25.0616071],[-51.2448532,-25.0644455],[-51.226772,-25.0826175],[-51.245391,-25.1004871],[-51.2344433,-25.12217],[-51.2507423,-25.1270516],[-51.2464615,-25.1347938],[-51.2242615,-25.1361114],[-51.2322673,-25.1569513],[-51.2156718,-25.1540053],[-51.2041603,-25.1589073],[-51.2012484,-25.1742818],[-51.1759353,-25.1761473],[-51.1916788,-25.1850864],[-51.2010818,-25.2057906],[-51.2068348,-25.1973479],[-51.2145369,-25.2028638],[-51.2042813,-25.2196033],[-51.189051,-25.2122003],[-51.1569829,-25.2322862],[-51.1913266,-25.2263847],[-51.2060909,-25.2330657],[-51.1769088,-25.2508604],[-51.1924725,-25.2528117],[-51.1875514,-25.2717727],[-51.2000024,-25.2646074],[-51.1999437,-25.2991895],[-51.2088425,-25.2885351],[-51.2086679,-25.2985108],[-51.2196378,-25.2934542],[-51.2273992,-25.2974125],[-51.1967093,-25.3168238],[-51.2032624,-25.323499],[-51.1955098,-25.3321769],[-51.1847166,-25.320826],[-51.1701401,-25.3287603],[-51.1704105,-25.3513585],[-51.154222,-25.3523652],[-51.1619332,-25.3405884],[-51.1451598,-25.3257313],[-51.1401199,-25.3473253],[-51.1277607,-25.3451213],[-51.1160864,-25.3491371],[-51.137418,-25.3483866],[-51.135099,-25.3681086],[-51.1566653,-25.3667582],[-51.1596961,-25.3822951],[-51.1377063,-25.3789045],[-51.1379246,-25.3952065],[-51.1504482,-25.3931563],[-51.1688542,-25.4110357],[-51.1277336,-25.4086565],[-51.1551957,-25.4383675],[-51.1256148,-25.4329715],[-51.1236021,-25.4535488],[-51.1173351,-25.4457823],[-51.1128141,-25.4530906],[-51.1110362,-25.4246717],[-51.0966716,-25.4293655],[-51.1011436,-25.4409525],[-51.0894165,-25.449469],[-51.1004698,-25.4534773],[-51.0986952,-25.4607086],[-51.1140666,-25.4757683],[-51.1270339,-25.473646],[-51.1512005,-25.4848067],[-51.1684411,-25.4699403],[-51.1971161,-25.4856647],[-51.2084685,-25.4689447],[-51.2159779,-25.4694555],[-51.2143972,-25.4764646],[-51.2248194,-25.4724658],[-51.2271275,-25.4622989],[-51.2341037,-25.4735768],[-51.245447,-25.4680611],[-51.2914736,-25.478481],[-51.3016312,-25.4630165],[-51.3023073,-25.4695345],[-51.3213057,-25.4740602],[-51.3234321,-25.4641968],[-51.3330849,-25.467196],[-51.3471464,-25.4530609],[-51.3689046,-25.4628856],[-51.3628616,-25.4836974],[-51.3347913,-25.4982001],[-51.3342072,-25.5097108],[-51.3478067,-25.513867],[-51.3432969,-25.5234713],[-51.3188883,-25.5322699],[-51.3026876,-25.5440045],[-51.3045855,-25.5507175],[-51.2702023,-25.5493679],[-51.2705517,-25.5916139],[-51.292935,-25.6224438],[-51.2955698,-25.6385839],[-51.3145104,-25.6259332],[-51.3205041,-25.6320648],[-51.324681,-25.6236135],[-51.3376636,-25.6323814],[-51.3734367,-25.6280915],[-51.3708759,-25.6364258],[-51.3806839,-25.6422031],[-51.3990956,-25.6251183],[-51.4096101,-25.6365319],[-51.4047477,-25.6442717],[-51.4143224,-25.637484],[-51.4238415,-25.6420078]]]}},{"type":"Feature","properties":{"level":"municipio","municipality_code":"4109500","municipality_name":"Guaraqueçaba","uf":"PR","state_code":"41","area_km2":2011.357},"geometry":{"type":"Polygon","coordinates":[[[-48.2507354,-25.4667291],[-48.2870256,-25.4891999],[-48.3097419,-25.4932793],[-48.4453109,-25.3757571],[-48.4624445,-25.3910855],[-48.4801576,-25.3931118],[-48.5107246,-25.3908322],[-48.5174514,-25.3749663],[-48.5376595,-25.3775655],[-48.5572643,-25.3909201],[-48.5681816,-25.3856269],[-48.5788783,-25.3523926],[-48.601636,-25.3510519],[-48.5773321,-25.2938133],[-48.5882144,-25.2866361],[-48.607116,-25.2955697],[-48.6311511,-25.2907169],[-48.6186069,-25.2728491],[-48.6269193,-25.2638008],[-48.6276558,-25.2449912],[-48.6398827,-25.2410042],[-48.6336679,-25.2346327],[-48.6404886,-25.2282406],[-48.6324892,-25.2163945],[-48.6372903,-25.2002972],[-48.6263362,-25.1825022],[-48.6622191,-25.1729329],[-48.6417894,-25.1181448],[-48.6239699,-25.116525],[-48.6124906,-25.0930688],[-48.5776629,-25.0837298],[-48.5564521,-25.1077468],[-48.5437878,-25.1055853],[-48.5565018,-25.0880972],[-48.5563428,-25.0842992],[-48.5285838,-25.1007893],[-48.498406,-25.0591063],[-48.4832919,-25.0531923],[-48.4740493,-25.0125524],[-48.4170349,-24.9893677],[-48.4111527,-24.9802317],[-48.3786378,-24.9970283],[-48.3547484,-25.0199622],[-48.3512278,-25.0364894],[-48.324141,-25.0367483],[-48.3243494,-25.0543888],[-48.3357602,-25.0634106],[-48.3303847,-25.0697052],[-48.3086152,-25.0467049],[-48.3074617,-25.0354827],[-48.2977772,-25.0336018],[-48.2973096,-25.0234537],[-48.2875243,-25.0399692],[-48.2779171,-25.0329744],[-48.2695858,-24.9975348],[-48.2548039,-24.9964979],[-48.2592802,-24.9866505],[-48.2502811,-24.9774178],[-48.2294709,-25.0013508],[-48.2334705,-25.0069411],[-48.2233564,-25.0091243],[-48.2315543,-25.0207869],[-48.2094673,-25.0271842],[-48.2160543,-25.0766716],[-48.2045005,-25.0996635],[-48.1816415,-25.1338357],[-48.1568858,-25.1446525],[-48.1783946,-25.1820587],[-48.1933632,-25.1898656],[-48.1913613,-25.1962413],[-48.1627203,-25.2098366],[-48.1512382,-25.2281274],[-48.1148836,-25.250702],[-48.0985821,-25.2412534],[-48.0621061,-25.2400852],[-48.0574466,-25.2183343],[-48.0471619,-25.2267494],[-48.0290556,-25.2194656],[-48.0235374,-25.2309317],[-48.0831092,-25.2819972],[-48.0984588,-25.2996767],[-48.0997085,-25.316354],[-48.1622966,-25.37497],[-48.1978832,-25.4279896],[-48.2149358,-25.4740505],[-48.2507354,-25.4667291]]]}},{"type":"Feature","properties":{"level":"municipio","municipality_code":"4109609","municipality_name":"Guaratuba","uf":"PR","state_code":"41","area_km2":1326.67},"geometry":{"type":"Polygon","coordinates":[[[-48.5649837,-25.8621644],[-48.5675486,-25.8857481],[-48.5597196,-25.8907489],[-48.5950432,-25.9767745],[-48.6115509,-25.9790557],[-48.6099679,-25.9843746],[-48.6215282,-25.9819868],[-48.6215441,-25.974294],[-48.6340621,-25.9777475],[-48.6443696,-25.9558418],[-48.6820323,-25.9836713],[-48.9604784,-25.9807998],[-48.9503619,-25.9899919],[-48.9584528,-25.9932853],[-48.9622466,-25.9840073],[-48.9710946,-25.9835204],[-48.9544815,-25.9654314],[-48.9660147,-25.9478224],[-48.9829259,-25.9481015],[-48.9792335,-25.938363],[-48.9924525,-25.9216532],[-48.9843877,-25.9143954],[-48.9897945,-25.9062568],[-48.9709251,-25.8976027],[-48.9747978,-25.8755848],[-48.9673204,-25.8345528],[-48.9232822,-25.8179335],[-48.9207038,-25.8105006],[-48.8942712,-25.8205109],[-48.885627,-25.8107041],[-48.8577783,-25.8087412],[-48.8425611,-25.7979107],[-48.8619962,-25.7874238],[-48.8728098,-25.7562895],[-48.8805667,-25.7634327],[-48.9004989,-25.7606512],[-48.9319213,-25.7474436],[-48.948296,-25.7271167],[-48.9613912,-25.7361747],[-48.9734271,-25.7264976],[-48.9203408,-25.6969652],[-48.9032746,-25.6677811],[-48.8651012,-25.6664225],[-48.8731573,-25.65563],[-48.8482532,-25.6108544],[-48.8024712,-25.6255049],[-48.7762953,-25.6098478],[-48.760485,-25.6106323],[-48.7600017,-25.5972996],[-48.6995857,-25.6179798],[-48.6544139,-25.6421449],[-48.6277854,-25.6668692],[-48.636911,-25.6843613],[-48.6290316,-25.699703],[-48.6373188,-25.7094428],[-48.6357545,-25.7491286],[-48.6316128,-25.7595697],[-48.5993837,-25.7685936],[-48.5942772,-25.7858972],[-48.5656414,-25.8195368],[-48.5717039,-25.8273363],[-48.5593971,-25.8329028],[-48.565061,-25.8405122],[-48.5521728,-25.8439842],[-48.5496276,-25.8522815],[-48.5649837,-25.8621644]]]}},{"type":"Feature","properties":{"level":"municipio","municipality_code":"4108809","municipality_name":"Guaíra","uf":"PR","state_code":"41","area_km2":563.742},"geometry":{"type":"Polygon","coordinates":[[[-54.1680067,-24.0610183],[-54.1633873,-24.247379],[-54.1789796,-24.2762079],[-54.1432267,-24.2910496],[-54.1459388,-24.3128982],[-54.1644823,-24.3399162],[-54.1744905,-24.3403483],[-54.172517,-24.3783115],[-54.188195,-24.3780888],[-54.1920989,-24.3712848],[-54.2039699,-24.3811533],[-54.2549507,-24.3845475],[-54.2774409,-24.2914447],[-54.3225729,-24.2516575],[-54.3279667,-24.2380504],[-54.3275335,-24.1963993],[-54.3455788,-24.1570492],[-54.3433345,-24.1331295],[-54.2862316,-24.0682254],[-54.2453048,-24.0539737],[-54.1690081,-23.9989943],[-54.0984587,-24.0250303],[-54.1680067,-24.0610183]]]}},{"type":"Feature","properties":{"level":"municipio","municipality_code":"4109658","municipality_name":"Honório Serpa","uf":"PR","state_code":"41","area_km2":502.17},"geometry":{"type":"Polygon","coordinates":[[[-52.2552285,-26.1384874],[-52.2134791,-26.1370826],[-52.2141429,-26.1956623],[-52.2280175,-26.2121435],[-52.2916365,-26.2430118],[-52.311356,-26.2715751],[-52.3190076,-26.2629445],[-52.3410884,-26.2808622],[-52.348925,-26.2732644],[-52.3567277,-26.2785867],[-52.3711418,-26.2660537],[-52.3712241,-26.255857],[-52.3858071,-26.261046],[-52.4041151,-26.2473918],[-52.4111437,-26.2539767],[-52.3895927,-26.2668294],[-52.4032211,-26.2746977],[-52.4238966,-26.2598022],[-52.4236967,-26.2339693],[-52.4400901,-26.2460542],[-52.4468393,-26.2330607],[-52.4634966,-26.2346799],[-52.4591123,-26.2224154],[-52.4344863,-26.2190949],[-52.4458629,-26.2086269],[-52.4316193,-26.2048961],[-52.4713188,-26.1941562],[-52.4835406,-26.2031011],[-52.482592,-26.1794841],[-52.4631476,-26.1862083],[-52.4741178,-26.1681578],[-52.4946844,-26.1654753],[-52.4941346,-26.1729627],[-52.510597,-26.1805622],[-52.5178728,-26.1783004],[-52.5117191,-26.1690185],[-52.5187132,-26.1513486],[-52.5342811,-26.1614101],[-52.5237483,-26.1696067],[-52.5289993,-26.1762733],[-52.5513505,-26.1637827],[-52.5413735,-26.1546567],[-52.5759858,-26.1514066],[-52.55822,-26.1372879],[-52.5742172,-26.1146427],[-52.5598466,-26.107115],[-52.5490408,-26.1152771],[-52.5428391,-26.1035416],[-52.5426467,-26.1120848],[-52.5274542,-26.1122669],[-52.5139086,-26.1027608],[-52.5120608,-26.0853298],[-52.4933037,-26.0917329],[-52.4944502,-26.0849488],[-52.4861186,-26.084627],[-52.4790918,-26.0968811],[-52.4673641,-26.0916755],[-52.4515643,-26.1041956],[-52.4297823,-26.0994653],[-52.4150044,-26.1049365],[-52.4060735,-26.0897238],[-52.384436,-26.0856408],[-52.3576894,-26.0669835],[-52.3818031,-26.0522562],[-52.3751812,-26.0408992],[-52.3574985,-26.0403257],[-52.3579599,-26.0507427],[-52.3319716,-26.0574845],[-52.326047,-26.0678393],[-52.3059178,-26.0461344],[-52.2952975,-26.0510836],[-52.3052469,-26.0768524],[-52.2967947,-26.0901043],[-52.2995399,-26.1029521],[-52.2947627,-26.1107581],[-52.2628547,-26.1074934],[-52.2552285,-26.1384874]]]}},{"type":"Feature","properties":{"level":"municipio","municipality_code":"4109708","municipality_name":"Ibaiti","uf":"PR","state_code":"41","area_km2":898.221},"geometry":{"type":"Polygon","coordinates":[[[-50.1791242,-23.817233],[-50.1203034,-23.8558681],[-50.1240199,-23.8662375],[-50.1153478,-23.8840111],[-50.1638783,-23.9308322],[-50.1626783,-23.9446458],[-50.220817,-23.9974561],[-50.2378854,-23.9647581],[-50.2525627,-23.9778197],[-50.2569864,-23.9703317],[-50.2471903,-23.9627866],[-50.2605878,-23.9587268],[-50.2673747,-23.9644355],[-50.2698539,-23.9542555],[-50.2844205,-23.962241],[-50.3180785,-23.9483868],[-50.3235263,-23.9403313],[-50.3184437,-23.92965],[-50.3253555,-23.9263449],[-50.3187255,-23.9214881],[-50.3211107,-23.9115552],[-50.3406615,-23.917053],[-50.3498026,-23.9071328],[-50.348778,-23.8922134],[-50.3619445,-23.8973757],[-50.3602783,-23.9056514],[-50.3764731,-23.8969887],[-50.3563304,-23.8782895],[-50.3709878,-23.8717719],[-50.367328,-23.8620434],[-50.3921429,-23.8581025],[-50.3929856,-23.8496696],[-50.3826074,-23.8540107],[-50.3771236,-23.8429755],[-50.3906854,-23.8319385],[-50.3857284,-23.8230438],[-50.3999003,-23.8209088],[-50.3915608,-23.790801],[-50.4019146,-23.7751745],[-50.4270804,-23.7563768],[-50.4760541,-23.7519568],[-50.4634325,-23.7443415],[-50.457974,-23.7493899],[-50.456977,-23.7398656],[-50.4673946,-23.7395392],[-50.4624065,-23.7313016],[-50.4442785,-23.7392102],[-50.444115,-23.7483264],[-50.43354,-23.7364754],[-50.4429251,-23.7256137],[-50.4285169,-23.7275878],[-50.4186451,-23.7075188],[-50.4274751,-23.6995991],[-50.4192659,-23.6984025],[-50.4194729,-23.6795752],[-50.4376283,-23.6734296],[-50.4297016,-23.664894],[-50.4411729,-23.6596236],[-50.4318743,-23.6519439],[-50.4336345,-23.6378806],[-50.440608,-23.6362425],[-50.4306159,-23.6354975],[-50.4293793,-23.6243879],[-50.4160207,-23.6352733],[-50.4189907,-23.6195519],[-50.4057469,-23.6324625],[-50.402081,-23.6269241],[-50.4097093,-23.6180268],[-50.3946827,-23.6218105],[-50.4003542,-23.6144732],[-50.3875522,-23.5979197],[-50.2393687,-23.5829082],[-50.2240558,-23.5957167],[-50.2364099,-23.6347534],[-50.2065243,-23.6622518],[-50.2025858,-23.6979094],[-50.1958806,-23.7019327],[-50.2085052,-23.7064928],[-50.2086499,-23.7214198],[-50.2187704,-23.7298046],[-50.1909797,-23.7589197],[-50.1752351,-23.8007089],[-50.1734691,-23.8157978],[-50.1791242,-23.817233]]]}},{"type":"Feature","properties":{"level":"municipio","municipality_code":"4109757","municipality_name":"Ibema","uf":"PR","state_code":"41","area_km2":145.446},"geometry":{"type":"Polygon","coordinates":[[[-52.9698862,-25.2089691],[-53.1012092,-25.1942205],[-53.1038691,-25.1878585],[-53.0921461,-25.1859898],[-53.099456,-25.1728991],[-53.0760538,-25.1204433],[-53.0784519,-25.0971028],[-52.9782227,-25.1029779],[-52.960986,-25.1108764],[-52.9500155,-25.1600973],[-52.9522838,-25.167552],[-52.9635983,-25.1659022],[-52.9608328,-25.176542],[-52.9690806,-25.1759479],[-52.9692986,-25.190137],[-52.9763603,-25.1923199],[-52.970049,-25.2004774],[-52.9781091,-25.203308],[-52.9698862,-25.2089691]]]}},{"type":"Feature","properties":{"level":"municipio","municipality_code":"4109807","municipality_name":"Ibiporã","uf":"PR","state_code":"41","area_km2":297.742},"geometry":{"type":"Polygon","coordinates":[[[-51.0504046,-23.3431605],[-51.0824378,-23.3290937],[-51.1084866,-23.2398202],[-51.1330081,-23.2401749],[-51.13243,-23.2235598],[-51.1711027,-23.220365],[-51.170528,-23.196211],[-51.1316726,-23.1979973],[-51.0957035,-23.1792445],[-51.0689776,-23.1767452],[-51.0006967,-23.1246253],[-50.9483588,-23.1063801],[-50.9934073,-23.1398522],[-50.9842994,-23.149099],[-50.9627136,-23.1408323],[-50.9662282,-23.1591374],[-50.9507575,-23.1724036],[-50.9686464,-23.1923004],[-50.9670082,-23.2373053],[-50.9881639,-23.254027],[-50.9619624,-23.2925755],[-50.9643275,-23.3059259],[-50.995442,-23.310446],[-50.9826801,-23.3258486],[-50.9809507,-23.3425931],[-50.9870149,-23.3464056],[-51.0144816,-23.3380086],[-51.0504046,-23.3431605]]]}},{"type":"Feature","properties":{"level":"municipio","municipality_code":"4109906","municipality_name":"Icaraíma","uf":"PR","state_code":"41","area_km2":675.24},"geometry":{"type":"Polygon","coordinates":[[[-53.5877736,-23.5049401],[-53.6980216,-23.4327271],[-53.7622435,-23.359342],[-53.7341211,-23.3253355],[-53.7149077,-23.2833818],[-53.6981521,-23.3059547],[-53.6296394,-23.2711414],[-53.635391,-23.2413993],[-53.6192285,-23.21159],[-53.5820217,-23.2261774],[-53.557528,-23.2159414],[-53.5286224,-23.2201681],[-53.5185339,-23.2760173],[-53.4649226,-23.3380685],[-53.4446014,-23.3827859],[-53.4422231,-23.4010947],[-53.4568196,-23.4329583],[-53.4552355,-23.4734886],[-53.503383,-23.4868643],[-53.5117694,-23.5188084],[-53.5323766,-23.5359121],[-53.5795672,-23.5190559],[-53.5877736,-23.5049401]]]}},{"type":"Feature","properties":{"level":"municipio","municipality_code":"4110003","municipality_name":"Iguaraçu","uf":"PR","state_code":"41","area_km2":164.983},"geometry":{"type":"Polygon","coordinates":[[[-51.8933455,-23.304746],[-51.9431099,-23.2700734],[-51.9230148,-23.2534116],[-51.9269576,-23.2430907],[-51.9126535,-23.2319761],[-51.9122545,-23.2196187],[-51.8650022,-23.2150955],[-51.8657131,-23.1328532],[-51.8537025,-23.131453],[-51.8292802,-23.1571113],[-51.8185772,-23.1527164],[-51.8122586,-23.1582433],[-51.7902268,-23.1832574],[-51.7904495,-23.1959154],[-51.7792612,-23.1986143],[-51.7786878,-23.209956],[-51.731867,-23.2224814],[-51.7390103,-23.2341051],[-51.762963,-23.2256449],[-51.7839546,-23.2536962],[-51.8183497,-23.2590763],[-51.8364642,-23.2763399],[-51.8730742,-23.2878084],[-51.8933455,-23.304746]]]}},{"type":"Feature","properties":{"level":"municipio","municipality_code":"4110052","municipality_name":"Iguatu","uf":"PR","state_code":"41","area_km2":106.937},"geometry":{"type":"Polygon","coordinates":[[[-53.1031444,-24.7469024],[-53.1169672,-24.7539954],[-53.1341622,-24.7477903],[-53.1245686,-24.7393611],[-53.1471049,-24.7199661],[-53.1446754,-24.6978457],[-53.1237127,-24.6913398],[-53.1245233,-24.6818038],[-53.1358137,-24.6795681],[-53.1123543,-24.6803954],[-53.1101592,-24.6597283],[-53.0914083,-24.6502369],[-53.1045387,-24.6385749],[-53.0838406,-24.6320761],[-53.1102782,-24.6252225],[-53.0854207,-24.6196165],[-53.0787909,-24.6069525],[-53.0438155,-24.6102549],[-53.0516024,-24.6365154],[-53.069696,-24.6452637],[-53.0432556,-24.6508453],[-53.04834,-24.6657082],[-53.0377552,-24.6713459],[-53.0447335,-24.6801638],[-53.035172,-24.6860533],[-53.0488621,-24.6919559],[-53.0357041,-24.703199],[-53.0527006,-24.7031276],[-53.0648669,-24.7203327],[-53.0528936,-24.7294769],[-53.0691693,-24.7349499],[-53.0626972,-24.7433137],[-53.068276,-24.7504274],[-53.1031444,-24.7469024]]]}},{"type":"Feature","properties":{"level":"municipio","municipality_code":"4110078","municipality_name":"Imbaú","uf":"PR","state_code":"41","area_km2":330.734},"geometry":{"type":"Polygon","coordinates":[[[-50.8012003,-24.4949821],[-50.8155349,-24.4884892],[-50.8117699,-24.4680143],[-50.8299543,-24.4585422],[-50.837718,-24.440919],[-50.8694872,-24.4243732],[-50.8851866,-24.4308216],[-50.8887013,-24.4236703],[-50.8790814,-24.4159226],[-50.8845632,-24.4109197],[-50.8743534,-24.403285],[-50.8637235,-24.4127896],[-50.8524238,-24.3918994],[-50.8346739,-24.4040605],[-50.8317524,-24.3926706],[-50.8165364,-24.3982964],[-50.8166719,-24.3841647],[-50.8103362,-24.3939254],[-50.791283,-24.3752495],[-50.7803979,-24.3787707],[-50.7745354,-24.3642442],[-50.7570089,-24.3537419],[-50.7582027,-24.3424841],[-50.7497604,-24.3388577],[-50.7545309,-24.3322507],[-50.7336411,-24.3305206],[-50.7233466,-24.3138628],[-50.6854201,-24.3870741],[-50.6681713,-24.3827571],[-50.6049055,-24.3946783],[-50.6156986,-24.3977791],[-50.6167499,-24.4160364],[-50.6253901,-24.4123514],[-50.6247513,-24.4200113],[-50.6559494,-24.4274313],[-50.6550633,-24.453103],[-50.665227,-24.4553049],[-50.6582533,-24.458651],[-50.6689244,-24.4703743],[-50.6540626,-24.4827635],[-50.6660353,-24.4807824],[-50.6720257,-24.4900848],[-50.6916957,-24.4832135],[-50.6960344,-24.4908836],[-50.68072,-24.5022068],[-50.6875598,-24.5001248],[-50.6908167,-24.5093081],[-50.6822294,-24.5140211],[-50.6993603,-24.5395579],[-50.7058673,-24.5345984],[-50.7104869,-24.5488],[-50.720952,-24.5482016],[-50.7196973,-24.5550589],[-50.711716,-24.5539104],[-50.715617,-24.5658363],[-50.7979794,-24.513305],[-50.8012003,-24.4949821]]]}},{"type":"Feature","properties":{"level":"municipio","municipality_code":"4110102","municipality_name":"Imbituva","uf":"PR","state_code":"41","area_km2":756.535},"geometry":{"type":"Polygon","coordinates":[[[-50.6141104,-25.0810938],[-50.5637637,-25.1056516],[-50.4917907,-25.1634458],[-50.4693638,-25.1702328],[-50.4495812,-25.2093556],[-50.4499993,-25.2302559],[-50.4757503,-25.2144619],[-50.4786718,-25.2036379],[-50.4905577,-25.208275],[-50.4993813,-25.1926988],[-50.5095213,-25.2080353],[-50.5313896,-25.1994866],[-50.5324138,-25.2112132],[-50.5433417,-25.2152792],[-50.5417526,-25.2317219],[-50.549299,-25.2285493],[-50.5497632,-25.2173532],[-50.5622529,-25.2212361],[-50.5539101,-25.2290174],[-50.575793,-25.2406126],[-50.5664761,-25.2576151],[-50.575393,-25.2622537],[-50.573315,-25.2800453],[-50.5437529,-25.2963964],[-50.5503836,-25.3051119],[-50.5611198,-25.3017124],[-50.5762233,-25.3286981],[-50.5745171,-25.3396707],[-50.5895827,-25.3444254],[-50.5921148,-25.3662669],[-50.5993697,-25.3690494],[-50.5992875,-25.4108228],[-50.6723432,-25.3658216],[-50.7223616,-25.3672671],[-50.7270252,-25.3548642],[-50.7714133,-25.3667862],[-50.7857535,-25.3824312],[-50.8129261,-25.3525529],[-50.808734,-25.3411887],[-50.8168652,-25.3265286],[-50.8041511,-25.3072074],[-50.8045239,-25.2737293],[-50.7930725,-25.2786413],[-50.7533742,-25.2606313],[-50.745272,-25.2190521],[-50.7231512,-25.1956715],[-50.7286504,-25.1813817],[-50.7688345,-25.15918],[-50.7792181,-25.1272761],[-50.7733166,-25.1085868],[-50.762803,-25.1026107],[-50.7515772,-25.1076997],[-50.7538279,-25.0965359],[-50.7417304,-25.0882469],[-50.7436307,-25.0802571],[-50.7034345,-25.0380865],[-50.6918372,-25.0723732],[-50.6669207,-25.0879525],[-50.6540438,-25.0737762],[-50.6455853,-25.0806173],[-50.6255435,-25.066873],[-50.6141104,-25.0810938]]]}},{"type":"Feature","properties":{"level":"municipio","municipality_code":"4110300","municipality_name":"Inajá","uf":"PR","state_code":"41","area_km2":194.704},"geometry":{"type":"Polygon","coordinates":[[[-52.1827711,-22.6553815],[-52.1634316,-22.7089724],[-52.1632936,-22.7641213],[-52.1765896,-22.8049947],[-52.235102,-22.8195265],[-52.2642415,-22.7424087],[-52.2820229,-22.7187932],[-52.2899604,-22.6282304],[-52.2606524,-22.6164052],[-52.240132,-22.6198836],[-52.2225772,-22.6755354],[-52.1971818,-22.6589303],[-52.1827711,-22.6553815]]]}},{"type":"Feature","properties":{"level":"municipio","municipality_code":"4110409","municipality_name":"Indianópolis","uf":"PR","state_code":"41","area_km2":122.622},"geometry":{"type":"Polygon","coordinates":[[[-52.6410635,-23.4942583],[-52.6960174,-23.5667402],[-52.7478837,-23.5551759],[-52.6697219,-23.3972173],[-52.667898,-23.4253862],[-52.6538401,-23.4278349],[-52.6551962,-23.4398488],[-52.6156933,-23.4152358],[-52.6008496,-23.4504209],[-52.6057228,-23.4568397],[-52.5953488,-23.4653517],[-52.6038542,-23.4815059],[-52.6144583,-23.4772763],[-52.6410635,-23.4942583]]]}},{"type":"Feature","properties":{"level":"municipio","municipality_code":"4110201","municipality_name":"Inácio Martins","uf":"PR","state_code":"41","area_km2":936.645},"geometry":{"type":"Polygon","coordinates":[[[-51.076215,-25.5580924],[-51.0654707,-25.5498619],[-51.045037,-25.5561869],[-51.0452766,-25.5658504],[-51.0360111,-25.5618834],[-51.0297076,-25.5687239],[-50.9854076,-25.5729553],[-51.0068979,-25.6039713],[-50.99478,-25.6179945],[-50.9818048,-25.6193733],[-50.9893838,-25.6456724],[-50.9766665,-25.6496993],[-50.9726603,-25.6717629],[-50.9601026,-25.6843546],[-50.9710347,-25.6828925],[-50.9821759,-25.6662039],[-50.992595,-25.6781866],[-51.0105947,-25.675192],[-51.0146808,-25.7043463],[-51.029538,-25.7019807],[-51.0364857,-25.7091568],[-51.06637,-25.6942747],[-51.0674261,-25.7052976],[-51.0815089,-25.7023609],[-51.1164839,-25.7202751],[-51.1224025,-25.7381873],[-51.116151,-25.752263],[-51.1262932,-25.7554127],[-51.1296563,-25.766094],[-51.1616011,-25.7552839],[-51.1563426,-25.7483545],[-51.1770426,-25.7456342],[-51.1703193,-25.7572024],[-51.1864034,-25.7587946],[-51.1852907,-25.7721052],[-51.2051834,-25.7640276],[-51.2010401,-25.7740313],[-51.2179884,-25.7725439],[-51.2218524,-25.7820805],[-51.2380153,-25.7881877],[-51.2414584,-25.7764459],[-51.2479623,-25.7768134],[-51.2479374,-25.8012481],[-51.2578446,-25.8066487],[-51.2832911,-25.7925052],[-51.2939336,-25.8323661],[-51.3030184,-25.8330932],[-51.3165708,-25.7925425],[-51.3491257,-25.7735104],[-51.3668505,-25.7357371],[-51.3458143,-25.6868776],[-51.3625519,-25.6775559],[-51.3768461,-25.6546867],[-51.4096904,-25.636832],[-51.3992662,-25.6251447],[-51.3806839,-25.6422031],[-51.3708759,-25.6364258],[-51.3734367,-25.6280915],[-51.3376636,-25.6323814],[-51.324681,-25.6236135],[-51.3205041,-25.6320648],[-51.3145104,-25.6259332],[-51.2955698,-25.6385839],[-51.292935,-25.6224438],[-51.2705517,-25.5916139],[-51.2668347,-25.5577676],[-51.2702023,-25.5493679],[-51.3045855,-25.5507175],[-51.3026876,-25.5440045],[-51.3188883,-25.5322699],[-51.3435179,-25.5232732],[-51.3478067,-25.513867],[-51.3342072,-25.5097108],[-51.3347913,-25.4982001],[-51.3628616,-25.4836974],[-51.3692856,-25.4633091],[-51.3471464,-25.4530609],[-51.3330849,-25.467196],[-51.3234321,-25.4641968],[-51.3213057,-25.4740602],[-51.3023073,-25.4695345],[-51.3016312,-25.4630165],[-51.2914736,-25.478481],[-51.245447,-25.4680611],[-51.2341037,-25.4735768],[-51.2271275,-25.4622989],[-51.2248194,-25.4724658],[-51.2143972,-25.4764646],[-51.2159779,-25.4694555],[-51.2084685,-25.4689447],[-51.1962974,-25.4857965],[-51.1676974,-25.4700705],[-51.1383568,-25.4877528],[-51.1331157,-25.5008058],[-51.1462872,-25.5090432],[-51.1414106,-25.5264772],[-51.1257072,-25.5218734],[-51.1016027,-25.5416515],[-51.0988745,-25.5526924],[-51.076215,-25.5580924]]]}},{"type":"Feature","properties":{"level":"municipio","municipality_code":"4110508","municipality_name":"Ipiranga","uf":"PR","state_code":"41","area_km2":900.721},"geometry":{"type":"Polygon","coordinates":[[[-50.5526917,-25.1140233],[-50.6200229,-25.0785746],[-50.6255435,-25.066873],[-50.6455853,-25.0806173],[-50.6540438,-25.0737762],[-50.6669207,-25.0879525],[-50.6835554,-25.0798401],[-50.6960803,-25.063045],[-50.6993618,-25.0010603],[-50.7539278,-24.981508],[-50.7513985,-24.9711073],[-50.7790593,-24.9542951],[-50.7950591,-24.9250639],[-50.8058909,-24.9274344],[-50.8127261,-24.8989359],[-50.8331724,-24.884481],[-50.8497857,-24.8564185],[-50.8367045,-24.8589544],[-50.8206167,-24.8459115],[-50.7827805,-24.854535],[-50.7497209,-24.8314262],[-50.732199,-24.8506059],[-50.7140629,-24.8549891],[-50.6516179,-24.8503029],[-50.6348067,-24.8618929],[-50.6274167,-24.8802681],[-50.6143885,-24.8846446],[-50.5901411,-24.8779427],[-50.5722259,-24.8610398],[-50.5565873,-24.8646048],[-50.5496406,-24.8499615],[-50.5264228,-24.8336096],[-50.5098896,-24.8370374],[-50.4693718,-24.797891],[-50.5271846,-24.937899],[-50.5023968,-24.9532643],[-50.4971951,-24.975369],[-50.4745824,-24.9975232],[-50.4699544,-24.9839575],[-50.4335761,-24.998574],[-50.4324202,-25.0158601],[-50.4586965,-25.0129439],[-50.4524983,-25.0293151],[-50.4379435,-25.0194545],[-50.4267198,-25.0452827],[-50.4087229,-25.0305554],[-50.4063897,-25.0391842],[-50.4166987,-25.0452833],[-50.4019978,-25.0561353],[-50.4102501,-25.0743135],[-50.3850317,-25.059287],[-50.3940309,-25.0797109],[-50.3767249,-25.0854929],[-50.3706134,-25.097011],[-50.3849804,-25.0904444],[-50.37978,-25.1110729],[-50.3906958,-25.1118607],[-50.3947839,-25.1205818],[-50.3790001,-25.1337384],[-50.3871651,-25.150952],[-50.37995,-25.1594149],[-50.407723,-25.1478909],[-50.4064214,-25.1688935],[-50.4180346,-25.1718351],[-50.4156355,-25.186969],[-50.4256454,-25.2058486],[-50.4309753,-25.2142899],[-50.4475591,-25.2157455],[-50.4693638,-25.1702328],[-50.4934,-25.16241],[-50.5526917,-25.1140233]]]}},{"type":"Feature","properties":{"level":"municipio","municipality_code":"4110607","municipality_name":"Iporã","uf":"PR","state_code":"41","area_km2":647.894},"geometry":{"type":"Polygon","coordinates":[[[-53.6924385,-24.2022563],[-53.7090112,-24.1790525],[-53.7469225,-24.1876574],[-53.7351305,-24.1662202],[-53.7418802,-24.1500059],[-53.7656881,-24.1598862],[-53.7932306,-24.0488699],[-53.7845692,-24.0316323],[-53.7876016,-24.0120508],[-53.830825,-24.0071912],[-53.876136,-24.0255491],[-53.9107497,-24.0225901],[-53.9595433,-24.0359298],[-53.9681806,-24.0234606],[-53.9662074,-24.0024261],[-53.9540881,-24.006289],[-53.924243,-23.9599717],[-53.8964896,-23.9442943],[-53.7388663,-23.9522375],[-53.7220427,-23.9461227],[-53.6880305,-23.9110767],[-53.6747181,-23.913002],[-53.6549921,-23.9314759],[-53.6393502,-23.9616019],[-53.6058066,-23.9571297],[-53.599548,-23.9801409],[-53.587355,-23.9833453],[-53.58004,-23.9967066],[-53.586103,-24.0147205],[-53.6064447,-24.0281011],[-53.5715746,-24.0497761],[-53.570677,-24.0642416],[-53.5562331,-24.074119],[-53.5557389,-24.0911],[-53.6665935,-24.2088423],[-53.6924385,-24.2022563]]]}},{"type":"Feature","properties":{"level":"municipio","municipality_code":"4110656","municipality_name":"Iracema do Oeste","uf":"PR","state_code":"41","area_km2":81.538},"geometry":{"type":"Polygon","coordinates":[[[-53.378912,-24.4626848],[-53.3871251,-24.4409071],[-53.3966844,-24.4392104],[-53.3876342,-24.4265821],[-53.3894002,-24.4093632],[-53.3401029,-24.3654021],[-53.3418948,-24.3716644],[-53.3287395,-24.3723912],[-53.3322906,-24.389883],[-53.3213135,-24.3967784],[-53.3267461,-24.4009491],[-53.3190653,-24.4075258],[-53.3223432,-24.4197767],[-53.3050392,-24.4214515],[-53.3187685,-24.4305019],[-53.3062696,-24.433752],[-53.3176398,-24.436846],[-53.3110538,-24.4460064],[-53.3206772,-24.4464065],[-53.3165021,-24.456905],[-53.3221739,-24.4628807],[-53.3133179,-24.4673365],[-53.3209106,-24.4723956],[-53.3182947,-24.4809918],[-53.3279956,-24.4871867],[-53.3351727,-24.4815572],[-53.3376825,-24.4922714],[-53.3489319,-24.490467],[-53.3420523,-24.4986668],[-53.3747809,-24.4972684],[-53.3873576,-24.4797113],[-53.378912,-24.4626848]]]}},{"type":"Feature","properties":{"level":"municipio","municipality_code":"4110706","municipality_name":"Irati","uf":"PR","state_code":"41","area_km2":999.517},"geometry":{"type":"Polygon","coordinates":[[[-50.6723432,-25.3658216],[-50.599916,-25.4115235],[-50.5943819,-25.435035],[-50.5796843,-25.4519412],[-50.6218704,-25.5843228],[-50.7194242,-25.5537375],[-50.722386,-25.5586543],[-50.7280381,-25.5494655],[-50.7459048,-25.5562413],[-50.7437939,-25.5632507],[-50.7601541,-25.5658551],[-50.7695073,-25.5941752],[-50.7823915,-25.5906597],[-50.7831302,-25.5986963],[-50.8034654,-25.6069368],[-50.7982448,-25.6208446],[-50.8128106,-25.6159223],[-50.8184549,-25.6214243],[-50.8217051,-25.6155061],[-50.8246714,-25.6205656],[-50.8287034,-25.6026774],[-50.847292,-25.5967482],[-50.8592094,-25.6040025],[-50.8687358,-25.5951514],[-50.8778984,-25.6054962],[-50.8831612,-25.6001613],[-50.8955056,-25.6066319],[-50.9048839,-25.5847985],[-50.924498,-25.6038088],[-50.9363805,-25.5993981],[-50.9444843,-25.6055658],[-50.9585773,-25.5947239],[-50.969406,-25.5984171],[-50.9761233,-25.5899439],[-50.9977064,-25.5884535],[-50.9893636,-25.5714106],[-51.0452766,-25.5658504],[-51.045037,-25.5561869],[-51.0654707,-25.5498619],[-51.0697285,-25.5589827],[-51.0988745,-25.5526924],[-51.1016027,-25.5416515],[-51.1257072,-25.5218734],[-51.1414106,-25.5264772],[-51.1463637,-25.5102254],[-51.1331157,-25.5008058],[-51.1295649,-25.517532],[-51.1005379,-25.5091692],[-51.0944179,-25.500329],[-51.0881042,-25.5046613],[-51.0693577,-25.4806104],[-51.0417709,-25.4724776],[-51.0455946,-25.4639672],[-51.039552,-25.4600034],[-51.0274478,-25.46879],[-51.0220069,-25.4559213],[-51.0159829,-25.4594284],[-51.0208748,-25.4426888],[-50.9842141,-25.4341914],[-50.9005532,-25.3802218],[-50.8895442,-25.3778632],[-50.8827277,-25.386146],[-50.8683812,-25.3738733],[-50.8341634,-25.3721626],[-50.8269644,-25.3845656],[-50.8006463,-25.3938052],[-50.7856388,-25.4160729],[-50.786727,-25.3816687],[-50.7772779,-25.3800384],[-50.7714133,-25.3667862],[-50.7270252,-25.3548642],[-50.7236047,-25.3668709],[-50.6723432,-25.3658216]]]}},{"type":"Feature","properties":{"level":"municipio","municipality_code":"4110805","municipality_name":"Iretama","uf":"PR","state_code":"41","area_km2":570.459},"geometry":{"type":"Polygon","coordinates":[[[-52.0538475,-24.4354738],[-52.0675055,-24.4448053],[-52.0688487,-24.4548381],[-52.0809033,-24.4526225],[-52.0721431,-24.4626874],[-52.0854427,-24.4588106],[-52.0914737,-24.467964],[-52.1060388,-24.4551847],[-52.1049733,-24.4676554],[-52.1206082,-24.4626549],[-52.1235351,-24.4711612],[-52.1353388,-24.4689977],[-52.1336324,-24.4748691],[-52.1495011,-24.4720787],[-52.1753208,-24.4885673],[-52.1800494,-24.5052422],[-52.1968546,-24.5033229],[-52.2110975,-24.5141771],[-52.2371722,-24.4945254],[-52.2361451,-24.4747904],[-52.270505,-24.4659392],[-52.2777564,-24.452445],[-52.2574084,-24.4385944],[-52.2604581,-24.4306682],[-52.2511488,-24.4365899],[-52.2528087,-24.427849],[-52.2270249,-24.4200149],[-52.2299474,-24.4094281],[-52.2111827,-24.4069802],[-52.2183775,-24.3974918],[-52.2038516,-24.404138],[-52.2022728,-24.395381],[-52.1924926,-24.4066076],[-52.1887587,-24.3968555],[-52.197856,-24.3811328],[-52.18532,-24.3732369],[-52.1746,-24.3771659],[-52.1747853,-24.365078],[-52.1661745,-24.3712954],[-52.1688069,-24.3590791],[-52.1515275,-24.3608027],[-52.2061482,-24.3402616],[-52.2530035,-24.3083552],[-52.235541,-24.31301],[-52.2159667,-24.2885743],[-52.1989432,-24.289999],[-52.2051682,-24.2770183],[-52.1915053,-24.2780054],[-52.1786869,-24.2642368],[-52.1574517,-24.2658052],[-52.1580315,-24.2593347],[-52.1524887,-24.2634228],[-52.1535248,-24.2553839],[-52.1440081,-24.2576445],[-52.1428002,-24.251304],[-52.133118,-24.254385],[-52.1209155,-24.2321069],[-52.0832355,-24.2228677],[-52.0787987,-24.2291808],[-52.0717525,-24.2174956],[-52.0556288,-24.2227354],[-52.0507749,-24.2345005],[-52.0450875,-24.2156712],[-52.02527,-24.2326413],[-52.0218572,-24.2188802],[-52.0106325,-24.2201952],[-52.0091869,-24.2302101],[-52.0066034,-24.2164785],[-52.014297,-24.210036],[-52.0079909,-24.2058275],[-51.9964117,-24.2172825],[-51.992742,-24.2026592],[-51.9795231,-24.2275561],[-51.9726306,-24.2281865],[-51.9744652,-24.2142921],[-51.9672424,-24.2065548],[-51.9684082,-24.2169758],[-51.9467448,-24.229401],[-51.969158,-24.2297827],[-51.9540134,-24.2486705],[-51.9768583,-24.2515515],[-51.9594981,-24.2597523],[-51.9712835,-24.259354],[-51.9711044,-24.2734245],[-51.9917479,-24.2704622],[-51.9851482,-24.2807298],[-51.9986242,-24.2844563],[-51.9828493,-24.2848353],[-51.9787427,-24.2998753],[-51.9825726,-24.3048879],[-51.9944436,-24.2979327],[-51.9976841,-24.3093953],[-51.9827362,-24.3210152],[-52.0011784,-24.3315363],[-51.9931213,-24.3436809],[-52.0068529,-24.3453563],[-51.987129,-24.3674363],[-51.9992308,-24.3658484],[-52.0022869,-24.3561565],[-52.0158978,-24.3630125],[-52.0039453,-24.3775991],[-52.0235763,-24.3810077],[-52.01022,-24.3965954],[-52.023773,-24.3946041],[-52.0220704,-24.4119381],[-52.0427223,-24.4084124],[-52.0341847,-24.4145649],[-52.0512689,-24.427812],[-52.0383641,-24.4334699],[-52.0414335,-24.4398991],[-52.0538475,-24.4354738]]]}},{"type":"Feature","properties":{"level":"municipio","municipality_code":"4110904","municipality_name":"Itaguajé","uf":"PR","state_code":"41","area_km2":194.353},"geometry":{"type":"Polygon","coordinates":[[[-51.9791831,-22.7483023],[-52.0334043,-22.6772964],[-52.0326232,-22.6593946],[-52.0113189,-22.6503581],[-52.0154318,-22.6395954],[-51.9969045,-22.6170421],[-52.0099014,-22.6042761],[-52.0039613,-22.5791179],[-52.028983,-22.5509777],[-52.0283521,-22.5395129],[-51.9405126,-22.5673428],[-51.9015285,-22.6019244],[-51.926521,-22.6135481],[-51.9458625,-22.6328924],[-51.9458017,-22.6421489],[-51.9590083,-22.6450533],[-51.9202524,-22.6849234],[-51.9288655,-22.7223286],[-51.9195899,-22.7430751],[-51.9205235,-22.8033272],[-51.9417101,-22.7922194],[-51.9513308,-22.7705453],[-51.9791831,-22.7483023]]]}},{"type":"Feature","properties":{"level":"municipio","municipality_code":"4110953","municipality_name":"Itaipulândia","uf":"PR","state_code":"41","area_km2":330.846},"geometry":{"type":"Polygon","coordinates":[[[-54.3587247,-25.0965353],[-54.3317031,-25.1039093],[-54.3270489,-25.1197896],[-54.3085913,-25.1277451],[-54.2895363,-25.1180378],[-54.2748226,-25.1427481],[-54.224146,-25.1608058],[-54.2154081,-25.1724603],[-54.2182056,-25.1848027],[-54.2012307,-25.1941618],[-54.1935812,-25.2180164],[-54.1990716,-25.2154328],[-54.2086067,-25.2310764],[-54.2228844,-25.2224887],[-54.223915,-25.2384472],[-54.2304995,-25.2295995],[-54.2713596,-25.2176396],[-54.2850625,-25.2017025],[-54.2999841,-25.199956],[-54.3043936,-25.2171808],[-54.3127706,-25.2143188],[-54.3170761,-25.2211251],[-54.3447732,-25.2070233],[-54.346414,-25.2153072],[-54.3609961,-25.2105168],[-54.3588555,-25.2347959],[-54.3747251,-25.2369853],[-54.3760255,-25.228344],[-54.3861963,-25.2366037],[-54.39666,-25.2322529],[-54.4073933,-25.2482567],[-54.4110557,-25.236663],[-54.4209997,-25.2424863],[-54.4210213,-25.2343448],[-54.4370755,-25.233168],[-54.4424108,-25.2234833],[-54.460607,-25.2273454],[-54.4736229,-25.211494],[-54.4668633,-25.1960499],[-54.4478333,-25.1687802],[-54.430764,-25.1701168],[-54.4245286,-25.1580625],[-54.4620083,-25.0963573],[-54.457249,-25.0393371],[-54.4293945,-25.0246135],[-54.4199736,-25.038147],[-54.4014836,-25.0339364],[-54.4184033,-25.0601455],[-54.4088537,-25.0614431],[-54.4100731,-25.0687049],[-54.3900371,-25.0627467],[-54.3788178,-25.077232],[-54.3657116,-25.0767729],[-54.3587247,-25.0965353]]]}},{"type":"Feature","properties":{"level":"municipio","municipality_code":"4111001","municipality_name":"Itambaracá","uf":"PR","state_code":"41","area_km2":207.342},"geometry":{"type":"Polygon","coordinates":[[[-50.3403208,-22.949194],[-50.3356909,-22.9785114],[-50.3479093,-23.0390934],[-50.3619949,-23.057155],[-50.403273,-23.0693148],[-50.412639,-23.0652152],[-50.4135705,-23.0458497],[-50.4431756,-23.0440104],[-50.442633,-23.0318289],[-50.4649649,-23.0273391],[-50.4659892,-23.010449],[-50.4963606,-22.978833],[-50.5369466,-22.9749124],[-50.5418013,-22.966155],[-50.5272402,-22.9594739],[-50.5267729,-22.9348221],[-50.5078765,-22.9452236],[-50.4861224,-22.9368615],[-50.4303025,-22.9464074],[-50.4189421,-22.9340822],[-50.4189476,-22.9139331],[-50.3816954,-22.9054792],[-50.3592495,-22.9160588],[-50.3403208,-22.949194]]]}},{"type":"Feature","properties":{"level":"municipio","municipality_code":"4111100","municipality_name":"Itambé","uf":"PR","state_code":"41","area_km2":243.822},"geometry":{"type":"Polygon","coordinates":[[[-51.9367446,-23.6420673],[-51.9367913,-23.6823071],[-51.9448759,-23.6783352],[-51.9455767,-23.6849346],[-51.9553471,-23.6757662],[-51.9532905,-23.6863066],[-51.9636036,-23.694529],[-51.9255471,-23.7126994],[-51.9207446,-23.7328437],[-51.9484866,-23.773962],[-51.9631277,-23.7769941],[-51.9762406,-23.7970027],[-51.992461,-23.7894249],[-52.0162104,-23.7918067],[-52.0383275,-23.8173818],[-52.0468241,-23.8052025],[-52.0349631,-23.7670102],[-52.0562416,-23.7514884],[-52.0645199,-23.7282172],[-52.0941867,-23.7208776],[-52.0929138,-23.7072486],[-52.1176053,-23.7018952],[-52.116095,-23.6727942],[-52.1051593,-23.6728766],[-52.0996059,-23.6609038],[-52.0906589,-23.6661452],[-52.0895978,-23.6573953],[-52.076738,-23.6654595],[-52.0826292,-23.6580503],[-52.0769937,-23.6540092],[-52.0709876,-23.6618952],[-52.0662077,-23.6488127],[-52.0526113,-23.661957],[-52.0436356,-23.6535108],[-52.037105,-23.658043],[-52.0246305,-23.6458474],[-52.0318891,-23.6346371],[-52.0240567,-23.6377154],[-52.0266149,-23.6310502],[-52.015362,-23.6269076],[-52.0091929,-23.6327772],[-52.0128713,-23.6213422],[-51.9949513,-23.6242463],[-51.9677401,-23.612231],[-51.9643116,-23.6229875],[-51.9575064,-23.6211373],[-51.9367446,-23.6420673]]]}},{"type":"Feature","properties":{"level":"municipio","municipality_code":"4111209","municipality_name":"Itapejara d'Oeste","uf":"PR","state_code":"41","area_km2":254.014},"geometry":{"type":"Polygon","coordinates":[[[-52.8107991,-26.0248429],[-52.8229722,-26.0284144],[-52.822299,-26.0178839],[-52.8443747,-26.0233399],[-52.8781423,-26.0022804],[-52.9146558,-25.9949435],[-52.9416354,-26.007138],[-52.9656928,-25.996478],[-52.9529658,-25.9885886],[-52.9588664,-25.9752132],[-52.952755,-25.9628856],[-52.9329545,-25.9550695],[-52.9319839,-25.9642592],[-52.9240143,-25.9449483],[-52.8980924,-25.9385711],[-52.8808164,-25.9505776],[-52.8846752,-25.9373475],[-52.877337,-25.9342412],[-52.8611745,-25.9499101],[-52.8616818,-25.9386858],[-52.8755408,-25.9300567],[-52.8668161,-25.9225249],[-52.8473971,-25.9375955],[-52.8563205,-25.9138856],[-52.8435096,-25.9140674],[-52.8458176,-25.8967005],[-52.8659048,-25.8927777],[-52.8613706,-25.8805499],[-52.8527031,-25.8792163],[-52.8725392,-25.8697688],[-52.8545158,-25.868088],[-52.8448508,-25.8565701],[-52.8273659,-25.8759841],[-52.8060116,-25.8668443],[-52.8073375,-25.9039009],[-52.821401,-25.9242927],[-52.7992584,-25.939256],[-52.7735388,-25.9318286],[-52.7886225,-25.9533458],[-52.7744245,-25.959968],[-52.7557882,-25.9499728],[-52.7353683,-25.9641366],[-52.723953,-25.9627197],[-52.7233168,-25.9706831],[-52.7458682,-25.98533],[-52.7346108,-26.0102662],[-52.7458423,-26.0159802],[-52.753095,-26.0358363],[-52.7456714,-26.0603205],[-52.7327827,-26.0720847],[-52.7431433,-26.1096949],[-52.7542306,-26.1099247],[-52.7690968,-26.0937715],[-52.8083698,-26.0743068],[-52.8298845,-26.0763724],[-52.8275162,-26.0587429],[-52.8120348,-26.0577753],[-52.8083977,-26.0646332],[-52.802211,-26.0576942],[-52.8065102,-26.0526667],[-52.7942615,-26.0475029],[-52.8061787,-26.0459323],[-52.8107991,-26.0248429]]]}},{"type":"Feature","properties":{"level":"municipio","municipality_code":"4111258","municipality_name":"Itaperuçu","uf":"PR","state_code":"41","area_km2":322.991},"geometry":{"type":"Polygon","coordinates":[[[-49.4112692,-25.171945],[-49.3244213,-25.2081145],[-49.3225358,-25.2345568],[-49.3382539,-25.2412916],[-49.3487026,-25.231664],[-49.3721485,-25.2557192],[-49.39114,-25.2633092],[-49.4287397,-25.2439748],[-49.4524492,-25.2436065],[-49.4457002,-25.230673],[-49.4557537,-25.2212565],[-49.4495047,-25.2013368],[-49.4732471,-25.1803444],[-49.4874997,-25.1840626],[-49.4907885,-25.1976704],[-49.5208859,-25.1791501],[-49.5252984,-25.1849422],[-49.5350821,-25.1765031],[-49.5552825,-25.1781181],[-49.5641755,-25.1619745],[-49.5585507,-25.1605981],[-49.5605596,-25.1477281],[-49.5754596,-25.1387061],[-49.573558,-25.1251191],[-49.5870853,-25.1174377],[-49.5830402,-25.1110591],[-49.6016783,-25.0875491],[-49.587795,-25.0792341],[-49.5909196,-25.0716979],[-49.5795332,-25.0755254],[-49.5839732,-25.0681536],[-49.5782593,-25.0601001],[-49.5643339,-25.0618129],[-49.5608843,-25.0507648],[-49.5459834,-25.046468],[-49.5986328,-25.0106192],[-49.6053716,-24.9880114],[-49.5957719,-24.9756068],[-49.5748781,-24.959411],[-49.5198634,-25.0056977],[-49.4966288,-25.0085005],[-49.5091044,-25.031144],[-49.4846906,-25.0637216],[-49.4825828,-25.0826484],[-49.4288083,-25.126173],[-49.4457751,-25.1463625],[-49.4621689,-25.1526881],[-49.4621983,-25.1667548],[-49.4112692,-25.171945]]]}},{"type":"Feature","properties":{"level":"municipio","municipality_code":"4111308","municipality_name":"Itaúna do Sul","uf":"PR","state_code":"41","area_km2":128.87},"geometry":{"type":"Polygon","coordinates":[[[-52.949853,-22.7709518],[-52.9644751,-22.7313248],[-52.9605784,-22.6931299],[-52.9681336,-22.6785723],[-52.9135989,-22.6783742],[-52.9081398,-22.6895321],[-52.8402424,-22.6900271],[-52.8362247,-22.7006665],[-52.815736,-22.7093662],[-52.8437479,-22.751436],[-52.8492901,-22.7824296],[-52.941011,-22.7757492],[-52.949853,-22.7709518]]]}},{"type":"Feature","properties":{"level":"municipio","municipality_code":"4111506","municipality_name":"Ivaiporã","uf":"PR","state_code":"41","area_km2":437.254},"geometry":{"type":"Polygon","coordinates":[[[-51.5190576,-24.2589318],[-51.5019111,-24.2605773],[-51.4940782,-24.2783741],[-51.480426,-24.2690243],[-51.4901995,-24.2899795],[-51.4865492,-24.3007401],[-51.4601389,-24.2904917],[-51.4715205,-24.3120015],[-51.4853285,-24.3098716],[-51.4918916,-24.3337755],[-51.5106493,-24.3325331],[-51.5253963,-24.3212666],[-51.5415109,-24.3340617],[-51.5615317,-24.3274514],[-51.5664429,-24.3376773],[-51.5818671,-24.3372217],[-51.5853504,-24.3287216],[-51.635972,-24.3170912],[-51.6627318,-24.3393122],[-51.6455466,-24.344902],[-51.6369732,-24.3596738],[-51.645972,-24.3630972],[-51.6385752,-24.3807225],[-51.6475284,-24.3909586],[-51.7389437,-24.4053698],[-51.7341036,-24.3962379],[-51.7415076,-24.3873979],[-51.7261282,-24.3770698],[-51.7260765,-24.3520712],[-51.7414592,-24.354998],[-51.769002,-24.3367146],[-51.7722751,-24.3246961],[-51.7644279,-24.3230955],[-51.7720965,-24.3153566],[-51.7588078,-24.3105122],[-51.7655171,-24.2980084],[-51.7564345,-24.2937003],[-51.7761447,-24.279956],[-51.7745408,-24.272959],[-51.7618085,-24.276286],[-51.7708848,-24.2698915],[-51.7614289,-24.2616385],[-51.770745,-24.2458942],[-51.756504,-24.243874],[-51.7279298,-24.2583294],[-51.7071126,-24.2428179],[-51.6882798,-24.2093447],[-51.6368042,-24.2036296],[-51.6214818,-24.2124849],[-51.6122971,-24.20344],[-51.616452,-24.1928368],[-51.600636,-24.1981787],[-51.6049662,-24.2108918],[-51.5914072,-24.1993117],[-51.5815237,-24.2035685],[-51.5884533,-24.1944774],[-51.577036,-24.1894817],[-51.5881903,-24.1802023],[-51.5735979,-24.1809842],[-51.565954,-24.1710102],[-51.5689877,-24.1619534],[-51.5587972,-24.1571665],[-51.5464026,-24.178705],[-51.503966,-24.194347],[-51.5167744,-24.2201384],[-51.493788,-24.2384083],[-51.5190576,-24.2589318]]]}},{"type":"Feature","properties":{"level":"municipio","municipality_code":"4111605","municipality_name":"Ivatuba","uf":"PR","state_code":"41","area_km2":96.427},"geometry":{"type":"Polygon","coordinates":[[[-52.2433,-23.6050265],[-52.2025236,-23.5909478],[-52.1957429,-23.5737909],[-52.1558144,-23.5677962],[-52.1427284,-23.5411473],[-52.1239394,-23.5510231],[-52.1090088,-23.5285079],[-52.0962618,-23.5428835],[-52.0919649,-23.5610842],[-52.1074041,-23.5676359],[-52.1435963,-23.6145122],[-52.206262,-23.6549755],[-52.2199514,-23.6526707],[-52.2377794,-23.635244],[-52.2684125,-23.64015],[-52.2697737,-23.6253269],[-52.2568606,-23.624371],[-52.2598039,-23.6181921],[-52.242213,-23.6130638],[-52.2433,-23.6050265]]]}},{"type":"Feature","properties":{"level":"municipio","municipality_code":"4111555","municipality_name":"Ivaté","uf":"PR","state_code":"41","area_km2":410.156},"geometry":{"type":"Polygon","coordinates":[[[-53.3743414,-23.3306496],[-53.3387434,-23.3768574],[-53.3304133,-23.4010341],[-53.3640899,-23.4505695],[-53.3832592,-23.4556602],[-53.3617155,-23.5069398],[-53.3672316,-23.5504001],[-53.4090747,-23.5647933],[-53.4138518,-23.517072],[-53.4427747,-23.5161137],[-53.4524384,-23.4956622],[-53.4568196,-23.4329583],[-53.4422231,-23.4010947],[-53.4446014,-23.3827859],[-53.4649226,-23.3380685],[-53.5185339,-23.2760173],[-53.5280511,-23.243454],[-53.5245781,-23.223625],[-53.5573587,-23.2160096],[-53.5386656,-23.1881101],[-53.5233706,-23.1908374],[-53.511958,-23.2088341],[-53.472193,-23.2321774],[-53.4292041,-23.1958947],[-53.4112761,-23.1915208],[-53.3884582,-23.2003592],[-53.3949353,-23.2189105],[-53.4227181,-23.2259007],[-53.4248804,-23.2386245],[-53.4012489,-23.2510227],[-53.3777817,-23.2407158],[-53.3812159,-23.2529464],[-53.3646466,-23.2601013],[-53.3743414,-23.3306496]]]}},{"type":"Feature","properties":{"level":"municipio","municipality_code":"4111407","municipality_name":"Ivaí","uf":"PR","state_code":"41","area_km2":607.848},"geometry":{"type":"Polygon","coordinates":[[[-50.9018972,-25.0688362],[-50.9528365,-25.0714677],[-50.9577588,-25.0459973],[-50.9511981,-25.0367807],[-50.973567,-25.0198644],[-50.9705394,-25.0055424],[-51.0004864,-25.0038046],[-50.9924474,-24.9831854],[-51.013538,-24.9836115],[-51.0175941,-24.9691144],[-51.0004853,-24.9683562],[-51.0004806,-24.9591986],[-50.9846501,-24.9657908],[-50.9786202,-24.9445976],[-50.9629443,-24.9329726],[-51.0017947,-24.8627806],[-50.9680634,-24.8493586],[-50.9487041,-24.8498489],[-50.9470684,-24.8427082],[-50.9164559,-24.8564579],[-50.9086179,-24.8390154],[-50.8787317,-24.8315027],[-50.8498631,-24.8512181],[-50.8392871,-24.8768264],[-50.8111204,-24.9016631],[-50.8058909,-24.9274344],[-50.7950591,-24.9250639],[-50.7790593,-24.9542951],[-50.7513985,-24.9711073],[-50.7539278,-24.981508],[-50.6993618,-25.0010603],[-50.6995604,-25.0382946],[-50.7436307,-25.0802571],[-50.7417304,-25.0882469],[-50.7538279,-25.0965359],[-50.7515772,-25.1076997],[-50.762803,-25.1026107],[-50.7733166,-25.1085868],[-50.7792181,-25.1272761],[-50.77303,-25.1611508],[-50.7956366,-25.1598231],[-50.8049406,-25.1500984],[-50.8126764,-25.1549192],[-50.8196495,-25.1465647],[-50.8174949,-25.1301564],[-50.8430939,-25.1079135],[-50.8455325,-25.0967544],[-50.9018972,-25.0688362]]]}},{"type":"Feature","properties":{"level":"municipio","municipality_code":"4111704","municipality_name":"Jaboti","uf":"PR","state_code":"41","area_km2":139.277},"geometry":{"type":"Polygon","coordinates":[[[-50.0408319,-23.6851861],[-50.0305471,-23.7077016],[-50.014524,-23.6920926],[-49.9982994,-23.7023845],[-50.0173305,-23.7020271],[-50.0066527,-23.7246898],[-50.0278037,-23.7475193],[-50.0339508,-23.771947],[-50.0940429,-23.7915475],[-50.100551,-23.7577505],[-50.1181271,-23.7551868],[-50.1412547,-23.7051977],[-50.1504707,-23.7119664],[-50.1764039,-23.6992494],[-50.1686586,-23.6785799],[-50.1490536,-23.6691714],[-50.1385938,-23.6826064],[-50.1243743,-23.683055],[-50.1157054,-23.6766928],[-50.0921034,-23.6801217],[-50.075164,-23.6645424],[-50.0592467,-23.6676999],[-50.0572934,-23.6559089],[-50.0622606,-23.6593865],[-50.0672323,-23.6540794],[-50.063115,-23.6471403],[-50.0548299,-23.6560473],[-50.0498831,-23.6510195],[-50.0288563,-23.656605],[-50.0263281,-23.6634497],[-50.0353558,-23.6593257],[-50.0386307,-23.6752583],[-50.0306642,-23.6759733],[-50.0335771,-23.6841445],[-50.0408319,-23.6851861]]]}},{"type":"Feature","properties":{"level":"municipio","municipality_code":"4111803","municipality_name":"Jacarezinho","uf":"PR","state_code":"41","area_km2":602.528},"geometry":{"type":"Polygon","coordinates":[[[-49.9557669,-23.2482185],[-49.9890536,-23.2282844],[-50.0037692,-23.2342636],[-49.9996072,-23.2277136],[-50.0076571,-23.2157024],[-50.0198814,-23.2151103],[-50.0297932,-23.2028301],[-50.0403005,-23.2104062],[-50.0420234,-23.1960603],[-50.0358581,-23.1926953],[-50.0496902,-23.1888245],[-50.0545729,-23.1959043],[-50.0618333,-23.1829431],[-50.0571591,-23.1740802],[-50.0724682,-23.1977945],[-50.0724082,-23.1801679],[-50.0867994,-23.1825098],[-50.1023275,-23.1706329],[-50.1089343,-23.1752044],[-50.1121535,-23.1683159],[-50.1233602,-23.183557],[-50.1261567,-23.1729787],[-50.118321,-23.1655089],[-50.1396901,-23.148399],[-50.1133735,-23.1483745],[-50.1112473,-23.1374786],[-50.0611473,-23.1108252],[-50.0569926,-23.0967784],[-50.0627858,-23.0932329],[-50.0513724,-23.0942673],[-50.0480359,-23.0726909],[-50.0302263,-23.0678858],[-50.0176861,-23.054516],[-50.0075653,-23.0571287],[-50.0059529,-23.0385164],[-49.971227,-23.017314],[-49.9741983,-22.9544968],[-49.9545019,-22.9784205],[-49.9003578,-23.0004358],[-49.9162727,-23.0364208],[-49.9116022,-23.0511186],[-49.8853291,-23.0650684],[-49.87905,-23.0596854],[-49.8674153,-23.0716919],[-49.8336586,-23.0659429],[-49.8111007,-23.083105],[-49.8171036,-23.100849],[-49.8089755,-23.115471],[-49.8385944,-23.123892],[-49.8381947,-23.1509758],[-49.8436289,-23.1487368],[-49.8530702,-23.1663878],[-49.8658834,-23.1715659],[-49.8523042,-23.1888908],[-49.8694882,-23.20624],[-49.8606536,-23.2162158],[-49.8930206,-23.2370782],[-49.8910076,-23.2607239],[-49.8672772,-23.2811412],[-49.8536186,-23.2757576],[-49.8370772,-23.2854964],[-49.8272755,-23.2769599],[-49.8213563,-23.3004616],[-49.830651,-23.3207876],[-49.841201,-23.3313639],[-49.8839716,-23.327342],[-49.8930682,-23.3383738],[-49.8977466,-23.3280577],[-49.8900733,-23.3271863],[-49.8959601,-23.3242866],[-49.9152478,-23.3299463],[-49.9186154,-23.3156941],[-49.9106558,-23.3149931],[-49.9334096,-23.3059049],[-49.927439,-23.3015084],[-49.9327835,-23.2944466],[-49.9503275,-23.2930825],[-49.9453853,-23.2801526],[-49.9674863,-23.2553807],[-49.9557669,-23.2482185]]]}},{"type":"Feature","properties":{"level":"municipio","municipality_code":"4111902","municipality_name":"Jaguapitã","uf":"PR","state_code":"41","area_km2":475.004},"geometry":{"type":"Polygon","coordinates":[[[-51.5318153,-22.9292288],[-51.4920788,-23.0667257],[-51.4122634,-23.0929782],[-51.3983146,-23.0903201],[-51.3953575,-23.1042999],[-51.3963359,-23.1294826],[-51.4133023,-23.1513047],[-51.4159075,-23.1673095],[-51.4736117,-23.1671784],[-51.5054606,-23.2132353],[-51.5127054,-23.20639],[-51.5090978,-23.1950831],[-51.5253753,-23.1923971],[-51.5242565,-23.1767585],[-51.5577913,-23.1579787],[-51.5550904,-23.1355664],[-51.5879848,-23.1356901],[-51.5949545,-23.1161798],[-51.6289024,-23.1073052],[-51.6510844,-23.0851072],[-51.668456,-23.0890446],[-51.6809846,-23.0722312],[-51.6930091,-23.076136],[-51.7174015,-23.0547666],[-51.744676,-23.0472231],[-51.7530652,-23.0350604],[-51.75038,-23.0281182],[-51.7303559,-23.0270401],[-51.7090113,-23.0061409],[-51.6776521,-22.995871],[-51.6259405,-23.005955],[-51.5902284,-22.9896073],[-51.5814846,-22.9707029],[-51.5906443,-22.9402409],[-51.569666,-22.8867955],[-51.5497858,-22.9008887],[-51.5318153,-22.9292288]]]}},{"type":"Feature","properties":{"level":"municipio","municipality_code":"4112009","municipality_name":"Jaguariaíva","uf":"PR","state_code":"41","area_km2":1447.811},"geometry":{"type":"Polygon","coordinates":[[[-49.7387193,-24.4448522],[-49.802549,-24.4598053],[-49.817906,-24.4455335],[-49.8497229,-24.3870593],[-49.8809168,-24.3792005],[-49.8935372,-24.3608425],[-49.9066087,-24.3572329],[-49.9484216,-24.3703881],[-49.9584792,-24.3482584],[-49.9724601,-24.3420251],[-49.9598696,-24.3105247],[-49.973103,-24.2923608],[-49.9846577,-24.2406496],[-49.9652891,-24.230993],[-49.9664303,-24.2214981],[-49.9485567,-24.2238937],[-49.9317539,-24.1999606],[-49.9105285,-24.1936436],[-49.7863089,-24.2353836],[-49.7750356,-24.222396],[-49.7753744,-24.2061129],[-49.7390278,-24.1735943],[-49.7409259,-24.163232],[-49.7429276,-24.1703014],[-49.7519192,-24.1693015],[-49.7681629,-24.1407534],[-49.7559403,-24.0791025],[-49.7434766,-24.0748322],[-49.7296349,-24.0824965],[-49.7217944,-24.0802493],[-49.7211316,-24.0702368],[-49.7029081,-24.0650213],[-49.6845306,-24.0789667],[-49.6497281,-24.0730187],[-49.6426941,-24.0781491],[-49.6270138,-24.0702447],[-49.6133877,-24.0866775],[-49.6247669,-24.1102781],[-49.6332062,-24.1105147],[-49.6156402,-24.130321],[-49.6277854,-24.1351397],[-49.6297291,-24.1468425],[-49.6148891,-24.1642481],[-49.6039336,-24.2170575],[-49.580765,-24.2453638],[-49.6015001,-24.367358],[-49.4616755,-24.3666554],[-49.4546854,-24.3752682],[-49.4640466,-24.4168667],[-49.479526,-24.4336517],[-49.4784038,-24.4600909],[-49.5044064,-24.4913511],[-49.5182754,-24.4933182],[-49.5247672,-24.5031655],[-49.5275314,-24.5345146],[-49.5117286,-24.5463039],[-49.5070597,-24.5656922],[-49.5106987,-24.6142121],[-49.5264655,-24.6063519],[-49.5236895,-24.5763712],[-49.5392126,-24.5720112],[-49.5536243,-24.5801679],[-49.5536374,-24.5964648],[-49.5735957,-24.613681],[-49.5945542,-24.5973436],[-49.6101578,-24.60836],[-49.6200649,-24.6045017],[-49.6314875,-24.4999167],[-49.7387193,-24.4448522]]]}},{"type":"Feature","properties":{"level":"municipio","municipality_code":"4112108","municipality_name":"Jandaia do Sul","uf":"PR","state_code":"41","area_km2":187.6},"geometry":{"type":"Polygon","coordinates":[[[-51.6107899,-23.5973303],[-51.6119325,-23.6561711],[-51.6046825,-23.6589379],[-51.6124903,-23.6680459],[-51.6016584,-23.6835186],[-51.6167695,-23.6872989],[-51.6339133,-23.6668601],[-51.6579572,-23.6790482],[-51.6748517,-23.7005559],[-51.6908198,-23.7043403],[-51.7014041,-23.6974698],[-51.6946854,-23.68387],[-51.7031629,-23.674572],[-51.7395177,-23.6707964],[-51.7461462,-23.6578311],[-51.7659286,-23.6576381],[-51.7647911,-23.6397796],[-51.7745957,-23.6263477],[-51.7844304,-23.6336006],[-51.7992397,-23.6225017],[-51.7911021,-23.6209323],[-51.7935724,-23.6069703],[-51.7560974,-23.6000533],[-51.7359871,-23.580177],[-51.7216496,-23.5860589],[-51.7066837,-23.5728368],[-51.6854085,-23.5799828],[-51.6470703,-23.5774113],[-51.6254116,-23.5502532],[-51.6020303,-23.5815655],[-51.6107899,-23.5973303]]]}},{"type":"Feature","properties":{"level":"municipio","municipality_code":"4112207","municipality_name":"Janiópolis","uf":"PR","state_code":"41","area_km2":336.8},"geometry":{"type":"Polygon","coordinates":[[[-52.7114524,-24.1277391],[-52.7021106,-24.1281926],[-52.7019186,-24.1395162],[-52.7175042,-24.1543213],[-52.727292,-24.1788456],[-52.7529688,-24.1882409],[-52.8054949,-24.1868398],[-52.8204021,-24.2036651],[-52.8288452,-24.2424007],[-52.8417056,-24.2530961],[-52.8133039,-24.26715],[-52.8139791,-24.287662],[-52.868994,-24.316418],[-52.8692558,-24.1418639],[-52.8560055,-24.1295336],[-52.8537742,-24.113358],[-52.8701772,-24.0943122],[-52.885895,-24.0426229],[-52.8758044,-24.0351195],[-52.8840846,-24.0336824],[-52.8749514,-23.9941908],[-52.8560254,-23.992499],[-52.8493736,-24.0060391],[-52.8350694,-23.9946441],[-52.8337939,-24.002695],[-52.8246653,-23.9990153],[-52.8235812,-24.0088558],[-52.8153156,-24.0031203],[-52.8081045,-24.0129304],[-52.7969463,-24.0093524],[-52.7950556,-24.0223919],[-52.7821439,-24.0115438],[-52.7684223,-24.0238494],[-52.7515569,-24.063307],[-52.7433333,-24.0625185],[-52.7469343,-24.084567],[-52.7163084,-24.1093098],[-52.7114524,-24.1277391]]]}},{"type":"Feature","properties":{"level":"municipio","municipality_code":"4112306","municipality_name":"Japira","uf":"PR","state_code":"41","area_km2":187.802},"geometry":{"type":"Polygon","coordinates":[[[-50.1734691,-23.8157978],[-50.1909797,-23.7589197],[-50.2187704,-23.7298046],[-50.2086499,-23.7214198],[-50.2085052,-23.7064928],[-50.1958806,-23.7019327],[-50.2052539,-23.6867566],[-50.2013134,-23.6737725],[-50.2364099,-23.6347534],[-50.2240558,-23.5957167],[-50.2413247,-23.5817753],[-50.2102505,-23.5650297],[-50.190939,-23.5701969],[-50.1954397,-23.5982407],[-50.1821599,-23.6153855],[-50.1847665,-23.6282569],[-50.1742935,-23.635337],[-50.193826,-23.6673476],[-50.1822607,-23.6820345],[-50.1686586,-23.6785799],[-50.1764039,-23.6992494],[-50.1504707,-23.7119664],[-50.1422248,-23.7041968],[-50.1181271,-23.7551868],[-50.100551,-23.7577505],[-50.0967887,-23.7867147],[-50.0771454,-23.8212617],[-50.0887714,-23.8313518],[-50.0841208,-23.8442312],[-50.1069707,-23.8437951],[-50.1065832,-23.857339],[-50.1216402,-23.8552239],[-50.1796249,-23.818364],[-50.1734691,-23.8157978]]]}},{"type":"Feature","properties":{"level":"municipio","municipality_code":"4112405","municipality_name":"Japurá","uf":"PR","state_code":"41","area_km2":165.185},"geometry":{"type":"Polygon","coordinates":[[[-52.4645225,-23.4546234],[-52.5190136,-23.50514],[-52.5505578,-23.5009663],[-52.5694484,-23.5084972],[-52.6019093,-23.4741401],[-52.5953488,-23.4653517],[-52.6057228,-23.4568397],[-52.6008496,-23.4504209],[-52.6184872,-23.4055821],[-52.5878994,-23.3961296],[-52.5793808,-23.3857088],[-52.5496338,-23.3837765],[-52.539846,-23.3665958],[-52.5249143,-23.3664973],[-52.5055803,-23.3857523],[-52.4875013,-23.3891091],[-52.4746378,-23.407146],[-52.4717409,-23.4530071],[-52.4645225,-23.4546234]]]}},{"type":"Feature","properties":{"level":"municipio","municipality_code":"4112504","municipality_name":"Jardim Alegre","uf":"PR","state_code":"41","area_km2":413.386},"geometry":{"type":"Polygon","coordinates":[[[-51.5696256,-24.1631447],[-51.565954,-24.1710102],[-51.5735979,-24.1809842],[-51.5881903,-24.1802023],[-51.577036,-24.1894817],[-51.5885571,-24.1950313],[-51.5793396,-24.2024475],[-51.5914072,-24.1993117],[-51.6049662,-24.2108918],[-51.600636,-24.1981787],[-51.616452,-24.1928368],[-51.6122971,-24.20344],[-51.6214818,-24.2124849],[-51.6368042,-24.2036296],[-51.6882798,-24.2093447],[-51.718101,-24.255875],[-51.7351384,-24.257483],[-51.7706406,-24.2360098],[-51.803684,-24.2371179],[-51.8214798,-24.2533181],[-51.8260168,-24.2939469],[-51.8161937,-24.2954494],[-51.8256378,-24.3065868],[-51.8552056,-24.3040994],[-51.9245785,-24.3264161],[-51.9288042,-24.3168818],[-51.915764,-24.3058833],[-51.9315103,-24.3109635],[-51.9461635,-24.305327],[-51.9297407,-24.2971925],[-51.9378945,-24.2873467],[-51.9198554,-24.2887993],[-51.9379602,-24.2725421],[-51.9234553,-24.260613],[-51.9504458,-24.2596451],[-51.9469651,-24.2455497],[-51.9580692,-24.2409332],[-51.7342543,-24.1147486],[-51.7402087,-24.1040731],[-51.7122,-24.0945252],[-51.7020422,-24.1157443],[-51.7093582,-24.1420895],[-51.6870196,-24.1372068],[-51.6624158,-24.1512045],[-51.6440212,-24.1396175],[-51.6262664,-24.142686],[-51.5979215,-24.122167],[-51.5801519,-24.1254509],[-51.5725633,-24.135653],[-51.5541583,-24.126498],[-51.5443421,-24.1309712],[-51.5390029,-24.143937],[-51.5696256,-24.1631447]]]}},{"type":"Feature","properties":{"level":"municipio","municipality_code":"4112603","municipality_name":"Jardim Olinda","uf":"PR","state_code":"41","area_km2":128.515},"geometry":{"type":"Polygon","coordinates":[[[-52.0283521,-22.5395129],[-52.0039613,-22.5791179],[-52.0099014,-22.6042761],[-52.0039807,-22.6151335],[-52.0695288,-22.6142462],[-52.0801595,-22.6417894],[-52.1523362,-22.5692334],[-52.1388808,-22.5312652],[-52.1186213,-22.516835],[-52.0896174,-22.5212499],[-52.0560684,-22.5388175],[-52.0283521,-22.5395129]]]}},{"type":"Feature","properties":{"level":"municipio","municipality_code":"4112702","municipality_name":"Jataizinho","uf":"PR","state_code":"41","area_km2":159.178},"geometry":{"type":"Polygon","coordinates":[[[-50.9569285,-23.3101658],[-50.9881639,-23.254027],[-50.9670082,-23.2373053],[-50.9686464,-23.1923004],[-50.9506984,-23.1731142],[-50.9661117,-23.1550334],[-50.9595501,-23.1478915],[-50.9032819,-23.1473313],[-50.9002939,-23.2825294],[-50.8456258,-23.282935],[-50.8476449,-23.2943714],[-50.8658559,-23.3069962],[-50.8740746,-23.3488098],[-50.8976443,-23.3498951],[-50.9406587,-23.3129895],[-50.9569285,-23.3101658]]]}},{"type":"Feature","properties":{"level":"municipio","municipality_code":"4112751","municipality_name":"Jesuítas","uf":"PR","state_code":"41","area_km2":247.496},"geometry":{"type":"Polygon","coordinates":[[[-53.3440892,-24.5394247],[-53.4442017,-24.5394071],[-53.438962,-24.5329455],[-53.4487032,-24.5215342],[-53.4431266,-24.5148521],[-53.4496215,-24.5121297],[-53.447592,-24.498075],[-53.4693433,-24.4752304],[-53.4582341,-24.4638872],[-53.4613736,-24.4588158],[-53.4489868,-24.4673368],[-53.4451791,-24.456363],[-53.455395,-24.4497475],[-53.45318,-24.4332718],[-53.4599257,-24.4282575],[-53.4441511,-24.4208869],[-53.4588744,-24.4157944],[-53.446478,-24.4093668],[-53.4702947,-24.3939059],[-53.4687363,-24.380177],[-53.4811757,-24.3773393],[-53.4704245,-24.3719846],[-53.4575914,-24.3814556],[-53.450401,-24.3777012],[-53.4598396,-24.3647881],[-53.4490371,-24.3562539],[-53.4610141,-24.3460312],[-53.4631501,-24.3325591],[-53.4569585,-24.3308921],[-53.4736776,-24.3101044],[-53.4643235,-24.2997797],[-53.4707111,-24.2916136],[-53.4636487,-24.2821807],[-53.4293479,-24.3097014],[-53.4144163,-24.2971408],[-53.3945815,-24.2984705],[-53.3760648,-24.2876262],[-53.3590958,-24.3169578],[-53.3616714,-24.3346101],[-53.34683,-24.3453524],[-53.3428623,-24.3622128],[-53.3513236,-24.3813025],[-53.3894002,-24.4093632],[-53.3876342,-24.4265821],[-53.3966844,-24.4392104],[-53.3871251,-24.4409071],[-53.378912,-24.4626848],[-53.3873576,-24.4797113],[-53.3801386,-24.4939855],[-53.3514622,-24.4980214],[-53.3450513,-24.5054091],[-53.3414385,-24.5153518],[-53.3511256,-24.5247609],[-53.3447178,-24.5257596],[-53.3440892,-24.5394247]]]}},{"type":"Feature","properties":{"level":"municipio","municipality_code":"4112801","municipality_name":"Joaquim Távora","uf":"PR","state_code":"41","area_km2":289.173},"geometry":{"type":"Polygon","coordinates":[[[-49.8837118,-23.5051485],[-49.9229393,-23.5571265],[-49.9777822,-23.5276818],[-50.0040516,-23.5336818],[-49.9838876,-23.4964838],[-50.0005449,-23.4947751],[-50.0260766,-23.4680062],[-50.0275392,-23.4558298],[-50.0043009,-23.4451911],[-49.9894058,-23.4526503],[-49.977055,-23.4396042],[-49.9364638,-23.4237354],[-49.9313854,-23.392315],[-49.9251592,-23.3907552],[-49.9332137,-23.3875402],[-49.9280567,-23.3807244],[-49.9398866,-23.3767065],[-49.9386601,-23.3450525],[-49.929356,-23.3373841],[-49.938302,-23.3285471],[-49.9285441,-23.3178654],[-49.9411568,-23.3153787],[-49.9324845,-23.3147613],[-49.9304237,-23.3053318],[-49.9106558,-23.3149931],[-49.9186154,-23.3156941],[-49.9152478,-23.3299463],[-49.8935408,-23.3252518],[-49.8934534,-23.3380657],[-49.8839208,-23.3339979],[-49.8842432,-23.3452596],[-49.8740707,-23.3430518],[-49.8584168,-23.3611615],[-49.8699385,-23.3617628],[-49.863904,-23.3729325],[-49.8709873,-23.3775393],[-49.8645716,-23.3886646],[-49.8541377,-23.3883474],[-49.8540953,-23.402039],[-49.8452383,-23.4028083],[-49.8522247,-23.4149043],[-49.8413817,-23.4369869],[-49.8699731,-23.4612446],[-49.8330512,-23.4749665],[-49.8124613,-23.4985819],[-49.8265522,-23.5312954],[-49.8186773,-23.5588934],[-49.8502971,-23.5717621],[-49.856427,-23.5541651],[-49.8453696,-23.5414292],[-49.8622889,-23.5347092],[-49.8588387,-23.5256361],[-49.8743904,-23.5215876],[-49.8719637,-23.5122795],[-49.8837118,-23.5051485]]]}},{"type":"Feature","properties":{"level":"municipio","municipality_code":"4112900","municipality_name":"Jundiaí do Sul","uf":"PR","state_code":"41","area_km2":320.816},"geometry":{"type":"Polygon","coordinates":[[[-50.2241361,-23.3749063],[-50.1899006,-23.3885723],[-50.1849955,-23.3999866],[-50.1710184,-23.3973383],[-50.1731606,-23.4099872],[-50.1550738,-23.4187477],[-50.1584079,-23.4307128],[-50.1776638,-23.4316813],[-50.1748562,-23.4387548],[-50.1590188,-23.4349732],[-50.1536623,-23.4471944],[-50.1289924,-23.4404191],[-50.147165,-23.4494775],[-50.1469657,-23.4603469],[-50.1587197,-23.4585239],[-50.1561386,-23.4644755],[-50.1146941,-23.4600608],[-50.1443545,-23.4861842],[-50.1396249,-23.4919164],[-50.145259,-23.4920836],[-50.1471251,-23.5093218],[-50.1626218,-23.5094999],[-50.157009,-23.5289593],[-50.1814351,-23.5413066],[-50.1842264,-23.5675668],[-50.2102505,-23.5650297],[-50.2410483,-23.5821896],[-50.2981183,-23.5883344],[-50.2990731,-23.3865107],[-50.3042647,-23.3817347],[-50.2946255,-23.3678183],[-50.2586319,-23.3545308],[-50.234762,-23.3567264],[-50.2241361,-23.3749063]]]}},{"type":"Feature","properties":{"level":"municipio","municipality_code":"4112959","municipality_name":"Juranda","uf":"PR","state_code":"41","area_km2":354.364},"geometry":{"type":"Polygon","coordinates":[[[-52.8712513,-24.5134789],[-52.8852577,-24.4231723],[-52.9751624,-24.4126383],[-52.9743173,-24.3445977],[-52.9634963,-24.3460182],[-52.9457902,-24.3286722],[-52.9195829,-24.3211641],[-52.9100367,-24.328296],[-52.8883503,-24.3114845],[-52.8753454,-24.3116235],[-52.8693769,-24.316313],[-52.8692862,-24.3854328],[-52.8590284,-24.3746516],[-52.8444004,-24.377294],[-52.8370707,-24.3647807],[-52.8223857,-24.3656694],[-52.8118411,-24.3517705],[-52.8052653,-24.3548674],[-52.758623,-24.3022487],[-52.7015388,-24.2987641],[-52.7144098,-24.32471],[-52.7128501,-24.3589236],[-52.7366807,-24.3851851],[-52.7334383,-24.4209888],[-52.7484504,-24.431146],[-52.7566102,-24.4571254],[-52.7689191,-24.458312],[-52.7739746,-24.4770024],[-52.7816732,-24.479565],[-52.7670058,-24.4946389],[-52.7697773,-24.5004052],[-52.7816951,-24.4965445],[-52.7784582,-24.5070255],[-52.787564,-24.5067992],[-52.7868937,-24.4901711],[-52.8065067,-24.4908508],[-52.8008865,-24.4981839],[-52.8073885,-24.5039421],[-52.806243,-24.4967306],[-52.8179868,-24.493057],[-52.8158173,-24.5110692],[-52.8244404,-24.5074709],[-52.8288801,-24.5145643],[-52.8320775,-24.4957447],[-52.8474706,-24.4891884],[-52.8538278,-24.5026129],[-52.8639588,-24.4895814],[-52.8661886,-24.5055181],[-52.8582141,-24.5117335],[-52.8712513,-24.5134789]]]}},{"type":"Feature","properties":{"level":"municipio","municipality_code":"4113007","municipality_name":"Jussara","uf":"PR","state_code":"41","area_km2":210.869},"geometry":{"type":"Polygon","coordinates":[[[-52.3277589,-23.552491],[-52.5188491,-23.7761607],[-52.52869,-23.7554929],[-52.54494,-23.7471144],[-52.5479718,-23.7353726],[-52.5118872,-23.6931419],[-52.5124379,-23.6582832],[-52.4948305,-23.6490123],[-52.496194,-23.6249063],[-52.4896611,-23.6143156],[-52.477445,-23.6122925],[-52.4797783,-23.5986016],[-52.472993,-23.5973345],[-52.4726039,-23.5802499],[-52.4617458,-23.5636235],[-52.454056,-23.563809],[-52.4539459,-23.5496898],[-52.432272,-23.5503747],[-52.4299721,-23.5420567],[-52.4244968,-23.5484989],[-52.4230212,-23.5392684],[-52.4136645,-23.5428292],[-52.4154954,-23.5363386],[-52.4021635,-23.5356698],[-52.3918263,-23.548319],[-52.3737747,-23.5473723],[-52.362553,-23.5575026],[-52.3277589,-23.552491]]]}},{"type":"Feature","properties":{"level":"municipio","municipality_code":"4113106","municipality_name":"Kaloré","uf":"PR","state_code":"41","area_km2":193.299},"geometry":{"type":"Polygon","coordinates":[[[-51.6209038,-23.8032337],[-51.590104,-23.8346531],[-51.5893751,-23.846088],[-51.5958889,-23.8456708],[-51.5864786,-23.8610946],[-51.6058489,-23.8651605],[-51.6105733,-23.8740669],[-51.6156335,-23.8675239],[-51.6322159,-23.8692676],[-51.635535,-23.8799556],[-51.6366099,-23.8725736],[-51.6532636,-23.8671433],[-51.6774459,-23.8809083],[-51.6762018,-23.900518],[-51.6837867,-23.8958525],[-51.6874555,-23.9032151],[-51.6718885,-23.9152383],[-51.6839589,-23.9185851],[-51.6869003,-23.9293695],[-51.6978464,-23.9264656],[-51.700285,-23.9162429],[-51.7179275,-23.9274318],[-51.7137526,-23.9343895],[-51.7243646,-23.9459839],[-51.7311458,-23.938181],[-51.7273523,-23.9301207],[-51.7620657,-23.9389473],[-51.7924997,-23.9271172],[-51.7958976,-23.9200629],[-51.7676913,-23.8963152],[-51.763207,-23.8765584],[-51.7345304,-23.8416259],[-51.7660177,-23.8364181],[-51.7320524,-23.813696],[-51.707697,-23.8092501],[-51.7119388,-23.8041567],[-51.6962683,-23.7830675],[-51.6744946,-23.7902455],[-51.6727964,-23.7843761],[-51.629108,-23.7799624],[-51.6209038,-23.8032337]]]}},{"type":"Feature","properties":{"level":"municipio","municipality_code":"4113205","municipality_name":"Lapa","uf":"PR","state_code":"41","area_km2":2093.859},"geometry":{"type":"Polygon","coordinates":[[[-49.6106022,-25.6428708],[-49.5988951,-25.7293326],[-49.6148609,-25.7816683],[-49.5189761,-25.8076999],[-49.5460623,-25.8467602],[-49.5719115,-25.8391538],[-49.5685414,-25.8442534],[-49.5759795,-25.8480178],[-49.6024513,-25.8458883],[-49.6074607,-25.8566478],[-49.6360954,-25.8677928],[-49.643245,-25.8599106],[-49.6778781,-25.8698009],[-49.679971,-25.8769913],[-49.6550054,-25.8790992],[-49.6432445,-25.8949628],[-49.653519,-25.9105464],[-49.65952,-25.9050647],[-49.6753936,-25.9091278],[-49.6722281,-25.925372],[-49.6879442,-25.9158388],[-49.7075332,-25.9306053],[-49.7157646,-25.921244],[-49.7286047,-25.9353781],[-49.7410421,-25.9290484],[-49.7477087,-25.9436865],[-49.7646411,-25.9385993],[-49.7776193,-25.9478966],[-49.7745744,-25.940892],[-49.7878825,-25.9405688],[-49.8204344,-25.9628822],[-49.8301024,-25.9607751],[-49.8272599,-25.9443223],[-49.8415719,-25.9439419],[-49.8422446,-25.9516823],[-49.8687735,-25.9569199],[-49.87334,-25.9826081],[-49.8967658,-25.9813103],[-49.9085895,-25.9911144],[-49.930126,-25.9872354],[-49.9341854,-25.9931298],[-49.9258042,-25.9940416],[-49.9287123,-26.0056121],[-49.9216156,-26.0145155],[-49.9331933,-26.0192282],[-49.9421844,-26.0084311],[-49.960632,-26.0208275],[-49.9479528,-26.0303198],[-49.9716546,-26.0583804],[-49.9777593,-26.0528319],[-49.9641807,-26.0238379],[-49.9934323,-26.01135],[-49.9964287,-25.9992403],[-49.9926839,-25.9915185],[-49.9677643,-26.0050767],[-49.9652188,-25.9800181],[-49.986614,-25.9404448],[-50.0027131,-25.9316503],[-50.0153178,-25.9347331],[-50.0209832,-25.9022531],[-50.0130515,-25.8946542],[-50.0388482,-25.8787876],[-50.0831639,-25.8994104],[-50.1090055,-25.8931637],[-50.1216365,-25.8810267],[-50.1433599,-25.8874601],[-50.1592729,-25.8771065],[-50.1672297,-25.8800685],[-50.1986457,-25.8230126],[-50.2315202,-25.8106525],[-50.2093024,-25.7876431],[-50.1813647,-25.7903164],[-50.1880916,-25.7612411],[-50.1710762,-25.7655717],[-50.1751498,-25.7604226],[-50.1627977,-25.7621064],[-50.1584371,-25.7489115],[-50.1513289,-25.7541505],[-50.1486583,-25.7389016],[-50.1576323,-25.7324761],[-50.1483268,-25.7290922],[-50.1536434,-25.725635],[-50.1218687,-25.7132621],[-50.1462232,-25.6863788],[-50.1524701,-25.6878009],[-50.1298512,-25.669423],[-50.1357471,-25.6605093],[-50.1137854,-25.6667975],[-50.1091752,-25.6579236],[-50.0968099,-25.6671574],[-50.0970123,-25.65193],[-50.0860417,-25.6502496],[-50.0972072,-25.6353963],[-50.0882896,-25.6332752],[-50.085983,-25.6394833],[-50.0744361,-25.6344455],[-50.0635165,-25.6518002],[-50.0470846,-25.6352532],[-50.026017,-25.6303447],[-50.0335868,-25.6235126],[-50.0241744,-25.6166651],[-50.0309629,-25.6096992],[-50.0148176,-25.5986632],[-49.9926012,-25.611471],[-49.9942594,-25.6038969],[-49.9790101,-25.5944456],[-49.9768371,-25.6081709],[-49.9568738,-25.6072066],[-49.9583447,-25.6014169],[-49.9419428,-25.611153],[-49.9334736,-25.5986269],[-49.9129662,-25.5978399],[-49.9060476,-25.5848647],[-49.9172423,-25.5772272],[-49.9118201,-25.5746293],[-49.919025,-25.5720867],[-49.917255,-25.5571815],[-49.9103259,-25.5710494],[-49.8992623,-25.5649834],[-49.8993938,-25.5751672],[-49.8909339,-25.5776457],[-49.8757118,-25.5681206],[-49.8909129,-25.5540234],[-49.8763207,-25.5440909],[-49.8557185,-25.5467592],[-49.851756,-25.555432],[-49.8436069,-25.5472241],[-49.8370373,-25.5531812],[-49.8253143,-25.5463831],[-49.8087119,-25.5543851],[-49.8074053,-25.5658168],[-49.7642397,-25.5854536],[-49.7485475,-25.5824519],[-49.7461847,-25.6197604],[-49.7434694,-25.6064496],[-49.7291769,-25.6009992],[-49.7220234,-25.6074865],[-49.7122517,-25.5995245],[-49.70884,-25.6070009],[-49.6932073,-25.5979964],[-49.6915626,-25.6053828],[-49.6806265,-25.5890949],[-49.6584032,-25.5983327],[-49.653232,-25.5892807],[-49.6470786,-25.5943791],[-49.6316633,-25.5883373],[-49.6274823,-25.5951887],[-49.6333073,-25.6008947],[-49.6045709,-25.6043495],[-49.6106022,-25.6428708]]]}},{"type":"Feature","properties":{"level":"municipio","municipality_code":"4113254","municipality_name":"Laranjal","uf":"PR","state_code":"41","area_km2":559.439},"geometry":{"type":"Polygon","coordinates":[[[-52.3848834,-24.910833],[-52.3815847,-24.9628421],[-52.3954403,-24.9750226],[-52.3881075,-24.9844786],[-52.4003098,-24.9910623],[-52.3889213,-24.9963645],[-52.3935281,-25.0160558],[-52.398266,-25.0229272],[-52.4122371,-25.0144426],[-52.4358402,-25.0201503],[-52.4474053,-25.0436632],[-52.4554991,-25.0279794],[-52.4799945,-25.0262968],[-52.4847912,-24.9983706],[-52.4988969,-25.0157269],[-52.4855685,-25.0264241],[-52.5025885,-25.0245495],[-52.5073307,-25.0324123],[-52.5152327,-25.0243839],[-52.5216223,-25.0274684],[-52.5149919,-25.050142],[-52.5542438,-25.0365016],[-52.5489139,-25.0165004],[-52.5619382,-25.0093152],[-52.5610395,-25.0258965],[-52.5831117,-25.0058675],[-52.5623698,-25.004071],[-52.5637108,-24.9916574],[-52.5444651,-24.9908847],[-52.5670909,-24.9665084],[-52.5914561,-24.9662507],[-52.5846513,-24.9578509],[-52.6171763,-24.9248149],[-52.6227252,-24.9627631],[-52.6440525,-24.9566822],[-52.6403509,-24.982624],[-52.6629131,-24.9565476],[-52.6379314,-24.9458043],[-52.6558017,-24.9293651],[-52.6549513,-24.910199],[-52.6418653,-24.9190802],[-52.6452205,-24.9104557],[-52.6382733,-24.9076549],[-52.6312218,-24.9150548],[-52.621655,-24.8981966],[-52.6024377,-24.896423],[-52.5972904,-24.8739301],[-52.5746919,-24.8682519],[-52.5607448,-24.8514846],[-52.5346781,-24.8495886],[-52.5445479,-24.8266521],[-52.5371955,-24.8030881],[-52.5456012,-24.7846355],[-52.5361489,-24.7784952],[-52.5447627,-24.7505276],[-52.5381612,-24.751217],[-52.5372588,-24.7635231],[-52.5216371,-24.7678051],[-52.504795,-24.7493003],[-52.4923206,-24.7514805],[-52.4976795,-24.7437226],[-52.4832071,-24.7341188],[-52.4738605,-24.7505554],[-52.4674907,-24.7440145],[-52.4526786,-24.7464654],[-52.4511647,-24.754386],[-52.4396404,-24.7509911],[-52.4416703,-24.7577164],[-52.4238299,-24.7721936],[-52.431708,-24.7821024],[-52.4043271,-24.7955391],[-52.4063432,-24.8005309],[-52.4192453,-24.7953995],[-52.4196082,-24.8017221],[-52.4114972,-24.8103106],[-52.3958518,-24.8080895],[-52.4087165,-24.8142712],[-52.3950802,-24.8248287],[-52.4031155,-24.8370512],[-52.3834059,-24.8517962],[-52.3922868,-24.855207],[-52.384537,-24.856813],[-52.3899558,-24.8595429],[-52.382287,-24.8739791],[-52.3852789,-24.886905],[-52.3697794,-24.9019784],[-52.3848834,-24.910833]]]}},{"type":"Feature","properties":{"level":"municipio","municipality_code":"4113304","municipality_name":"Laranjeiras do Sul","uf":"PR","state_code":"41","area_km2":674.584},"geometry":{"type":"Polygon","coordinates":[[[-52.2989196,-25.395302],[-52.2816326,-25.3955523],[-52.2904136,-25.4036512],[-52.270283,-25.4143272],[-52.2748068,-25.4219427],[-52.2796411,-25.4175323],[-52.2775783,-25.430478],[-52.2859718,-25.4337978],[-52.2779464,-25.4423475],[-52.3036383,-25.4375025],[-52.2885935,-25.4491969],[-52.2900592,-25.4582645],[-52.2816934,-25.4592507],[-52.2854406,-25.4502431],[-52.2685833,-25.4561196],[-52.2812237,-25.4657797],[-52.2656673,-25.474946],[-52.2826959,-25.4741526],[-52.2717738,-25.484674],[-52.303929,-25.4812372],[-52.3496078,-25.4938382],[-52.3702652,-25.4832234],[-52.4047978,-25.4852119],[-52.4028616,-25.4968498],[-52.4343962,-25.5052307],[-52.4720183,-25.4654146],[-52.5350833,-25.4183942],[-52.5435051,-25.4298693],[-52.5657626,-25.430533],[-52.5627185,-25.4248685],[-52.5503793,-25.4277406],[-52.5505196,-25.4093436],[-52.5299646,-25.3948007],[-52.534951,-25.3870635],[-52.5267892,-25.3880019],[-52.522333,-25.3753793],[-52.5278125,-25.3568975],[-52.5150736,-25.3567205],[-52.5179651,-25.3455476],[-52.5008324,-25.3212747],[-52.41983,-25.3334529],[-52.4260595,-25.3008086],[-52.4099206,-25.2851944],[-52.4097486,-25.2538333],[-52.4463418,-25.2350225],[-52.4184635,-25.2066002],[-52.4235265,-25.1961758],[-52.4115939,-25.196987],[-52.4086083,-25.1882722],[-52.4222711,-25.1894863],[-52.4189065,-25.1814416],[-52.4272642,-25.1778],[-52.4099247,-25.1646359],[-52.4169583,-25.153329],[-52.4067027,-25.1571314],[-52.4091446,-25.1487722],[-52.4146479,-25.1508759],[-52.4113085,-25.1364636],[-52.3933149,-25.1434013],[-52.3929688,-25.1304676],[-52.3999644,-25.1309789],[-52.3941971,-25.1270023],[-52.3886059,-25.1320706],[-52.3856428,-25.1145551],[-52.3636103,-25.1368453],[-52.3737541,-25.1438764],[-52.3688342,-25.1519728],[-52.3751422,-25.1558957],[-52.3587105,-25.1514205],[-52.3613931,-25.160208],[-52.3545907,-25.1578881],[-52.3440623,-25.1838057],[-52.3361044,-25.1773034],[-52.3252722,-25.1844498],[-52.3258397,-25.1931615],[-52.302706,-25.1981693],[-52.3034914,-25.2375543],[-52.2908091,-25.242477],[-52.2863563,-25.2547517],[-52.2623733,-25.2550602],[-52.2473509,-25.2656173],[-52.2472854,-25.2781767],[-52.2625252,-25.2895925],[-52.2561908,-25.3101937],[-52.270245,-25.3221009],[-52.2638111,-25.3288838],[-52.2768291,-25.3313829],[-52.2741916,-25.3393757],[-52.2862192,-25.3366734],[-52.2870884,-25.3526848],[-52.3077812,-25.3512815],[-52.2966414,-25.3692572],[-52.2917256,-25.3605719],[-52.2859734,-25.3633397],[-52.2902518,-25.3763395],[-52.2816641,-25.3820973],[-52.2998082,-25.3886233],[-52.2989196,-25.395302]]]}},{"type":"Feature","properties":{"level":"municipio","municipality_code":"4113403","municipality_name":"Leópolis","uf":"PR","state_code":"41","area_km2":344.918},"geometry":{"type":"Polygon","coordinates":[[[-50.8090502,-23.0946887],[-50.7748244,-23.0434816],[-50.7708189,-23.0087405],[-50.7795543,-22.9731498],[-50.7903026,-22.9692725],[-50.795935,-22.9511794],[-50.7586621,-22.9476544],[-50.7406174,-22.9625106],[-50.7295268,-22.9624986],[-50.7098388,-22.9534422],[-50.6774439,-22.9010423],[-50.6448918,-22.8991372],[-50.6312746,-22.9193353],[-50.6340861,-22.9346199],[-50.6100817,-22.9554384],[-50.6096602,-22.9727942],[-50.6207981,-23.0145717],[-50.6371934,-23.0347512],[-50.6373628,-23.0609179],[-50.6671183,-23.0846894],[-50.6790287,-23.1199929],[-50.6895315,-23.1109867],[-50.7182775,-23.1327919],[-50.7439068,-23.1330979],[-50.7494409,-23.1411212],[-50.7584067,-23.1302385],[-50.7799568,-23.12427],[-50.8165523,-23.1383633],[-50.8220166,-23.1171952],[-50.8403144,-23.121293],[-50.8426705,-23.1103319],[-50.8183514,-23.0920845],[-50.8090502,-23.0946887]]]}},{"type":"Feature","properties":{"level":"municipio","municipality_code":"4113429","municipality_name":"Lidianópolis","uf":"PR","state_code":"41","area_km2":151.456},"geometry":{"type":"Polygon","coordinates":[[[-51.5979817,-24.0434311],[-51.5467318,-24.0988977],[-51.5801519,-24.1254509],[-51.5986667,-24.1223549],[-51.6262664,-24.142686],[-51.6440212,-24.1396175],[-51.6624158,-24.1512045],[-51.6870196,-24.1372068],[-51.7093582,-24.1420895],[-51.7020422,-24.1157443],[-51.7122,-24.0945252],[-51.6749858,-24.0551847],[-51.6856269,-24.0451843],[-51.6818995,-24.0314842],[-51.6712696,-24.0322507],[-51.6704711,-24.0146452],[-51.6790111,-24.0122715],[-51.6751813,-24.0018787],[-51.6500426,-23.9938284],[-51.6339314,-24.005269],[-51.658849,-24.0312322],[-51.6521551,-24.047374],[-51.6409296,-24.0462099],[-51.6255666,-24.0190629],[-51.6188187,-24.0475976],[-51.6122322,-24.0518191],[-51.5979817,-24.0434311]]]}},{"type":"Feature","properties":{"level":"municipio","municipality_code":"4113452","municipality_name":"Lindoeste","uf":"PR","state_code":"41","area_km2":347.093},"geometry":{"type":"Polygon","coordinates":[[[-53.5321093,-25.217076],[-53.4435037,-25.2249086],[-53.4491015,-25.2336026],[-53.4219995,-25.2424718],[-53.4264645,-25.2588559],[-53.4359239,-25.2526105],[-53.447913,-25.2563198],[-53.4266485,-25.2663967],[-53.4357765,-25.2784864],[-53.4321559,-25.2922827],[-53.4480881,-25.3064864],[-53.4435861,-25.3143978],[-53.4634303,-25.3193088],[-53.4646985,-25.3261043],[-53.4722655,-25.3165866],[-53.4887617,-25.3189737],[-53.4690205,-25.3371516],[-53.4803448,-25.3356574],[-53.4804148,-25.3420575],[-53.5374503,-25.3329878],[-53.6587913,-25.3516649],[-53.6438547,-25.3369197],[-53.657096,-25.3272986],[-53.6501893,-25.3219899],[-53.6447383,-25.3279175],[-53.6474993,-25.3190524],[-53.6339082,-25.3126182],[-53.652551,-25.3060339],[-53.6360852,-25.2943087],[-53.6504586,-25.2921996],[-53.6486489,-25.2820255],[-53.6388494,-25.2779794],[-53.6415802,-25.2696694],[-53.6484803,-25.2747411],[-53.6544264,-25.2589091],[-53.6454704,-25.2589059],[-53.6371585,-25.2415818],[-53.6527742,-25.2160473],[-53.6545934,-25.2075228],[-53.6448757,-25.2022144],[-53.6562612,-25.1906378],[-53.6541871,-25.1648099],[-53.6645049,-25.1543359],[-53.6486875,-25.1438304],[-53.6346238,-25.1457101],[-53.6239201,-25.1630453],[-53.5277562,-25.1691159],[-53.5261371,-25.1786839],[-53.5361683,-25.1808334],[-53.527554,-25.1865853],[-53.5354817,-25.1968173],[-53.5301235,-25.1982393],[-53.5321093,-25.217076]]]}},{"type":"Feature","properties":{"level":"municipio","municipality_code":"4113502","municipality_name":"Loanda","uf":"PR","state_code":"41","area_km2":722.497},"geometry":{"type":"Polygon","coordinates":[[[-53.0316211,-23.106302],[-53.2847091,-22.9351792],[-53.2247142,-22.8624341],[-53.2039191,-22.8706105],[-53.1938451,-22.8578654],[-53.0990509,-22.8361429],[-53.0807794,-22.854068],[-52.9972877,-22.8560208],[-52.9898906,-22.8414491],[-52.9504149,-22.8817455],[-52.9378871,-22.8778061],[-52.9169262,-22.8510522],[-52.8698333,-22.9128959],[-52.8913872,-22.9230633],[-52.884075,-22.9352866],[-52.896056,-22.9597145],[-52.9461353,-22.988978],[-52.9681834,-23.0143134],[-52.9762177,-23.055266],[-53.0316211,-23.106302]]]}},{"type":"Feature","properties":{"level":"municipio","municipality_code":"4113601","municipality_name":"Lobato","uf":"PR","state_code":"41","area_km2":240.904},"geometry":{"type":"Polygon","coordinates":[[[-51.9810692,-22.9181627],[-51.9710954,-22.9306359],[-51.9482133,-22.9350995],[-51.9454012,-22.944478],[-51.9233462,-22.9463473],[-51.9181858,-22.9579509],[-51.9044002,-22.9500625],[-51.9041372,-22.9793896],[-51.8921803,-23.0048412],[-51.9137804,-23.0482587],[-51.9381961,-23.053051],[-51.949885,-23.0655565],[-51.9876136,-23.0811775],[-52.0091963,-23.0798596],[-52.0127414,-23.0662452],[-52.0283207,-23.0759501],[-52.0254782,-23.0593257],[-52.0339039,-23.0533687],[-52.0187394,-23.0439965],[-52.017435,-23.0324521],[-52.0341081,-23.0372877],[-52.0394947,-23.0315959],[-52.023738,-23.0022024],[-52.0292166,-22.9817002],[-52.0393545,-22.9773028],[-52.0310743,-22.9752605],[-52.0327932,-22.9678254],[-52.0438491,-22.9705706],[-52.0424895,-22.9493053],[-52.0583535,-22.9541026],[-52.0679292,-22.9232141],[-52.1032344,-22.9059043],[-52.0739879,-22.8884685],[-52.0727357,-22.8790677],[-52.0516792,-22.8841828],[-52.0453811,-22.8775064],[-52.0334082,-22.8906916],[-52.0166092,-22.8947162],[-52.0033451,-22.9129464],[-51.9810692,-22.9181627]]]}},{"type":"Feature","properties":{"level":"municipio","municipality_code":"4113700","municipality_name":"Londrina","uf":"PR","state_code":"41","area_km2":1652.569},"geometry":{"type":"Polygon","coordinates":[[[-51.1970825,-23.7651156],[-51.2420724,-23.7359766],[-51.2422481,-23.7229304],[-51.2352936,-23.7067042],[-51.2260945,-23.7090451],[-51.2187961,-23.6995433],[-51.2200381,-23.6802201],[-51.2132224,-23.6778983],[-51.2144266,-23.6581514],[-51.2067622,-23.6474798],[-51.2161039,-23.6096098],[-51.2042023,-23.6134884],[-51.1977487,-23.5973567],[-51.2027672,-23.5895404],[-51.2197314,-23.5874322],[-51.2142458,-23.5741287],[-51.2261779,-23.5702396],[-51.2190026,-23.563577],[-51.2272379,-23.5556917],[-51.2411641,-23.5572067],[-51.2407847,-23.5667832],[-51.252004,-23.5591731],[-51.2550241,-23.5682305],[-51.2686573,-23.5594545],[-51.2736587,-23.569306],[-51.2822653,-23.5588041],[-51.2957389,-23.5635192],[-51.2909078,-23.5591875],[-51.3013184,-23.5477341],[-51.3085259,-23.4697671],[-51.3198722,-23.4540259],[-51.3215622,-23.4317782],[-51.310175,-23.3835368],[-51.280871,-23.3886334],[-51.2780271,-23.3990969],[-51.2634496,-23.3928265],[-51.2601007,-23.3737931],[-51.2460148,-23.3737725],[-51.227595,-23.3111089],[-51.2233808,-23.3183592],[-51.21005,-23.308243],[-51.248225,-23.2654908],[-51.2191015,-23.2419932],[-51.1813046,-23.2409567],[-51.1947807,-23.2249399],[-51.1930649,-23.2078269],[-51.2092901,-23.1910003],[-51.208287,-23.178143],[-51.2061532,-23.1714342],[-51.1703573,-23.171504],[-51.1711027,-23.220365],[-51.13243,-23.2235598],[-51.1330081,-23.2401749],[-51.1084866,-23.2398202],[-51.0773963,-23.3343225],[-51.0450293,-23.346479],[-51.0287227,-23.3387265],[-50.9809507,-23.3425931],[-50.9871251,-23.3590586],[-50.9992767,-23.349966],[-51.0104018,-23.3556976],[-50.993811,-23.3785358],[-50.9893575,-23.4084209],[-50.9753145,-23.4194494],[-50.9602482,-23.4116981],[-50.9534813,-23.4161732],[-50.9563004,-23.4402382],[-50.9672584,-23.4566857],[-50.956465,-23.4611493],[-50.9316334,-23.4473456],[-50.9235803,-23.4547319],[-50.9279329,-23.4808341],[-50.9463449,-23.4927002],[-50.9533545,-23.5389942],[-50.9303729,-23.5653117],[-50.9355071,-23.5844864],[-50.9520506,-23.5886831],[-50.9450118,-23.6074958],[-50.9312919,-23.6093489],[-50.9202838,-23.6646072],[-50.9053498,-23.6762211],[-50.8860485,-23.675418],[-50.8762503,-23.6945038],[-50.8982106,-23.6999734],[-50.915398,-23.7143698],[-50.9132093,-23.726626],[-50.8944873,-23.7420312],[-50.9054747,-23.7523023],[-50.925789,-23.7450501],[-50.9334682,-23.7496061],[-50.9376806,-23.743214],[-50.9426828,-23.7500293],[-50.9459733,-23.7441139],[-50.9583128,-23.7480183],[-50.9645088,-23.7409417],[-50.9669198,-23.7542489],[-51.0248658,-23.7537596],[-51.032371,-23.7430157],[-51.0385311,-23.7452247],[-51.0454794,-23.7251248],[-51.077783,-23.7236801],[-51.1163331,-23.7030596],[-51.146431,-23.7158192],[-51.0858127,-23.7381813],[-51.1149127,-23.747653],[-51.1288107,-23.7441677],[-51.1277049,-23.7565956],[-51.1387871,-23.7604023],[-51.1390589,-23.7704914],[-51.1525587,-23.7623949],[-51.1662393,-23.7800062],[-51.1817391,-23.7637162],[-51.1970825,-23.7651156]]]}},{"type":"Feature","properties":{"level":"municipio","municipality_code":"4113734","municipality_name":"Luiziana","uf":"PR","state_code":"41","area_km2":916.839},"geometry":{"type":"Polygon","coordinates":[[[-52.2280871,-24.1914599],[-52.1568334,-24.1997543],[-52.1512212,-24.2069246],[-52.148785,-24.2014546],[-52.1354497,-24.2210365],[-52.1133853,-24.2164473],[-52.0832355,-24.2228677],[-52.1242899,-24.2333146],[-52.1278449,-24.2501073],[-52.1527087,-24.2546087],[-52.1574517,-24.2658052],[-52.1786869,-24.2642368],[-52.1915053,-24.2780054],[-52.2051682,-24.2770183],[-52.1989432,-24.289999],[-52.2159667,-24.2885743],[-52.235541,-24.31301],[-52.2530035,-24.3083552],[-52.2061482,-24.3402616],[-52.1554336,-24.354613],[-52.1517685,-24.3614446],[-52.1688069,-24.3590791],[-52.1661745,-24.3712954],[-52.1747853,-24.365078],[-52.1746,-24.3771659],[-52.18532,-24.3732369],[-52.197856,-24.3811328],[-52.1887587,-24.3968555],[-52.1924926,-24.4066076],[-52.2022728,-24.395381],[-52.2038516,-24.404138],[-52.2183775,-24.3974918],[-52.2111827,-24.4069802],[-52.2299474,-24.4094281],[-52.2322848,-24.4242506],[-52.2528087,-24.427849],[-52.2511488,-24.4365899],[-52.261271,-24.4312904],[-52.2574084,-24.4385944],[-52.2937434,-24.4644252],[-52.3139467,-24.5022232],[-52.3279759,-24.4957391],[-52.3933076,-24.5350421],[-52.4077073,-24.5304481],[-52.4129767,-24.5367124],[-52.4235305,-24.53095],[-52.4394658,-24.5363606],[-52.4642208,-24.528207],[-52.4753495,-24.5343112],[-52.5000168,-24.5145298],[-52.5086148,-24.5229667],[-52.5163495,-24.4596022],[-52.4835177,-24.426733],[-52.4526846,-24.3724418],[-52.4527003,-24.3602956],[-52.4261077,-24.3315874],[-52.4429889,-24.2980607],[-52.4184712,-24.2828632],[-52.4071146,-24.2579311],[-52.4110257,-24.2431666],[-52.3942253,-24.2369889],[-52.3944651,-24.219443],[-52.3748283,-24.1996872],[-52.3809725,-24.1824],[-52.3733053,-24.1746372],[-52.3587485,-24.1784618],[-52.3457972,-24.1600624],[-52.3329671,-24.1651804],[-52.3272436,-24.1539818],[-52.2280871,-24.1914599]]]}},{"type":"Feature","properties":{"level":"municipio","municipality_code":"4113759","municipality_name":"Lunardelli","uf":"PR","state_code":"41","area_km2":199.213},"geometry":{"type":"Polygon","coordinates":[[[-51.7214949,-24.0978921],[-51.7419503,-24.1051691],[-51.7342543,-24.1147486],[-51.8415727,-24.1752658],[-51.8396994,-24.1538863],[-51.8685337,-24.1543601],[-51.896006,-24.1419878],[-51.8174017,-24.0953634],[-51.8307358,-24.0927935],[-51.8379121,-24.1004764],[-51.8420491,-24.0903383],[-51.8350666,-24.0799195],[-51.8516898,-24.0843483],[-51.8523761,-24.0754509],[-51.6837553,-23.9764072],[-51.7048736,-24.005651],[-51.6878749,-23.9942939],[-51.6766811,-23.9997032],[-51.6712696,-24.0322507],[-51.6818995,-24.0314842],[-51.6856269,-24.0451843],[-51.6749858,-24.0551847],[-51.7214949,-24.0978921]]]}},{"type":"Feature","properties":{"level":"municipio","municipality_code":"4113809","municipality_name":"Lupionópolis","uf":"PR","state_code":"41","area_km2":121.066},"geometry":{"type":"Polygon","coordinates":[[[-51.6476104,-22.8030738],[-51.6969272,-22.7889545],[-51.68871,-22.7448627],[-51.6988749,-22.718836],[-51.7261798,-22.6999829],[-51.7247071,-22.6894928],[-51.7181736,-22.6690211],[-51.6304611,-22.6578529],[-51.6282377,-22.8314384],[-51.6403557,-22.8312482],[-51.6476104,-22.8030738]]]}},{"type":"Feature","properties":{"level":"municipio","municipality_code":"4113908","municipality_name":"Mallet","uf":"PR","state_code":"41","area_km2":760.224},"geometry":{"type":"Polygon","coordinates":[[[-50.9564135,-25.6866005],[-50.7995627,-25.8013235],[-50.7917916,-25.7943261],[-50.7834002,-25.7999483],[-50.7644783,-25.8319136],[-50.7420334,-25.8291943],[-50.7312004,-25.8436693],[-50.7361176,-25.8462848],[-50.7168414,-25.8480528],[-50.7187582,-25.8566534],[-50.6889764,-25.8657237],[-50.6894822,-25.8740688],[-50.6817321,-25.8667515],[-50.6739802,-25.9043056],[-50.6568528,-25.9197231],[-50.6662444,-25.9414885],[-50.673971,-25.943124],[-50.6706321,-25.9688446],[-50.6999634,-25.9918464],[-50.7280222,-25.9932912],[-50.7491435,-25.9807282],[-50.7580395,-25.9910891],[-50.7677812,-25.9870417],[-50.7851167,-25.9979518],[-50.78743,-25.9915547],[-50.8187711,-25.990967],[-50.8673753,-25.9974814],[-50.8870633,-26.0078186],[-50.8871198,-26.040492],[-50.8974539,-26.0571908],[-50.9048458,-26.0391689],[-50.9311511,-26.0264259],[-50.9420701,-26.0045993],[-50.9364234,-25.9926912],[-50.9528446,-25.9765864],[-50.9262646,-25.9558962],[-50.930398,-25.9420578],[-50.9721892,-25.9329413],[-51.0075565,-25.9068781],[-51.0126053,-25.8786145],[-51.0059145,-25.8665026],[-51.0266308,-25.8314677],[-51.036203,-25.8316414],[-51.0409829,-25.8103828],[-51.02092,-25.7907939],[-50.9833242,-25.7854654],[-50.9902711,-25.7699102],[-50.9780886,-25.7523322],[-50.9627537,-25.7561296],[-50.9552899,-25.7409273],[-50.9433669,-25.7410413],[-50.9564135,-25.6866005]]]}},{"type":"Feature","properties":{"level":"municipio","municipality_code":"4114005","municipality_name":"Mamborê","uf":"PR","state_code":"41","area_km2":788.061},"geometry":{"type":"Polygon","coordinates":[[[-52.4732092,-24.2347108],[-52.4261077,-24.3315874],[-52.4527003,-24.3602956],[-52.4526846,-24.3724418],[-52.4835177,-24.426733],[-52.5163495,-24.4596022],[-52.5086148,-24.5229667],[-52.5286988,-24.5288801],[-52.5394403,-24.5213799],[-52.5396483,-24.5095315],[-52.5587574,-24.5179669],[-52.5562965,-24.5012774],[-52.5618719,-24.4981931],[-52.577652,-24.5129037],[-52.5919424,-24.5087592],[-52.5937114,-24.5139297],[-52.6052145,-24.4962221],[-52.6059469,-24.5058554],[-52.6150135,-24.5013056],[-52.6134522,-24.5085313],[-52.6184941,-24.4950245],[-52.6253825,-24.4963266],[-52.6213548,-24.4911819],[-52.6350464,-24.4876821],[-52.6278241,-24.4836279],[-52.6320193,-24.4784857],[-52.645882,-24.4806767],[-52.6373182,-24.4888977],[-52.6443753,-24.4956155],[-52.6368871,-24.4982235],[-52.6651383,-24.4973918],[-52.6686706,-24.5038516],[-52.659639,-24.50796],[-52.6667787,-24.5103331],[-52.6752265,-24.5063735],[-52.6726707,-24.4987778],[-52.6879787,-24.5021232],[-52.6748665,-24.4944996],[-52.7042856,-24.4908707],[-52.7186837,-24.4768894],[-52.7237084,-24.4825176],[-52.7364996,-24.4729576],[-52.7430088,-24.4812442],[-52.7531381,-24.4762831],[-52.7664461,-24.483128],[-52.7579244,-24.4910595],[-52.7647208,-24.4954417],[-52.7816732,-24.479565],[-52.7739746,-24.4770024],[-52.7689191,-24.458312],[-52.7566102,-24.4571254],[-52.7484504,-24.431146],[-52.7334383,-24.4209888],[-52.7366807,-24.3851851],[-52.7128501,-24.3589236],[-52.7144098,-24.32471],[-52.7015388,-24.2987641],[-52.6560514,-24.2946153],[-52.6448352,-24.2622282],[-52.6322216,-24.2547496],[-52.6276437,-24.2416901],[-52.6470872,-24.2197036],[-52.6483057,-24.2058294],[-52.6351377,-24.1980303],[-52.6261362,-24.201497],[-52.5970526,-24.1757949],[-52.5845126,-24.1712931],[-52.5619745,-24.1858118],[-52.5586911,-24.2142523],[-52.5443599,-24.2140159],[-52.5399394,-24.223705],[-52.5176713,-24.2247771],[-52.4961869,-24.1823556],[-52.4891193,-24.1921209],[-52.5000118,-24.2214495],[-52.4732092,-24.2347108]]]}},{"type":"Feature","properties":{"level":"municipio","municipality_code":"4114203","municipality_name":"Mandaguari","uf":"PR","state_code":"41","area_km2":335.814},"geometry":{"type":"Polygon","coordinates":[[[-51.6289855,-23.5155944],[-51.6232428,-23.5185995],[-51.6313792,-23.5307784],[-51.6239169,-23.5474167],[-51.6455415,-23.5766094],[-51.6854085,-23.5799828],[-51.7066837,-23.5728368],[-51.7216496,-23.5860589],[-51.7359871,-23.580177],[-51.7560974,-23.6000533],[-51.7935724,-23.6069703],[-51.7957382,-23.6308548],[-51.8055748,-23.6322657],[-51.7987386,-23.6419163],[-51.8125435,-23.6358656],[-51.8206859,-23.648398],[-51.8234338,-23.6333925],[-51.8273556,-23.6440614],[-51.8369557,-23.6412706],[-51.8235443,-23.6072568],[-51.8028888,-23.6034456],[-51.7687853,-23.5511346],[-51.7098581,-23.5035618],[-51.7148895,-23.4925321],[-51.7477934,-23.4953536],[-51.7629071,-23.4863066],[-51.7594569,-23.4684083],[-51.7687071,-23.4432891],[-51.7623504,-23.4337476],[-51.7723703,-23.4324441],[-51.766174,-23.4255448],[-51.7727102,-23.4222674],[-51.7638309,-23.4173584],[-51.7722638,-23.4139845],[-51.7689441,-23.4046788],[-51.7752776,-23.4005265],[-51.7681535,-23.3854215],[-51.7750107,-23.3784429],[-51.7638769,-23.3727999],[-51.7709066,-23.3699816],[-51.7678995,-23.3574251],[-51.7805603,-23.3495387],[-51.7728322,-23.3315167],[-51.7662085,-23.3315308],[-51.7604415,-23.3503164],[-51.7435408,-23.3419192],[-51.7405972,-23.3523083],[-51.7275997,-23.3476541],[-51.7232907,-23.3571494],[-51.7119,-23.353481],[-51.720487,-23.3592384],[-51.7177942,-23.3692344],[-51.709601,-23.365468],[-51.700092,-23.3728468],[-51.7065361,-23.3775898],[-51.6998228,-23.3874181],[-51.6902062,-23.3776935],[-51.6814062,-23.3865426],[-51.6732878,-23.3835334],[-51.6729609,-23.3911008],[-51.6607635,-23.3960086],[-51.6606797,-23.40745],[-51.6489031,-23.3900364],[-51.6437595,-23.4026045],[-51.625488,-23.4109804],[-51.6325468,-23.4508771],[-51.6146805,-23.4576899],[-51.6212366,-23.4567251],[-51.6216809,-23.4625163],[-51.6118459,-23.4628444],[-51.6207889,-23.475082],[-51.6085161,-23.4765025],[-51.6061584,-23.4851374],[-51.6219812,-23.4893355],[-51.6176397,-23.4995267],[-51.6268944,-23.5006948],[-51.6289855,-23.5155944]]]}},{"type":"Feature","properties":{"level":"municipio","municipality_code":"4114104","municipality_name":"Mandaguaçu","uf":"PR","state_code":"41","area_km2":294.019},"geometry":{"type":"Polygon","coordinates":[[[-52.1133857,-23.3009622],[-52.1147532,-23.2866181],[-52.0841084,-23.2599975],[-52.0805869,-23.2298906],[-52.0709795,-23.2299021],[-52.0587377,-23.2038884],[-52.0708293,-23.1896703],[-52.0484024,-23.166198],[-52.0207389,-23.1558875],[-51.9644062,-23.1585187],[-51.9583583,-23.1772302],[-51.9657508,-23.1921902],[-51.9768633,-23.196375],[-51.9609368,-23.2187111],[-51.9685517,-23.2270013],[-51.9568721,-23.2370742],[-51.9697409,-23.2403656],[-51.9628228,-23.2544056],[-51.9712785,-23.2576469],[-51.9658138,-23.2704116],[-51.9777569,-23.2817594],[-51.9775209,-23.2966639],[-51.9865427,-23.2967863],[-51.9975559,-23.3110154],[-52.041105,-23.3248514],[-52.0499108,-23.3393583],[-52.0761843,-23.3467356],[-52.0821944,-23.3618843],[-52.072176,-23.3694545],[-52.081381,-23.3891276],[-52.1419923,-23.4177644],[-52.149205,-23.4140283],[-52.1483686,-23.3684951],[-52.1783951,-23.3493542],[-52.1442979,-23.3041579],[-52.1133857,-23.3009622]]]}},{"type":"Feature","properties":{"level":"municipio","municipality_code":"4114302","municipality_name":"Mandirituba","uf":"PR","state_code":"41","area_km2":379.179},"geometry":{"type":"Polygon","coordinates":[[[-49.3554322,-25.9545461],[-49.3667085,-25.9414062],[-49.3726399,-25.9442752],[-49.3705043,-25.9322327],[-49.3993245,-25.9326505],[-49.4067078,-25.941398],[-49.4254588,-25.9317221],[-49.4317124,-25.9396132],[-49.4369639,-25.9255286],[-49.4504942,-25.9204253],[-49.4281741,-25.8714398],[-49.4168942,-25.8732099],[-49.4099867,-25.854506],[-49.3999912,-25.8579937],[-49.3909989,-25.8283612],[-49.3701154,-25.8039922],[-49.3551731,-25.6734915],[-49.347299,-25.6766472],[-49.3307156,-25.7175998],[-49.3146914,-25.7207763],[-49.2942768,-25.7378316],[-49.2563998,-25.739937],[-49.2455214,-25.7540378],[-49.2500318,-25.7743399],[-49.2414977,-25.797709],[-49.2563416,-25.8190849],[-49.2283135,-25.8131357],[-49.2052382,-25.8269945],[-49.2071467,-25.8436748],[-49.2176911,-25.8510865],[-49.2100328,-25.8548148],[-49.2083504,-25.8694702],[-49.2554478,-25.8921409],[-49.2554174,-25.9033898],[-49.26643,-25.9063285],[-49.2574303,-25.9130679],[-49.261485,-25.9251879],[-49.2938581,-25.9235668],[-49.3039606,-25.9438698],[-49.3271834,-25.9508352],[-49.3245183,-25.9551911],[-49.3554322,-25.9545461]]]}},{"type":"Feature","properties":{"level":"municipio","municipality_code":"4114351","municipality_name":"Manfrinópolis","uf":"PR","state_code":"41","area_km2":215.779},"geometry":{"type":"Polygon","coordinates":[[[-53.3417489,-26.1553639],[-53.3508406,-26.1195162],[-53.3738679,-26.11355],[-53.3745013,-26.1063204],[-53.377967,-26.1160227],[-53.3883849,-26.1012785],[-53.3997205,-26.1085107],[-53.4028075,-26.1014726],[-53.4156641,-26.1023565],[-53.4130436,-26.0948066],[-53.4370701,-26.0864018],[-53.432964,-26.0791343],[-53.4431718,-26.0692311],[-53.4524839,-26.0706206],[-53.4496221,-26.0811854],[-53.4694292,-26.0872537],[-53.4727696,-26.064989],[-53.4929316,-26.0741639],[-53.492962,-26.0610683],[-53.4845199,-26.0543393],[-53.4920799,-26.0507945],[-53.3931725,-26.0341645],[-53.3609027,-26.0159059],[-53.3304761,-26.022766],[-53.3113413,-26.0409759],[-53.3136546,-26.0546664],[-53.289497,-26.0612006],[-53.2850739,-26.0850564],[-53.2622663,-26.095683],[-53.2698712,-26.1124968],[-53.2585148,-26.1167305],[-53.2449302,-26.1380246],[-53.2423733,-26.1748562],[-53.2586643,-26.1943432],[-53.2882157,-26.1818274],[-53.3051984,-26.1850345],[-53.3161787,-26.1636422],[-53.3336281,-26.1637303],[-53.3337175,-26.1554018],[-53.3417489,-26.1553639]]]}},{"type":"Feature","properties":{"level":"municipio","municipality_code":"4114401","municipality_name":"Mangueirinha","uf":"PR","state_code":"41","area_km2":1055.458},"geometry":{"type":"Polygon","coordinates":[[[-52.086446,-25.9791967],[-52.0775909,-25.9901711],[-52.0857519,-25.9987746],[-52.0795135,-26.0043747],[-52.0932032,-26.0025896],[-52.1030882,-26.0233844],[-52.0836532,-26.0212288],[-52.0864176,-26.0296162],[-52.0797201,-26.0323742],[-52.0975711,-26.052231],[-52.0874951,-26.0569271],[-52.1038238,-26.0829115],[-52.0989868,-26.087908],[-52.1076003,-26.0914906],[-52.1028856,-26.1013459],[-52.1099918,-26.1187707],[-52.1015991,-26.1203306],[-52.0992418,-26.136357],[-52.1116125,-26.1523478],[-52.0982695,-26.1668365],[-52.0921031,-26.1977469],[-52.1144524,-26.2201866],[-52.11191,-26.2371218],[-52.1389269,-26.262725],[-52.1616352,-26.299955],[-52.1871524,-26.3078428],[-52.1889938,-26.320298],[-52.2181284,-26.3258937],[-52.2037526,-26.3034551],[-52.2355603,-26.2914247],[-52.2430615,-26.3065215],[-52.2536092,-26.2950563],[-52.2544996,-26.2765142],[-52.2646167,-26.2822864],[-52.2654298,-26.2993106],[-52.2791317,-26.2871785],[-52.2950878,-26.2876955],[-52.2965633,-26.2740867],[-52.3076476,-26.2896479],[-52.3162259,-26.271441],[-52.3049297,-26.2541662],[-52.2230575,-26.208814],[-52.2139665,-26.195153],[-52.2186671,-26.173456],[-52.2102476,-26.1506019],[-52.2134791,-26.1370826],[-52.2232776,-26.1341304],[-52.2417981,-26.1419741],[-52.2552285,-26.1384874],[-52.2628547,-26.1074934],[-52.2947627,-26.1107581],[-52.3052469,-26.0768524],[-52.2952975,-26.0510836],[-52.3059178,-26.0461344],[-52.326047,-26.0678393],[-52.3319716,-26.0574845],[-52.3579599,-26.0507427],[-52.3574985,-26.0403257],[-52.3751812,-26.0408992],[-52.3626442,-26.0294137],[-52.3727834,-26.0069737],[-52.3846965,-26.0023335],[-52.3826145,-25.9449796],[-52.3491352,-25.9422359],[-52.3380251,-25.9300529],[-52.3470313,-25.9218628],[-52.3199252,-25.9167045],[-52.3266423,-25.9033987],[-52.3016666,-25.900709],[-52.3042523,-25.8916585],[-52.2928909,-25.8905606],[-52.2933091,-25.8829936],[-52.2813926,-25.8858408],[-52.2868876,-25.8818811],[-52.2775882,-25.8708612],[-52.283361,-25.8636554],[-52.2619716,-25.8586364],[-52.2734742,-25.8456601],[-52.258418,-25.8477914],[-52.2501137,-25.8374207],[-52.2557525,-25.8315887],[-52.2449444,-25.8245076],[-52.2469759,-25.8125421],[-52.2360764,-25.796218],[-52.2242193,-25.7930327],[-52.2283567,-25.7634273],[-52.2141095,-25.7623689],[-52.2139965,-25.7565309],[-52.1896426,-25.7723836],[-52.1670558,-25.7486738],[-52.1459953,-25.7722765],[-52.1231951,-25.7747194],[-52.1110543,-25.7871772],[-52.1143631,-25.7936538],[-52.1358962,-25.7934765],[-52.168582,-25.8330233],[-52.1637504,-25.8603226],[-52.1480855,-25.871792],[-52.14339,-25.8907814],[-52.1106676,-25.8962901],[-52.0868049,-25.9376656],[-52.1019913,-25.9495152],[-52.0811923,-25.9633182],[-52.0799908,-25.9758706],[-52.086446,-25.9791967]]]}},{"type":"Feature","properties":{"level":"municipio","municipality_code":"4114500","municipality_name":"Manoel Ribas","uf":"PR","state_code":"41","area_km2":571.135},"geometry":{"type":"Polygon","coordinates":[[[-51.4728694,-24.5265565],[-51.4528481,-24.5229288],[-51.4504897,-24.5297449],[-51.4729965,-24.5591749],[-51.5021969,-24.5747963],[-51.5176891,-24.5728318],[-51.518724,-24.5635052],[-51.5336913,-24.5540245],[-51.5370507,-24.5627653],[-51.5528213,-24.5612022],[-51.5597029,-24.5750967],[-51.5713827,-24.5576261],[-51.5880965,-24.5626349],[-51.6045661,-24.5558894],[-51.6621056,-24.5845751],[-51.6976736,-24.5837367],[-51.7157496,-24.5954722],[-51.7160388,-24.6038042],[-51.7469958,-24.5676517],[-51.7576284,-24.5417739],[-51.7542964,-24.5331557],[-51.7742761,-24.5205949],[-51.7644425,-24.5069901],[-51.7780289,-24.5075552],[-51.7916723,-24.4955508],[-51.7996132,-24.4846812],[-51.7914043,-24.479316],[-51.7980186,-24.4650756],[-51.8153273,-24.4716604],[-51.8083918,-24.4593067],[-51.8187545,-24.4578674],[-51.8182868,-24.449917],[-51.8320069,-24.4397864],[-51.836453,-24.4467749],[-51.8455314,-24.4359214],[-51.8457389,-24.4195315],[-51.6110829,-24.3871638],[-51.6010252,-24.448194],[-51.480383,-24.4284685],[-51.4726254,-24.4465111],[-51.4861238,-24.4582945],[-51.4733785,-24.4675926],[-51.4513198,-24.4685939],[-51.4591769,-24.4758095],[-51.4529066,-24.4822911],[-51.4561494,-24.5128958],[-51.4728694,-24.5265565]]]}},{"type":"Feature","properties":{"level":"municipio","municipality_code":"4114609","municipality_name":"Marechal Cândido Rondon","uf":"PR","state_code":"41","area_km2":745.748},"geometry":{"type":"Polygon","coordinates":[[[-54.0255629,-24.5836452],[-53.9962675,-24.6046293],[-53.9962178,-24.6161462],[-54.0094145,-24.6586305],[-54.0057133,-24.6667855],[-54.0309464,-24.655252],[-54.0319923,-24.6656899],[-54.0426095,-24.6683649],[-54.0301125,-24.6843561],[-54.0307106,-24.745006],[-54.0472414,-24.7454603],[-54.0459091,-24.7540416],[-54.0723049,-24.7667558],[-54.0939386,-24.7631553],[-54.0955562,-24.7438737],[-54.1066694,-24.7483801],[-54.107623,-24.738754],[-54.1270935,-24.7386403],[-54.11885,-24.7289106],[-54.1265463,-24.7215015],[-54.1397978,-24.720949],[-54.1396931,-24.7298722],[-54.1655337,-24.7163168],[-54.1791353,-24.7219408],[-54.1638833,-24.689163],[-54.1777366,-24.6835563],[-54.1751149,-24.6656264],[-54.1816988,-24.6658281],[-54.1888727,-24.6359713],[-54.1779114,-24.6339669],[-54.1715158,-24.614159],[-54.2237906,-24.586984],[-54.2462927,-24.5835751],[-54.2527767,-24.5891816],[-54.2759849,-24.5806266],[-54.2889973,-24.5957727],[-54.3028032,-24.5876791],[-54.3184884,-24.5906598],[-54.3355146,-24.5179357],[-54.3265126,-24.4651747],[-54.2956308,-24.4276156],[-54.2716863,-24.4498395],[-54.261319,-24.4498497],[-54.2560702,-24.4630441],[-54.2507116,-24.4551581],[-54.2388128,-24.4612993],[-54.209162,-24.4955487],[-54.159692,-24.4961737],[-54.152688,-24.4848685],[-54.1179587,-24.4865671],[-54.117785,-24.4759668],[-54.0977575,-24.4760315],[-54.1009482,-24.4564707],[-54.0901712,-24.4387733],[-54.1004922,-24.4224024],[-54.0912263,-24.4112232],[-54.0764086,-24.414487],[-54.0855899,-24.4231753],[-54.0686624,-24.4300146],[-54.0562815,-24.4198324],[-54.0510226,-24.4261079],[-54.0466944,-24.4169538],[-54.0292602,-24.4170259],[-54.0249287,-24.4266056],[-54.0180393,-24.4212167],[-54.0090099,-24.4290883],[-54.0132172,-24.4358221],[-53.9996805,-24.4414481],[-54.0148102,-24.4476868],[-54.0057942,-24.4486146],[-53.9989645,-24.4550879],[-54.0116286,-24.4576045],[-53.9950881,-24.462406],[-53.9988854,-24.478273],[-53.9852541,-24.4804291],[-53.9950276,-24.4961594],[-54.0267586,-24.5003443],[-54.0132568,-24.5126775],[-54.0088777,-24.5691608],[-54.0098028,-24.5837654],[-54.0255629,-24.5836452]]]}},{"type":"Feature","properties":{"level":"municipio","municipality_code":"4114708","municipality_name":"Maria Helena","uf":"PR","state_code":"41","area_km2":486.224},"geometry":{"type":"Polygon","coordinates":[[[-53.1416714,-23.7281466],[-53.166207,-23.7225749],[-53.2073112,-23.6943902],[-53.3364087,-23.6527099],[-53.3435244,-23.6368813],[-53.3106065,-23.6013867],[-53.3225631,-23.5458847],[-53.3513737,-23.5106567],[-53.3423985,-23.5022719],[-53.3517928,-23.4846292],[-53.3358441,-23.4849918],[-53.3085133,-23.5035355],[-53.287497,-23.4899636],[-53.2741405,-23.4952063],[-53.2162856,-23.4539231],[-53.2104402,-23.4642144],[-53.1481551,-23.4823204],[-53.1163878,-23.4711766],[-53.1416714,-23.7281466]]]}},{"type":"Feature","properties":{"level":"municipio","municipality_code":"4114807","municipality_name":"Marialva","uf":"PR","state_code":"41","area_km2":475.493},"geometry":{"type":"Polygon","coordinates":[[[-51.7098581,-23.5035618],[-51.7687853,-23.5511346],[-51.8028888,-23.6034456],[-51.8235443,-23.6072568],[-51.8385335,-23.6363994],[-51.851883,-23.6339558],[-51.866294,-23.6470123],[-51.8685077,-23.6381568],[-51.8886276,-23.6451266],[-51.8843904,-23.654063],[-51.8908452,-23.6627075],[-51.9005892,-23.6537263],[-51.9127218,-23.6718371],[-51.9230841,-23.6622076],[-51.9379594,-23.6772912],[-51.9366406,-23.6396977],[-51.9580502,-23.6207636],[-51.9643116,-23.6229875],[-51.9665936,-23.6120427],[-51.9949513,-23.6242463],[-52.0128713,-23.6213422],[-52.0091929,-23.6327772],[-52.0158739,-23.6269529],[-52.0266149,-23.6310502],[-52.0240567,-23.6377154],[-52.0334916,-23.6365374],[-52.0259419,-23.6516684],[-52.037888,-23.6582614],[-52.0436356,-23.6535108],[-52.0500532,-23.6618509],[-52.060721,-23.6566181],[-52.0591789,-23.6437365],[-52.0458385,-23.63766],[-52.0479956,-23.6282203],[-52.0342439,-23.6226354],[-52.0399168,-23.612798],[-52.0288793,-23.6065486],[-52.0293037,-23.590244],[-52.0200247,-23.5894155],[-52.0261457,-23.582986],[-52.0190842,-23.584567],[-52.0069909,-23.561633],[-51.9936481,-23.5566672],[-51.9972325,-23.5473371],[-51.978904,-23.5313436],[-51.9835538,-23.5193442],[-51.9698671,-23.5205121],[-51.9691957,-23.5071449],[-51.9607035,-23.5055394],[-51.9519302,-23.4870362],[-51.9414189,-23.4886316],[-51.9301063,-23.4758104],[-51.9115394,-23.4770668],[-51.922437,-23.5001135],[-51.9094389,-23.5099143],[-51.9281989,-23.5338605],[-51.9123299,-23.5607617],[-51.8997935,-23.5559316],[-51.8794453,-23.524347],[-51.8529605,-23.5108187],[-51.8467022,-23.496733],[-51.853494,-23.4579306],[-51.845628,-23.4445181],[-51.8285877,-23.4596165],[-51.8064763,-23.4450804],[-51.7971348,-23.4090818],[-51.8192689,-23.3927881],[-51.8461506,-23.390111],[-51.8393116,-23.3590656],[-51.8509191,-23.3548581],[-51.8449966,-23.3467589],[-51.8506066,-23.3357667],[-51.8463998,-23.3279239],[-51.8345382,-23.3280376],[-51.829029,-23.3152687],[-51.8269034,-23.326145],[-51.8025038,-23.3238077],[-51.7909237,-23.3409699],[-51.7752278,-23.3364674],[-51.7802674,-23.3505074],[-51.7678995,-23.3574251],[-51.7709066,-23.3699816],[-51.7638769,-23.3727999],[-51.7750107,-23.3784429],[-51.7681535,-23.3854215],[-51.7752776,-23.4005265],[-51.7689441,-23.4046788],[-51.7722638,-23.4139845],[-51.7638309,-23.4173584],[-51.7727102,-23.4222674],[-51.766174,-23.4255448],[-51.7723703,-23.4324441],[-51.7623504,-23.4337476],[-51.7687071,-23.4432891],[-51.7594569,-23.4684083],[-51.7629071,-23.4863066],[-51.7477934,-23.4953536],[-51.7142992,-23.4927581],[-51.7098581,-23.5035618]]]}},{"type":"Feature","properties":{"level":"municipio","municipality_code":"4115002","municipality_name":"Marilena","uf":"PR","state_code":"41","area_km2":232.363},"geometry":{"type":"Polygon","coordinates":[[[-53.0171539,-22.7494747],[-53.0388748,-22.8086767],[-53.0342415,-22.8551604],[-53.0807794,-22.854068],[-53.0990509,-22.8361429],[-53.1144085,-22.7974853],[-53.1097234,-22.7151992],[-53.1278795,-22.6523494],[-53.1062597,-22.6226002],[-53.0877869,-22.6584449],[-53.0387196,-22.6181863],[-53.0245528,-22.6338055],[-53.0347428,-22.6543042],[-53.0165883,-22.6545929],[-52.9947274,-22.7085712],[-53.0107306,-22.7537112],[-53.0171539,-22.7494747]]]}},{"type":"Feature","properties":{"level":"municipio","municipality_code":"4115101","municipality_name":"Mariluz","uf":"PR","state_code":"41","area_km2":433.17},"geometry":{"type":"Polygon","coordinates":[[[-53.1900901,-23.9141355],[-53.181256,-23.9245145],[-53.1739829,-23.9127309],[-53.1639225,-23.9120165],[-53.1072081,-23.9285955],[-53.138027,-24.1530291],[-53.1583169,-24.1519055],[-53.1604063,-24.1455172],[-53.1810356,-24.1505034],[-53.1829808,-24.1398374],[-53.1880054,-24.1452927],[-53.203581,-24.1365093],[-53.21479,-24.1450302],[-53.2092114,-24.1518816],[-53.234443,-24.1574983],[-53.2327085,-24.1709421],[-53.2413649,-24.1657519],[-53.2615058,-24.1729206],[-53.2803943,-24.1635495],[-53.2855607,-24.1707709],[-53.2746511,-24.1752677],[-53.2768446,-24.1824563],[-53.294952,-24.1809684],[-53.2997632,-24.1958425],[-53.320847,-24.1983945],[-53.328253,-24.1801491],[-53.3173358,-24.1856511],[-53.3236834,-24.1745668],[-53.3120032,-24.1666014],[-53.3221695,-24.1569111],[-53.3260336,-24.1295189],[-53.3188682,-24.1119717],[-53.3255684,-24.0942106],[-53.3119979,-24.079827],[-53.3002761,-24.0812039],[-53.300304,-24.0651908],[-53.2896323,-24.0650188],[-53.2932666,-24.0362846],[-53.28859,-24.0273729],[-53.2798346,-24.0303339],[-53.2743237,-24.0049351],[-53.2512237,-23.9946502],[-53.2490372,-23.9859987],[-53.2607627,-23.9782408],[-53.2507657,-23.9742813],[-53.2516751,-23.9638076],[-53.2439501,-23.9588232],[-53.2236919,-23.9646284],[-53.2155487,-23.9220571],[-53.1900901,-23.9141355]]]}},{"type":"Feature","properties":{"level":"municipio","municipality_code":"4114906","municipality_name":"Marilândia do Sul","uf":"PR","state_code":"41","area_km2":384.424},"geometry":{"type":"Polygon","coordinates":[[[-51.3047906,-23.7154951],[-51.2849042,-23.7089748],[-51.2643455,-23.6665279],[-51.249187,-23.6654848],[-51.2426786,-23.6571304],[-51.2383102,-23.6391487],[-51.2442642,-23.6296524],[-51.2296314,-23.6221836],[-51.2409525,-23.6018484],[-51.2295233,-23.6009991],[-51.2347177,-23.5925162],[-51.2242145,-23.5857936],[-51.2027672,-23.5895404],[-51.2006179,-23.6109681],[-51.2161039,-23.6096098],[-51.2067622,-23.6474798],[-51.2144266,-23.6581514],[-51.2132224,-23.6778983],[-51.2200381,-23.6802201],[-51.2162231,-23.6939785],[-51.2260945,-23.7090451],[-51.2352936,-23.7067042],[-51.2420724,-23.7359766],[-51.1970825,-23.7651156],[-51.1817391,-23.7637162],[-51.1722598,-23.7785485],[-51.1596765,-23.777735],[-51.1525587,-23.7623949],[-51.1458694,-23.7663736],[-51.1571881,-23.7919773],[-51.1711933,-23.7960297],[-51.1750951,-23.8102874],[-51.1860073,-23.8151842],[-51.1898045,-23.8270553],[-51.1784591,-23.8395334],[-51.2129015,-23.8592556],[-51.2277141,-23.8475617],[-51.2562623,-23.8464511],[-51.2602956,-23.8654371],[-51.2725434,-23.8709701],[-51.2750344,-23.8905294],[-51.2925054,-23.8995447],[-51.3320485,-23.8645668],[-51.3570395,-23.8627833],[-51.3650873,-23.8499243],[-51.3939655,-23.8686127],[-51.3999672,-23.8625706],[-51.4075406,-23.8722856],[-51.4142119,-23.8636999],[-51.4227287,-23.8694691],[-51.4199656,-23.8444906],[-51.3929563,-23.8464372],[-51.3920362,-23.8285913],[-51.3604031,-23.8240411],[-51.3488044,-23.7989145],[-51.3583244,-23.7978921],[-51.3718094,-23.7772008],[-51.3731159,-23.73829],[-51.3843158,-23.7395128],[-51.3866118,-23.7319194],[-51.4103516,-23.7229177],[-51.4121092,-23.7306209],[-51.4407849,-23.7016001],[-51.4234656,-23.7050557],[-51.4129658,-23.6989022],[-51.4039,-23.7118985],[-51.3841022,-23.7172477],[-51.3769594,-23.7112902],[-51.3599478,-23.7159671],[-51.3462899,-23.7056998],[-51.3047906,-23.7154951]]]}},{"type":"Feature","properties":{"level":"municipio","municipality_code":"4115200","municipality_name":"Maringá","uf":"PR","state_code":"41","area_km2":487.026},"geometry":{"type":"Polygon","coordinates":[[[-51.8933455,-23.304746],[-51.8689711,-23.2875758],[-51.8699882,-23.3046129],[-51.8555656,-23.3067124],[-51.8524344,-23.3170918],[-51.8462611,-23.31026],[-51.8366119,-23.317072],[-51.8506704,-23.3367197],[-51.8449966,-23.3467589],[-51.8509191,-23.3548581],[-51.8393116,-23.3590656],[-51.8461506,-23.390111],[-51.839881,-23.4065294],[-51.883826,-23.4225315],[-51.9079388,-23.4793235],[-51.9301063,-23.4758104],[-51.9414189,-23.4886316],[-51.9519302,-23.4870362],[-51.9607035,-23.5055394],[-51.9691957,-23.5071449],[-51.9698671,-23.5205121],[-51.9835538,-23.5193442],[-51.978904,-23.5313436],[-51.9972325,-23.5473371],[-51.9963704,-23.5583162],[-52.1002707,-23.5196633],[-52.0852126,-23.5172216],[-52.0869535,-23.506458],[-52.0704872,-23.4842358],[-52.042267,-23.4675377],[-52.018182,-23.465962],[-52.0064708,-23.454908],[-52.0450394,-23.4394114],[-52.0478787,-23.4226735],[-52.0949863,-23.400338],[-52.0737284,-23.3754776],[-52.0821944,-23.3618843],[-52.0761843,-23.3467356],[-52.0499108,-23.3393583],[-52.041105,-23.3248514],[-51.9975559,-23.3110154],[-51.9865427,-23.2967863],[-51.9775209,-23.2966639],[-51.9657181,-23.2538646],[-51.9389512,-23.2641451],[-51.9414404,-23.2734433],[-51.908175,-23.2890165],[-51.8933455,-23.304746]]]}},{"type":"Feature","properties":{"level":"municipio","municipality_code":"4115358","municipality_name":"Maripá","uf":"PR","state_code":"41","area_km2":283.793},"geometry":{"type":"Polygon","coordinates":[[[-53.8107482,-24.4859619],[-53.8508775,-24.452974],[-53.8716043,-24.4554522],[-53.8908336,-24.4696659],[-53.8968008,-24.4569476],[-53.9063946,-24.4567426],[-53.8912469,-24.4316406],[-53.910699,-24.4313211],[-53.8983466,-24.4024195],[-53.9074088,-24.3699274],[-53.7148525,-24.3695358],[-53.7157299,-24.5759058],[-53.7315248,-24.5771861],[-53.7443526,-24.5578877],[-53.7695163,-24.5503719],[-53.7780936,-24.5223167],[-53.8079444,-24.5100831],[-53.8107482,-24.4859619]]]}},{"type":"Feature","properties":{"level":"municipio","municipality_code":"4115309","municipality_name":"Mariópolis","uf":"PR","state_code":"41","area_km2":230.365},"geometry":{"type":"Polygon","coordinates":[[[-52.6026521,-26.4154203],[-52.678622,-26.352676],[-52.7005852,-26.3579947],[-52.6849598,-26.3016658],[-52.6741429,-26.3106628],[-52.6608978,-26.3014261],[-52.6398819,-26.3080706],[-52.6381202,-26.3002759],[-52.621088,-26.2973789],[-52.5880022,-26.3006858],[-52.5937295,-26.2908055],[-52.5829497,-26.2863678],[-52.5935413,-26.2790893],[-52.5639798,-26.2804111],[-52.5715893,-26.2694667],[-52.5527016,-26.2701484],[-52.5418996,-26.2588636],[-52.5521162,-26.2486506],[-52.5331209,-26.2356806],[-52.4958131,-26.2692074],[-52.492749,-26.2960469],[-52.506589,-26.315077],[-52.4971902,-26.3272613],[-52.5086197,-26.3437248],[-52.5056492,-26.3530138],[-52.5168582,-26.3705456],[-52.5118564,-26.3791909],[-52.5232321,-26.3995992],[-52.5531525,-26.4116775],[-52.5789527,-26.4081527],[-52.6026521,-26.4154203]]]}},{"type":"Feature","properties":{"level":"municipio","municipality_code":"4115408","municipality_name":"Marmeleiro","uf":"PR","state_code":"41","area_km2":387.612},"geometry":{"type":"Polygon","coordinates":[[[-53.1104925,-26.1201443],[-53.0060397,-26.1160677],[-53.0049557,-26.1051026],[-52.9932022,-26.098966],[-52.9846749,-26.1222193],[-52.9852657,-26.1594795],[-53.02246,-26.2064179],[-53.0231232,-26.1830471],[-53.0384539,-26.1825096],[-53.0308515,-26.1921002],[-53.0421263,-26.1994049],[-53.0358166,-26.2027093],[-53.0414082,-26.2171933],[-53.0681801,-26.2358855],[-53.0536248,-26.2411793],[-53.0631506,-26.2493915],[-53.0602133,-26.2585247],[-53.0674069,-26.2590139],[-53.0646238,-26.2764062],[-53.0582081,-26.2735493],[-53.0572402,-26.2844183],[-53.0455075,-26.287699],[-53.0445646,-26.3025661],[-53.0221855,-26.3193996],[-53.0279598,-26.3701685],[-53.093228,-26.3920221],[-53.0932705,-26.3824841],[-53.1269968,-26.3724881],[-53.146493,-26.35179],[-53.1444015,-26.3447828],[-53.1692948,-26.3480688],[-53.1898886,-26.2676838],[-53.1800124,-26.2534372],[-53.1895184,-26.245149],[-53.1812336,-26.2320161],[-53.1892888,-26.2219696],[-53.1688628,-26.2243801],[-53.1699002,-26.211598],[-53.1774814,-26.2105486],[-53.1648434,-26.206343],[-53.1744715,-26.2050159],[-53.1745175,-26.1969375],[-53.15271,-26.2018045],[-53.1542349,-26.1790676],[-53.1650808,-26.1803539],[-53.1609289,-26.1703323],[-53.1435683,-26.1710893],[-53.1470699,-26.1574077],[-53.1399493,-26.1660333],[-53.1295144,-26.1644498],[-53.1359023,-26.1471622],[-53.1162387,-26.1501729],[-53.1160968,-26.1356845],[-53.0973987,-26.127897],[-53.1104925,-26.1201443]]]}},{"type":"Feature","properties":{"level":"municipio","municipality_code":"4115457","municipality_name":"Marquinho","uf":"PR","state_code":"41","area_km2":518.648},"geometry":{"type":"Polygon","coordinates":[[[-52.1267703,-25.1324298],[-52.1384895,-25.139213],[-52.1368628,-25.1475815],[-52.1517452,-25.1437349],[-52.1509016,-25.1354816],[-52.1598018,-25.1371941],[-52.1538878,-25.1493287],[-52.1586934,-25.1626081],[-52.18653,-25.1450734],[-52.1906921,-25.1543354],[-52.2019637,-25.1469959],[-52.2016447,-25.1575931],[-52.217179,-25.1508469],[-52.2156784,-25.1630967],[-52.2265892,-25.1574845],[-52.2209417,-25.1478098],[-52.2370889,-25.1326643],[-52.2482837,-25.1524584],[-52.2397146,-25.1685837],[-52.2450223,-25.1756867],[-52.2379642,-25.2092403],[-52.2476186,-25.2087724],[-52.2495976,-25.2215536],[-52.2571967,-25.2225528],[-52.2395178,-25.2488505],[-52.2187689,-25.2555165],[-52.2863563,-25.2547517],[-52.2908091,-25.242477],[-52.3034914,-25.2375543],[-52.302706,-25.1981693],[-52.3258397,-25.1931615],[-52.3252722,-25.1844498],[-52.3361044,-25.1773034],[-52.3440623,-25.1838057],[-52.3545907,-25.1578881],[-52.3613931,-25.160208],[-52.3587105,-25.1514205],[-52.3751422,-25.1558957],[-52.3688342,-25.1519728],[-52.3737541,-25.1438764],[-52.3636103,-25.1368453],[-52.3847446,-25.1143909],[-52.3886059,-25.1320706],[-52.4090549,-25.1311705],[-52.4065078,-25.1155361],[-52.4191157,-25.1098381],[-52.3925553,-25.0940611],[-52.4208336,-25.0828468],[-52.4021722,-25.073057],[-52.4055692,-25.0563636],[-52.3833231,-25.0629074],[-52.381852,-25.0450397],[-52.3760317,-25.0485736],[-52.3797701,-25.0713974],[-52.3671777,-25.0684644],[-52.3664656,-25.075293],[-52.3517903,-25.0666004],[-52.3690788,-25.0327442],[-52.3497053,-25.0251074],[-52.3532567,-25.0512967],[-52.3449597,-25.0534112],[-52.3289197,-25.0391717],[-52.3401207,-25.0295285],[-52.3303984,-25.0271526],[-52.3369069,-25.0099905],[-52.3171511,-25.020629],[-52.3056847,-25.0152562],[-52.2911994,-25.025914],[-52.2969045,-25.0140919],[-52.3149335,-25.0070692],[-52.3021913,-25.0025626],[-52.3075853,-24.9984617],[-52.2993428,-24.9826481],[-52.2843604,-25.0004628],[-52.270594,-24.9974931],[-52.2639696,-25.0108738],[-52.2436253,-25.0176355],[-52.2436703,-25.0098098],[-52.2257941,-25.0094641],[-52.2527551,-24.9987712],[-52.2397956,-24.9965879],[-52.2491795,-24.9838988],[-52.242798,-24.9776579],[-52.2287392,-24.9897351],[-52.2269517,-24.9830717],[-52.1877392,-25.0012425],[-52.1850588,-24.9958204],[-52.2068207,-24.9846635],[-52.1882998,-24.9815884],[-52.1824224,-24.9929464],[-52.1699727,-24.9900396],[-52.1602868,-24.9968816],[-52.1660451,-25.0225831],[-52.1585841,-25.0183171],[-52.1469507,-25.0425999],[-52.1296874,-25.0415922],[-52.1290397,-25.0490752],[-52.1159466,-25.0530275],[-52.119221,-25.0826352],[-52.109591,-25.1038587],[-52.0869999,-25.1013267],[-52.0738162,-25.1203431],[-52.0780781,-25.1344894],[-52.0943243,-25.1391544],[-52.0939184,-25.1471508],[-52.099529,-25.1446772],[-52.1075126,-25.1563681],[-52.1141001,-25.150951],[-52.1086314,-25.1426116],[-52.12587,-25.1427701],[-52.1267703,-25.1324298]]]}},{"type":"Feature","properties":{"level":"municipio","municipality_code":"4115507","municipality_name":"Marumbi","uf":"PR","state_code":"41","area_km2":208.47},"geometry":{"type":"Polygon","coordinates":[[[-51.5857082,-23.7131904],[-51.5651049,-23.7294664],[-51.5805545,-23.740582],[-51.5613008,-23.7525994],[-51.5734867,-23.7594143],[-51.5718301,-23.7680535],[-51.5609316,-23.7663515],[-51.5701651,-23.772595],[-51.564689,-23.7909671],[-51.5712559,-23.7886594],[-51.5861668,-23.8054061],[-51.5804626,-23.8233483],[-51.5969807,-23.8168009],[-51.590104,-23.8346531],[-51.6209038,-23.8032337],[-51.629108,-23.7799624],[-51.6727964,-23.7843761],[-51.6744946,-23.7902455],[-51.6947169,-23.7824028],[-51.7107938,-23.8114718],[-51.7320524,-23.813696],[-51.7691821,-23.8408659],[-51.7712038,-23.831426],[-51.7848294,-23.8300638],[-51.7802473,-23.8214628],[-51.766035,-23.8235453],[-51.7800275,-23.8051906],[-51.7661152,-23.7998849],[-51.7633787,-23.7704388],[-51.7480682,-23.7654418],[-51.752317,-23.7534752],[-51.7374329,-23.7530046],[-51.7389877,-23.742053],[-51.7297065,-23.732957],[-51.7225123,-23.7385039],[-51.7163214,-23.7265306],[-51.7031242,-23.7274182],[-51.7156525,-23.7170734],[-51.7120113,-23.709351],[-51.6980432,-23.7162621],[-51.6949597,-23.7042594],[-51.6748517,-23.7005559],[-51.6579572,-23.6790482],[-51.6339133,-23.6668601],[-51.6188652,-23.6860434],[-51.5945965,-23.691229],[-51.5857082,-23.7131904]]]}},{"type":"Feature","properties":{"level":"municipio","municipality_code":"4115606","municipality_name":"Matelândia","uf":"PR","state_code":"41","area_km2":639.208},"geometry":{"type":"Polygon","coordinates":[[[-53.9584391,-25.4087905],[-53.9616508,-25.3822962],[-53.9908821,-25.3683795],[-54.0085611,-25.3326026],[-54.0109368,-25.1750639],[-54.0213181,-25.1752397],[-54.0211949,-25.145447],[-53.9961825,-25.1555473],[-53.9862151,-25.1498667],[-54.0006763,-25.1275952],[-53.9809708,-25.1286917],[-53.9825308,-25.0719378],[-53.9570514,-25.086102],[-53.9451675,-25.1211162],[-53.9495984,-25.1621075],[-53.9419146,-25.1783617],[-53.9214378,-25.1828496],[-53.9005572,-25.19991],[-53.90484,-25.2211931],[-53.8961468,-25.2326445],[-53.9037969,-25.2394789],[-53.8953241,-25.2534728],[-53.9060609,-25.2564546],[-53.8977009,-25.2632045],[-53.9071152,-25.2676259],[-53.9036432,-25.275562],[-53.8213492,-25.3057037],[-53.8014143,-25.3006546],[-53.7937894,-25.3181216],[-53.8093038,-25.3296703],[-53.7874141,-25.3310179],[-53.7821056,-25.3228822],[-53.7743798,-25.3359282],[-53.7891712,-25.3392371],[-53.7851563,-25.3469602],[-53.7915316,-25.3550104],[-53.7813274,-25.3585915],[-53.790667,-25.3605349],[-53.7918858,-25.3695577],[-53.7972605,-25.3578628],[-53.8114907,-25.3645241],[-53.794755,-25.3783248],[-53.8086269,-25.3761324],[-53.805211,-25.3869886],[-53.7926892,-25.3895358],[-53.8032389,-25.3987751],[-53.8125256,-25.3942663],[-53.8179916,-25.4089065],[-53.8019782,-25.4166504],[-53.815819,-25.4224514],[-53.8037211,-25.428404],[-53.8039266,-25.4385653],[-53.8183217,-25.4419591],[-53.798278,-25.4543835],[-53.8125767,-25.4578084],[-53.8050691,-25.4778669],[-53.8172991,-25.4803813],[-53.8081641,-25.4912978],[-53.8114104,-25.4991664],[-53.7950391,-25.4963243],[-53.7849572,-25.5089442],[-53.7917088,-25.5275042],[-53.7993085,-25.5268416],[-53.7998211,-25.5342004],[-53.8112794,-25.527885],[-53.8085842,-25.5398952],[-53.8197439,-25.5400915],[-53.8892137,-25.5921298],[-53.9076803,-25.5924676],[-53.9165173,-25.582928],[-53.8911355,-25.577099],[-53.9111183,-25.5657198],[-53.9029573,-25.5613556],[-53.9126707,-25.5494427],[-53.9036685,-25.5542863],[-53.9045609,-25.5381668],[-53.8957223,-25.531694],[-53.913737,-25.501297],[-53.9052186,-25.4849269],[-53.9124421,-25.4846317],[-53.9270807,-25.4579417],[-53.9468211,-25.4637473],[-53.9413229,-25.456428],[-53.9534407,-25.445062],[-53.945134,-25.4344931],[-53.957347,-25.4251082],[-53.9525346,-25.4078707],[-53.9584391,-25.4087905]]]}},{"type":"Feature","properties":{"level":"municipio","municipality_code":"4115705","municipality_name":"Matinhos","uf":"PR","state_code":"41","area_km2":117.479},"geometry":{"type":"MultiPolygon","coordinates":[[[[-48.4073458,-25.841987],[-48.4091996,-25.8415823],[-48.409292,-25.8411676],[-48.4073458,-25.841987]]],[[[-48.4770129,-25.7134153],[-48.5317912,-25.8139119],[-48.5348913,-25.8528327],[-48.5396873,-25.8476433],[-48.5496276,-25.8522815],[-48.5521728,-25.8439842],[-48.565061,-25.8405122],[-48.5593971,-25.8329028],[-48.5717039,-25.8273363],[-48.5656414,-25.8195368],[-48.5942772,-25.7858972],[-48.5993837,-25.7685936],[-48.6323266,-25.7589613],[-48.6345185,-25.7044998],[-48.5909234,-25.7289424],[-48.5860684,-25.7448466],[-48.5695571,-25.7529995],[-48.5458546,-25.7420404],[-48.5581547,-25.7187424],[-48.5379141,-25.7164008],[-48.5389898,-25.7058709],[-48.5229004,-25.6962174],[-48.5051976,-25.7084734],[-48.4770129,-25.7134153]]],[[[-48.3638196,-25.7353362],[-48.3673462,-25.7360521],[-48.36556,-25.7344621],[-48.3638196,-25.7353362]]],[[[-48.3713917,-25.7333746],[-48.3694704,-25.7353511],[-48.3726635,-25.7333755],[-48.3713917,-25.7333746]]]]}},{"type":"Feature","properties":{"level":"municipio","municipality_code":"4115739","municipality_name":"Mato Rico","uf":"PR","state_code":"41","area_km2":394.533},"geometry":{"type":"Polygon","coordinates":[[[-52.1668996,-24.7860076],[-52.1859917,-24.7788019],[-52.1782534,-24.7743318],[-52.1829852,-24.7689663],[-52.2063135,-24.7722175],[-52.2092568,-24.757367],[-52.2195931,-24.7589603],[-52.2182254,-24.7723515],[-52.2415984,-24.7683236],[-52.229051,-24.7777441],[-52.2331646,-24.7815281],[-52.2530304,-24.7719816],[-52.2668558,-24.7823604],[-52.283647,-24.7796919],[-52.2886884,-24.7727731],[-52.281404,-24.758514],[-52.2926672,-24.7675894],[-52.2994594,-24.7606234],[-52.2906215,-24.7476412],[-52.3111387,-24.7394027],[-52.2880006,-24.7337126],[-52.3066531,-24.7263648],[-52.3234824,-24.7304681],[-52.3312213,-24.7212998],[-52.3347374,-24.7336043],[-52.3259436,-24.7362456],[-52.326953,-24.743329],[-52.3400146,-24.7423587],[-52.3415419,-24.7511626],[-52.3600552,-24.7571642],[-52.3762953,-24.7554664],[-52.3827552,-24.7457897],[-52.3686843,-24.7396354],[-52.3945375,-24.7301804],[-52.3941098,-24.7166042],[-52.3696394,-24.7072373],[-52.3709628,-24.6929535],[-52.3451058,-24.6908757],[-52.3468533,-24.6798433],[-52.3319074,-24.6859029],[-52.3207346,-24.6621898],[-52.2975884,-24.6645774],[-52.2963156,-24.6563816],[-52.2852077,-24.6577941],[-52.284911,-24.6486364],[-52.2785205,-24.6523765],[-52.2736749,-24.6424564],[-52.2545508,-24.6401644],[-52.2294609,-24.6235845],[-52.1973408,-24.6188089],[-52.1776434,-24.6236238],[-52.1720044,-24.6329468],[-52.1341439,-24.6253307],[-52.1137595,-24.6017062],[-52.0946307,-24.5968492],[-52.0873706,-24.6086093],[-52.0935692,-24.6128708],[-52.0917847,-24.6304896],[-52.1060778,-24.6465816],[-52.1020195,-24.655926],[-52.0918449,-24.6573386],[-52.0924986,-24.6753564],[-52.0762042,-24.6943763],[-52.0912568,-24.7068554],[-52.09469,-24.7234347],[-52.0883514,-24.7254008],[-52.1176517,-24.7619455],[-52.1169409,-24.7789768],[-52.1291705,-24.7761699],[-52.119802,-24.7867756],[-52.1506615,-24.781015],[-52.1568548,-24.7964387],[-52.1775181,-24.7919049],[-52.1668996,-24.7860076]]]}},{"type":"Feature","properties":{"level":"municipio","municipality_code":"4115754","municipality_name":"Mauá da Serra","uf":"PR","state_code":"41","area_km2":108.324},"geometry":{"type":"Polygon","coordinates":[[[-51.1649372,-23.9447601],[-51.1984018,-23.9109287],[-51.2156698,-23.9079005],[-51.2333175,-23.9159602],[-51.2751212,-23.8889621],[-51.2562623,-23.8464511],[-51.2277141,-23.8475617],[-51.2129015,-23.8592556],[-51.1784591,-23.8395334],[-51.1770612,-23.8484543],[-51.1904271,-23.8538154],[-51.1782791,-23.8608919],[-51.1839786,-23.8714006],[-51.179082,-23.8879889],[-51.1690982,-23.8935514],[-51.1710508,-23.9268292],[-51.1361992,-23.9215285],[-51.1238682,-23.9264486],[-51.1110126,-23.9103587],[-51.0803667,-23.9089938],[-51.0907042,-23.9311816],[-51.1125637,-23.9426741],[-51.1101432,-23.9657846],[-51.0943984,-23.9781087],[-51.1009829,-23.9919034],[-51.12531,-23.9907263],[-51.1464555,-23.9782034],[-51.1533125,-23.9608638],[-51.1661531,-23.9623551],[-51.1722359,-23.9558771],[-51.1649372,-23.9447601]]]}},{"type":"Feature","properties":{"level":"municipio","municipality_code":"4115804","municipality_name":"Medianeira","uf":"PR","state_code":"41","area_km2":328.732},"geometry":{"type":"Polygon","coordinates":[[[-54.085314,-25.3611578],[-54.1288338,-25.3545635],[-54.1492854,-25.3305214],[-54.1602801,-25.3269722],[-54.1707341,-25.3342236],[-54.1754519,-25.2732726],[-54.1837759,-25.2576961],[-54.1778792,-25.2350307],[-54.2037896,-25.1966525],[-54.1952067,-25.1900553],[-54.1898296,-25.1972606],[-54.1794069,-25.1952668],[-54.1752777,-25.175309],[-54.1561706,-25.1938389],[-54.1497135,-25.183207],[-54.1397262,-25.1856586],[-54.1400568,-25.1745656],[-54.1274488,-25.1833632],[-54.1236936,-25.1752934],[-54.1152023,-25.1796974],[-54.1024861,-25.1723414],[-54.1028822,-25.1655851],[-54.0993003,-25.1765205],[-54.0109368,-25.1750639],[-54.0085611,-25.3326026],[-53.9923777,-25.3627124],[-54.013203,-25.3627851],[-54.0432649,-25.3343739],[-54.085314,-25.3611578]]]}},{"type":"Feature","properties":{"level":"municipio","municipality_code":"4115853","municipality_name":"Mercedes","uf":"PR","state_code":"41","area_km2":197.136},"geometry":{"type":"Polygon","coordinates":[[[-54.2523124,-24.3848011],[-54.2039699,-24.3811533],[-54.1920989,-24.3712848],[-54.1614373,-24.387193],[-54.1624887,-24.3768817],[-54.1511379,-24.3712183],[-54.1433102,-24.3802027],[-54.1500202,-24.3904432],[-54.1311858,-24.3961304],[-54.1390801,-24.3851766],[-54.1312928,-24.3823415],[-54.1210894,-24.389364],[-54.1197085,-24.4041605],[-54.112489,-24.3909623],[-54.1107377,-24.3983162],[-54.0987969,-24.4004668],[-54.1085708,-24.4074506],[-54.0901712,-24.4387733],[-54.1009482,-24.4564707],[-54.0949597,-24.4712563],[-54.117785,-24.4759668],[-54.1179587,-24.4865671],[-54.152688,-24.4848685],[-54.159692,-24.4961737],[-54.209162,-24.4955487],[-54.2388128,-24.4612993],[-54.2507116,-24.4551581],[-54.2560702,-24.4630441],[-54.261319,-24.4498497],[-54.2716863,-24.4498395],[-54.2956308,-24.4276156],[-54.2616204,-24.3750252],[-54.2523124,-24.3848011]]]}},{"type":"Feature","properties":{"level":"municipio","municipality_code":"4115903","municipality_name":"Mirador","uf":"PR","state_code":"41","area_km2":221.708},"geometry":{"type":"Polygon","coordinates":[[[-52.7879978,-23.268981],[-52.8459389,-23.2781308],[-52.8629879,-23.2679413],[-52.8546068,-23.2634944],[-52.8496298,-23.2291415],[-52.8120869,-23.2183652],[-52.7977426,-23.1990234],[-52.7973349,-23.1848595],[-52.7724886,-23.17976],[-52.7499662,-23.1091143],[-52.6861321,-23.1195478],[-52.6499798,-23.1169162],[-52.6503336,-23.1627152],[-52.6764327,-23.1830617],[-52.6904033,-23.2064283],[-52.7196017,-23.2238471],[-52.7062431,-23.2450673],[-52.714431,-23.2491537],[-52.7149358,-23.2760052],[-52.7637045,-23.2959318],[-52.7879978,-23.268981]]]}},{"type":"Feature","properties":{"level":"municipio","municipality_code":"4116000","municipality_name":"Miraselva","uf":"PR","state_code":"41","area_km2":90.294},"geometry":{"type":"Polygon","coordinates":[[[-51.4363417,-22.9154829],[-51.4655783,-22.992535],[-51.4690514,-23.0448212],[-51.4920788,-23.0667257],[-51.5321395,-22.931461],[-51.468928,-22.9151109],[-51.4363417,-22.9154829]]]}},{"type":"Feature","properties":{"level":"municipio","municipality_code":"4116059","municipality_name":"Missal","uf":"PR","state_code":"41","area_km2":324.397},"geometry":{"type":"Polygon","coordinates":[[[-54.1020433,-25.1110157],[-54.1024861,-25.1723414],[-54.1152023,-25.1796974],[-54.1236936,-25.1752934],[-54.1280193,-25.1834395],[-54.1400568,-25.1745656],[-54.1397262,-25.1856586],[-54.1497135,-25.183207],[-54.1561706,-25.1938389],[-54.1752777,-25.175309],[-54.1794069,-25.1952668],[-54.1898296,-25.1972606],[-54.2175292,-25.1860413],[-54.2154081,-25.1724603],[-54.224146,-25.1608058],[-54.2755464,-25.1422557],[-54.2888639,-25.1184038],[-54.306375,-25.1281379],[-54.3200717,-25.1245062],[-54.3317031,-25.1039093],[-54.3587247,-25.0965353],[-54.3654346,-25.0769415],[-54.3788178,-25.077232],[-54.3900371,-25.0627467],[-54.4100731,-25.0687049],[-54.4088537,-25.0614431],[-54.4184837,-25.0598735],[-54.3914292,-25.0283094],[-54.36724,-25.0341892],[-54.3441241,-25.0270624],[-54.3249097,-25.0415151],[-54.307017,-25.0357251],[-54.3084655,-25.0225538],[-54.299373,-25.0208356],[-54.1644317,-25.0177339],[-54.1943658,-25.1127072],[-54.1020433,-25.1110157]]]}},{"type":"Feature","properties":{"level":"municipio","municipality_code":"4116109","municipality_name":"Moreira Sales","uf":"PR","state_code":"41","area_km2":353.475},"geometry":{"type":"Polygon","coordinates":[[[-52.8941517,-24.1092051],[-53.0376336,-24.061401],[-53.0727804,-24.092762],[-53.1081668,-24.0902488],[-53.1238739,-24.1050333],[-53.1315881,-24.1028737],[-53.1072081,-23.9285955],[-53.036314,-23.9382831],[-53.0315566,-23.947876],[-53.0029782,-23.9531198],[-52.999254,-23.9670904],[-52.9889458,-23.9659747],[-52.9855276,-23.9758755],[-52.9687647,-23.9630645],[-52.9520736,-23.9716831],[-52.9346039,-23.9697843],[-52.9356306,-23.983184],[-52.9231204,-23.9879942],[-52.9075218,-23.9821532],[-52.9023098,-23.9924472],[-52.8748059,-23.9883164],[-52.8827009,-24.0072371],[-52.8753938,-24.0167898],[-52.8840846,-24.0336824],[-52.8758044,-24.0351195],[-52.885895,-24.0426229],[-52.8701772,-24.0943122],[-52.8540148,-24.1157562],[-52.8941517,-24.1092051]]]}},{"type":"Feature","properties":{"level":"municipio","municipality_code":"4116208","municipality_name":"Morretes","uf":"PR","state_code":"41","area_km2":684.58},"geometry":{"type":"Polygon","coordinates":[[[-48.680496,-25.5307306],[-48.7041148,-25.5678178],[-48.6846272,-25.6172663],[-48.6883351,-25.6270116],[-48.750911,-25.5973707],[-48.7613098,-25.5987805],[-48.760485,-25.6106323],[-48.7762953,-25.6098478],[-48.8024712,-25.6255049],[-48.8472706,-25.6103273],[-48.8731573,-25.65563],[-48.8651012,-25.6664225],[-48.9032746,-25.6677811],[-48.9236887,-25.6997341],[-48.9753274,-25.7248998],[-48.9779732,-25.7176725],[-48.9654316,-25.7003021],[-48.969742,-25.664848],[-48.9509004,-25.6418506],[-48.9582605,-25.6344051],[-48.9585634,-25.6011078],[-48.9448796,-25.5937761],[-48.9360107,-25.6021811],[-48.9422654,-25.5814478],[-48.956938,-25.5837745],[-48.9746003,-25.5730165],[-48.9650852,-25.558894],[-48.9728419,-25.5457525],[-48.9613645,-25.5379689],[-48.9751134,-25.5089127],[-48.9409814,-25.4757991],[-48.9628882,-25.4512182],[-48.9689802,-25.4274528],[-48.9487977,-25.4175424],[-48.9545303,-25.4121477],[-48.9447308,-25.3881566],[-48.9190192,-25.3794385],[-48.8997067,-25.3489725],[-48.9056988,-25.3093332],[-48.8980609,-25.2953058],[-48.8844939,-25.2902766],[-48.8448849,-25.3099968],[-48.8529843,-25.320864],[-48.8412461,-25.3354137],[-48.8499889,-25.3676653],[-48.8289243,-25.3767573],[-48.8345474,-25.3878109],[-48.823956,-25.4058845],[-48.8301859,-25.4126874],[-48.8108933,-25.4548599],[-48.7847858,-25.4786309],[-48.7751857,-25.4735331],[-48.7542815,-25.4824299],[-48.7321006,-25.4794706],[-48.7036595,-25.4992033],[-48.6838286,-25.5025371],[-48.680496,-25.5307306]]]}},{"type":"Feature","properties":{"level":"municipio","municipality_code":"4116307","municipality_name":"Munhoz de Melo","uf":"PR","state_code":"41","area_km2":137.018},"geometry":{"type":"Polygon","coordinates":[[[-51.7916431,-23.1940305],[-51.7979394,-23.1707512],[-51.7885447,-23.1466358],[-51.7635933,-23.1229817],[-51.7542956,-23.0962524],[-51.759318,-23.0658799],[-51.749377,-23.0391586],[-51.6930091,-23.076136],[-51.6789007,-23.0736553],[-51.6721533,-23.0885558],[-51.6889561,-23.1527714],[-51.7238532,-23.1701859],[-51.726762,-23.193415],[-51.7500021,-23.1938039],[-51.731867,-23.2224814],[-51.7786878,-23.209956],[-51.7792612,-23.1986143],[-51.7916431,-23.1940305]]]}},{"type":"Feature","properties":{"level":"municipio","municipality_code":"4116406","municipality_name":"Nossa Senhora das Graças","uf":"PR","state_code":"41","area_km2":185.769},"geometry":{"type":"Polygon","coordinates":[[[-51.7284374,-22.9080844],[-51.7172821,-22.9308034],[-51.7543942,-22.9444232],[-51.7600488,-22.9686396],[-51.7955958,-23.0088961],[-51.7985421,-23.001735],[-51.8113203,-23.0029517],[-51.8130982,-22.9925142],[-51.8262659,-22.9791645],[-51.8383479,-22.9792042],[-51.843962,-22.9672227],[-51.8734326,-22.9566806],[-51.8543797,-22.9083419],[-51.8642358,-22.8996657],[-51.8435451,-22.8870928],[-51.8400521,-22.829869],[-51.8002136,-22.8310155],[-51.7917069,-22.8413447],[-51.7637206,-22.849115],[-51.7483393,-22.8758896],[-51.7219324,-22.8941919],[-51.7284374,-22.9080844]]]}},{"type":"Feature","properties":{"level":"municipio","municipality_code":"4116505","municipality_name":"Nova Aliança do Ivaí","uf":"PR","state_code":"41","area_km2":131.272},"geometry":{"type":"Polygon","coordinates":[[[-52.6500848,-23.1603559],[-52.6499798,-23.1169162],[-52.6020421,-23.1092143],[-52.5466918,-23.121819],[-52.5479849,-23.184295],[-52.6119214,-23.2324397],[-52.6401323,-23.2240033],[-52.6461175,-23.2153115],[-52.6742799,-23.2112902],[-52.6931397,-23.2202837],[-52.7014458,-23.2113426],[-52.6500848,-23.1603559]]]}},{"type":"Feature","properties":{"level":"municipio","municipality_code":"4116604","municipality_name":"Nova América da Colina","uf":"PR","state_code":"41","area_km2":129.476},"geometry":{"type":"Polygon","coordinates":[[[-50.7359555,-23.367468],[-50.7674245,-23.3457395],[-50.7580591,-23.3395698],[-50.763781,-23.330213],[-50.7556914,-23.3255551],[-50.7607366,-23.2928599],[-50.7521898,-23.2891252],[-50.7608397,-23.2875161],[-50.7539844,-23.27694],[-50.7637812,-23.2744813],[-50.7359482,-23.2508999],[-50.7343662,-23.2752861],[-50.7135065,-23.2723719],[-50.7267018,-23.2788706],[-50.7255005,-23.2872064],[-50.7181717,-23.2842494],[-50.7127528,-23.2959225],[-50.7000293,-23.2896407],[-50.69867,-23.3011314],[-50.6810311,-23.3035636],[-50.6914732,-23.3162141],[-50.6777513,-23.3150484],[-50.6756654,-23.3276949],[-50.6688314,-23.3228943],[-50.6373919,-23.3387217],[-50.6517545,-23.3441417],[-50.6443053,-23.3498781],[-50.664763,-23.3631025],[-50.6455347,-23.3648493],[-50.6523245,-23.3809479],[-50.6381671,-23.3843793],[-50.6465332,-23.398305],[-50.6292099,-23.4093802],[-50.6377242,-23.4188553],[-50.651144,-23.4190954],[-50.6629703,-23.3923206],[-50.6840121,-23.3909865],[-50.6950513,-23.406352],[-50.7205705,-23.4155898],[-50.736165,-23.4032944],[-50.7359555,-23.367468]]]}},{"type":"Feature","properties":{"level":"municipio","municipality_code":"4116703","municipality_name":"Nova Aurora","uf":"PR","state_code":"41","area_km2":470.642},"geometry":{"type":"Polygon","coordinates":[[[-53.2287061,-24.572861],[-53.2273743,-24.5870363],[-53.2373737,-24.589038],[-53.2220631,-24.6078541],[-53.2257019,-24.6166936],[-53.2377541,-24.6175134],[-53.2376781,-24.6267932],[-53.2672436,-24.6223054],[-53.2760997,-24.6109448],[-53.2718041,-24.6049533],[-53.2924119,-24.5857598],[-53.3185926,-24.5981571],[-53.3391914,-24.5717385],[-53.3475378,-24.5754455],[-53.3501576,-24.5961616],[-53.3631733,-24.608112],[-53.3587313,-24.6132009],[-53.3739309,-24.6251931],[-53.3711455,-24.6384619],[-53.3862891,-24.6524598],[-53.4265309,-24.6417011],[-53.4274524,-24.6288187],[-53.4369831,-24.6266429],[-53.4272948,-24.5853464],[-53.4414573,-24.5687525],[-53.4301191,-24.5590124],[-53.4411448,-24.5563932],[-53.4393237,-24.5470672],[-53.4477645,-24.5441544],[-53.3446407,-24.5402306],[-53.3447178,-24.5257596],[-53.3511256,-24.5247609],[-53.3414385,-24.5153518],[-53.3515508,-24.4951735],[-53.3420523,-24.4986668],[-53.3489319,-24.490467],[-53.3376825,-24.4922714],[-53.3351727,-24.4815572],[-53.3279956,-24.4871867],[-53.3182947,-24.4809918],[-53.3209106,-24.4723956],[-53.3133179,-24.4673365],[-53.3221739,-24.4628807],[-53.3165021,-24.456905],[-53.3206772,-24.4464065],[-53.3110538,-24.4460064],[-53.3176398,-24.436846],[-53.3062696,-24.433752],[-53.3174933,-24.4284866],[-53.2430358,-24.4172496],[-53.2591874,-24.4061144],[-53.2616719,-24.3971314],[-53.2511946,-24.3944023],[-53.2509621,-24.3850096],[-53.2682956,-24.3671986],[-53.267687,-24.3468959],[-53.2754695,-24.3385338],[-53.256661,-24.3380745],[-53.2471652,-24.3290071],[-53.2250952,-24.3547262],[-53.2021031,-24.3411783],[-53.1907428,-24.3604789],[-53.1671012,-24.3639123],[-53.1519572,-24.417294],[-53.1688952,-24.437105],[-53.1608702,-24.4605701],[-53.1643965,-24.4940274],[-53.1823091,-24.5144842],[-53.1745979,-24.5275699],[-53.206512,-24.5354416],[-53.2087079,-24.5458266],[-53.2026509,-24.5436091],[-53.2009498,-24.5519496],[-53.2155696,-24.5485246],[-53.2287061,-24.572861]]]}},{"type":"Feature","properties":{"level":"municipio","municipality_code":"4116802","municipality_name":"Nova Cantu","uf":"PR","state_code":"41","area_km2":555.488},"geometry":{"type":"Polygon","coordinates":[[[-52.6034592,-24.7663481],[-52.6334622,-24.7605258],[-52.6247623,-24.775072],[-52.6302926,-24.7793352],[-52.6571876,-24.7683556],[-52.6687163,-24.7736937],[-52.6907039,-24.7574814],[-52.7013369,-24.7791936],[-52.7069678,-24.7681969],[-52.6916669,-24.7538884],[-52.7121917,-24.7363367],[-52.7058331,-24.7280599],[-52.686005,-24.7310106],[-52.6899517,-24.723028],[-52.6801441,-24.7139708],[-52.6948607,-24.7025098],[-52.6888639,-24.6900455],[-52.6932771,-24.6809475],[-52.6850571,-24.6836757],[-52.6886429,-24.6715017],[-52.6732279,-24.67746],[-52.6673895,-24.6705664],[-52.6827565,-24.6647978],[-52.684814,-24.6551315],[-52.6620586,-24.6579283],[-52.6561121,-24.6506605],[-52.6646693,-24.6385594],[-52.6570061,-24.6345927],[-52.6534179,-24.6403745],[-52.639283,-24.6167311],[-52.6190526,-24.6117359],[-52.6211343,-24.6054357],[-52.6106686,-24.6036588],[-52.5960542,-24.5756323],[-52.6095908,-24.52747],[-52.6569474,-24.4986551],[-52.6368871,-24.4982235],[-52.6443753,-24.4956155],[-52.6373182,-24.4888977],[-52.645882,-24.4806767],[-52.633224,-24.4784732],[-52.6278241,-24.4836279],[-52.6350464,-24.4876821],[-52.6213548,-24.4911819],[-52.6253825,-24.4963266],[-52.6184941,-24.4950245],[-52.6134522,-24.5085313],[-52.6150135,-24.5013056],[-52.6059469,-24.5058554],[-52.6052145,-24.4962221],[-52.5937114,-24.5139297],[-52.5919424,-24.5087592],[-52.577652,-24.5129037],[-52.5618719,-24.4981931],[-52.5562965,-24.5012774],[-52.5587574,-24.5179669],[-52.5396483,-24.5095315],[-52.5394403,-24.5213799],[-52.5286988,-24.5288801],[-52.5086148,-24.5229667],[-52.517529,-24.5484376],[-52.5004214,-24.5694903],[-52.4767095,-24.5752503],[-52.4236536,-24.6420797],[-52.4182567,-24.6580282],[-52.4246579,-24.6675182],[-52.4146386,-24.6787616],[-52.4221619,-24.6747649],[-52.4285793,-24.6851006],[-52.4185055,-24.6879643],[-52.4241369,-24.711703],[-52.4305726,-24.7033072],[-52.438367,-24.7130712],[-52.4361399,-24.7205338],[-52.4204042,-24.7232653],[-52.4389849,-24.7300088],[-52.4262868,-24.7357255],[-52.437832,-24.7366053],[-52.4370387,-24.747472],[-52.4674907,-24.7440145],[-52.4710802,-24.7516273],[-52.4841915,-24.7342984],[-52.4976795,-24.7437226],[-52.4923206,-24.7514805],[-52.504795,-24.7493003],[-52.5216371,-24.7678051],[-52.5372588,-24.7635231],[-52.5414345,-24.7491992],[-52.5427152,-24.7710307],[-52.5672173,-24.76102],[-52.5857031,-24.7627381],[-52.5941748,-24.7671241],[-52.5868999,-24.777116],[-52.5925011,-24.784283],[-52.6063886,-24.7812619],[-52.6074679,-24.7732515],[-52.6189421,-24.7745184],[-52.6034592,-24.7663481]]]}},{"type":"Feature","properties":{"level":"municipio","municipality_code":"4116901","municipality_name":"Nova Esperança","uf":"PR","state_code":"41","area_km2":401.587},"geometry":{"type":"Polygon","coordinates":[[[-52.1907027,-23.1147325],[-52.1536243,-23.1039959],[-52.1457844,-23.1292772],[-52.1292803,-23.1464392],[-52.0986697,-23.1463077],[-52.1239063,-23.1671972],[-52.1218297,-23.1957514],[-52.1084227,-23.1928496],[-52.1467569,-23.2138972],[-52.1641181,-23.2336501],[-52.1556581,-23.2437201],[-52.1703528,-23.2443639],[-52.1789589,-23.2597194],[-52.1881716,-23.2623136],[-52.2187426,-23.2479807],[-52.2437717,-23.2681615],[-52.3439094,-23.3001125],[-52.3988179,-23.2788018],[-52.4006356,-23.2618918],[-52.4207601,-23.2507817],[-52.4205196,-23.2341079],[-52.3818042,-23.1987369],[-52.3144102,-23.1941454],[-52.257995,-23.1678357],[-52.2438351,-23.1713515],[-52.2329901,-23.139543],[-52.2528513,-23.0644149],[-52.2477568,-23.0263447],[-52.182387,-23.0425399],[-52.1907027,-23.1147325]]]}},{"type":"Feature","properties":{"level":"municipio","municipality_code":"4116950","municipality_name":"Nova Esperança do Sudoeste","uf":"PR","state_code":"41","area_km2":208.472},"geometry":{"type":"Polygon","coordinates":[[[-53.2067383,-25.9119553],[-53.2185705,-25.9476995],[-53.242296,-25.9554154],[-53.2309099,-25.9912753],[-53.2363882,-25.998376],[-53.238924,-25.9866324],[-53.2568231,-25.9774379],[-53.2773183,-25.9818569],[-53.3052351,-25.9645908],[-53.3250147,-25.9630958],[-53.334985,-25.9707418],[-53.3419571,-25.9560145],[-53.3369899,-25.9445848],[-53.3504891,-25.9443481],[-53.3501857,-25.9303186],[-53.33532,-25.9219184],[-53.3453996,-25.9186626],[-53.3258085,-25.922602],[-53.3383516,-25.9081316],[-53.3538223,-25.9116583],[-53.3484043,-25.9059107],[-53.3637944,-25.8967273],[-53.3428913,-25.8905669],[-53.351231,-25.8755634],[-53.3251423,-25.8810956],[-53.3077525,-25.8760476],[-53.294066,-25.851162],[-53.2895652,-25.8682913],[-53.2496953,-25.8579717],[-53.2384608,-25.8486264],[-53.2318769,-25.8235971],[-53.2078498,-25.8012192],[-53.2136283,-25.7821949],[-53.2051756,-25.7878733],[-53.1954305,-25.781201],[-53.1900963,-25.7871113],[-53.1970368,-25.7884505],[-53.1950991,-25.8019335],[-53.1894591,-25.8016414],[-53.1921519,-25.7942172],[-53.1758143,-25.8006982],[-53.1805396,-25.8053732],[-53.1722346,-25.8151816],[-53.1843798,-25.8152881],[-53.1775655,-25.8343205],[-53.1680987,-25.8390251],[-53.1831563,-25.842442],[-53.182298,-25.8570058],[-53.1668161,-25.878281],[-53.1800429,-25.8845318],[-53.1880933,-25.9037036],[-53.2067383,-25.9119553]]]}},{"type":"Feature","properties":{"level":"municipio","municipality_code":"4117008","municipality_name":"Nova Fátima","uf":"PR","state_code":"41","area_km2":283.423},"geometry":{"type":"Polygon","coordinates":[[[-50.5364202,-23.3708187],[-50.5119468,-23.3496171],[-50.4935291,-23.3491991],[-50.4827526,-23.3256253],[-50.4688861,-23.3262796],[-50.4762248,-23.3469255],[-50.4573313,-23.359972],[-50.4777467,-23.371137],[-50.4479912,-23.3763446],[-50.4629137,-23.3950979],[-50.4388039,-23.3851904],[-50.447474,-23.397624],[-50.4419967,-23.4052013],[-50.4575809,-23.4116146],[-50.4504155,-23.4157355],[-50.4545221,-23.4224483],[-50.439419,-23.4235751],[-50.436721,-23.4401876],[-50.4303339,-23.4407976],[-50.4417804,-23.4428737],[-50.4348308,-23.4559618],[-50.4220542,-23.4523505],[-50.4126726,-23.459369],[-50.4189467,-23.4778377],[-50.566746,-23.4804066],[-50.5997422,-23.4941703],[-50.6057045,-23.4854395],[-50.6217143,-23.4875608],[-50.6077471,-23.4770282],[-50.617046,-23.4654798],[-50.608425,-23.4552021],[-50.628247,-23.4563698],[-50.6246004,-23.4474375],[-50.6344189,-23.4362074],[-50.6447661,-23.4414388],[-50.6334739,-23.434368],[-50.6380775,-23.4175002],[-50.6290887,-23.408988],[-50.6465332,-23.398305],[-50.6381671,-23.3843793],[-50.6523245,-23.3809479],[-50.6455347,-23.3648493],[-50.664763,-23.3631025],[-50.6443053,-23.3498781],[-50.6517545,-23.3441417],[-50.6319434,-23.3510154],[-50.5895249,-23.3474307],[-50.5746917,-23.3753256],[-50.5600311,-23.3661295],[-50.5364202,-23.3708187]]]}},{"type":"Feature","properties":{"level":"municipio","municipality_code":"4117057","municipality_name":"Nova Laranjeiras","uf":"PR","state_code":"41","area_km2":1209.313},"geometry":{"type":"Polygon","coordinates":[[[-52.4050738,-25.119822],[-52.409397,-25.1306408],[-52.3968681,-25.1276539],[-52.3917733,-25.1408832],[-52.4114471,-25.1366048],[-52.4146479,-25.1508759],[-52.4091446,-25.1487722],[-52.4067027,-25.1571314],[-52.4169583,-25.153329],[-52.4099247,-25.1646359],[-52.4272852,-25.1779402],[-52.4189065,-25.1814416],[-52.4222711,-25.1894863],[-52.4085744,-25.1887021],[-52.4132531,-25.198018],[-52.4235265,-25.1961758],[-52.4184635,-25.2066002],[-52.4463418,-25.2350225],[-52.4097486,-25.2538333],[-52.4099206,-25.2851944],[-52.4260595,-25.3008086],[-52.41983,-25.3334529],[-52.5008324,-25.3212747],[-52.5179651,-25.3455476],[-52.5150736,-25.3567205],[-52.5278125,-25.3568975],[-52.5235521,-25.3802607],[-52.5270769,-25.3882042],[-52.5349145,-25.3869789],[-52.5299646,-25.3948007],[-52.5505196,-25.4093436],[-52.5503793,-25.4277406],[-52.5869303,-25.4289747],[-52.6164333,-25.4653844],[-52.627313,-25.4570813],[-52.6261464,-25.4449196],[-52.6375599,-25.4432859],[-52.6887257,-25.4609593],[-52.69794,-25.4799442],[-52.7121919,-25.4888887],[-52.7219762,-25.467407],[-52.741932,-25.4561548],[-52.7614811,-25.457469],[-52.7503913,-25.449948],[-52.7637591,-25.4510494],[-52.7614579,-25.4414701],[-52.7504472,-25.4324876],[-52.7431951,-25.4433024],[-52.738495,-25.4331201],[-52.7440968,-25.4147297],[-52.7334872,-25.4148905],[-52.7490739,-25.4041147],[-52.7382381,-25.4071874],[-52.7305769,-25.3949352],[-52.7263963,-25.4047333],[-52.7160496,-25.4014528],[-52.7183185,-25.3846291],[-52.7030477,-25.3905578],[-52.7088419,-25.3855815],[-52.7026927,-25.3789559],[-52.7110995,-25.3732462],[-52.7065736,-25.3668814],[-52.7133712,-25.3648723],[-52.7042036,-25.3545993],[-52.7124675,-25.3444738],[-52.7007152,-25.3451359],[-52.6989337,-25.3391254],[-52.7075638,-25.3386048],[-52.6983999,-25.3256997],[-52.6708732,-25.3147913],[-52.6729818,-25.3026682],[-52.6617777,-25.292452],[-52.6929453,-25.2744572],[-52.8399967,-25.273537],[-52.8433272,-25.2578742],[-52.8057483,-25.2485248],[-52.7944892,-25.2575413],[-52.7953489,-25.2470693],[-52.7860401,-25.253063],[-52.7764884,-25.2482267],[-52.7742445,-25.2299803],[-52.7595279,-25.2369275],[-52.7537727,-25.2265508],[-52.7386524,-25.2295491],[-52.7348536,-25.2174239],[-52.7211709,-25.2123555],[-52.7009589,-25.2173908],[-52.6729771,-25.2010505],[-52.6562432,-25.2036297],[-52.6585335,-25.1878537],[-52.6912398,-25.1643466],[-52.6690273,-25.1459356],[-52.6701179,-25.1287622],[-52.6565746,-25.1076327],[-52.6643385,-25.0960884],[-52.6526874,-25.088943],[-52.6615546,-25.0830671],[-52.6554416,-25.0759528],[-52.6615442,-25.0704372],[-52.6331662,-25.058364],[-52.6389305,-25.0531576],[-52.6185941,-25.0467648],[-52.6223103,-25.0396852],[-52.6139297,-25.0426832],[-52.610531,-25.0282257],[-52.6172623,-25.0186462],[-52.6030122,-25.0204463],[-52.6066008,-25.0158922],[-52.6001582,-25.0139327],[-52.6225056,-24.9760859],[-52.6035742,-24.9632762],[-52.5670909,-24.9665084],[-52.5440697,-24.9922383],[-52.5637108,-24.9916574],[-52.5623698,-25.004071],[-52.5830386,-25.0065438],[-52.5598913,-25.0261327],[-52.5579796,-25.0098825],[-52.5476282,-25.0189211],[-52.5542438,-25.0365016],[-52.5207484,-25.0499332],[-52.5121829,-25.0440966],[-52.5197083,-25.0251316],[-52.5073307,-25.0324123],[-52.5025885,-25.0245495],[-52.4855685,-25.0264241],[-52.4988969,-25.0157269],[-52.4855511,-24.998363],[-52.481653,-25.0242208],[-52.47007,-25.0312484],[-52.4665994,-25.0241891],[-52.4554991,-25.0279794],[-52.4507721,-25.0438708],[-52.4358402,-25.0201503],[-52.4115896,-25.014637],[-52.431424,-25.0352066],[-52.4121838,-25.0308995],[-52.3992226,-25.063196],[-52.4021722,-25.073057],[-52.4208336,-25.0828468],[-52.3925553,-25.0940611],[-52.4191157,-25.1098381],[-52.4050738,-25.119822]]]}},{"type":"Feature","properties":{"level":"municipio","municipality_code":"4117107","municipality_name":"Nova Londrina","uf":"PR","state_code":"41","area_km2":269.389},"geometry":{"type":"Polygon","coordinates":[[[-53.0104159,-22.7528835],[-52.9947274,-22.7085712],[-53.0165883,-22.6545929],[-53.0347428,-22.6543042],[-53.0245528,-22.6338055],[-53.0385254,-22.6184136],[-53.011673,-22.598795],[-53.0052256,-22.6220977],[-52.9605784,-22.6931299],[-52.9644751,-22.7313248],[-52.949853,-22.7709518],[-52.8492901,-22.7824296],[-52.8578313,-22.8223657],[-52.8543836,-22.8788933],[-52.8660051,-22.8823055],[-52.8767742,-22.9030352],[-52.9169262,-22.8510522],[-52.9378871,-22.8778061],[-52.9504149,-22.8817455],[-52.9898906,-22.8414491],[-52.9972877,-22.8560208],[-53.0342415,-22.8551604],[-53.0388748,-22.8086767],[-53.0171539,-22.7494747],[-53.0104159,-22.7528835]]]}},{"type":"Feature","properties":{"level":"municipio","municipality_code":"4117206","municipality_name":"Nova Olímpia","uf":"PR","state_code":"41","area_km2":136.347},"geometry":{"type":"Polygon","coordinates":[[[-53.1190189,-23.4985859],[-53.1037684,-23.3440676],[-53.0279763,-23.3561571],[-53.0363734,-23.3798412],[-53.0271812,-23.4043851],[-53.0329739,-23.4418215],[-53.0235714,-23.4762614],[-53.0462362,-23.496591],[-53.1190189,-23.4985859]]]}},{"type":"Feature","properties":{"level":"municipio","municipality_code":"4117255","municipality_name":"Nova Prata do Iguaçu","uf":"PR","state_code":"41","area_km2":352.565},"geometry":{"type":"Polygon","coordinates":[[[-53.3251243,-25.5503157],[-53.2743779,-25.5465618],[-53.2710959,-25.5859111],[-53.2544265,-25.6045034],[-53.2755399,-25.6021526],[-53.2783137,-25.5936563],[-53.2953716,-25.601114],[-53.2714294,-25.6175969],[-53.2837894,-25.6237516],[-53.2767613,-25.631939],[-53.3037387,-25.6332534],[-53.2815415,-25.6381753],[-53.2892395,-25.6380966],[-53.2884874,-25.6594734],[-53.3068443,-25.6625972],[-53.30268,-25.6750886],[-53.3125858,-25.6812617],[-53.3406869,-25.6949651],[-53.4039666,-25.6881211],[-53.4101229,-25.6760499],[-53.4015135,-25.6489051],[-53.4095721,-25.6543916],[-53.4173727,-25.6454868],[-53.4250707,-25.6664766],[-53.4340961,-25.653531],[-53.4277661,-25.6505899],[-53.4321822,-25.6431613],[-53.4232925,-25.6447783],[-53.4186812,-25.6366525],[-53.4236479,-25.6286287],[-53.4585414,-25.632519],[-53.459905,-25.6525627],[-53.4664682,-25.6442744],[-53.4902622,-25.6425992],[-53.4820736,-25.6344719],[-53.4832131,-25.6193746],[-53.4634356,-25.6227063],[-53.4722686,-25.6128725],[-53.489326,-25.6149903],[-53.4894657,-25.5959268],[-53.5053765,-25.5803195],[-53.4910239,-25.5336931],[-53.4547971,-25.5335059],[-53.4416013,-25.5061933],[-53.3978226,-25.5026992],[-53.3869052,-25.5057861],[-53.3681499,-25.5333393],[-53.3527597,-25.5352751],[-53.33829,-25.5158939],[-53.3524051,-25.4862209],[-53.3262602,-25.4766163],[-53.3082917,-25.4853606],[-53.3031728,-25.4967477],[-53.3288508,-25.539067],[-53.3251243,-25.5503157]]]}},{"type":"Feature","properties":{"level":"municipio","municipality_code":"4117214","municipality_name":"Nova Santa Bárbara","uf":"PR","state_code":"41","area_km2":76.887},"geometry":{"type":"Polygon","coordinates":[[[-50.7757888,-23.5649935],[-50.7558105,-23.5734483],[-50.7436219,-23.5717745],[-50.7432785,-23.5646073],[-50.722163,-23.5665815],[-50.697348,-23.556641],[-50.6867697,-23.5622339],[-50.6865568,-23.5802707],[-50.6644735,-23.5933738],[-50.6579978,-23.6225643],[-50.6946643,-23.6178562],[-50.7015063,-23.6088429],[-50.7229786,-23.6131283],[-50.7612663,-23.6065576],[-50.7821074,-23.613829],[-50.7853418,-23.6257907],[-50.8031915,-23.6124349],[-50.8044538,-23.6005596],[-50.8137281,-23.6054916],[-50.8106031,-23.6137318],[-50.8282718,-23.6068109],[-50.8254378,-23.5932118],[-50.845952,-23.6010507],[-50.8501919,-23.5935781],[-50.8426333,-23.5843734],[-50.8577317,-23.5843151],[-50.8460788,-23.580697],[-50.8027358,-23.584945],[-50.7757888,-23.5649935]]]}},{"type":"Feature","properties":{"level":"municipio","municipality_code":"4117222","municipality_name":"Nova Santa Rosa","uf":"PR","state_code":"41","area_km2":204.665},"geometry":{"type":"Polygon","coordinates":[[[-53.9223068,-24.5125173],[-53.9634568,-24.5078554],[-53.9664754,-24.492066],[-53.9875186,-24.4853279],[-53.9855554,-24.4775527],[-53.9988854,-24.478273],[-53.9950881,-24.462406],[-54.0119333,-24.4570077],[-53.9995365,-24.4530728],[-54.0148102,-24.4476868],[-53.9996805,-24.4414481],[-54.0132172,-24.4358221],[-54.0090099,-24.4290883],[-54.0180393,-24.4212167],[-54.0249287,-24.4266056],[-54.0292602,-24.4170259],[-54.0466944,-24.4169538],[-54.0510226,-24.4261079],[-54.0562815,-24.4198324],[-54.0686624,-24.4300146],[-54.0855899,-24.4231753],[-54.076076,-24.4156536],[-54.0819865,-24.4103338],[-54.0983624,-24.4198325],[-54.1085708,-24.4074506],[-54.0987969,-24.4004668],[-54.1107377,-24.3983162],[-54.112489,-24.3909623],[-54.1197085,-24.4041605],[-54.1210298,-24.3899482],[-53.9672624,-24.3897862],[-53.9665747,-24.3698247],[-53.9074088,-24.3699274],[-53.8983466,-24.4024195],[-53.910699,-24.4313211],[-53.8912469,-24.4316406],[-53.9063946,-24.4567426],[-53.896326,-24.4574276],[-53.8948779,-24.4695306],[-53.8647762,-24.4749461],[-53.8541673,-24.5114737],[-53.8923537,-24.5275279],[-53.9223068,-24.5125173]]]}},{"type":"Feature","properties":{"level":"municipio","municipality_code":"4117271","municipality_name":"Nova Tebas","uf":"PR","state_code":"41","area_km2":545.686},"geometry":{"type":"Polygon","coordinates":[[[-51.9160483,-24.3259139],[-51.9197129,-24.3305648],[-51.9043035,-24.3365706],[-51.9096816,-24.3455517],[-51.8970501,-24.3501881],[-51.903109,-24.3514712],[-51.8988781,-24.3617193],[-51.89377,-24.3654936],[-51.8895156,-24.3580157],[-51.881794,-24.3655335],[-51.8965231,-24.3700178],[-51.8877365,-24.3832875],[-51.8974394,-24.3945293],[-51.8557124,-24.4092693],[-51.8411359,-24.4230485],[-51.847027,-24.4291017],[-51.836453,-24.4467749],[-51.8335455,-24.4394953],[-51.8257053,-24.4451419],[-51.8254133,-24.4612885],[-51.8338834,-24.4657009],[-51.8269571,-24.4758192],[-51.8314917,-24.4944987],[-51.8525904,-24.4966563],[-51.8528862,-24.4870834],[-51.8595025,-24.4929255],[-51.858252,-24.5068596],[-51.8400708,-24.5119546],[-51.8317881,-24.5360323],[-51.8596548,-24.5337238],[-51.8615268,-24.5573208],[-51.8678152,-24.5478066],[-51.877589,-24.5512544],[-51.8716306,-24.5583246],[-51.8791958,-24.5613612],[-51.8704097,-24.5701034],[-51.8782496,-24.5710595],[-51.8775972,-24.5940594],[-51.9145168,-24.6062404],[-51.9456678,-24.5991163],[-51.9794452,-24.6200484],[-52.0045804,-24.6103577],[-51.9969939,-24.6030258],[-52.0006585,-24.5916054],[-52.031009,-24.5826287],[-52.0333671,-24.5661781],[-52.040023,-24.5717688],[-52.047797,-24.5660985],[-52.0357636,-24.5424568],[-52.0519854,-24.528938],[-52.046227,-24.5213813],[-52.0420258,-24.5262814],[-52.0463048,-24.5164838],[-52.0351316,-24.5198421],[-52.0386453,-24.5118117],[-52.0274578,-24.507567],[-52.040938,-24.5002755],[-52.0135466,-24.4843587],[-52.0267315,-24.4807664],[-52.0165913,-24.4712111],[-52.0285009,-24.4691504],[-52.0250815,-24.460694],[-52.0332267,-24.4578843],[-52.0325077,-24.4494333],[-52.0215063,-24.4495434],[-52.0375117,-24.4440014],[-52.0270787,-24.4379131],[-52.015552,-24.4439885],[-52.0143516,-24.4383883],[-52.0264682,-24.4358927],[-52.0331116,-24.4146458],[-52.0427223,-24.4084124],[-52.0220704,-24.4119381],[-52.023773,-24.3946041],[-52.01022,-24.3965954],[-52.0235763,-24.3810077],[-52.0039453,-24.3775991],[-52.0148132,-24.3621518],[-52.0022869,-24.3561565],[-51.9992308,-24.3658484],[-51.987129,-24.3674363],[-52.0068529,-24.3453563],[-51.9931213,-24.3436809],[-52.0011784,-24.3315363],[-51.9827362,-24.3210152],[-51.9979175,-24.3084011],[-51.993225,-24.296609],[-51.9825726,-24.3048879],[-51.9787379,-24.3005539],[-51.9828493,-24.2848353],[-51.9987168,-24.2851461],[-51.9851482,-24.2807298],[-51.9920269,-24.2708801],[-51.9711044,-24.2734245],[-51.9712835,-24.259354],[-51.9594981,-24.2597523],[-51.9749077,-24.2482965],[-51.947497,-24.2443756],[-51.9504458,-24.2596451],[-51.9237477,-24.2599501],[-51.9379602,-24.2725421],[-51.9198554,-24.2887993],[-51.9378945,-24.2873467],[-51.9297407,-24.2971925],[-51.9462847,-24.3045887],[-51.9315103,-24.3109635],[-51.915764,-24.3058833],[-51.9289414,-24.3200214],[-51.9160483,-24.3259139]]]}},{"type":"Feature","properties":{"level":"municipio","municipality_code":"4117297","municipality_name":"Novo Itacolomi","uf":"PR","state_code":"41","area_km2":161.411},"geometry":{"type":"Polygon","coordinates":[[[-51.5422646,-23.7322509],[-51.5249537,-23.7398198],[-51.5169817,-23.7284149],[-51.5266048,-23.7169506],[-51.5236862,-23.7079537],[-51.4993335,-23.6906756],[-51.4726293,-23.7062167],[-51.4795728,-23.7239709],[-51.4732124,-23.74367],[-51.4930279,-23.7511901],[-51.4716809,-23.7604358],[-51.4749738,-23.7723134],[-51.4798205,-23.7650613],[-51.4853196,-23.7678334],[-51.4761441,-23.7845776],[-51.4905483,-23.7863904],[-51.4817488,-23.811674],[-51.4909976,-23.8242827],[-51.4996316,-23.8126685],[-51.5002118,-23.8325837],[-51.5130364,-23.8310865],[-51.5036207,-23.8389622],[-51.5043264,-23.8455325],[-51.5133116,-23.8451191],[-51.5048241,-23.8548127],[-51.5263283,-23.8605993],[-51.5258472,-23.8727881],[-51.5386859,-23.8608233],[-51.5470039,-23.8660604],[-51.5575266,-23.8601756],[-51.5577421,-23.869519],[-51.5787091,-23.8568671],[-51.5858325,-23.8622612],[-51.5958889,-23.8456708],[-51.5893751,-23.846088],[-51.5888931,-23.8294764],[-51.5969807,-23.8168009],[-51.5804626,-23.8233483],[-51.5861668,-23.8054061],[-51.5712559,-23.7886594],[-51.564689,-23.7909671],[-51.5701651,-23.772595],[-51.5609316,-23.7663515],[-51.5718301,-23.7680535],[-51.5734867,-23.7594143],[-51.5613008,-23.7525994],[-51.5805545,-23.740582],[-51.5651049,-23.7294664],[-51.5846566,-23.7150103],[-51.5838551,-23.7053353],[-51.5930287,-23.7045794],[-51.559648,-23.6915379],[-51.5461109,-23.7066278],[-51.5422646,-23.7322509]]]}},{"type":"Feature","properties":{"level":"municipio","municipality_code":"4117305","municipality_name":"Ortigueira","uf":"PR","state_code":"41","area_km2":2429.52},"geometry":{"type":"Polygon","coordinates":[[[-50.7104777,-24.1835828],[-50.6868182,-24.2035275],[-50.6915359,-24.2186356],[-50.6769727,-24.2333028],[-50.7015753,-24.2324565],[-50.7062077,-24.2434383],[-50.6911627,-24.2501827],[-50.7201346,-24.2616162],[-50.7117817,-24.2729237],[-50.6965849,-24.2665605],[-50.7000018,-24.2966288],[-50.7102651,-24.2890628],[-50.7172746,-24.2994258],[-50.7121792,-24.3064575],[-50.7292528,-24.3271615],[-50.7545309,-24.3322507],[-50.7497604,-24.3388577],[-50.7582027,-24.3424841],[-50.7570089,-24.3537419],[-50.7745354,-24.3642442],[-50.7803979,-24.3787707],[-50.791283,-24.3752495],[-50.8103362,-24.3939254],[-50.8166719,-24.3841647],[-50.8165364,-24.3982964],[-50.8317524,-24.3926706],[-50.8346739,-24.4040605],[-50.8524238,-24.3918994],[-50.8637235,-24.4127896],[-50.8745436,-24.403287],[-50.8990092,-24.4138058],[-50.9135755,-24.4070469],[-50.9179589,-24.395134],[-50.9522589,-24.3884439],[-50.9613978,-24.355192],[-50.9838975,-24.3437145],[-51.0136459,-24.342806],[-51.021087,-24.3520444],[-51.0757072,-24.3365529],[-51.0923666,-24.323387],[-51.0970879,-24.327283],[-51.1137608,-24.3121834],[-51.1061503,-24.3023045],[-51.116454,-24.2984599],[-51.0995321,-24.3013043],[-51.0955641,-24.288634],[-51.1052282,-24.2938797],[-51.1236448,-24.2745449],[-51.1351801,-24.2816193],[-51.1315638,-24.2681092],[-51.1522865,-24.2628783],[-51.1510927,-24.2518811],[-51.1652288,-24.2495424],[-51.1651435,-24.258274],[-51.1709221,-24.2530311],[-51.1810369,-24.2624662],[-51.1816554,-24.2527791],[-51.2126163,-24.2393191],[-51.2072906,-24.2230294],[-51.2202447,-24.2159724],[-51.2093712,-24.2079451],[-51.2455215,-24.220619],[-51.256018,-24.2081241],[-51.2613984,-24.2179388],[-51.2667581,-24.2044567],[-51.2895396,-24.194713],[-51.2937328,-24.1752004],[-51.3015925,-24.1856794],[-51.3182371,-24.1819311],[-51.3226829,-24.1613933],[-51.3400665,-24.1589355],[-51.3419263,-24.1488722],[-51.3577761,-24.158292],[-51.3744572,-24.135548],[-51.3653719,-24.1414084],[-51.3481533,-24.1156512],[-51.3474555,-24.1336381],[-51.3300437,-24.1315675],[-51.3268149,-24.1225514],[-51.3210931,-24.1310238],[-51.2996785,-24.1307715],[-51.3041772,-24.1137365],[-51.2963401,-24.1172871],[-51.2845166,-24.1092927],[-51.2955696,-24.1056435],[-51.2843112,-24.1007527],[-51.2888407,-24.0931654],[-51.2626839,-24.1107322],[-51.2550664,-24.1015939],[-51.2650962,-24.0957823],[-51.2552604,-24.0957235],[-51.255954,-24.0899521],[-51.2382868,-24.1018603],[-51.2406781,-24.0927358],[-51.2260624,-24.0866274],[-51.2177014,-24.1057454],[-51.2084594,-24.1069393],[-51.1780072,-24.1004256],[-51.1771735,-24.0908919],[-51.1670328,-24.0984014],[-51.1720689,-24.0805144],[-51.1524255,-24.0818905],[-51.1548673,-24.0715345],[-51.1449854,-24.0785232],[-51.1331748,-24.0695774],[-51.1142701,-24.0852742],[-51.1019897,-24.0736263],[-51.0854412,-24.0744182],[-51.0818554,-24.0440312],[-51.0973296,-24.0295786],[-51.0943984,-23.9781087],[-51.1101432,-23.9657846],[-51.1125637,-23.9426741],[-51.0892264,-23.9296129],[-51.0819005,-23.9059567],[-51.0669869,-23.9095062],[-51.0697548,-23.9165266],[-51.0244855,-23.9068332],[-51.0165102,-23.9186752],[-51.0004769,-23.9128421],[-51.0004798,-23.9011896],[-50.9798078,-23.9027248],[-50.9822813,-23.8959964],[-50.9732204,-23.8881937],[-50.9580595,-23.8993633],[-50.952067,-23.8926962],[-50.95754,-23.8871478],[-50.9499825,-23.8852584],[-50.9632525,-23.8847818],[-50.956369,-23.8717633],[-50.9686142,-23.8637502],[-50.9575079,-23.8599323],[-50.9631414,-23.8507967],[-50.9443952,-23.8526003],[-50.947344,-23.8394793],[-50.9315063,-23.8357826],[-50.9399791,-23.8295483],[-50.9372032,-23.8190452],[-50.9043077,-23.8178209],[-50.9096964,-23.8048769],[-50.8990628,-23.7955608],[-50.8853161,-23.8087708],[-50.8948433,-23.8421496],[-50.8574201,-23.8684174],[-50.8466432,-23.8815445],[-50.8474309,-23.8940933],[-50.8049216,-23.8764098],[-50.7717318,-23.9197161],[-50.7310257,-23.9369397],[-50.7416112,-23.9661979],[-50.7625296,-23.9707265],[-50.7346991,-23.9856789],[-50.7431945,-24.0059803],[-50.7218056,-24.0278563],[-50.693113,-24.0272034],[-50.6958265,-24.0410043],[-50.7106761,-24.0423977],[-50.7118177,-24.0584483],[-50.687393,-24.0791653],[-50.6977782,-24.0816325],[-50.7059194,-24.0728885],[-50.7060263,-24.091092],[-50.7412918,-24.0954372],[-50.7170101,-24.1118634],[-50.6954118,-24.1146405],[-50.7103245,-24.133468],[-50.7403458,-24.1391571],[-50.7339382,-24.1555606],[-50.7138685,-24.1717785],[-50.6949338,-24.1664845],[-50.6994847,-24.1505535],[-50.6802347,-24.1687324],[-50.6796011,-24.1740403],[-50.6972538,-24.1735565],[-50.7104777,-24.1835828]]]}},{"type":"Feature","properties":{"level":"municipio","municipality_code":"4117404","municipality_name":"Ourizona","uf":"PR","state_code":"41","area_km2":176.457},"geometry":{"type":"Polygon","coordinates":[[[-52.1768052,-23.3497627],[-52.1483686,-23.3684951],[-52.1440609,-23.3927866],[-52.1486364,-23.414249],[-52.1890187,-23.4522956],[-52.1885252,-23.4677329],[-52.213273,-23.4806839],[-52.2270443,-23.5283672],[-52.2576931,-23.5517845],[-52.272133,-23.5530377],[-52.275163,-23.5633632],[-52.2848774,-23.5582362],[-52.2901306,-23.5701268],[-52.3048266,-23.5729776],[-52.3246659,-23.5540184],[-52.2946536,-23.5212981],[-52.2972667,-23.5016237],[-52.2731875,-23.4622055],[-52.27655,-23.4399481],[-52.2425906,-23.4014158],[-52.202131,-23.3788351],[-52.18386,-23.3524632],[-52.1768052,-23.3497627]]]}},{"type":"Feature","properties":{"level":"municipio","municipality_code":"4117453","municipality_name":"Ouro Verde do Oeste","uf":"PR","state_code":"41","area_km2":293.042},"geometry":{"type":"Polygon","coordinates":[[[-53.986636,-24.797727],[-54.0013004,-24.7826314],[-54.0195746,-24.7895012],[-54.0258818,-24.7748653],[-54.0349631,-24.7897692],[-54.03916,-24.7709607],[-54.0516296,-24.7740922],[-54.0632474,-24.7633285],[-54.0455441,-24.753696],[-54.0472414,-24.7454603],[-54.0358427,-24.7499972],[-54.0251712,-24.7374155],[-54.0131646,-24.7438729],[-54.0153204,-24.7263623],[-53.9926648,-24.7310312],[-53.9878696,-24.7230765],[-53.9691445,-24.7359493],[-53.9731025,-24.7304756],[-53.9609856,-24.7260502],[-53.9672661,-24.7179375],[-53.9561888,-24.7235229],[-53.9501077,-24.7124592],[-53.94638,-24.7212474],[-53.9243455,-24.7175365],[-53.8971302,-24.7299615],[-53.8969212,-24.7424938],[-53.891869,-24.7331419],[-53.8778176,-24.7355759],[-53.8160592,-24.7636848],[-53.783413,-24.8229693],[-53.8208359,-24.8543249],[-53.8364051,-24.8561645],[-53.8482381,-24.876212],[-53.8671565,-24.8731896],[-53.8675231,-24.8820379],[-53.891911,-24.8773785],[-53.8982188,-24.8846438],[-53.9012727,-24.8774319],[-53.912771,-24.8788474],[-53.9093789,-24.8647884],[-53.9240723,-24.8644987],[-53.9241564,-24.8530969],[-53.944183,-24.8534388],[-53.9446825,-24.8427954],[-53.9537937,-24.841661],[-53.9659615,-24.8484711],[-53.9688274,-24.8299551],[-53.9874618,-24.8279988],[-53.9793252,-24.8114673],[-53.9983236,-24.8051141],[-53.986636,-24.797727]]]}},{"type":"Feature","properties":{"level":"municipio","municipality_code":"4117503","municipality_name":"Paiçandu","uf":"PR","state_code":"41","area_km2":171.379},"geometry":{"type":"Polygon","coordinates":[[[-52.0463228,-23.438524],[-52.0064708,-23.454908],[-52.018182,-23.465962],[-52.042267,-23.4675377],[-52.0704872,-23.4842358],[-52.0869535,-23.506458],[-52.0867746,-23.5180242],[-52.195552,-23.518175],[-52.2056606,-23.5115483],[-52.2254331,-23.5222471],[-52.213273,-23.4806839],[-52.1885252,-23.4677329],[-52.1890187,-23.4522956],[-52.1494917,-23.4141725],[-52.1376428,-23.417273],[-52.1187193,-23.4024685],[-52.0893679,-23.4016667],[-52.0478787,-23.4226735],[-52.0463228,-23.438524]]]}},{"type":"Feature","properties":{"level":"municipio","municipality_code":"4117602","municipality_name":"Palmas","uf":"PR","state_code":"41","area_km2":1559.338},"geometry":{"type":"Polygon","coordinates":[[[-51.9846659,-26.564527],[-52.0087675,-26.5665606],[-52.032624,-26.5406846],[-52.0651889,-26.5230182],[-52.0803964,-26.5259086],[-52.087818,-26.5093189],[-52.0930437,-26.513696],[-52.0966722,-26.5069688],[-52.0983615,-26.4835973],[-52.1116325,-26.4749634],[-52.1295515,-26.4772059],[-52.1346103,-26.4694714],[-52.1587552,-26.4662285],[-52.1671709,-26.4151816],[-52.1566259,-26.3969544],[-52.1592611,-26.3856356],[-52.1466184,-26.3723036],[-52.1543245,-26.3726233],[-52.1496319,-26.3589571],[-52.1616761,-26.3427156],[-52.1776154,-26.3389164],[-52.165571,-26.3294161],[-52.1648345,-26.3159315],[-52.1512727,-26.3201644],[-52.155857,-26.3330699],[-52.1320866,-26.3491765],[-52.1272868,-26.3429176],[-52.1418692,-26.3250896],[-52.1214458,-26.3335076],[-52.1175687,-26.3180268],[-52.1060315,-26.3116881],[-52.1090851,-26.2975333],[-52.0978234,-26.301195],[-52.0933727,-26.3155713],[-52.0744446,-26.3092677],[-52.0671671,-26.3169442],[-52.0452351,-26.3147762],[-52.0537696,-26.3381602],[-52.0440029,-26.3332215],[-52.032072,-26.3389736],[-52.0439528,-26.3551086],[-52.0173328,-26.3685055],[-52.0025607,-26.3653629],[-52.0019272,-26.3762938],[-51.9815861,-26.3804873],[-51.9715007,-26.369981],[-51.9620059,-26.3751396],[-51.9497605,-26.3653992],[-51.9325269,-26.3701217],[-51.9244616,-26.380964],[-51.9384218,-26.3805593],[-51.939086,-26.3862761],[-51.9182722,-26.4095511],[-51.9057865,-26.407273],[-51.9095922,-26.398304],[-51.8946523,-26.3921975],[-51.8806084,-26.4108891],[-51.871036,-26.4017884],[-51.8478511,-26.4017084],[-51.8114968,-26.3574962],[-51.7464969,-26.3318191],[-51.7366573,-26.3040781],[-51.7261511,-26.303951],[-51.7225725,-26.2863827],[-51.730984,-26.2854464],[-51.7153119,-26.2798204],[-51.7276688,-26.2698039],[-51.7259562,-26.2591125],[-51.7070388,-26.2579222],[-51.7030264,-26.2436226],[-51.690494,-26.2494737],[-51.6919594,-26.2781331],[-51.6826061,-26.2873376],[-51.6797915,-26.2689969],[-51.6678494,-26.2679393],[-51.6622912,-26.2774404],[-51.6626891,-26.2685257],[-51.6444556,-26.2644236],[-51.6459383,-26.2710777],[-51.6317509,-26.2720633],[-51.6408675,-26.2784153],[-51.6291778,-26.2804736],[-51.6324519,-26.29504],[-51.6179248,-26.2851535],[-51.6131945,-26.296428],[-51.6041531,-26.2948015],[-51.5987861,-26.2844928],[-51.5778414,-26.2934083],[-51.5886745,-26.2973804],[-51.5808374,-26.3076587],[-51.5928891,-26.3074058],[-51.5915123,-26.3201176],[-51.6061695,-26.3273795],[-51.5848285,-26.3221135],[-51.571669,-26.3458436],[-51.5895014,-26.3577436],[-51.5623652,-26.3682287],[-51.5603841,-26.3768559],[-51.5708139,-26.3751496],[-51.5700382,-26.3853462],[-51.581452,-26.3953613],[-51.5411304,-26.3922787],[-51.5518695,-26.4186372],[-51.5315469,-26.4374163],[-51.5267347,-26.4554375],[-51.5356675,-26.4579371],[-51.5164301,-26.4754612],[-51.5291086,-26.5101386],[-51.5126312,-26.565946],[-51.5120815,-26.5816876],[-51.519419,-26.587983],[-51.6309939,-26.5878183],[-51.6662111,-26.5637517],[-51.694165,-26.5812113],[-51.7345458,-26.5723759],[-51.789399,-26.5886824],[-51.8107943,-26.5847738],[-51.814384,-26.5775606],[-51.8734505,-26.5993625],[-51.8967198,-26.579982],[-51.9283319,-26.5843685],[-51.9461661,-26.569874],[-51.9597267,-26.5744762],[-51.9846659,-26.564527]]]}},{"type":"Feature","properties":{"level":"municipio","municipality_code":"4117701","municipality_name":"Palmeira","uf":"PR","state_code":"41","area_km2":1471.296},"geometry":{"type":"Polygon","coordinates":[[[-49.9197976,-25.4654692],[-49.9343759,-25.5058669],[-49.96129,-25.5072619],[-49.9704084,-25.5227196],[-49.982245,-25.5602182],[-49.9900261,-25.5623842],[-49.9925258,-25.587447],[-49.9860383,-25.5997107],[-49.9942594,-25.6038969],[-49.9921022,-25.6112627],[-50.0148176,-25.5986632],[-50.0203306,-25.606695],[-50.0260906,-25.6035599],[-50.0309629,-25.6096992],[-50.0241744,-25.6166651],[-50.0335958,-25.6225782],[-50.026017,-25.6303447],[-50.0470846,-25.6352532],[-50.0640481,-25.6519642],[-50.0744361,-25.6344455],[-50.0867662,-25.6392942],[-50.0939119,-25.6295217],[-50.106617,-25.6299765],[-50.1419176,-25.6049524],[-50.156802,-25.603395],[-50.1684357,-25.5847793],[-50.2465512,-25.5805975],[-50.2582344,-25.5529698],[-50.2723851,-25.5440702],[-50.3208532,-25.5463488],[-50.3584512,-25.5277753],[-50.3414737,-25.4539835],[-50.355133,-25.4391093],[-50.3528244,-25.4299826],[-50.3231186,-25.4172036],[-50.3051922,-25.3804322],[-50.2770477,-25.3769977],[-50.2733461,-25.3560536],[-50.281515,-25.348251],[-50.2880531,-25.3139955],[-50.2810095,-25.2905127],[-50.2460913,-25.30874],[-50.2422658,-25.3221165],[-50.2505571,-25.3218681],[-50.254797,-25.3369887],[-50.2394239,-25.3628063],[-50.2461412,-25.3784534],[-50.2345223,-25.38581],[-50.2025458,-25.3834046],[-50.1791693,-25.3701028],[-50.1637496,-25.3758869],[-50.1445102,-25.3399019],[-50.1190875,-25.3364426],[-50.0806825,-25.3106718],[-50.0883038,-25.3044291],[-50.0826792,-25.2905975],[-50.0920158,-25.279283],[-50.0737461,-25.2508842],[-50.0462197,-25.2750397],[-50.037188,-25.3026751],[-50.0219025,-25.3066981],[-50.008323,-25.3007377],[-49.9830055,-25.3214191],[-49.9711941,-25.3139547],[-49.9667274,-25.3234437],[-49.9470771,-25.3298776],[-49.9275115,-25.3118391],[-49.8815095,-25.2984339],[-49.8631727,-25.2835902],[-49.845834,-25.2908719],[-49.8196313,-25.2718158],[-49.7583518,-25.3612536],[-49.7410383,-25.3663349],[-49.7490859,-25.397299],[-49.7403926,-25.4151324],[-49.7505448,-25.4206909],[-49.7534784,-25.4464143],[-49.7666604,-25.4505022],[-49.7685896,-25.4676702],[-49.8465246,-25.4761067],[-49.8607355,-25.4966358],[-49.8935137,-25.4721763],[-49.8993889,-25.4434749],[-49.9197976,-25.4654692]]]}},{"type":"Feature","properties":{"level":"municipio","municipality_code":"4117800","municipality_name":"Palmital","uf":"PR","state_code":"41","area_km2":817.647},"geometry":{"type":"Polygon","coordinates":[[[-52.1568548,-24.7964387],[-52.1506615,-24.781015],[-52.119802,-24.7867756],[-52.1279256,-24.7758936],[-52.1002801,-24.7871249],[-52.1038766,-24.7959315],[-52.0961389,-24.7977004],[-52.0945691,-24.8115574],[-52.0674308,-24.8126424],[-52.0674632,-24.8203722],[-52.0548446,-24.8148419],[-52.0579271,-24.8497672],[-52.0398974,-24.8748168],[-52.0931384,-24.8838589],[-52.1185355,-24.9123897],[-52.147048,-24.9213974],[-52.138412,-24.9322582],[-52.1483798,-24.9321856],[-52.1437963,-24.9413146],[-52.1518011,-24.9482186],[-52.1435122,-24.9532586],[-52.1522564,-24.9548635],[-52.1499661,-24.9749786],[-52.1568457,-24.9765945],[-52.1701507,-24.9617471],[-52.1781432,-24.9747141],[-52.1881085,-24.9720706],[-52.1900369,-24.9832303],[-52.2066987,-24.9844021],[-52.1850588,-24.9958204],[-52.1877392,-25.0012425],[-52.2269517,-24.9830717],[-52.2287392,-24.9897351],[-52.2405063,-24.9767355],[-52.2491795,-24.9838988],[-52.2397956,-24.9965879],[-52.2527551,-24.9987712],[-52.2257941,-25.0094641],[-52.2436703,-25.0098098],[-52.2436253,-25.0176355],[-52.2639696,-25.0108738],[-52.270594,-24.9974931],[-52.2843604,-25.0004628],[-52.2993428,-24.9826481],[-52.3075853,-24.9984617],[-52.3021913,-25.0025626],[-52.3149335,-25.0070692],[-52.2969045,-25.0140919],[-52.2911994,-25.025914],[-52.3056847,-25.0152562],[-52.3171511,-25.020629],[-52.3369069,-25.0099905],[-52.3303984,-25.0271526],[-52.3401207,-25.0295285],[-52.3289197,-25.0391717],[-52.3449597,-25.0534112],[-52.3532567,-25.0512967],[-52.3497053,-25.0251074],[-52.3690788,-25.0327442],[-52.3515353,-25.0655832],[-52.3651302,-25.0748541],[-52.3671777,-25.0684644],[-52.380105,-25.0711032],[-52.3773813,-25.0455767],[-52.3870217,-25.0529469],[-52.3839953,-25.0630447],[-52.4043661,-25.0578868],[-52.4121838,-25.0308995],[-52.4307017,-25.0362857],[-52.4092328,-25.0169195],[-52.398266,-25.0229272],[-52.3935281,-25.0160558],[-52.3889213,-24.9963645],[-52.4003098,-24.9910623],[-52.3881075,-24.9844786],[-52.3954403,-24.9750226],[-52.3815847,-24.9628421],[-52.3851807,-24.9114157],[-52.3697794,-24.9019784],[-52.3852789,-24.886905],[-52.382287,-24.8739791],[-52.3899558,-24.8595429],[-52.384537,-24.856813],[-52.3922868,-24.855207],[-52.3834059,-24.8517962],[-52.4031155,-24.8370512],[-52.3950802,-24.8248287],[-52.4087165,-24.8142712],[-52.3958518,-24.8080895],[-52.4133294,-24.8091206],[-52.4197691,-24.7959782],[-52.4063432,-24.8005309],[-52.404665,-24.7947918],[-52.431708,-24.7821024],[-52.4238299,-24.7721936],[-52.4416703,-24.7577164],[-52.4396404,-24.7509911],[-52.4540551,-24.7524347],[-52.4468794,-24.7420822],[-52.4357815,-24.7465798],[-52.437832,-24.7366053],[-52.4266665,-24.7368956],[-52.4389849,-24.7300088],[-52.42076,-24.7255381],[-52.4366675,-24.7200754],[-52.4313478,-24.7036682],[-52.4065968,-24.729679],[-52.3947782,-24.7141185],[-52.3945375,-24.7301804],[-52.3686843,-24.7396354],[-52.3827552,-24.7457897],[-52.3762953,-24.7554664],[-52.3600552,-24.7571642],[-52.3415419,-24.7511626],[-52.3400146,-24.7423587],[-52.326953,-24.743329],[-52.3259436,-24.7362456],[-52.3347374,-24.7336043],[-52.3312213,-24.7212998],[-52.3234824,-24.7304681],[-52.3066531,-24.7263648],[-52.2880006,-24.7337126],[-52.3111387,-24.7394027],[-52.2906215,-24.7476412],[-52.2994594,-24.7606234],[-52.2926672,-24.7675894],[-52.281404,-24.758514],[-52.2886884,-24.7727731],[-52.283647,-24.7796919],[-52.2668558,-24.7823604],[-52.2530304,-24.7719816],[-52.2331646,-24.7815281],[-52.229051,-24.7777441],[-52.2415984,-24.7683236],[-52.2182254,-24.7723515],[-52.2195931,-24.7589603],[-52.2092568,-24.757367],[-52.2063135,-24.7722175],[-52.1829852,-24.7689663],[-52.1782534,-24.7743318],[-52.1859917,-24.7788019],[-52.1668996,-24.7860076],[-52.1775181,-24.7919049],[-52.1568548,-24.7964387]]]}},{"type":"Feature","properties":{"level":"municipio","municipality_code":"4117909","municipality_name":"Palotina","uf":"PR","state_code":"41","area_km2":651.238},"geometry":{"type":"Polygon","coordinates":[[[-53.7148525,-24.3695358],[-53.9665747,-24.3698247],[-53.9586069,-24.1203558],[-53.911566,-24.1365808],[-53.9111546,-24.1468081],[-53.9246354,-24.1612474],[-53.9050437,-24.1772629],[-53.8815753,-24.1780021],[-53.8655033,-24.1910304],[-53.8491126,-24.1869802],[-53.8437916,-24.1670202],[-53.8094287,-24.1859779],[-53.7983335,-24.1686281],[-53.7432173,-24.1495558],[-53.7347783,-24.1633224],[-53.7469225,-24.1876574],[-53.7099089,-24.1789748],[-53.6954828,-24.1907567],[-53.6975723,-24.2433093],[-53.678833,-24.2486329],[-53.6697386,-24.2813426],[-53.6939248,-24.2854334],[-53.7040588,-24.3280496],[-53.6865286,-24.3695729],[-53.6657457,-24.3696016],[-53.6633064,-24.3792175],[-53.6906936,-24.4392893],[-53.7032252,-24.4432967],[-53.7154194,-24.4674819],[-53.7148525,-24.3695358]]]}},{"type":"Feature","properties":{"level":"municipio","municipality_code":"4118105","municipality_name":"Paranacity","uf":"PR","state_code":"41","area_km2":348.631},"geometry":{"type":"Polygon","coordinates":[[[-52.1599562,-22.9472596],[-52.2108944,-22.9399452],[-52.2560527,-22.9031192],[-52.255213,-22.8864624],[-52.2444642,-22.8801263],[-52.2286608,-22.8401468],[-52.2384079,-22.8162339],[-52.223071,-22.8188522],[-52.1765896,-22.8049947],[-52.1632936,-22.7641213],[-52.1640844,-22.7119922],[-52.1278908,-22.7303006],[-52.1210777,-22.7203419],[-52.074599,-22.7176806],[-52.0544561,-22.7312375],[-52.0526818,-22.7514],[-52.0621799,-22.7619861],[-52.0851559,-22.7659181],[-52.0899354,-22.7807454],[-52.0878775,-22.7900362],[-52.0704038,-22.7963719],[-52.0762963,-22.8212929],[-52.0849909,-22.8195643],[-52.0776556,-22.8667412],[-52.0661879,-22.8768923],[-52.1032344,-22.9059043],[-52.0679292,-22.9232141],[-52.0584982,-22.9538047],[-52.1621118,-22.9541204],[-52.1599562,-22.9472596]]]}},{"type":"Feature","properties":{"level":"municipio","municipality_code":"4118204","municipality_name":"Paranaguá","uf":"PR","state_code":"41","area_km2":822.838},"geometry":{"type":"Polygon","coordinates":[[[-48.4540837,-25.5464788],[-48.4753361,-25.5653621],[-48.4702816,-25.5732883],[-48.4785021,-25.5833208],[-48.4927006,-25.5849136],[-48.47858,-25.5978585],[-48.4899126,-25.5970038],[-48.4826905,-25.6105489],[-48.4930097,-25.6142714],[-48.479182,-25.6270649],[-48.5144421,-25.6295947],[-48.4966411,-25.6461959],[-48.5151353,-25.6595399],[-48.5130524,-25.6727965],[-48.5336515,-25.6409541],[-48.5845328,-25.6539026],[-48.5829936,-25.6772006],[-48.5689802,-25.6829075],[-48.5921281,-25.7341115],[-48.6345185,-25.7044998],[-48.6290316,-25.699703],[-48.636911,-25.6843613],[-48.6277854,-25.6668692],[-48.6343531,-25.6585088],[-48.6883351,-25.6270116],[-48.6846272,-25.6172663],[-48.7041148,-25.5678178],[-48.680496,-25.5307306],[-48.6838648,-25.5021225],[-48.6347227,-25.4679774],[-48.6235641,-25.4489826],[-48.6149936,-25.4512179],[-48.5936281,-25.4214667],[-48.5699611,-25.4086676],[-48.5486869,-25.3839262],[-48.5194363,-25.3750766],[-48.5107246,-25.3908322],[-48.4918674,-25.3935202],[-48.4624445,-25.3910855],[-48.4453109,-25.3757571],[-48.3119841,-25.4918602],[-48.2769112,-25.5140512],[-48.3020688,-25.5591083],[-48.2988036,-25.5669398],[-48.3199262,-25.5865626],[-48.3585273,-25.5859451],[-48.3493331,-25.5695685],[-48.3724813,-25.5448658],[-48.4207004,-25.5570408],[-48.4540837,-25.5464788]]]}},{"type":"Feature","properties":{"level":"municipio","municipality_code":"4118303","municipality_name":"Paranapoema","uf":"PR","state_code":"41","area_km2":175.875},"geometry":{"type":"Polygon","coordinates":[[[-52.0801595,-22.6417894],[-52.0695288,-22.6142462],[-51.9969045,-22.6170421],[-52.0154318,-22.6395954],[-52.0113189,-22.6503581],[-52.0316259,-22.6578225],[-52.0334043,-22.6772964],[-52.0570954,-22.6933105],[-52.0480111,-22.7189543],[-52.0560409,-22.7293143],[-52.0800204,-22.7167583],[-52.1210777,-22.7203419],[-52.1278908,-22.7303006],[-52.1640844,-22.7119922],[-52.1854937,-22.6597372],[-52.156678,-22.6447189],[-52.1624923,-22.6011754],[-52.1523362,-22.5692334],[-52.0801595,-22.6417894]]]}},{"type":"Feature","properties":{"level":"municipio","municipality_code":"4118402","municipality_name":"Paranavaí","uf":"PR","state_code":"41","area_km2":1202.266},"geometry":{"type":"Polygon","coordinates":[[[-52.4211147,-23.1309912],[-52.5469169,-23.1309236],[-52.5466918,-23.121819],[-52.6020421,-23.1092143],[-52.6861321,-23.1195478],[-52.7499662,-23.1091143],[-52.7151893,-23.0586927],[-52.6945705,-23.043919],[-52.6905264,-23.016914],[-52.646627,-23.0204612],[-52.6210855,-22.9762609],[-52.5944136,-22.9558203],[-52.5905894,-22.9338556],[-52.6026134,-22.9084043],[-52.5971497,-22.8776951],[-52.559049,-22.7663586],[-52.5701507,-22.6715805],[-52.5378105,-22.6159965],[-52.5026768,-22.6345557],[-52.451548,-22.6095312],[-52.4213707,-22.6105982],[-52.4228776,-22.9003409],[-52.3915334,-22.9201319],[-52.3646316,-22.9170353],[-52.3756083,-22.9370054],[-52.3632916,-22.9688112],[-52.3734221,-22.9851185],[-52.3612561,-23.007537],[-52.3627587,-23.0273114],[-52.3472954,-23.038441],[-52.3570521,-23.0632599],[-52.3808401,-23.0779227],[-52.4209148,-23.14106],[-52.4211147,-23.1309912]]]}},{"type":"Feature","properties":{"level":"municipio","municipality_code":"4118006","municipality_name":"Paraíso do Norte","uf":"PR","state_code":"41","area_km2":204.564},"geometry":{"type":"Polygon","coordinates":[[[-52.6119214,-23.2324397],[-52.5469431,-23.1792831],[-52.5468817,-23.2678295],[-52.5629935,-23.2726034],[-52.5793977,-23.2897219],[-52.5607455,-23.294054],[-52.5565509,-23.3186731],[-52.5631431,-23.3320213],[-52.6005776,-23.3171395],[-52.6483208,-23.3317121],[-52.6900778,-23.3112441],[-52.7287464,-23.3108356],[-52.7353815,-23.3004475],[-52.7637045,-23.2959318],[-52.7149358,-23.2760052],[-52.714431,-23.2491537],[-52.7062431,-23.2450673],[-52.7196017,-23.2238471],[-52.703019,-23.2117239],[-52.6931397,-23.2202837],[-52.6742799,-23.2112902],[-52.6461175,-23.2153115],[-52.6401323,-23.2240033],[-52.6119214,-23.2324397]]]}},{"type":"Feature","properties":{"level":"municipio","municipality_code":"4118451","municipality_name":"Pato Bragado","uf":"PR","state_code":"41","area_km2":135.6},"geometry":{"type":"Polygon","coordinates":[[[-54.2190279,-24.5887415],[-54.1695966,-24.6175078],[-54.1779114,-24.6339669],[-54.1888727,-24.6359713],[-54.1816988,-24.6658281],[-54.1751149,-24.6656264],[-54.1756526,-24.6813352],[-54.1854448,-24.6883461],[-54.1803322,-24.6965352],[-54.1929972,-24.6911307],[-54.1912763,-24.6810371],[-54.2000179,-24.6768765],[-54.2084083,-24.6888243],[-54.2343515,-24.6815502],[-54.238148,-24.688521],[-54.2603536,-24.6645893],[-54.2696893,-24.6750514],[-54.2904962,-24.6607541],[-54.3087875,-24.6729692],[-54.3143926,-24.6616295],[-54.3268817,-24.6594956],[-54.3184884,-24.5906598],[-54.3028032,-24.5876791],[-54.2889973,-24.5957727],[-54.2759849,-24.5806266],[-54.2527767,-24.5891816],[-54.2462927,-24.5835751],[-54.2190279,-24.5887415]]]}},{"type":"Feature","properties":{"level":"municipio","municipality_code":"4118501","municipality_name":"Pato Branco","uf":"PR","state_code":"41","area_km2":539.311},"geometry":{"type":"Polygon","coordinates":[[[-52.6808608,-26.2755908],[-52.701298,-26.267233],[-52.7300426,-26.2748439],[-52.7539031,-26.2582853],[-52.7535878,-26.2482472],[-52.801967,-26.2184898],[-52.7930059,-26.207495],[-52.7802625,-26.2107916],[-52.7973848,-26.1882881],[-52.789412,-26.1789113],[-52.8021139,-26.185168],[-52.8131164,-26.1767135],[-52.7980826,-26.1709871],[-52.7993396,-26.1635061],[-52.7528919,-26.1577389],[-52.7193432,-26.1441503],[-52.7214229,-26.1220673],[-52.7431433,-26.1096949],[-52.7327827,-26.0720847],[-52.7456714,-26.0603205],[-52.753095,-26.0358363],[-52.7376208,-26.0094107],[-52.7239578,-26.0211765],[-52.7150046,-26.0177581],[-52.7066792,-25.9962923],[-52.6892615,-26.0104055],[-52.6725074,-25.9989889],[-52.6628651,-26.0151473],[-52.6744167,-26.0174467],[-52.6652302,-26.0356841],[-52.6290865,-26.0298642],[-52.6491719,-26.0541158],[-52.6242533,-26.0638807],[-52.6130358,-26.055821],[-52.5868437,-26.0708112],[-52.5898111,-26.0767423],[-52.6203948,-26.0776794],[-52.6326988,-26.0914687],[-52.5965038,-26.0871513],[-52.6066469,-26.1109389],[-52.5873362,-26.1181068],[-52.5764645,-26.1122091],[-52.5584079,-26.1362987],[-52.5753602,-26.153329],[-52.5409681,-26.1550012],[-52.5517327,-26.1623669],[-52.5363942,-26.1709477],[-52.5445865,-26.1715457],[-52.5478644,-26.192766],[-52.5372308,-26.2006988],[-52.5610374,-26.206191],[-52.5396488,-26.2081873],[-52.5395643,-26.2253775],[-52.5304536,-26.2320077],[-52.5521162,-26.2486506],[-52.5418996,-26.2588636],[-52.5527016,-26.2701484],[-52.5715893,-26.2694667],[-52.5639798,-26.2804111],[-52.5935413,-26.2790893],[-52.5829497,-26.2863678],[-52.5937295,-26.2908055],[-52.5894789,-26.3012959],[-52.621088,-26.2973789],[-52.6381202,-26.3002759],[-52.6398819,-26.3080706],[-52.6608978,-26.3014261],[-52.6808608,-26.2755908]]]}},{"type":"Feature","properties":{"level":"municipio","municipality_code":"4118600","municipality_name":"Paula Freitas","uf":"PR","state_code":"41","area_km2":421.409},"geometry":{"type":"Polygon","coordinates":[[[-50.7498431,-26.1586522],[-50.7285945,-26.1744942],[-50.6975152,-26.1817996],[-50.731143,-26.2058169],[-50.7142139,-26.2383831],[-50.7259029,-26.2487119],[-50.7459296,-26.2467729],[-50.7536316,-26.2230211],[-50.7807176,-26.2252346],[-50.8244865,-26.2448229],[-50.8385992,-26.2714691],[-50.868568,-26.2413645],[-50.8819619,-26.2792658],[-50.9015526,-26.2893321],[-50.9091388,-26.2846351],[-50.908207,-26.2512143],[-50.9280716,-26.237068],[-50.9441964,-26.2380536],[-50.9315532,-26.2684955],[-50.9447546,-26.2826804],[-50.9527564,-26.2697975],[-50.9699858,-26.2632893],[-50.9748918,-26.2441157],[-50.9915062,-26.2350213],[-50.9933755,-26.1874483],[-50.9787303,-26.1562722],[-50.8974539,-26.0571908],[-50.8924864,-26.0613776],[-50.9002573,-26.0661265],[-50.8983697,-26.0925908],[-50.8797339,-26.0928828],[-50.8675922,-26.1076544],[-50.819814,-26.0687343],[-50.8032553,-26.0692346],[-50.7552062,-26.1381418],[-50.744202,-26.1424565],[-50.7498431,-26.1586522]]]}},{"type":"Feature","properties":{"level":"municipio","municipality_code":"4118709","municipality_name":"Paulo Frontin","uf":"PR","state_code":"41","area_km2":363.351},"geometry":{"type":"Polygon","coordinates":[[[-50.6568657,-26.1032889],[-50.6483104,-26.1303502],[-50.6788214,-26.1483522],[-50.6975152,-26.1817996],[-50.7285945,-26.1744942],[-50.7483777,-26.1614505],[-50.7520302,-26.1523336],[-50.744202,-26.1424565],[-50.7552062,-26.1381418],[-50.8032553,-26.0692346],[-50.819814,-26.0687343],[-50.8611763,-26.1077946],[-50.8797339,-26.0928828],[-50.8983697,-26.0925908],[-50.9002573,-26.0661265],[-50.8871198,-26.040492],[-50.8870633,-26.0078186],[-50.8673753,-25.9974814],[-50.8187711,-25.990967],[-50.78743,-25.9915547],[-50.7839537,-25.9977357],[-50.7677812,-25.9870417],[-50.7580395,-25.9910891],[-50.7491435,-25.9807282],[-50.7351909,-25.9915539],[-50.7070044,-25.9951599],[-50.6675614,-25.9675044],[-50.6575004,-25.978247],[-50.6630184,-25.9916208],[-50.6538095,-26.0003691],[-50.6527104,-26.0170228],[-50.6365035,-26.020114],[-50.6407421,-26.0290388],[-50.6268296,-26.0344109],[-50.6207905,-26.052119],[-50.6337799,-26.0536698],[-50.6285141,-26.0628303],[-50.6568657,-26.1032889]]]}},{"type":"Feature","properties":{"level":"municipio","municipality_code":"4118808","municipality_name":"Peabiru","uf":"PR","state_code":"41","area_km2":468.594},"geometry":{"type":"Polygon","coordinates":[[[-52.2334108,-23.996361],[-52.3708898,-23.9898006],[-52.4052532,-24.0069587],[-52.4392255,-24.002934],[-52.458471,-23.9811528],[-52.4621685,-23.9551845],[-52.4500225,-23.9502783],[-52.4508538,-23.9399866],[-52.4180115,-23.9325762],[-52.5092244,-23.8587005],[-52.4444853,-23.8070294],[-52.3934169,-23.8516467],[-52.3516935,-23.8431113],[-52.1730519,-23.9347519],[-52.1151154,-23.9569202],[-52.116584,-23.9640457],[-52.1333683,-23.9632542],[-52.1356467,-23.974608],[-52.1630741,-23.9813323],[-52.1567224,-23.9867428],[-52.1622224,-23.9975736],[-52.1715609,-23.9962916],[-52.1710441,-24.0094204],[-52.1865867,-24.0212354],[-52.1789587,-24.0260955],[-52.1887832,-24.0380354],[-52.1878543,-24.0531495],[-52.2330503,-24.0301503],[-52.2449023,-24.0013434],[-52.2334108,-23.996361]]]}},{"type":"Feature","properties":{"level":"municipio","municipality_code":"4118857","municipality_name":"Perobal","uf":"PR","state_code":"41","area_km2":409.05},"geometry":{"type":"Polygon","coordinates":[[[-53.412786,-23.9295052],[-53.4577993,-23.9799312],[-53.5315141,-23.8646706],[-53.5012224,-23.8503771],[-53.4995866,-23.8389804],[-53.4631006,-23.8594509],[-53.4512563,-23.8561363],[-53.4214069,-23.833295],[-53.4185793,-23.8231263],[-53.3663748,-23.8395413],[-53.3150164,-23.8285108],[-53.3031791,-23.8513141],[-53.2791561,-23.8709234],[-53.2673094,-23.9016161],[-53.2342067,-23.938708],[-53.2326061,-23.9523976],[-53.2607627,-23.9782408],[-53.2490372,-23.9859987],[-53.2528915,-23.9973722],[-53.2743237,-24.0049351],[-53.2798346,-24.0303339],[-53.2888659,-24.0276008],[-53.2948765,-24.0545208],[-53.2896323,-24.0650188],[-53.3014186,-24.0663741],[-53.3002761,-24.0812039],[-53.3119979,-24.079827],[-53.3209753,-24.0915992],[-53.3253131,-24.0674464],[-53.3418997,-24.0460134],[-53.3370625,-24.0136543],[-53.3530463,-23.978468],[-53.412786,-23.9295052]]]}},{"type":"Feature","properties":{"level":"municipio","municipality_code":"4119152","municipality_name":"Pinhais","uf":"PR","state_code":"41","area_km2":60.871},"geometry":{"type":"Polygon","coordinates":[[[-49.1629709,-25.3923251],[-49.1199475,-25.3784417],[-49.1039079,-25.3950234],[-49.1221045,-25.4468135],[-49.1321368,-25.4416303],[-49.1631892,-25.4474219],[-49.1852157,-25.471858],[-49.2034817,-25.4350766],[-49.1934846,-25.3903485],[-49.1629709,-25.3923251]]]}},{"type":"Feature","properties":{"level":"municipio","municipality_code":"4119251","municipality_name":"Pinhal de São Bento","uf":"PR","state_code":"41","area_km2":97.463},"geometry":{"type":"Polygon","coordinates":[[[-53.4648371,-26.0038685],[-53.4190993,-25.9936552],[-53.3990057,-26.0095815],[-53.3742353,-26.0098185],[-53.3649858,-26.0203141],[-53.3774718,-26.0208044],[-53.3931725,-26.0341645],[-53.4855812,-26.0479311],[-53.5013056,-26.0546916],[-53.4990992,-26.061958],[-53.5096627,-26.0573305],[-53.5179142,-26.0653508],[-53.5165777,-26.0481284],[-53.5496016,-26.0478452],[-53.5427605,-26.0335012],[-53.5297076,-26.0326154],[-53.5369034,-26.0239024],[-53.532602,-26.0048815],[-53.5451774,-26.0034314],[-53.5372101,-25.9958684],[-53.5737848,-25.9889973],[-53.5460846,-25.9773552],[-53.5350272,-25.9810514],[-53.5376649,-25.963617],[-53.5303768,-25.9693693],[-53.5254455,-25.960004],[-53.5243672,-25.9676789],[-53.5171513,-25.9633487],[-53.5148241,-25.9730133],[-53.5041007,-25.9769186],[-53.5071922,-25.9896668],[-53.4868918,-25.9838972],[-53.4840034,-25.9942406],[-53.4714064,-25.9909756],[-53.4648371,-26.0038685]]]}},{"type":"Feature","properties":{"level":"municipio","municipality_code":"4119202","municipality_name":"Pinhalão","uf":"PR","state_code":"41","area_km2":220.625},"geometry":{"type":"Polygon","coordinates":[[[-50.0521031,-23.9825534],[-50.0714166,-23.9777722],[-50.0728429,-23.9646908],[-50.1183241,-23.9621073],[-50.1487026,-23.9422746],[-50.1622762,-23.9420629],[-50.1638783,-23.9308322],[-50.1157932,-23.8855738],[-50.1240199,-23.8662375],[-50.1203034,-23.8558681],[-50.1065832,-23.857339],[-50.1069707,-23.8437951],[-50.0841208,-23.8442312],[-50.0887714,-23.8313518],[-50.0771454,-23.8212617],[-50.0940429,-23.7915475],[-50.0339508,-23.771947],[-50.0199872,-23.7380962],[-50.0593376,-23.8911497],[-50.0161724,-23.9027724],[-49.9656495,-23.9019437],[-49.9638495,-23.9080466],[-49.97228,-23.9078625],[-49.9688444,-23.9202215],[-49.9811506,-23.928103],[-49.9652266,-23.936729],[-49.9741194,-23.9399797],[-49.9647651,-23.9474765],[-49.9726274,-23.9485821],[-49.9721795,-23.9679723],[-49.9933851,-23.9762025],[-50.005349,-23.971659],[-50.0109985,-23.9839781],[-50.0175151,-23.9794157],[-50.0375979,-23.9920957],[-50.0521031,-23.9825534]]]}},{"type":"Feature","properties":{"level":"municipio","municipality_code":"4119301","municipality_name":"Pinhão","uf":"PR","state_code":"41","area_km2":2002.652},"geometry":{"type":"Polygon","coordinates":[[[-51.6559748,-25.6095693],[-51.6398863,-25.6145528],[-51.6383244,-25.5933775],[-51.6270149,-25.5948031],[-51.6265734,-25.6027835],[-51.6090574,-25.6121502],[-51.6035309,-25.6456622],[-51.5918911,-25.6581938],[-51.5917397,-25.6484951],[-51.5831202,-25.6505948],[-51.5714422,-25.6337659],[-51.563588,-25.6369878],[-51.5558201,-25.6216863],[-51.5345955,-25.6173023],[-51.522701,-25.627599],[-51.5263789,-25.6169597],[-51.5124593,-25.611626],[-51.5135024,-25.6186237],[-51.4992905,-25.6253515],[-51.4881347,-25.6179044],[-51.4883159,-25.6082507],[-51.4755468,-25.6288181],[-51.5007111,-25.6326347],[-51.4978115,-25.6550233],[-51.5118215,-25.6608372],[-51.4956651,-25.6819944],[-51.4822096,-25.6814067],[-51.4822788,-25.6620038],[-51.4764592,-25.6698347],[-51.4484077,-25.655165],[-51.4277657,-25.6606031],[-51.4217267,-25.6518782],[-51.4260671,-25.6418016],[-51.4143224,-25.637484],[-51.3768461,-25.6546867],[-51.3625519,-25.6775559],[-51.3458143,-25.6868776],[-51.3668505,-25.7357371],[-51.3491257,-25.7735104],[-51.3165708,-25.7925425],[-51.3010722,-25.8286462],[-51.3218196,-25.8264518],[-51.3227651,-25.8461335],[-51.3387072,-25.8559608],[-51.3351855,-25.8643853],[-51.3443491,-25.8629114],[-51.3509051,-25.8799515],[-51.3680151,-25.8841802],[-51.355877,-25.8945596],[-51.3806236,-25.894476],[-51.3701261,-25.9177854],[-51.3848473,-25.9188363],[-51.3814795,-25.9341131],[-51.4054663,-25.9329007],[-51.4134374,-25.9500118],[-51.4127122,-25.9246681],[-51.4341018,-25.9217546],[-51.4322123,-25.9407476],[-51.4492363,-25.9513851],[-51.4729932,-25.9429157],[-51.4682706,-25.9316926],[-51.4778259,-25.921458],[-51.5019397,-25.941109],[-51.5017408,-25.9556826],[-51.5117432,-25.9516428],[-51.5159643,-25.9669977],[-51.541524,-25.965395],[-51.5392331,-25.9771404],[-51.5504679,-25.9869095],[-51.5812405,-25.9767195],[-51.5842443,-25.9983315],[-51.616017,-25.9975304],[-51.6277122,-26.004679],[-51.6452371,-25.9975676],[-51.6676921,-26.0102917],[-51.6793265,-25.9937148],[-51.7115427,-25.9729994],[-51.6808042,-25.932805],[-51.6882988,-25.9196329],[-51.7016099,-25.9152704],[-51.7200746,-25.9278325],[-51.7430482,-25.9706952],[-51.7331097,-25.9919959],[-51.768839,-26.0108061],[-51.7812884,-25.9977861],[-51.8044713,-25.9974717],[-51.8028615,-25.9878928],[-51.8196636,-25.9704985],[-51.8219672,-25.9538763],[-51.8100075,-25.9502522],[-51.8167475,-25.9385682],[-51.8047195,-25.9168487],[-51.8134961,-25.8685027],[-51.8038795,-25.8604748],[-51.8112117,-25.847671],[-51.8039185,-25.8421692],[-51.8386665,-25.7969408],[-51.8384349,-25.7679183],[-51.8536309,-25.7572429],[-51.8500749,-25.7465068],[-51.8733523,-25.750397],[-51.8864428,-25.7198706],[-51.9038022,-25.7369405],[-51.9161688,-25.726876],[-51.939409,-25.7357069],[-51.9494962,-25.7485796],[-51.9629446,-25.7389251],[-51.9608043,-25.7463563],[-51.9823616,-25.7577845],[-51.9889132,-25.7529386],[-51.9989646,-25.7604849],[-52.0227222,-25.7592313],[-52.0283907,-25.7528285],[-52.024108,-25.7165758],[-51.9887913,-25.7179988],[-52.0037152,-25.7016143],[-51.9792611,-25.6966522],[-51.991793,-25.683373],[-51.9653396,-25.6613353],[-51.9744299,-25.6516738],[-51.9727934,-25.6359233],[-51.9483291,-25.6531496],[-51.9291036,-25.6301847],[-51.9163306,-25.6339814],[-51.9209171,-25.6583752],[-51.9043849,-25.6610615],[-51.9002168,-25.6408346],[-51.8814147,-25.6458966],[-51.8714414,-25.607791],[-51.8578565,-25.6052739],[-51.8482758,-25.6149229],[-51.8496315,-25.6325741],[-51.8342418,-25.6377244],[-51.8348876,-25.6113599],[-51.8064086,-25.6120074],[-51.8184356,-25.5978161],[-51.7947374,-25.5997314],[-51.7730386,-25.5878749],[-51.7807214,-25.602143],[-51.7623018,-25.6139626],[-51.7503467,-25.6078504],[-51.7549287,-25.5975227],[-51.736031,-25.6142224],[-51.7252649,-25.6065205],[-51.7057154,-25.6150639],[-51.7103818,-25.604685],[-51.7015276,-25.5923058],[-51.663117,-25.6031543],[-51.6553639,-25.5987776],[-51.6559748,-25.6095693]]]}},{"type":"Feature","properties":{"level":"municipio","municipality_code":"4119509","municipality_name":"Piraquara","uf":"PR","state_code":"41","area_km2":227.042},"geometry":{"type":"Polygon","coordinates":[[[-49.0480865,-25.5483092],[-49.131578,-25.496689],[-49.140287,-25.473352],[-49.1755767,-25.4625989],[-49.1606785,-25.4464326],[-49.1321368,-25.4416303],[-49.1221045,-25.4468135],[-49.1097184,-25.4201487],[-49.1098737,-25.400978],[-49.0922112,-25.3871546],[-49.0407425,-25.4024721],[-49.036439,-25.4195881],[-49.0100314,-25.4406412],[-49.0004923,-25.4357206],[-48.9628696,-25.4447467],[-48.9512387,-25.4702101],[-48.9409814,-25.4757991],[-48.9641628,-25.4917404],[-48.9751134,-25.5089127],[-48.9701638,-25.5226443],[-48.994593,-25.541467],[-49.0095459,-25.5398462],[-49.0247045,-25.5507139],[-49.0431801,-25.5417984],[-49.0480865,-25.5483092]]]}},{"type":"Feature","properties":{"level":"municipio","municipality_code":"4119400","municipality_name":"Piraí do Sul","uf":"PR","state_code":"41","area_km2":1346.139},"geometry":{"type":"Polygon","coordinates":[[[-49.9599462,-24.6105697],[-49.9701078,-24.6125776],[-49.9717587,-24.6278759],[-49.9927658,-24.6459076],[-50.0252001,-24.622461],[-50.0320041,-24.6276925],[-50.0504509,-24.622356],[-50.0508943,-24.6119971],[-50.0638813,-24.6007142],[-50.079795,-24.6037582],[-50.0876829,-24.581928],[-50.1352507,-24.5400602],[-50.1319986,-24.5333964],[-50.1175807,-24.538959],[-50.1040331,-24.5337353],[-50.1045555,-24.520184],[-50.0860027,-24.5232906],[-50.1047654,-24.5057791],[-50.1029147,-24.4905243],[-50.2099726,-24.4261677],[-50.1980806,-24.430747],[-50.1741795,-24.4244203],[-50.1607351,-24.4153695],[-50.1620532,-24.408164],[-50.1537054,-24.4116789],[-50.1408762,-24.400014],[-50.1387343,-24.3825385],[-50.1520249,-24.3595601],[-50.1440945,-24.3299035],[-50.1473018,-24.3071887],[-50.1693676,-24.289965],[-50.1233718,-24.3013552],[-50.1215397,-24.2926827],[-50.1017209,-24.2827767],[-50.082321,-24.2885619],[-50.0680436,-24.2757604],[-50.0525869,-24.2738836],[-50.0374063,-24.2543614],[-50.0151559,-24.2579887],[-50.0055677,-24.239452],[-50.0000305,-24.2481358],[-49.98513,-24.2458623],[-49.973103,-24.2923608],[-49.9598696,-24.3105247],[-49.9724601,-24.3420251],[-49.9584792,-24.3482584],[-49.9484216,-24.3703881],[-49.9070376,-24.3572162],[-49.8935372,-24.3608425],[-49.8809168,-24.3792005],[-49.8470821,-24.3893754],[-49.819301,-24.4433525],[-49.802549,-24.4598053],[-49.7377619,-24.4448036],[-49.6337891,-24.4972421],[-49.626276,-24.5137501],[-49.6257314,-24.5964172],[-49.6103027,-24.6083936],[-49.5926102,-24.5979483],[-49.5804637,-24.6144996],[-49.5735957,-24.613681],[-49.5899271,-24.618653],[-49.5933773,-24.6376695],[-49.6078812,-24.6366873],[-49.6229528,-24.6467798],[-49.6415284,-24.6419804],[-49.6724809,-24.6039387],[-49.7318246,-24.6107194],[-49.7379313,-24.6036442],[-49.8167312,-24.5940536],[-49.8260443,-24.608924],[-49.8428367,-24.5906125],[-49.874495,-24.5882442],[-49.8807014,-24.5693935],[-49.9108494,-24.5841813],[-49.939518,-24.6262967],[-49.9599462,-24.6105697]]]}},{"type":"Feature","properties":{"level":"municipio","municipality_code":"4119608","municipality_name":"Pitanga","uf":"PR","state_code":"41","area_km2":1693.402},"geometry":{"type":"Polygon","coordinates":[[[-51.9242575,-24.7914108],[-51.9203209,-24.7542853],[-51.9343313,-24.7535824],[-51.9338569,-24.7592658],[-51.9422455,-24.7557245],[-51.9432038,-24.7662288],[-51.951521,-24.7612804],[-51.9506398,-24.7738499],[-51.9645274,-24.7626162],[-52.0042874,-24.7808915],[-52.0019437,-24.7630358],[-52.0252403,-24.7613249],[-52.0348804,-24.7711618],[-52.0423381,-24.7650642],[-52.0394177,-24.787372],[-52.0445509,-24.7790257],[-52.0503358,-24.7880307],[-52.0665972,-24.7890952],[-52.0632346,-24.78362],[-52.0735358,-24.7814282],[-52.0771334,-24.7711089],[-52.1010252,-24.7845028],[-52.1160378,-24.7840363],[-52.1176517,-24.7619455],[-52.0883514,-24.7254008],[-52.09469,-24.7234347],[-52.0912568,-24.7068554],[-52.0762042,-24.6943763],[-52.0924986,-24.6753564],[-52.0918449,-24.6573386],[-52.1020195,-24.655926],[-52.1060778,-24.6465816],[-52.0928061,-24.6345203],[-52.0935692,-24.6128708],[-52.0873706,-24.6086093],[-52.0956434,-24.5905466],[-52.0799192,-24.5910861],[-52.0838944,-24.5827952],[-52.0750222,-24.5692102],[-52.0617731,-24.5759379],[-52.0333671,-24.5661781],[-52.031009,-24.5826287],[-51.9990822,-24.5936095],[-52.0045804,-24.6103577],[-51.9794452,-24.6200484],[-51.9456678,-24.5991163],[-51.9145168,-24.6062404],[-51.8775972,-24.5940594],[-51.8782496,-24.5710595],[-51.8704097,-24.5701034],[-51.8791958,-24.5613612],[-51.8716306,-24.5583246],[-51.877589,-24.5512544],[-51.8678152,-24.5478066],[-51.8615268,-24.5573208],[-51.8596548,-24.5337238],[-51.8317881,-24.5360323],[-51.8400708,-24.5119546],[-51.858252,-24.5068596],[-51.8595025,-24.4929255],[-51.8528862,-24.4870834],[-51.8525904,-24.4966563],[-51.8314917,-24.4944987],[-51.8269571,-24.4758192],[-51.8338834,-24.4657009],[-51.8256548,-24.4618704],[-51.8245026,-24.4497574],[-51.8083918,-24.4593067],[-51.8153273,-24.4716604],[-51.7996254,-24.4645756],[-51.791654,-24.473715],[-51.7996132,-24.4846812],[-51.7914359,-24.4958054],[-51.7780289,-24.5075552],[-51.7644425,-24.5069901],[-51.7742761,-24.5205949],[-51.7542964,-24.5331557],[-51.7576284,-24.5417739],[-51.7469958,-24.5676517],[-51.7160388,-24.6038042],[-51.7157496,-24.5954722],[-51.6976736,-24.5837367],[-51.6621056,-24.5845751],[-51.6045661,-24.5558894],[-51.5880965,-24.5626349],[-51.5713827,-24.5576261],[-51.5597029,-24.5750967],[-51.5528213,-24.5612022],[-51.5370507,-24.5627653],[-51.5336913,-24.5540245],[-51.518724,-24.5635052],[-51.5176891,-24.5728318],[-51.5052666,-24.5754968],[-51.4683237,-24.5549545],[-51.4503781,-24.5582097],[-51.4652694,-24.5761901],[-51.4535469,-24.5851735],[-51.5025926,-24.6288664],[-51.4936256,-24.6371631],[-51.4765423,-24.6176965],[-51.4810164,-24.6275587],[-51.4734075,-24.6321687],[-51.4719286,-24.6474833],[-51.5112956,-24.650518],[-51.5076964,-24.6709047],[-51.5207556,-24.6847381],[-51.5176765,-24.7068108],[-51.5304165,-24.7136577],[-51.5378983,-24.7374499],[-51.5569008,-24.7303982],[-51.5552664,-24.7419826],[-51.5339049,-24.7488841],[-51.533594,-24.7571173],[-51.5447826,-24.763742],[-51.5328169,-24.7761181],[-51.5602822,-24.7849288],[-51.5630145,-24.7943584],[-51.5746355,-24.7902397],[-51.5749984,-24.8079883],[-51.5788866,-24.8007259],[-51.5995049,-24.8194431],[-51.6051468,-24.8137383],[-51.6147134,-24.8254878],[-51.6126125,-24.8384035],[-51.631315,-24.8385122],[-51.6313516,-24.8575244],[-51.6739579,-24.8811944],[-51.6740805,-24.8896002],[-51.7073125,-24.9011301],[-51.7119069,-24.8896928],[-51.7486013,-24.8866422],[-51.7616578,-24.8713349],[-51.7905331,-24.8775419],[-51.8192083,-24.8495178],[-51.8730261,-24.8400816],[-51.8916587,-24.812447],[-51.9242575,-24.7914108]]]}},{"type":"Feature","properties":{"level":"municipio","municipality_code":"4119657","municipality_name":"Pitangueiras","uf":"PR","state_code":"41","area_km2":123.229},"geometry":{"type":"Polygon","coordinates":[[[-51.582567,-23.2887005],[-51.6227908,-23.2318742],[-51.615144,-23.2194549],[-51.6101793,-23.1528977],[-51.5949956,-23.1283305],[-51.5753213,-23.1400378],[-51.5550904,-23.1355664],[-51.5577913,-23.1579787],[-51.5242565,-23.1767585],[-51.5195987,-23.1984343],[-51.5391496,-23.2655198],[-51.5509262,-23.2750715],[-51.572574,-23.2743436],[-51.582567,-23.2887005]]]}},{"type":"Feature","properties":{"level":"municipio","municipality_code":"4119103","municipality_name":"Piên","uf":"PR","state_code":"41","area_km2":254.792},"geometry":{"type":"Polygon","coordinates":[[[-49.3473281,-26.0724314],[-49.3600677,-26.1406077],[-49.371802,-26.1485761],[-49.3702152,-26.1557533],[-49.3900784,-26.1602205],[-49.4003692,-26.1505039],[-49.4090571,-26.1617438],[-49.4164959,-26.1530548],[-49.4169394,-26.1651067],[-49.4246669,-26.1619525],[-49.4214956,-26.1665516],[-49.4374351,-26.1729449],[-49.4397529,-26.1639012],[-49.4606711,-26.1622203],[-49.4796888,-26.1866693],[-49.5033212,-26.1777014],[-49.5136109,-26.155815],[-49.5073501,-26.1187],[-49.5308515,-26.0754774],[-49.5285989,-26.0638192],[-49.5398548,-26.0703686],[-49.5337756,-26.0406533],[-49.5517152,-26.0119701],[-49.5429057,-25.9903724],[-49.5484065,-25.9666566],[-49.5435939,-25.9493352],[-49.5302612,-25.9922733],[-49.5156094,-26.0114057],[-49.5017073,-26.0160631],[-49.4870642,-26.0069718],[-49.4720373,-26.0303908],[-49.4607419,-26.0253589],[-49.4339871,-26.0464681],[-49.3978582,-26.0354754],[-49.3929383,-26.0522246],[-49.3564589,-26.0615955],[-49.3473281,-26.0724314]]]}},{"type":"Feature","properties":{"level":"municipio","municipality_code":"4119707","municipality_name":"Planaltina do Paraná","uf":"PR","state_code":"41","area_km2":356.192},"geometry":{"type":"Polygon","coordinates":[[[-52.9756631,-23.0544002],[-52.9681834,-23.0143134],[-52.9461353,-22.988978],[-52.896056,-22.9597145],[-52.8863228,-22.940819],[-52.8353581,-22.9839086],[-52.8286831,-22.9706706],[-52.8159091,-22.9678355],[-52.7883062,-22.998229],[-52.8259241,-23.058139],[-52.8544527,-23.0333618],[-52.8845523,-23.0230125],[-52.9164122,-23.0714098],[-52.9039872,-23.1775846],[-52.9163869,-23.1971738],[-52.9093162,-23.2257271],[-52.9176679,-23.2258625],[-52.9245738,-23.2415914],[-52.9305018,-23.2404265],[-52.9220436,-23.2221556],[-52.9367351,-23.2062472],[-52.9556202,-23.2285577],[-52.9874712,-23.2380963],[-53.014557,-23.2305751],[-53.0335238,-23.2139392],[-53.0177712,-23.1993696],[-53.0267116,-23.1954353],[-53.0214322,-23.1914869],[-53.0358204,-23.1071548],[-52.9756631,-23.0544002]]]}},{"type":"Feature","properties":{"level":"municipio","municipality_code":"4119806","municipality_name":"Planalto","uf":"PR","state_code":"41","area_km2":346.241},"geometry":{"type":"Polygon","coordinates":[[[-53.7483666,-25.7795196],[-53.7521261,-25.7910312],[-53.810746,-25.7940538],[-53.8271768,-25.7831991],[-53.8335844,-25.7632923],[-53.8426945,-25.7706868],[-53.8567927,-25.7665919],[-53.8338291,-25.7521185],[-53.8493892,-25.7409481],[-53.8664965,-25.743966],[-53.8590162,-25.7232339],[-53.8792742,-25.7083226],[-53.8654518,-25.7053812],[-53.8731339,-25.693754],[-53.8562121,-25.7075601],[-53.8533101,-25.6907314],[-53.8413864,-25.6921581],[-53.8246355,-25.7084699],[-53.8020151,-25.7010454],[-53.7794578,-25.7057105],[-53.7657098,-25.7002478],[-53.7615329,-25.6874423],[-53.7500992,-25.6909101],[-53.7467399,-25.6734658],[-53.7333612,-25.6753575],[-53.7358309,-25.665272],[-53.7088727,-25.674241],[-53.679473,-25.6537333],[-53.6598056,-25.650543],[-53.6588208,-25.6417055],[-53.6385766,-25.6542986],[-53.6220234,-25.6482251],[-53.6117714,-25.6526691],[-53.6116885,-25.659826],[-53.6290704,-25.665251],[-53.6163825,-25.6685418],[-53.622938,-25.6804369],[-53.5923552,-25.6868663],[-53.6149417,-25.707435],[-53.5976263,-25.7072619],[-53.6004917,-25.7171718],[-53.6134067,-25.7177924],[-53.605195,-25.7262111],[-53.5932358,-25.7235416],[-53.5886574,-25.7398675],[-53.6112755,-25.7658291],[-53.605662,-25.7749144],[-53.575937,-25.7654957],[-53.5816805,-25.7761184],[-53.566436,-25.7956257],[-53.5871042,-25.7961832],[-53.6166118,-25.8113832],[-53.663346,-25.8083767],[-53.6849632,-25.8228384],[-53.7483666,-25.7795196]]]}},{"type":"Feature","properties":{"level":"municipio","municipality_code":"4119905","municipality_name":"Ponta Grossa","uf":"PR","state_code":"41","area_km2":2053.265},"geometry":{"type":"Polygon","coordinates":[[[-50.0826792,-25.2905975],[-50.0809898,-25.3109564],[-50.118203,-25.3359908],[-50.1445102,-25.3399019],[-50.1637496,-25.3758869],[-50.1791693,-25.3701028],[-50.2205418,-25.3865717],[-50.2461412,-25.3784534],[-50.2394239,-25.3628063],[-50.254797,-25.3369887],[-50.2505571,-25.3218681],[-50.2422658,-25.3221165],[-50.2454111,-25.3105953],[-50.2687568,-25.2997915],[-50.2769058,-25.2876085],[-50.2630282,-25.2336592],[-50.2805021,-25.2118305],[-50.261832,-25.1987755],[-50.2743085,-25.187703],[-50.2729682,-25.1479464],[-50.2796348,-25.1329323],[-50.3000294,-25.1412043],[-50.310973,-25.1299002],[-50.3290323,-25.1321259],[-50.3514725,-25.1107155],[-50.3692544,-25.1047394],[-50.3767249,-25.0854929],[-50.3940309,-25.0797109],[-50.3850317,-25.059287],[-50.4102501,-25.0743135],[-50.4019978,-25.0561353],[-50.4166987,-25.0452833],[-50.4063897,-25.0391842],[-50.4094358,-25.0296963],[-50.4267198,-25.0452827],[-50.4379435,-25.0194545],[-50.4524983,-25.0293151],[-50.4586965,-25.0129439],[-50.4324202,-25.0158601],[-50.4302752,-25.0043311],[-50.4168047,-25.0048191],[-50.4136962,-24.990251],[-50.392039,-24.9862174],[-50.3917311,-24.9788503],[-50.4141026,-24.962842],[-50.3873985,-24.954992],[-50.3994835,-24.9388985],[-50.3780349,-24.9391829],[-50.380717,-24.9244871],[-50.3650115,-24.926704],[-50.3618718,-24.913093],[-50.3476138,-24.9084707],[-50.3385892,-24.8934497],[-50.3243764,-24.9005927],[-50.3198883,-24.8909457],[-50.3061399,-24.9204142],[-50.2668919,-24.9338318],[-50.2516062,-24.9537164],[-50.2203683,-24.9607261],[-50.1971681,-24.953252],[-50.1920006,-24.9636565],[-50.1745886,-24.9653717],[-50.1576447,-24.9873712],[-50.1627887,-24.9960629],[-50.149668,-25.0022048],[-50.1554823,-25.0099279],[-50.1254948,-25.0109286],[-50.0658983,-24.9905874],[-50.0292215,-24.9922613],[-50.0187507,-25.0102368],[-50.001756,-25.0059952],[-49.9907759,-25.021996],[-49.9747431,-25.0224558],[-49.9726592,-25.0646499],[-49.9578039,-25.0694123],[-49.9376619,-25.0723785],[-49.9194106,-25.0646254],[-49.9167022,-25.0534367],[-49.8744459,-25.0337572],[-49.8506582,-25.0434331],[-49.8330672,-25.037795],[-49.8358,-25.0486201],[-49.8046802,-25.0693196],[-49.8087824,-25.0593176],[-49.8015359,-25.0480522],[-49.7875922,-25.0582434],[-49.7784201,-25.0476778],[-49.7717855,-25.0560964],[-49.7680823,-25.0408986],[-49.7531674,-25.0464215],[-49.7508965,-25.0380779],[-49.736582,-25.0363882],[-49.7245829,-25.0445363],[-49.7167925,-25.0395409],[-49.7221952,-25.0316222],[-49.7025377,-25.0307175],[-49.7117373,-25.0384889],[-49.7020966,-25.0486637],[-49.7131652,-25.045966],[-49.7129474,-25.0601279],[-49.7222889,-25.0640067],[-49.7394499,-25.0627067],[-49.7428438,-25.0791802],[-49.7353348,-25.0888838],[-49.7392938,-25.1028693],[-49.7281184,-25.1106649],[-49.7311485,-25.127949],[-49.7076782,-25.1374072],[-49.6800014,-25.1685271],[-49.7121911,-25.217417],[-49.7298459,-25.2246268],[-49.7458589,-25.2211921],[-49.7729956,-25.1954357],[-49.7904662,-25.1982345],[-49.7984143,-25.2146666],[-49.8173144,-25.2263447],[-49.8567694,-25.2339327],[-49.8198578,-25.2721055],[-49.8459876,-25.2909287],[-49.8631727,-25.2835902],[-49.8815095,-25.2984339],[-49.9275115,-25.3118391],[-49.9468469,-25.3298501],[-49.9667274,-25.3234437],[-49.9711941,-25.3139547],[-49.9830055,-25.3214191],[-50.008323,-25.3007377],[-50.0219025,-25.3066981],[-50.037188,-25.3026751],[-50.0462197,-25.2750397],[-50.0735691,-25.250884],[-50.0920158,-25.279283],[-50.0826792,-25.2905975]]]}},{"type":"Feature","properties":{"level":"municipio","municipality_code":"4119954","municipality_name":"Pontal do Paraná","uf":"PR","state_code":"41","area_km2":200.83},"geometry":{"type":"Polygon","coordinates":[[[-48.4183726,-25.627508],[-48.4770916,-25.7137333],[-48.5051976,-25.7084734],[-48.5227942,-25.696176],[-48.5389898,-25.7058709],[-48.5379141,-25.7164008],[-48.5586068,-25.7193058],[-48.5454519,-25.7404033],[-48.5570152,-25.751912],[-48.5880472,-25.7420991],[-48.5689802,-25.6829075],[-48.5829936,-25.6772006],[-48.5845328,-25.6539026],[-48.5336515,-25.6409541],[-48.5130524,-25.6727965],[-48.5151353,-25.6595399],[-48.4966411,-25.6461959],[-48.5144421,-25.6295947],[-48.479182,-25.6270649],[-48.4930097,-25.6142714],[-48.4826905,-25.6105489],[-48.4899126,-25.5970038],[-48.47858,-25.5978585],[-48.4927006,-25.5849136],[-48.4785021,-25.5833208],[-48.4702816,-25.5732883],[-48.4753361,-25.5653621],[-48.4635827,-25.5465212],[-48.4236115,-25.5571523],[-48.3724813,-25.5448658],[-48.3493331,-25.5695685],[-48.3508089,-25.5818281],[-48.4183726,-25.627508]]]}},{"type":"Feature","properties":{"level":"municipio","municipality_code":"4120002","municipality_name":"Porecatu","uf":"PR","state_code":"41","area_km2":291.663},"geometry":{"type":"Polygon","coordinates":[[[-51.4020163,-22.6679055],[-51.3736492,-22.6581329],[-51.3330704,-22.6671095],[-51.3359571,-22.6919911],[-51.3424548,-22.6957453],[-51.3368419,-22.7022571],[-51.3429787,-22.7003757],[-51.3558975,-22.7154402],[-51.3454217,-22.7144177],[-51.3400906,-22.7229293],[-51.3416759,-22.7420408],[-51.3300864,-22.7362001],[-51.3354845,-22.7485446],[-51.3283719,-22.7683239],[-51.3131165,-22.7690777],[-51.3204765,-22.7795879],[-51.3074226,-22.7950874],[-51.3146486,-22.8032315],[-51.3074268,-22.8117711],[-51.3177824,-22.830127],[-51.3363928,-22.8277492],[-51.3622647,-22.8072876],[-51.3789546,-22.8288371],[-51.389245,-22.8228339],[-51.3883638,-22.812188],[-51.4084497,-22.8190947],[-51.4259152,-22.8370087],[-51.4474767,-22.8282126],[-51.4559126,-22.8000417],[-51.4903663,-22.7917762],[-51.4818421,-22.7600681],[-51.5115093,-22.7334307],[-51.5090327,-22.7099745],[-51.5178391,-22.7031527],[-51.5172137,-22.6899645],[-51.4989018,-22.6905293],[-51.4749511,-22.6792174],[-51.4464102,-22.6529523],[-51.4247256,-22.6535108],[-51.4020163,-22.6679055]]]}},{"type":"Feature","properties":{"level":"municipio","municipality_code":"4120101","municipality_name":"Porto Amazonas","uf":"PR","state_code":"41","area_km2":186.581},"geometry":{"type":"Polygon","coordinates":[[[-49.9618749,-25.5079242],[-49.9329748,-25.5040634],[-49.9187119,-25.4618882],[-49.9019675,-25.443873],[-49.8935137,-25.4721763],[-49.8651157,-25.4964978],[-49.8465246,-25.4761067],[-49.7665963,-25.4677706],[-49.804669,-25.50281],[-49.7974097,-25.5125594],[-49.8056473,-25.5204511],[-49.8026621,-25.552345],[-49.8090511,-25.5497061],[-49.8133231,-25.5573113],[-49.8253143,-25.5463831],[-49.8370373,-25.5531812],[-49.8436069,-25.5472241],[-49.851756,-25.555432],[-49.8557185,-25.5467592],[-49.8856376,-25.5457466],[-49.8908379,-25.554352],[-49.8755607,-25.5675891],[-49.8909339,-25.5776457],[-49.8993938,-25.5751672],[-49.8945319,-25.5668202],[-49.9103259,-25.5710494],[-49.9176241,-25.5576595],[-49.919025,-25.5720867],[-49.9118201,-25.5746293],[-49.9172423,-25.5772272],[-49.9059224,-25.5823135],[-49.9129662,-25.5978399],[-49.9334736,-25.5986269],[-49.9419428,-25.611153],[-49.9583447,-25.6014169],[-49.9568738,-25.6072066],[-49.9768371,-25.6081709],[-49.9767171,-25.5960924],[-49.9860383,-25.5997107],[-49.9914716,-25.5928944],[-49.9900261,-25.5623842],[-49.982245,-25.5602182],[-49.9618749,-25.5079242]]]}},{"type":"Feature","properties":{"level":"municipio","municipality_code":"4120150","municipality_name":"Porto Barreiro","uf":"PR","state_code":"41","area_km2":361.021},"geometry":{"type":"Polygon","coordinates":[[[-52.2743906,-25.5784639],[-52.2889766,-25.610385],[-52.2785783,-25.6134295],[-52.3094163,-25.61406],[-52.3115298,-25.635823],[-52.3046894,-25.6482892],[-52.3291134,-25.6581472],[-52.3336292,-25.6451894],[-52.3569687,-25.6438158],[-52.3772003,-25.6637954],[-52.3893313,-25.661883],[-52.3977023,-25.650477],[-52.4058665,-25.655251],[-52.4138401,-25.6653008],[-52.390614,-25.6873397],[-52.3952806,-25.7002662],[-52.4112065,-25.6995417],[-52.4450065,-25.6731427],[-52.4671188,-25.6786939],[-52.4836358,-25.6714491],[-52.4957582,-25.6810143],[-52.4994737,-25.6605204],[-52.5306468,-25.6459736],[-52.5146379,-25.6399781],[-52.511415,-25.6244154],[-52.5176159,-25.6169644],[-52.4977561,-25.6089967],[-52.4914958,-25.6131866],[-52.4699659,-25.5994177],[-52.4696162,-25.5836361],[-52.4544168,-25.5732162],[-52.4535252,-25.5618113],[-52.443246,-25.5612304],[-52.4409632,-25.5385225],[-52.4114139,-25.5278503],[-52.438501,-25.5048955],[-52.4028616,-25.4968498],[-52.4047978,-25.4852119],[-52.3702652,-25.4832234],[-52.3496078,-25.4938382],[-52.303929,-25.4812372],[-52.281052,-25.4931683],[-52.2724737,-25.4878939],[-52.2660852,-25.4957184],[-52.2699401,-25.508397],[-52.2601998,-25.5073685],[-52.255694,-25.5182],[-52.2748312,-25.526856],[-52.2696912,-25.5341411],[-52.2810332,-25.5460891],[-52.2707563,-25.5536018],[-52.2824209,-25.5605722],[-52.2743906,-25.5784639]]]}},{"type":"Feature","properties":{"level":"municipio","municipality_code":"4120200","municipality_name":"Porto Rico","uf":"PR","state_code":"41","area_km2":217.676},"geometry":{"type":"Polygon","coordinates":[[[-53.2399981,-22.7334709],[-53.238628,-22.7946575],[-53.2632179,-22.7952289],[-53.265828,-22.8334006],[-53.2887091,-22.8555699],[-53.2481489,-22.8679624],[-53.2594256,-22.8806728],[-53.2558125,-22.8995238],[-53.2847091,-22.9351792],[-53.3203417,-22.909487],[-53.3366117,-22.9200364],[-53.3724814,-22.895098],[-53.3703253,-22.8518007],[-53.394527,-22.8403583],[-53.4104066,-22.8138696],[-53.3775322,-22.8032341],[-53.3520355,-22.7756806],[-53.2399981,-22.7334709]]]}},{"type":"Feature","properties":{"level":"municipio","municipality_code":"4120309","municipality_name":"Porto Vitória","uf":"PR","state_code":"41","area_km2":213.013},"geometry":{"type":"Polygon","coordinates":[[[-51.1315526,-26.1901271],[-51.12386,-26.211911],[-51.1579273,-26.2394799],[-51.1803888,-26.2776805],[-51.2071978,-26.2963012],[-51.2158204,-26.315948],[-51.2505205,-26.3324519],[-51.2521748,-26.3515052],[-51.2679849,-26.3469586],[-51.2576544,-26.3235415],[-51.2732062,-26.304609],[-51.2630159,-26.3013953],[-51.2844049,-26.2985788],[-51.2788227,-26.2880463],[-51.2649577,-26.2907847],[-51.2660661,-26.2835829],[-51.2708274,-26.2753123],[-51.2897398,-26.2776348],[-51.2852929,-26.2695341],[-51.2677682,-26.2678752],[-51.2618547,-26.2561273],[-51.2689066,-26.2499558],[-51.2627381,-26.2427942],[-51.2804087,-26.2517794],[-51.2877888,-26.2434033],[-51.2812065,-26.2381567],[-51.2839005,-26.2273009],[-51.2726598,-26.2192231],[-51.2879593,-26.2154903],[-51.2777132,-26.2020793],[-51.2891821,-26.187819],[-51.2821264,-26.1788196],[-51.2943804,-26.1688939],[-51.278987,-26.1523955],[-51.2812881,-26.1411668],[-51.2575969,-26.130314],[-51.2429636,-26.1405339],[-51.2375147,-26.160003],[-51.2016289,-26.1574888],[-51.177709,-26.1703818],[-51.1697381,-26.1876777],[-51.1486821,-26.1828791],[-51.1315526,-26.1901271]]]}},{"type":"Feature","properties":{"level":"municipio","municipality_code":"4120333","municipality_name":"Prado Ferreira","uf":"PR","state_code":"41","area_km2":152.876},"geometry":{"type":"Polygon","coordinates":[[[-51.4433961,-22.991709],[-51.4218824,-22.9930893],[-51.3947967,-22.9728043],[-51.3364227,-22.9613016],[-51.3317558,-22.9714473],[-51.3188359,-22.9718602],[-51.3252328,-22.9917393],[-51.3116705,-22.9948385],[-51.3244473,-22.9993694],[-51.3233789,-23.0158372],[-51.3432149,-23.0255586],[-51.3391004,-23.0369767],[-51.3525037,-23.0322631],[-51.3470129,-23.0420758],[-51.3577352,-23.0432982],[-51.3618633,-23.061812],[-51.3817797,-23.0650773],[-51.3802214,-23.0791583],[-51.4035095,-23.0936467],[-51.4920788,-23.0667257],[-51.4690514,-23.0448212],[-51.4584958,-22.9788555],[-51.4433961,-22.991709]]]}},{"type":"Feature","properties":{"level":"municipio","municipality_code":"4120358","municipality_name":"Pranchita","uf":"PR","state_code":"41","area_km2":226.14},"geometry":{"type":"Polygon","coordinates":[[[-53.7497744,-25.9273353],[-53.6970871,-25.9018194],[-53.6835204,-25.9238479],[-53.6577013,-25.9380119],[-53.6416576,-25.9280993],[-53.6379531,-25.9428227],[-53.6109096,-25.9559769],[-53.5745077,-25.9296318],[-53.5551631,-25.9279788],[-53.5456267,-25.9366775],[-53.5614094,-25.9367785],[-53.5840709,-25.9509198],[-53.5826612,-25.9576944],[-53.566077,-25.9573288],[-53.5746549,-25.9620127],[-53.5750753,-25.9734148],[-53.590775,-25.9781356],[-53.5961271,-25.9698457],[-53.6022634,-25.9739867],[-53.5956054,-25.9796195],[-53.6061583,-25.980489],[-53.6066285,-25.9709307],[-53.6159604,-25.9724098],[-53.6097673,-25.9911036],[-53.6496916,-25.9863614],[-53.745835,-26.0450766],[-53.7574904,-26.0411945],[-53.7575498,-26.0318427],[-53.7716138,-26.0314698],[-53.7806335,-26.0216672],[-53.7801244,-26.0084636],[-53.8049163,-25.9956207],[-53.8027193,-25.9846595],[-53.8176836,-25.989964],[-53.8199297,-25.981901],[-53.8135804,-25.9802887],[-53.8358799,-25.9720739],[-53.8280025,-25.9637216],[-53.840047,-25.9538692],[-53.8428116,-25.9336556],[-53.8329263,-25.9310975],[-53.8335022,-25.9206363],[-53.8215837,-25.9288043],[-53.8189072,-25.9123465],[-53.7898479,-25.9125732],[-53.7805271,-25.9236888],[-53.7708073,-25.9156972],[-53.7497744,-25.9273353]]]}},{"type":"Feature","properties":{"level":"municipio","municipality_code":"4120408","municipality_name":"Presidente Castelo Branco","uf":"PR","state_code":"41","area_km2":155.734},"geometry":{"type":"Polygon","coordinates":[[[-52.1698694,-23.2456292],[-52.1556581,-23.2437201],[-52.1641181,-23.2336501],[-52.1444335,-23.2120583],[-52.1084227,-23.1928496],[-52.1067632,-23.1824901],[-52.0871712,-23.177781],[-52.0587377,-23.2038884],[-52.0709795,-23.2299021],[-52.0805869,-23.2298906],[-52.0841084,-23.2599975],[-52.1147532,-23.2866181],[-52.1130167,-23.3036223],[-52.1442979,-23.3041579],[-52.1790145,-23.3499797],[-52.1885593,-23.3335199],[-52.2385036,-23.3143419],[-52.2189006,-23.2886586],[-52.2440298,-23.2682321],[-52.2187426,-23.2479807],[-52.1881716,-23.2623136],[-52.1698694,-23.2456292]]]}},{"type":"Feature","properties":{"level":"municipio","municipality_code":"4120507","municipality_name":"Primeiro de Maio","uf":"PR","state_code":"41","area_km2":414.442},"geometry":{"type":"Polygon","coordinates":[[[-50.991134,-22.8571189],[-50.9606261,-22.8472265],[-50.9368424,-22.8741101],[-50.9333105,-22.9088519],[-50.9495261,-22.9280806],[-50.9794856,-22.9371317],[-50.9912053,-22.9327055],[-51.0108088,-22.9445216],[-51.0368632,-22.933327],[-51.0482728,-22.9368006],[-51.0491987,-22.9455849],[-51.1037075,-22.9451266],[-51.1465296,-22.9649815],[-51.1507113,-22.976769],[-51.1694535,-22.9671458],[-51.1774948,-22.8999813],[-51.1680199,-22.8939422],[-51.1583949,-22.8744595],[-51.1623822,-22.8596449],[-51.1545931,-22.8549804],[-51.1692067,-22.8358158],[-51.1650821,-22.8158322],[-51.1840769,-22.7715276],[-51.1772892,-22.7408084],[-51.1279231,-22.7599926],[-51.057615,-22.7660571],[-51.0043772,-22.7937092],[-51.0042107,-22.821842],[-50.9856629,-22.8131542],[-50.9769314,-22.8184983],[-50.9967389,-22.8484009],[-50.991134,-22.8571189]]]}},{"type":"Feature","properties":{"level":"municipio","municipality_code":"4120606","municipality_name":"Prudentópolis","uf":"PR","state_code":"41","area_km2":2245.85},"geometry":{"type":"Polygon","coordinates":[[[-51.1455732,-25.4821478],[-51.1140666,-25.4757683],[-51.0992347,-25.4522242],[-51.091748,-25.4534137],[-51.0898458,-25.4438298],[-51.101177,-25.4408538],[-51.0963074,-25.4298482],[-51.1116163,-25.4248929],[-51.112146,-25.4518756],[-51.1173351,-25.4457823],[-51.1217439,-25.4540836],[-51.1256148,-25.4329715],[-51.1409856,-25.4381506],[-51.142217,-25.4326895],[-51.1501409,-25.4391443],[-51.1552202,-25.4382802],[-51.1276169,-25.4087628],[-51.1688542,-25.4110357],[-51.1504482,-25.3931563],[-51.1379246,-25.3952065],[-51.1377063,-25.3789045],[-51.1596961,-25.3822951],[-51.1566653,-25.3667582],[-51.1343041,-25.367672],[-51.136077,-25.3473682],[-51.1158345,-25.3494315],[-51.1277607,-25.3451213],[-51.1401199,-25.3473253],[-51.1451598,-25.3257313],[-51.1619332,-25.3405884],[-51.1541772,-25.349799],[-51.154222,-25.3523652],[-51.1704105,-25.3513585],[-51.1701401,-25.3287603],[-51.1847166,-25.320826],[-51.1955098,-25.3321769],[-51.2032624,-25.323499],[-51.1967093,-25.3168238],[-51.2273992,-25.2974125],[-51.2086679,-25.2985108],[-51.2088425,-25.2885351],[-51.1999437,-25.2991895],[-51.2000024,-25.2646074],[-51.1875514,-25.2717727],[-51.1924725,-25.2528117],[-51.1769088,-25.2508604],[-51.2060909,-25.2330657],[-51.1913266,-25.2263847],[-51.1569829,-25.2322862],[-51.189051,-25.2122003],[-51.2042813,-25.2196033],[-51.2145369,-25.2028638],[-51.2068348,-25.1973479],[-51.2010818,-25.2057906],[-51.1916788,-25.1850864],[-51.1759353,-25.1761473],[-51.2012484,-25.1742818],[-51.2041603,-25.1589073],[-51.2156718,-25.1540053],[-51.2322673,-25.1569513],[-51.2242615,-25.1361114],[-51.2464615,-25.1347938],[-51.2507423,-25.1270516],[-51.2344433,-25.12217],[-51.245391,-25.1004871],[-51.226772,-25.0826175],[-51.2448532,-25.0644455],[-51.2291242,-25.0623845],[-51.2558743,-25.0575842],[-51.2601826,-25.0460821],[-51.2420297,-25.030295],[-51.2469705,-25.0126944],[-51.2313516,-24.9887882],[-51.235714,-24.992946],[-51.2440804,-24.9697331],[-51.2579981,-24.9922817],[-51.2519628,-25.0011778],[-51.2551307,-25.0197231],[-51.2861204,-25.0183617],[-51.2616708,-25.0303078],[-51.2643773,-25.0392888],[-51.2907962,-25.0451403],[-51.2719285,-25.0575168],[-51.2746311,-25.0659486],[-51.2657713,-25.0738903],[-51.2717894,-25.0766862],[-51.2871041,-25.0590452],[-51.2973081,-25.0635776],[-51.2981801,-25.0555546],[-51.3103549,-25.0529143],[-51.3156816,-25.0290305],[-51.3294395,-25.0166492],[-51.3265947,-25.0034751],[-51.3356169,-24.9955368],[-51.324195,-24.9858201],[-51.33592,-24.9760582],[-51.3260978,-24.9650443],[-51.3269659,-24.9504437],[-51.339446,-24.9425144],[-51.3328267,-24.9296897],[-51.3624065,-24.930586],[-51.3827468,-24.9185886],[-51.4106004,-24.9180528],[-51.3996023,-24.9095076],[-51.4027933,-24.8969771],[-51.3933763,-24.8773527],[-51.3790941,-24.8777984],[-51.364596,-24.8636477],[-51.3818962,-24.844356],[-51.3771509,-24.8338711],[-51.3680066,-24.8343781],[-51.3727312,-24.8271176],[-51.3621484,-24.8204531],[-51.364178,-24.8068286],[-51.3484557,-24.7985787],[-51.3525957,-24.7890595],[-51.3372894,-24.7943914],[-51.3181028,-24.7864974],[-51.3328498,-24.7596225],[-51.3292072,-24.7537849],[-51.3188726,-24.76863],[-51.3054838,-24.7672361],[-51.2946227,-24.7760265],[-51.2913206,-24.7586156],[-51.2755128,-24.7529436],[-51.2824298,-24.7745502],[-51.2526273,-24.7702983],[-51.2602343,-24.7845744],[-51.2347875,-24.7919759],[-51.2353427,-24.7785793],[-51.2029223,-24.765392],[-51.2114764,-24.7954308],[-51.1967094,-24.7994653],[-51.1824903,-24.7830272],[-51.1853424,-24.7985954],[-51.1757848,-24.7995521],[-51.1694015,-24.812349],[-51.1499084,-24.8086696],[-51.1559825,-24.8190215],[-51.1436225,-24.8255731],[-51.1458735,-24.8490248],[-51.1300354,-24.8518328],[-51.1356744,-24.8643628],[-51.1299054,-24.8742114],[-51.1039247,-24.8664572],[-51.117568,-24.8836969],[-51.0979308,-24.8782294],[-51.1203176,-24.9056248],[-51.0866178,-24.9046653],[-51.0834834,-24.9154732],[-51.0928184,-24.9100728],[-51.1001824,-24.9207073],[-51.082648,-24.9374512],[-51.0694247,-24.9350895],[-51.0716515,-24.9242182],[-51.0469845,-24.9255794],[-51.0428401,-24.9149721],[-51.0379305,-24.9294056],[-51.0535362,-24.9327642],[-51.0594506,-24.9531322],[-51.0300929,-24.9552292],[-51.0161502,-24.9817751],[-50.9934237,-24.9817431],[-51.0004864,-25.0038046],[-50.9705394,-25.0055424],[-50.973567,-25.0198644],[-50.9511981,-25.0367807],[-50.9577588,-25.0459973],[-50.9528365,-25.0714677],[-50.9371424,-25.0738968],[-50.9264773,-25.1008337],[-50.9500141,-25.1541196],[-50.9412857,-25.1702551],[-50.9345611,-25.1733639],[-50.9351504,-25.163292],[-50.9232002,-25.1599608],[-50.9165685,-25.1750289],[-50.9020916,-25.1737249],[-50.8901983,-25.2019695],[-50.877657,-25.1980151],[-50.8543766,-25.2199397],[-50.8117596,-25.2342829],[-50.8207559,-25.2570782],[-50.7997277,-25.2850226],[-50.8167091,-25.3280123],[-50.808734,-25.3411887],[-50.8129261,-25.3525529],[-50.7867263,-25.380904],[-50.7856388,-25.4160729],[-50.8006463,-25.3938052],[-50.8269644,-25.3845656],[-50.8341634,-25.3721626],[-50.8683812,-25.3738733],[-50.8827277,-25.386146],[-50.8895442,-25.3778632],[-50.9088539,-25.3907001],[-50.9225118,-25.3899111],[-50.9842141,-25.4341914],[-51.0208748,-25.4426888],[-51.0139998,-25.4549155],[-51.0220069,-25.4559213],[-51.02711,-25.4687353],[-51.039552,-25.4600034],[-51.0455946,-25.4639672],[-51.0417709,-25.4724776],[-51.0693577,-25.4806104],[-51.080934,-25.500581],[-51.1295649,-25.517532],[-51.1455732,-25.4821478]]]}},{"type":"Feature","properties":{"level":"municipio","municipality_code":"4118907","municipality_name":"Pérola","uf":"PR","state_code":"41","area_km2":236.186},"geometry":{"type":"Polygon","coordinates":[[[-53.674651,-23.7497851],[-53.6369956,-23.8002111],[-53.6328047,-23.8259847],[-53.6184953,-23.847962],[-53.7007855,-23.9288416],[-53.7388663,-23.9522375],[-53.7476424,-23.9304976],[-53.7447208,-23.8946478],[-53.7899172,-23.8268295],[-53.7737417,-23.8227365],[-53.7614193,-23.8068448],[-53.7586805,-23.7954106],[-53.7753238,-23.7856861],[-53.7525869,-23.7817513],[-53.7408984,-23.7679356],[-53.728772,-23.7375073],[-53.7439084,-23.7156144],[-53.7238215,-23.7097122],[-53.7059272,-23.7370032],[-53.6931349,-23.7360466],[-53.674651,-23.7497851]]]}},{"type":"Feature","properties":{"level":"municipio","municipality_code":"4119004","municipality_name":"Pérola d'Oeste","uf":"PR","state_code":"41","area_km2":205.279},"geometry":{"type":"Polygon","coordinates":[[[-53.6934117,-25.8263019],[-53.6767432,-25.8628568],[-53.723003,-25.8586541],[-53.7232967,-25.8661998],[-53.7005112,-25.8804703],[-53.7052051,-25.8884167],[-53.69633,-25.9016527],[-53.7497744,-25.9273353],[-53.7708073,-25.9156972],[-53.7837758,-25.9228073],[-53.7898479,-25.9125732],[-53.8341783,-25.9148456],[-53.8195286,-25.8977994],[-53.8498175,-25.8837415],[-53.8232948,-25.8721323],[-53.8362955,-25.8689838],[-53.8316599,-25.8593604],[-53.8448676,-25.8571915],[-53.8344201,-25.8498085],[-53.8418882,-25.8390156],[-53.8499691,-25.8400143],[-53.8354956,-25.8254213],[-53.8383429,-25.8159783],[-53.8193755,-25.8158941],[-53.8285111,-25.8084374],[-53.8222705,-25.7924335],[-53.8432682,-25.7906582],[-53.830804,-25.7812408],[-53.8426945,-25.7706868],[-53.8390182,-25.7639934],[-53.8283143,-25.7673689],[-53.827996,-25.7820754],[-53.810746,-25.7940538],[-53.7521261,-25.7910312],[-53.7483666,-25.7795196],[-53.6849632,-25.8228384],[-53.663346,-25.8083767],[-53.6166118,-25.8113832],[-53.5965194,-25.8019351],[-53.5995956,-25.811757],[-53.6189884,-25.8169307],[-53.6327206,-25.8329129],[-53.6934117,-25.8263019]]]}},{"type":"Feature","properties":{"level":"municipio","municipality_code":"4120655","municipality_name":"Quarto Centenário","uf":"PR","state_code":"41","area_km2":320.779},"geometry":{"type":"Polygon","coordinates":[[[-53.1318968,-24.3923556],[-53.1460336,-24.3885044],[-53.1593175,-24.3946895],[-53.1656375,-24.3655879],[-53.1907428,-24.3604789],[-53.2021031,-24.3411783],[-53.223691,-24.3551785],[-53.2471652,-24.3290071],[-53.2591846,-24.3387567],[-53.2762398,-24.3363175],[-53.2751827,-24.3158356],[-53.2897378,-24.3024818],[-53.2708403,-24.2379432],[-53.2574486,-24.2325105],[-53.2570078,-24.2416138],[-53.2160222,-24.2555368],[-53.1851272,-24.2375094],[-53.1479768,-24.2438411],[-53.1377973,-24.2284864],[-53.120502,-24.2294608],[-53.114995,-24.23706],[-53.1119432,-24.2297398],[-53.074367,-24.2243648],[-53.0391715,-24.2748799],[-53.0097935,-24.2747934],[-53.0086255,-24.281332],[-53.0762717,-24.3124518],[-53.078338,-24.3989271],[-53.0856982,-24.3893765],[-53.0913491,-24.399663],[-53.1086927,-24.393194],[-53.1127986,-24.3995554],[-53.1143666,-24.3991999],[-53.1148214,-24.3973104],[-53.1180158,-24.3957248],[-53.1146753,-24.4028614],[-53.121476,-24.4074247],[-53.1318968,-24.3923556]]]}},{"type":"Feature","properties":{"level":"municipio","municipality_code":"4120705","municipality_name":"Quatiguá","uf":"PR","state_code":"41","area_km2":112.689},"geometry":{"type":"Polygon","coordinates":[[[-49.9056335,-23.5984715],[-49.9501813,-23.5998636],[-49.9716539,-23.5875888],[-49.9844741,-23.5901033],[-50.0266641,-23.5654863],[-50.0391628,-23.5485096],[-49.9789069,-23.5274854],[-49.9229393,-23.5571265],[-49.8899901,-23.5118351],[-49.8759023,-23.5065358],[-49.8743904,-23.5215876],[-49.8588387,-23.5256361],[-49.8638684,-23.5328863],[-49.8453696,-23.5414292],[-49.856427,-23.5541651],[-49.8481104,-23.5673848],[-49.8720395,-23.5808798],[-49.8776035,-23.6073304],[-49.9056335,-23.5984715]]]}},{"type":"Feature","properties":{"level":"municipio","municipality_code":"4120804","municipality_name":"Quatro Barras","uf":"PR","state_code":"41","area_km2":180.471},"geometry":{"type":"Polygon","coordinates":[[[-49.0407425,-25.4024721],[-49.0874883,-25.3865187],[-49.1039617,-25.3942347],[-49.1238543,-25.3706271],[-49.0866009,-25.3643341],[-49.0465425,-25.3466276],[-49.0155823,-25.3116673],[-48.9949969,-25.3059344],[-48.9464867,-25.304982],[-48.8996169,-25.3358321],[-48.8997067,-25.3489725],[-48.9190192,-25.3794385],[-48.944172,-25.3875125],[-48.9544165,-25.4113955],[-48.9487977,-25.4175424],[-48.9689802,-25.4274528],[-48.9628696,-25.4447467],[-49.0125516,-25.4394541],[-49.036439,-25.4195881],[-49.0407425,-25.4024721]]]}},{"type":"Feature","properties":{"level":"municipio","municipality_code":"4120853","municipality_name":"Quatro Pontes","uf":"PR","state_code":"41","area_km2":114.393},"geometry":{"type":"Polygon","coordinates":[[[-53.9193611,-24.5697379],[-53.9265753,-24.5924228],[-53.9605179,-24.6293842],[-53.9609154,-24.6501909],[-53.9876016,-24.6644144],[-54.0047182,-24.6592148],[-53.9962675,-24.6046293],[-54.0255629,-24.5836452],[-54.0098028,-24.5837654],[-54.0088777,-24.5691608],[-54.0132568,-24.5126775],[-54.0267586,-24.5003443],[-53.9950276,-24.4961594],[-53.9844942,-24.4830634],[-53.9735601,-24.4865178],[-53.9588373,-24.5072466],[-53.965352,-24.5196564],[-53.957766,-24.5125801],[-53.949616,-24.5189234],[-53.9671271,-24.527671],[-53.9572473,-24.5289244],[-53.9584399,-24.5367331],[-53.9460618,-24.5347592],[-53.9499623,-24.5465196],[-53.9360245,-24.5493256],[-53.9351482,-24.5623969],[-53.9193611,-24.5697379]]]}},{"type":"Feature","properties":{"level":"municipio","municipality_code":"4120903","municipality_name":"Quedas do Iguaçu","uf":"PR","state_code":"41","area_km2":821.503},"geometry":{"type":"Polygon","coordinates":[[[-52.7890157,-25.4720458],[-52.7822358,-25.5047761],[-52.7698308,-25.5055255],[-52.7651533,-25.519649],[-52.7800656,-25.521672],[-52.7882752,-25.5458455],[-52.7812556,-25.5581811],[-52.7657424,-25.5546224],[-52.7683551,-25.5635327],[-52.7980703,-25.5701146],[-52.8001444,-25.595571],[-52.8097018,-25.6065519],[-52.8235126,-25.6025651],[-52.8395543,-25.5839318],[-52.8674453,-25.6140026],[-52.8898572,-25.5975899],[-52.9040518,-25.5653641],[-52.9547185,-25.5548269],[-52.9723034,-25.572105],[-52.9861807,-25.568651],[-52.995346,-25.558032],[-52.9949623,-25.5348228],[-53.0329498,-25.5452806],[-53.0395344,-25.5725743],[-53.0480426,-25.5775282],[-53.0668908,-25.5691968],[-53.077542,-25.5394331],[-53.0909281,-25.5272422],[-53.1275732,-25.5638051],[-53.1365926,-25.5536762],[-53.143543,-25.513675],[-53.1253203,-25.506574],[-53.1525724,-25.4968476],[-53.127975,-25.4885545],[-53.134277,-25.4725342],[-53.1289333,-25.46626],[-53.1108705,-25.4779679],[-53.1232136,-25.4636444],[-53.1137272,-25.4655597],[-53.1120138,-25.450518],[-53.098861,-25.4377876],[-53.1093271,-25.4455535],[-53.1212899,-25.4424989],[-53.1120955,-25.4281198],[-53.1282929,-25.4202727],[-53.1222343,-25.4154807],[-53.1175243,-25.4240185],[-53.1091882,-25.4163121],[-53.1158118,-25.4051703],[-53.103506,-25.3960795],[-53.1019588,-25.3808824],[-53.0833972,-25.3864545],[-53.08078,-25.3715755],[-53.0942078,-25.3677043],[-53.0823149,-25.3530595],[-53.0708192,-25.3691995],[-53.0700632,-25.3545135],[-53.0589907,-25.361972],[-53.0510673,-25.3541955],[-53.0545192,-25.3368711],[-53.0482091,-25.3407334],[-53.0344991,-25.329661],[-53.0114938,-25.328308],[-53.0003747,-25.3420142],[-53.0058508,-25.3329484],[-52.9953612,-25.3235965],[-53.0103379,-25.3176403],[-52.9918507,-25.3154841],[-53.0002045,-25.3034712],[-52.9905514,-25.3113223],[-52.9852218,-25.3007603],[-52.9782453,-25.3075485],[-52.9493514,-25.2990875],[-52.9517497,-25.2815243],[-52.9314776,-25.2982054],[-52.9189298,-25.2784732],[-52.9105293,-25.3041186],[-52.8446806,-25.350212],[-52.8431192,-25.3951394],[-52.8608254,-25.3980846],[-52.8646096,-25.4073672],[-52.8572866,-25.4098702],[-52.8642599,-25.414031],[-52.8593571,-25.4370008],[-52.8148491,-25.4454251],[-52.7890157,-25.4720458]]]}},{"type":"Feature","properties":{"level":"municipio","municipality_code":"4121000","municipality_name":"Querência do Norte","uf":"PR","state_code":"41","area_km2":914.763},"geometry":{"type":"Polygon","coordinates":[[[-53.5468271,-22.8900963],[-53.4296508,-22.8329554],[-53.4104066,-22.8138696],[-53.394527,-22.8403583],[-53.3703253,-22.8518007],[-53.3724814,-22.895098],[-53.3366117,-22.9200364],[-53.316531,-22.9124893],[-53.4546356,-23.1063702],[-53.4677642,-23.1773075],[-53.485218,-23.1835769],[-53.4961752,-23.1991546],[-53.5386656,-23.1881101],[-53.5679262,-23.2230837],[-53.592081,-23.2240322],[-53.6192285,-23.21159],[-53.635391,-23.2413993],[-53.6296394,-23.2711414],[-53.6987469,-23.3057852],[-53.7149077,-23.2833818],[-53.699341,-23.2349043],[-53.6547546,-23.1441601],[-53.6365887,-23.1250308],[-53.634125,-22.9984951],[-53.602589,-22.9461217],[-53.5707711,-22.9284913],[-53.5468271,-22.8900963]]]}},{"type":"Feature","properties":{"level":"municipio","municipality_code":"4121109","municipality_name":"Quinta do Sol","uf":"PR","state_code":"41","area_km2":326.177},"geometry":{"type":"Polygon","coordinates":[[[-52.065702,-23.8436176],[-52.0749673,-23.8725751],[-52.0818044,-23.8802968],[-52.09268,-23.8743795],[-52.1484586,-23.9463552],[-52.26666,-23.8859178],[-52.2531066,-23.873696],[-52.2678322,-23.8606401],[-52.2355556,-23.847716],[-52.2370242,-23.8307387],[-52.2288229,-23.8354475],[-52.2221305,-23.8259988],[-52.2152099,-23.8345107],[-52.2091611,-23.8267965],[-52.1943526,-23.8281321],[-52.2077694,-23.8138553],[-52.1873292,-23.8066747],[-52.1936057,-23.7927402],[-52.1751559,-23.7767443],[-52.1768536,-23.7548306],[-52.1677753,-23.7600846],[-52.1562664,-23.7446319],[-52.1457726,-23.7522298],[-52.1306362,-23.7233367],[-52.1211618,-23.7336665],[-52.12019,-23.7137494],[-52.1115409,-23.7055228],[-52.0946033,-23.7063163],[-52.0952966,-23.7200898],[-52.0611041,-23.730975],[-52.0562416,-23.7514884],[-52.034059,-23.7696494],[-52.0438219,-23.8109705],[-52.0536012,-23.8179976],[-52.0503306,-23.8324618],[-52.065702,-23.8436176]]]}},{"type":"Feature","properties":{"level":"municipio","municipality_code":"4121208","municipality_name":"Quitandinha","uf":"PR","state_code":"41","area_km2":447.024},"geometry":{"type":"Polygon","coordinates":[[[-49.4658507,-26.0248757],[-49.4720373,-26.0303908],[-49.4870642,-26.0069718],[-49.5017073,-26.0160631],[-49.5190593,-26.0081304],[-49.5370283,-25.9736379],[-49.5422678,-25.9392057],[-49.5520646,-25.9430893],[-49.5646608,-25.9274936],[-49.5845185,-25.9233227],[-49.5933597,-25.9291043],[-49.605929,-25.8960613],[-49.6459197,-25.8936248],[-49.6550054,-25.8790992],[-49.679971,-25.8769913],[-49.6778781,-25.8698009],[-49.643245,-25.8599106],[-49.6360954,-25.8677928],[-49.6074607,-25.8566478],[-49.6024513,-25.8458883],[-49.5759795,-25.8480178],[-49.5685414,-25.8442534],[-49.572284,-25.8407527],[-49.5719115,-25.8391538],[-49.5460623,-25.8467602],[-49.5269588,-25.8127282],[-49.491927,-25.7927519],[-49.4768428,-25.8004783],[-49.4552729,-25.7865013],[-49.4480508,-25.7990504],[-49.4214559,-25.7849307],[-49.4162824,-25.7942487],[-49.3908463,-25.7938034],[-49.3850884,-25.7835707],[-49.3699161,-25.7882244],[-49.3701154,-25.8039922],[-49.3909989,-25.8283612],[-49.3959703,-25.8523607],[-49.400739,-25.8583254],[-49.4103773,-25.8547057],[-49.4168942,-25.8732099],[-49.4281741,-25.8714398],[-49.4504942,-25.9204253],[-49.4369639,-25.9255286],[-49.4317124,-25.9396132],[-49.4257461,-25.9317573],[-49.4067078,-25.941398],[-49.3993245,-25.9326505],[-49.378704,-25.9296023],[-49.3701073,-25.9324228],[-49.3726399,-25.9442752],[-49.3618732,-25.946634],[-49.3753291,-25.9691214],[-49.3766943,-26.0119587],[-49.3693338,-26.0332771],[-49.3755106,-26.0596861],[-49.3937316,-26.0514734],[-49.3978582,-26.0354754],[-49.4339871,-26.0464681],[-49.4658507,-26.0248757]]]}},{"type":"Feature","properties":{"level":"municipio","municipality_code":"4121257","municipality_name":"Ramilândia","uf":"PR","state_code":"41","area_km2":237.196},"geometry":{"type":"Polygon","coordinates":[[[-54.0993003,-25.1765205],[-54.1006988,-25.1109904],[-54.1943658,-25.1127072],[-54.1683427,-25.0304997],[-54.1314056,-25.037229],[-54.1267907,-25.0224461],[-54.1046331,-25.0375319],[-54.0850228,-25.0251831],[-54.0699232,-25.0375785],[-54.010825,-25.0309946],[-54.0154471,-25.0383732],[-53.9991686,-25.0489171],[-54.0087905,-25.0552721],[-53.9973371,-25.0564306],[-54.0034907,-25.0615807],[-53.9778191,-25.091745],[-53.9809708,-25.1286917],[-54.0006763,-25.1275952],[-53.9862151,-25.1498667],[-53.9961825,-25.1555473],[-54.0211949,-25.145447],[-54.0213181,-25.1752397],[-54.0993003,-25.1765205]]]}},{"type":"Feature","properties":{"level":"municipio","municipality_code":"4121307","municipality_name":"Rancho Alegre","uf":"PR","state_code":"41","area_km2":167.646},"geometry":{"type":"Polygon","coordinates":[[[-50.876589,-23.0695718],[-50.8538996,-23.0701785],[-50.8591288,-23.0856684],[-50.8411586,-23.0921215],[-50.8527188,-23.0945503],[-50.8493804,-23.1050645],[-50.8713922,-23.1467879],[-50.9595501,-23.1478915],[-50.9667371,-23.1394104],[-50.9915446,-23.146992],[-50.992816,-23.1386474],[-50.9475899,-23.1077843],[-50.9771547,-23.0947996],[-50.9888061,-23.0450949],[-50.9614333,-23.0450897],[-50.9439305,-23.0360324],[-50.9545141,-23.0087144],[-50.9463538,-22.98188],[-50.9295302,-22.9787535],[-50.9306489,-22.996574],[-50.8963558,-23.0091164],[-50.8842381,-23.0323536],[-50.8739393,-23.035767],[-50.879451,-23.0449944],[-50.8662837,-23.0531206],[-50.876589,-23.0695718]]]}},{"type":"Feature","properties":{"level":"municipio","municipality_code":"4121356","municipality_name":"Rancho Alegre D'Oeste","uf":"PR","state_code":"41","area_km2":241.185},"geometry":{"type":"Polygon","coordinates":[[[-53.0784169,-24.317653],[-53.0324542,-24.2868719],[-53.0050902,-24.2828431],[-53.0033725,-24.2709565],[-52.9887164,-24.2627122],[-52.9796568,-24.2665254],[-52.9473652,-24.2540376],[-52.9240527,-24.2210949],[-52.9148531,-24.2185289],[-52.9025049,-24.1900832],[-52.8925172,-24.187304],[-52.9055657,-24.1616714],[-52.8810816,-24.1413584],[-52.8636426,-24.1387767],[-52.8692558,-24.1418639],[-52.868994,-24.316418],[-52.8864895,-24.3111287],[-52.9065347,-24.327397],[-52.9195829,-24.3211641],[-52.9457902,-24.3286722],[-52.9650554,-24.3468629],[-52.9740649,-24.3443757],[-52.9879446,-24.3587926],[-53.0357806,-24.3771455],[-53.0460142,-24.3854125],[-53.0436483,-24.3974799],[-53.0585138,-24.3903267],[-53.0632526,-24.4059653],[-53.078338,-24.3989271],[-53.0784169,-24.317653]]]}},{"type":"Feature","properties":{"level":"municipio","municipality_code":"4121406","municipality_name":"Realeza","uf":"PR","state_code":"41","area_km2":353.416},"geometry":{"type":"Polygon","coordinates":[[[-53.5478443,-25.8120692],[-53.5767696,-25.7994201],[-53.566436,-25.7956257],[-53.5816805,-25.7761184],[-53.575937,-25.7654957],[-53.6088221,-25.7719587],[-53.6101548,-25.763759],[-53.5887384,-25.7386401],[-53.5932358,-25.7235416],[-53.605195,-25.7262111],[-53.6134067,-25.7177924],[-53.6004917,-25.7171718],[-53.5976263,-25.7072619],[-53.6146582,-25.7057544],[-53.5923552,-25.6868663],[-53.622938,-25.6804369],[-53.6163825,-25.6685418],[-53.6287956,-25.6632816],[-53.6096258,-25.6573743],[-53.6389626,-25.6378964],[-53.6302638,-25.6332169],[-53.6019065,-25.645266],[-53.6129898,-25.6361708],[-53.6160527,-25.618773],[-53.5979093,-25.6166571],[-53.614488,-25.6034408],[-53.5925181,-25.6005089],[-53.6256066,-25.5916809],[-53.6128968,-25.5843859],[-53.5856543,-25.5871935],[-53.5876232,-25.5743921],[-53.6016886,-25.5698157],[-53.6042348,-25.5617979],[-53.5763255,-25.562042],[-53.5793035,-25.5257138],[-53.5596801,-25.5065322],[-53.5482845,-25.5121609],[-53.5439085,-25.5429689],[-53.5070755,-25.5436042],[-53.4966858,-25.5525864],[-53.5053765,-25.5803195],[-53.4894657,-25.5959268],[-53.489326,-25.6149903],[-53.4722686,-25.6128725],[-53.4634356,-25.6227063],[-53.4832131,-25.6193746],[-53.4820736,-25.6344719],[-53.4902622,-25.6425992],[-53.4791762,-25.641078],[-53.4718843,-25.6524856],[-53.4886651,-25.6544643],[-53.4784168,-25.6622694],[-53.4867769,-25.6707396],[-53.4723626,-25.7024205],[-53.4784155,-25.7019224],[-53.4847827,-25.7265301],[-53.4680432,-25.7578031],[-53.4727353,-25.7776283],[-53.4777376,-25.784093],[-53.510918,-25.7858809],[-53.4982746,-25.7934731],[-53.5146784,-25.8268475],[-53.5333192,-25.8322268],[-53.5478443,-25.8120692]]]}},{"type":"Feature","properties":{"level":"municipio","municipality_code":"4121505","municipality_name":"Rebouças","uf":"PR","state_code":"41","area_km2":481.84},"geometry":{"type":"Polygon","coordinates":[[[-50.6763533,-25.6836947],[-50.6868806,-25.6945813],[-50.6859713,-25.6874047],[-50.7109527,-25.6863598],[-50.7153972,-25.6755353],[-50.7021983,-25.6744318],[-50.7006441,-25.6661433],[-50.7178532,-25.657765],[-50.7408626,-25.6707718],[-50.7532831,-25.6561874],[-50.7772081,-25.6557348],[-50.7889687,-25.5987217],[-50.7823915,-25.5906597],[-50.7690857,-25.5937862],[-50.7652554,-25.5720565],[-50.7437939,-25.5632507],[-50.7459048,-25.5562413],[-50.7280381,-25.5494655],[-50.722386,-25.5586543],[-50.7194242,-25.5537375],[-50.616901,-25.5867969],[-50.5859532,-25.5752876],[-50.5482774,-25.5773686],[-50.5252035,-25.5944564],[-50.519513,-25.6080512],[-50.5268323,-25.6285748],[-50.5102691,-25.6304158],[-50.4881082,-25.6524193],[-50.459772,-25.6602884],[-50.455598,-25.6807946],[-50.4861621,-25.7086972],[-50.4905597,-25.7365145],[-50.5026795,-25.7414912],[-50.5146638,-25.7327755],[-50.5384536,-25.7581321],[-50.5585304,-25.7525836],[-50.5677813,-25.7630497],[-50.5931868,-25.7598173],[-50.5972214,-25.7798968],[-50.6125289,-25.7880376],[-50.6149567,-25.7649663],[-50.6231391,-25.7721612],[-50.6286024,-25.7639652],[-50.6419176,-25.7773083],[-50.6417768,-25.7607131],[-50.6530614,-25.7625272],[-50.6606307,-25.7508481],[-50.6707366,-25.7498907],[-50.6694422,-25.7345016],[-50.6807654,-25.732913],[-50.6632265,-25.6951311],[-50.6763533,-25.6836947]]]}},{"type":"Feature","properties":{"level":"municipio","municipality_code":"4121604","municipality_name":"Renascença","uf":"PR","state_code":"41","area_km2":425.273},"geometry":{"type":"Polygon","coordinates":[[[-52.9339996,-26.2332526],[-52.9422189,-26.2473653],[-52.9328587,-26.2553825],[-52.9240457,-26.2491843],[-52.9278458,-26.259604],[-52.918128,-26.2639669],[-52.9229778,-26.2736907],[-52.9096541,-26.2794609],[-52.8979438,-26.3057006],[-52.905512,-26.3570321],[-52.9504203,-26.3622865],[-52.9883572,-26.3457739],[-53.0279598,-26.3701685],[-53.0221855,-26.3193996],[-53.0445646,-26.3025661],[-53.0455075,-26.287699],[-53.0572402,-26.2844183],[-53.0582081,-26.2735493],[-53.0646238,-26.2764062],[-53.0674069,-26.2590139],[-53.0602133,-26.2585247],[-53.0631506,-26.2493915],[-53.0536248,-26.2411793],[-53.0681801,-26.2358855],[-53.0414082,-26.2171933],[-53.0358166,-26.2027093],[-53.0421263,-26.1994049],[-53.0308515,-26.1921002],[-53.0384539,-26.1825096],[-53.0231232,-26.1830471],[-53.02246,-26.2064179],[-52.9852657,-26.1594795],[-52.991008,-26.0926691],[-52.9799821,-26.1007143],[-52.9747661,-26.0924012],[-52.9730333,-26.1042471],[-52.9623748,-26.1047313],[-52.9675724,-26.0977921],[-52.9552444,-26.092494],[-52.9600919,-26.0810408],[-52.9457901,-26.0798541],[-52.9412312,-26.0881807],[-52.930001,-26.0708815],[-52.9300168,-26.0940979],[-52.8720027,-26.1291009],[-52.8432907,-26.1273888],[-52.8119203,-26.1373877],[-52.8296239,-26.1390795],[-52.8215341,-26.1430098],[-52.8217718,-26.1543957],[-52.8392328,-26.1512695],[-52.8214781,-26.1576432],[-52.8281149,-26.1610022],[-52.8255035,-26.174363],[-52.8327029,-26.1651314],[-52.849488,-26.1705668],[-52.8309869,-26.1839316],[-52.8490336,-26.1818001],[-52.8423296,-26.1906268],[-52.8583996,-26.1932794],[-52.8489971,-26.2022032],[-52.8535675,-26.2111148],[-52.8643873,-26.2115634],[-52.8788174,-26.2418776],[-52.8978334,-26.2600664],[-52.9339996,-26.2332526]]]}},{"type":"Feature","properties":{"level":"municipio","municipality_code":"4121703","municipality_name":"Reserva","uf":"PR","state_code":"41","area_km2":1635.535},"geometry":{"type":"Polygon","coordinates":[[[-50.8869416,-24.4280774],[-50.8683828,-24.4246375],[-50.837718,-24.440919],[-50.8299543,-24.4585422],[-50.8117699,-24.4680143],[-50.8155349,-24.4884892],[-50.801561,-24.4939471],[-50.7979794,-24.513305],[-50.768726,-24.5271228],[-50.7406673,-24.5531982],[-50.7211924,-24.5575904],[-50.7335647,-24.5841652],[-50.7433732,-24.5789798],[-50.7520145,-24.5882189],[-50.7411558,-24.6008331],[-50.7449402,-24.6005839],[-50.7465954,-24.6074583],[-50.7347674,-24.6125016],[-50.7436448,-24.6110109],[-50.7362903,-24.6264634],[-50.7497952,-24.6237433],[-50.7412236,-24.6294065],[-50.7481484,-24.6453654],[-50.7615732,-24.6326106],[-50.7562376,-24.6500627],[-50.7690972,-24.6486159],[-50.771831,-24.6807001],[-50.7778697,-24.6763944],[-50.7829298,-24.6829338],[-50.7735401,-24.6946099],[-50.7766278,-24.7053613],[-50.7690864,-24.7086543],[-50.7802003,-24.7504519],[-50.8108117,-24.7470131],[-50.8343627,-24.7817128],[-50.8603107,-24.7902069],[-50.8758932,-24.8319215],[-50.9086179,-24.8390154],[-50.91526,-24.8560364],[-50.9470684,-24.8427082],[-50.9487041,-24.8498489],[-51.0135932,-24.8640567],[-51.0668557,-24.8159469],[-51.0627329,-24.688386],[-51.0809525,-24.6626952],[-51.0815365,-24.6371685],[-51.1004263,-24.6238831],[-51.1280073,-24.625523],[-51.125256,-24.5868782],[-51.1587819,-24.5689258],[-51.1562034,-24.5528502],[-51.1932651,-24.5178466],[-51.1717327,-24.5136391],[-51.1660919,-24.4884529],[-51.1370146,-24.4656863],[-51.1349034,-24.4556604],[-51.1438391,-24.44394],[-51.1391774,-24.4319717],[-51.0953429,-24.4032802],[-51.0949258,-24.3857427],[-51.080264,-24.366851],[-51.0899023,-24.3579372],[-51.0779277,-24.3522642],[-51.090006,-24.3503872],[-51.0843426,-24.341212],[-51.1045063,-24.3486167],[-51.1049823,-24.3246571],[-51.0923666,-24.323387],[-51.0757072,-24.3365529],[-51.021087,-24.3520444],[-51.0136459,-24.342806],[-50.9838975,-24.3437145],[-50.9613978,-24.355192],[-50.9522589,-24.3884439],[-50.9179589,-24.395134],[-50.9044572,-24.4124596],[-50.8794902,-24.4154681],[-50.8869416,-24.4280774]]]}},{"type":"Feature","properties":{"level":"municipio","municipality_code":"4121752","municipality_name":"Reserva do Iguaçu","uf":"PR","state_code":"41","area_km2":834.232},"geometry":{"type":"Polygon","coordinates":[[[-51.8165349,-25.9384594],[-51.8098283,-25.9488204],[-51.8219672,-25.9538763],[-51.8196636,-25.9704985],[-51.8028615,-25.9878928],[-51.8044713,-25.9974717],[-51.7954402,-25.9993617],[-51.8149096,-26.0097591],[-51.8451377,-26.0116173],[-51.8687101,-26.026737],[-51.888287,-26.0093809],[-51.9573873,-25.9870684],[-51.9694974,-25.9914172],[-51.9798219,-26.0144623],[-51.9916829,-26.0174517],[-52.0140004,-26.0048752],[-52.0106025,-25.9807591],[-52.0334832,-25.9735131],[-52.0332152,-25.9469927],[-52.0545915,-25.9365591],[-52.085167,-25.938872],[-52.1106676,-25.8962901],[-52.14339,-25.8907814],[-52.1480855,-25.871792],[-52.1637504,-25.8603226],[-52.1681111,-25.8279091],[-52.1358962,-25.7934765],[-52.1114966,-25.7919292],[-52.1210765,-25.7729442],[-52.0915854,-25.7718424],[-52.0680825,-25.7357639],[-52.0669686,-25.7214453],[-52.0420495,-25.721702],[-52.0259387,-25.7346045],[-52.0258324,-25.7574318],[-52.0005266,-25.7607329],[-51.968689,-25.7516916],[-51.9608043,-25.7463563],[-51.9629446,-25.7389251],[-51.9494962,-25.7485796],[-51.939409,-25.7357069],[-51.9161688,-25.726876],[-51.9038022,-25.7369405],[-51.8864428,-25.7198706],[-51.8733523,-25.750397],[-51.8500749,-25.7465068],[-51.8536309,-25.7572429],[-51.8384349,-25.7679183],[-51.8386665,-25.7969408],[-51.8039185,-25.8421692],[-51.8112117,-25.847671],[-51.8038795,-25.8604748],[-51.8134961,-25.8685027],[-51.8047195,-25.9168487],[-51.8165349,-25.9384594]]]}},{"type":"Feature","properties":{"level":"municipio","municipality_code":"4121802","municipality_name":"Ribeirão Claro","uf":"PR","state_code":"41","area_km2":629.224},"geometry":{"type":"Polygon","coordinates":[[[-49.77242432054139,-23.39590696573245],[-49.7902826,-23.3897289],[-49.8201156,-23.407123],[-49.8203283,-23.4198963],[-49.8039671,-23.424219],[-49.8010626,-23.4340531],[-49.8361107,-23.4385817],[-49.8522247,-23.4149043],[-49.8452383,-23.4028083],[-49.8540953,-23.402039],[-49.8541377,-23.3883474],[-49.8645716,-23.3886646],[-49.8709873,-23.3775393],[-49.863904,-23.3729325],[-49.8699385,-23.3617628],[-49.8584168,-23.3611615],[-49.8740707,-23.3430518],[-49.8842432,-23.3452596],[-49.8839208,-23.3339979],[-49.8914967,-23.3350256],[-49.8839716,-23.327342],[-49.841201,-23.3313639],[-49.8213563,-23.3004616],[-49.8272755,-23.2769599],[-49.8449673,-23.2862585],[-49.8482792,-23.2767551],[-49.8672772,-23.2811412],[-49.8842394,-23.269299],[-49.8930206,-23.2370782],[-49.8606536,-23.2162158],[-49.8694882,-23.20624],[-49.8523042,-23.1888908],[-49.8658834,-23.1715659],[-49.8530702,-23.1663878],[-49.8436289,-23.1487368],[-49.8381947,-23.1509758],[-49.8385944,-23.123892],[-49.8089755,-23.115471],[-49.8171036,-23.100849],[-49.8094686,-23.0892064],[-49.7891791,-23.1033455],[-49.7629482,-23.105576],[-49.7497664,-23.0975105],[-49.725551,-23.1094381],[-49.7333755,-23.1375281],[-49.7112719,-23.1562011],[-49.7013687,-23.1530805],[-49.6974899,-23.1649832],[-49.6783199,-23.1650617],[-49.6832659,-23.1736114],[-49.6537516,-23.212037],[-49.6471038,-23.251712],[-49.6258029,-23.2866501],[-49.6313974,-23.3044157],[-49.6216945,-23.3318896],[-49.6294176,-23.3437573],[-49.636213,-23.339772],[-49.6438885,-23.3634451],[-49.6862072,-23.3510394],[-49.717471,-23.3710637],[-49.739426,-23.3642448],[-49.7511376,-23.3757279],[-49.7496128,-23.3922133],[-49.77242432054139,-23.39590696573245]]]}},{"type":"Feature","properties":{"level":"municipio","municipality_code":"4121901","municipality_name":"Ribeirão do Pinhal","uf":"PR","state_code":"41","area_km2":374.732},"geometry":{"type":"Polygon","coordinates":[[[-50.395728,-23.5653021],[-50.3995068,-23.5366496],[-50.4136662,-23.5298616],[-50.4060388,-23.5213073],[-50.4148222,-23.511652],[-50.4026162,-23.4995261],[-50.4128877,-23.4901242],[-50.4033923,-23.4836478],[-50.4297497,-23.478792],[-50.4189467,-23.4778377],[-50.4126726,-23.459369],[-50.4220542,-23.4523505],[-50.4348308,-23.4559618],[-50.4417804,-23.4428737],[-50.4303339,-23.4407976],[-50.436721,-23.4401876],[-50.439419,-23.4235751],[-50.4545221,-23.4224483],[-50.4504155,-23.4157355],[-50.4575809,-23.4116146],[-50.4419967,-23.4052013],[-50.447474,-23.397624],[-50.4388039,-23.3851904],[-50.4629137,-23.3950979],[-50.4479912,-23.3763446],[-50.4777467,-23.371137],[-50.4610561,-23.3666949],[-50.457358,-23.3582674],[-50.4762248,-23.3469255],[-50.4688861,-23.3262796],[-50.4892258,-23.3179076],[-50.4787503,-23.3149857],[-50.4699136,-23.3222268],[-50.4658033,-23.315344],[-50.4834699,-23.3043676],[-50.4918336,-23.3143138],[-50.492337,-23.2951423],[-50.4721357,-23.2910837],[-50.4797782,-23.2730286],[-50.5070617,-23.2660613],[-50.5046165,-23.2604158],[-50.4871112,-23.2662678],[-50.4762232,-23.2487084],[-50.4680422,-23.2603272],[-50.4810386,-23.2686363],[-50.4600974,-23.3082394],[-50.4145856,-23.323794],[-50.4094081,-23.3369769],[-50.3857536,-23.3484931],[-50.379062,-23.3598174],[-50.3163337,-23.3560431],[-50.3076258,-23.3823702],[-50.2990731,-23.3865107],[-50.2981183,-23.5883344],[-50.3875522,-23.5979197],[-50.4006983,-23.5847387],[-50.3965892,-23.5675988],[-50.3841896,-23.5603629],[-50.395728,-23.5653021]]]}},{"type":"Feature","properties":{"level":"municipio","municipality_code":"4122008","municipality_name":"Rio Azul","uf":"PR","state_code":"41","area_km2":599.056},"geometry":{"type":"Polygon","coordinates":[[[-50.7878457,-25.7979183],[-50.7995627,-25.8013235],[-50.8288136,-25.7863853],[-50.9646435,-25.6815225],[-50.9766665,-25.6496993],[-50.9893838,-25.6456724],[-50.9818048,-25.6193733],[-50.99478,-25.6179945],[-51.0068979,-25.6039713],[-51.0025737,-25.5902633],[-50.9770006,-25.5896608],[-50.9444843,-25.6055658],[-50.9363805,-25.5993981],[-50.924498,-25.6038088],[-50.9048839,-25.5847985],[-50.8955056,-25.6066319],[-50.8831612,-25.6001613],[-50.8778984,-25.6054962],[-50.8687358,-25.5951514],[-50.8592094,-25.6040025],[-50.847292,-25.5967482],[-50.8287034,-25.6026774],[-50.8303796,-25.6142099],[-50.8178285,-25.6215378],[-50.8128106,-25.6159223],[-50.7974004,-25.6205014],[-50.8044651,-25.6080994],[-50.7875762,-25.5999311],[-50.7772081,-25.6557348],[-50.7532831,-25.6561874],[-50.7408626,-25.6707718],[-50.7178532,-25.657765],[-50.7006441,-25.6661433],[-50.7021983,-25.6744318],[-50.7153972,-25.6755353],[-50.709192,-25.6874798],[-50.6859713,-25.6874047],[-50.683372,-25.6967614],[-50.6767025,-25.6837522],[-50.6663306,-25.6878783],[-50.6658869,-25.7102629],[-50.6729185,-25.7097705],[-50.6729277,-25.7273359],[-50.680604,-25.733518],[-50.6694422,-25.7345016],[-50.668227,-25.7522473],[-50.6606307,-25.7508481],[-50.6530614,-25.7625272],[-50.6417768,-25.7607131],[-50.6424272,-25.7769918],[-50.6286024,-25.7639652],[-50.6231391,-25.7721612],[-50.6149567,-25.7649663],[-50.609793,-25.7782639],[-50.6156486,-25.7869515],[-50.598891,-25.786737],[-50.609475,-25.7985791],[-50.6007587,-25.8053367],[-50.6096762,-25.8111584],[-50.60796,-25.8189728],[-50.6263489,-25.8080843],[-50.6222148,-25.8173702],[-50.6338064,-25.8177831],[-50.6186302,-25.8431188],[-50.602254,-25.8464267],[-50.6077098,-25.8582504],[-50.600929,-25.8636425],[-50.6146792,-25.8689009],[-50.6231966,-25.8492174],[-50.6358578,-25.8548524],[-50.6436025,-25.8501966],[-50.6425369,-25.8632878],[-50.6549645,-25.8668447],[-50.6558404,-25.8772333],[-50.6831405,-25.8663147],[-50.6832509,-25.8743622],[-50.6894822,-25.8740688],[-50.6889764,-25.8657237],[-50.7187582,-25.8566534],[-50.7168414,-25.8480528],[-50.7361176,-25.8462848],[-50.7312004,-25.8436693],[-50.7370324,-25.8318686],[-50.7644783,-25.8319136],[-50.7878457,-25.7979183]]]}},{"type":"Feature","properties":{"level":"municipio","municipality_code":"4122107","municipality_name":"Rio Bom","uf":"PR","state_code":"41","area_km2":177.836},"geometry":{"type":"Polygon","coordinates":[[[-51.4103516,-23.7229177],[-51.3731159,-23.73829],[-51.3718094,-23.7772008],[-51.3583244,-23.7978921],[-51.3488044,-23.7989145],[-51.3601985,-23.8237715],[-51.3918497,-23.8284393],[-51.3898437,-23.8427322],[-51.399356,-23.8503997],[-51.4197916,-23.8443523],[-51.4232903,-23.8631238],[-51.4348705,-23.8577148],[-51.43279,-23.8695098],[-51.4449046,-23.861699],[-51.4468741,-23.8719183],[-51.4609875,-23.872748],[-51.4520397,-23.8834276],[-51.480513,-23.866923],[-51.4875947,-23.8714518],[-51.4876766,-23.8625285],[-51.4975922,-23.8581151],[-51.5015114,-23.87082],[-51.5133326,-23.8456627],[-51.5043264,-23.8455325],[-51.5036207,-23.8389622],[-51.514099,-23.8332259],[-51.5002118,-23.8325837],[-51.4996316,-23.8126685],[-51.4909976,-23.8242827],[-51.4817488,-23.811674],[-51.4905483,-23.7863904],[-51.4761441,-23.7845776],[-51.4853196,-23.7678334],[-51.4749738,-23.7723134],[-51.4716809,-23.7604358],[-51.4930279,-23.7511901],[-51.4735724,-23.7442831],[-51.4757043,-23.7259552],[-51.4691542,-23.7372136],[-51.4587658,-23.7285726],[-51.4472545,-23.7303077],[-51.4362758,-23.7088161],[-51.4217107,-23.7156969],[-51.4285383,-23.7189855],[-51.4205925,-23.7253723],[-51.4115441,-23.7306223],[-51.4103516,-23.7229177]]]}},{"type":"Feature","properties":{"level":"municipio","municipality_code":"4122156","municipality_name":"Rio Bonito do Iguaçu","uf":"PR","state_code":"41","area_km2":681.403},"geometry":{"type":"Polygon","coordinates":[[[-52.4623941,-25.5743276],[-52.4739091,-25.6030381],[-52.5176159,-25.6169644],[-52.511415,-25.6244154],[-52.5175221,-25.6435126],[-52.5448986,-25.6462787],[-52.5434698,-25.6573253],[-52.5216847,-25.6804435],[-52.5303437,-25.6984695],[-52.5581369,-25.6855697],[-52.575576,-25.6644756],[-52.5764138,-25.6470955],[-52.6015654,-25.6343172],[-52.6122002,-25.6084273],[-52.6277963,-25.6550338],[-52.6870518,-25.651908],[-52.7152634,-25.6649034],[-52.723764,-25.6230348],[-52.7670073,-25.6106648],[-52.7851275,-25.5669915],[-52.7712063,-25.5661758],[-52.7652307,-25.5567788],[-52.7812556,-25.5581811],[-52.7882752,-25.5458455],[-52.7800656,-25.521672],[-52.7651533,-25.519649],[-52.7688326,-25.5065505],[-52.7818707,-25.5052722],[-52.7824872,-25.4977978],[-52.7705425,-25.5031379],[-52.7771451,-25.487457],[-52.7676145,-25.4824204],[-52.7581068,-25.4922792],[-52.7492969,-25.4890535],[-52.7575481,-25.4857643],[-52.7533445,-25.4727012],[-52.7613417,-25.4784613],[-52.7770378,-25.4670871],[-52.7551635,-25.467666],[-52.7661016,-25.458174],[-52.741932,-25.4561548],[-52.7219762,-25.467407],[-52.7106483,-25.4889726],[-52.6887257,-25.4609593],[-52.6346928,-25.4433513],[-52.6261464,-25.4449196],[-52.627313,-25.4570813],[-52.6164333,-25.4653844],[-52.5869303,-25.4289747],[-52.5477519,-25.4312913],[-52.5350833,-25.4183942],[-52.4720183,-25.4654146],[-52.4113747,-25.5255323],[-52.4409632,-25.5385225],[-52.443246,-25.5612304],[-52.4535252,-25.5618113],[-52.4544168,-25.5732162],[-52.4623941,-25.5743276]]]}},{"type":"Feature","properties":{"level":"municipio","municipality_code":"4122172","municipality_name":"Rio Branco do Ivaí","uf":"PR","state_code":"41","area_km2":378.05},"geometry":{"type":"Polygon","coordinates":[[[-51.3326361,-24.2508088],[-51.2501973,-24.3073599],[-51.2443444,-24.325862],[-51.2137073,-24.3326944],[-51.1985006,-24.3454142],[-51.1945444,-24.3613248],[-51.1733751,-24.365144],[-51.1700026,-24.3752694],[-51.1693877,-24.3823315],[-51.2122587,-24.3929338],[-51.2529435,-24.3734723],[-51.2431769,-24.3873474],[-51.2581499,-24.4034432],[-51.2504862,-24.4053982],[-51.2519894,-24.4142573],[-51.2372059,-24.412537],[-51.2317569,-24.4204213],[-51.2385943,-24.4352236],[-51.3034829,-24.411177],[-51.3286261,-24.4220433],[-51.3352037,-24.4084976],[-51.3487394,-24.434558],[-51.3612368,-24.4275038],[-51.3795092,-24.4390372],[-51.3976793,-24.4345762],[-51.3960982,-24.4232002],[-51.4176205,-24.417135],[-51.4282099,-24.3921722],[-51.4492397,-24.3781225],[-51.4303292,-24.3689011],[-51.4330294,-24.3559512],[-51.4221104,-24.3355465],[-51.4503538,-24.3497544],[-51.4603918,-24.3448954],[-51.451218,-24.3307642],[-51.4583162,-24.3214909],[-51.4400106,-24.3187258],[-51.4397374,-24.3115287],[-51.4779846,-24.3176818],[-51.4822084,-24.3299729],[-51.4889022,-24.3284479],[-51.4853285,-24.3098716],[-51.4715205,-24.3120015],[-51.4601389,-24.2904917],[-51.4865492,-24.3007401],[-51.4418111,-24.2549373],[-51.4356783,-24.2718792],[-51.4207624,-24.276826],[-51.4025514,-24.2697814],[-51.3946676,-24.2838332],[-51.3764612,-24.2903014],[-51.3750724,-24.2585098],[-51.3484353,-24.2480405],[-51.3326361,-24.2508088]]]}},{"type":"Feature","properties":{"level":"municipio","municipality_code":"4122206","municipality_name":"Rio Branco do Sul","uf":"PR","state_code":"41","area_km2":811.425},"geometry":{"type":"Polygon","coordinates":[[[-49.3022588,-25.2249739],[-49.3216953,-25.2308263],[-49.3281757,-25.2236243],[-49.3244213,-25.2081145],[-49.3304054,-25.2103319],[-49.3378607,-25.1980902],[-49.3703029,-25.1927207],[-49.4112692,-25.171945],[-49.4621983,-25.1667548],[-49.4621689,-25.1526881],[-49.4457751,-25.1463625],[-49.4288083,-25.126173],[-49.4825828,-25.0826484],[-49.4846906,-25.0637216],[-49.5091044,-25.031144],[-49.4966288,-25.0085005],[-49.5198634,-25.0056977],[-49.5688342,-24.9674498],[-49.5800744,-24.948814],[-49.5728866,-24.9398289],[-49.5494032,-24.9409977],[-49.5394542,-24.9165158],[-49.5273829,-24.9083093],[-49.5111019,-24.9122406],[-49.5095518,-24.9009933],[-49.4958948,-24.905763],[-49.494012,-24.916705],[-49.47319,-24.9067214],[-49.4510515,-24.9157028],[-49.4402478,-24.9009303],[-49.4256611,-24.9050784],[-49.4094224,-24.8963755],[-49.408677,-24.8836196],[-49.3917299,-24.8767042],[-49.3897321,-24.8951159],[-49.3980376,-24.8988535],[-49.3835174,-24.9080119],[-49.389654,-24.9125073],[-49.3743265,-24.9236666],[-49.3736147,-24.9316549],[-49.3815957,-24.9311352],[-49.3732669,-24.9390437],[-49.3890835,-24.9471045],[-49.3878781,-24.9663349],[-49.3952921,-24.9732906],[-49.3593578,-24.9928535],[-49.3554612,-25.0008424],[-49.3676213,-25.0006486],[-49.3649874,-25.0050313],[-49.3493968,-25.0133289],[-49.3472844,-25.0058978],[-49.3403553,-25.0077191],[-49.2949433,-25.0498799],[-49.2789777,-25.0492872],[-49.2637278,-25.0606703],[-49.2617488,-25.0542805],[-49.2509154,-25.0575599],[-49.2401119,-25.0746991],[-49.1826279,-25.078711],[-49.1759696,-25.0872192],[-49.1519006,-25.086036],[-49.1427959,-25.0978149],[-49.0939106,-25.0741437],[-49.0889374,-25.0971846],[-49.0635257,-25.109654],[-49.0761327,-25.1213421],[-49.1224284,-25.1309959],[-49.1354859,-25.1454632],[-49.1783188,-25.1644107],[-49.158101,-25.1825746],[-49.17782,-25.197996],[-49.2211091,-25.2098107],[-49.2219747,-25.2304874],[-49.2341512,-25.2323578],[-49.238446,-25.225581],[-49.2514337,-25.2343274],[-49.3022588,-25.2249739]]]}},{"type":"Feature","properties":{"level":"municipio","municipality_code":"4122305","municipality_name":"Rio Negro","uf":"PR","state_code":"41","area_km2":604.138},"geometry":{"type":"Polygon","coordinates":[[[-49.7745405,-26.1198453],[-49.7877406,-26.0982609],[-49.7930051,-26.1134566],[-49.8045242,-26.1081627],[-49.807054,-26.0889094],[-49.8249998,-26.0934253],[-49.8295695,-26.0692978],[-49.8414697,-26.0772041],[-49.8319912,-26.0529292],[-49.8446405,-26.0647989],[-49.8635593,-26.0550485],[-49.8699694,-26.0332501],[-49.8907725,-26.0293655],[-49.8995449,-26.0349643],[-49.9147902,-26.0254229],[-49.9350665,-26.0331415],[-49.938498,-26.0221509],[-49.9210749,-26.0134756],[-49.9311061,-25.9882534],[-49.9085895,-25.9911144],[-49.8967658,-25.9813103],[-49.87334,-25.9826081],[-49.8687735,-25.9569199],[-49.8422446,-25.9516823],[-49.8415719,-25.9439419],[-49.8272599,-25.9443223],[-49.8301024,-25.9607751],[-49.8204344,-25.9628822],[-49.7942711,-25.9446667],[-49.7853055,-25.9579603],[-49.7902665,-26.0105233],[-49.7750736,-26.0276507],[-49.7240782,-26.0226216],[-49.691578,-26.0320393],[-49.679098,-26.0266306],[-49.6513584,-26.0421276],[-49.6217768,-26.0464328],[-49.5844165,-26.0255776],[-49.5695697,-26.0556485],[-49.5435264,-26.0569021],[-49.5365307,-26.0711094],[-49.5285989,-26.0638192],[-49.5308515,-26.0754774],[-49.5073501,-26.1187],[-49.511758,-26.161781],[-49.5033212,-26.1777014],[-49.4859805,-26.1851659],[-49.4897493,-26.1991005],[-49.500165,-26.2035144],[-49.4905665,-26.2133358],[-49.5043731,-26.226518],[-49.5121798,-26.2211161],[-49.519901,-26.2270911],[-49.5411848,-26.2138356],[-49.5427743,-26.2242238],[-49.5362105,-26.2270119],[-49.5522481,-26.225264],[-49.5467472,-26.2287592],[-49.5556187,-26.237353],[-49.5667961,-26.2336719],[-49.5786696,-26.2135129],[-49.5788222,-26.2275563],[-49.5912012,-26.2315987],[-49.5878955,-26.2170359],[-49.6016858,-26.2286286],[-49.6052352,-26.211931],[-49.6148729,-26.2076132],[-49.6205105,-26.216046],[-49.6345884,-26.2090193],[-49.6253474,-26.2016778],[-49.6301123,-26.1912697],[-49.636728,-26.1910522],[-49.6345518,-26.2028264],[-49.6490705,-26.2094814],[-49.65369,-26.1869599],[-49.6912362,-26.1893056],[-49.6769009,-26.1760687],[-49.6905837,-26.1771122],[-49.7114555,-26.1543236],[-49.727533,-26.171436],[-49.7372501,-26.1575348],[-49.7247092,-26.1445396],[-49.7489641,-26.1401181],[-49.7499306,-26.1222332],[-49.7744702,-26.1006067],[-49.7785544,-26.1078182],[-49.7678096,-26.1103674],[-49.7745405,-26.1198453]]]}},{"type":"Feature","properties":{"level":"municipio","municipality_code":"4122404","municipality_name":"Rolândia","uf":"PR","state_code":"41","area_km2":459.024},"geometry":{"type":"Polygon","coordinates":[[[-51.4048431,-23.3584873],[-51.4423364,-23.3631116],[-51.4546261,-23.382187],[-51.4746301,-23.3587763],[-51.5058778,-23.3402572],[-51.5005701,-23.3292352],[-51.5133473,-23.3167594],[-51.5190717,-23.2850309],[-51.54112,-23.2592972],[-51.528377,-23.2394968],[-51.5202879,-23.1961865],[-51.5090978,-23.1950831],[-51.5127054,-23.20639],[-51.5054606,-23.2132353],[-51.4736117,-23.1671784],[-51.3039283,-23.1722319],[-51.2987021,-23.1911631],[-51.3079368,-23.2166253],[-51.3037327,-23.2287141],[-51.3284107,-23.2557685],[-51.3342668,-23.2889354],[-51.3205675,-23.3129074],[-51.2903167,-23.3286021],[-51.3101862,-23.3834179],[-51.3157209,-23.3898134],[-51.3637987,-23.3945304],[-51.3763239,-23.3751956],[-51.4048431,-23.3584873]]]}},{"type":"Feature","properties":{"level":"municipio","municipality_code":"4122503","municipality_name":"Roncador","uf":"PR","state_code":"41","area_km2":742.121},"geometry":{"type":"Polygon","coordinates":[[[-52.0933049,-24.5962332],[-52.1341439,-24.6253307],[-52.1729681,-24.6330388],[-52.1776434,-24.6236238],[-52.2074006,-24.6177278],[-52.2736749,-24.6424564],[-52.2785205,-24.6523765],[-52.284911,-24.6486364],[-52.2858457,-24.6585279],[-52.2979092,-24.6574646],[-52.2975884,-24.6645774],[-52.3204275,-24.6620311],[-52.3319074,-24.6859029],[-52.3468533,-24.6798433],[-52.3451058,-24.6908757],[-52.3709628,-24.6929535],[-52.3696394,-24.7072373],[-52.389251,-24.7114491],[-52.3908564,-24.7193384],[-52.3964962,-24.7135683],[-52.406016,-24.7298037],[-52.4134856,-24.7162056],[-52.4251788,-24.7127077],[-52.4185055,-24.6879643],[-52.4285793,-24.6851006],[-52.4221619,-24.6747649],[-52.4146386,-24.6787616],[-52.4246579,-24.6675182],[-52.4182567,-24.6580282],[-52.4236536,-24.6420797],[-52.4767095,-24.5752503],[-52.5004214,-24.5694903],[-52.517529,-24.5484376],[-52.501114,-24.5146165],[-52.4722898,-24.5348922],[-52.4642208,-24.528207],[-52.4394658,-24.5363606],[-52.3902382,-24.5345689],[-52.3279759,-24.4957391],[-52.3139467,-24.5022232],[-52.2937434,-24.4644252],[-52.2776928,-24.4557466],[-52.2523398,-24.4748585],[-52.2361451,-24.4747904],[-52.2371722,-24.4945254],[-52.2110975,-24.5141771],[-52.1968546,-24.5033229],[-52.1800494,-24.5052422],[-52.1753208,-24.4885673],[-52.1495011,-24.4720787],[-52.1336324,-24.4748691],[-52.1353388,-24.4689977],[-52.1235351,-24.4711612],[-52.1206082,-24.4626549],[-52.1049733,-24.4676554],[-52.1065428,-24.4553174],[-52.0914737,-24.467964],[-52.0854427,-24.4588106],[-52.0721431,-24.4626874],[-52.0809033,-24.4526225],[-52.0684699,-24.4546501],[-52.069792,-24.4474399],[-52.0552945,-24.4431065],[-52.0538475,-24.4354738],[-52.0410148,-24.4398061],[-52.0383164,-24.433046],[-52.0512251,-24.4275813],[-52.0340148,-24.4141404],[-52.0264682,-24.4358927],[-52.0136298,-24.4407703],[-52.0375117,-24.4440014],[-52.0215063,-24.4495434],[-52.0326652,-24.4498352],[-52.0330352,-24.4586516],[-52.0249418,-24.4611109],[-52.0302496,-24.4674017],[-52.0165913,-24.4712111],[-52.0281018,-24.4784974],[-52.0135466,-24.4843587],[-52.040938,-24.5002755],[-52.0274578,-24.507567],[-52.0386453,-24.5118117],[-52.0351316,-24.5198421],[-52.0463048,-24.5164838],[-52.0420258,-24.5262814],[-52.046227,-24.5213813],[-52.0519854,-24.528938],[-52.0357636,-24.5424568],[-52.0455211,-24.5572042],[-52.0416884,-24.5637126],[-52.0617731,-24.5759379],[-52.0750222,-24.5692102],[-52.0838944,-24.5827952],[-52.0799192,-24.5910861],[-52.0955016,-24.5902641],[-52.0933049,-24.5962332]]]}},{"type":"Feature","properties":{"level":"municipio","municipality_code":"4122602","municipality_name":"Rondon","uf":"PR","state_code":"41","area_km2":555.125},"geometry":{"type":"Polygon","coordinates":[[[-52.8088745,-23.4035042],[-52.7710735,-23.3701976],[-52.7555977,-23.3794199],[-52.7460613,-23.3509391],[-52.7305022,-23.3439877],[-52.7234418,-23.311113],[-52.6900778,-23.3112441],[-52.6379834,-23.3316795],[-52.7478837,-23.5551759],[-52.8249435,-23.6162304],[-52.8398604,-23.6194219],[-52.884247,-23.6048864],[-52.9034796,-23.6087529],[-52.9191381,-23.5871033],[-52.971499,-23.5673249],[-52.9849787,-23.5408028],[-52.9383496,-23.5329288],[-52.9367557,-23.4826219],[-52.905873,-23.4565218],[-52.8903486,-23.452716],[-52.8925739,-23.4262197],[-52.8456085,-23.4279164],[-52.8599439,-23.3884216],[-52.8088745,-23.4035042]]]}},{"type":"Feature","properties":{"level":"municipio","municipality_code":"4122651","municipality_name":"Rosário do Ivaí","uf":"PR","state_code":"41","area_km2":377.572},"geometry":{"type":"Polygon","coordinates":[[[-51.1974259,-24.347373],[-51.2142015,-24.3324249],[-51.2443444,-24.325862],[-51.2491577,-24.3084766],[-51.264589,-24.2953749],[-51.3442659,-24.2463192],[-51.3503811,-24.2277077],[-51.3331757,-24.209504],[-51.3420351,-24.1910798],[-51.332846,-24.1832968],[-51.3382054,-24.1764886],[-51.3338168,-24.1588977],[-51.3226829,-24.1613933],[-51.3182371,-24.1819311],[-51.3015925,-24.1856794],[-51.2937328,-24.1752004],[-51.2895396,-24.194713],[-51.2667581,-24.2044567],[-51.2613984,-24.2179388],[-51.256018,-24.2081241],[-51.2455215,-24.220619],[-51.2093712,-24.2079451],[-51.2202447,-24.2159724],[-51.2072906,-24.2230294],[-51.2126163,-24.2393191],[-51.1816554,-24.2527791],[-51.1810369,-24.2624662],[-51.1709221,-24.2530311],[-51.1651435,-24.258274],[-51.1652288,-24.2495424],[-51.1510927,-24.2518811],[-51.1522865,-24.2628783],[-51.1315638,-24.2681092],[-51.1351801,-24.2816193],[-51.1236448,-24.2745449],[-51.1052282,-24.2938797],[-51.0955641,-24.288634],[-51.0995321,-24.3013043],[-51.1060082,-24.2959341],[-51.1162349,-24.3007822],[-51.1048434,-24.3047531],[-51.1127895,-24.3140864],[-51.0961824,-24.3218263],[-51.1066451,-24.325212],[-51.1000411,-24.3378132],[-51.1068722,-24.344313],[-51.0843426,-24.341212],[-51.090006,-24.3503872],[-51.0779277,-24.3522642],[-51.0899023,-24.3579372],[-51.080264,-24.366851],[-51.1043711,-24.4146637],[-51.1391774,-24.4319717],[-51.139012,-24.4681073],[-51.2385943,-24.4352236],[-51.2317569,-24.4204213],[-51.2372059,-24.412537],[-51.2519894,-24.4142573],[-51.2504862,-24.4053982],[-51.2581499,-24.4034432],[-51.2431769,-24.3873474],[-51.2548834,-24.375276],[-51.2529435,-24.3734723],[-51.2122587,-24.3929338],[-51.1692373,-24.3822663],[-51.1733751,-24.365144],[-51.1945444,-24.3613248],[-51.1974259,-24.347373]]]}},{"type":"Feature","properties":{"level":"municipio","municipality_code":"4122701","municipality_name":"Sabáudia","uf":"PR","state_code":"41","area_km2":190.329},"geometry":{"type":"Polygon","coordinates":[[[-51.5005701,-23.3292352],[-51.5004071,-23.3423605],[-51.5064749,-23.3514775],[-51.5988146,-23.4342806],[-51.6023476,-23.4218088],[-51.6107676,-23.4275696],[-51.6146502,-23.4178992],[-51.6251475,-23.4273646],[-51.625488,-23.4109804],[-51.6437595,-23.4026045],[-51.6489031,-23.3900364],[-51.6606797,-23.40745],[-51.6627088,-23.392761],[-51.6902062,-23.3776935],[-51.6662655,-23.3650988],[-51.6233724,-23.3156767],[-51.6057791,-23.2812441],[-51.582567,-23.2887005],[-51.572574,-23.2743436],[-51.5509262,-23.2750715],[-51.5381542,-23.263251],[-51.5190717,-23.2850309],[-51.5133473,-23.3167594],[-51.5005701,-23.3292352]]]}},{"type":"Feature","properties":{"level":"municipio","municipality_code":"4122800","municipality_name":"Salgado Filho","uf":"PR","state_code":"41","area_km2":181.015},"geometry":{"type":"Polygon","coordinates":[[[-53.4057994,-26.1965515],[-53.4612208,-26.1675138],[-53.4740644,-26.1468621],[-53.4716388,-26.1338326],[-53.4947939,-26.1222469],[-53.4972218,-26.107722],[-53.510083,-26.1179059],[-53.5133581,-26.1018103],[-53.5229985,-26.1111067],[-53.5285102,-26.1056343],[-53.5237682,-26.0968076],[-53.5362614,-26.0900681],[-53.5261297,-26.0803494],[-53.541716,-26.070361],[-53.5326398,-26.0682072],[-53.5123232,-26.0874122],[-53.5143272,-26.0721823],[-53.5308561,-26.0618661],[-53.5451132,-26.0669509],[-53.5384156,-26.0564117],[-53.5201923,-26.053946],[-53.5179142,-26.0653508],[-53.486155,-26.053133],[-53.4929316,-26.0741639],[-53.4727696,-26.064989],[-53.4694292,-26.0872537],[-53.4496221,-26.0811854],[-53.4524839,-26.0706206],[-53.4431718,-26.0692311],[-53.432964,-26.0791343],[-53.4370701,-26.0864018],[-53.4130436,-26.0948066],[-53.4156641,-26.1023565],[-53.4028075,-26.1014726],[-53.3997205,-26.1085107],[-53.3883849,-26.1012785],[-53.377967,-26.1160227],[-53.3738179,-26.1066207],[-53.3738679,-26.11355],[-53.3506168,-26.1198428],[-53.3417489,-26.1553639],[-53.3337175,-26.1554018],[-53.3336281,-26.1637303],[-53.3161787,-26.1636422],[-53.2984822,-26.1891804],[-53.3211821,-26.1924257],[-53.3229828,-26.203241],[-53.3355229,-26.1989452],[-53.3286237,-26.2064302],[-53.3403393,-26.2134053],[-53.3654682,-26.2034091],[-53.3835324,-26.2134623],[-53.3992075,-26.2088411],[-53.4057994,-26.1965515]]]}},{"type":"Feature","properties":{"level":"municipio","municipality_code":"4122909","municipality_name":"Salto do Itararé","uf":"PR","state_code":"41","area_km2":200.52},"geometry":{"type":"Polygon","coordinates":[[[-49.6188802,-23.5942955],[-49.6209583,-23.6111137],[-49.6062747,-23.6249466],[-49.6171452,-23.6395859],[-49.6022875,-23.6451252],[-49.6034174,-23.6552215],[-49.6157847,-23.6615859],[-49.6118184,-23.6708337],[-49.6374032,-23.6691982],[-49.6374731,-23.6809859],[-49.7004632,-23.7027883],[-49.7141601,-23.7175855],[-49.7381091,-23.714138],[-49.7408141,-23.6873663],[-49.7538716,-23.6625739],[-49.7464925,-23.6594105],[-49.7648735,-23.6454067],[-49.768323,-23.6267433],[-49.7844975,-23.629626],[-49.7967652,-23.6199434],[-49.8150306,-23.6240249],[-49.8309492,-23.618112],[-49.7905058,-23.6032407],[-49.780594,-23.6120973],[-49.7656282,-23.6049855],[-49.7350327,-23.6141785],[-49.7313094,-23.6026662],[-49.723407,-23.6042588],[-49.7149785,-23.5928846],[-49.6788348,-23.5985568],[-49.6790742,-23.610939],[-49.67055,-23.611906],[-49.6730281,-23.6001338],[-49.6532073,-23.5679811],[-49.6511429,-23.5441586],[-49.6240343,-23.5302347],[-49.6242171,-23.5233026],[-49.6002062,-23.5356244],[-49.6057172,-23.5416649],[-49.5987658,-23.552993],[-49.6079896,-23.5652324],[-49.602017,-23.5826967],[-49.6188802,-23.5942955]]]}},{"type":"Feature","properties":{"level":"municipio","municipality_code":"4123006","municipality_name":"Salto do Lontra","uf":"PR","state_code":"41","area_km2":312.717},"geometry":{"type":"Polygon","coordinates":[[[-53.2074595,-25.7996294],[-53.2318769,-25.8235971],[-53.2384608,-25.8486264],[-53.2496953,-25.8579717],[-53.2895652,-25.8682913],[-53.294066,-25.851162],[-53.3013717,-25.8694145],[-53.3167713,-25.8809436],[-53.3615438,-25.8734023],[-53.3512674,-25.8696199],[-53.3537987,-25.8575083],[-53.3668249,-25.8597482],[-53.3741512,-25.8528145],[-53.3687131,-25.8462814],[-53.3543184,-25.8498015],[-53.3694061,-25.8320331],[-53.3778777,-25.8328892],[-53.3720957,-25.8213379],[-53.3643439,-25.8218278],[-53.3796224,-25.8158192],[-53.3745676,-25.8041538],[-53.3830989,-25.8050558],[-53.3866316,-25.7950418],[-53.3702129,-25.7981118],[-53.361209,-25.7908174],[-53.3734352,-25.782645],[-53.3700125,-25.7739479],[-53.3623799,-25.778824],[-53.3599613,-25.770818],[-53.3579033,-25.7807007],[-53.3443814,-25.7793677],[-53.355405,-25.7612915],[-53.3333201,-25.7696956],[-53.3381574,-25.7583167],[-53.3594039,-25.7537552],[-53.3577407,-25.7405136],[-53.3702094,-25.74778],[-53.3738516,-25.7298687],[-53.363684,-25.7269994],[-53.366542,-25.7102691],[-53.3756287,-25.706353],[-53.3799911,-25.7164801],[-53.3817074,-25.7040673],[-53.3920447,-25.7073791],[-53.3890982,-25.6925835],[-53.3406869,-25.6949651],[-53.2910231,-25.6680787],[-53.2742687,-25.6747849],[-53.2969645,-25.6935523],[-53.2735166,-25.6880984],[-53.2720975,-25.698494],[-53.2604708,-25.6963586],[-53.2490246,-25.7114117],[-53.2320976,-25.7118578],[-53.2373393,-25.7153631],[-53.2327689,-25.7250954],[-53.2049891,-25.7220203],[-53.2036127,-25.7332646],[-53.1916496,-25.7310443],[-53.1804436,-25.7435892],[-53.1716769,-25.7402622],[-53.1388687,-25.7699866],[-53.1490925,-25.77691],[-53.193446,-25.7787701],[-53.2038212,-25.7877837],[-53.2136283,-25.7821949],[-53.2074595,-25.7996294]]]}},{"type":"Feature","properties":{"level":"municipio","municipality_code":"4123105","municipality_name":"Santa Amélia","uf":"PR","state_code":"41","area_km2":78.045},"geometry":{"type":"Polygon","coordinates":[[[-50.4671978,-23.2844242],[-50.4724197,-23.2710141],[-50.4660819,-23.253115],[-50.4767724,-23.2346611],[-50.4677188,-23.2298069],[-50.472638,-23.2141902],[-50.4672677,-23.2085258],[-50.4496094,-23.2096131],[-50.4445409,-23.2191205],[-50.4231831,-23.2244134],[-50.4159341,-23.2365996],[-50.3933437,-23.247914],[-50.3630886,-23.2445891],[-50.3392295,-23.2753692],[-50.304163,-23.2591601],[-50.3338544,-23.2986414],[-50.3460105,-23.2998525],[-50.3589155,-23.2853528],[-50.3813044,-23.2789241],[-50.4106659,-23.2858211],[-50.4386619,-23.2806176],[-50.4389419,-23.290297],[-50.4496386,-23.2865551],[-50.4562745,-23.293276],[-50.4671978,-23.2844242]]]}},{"type":"Feature","properties":{"level":"municipio","municipality_code":"4123204","municipality_name":"Santa Cecília do Pavão","uf":"PR","state_code":"41","area_km2":105.076},"geometry":{"type":"Polygon","coordinates":[[[-50.7886866,-23.4971546],[-50.7784761,-23.5112264],[-50.7660156,-23.509823],[-50.7477217,-23.5291983],[-50.697348,-23.556641],[-50.722163,-23.5665815],[-50.7432785,-23.5646073],[-50.7436219,-23.5717745],[-50.7558105,-23.5734483],[-50.7757888,-23.5649935],[-50.8047851,-23.5854063],[-50.8577317,-23.5843151],[-50.8464273,-23.573522],[-50.8668937,-23.5687381],[-50.8498114,-23.5653239],[-50.8477684,-23.556103],[-50.8751542,-23.5581894],[-50.8699524,-23.552469],[-50.878021,-23.5496842],[-50.8714635,-23.5450444],[-50.8843373,-23.5376994],[-50.8740008,-23.5370468],[-50.8767946,-23.5272575],[-50.8556772,-23.5320761],[-50.8556173,-23.5201352],[-50.840005,-23.5179371],[-50.8349259,-23.505485],[-50.8189064,-23.5073103],[-50.8236458,-23.4995372],[-50.8118274,-23.4865846],[-50.7886866,-23.4971546]]]}},{"type":"Feature","properties":{"level":"municipio","municipality_code":"4123303","municipality_name":"Santa Cruz de Monte Castelo","uf":"PR","state_code":"41","area_km2":442.013},"geometry":{"type":"Polygon","coordinates":[[[-53.316531,-22.9124893],[-53.2293212,-22.9731203],[-53.2494941,-22.9959709],[-53.2605019,-23.0421931],[-53.3056364,-23.076792],[-53.3017344,-23.082103],[-53.3169878,-23.0961064],[-53.3355158,-23.1643465],[-53.3323992,-23.1874535],[-53.3502515,-23.2074575],[-53.3478215,-23.2334966],[-53.4012489,-23.2510227],[-53.4226671,-23.2425179],[-53.4227181,-23.2259007],[-53.3965588,-23.2200436],[-53.3869072,-23.2035324],[-53.4112761,-23.1915208],[-53.4379601,-23.2003705],[-53.472193,-23.2321774],[-53.5131691,-23.2078401],[-53.51571,-23.1975247],[-53.4948974,-23.198652],[-53.485218,-23.1835769],[-53.4677642,-23.1773075],[-53.4546356,-23.1063702],[-53.316531,-22.9124893]]]}},{"type":"Feature","properties":{"level":"municipio","municipality_code":"4123402","municipality_name":"Santa Fé","uf":"PR","state_code":"41","area_km2":276.241},"geometry":{"type":"Polygon","coordinates":[[[-51.8571789,-23.1309488],[-51.8888076,-23.1324013],[-51.8973392,-23.1413954],[-51.9145287,-23.1369168],[-51.9150333,-23.0487058],[-51.8919932,-23.0018756],[-51.9041372,-22.9793896],[-51.9025947,-22.9463634],[-51.843962,-22.9672227],[-51.8383479,-22.9792042],[-51.8262659,-22.9791645],[-51.8130982,-22.9925142],[-51.8113203,-23.0029517],[-51.7985421,-23.001735],[-51.7857029,-23.0183753],[-51.7663579,-23.0137527],[-51.7504596,-23.0250274],[-51.759318,-23.0658799],[-51.7542956,-23.0962524],[-51.7635933,-23.1229817],[-51.7879842,-23.145563],[-51.7957016,-23.174394],[-51.8185772,-23.1527164],[-51.8281184,-23.1578146],[-51.8428681,-23.147788],[-51.8571789,-23.1309488]]]}},{"type":"Feature","properties":{"level":"municipio","municipality_code":"4123501","municipality_name":"Santa Helena","uf":"PR","state_code":"41","area_km2":754.701},"geometry":{"type":"Polygon","coordinates":[[[-54.3323336,-24.6945264],[-54.2369954,-24.736816],[-54.2365201,-24.7562561],[-54.1643852,-24.7560791],[-54.181872,-24.7822944],[-54.1825679,-24.8084576],[-54.2037664,-24.8078606],[-54.2036452,-24.839593],[-54.2143181,-24.8575448],[-54.2086964,-24.8683435],[-54.2200493,-24.8688607],[-54.2159992,-24.8848554],[-54.2228603,-24.8913271],[-54.204964,-24.9086333],[-54.204631,-24.9227438],[-54.1891092,-24.9234062],[-54.2007429,-24.9364998],[-54.1743825,-24.9545059],[-54.1752185,-24.9637319],[-54.1473004,-24.9790926],[-54.1644317,-25.0177339],[-54.299373,-25.0208356],[-54.3084655,-25.0225538],[-54.307017,-25.0357251],[-54.3249097,-25.0415151],[-54.3441241,-25.0270624],[-54.36724,-25.0341892],[-54.3914292,-25.0283094],[-54.4199736,-25.038147],[-54.4293945,-25.0246135],[-54.457249,-25.0393371],[-54.3899278,-24.7772832],[-54.3323336,-24.6945264]]]}},{"type":"Feature","properties":{"level":"municipio","municipality_code":"4123600","municipality_name":"Santa Inês","uf":"PR","state_code":"41","area_km2":156.935},"geometry":{"type":"Polygon","coordinates":[[[-51.8558272,-22.6316977],[-51.8708252,-22.7185967],[-51.8657678,-22.7201772],[-51.8671173,-22.8301367],[-51.9058169,-22.8361783],[-51.923687,-22.8273664],[-51.9195899,-22.7430751],[-51.9288655,-22.7223286],[-51.9202524,-22.6849234],[-51.9590083,-22.6450533],[-51.9458017,-22.6421489],[-51.9458625,-22.6328924],[-51.926521,-22.6135481],[-51.9015285,-22.6019244],[-51.873663,-22.6282162],[-51.8558272,-22.6316977]]]}},{"type":"Feature","properties":{"level":"municipio","municipality_code":"4123709","municipality_name":"Santa Isabel do Ivaí","uf":"PR","state_code":"41","area_km2":349.497},"geometry":{"type":"Polygon","coordinates":[[[-53.2293212,-22.9731203],[-53.1297978,-23.0428571],[-53.145773,-23.0630104],[-53.1577016,-23.1031743],[-53.1859884,-23.1321877],[-53.1917243,-23.193732],[-53.2166794,-23.198834],[-53.2251807,-23.2093796],[-53.2232377,-23.2238914],[-53.1968044,-23.238873],[-53.2101413,-23.2468635],[-53.249117,-23.2330073],[-53.3004634,-23.1982834],[-53.3187443,-23.2003401],[-53.3273788,-23.2137729],[-53.3211566,-23.2392878],[-53.3303303,-23.2431375],[-53.3478215,-23.2334966],[-53.3502515,-23.2074575],[-53.3323992,-23.1874535],[-53.3355158,-23.1643465],[-53.3169878,-23.0961064],[-53.3017344,-23.082103],[-53.3056364,-23.076792],[-53.2605019,-23.0421931],[-53.2494941,-22.9959709],[-53.2293212,-22.9731203]]]}},{"type":"Feature","properties":{"level":"municipio","municipality_code":"4123808","municipality_name":"Santa Izabel do Oeste","uf":"PR","state_code":"41","area_km2":321.182},"geometry":{"type":"Polygon","coordinates":[[[-53.4905502,-25.8174602],[-53.5069419,-25.811178],[-53.4982903,-25.7930535],[-53.510918,-25.7858809],[-53.4777376,-25.784093],[-53.4680432,-25.7578031],[-53.4844828,-25.7325325],[-53.4784155,-25.7019224],[-53.4723626,-25.7024205],[-53.4867769,-25.6707396],[-53.4784168,-25.6622694],[-53.4886651,-25.6544643],[-53.4718843,-25.6524856],[-53.4791762,-25.641078],[-53.459905,-25.6525627],[-53.4615692,-25.6368168],[-53.4486803,-25.6353796],[-53.4484544,-25.6282009],[-53.4278762,-25.633766],[-53.4236479,-25.6286287],[-53.4186812,-25.6366525],[-53.4232925,-25.6447783],[-53.4321822,-25.6431613],[-53.4277661,-25.6505899],[-53.4340961,-25.653531],[-53.4250707,-25.6664766],[-53.4173727,-25.6454868],[-53.4095721,-25.6543916],[-53.4015135,-25.6489051],[-53.4101229,-25.6760499],[-53.4039666,-25.6881211],[-53.3977378,-25.6848442],[-53.3863751,-25.693806],[-53.3920447,-25.7073791],[-53.3817074,-25.7040673],[-53.3799911,-25.7164801],[-53.3756287,-25.706353],[-53.366542,-25.7102691],[-53.363684,-25.7269994],[-53.3738516,-25.7298687],[-53.3702094,-25.74778],[-53.3577407,-25.7405136],[-53.3594039,-25.7537552],[-53.3381574,-25.7583167],[-53.33399,-25.767388],[-53.355405,-25.7612915],[-53.3443814,-25.7793677],[-53.3579033,-25.7807007],[-53.3599613,-25.770818],[-53.3623799,-25.778824],[-53.3700125,-25.7739479],[-53.3734352,-25.782645],[-53.361209,-25.7908174],[-53.3702129,-25.7981118],[-53.3866316,-25.7950418],[-53.3830989,-25.8050558],[-53.3745676,-25.8041538],[-53.3796224,-25.8158192],[-53.3643439,-25.8218278],[-53.3720957,-25.8213379],[-53.3778777,-25.8328892],[-53.3694061,-25.8320331],[-53.3543184,-25.8498015],[-53.3687131,-25.8462814],[-53.3739867,-25.8541217],[-53.3537987,-25.8575083],[-53.3512674,-25.8696199],[-53.3625473,-25.8725041],[-53.3426232,-25.8885185],[-53.3637944,-25.8967273],[-53.3484043,-25.9059107],[-53.3538223,-25.9116583],[-53.3383516,-25.9081316],[-53.3258085,-25.922602],[-53.336267,-25.916796],[-53.3453996,-25.9186626],[-53.33532,-25.9219184],[-53.338043,-25.9276543],[-53.3585071,-25.9273753],[-53.4327671,-25.8997736],[-53.4398112,-25.8861878],[-53.4489145,-25.8875288],[-53.478996,-25.8642847],[-53.4826076,-25.84343],[-53.4950798,-25.8304264],[-53.4905502,-25.8174602]]]}},{"type":"Feature","properties":{"level":"municipio","municipality_code":"4123824","municipality_name":"Santa Lúcia","uf":"PR","state_code":"41","area_km2":126.813},"geometry":{"type":"Polygon","coordinates":[[[-53.577684,-25.4297454],[-53.5891338,-25.4380776],[-53.5887815,-25.4315954],[-53.6039422,-25.4281654],[-53.6038809,-25.3961454],[-53.6161586,-25.3897745],[-53.6135544,-25.3784864],[-53.6252971,-25.3807119],[-53.6196696,-25.3598804],[-53.6265293,-25.3465792],[-53.5374503,-25.3329878],[-53.4765984,-25.3445717],[-53.4755136,-25.3542653],[-53.5031526,-25.3562297],[-53.4905953,-25.3706216],[-53.5054306,-25.3772311],[-53.4766275,-25.376802],[-53.4847605,-25.3803331],[-53.4877354,-25.3959047],[-53.500261,-25.3829402],[-53.5110134,-25.3951463],[-53.4964083,-25.4062189],[-53.5090752,-25.4197558],[-53.4955128,-25.4234127],[-53.497684,-25.4293588],[-53.5057942,-25.4358034],[-53.5204898,-25.4314308],[-53.5176436,-25.4414134],[-53.550144,-25.4315659],[-53.5562416,-25.4426032],[-53.5645659,-25.4263506],[-53.574217,-25.4353105],[-53.577684,-25.4297454]]]}},{"type":"Feature","properties":{"level":"municipio","municipality_code":"4123857","municipality_name":"Santa Maria do Oeste","uf":"PR","state_code":"41","area_km2":819.288},"geometry":{"type":"Polygon","coordinates":[[[-51.9113537,-25.0287374],[-51.9253216,-25.0277535],[-51.9363334,-25.011841],[-51.945805,-25.0221012],[-51.9513089,-25.0026723],[-51.9737319,-25.0226485],[-51.9670915,-25.0322404],[-51.9824395,-25.0305986],[-51.9812069,-25.0144211],[-51.9946819,-25.0166861],[-51.9814463,-24.9936578],[-51.9940318,-24.9964448],[-51.998769,-24.990033],[-52.0073207,-25.00749],[-52.0194105,-24.9955944],[-52.0239774,-25.0028382],[-52.0345606,-24.9971525],[-52.0256632,-24.9892289],[-52.0465861,-24.9888326],[-52.0325748,-24.9750976],[-52.0494651,-24.9791478],[-52.0601975,-24.9951732],[-52.077676,-24.9974331],[-52.0720135,-25.0085318],[-52.0826613,-25.0179607],[-52.0783169,-25.0043774],[-52.0866748,-24.9840299],[-52.0922516,-24.9835852],[-52.0881682,-24.9902],[-52.097619,-24.9881146],[-52.0907199,-24.9946943],[-52.0957257,-24.9978375],[-52.1042764,-24.9856863],[-52.1224108,-24.9823568],[-52.1062488,-24.9603187],[-52.1299111,-24.9655955],[-52.1294848,-24.975775],[-52.1362314,-24.9645755],[-52.1498789,-24.968165],[-52.1522564,-24.9548635],[-52.1435122,-24.9532586],[-52.1518011,-24.9482186],[-52.1437963,-24.9413146],[-52.1483798,-24.9321856],[-52.138412,-24.9322582],[-52.147048,-24.9213974],[-52.1185355,-24.9123897],[-52.0931384,-24.8838589],[-52.0398974,-24.8748168],[-52.0579271,-24.8497672],[-52.0548446,-24.8148419],[-52.0674632,-24.8203722],[-52.0674308,-24.8126424],[-52.0945691,-24.8115574],[-52.0961389,-24.7977004],[-52.1038766,-24.7959315],[-52.1002801,-24.7871249],[-52.1091893,-24.7847505],[-52.0771334,-24.7711089],[-52.0735358,-24.7814282],[-52.0632346,-24.78362],[-52.0665972,-24.7890952],[-52.0503358,-24.7880307],[-52.0445509,-24.7790257],[-52.0394177,-24.787372],[-52.0423381,-24.7650642],[-52.0348804,-24.7711618],[-52.0252403,-24.7613249],[-52.0019437,-24.7630358],[-52.0058498,-24.7807111],[-51.9645274,-24.7626162],[-51.9509734,-24.773944],[-51.951521,-24.7612804],[-51.9432038,-24.7662288],[-51.942103,-24.755592],[-51.9205859,-24.7541261],[-51.9242575,-24.7914108],[-51.8916587,-24.812447],[-51.8730261,-24.8400816],[-51.8394587,-24.8423583],[-51.7984335,-24.8636844],[-51.7905331,-24.8775419],[-51.7616578,-24.8713349],[-51.7486013,-24.8866422],[-51.7321978,-24.8894441],[-51.7403338,-24.9185885],[-51.738011,-24.9482604],[-51.7611815,-24.971674],[-51.7775039,-24.9678429],[-51.7757959,-24.9866931],[-51.7574651,-24.9821323],[-51.7246885,-24.9927973],[-51.7087002,-25.01222],[-51.6590634,-25.0135484],[-51.678546,-25.0281923],[-51.688951,-25.053267],[-51.6965395,-25.045503],[-51.7639499,-25.0383349],[-51.7747381,-25.022304],[-51.8235486,-25.0133867],[-51.8254408,-25.0027137],[-51.8382106,-24.9970436],[-51.8421862,-25.0024882],[-51.8618299,-24.9872415],[-51.8575976,-24.9965199],[-51.8690796,-24.9959457],[-51.8667969,-25.0041586],[-51.8934298,-24.9982485],[-51.8890456,-25.012061],[-51.9132968,-25.0151535],[-51.9113537,-25.0287374]]]}},{"type":"Feature","properties":{"level":"municipio","municipality_code":"4123907","municipality_name":"Santa Mariana","uf":"PR","state_code":"41","area_km2":427.193},"geometry":{"type":"Polygon","coordinates":[[[-50.4963606,-22.978833],[-50.4659892,-23.010449],[-50.4649649,-23.0273391],[-50.4478085,-23.0313011],[-50.4528496,-23.0409224],[-50.4451369,-23.050191],[-50.4501207,-23.080586],[-50.468342,-23.0816927],[-50.4633284,-23.0959477],[-50.4766952,-23.0965005],[-50.4670866,-23.105302],[-50.4575899,-23.0949951],[-50.4431273,-23.1043887],[-50.4598317,-23.1159375],[-50.4484216,-23.1200695],[-50.4548948,-23.1288817],[-50.4429114,-23.1468278],[-50.4500495,-23.1518635],[-50.456608,-23.1443909],[-50.4644316,-23.1666192],[-50.4369718,-23.1846234],[-50.465159,-23.1943829],[-50.4843445,-23.190525],[-50.5131957,-23.2081829],[-50.5405514,-23.1992854],[-50.5914928,-23.1411312],[-50.6056827,-23.1387413],[-50.6077958,-23.1138482],[-50.628585,-23.0917741],[-50.6061228,-23.0564091],[-50.6207981,-23.0145717],[-50.609242,-22.9574687],[-50.6340861,-22.9346199],[-50.6290597,-22.9284508],[-50.6372967,-22.9069372],[-50.6085241,-22.924154],[-50.5770572,-22.9039445],[-50.5347662,-22.9143112],[-50.5267214,-22.9318341],[-50.5272402,-22.9594739],[-50.5409495,-22.9721363],[-50.4963606,-22.978833]]]}},{"type":"Feature","properties":{"level":"municipio","municipality_code":"4123956","municipality_name":"Santa Mônica","uf":"PR","state_code":"41","area_km2":259.957},"geometry":{"type":"Polygon","coordinates":[[[-53.1287243,-23.2221528],[-53.1828099,-23.2176705],[-53.2088013,-23.208927],[-53.2024218,-23.1938299],[-53.1917243,-23.193732],[-53.1859884,-23.1321877],[-53.1577016,-23.1031743],[-53.145773,-23.0630104],[-53.1297978,-23.0428571],[-53.0492054,-23.0993231],[-53.0346065,-23.1010719],[-53.0214322,-23.1914869],[-53.056963,-23.1954389],[-53.0440965,-23.2291748],[-53.0929504,-23.2434516],[-53.1258207,-23.2432813],[-53.1287243,-23.2221528]]]}},{"type":"Feature","properties":{"level":"municipio","municipality_code":"4124020","municipality_name":"Santa Tereza do Oeste","uf":"PR","state_code":"41","area_km2":326.19},"geometry":{"type":"Polygon","coordinates":[[[-53.5975723,-25.1608497],[-53.6239201,-25.1630453],[-53.6346238,-25.1457101],[-53.6636945,-25.1413665],[-53.6519957,-25.1383163],[-53.659712,-25.1265663],[-53.6431089,-25.1202868],[-53.6233253,-25.0830474],[-53.6347481,-25.0641783],[-53.6323001,-25.0541845],[-53.6586357,-25.0398505],[-53.6694246,-25.0162684],[-53.6968286,-25.0018523],[-53.7325389,-24.9995746],[-53.7227052,-24.9705307],[-53.7089009,-24.9784214],[-53.703042,-24.9674875],[-53.6938219,-24.971171],[-53.6743915,-24.9577954],[-53.684444,-24.9397711],[-53.6334254,-24.9384853],[-53.6356085,-24.8815779],[-53.6250108,-24.8709362],[-53.6181837,-24.8803165],[-53.621731,-24.8935021],[-53.6086036,-24.9005367],[-53.5945903,-24.9268269],[-53.5506003,-24.9492079],[-53.5483624,-24.9592684],[-53.5714896,-24.9857264],[-53.5618587,-24.9970313],[-53.5606291,-25.0238486],[-53.5031939,-25.0677025],[-53.5148188,-25.0710187],[-53.5215873,-25.090691],[-53.5335719,-25.0863772],[-53.5432019,-25.1046294],[-53.5461186,-25.1256084],[-53.5287661,-25.1412136],[-53.5324344,-25.1576383],[-53.523634,-25.1690277],[-53.587431,-25.1683319],[-53.5975723,-25.1608497]]]}},{"type":"Feature","properties":{"level":"municipio","municipality_code":"4124053","municipality_name":"Santa Terezinha de Itaipu","uf":"PR","state_code":"41","area_km2":268.258},"geometry":{"type":"Polygon","coordinates":[[[-54.3999125,-25.3947474],[-54.3830283,-25.4257021],[-54.3436689,-25.45223],[-54.3641622,-25.4890857],[-54.349137,-25.493447],[-54.3362752,-25.5271423],[-54.3269092,-25.5333116],[-54.4863662,-25.5524108],[-54.4859036,-25.4039053],[-54.5041304,-25.3816948],[-54.505472,-25.3612673],[-54.4853312,-25.3405804],[-54.4780557,-25.3445733],[-54.4669129,-25.3246506],[-54.4432502,-25.3344005],[-54.4378895,-25.3518222],[-54.4208848,-25.3555457],[-54.4163838,-25.3696025],[-54.3991389,-25.3770831],[-54.3999125,-25.3947474]]]}},{"type":"Feature","properties":{"level":"municipio","municipality_code":"4124004","municipality_name":"Santana do Itararé","uf":"PR","state_code":"41","area_km2":251.269},"geometry":{"type":"Polygon","coordinates":[[[-49.6780008,-23.8262798],[-49.6965102,-23.742669],[-49.7381239,-23.747628],[-49.7668039,-23.7301963],[-49.7412034,-23.7133822],[-49.7141601,-23.7175855],[-49.7004632,-23.7027883],[-49.6511151,-23.6886895],[-49.6374731,-23.6809859],[-49.6343117,-23.6679641],[-49.6118184,-23.6708337],[-49.6157847,-23.6615859],[-49.6021338,-23.6521161],[-49.5885406,-23.656921],[-49.5798761,-23.6783285],[-49.5617362,-23.6856962],[-49.5491992,-23.7040164],[-49.5555161,-23.7221308],[-49.5487926,-23.7362925],[-49.5640497,-23.7322193],[-49.5638126,-23.7500814],[-49.5734628,-23.7560396],[-49.5605048,-23.7613066],[-49.5705474,-23.7783666],[-49.5596818,-23.7936084],[-49.5608915,-23.8159145],[-49.5726784,-23.8270468],[-49.5930077,-23.830302],[-49.5866731,-23.8422604],[-49.6010595,-23.8368246],[-49.630013,-23.8468639],[-49.6453734,-23.8319996],[-49.6626628,-23.838255],[-49.6780008,-23.8262798]]]}},{"type":"Feature","properties":{"level":"municipio","municipality_code":"4124103","municipality_name":"Santo Antônio da Platina","uf":"PR","state_code":"41","area_km2":721.472},"geometry":{"type":"Polygon","coordinates":[[[-49.9894058,-23.4526503],[-50.046353,-23.413018],[-50.0765189,-23.4097222],[-50.1061589,-23.3932139],[-50.1358253,-23.3946987],[-50.1441566,-23.4033235],[-50.1533239,-23.397707],[-50.1828861,-23.4008539],[-50.1899006,-23.3885723],[-50.2218671,-23.3782004],[-50.2349881,-23.3572737],[-50.2137625,-23.3433244],[-50.2194712,-23.3220034],[-50.2124476,-23.3152868],[-50.2220725,-23.3061511],[-50.2046669,-23.3038805],[-50.1997812,-23.2943905],[-50.2060979,-23.2869266],[-50.1914679,-23.2836985],[-50.2127331,-23.2609297],[-50.2022814,-23.2481412],[-50.2043552,-23.2329788],[-50.2267036,-23.2364895],[-50.2259314,-23.2223249],[-50.2392672,-23.2132591],[-50.2209761,-23.2157768],[-50.2131946,-23.2037051],[-50.2221721,-23.1973497],[-50.2361506,-23.2010318],[-50.2424641,-23.19227],[-50.228715,-23.1866367],[-50.2167927,-23.1946169],[-50.2092204,-23.1867417],[-50.2150501,-23.1639992],[-50.2294531,-23.1611605],[-50.2195321,-23.1524264],[-50.2406234,-23.135474],[-50.2349851,-23.1232382],[-50.2165402,-23.1386622],[-50.2036513,-23.134403],[-50.2013504,-23.1465453],[-50.1896031,-23.1438027],[-50.1893413,-23.1347274],[-50.1672556,-23.1346753],[-50.1608475,-23.1238092],[-50.1575488,-23.1359866],[-50.1487657,-23.1314939],[-50.1498082,-23.1448379],[-50.1367216,-23.1310375],[-50.131696,-23.1434667],[-50.1392959,-23.1502573],[-50.1178276,-23.1667598],[-50.1261567,-23.1729787],[-50.1233602,-23.183557],[-50.1121535,-23.1683159],[-50.1089343,-23.1752044],[-50.1023275,-23.1706329],[-50.0867994,-23.1825098],[-50.0724082,-23.1801679],[-50.0724682,-23.1977945],[-50.0571591,-23.1740802],[-50.0618333,-23.1829431],[-50.0545729,-23.1959043],[-50.0496902,-23.1888245],[-50.0358581,-23.1926953],[-50.0420234,-23.1960603],[-50.0403005,-23.2104062],[-50.0297932,-23.2028301],[-50.0198814,-23.2151103],[-50.0076571,-23.2157024],[-49.9996072,-23.2277136],[-50.0037692,-23.2342636],[-49.9879084,-23.2283715],[-49.9706339,-23.237882],[-49.9723267,-23.2440018],[-49.9557669,-23.2482185],[-49.9674863,-23.2553807],[-49.9453853,-23.2801526],[-49.9505236,-23.2927757],[-49.9275913,-23.300492],[-49.9324845,-23.3147613],[-49.9411568,-23.3153787],[-49.9285441,-23.3178654],[-49.938302,-23.3285471],[-49.929356,-23.3373841],[-49.9386601,-23.3450525],[-49.9398866,-23.3767065],[-49.9280567,-23.3807244],[-49.9332137,-23.3875402],[-49.9251069,-23.3922059],[-49.9313854,-23.392315],[-49.9284941,-23.4032916],[-49.943049,-23.431476],[-49.977055,-23.4396042],[-49.9894058,-23.4526503]]]}},{"type":"Feature","properties":{"level":"municipio","municipality_code":"4124202","municipality_name":"Santo Antônio do Caiuá","uf":"PR","state_code":"41","area_km2":219.068},"geometry":{"type":"Polygon","coordinates":[[[-52.381866,-22.7745042],[-52.4214594,-22.7629355],[-52.4213707,-22.6105982],[-52.3686111,-22.6293368],[-52.3053745,-22.636817],[-52.2899604,-22.6282304],[-52.2847751,-22.6423576],[-52.2923017,-22.652108],[-52.2752681,-22.7299703],[-52.304882,-22.7503457],[-52.3190852,-22.7762589],[-52.381866,-22.7745042]]]}},{"type":"Feature","properties":{"level":"municipio","municipality_code":"4124301","municipality_name":"Santo Antônio do Paraíso","uf":"PR","state_code":"41","area_km2":167.014},"geometry":{"type":"Polygon","coordinates":[[[-50.6894004,-23.574064],[-50.6867697,-23.5622339],[-50.6972089,-23.5567687],[-50.6851202,-23.5517739],[-50.6868406,-23.5103751],[-50.671201,-23.4960809],[-50.6459899,-23.4886084],[-50.6402725,-23.4554555],[-50.6086872,-23.4549769],[-50.617046,-23.4654798],[-50.6077471,-23.4770282],[-50.6218167,-23.4871905],[-50.5980266,-23.4900917],[-50.6175036,-23.5026648],[-50.5987625,-23.5068422],[-50.6082981,-23.5194267],[-50.6013835,-23.5316809],[-50.6078664,-23.5390747],[-50.6039476,-23.5609148],[-50.615234,-23.5704062],[-50.6039309,-23.5938701],[-50.6250152,-23.6149289],[-50.6130316,-23.6287224],[-50.5792316,-23.6421845],[-50.5663534,-23.6739197],[-50.5673253,-23.7067055],[-50.582721,-23.7113284],[-50.5987488,-23.7011207],[-50.6023325,-23.684696],[-50.6128125,-23.6920497],[-50.6288108,-23.689287],[-50.6388927,-23.6429607],[-50.6612515,-23.6288481],[-50.6558293,-23.6118496],[-50.6644735,-23.5933738],[-50.6894004,-23.574064]]]}},{"type":"Feature","properties":{"level":"municipio","municipality_code":"4124400","municipality_name":"Santo Antônio do Sudoeste","uf":"PR","state_code":"41","area_km2":325.651},"geometry":{"type":"Polygon","coordinates":[[[-53.672082,-26.1761864],[-53.7429358,-26.1115299],[-53.739871,-26.0827571],[-53.726762,-26.0658955],[-53.7318463,-26.0374852],[-53.6496916,-25.9863614],[-53.6097673,-25.9911036],[-53.6159604,-25.9724098],[-53.5965717,-25.980301],[-53.6000262,-25.9717168],[-53.5914395,-25.9713597],[-53.590775,-25.9781356],[-53.5750753,-25.9734148],[-53.5746549,-25.9620127],[-53.5507417,-25.9541229],[-53.5341512,-25.980331],[-53.5460846,-25.9773552],[-53.5737848,-25.9889973],[-53.5372101,-25.9958684],[-53.5451774,-26.0034314],[-53.532602,-26.0048815],[-53.5369034,-26.0239024],[-53.5297076,-26.0326154],[-53.5427605,-26.0335012],[-53.5496016,-26.0478452],[-53.5165777,-26.0481284],[-53.5458641,-26.0663422],[-53.5232601,-26.06529],[-53.5123232,-26.0874122],[-53.5326398,-26.0682072],[-53.5408501,-26.0697057],[-53.5261297,-26.0803494],[-53.5361863,-26.0928893],[-53.5530028,-26.0892291],[-53.5535697,-26.0984301],[-53.5690849,-26.0963824],[-53.5673753,-26.1092212],[-53.5840715,-26.1128239],[-53.5884286,-26.1316365],[-53.6054633,-26.1350156],[-53.6552335,-26.1763639],[-53.672082,-26.1761864]]]}},{"type":"Feature","properties":{"level":"municipio","municipality_code":"4124509","municipality_name":"Santo Inácio","uf":"PR","state_code":"41","area_km2":280.133},"geometry":{"type":"Polygon","coordinates":[[[-51.8708252,-22.7185967],[-51.8558272,-22.6316977],[-51.7744865,-22.6144176],[-51.7343452,-22.6254664],[-51.7175755,-22.6748798],[-51.7348495,-22.7237626],[-51.7594598,-22.7393447],[-51.7595718,-22.7664969],[-51.7717042,-22.7737361],[-51.7591639,-22.83046],[-51.8399332,-22.8298737],[-51.8337964,-22.809048],[-51.8671173,-22.8301367],[-51.8657678,-22.7201772],[-51.8708252,-22.7185967]]]}},{"type":"Feature","properties":{"level":"municipio","municipality_code":"4126207","municipality_name":"Sapopema","uf":"PR","state_code":"41","area_km2":677.609},"geometry":{"type":"Polygon","coordinates":[[[-50.4820062,-23.895185],[-50.4832528,-23.9515373],[-50.5377529,-23.9239203],[-50.5341634,-23.9326867],[-50.5472527,-23.9606211],[-50.5781654,-23.9682659],[-50.5794659,-23.9836902],[-50.5899762,-23.9903789],[-50.6017503,-23.9863473],[-50.608032,-23.9941966],[-50.6106646,-23.9841815],[-50.6304484,-23.9928946],[-50.6463865,-23.9859747],[-50.6481745,-23.9943945],[-50.6622279,-23.9933974],[-50.6723749,-24.0038085],[-50.6886125,-24.0029268],[-50.6906986,-24.0093397],[-50.6975017,-24.0032265],[-50.6957514,-24.0170071],[-50.7161943,-24.0300901],[-50.7431945,-24.0059803],[-50.7346991,-23.9856789],[-50.7625296,-23.9707265],[-50.7416112,-23.9661979],[-50.7310257,-23.9369397],[-50.7717318,-23.9197161],[-50.8049216,-23.8764098],[-50.7877542,-23.8780092],[-50.7484762,-23.8549537],[-50.7518628,-23.8431912],[-50.7330558,-23.8233213],[-50.7049441,-23.8185572],[-50.6917533,-23.8250572],[-50.6747796,-23.8123371],[-50.6386432,-23.8185161],[-50.6259143,-23.799824],[-50.6310122,-23.7788739],[-50.6200691,-23.78197],[-50.6022736,-23.7434042],[-50.5849903,-23.7354207],[-50.5193451,-23.7661456],[-50.5029598,-23.7627101],[-50.4819445,-23.7442142],[-50.4743291,-23.7537021],[-50.447823,-23.7567777],[-50.4183456,-23.7869344],[-50.430058,-23.8000907],[-50.423232,-23.8341586],[-50.4373937,-23.8472722],[-50.4441304,-23.8403826],[-50.4421838,-23.8493476],[-50.4509142,-23.8575279],[-50.4669153,-23.8519872],[-50.4721085,-23.8580547],[-50.4699505,-23.8678431],[-50.4793257,-23.8798783],[-50.4716464,-23.8910067],[-50.4820062,-23.895185]]]}},{"type":"Feature","properties":{"level":"municipio","municipality_code":"4126256","municipality_name":"Sarandi","uf":"PR","state_code":"41","area_km2":103.501},"geometry":{"type":"Polygon","coordinates":[[[-51.845628,-23.4445181],[-51.8534713,-23.4863736],[-51.8467022,-23.496733],[-51.8529605,-23.5108187],[-51.8794453,-23.524347],[-51.8997935,-23.5559316],[-51.9123299,-23.5607617],[-51.9280703,-23.5349373],[-51.9094389,-23.5099143],[-51.922437,-23.5001135],[-51.883826,-23.4225315],[-51.839881,-23.4065294],[-51.8430171,-23.3936634],[-51.8192689,-23.3927881],[-51.7971348,-23.4090818],[-51.8064763,-23.4450804],[-51.8266052,-23.459556],[-51.845628,-23.4445181]]]}},{"type":"Feature","properties":{"level":"municipio","municipality_code":"4126272","municipality_name":"Saudade do Iguaçu","uf":"PR","state_code":"41","area_km2":152.084},"geometry":{"type":"Polygon","coordinates":[[[-52.626162,-25.6540699],[-52.6159166,-25.6093091],[-52.6062277,-25.6133099],[-52.6015654,-25.6343172],[-52.5764138,-25.6470955],[-52.575576,-25.6644756],[-52.5420336,-25.6998864],[-52.5396981,-25.7189071],[-52.5559437,-25.72128],[-52.5461994,-25.7284932],[-52.5532586,-25.7462538],[-52.5436944,-25.7499633],[-52.5545603,-25.7530994],[-52.5472189,-25.7773254],[-52.6035626,-25.7692627],[-52.6018387,-25.7973413],[-52.6613791,-25.8013201],[-52.6616628,-25.788398],[-52.6429799,-25.7892989],[-52.644397,-25.7726169],[-52.6618753,-25.7703536],[-52.6623615,-25.7585489],[-52.615993,-25.7654357],[-52.6231447,-25.7449628],[-52.6434258,-25.7363988],[-52.6397807,-25.7046293],[-52.6644171,-25.6818169],[-52.6611201,-25.6755323],[-52.6773378,-25.6573573],[-52.626162,-25.6540699]]]}},{"type":"Feature","properties":{"level":"municipio","municipality_code":"4126306","municipality_name":"Sengés","uf":"PR","state_code":"41","area_km2":1443.237},"geometry":{"type":"Polygon","coordinates":[[[-49.4627837,-24.3670945],[-49.6015001,-24.367358],[-49.5807859,-24.245128],[-49.6039336,-24.2170575],[-49.6148891,-24.1642481],[-49.6297291,-24.1468425],[-49.6277854,-24.1351397],[-49.6156402,-24.130321],[-49.6332062,-24.1105147],[-49.6247669,-24.1102781],[-49.6133877,-24.0866775],[-49.6338075,-24.0700677],[-49.6131158,-24.0582656],[-49.6309306,-24.0473768],[-49.6238749,-24.0439922],[-49.6338189,-24.0312185],[-49.6286798,-24.0171502],[-49.617709,-24.0159086],[-49.6225075,-23.9976775],[-49.6088515,-23.9954118],[-49.6151877,-23.9883056],[-49.6076678,-23.9844758],[-49.6196636,-23.979616],[-49.5980682,-23.9776945],[-49.5852097,-23.9608067],[-49.565956,-23.9664937],[-49.5705923,-23.9498829],[-49.5640852,-23.9420051],[-49.570209,-23.9405153],[-49.5557227,-23.9400447],[-49.5545398,-23.9489084],[-49.539244,-23.9437462],[-49.5443701,-23.9351619],[-49.5235972,-23.9162336],[-49.508046,-23.9337246],[-49.5244665,-23.9351531],[-49.5210997,-23.9461018],[-49.5039222,-23.9471733],[-49.4996328,-23.9584294],[-49.5167568,-23.9701225],[-49.5006007,-23.9694895],[-49.4936847,-23.9775958],[-49.4981248,-23.9938083],[-49.480571,-24.0061714],[-49.4920688,-24.0142649],[-49.4871537,-24.0245998],[-49.4743817,-24.0200597],[-49.4737593,-24.0273149],[-49.4634431,-24.0274358],[-49.4575401,-24.0494852],[-49.4378235,-24.0587863],[-49.4389829,-24.0687478],[-49.4297862,-24.0687088],[-49.4353899,-24.0750948],[-49.4300107,-24.088536],[-49.4048821,-24.0958494],[-49.4091526,-24.1082562],[-49.3891,-24.1196287],[-49.3708465,-24.1143834],[-49.3614279,-24.1281116],[-49.3365663,-24.1375819],[-49.3324594,-24.1501208],[-49.3403453,-24.1571793],[-49.3465094,-24.1924135],[-49.3415441,-24.203122],[-49.3567027,-24.2102482],[-49.353209,-24.2186263],[-49.3053741,-24.251431],[-49.2986741,-24.2878085],[-49.2887126,-24.291794],[-49.2830399,-24.3088642],[-49.2698211,-24.307175],[-49.2504366,-24.3193643],[-49.2488757,-24.3305126],[-49.2312127,-24.3303952],[-49.2242872,-24.3402284],[-49.2059465,-24.338254],[-49.2006785,-24.3444137],[-49.2476759,-24.3927177],[-49.2534772,-24.4094436],[-49.2502344,-24.4138649],[-49.2410034,-24.4020721],[-49.2354611,-24.4110409],[-49.248852,-24.4314577],[-49.2756757,-24.4169488],[-49.3121646,-24.4303731],[-49.3592482,-24.4776945],[-49.3897141,-24.4872978],[-49.3967099,-24.496597],[-49.4269467,-24.4991461],[-49.4314479,-24.5213373],[-49.4371567,-24.5184465],[-49.4434942,-24.5292901],[-49.4517556,-24.5259288],[-49.466381,-24.5446256],[-49.4797453,-24.5404383],[-49.4877253,-24.5459717],[-49.4936106,-24.5874953],[-49.5106987,-24.6142121],[-49.5070597,-24.5656922],[-49.5117286,-24.5463039],[-49.5275314,-24.5345146],[-49.5247672,-24.5031655],[-49.5182754,-24.4933182],[-49.5044064,-24.4913511],[-49.4784038,-24.4600909],[-49.479526,-24.4336517],[-49.4640466,-24.4168667],[-49.4564951,-24.3910352],[-49.4546854,-24.3752682],[-49.4627837,-24.3670945]]]}},{"type":"Feature","properties":{"level":"municipio","municipality_code":"4126355","municipality_name":"Serranópolis do Iguaçu","uf":"PR","state_code":"41","area_km2":482.394},"geometry":{"type":"Polygon","coordinates":[[[-54.1236247,-25.4605328],[-54.1421042,-25.4367392],[-54.124205,-25.424254],[-54.1409965,-25.4083695],[-54.1338074,-25.3865219],[-54.1069881,-25.3833474],[-54.1138698,-25.3615257],[-54.085314,-25.3611578],[-54.0432649,-25.3343739],[-54.0238793,-25.3567618],[-53.9930672,-25.3630699],[-53.9833497,-25.3763677],[-53.9616508,-25.3822962],[-53.9584391,-25.4087905],[-53.9525346,-25.4078707],[-53.957347,-25.4251082],[-53.945134,-25.4344931],[-53.9534407,-25.445062],[-53.9413229,-25.456428],[-53.9468211,-25.4637473],[-53.9270807,-25.4579417],[-53.9124421,-25.4846317],[-53.9052186,-25.4849269],[-53.913737,-25.501297],[-53.8957223,-25.531694],[-53.9045609,-25.5381668],[-53.9036685,-25.5542863],[-53.9126707,-25.5494427],[-53.9029573,-25.5613556],[-53.9111183,-25.5657198],[-53.8917641,-25.5731132],[-53.8929256,-25.5809358],[-53.9165173,-25.582928],[-53.9399919,-25.5715748],[-53.9682488,-25.5867216],[-53.9912454,-25.5860855],[-54.0202148,-25.563314],[-54.0521079,-25.5850833],[-54.0798143,-25.5580949],[-54.0913095,-25.6169969],[-54.1018156,-25.6180567],[-54.1231182,-25.5628253],[-54.0965724,-25.521361],[-54.0948569,-25.497991],[-54.1100851,-25.4955079],[-54.1440086,-25.520958],[-54.1434638,-25.5118596],[-54.1538974,-25.5077219],[-54.1506879,-25.5001193],[-54.1413374,-25.501136],[-54.1463486,-25.4847572],[-54.131445,-25.4805693],[-54.1363106,-25.4669379],[-54.1236247,-25.4605328]]]}},{"type":"Feature","properties":{"level":"municipio","municipality_code":"4126405","municipality_name":"Sertaneja","uf":"PR","state_code":"41","area_km2":444.492},"geometry":{"type":"Polygon","coordinates":[[[-50.876589,-23.0695718],[-50.8662837,-23.0531206],[-50.879451,-23.0449944],[-50.8739393,-23.035767],[-50.8842381,-23.0323536],[-50.8963558,-23.0091164],[-50.9306489,-22.996574],[-50.9276597,-22.9804592],[-50.9463538,-22.98188],[-50.9494652,-22.9667423],[-50.9814397,-22.9609864],[-50.9794856,-22.9371317],[-50.9388027,-22.9179028],[-50.9324254,-22.8824596],[-50.9606261,-22.8472265],[-50.9854792,-22.8574189],[-50.9963445,-22.8533994],[-50.9769314,-22.8184983],[-50.9856629,-22.8131542],[-51.0042107,-22.821842],[-51.0043772,-22.7937092],[-50.9759279,-22.7821003],[-50.9406953,-22.8053252],[-50.919054,-22.7959305],[-50.8887189,-22.7965312],[-50.8423871,-22.8313985],[-50.8306654,-22.8621733],[-50.7929517,-22.8943535],[-50.8061462,-22.9402993],[-50.7771244,-22.9788651],[-50.7708189,-23.0087405],[-50.7759234,-23.0460989],[-50.7902321,-23.0571585],[-50.8090502,-23.0946887],[-50.8183514,-23.0920845],[-50.8488757,-23.1107453],[-50.8468239,-23.1211588],[-50.8552583,-23.1109663],[-50.8529597,-23.0956926],[-50.8419269,-23.0902435],[-50.8591288,-23.0856684],[-50.854368,-23.0685056],[-50.876589,-23.0695718]]]}},{"type":"Feature","properties":{"level":"municipio","municipality_code":"4126504","municipality_name":"Sertanópolis","uf":"PR","state_code":"41","area_km2":505.532},"geometry":{"type":"Polygon","coordinates":[[[-50.9885037,-23.0446599],[-50.9771547,-23.0947996],[-50.9483588,-23.1063801],[-51.0006967,-23.1246253],[-51.0689776,-23.1767452],[-51.0957035,-23.1792445],[-51.1316726,-23.1979973],[-51.170528,-23.196211],[-51.1694535,-22.9671458],[-51.1507113,-22.976769],[-51.1465296,-22.9649815],[-51.1100885,-22.9467621],[-51.0491987,-22.9455849],[-51.0482728,-22.9368006],[-51.0368632,-22.933327],[-51.0108088,-22.9445216],[-50.9842852,-22.9330885],[-50.9814397,-22.9609864],[-50.946801,-22.9687154],[-50.9545141,-23.0087144],[-50.941268,-23.0314237],[-50.9614333,-23.0450897],[-50.9885037,-23.0446599]]]}},{"type":"Feature","properties":{"level":"municipio","municipality_code":"4126603","municipality_name":"Siqueira Campos","uf":"PR","state_code":"41","area_km2":278.035},"geometry":{"type":"Polygon","coordinates":[[[-49.8314069,-23.7524138],[-49.8605463,-23.7173861],[-49.8502056,-23.7067448],[-49.8504384,-23.6925773],[-49.8659899,-23.6879858],[-49.8706971,-23.6710971],[-49.8589311,-23.6592957],[-49.8765754,-23.6316865],[-49.8879318,-23.6311176],[-49.8882627,-23.620753],[-49.9095335,-23.6193545],[-49.9085139,-23.6047277],[-49.8776035,-23.6073304],[-49.8650559,-23.5748459],[-49.8186773,-23.5588934],[-49.7992093,-23.5644767],[-49.7716804,-23.5558389],[-49.7370615,-23.5603156],[-49.7031397,-23.5491771],[-49.69061,-23.556302],[-49.6523679,-23.5467096],[-49.6532073,-23.5679811],[-49.6730281,-23.6001338],[-49.67055,-23.611906],[-49.6790742,-23.610939],[-49.6788348,-23.5985568],[-49.7149785,-23.5928846],[-49.723407,-23.6042588],[-49.7313094,-23.6026662],[-49.7350327,-23.6141785],[-49.7656282,-23.6049855],[-49.780594,-23.6120973],[-49.7905058,-23.6032407],[-49.8309492,-23.618112],[-49.8150306,-23.6240249],[-49.7967652,-23.6199434],[-49.7844975,-23.629626],[-49.768323,-23.6267433],[-49.7648735,-23.6454067],[-49.7464925,-23.6594105],[-49.7538716,-23.6625739],[-49.7408141,-23.6873663],[-49.7381091,-23.714138],[-49.7658876,-23.7290718],[-49.7624476,-23.7370995],[-49.7914996,-23.7334204],[-49.7925783,-23.7486293],[-49.8205512,-23.7637998],[-49.8336758,-23.7618626],[-49.8314069,-23.7524138]]]}},{"type":"Feature","properties":{"level":"municipio","municipality_code":"4126652","municipality_name":"Sulina","uf":"PR","state_code":"41","area_km2":170.759},"geometry":{"type":"Polygon","coordinates":[[[-52.615993,-25.7654357],[-52.7814835,-25.7374157],[-52.7832167,-25.5700298],[-52.7670073,-25.6106648],[-52.723764,-25.6230348],[-52.7152634,-25.6649034],[-52.6870518,-25.651908],[-52.6712044,-25.6598828],[-52.6697514,-25.673326],[-52.6611201,-25.6755323],[-52.6644171,-25.6818169],[-52.6397807,-25.7046293],[-52.6434258,-25.7363988],[-52.6231447,-25.7449628],[-52.615993,-25.7654357]]]}},{"type":"Feature","properties":{"level":"municipio","municipality_code":"4124608","municipality_name":"São Carlos do Ivaí","uf":"PR","state_code":"41","area_km2":225.079},"geometry":{"type":"Polygon","coordinates":[[[-52.4875013,-23.3891091],[-52.5249143,-23.3664973],[-52.539846,-23.3665958],[-52.5734758,-23.331955],[-52.5631431,-23.3320213],[-52.5566412,-23.3164704],[-52.5607455,-23.294054],[-52.57926,-23.2907164],[-52.5765188,-23.2849401],[-52.5446837,-23.266111],[-52.4212406,-23.2660741],[-52.4219737,-23.4697028],[-52.4531059,-23.4530591],[-52.4712191,-23.4541222],[-52.4771663,-23.4014772],[-52.4875013,-23.3891091]]]}},{"type":"Feature","properties":{"level":"municipio","municipality_code":"4124707","municipality_name":"São Jerônimo da Serra","uf":"PR","state_code":"41","area_km2":823.774},"geometry":{"type":"Polygon","coordinates":[[[-50.7821074,-23.613829],[-50.7612663,-23.6065576],[-50.7229786,-23.6131283],[-50.7059763,-23.6081855],[-50.6946643,-23.6178562],[-50.6572778,-23.6221611],[-50.6612515,-23.6288481],[-50.6388927,-23.6429607],[-50.6288108,-23.689287],[-50.6128125,-23.6920497],[-50.6023325,-23.684696],[-50.6023342,-23.6959508],[-50.580897,-23.7119871],[-50.576223,-23.7262848],[-50.5466995,-23.7430229],[-50.5596498,-23.7479717],[-50.5718573,-23.7361864],[-50.5849903,-23.7354207],[-50.6022736,-23.7434042],[-50.6200691,-23.78197],[-50.6310122,-23.7788739],[-50.6259143,-23.799824],[-50.6386432,-23.8185161],[-50.6747796,-23.8123371],[-50.6917533,-23.8250572],[-50.7049441,-23.8185572],[-50.7330558,-23.8233213],[-50.7518628,-23.8431912],[-50.7484762,-23.8549537],[-50.7734761,-23.8712082],[-50.7948601,-23.8801874],[-50.8175875,-23.8768974],[-50.8462889,-23.8945272],[-50.8574201,-23.8684174],[-50.8957834,-23.8401913],[-50.8853161,-23.8087708],[-50.899169,-23.7954313],[-50.900824,-23.7819391],[-50.8755761,-23.7670053],[-50.9132093,-23.726626],[-50.915398,-23.7143698],[-50.8763374,-23.6933167],[-50.8860485,-23.675418],[-50.9053498,-23.6762211],[-50.9202838,-23.6646072],[-50.9312919,-23.6093489],[-50.9458436,-23.6060698],[-50.9520503,-23.587339],[-50.9355071,-23.5844864],[-50.9303729,-23.5653117],[-50.9529242,-23.5405346],[-50.9501887,-23.5223887],[-50.924285,-23.5201045],[-50.9314267,-23.541886],[-50.9201391,-23.532301],[-50.9071173,-23.5354969],[-50.9153091,-23.5474948],[-50.9021449,-23.5549349],[-50.8995356,-23.5363763],[-50.8922257,-23.5464405],[-50.8721605,-23.5444035],[-50.8745668,-23.5584599],[-50.8477684,-23.556103],[-50.8498114,-23.5653239],[-50.8671133,-23.5696842],[-50.8464273,-23.573522],[-50.8587751,-23.5831064],[-50.8426333,-23.5843734],[-50.8501919,-23.5935781],[-50.845952,-23.6010507],[-50.8254378,-23.5932118],[-50.8282718,-23.6068109],[-50.8100935,-23.6138088],[-50.8137281,-23.6054916],[-50.8050197,-23.6003007],[-50.8031915,-23.6124349],[-50.7853418,-23.6257907],[-50.7821074,-23.613829]]]}},{"type":"Feature","properties":{"level":"municipio","municipality_code":"4125209","municipality_name":"São Jorge d'Oeste","uf":"PR","state_code":"41","area_km2":379.545},"geometry":{"type":"Polygon","coordinates":[[[-52.8489993,-25.7030317],[-52.816856,-25.7241222],[-52.8116066,-25.7403189],[-52.8540016,-25.7685534],[-52.8879158,-25.7730277],[-52.8945241,-25.7813634],[-52.9444141,-25.7824794],[-52.9230927,-25.765468],[-52.9250588,-25.7447309],[-52.938015,-25.7540465],[-52.9655004,-25.7560071],[-52.9621115,-25.7840625],[-52.9741373,-25.7867806],[-52.9818167,-25.7504476],[-52.9526581,-25.7381041],[-52.9539822,-25.7100213],[-52.9779019,-25.6976975],[-52.9939512,-25.6747312],[-53.0182703,-25.6841302],[-53.024563,-25.6796477],[-53.002486,-25.6592951],[-52.998558,-25.6439984],[-53.0239718,-25.6482645],[-53.031096,-25.6606566],[-53.0411182,-25.6615965],[-53.0361493,-25.6329418],[-53.0439871,-25.6115378],[-53.0511624,-25.6081321],[-53.0709945,-25.619032],[-53.086456,-25.6093579],[-53.0807109,-25.5975853],[-53.0494856,-25.5955688],[-53.0482628,-25.5894512],[-53.1025102,-25.5886125],[-53.1154845,-25.5742327],[-53.0783106,-25.5779919],[-53.0688947,-25.566564],[-53.0480426,-25.5775282],[-53.0395344,-25.5725743],[-53.0329498,-25.5452806],[-53.0007753,-25.534534],[-52.9902928,-25.5394743],[-52.995346,-25.558032],[-52.9810175,-25.5712227],[-52.968901,-25.5700665],[-52.9547185,-25.5548269],[-52.9040518,-25.5653641],[-52.8797763,-25.6091859],[-52.8674453,-25.6140026],[-52.8570056,-25.602856],[-52.8405907,-25.6160188],[-52.8455451,-25.6189109],[-52.8399861,-25.6333584],[-52.8482342,-25.6349218],[-52.8518359,-25.6467962],[-52.8472286,-25.6553197],[-52.8558758,-25.6598996],[-52.8467254,-25.6709832],[-52.8556983,-25.6835009],[-52.8489993,-25.7030317]]]}},{"type":"Feature","properties":{"level":"municipio","municipality_code":"4125308","municipality_name":"São Jorge do Ivaí","uf":"PR","state_code":"41","area_km2":315.088},"geometry":{"type":"Polygon","coordinates":[[[-52.3074141,-23.3719467],[-52.2995517,-23.3441658],[-52.2619075,-23.3166251],[-52.2389033,-23.3141307],[-52.1885593,-23.3335199],[-52.1790145,-23.3499797],[-52.2150891,-23.3909063],[-52.2425906,-23.4014158],[-52.27655,-23.4399481],[-52.2731875,-23.4622055],[-52.2972667,-23.5016237],[-52.2946536,-23.5212981],[-52.3220285,-23.5522912],[-52.362553,-23.5575026],[-52.3737747,-23.5473723],[-52.3918263,-23.548319],[-52.4083579,-23.5256683],[-52.3901868,-23.5115261],[-52.3983267,-23.5008482],[-52.4166048,-23.495998],[-52.4211955,-23.4132854],[-52.3985515,-23.4058461],[-52.3742975,-23.4137208],[-52.3074141,-23.3719467]]]}},{"type":"Feature","properties":{"level":"municipio","municipality_code":"4125357","municipality_name":"São Jorge do Patrocínio","uf":"PR","state_code":"41","area_km2":406.413},"geometry":{"type":"Polygon","coordinates":[[[-53.836155,-23.8116034],[-53.9099693,-23.7913157],[-53.9373494,-23.8128406],[-53.9610142,-23.8028994],[-53.9826872,-23.8169036],[-54.0836061,-23.8054929],[-54.0757093,-23.7644849],[-54.0526388,-23.7250676],[-54.0518817,-23.6903793],[-54.0322298,-23.6516617],[-54.0306351,-23.628249],[-53.9395972,-23.6500154],[-53.9237257,-23.6600876],[-53.9144371,-23.653943],[-53.8808043,-23.6635186],[-53.8729543,-23.6961759],[-53.8439845,-23.7464986],[-53.8004456,-23.7548147],[-53.7715781,-23.790529],[-53.7586805,-23.7954106],[-53.7688807,-23.8177146],[-53.836155,-23.8116034]]]}},{"type":"Feature","properties":{"level":"municipio","municipality_code":"4125407","municipality_name":"São José da Boa Vista","uf":"PR","state_code":"41","area_km2":399.73},"geometry":{"type":"Polygon","coordinates":[[[-49.5384355,-23.9428804],[-49.5545398,-23.9489084],[-49.5557227,-23.9400447],[-49.570209,-23.9405153],[-49.5640852,-23.9420051],[-49.5705923,-23.9498829],[-49.5624656,-23.9640485],[-49.5727779,-23.9693447],[-49.5852097,-23.9608067],[-49.5980682,-23.9776945],[-49.6196636,-23.979616],[-49.6076678,-23.9844758],[-49.6151877,-23.9883056],[-49.6088515,-23.9954118],[-49.6225075,-23.9976775],[-49.617709,-24.0159086],[-49.6286798,-24.0171502],[-49.6338189,-24.0312185],[-49.6238749,-24.0439922],[-49.6309306,-24.0473768],[-49.6131757,-24.0579928],[-49.6177837,-24.0620422],[-49.6426941,-24.0781491],[-49.6497281,-24.0730187],[-49.6904811,-24.0781105],[-49.7029081,-24.0650213],[-49.7211316,-24.0702368],[-49.7217944,-24.0802493],[-49.74557,-24.0747488],[-49.7594021,-24.0840972],[-49.7552545,-24.065589],[-49.7930271,-24.0038279],[-49.7716691,-24.0037309],[-49.7659465,-23.9924244],[-49.7501613,-23.9915066],[-49.7192198,-23.9673408],[-49.738957,-23.9383199],[-49.7587838,-23.930889],[-49.7719425,-23.902064],[-49.7626958,-23.8939262],[-49.7464231,-23.8980003],[-49.7334404,-23.8786381],[-49.7023498,-23.8720264],[-49.6982204,-23.862022],[-49.6832116,-23.8568106],[-49.67262,-23.8459174],[-49.6800687,-23.8305731],[-49.6780008,-23.8262798],[-49.6626628,-23.838255],[-49.6453734,-23.8319996],[-49.630013,-23.8468639],[-49.6115457,-23.8393513],[-49.5959958,-23.8455965],[-49.6105692,-23.8502484],[-49.5989064,-23.8584938],[-49.6024638,-23.8682819],[-49.5853486,-23.890429],[-49.5736015,-23.877955],[-49.5773781,-23.8974383],[-49.5544645,-23.9152973],[-49.5569897,-23.9227307],[-49.5358017,-23.928154],[-49.5443701,-23.9351619],[-49.5384355,-23.9428804]]]}},{"type":"Feature","properties":{"level":"municipio","municipality_code":"4125456","municipality_name":"São José das Palmeiras","uf":"PR","state_code":"41","area_km2":182.419},"geometry":{"type":"Polygon","coordinates":[[[-54.0968133,-24.7549265],[-54.0939386,-24.7631553],[-54.0384098,-24.7718013],[-54.0324243,-24.826805],[-54.0532896,-24.8429749],[-54.0655533,-24.8728876],[-54.071771,-24.8748726],[-54.0686859,-24.8649816],[-54.0762,-24.8629404],[-54.0826446,-24.8764143],[-54.0953607,-24.878679],[-54.1042354,-24.8642496],[-54.115858,-24.8714921],[-54.1208239,-24.8626185],[-54.1273315,-24.872047],[-54.1434032,-24.8593251],[-54.1568746,-24.8638705],[-54.1583126,-24.8718169],[-54.1742996,-24.8595414],[-54.1878645,-24.8695583],[-54.2086603,-24.8704479],[-54.2143181,-24.8575448],[-54.2036452,-24.839593],[-54.2037664,-24.8078606],[-54.1825679,-24.8084576],[-54.181872,-24.7822944],[-54.1653781,-24.7555977],[-54.0968133,-24.7549265]]]}},{"type":"Feature","properties":{"level":"municipio","municipality_code":"4125506","municipality_name":"São José dos Pinhais","uf":"PR","state_code":"41","area_km2":946.049},"geometry":{"type":"Polygon","coordinates":[[[-49.08053,-25.7404757],[-49.1329076,-25.7547179],[-49.1406781,-25.7429426],[-49.1533084,-25.7617254],[-49.1674429,-25.8149676],[-49.1920125,-25.8033151],[-49.2023578,-25.8093527],[-49.2062313,-25.8249898],[-49.2283135,-25.8131357],[-49.2563416,-25.8190849],[-49.2414977,-25.797709],[-49.250055,-25.7706352],[-49.2407053,-25.7399919],[-49.2594706,-25.6618717],[-49.2603063,-25.616212],[-49.2755776,-25.6087638],[-49.2408849,-25.5843744],[-49.2451399,-25.5748575],[-49.2375301,-25.5637503],[-49.2245412,-25.5618215],[-49.2241492,-25.5341394],[-49.2060438,-25.507827],[-49.2015967,-25.5133955],[-49.1963863,-25.5082907],[-49.1935043,-25.4877099],[-49.175512,-25.462565],[-49.140287,-25.473352],[-49.130499,-25.497627],[-49.0495484,-25.5480163],[-49.0426736,-25.5417912],[-49.0243969,-25.5506404],[-48.9645323,-25.5229467],[-48.9614121,-25.5383541],[-48.9728419,-25.5457525],[-48.9655091,-25.5616118],[-48.9746003,-25.5730165],[-48.956938,-25.5837745],[-48.9422654,-25.5814478],[-48.9360107,-25.6021811],[-48.9448796,-25.5937761],[-48.9585634,-25.6011078],[-48.9582605,-25.6344051],[-48.9509004,-25.6418506],[-48.969742,-25.664848],[-48.9654316,-25.7003021],[-48.9779732,-25.7176725],[-48.9753274,-25.7248998],[-48.9613912,-25.7361747],[-48.948296,-25.7271167],[-48.9319213,-25.7474436],[-48.9004989,-25.7606512],[-48.8805667,-25.7634327],[-48.8728098,-25.7562895],[-48.8619962,-25.7874238],[-48.8425611,-25.7979107],[-48.8577783,-25.8087412],[-48.885627,-25.8107041],[-48.8942712,-25.8205109],[-48.9207038,-25.8105006],[-48.9232822,-25.8179335],[-48.9578444,-25.8317434],[-48.9642152,-25.8230689],[-48.9849494,-25.8279748],[-48.9951891,-25.8218614],[-48.9899715,-25.8091246],[-49.0052556,-25.7864538],[-49.0211658,-25.7973168],[-49.0329938,-25.7984217],[-49.0362368,-25.790032],[-49.0743363,-25.7952836],[-49.0783621,-25.7536537],[-49.0852422,-25.7467691],[-49.08053,-25.7404757]]]}},{"type":"Feature","properties":{"level":"municipio","municipality_code":"4124806","municipality_name":"São João","uf":"PR","state_code":"41","area_km2":388.059},"geometry":{"type":"Polygon","coordinates":[[[-52.8154687,-25.7450444],[-52.816856,-25.7241222],[-52.848419,-25.7036914],[-52.8536194,-25.6910795],[-52.8470606,-25.6649261],[-52.8558758,-25.6598996],[-52.8472286,-25.6553197],[-52.8518359,-25.6467962],[-52.8482342,-25.6349218],[-52.8399861,-25.6333584],[-52.8455451,-25.6189109],[-52.8396719,-25.6183617],[-52.8464066,-25.6055039],[-52.8570056,-25.602856],[-52.8376548,-25.5838626],[-52.8235126,-25.6025651],[-52.80676,-25.6050378],[-52.7990385,-25.5717282],[-52.7894215,-25.5656543],[-52.7832167,-25.5700298],[-52.7814835,-25.7374157],[-52.7039749,-25.7511961],[-52.7154959,-25.7602574],[-52.7069779,-25.767329],[-52.6975332,-25.7639416],[-52.7014752,-25.7855296],[-52.6913106,-25.7923797],[-52.6973119,-25.7970724],[-52.6896977,-25.8093855],[-52.6735838,-25.81351],[-52.6794218,-25.8231486],[-52.6744884,-25.8521775],[-52.72759,-25.8694281],[-52.7447862,-25.8801272],[-52.7427259,-25.8890532],[-52.7517585,-25.8841873],[-52.7578152,-25.8976758],[-52.7658413,-25.891044],[-52.7628917,-25.9036423],[-52.7710084,-25.9023485],[-52.7664212,-25.9127218],[-52.7723115,-25.9174143],[-52.7892831,-25.9170507],[-52.7849287,-25.9085216],[-52.7905892,-25.9025221],[-52.8083627,-25.9066638],[-52.8069295,-25.8661515],[-52.8273659,-25.8759841],[-52.8448508,-25.8565701],[-52.8545158,-25.868088],[-52.8671718,-25.867302],[-52.8520433,-25.8325548],[-52.8906996,-25.834263],[-52.9017789,-25.8158342],[-52.8933828,-25.8047541],[-52.8674806,-25.8143436],[-52.8688799,-25.8043571],[-52.8929343,-25.7924869],[-52.9094439,-25.8054089],[-52.917418,-25.7935187],[-52.9444141,-25.7824794],[-52.8945241,-25.7813634],[-52.8879158,-25.7730277],[-52.8564698,-25.7698228],[-52.8154687,-25.7450444]]]}},{"type":"Feature","properties":{"level":"municipio","municipality_code":"4124905","municipality_name":"São João do Caiuá","uf":"PR","state_code":"41","area_km2":304.413},"geometry":{"type":"Polygon","coordinates":[[[-52.2786589,-22.7331156],[-52.2642415,-22.7424087],[-52.2286608,-22.8401468],[-52.2676622,-22.9130152],[-52.3136047,-22.90763],[-52.3679362,-22.9322668],[-52.3646316,-22.9170353],[-52.3915334,-22.9201319],[-52.4228776,-22.9003409],[-52.4214594,-22.7629355],[-52.3971087,-22.7744262],[-52.3190852,-22.7762589],[-52.304882,-22.7503457],[-52.2786589,-22.7331156]]]}},{"type":"Feature","properties":{"level":"municipio","municipality_code":"4125001","municipality_name":"São João do Ivaí","uf":"PR","state_code":"41","area_km2":353.331},"geometry":{"type":"Polygon","coordinates":[[[-51.6821774,-23.9755117],[-51.9178072,-24.1038132],[-51.9241014,-24.0897419],[-51.9180313,-24.0786919],[-51.936373,-24.0803725],[-51.9391905,-24.0685187],[-51.9592325,-24.0676428],[-51.9555195,-24.0441641],[-51.9440791,-24.0548163],[-51.9289764,-24.048449],[-51.9483195,-24.0394535],[-51.9424575,-24.031444],[-51.9478293,-24.0220355],[-51.9365645,-24.0067652],[-51.958881,-23.9959994],[-51.9367678,-23.9938292],[-51.9476575,-23.9834325],[-51.9461323,-23.9741978],[-51.965885,-23.9754074],[-51.9574046,-23.9585628],[-51.9680096,-23.9493428],[-51.9588521,-23.9496907],[-51.9596036,-23.9362085],[-51.9366599,-23.9420563],[-51.9566844,-23.9295013],[-51.9394584,-23.9081695],[-51.9297405,-23.9121192],[-51.9341253,-23.9235936],[-51.9279647,-23.9267064],[-51.8912147,-23.9008006],[-51.8810462,-23.9226828],[-51.8650123,-23.9234357],[-51.8533786,-23.9336609],[-51.7958976,-23.9200629],[-51.7907565,-23.9291072],[-51.7644069,-23.938772],[-51.7259497,-23.9306648],[-51.7397403,-23.9430235],[-51.7356055,-23.9519415],[-51.6765119,-23.9587493],[-51.6821774,-23.9755117]]]}},{"type":"Feature","properties":{"level":"municipio","municipality_code":"4125100","municipality_name":"São João do Triunfo","uf":"PR","state_code":"41","area_km2":720.407},"geometry":{"type":"Polygon","coordinates":[[[-50.2924111,-25.7799617],[-50.3089459,-25.76897],[-50.3082364,-25.7567496],[-50.3217664,-25.7602918],[-50.3380679,-25.743232],[-50.3455491,-25.7500565],[-50.3615209,-25.7294487],[-50.3981142,-25.7497623],[-50.4158222,-25.7199939],[-50.4495001,-25.72265],[-50.4836184,-25.7422816],[-50.4893446,-25.7377276],[-50.4861621,-25.7086972],[-50.455598,-25.6807946],[-50.459509,-25.6606237],[-50.4751015,-25.6555837],[-50.4513402,-25.6488124],[-50.4468941,-25.6349977],[-50.4310285,-25.6438391],[-50.4243346,-25.591914],[-50.4130214,-25.5780473],[-50.4019994,-25.5768151],[-50.3922763,-25.5536009],[-50.3575193,-25.5382856],[-50.3584512,-25.5277753],[-50.3208532,-25.5463488],[-50.2723851,-25.5440702],[-50.2582344,-25.5529698],[-50.2465512,-25.5805975],[-50.1684357,-25.5847793],[-50.156802,-25.603395],[-50.1419176,-25.6049524],[-50.106617,-25.6299765],[-50.0939119,-25.6295217],[-50.0972072,-25.6353963],[-50.0869996,-25.6459677],[-50.0970123,-25.65193],[-50.0968099,-25.6671574],[-50.1091752,-25.6579236],[-50.1137854,-25.6667975],[-50.1357471,-25.6605093],[-50.1298512,-25.669423],[-50.1524701,-25.6878009],[-50.1462232,-25.6863788],[-50.1218687,-25.7132621],[-50.1536434,-25.725635],[-50.1483268,-25.7290922],[-50.1576323,-25.7324761],[-50.1486583,-25.7389016],[-50.1513289,-25.7541505],[-50.1584371,-25.7489115],[-50.1627977,-25.7621064],[-50.1751498,-25.7604226],[-50.1710762,-25.7655717],[-50.1880916,-25.7612411],[-50.1813647,-25.7903164],[-50.2093024,-25.7876431],[-50.2281879,-25.8127657],[-50.2393616,-25.8141247],[-50.232683,-25.8304374],[-50.2532756,-25.8408525],[-50.2674471,-25.8376605],[-50.2685544,-25.8051195],[-50.29434,-25.7914995],[-50.2924111,-25.7799617]]]}},{"type":"Feature","properties":{"level":"municipio","municipality_code":"4125555","municipality_name":"São Manoel do Paraná","uf":"PR","state_code":"41","area_km2":95.381},"geometry":{"type":"Polygon","coordinates":[[[-52.6538401,-23.4278349],[-52.667898,-23.4253862],[-52.6692648,-23.3980205],[-52.6379834,-23.3316795],[-52.5957854,-23.3177295],[-52.539846,-23.3665958],[-52.5496338,-23.3837765],[-52.5793808,-23.3857088],[-52.5892859,-23.3967524],[-52.6118501,-23.3988032],[-52.6162995,-23.4148088],[-52.650654,-23.4402673],[-52.6538401,-23.4278349]]]}},{"type":"Feature","properties":{"level":"municipio","municipality_code":"4125605","municipality_name":"São Mateus do Sul","uf":"PR","state_code":"41","area_km2":1341.714},"geometry":{"type":"Polygon","coordinates":[[[-50.4078472,-26.0657377],[-50.432836,-26.0621149],[-50.4496245,-26.0440438],[-50.442405,-26.035543],[-50.4591127,-26.0366259],[-50.4591296,-26.0272142],[-50.4712218,-26.0210652],[-50.4761753,-26.0344977],[-50.4790451,-26.025563],[-50.4991004,-26.0222086],[-50.5042593,-26.032018],[-50.5133037,-26.0261297],[-50.5499216,-26.0389792],[-50.5692733,-26.0018914],[-50.591085,-26.0218073],[-50.5914519,-26.0414948],[-50.5813788,-26.0481778],[-50.5525092,-26.0426318],[-50.5535287,-26.0593781],[-50.5948011,-26.0703959],[-50.6344884,-26.0583244],[-50.6207905,-26.052119],[-50.6268296,-26.0344109],[-50.6373996,-26.035326],[-50.6365035,-26.020114],[-50.6527104,-26.0170228],[-50.6538095,-26.0003691],[-50.6630184,-25.9916208],[-50.6575004,-25.978247],[-50.6724671,-25.9630618],[-50.673971,-25.943124],[-50.6662444,-25.9414885],[-50.6568528,-25.9197231],[-50.6739802,-25.9043056],[-50.6769826,-25.8728791],[-50.6558404,-25.8772333],[-50.6549645,-25.8668447],[-50.6425369,-25.8632878],[-50.6436025,-25.8501966],[-50.6358578,-25.8548524],[-50.6266406,-25.8482947],[-50.6178859,-25.8669424],[-50.6024895,-25.8666536],[-50.6080381,-25.8495895],[-50.602254,-25.8464267],[-50.6186302,-25.8431188],[-50.6338064,-25.8177831],[-50.6222148,-25.8173702],[-50.6263489,-25.8080843],[-50.60796,-25.8189728],[-50.6096762,-25.8111584],[-50.6007587,-25.8053367],[-50.609475,-25.7985791],[-50.5989974,-25.7907302],[-50.5931868,-25.7598173],[-50.5677813,-25.7630497],[-50.5585304,-25.7525836],[-50.5384536,-25.7581321],[-50.5146638,-25.7327755],[-50.5026795,-25.7414912],[-50.4896139,-25.7345055],[-50.4836184,-25.7422816],[-50.4495001,-25.72265],[-50.4158222,-25.7199939],[-50.3981142,-25.7497623],[-50.3615209,-25.7294487],[-50.3455491,-25.7500565],[-50.3380679,-25.743232],[-50.3217664,-25.7602918],[-50.3082364,-25.7567496],[-50.3089459,-25.76897],[-50.2922445,-25.7784263],[-50.29434,-25.7914995],[-50.2685544,-25.8051195],[-50.2626838,-25.8466825],[-50.2341551,-25.8603885],[-50.2173342,-25.9194002],[-50.220082,-25.9410065],[-50.2713683,-26.0474798],[-50.2984179,-26.0544833],[-50.3320685,-26.0839295],[-50.3248165,-26.1220717],[-50.3338978,-26.1251201],[-50.3219429,-26.1257479],[-50.3217026,-26.1339497],[-50.3286011,-26.1286355],[-50.3338993,-26.1346665],[-50.3610977,-26.1098034],[-50.3696783,-26.1113],[-50.3615161,-26.0938093],[-50.3721225,-26.0787336],[-50.4040302,-26.0566522],[-50.4078472,-26.0657377]]]}},{"type":"Feature","properties":{"level":"municipio","municipality_code":"4125704","municipality_name":"São Miguel do Iguaçu","uf":"PR","state_code":"41","area_km2":851.917},"geometry":{"type":"Polygon","coordinates":[[[-54.3075081,-25.5376242],[-54.3362752,-25.5271423],[-54.349137,-25.493447],[-54.3641622,-25.4890857],[-54.3436689,-25.45223],[-54.3767242,-25.4318025],[-54.3990573,-25.4006271],[-54.3871987,-25.3092108],[-54.3931101,-25.3010519],[-54.385026,-25.250113],[-54.3938382,-25.2435732],[-54.3915219,-25.2356509],[-54.3760255,-25.228344],[-54.3755866,-25.2366491],[-54.3598111,-25.2354156],[-54.3575516,-25.2168984],[-54.3638872,-25.2150585],[-54.3518293,-25.2094819],[-54.346414,-25.2153072],[-54.3459882,-25.2068308],[-54.3302467,-25.2181164],[-54.3058046,-25.2179045],[-54.2996774,-25.1999251],[-54.2850625,-25.2017025],[-54.2713596,-25.2176396],[-54.2304995,-25.2295995],[-54.223915,-25.2384472],[-54.2228844,-25.2224887],[-54.2086067,-25.2310764],[-54.1990716,-25.2154328],[-54.1896377,-25.2181163],[-54.1778792,-25.2350307],[-54.1837759,-25.2576961],[-54.1754519,-25.2732726],[-54.1707341,-25.3342236],[-54.1602801,-25.3269722],[-54.1492854,-25.3305214],[-54.1288338,-25.3545635],[-54.1135034,-25.3606612],[-54.1069881,-25.3833474],[-54.1331567,-25.3857841],[-54.1406467,-25.4015581],[-54.1358848,-25.418869],[-54.124205,-25.424254],[-54.1421042,-25.4367392],[-54.1227457,-25.4594864],[-54.1363106,-25.4669379],[-54.132732,-25.4834414],[-54.1463486,-25.4847572],[-54.1413374,-25.501136],[-54.1541046,-25.5055643],[-54.1431867,-25.5122571],[-54.1440086,-25.520958],[-54.1631106,-25.5426072],[-54.192929,-25.5339978],[-54.206382,-25.5417401],[-54.2074554,-25.5545555],[-54.178268,-25.5677151],[-54.1764272,-25.5844309],[-54.1984436,-25.5826588],[-54.2304796,-25.5628084],[-54.2370377,-25.567319],[-54.2343062,-25.5908402],[-54.2429382,-25.5974568],[-54.2579098,-25.5935874],[-54.2794665,-25.5580104],[-54.3000322,-25.5564947],[-54.3075081,-25.5376242]]]}},{"type":"Feature","properties":{"level":"municipio","municipality_code":"4125753","municipality_name":"São Pedro do Iguaçu","uf":"PR","state_code":"41","area_km2":308.324},"geometry":{"type":"Polygon","coordinates":[[[-53.7679303,-24.9691483],[-53.8010831,-24.9789604],[-53.8164281,-24.9680117],[-53.8520469,-24.9717165],[-53.8551315,-24.9855948],[-53.8726306,-24.9861516],[-53.878793,-24.9965582],[-53.8837612,-24.9865335],[-53.8964599,-24.9868751],[-53.8893297,-24.9765154],[-53.9122418,-24.9707973],[-53.9098506,-24.9619128],[-53.921488,-24.9454424],[-53.9062928,-24.9392777],[-53.9099338,-24.9292702],[-53.8980747,-24.9275094],[-53.9071876,-24.9211419],[-53.9010159,-24.9153043],[-53.9153773,-24.9170474],[-53.9097116,-24.9093968],[-53.924521,-24.9061542],[-53.924239,-24.8977313],[-53.9353581,-24.9091934],[-53.9294065,-24.9154198],[-53.9436296,-24.9197121],[-53.946463,-24.9124117],[-53.9592713,-24.9149073],[-53.9522471,-24.9042148],[-53.9632429,-24.9080564],[-53.9651249,-24.8961594],[-53.9802981,-24.907499],[-53.9906306,-24.9015743],[-53.9996586,-24.9084581],[-54.011239,-24.8984804],[-54.0198211,-24.9029942],[-54.0187424,-24.9113909],[-54.0301319,-24.8904252],[-54.0523517,-24.8828729],[-54.0605749,-24.8914189],[-54.0616085,-24.8581156],[-54.0324243,-24.826805],[-54.0396751,-24.8049996],[-54.0301041,-24.7755425],[-54.0195746,-24.7895012],[-54.0013004,-24.7826314],[-53.9879894,-24.7934281],[-53.9983236,-24.8051141],[-53.9793252,-24.8114673],[-53.9874618,-24.8279988],[-53.9688274,-24.8299551],[-53.9659615,-24.8484711],[-53.9446825,-24.8427954],[-53.944183,-24.8534388],[-53.9335495,-24.8484413],[-53.932852,-24.8574144],[-53.9212978,-24.8550354],[-53.9240723,-24.8644987],[-53.9088813,-24.8660159],[-53.912771,-24.8788474],[-53.9012727,-24.8774319],[-53.8982188,-24.8846438],[-53.891911,-24.8773785],[-53.8675231,-24.8820379],[-53.8671565,-24.8731896],[-53.8508757,-24.875079],[-53.8534489,-24.8807509],[-53.8427788,-24.8868698],[-53.8473026,-24.8917232],[-53.8308514,-24.893232],[-53.8371865,-24.9009297],[-53.8175771,-24.91537],[-53.8128556,-24.9079174],[-53.8068485,-24.9134156],[-53.792185,-24.9093967],[-53.78744,-24.9010657],[-53.7628246,-24.9202681],[-53.7438444,-24.9211566],[-53.73563,-24.9395683],[-53.685723,-24.9374926],[-53.6743915,-24.9577954],[-53.6938219,-24.971171],[-53.703042,-24.9674875],[-53.7089009,-24.9784214],[-53.7227052,-24.9705307],[-53.7325389,-24.9995746],[-53.7579196,-24.9849791],[-53.7679303,-24.9691483]]]}},{"type":"Feature","properties":{"level":"municipio","municipality_code":"4125803","municipality_name":"São Pedro do Ivaí","uf":"PR","state_code":"41","area_km2":322.692},"geometry":{"type":"Polygon","coordinates":[[[-51.8464099,-23.9336347],[-51.8810462,-23.9226828],[-51.8912147,-23.9008006],[-51.933403,-23.9251551],[-51.9297405,-23.9121192],[-51.9520463,-23.9009363],[-51.9396846,-23.8867124],[-51.9410448,-23.8768456],[-51.9560474,-23.8731999],[-51.9586806,-23.8573139],[-51.9717705,-23.8446721],[-51.9923259,-23.855608],[-51.9824625,-23.8298823],[-52.0084874,-23.8188993],[-51.9940994,-23.8003125],[-51.9962671,-23.7906024],[-51.9772733,-23.7973673],[-51.9616051,-23.77578],[-51.9504368,-23.7759951],[-51.9192353,-23.7259725],[-51.8835434,-23.8066527],[-51.8050145,-23.7888582],[-51.7957893,-23.7749474],[-51.7828202,-23.7904191],[-51.7663474,-23.7941714],[-51.7800275,-23.8051906],[-51.766035,-23.8235453],[-51.7802473,-23.8214628],[-51.7848294,-23.8300638],[-51.7712038,-23.831426],[-51.7691821,-23.8408659],[-51.7345304,-23.8416259],[-51.7844914,-23.9160764],[-51.8464099,-23.9336347]]]}},{"type":"Feature","properties":{"level":"municipio","municipality_code":"4125902","municipality_name":"São Pedro do Paraná","uf":"PR","state_code":"41","area_km2":250.654},"geometry":{"type":"Polygon","coordinates":[[[-53.114774,-22.6910788],[-53.1144085,-22.7974853],[-53.0990509,-22.8361429],[-53.1938451,-22.8578654],[-53.2039191,-22.8706105],[-53.2247142,-22.8624341],[-53.2558125,-22.8995238],[-53.2594256,-22.8806728],[-53.2481489,-22.8679624],[-53.2887091,-22.8555699],[-53.265828,-22.8334006],[-53.2632179,-22.7952289],[-53.238628,-22.7946575],[-53.2399981,-22.7334709],[-53.1935276,-22.7253468],[-53.1279578,-22.6521241],[-53.114774,-22.6910788]]]}},{"type":"Feature","properties":{"level":"municipio","municipality_code":"4126009","municipality_name":"São Sebastião da Amoreira","uf":"PR","state_code":"41","area_km2":226.872},"geometry":{"type":"Polygon","coordinates":[[[-50.7950608,-23.4995351],[-50.7843744,-23.4461992],[-50.8055685,-23.4276763],[-50.8054509,-23.4007664],[-50.7996792,-23.3884078],[-50.7787307,-23.3848764],[-50.7672777,-23.3473573],[-50.7359555,-23.367468],[-50.736165,-23.4032944],[-50.7205705,-23.4155898],[-50.6950513,-23.406352],[-50.6840121,-23.3909865],[-50.6629703,-23.3923206],[-50.6600923,-23.4090062],[-50.651144,-23.4190954],[-50.6377242,-23.4188553],[-50.6335709,-23.4287668],[-50.6447661,-23.4414388],[-50.6344189,-23.4362074],[-50.6244863,-23.4478833],[-50.6441676,-23.4617721],[-50.6459899,-23.4886084],[-50.671201,-23.4960809],[-50.6868406,-23.5103751],[-50.6851202,-23.5517739],[-50.6972089,-23.5567687],[-50.7477217,-23.5291983],[-50.7660156,-23.509823],[-50.7784761,-23.5112264],[-50.7868189,-23.4970043],[-50.7950608,-23.4995351]]]}},{"type":"Feature","properties":{"level":"municipio","municipality_code":"4126108","municipality_name":"São Tomé","uf":"PR","state_code":"41","area_km2":218.623},"geometry":{"type":"Polygon","coordinates":[[[-52.5881652,-23.5949322],[-52.6396113,-23.5766511],[-52.6717456,-23.5331031],[-52.6437093,-23.4955569],[-52.6275436,-23.4915435],[-52.6144583,-23.4772763],[-52.6055897,-23.4822644],[-52.6005604,-23.4768372],[-52.5694484,-23.5084972],[-52.5505578,-23.5009663],[-52.5190136,-23.50514],[-52.4645225,-23.4546234],[-52.4531059,-23.4530591],[-52.4204111,-23.4707937],[-52.4152994,-23.4988101],[-52.3996663,-23.5001019],[-52.3901868,-23.5115261],[-52.4080566,-23.524582],[-52.4027783,-23.5367503],[-52.4230212,-23.5392684],[-52.4244968,-23.5484989],[-52.4299721,-23.5420567],[-52.432272,-23.5503747],[-52.4405548,-23.5456917],[-52.448691,-23.551785],[-52.456412,-23.5389713],[-52.4894448,-23.520083],[-52.5457677,-23.5855988],[-52.5881652,-23.5949322]]]}},{"type":"Feature","properties":{"level":"municipio","municipality_code":"4126678","municipality_name":"Tamarana","uf":"PR","state_code":"41","area_km2":472.155},"geometry":{"type":"Polygon","coordinates":[[[-51.087085,-23.7183151],[-51.0454794,-23.7251248],[-51.0385311,-23.7452247],[-51.032371,-23.7430157],[-51.0248658,-23.7537596],[-50.9669198,-23.7542489],[-50.9645088,-23.7409417],[-50.9583128,-23.7480183],[-50.9459733,-23.7441139],[-50.9426828,-23.7500293],[-50.9376806,-23.743214],[-50.9334682,-23.7496061],[-50.925789,-23.7450501],[-50.9054747,-23.7523023],[-50.8941053,-23.743657],[-50.8756799,-23.767877],[-50.899354,-23.7770956],[-50.89734,-23.7940452],[-50.9096964,-23.8048769],[-50.9043077,-23.8178209],[-50.9353628,-23.8175745],[-50.9399791,-23.8295483],[-50.9315063,-23.8357826],[-50.947344,-23.8394793],[-50.9443952,-23.8526003],[-50.9631414,-23.8507967],[-50.9575079,-23.8599323],[-50.9686142,-23.8637502],[-50.956369,-23.8717633],[-50.9632525,-23.8847818],[-50.9499825,-23.8852584],[-50.95754,-23.8871478],[-50.952067,-23.8926962],[-50.9597877,-23.9003103],[-50.9732204,-23.8881937],[-50.9822813,-23.8959964],[-50.9798078,-23.9027248],[-51.0004798,-23.9011896],[-51.0004769,-23.9128421],[-51.0165102,-23.9186752],[-51.0244855,-23.9068332],[-51.0697548,-23.9165266],[-51.0699217,-23.9074332],[-51.0909845,-23.90478],[-51.0984808,-23.9138098],[-51.1110126,-23.9103587],[-51.1238682,-23.9264486],[-51.1361992,-23.9215285],[-51.1710508,-23.9268292],[-51.1690982,-23.8935514],[-51.179082,-23.8879889],[-51.1839786,-23.8714006],[-51.1782791,-23.8608919],[-51.1904271,-23.8538154],[-51.1766744,-23.8473205],[-51.1898045,-23.8270553],[-51.1860073,-23.8151842],[-51.1750951,-23.8102874],[-51.1711933,-23.7960297],[-51.1571881,-23.7919773],[-51.1458694,-23.7663736],[-51.1390589,-23.7704914],[-51.1387871,-23.7604023],[-51.1277049,-23.7565956],[-51.1288107,-23.7441677],[-51.1149127,-23.747653],[-51.0858127,-23.7381813],[-51.1466405,-23.7141731],[-51.1163331,-23.7030596],[-51.087085,-23.7183151]]]}},{"type":"Feature","properties":{"level":"municipio","municipality_code":"4126702","municipality_name":"Tamboara","uf":"PR","state_code":"41","area_km2":193.346},"geometry":{"type":"Polygon","coordinates":[[[-52.5469169,-23.1309236],[-52.4211147,-23.1309912],[-52.4212406,-23.2660741],[-52.5468817,-23.2678295],[-52.5469169,-23.1309236]]]}},{"type":"Feature","properties":{"level":"municipio","municipality_code":"4126801","municipality_name":"Tapejara","uf":"PR","state_code":"41","area_km2":591.399},"geometry":{"type":"Polygon","coordinates":[[[-52.8531976,-23.6195841],[-52.8249435,-23.6162304],[-52.7478837,-23.5551759],[-52.6960174,-23.5667402],[-52.7030274,-23.5897569],[-52.7132474,-23.5925402],[-52.7311131,-23.6226958],[-52.7426986,-23.6910794],[-52.7705867,-23.6985262],[-52.7836467,-23.7106795],[-52.8230283,-23.7697316],[-52.8777852,-23.7932781],[-52.8790074,-23.8077422],[-52.9595558,-23.7855155],[-52.9521243,-23.7776805],[-52.9676782,-23.7586604],[-52.958235,-23.7427792],[-52.9707558,-23.7089204],[-52.9991833,-23.7075919],[-53.0201123,-23.6775051],[-53.0150357,-23.6191328],[-53.0233702,-23.5939958],[-53.0385925,-23.5781567],[-53.0482222,-23.5407772],[-53.0339517,-23.4813386],[-53.0235714,-23.4762614],[-53.00288,-23.4967873],[-52.9934722,-23.5327632],[-52.971499,-23.5673249],[-52.9191381,-23.5871033],[-52.9034796,-23.6087529],[-52.8724971,-23.6073655],[-52.8531976,-23.6195841]]]}},{"type":"Feature","properties":{"level":"municipio","municipality_code":"4126900","municipality_name":"Tapira","uf":"PR","state_code":"41","area_km2":434.371},"geometry":{"type":"Polygon","coordinates":[[[-53.0277686,-23.355792],[-53.1037684,-23.3440676],[-53.1163878,-23.4711766],[-53.1473382,-23.4823963],[-53.2124771,-23.4623955],[-53.2181589,-23.4387796],[-53.2267682,-23.4324671],[-53.2226501,-23.4090784],[-53.2297595,-23.4081574],[-53.234088,-23.3926518],[-53.2194957,-23.3712013],[-53.2287724,-23.3576083],[-53.2221009,-23.3467975],[-53.2296984,-23.3334037],[-53.2150155,-23.32339],[-53.2162728,-23.3092246],[-53.1953628,-23.2863117],[-53.2012872,-23.2635386],[-53.2044084,-23.2675488],[-53.2114617,-23.2566241],[-53.1967905,-23.2364713],[-53.2255084,-23.2179533],[-53.2178794,-23.1997763],[-53.2021866,-23.1952652],[-53.2075832,-23.2113975],[-53.1852554,-23.2171775],[-53.1325944,-23.2175956],[-53.1305502,-23.2390712],[-53.1217715,-23.2443015],[-53.0448704,-23.2299912],[-53.0461398,-23.2153886],[-53.0591101,-23.1994714],[-53.0553262,-23.1945407],[-53.0180419,-23.1984169],[-53.0335238,-23.2139392],[-52.9967094,-23.2381835],[-53.0249044,-23.2888797],[-53.0277686,-23.355792]]]}},{"type":"Feature","properties":{"level":"municipio","municipality_code":"4127007","municipality_name":"Teixeira Soares","uf":"PR","state_code":"41","area_km2":902.801},"geometry":{"type":"Polygon","coordinates":[[[-50.454878,-25.4532109],[-50.467628,-25.4710387],[-50.5327008,-25.4633871],[-50.5223624,-25.4579477],[-50.5247529,-25.4432624],[-50.5114565,-25.4468345],[-50.5090436,-25.4362597],[-50.5133638,-25.4295585],[-50.5230322,-25.4333037],[-50.5258369,-25.4113942],[-50.5422565,-25.4109251],[-50.5510889,-25.3971837],[-50.5529541,-25.3731521],[-50.5398671,-25.367183],[-50.5532028,-25.3571164],[-50.5465849,-25.3349953],[-50.5643283,-25.3106523],[-50.559953,-25.3006455],[-50.5500583,-25.304813],[-50.5442237,-25.2920227],[-50.573315,-25.2800453],[-50.575393,-25.2622537],[-50.5664761,-25.2576151],[-50.575793,-25.2406126],[-50.5539101,-25.2290174],[-50.5635432,-25.2239603],[-50.5529464,-25.2171875],[-50.5417526,-25.2317219],[-50.5433417,-25.2152792],[-50.5324138,-25.2112132],[-50.5313896,-25.1994866],[-50.5095213,-25.2080353],[-50.4993813,-25.1926988],[-50.4905577,-25.208275],[-50.4786718,-25.2036379],[-50.4757503,-25.2144619],[-50.4499993,-25.2302559],[-50.4484874,-25.2150221],[-50.4309753,-25.2142899],[-50.4251936,-25.1944127],[-50.4163934,-25.1896218],[-50.4180346,-25.1718351],[-50.4064214,-25.1688935],[-50.4110092,-25.1508637],[-50.4035555,-25.1462194],[-50.3812226,-25.1632939],[-50.3852794,-25.1569565],[-50.3791435,-25.1533998],[-50.3871651,-25.150952],[-50.3790001,-25.1337384],[-50.3947839,-25.1205818],[-50.3906958,-25.1118607],[-50.37978,-25.1110729],[-50.3818913,-25.0901735],[-50.325896,-25.1338666],[-50.310973,-25.1299002],[-50.3000294,-25.1412043],[-50.2809403,-25.1323773],[-50.2734701,-25.1464814],[-50.2743085,-25.187703],[-50.261832,-25.1987755],[-50.2804116,-25.2131714],[-50.2630282,-25.2336592],[-50.2713066,-25.2476978],[-50.2720637,-25.2845727],[-50.2836245,-25.2939736],[-50.2880531,-25.3139955],[-50.281515,-25.348251],[-50.2733461,-25.3560536],[-50.275871,-25.373234],[-50.3051922,-25.3804322],[-50.3231186,-25.4172036],[-50.3528244,-25.4299826],[-50.355133,-25.4391093],[-50.3414737,-25.4539835],[-50.3583985,-25.5276739],[-50.386513,-25.5300738],[-50.3998041,-25.5176074],[-50.4085277,-25.525754],[-50.4311126,-25.5023834],[-50.4332667,-25.4682469],[-50.445659,-25.453477],[-50.454878,-25.4532109]]]}},{"type":"Feature","properties":{"level":"municipio","municipality_code":"4127106","municipality_name":"Telêmaco Borba","uf":"PR","state_code":"41","area_km2":1382.86},"geometry":{"type":"Polygon","coordinates":[[[-50.6022914,-24.3951166],[-50.6681713,-24.3827571],[-50.6854201,-24.3870741],[-50.7237859,-24.3130633],[-50.7121792,-24.3064575],[-50.7172746,-24.2994258],[-50.7106813,-24.2893902],[-50.7004731,-24.2968465],[-50.6966605,-24.2854087],[-50.6979755,-24.2650143],[-50.7097784,-24.2733233],[-50.7201346,-24.2616162],[-50.6911627,-24.2501827],[-50.7062077,-24.2434383],[-50.7015753,-24.2324565],[-50.6769727,-24.2333028],[-50.6915359,-24.2186356],[-50.6868182,-24.2035275],[-50.7110059,-24.1845592],[-50.6972538,-24.1735565],[-50.6796011,-24.1740403],[-50.6802347,-24.1687324],[-50.6994847,-24.1505535],[-50.6949338,-24.1664845],[-50.7138685,-24.1717785],[-50.7404029,-24.1407826],[-50.7103245,-24.133468],[-50.6951726,-24.1158312],[-50.7170101,-24.1118634],[-50.7412918,-24.0954372],[-50.7060263,-24.091092],[-50.7059194,-24.0728885],[-50.6977782,-24.0816325],[-50.6867526,-24.0780972],[-50.709747,-24.0616271],[-50.7106761,-24.0423977],[-50.6799511,-24.0408084],[-50.6623781,-24.0718161],[-50.6508103,-24.0692639],[-50.6463953,-24.0766164],[-50.6371994,-24.070883],[-50.6117325,-24.0762025],[-50.6065831,-24.0667937],[-50.5869263,-24.0795989],[-50.5758229,-24.0636322],[-50.5685923,-24.0704817],[-50.5524428,-24.0617535],[-50.5430764,-24.0721652],[-50.5374246,-24.0636323],[-50.5209531,-24.0859453],[-50.503174,-24.0966586],[-50.4954911,-24.0898381],[-50.4763361,-24.1058557],[-50.4682353,-24.0969801],[-50.4625737,-24.1064128],[-50.4566147,-24.099964],[-50.4342537,-24.1108159],[-50.4296597,-24.1009634],[-50.399111,-24.1088136],[-50.3842653,-24.1043007],[-50.3757795,-24.1146546],[-50.3306181,-24.1225863],[-50.3599456,-24.1687545],[-50.3331628,-24.2164871],[-50.3567423,-24.2618168],[-50.3001639,-24.2656759],[-50.2688338,-24.2936588],[-50.3216601,-24.3454765],[-50.3609085,-24.3599487],[-50.3577599,-24.3800847],[-50.3719643,-24.4024191],[-50.3912106,-24.4007757],[-50.3969153,-24.4101639],[-50.410291,-24.4108256],[-50.4115798,-24.4192333],[-50.4294345,-24.4198596],[-50.4452451,-24.4456348],[-50.462396,-24.4465882],[-50.4566818,-24.4552621],[-50.4642268,-24.4593753],[-50.4683849,-24.4510218],[-50.4713695,-24.4608836],[-50.4654745,-24.4642987],[-50.4769685,-24.4640797],[-50.4791329,-24.4709667],[-50.5146648,-24.4348615],[-50.5316059,-24.4359032],[-50.5495137,-24.4099688],[-50.562082,-24.4089613],[-50.5586142,-24.4190344],[-50.5827361,-24.4195144],[-50.6029846,-24.4041417],[-50.6022914,-24.3951166]]]}},{"type":"Feature","properties":{"level":"municipio","municipality_code":"4127205","municipality_name":"Terra Boa","uf":"PR","state_code":"41","area_km2":320.85},"geometry":{"type":"Polygon","coordinates":[[[-52.518917,-23.7764051],[-52.3277589,-23.552491],[-52.2942996,-23.5832618],[-52.2942462,-23.6185211],[-52.2712968,-23.6228535],[-52.2598035,-23.6532176],[-52.2797721,-23.661157],[-52.2822811,-23.6760583],[-52.4830013,-23.8381218],[-52.5018582,-23.8248717],[-52.518917,-23.7764051]]]}},{"type":"Feature","properties":{"level":"municipio","municipality_code":"4127304","municipality_name":"Terra Rica","uf":"PR","state_code":"41","area_km2":700.599},"geometry":{"type":"Polygon","coordinates":[[[-52.6581125,-22.8529907],[-52.724498,-22.8631381],[-52.749217,-22.846404],[-52.7620223,-22.8225333],[-52.7803544,-22.8453463],[-52.7974095,-22.8192253],[-52.8084572,-22.816531],[-52.8119622,-22.8025934],[-52.8492901,-22.7824296],[-52.84627,-22.7595071],[-52.8217787,-22.7145898],[-52.8009688,-22.7032656],[-52.7808729,-22.6737695],[-52.7808017,-22.6470221],[-52.7908033,-22.6293463],[-52.7828639,-22.6020617],[-52.7224292,-22.6267524],[-52.6971054,-22.6270066],[-52.6113574,-22.5744716],[-52.5849228,-22.5659332],[-52.5378105,-22.6159965],[-52.5701507,-22.6715805],[-52.5596025,-22.7434746],[-52.5624175,-22.7839107],[-52.5948266,-22.872748],[-52.637906,-22.8666467],[-52.6585861,-22.8588423],[-52.6581125,-22.8529907]]]}},{"type":"Feature","properties":{"level":"municipio","municipality_code":"4127403","municipality_name":"Terra Roxa","uf":"PR","state_code":"41","area_km2":800.807},"geometry":{"type":"Polygon","coordinates":[[[-53.9881517,-24.1281101],[-53.9758738,-24.1308985],[-53.9586069,-24.1203558],[-53.9672624,-24.3897862],[-54.1210298,-24.3899482],[-54.1340504,-24.3819436],[-54.1390801,-24.3851766],[-54.1325261,-24.3966808],[-54.1504436,-24.3900572],[-54.1433102,-24.3802027],[-54.1511379,-24.3712183],[-54.1624887,-24.3768817],[-54.1614373,-24.387193],[-54.1667121,-24.3849519],[-54.1744905,-24.3403483],[-54.1644823,-24.3399162],[-54.1480514,-24.3174338],[-54.1414389,-24.2946012],[-54.1789796,-24.2762079],[-54.1633873,-24.247379],[-54.1680067,-24.0610183],[-54.0984587,-24.0250303],[-54.055834,-24.0365497],[-54.0172401,-24.0153272],[-53.9951664,-23.9835273],[-53.9733094,-23.9818258],[-53.9637992,-24.0139578],[-53.9910461,-24.0677761],[-53.9881517,-24.1281101]]]}},{"type":"Feature","properties":{"level":"municipio","municipality_code":"4127502","municipality_name":"Tibagi","uf":"PR","state_code":"41","area_km2":2977.933},"geometry":{"type":"Polygon","coordinates":[[[-50.4693718,-24.797891],[-50.5098896,-24.8370374],[-50.5264228,-24.8336096],[-50.5496406,-24.8499615],[-50.5565873,-24.8646048],[-50.5722259,-24.8610398],[-50.5901411,-24.8779427],[-50.6172849,-24.8848725],[-50.6274167,-24.8802681],[-50.6360358,-24.860659],[-50.6608933,-24.8480565],[-50.6797877,-24.8558112],[-50.7140629,-24.8549891],[-50.732199,-24.8506059],[-50.7497209,-24.8314262],[-50.7783116,-24.8531401],[-50.8206167,-24.8459115],[-50.8402294,-24.8598713],[-50.8757014,-24.8332162],[-50.8766702,-24.8198523],[-50.8603107,-24.7902069],[-50.8343627,-24.7817128],[-50.8108117,-24.7470131],[-50.7862357,-24.7532066],[-50.7761676,-24.7448253],[-50.7690864,-24.7086543],[-50.7766278,-24.7053613],[-50.7735401,-24.6946099],[-50.7829298,-24.6829338],[-50.7778697,-24.6763944],[-50.771831,-24.6807001],[-50.7690972,-24.6486159],[-50.7562376,-24.6500627],[-50.7615732,-24.6326106],[-50.7481484,-24.6453654],[-50.7412236,-24.6294065],[-50.7497952,-24.6237433],[-50.7362903,-24.6264634],[-50.7436448,-24.6110109],[-50.7347674,-24.6125016],[-50.7465954,-24.6074583],[-50.7411558,-24.6008331],[-50.7520145,-24.5882189],[-50.7433732,-24.5789798],[-50.7335647,-24.5841652],[-50.7235064,-24.5627306],[-50.7143285,-24.5639414],[-50.711716,-24.5539104],[-50.7196973,-24.5550589],[-50.720952,-24.5482016],[-50.7104869,-24.5488],[-50.7063843,-24.5348351],[-50.7003662,-24.5403897],[-50.6889392,-24.5269975],[-50.6822294,-24.5140211],[-50.6899257,-24.5041031],[-50.68072,-24.5022068],[-50.6960344,-24.4908836],[-50.6916957,-24.4832135],[-50.6720257,-24.4900848],[-50.6660353,-24.4807824],[-50.6540626,-24.4827635],[-50.6689244,-24.4703743],[-50.6582533,-24.458651],[-50.665227,-24.4553049],[-50.6550633,-24.453103],[-50.6559494,-24.4274313],[-50.6247513,-24.4200113],[-50.6253901,-24.4123514],[-50.6167499,-24.4160364],[-50.6156986,-24.3977791],[-50.6033713,-24.3948162],[-50.6029846,-24.4041417],[-50.5827361,-24.4195144],[-50.5586142,-24.4190344],[-50.562082,-24.4089613],[-50.5495137,-24.4099688],[-50.5316059,-24.4359032],[-50.5146648,-24.4348615],[-50.5094299,-24.4468789],[-50.4769707,-24.4710147],[-50.4769685,-24.4640797],[-50.4654745,-24.4642987],[-50.4713695,-24.4608836],[-50.4683849,-24.4510218],[-50.465474,-24.4595162],[-50.4566818,-24.4552621],[-50.462396,-24.4465882],[-50.4466222,-24.4469051],[-50.4294345,-24.4198596],[-50.4115798,-24.4192333],[-50.410291,-24.4108256],[-50.3969153,-24.4101639],[-50.3912106,-24.4007757],[-50.3719643,-24.4024191],[-50.3592156,-24.3758469],[-50.311518,-24.3622399],[-50.2826572,-24.3846099],[-50.281221,-24.4033002],[-50.2733947,-24.3968738],[-50.2371668,-24.4238612],[-50.2097171,-24.424782],[-50.1801098,-24.4498583],[-50.1029147,-24.4905243],[-50.1054144,-24.5044185],[-50.0877998,-24.5251544],[-50.1045555,-24.520184],[-50.1040331,-24.5337353],[-50.1175807,-24.538959],[-50.1319986,-24.5333964],[-50.1416986,-24.5498733],[-50.1556427,-24.5510727],[-50.1518052,-24.5575484],[-50.1686464,-24.5527131],[-50.1850568,-24.5637805],[-50.1591252,-24.5916462],[-50.1792693,-24.6040465],[-50.1603874,-24.6193145],[-50.1569703,-24.6325347],[-50.1791009,-24.6360356],[-50.1737754,-24.6471057],[-50.1899993,-24.6533416],[-50.161745,-24.6824722],[-50.1621125,-24.6974656],[-50.2489165,-24.7673541],[-50.263195,-24.7674941],[-50.2763094,-24.7801459],[-50.3033856,-24.7813568],[-50.306465,-24.8042428],[-50.2954957,-24.8194975],[-50.3064421,-24.8417043],[-50.2979971,-24.8551549],[-50.3142435,-24.8522896],[-50.3161673,-24.8384459],[-50.3391633,-24.8459611],[-50.359478,-24.8373841],[-50.3390002,-24.8713723],[-50.3161698,-24.8607594],[-50.3395555,-24.8820442],[-50.3245835,-24.8905031],[-50.323484,-24.8998009],[-50.3385892,-24.8934497],[-50.3476138,-24.9084707],[-50.3618718,-24.913093],[-50.3650115,-24.926704],[-50.380717,-24.9244871],[-50.3780349,-24.9391829],[-50.3994835,-24.9388985],[-50.3866437,-24.9540776],[-50.4141691,-24.9633152],[-50.391458,-24.9853135],[-50.4136962,-24.990251],[-50.4199785,-25.0074569],[-50.4696212,-24.9840019],[-50.4745824,-24.9975232],[-50.4971951,-24.975369],[-50.5023968,-24.9532643],[-50.5271846,-24.937899],[-50.4693718,-24.797891]]]}},{"type":"Feature","properties":{"level":"municipio","municipality_code":"4127601","municipality_name":"Tijucas do Sul","uf":"PR","state_code":"41","area_km2":671.889},"geometry":{"type":"Polygon","coordinates":[[[-49.0430739,-26.0047251],[-49.0460164,-26.0179011],[-49.0546391,-26.0209527],[-49.0717076,-26.0003947],[-49.0981087,-26.0104567],[-49.1070501,-25.9988422],[-49.1125318,-26.0051209],[-49.1257939,-25.9961315],[-49.1402499,-26.0158726],[-49.1749596,-26.0000541],[-49.1786197,-26.007878],[-49.2096611,-26.0177393],[-49.2110625,-26.0254222],[-49.2334976,-26.0311731],[-49.2369255,-25.9787877],[-49.2470978,-25.9689308],[-49.2587084,-25.9768217],[-49.2931998,-25.9681737],[-49.3045271,-25.9563842],[-49.2999204,-25.9276507],[-49.261485,-25.9251879],[-49.2574303,-25.9130679],[-49.26643,-25.9063285],[-49.2554174,-25.9033898],[-49.2554478,-25.8921409],[-49.2083504,-25.8694702],[-49.2100328,-25.8548148],[-49.2176911,-25.8510865],[-49.2071467,-25.8436748],[-49.2023578,-25.8093527],[-49.1920125,-25.8033151],[-49.1656366,-25.8132748],[-49.1618751,-25.7797613],[-49.1537304,-25.7758398],[-49.1551195,-25.7647973],[-49.1406781,-25.7429426],[-49.1302191,-25.7546543],[-49.1173114,-25.745644],[-49.1051178,-25.7495694],[-49.08053,-25.7404757],[-49.0852422,-25.7467691],[-49.0783621,-25.7536537],[-49.0743363,-25.7952836],[-49.0362368,-25.790032],[-49.0329938,-25.7984217],[-49.0211658,-25.7973168],[-49.0052556,-25.7864538],[-48.9899715,-25.8091246],[-48.9951891,-25.8218614],[-48.9849494,-25.8279748],[-48.9625171,-25.8243726],[-48.9727106,-25.8541713],[-48.9709251,-25.8976027],[-48.9897945,-25.9062568],[-48.9843877,-25.9143954],[-48.9924525,-25.9216532],[-48.9792335,-25.938363],[-48.9829259,-25.9481015],[-48.9624711,-25.9504622],[-48.9659174,-25.9564554],[-48.9556261,-25.9705867],[-48.9683469,-25.986785],[-48.9800119,-25.9894998],[-48.9843499,-26.004573],[-49.007105,-26.0160958],[-49.0430739,-26.0047251]]]}},{"type":"Feature","properties":{"level":"municipio","municipality_code":"4127700","municipality_name":"Toledo","uf":"PR","state_code":"41","area_km2":1198.049},"geometry":{"type":"Polygon","coordinates":[[[-53.7179632,-24.5775874],[-53.5348894,-24.7524873],[-53.5430946,-24.7696171],[-53.559795,-24.776686],[-53.5441421,-24.8384552],[-53.5743752,-24.8031609],[-53.6085956,-24.8027885],[-53.6317144,-24.7868629],[-53.6570835,-24.785774],[-53.6688428,-24.793427],[-53.6845349,-24.7799203],[-53.7236358,-24.7936294],[-53.6987973,-24.8022778],[-53.6866457,-24.8213914],[-53.6925231,-24.8314946],[-53.6788193,-24.829886],[-53.6693378,-24.84837],[-53.6735622,-24.8601495],[-53.665623,-24.8571005],[-53.6457556,-24.8689656],[-53.6417962,-24.8594357],[-53.6249317,-24.870277],[-53.6356085,-24.8815779],[-53.6334254,-24.9384853],[-53.6930664,-24.9423268],[-53.7112833,-24.9349029],[-53.7231445,-24.9418955],[-53.7414693,-24.9349962],[-53.7438444,-24.9211566],[-53.7628246,-24.9202681],[-53.78744,-24.9010657],[-53.8068485,-24.9134156],[-53.8128556,-24.9079174],[-53.8162998,-24.9156023],[-53.8223014,-24.9061387],[-53.8305452,-24.9079466],[-53.8375724,-24.9002079],[-53.8308514,-24.893232],[-53.8433755,-24.8939778],[-53.8534489,-24.8807509],[-53.8460532,-24.8672382],[-53.783413,-24.8229693],[-53.8053011,-24.7731783],[-53.8365802,-24.7512765],[-53.8905317,-24.7329857],[-53.8969212,-24.7424938],[-53.8971302,-24.7299615],[-53.9243455,-24.7175365],[-53.94638,-24.7212474],[-53.9501077,-24.7124592],[-53.9561888,-24.7235229],[-53.9672661,-24.7179375],[-53.9609856,-24.7260502],[-53.9731025,-24.7304756],[-53.9691445,-24.7359493],[-53.9878696,-24.7230765],[-53.9926648,-24.7310312],[-54.0153204,-24.7263623],[-54.0137597,-24.7440904],[-54.0293543,-24.7407623],[-54.0353832,-24.7265259],[-54.0280013,-24.7085397],[-54.0301125,-24.6843561],[-54.0424651,-24.6679948],[-54.0319923,-24.6656899],[-54.0309464,-24.655252],[-54.0065778,-24.6668505],[-54.0088049,-24.6577033],[-53.9876016,-24.6644144],[-53.9609154,-24.6501909],[-53.9568896,-24.6228253],[-53.9177827,-24.5761552],[-53.9221627,-24.565463],[-53.9351482,-24.5623969],[-53.9360245,-24.5493256],[-53.9519324,-24.5436953],[-53.9460618,-24.5347592],[-53.9584399,-24.5367331],[-53.9572473,-24.5289244],[-53.9664825,-24.5285647],[-53.9495635,-24.5193766],[-53.957766,-24.5125801],[-53.9646304,-24.5206151],[-53.964089,-24.5124752],[-53.9528827,-24.5044236],[-53.9380247,-24.5140909],[-53.9008548,-24.5181653],[-53.8923537,-24.5275279],[-53.8660462,-24.520084],[-53.8541673,-24.5114737],[-53.8632293,-24.4768839],[-53.8816522,-24.4675012],[-53.8737564,-24.4564616],[-53.8478458,-24.4536932],[-53.826936,-24.4694482],[-53.8107482,-24.4859619],[-53.8079444,-24.5100831],[-53.7780936,-24.5223167],[-53.7695163,-24.5503719],[-53.7443526,-24.5578877],[-53.7315248,-24.5771861],[-53.7179632,-24.5775874]]]}},{"type":"Feature","properties":{"level":"municipio","municipality_code":"4127809","municipality_name":"Tomazina","uf":"PR","state_code":"41","area_km2":591.438},"geometry":{"type":"Polygon","coordinates":[[[-49.9844741,-23.5901033],[-49.9031835,-23.5985196],[-49.9095335,-23.6193545],[-49.8882627,-23.620753],[-49.8879318,-23.6311176],[-49.8765754,-23.6316865],[-49.8589311,-23.6592957],[-49.8706971,-23.6710971],[-49.8659899,-23.6879858],[-49.8504384,-23.6925773],[-49.8502056,-23.7067448],[-49.8605463,-23.7173861],[-49.8256272,-23.7656411],[-49.8814847,-23.8331549],[-49.9598472,-23.8529729],[-49.9494724,-23.8622824],[-49.9506163,-23.8533015],[-49.9432532,-23.8550803],[-49.9349095,-23.8647512],[-49.9534311,-23.8669002],[-49.9541939,-23.8754003],[-49.9653738,-23.8698946],[-49.9558715,-23.8938293],[-49.9737404,-23.9043024],[-50.0593376,-23.8911497],[-50.0199872,-23.7380962],[-50.0066527,-23.7246898],[-50.0179126,-23.7034636],[-49.9982994,-23.7023845],[-50.014524,-23.6920926],[-50.0315471,-23.7071719],[-50.0408319,-23.6851861],[-50.0335771,-23.6841445],[-50.0306642,-23.6759733],[-50.0386307,-23.6752583],[-50.0353558,-23.6593257],[-50.0263281,-23.6634497],[-50.0288563,-23.656605],[-50.0482399,-23.6534603],[-50.0398103,-23.6509172],[-50.0627062,-23.6425884],[-50.0697577,-23.6311146],[-50.0844731,-23.6345096],[-50.0660203,-23.6084358],[-50.0832143,-23.6071786],[-50.087718,-23.6007923],[-50.081031,-23.5943146],[-50.0895701,-23.584889],[-50.0687565,-23.5677877],[-50.0931847,-23.5651057],[-50.0848352,-23.5481295],[-50.0909457,-23.5442983],[-50.0827779,-23.5370897],[-50.0807264,-23.5448845],[-50.0670789,-23.541519],[-50.0580329,-23.5518646],[-50.0384217,-23.5486872],[-50.0266641,-23.5654863],[-49.9844741,-23.5901033]]]}},{"type":"Feature","properties":{"level":"municipio","municipality_code":"4127858","municipality_name":"Três Barras do Paraná","uf":"PR","state_code":"41","area_km2":505.505},"geometry":{"type":"Polygon","coordinates":[[[-53.1820998,-25.3322114],[-53.1273977,-25.3271362],[-53.107976,-25.3486137],[-53.0811768,-25.3553685],[-53.0942078,-25.3677043],[-53.08078,-25.3715755],[-53.0833972,-25.3864545],[-53.1019588,-25.3808824],[-53.103506,-25.3960795],[-53.1158118,-25.4051703],[-53.1091882,-25.4163121],[-53.1175243,-25.4240185],[-53.1222343,-25.4154807],[-53.1282929,-25.4202727],[-53.1120955,-25.4281198],[-53.1212899,-25.4424989],[-53.1093271,-25.4455535],[-53.098861,-25.4377876],[-53.1120138,-25.450518],[-53.1137272,-25.4655597],[-53.1232136,-25.4636444],[-53.1108705,-25.4779679],[-53.1289333,-25.46626],[-53.134277,-25.4725342],[-53.127975,-25.4885545],[-53.1525724,-25.4968476],[-53.1258437,-25.5055842],[-53.1299019,-25.511692],[-53.1588479,-25.5089446],[-53.1949349,-25.5195887],[-53.2014062,-25.5308736],[-53.1937613,-25.5567362],[-53.1980102,-25.5687554],[-53.2430708,-25.5753444],[-53.2563154,-25.590126],[-53.2664862,-25.5906531],[-53.2743779,-25.5465618],[-53.3276783,-25.5473397],[-53.3038474,-25.4918757],[-53.3214847,-25.4775051],[-53.3578797,-25.4778593],[-53.3485726,-25.4610272],[-53.3536523,-25.465005],[-53.3682945,-25.4564195],[-53.3534847,-25.4533853],[-53.3620407,-25.4450361],[-53.3527121,-25.4416817],[-53.3499805,-25.434007],[-53.3555985,-25.4393854],[-53.3717375,-25.4271692],[-53.3542389,-25.4294132],[-53.3510416,-25.4211307],[-53.3426025,-25.4214804],[-53.3639261,-25.4135225],[-53.3532916,-25.4042401],[-53.3575987,-25.3941762],[-53.3341245,-25.3923216],[-53.3326726,-25.3639398],[-53.3253256,-25.3717523],[-53.3120438,-25.3670529],[-53.2689788,-25.3744154],[-53.2715139,-25.3582664],[-53.2546529,-25.3631782],[-53.2484229,-25.3392966],[-53.2392453,-25.3454986],[-53.2321517,-25.3412184],[-53.2428176,-25.3395956],[-53.2411946,-25.3306464],[-53.2296169,-25.3270497],[-53.2397339,-25.3180188],[-53.2383429,-25.3090573],[-53.2239125,-25.3186576],[-53.2145701,-25.3028784],[-53.2096813,-25.3168047],[-53.1820998,-25.3322114]]]}},{"type":"Feature","properties":{"level":"municipio","municipality_code":"4127882","municipality_name":"Tunas do Paraná","uf":"PR","state_code":"41","area_km2":668.478},"geometry":{"type":"Polygon","coordinates":[[[-48.7805768,-25.0009489],[-48.8274187,-25.0190112],[-48.8215377,-25.0299842],[-48.8435488,-25.0403796],[-48.8464347,-25.0334375],[-48.8786142,-25.0285535],[-48.9264232,-25.0334851],[-48.9343096,-25.0476531],[-48.9646385,-25.0460816],[-48.9724325,-25.0383511],[-48.9963919,-25.0506365],[-49.0122578,-25.0370392],[-49.054044,-25.0509187],[-49.0592515,-25.0356538],[-49.0912895,-25.0392659],[-49.1000171,-25.0177745],[-49.0942191,-25.0068062],[-49.1159358,-24.9845278],[-49.1035215,-24.9699343],[-49.1077553,-24.93946],[-49.1243291,-24.9243955],[-49.1233341,-24.8974591],[-49.1159549,-24.8892397],[-48.9948949,-24.9239418],[-48.9917783,-24.9168224],[-48.9669161,-24.9117111],[-48.8515579,-24.8273497],[-48.8319756,-24.8582021],[-48.8380139,-24.8684712],[-48.7307662,-24.8683362],[-48.7187419,-24.8775448],[-48.7127629,-24.9159293],[-48.7040622,-24.9225373],[-48.701446,-24.91467],[-48.6702255,-24.9211931],[-48.6724151,-24.9300187],[-48.6551045,-24.9347248],[-48.6503149,-24.9439895],[-48.6846883,-24.9681117],[-48.7187059,-24.9702763],[-48.7260426,-24.9816217],[-48.7505424,-24.9906626],[-48.757002,-25.0038127],[-48.7805768,-25.0009489]]]}},{"type":"Feature","properties":{"level":"municipio","municipality_code":"4127908","municipality_name":"Tuneiras do Oeste","uf":"PR","state_code":"41","area_km2":698.871},"geometry":{"type":"Polygon","coordinates":[[[-52.9099297,-23.983278],[-52.9146413,-23.9890683],[-52.9347796,-23.9840258],[-52.9346039,-23.9697843],[-52.9637725,-23.9649041],[-53.0271829,-23.8623197],[-53.0222225,-23.8511424],[-53.0123992,-23.8390446],[-52.996221,-23.8377123],[-52.9883678,-23.8132233],[-52.9607348,-23.7858186],[-52.8790074,-23.8077422],[-52.8777852,-23.7932781],[-52.8371694,-23.7795678],[-52.8088876,-23.7559771],[-52.7997298,-23.7289317],[-52.7705867,-23.6985262],[-52.7417668,-23.6891724],[-52.7337175,-23.7955507],[-52.724126,-23.8239215],[-52.7425614,-23.8553609],[-52.6954157,-23.9511674],[-52.7355269,-23.9900789],[-52.7574719,-24.0297469],[-52.768119,-24.0298852],[-52.7821439,-24.0115438],[-52.7950556,-24.0223919],[-52.7969463,-24.0093524],[-52.8081045,-24.0129304],[-52.8153156,-24.0031203],[-52.8235812,-24.0088558],[-52.8246653,-23.9990153],[-52.8337939,-24.002695],[-52.8350694,-23.9946441],[-52.8515954,-24.005757],[-52.8560254,-23.992499],[-52.8608822,-23.9973016],[-52.8679971,-23.9888215],[-52.8854166,-23.9872636],[-52.9023098,-23.9924472],[-52.9099297,-23.983278]]]}},{"type":"Feature","properties":{"level":"municipio","municipality_code":"4127957","municipality_name":"Tupãssi","uf":"PR","state_code":"41","area_km2":299.769},"geometry":{"type":"Polygon","coordinates":[[[-53.5507045,-24.5309117],[-53.4284299,-24.5769188],[-53.4294532,-24.6101391],[-53.4392321,-24.6184082],[-53.4274524,-24.6288187],[-53.4265702,-24.6602414],[-53.4158693,-24.6625753],[-53.4257279,-24.6731124],[-53.4352119,-24.669114],[-53.4463669,-24.6823358],[-53.4410655,-24.7061426],[-53.4481814,-24.7078201],[-53.4470965,-24.727469],[-53.4569824,-24.7437015],[-53.5282083,-24.743316],[-53.5319265,-24.749833],[-53.6001228,-24.6778677],[-53.594872,-24.6366853],[-53.560721,-24.6126433],[-53.5746583,-24.6005608],[-53.5721825,-24.5878517],[-53.5585922,-24.5835694],[-53.5645933,-24.5780338],[-53.557428,-24.5695801],[-53.5664315,-24.5605603],[-53.5592051,-24.5381765],[-53.5469873,-24.5355647],[-53.5507045,-24.5309117]]]}},{"type":"Feature","properties":{"level":"municipio","municipality_code":"4127965","municipality_name":"Turvo","uf":"PR","state_code":"41","area_km2":939.182},"geometry":{"type":"Polygon","coordinates":[[[-51.3109825,-25.0519169],[-51.2981318,-25.0556884],[-51.3040311,-25.0731535],[-51.2943562,-25.107713],[-51.3908868,-25.113797],[-51.3907078,-25.1228296],[-51.4023525,-25.1181173],[-51.3960413,-25.1281187],[-51.4029043,-25.1333361],[-51.3990745,-25.1444843],[-51.4127643,-25.1341327],[-51.4221566,-25.1517073],[-51.444951,-25.139702],[-51.5196021,-25.1670674],[-51.5429648,-25.1637198],[-51.5590399,-25.1769863],[-51.6212987,-25.1590517],[-51.6062714,-25.1248942],[-51.6509603,-25.092692],[-51.6678555,-25.0963338],[-51.6804939,-25.0812655],[-51.6931058,-25.0875342],[-51.7029373,-25.0712635],[-51.7319407,-25.0799299],[-51.7448789,-25.0641917],[-51.7649926,-25.0652084],[-51.7682965,-25.054647],[-51.7754121,-25.0601856],[-51.7749977,-25.0398848],[-51.7845194,-25.039288],[-51.7728735,-25.0236648],[-51.7639499,-25.0383349],[-51.6965395,-25.045503],[-51.6885595,-25.0532279],[-51.678546,-25.0281923],[-51.6501762,-25.0038509],[-51.6170156,-24.9987107],[-51.6191877,-24.9821343],[-51.5991046,-24.987422],[-51.5875166,-24.9812015],[-51.5887094,-24.9718015],[-51.5769396,-24.980668],[-51.5687632,-24.9636983],[-51.5396757,-24.9532732],[-51.5378484,-24.9429713],[-51.5305493,-24.9524312],[-51.5190985,-24.9435447],[-51.5061222,-24.9540815],[-51.5159886,-24.9160099],[-51.5035446,-24.909947],[-51.4919003,-24.9159408],[-51.4788756,-24.8996335],[-51.4844628,-24.893729],[-51.4710988,-24.8979691],[-51.4718445,-24.8851265],[-51.4477657,-24.8841107],[-51.458013,-24.8757228],[-51.4453244,-24.8689737],[-51.4454341,-24.8583939],[-51.4699035,-24.846828],[-51.4537901,-24.833914],[-51.4493252,-24.8409363],[-51.453903,-24.8269474],[-51.4469044,-24.8258213],[-51.4484906,-24.8192967],[-51.4304862,-24.823643],[-51.4447961,-24.7993044],[-51.4233459,-24.7837613],[-51.4299079,-24.7725418],[-51.421657,-24.7572786],[-51.394854,-24.7642772],[-51.383628,-24.7547957],[-51.3758478,-24.7731468],[-51.3606001,-24.7590662],[-51.3328498,-24.7596225],[-51.3161827,-24.7819614],[-51.3263471,-24.793168],[-51.3287663,-24.7873121],[-51.3372894,-24.7943914],[-51.3525957,-24.7890595],[-51.3484557,-24.7985787],[-51.364178,-24.8068286],[-51.3621484,-24.8204531],[-51.3727312,-24.8271176],[-51.3680066,-24.8343781],[-51.3771509,-24.8338711],[-51.3818962,-24.844356],[-51.364596,-24.8636477],[-51.3790941,-24.8777984],[-51.3933763,-24.8773527],[-51.4027933,-24.8969771],[-51.3996023,-24.9095076],[-51.4106004,-24.9180528],[-51.3827468,-24.9185886],[-51.3624065,-24.930586],[-51.3328267,-24.9296897],[-51.339446,-24.9425144],[-51.3274486,-24.948651],[-51.3260978,-24.9650443],[-51.33592,-24.9760582],[-51.324195,-24.9858201],[-51.3356169,-24.9955368],[-51.3265947,-25.0034751],[-51.3294395,-25.0166492],[-51.3156816,-25.0290305],[-51.3109825,-25.0519169]]]}},{"type":"Feature","properties":{"level":"municipio","municipality_code":"4128005","municipality_name":"Ubiratã","uf":"PR","state_code":"41","area_km2":652.581},"geometry":{"type":"Polygon","coordinates":[[[-52.9751624,-24.4126383],[-52.8852577,-24.4231723],[-52.8730222,-24.511193],[-52.8813862,-24.5066009],[-52.8783007,-24.5149397],[-52.8880022,-24.5197036],[-52.8816222,-24.5282023],[-52.8957104,-24.5360476],[-52.9050683,-24.5293771],[-52.912337,-24.5395336],[-52.8964611,-24.5455701],[-52.9205049,-24.5630949],[-52.9021423,-24.5713112],[-52.9238499,-24.5717098],[-52.9234559,-24.5858133],[-52.9353186,-24.5781164],[-52.9404567,-24.5847622],[-52.9147311,-24.5999816],[-52.9345219,-24.5998098],[-52.9410682,-24.5907089],[-52.9386393,-24.6021795],[-52.9448577,-24.6055533],[-52.9378012,-24.6152545],[-52.9516173,-24.6159508],[-52.9445663,-24.6316878],[-52.9543325,-24.6343016],[-52.9517749,-24.6428729],[-52.9714235,-24.6442435],[-52.9545391,-24.6587209],[-52.9756144,-24.6511787],[-52.9660387,-24.6664733],[-52.9814927,-24.6603539],[-52.9772029,-24.6693553],[-52.9961995,-24.6739798],[-53.0305023,-24.6625241],[-53.0190918,-24.6424073],[-53.023338,-24.6360907],[-53.0358448,-24.6370922],[-53.0459524,-24.6511053],[-53.068365,-24.6473173],[-53.0451045,-24.6276394],[-53.0424982,-24.6108965],[-53.0787909,-24.6069525],[-53.0923331,-24.6135686],[-53.0963586,-24.5719909],[-53.1225366,-24.5636211],[-53.1363972,-24.5373846],[-53.1596503,-24.5341686],[-53.1657551,-24.5230166],[-53.1825115,-24.5167512],[-53.1634543,-24.4904383],[-53.1611986,-24.4525375],[-53.1688952,-24.437105],[-53.1519572,-24.417294],[-53.1593175,-24.3946895],[-53.1460336,-24.3885044],[-53.1468392,-24.3955179],[-53.1318968,-24.3923556],[-53.120836,-24.4074408],[-53.1180158,-24.3957248],[-53.0913491,-24.399663],[-53.0856982,-24.3893765],[-53.0761675,-24.4029402],[-53.071326,-24.3983255],[-53.063008,-24.4059683],[-53.0585138,-24.3903267],[-53.0436483,-24.3974799],[-53.0460142,-24.3854125],[-53.0371533,-24.3781111],[-53.0074719,-24.368979],[-52.9750088,-24.3468366],[-52.9751624,-24.4126383]]]}},{"type":"Feature","properties":{"level":"municipio","municipality_code":"4128104","municipality_name":"Umuarama","uf":"PR","state_code":"41","area_km2":1234.537},"geometry":{"type":"Polygon","coordinates":[[[-53.3558624,-23.8372079],[-53.4185793,-23.8231263],[-53.4214069,-23.833295],[-53.4631006,-23.8594509],[-53.5359992,-23.8195978],[-53.4965273,-23.7706703],[-53.4572596,-23.7472],[-53.4608631,-23.7146036],[-53.4777033,-23.7050872],[-53.4897892,-23.6742003],[-53.5390643,-23.6819227],[-53.5481444,-23.674024],[-53.5810666,-23.6747494],[-53.592748,-23.662829],[-53.6341612,-23.6513707],[-53.6569526,-23.6545125],[-53.6511501,-23.618919],[-53.6553358,-23.5925266],[-53.6637228,-23.5850157],[-53.6541867,-23.4725832],[-53.6639564,-23.4555854],[-53.6007041,-23.4942734],[-53.5795672,-23.5190559],[-53.5323766,-23.5359121],[-53.5117694,-23.5188084],[-53.503383,-23.4868643],[-53.4657367,-23.4809928],[-53.4547265,-23.4722833],[-53.4427747,-23.5161137],[-53.4138518,-23.517072],[-53.4090747,-23.5647933],[-53.3657817,-23.5467935],[-53.3617155,-23.5069398],[-53.3835117,-23.4575591],[-53.3626666,-23.448803],[-53.3622196,-23.4725915],[-53.3521661,-23.47454],[-53.3423985,-23.5022719],[-53.3513737,-23.5106567],[-53.3225631,-23.5458847],[-53.3106065,-23.6013867],[-53.3435244,-23.6368813],[-53.3364087,-23.6527099],[-53.2073112,-23.6943902],[-53.1758247,-23.711517],[-53.1853298,-23.7272984],[-53.1664055,-23.7634974],[-53.1726327,-23.7817782],[-53.1863266,-23.777727],[-53.1932034,-23.784593],[-53.2096006,-23.8228938],[-53.2223896,-23.8338298],[-53.2236919,-23.8523335],[-53.2083619,-23.8792996],[-53.2065438,-23.9191598],[-53.2155487,-23.9220571],[-53.2244372,-23.9650285],[-53.2375565,-23.9642681],[-53.2342067,-23.938708],[-53.3150164,-23.8285108],[-53.3558624,-23.8372079]]]}},{"type":"Feature","properties":{"level":"municipio","municipality_code":"4128302","municipality_name":"Uniflor","uf":"PR","state_code":"41","area_km2":94.819},"geometry":{"type":"Polygon","coordinates":[[[-52.1442005,-23.0531739],[-52.0520577,-23.019321],[-52.0383786,-23.0203978],[-52.0359319,-23.0371452],[-52.017435,-23.0324521],[-52.0187394,-23.0439965],[-52.0339039,-23.0533687],[-52.0279037,-23.0617126],[-52.0785839,-23.0886786],[-52.1330495,-23.1070206],[-52.1536243,-23.1039959],[-52.1907027,-23.1147325],[-52.182387,-23.0425399],[-52.1628933,-23.0663858],[-52.1442005,-23.0531739]]]}},{"type":"Feature","properties":{"level":"municipio","municipality_code":"4128203","municipality_name":"União da Vitória","uf":"PR","state_code":"41","area_km2":719.998},"geometry":{"type":"Polygon","coordinates":[[[-51.0660416,-26.0049628],[-51.0395178,-26.0005086],[-51.0271527,-25.9773557],[-51.0283799,-25.9627146],[-51.0004842,-25.9540592],[-50.9844625,-25.9593652],[-50.9679804,-25.9488025],[-50.9415703,-25.9536498],[-50.9315069,-25.9409639],[-50.9262646,-25.9558962],[-50.9528446,-25.9765864],[-50.9364234,-25.9926912],[-50.9420701,-26.0045993],[-50.9311511,-26.0264259],[-50.9048458,-26.0391689],[-50.8974539,-26.0571908],[-50.9787303,-26.1562722],[-50.9933755,-26.1874483],[-50.9915062,-26.2350213],[-51.0045455,-26.2306674],[-51.0568457,-26.2439017],[-51.0811663,-26.2278906],[-51.1043131,-26.2761212],[-51.1350506,-26.2791407],[-51.1366092,-26.2861682],[-51.1540791,-26.2795185],[-51.1779138,-26.2979254],[-51.2024889,-26.2985566],[-51.1776031,-26.2742779],[-51.1579273,-26.2394799],[-51.12386,-26.211911],[-51.12948,-26.191718],[-51.1486821,-26.1828791],[-51.1697381,-26.1876777],[-51.177709,-26.1703818],[-51.1931268,-26.1612379],[-51.2184288,-26.1539356],[-51.2375147,-26.160003],[-51.2514865,-26.1328116],[-51.2635217,-26.1305329],[-51.2774921,-26.1418141],[-51.2846295,-26.1290386],[-51.2664028,-26.1193399],[-51.2616271,-26.1011296],[-51.2427967,-26.0952592],[-51.244737,-26.0765055],[-51.2374318,-26.0682212],[-51.2296529,-26.0709315],[-51.2234892,-26.0426566],[-51.199266,-26.0501951],[-51.1850183,-26.0294983],[-51.1732613,-26.0326693],[-51.1710133,-26.0239469],[-51.1804883,-26.0183865],[-51.1616011,-26.0101704],[-51.1601821,-26.0281867],[-51.1554569,-26.0213338],[-51.1500169,-26.0310488],[-51.1287053,-26.0353533],[-51.1174815,-26.0190047],[-51.1030691,-26.0146745],[-51.1026261,-26.0038689],[-51.088242,-26.0021291],[-51.0847624,-26.0115389],[-51.0716811,-26.0144026],[-51.0660416,-26.0049628]]]}},{"type":"Feature","properties":{"level":"municipio","municipality_code":"4128401","municipality_name":"Uraí","uf":"PR","state_code":"41","area_km2":237.81},"geometry":{"type":"Polygon","coordinates":[[[-50.8249275,-23.2845781],[-50.9002939,-23.2825294],[-50.9032819,-23.1473313],[-50.8713922,-23.1467879],[-50.8551235,-23.1115121],[-50.8468239,-23.1211588],[-50.844911,-23.1098048],[-50.8403144,-23.121293],[-50.8220166,-23.1171952],[-50.8165523,-23.1383633],[-50.7998873,-23.138849],[-50.80591,-23.151045],[-50.7907817,-23.1512413],[-50.7893053,-23.1590468],[-50.8135334,-23.1680746],[-50.8059413,-23.174455],[-50.7832563,-23.1718227],[-50.7825196,-23.1901142],[-50.7623084,-23.1874309],[-50.7624158,-23.1979337],[-50.7560513,-23.1984964],[-50.7705589,-23.2200646],[-50.7473073,-23.2189086],[-50.7357933,-23.228],[-50.7283893,-23.2502648],[-50.7440372,-23.2533711],[-50.7518364,-23.2700173],[-50.7632406,-23.2728638],[-50.7533945,-23.2780814],[-50.7619998,-23.2890689],[-50.7793864,-23.2879877],[-50.8020447,-23.3051715],[-50.8249275,-23.2845781]]]}},{"type":"Feature","properties":{"level":"municipio","municipality_code":"4128534","municipality_name":"Ventania","uf":"PR","state_code":"41","area_km2":819.334},"geometry":{"type":"Polygon","coordinates":[[[-50.1980806,-24.430747],[-50.2371668,-24.4238612],[-50.2733947,-24.3968738],[-50.281221,-24.4033002],[-50.2826572,-24.3846099],[-50.311518,-24.3622399],[-50.3590764,-24.3761275],[-50.3643995,-24.3655286],[-50.3514721,-24.3513436],[-50.3216601,-24.3454765],[-50.2688338,-24.2936588],[-50.3001639,-24.2656759],[-50.3567423,-24.2618168],[-50.3331628,-24.2164871],[-50.3599456,-24.1687545],[-50.3286698,-24.1185184],[-50.3443951,-24.0667585],[-50.3443535,-24.0412063],[-50.336318,-24.0249927],[-50.3100355,-24.0220232],[-50.3018217,-23.9978249],[-50.2893058,-23.991623],[-50.287941,-23.9857468],[-50.2970525,-23.9847865],[-50.2958942,-23.9626856],[-50.2698539,-23.9542555],[-50.2673747,-23.9644355],[-50.2605878,-23.9587268],[-50.2471903,-23.9627866],[-50.2569864,-23.9703317],[-50.2525627,-23.9778197],[-50.2378854,-23.9647581],[-50.2225791,-23.9887291],[-50.2273536,-23.9935877],[-50.2143011,-23.9971793],[-50.1931359,-24.0278535],[-50.1847447,-24.0241697],[-50.1675024,-24.0338902],[-50.1681093,-24.0273938],[-50.1543005,-24.0245746],[-50.1518154,-24.0379987],[-50.1368453,-24.0384627],[-50.1334451,-24.0569403],[-50.1121554,-24.067856],[-50.1111375,-24.0863814],[-50.0981052,-24.0895503],[-50.0945391,-24.1002651],[-50.095235,-24.1179432],[-50.1077195,-24.1337375],[-50.1153975,-24.127379],[-50.1202918,-24.1429417],[-50.1467286,-24.1451112],[-50.1488511,-24.1595262],[-50.1631967,-24.162112],[-50.1683114,-24.1721982],[-50.1855069,-24.172799],[-50.1833861,-24.1799148],[-50.1942212,-24.1863326],[-50.2011616,-24.2103524],[-50.1963795,-24.2242645],[-50.2060238,-24.232512],[-50.2059705,-24.2442935],[-50.1847903,-24.2844211],[-50.1473018,-24.3071887],[-50.1440945,-24.3299035],[-50.1520249,-24.3595601],[-50.1386904,-24.3837028],[-50.1411178,-24.4004533],[-50.1537054,-24.4116789],[-50.1620532,-24.408164],[-50.1707525,-24.4227507],[-50.1980806,-24.430747]]]}},{"type":"Feature","properties":{"level":"municipio","municipality_code":"4128559","municipality_name":"Vera Cruz do Oeste","uf":"PR","state_code":"41","area_km2":326.947},"geometry":{"type":"Polygon","coordinates":[[[-53.8164281,-24.9680117],[-53.8137234,-25.0966706],[-53.9543486,-25.1026893],[-54.0341911,-24.9315576],[-54.0446016,-24.8906852],[-54.0301319,-24.8904252],[-54.0187424,-24.9113909],[-54.0198211,-24.9029942],[-54.011239,-24.8984804],[-53.9996586,-24.9084581],[-53.9906306,-24.9015743],[-53.9802981,-24.907499],[-53.9651249,-24.8961594],[-53.9632429,-24.9080564],[-53.9522471,-24.9042148],[-53.9592713,-24.9149073],[-53.946463,-24.9124117],[-53.9436296,-24.9197121],[-53.9294065,-24.9154198],[-53.9353581,-24.9091934],[-53.924239,-24.8977313],[-53.924521,-24.9061542],[-53.9097116,-24.9093968],[-53.9153773,-24.9170474],[-53.9010159,-24.9153043],[-53.9071876,-24.9211419],[-53.8980747,-24.9275094],[-53.9099338,-24.9292702],[-53.9062928,-24.9392777],[-53.921488,-24.9454424],[-53.9098506,-24.9619128],[-53.9122418,-24.9707973],[-53.8893297,-24.9765154],[-53.8964599,-24.9868751],[-53.8837612,-24.9865335],[-53.878793,-24.9965582],[-53.8726306,-24.9861516],[-53.8551315,-24.9855948],[-53.8520469,-24.9717165],[-53.8164281,-24.9680117]]]}},{"type":"Feature","properties":{"level":"municipio","municipality_code":"4128609","municipality_name":"Verê","uf":"PR","state_code":"41","area_km2":311.801},"geometry":{"type":"Polygon","coordinates":[[[-52.9017752,-25.8138531],[-52.8906996,-25.834263],[-52.8515511,-25.8335302],[-52.8725392,-25.8697688],[-52.8527031,-25.8792163],[-52.8613706,-25.8805499],[-52.8659048,-25.8927777],[-52.8467336,-25.8950814],[-52.842759,-25.9115127],[-52.8563205,-25.9138856],[-52.8473971,-25.9375955],[-52.8608719,-25.9232355],[-52.8755386,-25.9280883],[-52.8576049,-25.9444398],[-52.8611745,-25.9499101],[-52.877337,-25.9342412],[-52.8846752,-25.9373475],[-52.8823717,-25.9508243],[-52.8996204,-25.9384022],[-52.937201,-25.9491747],[-52.9465951,-25.9421223],[-52.9933092,-25.9491017],[-53.0276829,-25.9374345],[-53.0476029,-25.9471782],[-53.0955464,-25.9505587],[-53.0710973,-25.9120424],[-53.0804562,-25.877708],[-53.0447121,-25.863964],[-53.0450729,-25.8563162],[-53.0301715,-25.8615218],[-53.030067,-25.852686],[-53.0076537,-25.8451561],[-53.0134125,-25.8416709],[-53.0044873,-25.8381423],[-53.0164123,-25.8289759],[-53.0024875,-25.8183725],[-52.9871978,-25.8218598],[-52.9900771,-25.8123407],[-52.9819736,-25.8083301],[-52.9952931,-25.7923264],[-52.9754395,-25.7924677],[-52.979894,-25.7818163],[-52.9621115,-25.7840625],[-52.9638708,-25.7548456],[-52.938015,-25.7540465],[-52.924064,-25.744849],[-52.9230927,-25.765468],[-52.9439557,-25.7840321],[-52.917418,-25.7935187],[-52.9094439,-25.8054089],[-52.8912518,-25.792522],[-52.8653826,-25.8092875],[-52.8681111,-25.8145291],[-52.8953821,-25.8048686],[-52.9017752,-25.8138531]]]}},{"type":"Feature","properties":{"level":"municipio","municipality_code":"4128658","municipality_name":"Virmond","uf":"PR","state_code":"41","area_km2":249.065},"geometry":{"type":"Polygon","coordinates":[[[-52.1779372,-25.3720368],[-52.1635359,-25.400586],[-52.171185,-25.4067256],[-52.1779709,-25.3989192],[-52.1825774,-25.4080905],[-52.1733115,-25.4157364],[-52.1815672,-25.4228215],[-52.1762434,-25.4295128],[-52.1849933,-25.4286294],[-52.1836579,-25.4363366],[-52.1918712,-25.4359343],[-52.1875136,-25.4429726],[-52.1939864,-25.4406348],[-52.1961602,-25.45155],[-52.2054188,-25.4550862],[-52.1973739,-25.4616547],[-52.1981273,-25.4547379],[-52.1898724,-25.4561056],[-52.1952483,-25.4693505],[-52.1888356,-25.4898111],[-52.2029688,-25.4879274],[-52.2004977,-25.4821497],[-52.2189608,-25.4858248],[-52.2121626,-25.4964402],[-52.2275243,-25.4947252],[-52.2307253,-25.5159615],[-52.2408933,-25.5186648],[-52.2351359,-25.5326651],[-52.2252209,-25.5310293],[-52.2258903,-25.5403052],[-52.2356148,-25.5448814],[-52.2339468,-25.5514119],[-52.2432999,-25.5399103],[-52.2524415,-25.5484211],[-52.2499208,-25.557463],[-52.2383556,-25.5609232],[-52.247525,-25.5675396],[-52.2593043,-25.5630687],[-52.2597468,-25.5758269],[-52.2772246,-25.5773431],[-52.282466,-25.5615211],[-52.2708864,-25.554244],[-52.2810332,-25.5460891],[-52.2696912,-25.5341411],[-52.2748312,-25.526856],[-52.2556618,-25.5176753],[-52.2601998,-25.5073685],[-52.2699401,-25.508397],[-52.2660852,-25.4957184],[-52.2724737,-25.4878939],[-52.281052,-25.4931683],[-52.299132,-25.4855531],[-52.269804,-25.48401],[-52.2826959,-25.4741526],[-52.26486,-25.4729872],[-52.2812237,-25.4657797],[-52.2685833,-25.4561196],[-52.2854406,-25.4502431],[-52.2816934,-25.4592507],[-52.2900592,-25.4582645],[-52.2885935,-25.4491969],[-52.3036383,-25.4375025],[-52.2779464,-25.4423475],[-52.2859718,-25.4337978],[-52.2775783,-25.430478],[-52.2796411,-25.4175323],[-52.269968,-25.4162709],[-52.2904136,-25.4036512],[-52.2816326,-25.3955523],[-52.2994473,-25.3944499],[-52.2816641,-25.3820973],[-52.2902518,-25.3763395],[-52.2859734,-25.3633397],[-52.2917256,-25.3605719],[-52.2966414,-25.3692572],[-52.3077812,-25.3512815],[-52.2870884,-25.3526848],[-52.2862192,-25.3366734],[-52.2741916,-25.3393757],[-52.2768291,-25.3313829],[-52.2638111,-25.3288838],[-52.270245,-25.3221009],[-52.2561908,-25.3101937],[-52.2625252,-25.2895925],[-52.2459754,-25.271332],[-52.2586495,-25.2561854],[-52.2187689,-25.2555165],[-52.2205856,-25.2924951],[-52.2144932,-25.3078818],[-52.1952825,-25.3141048],[-52.2051742,-25.3304575],[-52.1779958,-25.3526222],[-52.1859536,-25.3565755],[-52.1745662,-25.3593649],[-52.1779372,-25.3720368]]]}},{"type":"Feature","properties":{"level":"municipio","municipality_code":"4128708","municipality_name":"Vitorino","uf":"PR","state_code":"41","area_km2":308.218},"geometry":{"type":"Polygon","coordinates":[[[-52.7507437,-26.2598743],[-52.7300426,-26.2748439],[-52.688295,-26.267507],[-52.6608978,-26.3014261],[-52.6741429,-26.3106628],[-52.6849598,-26.3016658],[-52.7005852,-26.3579947],[-52.7188906,-26.357301],[-52.7377632,-26.3421849],[-52.7634936,-26.3536707],[-52.8469285,-26.3444065],[-52.8740634,-26.3610408],[-52.9061745,-26.3605879],[-52.8979438,-26.3057006],[-52.9096541,-26.2794609],[-52.9229778,-26.2736907],[-52.918128,-26.2639669],[-52.9278458,-26.259604],[-52.9240457,-26.2491843],[-52.9328587,-26.2553825],[-52.9426483,-26.2409517],[-52.9339996,-26.2332526],[-52.8978334,-26.2600664],[-52.8788174,-26.2418776],[-52.8643873,-26.2115634],[-52.8535675,-26.2111148],[-52.8489971,-26.2022032],[-52.8583996,-26.1932794],[-52.8423296,-26.1906268],[-52.8490336,-26.1818001],[-52.8309869,-26.1839316],[-52.849488,-26.1705668],[-52.8327029,-26.1651314],[-52.8291087,-26.1764654],[-52.8255035,-26.174363],[-52.8281149,-26.1610022],[-52.8214781,-26.1576432],[-52.8296829,-26.1562246],[-52.8392328,-26.1512695],[-52.8217718,-26.1543957],[-52.819992,-26.1466856],[-52.8176056,-26.1613865],[-52.8000272,-26.1600408],[-52.7968479,-26.1685798],[-52.8131164,-26.1767135],[-52.8021139,-26.185168],[-52.7899473,-26.1784176],[-52.7973848,-26.1882881],[-52.7810869,-26.2028261],[-52.7814984,-26.2122235],[-52.7930059,-26.207495],[-52.801967,-26.2184898],[-52.7535878,-26.2482472],[-52.7507437,-26.2598743]]]}},{"type":"Feature","properties":{"level":"municipio","municipality_code":"4128500","municipality_name":"Wenceslau Braz","uf":"PR","state_code":"41","area_km2":397.916},"geometry":{"type":"Polygon","coordinates":[[[-49.8113359,-23.9815447],[-49.8292506,-23.9788585],[-49.8368168,-23.9490216],[-49.8309657,-23.9274384],[-49.853415,-23.9008393],[-49.8700178,-23.8990067],[-49.873092,-23.8868251],[-49.8922059,-23.8799132],[-49.8990429,-23.8854445],[-49.9013258,-23.8691877],[-49.9173499,-23.8624506],[-49.9234995,-23.8437933],[-49.8814847,-23.8331549],[-49.8255063,-23.7654945],[-49.7925783,-23.7486293],[-49.7914996,-23.7334204],[-49.7584046,-23.7369258],[-49.7381239,-23.747628],[-49.6965102,-23.742669],[-49.67262,-23.8459174],[-49.7023498,-23.8720264],[-49.7334404,-23.8786381],[-49.7464231,-23.8980003],[-49.7626958,-23.8939262],[-49.7719425,-23.902064],[-49.7587838,-23.930889],[-49.738957,-23.9383199],[-49.7192198,-23.9673408],[-49.7501613,-23.9915066],[-49.7659465,-23.9924244],[-49.7658946,-23.9998859],[-49.7862411,-24.0062564],[-49.8113359,-23.9815447]]]}},{"type":"Feature","properties":{"level":"municipio","municipality_code":"4128807","municipality_name":"Xambrê","uf":"PR","state_code":"41","area_km2":359.712},"geometry":{"type":"Polygon","coordinates":[[[-53.4699479,-23.7565174],[-53.4965273,-23.7706703],[-53.5375509,-23.8206877],[-53.6036863,-23.8363498],[-53.6184953,-23.847962],[-53.6328047,-23.8259847],[-53.6369956,-23.8002111],[-53.6703678,-23.7644578],[-53.674651,-23.7497851],[-53.7113267,-23.7311329],[-53.7240087,-23.7009488],[-53.750021,-23.671191],[-53.6938112,-23.6711118],[-53.6341612,-23.6513707],[-53.592748,-23.662829],[-53.5810666,-23.6747494],[-53.5481444,-23.674024],[-53.5390643,-23.6819227],[-53.4897892,-23.6742003],[-53.454181,-23.7360496],[-53.4699479,-23.7565174]]]}},{"type":"Feature","properties":{"level":"municipio","municipality_code":"4101150","municipality_name":"Ângulo","uf":"PR","state_code":"41","area_km2":106.021},"geometry":{"type":"Polygon","coordinates":[[[-51.9657508,-23.1921902],[-51.9579202,-23.1751414],[-51.9631996,-23.1613255],[-51.9401067,-23.154869],[-51.9205944,-23.1375014],[-51.8973392,-23.1413954],[-51.8888076,-23.1324013],[-51.8657131,-23.1328532],[-51.8650022,-23.2150955],[-51.9122545,-23.2196187],[-51.9291206,-23.2598344],[-51.9498413,-23.2635809],[-51.9654714,-23.2544679],[-51.9697409,-23.2403656],[-51.9571401,-23.2375687],[-51.9577233,-23.2306491],[-51.9685517,-23.2270013],[-51.9609368,-23.2187111],[-51.9768633,-23.196375],[-51.9657508,-23.1921902]]]}}]}