{"type":"FeatureCollection","name":"RN_Municipios_2024","crs":{"type":"name","properties":{"name":"urn:ogc:def:crs:EPSG::4674"}},"features":[{"type":"Feature","properties":{"level":"municipio","municipality_code":"2400109","municipality_name":"Acari","uf":"RN","state_code":"24","area_km2":608.466},"geometry":{"type":"Polygon","coordinates":[[[-36.7035158,-6.5381993],[-36.7657248,-6.5087874],[-36.7743156,-6.4729624],[-36.7612286,-6.4785464],[-36.7422584,-6.3929376],[-36.75243,-6.3538949],[-36.7391512,-6.3364231],[-36.7541536,-6.3205431],[-36.73856,-6.3018074],[-36.7163949,-6.3009969],[-36.7095898,-6.2769569],[-36.6756183,-6.2699686],[-36.6625329,-6.2785189],[-36.6306125,-6.2685131],[-36.6175071,-6.2923193],[-36.5960588,-6.2882333],[-36.5847531,-6.3063759],[-36.5644363,-6.3128552],[-36.542425,-6.3729028],[-36.5043775,-6.3864509],[-36.5289271,-6.4433383],[-36.528211,-6.4792842],[-36.5514456,-6.4840772],[-36.5797772,-6.4729083],[-36.6258,-6.5112611],[-36.6309165,-6.5263398],[-36.6480995,-6.5328723],[-36.679748,-6.5793492],[-36.6789762,-6.5513388],[-36.6950618,-6.557893],[-36.7035158,-6.5381993]]]}},{"type":"Feature","properties":{"level":"municipio","municipality_code":"2400307","municipality_name":"Afonso Bezerra","uf":"RN","state_code":"24","area_km2":576.179},"geometry":{"type":"Polygon","coordinates":[[[-36.5803737,-5.5287884],[-36.6990453,-5.5261481],[-36.6997244,-5.4638126],[-36.860405,-5.4423424],[-36.8603058,-5.4338487],[-36.8399146,-5.4074912],[-36.8379872,-5.3922306],[-36.5373818,-5.4127957],[-36.4398685,-5.3698814],[-36.4699073,-5.5983724],[-36.5727254,-5.5859276],[-36.5789406,-5.5789241],[-36.5803737,-5.5287884]]]}},{"type":"Feature","properties":{"level":"municipio","municipality_code":"2400505","municipality_name":"Alexandria","uf":"RN","state_code":"24","area_km2":381.205},"geometry":{"type":"Polygon","coordinates":[[[-38.0434827,-6.3205767],[-37.9839064,-6.3106321],[-37.9633304,-6.2564547],[-37.8817928,-6.2730975],[-37.908096,-6.2851899],[-37.9008228,-6.3183184],[-37.8431953,-6.3330881],[-37.83426,-6.3423854],[-37.8441168,-6.3543569],[-37.841531,-6.3630307],[-37.8598275,-6.3748773],[-37.8882247,-6.3643695],[-37.8862495,-6.3970006],[-37.9015321,-6.3996792],[-37.9260514,-6.4211378],[-37.9454375,-6.4226201],[-37.9553956,-6.3982083],[-37.9680225,-6.4051225],[-37.9686783,-6.4187433],[-37.9790842,-6.4266932],[-38.0136957,-6.4274273],[-38.0082251,-6.4321923],[-38.0199689,-6.4460049],[-38.0129466,-6.4688535],[-38.0341729,-6.4758474],[-38.0406445,-6.4730436],[-38.0362567,-6.4599917],[-38.0463476,-6.4409304],[-38.0708661,-6.4639266],[-38.0898301,-6.455963],[-38.098036,-6.4294059],[-38.0917193,-6.4152767],[-38.1104048,-6.4021066],[-38.1064508,-6.3784875],[-38.1256088,-6.3672362],[-38.1036144,-6.3562599],[-38.0998415,-6.3302954],[-38.0889397,-6.3331348],[-38.0893925,-6.3170558],[-38.0554696,-6.3109867],[-38.0434629,-6.3124872],[-38.0434827,-6.3205767]]]}},{"type":"Feature","properties":{"level":"municipio","municipality_code":"2400604","municipality_name":"Almino Afonso","uf":"RN","state_code":"24","area_km2":128.038},"geometry":{"type":"Polygon","coordinates":[[[-37.8107019,-6.16813],[-37.797217,-6.1494575],[-37.8112347,-6.1255379],[-37.8065487,-6.0996395],[-37.7935881,-6.0995804],[-37.7773568,-6.0677772],[-37.7571879,-6.0879066],[-37.7623208,-6.0927917],[-37.7528558,-6.0973105],[-37.7421951,-6.1217356],[-37.7110631,-6.1308165],[-37.6876376,-6.1093116],[-37.7089966,-6.177004],[-37.7457896,-6.1910314],[-37.7545716,-6.2001933],[-37.7530794,-6.2144297],[-37.7756165,-6.2313435],[-37.7630663,-6.2411356],[-37.7766132,-6.2458749],[-37.7975951,-6.2257063],[-37.7972649,-6.1927026],[-37.8107019,-6.16813]]]}},{"type":"Feature","properties":{"level":"municipio","municipality_code":"2400703","municipality_name":"Alto do Rodrigues","uf":"RN","state_code":"24","area_km2":191.334},"geometry":{"type":"Polygon","coordinates":[[[-36.5373818,-5.4127957],[-36.8379872,-5.3922306],[-36.8420235,-5.3744856],[-36.8339323,-5.3676024],[-36.8125924,-5.3681512],[-36.8109444,-5.3445035],[-36.7803564,-5.3097583],[-36.7753098,-5.2907796],[-36.754561,-5.272676],[-36.6643624,-5.3721804],[-36.5554144,-5.3949067],[-36.5373818,-5.4127957]]]}},{"type":"Feature","properties":{"level":"municipio","municipality_code":"2400802","municipality_name":"Angicos","uf":"RN","state_code":"24","area_km2":741.582},"geometry":{"type":"Polygon","coordinates":[[[-36.6990453,-5.5261481],[-36.5803737,-5.5287884],[-36.5789406,-5.5789241],[-36.5727254,-5.5859276],[-36.4699073,-5.5983724],[-36.305169,-5.6510848],[-36.2622376,-5.6798836],[-36.273546,-5.7092908],[-36.2788803,-5.7141601],[-36.2908459,-5.7059516],[-36.3062251,-5.7074459],[-36.3109672,-5.7187879],[-36.3256783,-5.7214525],[-36.3565584,-5.717304],[-36.3635146,-5.7072942],[-36.523836,-5.699628],[-36.5233277,-5.691071],[-36.5324853,-5.6909661],[-36.5679276,-5.7575931],[-36.6458751,-5.7580106],[-36.674714,-5.7060835],[-36.699187,-5.6957868],[-36.71474,-5.7000144],[-36.7317648,-5.6842923],[-36.7559849,-5.6225169],[-36.7717948,-5.6146206],[-36.7672701,-5.6014652],[-36.7559941,-5.6001912],[-36.7253385,-5.5737517],[-36.6990453,-5.5261481]]]}},{"type":"Feature","properties":{"level":"municipio","municipality_code":"2400901","municipality_name":"Antônio Martins","uf":"RN","state_code":"24","area_km2":244.897},"geometry":{"type":"Polygon","coordinates":[[[-37.8817928,-6.2730975],[-38.0635432,-6.2536132],[-38.0549143,-6.1610256],[-38.0416603,-6.1691026],[-38.0461928,-6.1810781],[-38.0223749,-6.2094921],[-37.9932368,-6.2102669],[-37.9470786,-6.1604761],[-37.9331496,-6.1656209],[-37.9268537,-6.1550835],[-37.9222828,-6.1649729],[-37.9252473,-6.143386],[-37.9099739,-6.1405859],[-37.9022822,-6.149048],[-37.9147767,-6.1501318],[-37.9081711,-6.1587934],[-37.914814,-6.1648466],[-37.9097241,-6.1633817],[-37.9012594,-6.1520485],[-37.8937797,-6.1560253],[-37.906915,-6.1755507],[-37.8894967,-6.1668701],[-37.8550694,-6.1838027],[-37.797791,-6.2172636],[-37.7916863,-6.2340304],[-37.7766132,-6.2458749],[-37.7944358,-6.2564733],[-37.8469172,-6.254475],[-37.8817928,-6.2730975]]]}},{"type":"Feature","properties":{"level":"municipio","municipality_code":"2401008","municipality_name":"Apodi","uf":"RN","state_code":"24","area_km2":1569.146},"geometry":{"type":"Polygon","coordinates":[[[-37.6915875,-5.6532121],[-37.707721,-5.7212644],[-37.7208689,-5.7404556],[-37.7338487,-5.9119477],[-37.7641987,-5.8955659],[-37.8968448,-5.9398032],[-37.9131466,-5.903535],[-37.8722496,-5.8786529],[-37.8798605,-5.7543189],[-37.8560841,-5.7473796],[-37.8813202,-5.6969462],[-38.0585928,-5.7548514],[-38.0470084,-5.7302628],[-38.075226,-5.7234691],[-38.0871672,-5.730522],[-38.0901382,-5.7202334],[-38.0819854,-5.6701227],[-38.0342697,-5.6371528],[-38.0139641,-5.5943981],[-37.9983274,-5.5853175],[-37.9931834,-5.5592915],[-37.9480565,-5.5346449],[-37.9326343,-5.5031077],[-37.9015773,-5.4997924],[-37.8864846,-5.4438296],[-37.8604816,-5.4066857],[-37.8642752,-5.3783526],[-37.8576574,-5.3567237],[-37.8474704,-5.3400231],[-37.8128023,-5.3165692],[-37.6422062,-5.4151599],[-37.7614362,-5.5777445],[-37.6761983,-5.6347615],[-37.6799839,-5.6496207],[-37.6915875,-5.6532121]]]}},{"type":"Feature","properties":{"level":"municipio","municipality_code":"2401107","municipality_name":"Areia Branca","uf":"RN","state_code":"24","area_km2":342.749},"geometry":{"type":"MultiPolygon","coordinates":[[[[-37.1527675,-5.0747878],[-37.153108,-5.0484044],[-37.1309086,-5.0257791],[-37.136649,-5.0050526],[-37.131192,-4.9924306],[-37.1474262,-4.977961],[-37.1373138,-4.953498],[-37.1447646,-4.9371629],[-37.1245077,-4.9351358],[-37.1077697,-4.9226107],[-37.0405623,-4.9501867],[-37.0018731,-4.9286615],[-36.9779391,-4.9313882],[-36.9605329,-4.9184281],[-36.9188313,-4.9465193],[-36.878147,-4.9506991],[-36.8556673,-4.9723196],[-36.8991856,-4.9772944],[-36.9082604,-4.9897901],[-36.965952,-4.9858903],[-36.9657943,-5.0218677],[-37.0114239,-5.0219464],[-37.0113197,-5.0424056],[-37.0286141,-5.0424589],[-37.0284344,-5.0596855],[-37.0509381,-5.0597725],[-37.0508011,-5.0965867],[-37.1117313,-5.0967826],[-37.1114052,-5.1246507],[-37.1409544,-5.1011828],[-37.1527675,-5.0747878]]],[[[-37.0450126,-4.8188138],[-37.0448289,-4.8163592],[-37.0441246,-4.8185414],[-37.0450126,-4.8188138]]]]}},{"type":"Feature","properties":{"level":"municipio","municipality_code":"2401206","municipality_name":"Arês","uf":"RN","state_code":"24","area_km2":115.407},"geometry":{"type":"Polygon","coordinates":[[[-35.1570258,-6.1481618],[-35.1107888,-6.1869451],[-35.1499421,-6.2181082],[-35.1886812,-6.2144547],[-35.2289471,-6.2428629],[-35.2856764,-6.2053222],[-35.2980691,-6.1613074],[-35.2597423,-6.1703928],[-35.2374864,-6.164681],[-35.2135283,-6.1743452],[-35.1960174,-6.1635385],[-35.1745118,-6.1645423],[-35.1570258,-6.1481618]]]}},{"type":"Feature","properties":{"level":"municipio","municipality_code":"2400208","municipality_name":"Açu","uf":"RN","state_code":"24","area_km2":1303.442},"geometry":{"type":"Polygon","coordinates":[[[-36.9284529,-5.3537417],[-36.8384315,-5.4037572],[-36.8742261,-5.458233],[-36.8711171,-5.4834063],[-36.8860655,-5.4932765],[-36.9037717,-5.5295592],[-36.8991174,-5.5533018],[-36.8822929,-5.5720102],[-36.8977777,-5.6012606],[-36.8816669,-5.651215],[-36.8878204,-5.7032172],[-36.9615286,-5.7525104],[-36.9651076,-5.7735424],[-36.9801147,-5.7838485],[-36.9774003,-5.8136212],[-37.0062153,-5.8314877],[-37.0153571,-5.8708465],[-37.0357884,-5.8910086],[-36.9940975,-5.771708],[-37.0545605,-5.745788],[-37.104594,-5.6562215],[-37.1727593,-5.4904923],[-37.1261353,-5.2934245],[-37.0512313,-5.2940828],[-37.0294319,-5.3256953],[-36.9284529,-5.3537417]]]}},{"type":"Feature","properties":{"level":"municipio","municipality_code":"2401453","municipality_name":"Baraúna","uf":"RN","state_code":"24","area_km2":825.681},"geometry":{"type":"Polygon","coordinates":[[[-37.5830954,-5.2779323],[-37.788162,-5.2191974],[-37.7900289,-5.2109403],[-37.7763098,-5.1871207],[-37.7649556,-5.1396162],[-37.7334225,-5.1006412],[-37.7250894,-5.0706243],[-37.6776204,-5.0540857],[-37.6403381,-4.9264044],[-37.4670813,-4.8859247],[-37.469025,-4.8993275],[-37.4923718,-4.9245446],[-37.4984269,-4.9965104],[-37.497259,-5.0110424],[-37.4885792,-5.0168963],[-37.5830954,-5.2779323]]]}},{"type":"Feature","properties":{"level":"municipio","municipality_code":"2401503","municipality_name":"Barcelona","uf":"RN","state_code":"24","area_km2":152.626},"geometry":{"type":"Polygon","coordinates":[[[-35.834772,-5.9470964],[-35.9248041,-6.0106325],[-36.031832,-6.0693894],[-35.9768311,-6.0143985],[-35.9841801,-5.9979854],[-35.9627026,-5.9638329],[-35.966676,-5.9012992],[-35.9192436,-5.9085723],[-35.9162308,-5.8932581],[-35.9130963,-5.902735],[-35.9025352,-5.8961382],[-35.8869927,-5.9092731],[-35.8726229,-5.9010533],[-35.8510974,-5.9133337],[-35.834772,-5.9470964]]]}},{"type":"Feature","properties":{"level":"municipio","municipality_code":"2401404","municipality_name":"Baía Formosa","uf":"RN","state_code":"24","area_km2":247.484},"geometry":{"type":"Polygon","coordinates":[[[-34.9708213,-6.437349],[-34.9692371,-6.4705519],[-34.9684579,-6.4871999],[-34.9709244,-6.4895001],[-34.9783612,-6.4872638],[-34.9920675,-6.5014946],[-35.0285409,-6.5055226],[-35.0369632,-6.5171253],[-35.0630677,-6.5265353],[-35.0945474,-6.4981034],[-35.1125496,-6.5051175],[-35.1101292,-6.4461166],[-35.1318449,-6.4077332],[-35.1150982,-6.4112222],[-35.1149895,-6.4014676],[-35.1015419,-6.4009939],[-35.0936435,-6.3790068],[-35.0625469,-6.363307],[-35.0707144,-6.3507469],[-35.0318745,-6.3108385],[-35.0216995,-6.363065],[-34.9907724,-6.3718731],[-34.9708213,-6.437349]]]}},{"type":"Feature","properties":{"level":"municipio","municipality_code":"2401602","municipality_name":"Bento Fernandes","uf":"RN","state_code":"24","area_km2":301.069},"geometry":{"type":"Polygon","coordinates":[[[-35.8271153,-5.6160564],[-35.7641512,-5.6382911],[-35.7720544,-5.619077],[-35.7570915,-5.6279649],[-35.7468119,-5.6196922],[-35.7462358,-5.6322125],[-35.7387494,-5.6359804],[-35.7109043,-5.6351986],[-35.6972182,-5.6655883],[-35.6321363,-5.7144324],[-35.7770999,-5.716386],[-35.9396394,-5.7330119],[-35.9340442,-5.7159043],[-35.9416652,-5.6687785],[-35.92429,-5.6498549],[-35.9236792,-5.6349347],[-35.8983768,-5.6243034],[-35.8834542,-5.6309484],[-35.8704653,-5.6215468],[-35.8685366,-5.605365],[-35.8638695,-5.6118793],[-35.8271153,-5.6160564]]]}},{"type":"Feature","properties":{"level":"municipio","municipality_code":"2401651","municipality_name":"Bodó","uf":"RN","state_code":"24","area_km2":253.519},"geometry":{"type":"Polygon","coordinates":[[[-36.5403828,-5.9897415],[-36.4750083,-5.9265731],[-36.4267775,-5.9046609],[-36.4148237,-5.8584289],[-36.3860572,-5.8522151],[-36.3682147,-5.8746587],[-36.3304691,-5.8742685],[-36.3385173,-5.9073624],[-36.3720052,-5.8956044],[-36.3630856,-5.968924],[-36.3924282,-5.9897633],[-36.3946768,-6.0129612],[-36.4106438,-6.0212172],[-36.44873,-6.0114907],[-36.4441675,-6.04142],[-36.5217886,-6.0466706],[-36.5474391,-6.0562746],[-36.5403828,-5.9897415]]]}},{"type":"Feature","properties":{"level":"municipio","municipality_code":"2401701","municipality_name":"Bom Jesus","uf":"RN","state_code":"24","area_km2":122.035},"geometry":{"type":"Polygon","coordinates":[[[-35.5397508,-6.0015896],[-35.5707786,-6.0795447],[-35.6474828,-6.0160379],[-35.6501929,-5.9764352],[-35.5722267,-5.9323081],[-35.5556165,-5.9484955],[-35.5397508,-6.0015896]]]}},{"type":"Feature","properties":{"level":"municipio","municipality_code":"2401800","municipality_name":"Brejinho","uf":"RN","state_code":"24","area_km2":61.559},"geometry":{"type":"Polygon","coordinates":[[[-35.3393719,-6.1854459],[-35.3581296,-6.2498125],[-35.4013602,-6.24539],[-35.4051482,-6.2635261],[-35.4209384,-6.2732311],[-35.4364252,-6.2534265],[-35.40302,-6.2103246],[-35.3813898,-6.1584597],[-35.3393719,-6.1854459]]]}},{"type":"Feature","properties":{"level":"municipio","municipality_code":"2402006","municipality_name":"Caicó","uf":"RN","state_code":"24","area_km2":1228.583},"geometry":{"type":"Polygon","coordinates":[[[-37.1497526,-6.6268],[-37.1749374,-6.6139336],[-37.2183627,-6.6197284],[-37.2308829,-6.569666],[-37.2169149,-6.5593975],[-37.2134468,-6.5274295],[-37.1996368,-6.514745],[-37.2061909,-6.4698953],[-37.1866066,-6.4377758],[-37.1403754,-6.4484809],[-37.1408029,-6.4279706],[-37.0732894,-6.4036393],[-37.0818504,-6.3598793],[-37.0753713,-6.3074549],[-37.0813563,-6.2923173],[-37.0457156,-6.2239157],[-37.0031195,-6.2216917],[-36.9736656,-6.1925127],[-36.9573171,-6.1907638],[-36.9269305,-6.2157528],[-36.9240543,-6.2389462],[-36.8944209,-6.2389273],[-36.9109953,-6.2445559],[-36.9297154,-6.2806107],[-36.9021279,-6.3184897],[-36.9050456,-6.34027],[-36.8863187,-6.342869],[-36.8733289,-6.3796954],[-36.8608158,-6.388783],[-36.8741265,-6.4186713],[-36.9577275,-6.4916717],[-36.9627181,-6.5099686],[-36.951371,-6.5216395],[-36.9402875,-6.5612652],[-36.9513744,-6.570319],[-36.9368996,-6.5776849],[-36.9806201,-6.6171364],[-36.9798218,-6.6415649],[-37.0035912,-6.7096123],[-37.0352606,-6.7341658],[-37.0597108,-6.7207354],[-37.0662748,-6.7061366],[-37.0844823,-6.6994867],[-37.0830132,-6.690915],[-37.1028815,-6.6847293],[-37.1094659,-6.6568242],[-37.1208148,-6.6600028],[-37.1317243,-6.6525853],[-37.1497526,-6.6268]]]}},{"type":"Feature","properties":{"level":"municipio","municipality_code":"2401859","municipality_name":"Caiçara do Norte","uf":"RN","state_code":"24","area_km2":225.633},"geometry":{"type":"Polygon","coordinates":[[[-36.0623658,-5.3040149],[-36.1517303,-5.2571871],[-36.0994547,-5.0771743],[-36.0375353,-5.0514686],[-36.0435,-5.0641902],[-36.0335824,-5.073816],[-36.0420676,-5.0838061],[-36.0539502,-5.2028133],[-36.0659342,-5.2341187],[-36.0019486,-5.2561093],[-36.0623658,-5.3040149]]]}},{"type":"Feature","properties":{"level":"municipio","municipality_code":"2401909","municipality_name":"Caiçara do Rio do Vento","uf":"RN","state_code":"24","area_km2":261.194},"geometry":{"type":"Polygon","coordinates":[[[-35.9415991,-5.7277917],[-35.9239151,-5.7651079],[-35.9385454,-5.7947495],[-35.9255222,-5.800254],[-35.9256658,-5.8075017],[-35.9414695,-5.8142554],[-35.975624,-5.7946593],[-36.0116896,-5.8336553],[-36.0637987,-5.8587467],[-36.0654497,-5.8495152],[-36.0995787,-5.8299114],[-36.1124963,-5.8422005],[-36.1156034,-5.8091789],[-36.0625348,-5.6552868],[-36.0239873,-5.6980122],[-35.9706321,-5.7143069],[-35.9342104,-5.7148749],[-35.9415991,-5.7277917]]]}},{"type":"Feature","properties":{"level":"municipio","municipality_code":"2401305","municipality_name":"Campo Grande","uf":"RN","state_code":"24","area_km2":890.89},"geometry":{"type":"Polygon","coordinates":[[[-37.3759166,-5.9881602],[-37.3752053,-5.9605832],[-37.4007938,-5.9625404],[-37.4365505,-5.9853802],[-37.4674526,-5.7522805],[-37.3131134,-5.709941],[-37.2547981,-5.7182202],[-37.2438844,-5.7080042],[-37.2205789,-5.717497],[-37.2254043,-5.7898362],[-37.1794884,-5.8190609],[-37.1949588,-5.8237407],[-37.2604533,-5.9085704],[-37.1623382,-6.0211712],[-37.1739313,-6.0480159],[-37.1942949,-6.0480332],[-37.2043976,-6.0381518],[-37.2226872,-6.0421481],[-37.2318602,-6.0275949],[-37.2506137,-6.0259119],[-37.2724774,-6.0557025],[-37.3005942,-6.0502599],[-37.3357795,-6.0674595],[-37.3544342,-6.0864859],[-37.378783,-6.0851326],[-37.3741644,-6.0699589],[-37.3826354,-6.0669185],[-37.359054,-6.0060994],[-37.3759166,-5.9881602]]]}},{"type":"Feature","properties":{"level":"municipio","municipality_code":"2402105","municipality_name":"Campo Redondo","uf":"RN","state_code":"24","area_km2":213.727},"geometry":{"type":"Polygon","coordinates":[[[-36.1580532,-6.1660291],[-36.1337594,-6.2105728],[-36.1535422,-6.299806],[-36.2055402,-6.3013507],[-36.2365197,-6.3119746],[-36.2462142,-6.3021219],[-36.2558979,-6.3033104],[-36.2726344,-6.307172],[-36.2791354,-6.3176271],[-36.2953966,-6.2858358],[-36.2586728,-6.2458137],[-36.2671194,-6.2272785],[-36.2576677,-6.1987909],[-36.2568489,-6.1580152],[-36.1580532,-6.1660291]]]}},{"type":"Feature","properties":{"level":"municipio","municipality_code":"2402204","municipality_name":"Canguaretama","uf":"RN","state_code":"24","area_km2":245.485},"geometry":{"type":"Polygon","coordinates":[[[-35.1167638,-6.281753],[-35.1174387,-6.333804],[-35.084469,-6.3399342],[-35.0554957,-6.3269752],[-35.0698134,-6.3162872],[-35.0594645,-6.3171589],[-35.0634095,-6.2978734],[-35.046911,-6.2964275],[-35.0442889,-6.2838453],[-35.033395,-6.2863985],[-35.0310643,-6.3056716],[-35.0707144,-6.3507469],[-35.0625469,-6.363307],[-35.0936435,-6.3790068],[-35.1015419,-6.4009939],[-35.1149895,-6.4014676],[-35.1150982,-6.4112222],[-35.1318449,-6.4077332],[-35.1101292,-6.4461166],[-35.1122327,-6.5078501],[-35.1458071,-6.5527598],[-35.171443,-6.4305246],[-35.1804796,-6.4325451],[-35.1879757,-6.4149106],[-35.2291647,-6.4203639],[-35.2316469,-6.4030729],[-35.2567071,-6.3899038],[-35.2722146,-6.3702075],[-35.2360516,-6.3492848],[-35.2216831,-6.3575216],[-35.1699697,-6.3553226],[-35.1630835,-6.3422986],[-35.1650903,-6.3186445],[-35.145477,-6.3168926],[-35.1452516,-6.2990276],[-35.1167638,-6.281753]]]}},{"type":"Feature","properties":{"level":"municipio","municipality_code":"2402303","municipality_name":"Caraúbas","uf":"RN","state_code":"24","area_km2":1094.488},"geometry":{"type":"Polygon","coordinates":[[[-37.57855959654923,-5.571604383072293],[-37.4932362,-5.5668447],[-37.4421202,-5.5869334],[-37.4674526,-5.7522805],[-37.4475132,-5.9027185],[-37.4941238,-5.894169],[-37.5321299,-5.9241452],[-37.5281056,-5.9165769],[-37.5578478,-5.9618506],[-37.593097,-5.9819198],[-37.6485763,-5.9413121],[-37.7337899,-5.9118705],[-37.7208689,-5.7404556],[-37.707721,-5.7212644],[-37.6915875,-5.6532121],[-37.6799839,-5.6496207],[-37.6761983,-5.6347615],[-37.57855959654923,-5.571604383072293]]]}},{"type":"Feature","properties":{"level":"municipio","municipality_code":"2402501","municipality_name":"Carnaubais","uf":"RN","state_code":"24","area_km2":517.737},"geometry":{"type":"Polygon","coordinates":[[[-36.8384315,-5.4037572],[-36.9284529,-5.3537417],[-37.0294319,-5.3256953],[-37.0512313,-5.2940828],[-36.9280504,-5.2937765],[-36.9300975,-5.1310122],[-36.9026519,-5.1497353],[-36.7970366,-5.1746244],[-36.7485743,-5.1520032],[-36.7291158,-5.1750295],[-36.7156177,-5.2118902],[-36.7256759,-5.2294757],[-36.724579,-5.2604528],[-36.7505655,-5.2681803],[-36.7753098,-5.2907796],[-36.7803564,-5.3097583],[-36.8119515,-5.346488],[-36.8125924,-5.3681512],[-36.8407829,-5.372058],[-36.8384315,-5.4037572]]]}},{"type":"Feature","properties":{"level":"municipio","municipality_code":"2402402","municipality_name":"Carnaúba dos Dantas","uf":"RN","state_code":"24","area_km2":246.308},"geometry":{"type":"Polygon","coordinates":[[[-36.5673023,-6.5995007],[-36.5875073,-6.5847987],[-36.6364058,-6.5924017],[-36.679748,-6.5793492],[-36.6480995,-6.5328723],[-36.6309165,-6.5263398],[-36.6258,-6.5112611],[-36.5797772,-6.4729083],[-36.5514456,-6.4840772],[-36.528211,-6.4792842],[-36.5258468,-6.5011613],[-36.4826305,-6.519538],[-36.4756218,-6.544934],[-36.4459749,-6.5562019],[-36.4362792,-6.6282245],[-36.4493488,-6.6241976],[-36.460518,-6.6343936],[-36.4734806,-6.6144067],[-36.5116575,-6.5944134],[-36.5245427,-6.5996533],[-36.5207427,-6.6106016],[-36.5673023,-6.5995007]]]}},{"type":"Feature","properties":{"level":"municipio","municipality_code":"2402600","municipality_name":"Ceará-Mirim","uf":"RN","state_code":"24","area_km2":724.838},"geometry":{"type":"Polygon","coordinates":[[[-35.447437,-5.7330312],[-35.4609564,-5.7160212],[-35.4768474,-5.7127576],[-35.4867468,-5.7214768],[-35.5518999,-5.7033471],[-35.5481941,-5.688078],[-35.4944457,-5.6660007],[-35.5120827,-5.6500593],[-35.5214078,-5.5776696],[-35.501806,-5.4923037],[-35.4709059,-5.4858163],[-35.4543351,-5.4698262],[-35.433832,-5.4689156],[-35.4122336,-5.45723],[-35.4035148,-5.4645963],[-35.3582279,-5.4696211],[-35.3288983,-5.4901463],[-35.2835638,-5.4926178],[-35.2583811,-5.5303725],[-35.255832,-5.5168688],[-35.2476648,-5.5154876],[-35.248402,-5.5461074],[-35.2261914,-5.5810451],[-35.2271281,-5.6121493],[-35.2848114,-5.6242916],[-35.3616891,-5.7290637],[-35.409959,-5.7378016],[-35.447437,-5.7330312]]]}},{"type":"Feature","properties":{"level":"municipio","municipality_code":"2402709","municipality_name":"Cerro Corá","uf":"RN","state_code":"24","area_km2":393.573},"geometry":{"type":"Polygon","coordinates":[[[-36.3433715,-6.0979498],[-36.4116998,-6.1042003],[-36.4199616,-6.0901454],[-36.426756,-6.0925668],[-36.44873,-6.0114907],[-36.4106438,-6.0212172],[-36.3946768,-6.0129612],[-36.3924282,-5.9897633],[-36.3630856,-5.968924],[-36.3720052,-5.8956044],[-36.3385173,-5.9073624],[-36.3206708,-5.8655735],[-36.284752,-5.8592915],[-36.2539636,-5.8310436],[-36.2590991,-5.8630683],[-36.2241794,-5.8999534],[-36.2813571,-6.044042],[-36.3022169,-6.1153717],[-36.2957003,-6.1221662],[-36.3433715,-6.0979498]]]}},{"type":"Feature","properties":{"level":"municipio","municipality_code":"2402808","municipality_name":"Coronel Ezequiel","uf":"RN","state_code":"24","area_km2":185.748},"geometry":{"type":"Polygon","coordinates":[[[-36.0961043,-6.4201986],[-36.2211971,-6.4028026],[-36.2963384,-6.3704104],[-36.2784774,-6.3493571],[-36.2791354,-6.3176271],[-36.2726344,-6.307172],[-36.2462142,-6.3021219],[-36.2365197,-6.3119746],[-36.2055402,-6.3013507],[-36.1537636,-6.2998366],[-36.0961043,-6.4201986]]]}},{"type":"Feature","properties":{"level":"municipio","municipality_code":"2402907","municipality_name":"Coronel João Pessoa","uf":"RN","state_code":"24","area_km2":117.139},"geometry":{"type":"Polygon","coordinates":[[[-38.4810444,-6.3046593],[-38.4881873,-6.2831158],[-38.4815252,-6.2520199],[-38.4699433,-6.2527093],[-38.4623286,-6.2314158],[-38.4484916,-6.2218549],[-38.4303968,-6.2364472],[-38.3649629,-6.1728968],[-38.3574996,-6.2013833],[-38.3611167,-6.2288232],[-38.382763,-6.2669817],[-38.402137,-6.2759042],[-38.399794,-6.2867055],[-38.4576126,-6.3297068],[-38.4810444,-6.3046593]]]}},{"type":"Feature","properties":{"level":"municipio","municipality_code":"2403004","municipality_name":"Cruzeta","uf":"RN","state_code":"24","area_km2":295.83},"geometry":{"type":"Polygon","coordinates":[[[-36.7728736,-6.2983874],[-36.7391512,-6.3364231],[-36.75243,-6.3538949],[-36.7422584,-6.3929376],[-36.7612286,-6.4785464],[-36.7743156,-6.4729624],[-36.7734991,-6.466474],[-36.8031208,-6.4635774],[-36.8218572,-6.4365168],[-36.8495624,-6.4439799],[-36.8471228,-6.4300859],[-36.8741265,-6.4186713],[-36.8608158,-6.388783],[-36.8733289,-6.3796954],[-36.8863187,-6.342869],[-36.9050456,-6.34027],[-36.9021279,-6.3184897],[-36.9171425,-6.3051606],[-36.9292896,-6.2753777],[-36.9178497,-6.2675059],[-36.9109953,-6.2445559],[-36.8953228,-6.2394006],[-36.8517161,-6.269395],[-36.8376811,-6.2698127],[-36.8345064,-6.285714],[-36.822164,-6.2888983],[-36.8162169,-6.3036706],[-36.7728736,-6.2983874]]]}},{"type":"Feature","properties":{"level":"municipio","municipality_code":"2403103","municipality_name":"Currais Novos","uf":"RN","state_code":"24","area_km2":864.349},"geometry":{"type":"Polygon","coordinates":[[[-36.591646,-6.2477345],[-36.6068466,-6.2297188],[-36.5991824,-6.2160713],[-36.617678,-6.1954124],[-36.6156615,-6.174647],[-36.6279435,-6.155342],[-36.6223072,-6.1317646],[-36.5995699,-6.1251275],[-36.5910709,-6.1397937],[-36.5800748,-6.131571],[-36.5783217,-6.1414123],[-36.5724729,-6.1320266],[-36.5531594,-6.1313539],[-36.5472332,-6.1437498],[-36.5302878,-6.1303952],[-36.5157118,-6.0998711],[-36.5026708,-6.0984089],[-36.5055534,-6.1045127],[-36.5031035,-6.1079824],[-36.4949667,-6.1034445],[-36.4871778,-6.111866],[-36.5090465,-6.121959],[-36.5032987,-6.137426],[-36.4599029,-6.1153012],[-36.4289773,-6.1126771],[-36.4321434,-6.1421374],[-36.398882,-6.1182436],[-36.4116998,-6.1042003],[-36.3433715,-6.0979498],[-36.2957003,-6.1221662],[-36.2568489,-6.1580152],[-36.2576677,-6.1987909],[-36.2671194,-6.2272785],[-36.2586728,-6.2458137],[-36.2910948,-6.2770049],[-36.2949796,-6.2921068],[-36.3075913,-6.2814979],[-36.3575767,-6.3099873],[-36.3945614,-6.2939748],[-36.430306,-6.362255],[-36.4998486,-6.3581649],[-36.5043775,-6.3864509],[-36.542425,-6.3729028],[-36.5644363,-6.3128552],[-36.5847531,-6.3063759],[-36.5960588,-6.2882333],[-36.6068218,-6.2894185],[-36.591646,-6.2477345]]]}},{"type":"Feature","properties":{"level":"municipio","municipality_code":"2403202","municipality_name":"Doutor Severiano","uf":"RN","state_code":"24","area_km2":113.737},"geometry":{"type":"Polygon","coordinates":[[[-38.4087999,-6.177873],[-38.4659796,-6.1214439],[-38.4407712,-6.0968743],[-38.4473166,-6.0852777],[-38.4015365,-6.053495],[-38.3819553,-6.0527887],[-38.3856916,-6.0646792],[-38.3662148,-6.0882981],[-38.3473644,-6.0807016],[-38.3453604,-6.0680776],[-38.3395874,-6.0776915],[-38.34873,-6.1227684],[-38.3742839,-6.1677206],[-38.3888435,-6.1630321],[-38.4087999,-6.177873]]]}},{"type":"Feature","properties":{"level":"municipio","municipality_code":"2403301","municipality_name":"Encanto","uf":"RN","state_code":"24","area_km2":125.749},"geometry":{"type":"Polygon","coordinates":[[[-38.34873,-6.1227684],[-38.3395874,-6.0776915],[-38.3199214,-6.0770389],[-38.3048023,-6.0869674],[-38.2749004,-6.0657988],[-38.2613341,-6.0748677],[-38.2669657,-6.1121507],[-38.2495734,-6.1359308],[-38.249116,-6.1637941],[-38.2885442,-6.1879015],[-38.3110076,-6.1763949],[-38.3577469,-6.2015474],[-38.3673458,-6.1634366],[-38.34873,-6.1227684]]]}},{"type":"Feature","properties":{"level":"municipio","municipality_code":"2403400","municipality_name":"Equador","uf":"RN","state_code":"24","area_km2":264.985},"geometry":{"type":"Polygon","coordinates":[[[-36.7130682,-6.8161675],[-36.6950017,-6.8335483],[-36.6761992,-6.8172412],[-36.6587219,-6.8266303],[-36.6114788,-6.7997709],[-36.5748821,-6.8062326],[-36.5724357,-6.8257169],[-36.5601562,-6.8407734],[-36.5740794,-6.8574577],[-36.5679397,-6.8747966],[-36.6097942,-6.9368371],[-36.6872181,-6.9259627],[-36.7185539,-6.9827348],[-36.7441126,-6.9677737],[-36.766499,-6.9343454],[-36.7260208,-6.8166025],[-36.7130682,-6.8161675]]]}},{"type":"Feature","properties":{"level":"municipio","municipality_code":"2403509","municipality_name":"Espírito Santo","uf":"RN","state_code":"24","area_km2":135.837},"geometry":{"type":"Polygon","coordinates":[[[-35.2683128,-6.3123395],[-35.2712117,-6.3722041],[-35.3096188,-6.4031122],[-35.3388928,-6.3811059],[-35.3465355,-6.3584182],[-35.342209,-6.3152563],[-35.333133,-6.3137929],[-35.3232354,-6.2711312],[-35.3259724,-6.2282609],[-35.3189557,-6.1909586],[-35.2856764,-6.2053222],[-35.2683128,-6.3123395]]]}},{"type":"Feature","properties":{"level":"municipio","municipality_code":"2403608","municipality_name":"Extremoz","uf":"RN","state_code":"24","area_km2":140.639},"geometry":{"type":"Polygon","coordinates":[[[-35.2764385,-5.7032225],[-35.2869905,-5.7219414],[-35.3132128,-5.7379698],[-35.339825,-5.7382287],[-35.3610347,-5.7285115],[-35.2848114,-5.6242916],[-35.2271281,-5.6121493],[-35.2223824,-5.6285934],[-35.2144988,-5.6300253],[-35.2161873,-5.6763806],[-35.1922014,-5.7005941],[-35.2036321,-5.7432433],[-35.2371107,-5.7145994],[-35.2764385,-5.7032225]]]}},{"type":"Feature","properties":{"level":"municipio","municipality_code":"2403707","municipality_name":"Felipe Guerra","uf":"RN","state_code":"24","area_km2":292.177},"geometry":{"type":"Polygon","coordinates":[[[-37.578560304616396,-5.5716044226409895],[-37.6761648,-5.6347827],[-37.7614362,-5.5777445],[-37.643645,-5.4158806],[-37.5623935,-5.4923014],[-37.578560304616396,-5.5716044226409895]]]}},{"type":"Feature","properties":{"level":"municipio","municipality_code":"2403756","municipality_name":"Fernando Pedroza","uf":"RN","state_code":"24","area_km2":322.628},"geometry":{"type":"Polygon","coordinates":[[[-36.5679276,-5.7575931],[-36.5324853,-5.6909661],[-36.5233277,-5.691071],[-36.523836,-5.699628],[-36.3635146,-5.7072942],[-36.3565584,-5.717304],[-36.3256783,-5.7214525],[-36.3109672,-5.7187879],[-36.3062251,-5.7074459],[-36.2908459,-5.7059516],[-36.2788803,-5.7141601],[-36.273546,-5.7092908],[-36.284752,-5.8592915],[-36.3563581,-5.8490415],[-36.3892196,-5.7953772],[-36.5091707,-5.7559424],[-36.5503874,-5.7693749],[-36.5679276,-5.7575931]]]}},{"type":"Feature","properties":{"level":"municipio","municipality_code":"2403806","municipality_name":"Florânia","uf":"RN","state_code":"24","area_km2":507.892},"geometry":{"type":"Polygon","coordinates":[[[-36.8150372,-6.3040586],[-36.8345064,-6.285714],[-36.8376811,-6.2698127],[-36.8517161,-6.269395],[-36.8944209,-6.2389273],[-36.9240543,-6.2389462],[-36.9269305,-6.2157528],[-36.9573171,-6.1907638],[-36.9216781,-6.1814591],[-36.9043162,-6.1848093],[-36.8921508,-6.1766168],[-36.894196,-6.1452928],[-36.9018606,-6.1342808],[-36.9244638,-6.1319944],[-36.9340489,-6.088957],[-36.9211643,-6.0820477],[-36.8987268,-6.0857739],[-36.8697442,-6.060958],[-36.8677875,-6.0484806],[-36.8491102,-6.0414084],[-36.8349081,-6.0415085],[-36.8361081,-6.0523979],[-36.8295022,-6.0542381],[-36.8013243,-6.0501014],[-36.788048,-6.039385],[-36.7821264,-6.0500766],[-36.7495008,-6.0626778],[-36.7427692,-6.0551508],[-36.7308641,-6.056598],[-36.7198815,-6.0719479],[-36.727498,-6.0854507],[-36.7198883,-6.0952562],[-36.7393106,-6.1117767],[-36.7315285,-6.1129138],[-36.7297386,-6.149766],[-36.7867586,-6.1951011],[-36.7037035,-6.2207636],[-36.7349337,-6.2796901],[-36.7389215,-6.3017868],[-36.7541536,-6.3205431],[-36.7728736,-6.2983874],[-36.8150372,-6.3040586]]]}},{"type":"Feature","properties":{"level":"municipio","municipality_code":"2403905","municipality_name":"Francisco Dantas","uf":"RN","state_code":"24","area_km2":181.558},"geometry":{"type":"Polygon","coordinates":[[[-38.1476678,-6.0960639],[-38.1921485,-6.041802],[-38.1833567,-6.032682],[-38.1834557,-6.0157351],[-38.1630326,-6.0091863],[-38.1654752,-6.000478],[-38.1459325,-5.9727128],[-38.1145312,-5.959146],[-38.0867294,-6.0149677],[-38.071403,-6.0279921],[-38.0851617,-6.0384903],[-38.0820355,-6.0497763],[-38.075902,-6.0357326],[-38.0759993,-6.0428013],[-38.0543652,-6.0445651],[-38.0700723,-6.0667262],[-38.0679851,-6.0760953],[-38.0333598,-6.0599888],[-38.0252531,-6.0838548],[-38.0105328,-6.0884361],[-38.0088087,-6.0963722],[-38.0437819,-6.1259893],[-38.1476678,-6.0960639]]]}},{"type":"Feature","properties":{"level":"municipio","municipality_code":"2404002","municipality_name":"Frutuoso Gomes","uf":"RN","state_code":"24","area_km2":63.279},"geometry":{"type":"Polygon","coordinates":[[[-37.8027161,-6.1618172],[-37.8107019,-6.16813],[-37.7972649,-6.1927026],[-37.797791,-6.2172636],[-37.8894967,-6.1668701],[-37.8701575,-6.1455798],[-37.8802074,-6.1204073],[-37.8576765,-6.1232189],[-37.8639581,-6.1039804],[-37.8145096,-6.1438307],[-37.8038366,-6.1436522],[-37.8027161,-6.1618172]]]}},{"type":"Feature","properties":{"level":"municipio","municipality_code":"2404101","municipality_name":"Galinhos","uf":"RN","state_code":"24","area_km2":340.769},"geometry":{"type":"Polygon","coordinates":[[[-36.2904361,-5.0877203],[-36.1568842,-5.0962914],[-36.1254898,-5.091471],[-36.0994547,-5.0771743],[-36.1517303,-5.2571871],[-36.27584,-5.2894775],[-36.2763069,-5.20722],[-36.2889894,-5.1556378],[-36.2879899,-5.1250239],[-36.3095972,-5.1071186],[-36.2904361,-5.0877203]]]}},{"type":"Feature","properties":{"level":"municipio","municipality_code":"2404200","municipality_name":"Goianinha","uf":"RN","state_code":"24","area_km2":192.279},"geometry":{"type":"Polygon","coordinates":[[[-35.2666912,-6.3242885],[-35.2856764,-6.2053222],[-35.2289471,-6.2428629],[-35.1886812,-6.2144547],[-35.1499421,-6.2181082],[-35.1559974,-6.2566665],[-35.145477,-6.3168926],[-35.1559622,-6.3131513],[-35.1664529,-6.3201005],[-35.1673867,-6.3539994],[-35.1986693,-6.3592854],[-35.2360516,-6.3492848],[-35.2722146,-6.3702075],[-35.2666912,-6.3242885]]]}},{"type":"Feature","properties":{"level":"municipio","municipality_code":"2404309","municipality_name":"Governador Dix-Sept Rosado","uf":"RN","state_code":"24","area_km2":1109.36},"geometry":{"type":"Polygon","coordinates":[[[-37.4932362,-5.5668447],[-37.578560304616396,-5.5716044226409895],[-37.5623935,-5.4923014],[-37.6422062,-5.4151599],[-37.8128023,-5.3165692],[-37.7831099,-5.2948155],[-37.791859,-5.2687714],[-37.7829643,-5.2322646],[-37.788162,-5.2191974],[-37.5830954,-5.2779323],[-37.4259809,-5.3112157],[-37.295785,-5.3913969],[-37.303615,-5.3977294],[-37.2932851,-5.4172293],[-37.3019954,-5.4434305],[-37.2946706,-5.4778988],[-37.3823529,-5.4781911],[-37.4421202,-5.5869334],[-37.4932362,-5.5668447]]]}},{"type":"Feature","properties":{"level":"municipio","municipality_code":"2404408","municipality_name":"Grossos","uf":"RN","state_code":"24","area_km2":124.538},"geometry":{"type":"Polygon","coordinates":[[[-37.2209958,-4.8814028],[-37.1564518,-4.9462624],[-37.1379748,-4.9487618],[-37.1474262,-4.977961],[-37.1310515,-4.9945835],[-37.140067,-5.0079559],[-37.1666943,-5.0150407],[-37.1766621,-4.9702006],[-37.2087695,-4.9916732],[-37.3078475,-4.9456022],[-37.2703503,-4.945535],[-37.2693041,-4.9121583],[-37.2626838,-4.9041169],[-37.2209958,-4.8814028]]]}},{"type":"Feature","properties":{"level":"municipio","municipality_code":"2404507","municipality_name":"Guamaré","uf":"RN","state_code":"24","area_km2":258.307},"geometry":{"type":"Polygon","coordinates":[[[-36.27584,-5.2894775],[-36.3681851,-5.2507817],[-36.4306441,-5.1330971],[-36.4068217,-5.0806932],[-36.3720513,-5.0891997],[-36.3311533,-5.0871124],[-36.2882151,-5.1244677],[-36.2889894,-5.1556378],[-36.2763069,-5.20722],[-36.27584,-5.2894775]]]}},{"type":"Feature","properties":{"level":"municipio","municipality_code":"2404606","municipality_name":"Ielmo Marinho","uf":"RN","state_code":"24","area_km2":312.028},"geometry":{"type":"Polygon","coordinates":[[[-35.4907827,-5.7198684],[-35.4768474,-5.7127576],[-35.4609564,-5.7160212],[-35.4468642,-5.7333584],[-35.4715851,-5.8348248],[-35.4875012,-5.8296879],[-35.5290102,-5.8818086],[-35.5945259,-5.8674851],[-35.6354406,-5.803541],[-35.6564982,-5.7181144],[-35.5576945,-5.7211301],[-35.5474642,-5.7027456],[-35.5473552,-5.70959],[-35.4907827,-5.7198684]]]}},{"type":"Feature","properties":{"level":"municipio","municipality_code":"2404705","municipality_name":"Ipanguaçu","uf":"RN","state_code":"24","area_km2":374.245},"geometry":{"type":"Polygon","coordinates":[[[-36.8824899,-5.5732473],[-36.8991174,-5.5533018],[-36.9037717,-5.5295592],[-36.8860655,-5.4932765],[-36.8711171,-5.4834063],[-36.8742261,-5.458233],[-36.860405,-5.4423424],[-36.6997244,-5.4638126],[-36.6990453,-5.5261481],[-36.7138298,-5.5569109],[-36.7438487,-5.5916197],[-36.771213,-5.6059356],[-36.771435,-5.6163936],[-36.7559849,-5.6225169],[-36.7509838,-5.6468485],[-36.8158933,-5.6426255],[-36.8975261,-5.6034823],[-36.8824899,-5.5732473]]]}},{"type":"Feature","properties":{"level":"municipio","municipality_code":"2404804","municipality_name":"Ipueira","uf":"RN","state_code":"24","area_km2":127.348},"geometry":{"type":"Polygon","coordinates":[[[-37.1969563,-6.8258727],[-37.2345993,-6.824636],[-37.2551439,-6.8110615],[-37.2573268,-6.7803959],[-37.2739493,-6.7667904],[-37.2639208,-6.73217],[-37.2043318,-6.7617339],[-37.1508705,-6.7367518],[-37.0939398,-6.7236441],[-37.0874868,-6.7299782],[-37.0754171,-6.754134],[-37.1289358,-6.765977],[-37.1537077,-6.7997892],[-37.1969563,-6.8258727]]]}},{"type":"Feature","properties":{"level":"municipio","municipality_code":"2404853","municipality_name":"Itajá","uf":"RN","state_code":"24","area_km2":203.624},"geometry":{"type":"Polygon","coordinates":[[[-36.8935658,-5.7108361],[-36.8834449,-5.6396218],[-36.8922334,-5.6308429],[-36.8975261,-5.6034823],[-36.8158933,-5.6426255],[-36.7509838,-5.6468485],[-36.7391312,-5.655959],[-36.7317648,-5.6842923],[-36.7026797,-5.7014333],[-36.7417369,-5.7360697],[-36.7548806,-5.7585556],[-36.7760519,-5.7636222],[-36.7867102,-5.754893],[-36.8050521,-5.7561879],[-36.8491923,-5.7241449],[-36.8616687,-5.7256574],[-36.8935658,-5.7108361]]]}},{"type":"Feature","properties":{"level":"municipio","municipality_code":"2404903","municipality_name":"Itaú","uf":"RN","state_code":"24","area_km2":133.031},"geometry":{"type":"Polygon","coordinates":[[[-37.916795,-5.8549066],[-37.9510039,-5.8635046],[-38.0144351,-5.8542374],[-37.9905162,-5.8290824],[-37.9801271,-5.8331795],[-37.975171,-5.8162992],[-37.9097543,-5.7842051],[-37.8812264,-5.6971325],[-37.8560841,-5.7473796],[-37.8798605,-5.7543189],[-37.8722496,-5.8786529],[-37.9131466,-5.903535],[-37.916795,-5.8549066]]]}},{"type":"Feature","properties":{"level":"municipio","municipality_code":"2405108","municipality_name":"Jandaíra","uf":"RN","state_code":"24","area_km2":442.754},"geometry":{"type":"Polygon","coordinates":[[[-36.1285469,-5.4568166],[-36.1599433,-5.4341125],[-36.2232316,-5.4338742],[-36.27584,-5.2894775],[-36.1568,-5.25553],[-36.0623658,-5.3040149],[-36.0369144,-5.3012398],[-36.012403,-5.3990501],[-35.9997448,-5.4160192],[-35.9924082,-5.4637876],[-36.0276707,-5.4452451],[-36.0633023,-5.4053987],[-36.1285469,-5.4568166]]]}},{"type":"Feature","properties":{"level":"municipio","municipality_code":"2405207","municipality_name":"Janduís","uf":"RN","state_code":"24","area_km2":303.448},"geometry":{"type":"Polygon","coordinates":[[[-37.3759166,-5.9881602],[-37.359054,-6.0060994],[-37.4564953,-6.0966549],[-37.5148102,-6.0645206],[-37.593097,-5.9819198],[-37.5546052,-5.9589446],[-37.5349515,-5.9244733],[-37.5281056,-5.9165769],[-37.5321299,-5.9241452],[-37.4885124,-5.8939936],[-37.4475132,-5.9027185],[-37.4365505,-5.9853802],[-37.4007938,-5.9625404],[-37.3752053,-5.9605832],[-37.3759166,-5.9881602]]]}},{"type":"Feature","properties":{"level":"municipio","municipality_code":"2405306","municipality_name":"Januário Cicco","uf":"RN","state_code":"24","area_km2":167.042},"geometry":{"type":"Polygon","coordinates":[[[-35.5417149,-6.0970755],[-35.535426,-6.1420309],[-35.5504185,-6.1999017],[-35.5766151,-6.2089326],[-35.6039155,-6.2083213],[-35.6160293,-6.197541],[-35.6599873,-6.2222146],[-35.6633165,-6.1979017],[-35.7406454,-6.1826753],[-35.682186,-6.1681726],[-35.6538028,-6.1771941],[-35.638603,-6.1375263],[-35.5707786,-6.0795447],[-35.5577292,-6.0467766],[-35.5433751,-6.0581642],[-35.5317208,-6.0916413],[-35.5417149,-6.0970755]]]}},{"type":"Feature","properties":{"level":"municipio","municipality_code":"2405405","municipality_name":"Japi","uf":"RN","state_code":"24","area_km2":188.99},"geometry":{"type":"Polygon","coordinates":[[[-35.9652415,-6.4843596],[-35.9650148,-6.3878014],[-35.9270776,-6.3728903],[-35.907198,-6.3526091],[-35.8929681,-6.3525935],[-35.8705459,-6.3627822],[-35.868469,-6.3841731],[-35.8431886,-6.3766958],[-35.8545738,-6.4345178],[-35.847266,-6.4391252],[-35.8481035,-6.4516578],[-35.7799261,-6.4832759],[-35.9501542,-6.4923485],[-35.9652415,-6.4843596]]]}},{"type":"Feature","properties":{"level":"municipio","municipality_code":"2405504","municipality_name":"Jardim de Angicos","uf":"RN","state_code":"24","area_km2":254.012},"geometry":{"type":"Polygon","coordinates":[[[-35.9236792,-5.6349347],[-35.9416652,-5.6687785],[-35.9342104,-5.7148749],[-35.9706321,-5.7143069],[-36.0239873,-5.6980122],[-36.0625348,-5.6552868],[-35.9924082,-5.4637876],[-35.9112795,-5.6296611],[-35.9236792,-5.6349347]]]}},{"type":"Feature","properties":{"level":"municipio","municipality_code":"2405603","municipality_name":"Jardim de Piranhas","uf":"RN","state_code":"24","area_km2":330.53},"geometry":{"type":"Polygon","coordinates":[[[-37.3813126,-6.4367989],[-37.39752,-6.4180988],[-37.3971612,-6.4050631],[-37.377541,-6.3693321],[-37.3781181,-6.3470064],[-37.3665279,-6.3255827],[-37.3304244,-6.3063276],[-37.3169756,-6.2786655],[-37.2747265,-6.2814261],[-37.2705525,-6.2517144],[-37.2515274,-6.2264583],[-37.2342715,-6.2132783],[-37.2015813,-6.205704],[-37.1929439,-6.1830798],[-37.174221,-6.1801036],[-37.156923,-6.1524882],[-37.1266757,-6.1568772],[-37.1370151,-6.1698414],[-37.133196,-6.175448],[-37.1589396,-6.19843],[-37.2199109,-6.2306448],[-37.2195321,-6.3680871],[-37.3184792,-6.4546691],[-37.3813126,-6.4367989]]]}},{"type":"Feature","properties":{"level":"municipio","municipality_code":"2405702","municipality_name":"Jardim do Seridó","uf":"RN","state_code":"24","area_km2":367.645},"geometry":{"type":"Polygon","coordinates":[[[-36.6906867,-6.6173414],[-36.7222678,-6.646713],[-36.7444271,-6.6520796],[-36.7648129,-6.6691996],[-36.7862231,-6.6680152],[-36.8160944,-6.6821266],[-36.8524257,-6.6492461],[-36.8664174,-6.6557623],[-36.8705394,-6.6305625],[-36.8923394,-6.6233482],[-36.8930806,-6.6140769],[-36.9182996,-6.6007984],[-36.9309749,-6.5775926],[-36.9513744,-6.570319],[-36.9402875,-6.5612652],[-36.9513563,-6.5222708],[-36.939249,-6.5133383],[-36.921226,-6.5243989],[-36.9023003,-6.5170176],[-36.8360825,-6.5386491],[-36.7491573,-6.5134176],[-36.7035158,-6.5381993],[-36.6950618,-6.557893],[-36.6789762,-6.5513388],[-36.679748,-6.5793492],[-36.6690962,-6.6103056],[-36.6906867,-6.6173414]]]}},{"type":"Feature","properties":{"level":"municipio","municipality_code":"2405009","municipality_name":"Jaçanã","uf":"RN","state_code":"24","area_km2":54.561},"geometry":{"type":"Polygon","coordinates":[[[-36.2202107,-6.4029037],[-36.1773434,-6.4072956],[-36.0964811,-6.4202596],[-36.1117924,-6.4293895],[-36.1437507,-6.4253246],[-36.2497721,-6.4373599],[-36.2511629,-6.4044235],[-36.2952214,-6.3945605],[-36.2988131,-6.3765406],[-36.2963384,-6.3704104],[-36.2658325,-6.3798701],[-36.2202107,-6.4029037]]]}},{"type":"Feature","properties":{"level":"municipio","municipality_code":"2406007","municipality_name":"José da Penha","uf":"RN","state_code":"24","area_km2":117.635},"geometry":{"type":"Polygon","coordinates":[[[-38.2752583,-6.3783546],[-38.3166429,-6.3838265],[-38.3365803,-6.3742009],[-38.3319554,-6.3034413],[-38.2975736,-6.2780668],[-38.2565808,-6.2811334],[-38.2476409,-6.2897238],[-38.2474825,-6.3337788],[-38.2253266,-6.3570302],[-38.2380651,-6.370249],[-38.2526778,-6.4183755],[-38.2582453,-6.4054593],[-38.2866993,-6.3917571],[-38.2752583,-6.3783546]]]}},{"type":"Feature","properties":{"level":"municipio","municipality_code":"2405801","municipality_name":"João Câmara","uf":"RN","state_code":"24","area_km2":714.971},"geometry":{"type":"Polygon","coordinates":[[[-35.7627916,-5.6384176],[-35.8326286,-5.6105491],[-35.8638695,-5.6118793],[-35.8685366,-5.605365],[-35.8704653,-5.6215468],[-35.8834542,-5.6309484],[-35.8983768,-5.6243034],[-35.9112795,-5.6296611],[-35.9924082,-5.4637876],[-35.9997448,-5.4160192],[-36.012403,-5.3990501],[-35.9754704,-5.3321015],[-35.8318886,-5.3060822],[-35.8142133,-5.4647787],[-35.797925,-5.4611846],[-35.7772166,-5.4428255],[-35.7450602,-5.4582789],[-35.7468119,-5.6196922],[-35.7570915,-5.6279649],[-35.7728407,-5.6196739],[-35.7627916,-5.6384176]]]}},{"type":"Feature","properties":{"level":"municipio","municipality_code":"2405900","municipality_name":"João Dias","uf":"RN","state_code":"24","area_km2":88.173},"geometry":{"type":"Polygon","coordinates":[[[-37.8068478,-6.2562541],[-37.7766132,-6.2458749],[-37.7617411,-6.2528734],[-37.7714219,-6.2730651],[-37.7576625,-6.2907722],[-37.810421,-6.291658],[-37.8240301,-6.3060337],[-37.814755,-6.3151432],[-37.8431953,-6.3330881],[-37.9008228,-6.3183184],[-37.908096,-6.2851899],[-37.8469172,-6.254475],[-37.8068478,-6.2562541]]]}},{"type":"Feature","properties":{"level":"municipio","municipality_code":"2406106","municipality_name":"Jucurutu","uf":"RN","state_code":"24","area_km2":933.73},"geometry":{"type":"Polygon","coordinates":[[[-36.9647707,-5.9246883],[-36.9505097,-5.9304203],[-36.936598,-5.9683548],[-36.9148285,-5.9656209],[-36.9067678,-5.9754599],[-36.8922538,-5.9771524],[-36.8694923,-5.9726892],[-36.8489573,-6.0103315],[-36.8546483,-6.0252704],[-36.8480649,-6.0362099],[-36.8677875,-6.0484806],[-36.8697442,-6.060958],[-36.8987268,-6.0857739],[-36.9211643,-6.0820477],[-36.9340489,-6.088957],[-36.9244638,-6.1319944],[-36.9018606,-6.1342808],[-36.894196,-6.1452928],[-36.8921508,-6.1766168],[-36.911477,-6.1863365],[-36.9216781,-6.1814591],[-36.9710557,-6.191305],[-37.0031195,-6.2216917],[-37.0333576,-6.226494],[-37.0629434,-6.2182177],[-37.0700798,-6.2374759],[-37.0816263,-6.2406443],[-37.1165698,-6.2061904],[-37.1319475,-6.2084262],[-37.129195,-6.1925501],[-37.1407196,-6.1809518],[-37.1266757,-6.1568772],[-37.166381,-6.1539088],[-37.1750961,-6.1421831],[-37.1667862,-6.1086455],[-37.1755462,-6.0529347],[-37.154491,-5.9925518],[-37.1221629,-5.9548714],[-37.0669226,-5.9846024],[-37.0354678,-5.8907436],[-37.0153571,-5.8708465],[-37.0096578,-5.8371247],[-36.9774003,-5.8136212],[-36.9660317,-5.846299],[-36.9368039,-5.8658792],[-36.9594936,-5.8992582],[-36.9722501,-5.9048074],[-36.9647707,-5.9246883]]]}},{"type":"Feature","properties":{"level":"municipio","municipality_code":"2406155","municipality_name":"Jundiá","uf":"RN","state_code":"24","area_km2":44.641},"geometry":{"type":"Polygon","coordinates":[[[-35.3667661,-6.30133],[-35.3454269,-6.1953198],[-35.3393719,-6.1854459],[-35.3189557,-6.1909586],[-35.333133,-6.3137929],[-35.3489289,-6.3145079],[-35.3667661,-6.30133]]]}},{"type":"Feature","properties":{"level":"municipio","municipality_code":"2406502","municipality_name":"Lagoa Nova","uf":"RN","state_code":"24","area_km2":176.302},"geometry":{"type":"Polygon","coordinates":[[[-36.4282686,-6.0881269],[-36.3985738,-6.1174942],[-36.4242084,-6.130932],[-36.4290673,-6.1417894],[-36.4289773,-6.1126771],[-36.4599029,-6.1153012],[-36.5032987,-6.137426],[-36.5090465,-6.121959],[-36.4871778,-6.111866],[-36.4949667,-6.1034445],[-36.5031035,-6.1079824],[-36.5026708,-6.0984089],[-36.5183617,-6.102262],[-36.5146949,-6.1083911],[-36.5263051,-6.1138034],[-36.5302878,-6.1303952],[-36.5479811,-6.1437948],[-36.5531594,-6.1313539],[-36.5724729,-6.1320266],[-36.5783217,-6.1414123],[-36.5800748,-6.131571],[-36.5910709,-6.1397937],[-36.5995699,-6.1251275],[-36.6223072,-6.1317646],[-36.6387154,-6.0890082],[-36.5217886,-6.0466706],[-36.4441675,-6.04142],[-36.4282686,-6.0881269]]]}},{"type":"Feature","properties":{"level":"municipio","municipality_code":"2406601","municipality_name":"Lagoa Salgada","uf":"RN","state_code":"24","area_km2":79.128},"geometry":{"type":"Polygon","coordinates":[[[-35.5002211,-6.1121473],[-35.4437408,-6.1405511],[-35.445491,-6.1541122],[-35.5270378,-6.2013121],[-35.5504185,-6.1999017],[-35.535426,-6.1420309],[-35.5417149,-6.0970755],[-35.5265216,-6.0905394],[-35.5002211,-6.1121473]]]}},{"type":"Feature","properties":{"level":"municipio","municipality_code":"2406205","municipality_name":"Lagoa d'Anta","uf":"RN","state_code":"24","area_km2":104.065},"geometry":{"type":"Polygon","coordinates":[[[-35.5586737,-6.4304197],[-35.671556,-6.4152326],[-35.6830217,-6.3581066],[-35.6699292,-6.3487003],[-35.6690539,-6.3094552],[-35.6155498,-6.3499337],[-35.5970246,-6.3858399],[-35.5550372,-6.3910185],[-35.544243,-6.4173793],[-35.5585648,-6.4223755],[-35.5586737,-6.4304197]]]}},{"type":"Feature","properties":{"level":"municipio","municipality_code":"2406304","municipality_name":"Lagoa de Pedras","uf":"RN","state_code":"24","area_km2":117.971},"geometry":{"type":"Polygon","coordinates":[[[-35.4704437,-6.2302596],[-35.5677211,-6.2057416],[-35.559615,-6.1982188],[-35.5270378,-6.2013121],[-35.445491,-6.1541122],[-35.4454766,-6.1419885],[-35.4233197,-6.1326938],[-35.4135105,-6.132416],[-35.3813898,-6.1584597],[-35.40302,-6.2103246],[-35.4364252,-6.2534265],[-35.4704437,-6.2302596]]]}},{"type":"Feature","properties":{"level":"municipio","municipality_code":"2406403","municipality_name":"Lagoa de Velhos","uf":"RN","state_code":"24","area_km2":111.607},"geometry":{"type":"Polygon","coordinates":[[[-35.8225271,-6.0731758],[-35.9248041,-6.0106325],[-35.834772,-5.9470964],[-35.7783375,-6.015875],[-35.8225271,-6.0731758]]]}},{"type":"Feature","properties":{"level":"municipio","municipality_code":"2406700","municipality_name":"Lajes","uf":"RN","state_code":"24","area_km2":676.626},"geometry":{"type":"Polygon","coordinates":[[[-36.2682465,-5.6955097],[-36.1797285,-5.4775326],[-36.2232316,-5.4338742],[-36.1599433,-5.4341125],[-36.1285469,-5.4568166],[-36.1409006,-5.5002395],[-36.1719788,-5.5446795],[-36.1436944,-5.5669364],[-36.143165,-5.591526],[-36.0625348,-5.6552868],[-36.1156034,-5.8091789],[-36.1178394,-5.8590513],[-36.137413,-5.8639477],[-36.1563705,-5.8495257],[-36.1800221,-5.853469],[-36.1968193,-5.8831166],[-36.2128787,-5.8737258],[-36.2241794,-5.8999534],[-36.2590991,-5.8630683],[-36.2539636,-5.8310436],[-36.284752,-5.8592915],[-36.2682465,-5.6955097]]]}},{"type":"Feature","properties":{"level":"municipio","municipality_code":"2406809","municipality_name":"Lajes Pintadas","uf":"RN","state_code":"24","area_km2":130.211},"geometry":{"type":"Polygon","coordinates":[[[-36.1337594,-6.2105728],[-36.157538,-6.1660433],[-36.2261988,-6.1641242],[-36.2245044,-6.1414887],[-36.1737672,-6.1217407],[-36.1629062,-6.1064721],[-36.1286442,-6.0902449],[-36.1171524,-6.0917213],[-36.1163806,-6.104431],[-36.0854708,-6.0967511],[-36.0778611,-6.1961458],[-36.1337594,-6.2105728]]]}},{"type":"Feature","properties":{"level":"municipio","municipality_code":"2406908","municipality_name":"Lucrécia","uf":"RN","state_code":"24","area_km2":30.931},"geometry":{"type":"Polygon","coordinates":[[[-37.79736,-6.1505867],[-37.8639581,-6.1039804],[-37.8323788,-6.0822113],[-37.8458225,-6.0569063],[-37.7890412,-6.090894],[-37.7961552,-6.1011251],[-37.805921,-6.0985686],[-37.811249,-6.1199434],[-37.79736,-6.1505867]]]}},{"type":"Feature","properties":{"level":"municipio","municipality_code":"2407005","municipality_name":"Luís Gomes","uf":"RN","state_code":"24","area_km2":166.638},"geometry":{"type":"Polygon","coordinates":[[[-38.3845344,-6.4222195],[-38.3993194,-6.4097925],[-38.438344,-6.4098748],[-38.4507918,-6.3927655],[-38.4864903,-6.3977484],[-38.4885614,-6.3616086],[-38.446858,-6.3191719],[-38.4086643,-6.2934575],[-38.3964748,-6.3186597],[-38.3945646,-6.3450947],[-38.331297,-6.3287361],[-38.3438017,-6.4566518],[-38.3609756,-6.4619875],[-38.3637905,-6.453642],[-38.373663,-6.455781],[-38.3845344,-6.4222195]]]}},{"type":"Feature","properties":{"level":"municipio","municipality_code":"2407203","municipality_name":"Macau","uf":"RN","state_code":"24","area_km2":775.302},"geometry":{"type":"Polygon","coordinates":[[[-36.7155904,-5.0808986],[-36.6133961,-5.0943336],[-36.6104093,-5.0784421],[-36.5812429,-5.0890186],[-36.5440385,-5.088894],[-36.5344406,-5.0711595],[-36.5035414,-5.0618025],[-36.4739123,-5.0696945],[-36.4492302,-5.0664439],[-36.4068217,-5.0806932],[-36.4306441,-5.1330971],[-36.3681851,-5.2507817],[-36.3803412,-5.2712678],[-36.3833405,-5.3180147],[-36.4145063,-5.3377376],[-36.4398685,-5.3698814],[-36.5156261,-5.4022381],[-36.5147749,-5.3018874],[-36.5421022,-5.3015108],[-36.5351546,-5.2646265],[-36.5575497,-5.2208167],[-36.7291158,-5.1750295],[-36.7214449,-5.1353875],[-36.7305574,-5.1330507],[-36.7304294,-5.1184729],[-36.7194948,-5.1194083],[-36.7173364,-5.1115215],[-36.7399681,-5.1066491],[-36.7514743,-5.0958093],[-36.7155904,-5.0808986]]]}},{"type":"Feature","properties":{"level":"municipio","municipality_code":"2407104","municipality_name":"Macaíba","uf":"RN","state_code":"24","area_km2":510.092},"geometry":{"type":"Polygon","coordinates":[[[-35.43195,-5.8452361],[-35.3010803,-5.8397043],[-35.2819698,-5.8294725],[-35.2960851,-5.9582385],[-35.546735,-6.0539548],[-35.5577292,-6.0467766],[-35.5374012,-5.9956844],[-35.5556165,-5.9484955],[-35.5722267,-5.9323081],[-35.4875012,-5.8296879],[-35.43195,-5.8452361]]]}},{"type":"Feature","properties":{"level":"municipio","municipality_code":"2407252","municipality_name":"Major Sales","uf":"RN","state_code":"24","area_km2":31.971},"geometry":{"type":"Polygon","coordinates":[[[-38.34758,-6.4480136],[-38.3365803,-6.3742009],[-38.3166429,-6.3838265],[-38.3095146,-6.3776673],[-38.2752583,-6.3783546],[-38.3068367,-6.4260803],[-38.34758,-6.4480136]]]}},{"type":"Feature","properties":{"level":"municipio","municipality_code":"2407302","municipality_name":"Marcelino Vieira","uf":"RN","state_code":"24","area_km2":345.711},"geometry":{"type":"Polygon","coordinates":[[[-38.1837285,-6.2039345],[-38.1291504,-6.1758313],[-38.0573036,-6.1957332],[-38.0635432,-6.2536132],[-38.0975422,-6.3145093],[-38.1036144,-6.3562599],[-38.1647079,-6.3867563],[-38.1883577,-6.3617346],[-38.2031085,-6.3807817],[-38.2384518,-6.3855888],[-38.2380651,-6.370249],[-38.2253266,-6.3570302],[-38.2474825,-6.3337788],[-38.2476409,-6.2897238],[-38.2585066,-6.2756124],[-38.249128,-6.2492579],[-38.1939225,-6.2205792],[-38.1837285,-6.2039345]]]}},{"type":"Feature","properties":{"level":"municipio","municipality_code":"2407401","municipality_name":"Martins","uf":"RN","state_code":"24","area_km2":169.464},"geometry":{"type":"Polygon","coordinates":[[[-37.9099739,-6.1405859],[-37.9252473,-6.143386],[-37.9200811,-6.1457203],[-37.9222828,-6.1649729],[-37.9268537,-6.1550835],[-37.9331496,-6.1656209],[-37.9470786,-6.1604761],[-37.9404166,-6.154853],[-37.9496158,-6.1517045],[-37.9395572,-6.1227036],[-37.941054,-6.0992458],[-37.9809908,-6.0755549],[-37.943208,-6.0098317],[-37.9348752,-6.0171962],[-37.9339269,-6.00427],[-37.8971521,-6.0079168],[-37.8615486,-6.0308928],[-37.8323788,-6.0822113],[-37.8658771,-6.1069435],[-37.8576765,-6.1232189],[-37.8802074,-6.1204073],[-37.8701575,-6.1455798],[-37.8940837,-6.1737095],[-37.9073912,-6.1745626],[-37.8944627,-6.1540483],[-37.914814,-6.1648466],[-37.9081711,-6.1587934],[-37.9147767,-6.1501318],[-37.9022822,-6.149048],[-37.9099739,-6.1405859]]]}},{"type":"Feature","properties":{"level":"municipio","municipality_code":"2407500","municipality_name":"Maxaranguape","uf":"RN","state_code":"24","area_km2":132.129},"geometry":{"type":"Polygon","coordinates":[[[-35.2752407,-5.5017041],[-35.2974983,-5.4870678],[-35.3288983,-5.4901463],[-35.3582279,-5.4696211],[-35.4035148,-5.4645963],[-35.4122336,-5.45723],[-35.433832,-5.4689156],[-35.4543351,-5.4698262],[-35.4709059,-5.4858163],[-35.501806,-5.4923037],[-35.4815783,-5.4533656],[-35.4136925,-5.4364829],[-35.4011488,-5.4372399],[-35.3876812,-5.4525718],[-35.3738487,-5.4168634],[-35.3218609,-5.3768775],[-35.309941,-5.3906522],[-35.308045,-5.4147382],[-35.2924119,-5.4266751],[-35.2880024,-5.4605602],[-35.2728383,-5.4790545],[-35.2595843,-5.4817138],[-35.2564774,-5.5302647],[-35.2752407,-5.5017041]]]}},{"type":"Feature","properties":{"level":"municipio","municipality_code":"2407609","municipality_name":"Messias Targino","uf":"RN","state_code":"24","area_km2":142.608},"geometry":{"type":"Polygon","coordinates":[[[-37.4564953,-6.0966549],[-37.359054,-6.0060994],[-37.3826354,-6.0669185],[-37.3741644,-6.0699589],[-37.378783,-6.0851326],[-37.3921836,-6.1081733],[-37.4456931,-6.1122014],[-37.4589474,-6.1450022],[-37.4829911,-6.151681],[-37.5033963,-6.1443966],[-37.5028908,-6.1521405],[-37.5218769,-6.1517911],[-37.5773795,-6.0339896],[-37.5573906,-6.0159821],[-37.5148102,-6.0645206],[-37.4564953,-6.0966549]]]}},{"type":"Feature","properties":{"level":"municipio","municipality_code":"2407708","municipality_name":"Montanhas","uf":"RN","state_code":"24","area_km2":82.214},"geometry":{"type":"Polygon","coordinates":[[[-35.2740026,-6.4820324],[-35.2244294,-6.5216328],[-35.2297786,-6.5303291],[-35.2745652,-6.5438778],[-35.3412638,-6.5386169],[-35.3143609,-6.4496055],[-35.2781292,-6.4493011],[-35.2740026,-6.4820324]]]}},{"type":"Feature","properties":{"level":"municipio","municipality_code":"2407807","municipality_name":"Monte Alegre","uf":"RN","state_code":"24","area_km2":211.259},"geometry":{"type":"Polygon","coordinates":[[[-35.2984258,-6.066399],[-35.3226091,-6.1094527],[-35.3260895,-6.1408299],[-35.3523816,-6.1819666],[-35.4135105,-6.132416],[-35.4437408,-6.1405511],[-35.4655448,-6.1216077],[-35.5002211,-6.1121473],[-35.5341958,-6.0902336],[-35.5453893,-6.0556329],[-35.5087298,-6.05135],[-35.4883849,-6.0629489],[-35.4926364,-6.0745291],[-35.4565571,-6.0784504],[-35.4426375,-6.0619025],[-35.4322079,-6.0654621],[-35.426796,-6.0462172],[-35.4115977,-6.0537865],[-35.3912874,-6.0518424],[-35.3794578,-6.0608911],[-35.3232591,-6.0482488],[-35.2984258,-6.066399]]]}},{"type":"Feature","properties":{"level":"municipio","municipality_code":"2407906","municipality_name":"Monte das Gameleiras","uf":"RN","state_code":"24","area_km2":71.946},"geometry":{"type":"Polygon","coordinates":[[[-35.7733237,-6.4828441],[-35.8481035,-6.4516578],[-35.847266,-6.4391252],[-35.8545738,-6.4345178],[-35.8434425,-6.3777729],[-35.7734498,-6.4076443],[-35.7646792,-6.4186136],[-35.76648,-6.4437095],[-35.7762276,-6.4509874],[-35.7733237,-6.4828441]]]}},{"type":"Feature","properties":{"level":"municipio","municipality_code":"2408003","municipality_name":"Mossoró","uf":"RN","state_code":"24","area_km2":2099.334},"geometry":{"type":"Polygon","coordinates":[[[-37.295785,-5.3913969],[-37.4259809,-5.3112157],[-37.5830954,-5.2779323],[-37.4885792,-5.0168963],[-37.497259,-5.0110424],[-37.4984269,-4.9965104],[-37.4920349,-4.9230679],[-37.469025,-4.8993275],[-37.4670813,-4.8859247],[-37.4464459,-4.8809614],[-37.4272596,-4.9114941],[-37.3650723,-4.9074404],[-37.3452639,-4.9350106],[-37.2087695,-4.9916732],[-37.1766621,-4.9702006],[-37.1666943,-5.0150407],[-37.136649,-5.0050526],[-37.1322403,-5.0117415],[-37.1317555,-5.0304874],[-37.153108,-5.0484044],[-37.1528096,-5.0764876],[-37.1409544,-5.1011828],[-37.1054099,-5.1326901],[-37.111091,-5.1665542],[-37.1564879,-5.1666626],[-37.155839,-5.2938916],[-37.1261353,-5.2934245],[-37.1727593,-5.4904923],[-37.2946706,-5.4778988],[-37.3019954,-5.4434305],[-37.2932851,-5.4172293],[-37.303615,-5.3977294],[-37.295785,-5.3913969]]]}},{"type":"Feature","properties":{"level":"municipio","municipality_code":"2408102","municipality_name":"Natal","uf":"RN","state_code":"24","area_km2":167.401},"geometry":{"type":"Polygon","coordinates":[[[-35.2179354,-5.8685737],[-35.2250628,-5.8810928],[-35.2428632,-5.864911],[-35.2825327,-5.8495792],[-35.2815154,-5.8220447],[-35.2555439,-5.8050285],[-35.2475614,-5.7822452],[-35.2881069,-5.7588723],[-35.2910666,-5.7309457],[-35.2655357,-5.7040489],[-35.2371107,-5.7145994],[-35.1943353,-5.7551738],[-35.1925949,-5.7809322],[-35.1792424,-5.7989714],[-35.1788124,-5.8663642],[-35.1690885,-5.8819446],[-35.1539268,-5.8829519],[-35.1541066,-5.8978341],[-35.1761953,-5.8998177],[-35.2179354,-5.8685737]]]}},{"type":"Feature","properties":{"level":"municipio","municipality_code":"2408300","municipality_name":"Nova Cruz","uf":"RN","state_code":"24","area_km2":277.319},"geometry":{"type":"Polygon","coordinates":[[[-35.435321,-6.4887773],[-35.4426522,-6.4793735],[-35.4466974,-6.4868433],[-35.460046,-6.4767784],[-35.4771393,-6.4868523],[-35.5252965,-6.4760978],[-35.5616681,-6.4926448],[-35.5805324,-6.4871114],[-35.5805235,-6.4705572],[-35.5585648,-6.4223755],[-35.5176141,-6.4062973],[-35.4473787,-6.4144183],[-35.4471483,-6.4057552],[-35.4092084,-6.381516],[-35.386243,-6.3904884],[-35.3729421,-6.4055017],[-35.350219,-6.4088153],[-35.3369675,-6.3960931],[-35.3081988,-6.4048626],[-35.3117779,-6.4105055],[-35.3003193,-6.4188655],[-35.3145812,-6.4415973],[-35.3412638,-6.5386169],[-35.3645125,-6.5120405],[-35.3947555,-6.4940336],[-35.435321,-6.4887773]]]}},{"type":"Feature","properties":{"level":"municipio","municipality_code":"2408201","municipality_name":"Nísia Floresta","uf":"RN","state_code":"24","area_km2":307.719},"geometry":{"type":"Polygon","coordinates":[[[-35.0963025,-6.0572878],[-35.0978139,-6.1397538],[-35.111156,-6.1345829],[-35.1275672,-6.1459932],[-35.1316849,-6.1367066],[-35.1384181,-6.1422357],[-35.1604802,-6.1355027],[-35.1569129,-6.1508102],[-35.1745118,-6.1645423],[-35.2202691,-6.170779],[-35.233611,-6.1156],[-35.234549,-6.1014973],[-35.2260593,-6.1066309],[-35.228072,-6.0734489],[-35.2375449,-6.0682521],[-35.2303182,-5.9738052],[-35.2353832,-5.9516831],[-35.2444027,-5.9518805],[-35.2092364,-5.9340987],[-35.1827162,-5.9377796],[-35.1297866,-5.9821204],[-35.1143447,-5.9859559],[-35.1062298,-6.0069172],[-35.1093723,-6.0455845],[-35.0963025,-6.0572878]]]}},{"type":"Feature","properties":{"level":"municipio","municipality_code":"2408409","municipality_name":"Olho d'Água do Borges","uf":"RN","state_code":"24","area_km2":136.393},"geometry":{"type":"Polygon","coordinates":[[[-37.7061776,-6.0485724],[-37.7349443,-6.0330201],[-37.7407476,-6.0131745],[-37.7734655,-5.9998511],[-37.7659581,-5.9926762],[-37.7702472,-5.9531166],[-37.7129948,-5.9190553],[-37.6485763,-5.9413121],[-37.6569641,-5.9919747],[-37.6745162,-6.0173823],[-37.6724496,-6.0479335],[-37.7061776,-6.0485724]]]}},{"type":"Feature","properties":{"level":"municipio","municipality_code":"2408508","municipality_name":"Ouro Branco","uf":"RN","state_code":"24","area_km2":253.21},"geometry":{"type":"Polygon","coordinates":[[[-37.0035912,-6.7096123],[-36.9798218,-6.6415649],[-36.9806201,-6.6171364],[-36.9309749,-6.5775926],[-36.9182996,-6.6007984],[-36.8930806,-6.6140769],[-36.8910811,-6.6241801],[-36.8705394,-6.6305625],[-36.8664174,-6.6557623],[-36.8524257,-6.6492461],[-36.8166882,-6.679581],[-36.8426458,-6.6746238],[-36.850764,-6.6896111],[-36.8382938,-6.7062927],[-36.8350296,-6.7310709],[-36.9034284,-6.7536148],[-36.9571355,-6.7904782],[-36.9526628,-6.7751531],[-36.9707082,-6.7682991],[-36.9776218,-6.7218552],[-36.9899411,-6.7091501],[-37.0035912,-6.7096123]]]}},{"type":"Feature","properties":{"level":"municipio","municipality_code":"2408607","municipality_name":"Paraná","uf":"RN","state_code":"24","area_km2":81.39},"geometry":{"type":"Polygon","coordinates":[[[-38.2581112,-6.4057703],[-38.2290219,-6.4833466],[-38.2565311,-6.4832094],[-38.2887198,-6.5056173],[-38.2940286,-6.4894014],[-38.3140874,-6.4873324],[-38.3284375,-6.460656],[-38.3393247,-6.460126],[-38.34758,-6.4480136],[-38.3068367,-6.4260803],[-38.2866993,-6.3917571],[-38.2581112,-6.4057703]]]}},{"type":"Feature","properties":{"level":"municipio","municipality_code":"2408805","municipality_name":"Parazinho","uf":"RN","state_code":"24","area_km2":231.007},"geometry":{"type":"Polygon","coordinates":[[[-35.8376762,-5.2272696],[-35.8318886,-5.3060822],[-35.9754704,-5.3321015],[-36.012403,-5.3990501],[-36.0369144,-5.3012398],[-36.0508177,-5.2987559],[-36.0019486,-5.2561093],[-35.9521544,-5.2373809],[-35.8318646,-5.2100244],[-35.8376762,-5.2272696]]]}},{"type":"Feature","properties":{"level":"municipio","municipality_code":"2408706","municipality_name":"Paraú","uf":"RN","state_code":"24","area_km2":383.214},"geometry":{"type":"Polygon","coordinates":[[[-37.0357884,-5.8910086],[-37.1487305,-5.8663424],[-37.1949588,-5.8237407],[-37.1794884,-5.8190609],[-37.2254043,-5.7898362],[-37.2205789,-5.717497],[-37.2035004,-5.7251301],[-37.1854441,-5.7166812],[-37.1767779,-5.7236936],[-37.104594,-5.6562215],[-37.0545605,-5.745788],[-36.9940975,-5.771708],[-37.0357884,-5.8910086]]]}},{"type":"Feature","properties":{"level":"municipio","municipality_code":"2408904","municipality_name":"Parelhas","uf":"RN","state_code":"24","area_km2":513.507},"geometry":{"type":"Polygon","coordinates":[[[-36.63681,-6.8182079],[-36.651717,-6.8173999],[-36.6602199,-6.8267329],[-36.6761992,-6.8172412],[-36.6972539,-6.8333816],[-36.7109191,-6.8160956],[-36.7260208,-6.8166025],[-36.7314975,-6.8024768],[-36.7050497,-6.744345],[-36.7112711,-6.7352526],[-36.7016202,-6.7059531],[-36.7163316,-6.7062968],[-36.7066488,-6.6799396],[-36.7163872,-6.6664141],[-36.7342103,-6.6611101],[-36.6977712,-6.6196496],[-36.6690962,-6.6103056],[-36.679748,-6.5793492],[-36.6364058,-6.5924017],[-36.5875073,-6.5847987],[-36.5500253,-6.6080235],[-36.5207427,-6.6106016],[-36.5474152,-6.6951497],[-36.5588804,-6.7091075],[-36.5442045,-6.7312035],[-36.5277658,-6.7349449],[-36.5025608,-6.7576247],[-36.5069378,-6.8130054],[-36.5502051,-6.8435512],[-36.5679429,-6.8354643],[-36.5748821,-6.8062326],[-36.6170004,-6.8004616],[-36.63681,-6.8182079]]]}},{"type":"Feature","properties":{"level":"municipio","municipality_code":"2403251","municipality_name":"Parnamirim","uf":"RN","state_code":"24","area_km2":124.006},"geometry":{"type":"Polygon","coordinates":[[[-35.2502809,-5.9617551],[-35.2960851,-5.9582385],[-35.2824141,-5.8498172],[-35.2428632,-5.864911],[-35.2250628,-5.8810928],[-35.2179354,-5.8685737],[-35.1761953,-5.8998177],[-35.1541066,-5.8978341],[-35.1509603,-5.95375],[-35.1430161,-5.9647323],[-35.1288656,-5.967219],[-35.1209786,-5.9817212],[-35.1297866,-5.9821204],[-35.1827162,-5.9377796],[-35.2040499,-5.9334943],[-35.2402352,-5.949041],[-35.2502809,-5.9617551]]]}},{"type":"Feature","properties":{"level":"municipio","municipality_code":"2409100","municipality_name":"Passa e Fica","uf":"RN","state_code":"24","area_km2":44.105},"geometry":{"type":"Polygon","coordinates":[[[-35.6168742,-6.462633],[-35.6601643,-6.4452787],[-35.6653275,-6.4499606],[-35.6713009,-6.4141036],[-35.5584357,-6.4304395],[-35.5813826,-6.484058],[-35.6001881,-6.4606106],[-35.6168742,-6.462633]]]}},{"type":"Feature","properties":{"level":"municipio","municipality_code":"2409209","municipality_name":"Passagem","uf":"RN","state_code":"24","area_km2":41.215},"geometry":{"type":"Polygon","coordinates":[[[-35.4051482,-6.2635261],[-35.4013602,-6.24539],[-35.3581296,-6.2498125],[-35.3884804,-6.3228452],[-35.4253549,-6.3193624],[-35.4255507,-6.2805772],[-35.4051482,-6.2635261]]]}},{"type":"Feature","properties":{"level":"municipio","municipality_code":"2409308","municipality_name":"Patu","uf":"RN","state_code":"24","area_km2":319.135},"geometry":{"type":"Polygon","coordinates":[[[-37.6800915,-6.189157],[-37.7089966,-6.177004],[-37.6744157,-6.0675992],[-37.6745162,-6.0173823],[-37.6569641,-5.9919747],[-37.6485763,-5.9413121],[-37.5573906,-6.0159821],[-37.5773795,-6.0339896],[-37.5218769,-6.1517911],[-37.5363508,-6.152836],[-37.539995,-6.1659303],[-37.5606527,-6.1645319],[-37.5696205,-6.1554387],[-37.5999132,-6.174011],[-37.6384756,-6.179837],[-37.6467119,-6.1893923],[-37.6800915,-6.189157]]]}},{"type":"Feature","properties":{"level":"municipio","municipality_code":"2409407","municipality_name":"Pau dos Ferros","uf":"RN","state_code":"24","area_km2":259.959},"geometry":{"type":"Polygon","coordinates":[[[-38.2071918,-6.1555703],[-38.249116,-6.1637941],[-38.2495734,-6.1359308],[-38.2669657,-6.1121507],[-38.2613341,-6.0748677],[-38.2749004,-6.0657988],[-38.2525691,-6.0431031],[-38.2521719,-6.0101576],[-38.2154552,-6.0241085],[-38.1777079,-6.0563141],[-38.1476678,-6.0960639],[-38.0437819,-6.1259893],[-38.0416603,-6.1691026],[-38.0549143,-6.1610256],[-38.0573036,-6.1957332],[-38.1291504,-6.1758313],[-38.1696401,-6.1940569],[-38.1617269,-6.1847619],[-38.1685282,-6.1748847],[-38.2071918,-6.1555703]]]}},{"type":"Feature","properties":{"level":"municipio","municipality_code":"2409506","municipality_name":"Pedra Grande","uf":"RN","state_code":"24","area_km2":221.167},"geometry":{"type":"Polygon","coordinates":[[[-35.9082574,-5.059478],[-35.79092,-5.0774035],[-35.8318646,-5.2100244],[-35.9521544,-5.2373809],[-35.9082574,-5.059478]]]}},{"type":"Feature","properties":{"level":"municipio","municipality_code":"2409605","municipality_name":"Pedra Preta","uf":"RN","state_code":"24","area_km2":294.985},"geometry":{"type":"Polygon","coordinates":[[[-36.0625348,-5.6552868],[-36.143165,-5.591526],[-36.1436944,-5.5669364],[-36.1719788,-5.5446795],[-36.1409006,-5.5002395],[-36.1285469,-5.4568166],[-36.0633023,-5.4053987],[-36.0276707,-5.4452451],[-35.9924082,-5.4637876],[-36.0625348,-5.6552868]]]}},{"type":"Feature","properties":{"level":"municipio","municipality_code":"2409704","municipality_name":"Pedro Avelino","uf":"RN","state_code":"24","area_km2":952.755},"geometry":{"type":"Polygon","coordinates":[[[-36.27584,-5.2894775],[-36.2232316,-5.4338742],[-36.1797285,-5.4775326],[-36.2622376,-5.6798836],[-36.306954,-5.6502609],[-36.4699073,-5.5983724],[-36.4398685,-5.3698814],[-36.4145063,-5.3377376],[-36.3812685,-5.3148664],[-36.3803412,-5.2712678],[-36.3681851,-5.2507817],[-36.27584,-5.2894775]]]}},{"type":"Feature","properties":{"level":"municipio","municipality_code":"2409803","municipality_name":"Pedro Velho","uf":"RN","state_code":"24","area_km2":192.708},"geometry":{"type":"Polygon","coordinates":[[[-35.2244294,-6.5216328],[-35.2753732,-6.4809371],[-35.2781292,-6.4493011],[-35.3151691,-6.4460876],[-35.3003193,-6.4188655],[-35.3117779,-6.4105055],[-35.3096188,-6.4031122],[-35.2728678,-6.3707807],[-35.2567071,-6.3899038],[-35.2316469,-6.4030729],[-35.2291647,-6.4203639],[-35.1879757,-6.4149106],[-35.1804796,-6.4325451],[-35.171443,-6.4305246],[-35.1458071,-6.5527598],[-35.1702989,-6.5583926],[-35.1994746,-6.5499441],[-35.2193742,-6.5175103],[-35.2244294,-6.5216328]]]}},{"type":"Feature","properties":{"level":"municipio","municipality_code":"2409902","municipality_name":"Pendências","uf":"RN","state_code":"24","area_km2":419.137},"geometry":{"type":"Polygon","coordinates":[[[-36.7253909,-5.2616177],[-36.7256759,-5.2294757],[-36.7153322,-5.2144968],[-36.7291158,-5.1750295],[-36.5575497,-5.2208167],[-36.5351546,-5.2646265],[-36.5421022,-5.3015108],[-36.5147749,-5.3018874],[-36.5156261,-5.4022381],[-36.5373818,-5.4127957],[-36.5554144,-5.3949067],[-36.6643624,-5.3721804],[-36.754561,-5.272676],[-36.7253909,-5.2616177]]]}},{"type":"Feature","properties":{"level":"municipio","municipality_code":"2410009","municipality_name":"Pilões","uf":"RN","state_code":"24","area_km2":82.69},"geometry":{"type":"Polygon","coordinates":[[[-38.0635432,-6.2536132],[-37.9633304,-6.2564547],[-37.9839064,-6.3106321],[-38.035653,-6.3215892],[-38.0434827,-6.3205767],[-38.0434629,-6.3124872],[-38.0747381,-6.3140034],[-38.0893925,-6.3170558],[-38.0889397,-6.3331348],[-38.0998415,-6.3302954],[-38.0635432,-6.2536132]]]}},{"type":"Feature","properties":{"level":"municipio","municipality_code":"2410207","municipality_name":"Portalegre","uf":"RN","state_code":"24","area_km2":110.054},"geometry":{"type":"Polygon","coordinates":[[[-37.9622096,-6.0511452],[-38.0096989,-6.0963732],[-38.0105328,-6.0884361],[-38.0252531,-6.0838548],[-38.0333598,-6.0599888],[-38.0679851,-6.0760953],[-38.0700723,-6.0667262],[-38.0543652,-6.0445651],[-38.0759993,-6.0428013],[-38.075902,-6.0357326],[-38.0820355,-6.0497763],[-38.0851617,-6.0384903],[-38.071403,-6.0279921],[-38.0867294,-6.0149677],[-38.0671809,-6.0079133],[-38.0641461,-5.9971354],[-38.0601394,-6.0061407],[-38.0352816,-6.0036875],[-38.0163407,-5.9755186],[-38.0139505,-5.9824162],[-38.0022564,-5.9828956],[-38.0114147,-5.9632057],[-37.9931994,-5.9787559],[-37.9817525,-5.9680709],[-37.973163,-5.9820648],[-37.9915058,-6.0158213],[-37.975195,-6.0171737],[-37.9656118,-6.0090229],[-37.9544159,-6.0295521],[-37.9622096,-6.0511452]]]}},{"type":"Feature","properties":{"level":"municipio","municipality_code":"2410256","municipality_name":"Porto do Mangue","uf":"RN","state_code":"24","area_km2":361.237},"geometry":{"type":"Polygon","coordinates":[[[-36.7485743,-5.1520032],[-36.7970366,-5.1746244],[-36.827047,-5.170146],[-36.9026519,-5.1497353],[-36.9300975,-5.1310122],[-36.9751213,-5.1307006],[-36.9751213,-5.1039181],[-36.9525792,-5.0811869],[-36.9086857,-5.0809471],[-36.9082604,-4.9897901],[-36.8991856,-4.9772944],[-36.8556673,-4.9723196],[-36.7987935,-5.0374991],[-36.7155904,-5.0808986],[-36.7514743,-5.0958093],[-36.7399681,-5.1066491],[-36.7173364,-5.1115215],[-36.7194948,-5.1194083],[-36.7304294,-5.1184729],[-36.7305574,-5.1330507],[-36.7214449,-5.1353875],[-36.7291158,-5.1750295],[-36.7485743,-5.1520032]]]}},{"type":"Feature","properties":{"level":"municipio","municipality_code":"2410108","municipality_name":"Poço Branco","uf":"RN","state_code":"24","area_km2":230.401},"geometry":{"type":"Polygon","coordinates":[[[-35.7094525,-5.6362727],[-35.7387494,-5.6359804],[-35.7477692,-5.6275391],[-35.7450602,-5.4582789],[-35.6834898,-5.4633536],[-35.6256414,-5.49226],[-35.6681812,-5.4963494],[-35.6585446,-5.5864552],[-35.6414712,-5.6293907],[-35.6318163,-5.7143856],[-35.6972182,-5.6655883],[-35.7094525,-5.6362727]]]}},{"type":"Feature","properties":{"level":"municipio","municipality_code":"2410405","municipality_name":"Pureza","uf":"RN","state_code":"24","area_km2":504.294},"geometry":{"type":"Polygon","coordinates":[[[-35.5687766,-5.4941874],[-35.5775126,-5.4989907],[-35.5980206,-5.487692],[-35.6256414,-5.49226],[-35.6834898,-5.4633536],[-35.750987,-5.459208],[-35.7643789,-5.4516093],[-35.7188781,-5.3892406],[-35.6417106,-5.3345055],[-35.5858777,-5.3100607],[-35.580644,-5.3003455],[-35.53444,-5.3387859],[-35.5008087,-5.3375023],[-35.4448348,-5.3165456],[-35.4374986,-5.3287623],[-35.418538,-5.3328406],[-35.501806,-5.4923037],[-35.5356659,-5.5125408],[-35.5687766,-5.4941874]]]}},{"type":"Feature","properties":{"level":"municipio","municipality_code":"2410504","municipality_name":"Rafael Fernandes","uf":"RN","state_code":"24","area_km2":78.231},"geometry":{"type":"Polygon","coordinates":[[[-38.2491037,-6.2470426],[-38.2719691,-6.2226205],[-38.2667535,-6.1841825],[-38.277554,-6.1810385],[-38.249116,-6.1637941],[-38.2071918,-6.1555703],[-38.1631629,-6.1811863],[-38.1939225,-6.2205792],[-38.2491037,-6.2470426]]]}},{"type":"Feature","properties":{"level":"municipio","municipality_code":"2410603","municipality_name":"Rafael Godeiro","uf":"RN","state_code":"24","area_km2":100.073},"geometry":{"type":"Polygon","coordinates":[[[-37.7421951,-6.1217356],[-37.7773568,-6.0677772],[-37.7836211,-6.0440402],[-37.7722402,-6.0018422],[-37.7407476,-6.0131745],[-37.7349443,-6.0330201],[-37.7086411,-6.0493679],[-37.6724496,-6.0479335],[-37.6876376,-6.1093116],[-37.7038346,-6.1280684],[-37.7421951,-6.1217356]]]}},{"type":"Feature","properties":{"level":"municipio","municipality_code":"2410702","municipality_name":"Riacho da Cruz","uf":"RN","state_code":"24","area_km2":127.223},"geometry":{"type":"Polygon","coordinates":[[[-37.916795,-5.8549066],[-37.9171219,-5.8964746],[-37.8960799,-5.9410209],[-37.9211942,-5.9598024],[-37.9704782,-5.9565601],[-37.9915306,-5.9787535],[-38.0114147,-5.9632057],[-38.0022564,-5.9828956],[-38.0139505,-5.9824162],[-38.0163407,-5.9755186],[-38.0262874,-5.991049],[-38.044901,-5.9356613],[-38.0347602,-5.9362976],[-38.0306235,-5.9234215],[-38.0093357,-5.9155791],[-37.9868083,-5.8849621],[-37.9485834,-5.860988],[-37.916795,-5.8549066]]]}},{"type":"Feature","properties":{"level":"municipio","municipality_code":"2410801","municipality_name":"Riacho de Santana","uf":"RN","state_code":"24","area_km2":128.106},"geometry":{"type":"Polygon","coordinates":[[[-38.3015782,-6.2413076],[-38.2820902,-6.2399632],[-38.2719691,-6.2226205],[-38.261461,-6.2284519],[-38.2491037,-6.2470426],[-38.2585066,-6.2756124],[-38.2476409,-6.2897238],[-38.2565808,-6.2811334],[-38.3058111,-6.2806815],[-38.30863,-6.289957],[-38.3319554,-6.3034413],[-38.331297,-6.3287361],[-38.3945646,-6.3450947],[-38.3964748,-6.3186597],[-38.4086643,-6.2934575],[-38.3988563,-6.2848428],[-38.402137,-6.2759042],[-38.3792643,-6.2627041],[-38.3578838,-6.2176445],[-38.3015782,-6.2413076]]]}},{"type":"Feature","properties":{"level":"municipio","municipality_code":"2410900","municipality_name":"Riachuelo","uf":"RN","state_code":"24","area_km2":262.887},"geometry":{"type":"Polygon","coordinates":[[[-35.9239151,-5.7651079],[-35.9396394,-5.7330119],[-35.7770999,-5.716386],[-35.7795786,-5.8151814],[-35.836521,-5.911185],[-35.8498181,-5.9153663],[-35.9255222,-5.800254],[-35.9385454,-5.7947495],[-35.9239151,-5.7651079]]]}},{"type":"Feature","properties":{"level":"municipio","municipality_code":"2408953","municipality_name":"Rio do Fogo","uf":"RN","state_code":"24","area_km2":151.097},"geometry":{"type":"Polygon","coordinates":[[[-35.3707072,-5.2845856],[-35.3510968,-5.3624687],[-35.3259919,-5.3812574],[-35.3738487,-5.4168634],[-35.3876812,-5.4525718],[-35.4011488,-5.4372399],[-35.4136925,-5.4364829],[-35.4815783,-5.4533656],[-35.38514,-5.2690489],[-35.3707072,-5.2845856]]]}},{"type":"Feature","properties":{"level":"municipio","municipality_code":"2411007","municipality_name":"Rodolfo Fernandes","uf":"RN","state_code":"24","area_km2":154.84},"geometry":{"type":"Polygon","coordinates":[[[-38.0585928,-5.7548514],[-38.0141118,-5.8556254],[-38.0042924,-5.8568598],[-38.0573137,-5.9018421],[-38.0986223,-5.9204303],[-38.1215407,-5.9458333],[-38.1374685,-5.9363919],[-38.1634901,-5.9388958],[-38.1640605,-5.9274628],[-38.1249373,-5.8876121],[-38.114361,-5.8222554],[-38.0585928,-5.7548514]]]}},{"type":"Feature","properties":{"level":"municipio","municipality_code":"2411106","municipality_name":"Ruy Barbosa","uf":"RN","state_code":"24","area_km2":125.809},"geometry":{"type":"Polygon","coordinates":[[[-35.8726229,-5.9010533],[-35.8869927,-5.9092731],[-35.9025352,-5.8961382],[-35.9130963,-5.902735],[-35.9162308,-5.8932581],[-35.9192436,-5.9085723],[-35.966676,-5.9012992],[-36.0139253,-5.8352257],[-35.975624,-5.7946593],[-35.9414695,-5.8142554],[-35.9256658,-5.8075017],[-35.9255222,-5.800254],[-35.8510974,-5.9133337],[-35.8726229,-5.9010533]]]}},{"type":"Feature","properties":{"level":"municipio","municipality_code":"2411205","municipality_name":"Santa Cruz","uf":"RN","state_code":"24","area_km2":624.356},"geometry":{"type":"Polygon","coordinates":[[[-36.0338229,-6.2993206],[-36.0549286,-6.3089275],[-36.0772878,-6.3035296],[-36.1394372,-6.3297631],[-36.1537636,-6.2998366],[-36.1337594,-6.2105728],[-36.0778611,-6.1961458],[-36.0803515,-6.1020129],[-36.0284119,-6.0693864],[-35.9864623,-6.0982804],[-35.980939,-6.124268],[-35.98656,-6.1452161],[-35.9594068,-6.153866],[-35.9677065,-6.1574177],[-35.9677023,-6.1714287],[-35.9175273,-6.1626719],[-35.8705459,-6.3627822],[-35.907198,-6.3526091],[-35.9270776,-6.3728903],[-35.9650148,-6.3878014],[-35.9654865,-6.470972],[-36.0338229,-6.2993206]]]}},{"type":"Feature","properties":{"level":"municipio","municipality_code":"2409332","municipality_name":"Santa Maria","uf":"RN","state_code":"24","area_km2":219.57},"geometry":{"type":"Polygon","coordinates":[[[-35.6562776,-5.7179829],[-35.6387698,-5.7900498],[-35.6679167,-5.7943097],[-35.6832473,-5.8689804],[-35.7177673,-5.8606685],[-35.72141,-5.8686977],[-35.7421226,-5.872273],[-35.7968181,-5.853289],[-35.7795786,-5.8151814],[-35.7770999,-5.716386],[-35.6562776,-5.7179829]]]}},{"type":"Feature","properties":{"level":"municipio","municipality_code":"2411403","municipality_name":"Santana do Matos","uf":"RN","state_code":"24","area_km2":1422.268},"geometry":{"type":"Polygon","coordinates":[[[-36.5503874,-5.7693749],[-36.5091707,-5.7559424],[-36.3892196,-5.7953772],[-36.3563581,-5.8490415],[-36.284752,-5.8592915],[-36.3206708,-5.8655735],[-36.3323412,-5.8940985],[-36.3319381,-5.8728548],[-36.3682147,-5.8746587],[-36.3877104,-5.8519104],[-36.4148237,-5.8584289],[-36.4267775,-5.9046609],[-36.4750083,-5.9265731],[-36.5403828,-5.9897415],[-36.5474391,-6.0562746],[-36.6387154,-6.0890082],[-36.6532703,-6.111835],[-36.7149074,-6.099824],[-36.7266542,-6.0895856],[-36.7198815,-6.0719479],[-36.7308641,-6.056598],[-36.7427692,-6.0551508],[-36.7495008,-6.0626778],[-36.7821264,-6.0500766],[-36.788048,-6.039385],[-36.820934,-6.0538902],[-36.8361081,-6.0523979],[-36.8349081,-6.0415085],[-36.8553922,-6.0442805],[-36.8480649,-6.0362099],[-36.8546483,-6.0252704],[-36.8489573,-6.0103315],[-36.8587118,-5.9845615],[-36.8694923,-5.9726892],[-36.8937283,-5.9749562],[-36.818067,-5.9131389],[-36.7735607,-5.861044],[-36.7767285,-5.8031918],[-36.7686561,-5.7930263],[-36.7897429,-5.7551685],[-36.7760519,-5.7636222],[-36.7554698,-5.7590107],[-36.699187,-5.6957868],[-36.674714,-5.7060835],[-36.6439758,-5.7589252],[-36.5648522,-5.75721],[-36.5503874,-5.7693749]]]}},{"type":"Feature","properties":{"level":"municipio","municipality_code":"2411429","municipality_name":"Santana do Seridó","uf":"RN","state_code":"24","area_km2":188.403},"geometry":{"type":"Polygon","coordinates":[[[-36.8140677,-6.6823152],[-36.7862231,-6.6680152],[-36.7648129,-6.6691996],[-36.7444271,-6.6520796],[-36.7222678,-6.646713],[-36.7342103,-6.6611101],[-36.7163872,-6.6664141],[-36.7066488,-6.6799396],[-36.7163316,-6.7062968],[-36.7016202,-6.7059531],[-36.7112711,-6.7352526],[-36.7050497,-6.744345],[-36.7312611,-6.79214],[-36.730198,-6.8363961],[-36.7694651,-6.8387481],[-36.7727287,-6.7870652],[-36.8384235,-6.7258933],[-36.8382938,-6.7062927],[-36.850764,-6.6896111],[-36.8426458,-6.6746238],[-36.8140677,-6.6823152]]]}},{"type":"Feature","properties":{"level":"municipio","municipality_code":"2411502","municipality_name":"Santo Antônio","uf":"RN","state_code":"24","area_km2":301.082},"geometry":{"type":"Polygon","coordinates":[[[-35.4092084,-6.381516],[-35.4471483,-6.4057552],[-35.4473787,-6.4144183],[-35.4879351,-6.4047495],[-35.544243,-6.4173793],[-35.5550372,-6.3910185],[-35.5970246,-6.3858399],[-35.6155498,-6.3499337],[-35.6362796,-6.3345876],[-35.6422581,-6.3198554],[-35.622343,-6.3063331],[-35.609487,-6.3157362],[-35.6010003,-6.3015724],[-35.5633366,-6.2959292],[-35.5565469,-6.2846561],[-35.5256168,-6.28387],[-35.5031235,-6.2976941],[-35.4690564,-6.273601],[-35.4685,-6.2307486],[-35.4203796,-6.2737265],[-35.4253549,-6.3193624],[-35.3884804,-6.3228452],[-35.4006612,-6.3415178],[-35.4092084,-6.381516]]]}},{"type":"Feature","properties":{"level":"municipio","municipality_code":"2413102","municipality_name":"Senador Elói de Souza","uf":"RN","state_code":"24","area_km2":143.574},"geometry":{"type":"Polygon","coordinates":[[[-35.5888724,-6.0967987],[-35.7817056,-6.0390328],[-35.7986908,-6.0425774],[-35.7783375,-6.015875],[-35.7092404,-6.0005513],[-35.6501929,-5.9764352],[-35.6474828,-6.0160379],[-35.5707786,-6.0795447],[-35.5888724,-6.0967987]]]}},{"type":"Feature","properties":{"level":"municipio","municipality_code":"2413201","municipality_name":"Senador Georgino Avelino","uf":"RN","state_code":"24","area_km2":26.1},"geometry":{"type":"Polygon","coordinates":[[[-35.146434,-6.1527938],[-35.1623146,-6.136068],[-35.1384181,-6.1422357],[-35.1316849,-6.1367066],[-35.1275672,-6.1459932],[-35.111156,-6.1345829],[-35.0989369,-6.1390051],[-35.0938867,-6.1834492],[-35.1107888,-6.1869451],[-35.1462411,-6.1638361],[-35.146434,-6.1527938]]]}},{"type":"Feature","properties":{"level":"municipio","municipality_code":"2410306","municipality_name":"Serra Caiada","uf":"RN","state_code":"24","area_km2":230.036},"geometry":{"type":"Polygon","coordinates":[[[-35.7202114,-6.1764302],[-35.7322502,-6.1424914],[-35.8082464,-6.1396583],[-35.8207566,-6.129362],[-35.8258004,-6.0788654],[-35.8053532,-6.0433243],[-35.7817056,-6.0390328],[-35.5888724,-6.0967987],[-35.638603,-6.1375263],[-35.6538028,-6.1771941],[-35.682186,-6.1681726],[-35.7202114,-6.1764302]]]}},{"type":"Feature","properties":{"level":"municipio","municipality_code":"2413409","municipality_name":"Serra Negra do Norte","uf":"RN","state_code":"24","area_km2":562.396},"geometry":{"type":"Polygon","coordinates":[[[-37.3805415,-6.4373072],[-37.3184792,-6.4546691],[-37.2308152,-6.5694521],[-37.2183627,-6.6197284],[-37.2514318,-6.6468816],[-37.301692,-6.6522295],[-37.3142989,-6.6889744],[-37.3384095,-6.7006057],[-37.4073341,-6.6971954],[-37.4846995,-6.7100374],[-37.4661909,-6.6599595],[-37.4772159,-6.6419108],[-37.474815,-6.5644509],[-37.4823574,-6.5477109],[-37.4647245,-6.5326637],[-37.4192922,-6.5331711],[-37.3999866,-6.5194892],[-37.3909523,-6.4528424],[-37.3805415,-6.4373072]]]}},{"type":"Feature","properties":{"level":"municipio","municipality_code":"2413300","municipality_name":"Serra de São Bento","uf":"RN","state_code":"24","area_km2":96.585},"geometry":{"type":"Polygon","coordinates":[[[-35.670578,-6.4318031],[-35.6651575,-6.4505148],[-35.681973,-6.4479283],[-35.7071666,-6.4695364],[-35.7733237,-6.4828441],[-35.7762276,-6.4509874],[-35.76648,-6.4437095],[-35.7646792,-6.4186136],[-35.6830217,-6.3581066],[-35.6811096,-6.3910629],[-35.6645916,-6.4243407],[-35.670578,-6.4318031]]]}},{"type":"Feature","properties":{"level":"municipio","municipality_code":"2413359","municipality_name":"Serra do Mel","uf":"RN","state_code":"24","area_km2":620.241},"geometry":{"type":"Polygon","coordinates":[[[-37.1112567,-5.13271],[-37.1117313,-5.0967826],[-37.0508011,-5.0965867],[-37.0509381,-5.0597725],[-37.0284344,-5.0596855],[-37.0286141,-5.0424589],[-37.0113197,-5.0424056],[-37.0114239,-5.0219464],[-36.9657943,-5.0218677],[-36.965952,-4.9858903],[-36.9082604,-4.9897901],[-36.9086857,-5.0809471],[-36.9525792,-5.0811869],[-36.9751213,-5.1039181],[-36.9751213,-5.1307006],[-36.9300975,-5.1310122],[-36.9280504,-5.2937765],[-37.155839,-5.2938916],[-37.1564879,-5.1666626],[-37.111091,-5.1665542],[-37.1054099,-5.1326901],[-37.1112567,-5.13271]]]}},{"type":"Feature","properties":{"level":"municipio","municipality_code":"2413508","municipality_name":"Serrinha","uf":"RN","state_code":"24","area_km2":193.351},"geometry":{"type":"Polygon","coordinates":[[[-35.5677211,-6.2057416],[-35.4685,-6.2307486],[-35.4690564,-6.273601],[-35.4904031,-6.2896829],[-35.5031235,-6.2976941],[-35.5256168,-6.28387],[-35.5565469,-6.2846561],[-35.5633366,-6.2959292],[-35.6010003,-6.3015724],[-35.609487,-6.3157362],[-35.6217592,-6.3064968],[-35.6320117,-6.3090221],[-35.6432257,-6.3257564],[-35.6659701,-6.2425619],[-35.6586951,-6.2207583],[-35.6135746,-6.1974419],[-35.591929,-6.2116324],[-35.5677211,-6.2057416]]]}},{"type":"Feature","properties":{"level":"municipio","municipality_code":"2413557","municipality_name":"Serrinha dos Pintos","uf":"RN","state_code":"24","area_km2":122.375},"geometry":{"type":"Polygon","coordinates":[[[-37.941054,-6.0992458],[-37.9496158,-6.1517045],[-37.9404166,-6.154853],[-37.9907206,-6.2088777],[-38.0223749,-6.2094921],[-38.0465149,-6.1803017],[-38.0437819,-6.1259893],[-37.9809908,-6.0755549],[-37.941054,-6.0992458]]]}},{"type":"Feature","properties":{"level":"municipio","municipality_code":"2413607","municipality_name":"Severiano Melo","uf":"RN","state_code":"24","area_km2":157.85},"geometry":{"type":"Polygon","coordinates":[[[-37.9090327,-5.7810015],[-37.975171,-5.8162992],[-37.9801271,-5.8331795],[-37.9905162,-5.8290824],[-38.014307,-5.8540763],[-38.0585928,-5.7548514],[-37.8813202,-5.6969462],[-37.9090327,-5.7810015]]]}},{"type":"Feature","properties":{"level":"municipio","municipality_code":"2411601","municipality_name":"São Bento do Norte","uf":"RN","state_code":"24","area_km2":288.761},"geometry":{"type":"Polygon","coordinates":[[[-35.9082574,-5.059478],[-35.9521544,-5.2373809],[-36.0019486,-5.2561093],[-36.0655937,-5.2346821],[-36.0539502,-5.2028133],[-36.0420676,-5.0838061],[-36.0335824,-5.073816],[-36.0435,-5.0641902],[-36.0375353,-5.0514686],[-35.9790816,-5.0415536],[-35.9082574,-5.059478]]]}},{"type":"Feature","properties":{"level":"municipio","municipality_code":"2411700","municipality_name":"São Bento do Trairí","uf":"RN","state_code":"24","area_km2":190.818},"geometry":{"type":"Polygon","coordinates":[[[-36.0805746,-6.4058799],[-36.0961043,-6.4201986],[-36.1394372,-6.3297631],[-36.0772878,-6.3035296],[-36.0549286,-6.3089275],[-36.0338229,-6.2993206],[-35.9652415,-6.4843596],[-35.9776473,-6.4889058],[-36.0053484,-6.4810533],[-36.0132849,-6.4550409],[-36.0512485,-6.432203],[-36.061738,-6.4102455],[-36.0737627,-6.4148717],[-36.0805746,-6.4058799]]]}},{"type":"Feature","properties":{"level":"municipio","municipality_code":"2411809","municipality_name":"São Fernando","uf":"RN","state_code":"24","area_km2":404.427},"geometry":{"type":"Polygon","coordinates":[[[-37.2195321,-6.3680871],[-37.2199109,-6.2306448],[-37.163003,-6.2013452],[-37.1506632,-6.1849865],[-37.1369424,-6.1831258],[-37.129195,-6.1925501],[-37.1316561,-6.2087676],[-37.1165698,-6.2061904],[-37.0816263,-6.2406443],[-37.0700798,-6.2374759],[-37.0629434,-6.2182177],[-37.0457156,-6.2239157],[-37.0813563,-6.2923173],[-37.0753713,-6.3074549],[-37.0818504,-6.3598793],[-37.0732894,-6.4036393],[-37.1408029,-6.4279706],[-37.1403754,-6.4484809],[-37.213227,-6.4333564],[-37.2608993,-6.4043234],[-37.2195321,-6.3680871]]]}},{"type":"Feature","properties":{"level":"municipio","municipality_code":"2411908","municipality_name":"São Francisco do Oeste","uf":"RN","state_code":"24","area_km2":75.588},"geometry":{"type":"Polygon","coordinates":[[[-38.1459325,-5.9727128],[-38.1630326,-6.0091863],[-38.1834557,-6.0157351],[-38.189437,-6.046281],[-38.2154552,-6.0241085],[-38.2521719,-6.0101576],[-38.2060156,-5.9643478],[-38.1835821,-5.9502233],[-38.1739691,-5.9526717],[-38.1634901,-5.9388958],[-38.1216262,-5.9416961],[-38.1145312,-5.959146],[-38.1459325,-5.9727128]]]}},{"type":"Feature","properties":{"level":"municipio","municipality_code":"2412005","municipality_name":"São Gonçalo do Amarante","uf":"RN","state_code":"24","area_km2":249.8},"geometry":{"type":"Polygon","coordinates":[[[-35.298546,-5.8388132],[-35.43195,-5.8452361],[-35.4715851,-5.8348248],[-35.4468642,-5.7333584],[-35.409959,-5.7378016],[-35.3611363,-5.7284965],[-35.339825,-5.7382287],[-35.3132128,-5.7379698],[-35.2869905,-5.7219414],[-35.2760148,-5.7009124],[-35.2655357,-5.7040489],[-35.2910666,-5.7309457],[-35.2901724,-5.7428604],[-35.2865743,-5.7634999],[-35.2490261,-5.7782272],[-35.253934,-5.8021511],[-35.298546,-5.8388132]]]}},{"type":"Feature","properties":{"level":"municipio","municipality_code":"2412203","municipality_name":"São José de Mipibu","uf":"RN","state_code":"24","area_km2":289.987},"geometry":{"type":"Polygon","coordinates":[[[-35.2986584,-6.0720552],[-35.3232591,-6.0482488],[-35.3690878,-6.0535548],[-35.369122,-6.0389637],[-35.3821223,-6.0217713],[-35.3702842,-6.0052655],[-35.37344,-5.9873764],[-35.3039486,-5.9583161],[-35.2506406,-5.9620975],[-35.2353832,-5.9516831],[-35.2291478,-5.991378],[-35.2375449,-6.0682521],[-35.228072,-6.0734489],[-35.2260593,-6.1066309],[-35.234549,-6.1014973],[-35.233611,-6.1156],[-35.2202691,-6.170779],[-35.2980691,-6.1613074],[-35.2856764,-6.2053222],[-35.3523816,-6.1819666],[-35.3260895,-6.1408299],[-35.3226091,-6.1094527],[-35.2986584,-6.0720552]]]}},{"type":"Feature","properties":{"level":"municipio","municipality_code":"2412302","municipality_name":"São José do Campestre","uf":"RN","state_code":"24","area_km2":341.115},"geometry":{"type":"Polygon","coordinates":[[[-35.6631666,-6.1989997],[-35.6659701,-6.2425619],[-35.6436755,-6.3262433],[-35.6690539,-6.3094552],[-35.6699292,-6.3487003],[-35.7646792,-6.4186136],[-35.7734498,-6.4076443],[-35.8431886,-6.3766958],[-35.868469,-6.3841731],[-35.8705459,-6.3627822],[-35.8416052,-6.3575612],[-35.8029082,-6.3169287],[-35.7933174,-6.2845427],[-35.7994829,-6.2777366],[-35.7844738,-6.2660797],[-35.7905191,-6.2298058],[-35.7720374,-6.2211239],[-35.7680392,-6.196539],[-35.760759,-6.2012837],[-35.7562002,-6.1901909],[-35.7406454,-6.1826753],[-35.6631666,-6.1989997]]]}},{"type":"Feature","properties":{"level":"municipio","municipality_code":"2412401","municipality_name":"São José do Seridó","uf":"RN","state_code":"24","area_km2":174.505},"geometry":{"type":"Polygon","coordinates":[[[-36.8980137,-6.5179624],[-36.921226,-6.5243989],[-36.939249,-6.5133383],[-36.9513563,-6.5222708],[-36.9627181,-6.5099686],[-36.9577275,-6.4916717],[-36.8741265,-6.4186713],[-36.8471228,-6.4300859],[-36.8495624,-6.4439799],[-36.8218572,-6.4365168],[-36.8031208,-6.4635774],[-36.7729481,-6.4667617],[-36.7610019,-6.5158326],[-36.8360825,-6.5386491],[-36.8980137,-6.5179624]]]}},{"type":"Feature","properties":{"level":"municipio","municipality_code":"2412104","municipality_name":"São João do Sabugi","uf":"RN","state_code":"24","area_km2":277.011},"geometry":{"type":"Polygon","coordinates":[[[-37.283716,-6.6939148],[-37.3142989,-6.6889744],[-37.301692,-6.6522295],[-37.2514318,-6.6468816],[-37.2183627,-6.6197284],[-37.1749374,-6.6139336],[-37.1504227,-6.6261373],[-37.1208148,-6.6600028],[-37.1106818,-6.6553418],[-37.1028815,-6.6847293],[-37.0830132,-6.690915],[-37.0844823,-6.6994867],[-37.0662748,-6.7061366],[-37.0597108,-6.7207354],[-37.0352606,-6.7341658],[-37.0754171,-6.754134],[-37.0939398,-6.7236441],[-37.1057356,-6.7254666],[-37.2043318,-6.7617339],[-37.2799178,-6.7242339],[-37.2901673,-6.7130439],[-37.283716,-6.6939148]]]}},{"type":"Feature","properties":{"level":"municipio","municipality_code":"2412500","municipality_name":"São Miguel","uf":"RN","state_code":"24","area_km2":166.233},"geometry":{"type":"Polygon","coordinates":[[[-38.3649629,-6.1728968],[-38.4303968,-6.2364472],[-38.4484916,-6.2218549],[-38.4623286,-6.2314158],[-38.4699433,-6.2527093],[-38.4815252,-6.2520199],[-38.4881873,-6.2831158],[-38.4813597,-6.3043986],[-38.4922845,-6.2953011],[-38.5425432,-6.2861624],[-38.5703774,-6.2929502],[-38.5795457,-6.2796264],[-38.554421,-6.2633956],[-38.5458512,-6.2454264],[-38.528348,-6.2391762],[-38.5197118,-6.2230376],[-38.5292859,-6.2137404],[-38.5272039,-6.193378],[-38.5013253,-6.1909471],[-38.5007583,-6.1796825],[-38.4736382,-6.1537972],[-38.4659796,-6.1214439],[-38.4087999,-6.177873],[-38.3888435,-6.1630321],[-38.3742839,-6.1677206],[-38.3490575,-6.1234536],[-38.3673458,-6.1634366],[-38.3649629,-6.1728968]]]}},{"type":"Feature","properties":{"level":"municipio","municipality_code":"2412559","municipality_name":"São Miguel do Gostoso","uf":"RN","state_code":"24","area_km2":431.445},"geometry":{"type":"Polygon","coordinates":[[[-35.6441844,-5.1180532],[-35.6170566,-5.1139844],[-35.6296071,-5.1990754],[-35.6828857,-5.2773518],[-35.6960516,-5.2713505],[-35.7054052,-5.2940607],[-35.7619256,-5.2936031],[-35.8318886,-5.3060822],[-35.8402248,-5.2345863],[-35.79092,-5.0774035],[-35.6441844,-5.1180532]]]}},{"type":"Feature","properties":{"level":"municipio","municipality_code":"2412609","municipality_name":"São Paulo do Potengi","uf":"RN","state_code":"24","area_km2":240.425},"geometry":{"type":"Polygon","coordinates":[[[-35.8330135,-5.9089821],[-35.7968181,-5.853289],[-35.7421226,-5.872273],[-35.72141,-5.8686977],[-35.7177673,-5.8606685],[-35.6832473,-5.8689804],[-35.6874521,-5.9190965],[-35.668406,-5.9838887],[-35.7783375,-6.015875],[-35.834772,-5.9470964],[-35.8498181,-5.9153663],[-35.8330135,-5.9089821]]]}},{"type":"Feature","properties":{"level":"municipio","municipality_code":"2412708","municipality_name":"São Pedro","uf":"RN","state_code":"24","area_km2":195.237},"geometry":{"type":"Polygon","coordinates":[[[-35.6392514,-5.7893175],[-35.5945259,-5.8674851],[-35.5290102,-5.8818086],[-35.5722267,-5.9323081],[-35.668406,-5.9838887],[-35.6874521,-5.9190965],[-35.6679167,-5.7943097],[-35.6392514,-5.7893175]]]}},{"type":"Feature","properties":{"level":"municipio","municipality_code":"2412807","municipality_name":"São Rafael","uf":"RN","state_code":"24","area_km2":469.101},"geometry":{"type":"Polygon","coordinates":[[[-36.8034156,-5.7569493],[-36.7897429,-5.7551685],[-36.7686561,-5.7930263],[-36.7767285,-5.8031918],[-36.7735607,-5.861044],[-36.818067,-5.9131389],[-36.8760471,-5.9638712],[-36.8937283,-5.9749562],[-36.9067678,-5.9754599],[-36.9148285,-5.9656209],[-36.936598,-5.9683548],[-36.9505097,-5.9304203],[-36.9647707,-5.9246883],[-36.973578,-5.9091801],[-36.9369688,-5.8684321],[-36.9660317,-5.846299],[-36.9774003,-5.8136212],[-36.9801147,-5.7838485],[-36.9651076,-5.7735424],[-36.9615286,-5.7525104],[-36.8935658,-5.7108361],[-36.8616687,-5.7256574],[-36.8491923,-5.7241449],[-36.8034156,-5.7569493]]]}},{"type":"Feature","properties":{"level":"municipio","municipality_code":"2412906","municipality_name":"São Tomé","uf":"RN","state_code":"24","area_km2":862.585},"geometry":{"type":"Polygon","coordinates":[[[-36.1178394,-5.8590513],[-36.1017676,-5.8300796],[-36.0929916,-5.8331489],[-36.0654497,-5.8495152],[-36.0637987,-5.8587467],[-36.0269554,-5.8355028],[-36.0139253,-5.8352257],[-35.966676,-5.9012992],[-35.9627026,-5.9638329],[-35.9841801,-5.9979854],[-35.9768311,-6.0143985],[-36.071872,-6.1004324],[-36.0860714,-6.0966864],[-36.1163806,-6.104431],[-36.1171524,-6.0917213],[-36.1286442,-6.0902449],[-36.1629062,-6.1064721],[-36.1737672,-6.1217407],[-36.2233805,-6.140467],[-36.2261988,-6.1641242],[-36.2568489,-6.1580152],[-36.3022169,-6.1153717],[-36.2813571,-6.044042],[-36.2128787,-5.8737258],[-36.1968193,-5.8831166],[-36.1820868,-5.8546459],[-36.1577276,-5.8496618],[-36.137413,-5.8639477],[-36.1178394,-5.8590513]]]}},{"type":"Feature","properties":{"level":"municipio","municipality_code":"2413003","municipality_name":"São Vicente","uf":"RN","state_code":"24","area_km2":197.817},"geometry":{"type":"Polygon","coordinates":[[[-36.6182164,-6.168292],[-36.617678,-6.1954124],[-36.5991824,-6.2160713],[-36.6068466,-6.2297188],[-36.5918791,-6.2452947],[-36.6067857,-6.2783215],[-36.6045929,-6.2903684],[-36.6154704,-6.2933057],[-36.6259939,-6.2858807],[-36.6306125,-6.2685131],[-36.6625329,-6.2785189],[-36.6815942,-6.2698053],[-36.7095898,-6.2769569],[-36.7163949,-6.3009969],[-36.7432953,-6.3075212],[-36.702609,-6.2200577],[-36.716037,-6.1962755],[-36.707208,-6.1883775],[-36.7005899,-6.1453327],[-36.6531817,-6.1120806],[-36.6387154,-6.0890082],[-36.6238955,-6.1153477],[-36.6279435,-6.155342],[-36.6182164,-6.168292]]]}},{"type":"Feature","properties":{"level":"municipio","municipality_code":"2413706","municipality_name":"Sítio Novo","uf":"RN","state_code":"24","area_km2":213.456},"geometry":{"type":"Polygon","coordinates":[[[-35.9853036,-6.1466167],[-35.9864623,-6.0982804],[-36.031832,-6.0693894],[-35.9248041,-6.0106325],[-35.8225271,-6.0731758],[-35.9182066,-6.1627896],[-35.9668886,-6.1718172],[-35.9617011,-6.1485707],[-35.9853036,-6.1466167]]]}},{"type":"Feature","properties":{"level":"municipio","municipality_code":"2413805","municipality_name":"Taboleiro Grande","uf":"RN","state_code":"24","area_km2":124.093},"geometry":{"type":"Polygon","coordinates":[[[-37.9510039,-5.8635046],[-37.9868083,-5.8849621],[-38.0093357,-5.9155791],[-38.032197,-5.9250572],[-38.0347602,-5.9362976],[-38.044901,-5.9356613],[-38.0273892,-5.9954007],[-38.0434596,-6.0082192],[-38.0601394,-6.0061407],[-38.0641461,-5.9971354],[-38.0671809,-6.0079133],[-38.0867294,-6.0149677],[-38.12027,-5.9435711],[-38.0986223,-5.9204303],[-38.0573137,-5.9018421],[-38.0042924,-5.8568598],[-37.9510039,-5.8635046]]]}},{"type":"Feature","properties":{"level":"municipio","municipality_code":"2413904","municipality_name":"Taipu","uf":"RN","state_code":"24","area_km2":352.818},"geometry":{"type":"Polygon","coordinates":[[[-35.5576945,-5.7211301],[-35.6318163,-5.7143856],[-35.6414712,-5.6293907],[-35.6585446,-5.5864552],[-35.6681812,-5.4963494],[-35.5904411,-5.4880353],[-35.5775126,-5.4989907],[-35.5579064,-5.4952266],[-35.5356659,-5.5125408],[-35.501806,-5.4923037],[-35.5214078,-5.5776696],[-35.5120827,-5.6500593],[-35.4944457,-5.6660007],[-35.5481941,-5.688078],[-35.5576945,-5.7211301]]]}},{"type":"Feature","properties":{"level":"municipio","municipality_code":"2414001","municipality_name":"Tangará","uf":"RN","state_code":"24","area_km2":339.484},"geometry":{"type":"Polygon","coordinates":[[[-35.8082464,-6.1396583],[-35.7322502,-6.1424914],[-35.7213801,-6.1731356],[-35.7562002,-6.1901909],[-35.760759,-6.2012837],[-35.7680392,-6.196539],[-35.7720374,-6.2211239],[-35.7905191,-6.2298058],[-35.7844738,-6.2660797],[-35.7994829,-6.2777366],[-35.7933174,-6.2845427],[-35.8040698,-6.3189698],[-35.8416052,-6.3575612],[-35.8705459,-6.3627822],[-35.9182066,-6.1627896],[-35.82321,-6.0743628],[-35.8207566,-6.129362],[-35.8082464,-6.1396583]]]}},{"type":"Feature","properties":{"level":"municipio","municipality_code":"2414100","municipality_name":"Tenente Ananias","uf":"RN","state_code":"24","area_km2":223.671},"geometry":{"type":"Polygon","coordinates":[[[-38.2290219,-6.4833466],[-38.2526778,-6.4183755],[-38.2384518,-6.3855888],[-38.2031085,-6.3807817],[-38.1883577,-6.3617346],[-38.1647079,-6.3867563],[-38.1256088,-6.3672362],[-38.1064508,-6.3784875],[-38.1104048,-6.4021066],[-38.0917193,-6.4152767],[-38.0968109,-6.4428024],[-38.0898301,-6.455963],[-38.0708661,-6.4639266],[-38.0953976,-6.4935862],[-38.0979875,-6.5094908],[-38.1170574,-6.5226685],[-38.1355176,-6.5184761],[-38.1478822,-6.4914876],[-38.1611729,-6.4991136],[-38.1917286,-6.4985856],[-38.2005517,-6.4882794],[-38.2290219,-6.4833466]]]}},{"type":"Feature","properties":{"level":"municipio","municipality_code":"2414159","municipality_name":"Tenente Laurentino Cruz","uf":"RN","state_code":"24","area_km2":68.556},"geometry":{"type":"Polygon","coordinates":[[[-36.7013313,-6.1505399],[-36.707208,-6.1883775],[-36.716037,-6.1962755],[-36.7029678,-6.2208669],[-36.7867586,-6.1951011],[-36.7297386,-6.149766],[-36.7315285,-6.1129138],[-36.7393106,-6.1117767],[-36.7198883,-6.0952562],[-36.6532703,-6.111835],[-36.6828213,-6.1277437],[-36.7013313,-6.1505399]]]}},{"type":"Feature","properties":{"level":"municipio","municipality_code":"2411056","municipality_name":"Tibau","uf":"RN","state_code":"24","area_km2":169.365},"geometry":{"type":"Polygon","coordinates":[[[-37.2526246,-4.8313814],[-37.2209958,-4.8814028],[-37.2689618,-4.9116512],[-37.2703503,-4.945535],[-37.32751,-4.9432444],[-37.3472016,-4.9332693],[-37.3650723,-4.9074404],[-37.4272596,-4.9114941],[-37.4464459,-4.8809614],[-37.2526246,-4.8313814]]]}},{"type":"Feature","properties":{"level":"municipio","municipality_code":"2414209","municipality_name":"Tibau do Sul","uf":"RN","state_code":"24","area_km2":102.68},"geometry":{"type":"Polygon","coordinates":[[[-35.0905249,-6.180029],[-35.0704377,-6.2222213],[-35.0426393,-6.2263145],[-35.0359791,-6.2353981],[-35.033395,-6.2863985],[-35.0616743,-6.2790867],[-35.0766828,-6.2658323],[-35.1038988,-6.270311],[-35.1463586,-6.2986844],[-35.1559974,-6.2566665],[-35.1499421,-6.2181082],[-35.1107888,-6.1869451],[-35.0997121,-6.1885018],[-35.0905249,-6.180029]]]}},{"type":"Feature","properties":{"level":"municipio","municipality_code":"2414308","municipality_name":"Timbaúba dos Batistas","uf":"RN","state_code":"24","area_km2":135.456},"geometry":{"type":"Polygon","coordinates":[[[-37.3184792,-6.4546691],[-37.2608993,-6.4043234],[-37.2204882,-6.4303224],[-37.1884689,-6.4390067],[-37.2061909,-6.4698953],[-37.1996368,-6.514745],[-37.2134468,-6.5274295],[-37.2169149,-6.5593975],[-37.2308152,-6.5694521],[-37.3184792,-6.4546691]]]}},{"type":"Feature","properties":{"level":"municipio","municipality_code":"2414407","municipality_name":"Touros","uf":"RN","state_code":"24","area_km2":753.961},"geometry":{"type":"Polygon","coordinates":[[[-35.3823578,-5.2700376],[-35.418538,-5.3328406],[-35.4374986,-5.3287623],[-35.4448348,-5.3165456],[-35.5017377,-5.3376699],[-35.53444,-5.3387859],[-35.580644,-5.3003455],[-35.5858777,-5.3100607],[-35.6417106,-5.3345055],[-35.7188781,-5.3892406],[-35.7643789,-5.4516093],[-35.7772166,-5.4428255],[-35.797925,-5.4611846],[-35.8142133,-5.4647787],[-35.8318886,-5.3060822],[-35.7619256,-5.2936031],[-35.7054052,-5.2940607],[-35.6960516,-5.2713505],[-35.6828857,-5.2773518],[-35.6296071,-5.1990754],[-35.6170566,-5.1139844],[-35.481007,-5.1634932],[-35.4589473,-5.1970323],[-35.4167172,-5.2209732],[-35.3904284,-5.2534678],[-35.3823578,-5.2700376]]]}},{"type":"Feature","properties":{"level":"municipio","municipality_code":"2414456","municipality_name":"Triunfo Potiguar","uf":"RN","state_code":"24","area_km2":268.725},"geometry":{"type":"Polygon","coordinates":[[[-37.1623382,-6.0211712],[-37.2604533,-5.9085704],[-37.1949588,-5.8237407],[-37.1487305,-5.8663424],[-37.0355751,-5.8910692],[-37.0669226,-5.9846024],[-37.1286947,-5.9564029],[-37.154491,-5.9925518],[-37.1623382,-6.0211712]]]}},{"type":"Feature","properties":{"level":"municipio","municipality_code":"2414506","municipality_name":"Umarizal","uf":"RN","state_code":"24","area_km2":249.61},"geometry":{"type":"Polygon","coordinates":[[[-37.8482674,-6.0523023],[-37.8615486,-6.0308928],[-37.8971521,-6.0079168],[-37.9339269,-6.00427],[-37.9211942,-5.9598024],[-37.8968448,-5.9398032],[-37.7641987,-5.8955659],[-37.7129948,-5.9190553],[-37.7566907,-5.9401185],[-37.7739028,-5.9601063],[-37.7659581,-5.9926762],[-37.7797306,-6.0153922],[-37.7840898,-6.0414507],[-37.7766244,-6.069054],[-37.7853189,-6.087918],[-37.8131036,-6.0806911],[-37.8482674,-6.0523023]]]}},{"type":"Feature","properties":{"level":"municipio","municipality_code":"2414605","municipality_name":"Upanema","uf":"RN","state_code":"24","area_km2":873.14},"geometry":{"type":"Polygon","coordinates":[[[-37.10468,-5.6563956],[-37.1767779,-5.7236936],[-37.1882991,-5.7167692],[-37.2035004,-5.7251301],[-37.2438844,-5.7080042],[-37.2547981,-5.7182202],[-37.3131134,-5.709941],[-37.4674526,-5.7522805],[-37.4421202,-5.5869334],[-37.3823529,-5.4781911],[-37.2946706,-5.4778988],[-37.1727593,-5.4904923],[-37.10468,-5.6563956]]]}},{"type":"Feature","properties":{"level":"municipio","municipality_code":"2414753","municipality_name":"Venha-Ver","uf":"RN","state_code":"24","area_km2":71.621},"geometry":{"type":"Polygon","coordinates":[[[-38.4564117,-6.3251654],[-38.5054212,-6.3565091],[-38.532623,-6.3417062],[-38.5450132,-6.3445887],[-38.545065,-6.3537574],[-38.5625059,-6.3556517],[-38.5770754,-6.3474275],[-38.5820985,-6.3192728],[-38.5667178,-6.3044151],[-38.5703774,-6.2929502],[-38.5425432,-6.2861624],[-38.4922845,-6.2953011],[-38.4564117,-6.3251654]]]}},{"type":"Feature","properties":{"level":"municipio","municipality_code":"2414803","municipality_name":"Vera Cruz","uf":"RN","state_code":"24","area_km2":84.127},"geometry":{"type":"Polygon","coordinates":[[[-35.426796,-6.0462172],[-35.4322079,-6.0654621],[-35.4426375,-6.0619025],[-35.4565571,-6.0784504],[-35.4926364,-6.0745291],[-35.4883849,-6.0629489],[-35.5087298,-6.05135],[-35.546735,-6.0539548],[-35.3713996,-5.9880008],[-35.3702842,-6.0052655],[-35.3821223,-6.0217713],[-35.369122,-6.0389637],[-35.3663315,-6.058837],[-35.426796,-6.0462172]]]}},{"type":"Feature","properties":{"level":"municipio","municipality_code":"2415008","municipality_name":"Vila Flor","uf":"RN","state_code":"24","area_km2":47.656},"geometry":{"type":"Polygon","coordinates":[[[-35.0734503,-6.2676167],[-35.0442889,-6.2838453],[-35.046911,-6.2964275],[-35.0634095,-6.2978734],[-35.0594645,-6.3171589],[-35.0698134,-6.3162872],[-35.0554957,-6.3269752],[-35.084469,-6.3399342],[-35.1174387,-6.333804],[-35.1167638,-6.281753],[-35.1038988,-6.270311],[-35.0734503,-6.2676167]]]}},{"type":"Feature","properties":{"level":"municipio","municipality_code":"2414902","municipality_name":"Viçosa","uf":"RN","state_code":"24","area_km2":37.905},"geometry":{"type":"Polygon","coordinates":[[[-37.9211942,-5.9598024],[-37.9348752,-6.0171962],[-37.943208,-6.0098317],[-37.9544159,-6.0295521],[-37.9656118,-6.0090229],[-37.975195,-6.0171737],[-37.9915058,-6.0158213],[-37.973163,-5.9820648],[-37.9837437,-5.9674431],[-37.9803245,-5.9611345],[-37.9211942,-5.9598024]]]}},{"type":"Feature","properties":{"level":"municipio","municipality_code":"2414704","municipality_name":"Várzea","uf":"RN","state_code":"24","area_km2":72.684},"geometry":{"type":"Polygon","coordinates":[[[-35.3388928,-6.3811059],[-35.3096188,-6.4031122],[-35.3369675,-6.3960931],[-35.350219,-6.4088153],[-35.3729421,-6.4055017],[-35.386243,-6.3904884],[-35.4092084,-6.381516],[-35.4006612,-6.3415178],[-35.3499311,-6.2248793],[-35.3674561,-6.2998843],[-35.342209,-6.3152563],[-35.3465355,-6.3584182],[-35.3388928,-6.3811059]]]}},{"type":"Feature","properties":{"level":"municipio","municipality_code":"2400406","municipality_name":"Água Nova","uf":"RN","state_code":"24","area_km2":50.684},"geometry":{"type":"Polygon","coordinates":[[[-38.311443,-6.1765937],[-38.2885442,-6.1879015],[-38.2787787,-6.1808632],[-38.2667535,-6.1841825],[-38.2711522,-6.1977398],[-38.2652831,-6.2092342],[-38.2820902,-6.2399632],[-38.3015782,-6.2413076],[-38.3578838,-6.2176445],[-38.3574996,-6.2013833],[-38.311443,-6.1765937]]]}}]}