{"type":"FeatureCollection","name":"RS_Municipios_2024","crs":{"type":"name","properties":{"name":"urn:ogc:def:crs:EPSG::4674"}},"features":[{"type":"Feature","properties":{"level":"municipio","municipality_code":"4300034","municipality_name":"Aceguá","uf":"RS","state_code":"43","area_km2":1551.339},"geometry":{"type":"Polygon","coordinates":[[[-54.1446494,-31.8818208],[-54.4533312,-31.650593],[-54.4179621,-31.6449736],[-54.3767541,-31.5927611],[-54.3539769,-31.5845093],[-54.3332693,-31.5878888],[-54.3260689,-31.5816276],[-54.331739,-31.5734468],[-54.3185983,-31.5688842],[-54.311217,-31.5509306],[-54.2934115,-31.5463762],[-54.2944617,-31.5312404],[-54.275197,-31.5097588],[-54.2228904,-31.5156917],[-54.1816632,-31.4840245],[-54.1726189,-31.4915736],[-54.1427539,-31.4820712],[-54.1135128,-31.4293636],[-54.0935568,-31.4356466],[-54.094014,-31.4471306],[-54.0709508,-31.4559736],[-54.0693209,-31.4715055],[-54.0288587,-31.5042209],[-54.0416171,-31.5228767],[-54.0144097,-31.5376006],[-54.008209,-31.5270724],[-53.993695,-31.5243205],[-53.9879021,-31.5148938],[-53.9808845,-31.5128225],[-53.9656174,-31.4962197],[-53.9576277,-31.4931563],[-53.9780558,-31.5111326],[-53.9801681,-31.529299],[-53.9919444,-31.5379754],[-53.9576644,-31.6136484],[-53.9694782,-31.6523304],[-53.9575727,-31.6694728],[-53.9665158,-31.6778085],[-53.9624329,-31.7030389],[-53.9801186,-31.7572231],[-53.9760833,-31.7696179],[-53.9524714,-31.7686049],[-53.946665,-31.7816801],[-53.9165312,-31.7885669],[-53.9057973,-31.8079332],[-53.9277849,-31.8056654],[-53.9068207,-31.8380626],[-53.9161632,-31.8470173],[-53.915745,-31.8633537],[-53.9315306,-31.8746443],[-53.9321041,-31.9052837],[-53.9550429,-31.9250058],[-53.9442368,-31.9520119],[-53.9604091,-31.9553935],[-53.9714891,-31.9427134],[-53.9616976,-31.9302436],[-53.9694941,-31.9178736],[-54.0043812,-31.9146299],[-54.0327337,-31.8954749],[-54.0890901,-31.9354442],[-54.1102918,-31.9080325],[-54.1405204,-31.8948926],[-54.1446494,-31.8818208]]]}},{"type":"Feature","properties":{"level":"municipio","municipality_code":"4300109","municipality_name":"Agudo","uf":"RS","state_code":"43","area_km2":534.624},"geometry":{"type":"Polygon","coordinates":[[[-53.2670219,-29.7822295],[-53.289637,-29.7857261],[-53.2910816,-29.779663],[-53.2825069,-29.7608912],[-53.2538823,-29.7464866],[-53.2539321,-29.7295083],[-53.2789757,-29.7225779],[-53.289179,-29.7332798],[-53.2815543,-29.6920319],[-53.2945783,-29.6733263],[-53.3021653,-29.6715967],[-53.3036905,-29.6825762],[-53.3122019,-29.6856115],[-53.3301449,-29.6734611],[-53.3519299,-29.6715062],[-53.3599494,-29.6533252],[-53.35081,-29.6420782],[-53.3618942,-29.6367203],[-53.3484987,-29.6255624],[-53.329528,-29.6350917],[-53.3069062,-29.6165289],[-53.2972807,-29.623771],[-53.2870673,-29.6161875],[-53.3090706,-29.5992303],[-53.3064572,-29.5797029],[-53.3268536,-29.5744447],[-53.3349828,-29.5562113],[-53.3100082,-29.5378583],[-53.3116083,-29.5227857],[-53.2940741,-29.4991779],[-53.2988424,-29.4900943],[-53.2808026,-29.4782567],[-53.2932904,-29.4501075],[-53.2795566,-29.4541061],[-53.2616263,-29.447545],[-53.2250749,-29.4684309],[-53.1843275,-29.4673521],[-53.0965906,-29.5164197],[-53.0938403,-29.52873],[-53.0768797,-29.5284979],[-53.028481,-29.5539609],[-53.0486721,-29.5547753],[-53.0581283,-29.5695885],[-53.0753345,-29.5587508],[-53.1365262,-29.5590715],[-53.1366714,-29.6082199],[-53.1505293,-29.612561],[-53.1540954,-29.6325788],[-53.1868337,-29.6319608],[-53.1875615,-29.6696622],[-53.2038592,-29.6694707],[-53.2041315,-29.6932606],[-53.2133024,-29.7015371],[-53.2099463,-29.719587],[-53.2208315,-29.7305777],[-53.2068178,-29.7612332],[-53.1693073,-29.7684966],[-53.1814084,-29.7757048],[-53.1995402,-29.8359157],[-53.2759225,-29.7997618],[-53.2670219,-29.7822295]]]}},{"type":"Feature","properties":{"level":"municipio","municipality_code":"4300208","municipality_name":"Ajuricaba","uf":"RS","state_code":"43","area_km2":322.674},"geometry":{"type":"Polygon","coordinates":[[[-53.7543611,-28.2750235],[-53.7629411,-28.2893391],[-53.7667812,-28.2812938],[-53.7868763,-28.2846019],[-53.7900322,-28.2962538],[-53.8047586,-28.2888296],[-53.8121737,-28.3009116],[-53.8107651,-28.2831691],[-53.7957825,-28.2787448],[-53.8074924,-28.2756708],[-53.80429,-28.2620454],[-53.8186739,-28.2711044],[-53.8131342,-28.2820792],[-53.8219124,-28.2829123],[-53.8323639,-28.2760676],[-53.825382,-28.2632947],[-53.8484554,-28.2591645],[-53.8432417,-28.2494198],[-53.835601,-28.2541462],[-53.8420485,-28.2445305],[-53.8321524,-28.2366864],[-53.8472456,-28.2121028],[-53.837365,-28.2078071],[-53.8431994,-28.1905197],[-53.8348816,-28.1846239],[-53.8374026,-28.1676063],[-53.8312151,-28.1518724],[-53.8217627,-28.1532335],[-53.8182231,-28.1374499],[-53.8118865,-28.1381803],[-53.8165859,-28.126069],[-53.8069895,-28.1064592],[-53.7816217,-28.1065434],[-53.7868777,-28.1294433],[-53.77304,-28.1272698],[-53.7662257,-28.1444866],[-53.7558189,-28.1438024],[-53.7544892,-28.132891],[-53.7368329,-28.1430567],[-53.7372012,-28.1521854],[-53.7184193,-28.1488159],[-53.7088829,-28.1677295],[-53.7010153,-28.1670237],[-53.6938661,-28.1477895],[-53.6789362,-28.1492518],[-53.6731976,-28.139522],[-53.655399,-28.1555407],[-53.6387168,-28.1326581],[-53.621069,-28.1425209],[-53.6183208,-28.1873668],[-53.6237514,-28.191066],[-53.6141218,-28.2032802],[-53.6210058,-28.201992],[-53.6217623,-28.2130576],[-53.6314505,-28.2117513],[-53.6376724,-28.2279936],[-53.6456028,-28.2258454],[-53.6343127,-28.2387771],[-53.6439928,-28.2398782],[-53.6354526,-28.2478767],[-53.6444162,-28.2508807],[-53.6441123,-28.2730953],[-53.6570131,-28.2637607],[-53.6595554,-28.2815568],[-53.6729571,-28.271141],[-53.6697451,-28.2607529],[-53.6804219,-28.2866922],[-53.6926827,-28.2689835],[-53.6939099,-28.2867504],[-53.7031064,-28.2780412],[-53.7102792,-28.2886798],[-53.7217558,-28.2853263],[-53.7082258,-28.3042273],[-53.7256196,-28.3144952],[-53.7321656,-28.3078831],[-53.7196913,-28.2972576],[-53.7261341,-28.2911622],[-53.7510654,-28.2944503],[-53.7543611,-28.2750235]]]}},{"type":"Feature","properties":{"level":"municipio","municipality_code":"4300307","municipality_name":"Alecrim","uf":"RS","state_code":"43","area_km2":316.394},"geometry":{"type":"Polygon","coordinates":[[[-54.7658826,-27.5846719],[-54.7448607,-27.5626414],[-54.7233497,-27.563451],[-54.7359005,-27.5834411],[-54.7264908,-27.5859047],[-54.7236107,-27.596545],[-54.6990119,-27.5944743],[-54.7134855,-27.6185661],[-54.7071603,-27.6230977],[-54.6984708,-27.6123925],[-54.6862476,-27.6251067],[-54.6787808,-27.6139574],[-54.6721611,-27.6171559],[-54.6852494,-27.6286112],[-54.6630815,-27.6425151],[-54.6795706,-27.6512407],[-54.6563437,-27.6589423],[-54.6814621,-27.6659387],[-54.6610895,-27.6734443],[-54.6786045,-27.6850201],[-54.6698882,-27.6858001],[-54.6741767,-27.6980055],[-54.7011449,-27.7149273],[-54.7236735,-27.7076145],[-54.7573433,-27.7225309],[-54.7886741,-27.76252],[-54.7926326,-27.7514794],[-54.8051941,-27.7552024],[-54.8116824,-27.7403026],[-54.824639,-27.7395355],[-54.835989,-27.7266319],[-54.8192609,-27.704548],[-54.8359855,-27.6929558],[-54.8800155,-27.6927859],[-54.8943972,-27.70411],[-54.9028598,-27.6988549],[-54.9065956,-27.6418764],[-54.8885052,-27.6266121],[-54.860765,-27.6294407],[-54.8477222,-27.6213131],[-54.8265535,-27.5540257],[-54.8097871,-27.5300474],[-54.7951866,-27.5349829],[-54.7845526,-27.5786943],[-54.7658826,-27.5846719]]]}},{"type":"Feature","properties":{"level":"municipio","municipality_code":"4300406","municipality_name":"Alegrete","uf":"RS","state_code":"43","area_km2":7800.552},"geometry":{"type":"Polygon","coordinates":[[[-55.8794782,-30.0706865],[-55.9042618,-30.0872332],[-55.9276458,-30.0911048],[-55.941133,-30.0845503],[-55.9876056,-30.0954425],[-56.0042141,-30.0823377],[-56.020261,-30.0814645],[-56.043226,-30.0479684],[-56.0825513,-30.079278],[-56.1081011,-30.0842311],[-56.1531225,-30.0538261],[-56.155563,-30.0325728],[-56.18459,-30.0014125],[-56.243767,-29.9777909],[-56.2472863,-29.9581241],[-56.2806646,-29.929108],[-56.306785,-29.8812366],[-56.3056913,-29.867367],[-56.3510142,-29.8486271],[-56.3636631,-29.8342325],[-56.3721669,-29.8098308],[-56.3662642,-29.7838224],[-56.3713085,-29.7443847],[-56.3948203,-29.7223624],[-56.4014728,-29.7050495],[-56.3979728,-29.6910792],[-56.3617028,-29.6701308],[-56.3702426,-29.6553385],[-56.367552,-29.6372262],[-56.3829126,-29.6257948],[-56.3774671,-29.616929],[-56.3833212,-29.6083638],[-56.3718677,-29.5955801],[-56.4038314,-29.5766999],[-56.4223177,-29.5398211],[-56.4671305,-29.531777],[-56.4682492,-29.5046376],[-56.458354,-29.4912586],[-56.4630201,-29.4828989],[-56.4740563,-29.4847593],[-56.4699857,-29.4701429],[-56.4988987,-29.4659271],[-56.5176373,-29.4779422],[-56.5362589,-29.4542687],[-56.5591353,-29.4476987],[-56.5747789,-29.4520726],[-56.5757749,-29.4408939],[-56.6080105,-29.4583052],[-56.6045857,-29.4524382],[-56.6130257,-29.4553603],[-56.6146935,-29.4487128],[-56.6085096,-29.4441245],[-56.6272219,-29.4411654],[-56.6256488,-29.4264332],[-56.6604693,-29.4233443],[-56.6345073,-29.4170441],[-56.6181699,-29.4253341],[-56.6069826,-29.4223803],[-56.6118865,-29.3965393],[-56.6058018,-29.3915862],[-56.5903111,-29.4061745],[-56.5691808,-29.3911749],[-56.525551,-29.3958305],[-56.5060772,-29.3877215],[-56.4849415,-29.3902919],[-56.4718435,-29.4157318],[-56.4300254,-29.4273748],[-56.3802648,-29.4117667],[-56.3635903,-29.3977269],[-56.2913155,-29.4172173],[-56.2564592,-29.3997314],[-56.2231121,-29.4014215],[-56.2011728,-29.380063],[-56.1780511,-29.3772707],[-56.181905,-29.3221293],[-56.1750359,-29.3117366],[-56.1395046,-29.3210575],[-56.1193572,-29.3603105],[-56.0948672,-29.3697312],[-56.0780525,-29.3585286],[-56.0795658,-29.3343049],[-56.055977,-29.3219464],[-56.0496965,-29.2973997],[-56.0378302,-29.2959253],[-55.9612797,-29.361462],[-55.9137571,-29.3504333],[-55.910466,-29.3568634],[-55.9195677,-29.368934],[-55.9140619,-29.3812657],[-55.8716393,-29.4205722],[-55.8609921,-29.4224431],[-55.8422186,-29.4088185],[-55.8271056,-29.4294213],[-55.7792113,-29.4201235],[-55.7692507,-29.4356756],[-55.7506302,-29.4377867],[-55.7437813,-29.4519989],[-55.7711299,-29.4558247],[-55.7572878,-29.4716502],[-55.7672765,-29.4841853],[-55.7642939,-29.4924482],[-55.7355664,-29.4920345],[-55.7271812,-29.4835764],[-55.7297464,-29.4620005],[-55.7190154,-29.4621182],[-55.7100248,-29.4924278],[-55.6872132,-29.4958488],[-55.6886538,-29.5216276],[-55.6696526,-29.5125781],[-55.6585061,-29.5333378],[-55.6907683,-29.5493351],[-55.6910056,-29.5663505],[-55.6815662,-29.5667942],[-55.6767245,-29.5529668],[-55.6252786,-29.5611323],[-55.6111543,-29.5814911],[-55.5498109,-29.6010293],[-55.5513678,-29.6179977],[-55.5350003,-29.62807],[-55.5394709,-29.6623677],[-55.4698659,-29.6473949],[-55.4499776,-29.6644562],[-55.4127272,-29.6611825],[-55.4120696,-29.6200133],[-55.3993488,-29.6154321],[-55.3655474,-29.6131864],[-55.325968,-29.6417138],[-55.2920796,-29.6314418],[-55.2840533,-29.6185318],[-55.2538307,-29.6173305],[-55.2417738,-29.6219574],[-55.2371154,-29.6359269],[-55.2155992,-29.6347859],[-55.2135073,-29.6530644],[-55.1939167,-29.668978],[-55.1946517,-29.6940109],[-55.1248403,-29.700333],[-55.126409,-29.7491679],[-55.1359282,-29.7612986],[-55.1195599,-29.7694773],[-55.1251067,-29.7754858],[-55.1154517,-29.7777126],[-55.1118851,-29.8001824],[-55.1250751,-29.8201415],[-55.1500934,-29.8265467],[-55.1394556,-29.8479167],[-55.153115,-29.855617],[-55.1495225,-29.8720402],[-55.171746,-29.8801939],[-55.1944,-29.915504],[-55.2262693,-29.9244175],[-55.2451931,-29.9879331],[-55.2672023,-30.0168886],[-55.2695668,-30.0398696],[-55.3130667,-30.0813064],[-55.3632008,-30.0816966],[-55.3842558,-30.0746984],[-55.4409357,-30.0940935],[-55.4696473,-30.0744385],[-55.4935221,-30.095066],[-55.5020667,-30.1250652],[-55.5245035,-30.1403207],[-55.5293439,-30.160222],[-55.538451,-30.1632407],[-55.609593,-30.1427334],[-55.6381513,-30.1187649],[-55.6473588,-30.1189437],[-55.657063,-30.1042764],[-55.6712025,-30.1029285],[-55.6768119,-30.1218234],[-55.6626563,-30.1320369],[-55.6506864,-30.1508433],[-55.6575835,-30.1561104],[-55.6479528,-30.1618466],[-55.6748894,-30.1728953],[-55.6520655,-30.1800208],[-55.6741919,-30.1995996],[-55.6424697,-30.2179711],[-55.6514032,-30.2306679],[-55.6749103,-30.2205897],[-55.6755542,-30.2267504],[-55.7209082,-30.2328211],[-55.7451147,-30.2309742],[-55.7544296,-30.2210052],[-55.7680993,-30.1685606],[-55.8133593,-30.1694916],[-55.835913,-30.147945],[-55.8733259,-30.1345906],[-55.8788235,-30.1004144],[-55.8730013,-30.0778413],[-55.8794782,-30.0706865]]]}},{"type":"Feature","properties":{"level":"municipio","municipality_code":"4300455","municipality_name":"Alegria","uf":"RS","state_code":"43","area_km2":172.794},"geometry":{"type":"Polygon","coordinates":[[[-54.0897714,-27.787958],[-54.0585301,-27.7680048],[-54.0647236,-27.7340792],[-54.0388801,-27.739273],[-54.0405158,-27.7522131],[-54.0196771,-27.7395174],[-54.0190085,-27.7664434],[-54.0026134,-27.7537427],[-54.0006872,-27.7703965],[-53.9897409,-27.7646902],[-53.985907,-27.7755796],[-53.9769547,-27.7746809],[-53.9795977,-27.7843001],[-53.9608139,-27.7879922],[-53.9733198,-27.7857762],[-53.9729382,-27.7929562],[-53.9815967,-27.7930216],[-53.9722304,-27.7985496],[-53.9745186,-27.8052965],[-53.9544799,-27.8149083],[-53.9665527,-27.8152192],[-53.9584493,-27.8223518],[-53.9773486,-27.8378099],[-54.0045056,-27.8411072],[-54.0473086,-27.8652626],[-54.048904,-27.8815601],[-54.089779,-27.8741972],[-54.123441,-27.8812585],[-54.1220674,-27.862537],[-54.114766,-27.8610081],[-54.1330011,-27.8361591],[-54.1444181,-27.8411318],[-54.1389704,-27.8290093],[-54.1467958,-27.8260294],[-54.1275755,-27.8150713],[-54.1353113,-27.8070247],[-54.1236539,-27.8069543],[-54.1606938,-27.795433],[-54.1389261,-27.7966061],[-54.1354765,-27.7892908],[-54.1302262,-27.7995781],[-54.123113,-27.7985564],[-54.1312333,-27.7860866],[-54.1196053,-27.7815661],[-54.1434842,-27.775053],[-54.1355146,-27.7698687],[-54.1069889,-27.7692173],[-54.1037325,-27.7863707],[-54.0950642,-27.7802873],[-54.0897714,-27.787958]]]}},{"type":"Feature","properties":{"level":"municipio","municipality_code":"4300471","municipality_name":"Almirante Tamandaré do Sul","uf":"RS","state_code":"43","area_km2":265.042},"geometry":{"type":"Polygon","coordinates":[[[-52.9732101,-28.129097],[-52.9846911,-28.1241207],[-52.9902979,-28.1309247],[-53.0015926,-28.1065521],[-53.0092769,-28.1211949],[-53.0088055,-28.102389],[-53.0231438,-28.1054648],[-53.0102472,-28.0932169],[-53.0173646,-28.0867869],[-53.0050849,-28.0886131],[-53.0009567,-28.0802704],[-53.0064637,-28.0759993],[-52.9824939,-28.0776012],[-52.9841358,-28.068863],[-53.0005677,-28.0698571],[-52.9945166,-28.0576095],[-53.0090059,-28.0656089],[-53.0095967,-28.0439929],[-53.0260992,-28.0435515],[-53.0079263,-28.0395499],[-53.0091306,-28.0272898],[-52.9981877,-28.0376264],[-52.9868607,-28.0333166],[-52.9821344,-28.0423788],[-52.9728979,-28.0329613],[-52.9672783,-28.0502268],[-52.9656896,-28.0346444],[-52.9585262,-28.0336615],[-52.9417199,-28.0463962],[-52.9405086,-28.057036],[-52.9297903,-28.0482898],[-52.9220988,-28.0590103],[-52.9040518,-28.0521229],[-52.8971392,-28.0686517],[-52.8883638,-28.0546284],[-52.8919581,-28.0631407],[-52.8833993,-28.0696157],[-52.864952,-28.0710919],[-52.8647573,-28.0923954],[-52.8536901,-28.0887089],[-52.8555479,-28.0943314],[-52.8533161,-28.0990342],[-52.8470666,-28.0899061],[-52.8330625,-28.0930883],[-52.8237151,-28.1095419],[-52.8173017,-28.1048085],[-52.8180543,-28.113699],[-52.8059927,-28.1249985],[-52.827425,-28.163191],[-52.822523,-28.1834615],[-52.8407901,-28.24089],[-52.8555,-28.2508167],[-52.8662312,-28.2468343],[-52.8644058,-28.2601362],[-52.8801485,-28.2484827],[-52.8823182,-28.2235376],[-52.8730843,-28.2141808],[-52.8926574,-28.2017294],[-52.9059281,-28.1767022],[-52.9383145,-28.1887861],[-52.9481613,-28.1736128],[-52.978159,-28.1736122],[-52.9836661,-28.1662906],[-52.9752701,-28.1619613],[-52.9794462,-28.1425955],[-52.9732101,-28.129097]]]}},{"type":"Feature","properties":{"level":"municipio","municipality_code":"4300505","municipality_name":"Alpestre","uf":"RS","state_code":"43","area_km2":325.979},"geometry":{"type":"Polygon","coordinates":[[[-53.011524,-27.3236072],[-53.0481695,-27.293217],[-53.0438252,-27.2838177],[-53.0756691,-27.2704612],[-53.0995215,-27.2752798],[-53.1101936,-27.2701529],[-53.1188752,-27.2803029],[-53.1575338,-27.2841876],[-53.1760444,-27.2431989],[-53.1690796,-27.2372506],[-53.181314,-27.2272761],[-53.1772685,-27.2170748],[-53.1847508,-27.2122286],[-53.1786814,-27.2110764],[-53.1903662,-27.2022743],[-53.1794857,-27.199097],[-53.1876885,-27.1922631],[-53.1642111,-27.141297],[-53.1502847,-27.1437823],[-53.1321831,-27.1802287],[-53.0753259,-27.161979],[-53.0697112,-27.1487352],[-53.0767,-27.1078446],[-53.0590423,-27.0882454],[-53.0320951,-27.082302],[-53.0204394,-27.0875227],[-53.0175492,-27.0990074],[-53.0413939,-27.1249055],[-53.0426061,-27.1498514],[-53.0299074,-27.1595057],[-53.0030057,-27.1356146],[-52.9916636,-27.1409667],[-52.9828533,-27.1649948],[-53.0012618,-27.186762],[-52.9999772,-27.2067001],[-52.9843663,-27.2214723],[-52.9592765,-27.2191492],[-52.9654548,-27.2419275],[-52.9499166,-27.2519894],[-52.9668731,-27.2616831],[-52.954511,-27.2723053],[-52.9659618,-27.2722236],[-52.9576507,-27.2790962],[-52.9655105,-27.2843442],[-52.9567551,-27.2854582],[-52.9589244,-27.2919929],[-52.944752,-27.2967569],[-52.9337553,-27.3127802],[-52.9748344,-27.307466],[-53.011524,-27.3236072]]]}},{"type":"Feature","properties":{"level":"municipio","municipality_code":"4300554","municipality_name":"Alto Alegre","uf":"RS","state_code":"43","area_km2":115.335},"geometry":{"type":"Polygon","coordinates":[[[-52.9855669,-28.8598629],[-53.0228011,-28.8383295],[-53.0567882,-28.8361313],[-53.0552434,-28.8136647],[-53.063871,-28.7985635],[-53.0326311,-28.7757298],[-53.0374323,-28.7643009],[-53.0140855,-28.7636815],[-53.0011117,-28.7737497],[-52.9972936,-28.7702795],[-53.0109968,-28.7575828],[-52.983686,-28.748507],[-52.9631103,-28.7627812],[-52.9522642,-28.7540131],[-52.9616414,-28.7427312],[-52.9329727,-28.7463642],[-52.9273898,-28.7784264],[-52.9387675,-28.7882119],[-52.9248218,-28.7883498],[-52.9346031,-28.7964968],[-52.925536,-28.8119117],[-52.9677073,-28.8144646],[-52.940254,-28.842208],[-52.9471081,-28.8752073],[-52.9645103,-28.8697462],[-52.9621708,-28.846705],[-52.9855669,-28.8598629]]]}},{"type":"Feature","properties":{"level":"municipio","municipality_code":"4300570","municipality_name":"Alto Feliz","uf":"RS","state_code":"43","area_km2":78.17},"geometry":{"type":"Polygon","coordinates":[[[-51.2819464,-29.3721428],[-51.2758828,-29.4041621],[-51.3106959,-29.4129782],[-51.3106487,-29.4198948],[-51.3302257,-29.4270069],[-51.3295475,-29.415575],[-51.3549535,-29.3704557],[-51.3526596,-29.3331202],[-51.2987161,-29.3175801],[-51.2621019,-29.3157826],[-51.2393836,-29.3543562],[-51.260249,-29.3507124],[-51.2819464,-29.3721428]]]}},{"type":"Feature","properties":{"level":"municipio","municipality_code":"4300604","municipality_name":"Alvorada","uf":"RS","state_code":"43","area_km2":71.702},"geometry":{"type":"Polygon","coordinates":[[[-51.0513404,-30.0502348],[-51.0862673,-30.045479],[-51.0863472,-30.0228198],[-51.0942966,-30.0159563],[-51.0865099,-29.9707759],[-51.0775407,-29.9651195],[-51.0646255,-29.9721757],[-51.0623044,-29.9652142],[-51.0502694,-29.9690949],[-51.0460858,-29.9626312],[-51.0368375,-29.9680601],[-51.0098058,-29.9564612],[-50.9842429,-29.9670144],[-50.9487236,-29.9606802],[-50.9621891,-29.9898954],[-51.0396697,-30.0065487],[-51.0336368,-30.0233482],[-51.0542094,-30.0285074],[-51.0513404,-30.0502348]]]}},{"type":"Feature","properties":{"level":"municipio","municipality_code":"4300638","municipality_name":"Amaral Ferrador","uf":"RS","state_code":"43","area_km2":506.109},"geometry":{"type":"Polygon","coordinates":[[[-52.2394495,-30.8811323],[-52.2761518,-30.8853126],[-52.2751754,-30.8966779],[-52.2886229,-30.9101275],[-52.3141358,-30.8871619],[-52.3673325,-30.9095423],[-52.4040059,-30.9050818],[-52.4242474,-30.9208306],[-52.4285107,-30.8877834],[-52.4187537,-30.8544635],[-52.4348126,-30.8360729],[-52.4473267,-30.8014661],[-52.4568332,-30.797148],[-52.430276,-30.6977538],[-52.4480063,-30.6554214],[-52.4134828,-30.6551102],[-52.3910098,-30.6628198],[-52.3754317,-30.6871495],[-52.3360066,-30.6921427],[-52.3411786,-30.7110082],[-52.3150808,-30.7239618],[-52.3160748,-30.7324827],[-52.2939817,-30.7515079],[-52.2662424,-30.7989841],[-52.2575792,-30.7968781],[-52.2403703,-30.7565874],[-52.2106491,-30.7555858],[-52.21363,-30.7788965],[-52.1896012,-30.7641863],[-52.1776837,-30.7738398],[-52.185408,-30.7800541],[-52.1788543,-30.8376209],[-52.1554954,-30.8629282],[-52.1268262,-30.8747174],[-52.1152966,-30.8981233],[-52.0985259,-30.9108234],[-52.1060527,-30.928976],[-52.1273785,-30.9125843],[-52.1312123,-30.8993957],[-52.1772756,-30.9123869],[-52.1842327,-30.9019974],[-52.2064963,-30.9067709],[-52.2394495,-30.8811323]]]}},{"type":"Feature","properties":{"level":"municipio","municipality_code":"4300646","municipality_name":"Ametista do Sul","uf":"RS","state_code":"43","area_km2":93.605},"geometry":{"type":"Polygon","coordinates":[[[-53.1641636,-27.3497021],[-53.1349961,-27.3602928],[-53.1318171,-27.3547297],[-53.12204,-27.364649],[-53.1132558,-27.3764698],[-53.1211127,-27.3970677],[-53.1428389,-27.4056483],[-53.1774573,-27.4028401],[-53.1993609,-27.4132897],[-53.2211356,-27.4021719],[-53.2040033,-27.397623],[-53.2167159,-27.3844043],[-53.2366074,-27.3975991],[-53.2361363,-27.3814299],[-53.2459023,-27.3691363],[-53.2669391,-27.3736752],[-53.2483838,-27.3525605],[-53.2661492,-27.3471066],[-53.2563727,-27.3437469],[-53.2460155,-27.3212484],[-53.2283975,-27.3217407],[-53.2279569,-27.3060142],[-53.2023053,-27.3118564],[-53.213035,-27.325622],[-53.1941438,-27.3151051],[-53.1953991,-27.3224714],[-53.1832894,-27.3272525],[-53.1870534,-27.3369599],[-53.1721353,-27.3402446],[-53.1818106,-27.3531951],[-53.1641636,-27.3497021]]]}},{"type":"Feature","properties":{"level":"municipio","municipality_code":"4300661","municipality_name":"André da Rocha","uf":"RS","state_code":"43","area_km2":331.208},"geometry":{"type":"Polygon","coordinates":[[[-51.4682341,-28.5207753],[-51.4716596,-28.5056857],[-51.4541888,-28.4851634],[-51.4367703,-28.4996691],[-51.4197757,-28.5018187],[-51.4199227,-28.5178054],[-51.398211,-28.5145747],[-51.4159492,-28.5320497],[-51.3929288,-28.5419166],[-51.4005782,-28.5433288],[-51.4080558,-28.5625403],[-51.3937387,-28.5660298],[-51.4065206,-28.5689301],[-51.4069956,-28.5742694],[-51.393211,-28.5746451],[-51.4039985,-28.5853034],[-51.3969195,-28.607396],[-51.4037181,-28.6143087],[-51.3897364,-28.6150365],[-51.4014479,-28.6198957],[-51.3974154,-28.6375191],[-51.4218947,-28.6696507],[-51.4450906,-28.6736608],[-51.4664285,-28.6494242],[-51.4693365,-28.6548589],[-51.4794024,-28.6490336],[-51.4967387,-28.6668148],[-51.5322822,-28.667522],[-51.5659639,-28.694909],[-51.6101927,-28.6785731],[-51.5918325,-28.6626897],[-51.6089858,-28.6515941],[-51.6062266,-28.6378706],[-51.6157815,-28.6355326],[-51.6017601,-28.6106568],[-51.6145455,-28.595543],[-51.5985003,-28.5847551],[-51.6123066,-28.5520189],[-51.5970627,-28.5410622],[-51.5998619,-28.5297322],[-51.5869078,-28.5203686],[-51.5598722,-28.5205524],[-51.5370081,-28.5265519],[-51.5281343,-28.547017],[-51.488044,-28.5235568],[-51.4741297,-28.5269138],[-51.4682341,-28.5207753]]]}},{"type":"Feature","properties":{"level":"municipio","municipality_code":"4300703","municipality_name":"Anta Gorda","uf":"RS","state_code":"43","area_km2":242.1},"geometry":{"type":"Polygon","coordinates":[[[-52.0345402,-29.0341656],[-52.0414851,-29.0177842],[-52.0567788,-29.0195449],[-52.0524701,-29.0096377],[-52.0669094,-29.0061401],[-52.0675727,-28.9973512],[-52.0776299,-28.998322],[-52.0784168,-28.9893129],[-52.0911635,-28.989728],[-52.0920429,-28.9804357],[-52.0695888,-28.9796243],[-52.0669525,-28.9066052],[-52.0789972,-28.8776642],[-52.0100373,-28.873142],[-52.0088623,-28.8835074],[-51.9887626,-28.8896411],[-52.0035551,-28.89877],[-52.0027839,-28.9036936],[-51.9802136,-28.9007648],[-51.9702548,-28.9229207],[-51.9685551,-28.9070285],[-51.9600446,-28.9091632],[-51.9572164,-28.9173156],[-51.9652536,-28.9253834],[-51.9592748,-28.9292746],[-51.9511538,-28.926211],[-51.9507046,-28.907198],[-51.9439946,-28.9081322],[-51.9429561,-28.9247038],[-51.9305255,-28.9279776],[-51.9195698,-28.920939],[-51.9138604,-28.9275173],[-51.9234343,-28.9418075],[-51.9083682,-28.9517302],[-51.906512,-28.96532],[-51.9162651,-28.9519653],[-51.9250483,-28.9597104],[-51.9059495,-28.9716733],[-51.9250731,-28.9781975],[-51.9064162,-28.9895799],[-51.9318894,-28.9943105],[-51.9150886,-29.0158784],[-51.9132693,-29.0416651],[-51.9258515,-29.0748655],[-51.9547142,-29.074823],[-51.9700279,-29.0391018],[-52.0345402,-29.0341656]]]}},{"type":"Feature","properties":{"level":"municipio","municipality_code":"4300802","municipality_name":"Antônio Prado","uf":"RS","state_code":"43","area_km2":347.541},"geometry":{"type":"Polygon","coordinates":[[[-51.2527517,-28.8167247],[-51.2216341,-28.8239144],[-51.204099,-28.8466677],[-51.1769452,-28.8564834],[-51.1605619,-28.8736399],[-51.1741989,-28.9015872],[-51.1701358,-28.9175438],[-51.1527716,-28.9297331],[-51.1528688,-28.9419626],[-51.1870579,-28.9421107],[-51.1969778,-28.9297022],[-51.213012,-28.9429009],[-51.2375777,-28.9396106],[-51.2639485,-28.9635617],[-51.2713055,-28.9560849],[-51.2647591,-28.9348042],[-51.2786808,-28.9256523],[-51.3093576,-28.9556896],[-51.3355431,-28.9566105],[-51.3401679,-28.9646068],[-51.3551667,-28.9419199],[-51.3546123,-28.9193007],[-51.4642458,-28.9248856],[-51.4730968,-28.9160017],[-51.4657183,-28.9045308],[-51.4702929,-28.8947255],[-51.4555299,-28.891051],[-51.4590232,-28.8800629],[-51.4470705,-28.8697512],[-51.4626204,-28.8561582],[-51.4419164,-28.844609],[-51.4652452,-28.830435],[-51.4569547,-28.8169442],[-51.4651043,-28.8014074],[-51.4361201,-28.8091574],[-51.4111913,-28.7999483],[-51.3644772,-28.8347099],[-51.3366888,-28.8283125],[-51.3184869,-28.8501518],[-51.3168597,-28.8386198],[-51.2937124,-28.8283443],[-51.2721119,-28.8312729],[-51.2527517,-28.8167247]]]}},{"type":"Feature","properties":{"level":"municipio","municipality_code":"4300851","municipality_name":"Arambaré","uf":"RS","state_code":"43","area_km2":518.193},"geometry":{"type":"Polygon","coordinates":[[[-51.4964093,-30.9150326],[-51.5006396,-30.9654745],[-51.4876868,-31.0195494],[-51.4657538,-31.0650351],[-51.441814,-31.0880529],[-51.5377651,-31.1149834],[-51.5419917,-31.1031493],[-51.5749257,-31.0792899],[-51.6161945,-31.0648033],[-51.6051715,-31.0477761],[-51.5917831,-30.9847955],[-51.6024409,-30.9489671],[-51.656532,-30.8924499],[-51.724433,-30.8824416],[-51.7441839,-30.839012],[-51.6922,-30.8122283],[-51.6285169,-30.7449948],[-51.5901186,-30.7602167],[-51.5344628,-30.8015655],[-51.523474,-30.8355932],[-51.500733,-30.8527964],[-51.4866892,-30.8777983],[-51.4766068,-30.8823758],[-51.4617018,-30.8704276],[-51.4488239,-30.8721833],[-51.4775002,-30.8899723],[-51.4964093,-30.9150326]]]}},{"type":"Feature","properties":{"level":"municipio","municipality_code":"4300877","municipality_name":"Araricá","uf":"RS","state_code":"43","area_km2":35.195},"geometry":{"type":"Polygon","coordinates":[[[-50.9117362,-29.5994731],[-50.9074435,-29.6495245],[-50.919817,-29.6551401],[-50.9269798,-29.6755788],[-50.9439219,-29.6747264],[-50.9441188,-29.6903278],[-50.9634261,-29.6784657],[-50.9533905,-29.6738853],[-50.9464424,-29.620643],[-50.9614164,-29.6090352],[-50.9588037,-29.5942078],[-50.9117362,-29.5994731]]]}},{"type":"Feature","properties":{"level":"municipio","municipality_code":"4300901","municipality_name":"Aratiba","uf":"RS","state_code":"43","area_km2":342.279},"geometry":{"type":"Polygon","coordinates":[[[-52.2559739,-27.5110622],[-52.3488808,-27.509461],[-52.3507738,-27.4979829],[-52.3635692,-27.5007296],[-52.3674061,-27.4948766],[-52.3569482,-27.4791409],[-52.3686216,-27.4710958],[-52.3465593,-27.4689248],[-52.3675785,-27.440887],[-52.3620057,-27.4175934],[-52.3827492,-27.364707],[-52.3874529,-27.3394251],[-52.3818161,-27.3226606],[-52.3897669,-27.3057682],[-52.3986872,-27.3129323],[-52.3946685,-27.2518296],[-52.3814264,-27.2596274],[-52.3775547,-27.3038556],[-52.3452594,-27.2882777],[-52.3013234,-27.319031],[-52.290981,-27.3087127],[-52.3062042,-27.2701366],[-52.3004793,-27.2585367],[-52.2545435,-27.256359],[-52.2342078,-27.2659259],[-52.2368566,-27.2737692],[-52.2679911,-27.2832486],[-52.2781228,-27.2987324],[-52.2359798,-27.3090855],[-52.2247663,-27.3306051],[-52.2289257,-27.3485881],[-52.2098537,-27.3674991],[-52.2164015,-27.3689927],[-52.2106766,-27.3827739],[-52.22881,-27.3925695],[-52.2219703,-27.4026482],[-52.2292242,-27.4058945],[-52.2273314,-27.4137101],[-52.2364908,-27.4115976],[-52.2271073,-27.4285357],[-52.236785,-27.427581],[-52.2359732,-27.4378582],[-52.2418481,-27.4381891],[-52.236484,-27.4573763],[-52.2454675,-27.4667785],[-52.2378753,-27.4700312],[-52.2386674,-27.4824814],[-52.2531739,-27.4971383],[-52.246752,-27.5027578],[-52.2576355,-27.4980816],[-52.2625997,-27.5041905],[-52.2559739,-27.5110622]]]}},{"type":"Feature","properties":{"level":"municipio","municipality_code":"4301305","municipality_name":"Arroio Grande","uf":"RS","state_code":"43","area_km2":2508.557},"geometry":{"type":"Polygon","coordinates":[[[-53.0396621,-32.4156972],[-53.0606031,-32.4037693],[-53.0527569,-32.388504],[-53.0904409,-32.3927868],[-53.1001127,-32.377579],[-53.1433355,-32.3644178],[-53.1860289,-32.3718545],[-53.2143501,-32.3527517],[-53.2246929,-32.3559576],[-53.2444049,-32.3445817],[-53.2613613,-32.3242652],[-53.2558305,-32.3096769],[-53.2916275,-32.2744766],[-53.289713,-32.2345029],[-53.3075592,-32.2138565],[-53.305567,-32.1873436],[-53.2526599,-32.1687412],[-53.2491289,-32.1452546],[-53.236946,-32.138013],[-53.239513,-32.1177601],[-53.2275393,-32.1061277],[-53.2323005,-32.0992758],[-53.2156623,-32.0905164],[-53.2242766,-32.0863314],[-53.2093935,-32.0825264],[-53.2040931,-32.0670242],[-53.1820641,-32.0602828],[-53.1765813,-32.0409131],[-53.1535921,-32.0340887],[-53.1243054,-32.0026417],[-53.0415057,-32.0024038],[-53.0280648,-32.0213366],[-53.0087574,-32.030397],[-52.9941745,-32.025084],[-52.9721257,-32.0327453],[-52.924614,-32.0299111],[-52.8821937,-32.0447768],[-52.8583132,-32.0417514],[-52.8503683,-32.0540508],[-52.8241156,-32.0565985],[-52.8045584,-32.0711614],[-52.7961378,-32.0997437],[-52.7871576,-32.1056031],[-52.7777122,-32.0983773],[-52.7855033,-32.0810966],[-52.7813796,-32.0635387],[-52.6627606,-31.9006873],[-52.6485247,-31.8992786],[-52.6385394,-31.9102855],[-52.6127614,-31.9183274],[-52.605147,-31.9381708],[-52.5843282,-31.9374925],[-52.5742149,-31.9485225],[-52.5571792,-31.9436327],[-52.5444294,-31.9558889],[-52.5145731,-31.9533225],[-52.5062804,-31.9664763],[-52.5149629,-31.9728129],[-52.4973185,-31.9941822],[-52.487562,-31.9886051],[-52.4684224,-32.0001785],[-52.4604653,-31.9960596],[-52.4183163,-32.0155193],[-52.4192846,-32.025404],[-52.408483,-32.0298107],[-52.4095498,-32.0385212],[-52.4336743,-32.0505672],[-52.4398119,-32.0637499],[-52.4921311,-32.0554299],[-52.5306516,-32.0932395],[-52.5618668,-32.0994668],[-52.5716626,-32.1124156],[-52.6177577,-32.1300589],[-52.6228849,-32.1455712],[-52.6749516,-32.1640385],[-52.7011634,-32.1552687],[-52.725193,-32.1550983],[-52.7321979,-32.1596596],[-52.7205121,-32.1704032],[-52.7071033,-32.1595548],[-52.6970702,-32.1660953],[-52.7187651,-32.1725645],[-52.738585,-32.1650902],[-52.7367528,-32.1717446],[-52.7467053,-32.1737222],[-52.7511013,-32.1773689],[-52.7373346,-32.1746287],[-52.7415634,-32.1829382],[-52.7262723,-32.1873771],[-52.7319563,-32.2001677],[-52.7310719,-32.1892653],[-52.7492096,-32.1922007],[-52.7686116,-32.202287],[-52.77516,-32.2106919],[-52.7619144,-32.2041914],[-52.7613985,-32.2139401],[-52.7527658,-32.2062661],[-52.7380675,-32.2148986],[-52.7307463,-32.2080085],[-52.743161,-32.2066931],[-52.7369874,-32.2021682],[-52.7294293,-32.2056223],[-52.7288644,-32.2123319],[-52.7399036,-32.2205391],[-52.7540926,-32.2112964],[-52.7767632,-32.2306006],[-52.7841421,-32.2694519],[-52.7968227,-32.2720823],[-52.7885352,-32.2798322],[-52.7944542,-32.2791219],[-52.8136695,-32.3211027],[-52.8005697,-32.3346962],[-52.8163441,-32.3258404],[-52.8210849,-32.3341114],[-52.8087656,-32.3536498],[-52.7900461,-32.3430599],[-52.7761559,-32.3528412],[-52.8032425,-32.3597637],[-52.7901137,-32.3788209],[-52.7725641,-32.3678373],[-52.7716795,-32.3526357],[-52.7241868,-32.3700112],[-52.7259771,-32.3857487],[-52.7803937,-32.4365099],[-52.8207091,-32.4513216],[-52.9195975,-32.4676247],[-52.9679581,-32.490484],[-52.9769571,-32.4822696],[-52.973791,-32.4599205],[-52.9853087,-32.4414075],[-53.0015569,-32.4355448],[-53.0085077,-32.4232167],[-53.0315388,-32.4292471],[-53.0396621,-32.4156972]]]}},{"type":"Feature","properties":{"level":"municipio","municipality_code":"4301008","municipality_name":"Arroio do Meio","uf":"RS","state_code":"43","area_km2":157.088},"geometry":{"type":"Polygon","coordinates":[[[-51.9174476,-29.3359179],[-51.8784675,-29.3756127],[-51.8750221,-29.3911324],[-51.9106272,-29.4173845],[-51.9198562,-29.4147451],[-51.9143206,-29.399272],[-51.9251792,-29.3970577],[-51.955714,-29.42159],[-51.9774188,-29.4233413],[-51.9856837,-29.417946],[-51.9798066,-29.4110688],[-52.0335663,-29.4032077],[-52.0325308,-29.384632],[-52.0517797,-29.3796477],[-52.0477901,-29.3748745],[-52.0623342,-29.364776],[-52.0636629,-29.354055],[-52.0366373,-29.353941],[-52.0335068,-29.3287614],[-52.0151817,-29.3292109],[-52.0220591,-29.3177964],[-51.9872478,-29.3009375],[-51.9738947,-29.3033512],[-51.9649775,-29.3297486],[-51.95508,-29.3289119],[-51.9439218,-29.3054114],[-51.9203701,-29.3038465],[-51.9176467,-29.2911417],[-51.8962551,-29.3023209],[-51.8955596,-29.3163468],[-51.9174476,-29.3359179]]]}},{"type":"Feature","properties":{"level":"municipio","municipality_code":"4301073","municipality_name":"Arroio do Padre","uf":"RS","state_code":"43","area_km2":124.693},"geometry":{"type":"Polygon","coordinates":[[[-52.377037,-31.5074959],[-52.4050982,-31.4979329],[-52.4090076,-31.4998609],[-52.4096645,-31.5056187],[-52.4105555,-31.5061558],[-52.4144736,-31.4897817],[-52.4327207,-31.4786118],[-52.4416509,-31.4508274],[-52.4916443,-31.4577512],[-52.4883891,-31.4418969],[-52.4822263,-31.426687],[-52.4639278,-31.4274813],[-52.4461248,-31.4172526],[-52.4358371,-31.3954924],[-52.422826,-31.3909501],[-52.4198222,-31.3766961],[-52.4053941,-31.3917859],[-52.3785576,-31.3918479],[-52.354866,-31.3751947],[-52.3544404,-31.3673789],[-52.3460518,-31.3725559],[-52.3428567,-31.3994674],[-52.3339531,-31.4073217],[-52.3510287,-31.4150493],[-52.353583,-31.4257501],[-52.3533735,-31.4329216],[-52.3349343,-31.4378004],[-52.3547192,-31.4481276],[-52.3431565,-31.4624866],[-52.3497447,-31.5058917],[-52.377037,-31.5074959]]]}},{"type":"Feature","properties":{"level":"municipio","municipality_code":"4301057","municipality_name":"Arroio do Sal","uf":"RS","state_code":"43","area_km2":119.16},"geometry":{"type":"Polygon","coordinates":[[[-49.8034666,-29.4435871],[-49.922165,-29.607173],[-49.9861764,-29.6012305],[-49.8701637,-29.4473237],[-49.8355245,-29.4242253],[-49.8034666,-29.4435871]]]}},{"type":"Feature","properties":{"level":"municipio","municipality_code":"4301206","municipality_name":"Arroio do Tigre","uf":"RS","state_code":"43","area_km2":315.132},"geometry":{"type":"Polygon","coordinates":[[[-53.1026241,-29.3601858],[-53.1244888,-29.373396],[-53.1270977,-29.3593327],[-53.1423849,-29.3625399],[-53.1411171,-29.355932],[-53.160332,-29.3530739],[-53.1593355,-29.3449814],[-53.1902534,-29.3366153],[-53.1938779,-29.3274048],[-53.1796595,-29.3250205],[-53.1684509,-29.3351031],[-53.1675403,-29.3223959],[-53.1583636,-29.3282265],[-53.1500017,-29.3116461],[-53.1416682,-29.3131937],[-53.1465603,-29.2673737],[-53.1243479,-29.2640225],[-53.1373762,-29.253443],[-53.1197854,-29.2490817],[-53.1348273,-29.2281066],[-53.1187108,-29.2329138],[-53.1113887,-29.2204962],[-53.1002726,-29.2223155],[-53.1059742,-29.2158906],[-53.0984149,-29.207421],[-53.0866574,-29.2089918],[-53.0939535,-29.1963056],[-53.0736119,-29.2029468],[-53.0792754,-29.1881867],[-53.0566109,-29.1802619],[-53.0620363,-29.1565245],[-53.0429155,-29.1633414],[-53.0341069,-29.1531029],[-53.0187276,-29.1586076],[-53.0083771,-29.154023],[-53.0118087,-29.1390439],[-53.0043511,-29.1371501],[-52.9880203,-29.1425458],[-52.9867533,-29.1568973],[-52.9644583,-29.1539476],[-52.9478849,-29.1764899],[-52.9171932,-29.185426],[-52.9362295,-29.2125659],[-52.9465116,-29.210841],[-52.9461841,-29.2190937],[-52.958829,-29.2267341],[-52.9459518,-29.2622268],[-52.9830263,-29.2590392],[-53.0329903,-29.2715576],[-53.0173091,-29.3090531],[-53.0306301,-29.3209513],[-53.0278544,-29.3454581],[-53.0133455,-29.362405],[-53.0470686,-29.3552233],[-53.0706414,-29.3735383],[-53.0900293,-29.3724852],[-53.1026241,-29.3601858]]]}},{"type":"Feature","properties":{"level":"municipio","municipality_code":"4301107","municipality_name":"Arroio dos Ratos","uf":"RS","state_code":"43","area_km2":425.791},"geometry":{"type":"Polygon","coordinates":[[[-51.815466,-30.1117053],[-51.7826824,-30.0779386],[-51.73393,-30.0603506],[-51.6816944,-30.0106867],[-51.6611847,-30.0476904],[-51.6198828,-30.0619343],[-51.6449232,-30.0815357],[-51.66187,-30.0728282],[-51.6915698,-30.0829507],[-51.6919243,-30.1138093],[-51.7019805,-30.1260929],[-51.6950167,-30.1376256],[-51.6999017,-30.1414344],[-51.6906809,-30.1451924],[-51.6950393,-30.1770805],[-51.6808949,-30.1816149],[-51.6787615,-30.2035848],[-51.6856609,-30.2126958],[-51.6704125,-30.2210157],[-51.6680612,-30.2312009],[-51.6812065,-30.2417959],[-51.6717073,-30.2452983],[-51.6715115,-30.2640646],[-51.6795657,-30.264833],[-51.6749515,-30.2710759],[-51.6872166,-30.2809454],[-51.6777791,-30.2888327],[-51.7097962,-30.3025961],[-51.7314179,-30.3311012],[-51.7516901,-30.3324746],[-51.7593112,-30.3431481],[-51.822796,-30.3238473],[-51.8215252,-30.3113434],[-51.8456698,-30.2851975],[-51.8500552,-30.2039704],[-51.8024111,-30.1481862],[-51.822801,-30.1301508],[-51.815466,-30.1117053]]]}},{"type":"Feature","properties":{"level":"municipio","municipality_code":"4301404","municipality_name":"Arvorezinha","uf":"RS","state_code":"43","area_km2":269.31},"geometry":{"type":"Polygon","coordinates":[[[-52.0658619,-28.8231857],[-52.0390877,-28.8459333],[-52.0311669,-28.84372],[-52.0345143,-28.8340645],[-52.0173831,-28.8410747],[-52.0327464,-28.8549256],[-52.0066969,-28.8656283],[-52.0096883,-28.877021],[-52.101529,-28.879111],[-52.1027712,-28.8860868],[-52.1196138,-28.8829916],[-52.1490593,-28.8923188],[-52.1659884,-28.8860595],[-52.213284,-28.9330005],[-52.2164806,-28.947239],[-52.2301465,-28.9579194],[-52.2282905,-28.9700566],[-52.2391207,-28.9755322],[-52.2343682,-28.9687247],[-52.2612141,-28.9602345],[-52.2574286,-28.9519979],[-52.2676516,-28.9454233],[-52.2607506,-28.9325906],[-52.2731851,-28.9311919],[-52.2655882,-28.9222842],[-52.2803367,-28.9124671],[-52.2781905,-28.8999664],[-52.2892305,-28.8958116],[-52.2787237,-28.88692],[-52.2931761,-28.8882944],[-52.2896936,-28.878879],[-52.301278,-28.8733544],[-52.2949311,-28.8670313],[-52.3093017,-28.8634209],[-52.2964196,-28.8470988],[-52.3126826,-28.8488691],[-52.3050368,-28.8427386],[-52.3121398,-28.8386836],[-52.3095819,-28.8291738],[-52.3295451,-28.8216142],[-52.3211708,-28.8097286],[-52.2984743,-28.8060997],[-52.2835031,-28.8132457],[-52.2703753,-28.8076767],[-52.2441071,-28.8288015],[-52.2208189,-28.8091274],[-52.201982,-28.8220113],[-52.1712217,-28.8236069],[-52.1656967,-28.8137812],[-52.1428901,-28.813409],[-52.1368091,-28.8035755],[-52.1081785,-28.8112007],[-52.0692579,-28.8052867],[-52.0593395,-28.8172888],[-52.0658619,-28.8231857]]]}},{"type":"Feature","properties":{"level":"municipio","municipality_code":"4301503","municipality_name":"Augusto Pestana","uf":"RS","state_code":"43","area_km2":348.219},"geometry":{"type":"Polygon","coordinates":[[[-53.9842168,-28.6373845],[-53.9987546,-28.640893],[-54.0073268,-28.6337467],[-54.0005849,-28.624335],[-54.0098642,-28.6210852],[-54.0098685,-28.6123498],[-54.0281619,-28.607057],[-54.0304251,-28.595462],[-54.042972,-28.6033318],[-54.036132,-28.59287],[-54.0478039,-28.5927539],[-54.0486408,-28.586737],[-54.0722241,-28.5874433],[-54.076465,-28.5710753],[-54.0845142,-28.5692153],[-54.0887227,-28.5861754],[-54.1079928,-28.5741074],[-54.0908522,-28.5709571],[-54.0924135,-28.5637019],[-54.1099814,-28.5629905],[-54.1109259,-28.5569669],[-54.13188,-28.5632046],[-54.1261385,-28.555816],[-54.127205,-28.4885082],[-54.1097503,-28.4681585],[-54.0826704,-28.4749336],[-54.067821,-28.4606453],[-54.0462802,-28.4701721],[-54.0402828,-28.4514325],[-54.0456587,-28.4342638],[-54.0352563,-28.4331304],[-54.0400004,-28.4109686],[-54.0343795,-28.40852],[-54.0315405,-28.4155156],[-54.0180794,-28.4153289],[-54.0215136,-28.4243231],[-54.0140981,-28.4325812],[-54.0088099,-28.4248668],[-53.9989141,-28.4281354],[-53.9944807,-28.4466268],[-53.990279,-28.4371806],[-53.979638,-28.4432918],[-53.9753483,-28.4657339],[-53.9559501,-28.4613844],[-53.9478882,-28.4698706],[-53.9620595,-28.4721789],[-53.9592324,-28.4883219],[-53.9471179,-28.486418],[-53.9342891,-28.4963854],[-53.9406334,-28.4846075],[-53.9324385,-28.4769782],[-53.9152787,-28.5062917],[-53.9069898,-28.4986225],[-53.8984677,-28.505262],[-53.9019011,-28.5136026],[-53.8940082,-28.5107276],[-53.8928329,-28.5222938],[-53.8801971,-28.5258164],[-53.8903985,-28.543838],[-53.8966733,-28.5464299],[-53.9030451,-28.5453412],[-53.9118598,-28.547901],[-53.9022123,-28.5692564],[-53.8906978,-28.5737247],[-53.8945788,-28.5841602],[-53.9314373,-28.6055713],[-53.9372114,-28.62728],[-53.967852,-28.6397799],[-53.9846855,-28.6566446],[-53.9842168,-28.6373845]]]}},{"type":"Feature","properties":{"level":"municipio","municipality_code":"4301602","municipality_name":"Bagé","uf":"RS","state_code":"43","area_km2":4090.36},"geometry":{"type":"Polygon","coordinates":[[[-54.0126695,-31.314107],[-53.954317,-31.3460688],[-53.9757167,-31.356314],[-53.9706322,-31.3622186],[-53.9868743,-31.3780264],[-53.9990634,-31.3793493],[-53.9662794,-31.4013558],[-53.9587634,-31.4228234],[-53.9230695,-31.4522666],[-53.9240447,-31.4653284],[-53.9312277,-31.4645803],[-53.9396545,-31.4815194],[-54.0144097,-31.5376006],[-54.0416171,-31.5228767],[-54.0288587,-31.5042209],[-54.0693209,-31.4715055],[-54.0709508,-31.4559736],[-54.094014,-31.4471306],[-54.0935568,-31.4356466],[-54.1135128,-31.4293636],[-54.1427539,-31.4820712],[-54.1726189,-31.4915736],[-54.1816632,-31.4840245],[-54.2228904,-31.5156917],[-54.275197,-31.5097588],[-54.2944617,-31.5312404],[-54.2934115,-31.5463762],[-54.311217,-31.5509306],[-54.3185983,-31.5688842],[-54.331739,-31.5734468],[-54.3275571,-31.5832763],[-54.3767541,-31.5927611],[-54.4053066,-31.6335231],[-54.4373605,-31.6526063],[-54.4562268,-31.6517005],[-54.4536641,-31.6299558],[-54.4666227,-31.6130421],[-54.4523863,-31.5993366],[-54.4643639,-31.5879518],[-54.4688178,-31.5927116],[-54.4729407,-31.570353],[-54.4936433,-31.5581388],[-54.4902596,-31.5510233],[-54.5156442,-31.5101774],[-54.5770731,-31.481337],[-54.5864586,-31.456553],[-54.6703379,-31.4540783],[-54.7012939,-31.4356678],[-54.6498824,-31.3956566],[-54.6478543,-31.3754566],[-54.6352312,-31.359064],[-54.5696176,-31.3711083],[-54.5544034,-31.3420087],[-54.504273,-31.3082193],[-54.4230765,-31.3013982],[-54.4240906,-31.2881404],[-54.40717,-31.2668631],[-54.4054084,-31.2323055],[-54.3780284,-31.2179672],[-54.3635,-31.1983472],[-54.3196474,-31.1874123],[-54.3123581,-31.1609224],[-54.2620103,-31.1611998],[-54.169408,-31.1429915],[-54.1675549,-31.1589897],[-54.1461649,-31.161479],[-54.119545,-31.1470818],[-54.1204931,-31.1405382],[-54.1049318,-31.1406086],[-54.093618,-31.1264154],[-54.0971192,-31.1072862],[-54.0768119,-31.0908105],[-54.0556659,-31.090576],[-54.0277993,-31.0664832],[-54.0129344,-31.0763023],[-54.0159825,-31.0623524],[-53.980532,-31.0561014],[-53.9755643,-31.0420129],[-53.953458,-31.0402625],[-53.9598174,-31.0353273],[-53.9583408,-31.0201415],[-53.9310062,-31.0307603],[-53.9250539,-31.0144983],[-53.9460589,-31.0002731],[-53.9286556,-31.0014976],[-53.9264266,-30.9874925],[-53.9408214,-30.9952289],[-53.9460156,-30.9861348],[-53.9135155,-30.9623044],[-53.9193056,-30.956118],[-53.9244226,-30.9651867],[-53.9348652,-30.9640181],[-53.9234359,-30.9398129],[-53.9109604,-30.9365281],[-53.8964903,-30.9460168],[-53.8878548,-30.9315538],[-53.8696814,-30.9251788],[-53.8871249,-30.9186937],[-53.879625,-30.9110653],[-53.8655761,-30.9160646],[-53.8621577,-30.9070161],[-53.8411111,-30.9157744],[-53.8106771,-30.9031681],[-53.7945929,-30.9093248],[-53.7825928,-30.9021183],[-53.7835095,-30.8908208],[-53.7632118,-30.8900321],[-53.7347597,-30.8638485],[-53.7330633,-30.8757024],[-53.7207802,-30.8750081],[-53.6994222,-30.8523361],[-53.6908519,-30.8577386],[-53.6869747,-30.8514128],[-53.6710743,-30.8535417],[-53.6577409,-30.8386255],[-53.6511109,-30.8575709],[-53.6573325,-30.8726667],[-53.6006124,-30.8576947],[-53.5978401,-30.8846432],[-53.6098854,-30.8976612],[-53.5880216,-30.8966968],[-53.6015499,-30.9189158],[-53.586357,-30.9235628],[-53.5738447,-30.9080247],[-53.5636116,-30.9316264],[-53.5428431,-30.9273894],[-53.5587787,-30.9413962],[-53.5317586,-30.9430826],[-53.5461511,-30.9485095],[-53.5422282,-30.953672],[-53.5272938,-30.9534045],[-53.5205344,-30.9340354],[-53.5122469,-30.9442109],[-53.5021823,-30.9398829],[-53.4967063,-30.9614652],[-53.4834237,-30.9568751],[-53.4798512,-30.9685293],[-53.4703811,-30.956439],[-53.4764765,-30.9499157],[-53.4635194,-30.9444851],[-53.4565793,-30.945929],[-53.4638214,-30.9561684],[-53.4537372,-30.9675953],[-53.4327553,-30.9603579],[-53.4328445,-30.9762713],[-53.4477777,-30.9720518],[-53.4499619,-30.9817877],[-53.4413775,-30.9799812],[-53.4459061,-30.9879739],[-53.4369702,-30.9853359],[-53.438076,-30.9920764],[-53.4587308,-30.9943662],[-53.450714,-31.0054777],[-53.4634822,-31.0130716],[-53.4465725,-31.0161687],[-53.4675797,-31.0180212],[-53.4607403,-31.0276201],[-53.4719107,-31.025526],[-53.4735091,-31.0327336],[-53.4817395,-31.0268232],[-53.4765408,-31.0332501],[-53.4908483,-31.037496],[-53.4743605,-31.0554677],[-53.4879171,-31.057906],[-53.4792452,-31.0688569],[-53.4895552,-31.0772239],[-53.4745555,-31.0887904],[-53.4865717,-31.0840703],[-53.4821075,-31.1017781],[-53.496732,-31.1061436],[-53.4804916,-31.1136419],[-53.486329,-31.1299315],[-53.4990188,-31.1321912],[-53.4888799,-31.1538165],[-53.5019372,-31.1557978],[-53.5025288,-31.1654146],[-53.515194,-31.1656748],[-53.5216467,-31.1765572],[-53.5040219,-31.1749825],[-53.5172994,-31.2034551],[-53.5275979,-31.2084151],[-53.5200364,-31.2160588],[-53.5293289,-31.2483285],[-53.5367677,-31.2509404],[-53.536304,-31.2392689],[-53.5502383,-31.2400642],[-53.548586,-31.2294853],[-53.5551272,-31.232828],[-53.5736109,-31.2677433],[-53.5687995,-31.2721701],[-53.5848133,-31.2718981],[-53.5819204,-31.2787811],[-53.5900497,-31.2840898],[-53.596432,-31.2791315],[-53.6056013,-31.2848204],[-53.6023883,-31.3064418],[-53.6249771,-31.3189237],[-53.6185314,-31.3304752],[-53.636109,-31.3293556],[-53.6507949,-31.3381268],[-53.6727803,-31.330404],[-53.6862453,-31.3370269],[-53.7058588,-31.3277504],[-53.7404689,-31.3291138],[-53.7652507,-31.3121912],[-53.7336263,-31.2388604],[-53.7746718,-31.232187],[-53.8240949,-31.2432685],[-53.8619818,-31.2205907],[-53.903546,-31.2279342],[-53.9311004,-31.2483959],[-53.9823317,-31.2607407],[-53.996648,-31.2786523],[-53.9977953,-31.3001468],[-54.0091649,-31.3033655],[-54.0126695,-31.314107]]]}},{"type":"Feature","properties":{"level":"municipio","municipality_code":"4301636","municipality_name":"Balneário Pinhal","uf":"RS","state_code":"43","area_km2":102.387},"geometry":{"type":"Polygon","coordinates":[[[-50.2505387,-30.2282957],[-50.2240985,-30.2362627],[-50.2519012,-30.3048776],[-50.2893787,-30.2914321],[-50.2809501,-30.2717186],[-50.2894871,-30.2599289],[-50.2868295,-30.2470411],[-50.2757584,-30.241684],[-50.2665035,-30.2542768],[-50.2688948,-30.2400302],[-50.2618922,-30.2374826],[-50.2679043,-30.2232337],[-50.3633104,-30.1944459],[-50.3989084,-30.1575004],[-50.3478709,-30.1598463],[-50.3072296,-30.1466299],[-50.2960688,-30.1598016],[-50.280345,-30.1592195],[-50.2569364,-30.1727553],[-50.2505387,-30.2282957]]]}},{"type":"Feature","properties":{"level":"municipio","municipality_code":"4301958","municipality_name":"Barra Funda","uf":"RS","state_code":"43","area_km2":60.437},"geometry":{"type":"Polygon","coordinates":[[[-53.057943,-27.9435603],[-53.048259,-27.9205616],[-53.0638105,-27.9228096],[-53.0497516,-27.9114289],[-53.0946051,-27.9103205],[-53.0973353,-27.9005329],[-53.046595,-27.902206],[-53.0404586,-27.8970119],[-53.053833,-27.8881761],[-53.0429341,-27.8861406],[-53.0477245,-27.8784772],[-53.0157845,-27.8852922],[-53.0159402,-27.8921012],[-52.986685,-27.8988412],[-52.9665163,-27.9138669],[-52.954819,-27.9363775],[-52.9763608,-27.9534165],[-52.9864009,-27.9482475],[-53.0323476,-27.9618232],[-53.035985,-27.9518929],[-53.057943,-27.9435603]]]}},{"type":"Feature","properties":{"level":"municipio","municipality_code":"4301859","municipality_name":"Barra do Guarita","uf":"RS","state_code":"43","area_km2":62.801},"geometry":{"type":"Polygon","coordinates":[[[-53.7176953,-27.1825018],[-53.7016448,-27.1967045],[-53.7180868,-27.1994675],[-53.7283142,-27.2244209],[-53.7422277,-27.2327151],[-53.7413179,-27.2554943],[-53.7636138,-27.27901],[-53.7701309,-27.2621096],[-53.7631018,-27.2604148],[-53.7755284,-27.2450881],[-53.7693704,-27.2337404],[-53.7889738,-27.2342974],[-53.7882412,-27.2229135],[-53.7806216,-27.2212638],[-53.7874223,-27.2129139],[-53.7774822,-27.2125573],[-53.7933631,-27.2110664],[-53.7943863,-27.1974785],[-53.8053167,-27.2033512],[-53.8073224,-27.1879551],[-53.8002112,-27.1814374],[-53.8196549,-27.1756536],[-53.7738616,-27.1474686],[-53.7629422,-27.1553555],[-53.7490015,-27.1912184],[-53.7176953,-27.1825018]]]}},{"type":"Feature","properties":{"level":"municipio","municipality_code":"4301875","municipality_name":"Barra do Quaraí","uf":"RS","state_code":"43","area_km2":1055.937},"geometry":{"type":"Polygon","coordinates":[[[-57.4147848,-30.2797081],[-57.4867597,-30.2668292],[-57.5002731,-30.2888531],[-57.5254088,-30.2854722],[-57.5663398,-30.2591112],[-57.5578464,-30.2133834],[-57.6033674,-30.1896711],[-57.6320547,-30.187039],[-57.6451419,-30.1936906],[-57.648363,-30.1848989],[-57.6326603,-30.1747769],[-57.5940995,-30.1789916],[-57.5696084,-30.1717638],[-57.4759939,-30.1183624],[-57.4175216,-30.0383726],[-57.3963322,-30.0227942],[-57.3519807,-30.0080586],[-57.3108325,-29.9497584],[-57.2808543,-29.9529154],[-57.2712005,-29.9669749],[-57.2565383,-29.9718452],[-57.2432572,-30.0046962],[-57.2274871,-30.014255],[-57.2311986,-30.0188194],[-57.1700531,-30.0463227],[-57.1624254,-30.0598446],[-57.1361698,-30.0644926],[-57.13402,-30.0882987],[-57.1156346,-30.1125293],[-57.1140832,-30.1271829],[-57.1046793,-30.1263402],[-57.1057002,-30.1351289],[-57.1144833,-30.1454574],[-57.129165,-30.1408381],[-57.1682194,-30.1976361],[-57.1679425,-30.2177322],[-57.1551621,-30.2341362],[-57.1962531,-30.2645065],[-57.2029119,-30.2844296],[-57.2500772,-30.2891569],[-57.2617691,-30.2672233],[-57.270061,-30.2849845],[-57.2845645,-30.2937221],[-57.3143294,-30.257748],[-57.319504,-30.2697424],[-57.352036,-30.284485],[-57.358825,-30.2724029],[-57.3698345,-30.2730115],[-57.3976274,-30.3045357],[-57.4201096,-30.3022077],[-57.4147848,-30.2797081]]]}},{"type":"Feature","properties":{"level":"municipio","municipality_code":"4301909","municipality_name":"Barra do Ribeiro","uf":"RS","state_code":"43","area_km2":729.316},"geometry":{"type":"Polygon","coordinates":[[[-51.2936417,-30.3040825],[-51.2571972,-30.3057702],[-51.2462961,-30.3151203],[-51.2472169,-30.3285266],[-51.2337816,-30.3104543],[-51.2107237,-30.2979198],[-51.207356,-30.3408157],[-51.1919415,-30.3767187],[-51.1795471,-30.3864506],[-51.1291606,-30.3594523],[-51.0977155,-30.3575685],[-51.0952951,-30.3816356],[-51.1041728,-30.3763416],[-51.1220616,-30.3969172],[-51.1192268,-30.4086254],[-51.1525907,-30.5002666],[-51.1562667,-30.4931863],[-51.1357557,-30.4367861],[-51.1527572,-30.414158],[-51.1900378,-30.407651],[-51.2291377,-30.4237622],[-51.2653834,-30.4797746],[-51.2759048,-30.4707413],[-51.3968579,-30.4954949],[-51.3922111,-30.4891271],[-51.4210611,-30.4831063],[-51.472733,-30.5033576],[-51.4870775,-30.4999661],[-51.4973675,-30.5106262],[-51.524539,-30.5100372],[-51.5334004,-30.4604872],[-51.5242267,-30.4546835],[-51.5357246,-30.4493488],[-51.5362316,-30.4124013],[-51.5104255,-30.4174628],[-51.4935454,-30.4123176],[-51.4667763,-30.3868728],[-51.4440763,-30.3895439],[-51.4330262,-30.3811668],[-51.42946,-30.3539769],[-51.4633461,-30.3480683],[-51.4950102,-30.3537068],[-51.5018047,-30.3208389],[-51.5142426,-30.319679],[-51.5236473,-30.3281118],[-51.5074792,-30.2965172],[-51.5141136,-30.26921],[-51.5022663,-30.259495],[-51.4551784,-30.2515965],[-51.4279854,-30.2595036],[-51.4212237,-30.253874],[-51.4080092,-30.2688531],[-51.4062823,-30.2303996],[-51.3795166,-30.2320329],[-51.3617651,-30.2213258],[-51.3386929,-30.2309551],[-51.3282781,-30.2264485],[-51.3246615,-30.2352112],[-51.3167703,-30.2303852],[-51.3133283,-30.2401392],[-51.2923353,-30.2313769],[-51.2948545,-30.2469494],[-51.2732019,-30.2497671],[-51.2979561,-30.2596488],[-51.2936417,-30.3040825]]]}},{"type":"Feature","properties":{"level":"municipio","municipality_code":"4301925","municipality_name":"Barra do Rio Azul","uf":"RS","state_code":"43","area_km2":146.995},"geometry":{"type":"Polygon","coordinates":[[[-52.4086865,-27.4781258],[-52.4262286,-27.4815687],[-52.4368242,-27.4945904],[-52.4406063,-27.4823475],[-52.4495714,-27.4823588],[-52.4455728,-27.4555769],[-52.4519604,-27.4577951],[-52.4531593,-27.4369878],[-52.449201,-27.4014097],[-52.4263449,-27.3904656],[-52.4425924,-27.3765812],[-52.433816,-27.368381],[-52.4423023,-27.3570356],[-52.4302185,-27.3412892],[-52.4389605,-27.3386],[-52.4359891,-27.3258015],[-52.4457558,-27.3081656],[-52.4240315,-27.298296],[-52.4191973,-27.2823834],[-52.3940809,-27.2944349],[-52.3986212,-27.313091],[-52.3897669,-27.3057682],[-52.3820762,-27.3219783],[-52.3874529,-27.3394251],[-52.3827492,-27.364707],[-52.3620057,-27.4175934],[-52.3675785,-27.440887],[-52.3465593,-27.4689248],[-52.3686216,-27.4710958],[-52.3569482,-27.4791409],[-52.3675832,-27.4936219],[-52.3635692,-27.5007296],[-52.4086865,-27.4781258]]]}},{"type":"Feature","properties":{"level":"municipio","municipality_code":"4301800","municipality_name":"Barracão","uf":"RS","state_code":"43","area_km2":515.469},"geometry":{"type":"Polygon","coordinates":[[[-51.4469715,-27.8471327],[-51.4569677,-27.8246216],[-51.4946221,-27.8035797],[-51.5094658,-27.7725677],[-51.4990089,-27.7576615],[-51.5163299,-27.7385462],[-51.5002036,-27.7236161],[-51.507337,-27.710068],[-51.5308329,-27.7092649],[-51.5344616,-27.6959106],[-51.5166104,-27.6921227],[-51.5173388,-27.6765129],[-51.5342167,-27.6725003],[-51.544574,-27.6454342],[-51.5724992,-27.6254068],[-51.5689341,-27.606668],[-51.580826,-27.6034418],[-51.5817923,-27.5815931],[-51.5608557,-27.5830828],[-51.5505682,-27.5599261],[-51.4870129,-27.5608153],[-51.4777967,-27.5710291],[-51.4767643,-27.5987746],[-51.457684,-27.6071136],[-51.4366062,-27.6298497],[-51.4352043,-27.6543987],[-51.4191535,-27.6546386],[-51.4052908,-27.631861],[-51.3843596,-27.6238157],[-51.3701089,-27.6366712],[-51.3779345,-27.6600239],[-51.3702804,-27.6721262],[-51.3528564,-27.6801294],[-51.3177054,-27.6734361],[-51.3119239,-27.6947724],[-51.3020007,-27.7025595],[-51.3105827,-27.7154941],[-51.304154,-27.7289391],[-51.3130692,-27.7365085],[-51.3037822,-27.736131],[-51.2980606,-27.7514255],[-51.3075034,-27.7543984],[-51.3150496,-27.7385433],[-51.3122549,-27.7535901],[-51.3356211,-27.752633],[-51.3288743,-27.7615018],[-51.3376457,-27.766544],[-51.3311922,-27.7874815],[-51.3434084,-27.7933528],[-51.3504364,-27.7870845],[-51.3565862,-27.7951431],[-51.3496616,-27.8075785],[-51.3630115,-27.7981482],[-51.3667621,-27.8179917],[-51.3779728,-27.8231771],[-51.3709302,-27.8428509],[-51.3829981,-27.8457679],[-51.3771276,-27.8549959],[-51.3888741,-27.8858076],[-51.4115275,-27.8872129],[-51.4077782,-27.9010036],[-51.4173548,-27.9162572],[-51.4321865,-27.9122168],[-51.4583686,-27.9290089],[-51.4649825,-27.8861399],[-51.4469715,-27.8471327]]]}},{"type":"Feature","properties":{"level":"municipio","municipality_code":"4302006","municipality_name":"Barros Cassal","uf":"RS","state_code":"43","area_km2":647.994},"geometry":{"type":"Polygon","coordinates":[[[-52.5984465,-29.2142618],[-52.6185428,-29.2325247],[-52.6340093,-29.2263627],[-52.6403764,-29.2346896],[-52.6614371,-29.2279353],[-52.6726103,-29.2339183],[-52.6790868,-29.2199747],[-52.6692667,-29.2217262],[-52.6700401,-29.2105549],[-52.6613177,-29.2074335],[-52.6705124,-29.201286],[-52.6615442,-29.194474],[-52.6651624,-29.1887038],[-52.6809428,-29.1801631],[-52.6953591,-29.1952206],[-52.714235,-29.1674463],[-52.7524716,-29.1651461],[-52.7520816,-29.1465703],[-52.7259227,-29.0804596],[-52.6916277,-29.0522241],[-52.6729555,-28.9719683],[-52.6473292,-28.952408],[-52.5908679,-28.9710984],[-52.5695709,-28.9662423],[-52.5699972,-28.9747869],[-52.561925,-28.9714308],[-52.550803,-28.9902994],[-52.5238048,-29.0048314],[-52.5255782,-29.0120052],[-52.4948692,-29.0340001],[-52.4968146,-29.0507993],[-52.4879284,-29.0559144],[-52.4911237,-29.07745],[-52.4990034,-29.0771325],[-52.4954606,-29.0847774],[-52.4751134,-29.0860506],[-52.4756903,-29.0996096],[-52.4685558,-29.0982601],[-52.4784036,-29.1064473],[-52.4618025,-29.1145956],[-52.4576676,-29.1296953],[-52.4273124,-29.1569694],[-52.4385978,-29.1898569],[-52.4338248,-29.2079067],[-52.4394396,-29.229373],[-52.4564348,-29.2402916],[-52.4809542,-29.2370878],[-52.4811423,-29.245459],[-52.5010067,-29.2472842],[-52.5196374,-29.2357218],[-52.5170786,-29.2284023],[-52.5263399,-29.2191702],[-52.5801065,-29.2282877],[-52.5984465,-29.2142618]]]}},{"type":"Feature","properties":{"level":"municipio","municipality_code":"4301651","municipality_name":"Barão","uf":"RS","state_code":"43","area_km2":122.567},"geometry":{"type":"Polygon","coordinates":[[[-51.4750327,-29.4003763],[-51.5168926,-29.4102984],[-51.5220791,-29.404226],[-51.5428188,-29.4195471],[-51.5522531,-29.4008639],[-51.6078759,-29.4112168],[-51.6168023,-29.377885],[-51.5894428,-29.3755037],[-51.5757269,-29.382443],[-51.5609789,-29.3741772],[-51.5635044,-29.3580833],[-51.5325584,-29.350459],[-51.3980599,-29.3516488],[-51.4035057,-29.4334766],[-51.4346258,-29.4315681],[-51.4401945,-29.4168136],[-51.4750327,-29.4003763]]]}},{"type":"Feature","properties":{"level":"municipio","municipality_code":"4301701","municipality_name":"Barão de Cotegipe","uf":"RS","state_code":"43","area_km2":260.505},"geometry":{"type":"Polygon","coordinates":[[[-52.447256,-27.6627539],[-52.4450256,-27.631383],[-52.4652995,-27.6314111],[-52.465361,-27.6108707],[-52.4771443,-27.6109563],[-52.4796075,-27.5612284],[-52.4875317,-27.5609178],[-52.4778577,-27.5460208],[-52.5004235,-27.5443984],[-52.5113913,-27.5276144],[-52.5268674,-27.5302477],[-52.5268581,-27.506714],[-52.5102908,-27.506663],[-52.5119785,-27.4866934],[-52.4345661,-27.4950047],[-52.4151172,-27.4779798],[-52.3990762,-27.4790346],[-52.3729948,-27.4993884],[-52.3507738,-27.4979829],[-52.3441544,-27.5093579],[-52.3491248,-27.5601953],[-52.3439802,-27.5602144],[-52.3421956,-27.660973],[-52.447256,-27.6627539]]]}},{"type":"Feature","properties":{"level":"municipio","municipality_code":"4301750","municipality_name":"Barão do Triunfo","uf":"RS","state_code":"43","area_km2":436.101},"geometry":{"type":"Polygon","coordinates":[[[-51.6668965,-30.3485563],[-51.6809159,-30.3836834],[-51.6730205,-30.3940076],[-51.6918558,-30.4216255],[-51.6805079,-30.4376844],[-51.717699,-30.4479306],[-51.7125729,-30.4726957],[-51.7512426,-30.4819274],[-51.7492601,-30.4971142],[-51.7587748,-30.5050273],[-51.7670307,-30.4668122],[-51.9087972,-30.5755141],[-51.9182369,-30.5506973],[-51.9046278,-30.5386935],[-51.9252203,-30.4980191],[-51.901112,-30.451725],[-51.9280376,-30.4190546],[-51.9067247,-30.3894296],[-51.8655403,-30.3841827],[-51.8488513,-30.3582584],[-51.8464017,-30.3372058],[-51.8640734,-30.3295024],[-51.8687297,-30.318889],[-51.8596908,-30.3185927],[-51.8554462,-30.308549],[-51.839376,-30.3110378],[-51.8456698,-30.2851975],[-51.8215252,-30.3113434],[-51.822796,-30.3238473],[-51.7593112,-30.3431481],[-51.7516901,-30.3324746],[-51.7314179,-30.3311012],[-51.7229463,-30.3152356],[-51.6934133,-30.2993013],[-51.6925066,-30.2919816],[-51.676262,-30.2888401],[-51.6540794,-30.2969424],[-51.6470099,-30.3123136],[-51.6487522,-30.3397621],[-51.6623376,-30.3427961],[-51.6568384,-30.3474777],[-51.6668965,-30.3485563]]]}},{"type":"Feature","properties":{"level":"municipio","municipality_code":"4302055","municipality_name":"Benjamin Constant do Sul","uf":"RS","state_code":"43","area_km2":132.351},"geometry":{"type":"Polygon","coordinates":[[[-52.66001,-27.5383763],[-52.6712797,-27.5307684],[-52.6764444,-27.5375827],[-52.6734274,-27.5286661],[-52.6804322,-27.523861],[-52.6705135,-27.5136028],[-52.692143,-27.5154491],[-52.6810329,-27.5041098],[-52.7065842,-27.4946777],[-52.6945251,-27.4840774],[-52.7130936,-27.4848828],[-52.7023853,-27.4655065],[-52.7229727,-27.4770687],[-52.714907,-27.458727],[-52.7341879,-27.453802],[-52.7217593,-27.4490904],[-52.7260106,-27.4321749],[-52.6962424,-27.4446806],[-52.6805167,-27.4407421],[-52.6723045,-27.4265915],[-52.6184252,-27.4322438],[-52.6200454,-27.4514278],[-52.5718663,-27.4816547],[-52.560375,-27.5125592],[-52.5801694,-27.5356423],[-52.5986737,-27.5334858],[-52.6169053,-27.5425577],[-52.6373386,-27.5349739],[-52.66001,-27.5383763]]]}},{"type":"Feature","properties":{"level":"municipio","municipality_code":"4302105","municipality_name":"Bento Gonçalves","uf":"RS","state_code":"43","area_km2":272.287},"geometry":{"type":"Polygon","coordinates":[[[-51.390736,-29.1970885],[-51.654082,-29.1981453],[-51.6655044,-29.1881176],[-51.6166519,-29.1872397],[-51.6167727,-29.1672617],[-51.5884398,-29.1675313],[-51.5887747,-29.1582485],[-51.6038355,-29.158219],[-51.6040873,-29.1449869],[-51.6147821,-29.1447989],[-51.6150434,-29.1253002],[-51.6261837,-29.1250884],[-51.6269676,-29.109886],[-51.6376783,-29.1096954],[-51.6376565,-29.0990914],[-51.6817126,-29.0889899],[-51.6753142,-29.0709491],[-51.647853,-29.0873856],[-51.6341575,-29.0858075],[-51.6406898,-29.0623151],[-51.6791021,-29.0602868],[-51.6517632,-29.0142163],[-51.6321215,-29.0155147],[-51.6348142,-29.041865],[-51.6171244,-29.042544],[-51.6026524,-29.0646571],[-51.6014721,-29.0460855],[-51.5660831,-29.0456196],[-51.5546019,-29.0162046],[-51.5366084,-29.0183465],[-51.5557874,-29.0517846],[-51.5348637,-29.0580117],[-51.5198245,-29.07923],[-51.4932622,-29.0856067],[-51.5009161,-29.0971415],[-51.4985182,-29.1110262],[-51.5113855,-29.1139297],[-51.5113589,-29.1220731],[-51.4866023,-29.1222016],[-51.4735549,-29.1322769],[-51.4805388,-29.1453535],[-51.4673426,-29.154579],[-51.4665265,-29.1656695],[-51.388457,-29.1560124],[-51.390736,-29.1970885]]]}},{"type":"Feature","properties":{"level":"municipio","municipality_code":"4302154","municipality_name":"Boa Vista das Missões","uf":"RS","state_code":"43","area_km2":196.064},"geometry":{"type":"Polygon","coordinates":[[[-53.3077839,-27.6863522],[-53.2963171,-27.7056076],[-53.2595299,-27.7120132],[-53.2638805,-27.7223598],[-53.2570415,-27.7268133],[-53.2705018,-27.7520959],[-53.2638759,-27.7541422],[-53.2741137,-27.7643176],[-53.274309,-27.7516707],[-53.2865402,-27.7452486],[-53.3086932,-27.7671474],[-53.3255823,-27.8000455],[-53.3384671,-27.7953467],[-53.3554037,-27.8069007],[-53.3749795,-27.8054761],[-53.3577202,-27.7836585],[-53.3617444,-27.7738396],[-53.390342,-27.7696543],[-53.3911514,-27.7434873],[-53.3838128,-27.7416027],[-53.3877993,-27.727778],[-53.3985096,-27.7219883],[-53.3940198,-27.7080149],[-53.3999103,-27.7008292],[-53.3906687,-27.6890684],[-53.40155,-27.6872224],[-53.393773,-27.6543377],[-53.4036868,-27.6345198],[-53.3911274,-27.6282238],[-53.4059958,-27.6147321],[-53.3954971,-27.6123444],[-53.383706,-27.6218644],[-53.3810778,-27.6104676],[-53.3461913,-27.6190788],[-53.3178404,-27.6007871],[-53.313623,-27.6185628],[-53.2988315,-27.6202031],[-53.2943698,-27.6740492],[-53.3077839,-27.6863522]]]}},{"type":"Feature","properties":{"level":"municipio","municipality_code":"4302204","municipality_name":"Boa Vista do Buricá","uf":"RS","state_code":"43","area_km2":109.541},"geometry":{"type":"Polygon","coordinates":[[[-54.1303513,-27.7142392],[-54.1400489,-27.7054048],[-54.1669034,-27.7106531],[-54.1577755,-27.6937758],[-54.1411539,-27.7025025],[-54.1400384,-27.6956909],[-54.1497597,-27.6952353],[-54.1458167,-27.6871639],[-54.1558065,-27.6842656],[-54.1699074,-27.6914169],[-54.1635676,-27.6743307],[-54.1707806,-27.6763103],[-54.1759812,-27.6657342],[-54.165815,-27.6532296],[-54.1440685,-27.650674],[-54.1648566,-27.6446771],[-54.1422716,-27.6420686],[-54.1662131,-27.6311402],[-54.1816022,-27.6406593],[-54.1808159,-27.6217169],[-54.1351016,-27.6269567],[-54.1075881,-27.6430474],[-54.0849388,-27.6269407],[-54.0659398,-27.6383072],[-54.0625843,-27.6535934],[-54.0398404,-27.6518759],[-54.0260444,-27.6698684],[-54.0373991,-27.6844259],[-54.0296021,-27.6868014],[-54.0291496,-27.6971885],[-54.047014,-27.7095799],[-54.0527917,-27.7282829],[-54.067247,-27.7356116],[-54.0750197,-27.7306847],[-54.0646655,-27.7258717],[-54.0687785,-27.7184796],[-54.0875172,-27.7279864],[-54.0934213,-27.7243561],[-54.090767,-27.7112361],[-54.1106319,-27.7098878],[-54.1107646,-27.6918562],[-54.1315657,-27.6979364],[-54.1303513,-27.7142392]]]}},{"type":"Feature","properties":{"level":"municipio","municipality_code":"4302220","municipality_name":"Boa Vista do Cadeado","uf":"RS","state_code":"43","area_km2":701.221},"geometry":{"type":"Polygon","coordinates":[[[-53.7380353,-28.5753864],[-53.7152607,-28.6588775],[-53.7235586,-28.6628091],[-53.7401183,-28.6542566],[-53.7213578,-28.7087867],[-53.7386809,-28.715928],[-53.7342771,-28.7288712],[-53.7454143,-28.7381893],[-53.7446312,-28.758287],[-53.7780255,-28.7981114],[-53.7869859,-28.7948832],[-53.799362,-28.803307],[-53.8089428,-28.7964214],[-53.8147483,-28.8065527],[-53.8328263,-28.8060822],[-53.8343093,-28.8129021],[-53.8410405,-28.8005609],[-53.8540962,-28.7972343],[-53.8645291,-28.8035979],[-53.8570648,-28.8134084],[-53.8703481,-28.8155671],[-53.8891556,-28.8003533],[-53.8921838,-28.8118442],[-53.9184757,-28.8116254],[-53.9087985,-28.8177322],[-53.9185656,-28.8200065],[-53.9275299,-28.8074973],[-53.9473057,-28.8143467],[-53.952855,-28.7954808],[-53.9644587,-28.7986123],[-53.9650432,-28.7902449],[-53.977059,-28.8002718],[-53.9858367,-28.7780749],[-53.9572378,-28.774382],[-53.9845052,-28.765404],[-53.9756674,-28.7542974],[-53.9805871,-28.7418442],[-53.9661917,-28.7463275],[-53.9571155,-28.7324944],[-53.974494,-28.7030094],[-53.9678344,-28.6972699],[-53.9768556,-28.6874268],[-53.9655983,-28.6816934],[-53.9809361,-28.669153],[-53.9585613,-28.6555045],[-53.9745381,-28.6477069],[-53.9374187,-28.6274453],[-53.9314373,-28.6055713],[-53.8944043,-28.5839284],[-53.8906978,-28.5737247],[-53.9022123,-28.5692564],[-53.9112314,-28.5469586],[-53.8884384,-28.5423862],[-53.8805525,-28.5227817],[-53.8713353,-28.5370431],[-53.8620547,-28.537444],[-53.8673846,-28.5295533],[-53.8578997,-28.5171516],[-53.8385656,-28.5137359],[-53.8166694,-28.4827537],[-53.7979359,-28.4923389],[-53.7811698,-28.4883811],[-53.7774764,-28.4365489],[-53.7746921,-28.4423127],[-53.7591848,-28.4371367],[-53.7614688,-28.4489888],[-53.7485962,-28.4504431],[-53.7510947,-28.4569006],[-53.7381825,-28.469322],[-53.7270102,-28.4699163],[-53.7253827,-28.4830434],[-53.7070339,-28.4797836],[-53.6991133,-28.4921151],[-53.6946495,-28.511169],[-53.7026163,-28.5311728],[-53.7230483,-28.5375715],[-53.7280462,-28.5245257],[-53.7862698,-28.5519798],[-53.7614712,-28.571614],[-53.7380353,-28.5753864]]]}},{"type":"Feature","properties":{"level":"municipio","municipality_code":"4302238","municipality_name":"Boa Vista do Incra","uf":"RS","state_code":"43","area_km2":504.114},"geometry":{"type":"Polygon","coordinates":[[[-53.3836522,-28.7907729],[-53.3668915,-28.7734379],[-53.3579916,-28.780434],[-53.3567098,-28.7738565],[-53.3491785,-28.7849285],[-53.3299023,-28.7866779],[-53.3285484,-28.8025089],[-53.3195357,-28.799232],[-53.3160483,-28.8074691],[-53.3138109,-28.8005247],[-53.3092918,-28.8023073],[-53.3136129,-28.8077184],[-53.3039008,-28.8229348],[-53.3123615,-28.8249152],[-53.292125,-28.8401449],[-53.3103081,-28.8434052],[-53.2946062,-28.8460533],[-53.2918947,-28.8545336],[-53.3221198,-28.8733038],[-53.3308651,-28.8648834],[-53.3402081,-28.8716103],[-53.3491429,-28.8666308],[-53.3567339,-28.8756679],[-53.3657289,-28.8664916],[-53.3829173,-28.8781621],[-53.4145598,-28.8758927],[-53.4281845,-28.9039161],[-53.4129691,-28.9208156],[-53.3882504,-28.9249686],[-53.3787807,-28.9476299],[-53.397808,-28.9578623],[-53.3981636,-28.9729011],[-53.4199371,-28.9808915],[-53.4271836,-28.9731507],[-53.44542,-28.9885107],[-53.4709673,-28.9785378],[-53.4792037,-29.016068],[-53.4911649,-29.0170029],[-53.4996687,-29.0402533],[-53.5112709,-29.036945],[-53.5067826,-29.0342636],[-53.5212346,-29.0282487],[-53.5295679,-29.0067966],[-53.5388608,-29.0105094],[-53.5456728,-29.0087134],[-53.5398697,-29.0081682],[-53.5433365,-28.9989953],[-53.5333503,-29.0022505],[-53.533616,-28.993899],[-53.5216812,-28.989525],[-53.5267091,-28.9669239],[-53.542115,-28.9752271],[-53.5565142,-28.9702925],[-53.5472557,-28.9656858],[-53.552594,-28.9591683],[-53.5664575,-28.9635256],[-53.5675645,-28.9502632],[-53.5609885,-28.9489631],[-53.5724289,-28.940836],[-53.5698482,-28.92682],[-53.561504,-28.9345267],[-53.5556093,-28.9079553],[-53.5469962,-28.904725],[-53.5618411,-28.8973815],[-53.5438998,-28.8867194],[-53.5539151,-28.8424503],[-53.5856242,-28.7925936],[-53.577907,-28.7622436],[-53.5631747,-28.7501584],[-53.5646168,-28.7320763],[-53.5474689,-28.7433868],[-53.5367298,-28.765018],[-53.5163902,-28.7734103],[-53.4811223,-28.7552059],[-53.4639993,-28.7372733],[-53.4464947,-28.755225],[-53.4435591,-28.7432257],[-53.4294282,-28.7580993],[-53.4086512,-28.7509296],[-53.4049189,-28.779106],[-53.3846182,-28.7792364],[-53.3836522,-28.7907729]]]}},{"type":"Feature","properties":{"level":"municipio","municipality_code":"4302253","municipality_name":"Boa Vista do Sul","uf":"RS","state_code":"43","area_km2":93.108},"geometry":{"type":"Polygon","coordinates":[[[-51.6464538,-29.3335429],[-51.6457501,-29.3712623],[-51.6093262,-29.3709819],[-51.616766,-29.3759466],[-51.6105266,-29.4008052],[-51.6575304,-29.3993035],[-51.6694576,-29.4182931],[-51.6803343,-29.4134075],[-51.6912295,-29.4235255],[-51.6918742,-29.3700697],[-51.7282429,-29.3623659],[-51.7289575,-29.3340626],[-51.7018885,-29.3344499],[-51.7006879,-29.3230204],[-51.7290379,-29.3248591],[-51.7289295,-29.3161853],[-51.7090799,-29.3126125],[-51.6930625,-29.2955397],[-51.6319117,-29.2934954],[-51.6308805,-29.333303],[-51.6464538,-29.3335429]]]}},{"type":"Feature","properties":{"level":"municipio","municipality_code":"4302303","municipality_name":"Bom Jesus","uf":"RS","state_code":"43","area_km2":2622.837},"geometry":{"type":"Polygon","coordinates":[[[-50.4275477,-28.8259162],[-50.4351159,-28.7895571],[-50.4456147,-28.7892715],[-50.4607121,-28.7988934],[-50.4511172,-28.8069671],[-50.4642756,-28.8198124],[-50.4910779,-28.8165475],[-50.49597,-28.805231],[-50.5177337,-28.8104696],[-50.5247451,-28.7993523],[-50.5386308,-28.8292372],[-50.5524306,-28.8124707],[-50.5437405,-28.8017169],[-50.565786,-28.7917588],[-50.5576259,-28.7817726],[-50.5802789,-28.7791579],[-50.5722533,-28.7950502],[-50.5964927,-28.8183671],[-50.6175348,-28.8040807],[-50.6200752,-28.8161636],[-50.6627483,-28.8151254],[-50.657031,-28.7976673],[-50.6899149,-28.8022363],[-50.7050224,-28.7951306],[-50.6834857,-28.7790782],[-50.6932274,-28.76627],[-50.6791219,-28.7651925],[-50.6938707,-28.7558451],[-50.6799289,-28.7545608],[-50.6812311,-28.742543],[-50.6744334,-28.7389993],[-50.6862629,-28.6952038],[-50.6790142,-28.6802307],[-50.6828879,-28.6524534],[-50.6743931,-28.6466085],[-50.6829478,-28.6268308],[-50.7266058,-28.5997567],[-50.7401414,-28.5516649],[-50.7382127,-28.5103706],[-50.7264453,-28.5006276],[-50.7268983,-28.4777486],[-50.7380535,-28.4697568],[-50.7208799,-28.4638812],[-50.7288072,-28.4471111],[-50.7207996,-28.4477001],[-50.7191263,-28.4342898],[-50.7109896,-28.4324781],[-50.7184215,-28.4239461],[-50.7096101,-28.4122234],[-50.7190106,-28.4088584],[-50.7222752,-28.3905084],[-50.7079463,-28.3687105],[-50.722989,-28.3380994],[-50.7116752,-28.3313295],[-50.738745,-28.3220888],[-50.7316111,-28.300309],[-50.741867,-28.3040184],[-50.7425184,-28.2946626],[-50.7645491,-28.2894458],[-50.7581409,-28.2754564],[-50.7435783,-28.2727872],[-50.7622789,-28.2624056],[-50.7479708,-28.2564812],[-50.7490849,-28.2485316],[-50.6965973,-28.2678412],[-50.695224,-28.2885195],[-50.6588022,-28.3234954],[-50.6652306,-28.3379246],[-50.6284503,-28.3645961],[-50.6332902,-28.378916],[-50.6256836,-28.3920575],[-50.5911601,-28.3824177],[-50.5415842,-28.4285837],[-50.5288681,-28.4267482],[-50.5265539,-28.403681],[-50.4995716,-28.4129623],[-50.4568573,-28.4106514],[-50.4359095,-28.4309958],[-50.395171,-28.4331574],[-50.3811541,-28.4470279],[-50.3703461,-28.4227593],[-50.3599941,-28.4198395],[-50.3476044,-28.4318355],[-50.3521458,-28.456391],[-50.3458465,-28.4635545],[-50.3369451,-28.4574211],[-50.3404469,-28.4409658],[-50.3296183,-28.4342305],[-50.3038899,-28.437901],[-50.2928469,-28.4510336],[-50.2729133,-28.4570719],[-50.2511134,-28.4491785],[-50.2644516,-28.4435288],[-50.2468002,-28.4282705],[-50.2357086,-28.4570291],[-50.2226487,-28.4632721],[-50.2032373,-28.4435883],[-50.1780074,-28.4522534],[-50.1563448,-28.4979138],[-50.1392568,-28.4939534],[-50.1605267,-28.4595192],[-50.1482624,-28.4609275],[-50.1462779,-28.4479928],[-50.1269337,-28.4397298],[-50.126776,-28.4289582],[-50.1113576,-28.4444705],[-50.1268385,-28.4633719],[-50.1251956,-28.4756695],[-50.1069154,-28.4733513],[-50.1009955,-28.4863321],[-50.0863379,-28.4726852],[-50.0679354,-28.4801565],[-50.0726805,-28.5080774],[-50.0581546,-28.5240436],[-50.050362,-28.5657848],[-50.0319687,-28.5637118],[-50.0255386,-28.5728712],[-50.0408989,-28.6050694],[-50.0221023,-28.6354325],[-50.0948126,-28.6371243],[-50.1101493,-28.6452733],[-50.0978277,-28.6685781],[-50.1028346,-28.6780075],[-50.1280585,-28.6902164],[-50.1479552,-28.7130692],[-50.1587263,-28.7122117],[-50.1772676,-28.7366707],[-50.2035546,-28.7837679],[-50.1966609,-28.7955169],[-50.2115735,-28.8113415],[-50.2105946,-28.8228878],[-50.2337702,-28.8184046],[-50.2425671,-28.8257024],[-50.2576339,-28.8177714],[-50.2624748,-28.8356185],[-50.2738268,-28.8395428],[-50.282905,-28.8224739],[-50.2992405,-28.8338701],[-50.2931897,-28.8425609],[-50.3098688,-28.8418768],[-50.3314784,-28.8079465],[-50.3687933,-28.8234859],[-50.3675614,-28.8356001],[-50.3946385,-28.8235028],[-50.3937247,-28.8140368],[-50.4087853,-28.8048912],[-50.4241142,-28.8123883],[-50.4275477,-28.8259162]]]}},{"type":"Feature","properties":{"level":"municipio","municipality_code":"4302352","municipality_name":"Bom Princípio","uf":"RS","state_code":"43","area_km2":90.023},"geometry":{"type":"Polygon","coordinates":[[[-51.3583712,-29.3944132],[-51.3478279,-29.4133052],[-51.3447412,-29.413697],[-51.3322295,-29.409535],[-51.338905,-29.4642988],[-51.3154325,-29.4831308],[-51.3413518,-29.5320329],[-51.3518015,-29.5394803],[-51.3721336,-29.5366597],[-51.3766863,-29.5514965],[-51.3880617,-29.527476],[-51.3962598,-29.5271342],[-51.3874496,-29.5028297],[-51.4001571,-29.4957512],[-51.3845957,-29.4710393],[-51.4048797,-29.4451374],[-51.400491,-29.4171782],[-51.3611172,-29.4049012],[-51.3704031,-29.3974784],[-51.3583712,-29.3944132]]]}},{"type":"Feature","properties":{"level":"municipio","municipality_code":"4302378","municipality_name":"Bom Progresso","uf":"RS","state_code":"43","area_km2":89.206},"geometry":{"type":"Polygon","coordinates":[[[-53.826684,-27.5086512],[-53.8061496,-27.518003],[-53.8178446,-27.5265882],[-53.8157678,-27.5350619],[-53.8105442,-27.5278255],[-53.784708,-27.53166],[-53.8097552,-27.5476398],[-53.802562,-27.5531571],[-53.7871153,-27.5483442],[-53.7824214,-27.5519801],[-53.7938199,-27.5558779],[-53.7871468,-27.5640455],[-53.8210532,-27.5689096],[-53.8112181,-27.5790687],[-53.8381439,-27.5936361],[-53.8977129,-27.5952982],[-53.8900514,-27.5606754],[-53.8966208,-27.5565871],[-53.8961507,-27.5375338],[-53.9063285,-27.5297684],[-53.8823755,-27.5108064],[-53.8848773,-27.5043706],[-53.8398079,-27.5021418],[-53.8273424,-27.4891564],[-53.8095766,-27.4855288],[-53.8127125,-27.5019509],[-53.826684,-27.5086512]]]}},{"type":"Feature","properties":{"level":"municipio","municipality_code":"4302402","municipality_name":"Bom Retiro do Sul","uf":"RS","state_code":"43","area_km2":102.54},"geometry":{"type":"Polygon","coordinates":[[[-51.94161,-29.6130273],[-51.9516566,-29.6090015],[-51.9352539,-29.5815695],[-51.9099816,-29.578511],[-51.8826956,-29.560181],[-51.8744349,-29.5657533],[-51.8857654,-29.5978448],[-51.8705946,-29.6001013],[-51.8714701,-29.6264876],[-51.8895761,-29.6326793],[-51.8724369,-29.6439156],[-51.8707366,-29.6631965],[-51.8811187,-29.6709715],[-51.9075338,-29.6682075],[-51.9249528,-29.6936137],[-51.9548783,-29.7056126],[-51.9541921,-29.7127969],[-51.981922,-29.6530649],[-51.968363,-29.632421],[-51.9412923,-29.6236257],[-51.94161,-29.6130273]]]}},{"type":"Feature","properties":{"level":"municipio","municipality_code":"4302451","municipality_name":"Boqueirão do Leão","uf":"RS","state_code":"43","area_km2":257.789},"geometry":{"type":"Polygon","coordinates":[[[-52.384245,-29.3526835],[-52.4013197,-29.3660665],[-52.415377,-29.3460049],[-52.4306298,-29.3408253],[-52.4481628,-29.349861],[-52.4620922,-29.3733666],[-52.4891729,-29.3435703],[-52.523125,-29.3373948],[-52.5281804,-29.3230281],[-52.536315,-29.3243696],[-52.5236204,-29.2967457],[-52.5281761,-29.2599169],[-52.5176947,-29.2462488],[-52.4811423,-29.245459],[-52.4809542,-29.2370878],[-52.4564348,-29.2402916],[-52.4394396,-29.229373],[-52.436406,-29.2140112],[-52.4136232,-29.2259195],[-52.4175303,-29.2358601],[-52.4005541,-29.25281],[-52.3550964,-29.2618136],[-52.3154151,-29.2863012],[-52.3003234,-29.2793398],[-52.2895466,-29.2881668],[-52.3079363,-29.2973942],[-52.2987475,-29.3257741],[-52.310591,-29.3282981],[-52.2901773,-29.3403412],[-52.2917923,-29.3460599],[-52.3127922,-29.3516126],[-52.3156177,-29.3713261],[-52.3316627,-29.3781823],[-52.3676943,-29.3723277],[-52.384245,-29.3526835]]]}},{"type":"Feature","properties":{"level":"municipio","municipality_code":"4302501","municipality_name":"Bossoroca","uf":"RS","state_code":"43","area_km2":1610.056},"geometry":{"type":"Polygon","coordinates":[[[-54.9681953,-28.8059049],[-55.0042763,-28.7761118],[-55.0078475,-28.796472],[-55.021333,-28.7876781],[-55.0248682,-28.798308],[-55.0339681,-28.7981691],[-55.0305529,-28.7894215],[-55.0437185,-28.7622386],[-55.071106,-28.7761669],[-55.078785,-28.768413],[-55.0730358,-28.7611863],[-55.1121488,-28.742536],[-55.132632,-28.7449994],[-55.1553734,-28.7367317],[-55.1647979,-28.7516683],[-55.1867067,-28.7619429],[-55.1926601,-28.7560824],[-55.1830061,-28.7492404],[-55.1915098,-28.727622],[-55.2075342,-28.7114981],[-55.2254176,-28.7113752],[-55.2320315,-28.6987155],[-55.2259325,-28.6661531],[-55.242191,-28.6775048],[-55.2360172,-28.6874436],[-55.2532737,-28.6908774],[-55.2749674,-28.6722555],[-55.2858401,-28.6814548],[-55.2869629,-28.6664187],[-55.3057143,-28.6719851],[-55.3145207,-28.6646322],[-55.3159906,-28.6575631],[-55.3082395,-28.6583157],[-55.3017561,-28.6460917],[-55.2814609,-28.6541438],[-55.2535967,-28.6363405],[-55.2315676,-28.5789711],[-55.2389003,-28.5493237],[-55.2057158,-28.5436581],[-55.1997524,-28.5350237],[-55.187471,-28.4421692],[-55.1638136,-28.4276973],[-55.1477417,-28.4458536],[-55.1342739,-28.4479883],[-55.1227563,-28.4787843],[-55.11167,-28.4699435],[-55.1166356,-28.4672882],[-55.1004047,-28.4641463],[-55.0385264,-28.4858079],[-55.0159756,-28.4789373],[-54.9911049,-28.4887385],[-54.9079692,-28.497636],[-54.9050064,-28.5254383],[-54.9191661,-28.5321768],[-54.9271432,-28.5592861],[-54.9112676,-28.562278],[-54.9163122,-28.5761871],[-54.9091305,-28.5829633],[-54.9159367,-28.591477],[-54.9092262,-28.5925444],[-54.894717,-28.5720952],[-54.8943298,-28.5867374],[-54.873905,-28.5913347],[-54.8636889,-28.5826981],[-54.8627765,-28.5694699],[-54.8427648,-28.565246],[-54.8617502,-28.5882655],[-54.8463539,-28.5847336],[-54.8408049,-28.600643],[-54.8292676,-28.5990115],[-54.8207885,-28.6202701],[-54.810114,-28.6121781],[-54.8137063,-28.6254754],[-54.8047617,-28.6388034],[-54.7989922,-28.6328557],[-54.8050128,-28.6258729],[-54.78954,-28.6086192],[-54.7673362,-28.6190747],[-54.7713563,-28.6093275],[-54.7522564,-28.610347],[-54.7484036,-28.5940277],[-54.7293889,-28.5865785],[-54.7265457,-28.5963552],[-54.7364718,-28.6019344],[-54.721613,-28.6285431],[-54.7264304,-28.6348692],[-54.7151536,-28.6368004],[-54.7011223,-28.6193755],[-54.6771896,-28.6344601],[-54.6841436,-28.6561423],[-54.677723,-28.662392],[-54.6865696,-28.6631405],[-54.6936721,-28.6764782],[-54.6718061,-28.6798871],[-54.6709979,-28.69034],[-54.6762245,-28.6836103],[-54.6809622,-28.6953653],[-54.6682585,-28.709003],[-54.6798002,-28.7457488],[-54.714279,-28.7952234],[-54.7079318,-28.8366984],[-54.7404355,-28.8547839],[-54.7537277,-28.8536461],[-54.7721268,-28.8720034],[-54.815196,-28.8690894],[-54.8330791,-28.8483448],[-54.8441108,-28.8510793],[-54.8422885,-28.834141],[-54.8503968,-28.8410822],[-54.8610183,-28.8321182],[-54.8831162,-28.8431771],[-54.8820842,-28.8264012],[-54.8967075,-28.8155298],[-54.9022727,-28.8294452],[-54.93101,-28.8258037],[-54.9681953,-28.8059049]]]}},{"type":"Feature","properties":{"level":"municipio","municipality_code":"4302584","municipality_name":"Bozano","uf":"RS","state_code":"43","area_km2":200.497},"geometry":{"type":"Polygon","coordinates":[[[-53.7669679,-28.2904921],[-53.754643,-28.274995],[-53.7507472,-28.2946328],[-53.7252737,-28.2913966],[-53.7192805,-28.3012124],[-53.7321884,-28.3084691],[-53.7256196,-28.3144952],[-53.7083172,-28.3045609],[-53.7124484,-28.2966194],[-53.7007226,-28.2992843],[-53.693388,-28.2880978],[-53.6848812,-28.2941993],[-53.6894282,-28.3000982],[-53.6684473,-28.3005019],[-53.6588594,-28.3207771],[-53.6762718,-28.3554389],[-53.6840546,-28.3933281],[-53.7142325,-28.4038188],[-53.7429854,-28.4259129],[-53.7485261,-28.4199384],[-53.7622418,-28.440487],[-53.7746921,-28.4423127],[-53.7748471,-28.4299354],[-53.7840411,-28.4317829],[-53.7911493,-28.4197521],[-53.8006679,-28.4261843],[-53.8133493,-28.4113827],[-53.8126906,-28.4000881],[-53.827381,-28.4020647],[-53.8383064,-28.388838],[-53.8263938,-28.380441],[-53.8295178,-28.3715849],[-53.8197006,-28.3688647],[-53.8224274,-28.2851964],[-53.8110945,-28.2847503],[-53.8121737,-28.3009116],[-53.8047586,-28.2888296],[-53.7900322,-28.2962538],[-53.7868763,-28.2846019],[-53.7663593,-28.2814089],[-53.7669679,-28.2904921]]]}},{"type":"Feature","properties":{"level":"municipio","municipality_code":"4302600","municipality_name":"Braga","uf":"RS","state_code":"43","area_km2":132.044},"geometry":{"type":"Polygon","coordinates":[[[-53.7524197,-27.6337502],[-53.7638971,-27.6104464],[-53.7997576,-27.5976109],[-53.7866123,-27.5927263],[-53.7966272,-27.5830701],[-53.7868325,-27.5773567],[-53.8229465,-27.5735441],[-53.7885779,-27.5649249],[-53.7938199,-27.5558779],[-53.7824214,-27.5519801],[-53.8092844,-27.5499909],[-53.7840644,-27.5343199],[-53.8105442,-27.5278255],[-53.8170598,-27.5339454],[-53.8061496,-27.518003],[-53.826684,-27.5086512],[-53.8112232,-27.4983586],[-53.7759029,-27.5121605],[-53.7622886,-27.5301828],[-53.7192847,-27.5359191],[-53.7221498,-27.5510304],[-53.6811891,-27.5479753],[-53.6773328,-27.5701455],[-53.6850843,-27.5908361],[-53.6681082,-27.6030709],[-53.6947084,-27.6399052],[-53.7103526,-27.6297534],[-53.7231978,-27.6638552],[-53.7452665,-27.6582828],[-53.7445156,-27.6414794],[-53.7608348,-27.6430363],[-53.7524197,-27.6337502]]]}},{"type":"Feature","properties":{"level":"municipio","municipality_code":"4302659","municipality_name":"Brochier","uf":"RS","state_code":"43","area_km2":105.353},"geometry":{"type":"Polygon","coordinates":[[[-51.5776943,-29.6123518],[-51.5910156,-29.6105456],[-51.6081479,-29.5922339],[-51.6300356,-29.5923596],[-51.6404174,-29.5745453],[-51.6483391,-29.5767625],[-51.649461,-29.5901708],[-51.6627373,-29.5901039],[-51.6649968,-29.5007743],[-51.6907733,-29.5007596],[-51.6904171,-29.4877749],[-51.5882021,-29.4768118],[-51.577976,-29.5105627],[-51.5899241,-29.5230265],[-51.5886595,-29.5376545],[-51.5700766,-29.5569536],[-51.5840287,-29.5948037],[-51.5776943,-29.6123518]]]}},{"type":"Feature","properties":{"level":"municipio","municipality_code":"4302709","municipality_name":"Butiá","uf":"RS","state_code":"43","area_km2":752.187},"geometry":{"type":"Polygon","coordinates":[[[-51.9935324,-30.2003405],[-52.0173067,-30.1393962],[-51.9728667,-30.0615704],[-51.970584,-30.0277922],[-52.0155397,-30.0418192],[-52.0069332,-29.9496317],[-51.9968422,-29.9727658],[-51.9857605,-29.9658124],[-51.9844449,-29.9422754],[-51.952938,-29.9391243],[-51.9451101,-29.9309241],[-51.9393082,-29.948859],[-51.9086027,-29.9524183],[-51.8986802,-29.9468452],[-51.8681337,-29.9600413],[-51.8194057,-29.9529886],[-51.782155,-29.9593875],[-51.8159911,-29.9720118],[-51.8475331,-29.9701465],[-51.8526016,-29.9846919],[-51.8460922,-29.9944124],[-51.8579515,-30.0387172],[-51.8869989,-30.0296261],[-51.9124291,-30.0546796],[-51.8336758,-30.1139383],[-51.8577027,-30.1321043],[-51.8570917,-30.1605585],[-51.8428362,-30.1739037],[-51.8790657,-30.1772364],[-51.8850896,-30.1897311],[-51.9223786,-30.2094067],[-51.9266281,-30.2269413],[-51.9673626,-30.2403611],[-51.9719867,-30.2548216],[-51.9849976,-30.2488874],[-51.9871542,-30.2696112],[-51.9989829,-30.2733301],[-51.9959611,-30.2872977],[-52.0137864,-30.2932028],[-52.0076354,-30.3079275],[-52.0323187,-30.3462266],[-52.0370918,-30.3974279],[-52.0963198,-30.405065],[-52.1587231,-30.4427263],[-52.1735576,-30.4214769],[-52.1802551,-30.3914135],[-52.1535182,-30.3337946],[-52.1648498,-30.3066188],[-52.1711249,-30.3071133],[-52.1770753,-30.2769443],[-52.1659807,-30.2747991],[-52.1664754,-30.2553959],[-52.1390338,-30.2321251],[-52.1359811,-30.2172078],[-52.1607451,-30.2057362],[-52.1587594,-30.191323],[-52.1296922,-30.1969397],[-52.1084387,-30.1906532],[-52.0796494,-30.2165203],[-52.0577608,-30.2058649],[-52.0349208,-30.2095558],[-51.9935324,-30.2003405]]]}},{"type":"Feature","properties":{"level":"municipio","municipality_code":"4302907","municipality_name":"Cacequi","uf":"RS","state_code":"43","area_km2":2373.507},"geometry":{"type":"Polygon","coordinates":[[[-54.3272011,-29.9256686],[-54.3514205,-29.9356927],[-54.4006553,-29.939138],[-54.4050498,-29.9484092],[-54.453703,-29.9601232],[-54.4703936,-29.9589785],[-54.4771942,-29.9410706],[-54.5000915,-29.9331274],[-54.5565818,-29.9613091],[-54.5633706,-29.9565224],[-54.5858896,-29.9624513],[-54.5893833,-29.9756307],[-54.6021955,-29.9751433],[-54.6189703,-29.9935263],[-54.6324511,-29.9954441],[-54.6295672,-30.0045795],[-54.6426383,-30.0158786],[-54.6394718,-30.0251794],[-54.6665477,-30.0345483],[-54.6787168,-30.0308666],[-54.6902139,-30.0376063],[-54.7071842,-30.0249956],[-54.7191301,-30.0323004],[-54.7359329,-30.0209657],[-54.7549534,-30.0209665],[-54.7567067,-30.0386488],[-54.7765987,-30.0589707],[-54.7773606,-30.0822538],[-54.8172088,-30.1079459],[-54.8691123,-30.0955665],[-54.8915704,-30.0999677],[-54.8997752,-30.0790165],[-54.9326882,-30.0636082],[-54.9497369,-30.0834663],[-54.9862842,-30.0962042],[-55.0065617,-30.1299978],[-55.0605453,-30.1449224],[-55.0770636,-30.1242617],[-55.0734786,-30.1107309],[-55.1010768,-30.0535369],[-55.0966718,-30.0344767],[-55.115474,-30.0466513],[-55.13683,-30.0418612],[-55.142557,-30.054236],[-55.1627719,-30.0436681],[-55.1772295,-30.0453404],[-55.1880284,-30.0789721],[-55.2091882,-30.0856891],[-55.2238433,-30.0749984],[-55.260402,-30.0846707],[-55.2740936,-30.0810182],[-55.2884391,-30.1036378],[-55.2955773,-30.0885493],[-55.3144652,-30.0831223],[-55.2695668,-30.0398696],[-55.2672023,-30.0168886],[-55.2451931,-29.9879331],[-55.2244105,-29.9218381],[-55.1944,-29.915504],[-55.171746,-29.8801939],[-55.1494095,-29.8718938],[-55.153115,-29.855617],[-55.1394556,-29.8479167],[-55.1500934,-29.8265467],[-55.1250751,-29.8201415],[-55.1118259,-29.8000452],[-55.1154517,-29.7777126],[-55.1254927,-29.7692856],[-55.0929358,-29.7552214],[-55.0794587,-29.7600696],[-55.0979542,-29.7692189],[-55.0925667,-29.7776798],[-55.0737677,-29.7790147],[-55.064681,-29.7634275],[-55.0413769,-29.7846549],[-54.9673974,-29.7767056],[-54.9491915,-29.7858456],[-54.928876,-29.7840214],[-54.9188708,-29.8103694],[-54.9082915,-29.8005143],[-54.9031335,-29.8116985],[-54.8778902,-29.8056693],[-54.868865,-29.8287523],[-54.8491357,-29.837528],[-54.8331902,-29.8562098],[-54.8277899,-29.8419174],[-54.8097309,-29.8455186],[-54.7892842,-29.8298159],[-54.7641864,-29.8339999],[-54.7555807,-29.8261707],[-54.7450052,-29.8331899],[-54.7360329,-29.8233272],[-54.7232386,-29.8313049],[-54.7235611,-29.823936],[-54.7043069,-29.8295559],[-54.6870108,-29.8086205],[-54.6572945,-29.8119451],[-54.6455604,-29.8058976],[-54.6400659,-29.817392],[-54.6045156,-29.8085448],[-54.6061734,-29.817498],[-54.5949312,-29.8207619],[-54.5672759,-29.8103881],[-54.5759048,-29.800198],[-54.5558946,-29.7896847],[-54.5572038,-29.7797359],[-54.5315707,-29.7702273],[-54.5300466,-29.7577445],[-54.4925908,-29.7499644],[-54.4881901,-29.7355336],[-54.4322215,-29.7479331],[-54.381182,-29.7330831],[-54.3638115,-29.7417183],[-54.3599075,-29.7324501],[-54.3340643,-29.726976],[-54.3045983,-29.7370854],[-54.2841274,-29.7890415],[-54.2647913,-29.8148732],[-54.2790099,-29.8335452],[-54.282393,-29.8562169],[-54.3163792,-29.8885772],[-54.3272011,-29.9256686]]]}},{"type":"Feature","properties":{"level":"municipio","municipality_code":"4303004","municipality_name":"Cachoeira do Sul","uf":"RS","state_code":"43","area_km2":3736.064},"geometry":{"type":"Polygon","coordinates":[[[-52.7100909,-29.957021],[-52.6820598,-29.9902271],[-52.6855444,-29.9998815],[-52.6634853,-29.9880113],[-52.6437067,-29.9945424],[-52.6054239,-30.0267025],[-52.6071564,-30.0330698],[-52.6142013,-30.026319],[-52.6657002,-30.0254053],[-52.6907376,-30.0612127],[-52.6894049,-30.0708162],[-52.6754314,-30.0790726],[-52.682464,-30.1044426],[-52.6695712,-30.1215455],[-52.6759298,-30.1343599],[-52.6620131,-30.1414075],[-52.6721698,-30.161847],[-52.6690326,-30.1877167],[-52.6529894,-30.2002442],[-52.6690981,-30.228536],[-52.6712209,-30.2568497],[-52.6883593,-30.272691],[-52.6894872,-30.3420642],[-52.7195202,-30.3681049],[-52.7266403,-30.3607948],[-52.7497242,-30.3625572],[-52.7646771,-30.3417841],[-52.7910493,-30.3413279],[-52.7906348,-30.3022649],[-52.8110129,-30.3352288],[-52.8425414,-30.3362638],[-52.8415864,-30.3454752],[-52.8513493,-30.3420346],[-52.8621981,-30.3585777],[-52.8696423,-30.3501331],[-52.8652493,-30.3410727],[-52.8777114,-30.3441486],[-52.8842835,-30.36093],[-52.8780072,-30.361247],[-52.8779686,-30.3711845],[-52.8852635,-30.369912],[-52.8747571,-30.3868871],[-52.8831452,-30.4074282],[-52.8701686,-30.4184125],[-52.8835605,-30.4206878],[-52.8765459,-30.4265057],[-52.8926894,-30.4376096],[-52.8834062,-30.4876439],[-52.9118351,-30.5433306],[-52.9059256,-30.5741952],[-52.9313226,-30.6064864],[-52.9745952,-30.6040981],[-52.9718099,-30.6592334],[-52.9808004,-30.6776885],[-52.9916816,-30.676848],[-52.9977284,-30.6666253],[-53.0138081,-30.6730592],[-53.0204391,-30.6660083],[-53.0353574,-30.6713151],[-53.0491588,-30.6651907],[-53.0554979,-30.6473855],[-53.0894744,-30.6351683],[-53.1133962,-30.607573],[-53.1234465,-30.6092737],[-53.1227956,-30.591009],[-53.1409935,-30.5755191],[-53.1555346,-30.5466212],[-53.1668829,-30.547746],[-53.1628311,-30.5375078],[-53.1739896,-30.5423433],[-53.175181,-30.5297456],[-53.1892322,-30.5323062],[-53.1925778,-30.5048787],[-53.1858016,-30.4904534],[-53.2165861,-30.4471281],[-53.1886958,-30.4113063],[-53.1986218,-30.3994251],[-53.1768021,-30.3943058],[-53.1795878,-30.3799743],[-53.1704925,-30.3737914],[-53.1773534,-30.3585468],[-53.1699385,-30.3497099],[-53.1888756,-30.3393979],[-53.1789374,-30.3277947],[-53.180501,-30.3128474],[-53.1992674,-30.3131701],[-53.207052,-30.2973845],[-53.2164521,-30.2977279],[-53.2230951,-30.3265652],[-53.2709133,-30.3454834],[-53.3365451,-30.3187911],[-53.3331459,-30.3074507],[-53.3427236,-30.2949131],[-53.3518469,-30.2484976],[-53.3069153,-30.1727228],[-53.3035081,-30.137415],[-53.2625877,-30.0905452],[-53.2397366,-30.0886586],[-53.2367484,-30.0748028],[-53.2232863,-30.0697888],[-53.2050256,-30.0430964],[-53.1947027,-30.0428907],[-53.1930898,-30.0276683],[-53.1760636,-30.0188779],[-53.1644217,-29.9924945],[-53.1256589,-29.9682751],[-53.0883118,-29.9645861],[-53.0958966,-29.9623662],[-53.098659,-29.9473678],[-53.081626,-29.9299166],[-53.1175185,-29.9244133],[-53.1210328,-29.8974247],[-53.0849156,-29.7950379],[-53.0785065,-29.7936195],[-53.0582257,-29.8234152],[-53.0318721,-29.8250902],[-53.0298351,-29.8173627],[-52.9992149,-29.8085495],[-52.9819373,-29.8161806],[-52.9700487,-29.8116937],[-52.9720231,-29.8290302],[-52.9641613,-29.8340699],[-52.9237902,-29.8314226],[-52.9053964,-29.8396461],[-52.8929424,-29.8480981],[-52.8949185,-29.8621458],[-52.870877,-29.8745293],[-52.8498424,-29.9272629],[-52.8315855,-29.9118556],[-52.8170909,-29.9231559],[-52.7876516,-29.9048745],[-52.7118516,-29.9088159],[-52.7045466,-29.9189206],[-52.7100909,-29.957021]]]}},{"type":"Feature","properties":{"level":"municipio","municipality_code":"4303103","municipality_name":"Cachoeirinha","uf":"RS","state_code":"43","area_km2":43.76},"geometry":{"type":"Polygon","coordinates":[[[-51.0908282,-29.9629736],[-51.1055277,-29.9649971],[-51.1264307,-29.9542354],[-51.125975,-29.9330604],[-51.1060137,-29.902449],[-51.1218132,-29.8657962],[-51.1007822,-29.8684775],[-51.0658778,-29.8909723],[-51.0629971,-29.906009],[-51.0765279,-29.9318291],[-51.0740024,-29.96696],[-51.0841455,-29.9723792],[-51.0908282,-29.9629736]]]}},{"type":"Feature","properties":{"level":"municipio","municipality_code":"4303202","municipality_name":"Cacique Doble","uf":"RS","state_code":"43","area_km2":203.582},"geometry":{"type":"Polygon","coordinates":[[[-51.6229705,-27.788121],[-51.6010086,-27.7866894],[-51.6071163,-27.8485172],[-51.5909015,-27.8806829],[-51.6080411,-27.8820413],[-51.6388608,-27.8499945],[-51.6408293,-27.869465],[-51.6716253,-27.8709024],[-51.6965456,-27.904716],[-51.7528267,-27.8797625],[-51.7486441,-27.8724432],[-51.755775,-27.861003],[-51.748965,-27.8543051],[-51.7698277,-27.8376904],[-51.7587178,-27.8440843],[-51.7373773,-27.8415165],[-51.7431816,-27.8257923],[-51.7542615,-27.8203137],[-51.7426977,-27.8068813],[-51.7656787,-27.8015038],[-51.7617521,-27.7852629],[-51.7519245,-27.78153],[-51.7346234,-27.8054195],[-51.7150164,-27.8070506],[-51.7143206,-27.765407],[-51.6733393,-27.7333086],[-51.7089604,-27.7036763],[-51.7054313,-27.6919084],[-51.6889673,-27.7065574],[-51.6654936,-27.7124966],[-51.6625361,-27.7220172],[-51.6582616,-27.7171832],[-51.6551743,-27.7330571],[-51.6325169,-27.7403184],[-51.6142283,-27.7677022],[-51.6229705,-27.788121]]]}},{"type":"Feature","properties":{"level":"municipio","municipality_code":"4303301","municipality_name":"Caibaté","uf":"RS","state_code":"43","area_km2":261.28},"geometry":{"type":"Polygon","coordinates":[[[-54.6513973,-28.3970381],[-54.6754332,-28.3930196],[-54.6858959,-28.3811632],[-54.6905061,-28.3643662],[-54.6830622,-28.3586368],[-54.6942964,-28.3380599],[-54.7385227,-28.3661151],[-54.7686676,-28.3576987],[-54.7883627,-28.3626266],[-54.7771521,-28.3328528],[-54.7666826,-28.3343592],[-54.7481059,-28.3060402],[-54.7598195,-28.2473886],[-54.7416027,-28.2554061],[-54.7438621,-28.2678026],[-54.7228643,-28.2561714],[-54.6987637,-28.2554471],[-54.6790354,-28.2752715],[-54.6585272,-28.2690132],[-54.6192147,-28.2773907],[-54.5821139,-28.2989931],[-54.5521965,-28.2839337],[-54.555497,-28.2993494],[-54.545556,-28.3060381],[-54.5612932,-28.3148952],[-54.547256,-28.3211623],[-54.5395635,-28.3547999],[-54.5509848,-28.3639802],[-54.573392,-28.3642509],[-54.5897311,-28.396763],[-54.5976909,-28.4384324],[-54.6134218,-28.4391014],[-54.6589454,-28.4199846],[-54.6626773,-28.4132762],[-54.6526075,-28.4100514],[-54.6513973,-28.3970381]]]}},{"type":"Feature","properties":{"level":"municipio","municipality_code":"4303400","municipality_name":"Caiçara","uf":"RS","state_code":"43","area_km2":189.071},"geometry":{"type":"Polygon","coordinates":[[[-53.4958989,-27.2864172],[-53.512167,-27.2733136],[-53.5200379,-27.2786653],[-53.5220631,-27.260709],[-53.5377237,-27.2617209],[-53.5402054,-27.2478648],[-53.5495494,-27.2488788],[-53.5463319,-27.2375535],[-53.557665,-27.235888],[-53.5758412,-27.2032492],[-53.5800848,-27.2104118],[-53.5860309,-27.1952082],[-53.5991736,-27.1956367],[-53.5997093,-27.1893509],[-53.5562439,-27.1726458],[-53.518249,-27.2021778],[-53.4930806,-27.2034785],[-53.48259,-27.1905559],[-53.4471025,-27.1998123],[-53.4302649,-27.2217085],[-53.412082,-27.2228057],[-53.400814,-27.2365409],[-53.362025,-27.2338248],[-53.3456793,-27.2439719],[-53.3552505,-27.2689958],[-53.3697167,-27.2706059],[-53.4018879,-27.3199922],[-53.4246631,-27.3210115],[-53.4493593,-27.300347],[-53.4958989,-27.2864172]]]}},{"type":"Feature","properties":{"level":"municipio","municipality_code":"4303509","municipality_name":"Camaquã","uf":"RS","state_code":"43","area_km2":1679.242},"geometry":{"type":"Polygon","coordinates":[[[-51.8100535,-31.0296933],[-51.8544568,-31.0044253],[-51.8820664,-30.9119791],[-51.9421703,-30.9433601],[-51.9764191,-30.9213943],[-52.0116304,-30.9230119],[-52.0190691,-30.9157765],[-52.0503752,-30.9261936],[-52.0663224,-30.9231165],[-52.082576,-30.9024953],[-52.1086271,-30.9055313],[-52.1204778,-30.8836874],[-52.1090113,-30.8767179],[-52.1158736,-30.8477826],[-52.0926782,-30.8383527],[-52.0620338,-30.8523744],[-52.0688041,-30.862813],[-52.055142,-30.8739208],[-52.0240446,-30.8551027],[-51.9896543,-30.8524238],[-51.9892352,-30.8436977],[-51.9661312,-30.8468989],[-51.9571386,-30.8411533],[-51.9359455,-30.8478633],[-51.9324479,-30.83519],[-51.9413159,-30.8255729],[-51.9344824,-30.8217654],[-51.9509032,-30.8006483],[-51.9374862,-30.7823085],[-51.9279708,-30.7818034],[-51.9183375,-30.7526683],[-51.9410632,-30.7391642],[-51.9373482,-30.7107769],[-51.9505956,-30.7002245],[-51.9562341,-30.6763544],[-51.97917,-30.6604719],[-51.9775833,-30.6420049],[-51.8983039,-30.5716959],[-51.8924692,-30.591316],[-51.8815158,-30.5935909],[-51.8846524,-30.6068485],[-51.8516666,-30.6156174],[-51.8436559,-30.6387894],[-51.8165992,-30.6488356],[-51.8006868,-30.6287132],[-51.7457064,-30.6573443],[-51.7499944,-30.6752167],[-51.7437107,-30.6817359],[-51.7010342,-30.6852701],[-51.6894088,-30.7215158],[-51.6976929,-30.7453221],[-51.6913328,-30.7584931],[-51.6348175,-30.7496732],[-51.6915429,-30.8116571],[-51.7441839,-30.839012],[-51.7458622,-30.8464833],[-51.724433,-30.8824416],[-51.656532,-30.8924499],[-51.6024409,-30.9489671],[-51.5917831,-30.9847955],[-51.6051715,-31.0477761],[-51.6161945,-31.0648033],[-51.5789155,-31.0767811],[-51.5378219,-31.1134504],[-51.5544882,-31.11407],[-51.5672721,-31.1286268],[-51.6019634,-31.1317418],[-51.6286663,-31.1529541],[-51.6413103,-31.1876779],[-51.6425696,-31.2260765],[-51.6314145,-31.2614394],[-51.6167196,-31.267688],[-51.7133629,-31.2657646],[-51.7571475,-31.2861321],[-51.7904754,-31.2732673],[-51.8117421,-31.2857497],[-51.7997193,-31.2557001],[-51.7886453,-31.2548303],[-51.7937143,-31.2489983],[-51.7855073,-31.2478294],[-51.7796575,-31.2165165],[-51.788661,-31.2139685],[-51.7841905,-31.2055165],[-51.7946294,-31.1847475],[-51.7897744,-31.1763883],[-51.8023286,-31.1671577],[-51.81302,-31.1733211],[-51.8207258,-31.1675217],[-51.8129056,-31.1494034],[-51.7915577,-31.1401907],[-51.7887258,-31.1221968],[-51.8171726,-31.0479461],[-51.8100535,-31.0296933]]]}},{"type":"Feature","properties":{"level":"municipio","municipality_code":"4303558","municipality_name":"Camargo","uf":"RS","state_code":"43","area_km2":138.069},"geometry":{"type":"Polygon","coordinates":[[[-52.243464,-28.6596517],[-52.2616744,-28.6605838],[-52.2706397,-28.6704814],[-52.2731266,-28.6519776],[-52.2874548,-28.6459749],[-52.2924192,-28.6321322],[-52.2857753,-28.6269048],[-52.3056859,-28.5970249],[-52.2947497,-28.5851926],[-52.2788738,-28.5900897],[-52.256902,-28.582885],[-52.2448242,-28.5891105],[-52.2446312,-28.5718643],[-52.2348021,-28.566817],[-52.2485802,-28.5597582],[-52.2398659,-28.5490643],[-52.2013347,-28.5569405],[-52.1957293,-28.5737326],[-52.1925572,-28.5644706],[-52.1898134,-28.5690913],[-52.1798635,-28.562137],[-52.1772946,-28.570101],[-52.1676545,-28.5707325],[-52.1783935,-28.6033686],[-52.1690407,-28.610192],[-52.1582098,-28.6021426],[-52.1434818,-28.6166016],[-52.1302568,-28.6145816],[-52.1389014,-28.6326518],[-52.156795,-28.6374794],[-52.1626325,-28.6593616],[-52.1952089,-28.6549465],[-52.1920238,-28.6697543],[-52.2032115,-28.6735682],[-52.2356916,-28.6711474],[-52.243464,-28.6596517]]]}},{"type":"Feature","properties":{"level":"municipio","municipality_code":"4303608","municipality_name":"Cambará do Sul","uf":"RS","state_code":"43","area_km2":1181.811},"geometry":{"type":"Polygon","coordinates":[[[-50.029724,-28.8579026],[-50.0145792,-28.8689831],[-50.0084547,-28.889418],[-49.9865813,-28.8980628],[-49.9699531,-28.9014814],[-49.94972,-28.8935397],[-49.9687252,-28.9220521],[-49.9504256,-28.9285275],[-49.9495693,-28.9356487],[-49.954326,-28.9289839],[-49.9597891,-28.935589],[-49.9580268,-28.9625515],[-49.9319041,-28.9631575],[-49.9309471,-28.9759499],[-49.9203099,-28.9777967],[-49.9344231,-28.9856864],[-49.94168,-28.9814337],[-49.9424305,-29.0012094],[-49.94542,-28.9921671],[-49.9659911,-29.0217463],[-49.9407023,-29.0223253],[-49.9562863,-29.0351896],[-49.9609987,-29.0508076],[-50.004413,-29.0723816],[-49.9421326,-29.0582179],[-49.9603344,-29.0706752],[-49.9561551,-29.084925],[-49.9682595,-29.0842205],[-49.9629958,-29.0998175],[-49.9702319,-29.1045628],[-49.9626025,-29.1174812],[-49.9926046,-29.1176649],[-49.9817413,-29.139078],[-49.9912651,-29.1368752],[-49.9901286,-29.1290188],[-50.0083157,-29.127797],[-50.0046163,-29.1200878],[-50.0134185,-29.1268196],[-50.0058772,-29.1504139],[-50.0095436,-29.1573413],[-50.0210619,-29.1510035],[-50.0178036,-29.1636083],[-50.0270207,-29.1641918],[-50.0287507,-29.1718718],[-50.0129318,-29.1803859],[-50.0151585,-29.1867397],[-50.0333936,-29.1752824],[-50.0628447,-29.1859154],[-50.0678735,-29.195493],[-50.0597267,-29.1752457],[-50.0753225,-29.1883562],[-50.0744792,-29.1808139],[-50.0855555,-29.1789857],[-50.0780164,-29.1753158],[-50.0900735,-29.1750924],[-50.0843266,-29.1706847],[-50.0934227,-29.1679102],[-50.0783216,-29.1576464],[-50.0609327,-29.1613655],[-50.0571551,-29.157949],[-50.0798217,-29.1553648],[-50.099665,-29.1598097],[-50.0933158,-29.177515],[-50.098383,-29.1810952],[-50.0876318,-29.1837495],[-50.0920003,-29.1949243],[-50.0850068,-29.1929234],[-50.0969018,-29.2002918],[-50.084768,-29.1982754],[-50.0913462,-29.2197955],[-50.08398,-29.2138364],[-50.052717,-29.2130902],[-50.0469979,-29.2171842],[-50.0478481,-29.2176059],[-50.0837665,-29.2153818],[-50.0841378,-29.2271237],[-50.0951566,-29.2373142],[-50.093552,-29.2236787],[-50.1126912,-29.2400068],[-50.1060178,-29.2294149],[-50.1124456,-29.2237331],[-50.1003889,-29.224705],[-50.0942557,-29.2120047],[-50.1155237,-29.2088211],[-50.1274621,-29.2007028],[-50.1203678,-29.19774],[-50.1365024,-29.1984805],[-50.1396469,-29.1922198],[-50.1615476,-29.2039419],[-50.1427644,-29.2014231],[-50.1339679,-29.2079074],[-50.1506689,-29.2245727],[-50.1398678,-29.2356032],[-50.1775091,-29.2485213],[-50.1387531,-29.2535246],[-50.1458877,-29.2583182],[-50.1398263,-29.2665003],[-50.1445997,-29.2701569],[-50.2003122,-29.2565648],[-50.2565305,-29.2770711],[-50.2682933,-29.2910961],[-50.3008431,-29.2932245],[-50.2979234,-29.2772092],[-50.3145877,-29.2688654],[-50.3161328,-29.2583799],[-50.3282939,-29.2560393],[-50.3243566,-29.2508489],[-50.3327673,-29.2398076],[-50.32459,-29.2207996],[-50.3335435,-29.2240961],[-50.332658,-29.212672],[-50.357589,-29.1893277],[-50.3559207,-29.1566674],[-50.3622298,-29.1528199],[-50.3510934,-29.1378961],[-50.3663495,-29.1353561],[-50.3560199,-29.1255195],[-50.3575349,-29.1170673],[-50.349663,-29.1197608],[-50.3366559,-29.1097016],[-50.3269985,-29.119498],[-50.2997101,-29.1186493],[-50.2630453,-29.1400392],[-50.247948,-29.1321607],[-50.2512402,-29.1190107],[-50.2405653,-29.1023315],[-50.2199304,-29.0959796],[-50.1981778,-29.1047793],[-50.1916367,-29.0963393],[-50.1964531,-29.0865875],[-50.1937182,-29.073824],[-50.1839603,-29.0700019],[-50.1882305,-29.0599142],[-50.210154,-29.0614195],[-50.2155282,-29.0578957],[-50.2089197,-29.0514921],[-50.2283356,-29.0460793],[-50.2347234,-29.0095498],[-50.2425596,-29.0102476],[-50.2393487,-29.0230631],[-50.2500342,-29.0242173],[-50.2735703,-29.006869],[-50.2672919,-28.9923616],[-50.2514638,-28.9894768],[-50.2546331,-28.9746429],[-50.2449519,-28.9593893],[-50.2540699,-28.9420611],[-50.265584,-28.93892],[-50.2530987,-28.9284738],[-50.2279968,-28.9343668],[-50.2167805,-28.9191887],[-50.2082177,-28.9300142],[-50.1907114,-28.9297103],[-50.1593937,-28.9065134],[-50.168143,-28.8840501],[-50.1726535,-28.8904027],[-50.1818333,-28.8861459],[-50.1786686,-28.868052],[-50.1970959,-28.8269518],[-50.1812488,-28.8240068],[-50.1802233,-28.8340548],[-50.1642613,-28.8398864],[-50.1575899,-28.8204921],[-50.1404432,-28.8272776],[-50.1404367,-28.8336712],[-50.1281243,-28.8205532],[-50.1126862,-28.8238786],[-50.0863451,-28.8320071],[-50.0878045,-28.8481371],[-50.0709876,-28.8378161],[-50.0383862,-28.8450406],[-50.0441441,-28.8490282],[-50.0367185,-28.8597435],[-50.029724,-28.8579026]]]}},{"type":"Feature","properties":{"level":"municipio","municipality_code":"4303673","municipality_name":"Campestre da Serra","uf":"RS","state_code":"43","area_km2":538.487},"geometry":{"type":"Polygon","coordinates":[[[-51.1432986,-28.8836723],[-51.1769042,-28.8587451],[-51.1585613,-28.8539107],[-51.1573163,-28.8451811],[-51.1709794,-28.8421083],[-51.1640949,-28.8345469],[-51.1746003,-28.8179201],[-51.2106452,-28.8100611],[-51.2179067,-28.8017128],[-51.1978586,-28.8015735],[-51.1865776,-28.782117],[-51.1851292,-28.7645249],[-51.1905925,-28.7668674],[-51.197352,-28.7515133],[-51.2051538,-28.7074477],[-51.191999,-28.6977683],[-51.1562111,-28.6966484],[-51.1426899,-28.6709589],[-51.1459915,-28.6528822],[-51.1643988,-28.6453441],[-51.1672698,-28.6286752],[-51.2129635,-28.6236016],[-51.2211339,-28.6055737],[-51.2613917,-28.5918],[-51.2277883,-28.5806894],[-51.1796345,-28.5924274],[-51.1738254,-28.5739769],[-51.164093,-28.5845177],[-51.1533386,-28.5826889],[-51.1577674,-28.5739701],[-51.1481806,-28.5725275],[-51.1535543,-28.5677725],[-51.1464542,-28.5553683],[-51.1348919,-28.5687012],[-51.1178023,-28.5556701],[-51.0787518,-28.605666],[-51.076768,-28.6242935],[-51.0370175,-28.6194576],[-51.0095163,-28.6438149],[-51.017462,-28.6543387],[-50.9999791,-28.6646707],[-51.0083386,-28.6685858],[-51.0016589,-28.6764336],[-51.0206227,-28.682929],[-51.0124718,-28.6961558],[-51.0024922,-28.6951212],[-50.9994454,-28.7197624],[-51.0095552,-28.7178535],[-50.9969055,-28.7266733],[-50.9925207,-28.7437212],[-50.9714665,-28.7432006],[-50.9782709,-28.7488655],[-50.9784098,-28.7812845],[-50.9648797,-28.7779601],[-50.968052,-28.7892661],[-50.958395,-28.7903417],[-50.9767534,-28.8146412],[-50.9997901,-28.8190657],[-51.01765,-28.8416206],[-51.041972,-28.8352551],[-51.0482398,-28.8622993],[-51.0742487,-28.8615997],[-51.0956138,-28.8410774],[-51.1144488,-28.8538378],[-51.1125061,-28.8721278],[-51.1432986,-28.8836723]]]}},{"type":"Feature","properties":{"level":"municipio","municipality_code":"4303707","municipality_name":"Campina das Missões","uf":"RS","state_code":"43","area_km2":224.792},"geometry":{"type":"Polygon","coordinates":[[[-54.8392094,-28.0205448],[-54.8505903,-28.0127917],[-54.8587054,-28.0225268],[-54.864319,-28.007588],[-54.8760686,-28.0172112],[-54.8617381,-27.9978265],[-54.8733523,-28.0015295],[-54.8860105,-27.9887617],[-54.901326,-27.9944901],[-54.9118749,-27.9897297],[-54.8949053,-27.972288],[-54.898575,-27.9624753],[-54.9039028,-27.9715161],[-54.9217696,-27.9597335],[-54.90782,-27.9492122],[-54.9242364,-27.9514987],[-54.9304302,-27.9397659],[-54.9412596,-27.9478093],[-54.9400419,-27.9106391],[-54.8909692,-27.9096878],[-54.892162,-27.8552352],[-54.8734288,-27.8571867],[-54.8550977,-27.8760727],[-54.8283698,-27.8703075],[-54.8188359,-27.9155572],[-54.7973295,-27.9217203],[-54.7971902,-27.9358754],[-54.7871296,-27.9357423],[-54.7858853,-27.9912223],[-54.7608861,-27.9798953],[-54.7178001,-27.985206],[-54.7177751,-28.0100769],[-54.7381379,-28.0069754],[-54.7382225,-28.0585722],[-54.7474874,-28.0691421],[-54.7580795,-28.0587375],[-54.7502203,-28.0429412],[-54.7838756,-28.0431212],[-54.7839011,-28.0504317],[-54.7945579,-28.0537109],[-54.7989559,-28.0415488],[-54.8149443,-28.0513868],[-54.8097912,-28.0348611],[-54.8228397,-28.0295168],[-54.8105673,-28.0262114],[-54.8114475,-28.0203804],[-54.8342857,-28.0217412],[-54.8361353,-28.0350648],[-54.8432457,-28.0288093],[-54.8392094,-28.0205448]]]}},{"type":"Feature","properties":{"level":"municipio","municipality_code":"4303806","municipality_name":"Campinas do Sul","uf":"RS","state_code":"43","area_km2":276.162},"geometry":{"type":"Polygon","coordinates":[[[-52.6698726,-27.6850052],[-52.6329245,-27.691584],[-52.625912,-27.6823314],[-52.6000566,-27.6799812],[-52.6026023,-27.6582931],[-52.5913774,-27.6604225],[-52.5817211,-27.677697],[-52.571192,-27.6769663],[-52.5758738,-27.6834132],[-52.5613796,-27.6900087],[-52.5595967,-27.7149129],[-52.5733421,-27.7567505],[-52.5844941,-27.7674015],[-52.5792933,-27.7756163],[-52.595185,-27.7867842],[-52.5952647,-27.801967],[-52.5743449,-27.8055629],[-52.6052297,-27.8390607],[-52.6317184,-27.8418295],[-52.6535168,-27.8561897],[-52.6606452,-27.8337568],[-52.6695443,-27.84007],[-52.6764944,-27.7968015],[-52.7050654,-27.7979185],[-52.6968364,-27.7857328],[-52.7160644,-27.7611944],[-52.7092293,-27.7358596],[-52.7182336,-27.7458462],[-52.7301029,-27.7441681],[-52.7306759,-27.7519445],[-52.7344413,-27.7434314],[-52.7471291,-27.7466648],[-52.751754,-27.7255456],[-52.7393989,-27.7153478],[-52.7509472,-27.710462],[-52.7466076,-27.6911041],[-52.7609524,-27.6959462],[-52.7527067,-27.6833584],[-52.7528724,-27.6581483],[-52.7454016,-27.6524353],[-52.7580581,-27.6264191],[-52.7394342,-27.6265132],[-52.7001721,-27.6450259],[-52.6696085,-27.6702415],[-52.6698726,-27.6850052]]]}},{"type":"Feature","properties":{"level":"municipio","municipality_code":"4303905","municipality_name":"Campo Bom","uf":"RS","state_code":"43","area_km2":60.562},"geometry":{"type":"Polygon","coordinates":[[[-51.0394964,-29.6487633],[-51.0073635,-29.6504],[-51.0137985,-29.6958731],[-50.9965916,-29.706916],[-51.0805369,-29.7155248],[-51.0756909,-29.6861015],[-51.0900375,-29.6747383],[-51.0978497,-29.6437738],[-51.0625188,-29.6471123],[-51.0556802,-29.6155315],[-51.0347736,-29.6177837],[-51.0394964,-29.6487633]]]}},{"type":"Feature","properties":{"level":"municipio","municipality_code":"4304002","municipality_name":"Campo Novo","uf":"RS","state_code":"43","area_km2":220.719},"geometry":{"type":"Polygon","coordinates":[[[-53.8434237,-27.7311722],[-53.8940854,-27.7207885],[-53.9059536,-27.7009622],[-53.9209334,-27.6969234],[-53.9139909,-27.6902026],[-53.9026558,-27.6960499],[-53.8813367,-27.6701504],[-53.8814921,-27.6595066],[-53.8899728,-27.6576565],[-53.8811942,-27.6378737],[-53.9009626,-27.6218957],[-53.8927327,-27.6023902],[-53.8977129,-27.5952982],[-53.8381439,-27.5936361],[-53.7946576,-27.5736496],[-53.7868325,-27.5773567],[-53.7948121,-27.5875011],[-53.7861159,-27.5906789],[-53.7997576,-27.5976109],[-53.7604398,-27.6131739],[-53.7524197,-27.6337502],[-53.7608348,-27.6430363],[-53.7445156,-27.6414794],[-53.7447279,-27.6559564],[-53.7729595,-27.693396],[-53.7741161,-27.7100371],[-53.7541798,-27.7181877],[-53.7710303,-27.7249035],[-53.7576387,-27.7530887],[-53.7794484,-27.7526172],[-53.7850565,-27.7605301],[-53.8008353,-27.7580288],[-53.8168322,-27.7672518],[-53.8434237,-27.7311722]]]}},{"type":"Feature","properties":{"level":"municipio","municipality_code":"4304101","municipality_name":"Campos Borges","uf":"RS","state_code":"43","area_km2":226.202},"geometry":{"type":"Polygon","coordinates":[[[-52.9646109,-28.8842057],[-52.9458594,-28.8885789],[-52.9202388,-28.9096575],[-52.9304503,-28.9341108],[-52.9515793,-28.9262569],[-52.9626359,-28.930674],[-52.9757092,-28.9136401],[-52.991671,-28.9189875],[-52.9967765,-28.9109284],[-53.0151761,-28.9130983],[-53.0083149,-28.9355098],[-53.0197261,-28.9618917],[-53.0343129,-28.96647],[-53.0226877,-28.9787543],[-53.0798914,-28.9617943],[-53.1017026,-28.9691991],[-53.0789267,-28.9783301],[-53.0819065,-28.9838175],[-53.1046741,-28.9748622],[-53.1290432,-28.9872287],[-53.157667,-28.965792],[-53.1558356,-28.9561941],[-53.1320796,-28.9623439],[-53.1288976,-28.9440143],[-53.1373601,-28.9225242],[-53.1542881,-28.9112405],[-53.1595816,-28.9216264],[-53.1702341,-28.9153963],[-53.1553825,-28.9018899],[-53.1503191,-28.876073],[-53.1737426,-28.8760434],[-53.1817309,-28.8613112],[-53.1463707,-28.8635477],[-53.1397844,-28.8488822],[-53.1269524,-28.8443552],[-53.1225288,-28.852582],[-53.1328423,-28.8724672],[-53.12072,-28.8810511],[-53.108087,-28.8679161],[-53.0838401,-28.8682036],[-53.0823772,-28.8522151],[-53.060867,-28.8296944],[-53.0534128,-28.8373787],[-53.0228011,-28.8383295],[-52.9855669,-28.8598629],[-52.9621708,-28.846705],[-52.9646109,-28.8842057]]]}},{"type":"Feature","properties":{"level":"municipio","municipality_code":"4304200","municipality_name":"Candelária","uf":"RS","state_code":"43","area_km2":944.735},"geometry":{"type":"Polygon","coordinates":[[[-52.7585836,-29.6080762],[-52.7337666,-29.6135409],[-52.7415594,-29.6500456],[-52.7074846,-29.6650948],[-52.7109923,-29.6978499],[-52.702691,-29.697869],[-52.6919262,-29.7131931],[-52.6650408,-29.7082993],[-52.578856,-29.7483956],[-52.5764407,-29.7916895],[-52.5969313,-29.7857326],[-52.660792,-29.8006147],[-52.7036726,-29.7926976],[-52.7409669,-29.8043242],[-52.7368517,-29.8201405],[-52.7559748,-29.8486812],[-52.7546102,-29.8855588],[-52.7413411,-29.9047394],[-52.7911393,-29.9053783],[-52.8170909,-29.9231559],[-52.8315855,-29.9118556],[-52.8498424,-29.9272629],[-52.870877,-29.8745293],[-52.8949185,-29.8621458],[-52.8929424,-29.8480981],[-52.9084852,-29.829852],[-52.9073447,-29.8149427],[-52.9267133,-29.7843398],[-52.921762,-29.7661341],[-52.9321892,-29.7307382],[-52.9249085,-29.7035615],[-52.9356528,-29.6934549],[-52.9304858,-29.6599721],[-52.9587626,-29.6155682],[-52.957806,-29.5902195],[-52.9718601,-29.5762768],[-52.9643936,-29.5697505],[-52.9792074,-29.5587862],[-52.9733672,-29.5563395],[-52.9709707,-29.5195997],[-52.9586303,-29.514252],[-52.9470127,-29.5205716],[-52.9336122,-29.5168783],[-52.9323898,-29.5234445],[-52.9232404,-29.5148439],[-52.8490338,-29.5115512],[-52.8012389,-29.5027126],[-52.7982042,-29.4955049],[-52.7506937,-29.5037389],[-52.7363345,-29.5473292],[-52.7511239,-29.5734868],[-52.7421847,-29.577505],[-52.772056,-29.5803653],[-52.7585836,-29.6080762]]]}},{"type":"Feature","properties":{"level":"municipio","municipality_code":"4304358","municipality_name":"Candiota","uf":"RS","state_code":"43","area_km2":933.628},"geometry":{"type":"Polygon","coordinates":[[[-53.6531813,-31.3358424],[-53.6155029,-31.3852973],[-53.5882278,-31.3827504],[-53.5613247,-31.3916342],[-53.5730239,-31.4424239],[-53.5971407,-31.4548705],[-53.6047812,-31.4706169],[-53.5878867,-31.4929718],[-53.5885176,-31.5363686],[-53.5762752,-31.5351814],[-53.5793839,-31.5480479],[-53.6006735,-31.5668174],[-53.5873053,-31.580918],[-53.5894671,-31.5929469],[-53.602631,-31.5900827],[-53.61266,-31.6021408],[-53.6344868,-31.6074774],[-53.6647461,-31.5924604],[-53.6841323,-31.5933594],[-53.6873671,-31.6188939],[-53.7074644,-31.6291091],[-53.7017928,-31.6505027],[-53.7675703,-31.6459443],[-53.7730124,-31.6545849],[-53.7692858,-31.6914942],[-53.7772232,-31.7002158],[-53.7626106,-31.7141429],[-53.7703731,-31.7292407],[-53.7631373,-31.7384994],[-53.7993233,-31.7610519],[-53.8090884,-31.805666],[-53.8187806,-31.8068932],[-53.8341454,-31.8275555],[-53.8461645,-31.8247424],[-53.8672542,-31.8364568],[-53.8789914,-31.848968],[-53.8773963,-31.8591699],[-53.885986,-31.8616967],[-53.8941883,-31.8493946],[-53.9138679,-31.8551359],[-53.915841,-31.8461859],[-53.9069488,-31.8375357],[-53.9277849,-31.8056654],[-53.9080441,-31.8091032],[-53.9051295,-31.8003384],[-53.9240709,-31.7756963],[-53.9255427,-31.7597534],[-53.9142403,-31.7605895],[-53.9020076,-31.7425743],[-53.902365,-31.7218255],[-53.8889931,-31.6939227],[-53.8896327,-31.6659871],[-53.8402461,-31.6076128],[-53.8400966,-31.5538165],[-53.8269647,-31.5461009],[-53.8335814,-31.5390299],[-53.8238249,-31.5311867],[-53.8218863,-31.5151611],[-53.8326267,-31.4702309],[-53.8057059,-31.4628469],[-53.7812105,-31.4385898],[-53.8009337,-31.3739403],[-53.7962807,-31.3527012],[-53.7776646,-31.3363232],[-53.7747828,-31.316265],[-53.7652507,-31.3121912],[-53.7404689,-31.3291138],[-53.6531813,-31.3358424]]]}},{"type":"Feature","properties":{"level":"municipio","municipality_code":"4304408","municipality_name":"Canela","uf":"RS","state_code":"43","area_km2":253.002},"geometry":{"type":"Polygon","coordinates":[[[-50.8061258,-29.433603],[-50.8549488,-29.383968],[-50.8420506,-29.3596512],[-50.857458,-29.3206029],[-50.8524911,-29.3096423],[-50.8901017,-29.2877511],[-50.8602977,-29.2477312],[-50.8492559,-29.2669249],[-50.8414489,-29.2581538],[-50.827429,-29.2577979],[-50.826874,-29.2659786],[-50.8162391,-29.2574132],[-50.7967911,-29.2768633],[-50.7617756,-29.2768326],[-50.7613626,-29.3093803],[-50.7429856,-29.3269588],[-50.7114511,-29.334368],[-50.6881195,-29.3245164],[-50.6731297,-29.3382804],[-50.6831136,-29.3619687],[-50.6757209,-29.374402],[-50.6525065,-29.3736579],[-50.6446488,-29.382242],[-50.6445501,-29.4059687],[-50.6570305,-29.4220737],[-50.6805427,-29.4145633],[-50.6881898,-29.4035586],[-50.7217968,-29.4040843],[-50.7350474,-29.4147602],[-50.7722221,-29.4143441],[-50.7706116,-29.4409431],[-50.8061258,-29.433603]]]}},{"type":"Feature","properties":{"level":"municipio","municipality_code":"4304507","municipality_name":"Canguçu","uf":"RS","state_code":"43","area_km2":3526.316},"geometry":{"type":"Polygon","coordinates":[[[-52.5010095,-31.3281765],[-52.6613217,-31.5828659],[-52.6756025,-31.5822626],[-52.6973567,-31.5974484],[-52.7021145,-31.6119585],[-52.7375912,-31.6013998],[-52.8003358,-31.6106308],[-52.8566509,-31.5954073],[-52.8575562,-31.6051512],[-52.8799858,-31.60791],[-52.8905555,-31.6198698],[-52.8782142,-31.6311093],[-52.895297,-31.6489785],[-52.9033582,-31.672069],[-52.9401673,-31.6445217],[-52.9293701,-31.6093001],[-52.940146,-31.6075331],[-52.9441289,-31.5920974],[-52.961424,-31.5882063],[-52.9911732,-31.5594818],[-52.9924011,-31.517059],[-52.9790339,-31.5123393],[-52.9713301,-31.4902804],[-52.9807238,-31.4856489],[-52.9558994,-31.4562865],[-52.959221,-31.4460227],[-52.9368363,-31.4388669],[-52.9305094,-31.4119361],[-52.9184571,-31.4007579],[-52.9347275,-31.384763],[-52.9063856,-31.3136663],[-52.9210171,-31.2462291],[-52.9087017,-31.2093133],[-52.9132372,-31.1915202],[-52.9213983,-31.190669],[-52.9250758,-31.1523065],[-52.9102297,-31.1452897],[-52.9285884,-31.1345744],[-52.9241535,-31.1098921],[-52.9295795,-31.0924256],[-52.9458413,-31.0894797],[-52.9316055,-31.0837132],[-52.9454802,-31.0675981],[-52.9307009,-31.0693108],[-52.9154823,-31.0582503],[-52.917623,-31.0430627],[-52.9036476,-31.0277444],[-52.9089209,-31.0216347],[-52.8971305,-31.0148335],[-52.9113549,-31.0015514],[-52.8939833,-30.9957084],[-52.8861838,-30.9841568],[-52.8748827,-30.988102],[-52.8827941,-30.9656155],[-52.8720644,-30.959688],[-52.8737787,-30.9492655],[-52.8588574,-30.9278898],[-52.8660325,-30.9224487],[-52.8304125,-30.9049344],[-52.8099887,-30.9130356],[-52.8029714,-30.9051804],[-52.7474856,-30.8959016],[-52.7134034,-30.8970887],[-52.7103261,-30.9038672],[-52.6748489,-30.9073542],[-52.6530352,-30.9212881],[-52.6361105,-30.964606],[-52.6290869,-30.9601261],[-52.6296733,-30.9459581],[-52.6014251,-30.9546046],[-52.581941,-30.9406826],[-52.5597468,-30.9479216],[-52.5537423,-30.9345967],[-52.56155,-30.9282925],[-52.5210432,-30.9334829],[-52.5004218,-30.9214325],[-52.4913368,-30.926488],[-52.4767296,-30.9105737],[-52.4653502,-30.9172542],[-52.4399658,-30.8957652],[-52.4303088,-30.9004897],[-52.4232161,-30.9211657],[-52.4040059,-30.9050818],[-52.3673325,-30.9095423],[-52.3141358,-30.8871619],[-52.2886229,-30.9101275],[-52.2751754,-30.8966779],[-52.2754086,-30.8845764],[-52.2492582,-30.883842],[-52.2437424,-30.9277341],[-52.2786922,-30.949894],[-52.2730676,-30.9580269],[-52.2462289,-30.9620587],[-52.2400499,-30.9769624],[-52.2590771,-30.9944181],[-52.2599127,-31.0111922],[-52.2680133,-31.0142318],[-52.2789021,-31.0413429],[-52.2750341,-31.0731667],[-52.2891263,-31.0886202],[-52.3549089,-31.1091808],[-52.3707716,-31.1295783],[-52.3648786,-31.1356799],[-52.3859619,-31.1339645],[-52.3901012,-31.1476006],[-52.4041996,-31.1481431],[-52.4095818,-31.1672425],[-52.4253129,-31.1807443],[-52.4207556,-31.1891336],[-52.4486008,-31.2140691],[-52.4699257,-31.2213926],[-52.4753051,-31.2449793],[-52.4599464,-31.2577278],[-52.4589908,-31.2719472],[-52.4397207,-31.2814249],[-52.4241179,-31.3100115],[-52.4226642,-31.3363295],[-52.4789763,-31.3221822],[-52.5010095,-31.3281765]]]}},{"type":"Feature","properties":{"level":"municipio","municipality_code":"4304606","municipality_name":"Canoas","uf":"RS","state_code":"43","area_km2":130.774},"geometry":{"type":"Polygon","coordinates":[[[-51.1259369,-29.9333324],[-51.1263611,-29.954045],[-51.13395,-29.9608481],[-51.2012891,-29.9717737],[-51.208406,-29.9643762],[-51.220412,-29.9666065],[-51.2440942,-29.9230642],[-51.2495754,-29.8841011],[-51.2316129,-29.8623114],[-51.1775512,-29.8666697],[-51.1656756,-29.8592454],[-51.1230954,-29.8663948],[-51.1060137,-29.902449],[-51.1259369,-29.9333324]]]}},{"type":"Feature","properties":{"level":"municipio","municipality_code":"4304614","municipality_name":"Canudos do Vale","uf":"RS","state_code":"43","area_km2":82.943},"geometry":{"type":"Polygon","coordinates":[[[-52.1960336,-29.3612081],[-52.3004433,-29.3555231],[-52.2901475,-29.3404253],[-52.310634,-29.329655],[-52.2987475,-29.3257741],[-52.30627,-29.3170624],[-52.3053223,-29.2938556],[-52.2823704,-29.2879151],[-52.2477318,-29.3140224],[-52.2305674,-29.301757],[-52.1990188,-29.2985549],[-52.1878248,-29.2865485],[-52.1812406,-29.3007094],[-52.1715138,-29.3022024],[-52.1596277,-29.348043],[-52.1960336,-29.3612081]]]}},{"type":"Feature","properties":{"level":"municipio","municipality_code":"4304689","municipality_name":"Capela de Santana","uf":"RS","state_code":"43","area_km2":182.756},"geometry":{"type":"Polygon","coordinates":[[[-51.287819,-29.6679234],[-51.2841037,-29.7168706],[-51.3013382,-29.7397683],[-51.2969792,-29.7503077],[-51.3090294,-29.7769409],[-51.3337162,-29.7566427],[-51.3617046,-29.7758728],[-51.365459,-29.7880459],[-51.3747426,-29.787097],[-51.3918652,-29.7644444],[-51.4031101,-29.7720753],[-51.4112864,-29.7676957],[-51.4071766,-29.7618193],[-51.4179444,-29.7546605],[-51.4076842,-29.7290052],[-51.4138386,-29.7169277],[-51.4245325,-29.7141073],[-51.436704,-29.7261652],[-51.4491439,-29.7136348],[-51.4582572,-29.7179767],[-51.4641938,-29.7031882],[-51.4561759,-29.6970086],[-51.4533476,-29.705954],[-51.4270884,-29.691552],[-51.4280737,-29.653114],[-51.4162522,-29.6618639],[-51.3956213,-29.6578376],[-51.3851158,-29.6441939],[-51.3635311,-29.637433],[-51.3508392,-29.6409259],[-51.3381398,-29.6342411],[-51.3329988,-29.6490372],[-51.3055621,-29.6380184],[-51.3045808,-29.6464138],[-51.2871648,-29.6461652],[-51.2767484,-29.6559475],[-51.287819,-29.6679234]]]}},{"type":"Feature","properties":{"level":"municipio","municipality_code":"4304697","municipality_name":"Capitão","uf":"RS","state_code":"43","area_km2":73.967},"geometry":{"type":"Polygon","coordinates":[[[-51.9738947,-29.3033512],[-51.9872478,-29.3009375],[-52.0220591,-29.3177964],[-52.0151817,-29.3292109],[-52.0370135,-29.3286759],[-52.0366541,-29.267627],[-51.9990017,-29.2479141],[-51.9935878,-29.2338272],[-51.9673752,-29.2356412],[-51.9647643,-29.2468627],[-51.9469159,-29.2469724],[-51.9465447,-29.2717264],[-51.9193709,-29.2915924],[-51.9203701,-29.3038465],[-51.9439218,-29.3054114],[-51.95508,-29.3289119],[-51.9649775,-29.3297486],[-51.9738947,-29.3033512]]]}},{"type":"Feature","properties":{"level":"municipio","municipality_code":"4304671","municipality_name":"Capivari do Sul","uf":"RS","state_code":"43","area_km2":412.889},"geometry":{"type":"Polygon","coordinates":[[[-50.3989084,-30.1575004],[-50.3569144,-30.1967607],[-50.3627573,-30.2055507],[-50.413696,-30.2205567],[-50.4122575,-30.2098923],[-50.4373871,-30.2086392],[-50.4472632,-30.1997839],[-50.4770616,-30.2016549],[-50.5243849,-30.222049],[-50.5373269,-30.202943],[-50.5426263,-30.2523344],[-50.5604688,-30.2516815],[-50.5730774,-30.2430269],[-50.5964923,-30.1949441],[-50.6208196,-30.1984063],[-50.6214937,-30.1198739],[-50.6346578,-30.058352],[-50.6512147,-30.06011],[-50.6580639,-30.0467255],[-50.6510113,-30.0417242],[-50.4565683,-30.0517188],[-50.4151905,-30.1028254],[-50.3857606,-30.0950872],[-50.3789349,-30.0808131],[-50.366982,-30.0758984],[-50.3746321,-30.1125478],[-50.3874357,-30.1245543],[-50.3815329,-30.1377313],[-50.3989084,-30.1575004]]]}},{"type":"Feature","properties":{"level":"municipio","municipality_code":"4304622","municipality_name":"Capão Bonito do Sul","uf":"RS","state_code":"43","area_km2":526.85},"geometry":{"type":"Polygon","coordinates":[[[-51.4870148,-28.19097],[-51.5103678,-28.1702492],[-51.5114777,-28.1480885],[-51.4954592,-28.1575709],[-51.4937688,-28.137764],[-51.5140776,-28.0770785],[-51.5109405,-28.0571622],[-51.4818962,-28.0527176],[-51.4226093,-28.0676659],[-51.4010376,-28.0368836],[-51.3512432,-27.9985959],[-51.3361602,-28.0160216],[-51.3433616,-28.0199136],[-51.3432103,-28.0384821],[-51.3333821,-28.0388343],[-51.3043029,-28.0669145],[-51.2956442,-28.0587654],[-51.2774861,-28.0632428],[-51.2714233,-28.0771989],[-51.2551622,-28.084781],[-51.2613346,-28.1332107],[-51.2443459,-28.1516121],[-51.2555108,-28.1765387],[-51.2954161,-28.1905841],[-51.3273449,-28.2200923],[-51.3321246,-28.2345423],[-51.3546309,-28.2321451],[-51.3877159,-28.2419942],[-51.397591,-28.2729789],[-51.387497,-28.2939639],[-51.4170565,-28.298092],[-51.4257454,-28.3162135],[-51.413329,-28.3364736],[-51.4300026,-28.3371632],[-51.4388736,-28.3517706],[-51.4454596,-28.3399548],[-51.4583147,-28.3459217],[-51.4733584,-28.3001308],[-51.4662969,-28.2836866],[-51.4499671,-28.2724906],[-51.4495551,-28.2361808],[-51.4589404,-28.2204312],[-51.4819032,-28.2072611],[-51.4870148,-28.19097]]]}},{"type":"Feature","properties":{"level":"municipio","municipality_code":"4304630","municipality_name":"Capão da Canoa","uf":"RS","state_code":"43","area_km2":98.383},"geometry":{"type":"Polygon","coordinates":[[[-49.9337007,-29.6250581],[-50.0176114,-29.7724712],[-50.0549538,-29.7616511],[-50.0221005,-29.6904361],[-50.0487567,-29.6508055],[-50.0279222,-29.6323948],[-50.0004989,-29.6251612],[-49.9918336,-29.6048813],[-49.9337007,-29.6250581]]]}},{"type":"Feature","properties":{"level":"municipio","municipality_code":"4304655","municipality_name":"Capão do Cipó","uf":"RS","state_code":"43","area_km2":1007.796},"geometry":{"type":"Polygon","coordinates":[[[-54.4278268,-28.9129429],[-54.410382,-28.9222081],[-54.4133363,-28.9357224],[-54.4018928,-28.9449016],[-54.3777217,-29.004479],[-54.4120229,-29.0352629],[-54.4247039,-29.0305245],[-54.4588862,-29.0654357],[-54.4571838,-29.0754967],[-54.4329469,-29.089956],[-54.4492642,-29.1060703],[-54.4551639,-29.1275531],[-54.4848483,-29.150144],[-54.5116961,-29.156927],[-54.5343665,-29.1822886],[-54.5378261,-29.1734734],[-54.5726492,-29.1538259],[-54.5889454,-29.1220179],[-54.6420247,-29.1334017],[-54.6399055,-29.0995956],[-54.6499338,-29.075679],[-54.6440596,-29.0617177],[-54.6515881,-29.0394856],[-54.6598819,-29.037231],[-54.6779898,-29.0500975],[-54.7080241,-28.9967865],[-54.7106183,-28.9543682],[-54.7252252,-28.9430234],[-54.7278734,-28.9488547],[-54.744544,-28.9460779],[-54.7561286,-28.926988],[-54.7674081,-28.9334053],[-54.7680996,-28.9236476],[-54.7769584,-28.9201761],[-54.7762009,-28.9030522],[-54.8002789,-28.8935854],[-54.7943315,-28.8835565],[-54.8070754,-28.879711],[-54.8158584,-28.8684826],[-54.7721268,-28.8720034],[-54.7537277,-28.8536461],[-54.7404355,-28.8547839],[-54.7079318,-28.8366984],[-54.714279,-28.7952234],[-54.675543,-28.7377263],[-54.6742079,-28.7194069],[-54.6660027,-28.7158542],[-54.6561572,-28.7272075],[-54.6567354,-28.7394486],[-54.6434652,-28.7327385],[-54.6383018,-28.7449583],[-54.6282383,-28.7481471],[-54.627839,-28.7388107],[-54.618368,-28.7391436],[-54.6101114,-28.7460269],[-54.6270807,-28.7694481],[-54.6047335,-28.7778379],[-54.6115252,-28.7871121],[-54.6029336,-28.7816642],[-54.5828513,-28.7892653],[-54.5934298,-28.7934949],[-54.5785481,-28.8049638],[-54.5957335,-28.8057498],[-54.5881102,-28.8183829],[-54.5853676,-28.81233],[-54.5747524,-28.8169269],[-54.5768437,-28.8380697],[-54.5683591,-28.8353665],[-54.5570531,-28.8477002],[-54.5401981,-28.8453003],[-54.546754,-28.8542187],[-54.5257914,-28.8580637],[-54.5237697,-28.8706898],[-54.5100718,-28.8741502],[-54.4956563,-28.8661375],[-54.494593,-28.8743632],[-54.4780635,-28.8729582],[-54.4864618,-28.8793611],[-54.4820483,-28.8826165],[-54.4594405,-28.87601],[-54.457394,-28.8862852],[-54.4352375,-28.8971441],[-54.4278268,-28.9129429]]]}},{"type":"Feature","properties":{"level":"municipio","municipality_code":"4304663","municipality_name":"Capão do Leão","uf":"RS","state_code":"43","area_km2":783.196},"geometry":{"type":"Polygon","coordinates":[[[-52.4297117,-31.7233895],[-52.3897012,-31.7826034],[-52.3770901,-31.7821422],[-52.3660789,-31.7925098],[-52.3912281,-31.8182016],[-52.3902176,-31.8538577],[-52.4078351,-31.8623671],[-52.3803282,-31.9103077],[-52.3902387,-31.9455638],[-52.4189575,-31.9692479],[-52.4183163,-32.0155193],[-52.4838074,-31.9889888],[-52.4973185,-31.9941822],[-52.5149629,-31.9728129],[-52.5062804,-31.9664763],[-52.515639,-31.9528235],[-52.5444294,-31.9558889],[-52.5571792,-31.9436327],[-52.5742149,-31.9485225],[-52.5839979,-31.9376084],[-52.6113953,-31.9354719],[-52.6116949,-31.9192892],[-52.6485247,-31.8992786],[-52.665313,-31.8999995],[-52.6632783,-31.8772871],[-52.7152036,-31.8338896],[-52.7235047,-31.8183477],[-52.7410879,-31.813326],[-52.7322764,-31.7965084],[-52.7440811,-31.789443],[-52.7460415,-31.7758674],[-52.7314602,-31.7575212],[-52.7365503,-31.7405709],[-52.6157137,-31.7285969],[-52.6048924,-31.7146193],[-52.6101239,-31.6950761],[-52.5945429,-31.6950993],[-52.5792925,-31.6818687],[-52.5344778,-31.6888282],[-52.5242612,-31.7046557],[-52.4760533,-31.7085469],[-52.4705349,-31.7188578],[-52.4297117,-31.7233895]]]}},{"type":"Feature","properties":{"level":"municipio","municipality_code":"4304705","municipality_name":"Carazinho","uf":"RS","state_code":"43","area_km2":666.694},"geometry":{"type":"Polygon","coordinates":[[[-52.8018157,-28.2195219],[-52.786225,-28.2336747],[-52.7850263,-28.2267769],[-52.7760622,-28.2273808],[-52.7785607,-28.2343338],[-52.7611276,-28.2406737],[-52.7553794,-28.2291804],[-52.7503455,-28.2328899],[-52.7448885,-28.222724],[-52.7249507,-28.2173222],[-52.7215493,-28.2045796],[-52.7131033,-28.2104014],[-52.7040579,-28.1973078],[-52.673781,-28.1859984],[-52.6683348,-28.1703081],[-52.6640489,-28.1758984],[-52.6444214,-28.1657685],[-52.6309266,-28.1711101],[-52.6377057,-28.1912807],[-52.6174598,-28.2040748],[-52.6117157,-28.1985593],[-52.6023111,-28.2271118],[-52.6267773,-28.2399],[-52.6283969,-28.2505432],[-52.6470113,-28.2580635],[-52.6489815,-28.2661333],[-52.6708818,-28.261358],[-52.6734648,-28.2702183],[-52.7086006,-28.287482],[-52.724789,-28.3504751],[-52.7582459,-28.3437286],[-52.7742622,-28.3708277],[-52.7985314,-28.3670903],[-52.81658,-28.3826624],[-52.8375976,-28.386333],[-52.9226824,-28.3727976],[-52.9376652,-28.3815207],[-52.9505322,-28.3560338],[-52.9473805,-28.3386141],[-52.9549825,-28.3338758],[-53.0025917,-28.3526883],[-53.0017316,-28.36793],[-53.0387289,-28.3749218],[-53.0234676,-28.3508913],[-53.0221202,-28.316351],[-53.0345795,-28.3174777],[-53.0411121,-28.3059727],[-53.0620251,-28.2937371],[-53.0681231,-28.2982313],[-53.0774566,-28.2821512],[-53.0920362,-28.2774917],[-53.1180581,-28.2895406],[-53.1183571,-28.2985511],[-53.1265723,-28.2838645],[-53.1307604,-28.2875563],[-53.1350459,-28.2861804],[-53.1254986,-28.2804011],[-53.1304611,-28.2675473],[-53.1208152,-28.2645839],[-53.1295771,-28.2605734],[-53.117425,-28.2621539],[-53.1206421,-28.2510315],[-53.0848901,-28.2603998],[-53.0806668,-28.268121],[-53.063571,-28.2420449],[-53.0473393,-28.2454354],[-53.0351892,-28.2248769],[-53.0242363,-28.2262942],[-53.0182026,-28.2088445],[-52.9853038,-28.1861084],[-52.9549128,-28.1838633],[-52.9635112,-28.1776489],[-52.959934,-28.1719577],[-52.9481613,-28.1736128],[-52.9383145,-28.1887861],[-52.9044971,-28.1776174],[-52.8926574,-28.2017294],[-52.8730843,-28.2141808],[-52.8822273,-28.2231315],[-52.8824467,-28.2457763],[-52.8644058,-28.2601362],[-52.8662312,-28.2468343],[-52.8555,-28.2508167],[-52.8402625,-28.2402152],[-52.8249817,-28.1956998],[-52.8079149,-28.1930173],[-52.8018157,-28.2195219]]]}},{"type":"Feature","properties":{"level":"municipio","municipality_code":"4304713","municipality_name":"Caraá","uf":"RS","state_code":"43","area_km2":294.606},"geometry":{"type":"Polygon","coordinates":[[[-50.3750098,-29.8610283],[-50.4342577,-29.8167329],[-50.4348266,-29.8056973],[-50.4845901,-29.7868774],[-50.4638617,-29.7840658],[-50.4672457,-29.7722145],[-50.4344951,-29.7510804],[-50.4104773,-29.7073647],[-50.3832567,-29.7192961],[-50.3586378,-29.7157672],[-50.3555101,-29.7033825],[-50.3361465,-29.6999952],[-50.3322163,-29.6829329],[-50.3155993,-29.6783903],[-50.3128246,-29.6853023],[-50.2773953,-29.6885977],[-50.2838031,-29.6959687],[-50.2739974,-29.7079773],[-50.2260636,-29.7102834],[-50.2302142,-29.7460409],[-50.2559139,-29.7571175],[-50.2537168,-29.8046855],[-50.2761677,-29.8347806],[-50.2781618,-29.857553],[-50.3029879,-29.8483061],[-50.3337922,-29.8539717],[-50.3557198,-29.8400084],[-50.3750098,-29.8610283]]]}},{"type":"Feature","properties":{"level":"municipio","municipality_code":"4304804","municipality_name":"Carlos Barbosa","uf":"RS","state_code":"43","area_km2":230.061},"geometry":{"type":"Polygon","coordinates":[[[-51.4387611,-29.2906841],[-51.3540482,-29.2909161],[-51.3505006,-29.3518571],[-51.5325584,-29.350459],[-51.5635044,-29.3580833],[-51.5609789,-29.3741772],[-51.57656,-29.3825852],[-51.5894428,-29.3755037],[-51.6168023,-29.377885],[-51.6093262,-29.3709819],[-51.6457501,-29.3712623],[-51.6464538,-29.3335429],[-51.6308805,-29.333303],[-51.6319117,-29.2934954],[-51.5456545,-29.2928123],[-51.54098,-29.2749488],[-51.4906209,-29.276448],[-51.4910915,-29.2602441],[-51.4726147,-29.2542493],[-51.4610957,-29.2549573],[-51.4590048,-29.2710467],[-51.4400392,-29.2706852],[-51.4387611,-29.2906841]]]}},{"type":"Feature","properties":{"level":"municipio","municipality_code":"4304853","municipality_name":"Carlos Gomes","uf":"RS","state_code":"43","area_km2":83.196},"geometry":{"type":"Polygon","coordinates":[[[-51.9625607,-27.7293547],[-51.9825529,-27.7265025],[-51.9743159,-27.6724643],[-51.9107831,-27.6502935],[-51.89607,-27.6521199],[-51.8878185,-27.6644994],[-51.8933407,-27.6786326],[-51.8749416,-27.6908821],[-51.8937454,-27.6998706],[-51.8794922,-27.7188519],[-51.9001123,-27.7120358],[-51.8879617,-27.7240228],[-51.8999967,-27.7309075],[-51.8958095,-27.7380439],[-51.9064604,-27.7558457],[-51.9664173,-27.7496509],[-51.9625607,-27.7293547]]]}},{"type":"Feature","properties":{"level":"municipio","municipality_code":"4304903","municipality_name":"Casca","uf":"RS","state_code":"43","area_km2":272.041},"geometry":{"type":"Polygon","coordinates":[[[-51.9943679,-28.6725012],[-51.9964699,-28.6104894],[-52.0929839,-28.6159208],[-52.0971211,-28.5407385],[-52.0734619,-28.5328743],[-52.0675358,-28.5462176],[-52.0351523,-28.5459298],[-52.0349176,-28.5371589],[-52.0198043,-28.5370153],[-52.0197829,-28.5280527],[-51.9604129,-28.5260976],[-51.9605005,-28.5206419],[-51.9253739,-28.520417],[-51.9221878,-28.509384],[-51.910039,-28.5115772],[-51.9074276,-28.5223391],[-51.9242541,-28.5363666],[-51.9114713,-28.5402377],[-51.9158131,-28.5616369],[-51.8930592,-28.5633629],[-51.8899286,-28.5743579],[-51.8755661,-28.5800255],[-51.8637539,-28.5819011],[-51.8578829,-28.5726989],[-51.856691,-28.5964201],[-51.8715599,-28.5942007],[-51.8672462,-28.6130902],[-51.8558001,-28.6058069],[-51.8482549,-28.6099417],[-51.8631325,-28.6354598],[-51.838645,-28.6508],[-51.8600702,-28.6571382],[-51.8481537,-28.6634722],[-51.9943679,-28.6725012]]]}},{"type":"Feature","properties":{"level":"municipio","municipality_code":"4304952","municipality_name":"Caseiros","uf":"RS","state_code":"43","area_km2":235.649},"geometry":{"type":"Polygon","coordinates":[[[-51.6654923,-28.3239036],[-51.7488286,-28.3080273],[-51.7469057,-28.2958644],[-51.7582987,-28.2882437],[-51.8215495,-28.2979562],[-51.8104107,-28.242401],[-51.8816138,-28.2607864],[-51.9030252,-28.2562258],[-51.9150995,-28.2371355],[-51.9044114,-28.2218754],[-51.9080772,-28.2132109],[-51.8926144,-28.2099502],[-51.8841055,-28.227048],[-51.8504361,-28.2345265],[-51.8465041,-28.2469292],[-51.7985016,-28.2129049],[-51.7972462,-28.1968802],[-51.7905387,-28.1941352],[-51.7809,-28.2055924],[-51.738945,-28.2144337],[-51.7279181,-28.207144],[-51.7376957,-28.2035096],[-51.7316996,-28.1843708],[-51.7191922,-28.1960091],[-51.6929323,-28.1910837],[-51.6931988,-28.1759382],[-51.7046278,-28.1609152],[-51.6937485,-28.1499657],[-51.6515447,-28.1809131],[-51.6500968,-28.1867111],[-51.6623351,-28.1864876],[-51.6695291,-28.2061243],[-51.6523731,-28.2124377],[-51.6468416,-28.231347],[-51.637437,-28.2362474],[-51.6273813,-28.2794024],[-51.6654923,-28.3239036]]]}},{"type":"Feature","properties":{"level":"municipio","municipality_code":"4305009","municipality_name":"Catuípe","uf":"RS","state_code":"43","area_km2":583.18},"geometry":{"type":"Polygon","coordinates":[[[-53.9928103,-28.0461561],[-53.9741673,-28.066393],[-53.9285597,-28.0618199],[-53.9045253,-28.082758],[-53.9100176,-28.1153963],[-53.9311591,-28.1186597],[-53.9129451,-28.1563522],[-53.9238803,-28.2375154],[-53.9535973,-28.2260446],[-53.9686258,-28.2667722],[-53.9669061,-28.2908388],[-53.9929402,-28.2827623],[-54.0044198,-28.3062554],[-54.017258,-28.3061245],[-54.0129826,-28.2857991],[-54.0357536,-28.2756627],[-54.0451032,-28.2923747],[-54.0664178,-28.2999564],[-54.0756777,-28.3141488],[-54.0649775,-28.317021],[-54.0646621,-28.3265606],[-54.0734446,-28.3303035],[-54.0665641,-28.3419075],[-54.0888721,-28.3387625],[-54.0863551,-28.35956],[-54.1123642,-28.3361083],[-54.11362,-28.3464187],[-54.0944325,-28.3588888],[-54.0965117,-28.367426],[-54.1142654,-28.3613871],[-54.126345,-28.3454233],[-54.1348031,-28.3644736],[-54.1537449,-28.3674688],[-54.1527945,-28.3494109],[-54.129133,-28.3419445],[-54.1455782,-28.3306462],[-54.1381358,-28.3218951],[-54.1312339,-28.3247785],[-54.1359498,-28.3076775],[-54.1235592,-28.3051826],[-54.1299056,-28.2856874],[-54.12462,-28.2766708],[-54.1195496,-28.2843903],[-54.11376,-28.2731955],[-54.1012124,-28.2766649],[-54.1087369,-28.2598297],[-54.1033588,-28.2574418],[-54.1176437,-28.2503208],[-54.1070453,-28.2314021],[-54.1307218,-28.1926152],[-54.1268001,-28.1852432],[-54.1517835,-28.1577892],[-54.1777525,-28.1555075],[-54.1801874,-28.1382054],[-54.1221151,-28.114904],[-54.0690529,-28.1078314],[-54.0823153,-28.0666649],[-54.0724837,-28.0596203],[-54.0753004,-28.0538617],[-54.139936,-28.0187059],[-54.0939794,-28.0087258],[-54.0896913,-27.9933485],[-54.0599931,-28.0216242],[-54.0328777,-27.9842138],[-54.0132458,-28.0035119],[-54.0192208,-28.0065656],[-54.0041937,-28.0294384],[-53.9891757,-28.0375663],[-53.9928103,-28.0461561]]]}},{"type":"Feature","properties":{"level":"municipio","municipality_code":"4305108","municipality_name":"Caxias do Sul","uf":"RS","state_code":"43","area_km2":1652.32},"geometry":{"type":"Polygon","coordinates":[[[-51.1830918,-29.09104],[-51.1114055,-29.0802525],[-51.1120781,-29.032656],[-51.1063379,-29.0340165],[-51.1104023,-29.0417695],[-51.072037,-29.0326932],[-51.0621257,-29.0388675],[-51.0563931,-29.0309478],[-51.0328322,-29.0336188],[-51.0361599,-29.0259872],[-51.0157379,-29.0250154],[-51.0120652,-29.0171947],[-51.0070019,-29.0265243],[-50.9998892,-29.0203676],[-50.9857562,-29.0253826],[-50.9697772,-29.0116686],[-50.9185667,-29.0253797],[-50.9218172,-29.0035991],[-50.9372819,-28.9992162],[-50.9574784,-28.9609858],[-50.975924,-28.9477506],[-51.0553938,-28.9178343],[-51.0738465,-28.8870078],[-51.0870495,-28.8809912],[-51.1227918,-28.8810145],[-51.1086474,-28.8684839],[-51.114916,-28.8551686],[-51.104199,-28.8446047],[-51.0900217,-28.8419194],[-51.0722049,-28.8624802],[-51.0482398,-28.8622993],[-51.041972,-28.8352551],[-51.01765,-28.8416206],[-50.9997901,-28.8190657],[-50.9775368,-28.8151746],[-50.9612824,-28.7945063],[-50.931449,-28.8075246],[-50.9141896,-28.80177],[-50.8906712,-28.8063192],[-50.8838334,-28.841247],[-50.8414629,-28.8298344],[-50.837763,-28.8364281],[-50.8200713,-28.8367106],[-50.8275355,-28.8557993],[-50.821017,-28.8673625],[-50.7944864,-28.8742732],[-50.7993483,-28.8864949],[-50.810233,-28.8846988],[-50.8202763,-28.8936367],[-50.8058384,-28.8966611],[-50.8120053,-28.9034451],[-50.8055606,-28.90915],[-50.810596,-28.9299551],[-50.7869815,-28.9413708],[-50.8027381,-28.9534575],[-50.8161258,-28.9521265],[-50.8103324,-28.9590203],[-50.8186793,-28.9673872],[-50.8005209,-28.9638194],[-50.7914079,-28.9791837],[-50.7837718,-28.9791653],[-50.786638,-29.0096643],[-50.7949189,-29.0101927],[-50.7992349,-29.0253809],[-50.8151362,-29.028471],[-50.8304484,-29.0646798],[-50.8925913,-29.066688],[-50.9084631,-29.0750277],[-50.9377382,-29.0695767],[-50.9442313,-29.0713205],[-50.9409546,-29.0799172],[-50.9146547,-29.0803602],[-50.9024706,-29.0903373],[-50.90264,-29.0989174],[-50.9109096,-29.1077788],[-50.9148151,-29.1183705],[-50.9143418,-29.1193354],[-50.8545305,-29.1195257],[-50.8410156,-29.1279512],[-50.837873,-29.1414105],[-50.8449367,-29.1590382],[-50.8346346,-29.1822911],[-50.8596543,-29.2254421],[-50.8592673,-29.2475897],[-50.8898277,-29.2875348],[-50.9097075,-29.2876605],[-50.9076799,-29.3024151],[-50.9196847,-29.3081851],[-50.9266474,-29.2902238],[-50.9411806,-29.2833699],[-50.9494667,-29.2890691],[-50.9488761,-29.312542],[-50.9727916,-29.2975572],[-50.9872621,-29.3068623],[-50.9860116,-29.3209477],[-51.0010575,-29.3174954],[-50.998095,-29.304306],[-51.0089372,-29.3082571],[-51.0306763,-29.2936705],[-51.0490953,-29.3077082],[-51.0698846,-29.2917037],[-51.0886247,-29.2909419],[-51.0998207,-29.3176496],[-51.1190148,-29.3083321],[-51.1420407,-29.3424157],[-51.1788082,-29.3250215],[-51.2122985,-29.3585712],[-51.2374676,-29.3416477],[-51.2165229,-29.3366523],[-51.2667024,-29.29509],[-51.265746,-29.2458903],[-51.2886949,-29.2454081],[-51.2935065,-29.1133722],[-51.2817255,-29.1086591],[-51.3100216,-29.0892822],[-51.1830918,-29.09104]]]}},{"type":"Feature","properties":{"level":"municipio","municipality_code":"4302808","municipality_name":"Caçapava do Sul","uf":"RS","state_code":"43","area_km2":3048.147},"geometry":{"type":"Polygon","coordinates":[[[-53.4822131,-30.9593434],[-53.4967063,-30.9614652],[-53.5021823,-30.9398829],[-53.5122469,-30.9442109],[-53.5186282,-30.9341979],[-53.5272938,-30.9534045],[-53.5422282,-30.953672],[-53.5461511,-30.9485095],[-53.5317586,-30.9430826],[-53.5587787,-30.9413962],[-53.5428431,-30.9273894],[-53.5636116,-30.9316264],[-53.5738447,-30.9080247],[-53.586357,-30.9235628],[-53.6006291,-30.9202181],[-53.5880216,-30.8966968],[-53.6098854,-30.8976612],[-53.5978401,-30.8846432],[-53.6006124,-30.8576947],[-53.6604006,-30.8714544],[-53.651838,-30.8623641],[-53.6522711,-30.8405474],[-53.6723973,-30.8423488],[-53.6910239,-30.8259245],[-53.6844552,-30.8127082],[-53.7011199,-30.8159497],[-53.7071427,-30.8010952],[-53.7221943,-30.7867137],[-53.7374005,-30.784863],[-53.7452796,-30.7727154],[-53.7608296,-30.7760986],[-53.7723539,-30.7996873],[-53.8051884,-30.7879068],[-53.8035387,-30.765323],[-53.8214689,-30.7489362],[-53.803895,-30.7291815],[-53.812475,-30.7100863],[-53.7972575,-30.7056933],[-53.8002995,-30.6488149],[-53.7875016,-30.6388112],[-53.8037325,-30.6329728],[-53.7926716,-30.6236397],[-53.7921505,-30.6321998],[-53.7790913,-30.6297753],[-53.7827343,-30.6239148],[-53.7743383,-30.620683],[-53.7825251,-30.6204228],[-53.7773694,-30.6155829],[-53.787013,-30.6070976],[-53.773012,-30.6066869],[-53.7538119,-30.5776811],[-53.7382179,-30.5699529],[-53.7361971,-30.5489841],[-53.7489736,-30.5331465],[-53.7420482,-30.5260566],[-53.7451865,-30.5137131],[-53.7264413,-30.4882615],[-53.7117749,-30.4830234],[-53.7205898,-30.4550589],[-53.7101541,-30.4514497],[-53.7198662,-30.4481424],[-53.7131404,-30.4318064],[-53.7213875,-30.4224314],[-53.7080094,-30.4199657],[-53.7166578,-30.4112801],[-53.7158982,-30.3968693],[-53.6925771,-30.4222648],[-53.6559506,-30.4323113],[-53.6343518,-30.3942996],[-53.6140435,-30.3778142],[-53.5477038,-30.3630155],[-53.5467434,-30.3928172],[-53.52759,-30.4032137],[-53.5165806,-30.3971542],[-53.4606813,-30.3189423],[-53.4696178,-30.3122532],[-53.4624998,-30.3010434],[-53.485391,-30.2903542],[-53.4837074,-30.283741],[-53.4730731,-30.2857274],[-53.4665092,-30.2622829],[-53.4198065,-30.2303189],[-53.4141964,-30.2114538],[-53.3838912,-30.2100818],[-53.3825176,-30.2003468],[-53.3525835,-30.1804503],[-53.3509813,-30.1709601],[-53.3408053,-30.1699379],[-53.3427943,-30.1623057],[-53.3307628,-30.1484111],[-53.3033092,-30.1388049],[-53.3069153,-30.1727228],[-53.3518469,-30.2484976],[-53.3427236,-30.2949131],[-53.3331459,-30.3074507],[-53.3365451,-30.3187911],[-53.2680451,-30.3452996],[-53.2230951,-30.3265652],[-53.2164521,-30.2977279],[-53.2090657,-30.2968635],[-53.1992674,-30.3131701],[-53.180501,-30.3128474],[-53.1789374,-30.3277947],[-53.1888756,-30.3393979],[-53.1699385,-30.3497099],[-53.1773534,-30.3585468],[-53.1704925,-30.3737914],[-53.1795878,-30.3799743],[-53.1768021,-30.3943058],[-53.1986218,-30.3994251],[-53.1886958,-30.4113063],[-53.2157458,-30.4440174],[-53.213928,-30.4645768],[-53.2314402,-30.4692651],[-53.2156259,-30.5198239],[-53.2334094,-30.5207145],[-53.2439487,-30.5321868],[-53.227246,-30.5424552],[-53.2341729,-30.5587418],[-53.2275311,-30.5703172],[-53.2497208,-30.574529],[-53.2335135,-30.6008092],[-53.2391188,-30.6083144],[-53.2313612,-30.6058948],[-53.2324127,-30.6139456],[-53.2273862,-30.6098002],[-53.2216591,-30.6185396],[-53.2129355,-30.6122805],[-53.2085995,-30.6168255],[-53.2194145,-30.6259022],[-53.187978,-30.6415851],[-53.1975125,-30.6444509],[-53.1872316,-30.6515942],[-53.1905269,-30.6766613],[-53.2007627,-30.6792074],[-53.1804153,-30.6937537],[-53.1958732,-30.6955569],[-53.1824871,-30.7116637],[-53.1935036,-30.7150914],[-53.1906905,-30.7231326],[-53.2127419,-30.7282131],[-53.208001,-30.7344845],[-53.2160986,-30.7685819],[-53.2374075,-30.7813222],[-53.2727923,-30.7824509],[-53.2883278,-30.766603],[-53.3043137,-30.780654],[-53.3307813,-30.7756274],[-53.3498742,-30.783055],[-53.3587139,-30.774999],[-53.3897507,-30.7798076],[-53.393603,-30.7992557],[-53.4042825,-30.7959745],[-53.4135937,-30.8051766],[-53.4076988,-30.8104029],[-53.4200173,-30.817785],[-53.4087619,-30.8245142],[-53.4155991,-30.8324942],[-53.4083002,-30.8373256],[-53.4117547,-30.8448518],[-53.4257445,-30.8411971],[-53.4181757,-30.8760746],[-53.4324698,-30.8850543],[-53.4231411,-30.8904376],[-53.4319223,-30.8959624],[-53.4127401,-30.9131183],[-53.421393,-30.9199033],[-53.4083606,-30.9232435],[-53.4130313,-30.9435199],[-53.422483,-30.9503609],[-53.4118287,-30.9612796],[-53.4175806,-30.9647783],[-53.4357386,-30.9497966],[-53.4524534,-30.9682411],[-53.4638214,-30.9561684],[-53.4562596,-30.9469532],[-53.4609697,-30.9445548],[-53.4764765,-30.9499157],[-53.4703355,-30.9556081],[-53.4750246,-30.9666454],[-53.4820506,-30.9673439],[-53.4822131,-30.9593434]]]}},{"type":"Feature","properties":{"level":"municipio","municipality_code":"4305116","municipality_name":"Centenário","uf":"RS","state_code":"43","area_km2":134.78},"geometry":{"type":"Polygon","coordinates":[[[-51.9625641,-27.7293754],[-51.9664173,-27.7496509],[-51.9268779,-27.7492013],[-51.9282725,-27.7586619],[-51.9106825,-27.7813268],[-51.9294387,-27.766567],[-51.9306226,-27.7875352],[-51.952147,-27.7890383],[-51.9385694,-27.8145867],[-51.9616931,-27.8133638],[-51.9533569,-27.8297613],[-51.9737173,-27.8178466],[-51.983099,-27.8255013],[-51.9968151,-27.8178848],[-52.0054564,-27.8294855],[-52.0164798,-27.8190314],[-52.0281623,-27.817855],[-52.0275823,-27.8257422],[-52.0545886,-27.8158424],[-52.051661,-27.8257969],[-52.0609172,-27.8311164],[-52.0700332,-27.8242815],[-52.0586264,-27.8236876],[-52.0705119,-27.8121723],[-52.0826754,-27.8185316],[-52.0854264,-27.8013405],[-52.0720744,-27.7969451],[-52.0752302,-27.7691779],[-52.0579179,-27.7697364],[-52.0069,-27.694954],[-51.9825529,-27.7265025],[-51.9625641,-27.7293754]]]}},{"type":"Feature","properties":{"level":"municipio","municipality_code":"4305124","municipality_name":"Cerrito","uf":"RS","state_code":"43","area_km2":451.699},"geometry":{"type":"Polygon","coordinates":[[[-52.8035288,-31.8598392],[-52.8123532,-31.8639086],[-52.839931,-31.8490488],[-52.8665638,-31.8075678],[-52.8930433,-31.8034804],[-52.8841959,-31.783575],[-52.8716723,-31.7794067],[-52.867907,-31.7582781],[-52.8882899,-31.7509619],[-52.8988882,-31.731865],[-52.9001721,-31.719656],[-52.8894702,-31.7061789],[-52.8977258,-31.68982],[-52.8890201,-31.6798537],[-52.9037159,-31.6708871],[-52.8782142,-31.6311093],[-52.8905555,-31.6198698],[-52.8799858,-31.60791],[-52.8575562,-31.6051512],[-52.8566509,-31.5954073],[-52.8003358,-31.6106308],[-52.7329856,-31.6019764],[-52.7101217,-31.6097121],[-52.7146085,-31.6169742],[-52.6988146,-31.6367235],[-52.7094239,-31.6645217],[-52.7002788,-31.6727891],[-52.7037105,-31.6941939],[-52.7139282,-31.698606],[-52.7117622,-31.7112195],[-52.7369984,-31.7359394],[-52.7314602,-31.7575212],[-52.7460415,-31.7758674],[-52.7440811,-31.789443],[-52.7322764,-31.7965084],[-52.7410879,-31.813326],[-52.7235047,-31.8183477],[-52.7152036,-31.8338896],[-52.6632783,-31.8772871],[-52.6621451,-31.8974747],[-52.7076207,-31.8698562],[-52.7736059,-31.8733411],[-52.8035288,-31.8598392]]]}},{"type":"Feature","properties":{"level":"municipio","municipality_code":"4305132","municipality_name":"Cerro Branco","uf":"RS","state_code":"43","area_km2":158.025},"geometry":{"type":"Polygon","coordinates":[[[-52.9733211,-29.6992172],[-53.0031655,-29.7000737],[-53.0209084,-29.690651],[-53.0087843,-29.6697081],[-53.0136992,-29.6567834],[-53.0366589,-29.6574244],[-53.0401875,-29.6740117],[-53.0419781,-29.6753404],[-53.0431283,-29.6574367],[-53.0557318,-29.6545103],[-53.0443628,-29.6338105],[-53.0612523,-29.6048406],[-53.0581113,-29.5689944],[-53.0486721,-29.5547753],[-53.028481,-29.5539609],[-53.0345948,-29.5345946],[-53.0215512,-29.5309697],[-53.0046271,-29.5501954],[-52.9860199,-29.5511329],[-52.9652423,-29.5681022],[-52.9718601,-29.5762768],[-52.957806,-29.5902195],[-52.9587626,-29.6155682],[-52.9306207,-29.6595475],[-52.9356528,-29.6934549],[-52.9249085,-29.7035615],[-52.9320017,-29.7214704],[-52.9733211,-29.6992172]]]}},{"type":"Feature","properties":{"level":"municipio","municipality_code":"4305157","municipality_name":"Cerro Grande","uf":"RS","state_code":"43","area_km2":73.438},"geometry":{"type":"Polygon","coordinates":[[[-53.1187008,-27.5885017],[-53.1011272,-27.6073142],[-53.1037008,-27.6154746],[-53.1228399,-27.6217582],[-53.0939717,-27.6441712],[-53.1132734,-27.6502028],[-53.1162328,-27.6426139],[-53.12968,-27.6456794],[-53.1610856,-27.6641566],[-53.1699796,-27.6585171],[-53.1767347,-27.6702709],[-53.2180127,-27.6571784],[-53.2203595,-27.6422349],[-53.2062892,-27.6000795],[-53.1952856,-27.6040831],[-53.1909355,-27.5885353],[-53.161251,-27.5916916],[-53.1479554,-27.6052418],[-53.1187008,-27.5885017]]]}},{"type":"Feature","properties":{"level":"municipio","municipality_code":"4305173","municipality_name":"Cerro Grande do Sul","uf":"RS","state_code":"43","area_km2":324.908},"geometry":{"type":"Polygon","coordinates":[[[-51.7510946,-30.6545405],[-51.8031747,-30.6285433],[-51.8129404,-30.6456534],[-51.8246817,-30.6495887],[-51.8294974,-30.6391716],[-51.8471755,-30.636699],[-51.8516666,-30.6156174],[-51.8828749,-30.6089675],[-51.8815158,-30.5935909],[-51.8924692,-30.591316],[-51.8983039,-30.5716959],[-51.7670307,-30.4668122],[-51.7664795,-30.4925435],[-51.749388,-30.535255],[-51.7200557,-30.524824],[-51.6981548,-30.5284866],[-51.6790091,-30.5090003],[-51.658708,-30.5136894],[-51.6557772,-30.5290294],[-51.6550689,-30.5679768],[-51.6656609,-30.5701552],[-51.656387,-30.5847839],[-51.6632653,-30.5882626],[-51.6591213,-30.6032962],[-51.6487526,-30.6136622],[-51.6568549,-30.6276288],[-51.6531666,-30.6391764],[-51.6666255,-30.6417764],[-51.676429,-30.6549699],[-51.6853525,-30.683018],[-51.6971978,-30.6904191],[-51.7113824,-30.680572],[-51.7437107,-30.6817359],[-51.7510946,-30.6545405]]]}},{"type":"Feature","properties":{"level":"municipio","municipality_code":"4305207","municipality_name":"Cerro Largo","uf":"RS","state_code":"43","area_km2":176.742},"geometry":{"type":"Polygon","coordinates":[[[-54.733667,-28.1790673],[-54.76916,-28.1864019],[-54.7707632,-28.1583592],[-54.7788206,-28.152729],[-54.7827024,-28.1712855],[-54.7952815,-28.1768622],[-54.7952805,-28.1267988],[-54.8055372,-28.1267641],[-54.8079735,-28.0491602],[-54.7992416,-28.0416374],[-54.7934881,-28.0420072],[-54.7945579,-28.0537109],[-54.7839011,-28.0504317],[-54.7838756,-28.0431212],[-54.7502203,-28.0429412],[-54.7580795,-28.0587375],[-54.7477689,-28.0690816],[-54.7308955,-28.055799],[-54.7241465,-28.0634359],[-54.7113085,-28.0573913],[-54.7106924,-28.0677221],[-54.6967573,-28.0675424],[-54.6954291,-28.1599458],[-54.6344615,-28.2017489],[-54.6344269,-28.2074279],[-54.6625166,-28.1952789],[-54.674281,-28.2273501],[-54.6947256,-28.1996599],[-54.6902066,-28.2284114],[-54.7009825,-28.2356825],[-54.7124031,-28.2060358],[-54.7449927,-28.209661],[-54.733667,-28.1790673]]]}},{"type":"Feature","properties":{"level":"municipio","municipality_code":"4305306","municipality_name":"Chapada","uf":"RS","state_code":"43","area_km2":684.247},"geometry":{"type":"Polygon","coordinates":[[[-53.0095967,-28.0439929],[-53.0090059,-28.0656089],[-52.9945166,-28.0576095],[-53.0005677,-28.0698571],[-52.9841358,-28.068863],[-52.9824939,-28.0776012],[-53.0064637,-28.0759993],[-53.0009567,-28.0802704],[-53.0050849,-28.0886131],[-53.0173646,-28.0867869],[-53.0102472,-28.0932169],[-53.0231438,-28.1054648],[-53.0088055,-28.102389],[-53.0092769,-28.1211949],[-53.0015926,-28.1065521],[-52.9902979,-28.1309247],[-52.9719046,-28.1244604],[-52.9713592,-28.1354288],[-52.9788367,-28.1333264],[-52.9752701,-28.1619613],[-52.9829456,-28.1690471],[-52.9549128,-28.1838633],[-52.9853038,-28.1861084],[-53.0182026,-28.2088445],[-53.0242363,-28.2262942],[-53.0351892,-28.2248769],[-53.0473393,-28.2454354],[-53.063571,-28.2420449],[-53.0806668,-28.268121],[-53.0848901,-28.2603998],[-53.1440919,-28.2443375],[-53.1678229,-28.2078421],[-53.1829457,-28.2043494],[-53.1846421,-28.1842979],[-53.2017924,-28.1647903],[-53.1968732,-28.159355],[-53.2233526,-28.1464216],[-53.2555558,-28.1643558],[-53.2491606,-28.1422867],[-53.2763211,-28.1112372],[-53.2877847,-28.110153],[-53.3017192,-28.0808993],[-53.2626348,-28.0820547],[-53.2472711,-28.0715929],[-53.2271731,-28.0795903],[-53.1937765,-28.0661983],[-53.1910308,-28.0451367],[-53.2352431,-28.031894],[-53.2439538,-28.0084205],[-53.1926304,-27.9937854],[-53.1771308,-27.9611379],[-53.1562702,-27.9433279],[-53.1236729,-27.9395873],[-53.1088739,-27.9295957],[-53.0884519,-27.933952],[-53.078312,-27.9208416],[-53.0674635,-27.92893],[-53.0701385,-27.9427191],[-53.0344433,-27.9537814],[-53.0333119,-27.9644329],[-53.0585785,-27.9563412],[-53.0313965,-27.9908992],[-53.0310532,-28.0039296],[-53.022009,-28.0038727],[-53.0164946,-28.037584],[-53.0260992,-28.0435515],[-53.0095967,-28.0439929]]]}},{"type":"Feature","properties":{"level":"municipio","municipality_code":"4305355","municipality_name":"Charqueadas","uf":"RS","state_code":"43","area_km2":217.362},"geometry":{"type":"Polygon","coordinates":[[[-51.6535639,-29.9545807],[-51.5384978,-29.9283029],[-51.507026,-29.9274944],[-51.4622282,-29.9490105],[-51.4347922,-29.9831761],[-51.4468229,-30.0104265],[-51.4898972,-30.0355906],[-51.5256274,-30.0384138],[-51.541058,-30.0493574],[-51.5715585,-30.034784],[-51.5738986,-30.0225215],[-51.5886852,-30.0207781],[-51.5940161,-30.010722],[-51.611296,-30.020253],[-51.6029447,-30.0322037],[-51.6141122,-30.0482495],[-51.6254775,-30.050922],[-51.6205217,-30.0611053],[-51.6302598,-30.0633568],[-51.6368381,-30.0537023],[-51.6611847,-30.0476904],[-51.6652545,-30.0303207],[-51.6827712,-30.0181676],[-51.6369533,-29.9765854],[-51.6535639,-29.9545807]]]}},{"type":"Feature","properties":{"level":"municipio","municipality_code":"4305371","municipality_name":"Charrua","uf":"RS","state_code":"43","area_km2":198.748},"geometry":{"type":"Polygon","coordinates":[[[-51.9404371,-27.9020229],[-51.9255564,-27.9051681],[-51.9220594,-27.914006],[-51.9202919,-27.9235401],[-51.930772,-27.9323277],[-51.9106435,-27.9323424],[-51.9184475,-27.9368065],[-51.9079298,-27.9636298],[-51.9272686,-27.9667357],[-51.912223,-27.9757353],[-51.9220232,-27.9776759],[-51.9093704,-27.9905485],[-51.9326253,-27.9909974],[-51.9339236,-27.9997359],[-51.9436062,-28.0015227],[-51.962835,-27.9812033],[-51.9775287,-27.9980557],[-51.9679336,-28.0036216],[-51.9721106,-28.0119893],[-51.9944706,-28.0142801],[-52.0068564,-28.0044148],[-52.064834,-27.9933678],[-52.0894994,-27.9779242],[-52.0972627,-27.9512884],[-52.0876399,-27.9427535],[-52.0946139,-27.9287787],[-52.087096,-27.9242173],[-52.0803185,-27.9335933],[-52.0689605,-27.9319594],[-52.0700754,-27.923737],[-52.0817986,-27.9222558],[-52.0834124,-27.9072786],[-52.0678986,-27.9126406],[-52.065546,-27.894749],[-52.0512165,-27.9066527],[-52.0497939,-27.8957502],[-52.0615735,-27.8928702],[-52.0576728,-27.8827283],[-52.0175539,-27.8812545],[-52.0060687,-27.8902829],[-51.9383363,-27.8845196],[-51.9282998,-27.8898421],[-51.9307418,-27.8974722],[-51.9176079,-27.8977994],[-51.9404371,-27.9020229]]]}},{"type":"Feature","properties":{"level":"municipio","municipality_code":"4305405","municipality_name":"Chiapetta","uf":"RS","state_code":"43","area_km2":397.179},"geometry":{"type":"Polygon","coordinates":[[[-53.9940532,-28.0312112],[-54.0041937,-28.0294384],[-54.0192208,-28.0065656],[-54.0132458,-28.0035119],[-54.0344552,-27.9844611],[-54.0197233,-27.9674244],[-54.0293961,-27.9403682],[-54.0178321,-27.9233728],[-53.9989859,-27.916892],[-53.9754413,-27.8840631],[-53.9730932,-27.8690951],[-53.9533769,-27.8515488],[-53.9500052,-27.8577194],[-53.9426066,-27.8530023],[-53.9325609,-27.8688553],[-53.920065,-27.8668437],[-53.9202959,-27.8822077],[-53.90713,-27.883976],[-53.887272,-27.9162825],[-53.8643276,-27.9255912],[-53.8446162,-27.947301],[-53.8472193,-27.9542125],[-53.8111993,-27.9810002],[-53.7490439,-27.9925814],[-53.7580449,-28.0183033],[-53.7793912,-28.0418043],[-53.8334065,-28.0630959],[-53.841412,-28.0735876],[-53.8682051,-28.0788522],[-53.8789316,-28.0988638],[-53.9100176,-28.1153963],[-53.9045253,-28.082758],[-53.9148557,-28.0705848],[-53.9285597,-28.0618199],[-53.9816174,-28.0632269],[-53.9929067,-28.0485456],[-53.9940532,-28.0312112]]]}},{"type":"Feature","properties":{"level":"municipio","municipality_code":"4305447","municipality_name":"Chuvisca","uf":"RS","state_code":"43","area_km2":220.471},"geometry":{"type":"Polygon","coordinates":[[[-51.9562341,-30.6763544],[-51.937022,-30.7121234],[-51.9410632,-30.7391642],[-51.9183375,-30.7526683],[-51.9279708,-30.7818034],[-51.9374862,-30.7823085],[-51.9509032,-30.8006483],[-51.9367237,-30.8151105],[-51.9413159,-30.8255729],[-51.9327949,-30.8432883],[-51.9892352,-30.8436977],[-51.9896543,-30.8524238],[-52.0240446,-30.8551027],[-52.055142,-30.8739208],[-52.0688041,-30.862813],[-52.0620338,-30.8523744],[-52.0980483,-30.8405498],[-52.1019669,-30.8325772],[-52.088139,-30.7890134],[-52.0757385,-30.7821544],[-52.0657808,-30.7433601],[-52.0182228,-30.729647],[-52.0005017,-30.7152938],[-51.9864431,-30.7170631],[-51.9828223,-30.698883],[-51.9980426,-30.67718],[-51.9957392,-30.6663083],[-51.9771253,-30.6610433],[-51.9562341,-30.6763544]]]}},{"type":"Feature","properties":{"level":"municipio","municipality_code":"4305439","municipality_name":"Chuí","uf":"RS","state_code":"43","area_km2":202.387},"geometry":{"type":"Polygon","coordinates":[[[-53.4400728,-33.6934331],[-53.5227777,-33.6892628],[-53.5047243,-33.6496319],[-53.4777738,-33.6159395],[-53.4141642,-33.5606396],[-53.4014178,-33.5659938],[-53.4037284,-33.5711109],[-53.3780089,-33.5769139],[-53.3827493,-33.5860014],[-53.3557395,-33.6102402],[-53.3583583,-33.6159927],[-53.3004532,-33.6617782],[-53.42198,-33.7437928],[-53.4310511,-33.7393548],[-53.4400728,-33.6934331]]]}},{"type":"Feature","properties":{"level":"municipio","municipality_code":"4305454","municipality_name":"Cidreira","uf":"RS","state_code":"43","area_km2":243.419},"geometry":{"type":"Polygon","coordinates":[[[-50.1703142,-30.097064],[-50.2240985,-30.2362627],[-50.2505387,-30.2282957],[-50.2569364,-30.1727553],[-50.280345,-30.1592195],[-50.2960688,-30.1598016],[-50.3072296,-30.1466299],[-50.3478709,-30.1598463],[-50.3942392,-30.1578921],[-50.3815329,-30.1377313],[-50.3874357,-30.1245543],[-50.3746321,-30.1125478],[-50.3637889,-30.0635119],[-50.3486935,-30.0532433],[-50.3345054,-30.0650644],[-50.3068394,-30.0673434],[-50.2735558,-30.0437833],[-50.2569758,-30.065297],[-50.2265214,-30.0538],[-50.2221883,-30.0605223],[-50.2203307,-30.0459873],[-50.1998079,-30.0404425],[-50.1864122,-30.0563074],[-50.2003243,-30.0755605],[-50.2079321,-30.0715403],[-50.2107013,-30.0833019],[-50.1703142,-30.097064]]]}},{"type":"Feature","properties":{"level":"municipio","municipality_code":"4305504","municipality_name":"Ciríaco","uf":"RS","state_code":"43","area_km2":274.35},"geometry":{"type":"Polygon","coordinates":[[[-51.9030252,-28.2562258],[-51.8575469,-28.2523143],[-51.8453973,-28.2610683],[-51.8320916,-28.2894993],[-51.8380579,-28.2969214],[-51.8338373,-28.3140976],[-51.8175545,-28.3384953],[-51.8276552,-28.3549612],[-51.8483675,-28.3567506],[-51.8495198,-28.3709423],[-51.8593934,-28.3682059],[-51.8667471,-28.3795552],[-51.8764541,-28.3779262],[-51.876124,-28.3892652],[-51.8943824,-28.3907292],[-51.9073324,-28.4116192],[-51.9027812,-28.4167374],[-51.9144602,-28.4471628],[-51.9018946,-28.4586675],[-51.9099238,-28.4668754],[-51.8988756,-28.4761309],[-51.9130475,-28.4730713],[-51.9123938,-28.4901564],[-51.920235,-28.4942001],[-51.930487,-28.4861268],[-51.9266583,-28.4764227],[-51.9567242,-28.4712789],[-51.9611728,-28.4540472],[-51.9910501,-28.4394334],[-51.9852016,-28.4375664],[-51.988397,-28.4274327],[-51.9755042,-28.3864567],[-51.9676983,-28.3819839],[-51.976132,-28.3441934],[-51.9637901,-28.3312103],[-51.9951348,-28.3234343],[-52.0199078,-28.3026468],[-51.9931625,-28.2899028],[-51.9716993,-28.2897981],[-51.9593235,-28.2553457],[-51.944851,-28.2436932],[-51.9137404,-28.2413055],[-51.9030252,-28.2562258]]]}},{"type":"Feature","properties":{"level":"municipio","municipality_code":"4305587","municipality_name":"Colinas","uf":"RS","state_code":"43","area_km2":60.732},"geometry":{"type":"Polygon","coordinates":[[[-51.8795126,-29.3747536],[-51.9089426,-29.3521325],[-51.8393184,-29.3436627],[-51.8393719,-29.354993],[-51.8621303,-29.3601431],[-51.8597693,-29.3683246],[-51.8461384,-29.3682648],[-51.8395869,-29.3800663],[-51.8075424,-29.3797088],[-51.7982594,-29.3897378],[-51.8423509,-29.4239608],[-51.9326767,-29.425606],[-51.9310891,-29.4172074],[-51.9496378,-29.4156906],[-51.923957,-29.3970311],[-51.9137803,-29.4007156],[-51.9196082,-29.4153651],[-51.9092632,-29.4167822],[-51.8750221,-29.3911324],[-51.8795126,-29.3747536]]]}},{"type":"Feature","properties":{"level":"municipio","municipality_code":"4305603","municipality_name":"Colorado","uf":"RS","state_code":"43","area_km2":286.295},"geometry":{"type":"Polygon","coordinates":[[[-53.0176999,-28.5675361],[-53.0316158,-28.5608016],[-53.0339564,-28.5459468],[-53.0439567,-28.5506101],[-53.0412855,-28.5360108],[-53.0530204,-28.5366599],[-53.0595391,-28.5108745],[-53.0791053,-28.4929709],[-53.0687526,-28.474953],[-53.0722239,-28.4674023],[-53.0469767,-28.4353117],[-53.0528009,-28.433387],[-53.0478908,-28.42501],[-53.0563019,-28.4184169],[-53.0576207,-28.3968572],[-53.040003,-28.3852304],[-53.0074844,-28.3840946],[-52.9901574,-28.3714329],[-53.0017316,-28.36793],[-53.0025917,-28.3526883],[-52.9549825,-28.3338758],[-52.9473805,-28.3386141],[-52.9505322,-28.3560338],[-52.924447,-28.4205376],[-52.9358249,-28.4287696],[-52.9332753,-28.4429894],[-52.9427242,-28.4456971],[-52.9349263,-28.4672715],[-52.9427721,-28.4729145],[-52.9461965,-28.4963111],[-52.9361937,-28.501924],[-52.9376791,-28.5101806],[-52.9236138,-28.5066124],[-52.9196906,-28.5210406],[-52.9264806,-28.5273979],[-52.9375211,-28.5242161],[-52.9142061,-28.5455669],[-52.9275361,-28.5536694],[-52.9159299,-28.5555311],[-52.9150792,-28.5689907],[-52.9207986,-28.5723787],[-52.9259439,-28.5650614],[-52.9320919,-28.5727753],[-52.9197437,-28.5786958],[-52.926954,-28.5846624],[-52.9589847,-28.5762923],[-53.0181284,-28.589218],[-53.0281727,-28.5794682],[-53.0176999,-28.5675361]]]}},{"type":"Feature","properties":{"level":"municipio","municipality_code":"4305702","municipality_name":"Condor","uf":"RS","state_code":"43","area_km2":463.568},"geometry":{"type":"Polygon","coordinates":[[[-53.5123673,-28.146127],[-53.5025319,-28.1481399],[-53.5056105,-28.1392911],[-53.4879021,-28.122939],[-53.4877567,-28.1010749],[-53.4679976,-28.0889075],[-53.4694599,-28.0820572],[-53.4357531,-28.0770267],[-53.4117888,-28.0874121],[-53.4176604,-28.1157576],[-53.4058741,-28.1225268],[-53.4029971,-28.136227],[-53.3529742,-28.1287462],[-53.349995,-28.1555337],[-53.3426353,-28.1591421],[-53.3461951,-28.1701529],[-53.3353842,-28.16635],[-53.3318515,-28.1741197],[-53.3155923,-28.177609],[-53.3110587,-28.2044407],[-53.3261953,-28.2172314],[-53.3312084,-28.2330896],[-53.3490031,-28.2347473],[-53.3505459,-28.243451],[-53.3783303,-28.2369175],[-53.3779962,-28.2453273],[-53.3819984,-28.2395689],[-53.3916329,-28.2461186],[-53.4118994,-28.2399714],[-53.4142686,-28.2456418],[-53.4164941,-28.2376784],[-53.4285361,-28.2425997],[-53.433562,-28.2375129],[-53.4451903,-28.2459227],[-53.4537265,-28.2342509],[-53.4658143,-28.2452303],[-53.4654266,-28.2328071],[-53.4732224,-28.2272205],[-53.4878144,-28.2341997],[-53.4964015,-28.2228149],[-53.4954603,-28.2294113],[-53.5138349,-28.2200401],[-53.5155107,-28.2293634],[-53.5200243,-28.2184579],[-53.5289342,-28.2260293],[-53.5265707,-28.2339315],[-53.5363249,-28.224508],[-53.5549324,-28.2388608],[-53.544954,-28.2447782],[-53.5603536,-28.2417575],[-53.557816,-28.2488784],[-53.5649021,-28.2529002],[-53.5709174,-28.2406584],[-53.5821592,-28.2492201],[-53.5929276,-28.236358],[-53.5971278,-28.2538056],[-53.6095285,-28.248652],[-53.6245994,-28.264537],[-53.6299466,-28.2560221],[-53.6356856,-28.2598568],[-53.6262752,-28.2731824],[-53.6394506,-28.2699832],[-53.6444162,-28.2508807],[-53.6354526,-28.2478767],[-53.6440452,-28.2400757],[-53.6343127,-28.2387771],[-53.6456028,-28.2258454],[-53.6376724,-28.2279936],[-53.6314505,-28.2117513],[-53.6217623,-28.2130576],[-53.6210058,-28.201992],[-53.6141218,-28.2032802],[-53.6237514,-28.191066],[-53.6183208,-28.1873668],[-53.6244738,-28.1588998],[-53.6168734,-28.1227525],[-53.6258197,-28.1115158],[-53.6227376,-28.0920911],[-53.589842,-28.0410886],[-53.5677372,-28.0410249],[-53.5572444,-28.0568917],[-53.5268428,-28.0658814],[-53.5402307,-28.0841651],[-53.5207668,-28.0990601],[-53.5123673,-28.146127]]]}},{"type":"Feature","properties":{"level":"municipio","municipality_code":"4305801","municipality_name":"Constantina","uf":"RS","state_code":"43","area_km2":203.614},"geometry":{"type":"Polygon","coordinates":[[[-53.010597,-27.7614483],[-53.0235217,-27.7630632],[-53.024595,-27.7264145],[-53.0360751,-27.7266945],[-53.0398347,-27.7050962],[-53.069336,-27.6928481],[-53.0735163,-27.6698341],[-53.1034156,-27.6667444],[-53.113298,-27.6486536],[-53.1005298,-27.6464499],[-53.0968018,-27.6572782],[-53.0843235,-27.6520638],[-53.0800009,-27.6585059],[-53.0611829,-27.6359854],[-53.0528766,-27.6540173],[-53.0503411,-27.6373454],[-52.9990149,-27.6098052],[-52.9728475,-27.6391203],[-52.9689042,-27.6291122],[-52.951551,-27.6257491],[-52.9464628,-27.5882484],[-52.9384184,-27.5985703],[-52.9288387,-27.5946257],[-52.9298933,-27.6022261],[-52.9187944,-27.609088],[-52.9391059,-27.6360312],[-52.908002,-27.6499446],[-52.9018209,-27.6673015],[-52.9333163,-27.6839047],[-52.9473873,-27.6791335],[-52.9491374,-27.6878713],[-52.9571839,-27.6742096],[-52.9663686,-27.6792764],[-52.9555906,-27.6888901],[-52.949993,-27.7185946],[-52.9121914,-27.7383169],[-52.9174025,-27.7527956],[-52.9546106,-27.7722866],[-52.9732364,-27.7710547],[-52.9726105,-27.7595951],[-52.9859294,-27.7623147],[-52.9727704,-27.7810327],[-52.9844301,-27.7904894],[-52.9852382,-27.7837303],[-53.0166659,-27.7818077],[-53.010597,-27.7614483]]]}},{"type":"Feature","properties":{"level":"municipio","municipality_code":"4305835","municipality_name":"Coqueiro Baixo","uf":"RS","state_code":"43","area_km2":112.638},"geometry":{"type":"Polygon","coordinates":[[[-52.1581378,-29.2148617],[-52.1576922,-29.2066079],[-52.171585,-29.2088444],[-52.1672014,-29.1915856],[-52.1757148,-29.1876424],[-52.1675899,-29.1735918],[-52.1729914,-29.1643816],[-52.1855887,-29.1643119],[-52.1852007,-29.1473163],[-52.1942106,-29.1446147],[-52.1867237,-29.1384204],[-52.1925599,-29.1350583],[-52.1885851,-29.1280454],[-52.2026304,-29.1250751],[-52.192157,-29.1104181],[-52.1711008,-29.1050039],[-52.1655346,-29.0888016],[-52.1514612,-29.0880965],[-52.1376206,-29.1348291],[-52.1219885,-29.1484368],[-52.0887241,-29.1544707],[-52.0865287,-29.1705931],[-52.0705253,-29.1672878],[-52.0704541,-29.1607141],[-52.0182662,-29.162973],[-52.0456434,-29.1900017],[-52.0755939,-29.1974097],[-52.0774188,-29.2125444],[-52.0924638,-29.2127378],[-52.0879782,-29.2206379],[-52.0962165,-29.2327811],[-52.1226442,-29.2316192],[-52.1212038,-29.2170128],[-52.1403494,-29.2165464],[-52.1413165,-29.2075771],[-52.1581378,-29.2148617]]]}},{"type":"Feature","properties":{"level":"municipio","municipality_code":"4305850","municipality_name":"Coqueiros do Sul","uf":"RS","state_code":"43","area_km2":277.147},"geometry":{"type":"Polygon","coordinates":[[[-52.7891374,-28.2295421],[-52.8018157,-28.2195219],[-52.8079149,-28.1930173],[-52.8249817,-28.1956998],[-52.8212545,-28.1735553],[-52.827425,-28.163191],[-52.8059314,-28.122595],[-52.832946,-28.0931312],[-52.8470666,-28.0899061],[-52.8534632,-28.0990066],[-52.8536901,-28.0887089],[-52.8644875,-28.0925794],[-52.867918,-28.0854838],[-52.861802,-28.0695881],[-52.8678291,-28.0627424],[-52.8541806,-28.063259],[-52.8541023,-28.0551648],[-52.8390122,-28.0605974],[-52.8418453,-28.0525583],[-52.8294853,-28.0288377],[-52.8277009,-28.0379048],[-52.8124521,-28.0372304],[-52.8158091,-28.0428222],[-52.7755257,-28.0280486],[-52.7665478,-28.0385134],[-52.7530617,-28.0370234],[-52.7228229,-28.0610586],[-52.6914734,-28.1119833],[-52.6741622,-28.1105622],[-52.6608734,-28.1214644],[-52.6668268,-28.1333885],[-52.6543386,-28.1410515],[-52.6551277,-28.170909],[-52.6640489,-28.1758984],[-52.6685003,-28.1704185],[-52.673781,-28.1859984],[-52.6867704,-28.1947172],[-52.7040579,-28.1973078],[-52.7131033,-28.2104014],[-52.7215493,-28.2045796],[-52.7249507,-28.2173222],[-52.7448885,-28.222724],[-52.7503455,-28.2328899],[-52.7553794,-28.2291804],[-52.7626267,-28.2412194],[-52.7785607,-28.2343338],[-52.7760622,-28.2273808],[-52.7891374,-28.2295421]]]}},{"type":"Feature","properties":{"level":"municipio","municipality_code":"4305871","municipality_name":"Coronel Barros","uf":"RS","state_code":"43","area_km2":163.716},"geometry":{"type":"Polygon","coordinates":[[[-54.0871973,-28.3378345],[-54.038056,-28.3587027],[-54.0321547,-28.3417482],[-54.0370737,-28.3307321],[-54.026551,-28.3184942],[-54.0210383,-28.3224028],[-54.0273367,-28.3379578],[-54.0020024,-28.3515664],[-54.0082521,-28.3390598],[-53.9970999,-28.3343118],[-53.9845935,-28.34687],[-53.9821152,-28.4418855],[-53.9905916,-28.4372978],[-53.9944807,-28.4466268],[-53.9989141,-28.4281354],[-54.0088099,-28.4248668],[-54.0140981,-28.4325812],[-54.0215136,-28.4243231],[-54.0180794,-28.4153289],[-54.0315405,-28.4155156],[-54.0343795,-28.40852],[-54.0400004,-28.4109686],[-54.0352563,-28.4331304],[-54.0456587,-28.4342638],[-54.0402828,-28.4514325],[-54.0462802,-28.4701721],[-54.067821,-28.4606453],[-54.0826704,-28.4749336],[-54.1097503,-28.4681585],[-54.1279923,-28.490126],[-54.1380424,-28.4854688],[-54.1486551,-28.432843],[-54.093642,-28.4259687],[-54.1102281,-28.39209],[-54.1086733,-28.3742011],[-54.1318115,-28.351256],[-54.1257739,-28.3455874],[-54.1142654,-28.3613871],[-54.0975617,-28.3678698],[-54.0944325,-28.3588888],[-54.11362,-28.3464187],[-54.1106987,-28.3345899],[-54.0903436,-28.3593861],[-54.0871973,-28.3378345]]]}},{"type":"Feature","properties":{"level":"municipio","municipality_code":"4305900","municipality_name":"Coronel Bicaco","uf":"RS","state_code":"43","area_km2":492.303},"geometry":{"type":"Polygon","coordinates":[[[-53.715433,-27.8393485],[-53.7295097,-27.8358175],[-53.7216948,-27.8301718],[-53.729944,-27.8267632],[-53.7240231,-27.8135506],[-53.7324378,-27.8085034],[-53.7196817,-27.8045192],[-53.7431157,-27.802144],[-53.7277029,-27.7902447],[-53.7485767,-27.7902144],[-53.7409207,-27.7750068],[-53.7475026,-27.7690668],[-53.7707883,-27.7730183],[-53.7673938,-27.7600237],[-53.7802059,-27.754786],[-53.7574774,-27.7525021],[-53.7710303,-27.7249035],[-53.7541798,-27.7181877],[-53.7746697,-27.708374],[-53.7623504,-27.6719181],[-53.7447279,-27.6559564],[-53.6896428,-27.6730467],[-53.6753841,-27.6881278],[-53.6322733,-27.7090178],[-53.6046266,-27.6892855],[-53.57108,-27.6818549],[-53.5703446,-27.6874311],[-53.5831718,-27.6891224],[-53.5769991,-27.7077293],[-53.5918789,-27.7112956],[-53.5706819,-27.7162293],[-53.5799828,-27.7357513],[-53.5641775,-27.7317013],[-53.5605142,-27.7438071],[-53.5757984,-27.7463124],[-53.5754174,-27.7547792],[-53.5608474,-27.7535036],[-53.5626607,-27.7632258],[-53.5433162,-27.7813128],[-53.5317941,-27.7805475],[-53.5363147,-27.793295],[-53.5250952,-27.7951248],[-53.5279385,-27.8063598],[-53.5118954,-27.8166478],[-53.5239212,-27.8235469],[-53.5165833,-27.8381091],[-53.5498369,-27.8999207],[-53.5558378,-27.885322],[-53.5626303,-27.8882973],[-53.5733002,-27.907243],[-53.5996939,-27.9189636],[-53.6309743,-27.9566158],[-53.6427954,-27.9535271],[-53.6374682,-27.9416235],[-53.6428836,-27.9314285],[-53.6452041,-27.9392774],[-53.6587791,-27.9247025],[-53.6876543,-27.9299532],[-53.69214,-27.9143834],[-53.6822885,-27.9110594],[-53.6882195,-27.9033996],[-53.6823316,-27.8956064],[-53.7010797,-27.8841035],[-53.6917026,-27.883605],[-53.6895856,-27.8713977],[-53.7233718,-27.8582024],[-53.715433,-27.8393485]]]}},{"type":"Feature","properties":{"level":"municipio","municipality_code":"4305934","municipality_name":"Coronel Pilar","uf":"RS","state_code":"43","area_km2":105.668},"geometry":{"type":"Polygon","coordinates":[[[-51.750765,-29.3008738],[-51.761584,-29.2952918],[-51.7970018,-29.2994147],[-51.8014838,-29.2597738],[-51.7756019,-29.2602125],[-51.7750537,-29.2526883],[-51.7547847,-29.2605618],[-51.7500033,-29.2080964],[-51.6823424,-29.2132522],[-51.6769909,-29.2466332],[-51.6522627,-29.2470726],[-51.6464326,-29.2537942],[-51.6499965,-29.2939225],[-51.6930625,-29.2955397],[-51.700926,-29.3043254],[-51.7253701,-29.2946479],[-51.743472,-29.3092118],[-51.7527709,-29.3067225],[-51.750765,-29.3008738]]]}},{"type":"Feature","properties":{"level":"municipio","municipality_code":"4305959","municipality_name":"Cotiporã","uf":"RS","state_code":"43","area_km2":173.207},"geometry":{"type":"Polygon","coordinates":[[[-51.6495225,-29.0136589],[-51.6791021,-29.0602868],[-51.6406898,-29.0623151],[-51.6351987,-29.0879787],[-51.6753142,-29.0709491],[-51.6860888,-29.0959455],[-51.7083554,-29.0950577],[-51.7200075,-29.0547985],[-51.7103308,-29.0459753],[-51.7282697,-29.0390649],[-51.7281547,-29.0226105],[-51.7416879,-29.0140562],[-51.7381847,-28.9959358],[-51.7600161,-28.9964923],[-51.7512845,-28.9754233],[-51.7774947,-28.9700272],[-51.7728892,-28.9612137],[-51.7540707,-28.9608388],[-51.7673519,-28.9592786],[-51.7676087,-28.9432944],[-51.7809132,-28.9374942],[-51.6274651,-28.9275395],[-51.629837,-28.9467686],[-51.6164306,-28.9732801],[-51.6225857,-29.0158431],[-51.6293228,-29.020729],[-51.6495225,-29.0136589]]]}},{"type":"Feature","properties":{"level":"municipio","municipality_code":"4305975","municipality_name":"Coxilha","uf":"RS","state_code":"43","area_km2":422.101},"geometry":{"type":"Polygon","coordinates":[[[-52.2935469,-28.2009822],[-52.3033938,-28.1915935],[-52.3359709,-28.200633],[-52.3743996,-28.1861967],[-52.3978913,-28.188719],[-52.4107298,-28.1748763],[-52.4650762,-28.1675895],[-52.4872661,-28.1368936],[-52.4786806,-28.1253942],[-52.5085583,-28.1096792],[-52.4919132,-28.104713],[-52.5032775,-28.0891071],[-52.4952674,-28.0865101],[-52.4997845,-28.0769509],[-52.492128,-28.0671193],[-52.5023815,-28.0557919],[-52.5135625,-28.0620837],[-52.5140449,-28.0508723],[-52.499635,-28.04572],[-52.509509,-28.0366495],[-52.4906629,-28.0368142],[-52.488325,-28.0610825],[-52.4734969,-28.0629394],[-52.4748946,-28.0774259],[-52.4622633,-28.0717483],[-52.4493695,-28.0825232],[-52.4433354,-28.0685759],[-52.4329127,-28.07724],[-52.4292357,-28.0696053],[-52.4049914,-28.0749662],[-52.3889369,-28.0902471],[-52.3773213,-28.0595669],[-52.3770302,-28.0191945],[-52.3689197,-28.0276618],[-52.3557059,-28.0233039],[-52.353413,-28.0324334],[-52.3198968,-28.0328433],[-52.3144389,-28.0496934],[-52.2974519,-28.0625045],[-52.2960169,-28.0759502],[-52.247552,-28.0635196],[-52.2445152,-28.0821042],[-52.2156034,-28.063737],[-52.1699748,-28.0654632],[-52.1645838,-28.0735949],[-52.1705864,-28.0865895],[-52.1870915,-28.0899252],[-52.1724667,-28.1044995],[-52.1887171,-28.1077073],[-52.1732464,-28.1248468],[-52.1826649,-28.132176],[-52.1714852,-28.147096],[-52.1894137,-28.1467458],[-52.190428,-28.1733602],[-52.2315469,-28.1726636],[-52.266671,-28.2071216],[-52.2771554,-28.2283144],[-52.2893204,-28.2312811],[-52.2935469,-28.2009822]]]}},{"type":"Feature","properties":{"level":"municipio","municipality_code":"4306007","municipality_name":"Crissiumal","uf":"RS","state_code":"43","area_km2":362.194},"geometry":{"type":"Polygon","coordinates":[[[-54.0707617,-27.5507643],[-54.1455596,-27.5655209],[-54.1517377,-27.5537917],[-54.1514065,-27.5675172],[-54.1604374,-27.5751407],[-54.1666775,-27.560546],[-54.1988969,-27.5589115],[-54.2134577,-27.5393899],[-54.2298271,-27.5437982],[-54.2362621,-27.5299652],[-54.2306881,-27.517137],[-54.2380495,-27.5132898],[-54.2252927,-27.5084921],[-54.2577398,-27.4996075],[-54.2346052,-27.5002975],[-54.2316059,-27.4849469],[-54.2445016,-27.4834193],[-54.2304803,-27.4783082],[-54.2305301,-27.4718382],[-54.2596325,-27.4691206],[-54.2578597,-27.4596084],[-54.2644171,-27.4576089],[-54.2393622,-27.4523031],[-54.2592405,-27.4461152],[-54.2788145,-27.4589885],[-54.2874357,-27.455421],[-54.2682931,-27.4362636],[-54.2639738,-27.3993333],[-54.2174239,-27.3850045],[-54.2160049,-27.4056554],[-54.184379,-27.3932874],[-54.195192,-27.4057863],[-54.1731189,-27.4120958],[-54.1682272,-27.4056372],[-54.1736975,-27.3937882],[-54.1527838,-27.3945862],[-54.1641887,-27.4040869],[-54.1413842,-27.4036445],[-54.1506109,-27.4197148],[-54.1366427,-27.4114351],[-54.1341411,-27.4270647],[-54.11698,-27.4175988],[-54.1237625,-27.4359257],[-54.1124326,-27.4410136],[-54.1063074,-27.4287417],[-54.0943405,-27.4475919],[-54.0662512,-27.4429008],[-54.0681377,-27.4600779],[-54.0507684,-27.4496969],[-54.0441251,-27.4566322],[-54.0380036,-27.45158],[-54.0250036,-27.4607054],[-54.031735,-27.4740606],[-54.0188698,-27.4791113],[-54.0067352,-27.4729479],[-53.9942769,-27.491153],[-53.9973767,-27.4994112],[-53.974304,-27.5140065],[-53.9828646,-27.5255195],[-53.9923658,-27.5219928],[-54.0134121,-27.5426119],[-54.0089396,-27.5497404],[-54.0243164,-27.5553445],[-54.0450369,-27.5805187],[-54.0603367,-27.5836382],[-54.0722491,-27.5761221],[-54.0614849,-27.5590575],[-54.0707617,-27.5507643]]]}},{"type":"Feature","properties":{"level":"municipio","municipality_code":"4306056","municipality_name":"Cristal","uf":"RS","state_code":"43","area_km2":679.742},"geometry":{"type":"Polygon","coordinates":[[[-52.0307434,-31.1486993],[-52.0590028,-31.1626382],[-52.0885933,-31.146085],[-52.1068143,-31.1096852],[-52.1269178,-31.1058742],[-52.1226824,-31.0936393],[-52.1135825,-31.0914173],[-52.1143402,-31.071909],[-52.136205,-31.0487334],[-52.1474396,-31.0501564],[-52.1557403,-31.0404086],[-52.0920433,-31.0003348],[-52.1663773,-31.0046239],[-52.220568,-30.9839449],[-52.2433955,-30.9850759],[-52.2462289,-30.9620587],[-52.2745526,-30.9571222],[-52.2784548,-30.9488865],[-52.2429171,-30.9255466],[-52.2492582,-30.883842],[-52.2390219,-30.8813188],[-52.2058491,-30.9070238],[-52.1835225,-30.9021786],[-52.1772756,-30.9123869],[-52.1312123,-30.8993957],[-52.1273785,-30.9125843],[-52.1060527,-30.928976],[-52.0989643,-30.9071355],[-52.0880077,-30.9012957],[-52.0561092,-30.9264905],[-52.0327941,-30.9161206],[-51.9818766,-30.926408],[-51.9764191,-30.9213943],[-51.9421703,-30.9433601],[-51.8820664,-30.9119791],[-51.8544568,-31.0044253],[-51.8100535,-31.0296933],[-51.8171726,-31.0479461],[-51.7895829,-31.1246021],[-51.8182917,-31.120409],[-51.8275152,-31.103721],[-51.83938,-31.1077083],[-51.8395685,-31.0972975],[-51.8537887,-31.1049263],[-51.8560574,-31.0914981],[-51.8699868,-31.0926006],[-51.8647732,-31.0843894],[-51.8717525,-31.0778682],[-51.8597752,-31.0728712],[-51.8626142,-31.0578656],[-51.8751967,-31.052982],[-51.8776926,-31.0386169],[-51.8952512,-31.0347101],[-51.903079,-31.0430806],[-51.9241311,-31.0426579],[-51.9339298,-31.065774],[-51.9491941,-31.0764821],[-51.9587271,-31.0991497],[-51.9322069,-31.1030681],[-51.9312174,-31.1109662],[-52.0026588,-31.1013461],[-52.0164815,-31.1103828],[-52.0109668,-31.1144069],[-52.0188406,-31.1228776],[-52.0145815,-31.13766],[-52.0255429,-31.1520689],[-52.0181282,-31.1581801],[-52.0258365,-31.1618581],[-52.0252632,-31.1802356],[-52.0307434,-31.1486993]]]}},{"type":"Feature","properties":{"level":"municipio","municipality_code":"4306072","municipality_name":"Cristal do Sul","uf":"RS","state_code":"43","area_km2":97.073},"geometry":{"type":"Polygon","coordinates":[[[-53.2019502,-27.4267367],[-53.2035643,-27.4648611],[-53.2145158,-27.465748],[-53.2506326,-27.4969752],[-53.2777876,-27.4801174],[-53.2772929,-27.4688282],[-53.2901596,-27.4674809],[-53.2864267,-27.4605098],[-53.3057636,-27.4443958],[-53.3095082,-27.4292315],[-53.2859793,-27.425349],[-53.2963744,-27.4149151],[-53.2874415,-27.3950231],[-53.2790578,-27.3949036],[-53.2879436,-27.3865618],[-53.2552899,-27.3829767],[-53.2617695,-27.3738791],[-53.2481629,-27.3684227],[-53.2361363,-27.3814299],[-53.2376392,-27.3971641],[-53.2177646,-27.3839976],[-53.2040033,-27.397623],[-53.2205257,-27.4027461],[-53.2024377,-27.4127169],[-53.177934,-27.4125825],[-53.1814715,-27.4243563],[-53.2019502,-27.4267367]]]}},{"type":"Feature","properties":{"level":"municipio","municipality_code":"4306106","municipality_name":"Cruz Alta","uf":"RS","state_code":"43","area_km2":1360.548},"geometry":{"type":"Polygon","coordinates":[[[-53.4608048,-28.5523617],[-53.4311639,-28.5662454],[-53.410603,-28.6033066],[-53.3386844,-28.6040775],[-53.3219435,-28.6108736],[-53.3050857,-28.6372603],[-53.2890031,-28.6401209],[-53.2755496,-28.6610719],[-53.2450299,-28.6763461],[-53.2406585,-28.6820987],[-53.2645864,-28.7109958],[-53.2608496,-28.7297852],[-53.2908281,-28.7258685],[-53.310422,-28.7486503],[-53.3251634,-28.7516398],[-53.3194055,-28.7604266],[-53.3309372,-28.7857562],[-53.3491785,-28.7849285],[-53.3491859,-28.7767405],[-53.3570772,-28.7738405],[-53.3579916,-28.780434],[-53.3668915,-28.7734379],[-53.3836522,-28.7907729],[-53.3846182,-28.7792364],[-53.4052989,-28.778545],[-53.4086512,-28.7509296],[-53.4294282,-28.7580993],[-53.4435591,-28.7432257],[-53.4464947,-28.755225],[-53.4643522,-28.7372881],[-53.5142226,-28.773799],[-53.5367298,-28.765018],[-53.5474689,-28.7433868],[-53.5646168,-28.7320763],[-53.5631747,-28.7501584],[-53.577907,-28.7622436],[-53.5856242,-28.7925936],[-53.5539151,-28.8424503],[-53.5439393,-28.8863499],[-53.5618411,-28.8973815],[-53.5469962,-28.904725],[-53.5556093,-28.9079553],[-53.561504,-28.9345267],[-53.5701106,-28.9271984],[-53.5721712,-28.9414897],[-53.5611204,-28.9492915],[-53.5724302,-28.9530305],[-53.5770784,-28.9438767],[-53.5849507,-28.9400875],[-53.5890454,-28.9465601],[-53.5950077,-28.9379672],[-53.5995341,-28.9440672],[-53.6088223,-28.9380207],[-53.6359477,-28.9467303],[-53.6321222,-28.9387189],[-53.6469869,-28.9325459],[-53.6527001,-28.9413079],[-53.6678409,-28.9376785],[-53.6833221,-28.9013159],[-53.7167248,-28.8854477],[-53.7283621,-28.8634857],[-53.7604087,-28.8649503],[-53.7959245,-28.8027835],[-53.7869859,-28.7948832],[-53.7765597,-28.7971691],[-53.7595289,-28.768543],[-53.7450675,-28.7591943],[-53.7454143,-28.7381893],[-53.7342771,-28.7288712],[-53.7386809,-28.715928],[-53.7213578,-28.7087867],[-53.7401183,-28.6542566],[-53.7229915,-28.6628701],[-53.7137683,-28.656975],[-53.7380353,-28.5753864],[-53.7614712,-28.571614],[-53.7743463,-28.5558971],[-53.7815858,-28.5612876],[-53.7859816,-28.5510746],[-53.7280462,-28.5245257],[-53.7230483,-28.5375715],[-53.7020143,-28.530754],[-53.6946495,-28.511169],[-53.7054916,-28.4808322],[-53.6809844,-28.4896965],[-53.6757579,-28.5035813],[-53.6697831,-28.4972235],[-53.6646435,-28.5145959],[-53.6539417,-28.5025842],[-53.6463869,-28.5141964],[-53.6393789,-28.5108234],[-53.6104042,-28.5261229],[-53.6065269,-28.5207],[-53.575889,-28.5302897],[-53.570343,-28.5221356],[-53.5499712,-28.5484298],[-53.5211471,-28.5340101],[-53.5251728,-28.5491786],[-53.512886,-28.5706259],[-53.4851338,-28.5668622],[-53.473657,-28.5538921],[-53.4608048,-28.5523617]]]}},{"type":"Feature","properties":{"level":"municipio","municipality_code":"4306130","municipality_name":"Cruzaltense","uf":"RS","state_code":"43","area_km2":166.883},"geometry":{"type":"Polygon","coordinates":[[[-52.6696708,-27.6737186],[-52.691287,-27.6507782],[-52.7345029,-27.6323958],[-52.7666433,-27.6081346],[-52.7590624,-27.599212],[-52.7362102,-27.6076297],[-52.7396376,-27.5949378],[-52.7226172,-27.5865125],[-52.6702564,-27.5794957],[-52.6755968,-27.5929141],[-52.6638279,-27.5800196],[-52.6499772,-27.5805507],[-52.6514857,-27.5714063],[-52.6385204,-27.5644568],[-52.6324415,-27.5774296],[-52.6183282,-27.577594],[-52.6192406,-27.5856071],[-52.5983961,-27.5822323],[-52.5572554,-27.6028147],[-52.5599792,-27.6793684],[-52.5817211,-27.677697],[-52.5832499,-27.6658236],[-52.6026023,-27.6582931],[-52.5992996,-27.6794024],[-52.625912,-27.6823314],[-52.6329245,-27.691584],[-52.6698726,-27.6850052],[-52.6696708,-27.6737186]]]}},{"type":"Feature","properties":{"level":"municipio","municipality_code":"4306205","municipality_name":"Cruzeiro do Sul","uf":"RS","state_code":"43","area_km2":155.482},"geometry":{"type":"Polygon","coordinates":[[[-52.032504,-29.6097986],[-52.0443019,-29.5841891],[-52.0820108,-29.5623661],[-52.0816173,-29.5531643],[-52.1004225,-29.5506983],[-52.0923626,-29.5301175],[-52.1089674,-29.5225408],[-52.1065998,-29.496357],[-52.1296321,-29.4957605],[-52.141412,-29.479034],[-52.0534614,-29.4846927],[-52.0478577,-29.4693429],[-52.0133442,-29.4782851],[-52.0008632,-29.4912641],[-51.9693202,-29.4966414],[-51.9820775,-29.5123126],[-51.9770184,-29.5422525],[-52.0001352,-29.5874177],[-51.9441223,-29.6112781],[-51.9407523,-29.6227995],[-51.9698612,-29.6336446],[-51.981225,-29.624557],[-51.992216,-29.6300792],[-51.992387,-29.6142308],[-52.0093164,-29.6246065],[-52.032504,-29.6097986]]]}},{"type":"Feature","properties":{"level":"municipio","municipality_code":"4304309","municipality_name":"Cândido Godói","uf":"RS","state_code":"43","area_km2":247.047},"geometry":{"type":"Polygon","coordinates":[[[-54.658545,-27.9044202],[-54.6162168,-27.9363517],[-54.61582,-28.0117481],[-54.7177721,-28.0136241],[-54.7178001,-27.985206],[-54.7397775,-27.9801474],[-54.7617799,-27.9800874],[-54.7858853,-27.9912223],[-54.7871296,-27.9357423],[-54.7971902,-27.9358754],[-54.7973295,-27.9217203],[-54.8188359,-27.9155572],[-54.8262239,-27.9025609],[-54.8286085,-27.8712815],[-54.8207633,-27.8615793],[-54.8315539,-27.8412613],[-54.8191943,-27.8386755],[-54.8084397,-27.8565779],[-54.8054557,-27.8478759],[-54.7798455,-27.8415553],[-54.7803394,-27.8630828],[-54.7660966,-27.8549175],[-54.7625677,-27.866279],[-54.7509398,-27.8637155],[-54.7463184,-27.8713604],[-54.7350837,-27.8651274],[-54.7196806,-27.8714245],[-54.7023694,-27.8670904],[-54.7025713,-27.8760299],[-54.6833869,-27.8822767],[-54.6804799,-27.8963388],[-54.6732147,-27.892738],[-54.6678079,-27.905749],[-54.658545,-27.9044202]]]}},{"type":"Feature","properties":{"level":"municipio","municipality_code":"4306304","municipality_name":"David Canabarro","uf":"RS","state_code":"43","area_km2":174.172},"geometry":{"type":"Polygon","coordinates":[[[-51.853177,-28.4584499],[-51.867043,-28.4634041],[-51.8843974,-28.4581306],[-51.9094376,-28.4676572],[-51.9018946,-28.4586675],[-51.9144602,-28.4471628],[-51.9027812,-28.4167374],[-51.9073324,-28.4116192],[-51.8943824,-28.3907292],[-51.876124,-28.3892652],[-51.8739393,-28.3760569],[-51.8667471,-28.3795552],[-51.8593934,-28.3682059],[-51.8467408,-28.3690558],[-51.8483675,-28.3567506],[-51.8377488,-28.3543098],[-51.7856762,-28.3819013],[-51.7231023,-28.3677577],[-51.7046913,-28.3783335],[-51.7046977,-28.3957507],[-51.719179,-28.3941237],[-51.7078384,-28.3983005],[-51.7171135,-28.4111509],[-51.7132517,-28.41592],[-51.7296438,-28.4205653],[-51.7224642,-28.4355108],[-51.7359708,-28.4361898],[-51.7456749,-28.4484115],[-51.7559888,-28.4429518],[-51.7618297,-28.4580757],[-51.7764163,-28.4613526],[-51.7616514,-28.4737228],[-51.7940127,-28.4651118],[-51.8237195,-28.4703947],[-51.853177,-28.4584499]]]}},{"type":"Feature","properties":{"level":"municipio","municipality_code":"4306320","municipality_name":"Derrubadas","uf":"RS","state_code":"43","area_km2":360.851},"geometry":{"type":"Polygon","coordinates":[[[-53.9058739,-27.3331214],[-53.9323477,-27.3220402],[-53.9363178,-27.3091514],[-53.9534216,-27.3196402],[-53.952939,-27.3114845],[-53.9324611,-27.2965224],[-53.9615434,-27.3010439],[-53.9808084,-27.2818399],[-53.9898996,-27.2824645],[-53.9825239,-27.2718544],[-54.001619,-27.2739907],[-53.9946881,-27.2633461],[-54.0288564,-27.2801155],[-54.0275592,-27.270713],[-54.0496805,-27.2767967],[-54.0550176,-27.2639779],[-54.0243897,-27.2516543],[-54.0080173,-27.1983946],[-53.9601656,-27.1953363],[-53.9552027,-27.1784811],[-53.9607107,-27.1651098],[-53.9530997,-27.1529394],[-53.93358,-27.155863],[-53.9168985,-27.1747524],[-53.9050395,-27.1754381],[-53.8882786,-27.1544912],[-53.8817568,-27.1297088],[-53.8643172,-27.1262475],[-53.8415965,-27.1656115],[-53.8168569,-27.1782852],[-53.8023213,-27.1774055],[-53.807034,-27.2007228],[-53.7943863,-27.1974785],[-53.7933631,-27.2110664],[-53.7795414,-27.2090003],[-53.7774503,-27.2159271],[-53.7876918,-27.2134395],[-53.7806216,-27.2212638],[-53.7882412,-27.2229135],[-53.7889738,-27.2342974],[-53.7699731,-27.232783],[-53.7753084,-27.2465217],[-53.7631082,-27.2607262],[-53.7809704,-27.2684479],[-53.7838423,-27.2795932],[-53.7769482,-27.284989],[-53.7859676,-27.3021258],[-53.81307,-27.3074147],[-53.8243106,-27.3199525],[-53.8892154,-27.3232775],[-53.9058739,-27.3331214]]]}},{"type":"Feature","properties":{"level":"municipio","municipality_code":"4306353","municipality_name":"Dezesseis de Novembro","uf":"RS","state_code":"43","area_km2":216.341},"geometry":{"type":"Polygon","coordinates":[[[-55.0812171,-28.2883691],[-55.1388588,-28.2530707],[-55.1440259,-28.2306494],[-55.1307661,-28.2092692],[-55.146247,-28.1868174],[-55.1270835,-28.1627525],[-55.1258884,-28.1449662],[-55.140035,-28.1361015],[-55.1526397,-28.1056003],[-55.1258067,-28.0877379],[-55.1298691,-28.0759849],[-55.1118012,-28.0765248],[-55.1163382,-28.0935243],[-55.1013846,-28.097758],[-55.1039378,-28.1179411],[-55.0878132,-28.1271104],[-55.0618369,-28.1116184],[-55.0496354,-28.1196008],[-55.0648653,-28.1327488],[-55.0653157,-28.1465895],[-55.0566072,-28.1482427],[-55.0438902,-28.1368691],[-55.0329885,-28.1405602],[-55.0438443,-28.1723061],[-55.0354095,-28.1790868],[-55.0234497,-28.1760731],[-55.018015,-28.1904565],[-55.0358016,-28.2188347],[-54.9957283,-28.2473446],[-54.9907511,-28.2589962],[-55.0075068,-28.2680508],[-55.0241313,-28.2934177],[-55.0442916,-28.3000304],[-55.0575752,-28.3216081],[-55.0756902,-28.3122112],[-55.0812171,-28.2883691]]]}},{"type":"Feature","properties":{"level":"municipio","municipality_code":"4306379","municipality_name":"Dilermando de Aguiar","uf":"RS","state_code":"43","area_km2":600.518},"geometry":{"type":"Polygon","coordinates":[[[-54.0864024,-29.724192],[-54.0878958,-29.7644998],[-54.0347316,-29.7748794],[-54.0248118,-29.767376],[-53.9922482,-29.7895406],[-53.9505139,-29.7984305],[-53.9618742,-29.8046191],[-53.9628569,-29.8190112],[-53.9752236,-29.8117601],[-53.9984236,-29.8262372],[-54.0053987,-29.8340402],[-54.0021093,-29.8490797],[-54.0296486,-29.870235],[-54.0375951,-29.8642826],[-54.0772066,-29.8757052],[-54.0639,-29.8992515],[-54.0401298,-29.917448],[-54.0710485,-29.9085618],[-54.105759,-29.925867],[-54.1285137,-29.9195547],[-54.1877828,-29.928418],[-54.2211956,-29.9149958],[-54.2455686,-29.8926728],[-54.2860571,-29.9328145],[-54.3292476,-29.9274679],[-54.3163792,-29.8885772],[-54.282393,-29.8562169],[-54.2790099,-29.8335452],[-54.2647913,-29.8148732],[-54.3053246,-29.7436911],[-54.2960785,-29.7165835],[-54.2757819,-29.7145094],[-54.2399523,-29.6900655],[-54.2233778,-29.6963764],[-54.1987271,-29.6904103],[-54.188425,-29.6994983],[-54.1664873,-29.6862468],[-54.1430135,-29.6931974],[-54.1323175,-29.6859222],[-54.1267523,-29.6974845],[-54.0864024,-29.724192]]]}},{"type":"Feature","properties":{"level":"municipio","municipality_code":"4306403","municipality_name":"Dois Irmãos","uf":"RS","state_code":"43","area_km2":67.509},"geometry":{"type":"Polygon","coordinates":[[[-51.0625188,-29.6471123],[-51.1298792,-29.6385706],[-51.1176465,-29.5509501],[-51.0462296,-29.5610139],[-51.0625188,-29.6471123]]]}},{"type":"Feature","properties":{"level":"municipio","municipality_code":"4306429","municipality_name":"Dois Irmãos das Missões","uf":"RS","state_code":"43","area_km2":226.072},"geometry":{"type":"Polygon","coordinates":[[[-53.5140501,-27.6008905],[-53.4968379,-27.6047348],[-53.4766315,-27.6298989],[-53.4593924,-27.6268091],[-53.4551703,-27.6188281],[-53.431236,-27.6350767],[-53.4004776,-27.6205054],[-53.391202,-27.6278087],[-53.4036868,-27.6345198],[-53.393773,-27.6543377],[-53.40155,-27.6872224],[-53.3906838,-27.689256],[-53.4295553,-27.6994742],[-53.4341924,-27.7059827],[-53.4237396,-27.721025],[-53.4596354,-27.7558283],[-53.4791501,-27.7413104],[-53.5291774,-27.7321501],[-53.5593719,-27.7444829],[-53.5684362,-27.7293708],[-53.5691588,-27.7356605],[-53.5806485,-27.7349448],[-53.5706819,-27.7162293],[-53.5916109,-27.713396],[-53.5764265,-27.7066739],[-53.5825282,-27.6876535],[-53.5702412,-27.6872207],[-53.5798578,-27.6815984],[-53.5766853,-27.6569906],[-53.5890907,-27.6551968],[-53.5807848,-27.644221],[-53.5870371,-27.6380993],[-53.5768899,-27.6390964],[-53.5825171,-27.6282682],[-53.5733014,-27.6270997],[-53.5676603,-27.6368783],[-53.5734871,-27.6385838],[-53.5581718,-27.6430498],[-53.5676022,-27.6305061],[-53.5602252,-27.6278265],[-53.5680812,-27.6103549],[-53.5140501,-27.6008905]]]}},{"type":"Feature","properties":{"level":"municipio","municipality_code":"4306452","municipality_name":"Dois Lajeados","uf":"RS","state_code":"43","area_km2":133.535},"geometry":{"type":"Polygon","coordinates":[[[-51.7948099,-29.0088737],[-51.8516041,-29.0258081],[-51.852305,-29.0168473],[-51.918325,-29.0228589],[-51.9150886,-29.0158784],[-51.9318894,-28.9943105],[-51.906857,-28.9909674],[-51.9250731,-28.9781975],[-51.9059495,-28.9716733],[-51.9243031,-28.9622557],[-51.9236157,-28.9538582],[-51.9142383,-28.9533668],[-51.9073524,-28.9660122],[-51.9136836,-28.9461203],[-51.889708,-28.9463744],[-51.8896204,-28.932479],[-51.8560098,-28.9330657],[-51.8560919,-28.9192597],[-51.8427806,-28.9194242],[-51.8424297,-28.9366621],[-51.7813041,-28.9362858],[-51.7676087,-28.9432944],[-51.7673519,-28.9592786],[-51.7540707,-28.9608388],[-51.7728892,-28.9612137],[-51.7774947,-28.9700272],[-51.7497875,-28.9792998],[-51.7606004,-29.0080928],[-51.779876,-29.0080896],[-51.7796744,-29.000764],[-51.7928217,-28.9986761],[-51.7948099,-29.0088737]]]}},{"type":"Feature","properties":{"level":"municipio","municipality_code":"4306502","municipality_name":"Dom Feliciano","uf":"RS","state_code":"43","area_km2":1355.195},"geometry":{"type":"Polygon","coordinates":[[[-52.1486248,-30.4582411],[-52.1152647,-30.4810358],[-52.1068424,-30.4762308],[-52.0808419,-30.5106535],[-52.0606489,-30.5070371],[-52.0151457,-30.5403471],[-52.0025825,-30.561708],[-51.9867225,-30.5674812],[-51.9822459,-30.5758793],[-52.0010792,-30.5963627],[-51.9821019,-30.6063751],[-51.9872871,-30.6156261],[-51.9719169,-30.6365513],[-51.97917,-30.6604719],[-51.999496,-30.6690543],[-51.9828223,-30.698883],[-51.9864431,-30.7170631],[-52.0005017,-30.7152938],[-52.0471767,-30.7410022],[-52.0630453,-30.7393435],[-52.0757385,-30.7821544],[-52.088139,-30.7890134],[-52.0970541,-30.8114052],[-52.098132,-30.8432473],[-52.1158736,-30.8477826],[-52.1090113,-30.8767179],[-52.1221104,-30.8847437],[-52.1788543,-30.8376209],[-52.185408,-30.7800541],[-52.1776837,-30.7738398],[-52.1959815,-30.7634257],[-52.21363,-30.7788965],[-52.2106491,-30.7555858],[-52.2403703,-30.7565874],[-52.2575792,-30.7968781],[-52.266409,-30.7988647],[-52.2939817,-30.7515079],[-52.3160748,-30.7324827],[-52.3150808,-30.7239618],[-52.3411786,-30.7110082],[-52.3352436,-30.6882452],[-52.3443767,-30.6715582],[-52.3422585,-30.6310031],[-52.3544361,-30.6270273],[-52.3622881,-30.6055825],[-52.380425,-30.6060457],[-52.4340374,-30.5746401],[-52.4529435,-30.5743737],[-52.449488,-30.555527],[-52.4184276,-30.5479983],[-52.4242886,-30.5432741],[-52.4212462,-30.5302676],[-52.3979238,-30.5077893],[-52.4046723,-30.5068114],[-52.3991651,-30.4949774],[-52.404563,-30.4846559],[-52.3911675,-30.4815729],[-52.390177,-30.47201],[-52.3733509,-30.4594116],[-52.3749681,-30.4516298],[-52.3689417,-30.4536632],[-52.3546846,-30.432572],[-52.3495025,-30.4345312],[-52.3483898,-30.4027546],[-52.3607063,-30.3990678],[-52.3510042,-30.390057],[-52.3543328,-30.3743091],[-52.3429449,-30.359014],[-52.3042555,-30.3444084],[-52.2996091,-30.3340056],[-52.2848416,-30.3615583],[-52.2636806,-30.3734936],[-52.2584988,-30.407645],[-52.2328537,-30.4269578],[-52.2339277,-30.435987],[-52.2127844,-30.4478054],[-52.1527605,-30.4440299],[-52.1486248,-30.4582411]]]}},{"type":"Feature","properties":{"level":"municipio","municipality_code":"4306601","municipality_name":"Dom Pedrito","uf":"RS","state_code":"43","area_km2":5194.051},"geometry":{"type":"Polygon","coordinates":[[[-54.7044603,-30.7593945],[-54.6857369,-30.7518696],[-54.6730249,-30.7703994],[-54.6605753,-30.7667158],[-54.6581508,-30.7811297],[-54.6507873,-30.7754863],[-54.6292555,-30.7872884],[-54.6116364,-30.7795355],[-54.5974827,-30.7850665],[-54.5907722,-30.7971935],[-54.5777448,-30.7991554],[-54.5823696,-30.8071252],[-54.5580002,-30.8150461],[-54.5514367,-30.8316028],[-54.5565188,-30.8374158],[-54.5452544,-30.837222],[-54.5458573,-30.8456817],[-54.5386374,-30.8476755],[-54.54398,-30.8694274],[-54.5131175,-30.865141],[-54.4800543,-30.8886873],[-54.4672789,-30.8752885],[-54.4462398,-30.8687017],[-54.4465216,-30.8771738],[-54.4348992,-30.8727748],[-54.4460919,-30.8819368],[-54.4361979,-30.8835976],[-54.437426,-30.8903411],[-54.4120541,-30.8923491],[-54.4049084,-30.8851388],[-54.3835901,-30.9050308],[-54.3847646,-30.8924368],[-54.3717463,-30.879463],[-54.3678061,-30.8975732],[-54.3473463,-30.8903995],[-54.3469487,-30.9089279],[-54.3347381,-30.9042175],[-54.3329653,-30.9133374],[-54.3056732,-30.9250067],[-54.2801345,-30.9248048],[-54.2783934,-30.9341529],[-54.2436425,-30.936892],[-54.2376918,-30.9297649],[-54.2012105,-30.9549195],[-54.193235,-30.9478693],[-54.180648,-30.9580644],[-54.1657948,-30.9528312],[-54.1357765,-30.980304],[-54.1107465,-30.9788586],[-54.0825995,-30.9526162],[-54.061016,-30.9653027],[-54.0345002,-30.9626408],[-53.9884522,-30.9888623],[-53.9545451,-30.9766883],[-53.941766,-30.981174],[-53.9439934,-30.9943301],[-53.9264266,-30.9874925],[-53.9286556,-31.0014976],[-53.9460589,-31.0002731],[-53.9250539,-31.0144983],[-53.9282416,-31.0285282],[-53.9366283,-31.0328304],[-53.9486518,-31.0192252],[-53.9583408,-31.0201415],[-53.9598174,-31.0353273],[-53.953458,-31.0402625],[-53.9755643,-31.0420129],[-53.980532,-31.0561014],[-54.0159825,-31.0623524],[-54.0129344,-31.0763023],[-54.0277993,-31.0664832],[-54.0556659,-31.090576],[-54.0768119,-31.0908105],[-54.0971192,-31.1072862],[-54.093618,-31.1264154],[-54.1049318,-31.1406086],[-54.1204931,-31.1405382],[-54.119545,-31.1470818],[-54.1461649,-31.161479],[-54.1675549,-31.1589897],[-54.169408,-31.1429915],[-54.2620103,-31.1611998],[-54.3123581,-31.1609224],[-54.3196474,-31.1874123],[-54.3635,-31.1983472],[-54.3780284,-31.2179672],[-54.4054084,-31.2323055],[-54.40717,-31.2668631],[-54.4240906,-31.2881404],[-54.4230765,-31.3013982],[-54.504273,-31.3082193],[-54.5544034,-31.3420087],[-54.5696176,-31.3711083],[-54.6352312,-31.359064],[-54.6478543,-31.3754566],[-54.6498824,-31.3956566],[-54.7034898,-31.4392966],[-54.7520227,-31.4244629],[-54.789332,-31.4348036],[-54.8048848,-31.4289888],[-54.8364553,-31.4419383],[-54.8615372,-31.4179221],[-54.8579257,-31.4080496],[-54.8783856,-31.3980773],[-54.8859789,-31.3772778],[-54.899634,-31.3763285],[-54.904812,-31.3840657],[-54.9406467,-31.3806458],[-54.935053,-31.3564763],[-54.9592089,-31.3524541],[-54.9530712,-31.3319713],[-54.9787801,-31.317],[-54.9823407,-31.2960553],[-55.0005361,-31.2830209],[-55.0024077,-31.2692158],[-55.0318935,-31.2697414],[-55.0357536,-31.2839029],[-55.0807339,-31.210611],[-55.0687862,-31.1561829],[-55.095594,-31.11811],[-55.0914589,-31.0977234],[-55.1027089,-31.0800439],[-55.1154991,-31.0111175],[-55.1479497,-30.9806274],[-55.1277827,-30.9404018],[-55.109792,-30.9308023],[-55.1030581,-30.9067528],[-55.0813793,-30.902528],[-55.0785413,-30.8938735],[-55.0634734,-30.895427],[-55.0341653,-30.8659156],[-55.0288007,-30.8546457],[-55.036965,-30.845827],[-55.0330911,-30.8033154],[-55.0407352,-30.7933863],[-55.0246258,-30.775218],[-55.0310341,-30.7618497],[-55.0120075,-30.723155],[-54.9723737,-30.7335111],[-54.9146705,-30.7186384],[-54.8437867,-30.7354713],[-54.8017522,-30.7010868],[-54.7781051,-30.6951406],[-54.7713087,-30.659734],[-54.7327042,-30.6306043],[-54.723189,-30.6158765],[-54.7253906,-30.5997826],[-54.6999598,-30.5966263],[-54.6945983,-30.6212088],[-54.6861785,-30.61962],[-54.6892812,-30.6300458],[-54.6750809,-30.6398464],[-54.6794094,-30.6494488],[-54.6712488,-30.6609319],[-54.6755998,-30.6711207],[-54.6951855,-30.6773447],[-54.6925076,-30.6900678],[-54.6792947,-30.6937482],[-54.6870391,-30.704597],[-54.7230217,-30.7132445],[-54.7107692,-30.7291398],[-54.7206888,-30.7318226],[-54.7114692,-30.7414208],[-54.7177527,-30.7446621],[-54.7044603,-30.7593945]]]}},{"type":"Feature","properties":{"level":"municipio","municipality_code":"4306551","municipality_name":"Dom Pedro de Alcântara","uf":"RS","state_code":"43","area_km2":78.216},"geometry":{"type":"Polygon","coordinates":[[[-49.8289348,-29.3568643],[-49.8188024,-29.3797898],[-49.802644,-29.3918878],[-49.8355245,-29.4242253],[-49.8822215,-29.4101975],[-49.8948565,-29.3958288],[-49.8909162,-29.3641518],[-49.9011749,-29.3398747],[-49.8840518,-29.3262123],[-49.8840198,-29.3076107],[-49.8805865,-29.3145849],[-49.8680703,-29.3098615],[-49.8306281,-29.3236229],[-49.8150432,-29.3389753],[-49.8289348,-29.3568643]]]}},{"type":"Feature","properties":{"level":"municipio","municipality_code":"4306700","municipality_name":"Dona Francisca","uf":"RS","state_code":"43","area_km2":114.149},"geometry":{"type":"Polygon","coordinates":[[[-53.3465303,-29.6256541],[-53.3618942,-29.6367203],[-53.4017969,-29.6221102],[-53.4040895,-29.6106455],[-53.375989,-29.6024251],[-53.3832166,-29.576262],[-53.3799767,-29.5666663],[-53.3728315,-29.5676395],[-53.3724998,-29.5551741],[-53.3786476,-29.536795],[-53.3872328,-29.5365164],[-53.3865327,-29.489076],[-53.2939124,-29.4859084],[-53.2968811,-29.507855],[-53.3116083,-29.5227857],[-53.3100082,-29.5378583],[-53.3349828,-29.5562113],[-53.3268536,-29.5744447],[-53.3064572,-29.5797029],[-53.3090706,-29.5992303],[-53.2870673,-29.6161875],[-53.2972807,-29.623771],[-53.3069062,-29.6165289],[-53.329528,-29.6350917],[-53.3465303,-29.6256541]]]}},{"type":"Feature","properties":{"level":"municipio","municipality_code":"4306734","municipality_name":"Doutor Maurício Cardoso","uf":"RS","state_code":"43","area_km2":255.731},"geometry":{"type":"Polygon","coordinates":[[[-54.2986356,-27.5171152],[-54.2949813,-27.5281982],[-54.3321848,-27.5349351],[-54.3292617,-27.5460159],[-54.3491324,-27.5644195],[-54.3559868,-27.5524293],[-54.36906,-27.5556865],[-54.3735808,-27.5473543],[-54.3819064,-27.5714509],[-54.4112095,-27.5664169],[-54.425487,-27.5430761],[-54.4415885,-27.532332],[-54.4529355,-27.5344059],[-54.4498375,-27.5212874],[-54.4589487,-27.5338703],[-54.4726513,-27.5270227],[-54.472106,-27.5129938],[-54.4652289,-27.5099925],[-54.4771823,-27.4982242],[-54.4746213,-27.4812321],[-54.4495063,-27.4754245],[-54.4426327,-27.4649219],[-54.4699245,-27.4380282],[-54.4699251,-27.4258368],[-54.4391199,-27.4247486],[-54.4114043,-27.405286],[-54.3923382,-27.4181052],[-54.3630245,-27.4598498],[-54.3461238,-27.4669796],[-54.3350661,-27.4512946],[-54.342832,-27.4128071],[-54.3354334,-27.4029003],[-54.2942248,-27.4459101],[-54.283931,-27.4478181],[-54.2844974,-27.4595222],[-54.2592405,-27.4461152],[-54.2403894,-27.4512591],[-54.2644171,-27.4576089],[-54.2578597,-27.4596084],[-54.2596325,-27.4691206],[-54.2318958,-27.4691728],[-54.2304803,-27.4783082],[-54.2445388,-27.4837021],[-54.2316059,-27.4849469],[-54.2346052,-27.5002975],[-54.2647681,-27.4979084],[-54.2710657,-27.5140729],[-54.2986356,-27.5171152]]]}},{"type":"Feature","properties":{"level":"municipio","municipality_code":"4306759","municipality_name":"Doutor Ricardo","uf":"RS","state_code":"43","area_km2":107.96},"geometry":{"type":"Polygon","coordinates":[[[-52.020774,-29.0978644],[-52.0175806,-29.0908175],[-52.0294237,-29.0776722],[-52.0468254,-29.0693068],[-52.0448457,-29.0176503],[-52.0292783,-29.0378399],[-51.9700279,-29.0391018],[-51.9551472,-29.0745114],[-51.9258515,-29.0748655],[-51.9281562,-29.0956666],[-51.9080109,-29.1033668],[-51.9154687,-29.1154243],[-51.8962767,-29.1445814],[-51.9200431,-29.1474202],[-51.9301845,-29.1412604],[-51.9445672,-29.1527416],[-51.9545299,-29.1468989],[-51.9508174,-29.1542109],[-51.9587695,-29.1553809],[-51.9817579,-29.1347674],[-51.9927842,-29.1436127],[-51.9919133,-29.1345572],[-52.0048059,-29.1260502],[-51.999073,-29.1160416],[-52.0072937,-29.1169738],[-52.020774,-29.0978644]]]}},{"type":"Feature","properties":{"level":"municipio","municipality_code":"4306767","municipality_name":"Eldorado do Sul","uf":"RS","state_code":"43","area_km2":509.632},"geometry":{"type":"Polygon","coordinates":[[[-51.3022866,-30.0099007],[-51.3020702,-30.035763],[-51.2923772,-30.0475957],[-51.301706,-30.0426554],[-51.3001402,-30.0534469],[-51.3443073,-30.0617159],[-51.3696992,-30.0967147],[-51.3936278,-30.1012718],[-51.4322172,-30.0904115],[-51.471336,-30.1212192],[-51.4941513,-30.1217831],[-51.4999038,-30.133987],[-51.5387942,-30.1536063],[-51.5414567,-30.181625],[-51.5588031,-30.2032008],[-51.5723557,-30.2013921],[-51.587334,-30.2138518],[-51.6078778,-30.207091],[-51.6347137,-30.1740158],[-51.6794201,-30.1846039],[-51.6950393,-30.1770805],[-51.6906809,-30.1451924],[-51.6999017,-30.1414344],[-51.6950167,-30.1376256],[-51.7019805,-30.1260929],[-51.6919243,-30.1138093],[-51.6915698,-30.0829507],[-51.66187,-30.0728282],[-51.6449232,-30.0815357],[-51.626957,-30.0727214],[-51.6199009,-30.0622295],[-51.6254775,-30.050922],[-51.6141122,-30.0482495],[-51.6029447,-30.0322037],[-51.611296,-30.020253],[-51.5967297,-30.0114741],[-51.5738986,-30.0225215],[-51.5715585,-30.034784],[-51.5365935,-30.0485317],[-51.5256274,-30.0384138],[-51.4960076,-30.0376429],[-51.4567451,-30.017146],[-51.4347922,-29.9831761],[-51.4043093,-29.9872939],[-51.3126532,-29.9486288],[-51.2849933,-29.9708022],[-51.2642272,-30.0027382],[-51.2617175,-30.0104922],[-51.2719237,-30.0405549],[-51.2796385,-30.0378394],[-51.268159,-30.0164794],[-51.2776471,-30.0109175],[-51.2826157,-30.0219302],[-51.2924052,-30.0003097],[-51.3022866,-30.0099007]]]}},{"type":"Feature","properties":{"level":"municipio","municipality_code":"4306809","municipality_name":"Encantado","uf":"RS","state_code":"43","area_km2":140.006},"geometry":{"type":"Polygon","coordinates":[[[-51.854507,-29.2254214],[-51.8653497,-29.2510339],[-51.8723077,-29.2850533],[-51.891382,-29.2809139],[-51.8995265,-29.2957977],[-51.9270733,-29.2876311],[-51.9465447,-29.2717264],[-51.9469159,-29.2469724],[-51.9647643,-29.2468627],[-51.9581523,-29.2019861],[-51.9792854,-29.2015815],[-51.9799357,-29.1742859],[-52.0014642,-29.1745628],[-52.0015471,-29.161745],[-51.9806025,-29.1522035],[-51.9927842,-29.1436127],[-51.9817579,-29.1347674],[-51.9587695,-29.1553809],[-51.9508174,-29.1542109],[-51.9545299,-29.1468989],[-51.9445672,-29.1527416],[-51.9301845,-29.1412604],[-51.9200431,-29.1474202],[-51.8979592,-29.1436385],[-51.8861239,-29.1713984],[-51.8953333,-29.1816598],[-51.8716465,-29.1952972],[-51.8740986,-29.2242694],[-51.854507,-29.2254214]]]}},{"type":"Feature","properties":{"level":"municipio","municipality_code":"4306908","municipality_name":"Encruzilhada do Sul","uf":"RS","state_code":"43","area_km2":3347.861},"geometry":{"type":"Polygon","coordinates":[[[-52.5788068,-30.3738337],[-52.56197,-30.3603094],[-52.5435328,-30.3623646],[-52.5359747,-30.3552642],[-52.5573405,-30.3448691],[-52.5593622,-30.2851918],[-52.5373548,-30.2828419],[-52.5312789,-30.2723901],[-52.5074442,-30.3048067],[-52.5090704,-30.3521616],[-52.5015037,-30.3623478],[-52.4189032,-30.362983],[-52.4143643,-30.3756121],[-52.4022148,-30.380796],[-52.3429449,-30.359014],[-52.3558686,-30.3791498],[-52.3510042,-30.390057],[-52.3607063,-30.3990678],[-52.3483898,-30.4027546],[-52.3495025,-30.4345312],[-52.3546846,-30.432572],[-52.3689417,-30.4536632],[-52.3749681,-30.4516298],[-52.3733509,-30.4594116],[-52.390177,-30.47201],[-52.3911675,-30.4815729],[-52.404563,-30.4846559],[-52.3991651,-30.4949774],[-52.4046723,-30.5068114],[-52.3979238,-30.5077893],[-52.4212462,-30.5302676],[-52.4242886,-30.5432741],[-52.4184276,-30.5479983],[-52.4537272,-30.560727],[-52.452229,-30.577087],[-52.4340374,-30.5746401],[-52.380425,-30.6060457],[-52.3622881,-30.6055825],[-52.3544361,-30.6270273],[-52.3422585,-30.6310031],[-52.3443767,-30.6715582],[-52.3352436,-30.6882452],[-52.3434568,-30.6957902],[-52.3526822,-30.687893],[-52.3754317,-30.6871495],[-52.3910098,-30.6628198],[-52.4480063,-30.6554214],[-52.430276,-30.6977538],[-52.4568332,-30.797148],[-52.4473267,-30.8014661],[-52.4348126,-30.8360729],[-52.4187537,-30.8544635],[-52.4285107,-30.8877834],[-52.4222607,-30.9058502],[-52.4268836,-30.9151324],[-52.4303088,-30.9004897],[-52.4399658,-30.8957652],[-52.4653502,-30.9172542],[-52.4767296,-30.9105737],[-52.4913368,-30.926488],[-52.5004218,-30.9214325],[-52.5210432,-30.9334829],[-52.56155,-30.9282925],[-52.5537423,-30.9345967],[-52.5597468,-30.9479216],[-52.581941,-30.9406826],[-52.6014251,-30.9546046],[-52.6296733,-30.9459581],[-52.6290869,-30.9601261],[-52.6361105,-30.964606],[-52.6530352,-30.9212881],[-52.6748489,-30.9073542],[-52.7304578,-30.8953371],[-52.8029714,-30.9051804],[-52.8099887,-30.9130356],[-52.8304125,-30.9049344],[-52.8383222,-30.9141887],[-52.8950638,-30.9311687],[-52.9082857,-30.9229782],[-52.912175,-30.9415368],[-52.927025,-30.925571],[-52.9336464,-30.9325199],[-52.9644774,-30.9334559],[-53.004291,-30.9212835],[-53.0058039,-30.9325049],[-53.0166926,-30.9295316],[-53.020689,-30.9194336],[-53.0127649,-30.908204],[-53.0185175,-30.9053817],[-52.9846629,-30.8717048],[-52.9876761,-30.8561353],[-52.9607918,-30.8587615],[-52.9475552,-30.8294974],[-52.9643622,-30.8140091],[-52.9482622,-30.7863146],[-52.9570047,-30.7828807],[-52.9548721,-30.7711924],[-52.9630193,-30.7597348],[-52.9493235,-30.7393901],[-52.9746654,-30.7287139],[-52.9725292,-30.7187957],[-52.9782905,-30.718178],[-52.9722316,-30.7148445],[-52.9918948,-30.6984469],[-52.9826307,-30.69107],[-52.9945526,-30.682677],[-52.9746764,-30.6721538],[-52.9745952,-30.6040981],[-52.9313226,-30.6064864],[-52.9059256,-30.5741952],[-52.9118351,-30.5433306],[-52.8834062,-30.4876439],[-52.8926894,-30.4376096],[-52.8765459,-30.4265057],[-52.8835605,-30.4206878],[-52.8701686,-30.4184125],[-52.8831452,-30.4074282],[-52.8747571,-30.3868871],[-52.8852635,-30.369912],[-52.8779686,-30.3711845],[-52.8780072,-30.361247],[-52.8842835,-30.36093],[-52.8777114,-30.3441486],[-52.8652493,-30.3410727],[-52.8696423,-30.3501331],[-52.8621981,-30.3585777],[-52.8513493,-30.3420346],[-52.8415864,-30.3454752],[-52.8425414,-30.3362638],[-52.8110129,-30.3352288],[-52.7906348,-30.3022649],[-52.7910493,-30.3413279],[-52.7646771,-30.3417841],[-52.7497242,-30.3625572],[-52.7135777,-30.3655644],[-52.7068767,-30.3509609],[-52.6894872,-30.3420642],[-52.6883593,-30.272691],[-52.6712209,-30.2568497],[-52.6690981,-30.228536],[-52.6573708,-30.2093709],[-52.6453028,-30.2113961],[-52.6261545,-30.244261],[-52.6158324,-30.2956816],[-52.6029094,-30.3151711],[-52.6089774,-30.3396129],[-52.5951412,-30.3436463],[-52.5788068,-30.3738337]]]}},{"type":"Feature","properties":{"level":"municipio","municipality_code":"4306924","municipality_name":"Engenho Velho","uf":"RS","state_code":"43","area_km2":71.191},"geometry":{"type":"Polygon","coordinates":[[[-52.8947791,-27.7508373],[-52.949993,-27.7185946],[-52.9555906,-27.6888901],[-52.966451,-27.6770843],[-52.9571839,-27.6742096],[-52.9491374,-27.6878713],[-52.9473873,-27.6791335],[-52.9333163,-27.6839047],[-52.9031217,-27.6693005],[-52.899585,-27.6608241],[-52.908002,-27.6499446],[-52.9391059,-27.6360312],[-52.9146822,-27.607457],[-52.8917827,-27.6195963],[-52.8686448,-27.671539],[-52.8819695,-27.6726848],[-52.8986869,-27.7032699],[-52.8765088,-27.6961774],[-52.8546853,-27.7029825],[-52.8620093,-27.7132019],[-52.8955717,-27.7211307],[-52.8836698,-27.7326181],[-52.8947791,-27.7508373]]]}},{"type":"Feature","properties":{"level":"municipio","municipality_code":"4306957","municipality_name":"Entre Rios do Sul","uf":"RS","state_code":"43","area_km2":119.912},"geometry":{"type":"Polygon","coordinates":[[[-52.7574013,-27.5127326],[-52.8017869,-27.5010272],[-52.7898551,-27.4846002],[-52.7944172,-27.4746186],[-52.7764656,-27.4818186],[-52.7831665,-27.4655083],[-52.7690942,-27.466398],[-52.7747812,-27.453785],[-52.7563433,-27.459613],[-52.7562655,-27.446342],[-52.7446838,-27.4469753],[-52.7450159,-27.4327416],[-52.7267454,-27.436217],[-52.7217593,-27.4490904],[-52.7339935,-27.4546254],[-52.7146853,-27.4598612],[-52.7247528,-27.4740888],[-52.7171208,-27.4792166],[-52.7172982,-27.4704763],[-52.7022274,-27.4657058],[-52.7132391,-27.4845601],[-52.6948992,-27.4838433],[-52.7065842,-27.4946777],[-52.6810329,-27.5041098],[-52.6927017,-27.515104],[-52.6676607,-27.5165091],[-52.6804322,-27.523861],[-52.6734274,-27.5286661],[-52.6756457,-27.538195],[-52.6721364,-27.5308752],[-52.6632603,-27.5338078],[-52.6725354,-27.5529759],[-52.6588952,-27.5655518],[-52.6782443,-27.5689439],[-52.6702564,-27.5794957],[-52.7339423,-27.5909932],[-52.7676689,-27.5870206],[-52.7610172,-27.5795571],[-52.7504956,-27.5832715],[-52.7397083,-27.5603729],[-52.7467489,-27.5467424],[-52.7549211,-27.5555176],[-52.7672765,-27.5528072],[-52.7472002,-27.538383],[-52.7616825,-27.5249564],[-52.7574013,-27.5127326]]]}},{"type":"Feature","properties":{"level":"municipio","municipality_code":"4306932","municipality_name":"Entre-Ijuís","uf":"RS","state_code":"43","area_km2":553.915},"geometry":{"type":"Polygon","coordinates":[[[-54.2281922,-28.3642432],[-54.2165954,-28.3635221],[-54.2328797,-28.3495682],[-54.2251499,-28.3386658],[-54.1888223,-28.3400235],[-54.1813376,-28.3294543],[-54.1607085,-28.3294032],[-54.1551048,-28.3396977],[-54.1309546,-28.3367984],[-54.129903,-28.3429612],[-54.1562686,-28.3535419],[-54.1551483,-28.3657828],[-54.1356416,-28.3649966],[-54.1327234,-28.355339],[-54.1169574,-28.3617107],[-54.093642,-28.4259687],[-54.1486551,-28.432843],[-54.1390068,-28.4658758],[-54.1868928,-28.4580563],[-54.2000049,-28.4413482],[-54.2159277,-28.4549442],[-54.2309724,-28.4424537],[-54.2570801,-28.4461392],[-54.3020566,-28.4292708],[-54.3087589,-28.4407824],[-54.2900847,-28.4381533],[-54.2787845,-28.4541325],[-54.2931158,-28.4440452],[-54.3054525,-28.4589419],[-54.2748386,-28.4744579],[-54.2776738,-28.4853108],[-54.2558941,-28.4919736],[-54.2740301,-28.5039672],[-54.2842838,-28.4999164],[-54.3021603,-28.5086409],[-54.346003,-28.5526483],[-54.3333928,-28.5823981],[-54.3063161,-28.5848814],[-54.3158991,-28.6052768],[-54.3579476,-28.631211],[-54.3778688,-28.6596052],[-54.3918009,-28.6660745],[-54.401098,-28.6582887],[-54.4087964,-28.6675574],[-54.4152449,-28.6651008],[-54.4123537,-28.6534125],[-54.4243217,-28.6608377],[-54.4377752,-28.6548448],[-54.4415265,-28.6448742],[-54.4182669,-28.599577],[-54.4261523,-28.5869875],[-54.4481319,-28.5820144],[-54.4338281,-28.5630119],[-54.3943641,-28.56664],[-54.4163516,-28.5380654],[-54.4203207,-28.5209132],[-54.4633076,-28.48867],[-54.403857,-28.4577576],[-54.3972104,-28.4441991],[-54.370396,-28.4278498],[-54.3702607,-28.4014655],[-54.3777406,-28.3961635],[-54.3704989,-28.3738865],[-54.3761264,-28.3698968],[-54.3667221,-28.3548955],[-54.3814283,-28.3636783],[-54.3894159,-28.3571039],[-54.3781683,-28.3473926],[-54.3520873,-28.3539641],[-54.3422636,-28.3209975],[-54.3283399,-28.3183969],[-54.3294123,-28.3299488],[-54.3147801,-28.3326426],[-54.311593,-28.3145718],[-54.2969615,-28.3115154],[-54.2899468,-28.3183773],[-54.303652,-28.3258467],[-54.2996392,-28.3398427],[-54.2816341,-28.3571197],[-54.2609525,-28.3504279],[-54.2640875,-28.326418],[-54.2325708,-28.3226172],[-54.2306148,-28.3333621],[-54.2499034,-28.337979],[-54.2521778,-28.3453537],[-54.2281922,-28.3642432]]]}},{"type":"Feature","properties":{"level":"municipio","municipality_code":"4306973","municipality_name":"Erebango","uf":"RS","state_code":"43","area_km2":152.793},"geometry":{"type":"Polygon","coordinates":[[[-52.2697262,-27.8211023],[-52.2593491,-27.8289262],[-52.2687404,-27.8471126],[-52.2594506,-27.8583032],[-52.3093763,-27.9053856],[-52.3147659,-27.8940158],[-52.3429505,-27.8907253],[-52.3570262,-27.899145],[-52.3568097,-27.8776292],[-52.365721,-27.8812554],[-52.3704005,-27.8727418],[-52.4089937,-27.8579931],[-52.4044207,-27.8457654],[-52.3886555,-27.8518197],[-52.3836026,-27.8323028],[-52.364563,-27.827476],[-52.3799409,-27.8135305],[-52.3653917,-27.8076351],[-52.3662845,-27.7909553],[-52.3492099,-27.7987469],[-52.3432912,-27.7804723],[-52.325675,-27.7696369],[-52.3278682,-27.7488632],[-52.3037883,-27.7458681],[-52.288127,-27.7533391],[-52.2770907,-27.7820679],[-52.2366587,-27.7846784],[-52.2395622,-27.7986775],[-52.2521155,-27.7998198],[-52.2609931,-27.8197014],[-52.2697262,-27.8211023]]]}},{"type":"Feature","properties":{"level":"municipio","municipality_code":"4307005","municipality_name":"Erechim","uf":"RS","state_code":"43","area_km2":429.164},"geometry":{"type":"Polygon","coordinates":[[[-52.2870219,-27.7541446],[-52.3037883,-27.7458681],[-52.3327821,-27.75049],[-52.306926,-27.6994506],[-52.3212058,-27.7055272],[-52.321595,-27.6609352],[-52.3421956,-27.660973],[-52.3491415,-27.5276555],[-52.3441544,-27.5093579],[-52.2559739,-27.5110622],[-52.2625737,-27.5040227],[-52.2571914,-27.4978945],[-52.246752,-27.5027578],[-52.2521349,-27.4903058],[-52.2371672,-27.4822397],[-52.237321,-27.5010701],[-52.2261935,-27.5102871],[-52.2266611,-27.5289655],[-52.2187203,-27.5296336],[-52.2174287,-27.5417874],[-52.2273308,-27.5425608],[-52.2274313,-27.5517508],[-52.2381845,-27.5434729],[-52.2371782,-27.5692634],[-52.1856542,-27.5681419],[-52.1816733,-27.6643528],[-52.1698998,-27.6554146],[-52.1642039,-27.6687993],[-52.1551113,-27.6690311],[-52.1497543,-27.7219735],[-52.1555766,-27.7271936],[-52.1480691,-27.7333158],[-52.1727609,-27.7513021],[-52.1830688,-27.7458583],[-52.1990065,-27.7503117],[-52.2366587,-27.7846784],[-52.2770907,-27.7820679],[-52.2870219,-27.7541446]]]}},{"type":"Feature","properties":{"level":"municipio","municipality_code":"4307054","municipality_name":"Ernestina","uf":"RS","state_code":"43","area_km2":238.558},"geometry":{"type":"Polygon","coordinates":[[[-52.5523154,-28.5297975],[-52.6043454,-28.5109391],[-52.615255,-28.5190583],[-52.6221366,-28.5129768],[-52.6227703,-28.4905366],[-52.6116834,-28.4847411],[-52.6094985,-28.4602721],[-52.5981304,-28.4556501],[-52.5887395,-28.4296782],[-52.6132869,-28.4063234],[-52.6376778,-28.407339],[-52.6327243,-28.3872809],[-52.6477215,-28.3832986],[-52.6492197,-28.3724007],[-52.6199382,-28.3664364],[-52.6300542,-28.3543851],[-52.6205046,-28.3463804],[-52.5625034,-28.3194627],[-52.5501855,-28.3352674],[-52.5304696,-28.3388383],[-52.5131348,-28.3529677],[-52.509682,-28.4102373],[-52.461519,-28.3798349],[-52.44367,-28.4041595],[-52.4507319,-28.405733],[-52.4451033,-28.4160795],[-52.4715593,-28.4312235],[-52.4862645,-28.4601704],[-52.5045611,-28.4668131],[-52.5183145,-28.4950273],[-52.544566,-28.4980335],[-52.544418,-28.5167784],[-52.5553845,-28.5195342],[-52.5523154,-28.5297975]]]}},{"type":"Feature","properties":{"level":"municipio","municipality_code":"4307203","municipality_name":"Erval Grande","uf":"RS","state_code":"43","area_km2":285.677},"geometry":{"type":"Polygon","coordinates":[[[-52.5388474,-27.4924375],[-52.5822238,-27.4583559],[-52.5931716,-27.4685073],[-52.6200454,-27.4514278],[-52.6184252,-27.4322438],[-52.6012931,-27.404305],[-52.613449,-27.3944091],[-52.6063656,-27.3867864],[-52.6206719,-27.3779064],[-52.6127297,-27.3700445],[-52.6221004,-27.3634612],[-52.61982,-27.3496813],[-52.6335621,-27.3493192],[-52.6378028,-27.3374412],[-52.6465245,-27.3409935],[-52.6629481,-27.3287142],[-52.6621539,-27.3098518],[-52.6915217,-27.2844197],[-52.6685941,-27.2383371],[-52.6553159,-27.2415053],[-52.6448915,-27.2616679],[-52.6265927,-27.2660935],[-52.5874994,-27.2468901],[-52.5636001,-27.2489161],[-52.5507378,-27.2383728],[-52.5421758,-27.2438278],[-52.5330715,-27.2679922],[-52.5379118,-27.2764495],[-52.5254978,-27.2790811],[-52.5407493,-27.289565],[-52.5296315,-27.2955363],[-52.5257431,-27.3091416],[-52.5388409,-27.3094117],[-52.53238,-27.3271172],[-52.5202527,-27.3332837],[-52.5265562,-27.3367582],[-52.5222535,-27.3451824],[-52.5135412,-27.3480702],[-52.5192243,-27.3540062],[-52.5038535,-27.3528129],[-52.4983091,-27.3598155],[-52.5144857,-27.3773402],[-52.5016861,-27.3782166],[-52.5043659,-27.3907138],[-52.4957356,-27.3944873],[-52.5042349,-27.4146352],[-52.5163559,-27.4117276],[-52.5090602,-27.434635],[-52.5225851,-27.4425205],[-52.5150578,-27.4553817],[-52.5276315,-27.4638719],[-52.5171527,-27.476645],[-52.5264021,-27.4764256],[-52.5388474,-27.4924375]]]}},{"type":"Feature","properties":{"level":"municipio","municipality_code":"4307302","municipality_name":"Erval Seco","uf":"RS","state_code":"43","area_km2":357.181},"geometry":{"type":"Polygon","coordinates":[[[-53.4551703,-27.6188281],[-53.4593924,-27.6268091],[-53.4766315,-27.6298989],[-53.4968379,-27.6047348],[-53.5140501,-27.6008905],[-53.5783038,-27.614613],[-53.5738746,-27.6037523],[-53.586457,-27.5863057],[-53.5799572,-27.5773619],[-53.5685191,-27.5778089],[-53.5838779,-27.5698561],[-53.5695372,-27.5661422],[-53.5951212,-27.563182],[-53.5755314,-27.5581714],[-53.5731491,-27.5507625],[-53.582208,-27.5497203],[-53.5829779,-27.5411915],[-53.5689335,-27.542956],[-53.5829892,-27.5314192],[-53.5643484,-27.5324189],[-53.5831237,-27.5200611],[-53.5637613,-27.5155891],[-53.5726421,-27.5084332],[-53.5726616,-27.4817119],[-53.5539077,-27.4767647],[-53.5611035,-27.4637639],[-53.5668416,-27.4720119],[-53.5703449,-27.4669335],[-53.5527659,-27.4555982],[-53.5611484,-27.4408896],[-53.5728632,-27.442717],[-53.5831326,-27.4557802],[-53.6177121,-27.4713512],[-53.6262628,-27.4495775],[-53.6505454,-27.4262929],[-53.6394158,-27.4126865],[-53.6545629,-27.4036678],[-53.6428131,-27.4007655],[-53.6559645,-27.3915732],[-53.6486061,-27.3858911],[-53.6566006,-27.3754003],[-53.6488545,-27.3750945],[-53.6670381,-27.370209],[-53.6592107,-27.3626768],[-53.6472205,-27.3678926],[-53.6610639,-27.3601598],[-53.6594567,-27.3537023],[-53.637418,-27.3451642],[-53.6486956,-27.3576037],[-53.637726,-27.3613367],[-53.6278753,-27.3551078],[-53.6191027,-27.3921179],[-53.6075803,-27.3692027],[-53.5994524,-27.3722224],[-53.6048321,-27.386764],[-53.5968881,-27.3916968],[-53.5898645,-27.392435],[-53.5870518,-27.3795708],[-53.5730118,-27.3908497],[-53.5520424,-27.3909515],[-53.5718321,-27.4049682],[-53.5578065,-27.4206637],[-53.5523717,-27.4136562],[-53.5455868,-27.420693],[-53.5357685,-27.4181817],[-53.5476084,-27.4266457],[-53.5461309,-27.4340462],[-53.5369474,-27.4264726],[-53.5279883,-27.4380189],[-53.5056464,-27.4338534],[-53.5154823,-27.4424673],[-53.5075619,-27.4436768],[-53.5044628,-27.4597108],[-53.4951075,-27.4491505],[-53.4884952,-27.4526016],[-53.4915166,-27.4592581],[-53.4700277,-27.4534088],[-53.4792973,-27.4697171],[-53.4574272,-27.4736439],[-53.4553192,-27.4805292],[-53.4673061,-27.4793609],[-53.4592956,-27.4933996],[-53.4472273,-27.4967651],[-53.4496272,-27.4895354],[-53.4431422,-27.4884421],[-53.424328,-27.5037002],[-53.4431464,-27.5050988],[-53.4262451,-27.5112721],[-53.4385998,-27.5147498],[-53.4305078,-27.5294315],[-53.4040246,-27.5426382],[-53.4110009,-27.5451477],[-53.4068221,-27.5610726],[-53.4149792,-27.5653259],[-53.4033466,-27.5663539],[-53.3996675,-27.5814676],[-53.3805197,-27.5890611],[-53.3837555,-27.6003373],[-53.3938334,-27.6016225],[-53.3896406,-27.611155],[-53.3811481,-27.6102171],[-53.3830975,-27.6213308],[-53.3988828,-27.6124226],[-53.4059958,-27.6147321],[-53.4011154,-27.6218529],[-53.431236,-27.6350767],[-53.4551703,-27.6188281]]]}},{"type":"Feature","properties":{"level":"municipio","municipality_code":"4307401","municipality_name":"Esmeralda","uf":"RS","state_code":"43","area_km2":829.587},"geometry":{"type":"Polygon","coordinates":[[[-51.2659165,-28.0749557],[-51.2946707,-28.0586449],[-51.3047578,-28.0667366],[-51.3333821,-28.0388343],[-51.3436958,-28.0379782],[-51.3433616,-28.0199136],[-51.3361602,-28.0160216],[-51.3501724,-27.9995405],[-51.3340315,-27.9835108],[-51.3437793,-27.9784398],[-51.3548903,-27.9859532],[-51.3603382,-27.9786456],[-51.3398379,-27.9694835],[-51.3394472,-27.9431832],[-51.3302626,-27.9387516],[-51.3325735,-27.9312779],[-51.3623797,-27.9260636],[-51.3625064,-27.9167464],[-51.3702267,-27.9144427],[-51.3711232,-27.8855665],[-51.3600554,-27.8800595],[-51.3775286,-27.8804423],[-51.3658301,-27.8633992],[-51.3550188,-27.8634459],[-51.3531305,-27.8718915],[-51.3107237,-27.8734318],[-51.2815608,-27.8571076],[-51.2772617,-27.8425317],[-51.2668624,-27.8604273],[-51.2725101,-27.8781017],[-51.2595625,-27.8913523],[-51.2613772,-27.9025941],[-51.2519841,-27.9030034],[-51.2633506,-27.9405259],[-51.2398837,-27.979526],[-51.2187197,-27.9771847],[-51.2136058,-27.9842702],[-51.2019956,-27.9602527],[-51.1667838,-27.9579114],[-51.1361233,-27.9330522],[-51.1094342,-27.9339252],[-51.1015166,-27.9187921],[-51.1083862,-27.9132095],[-51.0716365,-27.9026305],[-51.0718293,-27.8840457],[-51.0566659,-27.8867544],[-51.0544395,-27.9052607],[-51.016458,-27.9255084],[-51.0206721,-27.9544292],[-50.9982647,-27.9660706],[-51.0013727,-27.9759504],[-50.9904047,-27.9949193],[-51.0112733,-28.0027083],[-51.0179231,-28.0223054],[-51.0411527,-28.0281938],[-51.038487,-28.0338224],[-51.0330437,-28.0284428],[-51.026728,-28.0426324],[-51.0344346,-28.0488175],[-51.0271541,-28.058384],[-51.0429929,-28.0665073],[-51.0354064,-28.0811151],[-51.0395279,-28.1100335],[-51.0335204,-28.1277849],[-51.043502,-28.1327324],[-51.0455934,-28.1670232],[-51.0608014,-28.1722598],[-51.0624851,-28.1837716],[-51.0403245,-28.2054254],[-51.0095163,-28.2044676],[-51.0170488,-28.2164536],[-51.0583906,-28.2346565],[-51.0812888,-28.2329142],[-51.1020433,-28.2135134],[-51.1028912,-28.1936209],[-51.1235991,-28.1996145],[-51.1537527,-28.1761098],[-51.1753855,-28.1892042],[-51.1970672,-28.1869614],[-51.2059987,-28.1778116],[-51.2134879,-28.1819553],[-51.234624,-28.1695938],[-51.2462088,-28.1454222],[-51.2611579,-28.1338591],[-51.2561965,-28.1194975],[-51.2635321,-28.1132223],[-51.2540817,-28.0925086],[-51.2659165,-28.0749557]]]}},{"type":"Feature","properties":{"level":"municipio","municipality_code":"4307450","municipality_name":"Esperança do Sul","uf":"RS","state_code":"43","area_km2":148.909},"geometry":{"type":"Polygon","coordinates":[[[-53.9565379,-27.3783774],[-53.9792753,-27.3895757],[-54.0004267,-27.3886964],[-54.0249128,-27.4002293],[-54.0395045,-27.3671169],[-54.054697,-27.3588814],[-54.0597175,-27.3459679],[-54.0666373,-27.3478076],[-54.0730765,-27.3361781],[-54.0675119,-27.3284568],[-54.0825607,-27.3176797],[-54.0876193,-27.3262545],[-54.0951399,-27.3131386],[-54.1154776,-27.3042901],[-54.0802805,-27.2977493],[-54.0550176,-27.2639779],[-54.0496805,-27.2767967],[-54.0275592,-27.270713],[-54.0288564,-27.2801155],[-53.9946881,-27.2633461],[-54.001619,-27.2739907],[-53.9825239,-27.2718544],[-53.9898996,-27.2824645],[-53.9808084,-27.2818399],[-53.9615434,-27.3010439],[-53.9324611,-27.2965224],[-53.952939,-27.3114845],[-53.9534216,-27.3196402],[-53.9363178,-27.3091514],[-53.9323477,-27.3220402],[-53.916974,-27.3253295],[-53.9298301,-27.3311159],[-53.9296668,-27.344955],[-53.9498277,-27.3600265],[-53.9565379,-27.3783774]]]}},{"type":"Feature","properties":{"level":"municipio","municipality_code":"4307500","municipality_name":"Espumoso","uf":"RS","state_code":"43","area_km2":783.642},"geometry":{"type":"Polygon","coordinates":[[[-52.8472018,-29.0343765],[-52.8552395,-29.0425707],[-52.9528953,-28.9555355],[-52.9772176,-28.9471186],[-53.0151055,-28.950375],[-53.007299,-28.9224291],[-53.0191804,-28.9163715],[-52.9757092,-28.9136401],[-52.9626359,-28.930674],[-52.9515793,-28.9262569],[-52.9302376,-28.9339228],[-52.9202388,-28.9096575],[-52.9660939,-28.8817481],[-52.9634179,-28.8693966],[-52.9471081,-28.8752073],[-52.9390476,-28.8488581],[-52.9458839,-28.8323381],[-52.9558245,-28.831765],[-52.9677073,-28.8144646],[-52.9267812,-28.8132885],[-52.9245744,-28.805863],[-52.9346031,-28.7964968],[-52.9249364,-28.7881983],[-52.9387675,-28.7882119],[-52.9273898,-28.7784264],[-52.9329727,-28.7463642],[-52.9532825,-28.7392423],[-52.9255631,-28.7297986],[-52.9189993,-28.7349703],[-52.8886765,-28.7290724],[-52.8741717,-28.7062708],[-52.8579109,-28.7113825],[-52.8536375,-28.7236998],[-52.8456707,-28.7173565],[-52.832458,-28.7248764],[-52.8215054,-28.7077737],[-52.8053717,-28.703522],[-52.8117022,-28.7043725],[-52.8210968,-28.687981],[-52.8194615,-28.6785941],[-52.8072282,-28.6797806],[-52.805375,-28.6939482],[-52.7917532,-28.6879055],[-52.7807555,-28.7009343],[-52.7746708,-28.6959697],[-52.7826343,-28.6787407],[-52.772206,-28.6781242],[-52.7817357,-28.6570923],[-52.7700504,-28.6458612],[-52.7573664,-28.6712208],[-52.7482598,-28.6661264],[-52.7311061,-28.6726572],[-52.7301892,-28.6799615],[-52.7446215,-28.6805643],[-52.740165,-28.6880342],[-52.7284074,-28.6852512],[-52.7190168,-28.7069407],[-52.7306992,-28.7125801],[-52.7343217,-28.730326],[-52.724584,-28.7348192],[-52.7305868,-28.7618545],[-52.7094414,-28.7898723],[-52.7181976,-29.0099431],[-52.7615041,-29.0284447],[-52.7720497,-29.0194093],[-52.7802184,-29.0328938],[-52.8016052,-29.0202309],[-52.8101014,-29.0266339],[-52.800395,-29.0370123],[-52.8052548,-29.0443736],[-52.8171355,-29.0315089],[-52.8319719,-29.0367691],[-52.8356468,-29.0317067],[-52.8402911,-29.0393464],[-52.8472018,-29.0343765]]]}},{"type":"Feature","properties":{"level":"municipio","municipality_code":"4307559","municipality_name":"Estação","uf":"RS","state_code":"43","area_km2":99.757},"geometry":{"type":"Polygon","coordinates":[[[-52.2782437,-27.875822],[-52.2322965,-27.9162906],[-52.2196578,-27.9122674],[-52.2182344,-27.9499047],[-52.2327026,-27.973927],[-52.2685498,-27.9547756],[-52.2952293,-27.9546547],[-52.3348005,-27.9765327],[-52.339426,-27.9465657],[-52.3529647,-27.9455446],[-52.3717772,-27.9279965],[-52.3663255,-27.9126907],[-52.3523829,-27.9124868],[-52.344424,-27.8914792],[-52.3147659,-27.8940158],[-52.3093763,-27.9053856],[-52.2782437,-27.875822]]]}},{"type":"Feature","properties":{"level":"municipio","municipality_code":"4307708","municipality_name":"Esteio","uf":"RS","state_code":"43","area_km2":27.676},"geometry":{"type":"Polygon","coordinates":[[[-51.1012613,-29.8687006],[-51.2316129,-29.8623114],[-51.2313269,-29.8508147],[-51.2026888,-29.8357097],[-51.1954324,-29.841555],[-51.1947064,-29.8316846],[-51.1880506,-29.840209],[-51.1909215,-29.8319414],[-51.1793078,-29.8295526],[-51.1012613,-29.8687006]]]}},{"type":"Feature","properties":{"level":"municipio","municipality_code":"4307807","municipality_name":"Estrela","uf":"RS","state_code":"43","area_km2":185.032},"geometry":{"type":"Polygon","coordinates":[[[-51.8717095,-29.5189024],[-51.8724907,-29.543922],[-51.8813812,-29.5587767],[-51.9099816,-29.578511],[-51.9352539,-29.5815695],[-51.9516566,-29.6090015],[-51.9996142,-29.5889617],[-51.9752157,-29.5354709],[-51.982128,-29.5129357],[-51.9692469,-29.4977675],[-51.9781374,-29.4882192],[-51.9745412,-29.4786902],[-51.9495982,-29.467821],[-51.9364305,-29.4494232],[-51.918793,-29.451255],[-51.9258817,-29.4365147],[-51.9551497,-29.4234054],[-51.9496378,-29.4156906],[-51.9310891,-29.4172074],[-51.9326767,-29.425606],[-51.8423509,-29.4239608],[-51.8474331,-29.4650453],[-51.8717095,-29.5189024]]]}},{"type":"Feature","properties":{"level":"municipio","municipality_code":"4307815","municipality_name":"Estrela Velha","uf":"RS","state_code":"43","area_km2":281.613},"geometry":{"type":"Polygon","coordinates":[[[-53.1373762,-29.253443],[-53.1235035,-29.2628656],[-53.1465603,-29.2673737],[-53.1416682,-29.3131937],[-53.1500017,-29.3116461],[-53.1583636,-29.3282265],[-53.1675403,-29.3223959],[-53.1684509,-29.3351031],[-53.1796595,-29.3250205],[-53.1938779,-29.3274048],[-53.1909677,-29.3362433],[-53.1689745,-29.3439185],[-53.1886926,-29.3485011],[-53.1972249,-29.3643248],[-53.2310432,-29.350119],[-53.2417685,-29.3341786],[-53.2284988,-29.3275818],[-53.2363007,-29.3181358],[-53.2300005,-29.3092301],[-53.2475259,-29.2880917],[-53.2376583,-29.283821],[-53.2390573,-29.2634317],[-53.2227321,-29.2740032],[-53.2089973,-29.2667147],[-53.22705,-29.2545496],[-53.2375817,-29.2568499],[-53.2327411,-29.2453666],[-53.2493802,-29.2384633],[-53.2424871,-29.1991952],[-53.2480379,-29.1922981],[-53.2666997,-29.192252],[-53.2434931,-29.1717058],[-53.2570242,-29.1667853],[-53.2584727,-29.1394322],[-53.2080974,-29.1399857],[-53.1861387,-29.1303228],[-53.1636857,-29.1371746],[-53.1472038,-29.1299716],[-53.1225787,-29.1467544],[-53.0942656,-29.1398567],[-53.0646194,-29.1842291],[-53.0794483,-29.1885073],[-53.0739754,-29.2030999],[-53.0942294,-29.1965096],[-53.0866574,-29.2089918],[-53.0984149,-29.207421],[-53.1059742,-29.2158906],[-53.1002726,-29.2223155],[-53.1113887,-29.2204962],[-53.1187108,-29.2329138],[-53.1348273,-29.2281066],[-53.1197854,-29.2490817],[-53.1373762,-29.253443]]]}},{"type":"Feature","properties":{"level":"municipio","municipality_code":"4307609","municipality_name":"Estância Velha","uf":"RS","state_code":"43","area_km2":51.779},"geometry":{"type":"Polygon","coordinates":[[[-51.2088368,-29.6088754],[-51.1330514,-29.6280052],[-51.1346017,-29.638074],[-51.1421738,-29.6370058],[-51.1433094,-29.6699116],[-51.2028054,-29.6795609],[-51.212175,-29.6957698],[-51.2305274,-29.65012],[-51.2309374,-29.6167501],[-51.2143801,-29.6214305],[-51.2088368,-29.6088754]]]}},{"type":"Feature","properties":{"level":"municipio","municipality_code":"4307831","municipality_name":"Eugênio de Castro","uf":"RS","state_code":"43","area_km2":417.821},"geometry":{"type":"Polygon","coordinates":[[[-54.1279923,-28.490126],[-54.1284028,-28.5547185],[-54.1390303,-28.5512197],[-54.146158,-28.5605925],[-54.1518597,-28.5558314],[-54.1478622,-28.5624468],[-54.1361227,-28.5653989],[-54.1530178,-28.5629169],[-54.1535757,-28.5897151],[-54.1644296,-28.5929709],[-54.1531714,-28.5947118],[-54.1487237,-28.6058687],[-54.175833,-28.6184994],[-54.1782894,-28.6363254],[-54.191562,-28.6441908],[-54.196126,-28.6605308],[-54.243894,-28.6467521],[-54.2813007,-28.6768609],[-54.2826112,-28.6614218],[-54.3390842,-28.6741856],[-54.3093915,-28.6902639],[-54.3274936,-28.7266468],[-54.3503475,-28.7055837],[-54.3791163,-28.7015823],[-54.3494823,-28.6657834],[-54.3537342,-28.6563366],[-54.3735905,-28.6663067],[-54.3780201,-28.6538104],[-54.35244,-28.6269939],[-54.3230059,-28.6134506],[-54.3063161,-28.5848814],[-54.3333928,-28.5823981],[-54.346003,-28.5526483],[-54.3021603,-28.5086409],[-54.2842838,-28.4999164],[-54.2740301,-28.5039672],[-54.2559133,-28.4921403],[-54.2776738,-28.4853108],[-54.2748386,-28.4744579],[-54.3054525,-28.4589419],[-54.2931158,-28.4440452],[-54.2787845,-28.4541325],[-54.2900847,-28.4381533],[-54.3087589,-28.4407824],[-54.3020566,-28.4292708],[-54.2570801,-28.4461392],[-54.2309724,-28.4424537],[-54.2159277,-28.4549442],[-54.2000049,-28.4413482],[-54.1868928,-28.4580563],[-54.1569968,-28.4650077],[-54.1522958,-28.4594666],[-54.1390068,-28.4658758],[-54.1409775,-28.4813475],[-54.1279923,-28.490126]]]}},{"type":"Feature","properties":{"level":"municipio","municipality_code":"4307864","municipality_name":"Fagundes Varela","uf":"RS","state_code":"43","area_km2":134.295},"geometry":{"type":"Polygon","coordinates":[[[-51.7546756,-28.8359849],[-51.6671822,-28.8348385],[-51.6509928,-28.8449498],[-51.6497202,-28.8726305],[-51.6204347,-28.8728854],[-51.6207779,-28.886391],[-51.6319018,-28.8790402],[-51.6453892,-28.8841473],[-51.6459904,-28.9102498],[-51.6691441,-28.9111347],[-51.6937005,-28.9317813],[-51.7809132,-28.9374942],[-51.7904362,-28.9323676],[-51.7793566,-28.9145617],[-51.7911663,-28.9168978],[-51.8175631,-28.9010343],[-51.7996567,-28.894153],[-51.7993741,-28.8858681],[-51.7775088,-28.8853868],[-51.7705454,-28.8745548],[-51.7582917,-28.8726074],[-51.765555,-28.864574],[-51.7521438,-28.8558266],[-51.7546756,-28.8359849]]]}},{"type":"Feature","properties":{"level":"municipio","municipality_code":"4307906","municipality_name":"Farroupilha","uf":"RS","state_code":"43","area_km2":361.341},"geometry":{"type":"Polygon","coordinates":[[[-51.3526596,-29.3331202],[-51.3540482,-29.2909161],[-51.4387611,-29.2906841],[-51.4400392,-29.2706852],[-51.4590048,-29.2710467],[-51.4610957,-29.2549573],[-51.4910915,-29.2602441],[-51.4916011,-29.1979041],[-51.390736,-29.1970885],[-51.388457,-29.1560124],[-51.4231519,-29.1561653],[-51.4232078,-29.1271639],[-51.4115913,-29.1272604],[-51.4128835,-29.0874629],[-51.4256696,-29.0876636],[-51.4268033,-29.0700455],[-51.4220911,-29.0598353],[-51.4044239,-29.0556345],[-51.3701591,-29.0686454],[-51.354523,-29.0992762],[-51.3583603,-29.1044109],[-51.3425606,-29.1078595],[-51.3432208,-29.1149311],[-51.2935065,-29.1133722],[-51.2886949,-29.2454081],[-51.265746,-29.2458903],[-51.2667024,-29.29509],[-51.2798115,-29.2995745],[-51.2584057,-29.3114925],[-51.3526596,-29.3331202]]]}},{"type":"Feature","properties":{"level":"municipio","municipality_code":"4308003","municipality_name":"Faxinal do Soturno","uf":"RS","state_code":"43","area_km2":169.514},"geometry":{"type":"Polygon","coordinates":[[[-53.4289394,-29.5124056],[-53.3865327,-29.489076],[-53.3872328,-29.5365164],[-53.3786476,-29.536795],[-53.3724998,-29.5551741],[-53.3728315,-29.5676395],[-53.3799767,-29.5666663],[-53.3832166,-29.576262],[-53.375989,-29.6024251],[-53.4040895,-29.6106455],[-53.413478,-29.5994756],[-53.4496289,-29.6005217],[-53.4637246,-29.5856049],[-53.4773917,-29.6124068],[-53.4882574,-29.6152034],[-53.483792,-29.6263382],[-53.5003535,-29.6173379],[-53.5105625,-29.6238091],[-53.5227351,-29.6078351],[-53.5295942,-29.6154168],[-53.530376,-29.5959848],[-53.549727,-29.5743508],[-53.5517721,-29.5519918],[-53.5683997,-29.5384433],[-53.5592339,-29.5259031],[-53.5416675,-29.5126525],[-53.5136581,-29.5325121],[-53.5189362,-29.5259042],[-53.5072024,-29.5171428],[-53.4945355,-29.51533],[-53.492032,-29.525233],[-53.4779009,-29.5255111],[-53.4762504,-29.5140754],[-53.4289394,-29.5124056]]]}},{"type":"Feature","properties":{"level":"municipio","municipality_code":"4308052","municipality_name":"Faxinalzinho","uf":"RS","state_code":"43","area_km2":143.321},"geometry":{"type":"Polygon","coordinates":[[[-52.6117126,-27.3961306],[-52.6040959,-27.3960311],[-52.6015949,-27.4089205],[-52.6196479,-27.4326978],[-52.6723045,-27.4265915],[-52.6805167,-27.4407421],[-52.6962424,-27.4446806],[-52.7260106,-27.4321749],[-52.7320787,-27.4249187],[-52.7225631,-27.4152881],[-52.7327535,-27.3934331],[-52.7132125,-27.3938227],[-52.7345832,-27.3757922],[-52.7131795,-27.371602],[-52.7341091,-27.3558862],[-52.7285207,-27.3362253],[-52.7416316,-27.3202437],[-52.7162127,-27.319574],[-52.7066003,-27.299462],[-52.6794729,-27.2955396],[-52.6621539,-27.3098518],[-52.6629481,-27.3287142],[-52.6465245,-27.3409935],[-52.6378028,-27.3374412],[-52.6335621,-27.3493192],[-52.61982,-27.3496813],[-52.6221004,-27.3634612],[-52.6127297,-27.3700445],[-52.6206719,-27.3779064],[-52.6063656,-27.3867864],[-52.6117126,-27.3961306]]]}},{"type":"Feature","properties":{"level":"municipio","municipality_code":"4308078","municipality_name":"Fazenda Vilanova","uf":"RS","state_code":"43","area_km2":84.794},"geometry":{"type":"Polygon","coordinates":[[[-51.7960125,-29.5674581],[-51.8082558,-29.6332892],[-51.826763,-29.6487657],[-51.8479257,-29.6392493],[-51.8735403,-29.642577],[-51.8895761,-29.6326793],[-51.8714701,-29.6264876],[-51.8705946,-29.6001013],[-51.8857654,-29.5978448],[-51.873409,-29.5735306],[-51.8826956,-29.560181],[-51.8768075,-29.5465685],[-51.8167604,-29.5293748],[-51.7960125,-29.5674581]]]}},{"type":"Feature","properties":{"level":"municipio","municipality_code":"4308102","municipality_name":"Feliz","uf":"RS","state_code":"43","area_km2":94.659},"geometry":{"type":"Polygon","coordinates":[[[-51.2802312,-29.406911],[-51.2805206,-29.4185497],[-51.2644786,-29.4186462],[-51.2558168,-29.4021765],[-51.2313479,-29.3974908],[-51.2278845,-29.3885189],[-51.1966825,-29.4093913],[-51.2488467,-29.4335758],[-51.2379703,-29.4354165],[-51.23447,-29.4485789],[-51.2485371,-29.4455864],[-51.2729133,-29.4893419],[-51.265294,-29.5029756],[-51.2901457,-29.5252305],[-51.3330031,-29.5249492],[-51.3154325,-29.4831308],[-51.3374834,-29.4685484],[-51.3342589,-29.4321104],[-51.3106487,-29.4198948],[-51.3106959,-29.4129782],[-51.2802312,-29.406911]]]}},{"type":"Feature","properties":{"level":"municipio","municipality_code":"4308201","municipality_name":"Flores da Cunha","uf":"RS","state_code":"43","area_km2":276.241},"geometry":{"type":"Polygon","coordinates":[[[-51.1278786,-29.0059737],[-51.1120781,-29.032656],[-51.1114055,-29.0802525],[-51.1453323,-29.0811266],[-51.1449503,-29.090356],[-51.3081082,-29.088249],[-51.2815848,-29.1128648],[-51.3432208,-29.1149311],[-51.3425606,-29.1078595],[-51.3583603,-29.1044109],[-51.354523,-29.0992762],[-51.3698864,-29.0742565],[-51.3569113,-29.0579938],[-51.3230789,-29.063735],[-51.3138408,-29.0452474],[-51.2605807,-29.036544],[-51.246502,-29.0431167],[-51.2469923,-29.0276102],[-51.2737708,-29.02859],[-51.2750798,-28.9646202],[-51.2617352,-28.9631144],[-51.2375777,-28.9396106],[-51.213012,-28.9429009],[-51.1969778,-28.9297022],[-51.1839587,-28.9452586],[-51.1674576,-28.9505942],[-51.1525964,-28.9722981],[-51.1227443,-28.9820107],[-51.1204463,-28.9989708],[-51.1278786,-29.0059737]]]}},{"type":"Feature","properties":{"level":"municipio","municipality_code":"4308250","municipality_name":"Floriano Peixoto","uf":"RS","state_code":"43","area_km2":168.521},"geometry":{"type":"Polygon","coordinates":[[[-52.0045756,-27.8294034],[-51.9964825,-27.8177926],[-51.983099,-27.8255013],[-51.9737173,-27.8178466],[-51.9558952,-27.8306085],[-51.9444843,-27.8199532],[-51.9403604,-27.8344303],[-51.9198986,-27.8449334],[-51.9238668,-27.8547824],[-51.9329806,-27.8412331],[-51.9373465,-27.8466653],[-51.9272182,-27.8590687],[-51.9372808,-27.8696702],[-51.919479,-27.8696921],[-51.9239402,-27.8818282],[-52.0060687,-27.8902829],[-52.0175539,-27.8812545],[-52.0565785,-27.8823871],[-52.0615735,-27.8928702],[-52.0497939,-27.8957502],[-52.0509105,-27.9063391],[-52.0659817,-27.8948135],[-52.0707891,-27.9139407],[-52.083808,-27.9056754],[-52.1198123,-27.9107351],[-52.1498372,-27.8931001],[-52.1494348,-27.8710636],[-52.1339105,-27.8637618],[-52.1312726,-27.8743022],[-52.1293036,-27.8667229],[-52.1462377,-27.845673],[-52.0909843,-27.7944082],[-52.0826754,-27.8185316],[-52.0705119,-27.8121723],[-52.0586264,-27.8236876],[-52.0700332,-27.8242815],[-52.0629607,-27.8307116],[-52.051661,-27.8257969],[-52.0545886,-27.8158424],[-52.0275823,-27.8257422],[-52.0281623,-27.817855],[-52.0164798,-27.8190314],[-52.0045756,-27.8294034]]]}},{"type":"Feature","properties":{"level":"municipio","municipality_code":"4308300","municipality_name":"Fontoura Xavier","uf":"RS","state_code":"43","area_km2":583.239},"geometry":{"type":"Polygon","coordinates":[[[-52.3424636,-29.1406287],[-52.3514195,-29.1501716],[-52.3730666,-29.1435762],[-52.3694364,-29.1507293],[-52.4020175,-29.1488387],[-52.4080091,-29.1569552],[-52.4251062,-29.1468831],[-52.4273124,-29.1569694],[-52.4576676,-29.1296953],[-52.4618025,-29.1145956],[-52.4784036,-29.1064473],[-52.4685558,-29.0982601],[-52.4756903,-29.0996096],[-52.4751134,-29.0860506],[-52.4954606,-29.0847774],[-52.4990034,-29.0771325],[-52.4911237,-29.07745],[-52.4879284,-29.0559144],[-52.4971726,-29.049057],[-52.4909637,-29.0181773],[-52.4988665,-29.0171572],[-52.4917893,-29.0115194],[-52.4970429,-29.006625],[-52.4909874,-28.9918968],[-52.4986987,-28.9853772],[-52.4939504,-28.9816888],[-52.5038227,-28.9498492],[-52.4860242,-28.9403661],[-52.4928493,-28.9320353],[-52.4882475,-28.9216775],[-52.4980147,-28.9176607],[-52.4821313,-28.9087595],[-52.4869545,-28.9018037],[-52.4683535,-28.906776],[-52.4407951,-28.8934945],[-52.4174411,-28.8938492],[-52.4038336,-28.8811365],[-52.3905274,-28.8852613],[-52.3566809,-28.8756818],[-52.3429796,-28.8828532],[-52.3256166,-28.8704331],[-52.2910697,-28.8776093],[-52.2931761,-28.8882944],[-52.2782442,-28.8877067],[-52.2892305,-28.8958116],[-52.2781905,-28.8999664],[-52.2803367,-28.9124671],[-52.2655882,-28.9222842],[-52.2731851,-28.9311919],[-52.2607506,-28.9325906],[-52.2676516,-28.9454233],[-52.2574286,-28.9519979],[-52.2612141,-28.9602345],[-52.2343682,-28.9687247],[-52.2391207,-28.9755322],[-52.2271369,-28.9709407],[-52.2307925,-28.9873662],[-52.224309,-28.9906948],[-52.2325093,-28.9972484],[-52.2146407,-29.0113055],[-52.2296161,-29.016283],[-52.2147456,-29.0271423],[-52.2260479,-29.0378055],[-52.2860736,-29.0211782],[-52.3036857,-29.0037914],[-52.3116648,-29.0170064],[-52.3335861,-29.0222988],[-52.3365685,-29.0590934],[-52.310939,-29.0870761],[-52.3126404,-29.0954366],[-52.292393,-29.1097912],[-52.2831978,-29.127815],[-52.2941274,-29.1376817],[-52.2843813,-29.1507257],[-52.2992519,-29.1640646],[-52.3003386,-29.1526996],[-52.3104878,-29.1584952],[-52.3199067,-29.1453821],[-52.3273172,-29.1562971],[-52.3424636,-29.1406287]]]}},{"type":"Feature","properties":{"level":"municipio","municipality_code":"4308409","municipality_name":"Formigueiro","uf":"RS","state_code":"43","area_km2":578.875},"geometry":{"type":"Polygon","coordinates":[[[-53.3122422,-29.9835479],[-53.3193663,-29.9940715],[-53.3407464,-29.9963298],[-53.3566955,-30.0160752],[-53.3905609,-30.0227118],[-53.4455629,-30.0475037],[-53.4785033,-30.0431455],[-53.4850967,-30.0484749],[-53.4821949,-30.0594535],[-53.5075823,-30.0655623],[-53.5129111,-30.0549853],[-53.5371242,-30.0601468],[-53.551732,-30.082196],[-53.5867395,-30.0975884],[-53.6340713,-30.0940858],[-53.6430935,-30.0757624],[-53.6711213,-30.0508415],[-53.6348629,-29.9892674],[-53.6411823,-29.9761984],[-53.6344235,-29.9629199],[-53.6518931,-29.9301418],[-53.6522419,-29.892762],[-53.5668803,-29.8621027],[-53.5249637,-29.8799539],[-53.5057751,-29.8833666],[-53.4991074,-29.8738307],[-53.4837521,-29.8756119],[-53.4827311,-29.8823819],[-53.4688865,-29.879981],[-53.4031614,-29.9321749],[-53.3454921,-29.927314],[-53.3157816,-29.9461654],[-53.3178661,-29.9361874],[-53.3074126,-29.9313043],[-53.2539265,-29.9577951],[-53.2784514,-29.9754723],[-53.2773838,-29.9841937],[-53.2935924,-29.9780102],[-53.3122422,-29.9835479]]]}},{"type":"Feature","properties":{"level":"municipio","municipality_code":"4308433","municipality_name":"Forquetinha","uf":"RS","state_code":"43","area_km2":93.278},"geometry":{"type":"Polygon","coordinates":[[[-52.1389883,-29.4296456],[-52.2014461,-29.4254072],[-52.1922031,-29.4174315],[-52.1571522,-29.4143846],[-52.1587339,-29.406738],[-52.178849,-29.406293],[-52.1897515,-29.3945312],[-52.1815699,-29.3837021],[-52.1929074,-29.3646868],[-52.1594876,-29.3479058],[-52.163611,-29.3287048],[-52.1309689,-29.3518876],[-52.1272606,-29.343993],[-52.1123793,-29.3618965],[-52.0895668,-29.3601208],[-52.0279291,-29.4112543],[-52.081749,-29.411038],[-52.0818271,-29.4245469],[-52.1119698,-29.4215625],[-52.1389883,-29.4296456]]]}},{"type":"Feature","properties":{"level":"municipio","municipality_code":"4308458","municipality_name":"Fortaleza dos Valos","uf":"RS","state_code":"43","area_km2":650.512},"geometry":{"type":"Polygon","coordinates":[[[-53.3040866,-28.8359864],[-53.3123615,-28.8249152],[-53.3039008,-28.8229348],[-53.3136129,-28.8077184],[-53.3079127,-28.8039317],[-53.3285484,-28.8025089],[-53.3331075,-28.7804758],[-53.3257736,-28.7801543],[-53.3284846,-28.770227],[-53.3194055,-28.7604266],[-53.3251634,-28.7516398],[-53.310422,-28.7486503],[-53.2908281,-28.7258685],[-53.2499552,-28.7344746],[-53.2339228,-28.745594],[-53.2347973,-28.7535737],[-53.2139797,-28.7457754],[-53.1699943,-28.7486766],[-53.1617825,-28.7573377],[-53.1521751,-28.751869],[-53.1371424,-28.7601185],[-53.124151,-28.7555157],[-53.1420056,-28.7650737],[-53.1356137,-28.775513],[-53.1518836,-28.7967883],[-53.136985,-28.8076043],[-53.1167315,-28.8031906],[-53.1152285,-28.8341263],[-53.1238576,-28.8471045],[-53.1397844,-28.8488822],[-53.1463707,-28.8635477],[-53.1817309,-28.8613112],[-53.1763917,-28.8747313],[-53.149259,-28.8801197],[-53.1553825,-28.9018899],[-53.1702341,-28.9153963],[-53.1595816,-28.9216264],[-53.1542881,-28.9112405],[-53.1404153,-28.9195305],[-53.1288976,-28.9440143],[-53.1348205,-28.9641231],[-53.1576595,-28.9593655],[-53.1290432,-28.9872287],[-53.1463395,-28.9969722],[-53.1527492,-29.0326326],[-53.1777302,-29.0243353],[-53.1940885,-28.9867375],[-53.2127416,-28.9804704],[-53.2158555,-28.9550656],[-53.2351316,-28.9561581],[-53.2391319,-28.9677389],[-53.2454477,-28.9584277],[-53.2586981,-28.9590192],[-53.2825897,-28.9846783],[-53.2983082,-28.9886488],[-53.3045817,-29.0114249],[-53.3171674,-29.0211313],[-53.3171906,-29.0126137],[-53.3374992,-29.0131331],[-53.3344656,-29.0061603],[-53.347676,-28.9979663],[-53.3413252,-28.9844059],[-53.3535506,-28.988047],[-53.3712913,-28.9754704],[-53.393687,-28.999922],[-53.4130007,-29.0070314],[-53.4159743,-29.0387507],[-53.4494069,-29.0472896],[-53.4528251,-29.068085],[-53.4458428,-29.0864856],[-53.4539418,-29.092744],[-53.4647807,-29.0860284],[-53.4624163,-29.075917],[-53.4682782,-29.0824136],[-53.4779012,-29.0732535],[-53.4943805,-29.0730784],[-53.4964745,-29.0627541],[-53.5074575,-29.064445],[-53.5033482,-29.05298],[-53.5114291,-29.0372672],[-53.4996687,-29.0402533],[-53.4911649,-29.0170029],[-53.4792037,-29.016068],[-53.4709673,-28.9785378],[-53.44542,-28.9885107],[-53.4271836,-28.9731507],[-53.4199371,-28.9808915],[-53.3981636,-28.9729011],[-53.397808,-28.9578623],[-53.3787807,-28.9476299],[-53.3882504,-28.9249686],[-53.4129691,-28.9208156],[-53.4281845,-28.9039161],[-53.4145598,-28.8758927],[-53.3829173,-28.8781621],[-53.3657289,-28.8664916],[-53.3567339,-28.8756679],[-53.3488177,-28.8665687],[-53.3106446,-28.8704804],[-53.2918947,-28.8545336],[-53.2946062,-28.8460533],[-53.3103081,-28.8434052],[-53.292125,-28.8401449],[-53.3040866,-28.8359864]]]}},{"type":"Feature","properties":{"level":"municipio","municipality_code":"4308508","municipality_name":"Frederico Westphalen","uf":"RS","state_code":"43","area_km2":264.876},"geometry":{"type":"Polygon","coordinates":[[[-53.2660271,-27.3469348],[-53.2485621,-27.3505399],[-53.2668806,-27.3723687],[-53.2552899,-27.3829767],[-53.2877638,-27.3864539],[-53.2790472,-27.3948258],[-53.2878513,-27.3964899],[-53.3043496,-27.3884112],[-53.3076486,-27.4013221],[-53.3519365,-27.4204553],[-53.3804172,-27.416515],[-53.4190965,-27.4268231],[-53.4275101,-27.4212789],[-53.4253202,-27.4015417],[-53.4368408,-27.4011355],[-53.4336213,-27.3768728],[-53.4783163,-27.3248551],[-53.4876132,-27.3229352],[-53.4806798,-27.3172258],[-53.4882804,-27.3090987],[-53.4811561,-27.3071197],[-53.4943332,-27.3018713],[-53.4846549,-27.2997801],[-53.4891548,-27.2917593],[-53.4831598,-27.2903234],[-53.4493593,-27.300347],[-53.4246631,-27.3210115],[-53.4016175,-27.319878],[-53.3697167,-27.2706059],[-53.3552505,-27.2689958],[-53.3520028,-27.2512163],[-53.3449084,-27.2522975],[-53.3495877,-27.239889],[-53.3301288,-27.23623],[-53.3363046,-27.2233383],[-53.3272462,-27.2209464],[-53.3193008,-27.2299603],[-53.3019263,-27.2303823],[-53.3206814,-27.241149],[-53.302755,-27.2557111],[-53.3184353,-27.2641093],[-53.3215643,-27.2772102],[-53.3102796,-27.2718554],[-53.2899276,-27.2818015],[-53.2938714,-27.2900114],[-53.2819957,-27.2959416],[-53.2918108,-27.3052709],[-53.2706189,-27.31487],[-53.2795359,-27.3295348],[-53.2648124,-27.3303631],[-53.2561824,-27.3426381],[-53.2660271,-27.3469348]]]}},{"type":"Feature","properties":{"level":"municipio","municipality_code":"4308607","municipality_name":"Garibaldi","uf":"RS","state_code":"43","area_km2":168.492},"geometry":{"type":"Polygon","coordinates":[[[-51.4916011,-29.1979041],[-51.4906209,-29.276448],[-51.54098,-29.2749488],[-51.5456545,-29.2928123],[-51.6499965,-29.2939225],[-51.6464326,-29.2537942],[-51.6522627,-29.2470726],[-51.6769909,-29.2466332],[-51.6848316,-29.2126387],[-51.6775257,-29.2126341],[-51.6779892,-29.1985265],[-51.4916011,-29.1979041]]]}},{"type":"Feature","properties":{"level":"municipio","municipality_code":"4308656","municipality_name":"Garruchos","uf":"RS","state_code":"43","area_km2":803.97},"geometry":{"type":"Polygon","coordinates":[[[-55.6530168,-28.1821016],[-55.622332,-28.1610282],[-55.6207849,-28.1309814],[-55.6107303,-28.1174554],[-55.5869446,-28.11954],[-55.58534,-28.1479515],[-55.5575462,-28.1645638],[-55.5398297,-28.1226051],[-55.5132429,-28.1146478],[-55.4994061,-28.0810628],[-55.4878785,-28.0764551],[-55.4524601,-28.0979526],[-55.4338301,-28.0870058],[-55.4234179,-28.1005396],[-55.40976,-28.0884606],[-55.4109276,-28.0999437],[-55.3989796,-28.0964617],[-55.4036109,-28.1124448],[-55.3950937,-28.1185418],[-55.3956467,-28.1297478],[-55.3882395,-28.1135137],[-55.3767123,-28.1211478],[-55.3690674,-28.1149922],[-55.3652677,-28.1238034],[-55.3570321,-28.1202941],[-55.3554998,-28.1343584],[-55.3688762,-28.1609429],[-55.3551407,-28.1616078],[-55.3577726,-28.174193],[-55.345941,-28.1736825],[-55.3381893,-28.1847622],[-55.2991579,-28.1718672],[-55.3290192,-28.194495],[-55.3413548,-28.1919512],[-55.3387398,-28.2058308],[-55.3164021,-28.2050048],[-55.3265272,-28.2092926],[-55.3514376,-28.25412],[-55.3644431,-28.2615981],[-55.3837235,-28.3049122],[-55.4097736,-28.2945639],[-55.4435716,-28.2487684],[-55.4607268,-28.2516861],[-55.4862251,-28.2722703],[-55.4979522,-28.3205376],[-55.5253334,-28.343352],[-55.4999836,-28.366129],[-55.5069115,-28.4031931],[-55.5189902,-28.391277],[-55.5362451,-28.3895906],[-55.5631347,-28.3618437],[-55.5665461,-28.3421741],[-55.5830781,-28.3394321],[-55.5939658,-28.3626976],[-55.6102481,-28.3719037],[-55.6350143,-28.3651931],[-55.6344578,-28.3816689],[-55.6680357,-28.386406],[-55.664735,-28.400991],[-55.6707859,-28.3981917],[-55.6921759,-28.4163795],[-55.6704213,-28.3343917],[-55.7329098,-28.2859753],[-55.7731786,-28.2742401],[-55.7825587,-28.2560574],[-55.7712461,-28.2414545],[-55.69258,-28.2187903],[-55.6530168,-28.1821016]]]}},{"type":"Feature","properties":{"level":"municipio","municipality_code":"4308706","municipality_name":"Gaurama","uf":"RS","state_code":"43","area_km2":204.428},"geometry":{"type":"Polygon","coordinates":[[[-52.1303662,-27.6688706],[-52.1419281,-27.6594674],[-52.142016,-27.6702252],[-52.1507814,-27.6610236],[-52.1614066,-27.6699792],[-52.1698998,-27.6554146],[-52.1816733,-27.6643528],[-52.1871035,-27.5436066],[-52.1536121,-27.5258598],[-52.1519655,-27.5321792],[-52.1613543,-27.5332437],[-52.1328825,-27.5503634],[-52.1323769,-27.5175156],[-52.0887963,-27.5076832],[-52.0741655,-27.5131045],[-52.088764,-27.5188034],[-52.0761695,-27.5189934],[-52.0768287,-27.534429],[-52.0542179,-27.5425288],[-52.069216,-27.5853211],[-52.0411224,-27.5951028],[-52.0412028,-27.6455164],[-52.0482092,-27.6501923],[-52.0379749,-27.6548733],[-52.0417637,-27.6607697],[-52.0565262,-27.654532],[-52.0473245,-27.6654876],[-52.0513763,-27.6680419],[-52.0581929,-27.6601271],[-52.0675172,-27.6622937],[-52.0608932,-27.6725061],[-52.065782,-27.6791187],[-52.0705106,-27.6703233],[-52.0820383,-27.6768185],[-52.1043712,-27.6666944],[-52.1303662,-27.6688706]]]}},{"type":"Feature","properties":{"level":"municipio","municipality_code":"4308805","municipality_name":"General Câmara","uf":"RS","state_code":"43","area_km2":510.01},"geometry":{"type":"Polygon","coordinates":[[[-51.8864485,-29.8040247],[-51.8407752,-29.8237739],[-51.8155438,-29.8618223],[-51.769753,-29.8616712],[-51.7480047,-29.8519996],[-51.7164168,-29.8607373],[-51.7502826,-29.8884011],[-51.749775,-29.9043058],[-51.7266404,-29.9466686],[-51.7500344,-29.9597927],[-51.8194057,-29.9529886],[-51.8681337,-29.9600413],[-51.8986802,-29.9468452],[-51.9086027,-29.9524183],[-51.9393082,-29.948859],[-51.9451101,-29.9309241],[-51.952938,-29.9391243],[-51.9844449,-29.9422754],[-51.9857605,-29.9658124],[-51.9968422,-29.9727658],[-52.015815,-29.9327923],[-52.054666,-29.9228529],[-52.0421498,-29.8927309],[-52.0508988,-29.8657814],[-52.0379249,-29.8584295],[-52.0516746,-29.8435387],[-52.0586648,-29.8142554],[-52.0143986,-29.7361143],[-52.0360884,-29.7024248],[-52.0069957,-29.7055464],[-52.0013539,-29.7235843],[-51.9621992,-29.7346981],[-51.9609782,-29.7643246],[-51.9429791,-29.7586468],[-51.9102768,-29.7665774],[-51.9079021,-29.774199],[-51.9210367,-29.7882834],[-51.9109116,-29.8111501],[-51.8864485,-29.8040247]]]}},{"type":"Feature","properties":{"level":"municipio","municipality_code":"4308854","municipality_name":"Gentil","uf":"RS","state_code":"43","area_km2":184.715},"geometry":{"type":"Polygon","coordinates":[[[-52.1050317,-28.4281682],[-52.1154011,-28.3957907],[-52.1059135,-28.3947409],[-52.108278,-28.3864704],[-52.0989252,-28.3870646],[-52.094578,-28.3778265],[-52.1016957,-28.349128],[-52.068473,-28.3390649],[-52.0625408,-28.3266607],[-52.073563,-28.3051981],[-52.0199078,-28.3026468],[-51.9951348,-28.3234343],[-51.9637901,-28.3312103],[-51.976132,-28.3441934],[-51.9676983,-28.3819839],[-51.9755042,-28.3864567],[-51.9861247,-28.4382611],[-52.0563911,-28.4630189],[-52.0624521,-28.4740875],[-52.0763776,-28.4660153],[-52.0759548,-28.4762708],[-52.0843744,-28.4763327],[-52.0906469,-28.4499986],[-52.1095625,-28.4360735],[-52.1050317,-28.4281682]]]}},{"type":"Feature","properties":{"level":"municipio","municipality_code":"4308904","municipality_name":"Getúlio Vargas","uf":"RS","state_code":"43","area_km2":287.466},"geometry":{"type":"Polygon","coordinates":[[[-52.2196578,-27.9122674],[-52.2322965,-27.9162906],[-52.2782437,-27.875822],[-52.2594506,-27.8583032],[-52.2687404,-27.8471126],[-52.2593491,-27.8289262],[-52.2697262,-27.8211023],[-52.2609931,-27.8197014],[-52.2521155,-27.7998198],[-52.2395622,-27.7986775],[-52.2366587,-27.7846784],[-52.1990065,-27.7503117],[-52.1830688,-27.7458583],[-52.1727609,-27.7513021],[-52.1488164,-27.7341024],[-52.1081173,-27.7728836],[-52.096976,-27.7738825],[-52.0909843,-27.7944082],[-52.1462377,-27.845673],[-52.1293036,-27.8667229],[-52.1312726,-27.8743022],[-52.1339105,-27.8637618],[-52.1494348,-27.8710636],[-52.1498372,-27.8931001],[-52.1198123,-27.9107351],[-52.0827269,-27.9060784],[-52.0817986,-27.9222558],[-52.0700754,-27.923737],[-52.0689605,-27.9319594],[-52.0803185,-27.9335933],[-52.0884934,-27.9243924],[-52.1062127,-27.9476322],[-52.1262343,-27.9526682],[-52.1432419,-27.9533452],[-52.1525843,-27.9423878],[-52.1641932,-27.949412],[-52.1698993,-27.9429118],[-52.1891851,-27.9599211],[-52.2262493,-27.9727232],[-52.2160919,-27.931475],[-52.2196578,-27.9122674]]]}},{"type":"Feature","properties":{"level":"municipio","municipality_code":"4309001","municipality_name":"Giruá","uf":"RS","state_code":"43","area_km2":855.56},"geometry":{"type":"Polygon","coordinates":[[[-54.3961428,-28.1287639],[-54.4281121,-28.0907014],[-54.4269145,-28.0699346],[-54.5014488,-28.0907453],[-54.5063048,-28.1010667],[-54.5154904,-28.0959267],[-54.5197416,-28.0788281],[-54.5037261,-28.0584523],[-54.4918233,-28.0584549],[-54.4788945,-28.0293491],[-54.4585982,-28.0228521],[-54.4560224,-28.0065785],[-54.4749098,-27.9823947],[-54.4514485,-27.958582],[-54.4553385,-27.9493047],[-54.4246763,-27.9233524],[-54.380036,-27.9167394],[-54.3849115,-27.8780493],[-54.3693738,-27.8351477],[-54.3589806,-27.8430241],[-54.3626355,-27.8357449],[-54.348604,-27.8257574],[-54.3387775,-27.8283763],[-54.3345575,-27.8202328],[-54.33499,-27.8300567],[-54.3498971,-27.8331018],[-54.3362337,-27.8428406],[-54.3473727,-27.8440716],[-54.3383553,-27.8558884],[-54.3472252,-27.8645226],[-54.3267597,-27.853804],[-54.3280477,-27.8751697],[-54.3070203,-27.8643922],[-54.2951187,-27.8698296],[-54.3177003,-27.8780688],[-54.3044945,-27.8866273],[-54.3094123,-27.8946363],[-54.2942847,-27.885582],[-54.2941236,-27.8921588],[-54.2776767,-27.8927869],[-54.2696574,-27.9068665],[-54.2380994,-27.9127429],[-54.2388221,-27.9204707],[-54.2203758,-27.9313868],[-54.226331,-27.9405762],[-54.1910602,-27.9626008],[-54.1943652,-27.9713004],[-54.1822224,-27.9716968],[-54.1652184,-28.001823],[-54.1452957,-28.0097401],[-54.1368393,-28.0254493],[-54.0874251,-28.045274],[-54.0724837,-28.0596203],[-54.0823153,-28.0666649],[-54.0690529,-28.1078314],[-54.1221151,-28.114904],[-54.202535,-28.1454724],[-54.2215679,-28.1429435],[-54.2529727,-28.1643595],[-54.3669079,-28.1598679],[-54.3746331,-28.1512134],[-54.3785746,-28.1629131],[-54.3911426,-28.1610722],[-54.4069948,-28.1436462],[-54.3961428,-28.1287639]]]}},{"type":"Feature","properties":{"level":"municipio","municipality_code":"4309050","municipality_name":"Glorinha","uf":"RS","state_code":"43","area_km2":323.955},"geometry":{"type":"Polygon","coordinates":[[[-50.7728519,-29.7761937],[-50.7234492,-29.7692356],[-50.6936717,-29.7901492],[-50.6992278,-29.7959348],[-50.7403373,-29.7820315],[-50.7520566,-29.7888321],[-50.7340752,-29.8135651],[-50.6853401,-29.8392323],[-50.6790939,-29.8864568],[-50.706232,-29.9261678],[-50.7041899,-29.9407413],[-50.6856099,-29.9524891],[-50.7023108,-29.9755054],[-50.8207527,-29.9987896],[-50.8408758,-29.9752453],[-50.8358331,-29.94565],[-50.8481122,-29.9088067],[-50.8389677,-29.8848041],[-50.8552362,-29.8719854],[-50.8527946,-29.8354573],[-50.8120436,-29.7737638],[-50.7871158,-29.7662377],[-50.7728519,-29.7761937]]]}},{"type":"Feature","properties":{"level":"municipio","municipality_code":"4309100","municipality_name":"Gramado","uf":"RS","state_code":"43","area_km2":239.341},"geometry":{"type":"Polygon","coordinates":[[[-50.8334311,-29.4122095],[-50.8224399,-29.4181745],[-50.8198623,-29.4128981],[-50.8108351,-29.4335754],[-50.7884633,-29.4389614],[-50.8346358,-29.4758287],[-50.8683475,-29.4763515],[-50.9103024,-29.5016465],[-50.9097322,-29.4509488],[-50.9399315,-29.4245473],[-50.9567803,-29.4253725],[-50.9813245,-29.3904007],[-50.9754934,-29.3819539],[-50.9663676,-29.3870742],[-50.9552638,-29.3743014],[-50.9867518,-29.3059688],[-50.9696236,-29.297552],[-50.9501804,-29.313253],[-50.9494667,-29.2890691],[-50.9401737,-29.2833446],[-50.9266474,-29.2902238],[-50.9196847,-29.3081851],[-50.9074693,-29.3022073],[-50.9097075,-29.2876605],[-50.9000566,-29.2862282],[-50.8568776,-29.3049006],[-50.8420506,-29.3596512],[-50.8549488,-29.383968],[-50.8300143,-29.4064358],[-50.8334311,-29.4122095]]]}},{"type":"Feature","properties":{"level":"municipio","municipality_code":"4309159","municipality_name":"Gramado Xavier","uf":"RS","state_code":"43","area_km2":216.79},"geometry":{"type":"Polygon","coordinates":[[[-52.5726113,-29.3756863],[-52.6037024,-29.355916],[-52.6208995,-29.3610869],[-52.6339645,-29.3298806],[-52.6825972,-29.3172914],[-52.6861054,-29.3081957],[-52.7201177,-29.3023339],[-52.7300972,-29.2918286],[-52.7140091,-29.2958777],[-52.7149935,-29.2888825],[-52.7050393,-29.2936598],[-52.6910824,-29.2865428],[-52.6964461,-29.2626863],[-52.6865487,-29.2667062],[-52.6758426,-29.2538062],[-52.6806499,-29.2478901],[-52.6740293,-29.2331482],[-52.6666462,-29.236097],[-52.6614371,-29.2279353],[-52.6185428,-29.2325247],[-52.5984465,-29.2142618],[-52.5801065,-29.2282877],[-52.5263399,-29.2191702],[-52.5170786,-29.2284023],[-52.5196374,-29.2357218],[-52.5010067,-29.2472842],[-52.5176947,-29.2462488],[-52.5281761,-29.2599169],[-52.5236204,-29.2967457],[-52.536315,-29.3243696],[-52.5312692,-29.3468693],[-52.5381598,-29.3486099],[-52.5341682,-29.3603246],[-52.5433868,-29.3671277],[-52.5377211,-29.3698338],[-52.5426374,-29.3759587],[-52.5650236,-29.3684107],[-52.5726113,-29.3756863]]]}},{"type":"Feature","properties":{"level":"municipio","municipality_code":"4309126","municipality_name":"Gramado dos Loureiros","uf":"RS","state_code":"43","area_km2":131.396},"geometry":{"type":"Polygon","coordinates":[[[-52.8282336,-27.5043672],[-52.8765808,-27.4700622],[-52.8979577,-27.4745561],[-52.9028486,-27.466202],[-52.9718511,-27.485695],[-53.0007063,-27.4793937],[-53.0166577,-27.4616884],[-52.9681858,-27.4078677],[-52.8901848,-27.3843528],[-52.8785894,-27.4121183],[-52.8857599,-27.4179011],[-52.8597373,-27.4392025],[-52.8473038,-27.4435903],[-52.8386056,-27.4380716],[-52.8093502,-27.4561402],[-52.8246243,-27.4815991],[-52.818482,-27.5027481],[-52.8282336,-27.5043672]]]}},{"type":"Feature","properties":{"level":"municipio","municipality_code":"4309209","municipality_name":"Gravataí","uf":"RS","state_code":"43","area_km2":468.288},"geometry":{"type":"Polygon","coordinates":[[[-50.9680824,-29.9680338],[-51.0098058,-29.9564612],[-51.0368375,-29.9680601],[-51.0457533,-29.962628],[-51.0502694,-29.9690949],[-51.0623044,-29.9652142],[-51.0646255,-29.9721757],[-51.0739117,-29.9672966],[-51.0765279,-29.9318291],[-51.0629971,-29.906009],[-51.0658778,-29.8909723],[-51.1007822,-29.8684775],[-51.0813867,-29.8298457],[-50.9577409,-29.7892814],[-50.8603882,-29.7937387],[-50.8447309,-29.7843749],[-50.8354657,-29.7657393],[-50.8135883,-29.7707314],[-50.813952,-29.7836749],[-50.8527946,-29.8354573],[-50.8552362,-29.8719854],[-50.8389677,-29.8848041],[-50.8481122,-29.9088067],[-50.8358331,-29.94565],[-50.8408158,-29.9755295],[-50.8207527,-29.9987896],[-50.8687083,-30.015568],[-50.921329,-29.9993506],[-50.9489745,-29.9605102],[-50.9680824,-29.9680338]]]}},{"type":"Feature","properties":{"level":"municipio","municipality_code":"4309258","municipality_name":"Guabiju","uf":"RS","state_code":"43","area_km2":146.925},"geometry":{"type":"Polygon","coordinates":[[[-51.6745335,-28.622565],[-51.7064499,-28.6135649],[-51.7123658,-28.5849489],[-51.7287236,-28.5740754],[-51.7434636,-28.5302289],[-51.7277676,-28.5289911],[-51.7312185,-28.5248015],[-51.7075879,-28.5295741],[-51.683543,-28.5176857],[-51.6543074,-28.5241462],[-51.6260045,-28.5108385],[-51.6094605,-28.5249476],[-51.6114251,-28.5351337],[-51.5963122,-28.5376745],[-51.6031633,-28.5490878],[-51.6121108,-28.5481314],[-51.5985003,-28.5847551],[-51.6145455,-28.595543],[-51.6017601,-28.6106568],[-51.6157815,-28.6355326],[-51.6062266,-28.6378706],[-51.6089858,-28.6515941],[-51.5920269,-28.6622743],[-51.5959475,-28.6691192],[-51.6424355,-28.654286],[-51.6745335,-28.622565]]]}},{"type":"Feature","properties":{"level":"municipio","municipality_code":"4309407","municipality_name":"Guaporé","uf":"RS","state_code":"43","area_km2":297.545},"geometry":{"type":"Polygon","coordinates":[[[-51.8043476,-28.8650757],[-51.7910677,-28.8839393],[-51.8169482,-28.9044443],[-51.7911663,-28.9168978],[-51.7793566,-28.9145617],[-51.7908946,-28.9301483],[-51.7813041,-28.9362858],[-51.8424297,-28.9366621],[-51.8427806,-28.9194242],[-51.8560919,-28.9192597],[-51.8560098,-28.9330657],[-51.8896204,-28.932479],[-51.889708,-28.9463744],[-51.9136318,-28.947892],[-51.9234343,-28.9418075],[-51.9132508,-28.9321685],[-51.9163107,-28.924157],[-51.9429561,-28.9247038],[-51.9459121,-28.9070888],[-51.9526847,-28.9079176],[-51.9511538,-28.926211],[-51.9592748,-28.9292746],[-51.9652536,-28.9253834],[-51.9572164,-28.9173156],[-51.9600446,-28.9091632],[-51.9685551,-28.9070285],[-51.9702548,-28.9229207],[-51.9802136,-28.9007648],[-52.0027839,-28.9036936],[-51.9887626,-28.8896411],[-52.0088623,-28.8835074],[-52.0066969,-28.8656283],[-52.0327464,-28.8549256],[-52.0103192,-28.8362562],[-52.0183911,-28.8341264],[-52.0151803,-28.8254898],[-51.9561419,-28.821949],[-51.958922,-28.7613256],[-51.8350437,-28.7568138],[-51.835279,-28.7670453],[-51.8463283,-28.7731952],[-51.828857,-28.7700855],[-51.8352427,-28.7840774],[-51.8476844,-28.7805269],[-51.8702591,-28.8028347],[-51.8349802,-28.8185768],[-51.8407455,-28.8282331],[-51.8639041,-28.8321975],[-51.858127,-28.8421154],[-51.8347068,-28.8373277],[-51.8293671,-28.8687636],[-51.8125106,-28.8723252],[-51.8043476,-28.8650757]]]}},{"type":"Feature","properties":{"level":"municipio","municipality_code":"4309506","municipality_name":"Guarani das Missões","uf":"RS","state_code":"43","area_km2":289.516},"geometry":{"type":"Polygon","coordinates":[[[-54.5598915,-28.2358536],[-54.57826,-28.234966],[-54.6078915,-28.2106816],[-54.6121072,-28.2207545],[-54.6204626,-28.2210079],[-54.6344615,-28.2017489],[-54.6954291,-28.1599458],[-54.7008038,-28.062798],[-54.69361,-28.0538389],[-54.6912722,-28.0673007],[-54.6663371,-28.0580687],[-54.6788308,-28.0699245],[-54.6741592,-28.0811643],[-54.6718833,-28.0716939],[-54.6449838,-28.0757958],[-54.6566388,-28.0802802],[-54.6607256,-28.0967063],[-54.6519561,-28.0874435],[-54.6403853,-28.0977547],[-54.5744234,-28.0933079],[-54.5744543,-28.1024027],[-54.5610091,-28.102327],[-54.5609938,-28.1123893],[-54.5422761,-28.1156319],[-54.5316253,-28.1300588],[-54.523765,-28.1238666],[-54.5179067,-28.1289411],[-54.5069198,-28.1124678],[-54.4964265,-28.1273878],[-54.492802,-28.1233572],[-54.4873531,-28.2459765],[-54.5264995,-28.2693221],[-54.5301292,-28.2784611],[-54.5439122,-28.2698505],[-54.5666533,-28.2751495],[-54.572013,-28.2975218],[-54.5836658,-28.2985987],[-54.5751704,-28.2586977],[-54.5584409,-28.2441291],[-54.5598915,-28.2358536]]]}},{"type":"Feature","properties":{"level":"municipio","municipality_code":"4309308","municipality_name":"Guaíba","uf":"RS","state_code":"43","area_km2":377.664},"geometry":{"type":"Polygon","coordinates":[[[-51.306274,-30.0936751],[-51.3144437,-30.1273739],[-51.3059083,-30.1352046],[-51.320619,-30.1487765],[-51.3245602,-30.1665743],[-51.3079069,-30.1813941],[-51.3282781,-30.2264485],[-51.3386929,-30.2309551],[-51.3609352,-30.2212644],[-51.3795166,-30.2320329],[-51.4062823,-30.2303996],[-51.4080092,-30.2688531],[-51.4212237,-30.253874],[-51.4279854,-30.2595036],[-51.457867,-30.2517084],[-51.5022663,-30.259495],[-51.5059251,-30.2684052],[-51.5293901,-30.2773239],[-51.5819509,-30.2571115],[-51.5748715,-30.2341738],[-51.5819809,-30.2105856],[-51.5723557,-30.2013921],[-51.5564307,-30.2013607],[-51.5414567,-30.181625],[-51.5387942,-30.1536063],[-51.4999038,-30.133987],[-51.4941513,-30.1217831],[-51.471336,-30.1212192],[-51.4322172,-30.0904115],[-51.3936278,-30.1012718],[-51.3696992,-30.0967147],[-51.3443073,-30.0617159],[-51.3033675,-30.0526192],[-51.314201,-30.0812332],[-51.306274,-30.0936751]]]}},{"type":"Feature","properties":{"level":"municipio","municipality_code":"4309555","municipality_name":"Harmonia","uf":"RS","state_code":"43","area_km2":48.54},"geometry":{"type":"Polygon","coordinates":[[[-51.4399833,-29.5713928],[-51.4446867,-29.5628484],[-51.4619999,-29.5689724],[-51.4702402,-29.55728],[-51.4577238,-29.510166],[-51.4622966,-29.5063967],[-51.4534012,-29.5017079],[-51.4358367,-29.5194372],[-51.4088092,-29.5160828],[-51.3880617,-29.527476],[-51.3749278,-29.5514425],[-51.4101753,-29.5511138],[-51.3943649,-29.5567278],[-51.3956941,-29.5697244],[-51.3865232,-29.5804181],[-51.4138681,-29.5760652],[-51.4067432,-29.5907106],[-51.4240393,-29.5883028],[-51.428909,-29.5798262],[-51.4224691,-29.5729175],[-51.4399833,-29.5713928]]]}},{"type":"Feature","properties":{"level":"municipio","municipality_code":"4307104","municipality_name":"Herval","uf":"RS","state_code":"43","area_km2":1759.717},"geometry":{"type":"Polygon","coordinates":[[[-53.2960043,-31.8659047],[-53.2910492,-31.8596451],[-53.2541424,-31.8731068],[-53.2338746,-31.8711564],[-53.2377583,-31.8870774],[-53.192718,-31.8895317],[-53.1813652,-31.8806046],[-53.1795302,-31.889025],[-53.1588998,-31.8908636],[-53.1553673,-31.8826778],[-53.1214358,-31.8826408],[-53.1023278,-31.8693465],[-53.0888336,-31.8745953],[-53.0899624,-31.8848003],[-53.0819683,-31.8761516],[-53.0663199,-31.8756468],[-53.0493059,-31.8844443],[-53.0190256,-31.8700802],[-53.0101863,-31.8767533],[-52.9812758,-31.8699562],[-52.9728689,-31.8767849],[-52.9634876,-31.8679676],[-52.935662,-31.8640865],[-52.9178147,-31.8866733],[-52.940665,-31.8894821],[-52.9611036,-31.9040078],[-53.0407703,-31.9131587],[-53.0953404,-31.9557748],[-53.1049922,-31.9677375],[-53.1011178,-31.9807316],[-53.1244506,-31.9961872],[-53.1346061,-32.0176259],[-53.1546084,-32.0348054],[-53.1696876,-32.0351651],[-53.1820641,-32.0602828],[-53.2040931,-32.0670242],[-53.2093935,-32.0825264],[-53.2242766,-32.0863314],[-53.2156623,-32.0905164],[-53.2323005,-32.0992758],[-53.2275393,-32.1061277],[-53.239513,-32.1177601],[-53.236946,-32.138013],[-53.2491289,-32.1452546],[-53.2526599,-32.1687412],[-53.305567,-32.1873436],[-53.3093749,-32.2201288],[-53.3223497,-32.2233114],[-53.3302882,-32.2167492],[-53.349686,-32.1852235],[-53.5028229,-32.1904834],[-53.5117029,-32.1881213],[-53.5176377,-32.1733276],[-53.5406926,-32.1708929],[-53.5510745,-32.1573588],[-53.5825354,-32.1476784],[-53.5839257,-32.1566422],[-53.6192938,-32.1630881],[-53.6489407,-32.1823671],[-53.6764906,-32.2381074],[-53.6935384,-32.204847],[-53.709803,-32.2010846],[-53.7027812,-32.1884206],[-53.7139881,-32.1880352],[-53.7128469,-32.1772063],[-53.7234882,-32.1736793],[-53.7176117,-32.1530026],[-53.7351728,-32.1516076],[-53.7257283,-32.1400553],[-53.7443946,-32.1163717],[-53.7400817,-32.1002786],[-53.7315287,-32.1059134],[-53.7256297,-32.0983558],[-53.7127067,-32.1007389],[-53.7040676,-32.0831917],[-53.7036719,-32.0758694],[-53.7191443,-32.0679887],[-53.7203563,-32.0517296],[-53.7188567,-32.0314767],[-53.7106418,-32.0229019],[-53.7152158,-32.0022011],[-53.7019147,-31.9837776],[-53.6743091,-31.9909877],[-53.6352893,-31.9815857],[-53.6427955,-31.9695818],[-53.6337581,-31.9598152],[-53.6169051,-31.9688374],[-53.6104281,-31.9544318],[-53.592226,-31.951168],[-53.588869,-31.9419514],[-53.60026,-31.9279084],[-53.5970208,-31.9075631],[-53.5844043,-31.915301],[-53.5854778,-31.9224058],[-53.5581777,-31.9235394],[-53.4722496,-31.8681504],[-53.453898,-31.8330743],[-53.4490718,-31.845161],[-53.4220396,-31.8334596],[-53.4065676,-31.843393],[-53.3909063,-31.8359615],[-53.3710537,-31.8424658],[-53.3549751,-31.8372234],[-53.3450446,-31.8420052],[-53.3451104,-31.850616],[-53.3319647,-31.8401828],[-53.2960043,-31.8659047]]]}},{"type":"Feature","properties":{"level":"municipio","municipality_code":"4309571","municipality_name":"Herveiras","uf":"RS","state_code":"43","area_km2":117.981},"geometry":{"type":"Polygon","coordinates":[[[-52.5688399,-29.470396],[-52.6071001,-29.4732787],[-52.613882,-29.4924541],[-52.6775765,-29.5003277],[-52.6822287,-29.4848837],[-52.6739071,-29.4700372],[-52.6829879,-29.4702676],[-52.6892198,-29.4527773],[-52.7272301,-29.4318938],[-52.7724951,-29.4438274],[-52.7752143,-29.4384419],[-52.7597067,-29.417975],[-52.7684464,-29.4121402],[-52.7508061,-29.3987866],[-52.6749625,-29.3985119],[-52.653143,-29.3894824],[-52.6280162,-29.4197709],[-52.6130983,-29.4262203],[-52.6027139,-29.4499846],[-52.5688399,-29.470396]]]}},{"type":"Feature","properties":{"level":"municipio","municipality_code":"4309605","municipality_name":"Horizontina","uf":"RS","state_code":"43","area_km2":229.694},"geometry":{"type":"Polygon","coordinates":[[[-54.2644504,-27.6318428],[-54.2784334,-27.6727461],[-54.2892757,-27.6774682],[-54.3463535,-27.6638283],[-54.3792466,-27.6408646],[-54.3893537,-27.6234839],[-54.3808016,-27.613536],[-54.3973558,-27.599524],[-54.3882017,-27.5925353],[-54.4047724,-27.5907347],[-54.3936912,-27.5830961],[-54.4085193,-27.5730183],[-54.3814139,-27.5711731],[-54.3743205,-27.5474156],[-54.36906,-27.5556865],[-54.3559868,-27.5524293],[-54.3491324,-27.5644195],[-54.3292617,-27.5460159],[-54.3321848,-27.5349351],[-54.2956863,-27.5287404],[-54.2998283,-27.5180847],[-54.2710657,-27.5140729],[-54.2647681,-27.4979084],[-54.2266262,-27.5073725],[-54.2379796,-27.5130224],[-54.2306692,-27.5172629],[-54.2362621,-27.5299652],[-54.2281136,-27.5453506],[-54.2136639,-27.5393158],[-54.2024847,-27.548089],[-54.1935323,-27.5671598],[-54.2105777,-27.5686099],[-54.2003849,-27.5958706],[-54.2143102,-27.5937882],[-54.2124428,-27.6001584],[-54.2644504,-27.6318428]]]}},{"type":"Feature","properties":{"level":"municipio","municipality_code":"4309654","municipality_name":"Hulha Negra","uf":"RS","state_code":"43","area_km2":822.608},"geometry":{"type":"Polygon","coordinates":[[[-53.7812105,-31.4385898],[-53.8057059,-31.4628469],[-53.8326267,-31.4702309],[-53.8218863,-31.5151611],[-53.8238249,-31.5311867],[-53.8335814,-31.5390299],[-53.8269647,-31.5461009],[-53.8400966,-31.5538165],[-53.8402461,-31.6076128],[-53.8896327,-31.6659871],[-53.8889931,-31.6939227],[-53.902365,-31.7218255],[-53.9020076,-31.7425743],[-53.9142403,-31.7605895],[-53.9255427,-31.7597534],[-53.9057973,-31.8079332],[-53.9165312,-31.7885669],[-53.946665,-31.7816801],[-53.9524714,-31.7686049],[-53.9760833,-31.7696179],[-53.9801186,-31.7572231],[-53.9624329,-31.7030389],[-53.9665158,-31.6778085],[-53.9575727,-31.6694728],[-53.9694782,-31.6523304],[-53.9576644,-31.6136484],[-53.9919444,-31.5379754],[-53.9801681,-31.529299],[-53.9780558,-31.5111326],[-53.9375384,-31.4795081],[-53.9218275,-31.4554703],[-53.9587634,-31.4228234],[-53.9662794,-31.4013558],[-53.9990634,-31.3793493],[-53.9868743,-31.3780264],[-53.9706322,-31.3622186],[-53.9757167,-31.356314],[-53.954317,-31.3460688],[-54.0126695,-31.314107],[-54.0091649,-31.3033655],[-53.9977953,-31.3001468],[-53.988742,-31.2661836],[-53.9580321,-31.250666],[-53.9311004,-31.2483959],[-53.903546,-31.2279342],[-53.8619818,-31.2205907],[-53.8240949,-31.2432685],[-53.7746718,-31.232187],[-53.7336263,-31.2388604],[-53.7652507,-31.3121912],[-53.7747828,-31.316265],[-53.7776646,-31.3363232],[-53.7962807,-31.3527012],[-53.8009337,-31.3739403],[-53.7812105,-31.4385898]]]}},{"type":"Feature","properties":{"level":"municipio","municipality_code":"4309704","municipality_name":"Humaitá","uf":"RS","state_code":"43","area_km2":135.01},"geometry":{"type":"Polygon","coordinates":[[[-53.9010073,-27.5924742],[-53.9311634,-27.6023387],[-53.935539,-27.592638],[-53.9435956,-27.6059215],[-53.9733816,-27.6102837],[-53.9795251,-27.5917572],[-54.0199878,-27.5911788],[-54.020117,-27.6000694],[-54.0014689,-27.6074039],[-54.0086664,-27.6216393],[-54.0314464,-27.6270884],[-54.0293118,-27.6431591],[-54.0371681,-27.6548355],[-54.0473984,-27.6511083],[-54.0451141,-27.6344589],[-54.0539211,-27.6328909],[-54.0563452,-27.6153326],[-54.0864605,-27.6019649],[-54.0909585,-27.5878378],[-54.0730371,-27.575828],[-54.0600146,-27.5836597],[-54.0359223,-27.5761761],[-54.0343586,-27.5658725],[-54.0089396,-27.5497404],[-54.0134121,-27.5426119],[-53.9923658,-27.5219928],[-53.9584617,-27.5268031],[-53.9277679,-27.5172789],[-53.8961507,-27.5375338],[-53.8966208,-27.5565871],[-53.8900092,-27.5613657],[-53.9010073,-27.5924742]]]}},{"type":"Feature","properties":{"level":"municipio","municipality_code":"4309753","municipality_name":"Ibarama","uf":"RS","state_code":"43","area_km2":195.426},"geometry":{"type":"Polygon","coordinates":[[[-53.0807402,-29.3682335],[-53.0948305,-29.4668687],[-53.1233119,-29.4881973],[-53.1296686,-29.4848886],[-53.1306613,-29.4931476],[-53.1843275,-29.4673521],[-53.2353071,-29.46532],[-53.2506309,-29.4503605],[-53.2816738,-29.447255],[-53.2874058,-29.439153],[-53.2760221,-29.4290941],[-53.261115,-29.4348734],[-53.2286031,-29.4052806],[-53.2199187,-29.3698815],[-53.2310432,-29.350119],[-53.1951023,-29.3640459],[-53.1886926,-29.3485011],[-53.1680477,-29.3416713],[-53.159102,-29.3451911],[-53.160332,-29.3530739],[-53.1407948,-29.3561825],[-53.1423849,-29.3625399],[-53.1270977,-29.3593327],[-53.1244888,-29.373396],[-53.1026241,-29.3601858],[-53.0900293,-29.3724852],[-53.0807402,-29.3682335]]]}},{"type":"Feature","properties":{"level":"municipio","municipality_code":"4309803","municipality_name":"Ibiaçá","uf":"RS","state_code":"43","area_km2":348.778},"geometry":{"type":"Polygon","coordinates":[[[-51.88955,-28.1150489],[-51.896241,-28.121605],[-51.9186416,-28.1127155],[-51.908149,-28.1067895],[-51.9175222,-28.0926458],[-51.9058753,-28.0666934],[-51.9257479,-28.0509013],[-51.9086967,-28.0534022],[-51.9029075,-28.0440676],[-51.9224271,-28.0420918],[-51.9199979,-28.0330117],[-51.9106206,-28.0365737],[-51.9085932,-28.0251161],[-51.942351,-28.0132323],[-51.9288665,-28.0092519],[-51.9349411,-28.0055778],[-51.9326253,-27.9909974],[-51.9266386,-28.0006778],[-51.9100134,-27.998654],[-51.9070224,-28.0077331],[-51.8974389,-28.001843],[-51.8967053,-28.0074056],[-51.8536409,-28.0090248],[-51.8174448,-28.0221975],[-51.8030026,-28.0399088],[-51.7761959,-28.027504],[-51.7688392,-28.0589088],[-51.7036159,-28.1380402],[-51.6937603,-28.1236058],[-51.6917432,-28.0915549],[-51.6338867,-28.0476368],[-51.6136308,-28.0633255],[-51.6321453,-28.0784235],[-51.621677,-28.0800216],[-51.6285522,-28.0909901],[-51.6030142,-28.0967111],[-51.6158922,-28.0985175],[-51.6170157,-28.1137144],[-51.6348913,-28.1127223],[-51.6228542,-28.1321901],[-51.6315835,-28.1259907],[-51.6345867,-28.1348894],[-51.6777787,-28.134802],[-51.6938416,-28.1418031],[-51.7046278,-28.1609152],[-51.692402,-28.1904558],[-51.7191922,-28.1960091],[-51.7316996,-28.1843708],[-51.7376957,-28.2035096],[-51.7279181,-28.207144],[-51.738945,-28.2144337],[-51.7809,-28.2055924],[-51.7914275,-28.1928977],[-51.7968096,-28.1661123],[-51.8284804,-28.1478281],[-51.849198,-28.1518264],[-51.866372,-28.1374019],[-51.8766383,-28.1417831],[-51.8768381,-28.1280578],[-51.88955,-28.1150489]]]}},{"type":"Feature","properties":{"level":"municipio","municipality_code":"4309902","municipality_name":"Ibiraiaras","uf":"RS","state_code":"43","area_km2":280.816},"geometry":{"type":"Polygon","coordinates":[[[-51.6870289,-28.4667112],[-51.7602833,-28.4493033],[-51.7224027,-28.4354025],[-51.7296438,-28.4205653],[-51.713853,-28.4167031],[-51.7078265,-28.3983524],[-51.7186305,-28.3925062],[-51.7026253,-28.3933643],[-51.7046913,-28.3783335],[-51.7164906,-28.3682079],[-51.7149236,-28.3605281],[-51.6962988,-28.3565249],[-51.7047708,-28.3490737],[-51.7052179,-28.3127339],[-51.6654923,-28.3239036],[-51.6275443,-28.2806704],[-51.635623,-28.2518384],[-51.6027856,-28.2941755],[-51.5671285,-28.3059876],[-51.5785918,-28.3178238],[-51.5384373,-28.3560419],[-51.5240896,-28.3916665],[-51.5077011,-28.3860055],[-51.4973253,-28.3952004],[-51.5192496,-28.4126603],[-51.5847081,-28.4239246],[-51.584373,-28.4319944],[-51.6049276,-28.4501145],[-51.6142735,-28.4470717],[-51.6224981,-28.4648687],[-51.6195652,-28.4797678],[-51.6354674,-28.4655015],[-51.6870289,-28.4667112]]]}},{"type":"Feature","properties":{"level":"municipio","municipality_code":"4309951","municipality_name":"Ibirapuitã","uf":"RS","state_code":"43","area_km2":307.164},"geometry":{"type":"Polygon","coordinates":[[[-52.5133748,-28.6690957],[-52.5438228,-28.6688504],[-52.546444,-28.6524214],[-52.5653229,-28.6554454],[-52.5459044,-28.6397938],[-52.544406,-28.6241932],[-52.5578773,-28.6056678],[-52.5802554,-28.6042438],[-52.5824035,-28.5981688],[-52.5805962,-28.5818911],[-52.5591633,-28.5768418],[-52.5553777,-28.5625126],[-52.5443822,-28.5642891],[-52.5464062,-28.548152],[-52.5349691,-28.5308129],[-52.5230642,-28.5426008],[-52.5263127,-28.5636181],[-52.5154474,-28.5623292],[-52.5101376,-28.5748084],[-52.5064939,-28.5666647],[-52.4972522,-28.5687882],[-52.5026306,-28.5551531],[-52.4971746,-28.5498229],[-52.4909329,-28.5588341],[-52.4576311,-28.5651922],[-52.4337301,-28.5485892],[-52.3758722,-28.580255],[-52.3439304,-28.5819521],[-52.35335,-28.6026791],[-52.3375219,-28.6057098],[-52.3140837,-28.6482328],[-52.3226926,-28.6787012],[-52.3463359,-28.7036037],[-52.3830942,-28.702491],[-52.4073523,-28.6892344],[-52.4271467,-28.7007134],[-52.4458433,-28.6990795],[-52.4495441,-28.6882347],[-52.4692819,-28.69103],[-52.4812393,-28.6752965],[-52.5021518,-28.6769327],[-52.5133748,-28.6690957]]]}},{"type":"Feature","properties":{"level":"municipio","municipality_code":"4310009","municipality_name":"Ibirubá","uf":"RS","state_code":"43","area_km2":607.185},"geometry":{"type":"Polygon","coordinates":[[[-53.0792978,-28.492422],[-53.0530204,-28.5366599],[-53.0406138,-28.5372156],[-53.0439567,-28.5506101],[-53.0339564,-28.5459468],[-53.0316158,-28.5608016],[-53.0179725,-28.5631704],[-53.0281727,-28.5794682],[-53.0147119,-28.5908431],[-53.015092,-28.6020298],[-53.0309765,-28.6215427],[-53.0235365,-28.6252265],[-53.0253399,-28.6406164],[-53.0375733,-28.6448515],[-53.0263606,-28.6523962],[-53.0353436,-28.6549986],[-53.0245041,-28.6649725],[-53.0355066,-28.6838301],[-53.0267231,-28.6880976],[-53.0959143,-28.7013009],[-53.1296674,-28.696246],[-53.1572127,-28.7018256],[-53.1543073,-28.7101016],[-53.1643703,-28.725777],[-53.1806258,-28.7250681],[-53.1949787,-28.7045023],[-53.2257339,-28.6988462],[-53.2450299,-28.6763461],[-53.2755496,-28.6610719],[-53.2861071,-28.6421502],[-53.3050857,-28.6372603],[-53.3219435,-28.6108736],[-53.3386844,-28.6040775],[-53.4048141,-28.6045743],[-53.4205178,-28.5898199],[-53.3943513,-28.5719851],[-53.3938931,-28.5771964],[-53.375078,-28.5715188],[-53.3648645,-28.5809659],[-53.360889,-28.5693225],[-53.3455137,-28.5608943],[-53.3340395,-28.5672391],[-53.328325,-28.5568025],[-53.3120571,-28.5632597],[-53.3064965,-28.5565105],[-53.2848305,-28.5669815],[-53.2838448,-28.5602563],[-53.2751878,-28.5713794],[-53.2617299,-28.5672449],[-53.2498431,-28.544184],[-53.254733,-28.5124668],[-53.2453059,-28.4826457],[-53.2156754,-28.4637967],[-53.1975534,-28.4675536],[-53.1946868,-28.4607255],[-53.1794428,-28.4676973],[-53.1820914,-28.4756802],[-53.1660815,-28.4830337],[-53.1809934,-28.4811259],[-53.1811847,-28.4892924],[-53.1514594,-28.4891057],[-53.1381382,-28.4794384],[-53.0988804,-28.486875],[-53.0870692,-28.4993711],[-53.0792978,-28.492422]]]}},{"type":"Feature","properties":{"level":"municipio","municipality_code":"4310108","municipality_name":"Igrejinha","uf":"RS","state_code":"43","area_km2":138.116},"geometry":{"type":"Polygon","coordinates":[[[-50.8035555,-29.6170665],[-50.8158193,-29.5984312],[-50.8320341,-29.6037209],[-50.8373405,-29.5928205],[-50.8566351,-29.5851431],[-50.8560337,-29.5563469],[-50.9120892,-29.5452335],[-50.9080771,-29.5162796],[-50.8744304,-29.5125255],[-50.8618598,-29.5220857],[-50.7783509,-29.5335365],[-50.7455326,-29.5504353],[-50.7133861,-29.5179378],[-50.6934273,-29.5534045],[-50.6919295,-29.5891429],[-50.7361252,-29.5932315],[-50.7505275,-29.5916589],[-50.7517485,-29.5849951],[-50.761517,-29.6082662],[-50.8035555,-29.6170665]]]}},{"type":"Feature","properties":{"level":"municipio","municipality_code":"4310207","municipality_name":"Ijuí","uf":"RS","state_code":"43","area_km2":688.982},"geometry":{"type":"Polygon","coordinates":[[[-53.9322248,-28.477103],[-53.9406334,-28.4846075],[-53.9378823,-28.4960104],[-53.9471179,-28.486418],[-53.9596561,-28.4878387],[-53.9620595,-28.4721789],[-53.9466933,-28.4734917],[-53.9557671,-28.4615129],[-53.9753483,-28.4657339],[-53.9845935,-28.34687],[-53.9935525,-28.3365352],[-54.0070889,-28.3372192],[-54.0007828,-28.3472265],[-54.0064749,-28.3505295],[-54.0278868,-28.3373498],[-54.0210383,-28.3224028],[-54.0277776,-28.3189493],[-54.0370737,-28.3307321],[-54.0321547,-28.3417482],[-54.0413462,-28.359684],[-54.0733056,-28.335759],[-54.0649775,-28.317021],[-54.0756777,-28.3141488],[-54.0327158,-28.2742062],[-54.0129826,-28.2857991],[-54.017258,-28.3061245],[-54.0044198,-28.3062554],[-53.9929402,-28.2827623],[-53.9669061,-28.2908388],[-53.9686258,-28.2667722],[-53.9535973,-28.2260446],[-53.9256546,-28.2398805],[-53.9165836,-28.2145042],[-53.9129451,-28.1563522],[-53.9311591,-28.1186597],[-53.8794693,-28.0992067],[-53.8682051,-28.0788522],[-53.8063857,-28.0579597],[-53.7964726,-28.063431],[-53.7913776,-28.0861692],[-53.8163697,-28.1255083],[-53.8167177,-28.1468258],[-53.8312151,-28.1518724],[-53.8374026,-28.1676063],[-53.8348816,-28.1846239],[-53.8431994,-28.1905197],[-53.837365,-28.2078071],[-53.8472456,-28.2121028],[-53.8321524,-28.2366864],[-53.8420485,-28.2445305],[-53.835601,-28.2541462],[-53.8432417,-28.2494198],[-53.8484554,-28.2591645],[-53.825382,-28.2632947],[-53.8323639,-28.2760676],[-53.8225387,-28.2828297],[-53.8131342,-28.2820792],[-53.818842,-28.2716138],[-53.8077453,-28.2601207],[-53.8074924,-28.2756708],[-53.7957388,-28.2771076],[-53.8224612,-28.2852542],[-53.8197006,-28.3688647],[-53.8295178,-28.3715849],[-53.8263938,-28.380441],[-53.8383064,-28.388838],[-53.827381,-28.4020647],[-53.8126906,-28.4000881],[-53.8133493,-28.4113827],[-53.8006679,-28.4261843],[-53.7911493,-28.4197521],[-53.7840411,-28.4317829],[-53.7717682,-28.4333085],[-53.78092,-28.4458151],[-53.780764,-28.4874953],[-53.7979359,-28.4923389],[-53.8166694,-28.4827537],[-53.8385656,-28.5137359],[-53.8577807,-28.5170134],[-53.8654866,-28.5385455],[-53.8803681,-28.5227996],[-53.8928329,-28.5222938],[-53.8940082,-28.5107276],[-53.9019011,-28.5136026],[-53.8984677,-28.505262],[-53.9069898,-28.4986225],[-53.9152787,-28.5062917],[-53.9322248,-28.477103]]]}},{"type":"Feature","properties":{"level":"municipio","municipality_code":"4310306","municipality_name":"Ilópolis","uf":"RS","state_code":"43","area_km2":123.602},"geometry":{"type":"Polygon","coordinates":[[[-52.1223523,-28.9747025],[-52.1575891,-28.9751152],[-52.1611255,-28.9483122],[-52.1943631,-28.9592475],[-52.1937694,-28.9684972],[-52.2282905,-28.9700566],[-52.2302741,-28.9585398],[-52.1659884,-28.8860595],[-52.1467204,-28.8921678],[-52.0789972,-28.8776642],[-52.0669525,-28.9066052],[-52.0695888,-28.9796243],[-52.1216151,-28.9828299],[-52.1223523,-28.9747025]]]}},{"type":"Feature","properties":{"level":"municipio","municipality_code":"4310330","municipality_name":"Imbé","uf":"RS","state_code":"43","area_km2":39.766},"geometry":{"type":"Polygon","coordinates":[[[-50.075267,-29.8844706],[-50.1192447,-29.9761698],[-50.1550533,-29.9866497],[-50.1537571,-29.965451],[-50.1346883,-29.9585979],[-50.1363585,-29.9503732],[-50.1279081,-29.9467104],[-50.1514111,-29.9138363],[-50.1198829,-29.9021829],[-50.1090614,-29.8845165],[-50.075267,-29.8844706]]]}},{"type":"Feature","properties":{"level":"municipio","municipality_code":"4310363","municipality_name":"Imigrante","uf":"RS","state_code":"43","area_km2":71.718},"geometry":{"type":"Polygon","coordinates":[[[-51.726069,-29.3341045],[-51.7282373,-29.3630338],[-51.7510099,-29.3625281],[-51.7509729,-29.3704135],[-51.7707843,-29.3667721],[-51.7644459,-29.3736737],[-51.7761961,-29.3878859],[-51.8395869,-29.3800663],[-51.8397496,-29.3729954],[-51.8619421,-29.363466],[-51.8393719,-29.354993],[-51.8393184,-29.3436627],[-51.7759073,-29.3425942],[-51.7800255,-29.2989236],[-51.761584,-29.2952918],[-51.743472,-29.3092118],[-51.7349493,-29.2973736],[-51.7265439,-29.3015578],[-51.7253701,-29.2946479],[-51.7132139,-29.2945487],[-51.7132325,-29.3037836],[-51.7097576,-29.301631],[-51.7061404,-29.3043736],[-51.700926,-29.3043254],[-51.6994538,-29.3056555],[-51.7289295,-29.3161853],[-51.7290379,-29.3248591],[-51.7006879,-29.3230204],[-51.7018885,-29.3344499],[-51.726069,-29.3341045]]]}},{"type":"Feature","properties":{"level":"municipio","municipality_code":"4310405","municipality_name":"Independência","uf":"RS","state_code":"43","area_km2":358.284},"geometry":{"type":"Polygon","coordinates":[[[-54.2203127,-27.9325108],[-54.2388221,-27.9204707],[-54.2380994,-27.9127429],[-54.2696574,-27.9068665],[-54.2776767,-27.8927869],[-54.2941236,-27.8921588],[-54.2942847,-27.885582],[-54.3094123,-27.8946363],[-54.3044945,-27.8866273],[-54.3177003,-27.8780688],[-54.2950395,-27.8699131],[-54.3070203,-27.8643922],[-54.3280477,-27.8751697],[-54.3258256,-27.8539003],[-54.3472252,-27.8645226],[-54.3383553,-27.8558884],[-54.3473727,-27.8440716],[-54.3362337,-27.8428406],[-54.3497617,-27.8327558],[-54.3353106,-27.830324],[-54.3331559,-27.8214219],[-54.3118179,-27.832779],[-54.3008335,-27.825117],[-54.2950594,-27.8064404],[-54.284825,-27.8079767],[-54.2781372,-27.821033],[-54.2600307,-27.8151879],[-54.2023287,-27.823613],[-54.203833,-27.8113027],[-54.1928638,-27.802474],[-54.1926145,-27.8116018],[-54.1602959,-27.7975493],[-54.1244323,-27.8062893],[-54.1353113,-27.8070247],[-54.1275755,-27.8150713],[-54.1467651,-27.8257646],[-54.1389704,-27.8290093],[-54.1444181,-27.8411318],[-54.1330011,-27.8361591],[-54.114766,-27.8610081],[-54.1220674,-27.862537],[-54.1237899,-27.8810996],[-54.0981202,-27.8856371],[-54.108892,-27.8960757],[-54.0772802,-27.9176507],[-54.085767,-27.9301131],[-54.0739167,-27.9394398],[-54.0435235,-27.9417237],[-54.0410049,-27.9748734],[-54.0767375,-28.0074738],[-54.0896913,-27.9933485],[-54.0939794,-28.0087258],[-54.1407181,-28.0187114],[-54.1652184,-28.001823],[-54.1822224,-27.9716968],[-54.194268,-27.9714374],[-54.1910602,-27.9626008],[-54.226331,-27.9405762],[-54.2203127,-27.9325108]]]}},{"type":"Feature","properties":{"level":"municipio","municipality_code":"4310413","municipality_name":"Inhacorá","uf":"RS","state_code":"43","area_km2":113.749},"geometry":{"type":"Polygon","coordinates":[[[-54.089779,-27.8741972],[-54.048904,-27.8815601],[-54.0473086,-27.8652626],[-54.0045056,-27.8411072],[-53.9773486,-27.8378099],[-53.9663241,-27.8241181],[-53.9506865,-27.8311176],[-53.9492934,-27.8478725],[-53.9730932,-27.8690951],[-53.9754413,-27.8840631],[-53.9989859,-27.916892],[-54.0267779,-27.9315343],[-54.0292609,-27.9464971],[-54.0199464,-27.952084],[-54.0198264,-27.9679908],[-54.0599931,-28.0216242],[-54.0781612,-28.0063112],[-54.0411294,-27.9751766],[-54.0427274,-27.9428344],[-54.0762633,-27.9381268],[-54.0859089,-27.9298904],[-54.0772802,-27.9176507],[-54.108892,-27.8960757],[-54.0981202,-27.8856371],[-54.1147868,-27.8826748],[-54.089779,-27.8741972]]]}},{"type":"Feature","properties":{"level":"municipio","municipality_code":"4310462","municipality_name":"Ipiranga do Sul","uf":"RS","state_code":"43","area_km2":158.71},"geometry":{"type":"Polygon","coordinates":[[[-52.4109355,-27.9902267],[-52.4264682,-27.9832023],[-52.4364675,-27.9899563],[-52.4542531,-27.9748797],[-52.4699653,-27.9776031],[-52.4769077,-27.9590354],[-52.4949411,-27.9603326],[-52.4966974,-27.9491798],[-52.5151939,-27.9480146],[-52.5125024,-27.9428628],[-52.527134,-27.9375547],[-52.5161194,-27.921405],[-52.5120998,-27.9263188],[-52.4861859,-27.9113546],[-52.4629815,-27.9094438],[-52.4491066,-27.8865263],[-52.4343972,-27.8793828],[-52.4292067,-27.8633817],[-52.4112118,-27.8575678],[-52.3704005,-27.8727418],[-52.365721,-27.8812554],[-52.3568097,-27.8776292],[-52.3604536,-27.8918583],[-52.3504071,-27.8980781],[-52.3523829,-27.9124868],[-52.3663255,-27.9126907],[-52.3717772,-27.9279965],[-52.3529647,-27.9455446],[-52.339426,-27.9465657],[-52.3340934,-27.9728632],[-52.3575606,-27.9868573],[-52.3725059,-27.9770416],[-52.4109355,-27.9902267]]]}},{"type":"Feature","properties":{"level":"municipio","municipality_code":"4310439","municipality_name":"Ipê","uf":"RS","state_code":"43","area_km2":599.032},"geometry":{"type":"Polygon","coordinates":[[[-51.2892095,-28.8281589],[-51.3168597,-28.8386198],[-51.3200265,-28.8498992],[-51.3366888,-28.8283125],[-51.3644047,-28.8347352],[-51.4106629,-28.8001516],[-51.4362649,-28.809153],[-51.4357849,-28.792415],[-51.4593851,-28.7930318],[-51.4311786,-28.7710924],[-51.4351597,-28.7480606],[-51.4235311,-28.742548],[-51.4403133,-28.7159705],[-51.4319897,-28.708481],[-51.43439,-28.6887344],[-51.4524235,-28.6819366],[-51.4384651,-28.6684302],[-51.4218947,-28.6696507],[-51.4008214,-28.6389729],[-51.3819739,-28.6503604],[-51.384726,-28.6362114],[-51.3690534,-28.6336081],[-51.3728491,-28.6212497],[-51.3643132,-28.6237348],[-51.3602715,-28.6085262],[-51.3538297,-28.6197749],[-51.3405951,-28.6096807],[-51.3479689,-28.5897292],[-51.3206935,-28.5977276],[-51.3351821,-28.5838583],[-51.3174116,-28.5832667],[-51.3065912,-28.5938792],[-51.3033617,-28.5827201],[-51.2791345,-28.5812116],[-51.2710053,-28.5933115],[-51.2679563,-28.5773448],[-51.2539238,-28.5804206],[-51.2588494,-28.595557],[-51.2213619,-28.6054299],[-51.2128554,-28.6236416],[-51.1672698,-28.6286752],[-51.1643988,-28.6453441],[-51.1459915,-28.6528822],[-51.1426899,-28.6709589],[-51.1562111,-28.6966484],[-51.191999,-28.6977683],[-51.2051538,-28.7074477],[-51.197352,-28.7515133],[-51.1905925,-28.7668674],[-51.1851292,-28.7645249],[-51.1865776,-28.782117],[-51.1978586,-28.8015735],[-51.2179067,-28.8017128],[-51.2106452,-28.8100611],[-51.1748451,-28.8176814],[-51.1640949,-28.8345469],[-51.1711307,-28.8418619],[-51.157857,-28.8420689],[-51.1580743,-28.8531782],[-51.1925893,-28.8535865],[-51.2342358,-28.8171372],[-51.2523015,-28.816549],[-51.2721119,-28.8312729],[-51.2892095,-28.8281589]]]}},{"type":"Feature","properties":{"level":"municipio","municipality_code":"4310504","municipality_name":"Iraí","uf":"RS","state_code":"43","area_km2":181.85},"geometry":{"type":"Polygon","coordinates":[[[-53.2743551,-27.311642],[-53.2918108,-27.3052709],[-53.2819957,-27.2959416],[-53.2938714,-27.2900114],[-53.2903577,-27.2813932],[-53.3102796,-27.2718554],[-53.3215643,-27.2772102],[-53.3184353,-27.2641093],[-53.302755,-27.2557111],[-53.3206814,-27.241149],[-53.3019263,-27.2303823],[-53.321108,-27.2290036],[-53.3256436,-27.2133469],[-53.3109916,-27.2187285],[-53.293067,-27.1969193],[-53.2354978,-27.1706481],[-53.1827404,-27.1939945],[-53.1796319,-27.1993816],[-53.1903662,-27.2022743],[-53.1786814,-27.2110764],[-53.1847508,-27.2122286],[-53.1772685,-27.2170748],[-53.181314,-27.2272761],[-53.1690796,-27.2372506],[-53.1760444,-27.2431989],[-53.1692157,-27.2482974],[-53.1697354,-27.2649502],[-53.1585591,-27.2698638],[-53.159317,-27.2823907],[-53.2056464,-27.2941642],[-53.1953084,-27.3021215],[-53.2036471,-27.3129131],[-53.2279569,-27.3060142],[-53.2283975,-27.3217407],[-53.2460155,-27.3212484],[-53.2580891,-27.3399144],[-53.2651066,-27.3302178],[-53.2795359,-27.3295348],[-53.2743551,-27.311642]]]}},{"type":"Feature","properties":{"level":"municipio","municipality_code":"4310538","municipality_name":"Itaara","uf":"RS","state_code":"43","area_km2":172.801},"geometry":{"type":"Polygon","coordinates":[[[-53.7730784,-29.6576094],[-53.7834484,-29.6427414],[-53.8061315,-29.6416804],[-53.8291122,-29.6175154],[-53.838338,-29.5938726],[-53.8560648,-29.5922664],[-53.8335871,-29.5759175],[-53.8419719,-29.5650748],[-53.8154478,-29.5412498],[-53.7648423,-29.5212971],[-53.7382387,-29.4916727],[-53.6988162,-29.4803763],[-53.6923765,-29.4617598],[-53.6884528,-29.4887678],[-53.7216179,-29.5180236],[-53.696873,-29.5615697],[-53.7074164,-29.5668087],[-53.6992396,-29.5861226],[-53.7146493,-29.5995337],[-53.7017329,-29.6073324],[-53.7158494,-29.6176641],[-53.7111619,-29.6398295],[-53.7730784,-29.6576094]]]}},{"type":"Feature","properties":{"level":"municipio","municipality_code":"4310553","municipality_name":"Itacurubi","uf":"RS","state_code":"43","area_km2":1120.249},"geometry":{"type":"Polygon","coordinates":[[[-55.1846708,-28.7618335],[-55.1553734,-28.7367317],[-55.132632,-28.7449994],[-55.1121488,-28.742536],[-55.0730358,-28.7611863],[-55.078785,-28.768413],[-55.0674888,-28.7771735],[-55.0437185,-28.7622386],[-55.0305529,-28.7894215],[-55.0339681,-28.7981691],[-55.0248682,-28.798308],[-55.021333,-28.7876781],[-55.0078475,-28.796472],[-55.0033958,-28.7760345],[-54.9610182,-28.8106963],[-55.0240542,-28.8382429],[-55.0368257,-28.8333124],[-55.0537236,-28.8458065],[-55.0533751,-28.8753843],[-55.0465848,-28.8875461],[-55.0247389,-28.8985472],[-55.0682058,-28.8925711],[-55.1036236,-28.9034256],[-55.0728254,-28.9215552],[-55.0729945,-28.9318877],[-55.0904912,-28.9500109],[-55.1020189,-28.9551074],[-55.1785825,-28.9427591],[-55.1969911,-28.9571507],[-55.1977838,-28.9789002],[-55.226643,-28.9850341],[-55.2562496,-28.9670312],[-55.263499,-28.9741153],[-55.301455,-28.9549752],[-55.3179432,-28.9546882],[-55.3229845,-28.9406012],[-55.3455307,-28.9419439],[-55.3498513,-28.9315732],[-55.3730301,-28.9205678],[-55.375861,-28.900697],[-55.3675076,-28.8799911],[-55.3837433,-28.8735729],[-55.3964182,-28.8801241],[-55.4137148,-28.8644402],[-55.4321683,-28.8626488],[-55.4194282,-28.8449642],[-55.4314272,-28.8443882],[-55.4327733,-28.8274423],[-55.4488054,-28.8128844],[-55.4658121,-28.8121235],[-55.4954597,-28.7648405],[-55.5040378,-28.7640986],[-55.5076276,-28.74475],[-55.4960992,-28.7398101],[-55.4971566,-28.731536],[-55.534324,-28.7301173],[-55.5354483,-28.710658],[-55.5498372,-28.7074737],[-55.5316054,-28.6863746],[-55.5165226,-28.7070014],[-55.508652,-28.693878],[-55.4931737,-28.6948173],[-55.488061,-28.684115],[-55.4959928,-28.6788928],[-55.485867,-28.6616296],[-55.4814988,-28.6686986],[-55.4513137,-28.6667575],[-55.4460969,-28.6752535],[-55.431016,-28.6566287],[-55.4369678,-28.6499513],[-55.4219547,-28.6491481],[-55.4163452,-28.6564762],[-55.4122062,-28.6489902],[-55.400295,-28.6490416],[-55.3808448,-28.6693824],[-55.3749737,-28.6572777],[-55.3660949,-28.6540251],[-55.3635544,-28.6607842],[-55.3478077,-28.6498076],[-55.3451688,-28.6668925],[-55.3304587,-28.6674437],[-55.3206389,-28.6552661],[-55.3081715,-28.6708815],[-55.2869629,-28.6664187],[-55.2858401,-28.6814548],[-55.2749674,-28.6722555],[-55.2532737,-28.6908774],[-55.2360172,-28.6874436],[-55.242191,-28.6775048],[-55.2259325,-28.6661531],[-55.2320315,-28.6987155],[-55.2254176,-28.7113752],[-55.2075342,-28.7114981],[-55.1915098,-28.727622],[-55.1830061,-28.7492404],[-55.1917387,-28.7579841],[-55.1846708,-28.7618335]]]}},{"type":"Feature","properties":{"level":"municipio","municipality_code":"4310579","municipality_name":"Itapuca","uf":"RS","state_code":"43","area_km2":184.673},"geometry":{"type":"Polygon","coordinates":[[[-52.0780358,-28.7585977],[-52.0683582,-28.773633],[-52.0747512,-28.7852327],[-52.0597945,-28.7952825],[-52.0633376,-28.80959],[-52.1249933,-28.8105224],[-52.1368091,-28.8035755],[-52.1428901,-28.813409],[-52.1620341,-28.8123135],[-52.1712217,-28.8236069],[-52.1822644,-28.8239103],[-52.201982,-28.8220113],[-52.2208189,-28.8091274],[-52.2441071,-28.8288015],[-52.2703753,-28.8076767],[-52.3290488,-28.81355],[-52.3212001,-28.7967809],[-52.3049495,-28.7856839],[-52.2930195,-28.7549289],[-52.3008129,-28.7479839],[-52.2777524,-28.7351771],[-52.2784913,-28.6960762],[-52.2569626,-28.6805227],[-52.2460775,-28.7060941],[-52.2575681,-28.7302577],[-52.238708,-28.7573885],[-52.2257902,-28.7628862],[-52.198086,-28.7421375],[-52.1785961,-28.7433485],[-52.1867828,-28.752431],[-52.167964,-28.7549041],[-52.1138154,-28.7406836],[-52.0723334,-28.7429102],[-52.0685681,-28.7497757],[-52.0780358,-28.7585977]]]}},{"type":"Feature","properties":{"level":"municipio","municipality_code":"4310603","municipality_name":"Itaqui","uf":"RS","state_code":"43","area_km2":3405.999},"geometry":{"type":"Polygon","coordinates":[[[-56.4230383,-29.4267878],[-56.4718435,-29.4157318],[-56.4817316,-29.3933815],[-56.4946926,-29.3878997],[-56.525551,-29.3958305],[-56.5691808,-29.3911749],[-56.5903111,-29.4061745],[-56.6058018,-29.3915862],[-56.611802,-29.4019799],[-56.6048696,-29.41996],[-56.6181699,-29.4253341],[-56.6345073,-29.4170441],[-56.6712204,-29.4255133],[-56.681912,-29.406572],[-56.6950179,-29.4005056],[-56.7803612,-29.4162898],[-56.7684016,-29.3779989],[-56.7461909,-29.3683564],[-56.7129681,-29.3673526],[-56.6999653,-29.3564409],[-56.6507141,-29.2643483],[-56.6547606,-29.223794],[-56.645843,-29.200294],[-56.6169245,-29.1710693],[-56.5887534,-29.1198128],[-56.5443075,-29.1157373],[-56.5030254,-29.0886616],[-56.4217714,-29.075492],[-56.3991173,-29.0173516],[-56.4159647,-28.9922633],[-56.3898381,-28.9553034],[-56.3441939,-28.9400565],[-56.3232713,-28.9247252],[-56.314237,-28.9356304],[-56.3069888,-28.9262015],[-56.3056844,-28.9335378],[-56.2966223,-28.9296307],[-56.2815067,-28.9429411],[-56.2710474,-28.9322558],[-56.2579955,-28.944765],[-56.2547869,-28.9368751],[-56.2318003,-28.9375222],[-56.2219741,-28.9260504],[-56.2098611,-28.9272075],[-56.1966577,-28.8982518],[-56.17871,-28.9009917],[-56.1792978,-28.8861315],[-56.1647352,-28.8629572],[-56.149827,-28.8669818],[-56.1378555,-28.8576217],[-56.1321437,-28.8663462],[-56.1223786,-28.8551621],[-56.1105239,-28.8570771],[-56.1075637,-28.8481357],[-56.0962813,-28.8578574],[-56.0815813,-28.8566816],[-56.0903017,-28.9050769],[-56.0970157,-28.9197605],[-56.268743,-29.0951537],[-56.2596697,-29.1004103],[-56.2612483,-29.1089819],[-56.179775,-29.133521],[-56.1801666,-29.1592161],[-56.0508435,-29.149952],[-55.9123596,-29.1563872],[-55.8088841,-29.1276544],[-55.7309426,-29.1234605],[-55.692589,-29.1079637],[-55.6471638,-29.1079438],[-55.6271722,-29.0933485],[-55.5702228,-29.0935561],[-55.5291453,-29.0688722],[-55.5274153,-29.0850675],[-55.5095651,-29.0983502],[-55.5051799,-29.1273229],[-55.4770964,-29.170685],[-55.4805334,-29.1981547],[-55.5418452,-29.1965351],[-55.5361965,-29.2049129],[-55.5599209,-29.2037524],[-55.5629143,-29.2195947],[-55.5733414,-29.2251397],[-55.5879745,-29.2117777],[-55.6019732,-29.2240771],[-55.617079,-29.2158119],[-55.6168888,-29.2328076],[-55.6422367,-29.2466329],[-55.6393251,-29.2669078],[-55.649114,-29.2808202],[-55.6715971,-29.2779283],[-55.6730814,-29.2893526],[-55.6957435,-29.2862698],[-55.7010592,-29.3089502],[-55.7052738,-29.3042953],[-55.7194387,-29.3224183],[-55.73337,-29.3205771],[-55.7292931,-29.3272153],[-55.7377022,-29.3373387],[-55.7528687,-29.3399238],[-55.7531451,-29.3303739],[-55.7639274,-29.327474],[-55.7725244,-29.3420801],[-55.7981673,-29.3441992],[-55.8030834,-29.3654237],[-55.8263585,-29.3654699],[-55.8140768,-29.3904212],[-55.8452093,-29.3958305],[-55.8609921,-29.4224431],[-55.8716393,-29.4205722],[-55.9140619,-29.3812657],[-55.9195677,-29.368934],[-55.910466,-29.3568634],[-55.9137571,-29.3504333],[-55.9612797,-29.361462],[-56.0295054,-29.3008609],[-56.045386,-29.2954184],[-56.055977,-29.3219464],[-56.0795658,-29.3343049],[-56.0780525,-29.3585286],[-56.085668,-29.3674024],[-56.1193572,-29.3603105],[-56.1395046,-29.3210575],[-56.1704926,-29.310969],[-56.181905,-29.3221293],[-56.1766106,-29.3754202],[-56.2011728,-29.380063],[-56.2198654,-29.4001571],[-56.2564592,-29.3997314],[-56.2913155,-29.4172173],[-56.3635903,-29.3977269],[-56.3802648,-29.4117667],[-56.4230383,-29.4267878]]]}},{"type":"Feature","properties":{"level":"municipio","municipality_code":"4310652","municipality_name":"Itati","uf":"RS","state_code":"43","area_km2":205.06},"geometry":{"type":"Polygon","coordinates":[[[-50.1607057,-29.5714937],[-50.1706582,-29.5226746],[-50.1893164,-29.5057924],[-50.1749689,-29.4824271],[-50.1510009,-29.4744554],[-50.1663373,-29.4633755],[-50.1674952,-29.4739806],[-50.1831326,-29.4779227],[-50.1880803,-29.4889087],[-50.2012276,-29.4776055],[-50.2190117,-29.4814242],[-50.2044104,-29.4667104],[-50.2032595,-29.4543685],[-50.2115404,-29.4606641],[-50.2094842,-29.4517312],[-50.2177059,-29.4524697],[-50.2058073,-29.4418141],[-50.2155275,-29.4407064],[-50.2251253,-29.4517498],[-50.2234039,-29.444022],[-50.2314123,-29.4434497],[-50.2220462,-29.4321783],[-50.2319158,-29.4354535],[-50.2497728,-29.4112799],[-50.2229334,-29.417145],[-50.2105355,-29.4103503],[-50.2227288,-29.4099802],[-50.2248986,-29.4007637],[-50.2095505,-29.3931399],[-50.240095,-29.3957436],[-50.2443799,-29.3848936],[-50.2352373,-29.3884376],[-50.2316403,-29.3795355],[-50.2427062,-29.3795684],[-50.2387198,-29.3745025],[-50.2501219,-29.3799399],[-50.238241,-29.3615906],[-50.2457517,-29.3618434],[-50.2390064,-29.3539728],[-50.2469818,-29.3517448],[-50.2382856,-29.346805],[-50.2492534,-29.3452625],[-50.2495478,-29.3303733],[-50.230927,-29.3366191],[-50.2163121,-29.3262184],[-50.2210632,-29.3421591],[-50.2061225,-29.3302271],[-50.2076527,-29.3381544],[-50.1917827,-29.3416523],[-50.2073687,-29.3614158],[-50.1963318,-29.3680842],[-50.1864908,-29.3573398],[-50.1830108,-29.3648363],[-50.1756507,-29.349859],[-50.1572265,-29.3378714],[-50.1164091,-29.335869],[-50.118899,-29.3241026],[-50.1055,-29.3280979],[-50.1072069,-29.3361134],[-50.0862976,-29.3326576],[-50.091622,-29.3406884],[-50.0857704,-29.3424709],[-50.0882537,-29.3462223],[-50.0833902,-29.3477121],[-50.0839709,-29.3494193],[-50.0994264,-29.3387073],[-50.1551818,-29.3552411],[-50.1825527,-29.4003044],[-50.1699676,-29.4190217],[-50.1305299,-29.4415071],[-50.1187067,-29.4751566],[-50.1010651,-29.4821017],[-50.0865753,-29.5343088],[-50.0800353,-29.5328098],[-50.0753205,-29.5453733],[-50.1057233,-29.5559649],[-50.1118697,-29.5739651],[-50.1324048,-29.5918737],[-50.1519142,-29.6002848],[-50.1592011,-29.5894841],[-50.1658286,-29.6024254],[-50.1738344,-29.5862137],[-50.1607057,-29.5714937]]]}},{"type":"Feature","properties":{"level":"municipio","municipality_code":"4310702","municipality_name":"Itatiba do Sul","uf":"RS","state_code":"43","area_km2":212.669},"geometry":{"type":"Polygon","coordinates":[[[-52.4958496,-27.3951797],[-52.5043659,-27.3907138],[-52.5016861,-27.3782166],[-52.5144857,-27.3773402],[-52.4983091,-27.3598155],[-52.5038535,-27.3528129],[-52.5192243,-27.3540062],[-52.5135412,-27.3480702],[-52.5222535,-27.3451824],[-52.5265562,-27.3367582],[-52.5202527,-27.3332837],[-52.53238,-27.3271172],[-52.5388409,-27.3094117],[-52.5257431,-27.3091416],[-52.5296315,-27.2955363],[-52.5407493,-27.289565],[-52.5254978,-27.2790811],[-52.5379118,-27.2764495],[-52.5362605,-27.2600911],[-52.4803965,-27.2664773],[-52.4798149,-27.2355428],[-52.435268,-27.2166625],[-52.4301649,-27.223725],[-52.4419935,-27.2582204],[-52.4188479,-27.2831892],[-52.4240315,-27.298296],[-52.4457558,-27.3081656],[-52.4359891,-27.3258015],[-52.4389605,-27.3386],[-52.4302185,-27.3412892],[-52.4423023,-27.3570356],[-52.433816,-27.368381],[-52.4425924,-27.3765812],[-52.4263449,-27.3904656],[-52.4430142,-27.3939115],[-52.4532466,-27.4085998],[-52.4519604,-27.4577951],[-52.4455728,-27.4555769],[-52.4495714,-27.4823588],[-52.4406063,-27.4823475],[-52.4368242,-27.4945904],[-52.5003533,-27.4897247],[-52.5225583,-27.478073],[-52.5192186,-27.4692513],[-52.5276315,-27.4638719],[-52.5150578,-27.4553817],[-52.5225851,-27.4425205],[-52.5090602,-27.434635],[-52.5163559,-27.4117276],[-52.5042349,-27.4146352],[-52.4958496,-27.3951797]]]}},{"type":"Feature","properties":{"level":"municipio","municipality_code":"4310751","municipality_name":"Ivorá","uf":"RS","state_code":"43","area_km2":122.93},"geometry":{"type":"Polygon","coordinates":[[[-53.6235379,-29.5587867],[-53.6337515,-29.5590705],[-53.6498038,-29.5356506],[-53.6520488,-29.5024445],[-53.6194884,-29.4858305],[-53.6227336,-29.4676748],[-53.6115784,-29.4625761],[-53.5923211,-29.4630562],[-53.5904449,-29.4781698],[-53.5834251,-29.4721874],[-53.5707801,-29.4809126],[-53.5643208,-29.4515958],[-53.5497423,-29.4415424],[-53.5184037,-29.4710208],[-53.523691,-29.4764663],[-53.5125264,-29.4857884],[-53.5072024,-29.5171428],[-53.5189362,-29.5259042],[-53.5136581,-29.5325121],[-53.5416675,-29.5126525],[-53.5592339,-29.5259031],[-53.5683997,-29.5384433],[-53.5517721,-29.5519918],[-53.5484699,-29.5650779],[-53.549727,-29.5743508],[-53.5623088,-29.5793384],[-53.5828508,-29.5770382],[-53.6023106,-29.5644002],[-53.6260509,-29.5721284],[-53.6235379,-29.5587867]]]}},{"type":"Feature","properties":{"level":"municipio","municipality_code":"4310801","municipality_name":"Ivoti","uf":"RS","state_code":"43","area_km2":63.092},"geometry":{"type":"Polygon","coordinates":[[[-51.1330514,-29.6280052],[-51.1964411,-29.6164563],[-51.1887037,-29.6048334],[-51.1958877,-29.5868873],[-51.1900398,-29.5593344],[-51.2052989,-29.5572282],[-51.2025079,-29.5516149],[-51.150959,-29.5321208],[-51.1163735,-29.5440598],[-51.1298792,-29.6385706],[-51.1330514,-29.6280052]]]}},{"type":"Feature","properties":{"level":"municipio","municipality_code":"4310850","municipality_name":"Jaboticaba","uf":"RS","state_code":"43","area_km2":127.589},"geometry":{"type":"Polygon","coordinates":[[[-53.2681652,-27.7141993],[-53.2967613,-27.7053181],[-53.3077839,-27.6863522],[-53.2943698,-27.6740492],[-53.2988315,-27.6202031],[-53.313623,-27.6185628],[-53.3185555,-27.6005849],[-53.2894247,-27.5788601],[-53.2965745,-27.564942],[-53.2895539,-27.5588044],[-53.2939423,-27.5507495],[-53.2830202,-27.5461022],[-53.2898306,-27.5357769],[-53.283383,-27.5299875],[-53.2920803,-27.5284727],[-53.2758226,-27.5179907],[-53.2562008,-27.5847565],[-53.2426382,-27.5868128],[-53.2309466,-27.5785992],[-53.2271699,-27.5926291],[-53.204146,-27.6047164],[-53.2203595,-27.6422349],[-53.2177188,-27.6655751],[-53.2384406,-27.6958826],[-53.2681652,-27.7141993]]]}},{"type":"Feature","properties":{"level":"municipio","municipality_code":"4310876","municipality_name":"Jacuizinho","uf":"RS","state_code":"43","area_km2":339.399},"geometry":{"type":"Polygon","coordinates":[[[-52.9874172,-29.1056695],[-52.9879677,-29.123439],[-52.9986947,-29.1166901],[-53.0024605,-29.1254925],[-52.9934342,-29.1369274],[-53.0116908,-29.1387901],[-53.0050727,-29.1483246],[-53.0130679,-29.1557322],[-53.0474048,-29.1299551],[-53.0759743,-29.1247127],[-53.0767953,-29.1010316],[-53.0697754,-29.0991033],[-53.0739934,-29.0794519],[-53.1065227,-29.0660111],[-53.1086263,-29.050325],[-53.1309362,-29.0440403],[-53.1396982,-29.0269851],[-53.1515479,-29.024731],[-53.1463395,-28.9969722],[-53.1081772,-28.9755675],[-53.0819065,-28.9838175],[-53.0789267,-28.9783301],[-53.1017026,-28.9691991],[-53.0798914,-28.9617943],[-53.0226877,-28.9787543],[-53.0343129,-28.96647],[-53.0197261,-28.9618917],[-53.0164417,-28.9466342],[-52.9772176,-28.9471186],[-52.9528953,-28.9555355],[-52.8552395,-29.0425707],[-52.8688222,-29.0409925],[-52.8773266,-29.0449773],[-52.8751863,-29.0510822],[-52.8891727,-29.0450497],[-52.8959935,-29.0548012],[-52.9010536,-29.0490203],[-52.9086497,-29.0605529],[-52.9222986,-29.0563022],[-52.9293792,-29.0759534],[-52.9351173,-29.0669839],[-52.9583191,-29.0604341],[-52.9484302,-29.095796],[-52.974204,-29.096157],[-52.9719278,-29.1083339],[-52.9801392,-29.1017216],[-52.9874172,-29.1056695]]]}},{"type":"Feature","properties":{"level":"municipio","municipality_code":"4310900","municipality_name":"Jacutinga","uf":"RS","state_code":"43","area_km2":178.009},"geometry":{"type":"Polygon","coordinates":[[[-52.5733421,-27.7567505],[-52.5595967,-27.7149129],[-52.5636263,-27.6891541],[-52.5469026,-27.6868288],[-52.5466336,-27.6948126],[-52.5254708,-27.6816843],[-52.5243434,-27.7015206],[-52.5198806,-27.6918587],[-52.5147281,-27.7009947],[-52.5110613,-27.6913916],[-52.4969363,-27.695162],[-52.5075361,-27.7035356],[-52.5079128,-27.7144558],[-52.4901788,-27.7153354],[-52.4925897,-27.7250326],[-52.4827963,-27.7194174],[-52.457302,-27.7445472],[-52.4624199,-27.7537253],[-52.4954079,-27.7676389],[-52.4866611,-27.7790943],[-52.4946952,-27.8065631],[-52.5609649,-27.8644561],[-52.5612367,-27.8755921],[-52.5729658,-27.8826057],[-52.5806298,-27.8763986],[-52.5936392,-27.8859911],[-52.6098198,-27.8791429],[-52.5997769,-27.875334],[-52.607233,-27.8696244],[-52.6233395,-27.8747068],[-52.6263757,-27.8641899],[-52.6350913,-27.8792554],[-52.647615,-27.8763527],[-52.6455359,-27.8526899],[-52.6192297,-27.8375215],[-52.6052297,-27.8390607],[-52.5743449,-27.8055629],[-52.5952647,-27.801967],[-52.595185,-27.7867842],[-52.5792933,-27.7756163],[-52.5844941,-27.7674015],[-52.5733421,-27.7567505]]]}},{"type":"Feature","properties":{"level":"municipio","municipality_code":"4311106","municipality_name":"Jaguari","uf":"RS","state_code":"43","area_km2":675.108},"geometry":{"type":"Polygon","coordinates":[[[-54.7508779,-29.3914595],[-54.6862869,-29.3940504],[-54.6905843,-29.3205118],[-54.6656849,-29.3238283],[-54.6407766,-29.3103203],[-54.6264908,-29.3123466],[-54.6300595,-29.3277289],[-54.6211626,-29.3325746],[-54.622924,-29.3443775],[-54.6099885,-29.3461044],[-54.5908497,-29.3650376],[-54.583298,-29.3619241],[-54.5923285,-29.3504142],[-54.5828471,-29.3387982],[-54.5897713,-29.3292617],[-54.5804794,-29.3312655],[-54.5638058,-29.3154696],[-54.5425832,-29.3102754],[-54.5128283,-29.3177673],[-54.5096755,-29.3271845],[-54.4892968,-29.335208],[-54.5077781,-29.346712],[-54.5021609,-29.3691973],[-54.4793259,-29.3836086],[-54.510916,-29.3818503],[-54.5130582,-29.3895727],[-54.4963319,-29.3907845],[-54.493112,-29.4019707],[-54.4686343,-29.4182149],[-54.4446898,-29.4190259],[-54.4304852,-29.4245226],[-54.4276252,-29.4362617],[-54.3979009,-29.4406927],[-54.3946533,-29.4520709],[-54.4031255,-29.4602751],[-54.4454153,-29.4663703],[-54.5139444,-29.4444464],[-54.5189569,-29.4579224],[-54.5405685,-29.4578902],[-54.5680784,-29.4855472],[-54.5632946,-29.5125599],[-54.5728547,-29.5336268],[-54.5873468,-29.5287428],[-54.6004574,-29.5431028],[-54.6241509,-29.5483697],[-54.6328596,-29.5727697],[-54.663915,-29.5603889],[-54.6820511,-29.5650039],[-54.7206632,-29.5941824],[-54.7466174,-29.590206],[-54.7438137,-29.6000568],[-54.7543876,-29.6128158],[-54.7763366,-29.6109245],[-54.7770486,-29.6207552],[-54.7971284,-29.6292108],[-54.801174,-29.6214849],[-54.7904375,-29.6185215],[-54.7832694,-29.5992772],[-54.7935078,-29.5933216],[-54.7925357,-29.568473],[-54.8080542,-29.5758143],[-54.8221416,-29.5682914],[-54.8338461,-29.5743176],[-54.843223,-29.5492493],[-54.8609789,-29.5465773],[-54.8616916,-29.5306822],[-54.8346646,-29.5156893],[-54.8388563,-29.5079887],[-54.7939034,-29.4912971],[-54.7505585,-29.4609782],[-54.7532498,-29.4311835],[-54.739691,-29.4185159],[-54.7540738,-29.4177298],[-54.7596795,-29.4096816],[-54.7508779,-29.3914595]]]}},{"type":"Feature","properties":{"level":"municipio","municipality_code":"4311007","municipality_name":"Jaguarão","uf":"RS","state_code":"43","area_km2":2051.845},"geometry":{"type":"Polygon","coordinates":[[[-53.3742739,-32.5700932],[-53.3881204,-32.5869281],[-53.4217977,-32.5582591],[-53.4313659,-32.5659938],[-53.4574991,-32.5222959],[-53.4643549,-32.4847299],[-53.4995539,-32.4810385],[-53.5170714,-32.489241],[-53.5203184,-32.4810609],[-53.5264231,-32.4890229],[-53.5435373,-32.479068],[-53.5409486,-32.4729313],[-53.5563692,-32.4727111],[-53.6150311,-32.416573],[-53.6143752,-32.398404],[-53.6449488,-32.3843371],[-53.6333399,-32.3502762],[-53.6430887,-32.3249197],[-53.6571702,-32.3168186],[-53.6473547,-32.3119553],[-53.6428639,-32.2962995],[-53.6571763,-32.2886955],[-53.6571867,-32.2776066],[-53.677794,-32.2585979],[-53.6793386,-32.2430606],[-53.6489407,-32.1823671],[-53.6192938,-32.1630881],[-53.5839257,-32.1566422],[-53.5825354,-32.1476784],[-53.5510745,-32.1573588],[-53.5406926,-32.1708929],[-53.5176377,-32.1733276],[-53.5117029,-32.1881213],[-53.5028229,-32.1904834],[-53.349686,-32.1852235],[-53.3225027,-32.2232122],[-53.305416,-32.2175313],[-53.28984,-32.2343022],[-53.2916275,-32.2744766],[-53.2558305,-32.3096769],[-53.2613613,-32.3242652],[-53.2444049,-32.3445817],[-53.2246929,-32.3559576],[-53.2143501,-32.3527517],[-53.1860289,-32.3718545],[-53.1433355,-32.3644178],[-53.1001127,-32.377579],[-53.0904409,-32.3927868],[-53.0527569,-32.388504],[-53.0606031,-32.4037693],[-53.0548197,-32.411957],[-53.0396621,-32.4156972],[-53.0315388,-32.4292471],[-53.0085077,-32.4232167],[-52.973791,-32.4599205],[-52.9769571,-32.4822696],[-52.9679581,-32.490484],[-52.9877486,-32.5106312],[-53.0007997,-32.5978724],[-53.0201046,-32.6130716],[-53.0700232,-32.6222128],[-53.0846437,-32.6582422],[-53.1283785,-32.6384631],[-53.1667213,-32.648587],[-53.1764132,-32.6584646],[-53.1897865,-32.6428425],[-53.2370648,-32.6297685],[-53.2494897,-32.6032088],[-53.271797,-32.6052235],[-53.2785939,-32.6186279],[-53.2888051,-32.6210966],[-53.3331561,-32.5850366],[-53.3527182,-32.5919325],[-53.3742739,-32.5700932]]]}},{"type":"Feature","properties":{"level":"municipio","municipality_code":"4311122","municipality_name":"Jaquirana","uf":"RS","state_code":"43","area_km2":908.879},"geometry":{"type":"Polygon","coordinates":[[[-50.3366559,-29.1097016],[-50.3512334,-29.1199602],[-50.3666596,-29.1122093],[-50.3667608,-29.1044523],[-50.4122347,-29.1192637],[-50.4270569,-29.132886],[-50.4438905,-29.1292431],[-50.4315025,-29.0754633],[-50.4428262,-29.0481279],[-50.4558226,-29.0373306],[-50.4633127,-28.9597866],[-50.4763459,-28.9358892],[-50.5151247,-28.9113071],[-50.5150096,-28.8978695],[-50.5346977,-28.887301],[-50.5545053,-28.8926394],[-50.5527404,-28.8819864],[-50.5619059,-28.886946],[-50.5611764,-28.8722874],[-50.5519186,-28.8713126],[-50.5510187,-28.8628015],[-50.5727036,-28.8632496],[-50.5645818,-28.8507308],[-50.5821501,-28.855301],[-50.5788136,-28.8429059],[-50.6063793,-28.8303486],[-50.6002188,-28.8227581],[-50.6042638,-28.8100551],[-50.5951604,-28.8179263],[-50.5727087,-28.7959954],[-50.5802789,-28.7791579],[-50.5568485,-28.7821886],[-50.565786,-28.7917588],[-50.5437405,-28.8017169],[-50.5524306,-28.8124707],[-50.5386308,-28.8292372],[-50.526605,-28.800116],[-50.5177337,-28.8104696],[-50.49597,-28.805231],[-50.4910779,-28.8165475],[-50.4642756,-28.8198124],[-50.4511172,-28.8069671],[-50.4607121,-28.7988934],[-50.4411179,-28.7877831],[-50.4294599,-28.7996389],[-50.4327321,-28.8188176],[-50.4262049,-28.8265016],[-50.4241142,-28.8123883],[-50.4087853,-28.8048912],[-50.3937247,-28.8140368],[-50.3946385,-28.8235028],[-50.3675614,-28.8356001],[-50.3687933,-28.8234859],[-50.3303446,-28.8079891],[-50.3098688,-28.8418768],[-50.2931897,-28.8425609],[-50.2992405,-28.8338701],[-50.282905,-28.8224739],[-50.2738268,-28.8395428],[-50.2630592,-28.8359588],[-50.2597936,-28.8188998],[-50.2524581,-28.8176479],[-50.2425671,-28.8257024],[-50.2337702,-28.8184046],[-50.2132369,-28.8213389],[-50.2079171,-28.8296393],[-50.2173645,-28.8352786],[-50.2052787,-28.8486528],[-50.1934966,-28.8394951],[-50.1856629,-28.8442679],[-50.1782875,-28.8696914],[-50.1818333,-28.8861459],[-50.1726535,-28.8904027],[-50.168143,-28.8840501],[-50.1593937,-28.9065134],[-50.1907114,-28.9297103],[-50.2082177,-28.9300142],[-50.2167805,-28.9191887],[-50.2279968,-28.9343668],[-50.2530987,-28.9284738],[-50.265584,-28.93892],[-50.2540699,-28.9420611],[-50.2449519,-28.9593893],[-50.2546331,-28.9746429],[-50.2514638,-28.9894768],[-50.2672919,-28.9923616],[-50.2735703,-29.006869],[-50.2500342,-29.0242173],[-50.2393487,-29.0230631],[-50.2425596,-29.0102476],[-50.2347234,-29.0095498],[-50.2283356,-29.0460793],[-50.2089197,-29.0514921],[-50.2155282,-29.0578957],[-50.210154,-29.0614195],[-50.1882305,-29.0599142],[-50.1839603,-29.0700019],[-50.1937182,-29.073824],[-50.1964531,-29.0865875],[-50.1916367,-29.0963393],[-50.1981778,-29.1047793],[-50.2199304,-29.0959796],[-50.2405653,-29.1023315],[-50.2512402,-29.1190107],[-50.247948,-29.1321607],[-50.2634581,-29.1401136],[-50.2997101,-29.1186493],[-50.3269985,-29.119498],[-50.3366559,-29.1097016]]]}},{"type":"Feature","properties":{"level":"municipio","municipality_code":"4311130","municipality_name":"Jari","uf":"RS","state_code":"43","area_km2":853.08},"geometry":{"type":"Polygon","coordinates":[[[-54.3273934,-29.1852032],[-54.3427242,-29.1757405],[-54.3336885,-29.1635528],[-54.3502792,-29.1542223],[-54.3071916,-29.1264037],[-54.3044567,-29.1352679],[-54.2929434,-29.1350138],[-54.2994694,-29.126681],[-54.2970243,-29.0939253],[-54.2906892,-29.0894696],[-54.2834287,-29.1170433],[-54.2458304,-29.1524589],[-54.1654411,-29.1793338],[-54.1701631,-29.1924378],[-54.0817063,-29.1908862],[-54.0650861,-29.2109307],[-54.076478,-29.2130512],[-54.078629,-29.2273264],[-54.087298,-29.2253642],[-54.0881811,-29.2393513],[-54.0983595,-29.2337831],[-54.1018193,-29.2426257],[-54.1123137,-29.2385889],[-54.1069988,-29.2476099],[-54.1303499,-29.2619305],[-54.1241499,-29.2687796],[-54.1348772,-29.2793024],[-54.1581633,-29.2863266],[-54.1517154,-29.3103838],[-54.1628887,-29.311364],[-54.1528886,-29.31713],[-54.1584914,-29.3261508],[-54.167698,-29.3245625],[-54.1640271,-29.3434354],[-54.177166,-29.3588487],[-54.1894049,-29.3549805],[-54.1797182,-29.3648277],[-54.1990817,-29.3922905],[-54.193527,-29.3978083],[-54.2023752,-29.4011531],[-54.1998494,-29.4166644],[-54.2086486,-29.4263457],[-54.2251244,-29.4102403],[-54.253587,-29.4137239],[-54.2751193,-29.4024807],[-54.2781097,-29.4231045],[-54.3123399,-29.4149199],[-54.3081806,-29.4318327],[-54.3211608,-29.4340746],[-54.3436826,-29.4290429],[-54.3706079,-29.4104673],[-54.3946533,-29.4520709],[-54.3979009,-29.4406927],[-54.4276252,-29.4362617],[-54.4304852,-29.4245226],[-54.4446898,-29.4190259],[-54.4686343,-29.4182149],[-54.493112,-29.4019707],[-54.4963319,-29.3907845],[-54.5130582,-29.3895727],[-54.510916,-29.3818503],[-54.4793259,-29.3836086],[-54.5032,-29.3674982],[-54.5074356,-29.3438823],[-54.4946707,-29.3435748],[-54.4892968,-29.335208],[-54.5018921,-29.3276083],[-54.4752578,-29.3181201],[-54.464358,-29.3263124],[-54.467988,-29.3181566],[-54.455292,-29.2996788],[-54.4486821,-29.3062988],[-54.4302702,-29.3047914],[-54.4250014,-29.2924619],[-54.4331452,-29.2931187],[-54.4402241,-29.277043],[-54.4274727,-29.2633081],[-54.4321956,-29.2543053],[-54.4175071,-29.2537818],[-54.4144382,-29.2466514],[-54.4234973,-29.2474124],[-54.4311666,-29.2373321],[-54.4182087,-29.2391073],[-54.3873844,-29.211417],[-54.3990942,-29.2022678],[-54.3747587,-29.2023137],[-54.3679067,-29.175394],[-54.3273934,-29.1852032]]]}},{"type":"Feature","properties":{"level":"municipio","municipality_code":"4311155","municipality_name":"Jóia","uf":"RS","state_code":"43","area_km2":1238.709},"geometry":{"type":"Polygon","coordinates":[[[-53.9585613,-28.6555045],[-53.9809361,-28.669153],[-53.9655983,-28.6816934],[-53.9768556,-28.6874268],[-53.9678344,-28.6972699],[-53.974494,-28.7030094],[-53.9571454,-28.7327499],[-53.9661917,-28.7463275],[-53.9805871,-28.7418442],[-53.9756674,-28.7542974],[-53.9845843,-28.7646987],[-53.9572538,-28.7747163],[-53.9858367,-28.7780749],[-53.9790359,-28.7963347],[-53.9753113,-28.8002188],[-53.9655148,-28.7901711],[-53.9644587,-28.7986123],[-53.9532711,-28.7951201],[-53.946442,-28.8146925],[-53.9278509,-28.8074643],[-53.9226049,-28.8191649],[-53.9102995,-28.8189593],[-53.9189898,-28.8124507],[-53.9079393,-28.8107461],[-53.8981127,-28.8175477],[-53.9172477,-28.8348013],[-53.9251693,-28.8322945],[-53.9298737,-28.8527732],[-53.9420668,-28.8616695],[-53.9376124,-28.8740445],[-53.9550945,-28.8749016],[-53.9591254,-28.8872162],[-53.9529096,-28.8983641],[-54.0086124,-28.9036274],[-54.0166015,-28.8938529],[-54.0237492,-28.9039921],[-54.0481768,-28.9117876],[-54.0952653,-28.9049402],[-54.1348661,-28.882605],[-54.1492349,-28.8949627],[-54.1915835,-28.8952518],[-54.2266615,-28.9257157],[-54.2662228,-28.9116127],[-54.2919926,-28.927994],[-54.3309076,-28.9310848],[-54.3314929,-28.9181494],[-54.3591344,-28.8877848],[-54.3584401,-28.7857138],[-54.3745701,-28.7926901],[-54.3993772,-28.7843304],[-54.3904925,-28.7834502],[-54.3894233,-28.7751882],[-54.3920851,-28.754449],[-54.4034749,-28.7499508],[-54.3949376,-28.746582],[-54.4036551,-28.7316186],[-54.3976123,-28.7264925],[-54.4130268,-28.7325211],[-54.4026707,-28.7096327],[-54.3783459,-28.6948408],[-54.3788746,-28.7018192],[-54.3503475,-28.7055837],[-54.3274936,-28.7266468],[-54.3093915,-28.6902639],[-54.3390842,-28.6741856],[-54.2826112,-28.6614218],[-54.2813007,-28.6768609],[-54.243894,-28.6467521],[-54.196126,-28.6605308],[-54.191562,-28.6441908],[-54.1782894,-28.6363254],[-54.175833,-28.6184994],[-54.1487237,-28.6058687],[-54.1531714,-28.5947118],[-54.1644296,-28.5929709],[-54.1535757,-28.5897151],[-54.1530178,-28.5629169],[-54.1363084,-28.5657973],[-54.152833,-28.5581933],[-54.1457969,-28.5604889],[-54.1388712,-28.5511883],[-54.126353,-28.5551318],[-54.1293184,-28.5655314],[-54.1223691,-28.5571919],[-54.091911,-28.5640236],[-54.0914297,-28.571333],[-54.1076308,-28.5697364],[-54.1072031,-28.5772005],[-54.0945854,-28.5773177],[-54.0970007,-28.5836651],[-54.0877478,-28.5859681],[-54.0836003,-28.568519],[-54.069199,-28.5813013],[-54.0722241,-28.5874433],[-54.036277,-28.5924929],[-54.042972,-28.6033318],[-54.0299535,-28.5955952],[-54.0281619,-28.607057],[-54.0009646,-28.6223857],[-54.0073268,-28.6337467],[-53.9984918,-28.6409837],[-53.9821793,-28.6385298],[-53.9859308,-28.6559516],[-53.975753,-28.6467975],[-53.9585613,-28.6555045]]]}},{"type":"Feature","properties":{"level":"municipio","municipality_code":"4311205","municipality_name":"Júlio de Castilhos","uf":"RS","state_code":"43","area_km2":1929.544},"geometry":{"type":"Polygon","coordinates":[[[-53.6921209,-29.491014],[-53.6871057,-29.452955],[-53.693994,-29.4528132],[-53.6929712,-29.4155575],[-53.7198976,-29.4050009],[-53.7197478,-29.3919804],[-53.7373062,-29.3832912],[-53.7417359,-29.3876863],[-53.7432974,-29.377086],[-53.7624225,-29.3632567],[-53.7655525,-29.3447566],[-53.792128,-29.3450118],[-53.7938313,-29.3536529],[-53.785353,-29.3560555],[-53.8020109,-29.3563871],[-53.7912971,-29.3667297],[-53.7934455,-29.3743727],[-53.809526,-29.365087],[-53.8178507,-29.3686135],[-53.8262859,-29.3547681],[-53.8249372,-29.3672418],[-53.8364559,-29.3680007],[-53.8403148,-29.3556536],[-53.8522344,-29.370428],[-53.8669637,-29.3659722],[-53.8617832,-29.3743113],[-53.8851859,-29.3947986],[-53.8965596,-29.3834855],[-53.9112737,-29.4013503],[-53.9138236,-29.3952568],[-53.9323039,-29.3950825],[-53.9469139,-29.4043744],[-53.9964268,-29.4087984],[-54.0022619,-29.4151029],[-53.996552,-29.4213351],[-54.0126928,-29.4227672],[-54.012241,-29.4105806],[-54.0217629,-29.416218],[-54.0270646,-29.4047458],[-54.0223988,-29.3885399],[-54.0130657,-29.3975205],[-53.9996879,-29.3948372],[-54.0169267,-29.3767419],[-54.0007417,-29.3743594],[-53.9999269,-29.3667973],[-54.0160001,-29.359495],[-54.0010834,-29.3539105],[-53.9976659,-29.3359371],[-53.9890669,-29.3313697],[-53.9872322,-29.2982636],[-53.9637337,-29.2942066],[-53.9476526,-29.2734598],[-53.9420103,-29.2465349],[-53.931394,-29.2508542],[-53.929649,-29.2420487],[-53.913584,-29.2408529],[-53.9270392,-29.2319805],[-53.9095937,-29.2175048],[-53.915728,-29.2129175],[-53.9018527,-29.2066196],[-53.9150183,-29.1943749],[-53.8937095,-29.1884628],[-53.8863008,-29.1743101],[-53.8958266,-29.1689632],[-53.8769436,-29.1632831],[-53.8795719,-29.1554317],[-53.8711317,-29.1469584],[-53.8485608,-29.1417624],[-53.8199651,-29.1531238],[-53.7988942,-29.1488209],[-53.7576338,-29.1638912],[-53.7093466,-29.1396363],[-53.6926293,-29.1151617],[-53.6753817,-29.1093253],[-53.664291,-29.0881781],[-53.6640827,-29.0583367],[-53.6453982,-29.0297316],[-53.628534,-29.0344479],[-53.5958486,-28.9876744],[-53.5851193,-28.9891259],[-53.5765991,-28.9676607],[-53.5718181,-28.9718941],[-53.5675759,-28.9625271],[-53.552594,-28.9591683],[-53.5467415,-28.9682888],[-53.557252,-28.9696271],[-53.5457521,-28.9750311],[-53.5262714,-28.9677045],[-53.5216812,-28.989525],[-53.533616,-28.993899],[-53.5333503,-29.0022505],[-53.5433365,-28.9989953],[-53.5398697,-29.0081682],[-53.5456728,-29.0087134],[-53.5388608,-29.0105094],[-53.5295679,-29.0067966],[-53.5212346,-29.0282487],[-53.5071341,-29.0337255],[-53.5074575,-29.064445],[-53.4964745,-29.0627541],[-53.4943805,-29.0730784],[-53.4779012,-29.0732535],[-53.4682782,-29.0824136],[-53.4624163,-29.075917],[-53.4635535,-29.0877675],[-53.4290835,-29.0949267],[-53.4054441,-29.1202425],[-53.3667466,-29.1221133],[-53.3563616,-29.1292155],[-53.3590198,-29.1179752],[-53.3497194,-29.111552],[-53.3321161,-29.1282236],[-53.2948536,-29.1262058],[-53.2868118,-29.1354756],[-53.2811518,-29.1287837],[-53.2776376,-29.1450852],[-53.2685309,-29.139547],[-53.2609932,-29.144814],[-53.2551481,-29.1696483],[-53.2437663,-29.1672488],[-53.2444176,-29.1758664],[-53.2575661,-29.1777623],[-53.2596733,-29.1879685],[-53.282725,-29.204026],[-53.2914053,-29.1885044],[-53.3066483,-29.1910633],[-53.2991513,-29.181442],[-53.3291922,-29.1691041],[-53.3349062,-29.1786699],[-53.3440698,-29.1749166],[-53.338162,-29.1799783],[-53.3471219,-29.1827993],[-53.3473608,-29.1914985],[-53.3595146,-29.1910818],[-53.357739,-29.1789568],[-53.374438,-29.1785267],[-53.387037,-29.1875637],[-53.3915178,-29.1792578],[-53.4094473,-29.1939119],[-53.4339868,-29.1819277],[-53.4472134,-29.1907646],[-53.4468791,-29.2031147],[-53.4568184,-29.200289],[-53.4668246,-29.2477951],[-53.445889,-29.2637042],[-53.4417785,-29.2802861],[-53.4676096,-29.3072151],[-53.4395866,-29.3381404],[-53.4388665,-29.3493663],[-53.4948126,-29.3584546],[-53.5149148,-29.3751381],[-53.5128679,-29.3823137],[-53.5238629,-29.385059],[-53.5129804,-29.3883244],[-53.5326785,-29.3997685],[-53.5159978,-29.4059564],[-53.5229343,-29.4092067],[-53.5199365,-29.4161074],[-53.5004694,-29.4221868],[-53.5085928,-29.4331277],[-53.4992514,-29.4440171],[-53.5083123,-29.442796],[-53.4990871,-29.4550237],[-53.5157196,-29.4613372],[-53.5184037,-29.4710208],[-53.5522424,-29.440903],[-53.5683627,-29.459364],[-53.5626098,-29.4662323],[-53.5707801,-29.4809126],[-53.5834251,-29.4721874],[-53.5904449,-29.4781698],[-53.5923211,-29.4630562],[-53.6115784,-29.4625761],[-53.6227336,-29.4676748],[-53.6194884,-29.4858305],[-53.6435981,-29.4942459],[-53.6546586,-29.5080682],[-53.6440167,-29.5452324],[-53.6337515,-29.5590705],[-53.6235379,-29.5587867],[-53.6260509,-29.5721284],[-53.6023106,-29.5644002],[-53.5828508,-29.5770382],[-53.6272273,-29.604729],[-53.6871546,-29.5758977],[-53.7216179,-29.5180236],[-53.6921209,-29.491014]]]}},{"type":"Feature","properties":{"level":"municipio","municipality_code":"4311239","municipality_name":"Lagoa Bonita do Sul","uf":"RS","state_code":"43","area_km2":109.758},"geometry":{"type":"Polygon","coordinates":[[[-53.0215512,-29.5309697],[-53.0382005,-29.539202],[-53.0323579,-29.553381],[-53.0768797,-29.5284979],[-53.0938403,-29.52873],[-53.0965906,-29.5164197],[-53.1369562,-29.4948277],[-53.1003355,-29.4659395],[-53.0925918,-29.4686032],[-53.0848786,-29.4564647],[-53.0556323,-29.4627331],[-53.0468158,-29.4518898],[-53.0094663,-29.465318],[-52.9734776,-29.4933811],[-52.9730836,-29.5097629],[-52.9626833,-29.5114034],[-52.9709707,-29.5195997],[-52.9742636,-29.5573865],[-53.0046271,-29.5501954],[-53.0215512,-29.5309697]]]}},{"type":"Feature","properties":{"level":"municipio","municipality_code":"4311304","municipality_name":"Lagoa Vermelha","uf":"RS","state_code":"43","area_km2":1272.725},"geometry":{"type":"Polygon","coordinates":[[[-51.5350108,-28.5286351],[-51.5869078,-28.5203686],[-51.5995063,-28.5374681],[-51.6114251,-28.5351337],[-51.6094605,-28.5249476],[-51.6243537,-28.5154946],[-51.6134829,-28.5032014],[-51.6224697,-28.4647804],[-51.6138987,-28.4464868],[-51.6049276,-28.4501145],[-51.584373,-28.4319944],[-51.5847081,-28.4239246],[-51.5192496,-28.4126603],[-51.4973253,-28.3952004],[-51.5077011,-28.3860055],[-51.5240896,-28.3916665],[-51.5384373,-28.3560419],[-51.5785918,-28.3178238],[-51.5671285,-28.3059876],[-51.5942322,-28.300169],[-51.622406,-28.2705606],[-51.6523731,-28.2124377],[-51.6695291,-28.2061243],[-51.6623351,-28.1864876],[-51.6500968,-28.1867111],[-51.6515447,-28.1809131],[-51.6962678,-28.1473676],[-51.6794724,-28.1350912],[-51.6361524,-28.1352832],[-51.6315835,-28.1259907],[-51.6222932,-28.1318971],[-51.6348913,-28.1127223],[-51.6170157,-28.1137144],[-51.6158922,-28.0985175],[-51.6030142,-28.0967111],[-51.6285522,-28.0909901],[-51.621677,-28.0800216],[-51.6321453,-28.0784235],[-51.6136843,-28.063044],[-51.6468626,-28.0323258],[-51.6542671,-28.0350148],[-51.6459149,-28.0179219],[-51.6581055,-28.0269068],[-51.6762759,-28.0249197],[-51.6674312,-28.01455],[-51.6509554,-28.0129942],[-51.6608146,-28.0090566],[-51.6633386,-27.9979848],[-51.6554138,-28.0047309],[-51.6440729,-28.0006922],[-51.6469166,-27.992057],[-51.6681399,-27.9910979],[-51.6766263,-27.9829675],[-51.6367331,-27.9653276],[-51.5857356,-27.9742495],[-51.5743331,-27.9878393],[-51.5325892,-27.9879026],[-51.5092376,-27.9553827],[-51.4601508,-27.949232],[-51.4569377,-27.9275524],[-51.4321865,-27.9122168],[-51.4173548,-27.9162572],[-51.4077782,-27.9010036],[-51.4118215,-27.8875839],[-51.3916366,-27.8892291],[-51.3776247,-27.8486783],[-51.3572768,-27.860504],[-51.3723972,-27.8683574],[-51.3775286,-27.8804423],[-51.3600554,-27.8800595],[-51.3711232,-27.8855665],[-51.3702267,-27.9144427],[-51.3625064,-27.9167464],[-51.3623797,-27.9260636],[-51.3325735,-27.9312779],[-51.3302626,-27.9387516],[-51.3394472,-27.9431832],[-51.3398379,-27.9694835],[-51.3603382,-27.9786456],[-51.3548903,-27.9859532],[-51.3437793,-27.9784398],[-51.3340315,-27.9835108],[-51.4010376,-28.0368836],[-51.4226093,-28.0676659],[-51.4818962,-28.0527176],[-51.5112586,-28.0573446],[-51.5140776,-28.0770785],[-51.4937688,-28.137764],[-51.4954592,-28.1575709],[-51.5084375,-28.146201],[-51.5132611,-28.1536841],[-51.5103678,-28.1702492],[-51.4921816,-28.1818323],[-51.496615,-28.1862265],[-51.4836709,-28.1940074],[-51.4819032,-28.2072611],[-51.4589404,-28.2204312],[-51.4495551,-28.2361808],[-51.4499671,-28.2724906],[-51.4662969,-28.2836866],[-51.4733584,-28.3001308],[-51.4583147,-28.3459217],[-51.4454596,-28.3399548],[-51.4388736,-28.3517706],[-51.4300026,-28.3371632],[-51.413329,-28.3364736],[-51.4257454,-28.3162135],[-51.4140121,-28.2948408],[-51.4014305,-28.300359],[-51.3894871,-28.2951644],[-51.3267829,-28.3333089],[-51.3431863,-28.3378656],[-51.3408281,-28.3462451],[-51.3322062,-28.3409556],[-51.3231389,-28.3465387],[-51.3422485,-28.3613822],[-51.3348043,-28.370969],[-51.3486342,-28.3712863],[-51.337835,-28.3862791],[-51.3483872,-28.3912993],[-51.3418849,-28.404336],[-51.3590654,-28.4021774],[-51.3429237,-28.4105614],[-51.3340276,-28.4066056],[-51.3344145,-28.4185401],[-51.3607673,-28.4212155],[-51.3467601,-28.4380908],[-51.3563383,-28.4408958],[-51.3463115,-28.4464839],[-51.3716224,-28.4640654],[-51.3602689,-28.4760017],[-51.3806994,-28.4707865],[-51.3683094,-28.4822238],[-51.3765885,-28.4918902],[-51.3539243,-28.5119649],[-51.3729134,-28.51293],[-51.3774501,-28.5184626],[-51.3706946,-28.5304854],[-51.3929161,-28.5302244],[-51.3894831,-28.5383585],[-51.3964381,-28.5400412],[-51.4159492,-28.5320497],[-51.3983404,-28.5142764],[-51.4199227,-28.5178054],[-51.4197757,-28.5018187],[-51.4367703,-28.4996691],[-51.4541888,-28.4851634],[-51.4716596,-28.5056857],[-51.4682341,-28.5207753],[-51.4741297,-28.5269138],[-51.4875715,-28.5233698],[-51.5281343,-28.547017],[-51.5350108,-28.5286351]]]}},{"type":"Feature","properties":{"level":"municipio","municipality_code":"4311270","municipality_name":"Lagoa dos Três Cantos","uf":"RS","state_code":"43","area_km2":138.602},"geometry":{"type":"Polygon","coordinates":[[[-52.8526963,-28.6015355],[-52.9215114,-28.5931008],[-52.9281016,-28.5803722],[-52.9197437,-28.5786958],[-52.9320919,-28.5727753],[-52.9259439,-28.5650614],[-52.9207986,-28.5723787],[-52.9150792,-28.5689907],[-52.9159299,-28.5555311],[-52.9275361,-28.5536694],[-52.9243676,-28.5460294],[-52.9139865,-28.5464865],[-52.9198577,-28.5383001],[-52.9049517,-28.5321387],[-52.9001685,-28.5461483],[-52.8804711,-28.5204649],[-52.8523465,-28.5351409],[-52.8406644,-28.5213166],[-52.8301787,-28.5322714],[-52.8172936,-28.532786],[-52.7954604,-28.5186752],[-52.7601041,-28.5428857],[-52.7572086,-28.557378],[-52.7695668,-28.5718776],[-52.7611515,-28.5728296],[-52.7634025,-28.5867941],[-52.7467001,-28.5899843],[-52.7652981,-28.614491],[-52.7627913,-28.6268342],[-52.8377756,-28.6122509],[-52.8526963,-28.6015355]]]}},{"type":"Feature","properties":{"level":"municipio","municipality_code":"4311254","municipality_name":"Lagoão","uf":"RS","state_code":"43","area_km2":387.453},"geometry":{"type":"Polygon","coordinates":[[[-52.8204742,-29.3162643],[-52.8245081,-29.3274712],[-52.8403802,-29.3286197],[-52.8579671,-29.3172714],[-52.8994456,-29.3162394],[-52.8825789,-29.3009345],[-52.8964142,-29.2664769],[-52.8859645,-29.2628813],[-52.8851959,-29.2505845],[-52.8994457,-29.2236196],[-52.8406651,-29.1402068],[-52.8302638,-29.137705],[-52.8165247,-29.1183498],[-52.7843385,-29.1150854],[-52.750974,-29.1440936],[-52.7524716,-29.1651461],[-52.714235,-29.1674463],[-52.6953591,-29.1952206],[-52.6843434,-29.1814175],[-52.6727156,-29.1828548],[-52.6614586,-29.1941882],[-52.6703712,-29.201672],[-52.6610022,-29.2066094],[-52.6700401,-29.2105549],[-52.6692667,-29.2217262],[-52.6790868,-29.2199747],[-52.6758426,-29.2538062],[-52.6865487,-29.2667062],[-52.6964461,-29.2626863],[-52.6910824,-29.2865428],[-52.7050393,-29.2936598],[-52.7149935,-29.2888825],[-52.7140091,-29.2958777],[-52.7300972,-29.2918286],[-52.7096417,-29.3061824],[-52.7190991,-29.3057568],[-52.724464,-29.3169144],[-52.7190683,-29.3208194],[-52.7326286,-29.328291],[-52.7291696,-29.3422586],[-52.7405054,-29.3349462],[-52.7342903,-29.3491014],[-52.7414221,-29.3488051],[-52.7446643,-29.3675452],[-52.7810496,-29.3517773],[-52.776602,-29.3457432],[-52.7857115,-29.3356722],[-52.8204742,-29.3162643]]]}},{"type":"Feature","properties":{"level":"municipio","municipality_code":"4311403","municipality_name":"Lajeado","uf":"RS","state_code":"43","area_km2":90.801},"geometry":{"type":"Polygon","coordinates":[[[-51.934748,-29.4486511],[-51.9745412,-29.4786902],[-51.9781374,-29.4882192],[-51.9693202,-29.4966414],[-51.9911966,-29.4935588],[-52.0133442,-29.4782851],[-52.0478577,-29.4693429],[-52.0417206,-29.445202],[-52.0785819,-29.4409511],[-52.0772833,-29.4317255],[-52.1283749,-29.4326105],[-52.1276757,-29.4242026],[-52.0818271,-29.4245469],[-52.081749,-29.411038],[-52.0279291,-29.4112543],[-52.0401851,-29.4007064],[-51.9974618,-29.4072988],[-51.9798066,-29.4110688],[-51.9857466,-29.4175173],[-51.9790593,-29.4231494],[-51.955714,-29.42159],[-51.9244149,-29.4378598],[-51.9191715,-29.4524474],[-51.934748,-29.4486511]]]}},{"type":"Feature","properties":{"level":"municipio","municipality_code":"4311429","municipality_name":"Lajeado do Bugre","uf":"RS","state_code":"43","area_km2":67.947},"geometry":{"type":"Polygon","coordinates":[[[-53.1521526,-27.6994086],[-53.2051459,-27.7360571],[-53.2007907,-27.7453867],[-53.2277212,-27.7444126],[-53.2463217,-27.7549501],[-53.2523539,-27.7507029],[-53.243526,-27.7467414],[-53.2465238,-27.7404783],[-53.2638805,-27.7223598],[-53.2177188,-27.6655751],[-53.2199184,-27.6527072],[-53.1832851,-27.6703376],[-53.1744918,-27.6694229],[-53.1699796,-27.6585171],[-53.1550712,-27.6619138],[-53.1521526,-27.6994086]]]}},{"type":"Feature","properties":{"level":"municipio","municipality_code":"4311502","municipality_name":"Lavras do Sul","uf":"RS","state_code":"43","area_km2":2600.969},"geometry":{"type":"Polygon","coordinates":[[[-54.0181613,-30.6934649],[-54.0050579,-30.6503456],[-53.9812773,-30.639421],[-53.9865975,-30.6162616],[-53.963793,-30.5909476],[-53.953142,-30.5917488],[-53.9346262,-30.5750489],[-53.9206238,-30.5479354],[-53.8820989,-30.5163245],[-53.8882394,-30.4992266],[-53.8718168,-30.4814315],[-53.8588932,-30.4762784],[-53.8360841,-30.4878929],[-53.8414136,-30.4935252],[-53.8182877,-30.5189888],[-53.7455667,-30.5133607],[-53.7420482,-30.5260566],[-53.7489736,-30.5331465],[-53.7361971,-30.5489841],[-53.7382179,-30.5699529],[-53.7538119,-30.5776811],[-53.773012,-30.6066869],[-53.787013,-30.6070976],[-53.7773694,-30.6155829],[-53.7825251,-30.6204228],[-53.7743383,-30.620683],[-53.7827343,-30.6239148],[-53.7790913,-30.6297753],[-53.7921505,-30.6321998],[-53.7926716,-30.6236397],[-53.8020835,-30.6272624],[-53.7960744,-30.6288289],[-53.8037325,-30.6329728],[-53.798445,-30.6385544],[-53.7875016,-30.6388112],[-53.8002995,-30.6488149],[-53.7972575,-30.7056933],[-53.812475,-30.7100863],[-53.803895,-30.7291815],[-53.821104,-30.7508579],[-53.8035387,-30.765323],[-53.8051884,-30.7879068],[-53.7878522,-30.7985483],[-53.7684838,-30.7978332],[-53.7608296,-30.7760986],[-53.7452796,-30.7727154],[-53.7374005,-30.784863],[-53.7221943,-30.7867137],[-53.7071427,-30.8010952],[-53.7011199,-30.8159497],[-53.6844552,-30.8127082],[-53.6910239,-30.8259245],[-53.664284,-30.8469263],[-53.6908519,-30.8577386],[-53.6994222,-30.8523361],[-53.7207802,-30.8750081],[-53.7330633,-30.8757024],[-53.7347597,-30.8638485],[-53.7632118,-30.8900321],[-53.7835095,-30.8908208],[-53.7825928,-30.9021183],[-53.7960084,-30.9097482],[-53.8106771,-30.9031681],[-53.8411111,-30.9157744],[-53.8621577,-30.9070161],[-53.8655761,-30.9160646],[-53.879625,-30.9110653],[-53.8871249,-30.9186937],[-53.8696814,-30.9251788],[-53.8878548,-30.9315538],[-53.8964903,-30.9460168],[-53.9109604,-30.9365281],[-53.9234359,-30.9398129],[-53.9348652,-30.9640181],[-53.9244226,-30.9651867],[-53.9193056,-30.956118],[-53.9135155,-30.9623044],[-53.941766,-30.981174],[-53.9545451,-30.9766883],[-53.9884522,-30.9888623],[-54.0345002,-30.9626408],[-54.061016,-30.9653027],[-54.0825995,-30.9526162],[-54.1107465,-30.9788586],[-54.1357765,-30.980304],[-54.1657948,-30.9528312],[-54.180648,-30.9580644],[-54.193235,-30.9478693],[-54.2012105,-30.9549195],[-54.2376918,-30.9297649],[-54.2436425,-30.936892],[-54.2783934,-30.9341529],[-54.2801345,-30.9248048],[-54.3056732,-30.9250067],[-54.3329653,-30.9133374],[-54.3347381,-30.9042175],[-54.3469487,-30.9089279],[-54.3473463,-30.8903995],[-54.3678061,-30.8975732],[-54.3717463,-30.879463],[-54.3847646,-30.8924368],[-54.3835901,-30.9050308],[-54.4049084,-30.8851388],[-54.4120541,-30.8923491],[-54.437426,-30.8903411],[-54.4361979,-30.8835976],[-54.4460919,-30.8819368],[-54.4348992,-30.8727748],[-54.4465216,-30.8771738],[-54.4462398,-30.8687017],[-54.4672789,-30.8752885],[-54.4800543,-30.8886873],[-54.5131175,-30.865141],[-54.54398,-30.8694274],[-54.5386374,-30.8476755],[-54.5458573,-30.8456817],[-54.5452544,-30.837222],[-54.5565188,-30.8374158],[-54.5514367,-30.8316028],[-54.5580002,-30.8150461],[-54.5823696,-30.8071252],[-54.5777448,-30.7991554],[-54.5907722,-30.7971935],[-54.6013248,-30.7829688],[-54.6292555,-30.7872884],[-54.6532603,-30.7753783],[-54.6581508,-30.7811297],[-54.6605753,-30.7667158],[-54.6730249,-30.7703994],[-54.6857369,-30.7518696],[-54.7087354,-30.759125],[-54.7177527,-30.7446621],[-54.7119683,-30.7392813],[-54.7213856,-30.733693],[-54.7113043,-30.7303464],[-54.7126618,-30.722399],[-54.7232375,-30.7145926],[-54.703238,-30.7038509],[-54.6933705,-30.7082821],[-54.6799483,-30.6972047],[-54.6960672,-30.6827094],[-54.6919659,-30.6735294],[-54.6735833,-30.6697078],[-54.6712488,-30.6609319],[-54.6794094,-30.6494488],[-54.6750809,-30.6398464],[-54.6860767,-30.6381598],[-54.6896844,-30.6286501],[-54.6813817,-30.6286722],[-54.6838653,-30.6138378],[-54.6757876,-30.6050884],[-54.6081301,-30.6231752],[-54.5805841,-30.6117961],[-54.5477117,-30.6215052],[-54.5266178,-30.6140841],[-54.5040157,-30.6313495],[-54.4749082,-30.622385],[-54.439023,-30.6228466],[-54.4100201,-30.6450403],[-54.4054982,-30.6634245],[-54.3739469,-30.6769724],[-54.346297,-30.7370849],[-54.330057,-30.7351771],[-54.3220215,-30.718735],[-54.3100757,-30.7307813],[-54.2788714,-30.7301513],[-54.2477428,-30.7499455],[-54.2324443,-30.7431196],[-54.2138448,-30.7579091],[-54.1835471,-30.7621119],[-54.1573331,-30.7778716],[-54.1386304,-30.7544502],[-54.1453897,-30.7349444],[-54.1324712,-30.7076231],[-54.0864363,-30.7008166],[-54.0611732,-30.6869086],[-54.0376517,-30.7001616],[-54.0181613,-30.6934649]]]}},{"type":"Feature","properties":{"level":"municipio","municipality_code":"4311601","municipality_name":"Liberato Salzano","uf":"RS","state_code":"43","area_km2":245.627},"geometry":{"type":"Polygon","coordinates":[[[-53.0078722,-27.5749129],[-52.9927854,-27.5742557],[-52.9800482,-27.5873956],[-52.9675758,-27.5801515],[-52.9536699,-27.5920322],[-52.9464628,-27.5882484],[-52.951551,-27.6257491],[-52.9689042,-27.6291122],[-52.9728475,-27.6391203],[-52.9990149,-27.6098052],[-53.0503411,-27.6373454],[-53.0528766,-27.6540173],[-53.0611829,-27.6359854],[-53.0800009,-27.6585059],[-53.0843235,-27.6520638],[-53.0927286,-27.6583724],[-53.1017009,-27.654317],[-53.0936359,-27.640769],[-53.1228399,-27.6217582],[-53.1037008,-27.6154746],[-53.1011272,-27.6073142],[-53.1272343,-27.5800445],[-53.0960682,-27.5713612],[-53.1352957,-27.5696221],[-53.1244535,-27.5521792],[-53.1113218,-27.5473079],[-53.1338418,-27.538356],[-53.1130608,-27.5410593],[-53.1077494,-27.531693],[-53.1418755,-27.5295752],[-53.1429742,-27.520921],[-53.1259014,-27.5102155],[-53.1613048,-27.4979644],[-53.1433256,-27.4903218],[-53.1211592,-27.4935684],[-53.1527949,-27.4749247],[-53.1203954,-27.4632186],[-53.1214577,-27.4564502],[-53.1362221,-27.4575622],[-53.1426615,-27.4421027],[-53.128095,-27.4501617],[-53.1332284,-27.4442597],[-53.1169054,-27.4411857],[-53.0993521,-27.4570743],[-53.0880187,-27.4462379],[-53.093152,-27.4356378],[-53.0871012,-27.4413185],[-53.0783303,-27.4330455],[-53.0747117,-27.4431967],[-53.0564832,-27.4374591],[-53.0568777,-27.4454279],[-53.0419269,-27.4451932],[-53.0455121,-27.448802],[-53.0354595,-27.453981],[-53.0396849,-27.4690598],[-53.0508241,-27.4731228],[-53.0240232,-27.4835926],[-53.0268359,-27.4994054],[-53.0152995,-27.5096418],[-53.0493302,-27.5295941],[-53.0505482,-27.539347],[-53.0424317,-27.5352596],[-53.0413992,-27.5474885],[-53.0284971,-27.5424233],[-53.030003,-27.5514835],[-53.016265,-27.549677],[-53.0212678,-27.5542476],[-53.0068344,-27.5619523],[-53.0078722,-27.5749129]]]}},{"type":"Feature","properties":{"level":"municipio","municipality_code":"4311627","municipality_name":"Lindolfo Collor","uf":"RS","state_code":"43","area_km2":33.351},"geometry":{"type":"Polygon","coordinates":[[[-51.1900398,-29.5593344],[-51.1933467,-29.6157504],[-51.2088368,-29.6088754],[-51.2143801,-29.6214305],[-51.2309374,-29.6167501],[-51.2377893,-29.5806906],[-51.2450067,-29.5836651],[-51.2600149,-29.571253],[-51.262183,-29.5601097],[-51.2483786,-29.5620159],[-51.2241368,-29.5471179],[-51.2183105,-29.5566967],[-51.1900398,-29.5593344]]]}},{"type":"Feature","properties":{"level":"municipio","municipality_code":"4311643","municipality_name":"Linha Nova","uf":"RS","state_code":"43","area_km2":63.502},"geometry":{"type":"Polygon","coordinates":[[[-51.2330635,-29.4421274],[-51.2488467,-29.4335758],[-51.235384,-29.42274],[-51.1891806,-29.4102774],[-51.1852185,-29.429079],[-51.1685906,-29.4354267],[-51.1778085,-29.4941069],[-51.2223726,-29.4827638],[-51.226056,-29.5011786],[-51.2701224,-29.4997509],[-51.2729133,-29.4893419],[-51.2485371,-29.4455864],[-51.23447,-29.4485789],[-51.2330635,-29.4421274]]]}},{"type":"Feature","properties":{"level":"municipio","municipality_code":"4311700","municipality_name":"Machadinho","uf":"RS","state_code":"43","area_km2":335.344},"geometry":{"type":"Polygon","coordinates":[[[-51.7055684,-27.686437],[-51.7272568,-27.6812056],[-51.7339114,-27.6663185],[-51.7564222,-27.6646071],[-51.7234643,-27.6556349],[-51.7512701,-27.6548772],[-51.7535898,-27.6474148],[-51.737282,-27.6416331],[-51.7384642,-27.62762],[-51.7565875,-27.6293054],[-51.7505386,-27.6145239],[-51.7641204,-27.6124527],[-51.7438143,-27.6036512],[-51.7629953,-27.5799363],[-51.7369701,-27.5720037],[-51.7682022,-27.5540576],[-51.7474166,-27.5500485],[-51.7482779,-27.5443674],[-51.7666296,-27.5406297],[-51.7382715,-27.5345441],[-51.7690167,-27.5240533],[-51.7754982,-27.5298183],[-51.7773504,-27.5153837],[-51.8001173,-27.5073796],[-51.7994892,-27.4908754],[-51.7535278,-27.4871974],[-51.7203604,-27.5135064],[-51.7063039,-27.4837402],[-51.6865612,-27.4790117],[-51.6732478,-27.4880457],[-51.6755755,-27.5082841],[-51.6596634,-27.5193009],[-51.6474327,-27.5163319],[-51.6425755,-27.4914904],[-51.6216156,-27.494645],[-51.6321851,-27.5348936],[-51.625733,-27.545479],[-51.6102606,-27.5427985],[-51.5923595,-27.5235699],[-51.5783165,-27.5261035],[-51.5873828,-27.5656268],[-51.5783698,-27.5769883],[-51.5806803,-27.6038286],[-51.5689341,-27.606668],[-51.5738674,-27.6123346],[-51.5662804,-27.6164446],[-51.5725277,-27.6253433],[-51.5605992,-27.6293536],[-51.5784171,-27.6620174],[-51.612282,-27.6582788],[-51.6362975,-27.6787274],[-51.6686732,-27.6798917],[-51.6952773,-27.7004572],[-51.7055684,-27.686437]]]}},{"type":"Feature","properties":{"level":"municipio","municipality_code":"4311734","municipality_name":"Mampituba","uf":"RS","state_code":"43","area_km2":156.653},"geometry":{"type":"Polygon","coordinates":[[[-49.9015516,-29.2152901],[-49.8867299,-29.2583944],[-49.9298483,-29.2525719],[-49.9545409,-29.285364],[-50.0223831,-29.3118651],[-50.0345761,-29.3252704],[-50.0328586,-29.3499553],[-50.0641366,-29.3108354],[-50.0924483,-29.297579],[-50.1154827,-29.2622804],[-50.1076487,-29.2534991],[-50.0653401,-29.2495804],[-50.0629723,-29.2421465],[-50.0209295,-29.2284786],[-49.9965852,-29.2282623],[-49.9696791,-29.2121376],[-49.970555,-29.202967],[-49.9627342,-29.1988546],[-49.9015516,-29.2152901]]]}},{"type":"Feature","properties":{"level":"municipio","municipality_code":"4311759","municipality_name":"Manoel Viana","uf":"RS","state_code":"43","area_km2":1365.086},"geometry":{"type":"Polygon","coordinates":[[[-55.549134,-29.6138022],[-55.5494394,-29.6012699],[-55.6111543,-29.5814911],[-55.6248699,-29.5612517],[-55.6767245,-29.5529668],[-55.6813191,-29.5665465],[-55.6896243,-29.567559],[-55.6907683,-29.5493351],[-55.6585061,-29.5333378],[-55.6696526,-29.5125781],[-55.6886538,-29.5216276],[-55.6872132,-29.4958488],[-55.7100248,-29.4924278],[-55.7166614,-29.4641259],[-55.7297464,-29.4620005],[-55.7271812,-29.4835764],[-55.7355664,-29.4920345],[-55.7619452,-29.4941353],[-55.7673846,-29.4845341],[-55.7573971,-29.471154],[-55.7711299,-29.4558247],[-55.7446621,-29.4526874],[-55.7473246,-29.4407143],[-55.7692507,-29.4356756],[-55.7792113,-29.4201235],[-55.8271056,-29.4294213],[-55.835666,-29.4117559],[-55.8536754,-29.4060498],[-55.8446566,-29.395578],[-55.8141874,-29.3905447],[-55.8263585,-29.3654699],[-55.8030834,-29.3654237],[-55.7948032,-29.3420643],[-55.7725244,-29.3420801],[-55.7639274,-29.327474],[-55.7531451,-29.3303739],[-55.7528687,-29.3399238],[-55.7377022,-29.3373387],[-55.7292931,-29.3272153],[-55.73337,-29.3205771],[-55.7194387,-29.3224183],[-55.7052738,-29.3042953],[-55.7010592,-29.3089502],[-55.6957435,-29.2862698],[-55.6730814,-29.2893526],[-55.6715971,-29.2779283],[-55.649114,-29.2808202],[-55.6393251,-29.2669078],[-55.6422367,-29.2466329],[-55.6168888,-29.2328076],[-55.6169526,-29.2157424],[-55.6019732,-29.2240771],[-55.5879745,-29.2117777],[-55.5733414,-29.2251397],[-55.5629143,-29.2195947],[-55.5599209,-29.2037524],[-55.5361965,-29.2049129],[-55.5418452,-29.1965351],[-55.4621945,-29.1991339],[-55.4599564,-29.2144391],[-55.4397124,-29.2259653],[-55.4314923,-29.2581835],[-55.4204105,-29.2700641],[-55.4159352,-29.3218913],[-55.4319963,-29.3163905],[-55.4785829,-29.3223649],[-55.4841348,-29.3351721],[-55.5211577,-29.3538865],[-55.519028,-29.380734],[-55.4610911,-29.3775849],[-55.4302409,-29.3624037],[-55.429858,-29.3814616],[-55.439447,-29.3962964],[-55.407787,-29.4038246],[-55.4112483,-29.4147692],[-55.3929155,-29.4322107],[-55.3984839,-29.4390147],[-55.3786189,-29.441144],[-55.381519,-29.4493272],[-55.3600027,-29.4549378],[-55.370048,-29.4614671],[-55.3611646,-29.4777287],[-55.3475034,-29.4824715],[-55.3440448,-29.4727735],[-55.338441,-29.4770798],[-55.3470186,-29.49242],[-55.327071,-29.5229592],[-55.3298115,-29.5325443],[-55.3494547,-29.5335057],[-55.3461955,-29.5452092],[-55.3680956,-29.5574046],[-55.3765883,-29.614201],[-55.4120696,-29.6200133],[-55.4127272,-29.6611825],[-55.4499776,-29.6644562],[-55.4698659,-29.6473949],[-55.5326054,-29.6648028],[-55.5395522,-29.6623275],[-55.5406689,-29.6604673],[-55.5350239,-29.6279879],[-55.549134,-29.6138022]]]}},{"type":"Feature","properties":{"level":"municipio","municipality_code":"4311775","municipality_name":"Maquiné","uf":"RS","state_code":"43","area_km2":613.58},"geometry":{"type":"Polygon","coordinates":[[[-50.2243154,-29.7224876],[-50.229138,-29.7081021],[-50.2739974,-29.7079773],[-50.2837675,-29.6961471],[-50.2780508,-29.6881517],[-50.3134132,-29.6850214],[-50.3203717,-29.6565606],[-50.3356059,-29.6627932],[-50.3408992,-29.6533041],[-50.3480934,-29.6629112],[-50.3536248,-29.6538717],[-50.3504218,-29.6410896],[-50.3597239,-29.630682],[-50.33072,-29.6015134],[-50.3454646,-29.5985129],[-50.3490795,-29.5893153],[-50.3262682,-29.5875257],[-50.3439265,-29.5856537],[-50.3504039,-29.57277],[-50.3556259,-29.5514456],[-50.3409615,-29.5444429],[-50.3402759,-29.5351563],[-50.3454401,-29.5254245],[-50.3565341,-29.5251307],[-50.3564807,-29.5068113],[-50.3350544,-29.4796211],[-50.3149748,-29.4747621],[-50.3200024,-29.4603314],[-50.3274391,-29.4615418],[-50.3147779,-29.4576686],[-50.3263866,-29.4412419],[-50.3133759,-29.4351714],[-50.3118941,-29.4490901],[-50.2974811,-29.4463256],[-50.298974,-29.4406525],[-50.2958747,-29.4501906],[-50.2888946,-29.4456599],[-50.2960697,-29.4593113],[-50.28334,-29.4519157],[-50.2939222,-29.4681979],[-50.2726756,-29.4628175],[-50.2736585,-29.4682956],[-50.265884,-29.4546037],[-50.2689717,-29.4771089],[-50.2780263,-29.4736388],[-50.2947362,-29.4854376],[-50.2920229,-29.506652],[-50.2791216,-29.5070961],[-50.2740081,-29.4836484],[-50.2512951,-29.5000822],[-50.251741,-29.4910334],[-50.2011837,-29.4950365],[-50.2317489,-29.5121677],[-50.1976836,-29.5164895],[-50.1847973,-29.5311105],[-50.1682439,-29.534753],[-50.1605147,-29.5704938],[-50.1737804,-29.5867975],[-50.1692666,-29.601647],[-50.1617851,-29.6009335],[-50.1585957,-29.589322],[-50.1519714,-29.6001044],[-50.1634365,-29.6223645],[-50.1565388,-29.6311109],[-50.1198994,-29.6489138],[-50.0490723,-29.6536609],[-50.0222054,-29.6884982],[-50.0529212,-29.7596239],[-50.0626083,-29.7679325],[-50.0872981,-29.7695653],[-50.0842848,-29.7825593],[-50.0933838,-29.7891589],[-50.1447391,-29.7828436],[-50.1404532,-29.8145294],[-50.1557031,-29.7946225],[-50.1734885,-29.7936281],[-50.1830412,-29.7771659],[-50.1865417,-29.7423531],[-50.2243154,-29.7224876]]]}},{"type":"Feature","properties":{"level":"municipio","municipality_code":"4311791","municipality_name":"Maratá","uf":"RS","state_code":"43","area_km2":82.063},"geometry":{"type":"Polygon","coordinates":[[[-51.5317197,-29.4954393],[-51.5095877,-29.5234128],[-51.5171716,-29.5418794],[-51.5032383,-29.5769922],[-51.5355428,-29.5947503],[-51.5338033,-29.6111152],[-51.5757147,-29.6129577],[-51.5840287,-29.5948037],[-51.5700766,-29.5569536],[-51.5886595,-29.5376545],[-51.5899241,-29.5230265],[-51.577976,-29.5105627],[-51.5882021,-29.4768118],[-51.573675,-29.4780483],[-51.5413647,-29.504053],[-51.5317197,-29.4954393]]]}},{"type":"Feature","properties":{"level":"municipio","municipality_code":"4311809","municipality_name":"Marau","uf":"RS","state_code":"43","area_km2":649.77},"geometry":{"type":"Polygon","coordinates":[[[-52.1095625,-28.4360735],[-52.0906469,-28.4499986],[-52.0843744,-28.4763327],[-52.0759548,-28.4762708],[-52.0763776,-28.4660153],[-52.0624521,-28.4740875],[-52.0681167,-28.4927939],[-52.1048247,-28.5022522],[-52.1172897,-28.4937974],[-52.1292006,-28.5054601],[-52.1392218,-28.4875604],[-52.1360002,-28.4765168],[-52.1648776,-28.4776328],[-52.1860025,-28.4996078],[-52.2117407,-28.4827645],[-52.2293539,-28.4861341],[-52.220123,-28.5020586],[-52.2416257,-28.500988],[-52.2431962,-28.5179185],[-52.2548601,-28.5201922],[-52.2421339,-28.5226433],[-52.2374948,-28.5275807],[-52.2443181,-28.5347439],[-52.2345855,-28.5371012],[-52.2354139,-28.5484013],[-52.2485802,-28.5597582],[-52.2348021,-28.566817],[-52.2446312,-28.5718643],[-52.2421936,-28.5842595],[-52.2997816,-28.589509],[-52.3046736,-28.607415],[-52.2859374,-28.6295138],[-52.2924192,-28.6321322],[-52.2882707,-28.6422831],[-52.3051527,-28.656066],[-52.3375219,-28.6057098],[-52.35335,-28.6026791],[-52.3437026,-28.5820954],[-52.3513511,-28.5861543],[-52.3912172,-28.571155],[-52.3709406,-28.5693506],[-52.3666717,-28.550902],[-52.3505052,-28.5465434],[-52.3571833,-28.5150159],[-52.3771361,-28.5100044],[-52.3758467,-28.4983456],[-52.3856153,-28.4886046],[-52.3728527,-28.4791013],[-52.3916427,-28.4676298],[-52.4192912,-28.474293],[-52.4318174,-28.4859319],[-52.4488732,-28.4722925],[-52.4937171,-28.4814371],[-52.511728,-28.4759663],[-52.49466,-28.4582969],[-52.4862645,-28.4601704],[-52.4694769,-28.4292308],[-52.4451033,-28.4160795],[-52.4507319,-28.405733],[-52.4398887,-28.4056246],[-52.4377149,-28.3963023],[-52.4211569,-28.4047972],[-52.3953775,-28.3861352],[-52.3859771,-28.3912132],[-52.3837595,-28.3812681],[-52.3728478,-28.3768532],[-52.3466204,-28.3864005],[-52.338012,-28.3975297],[-52.295121,-28.3892735],[-52.2923365,-28.3749215],[-52.3096,-28.3610935],[-52.3039701,-28.3394399],[-52.2820203,-28.3349381],[-52.2711503,-28.3429757],[-52.2587373,-28.3658888],[-52.2712846,-28.3846667],[-52.2508638,-28.3871774],[-52.2509574,-28.3686642],[-52.2349995,-28.3605338],[-52.2167143,-28.3642877],[-52.2143041,-28.346748],[-52.2023574,-28.338929],[-52.1633005,-28.3451896],[-52.1615411,-28.3373301],[-52.1362298,-28.3368668],[-52.123848,-28.322648],[-52.0988176,-28.316644],[-52.0830078,-28.3448057],[-52.1016957,-28.349128],[-52.094578,-28.3778265],[-52.0989252,-28.3870646],[-52.108278,-28.3864704],[-52.1059135,-28.3947409],[-52.1154011,-28.3957907],[-52.1042994,-28.4213693],[-52.1095625,-28.4360735]]]}},{"type":"Feature","properties":{"level":"municipio","municipality_code":"4311908","municipality_name":"Marcelino Ramos","uf":"RS","state_code":"43","area_km2":229.551},"geometry":{"type":"Polygon","coordinates":[[[-51.9408221,-27.5801847],[-51.9486607,-27.5883617],[-51.9750378,-27.5771991],[-51.9671178,-27.5635971],[-51.9758444,-27.546663],[-51.9556294,-27.5231311],[-51.956369,-27.5123664],[-51.9885821,-27.4997],[-51.9885069,-27.4868005],[-51.9980532,-27.4871483],[-51.9944547,-27.4567935],[-52.0100308,-27.4481669],[-52.0143369,-27.4344772],[-52.0297512,-27.4359381],[-52.032659,-27.419536],[-52.0513099,-27.4090803],[-52.0738454,-27.4151806],[-52.0741547,-27.4011393],[-52.065315,-27.40476],[-52.0620492,-27.387858],[-52.0478955,-27.3724254],[-52.0490334,-27.3463121],[-52.0172891,-27.3310594],[-52.0071998,-27.3393261],[-52.0232169,-27.3558802],[-52.0171342,-27.3678389],[-51.9967083,-27.3782289],[-51.9650815,-27.3735957],[-51.9494086,-27.3844344],[-51.952099,-27.3951736],[-51.9909427,-27.3890925],[-52.0086081,-27.3987836],[-52.0017243,-27.4088954],[-51.9625121,-27.4120197],[-51.9350881,-27.4298021],[-51.9404552,-27.4474783],[-51.9637942,-27.463136],[-51.9598773,-27.4734159],[-51.9039251,-27.4598368],[-51.9020448,-27.4971818],[-51.8876869,-27.5207513],[-51.8742616,-27.5151262],[-51.880448,-27.4923793],[-51.8750601,-27.4806322],[-51.8590428,-27.4749955],[-51.843627,-27.4831359],[-51.8549996,-27.5195606],[-51.8351431,-27.5236566],[-51.8278752,-27.5372723],[-51.8624784,-27.5329468],[-51.840116,-27.5415686],[-51.8571273,-27.5514599],[-51.8482876,-27.5634263],[-51.8789567,-27.56169],[-51.8982045,-27.579542],[-51.8985696,-27.594494],[-51.9408221,-27.5801847]]]}},{"type":"Feature","properties":{"level":"municipio","municipality_code":"4311981","municipality_name":"Mariana Pimentel","uf":"RS","state_code":"43","area_km2":338.45},"geometry":{"type":"Polygon","coordinates":[[[-51.5363616,-30.4001152],[-51.6505664,-30.3988891],[-51.6504366,-30.3839253],[-51.6809159,-30.3836834],[-51.6672973,-30.3490755],[-51.6487522,-30.3397621],[-51.6536659,-30.2971591],[-51.669809,-30.296291],[-51.6872166,-30.2809454],[-51.6749515,-30.2710759],[-51.6795657,-30.264833],[-51.6715115,-30.2640646],[-51.6717073,-30.2452983],[-51.6812065,-30.2417959],[-51.6680612,-30.2312009],[-51.6704125,-30.2210157],[-51.6856609,-30.2126958],[-51.6787615,-30.2035848],[-51.684662,-30.1876865],[-51.6608121,-30.1754133],[-51.6347137,-30.1740158],[-51.6078778,-30.207091],[-51.5778457,-30.2168989],[-51.5819509,-30.2571115],[-51.539826,-30.2755753],[-51.5158768,-30.2729122],[-51.5074792,-30.2965172],[-51.5251537,-30.3250819],[-51.5217167,-30.3298127],[-51.5142426,-30.319679],[-51.5018047,-30.3208389],[-51.4950102,-30.3537068],[-51.4633461,-30.3480683],[-51.42946,-30.3539769],[-51.4337564,-30.3823135],[-51.4440763,-30.3895439],[-51.4667763,-30.3868728],[-51.4935454,-30.4123176],[-51.5104255,-30.4174628],[-51.536135,-30.412469],[-51.5363616,-30.4001152]]]}},{"type":"Feature","properties":{"level":"municipio","municipality_code":"4312005","municipality_name":"Mariano Moro","uf":"RS","state_code":"43","area_km2":98.727},"geometry":{"type":"Polygon","coordinates":[[[-52.1284018,-27.3028431],[-52.1056867,-27.3133503],[-52.1075184,-27.3513633],[-52.115362,-27.3513051],[-52.1118548,-27.3738092],[-52.1780448,-27.3740579],[-52.1732882,-27.378301],[-52.2001416,-27.4016096],[-52.1889496,-27.4087183],[-52.2294964,-27.4076519],[-52.2219703,-27.4026482],[-52.2274648,-27.3901276],[-52.2129206,-27.3891707],[-52.2101786,-27.3799713],[-52.2164015,-27.3689927],[-52.2098537,-27.3674991],[-52.2289257,-27.3485881],[-52.2247663,-27.3306051],[-52.2056261,-27.3273864],[-52.1801016,-27.2766391],[-52.1683344,-27.2709151],[-52.1596451,-27.2783432],[-52.1661278,-27.3136383],[-52.1284018,-27.3028431]]]}},{"type":"Feature","properties":{"level":"municipio","municipality_code":"4312054","municipality_name":"Marques de Souza","uf":"RS","state_code":"43","area_km2":125.714},"geometry":{"type":"Polygon","coordinates":[[[-52.1309689,-29.3518876],[-52.1669562,-29.3270507],[-52.1715138,-29.3022024],[-52.2015103,-29.278973],[-52.1896783,-29.2659759],[-52.2113939,-29.2329114],[-52.2060417,-29.2206559],[-52.2475977,-29.2413629],[-52.2474992,-29.2184751],[-52.2590616,-29.2118218],[-52.2487017,-29.1973351],[-52.2310541,-29.1934137],[-52.2211311,-29.2058679],[-52.2106469,-29.2003506],[-52.2030948,-29.2148864],[-52.1976313,-29.1985671],[-52.1843946,-29.2079809],[-52.1858618,-29.217022],[-52.1743831,-29.213268],[-52.1740912,-29.228668],[-52.1536034,-29.222811],[-52.1581473,-29.2571718],[-52.140976,-29.2588523],[-52.1363114,-29.2765796],[-52.1203483,-29.2779628],[-52.1054694,-29.3005665],[-52.0884842,-29.3014806],[-52.1007723,-29.3196231],[-52.091082,-29.3216235],[-52.0893309,-29.3328349],[-52.0633306,-29.3305295],[-52.0690596,-29.3442223],[-52.0620041,-29.3499415],[-52.0631784,-29.3631958],[-52.0477901,-29.3748745],[-52.0506014,-29.3806772],[-52.0325308,-29.384632],[-52.0348602,-29.4012138],[-52.0481434,-29.399862],[-52.0895668,-29.3601208],[-52.1123793,-29.3618965],[-52.1272606,-29.343993],[-52.1309689,-29.3518876]]]}},{"type":"Feature","properties":{"level":"municipio","municipality_code":"4312104","municipality_name":"Mata","uf":"RS","state_code":"43","area_km2":316.121},"geometry":{"type":"Polygon","coordinates":[[[-54.4454153,-29.4663703],[-54.3951328,-29.4522977],[-54.3846647,-29.4594513],[-54.3837809,-29.4991752],[-54.3742218,-29.5028715],[-54.3798434,-29.5097666],[-54.3604196,-29.5124709],[-54.3563508,-29.5402432],[-54.3421464,-29.5493229],[-54.3419662,-29.5674331],[-54.3301642,-29.5689093],[-54.3362469,-29.5810354],[-54.3569442,-29.5778434],[-54.3625188,-29.5864002],[-54.3625356,-29.5788579],[-54.3785329,-29.5728315],[-54.3793919,-29.5587742],[-54.3906402,-29.5844135],[-54.4048241,-29.5708659],[-54.4167922,-29.5708083],[-54.4205149,-29.5853704],[-54.4134211,-29.6054853],[-54.4340327,-29.6162388],[-54.4629774,-29.6142749],[-54.4705735,-29.6262553],[-54.4664627,-29.6354013],[-54.4755044,-29.6426868],[-54.4783236,-29.6379269],[-54.4778888,-29.6476726],[-54.4912885,-29.633589],[-54.5629505,-29.5982325],[-54.5728825,-29.582264],[-54.5706489,-29.5721603],[-54.5518431,-29.5669701],[-54.5426529,-29.5502204],[-54.5697859,-29.5401947],[-54.5632717,-29.5123217],[-54.5680784,-29.4855472],[-54.5506935,-29.4660885],[-54.5405685,-29.4578902],[-54.5189569,-29.4579224],[-54.5108582,-29.4438969],[-54.4454153,-29.4663703]]]}},{"type":"Feature","properties":{"level":"municipio","municipality_code":"4312138","municipality_name":"Mato Castelhano","uf":"RS","state_code":"43","area_km2":238.268},"geometry":{"type":"Polygon","coordinates":[[[-52.0922317,-28.3070892],[-52.073563,-28.3051981],[-52.0646384,-28.3146901],[-52.068473,-28.3390649],[-52.0830078,-28.3448057],[-52.0956603,-28.3308097],[-52.0942643,-28.3173782],[-52.109499,-28.3175031],[-52.1362298,-28.3368668],[-52.1615411,-28.3373301],[-52.1633005,-28.3451896],[-52.1999484,-28.338227],[-52.2137272,-28.3527941],[-52.2465017,-28.3290781],[-52.2791589,-28.3239227],[-52.3050875,-28.30167],[-52.2871739,-28.2680776],[-52.2723413,-28.2632091],[-52.2643126,-28.2496485],[-52.2771554,-28.2283144],[-52.2674422,-28.2080992],[-52.2315469,-28.1726636],[-52.2170583,-28.1704202],[-52.2015198,-28.182221],[-52.216639,-28.1926657],[-52.1994443,-28.2034647],[-52.1943169,-28.2224935],[-52.174651,-28.2395625],[-52.1694313,-28.233951],[-52.1371199,-28.2489307],[-52.1282943,-28.2363096],[-52.125833,-28.2632229],[-52.1161577,-28.2791859],[-52.0985135,-28.2799234],[-52.0922317,-28.3070892]]]}},{"type":"Feature","properties":{"level":"municipio","municipality_code":"4312153","municipality_name":"Mato Leitão","uf":"RS","state_code":"43","area_km2":46.799},"geometry":{"type":"Polygon","coordinates":[[[-52.1065998,-29.496357],[-52.1089674,-29.5225408],[-52.0923626,-29.5301175],[-52.1057782,-29.5595836],[-52.1282805,-29.5531622],[-52.1482231,-29.5644975],[-52.167518,-29.5455352],[-52.1682808,-29.5166049],[-52.1800666,-29.5002158],[-52.1563034,-29.5003731],[-52.1558007,-29.4769022],[-52.1289652,-29.4960808],[-52.1065998,-29.496357]]]}},{"type":"Feature","properties":{"level":"municipio","municipality_code":"4312179","municipality_name":"Mato Queimado","uf":"RS","state_code":"43","area_km2":114.653},"geometry":{"type":"Polygon","coordinates":[[[-54.6044279,-28.2121353],[-54.6013182,-28.2220758],[-54.5571496,-28.2400141],[-54.5747536,-28.2577608],[-54.5852465,-28.2963467],[-54.6192147,-28.2773907],[-54.6585272,-28.2690132],[-54.6784851,-28.2754741],[-54.6987637,-28.2554471],[-54.7228643,-28.2561714],[-54.7438621,-28.2678026],[-54.7416027,-28.2554061],[-54.7598195,-28.2473886],[-54.7502459,-28.2082488],[-54.7391838,-28.2130971],[-54.7124031,-28.2060358],[-54.7009825,-28.2356825],[-54.6902066,-28.2284114],[-54.6947256,-28.1996599],[-54.6749746,-28.2272602],[-54.6639026,-28.2133435],[-54.6625166,-28.1952789],[-54.6393426,-28.2016074],[-54.6176655,-28.2218468],[-54.6044279,-28.2121353]]]}},{"type":"Feature","properties":{"level":"municipio","municipality_code":"4312203","municipality_name":"Maximiliano de Almeida","uf":"RS","state_code":"43","area_km2":208.955},"geometry":{"type":"Polygon","coordinates":[[[-51.7681564,-27.5530066],[-51.7369701,-27.5720037],[-51.7631459,-27.5803269],[-51.7438293,-27.6033531],[-51.7639557,-27.61185],[-51.7505386,-27.6145239],[-51.7577475,-27.6281342],[-51.7383949,-27.6280211],[-51.7373727,-27.6417729],[-51.7542369,-27.650004],[-51.7241359,-27.6566211],[-51.7518789,-27.6604257],[-51.7571429,-27.6692916],[-51.8932442,-27.6787621],[-51.887866,-27.6642469],[-51.8996364,-27.6478593],[-51.8711848,-27.6604904],[-51.8917082,-27.6349623],[-51.8686323,-27.630595],[-51.8726182,-27.6219672],[-51.8871717,-27.6240692],[-51.9003404,-27.6036336],[-51.8828248,-27.5922248],[-51.8922234,-27.5789311],[-51.8781573,-27.5613201],[-51.8484577,-27.5635813],[-51.8571273,-27.5514599],[-51.8400362,-27.5424609],[-51.8622986,-27.5327625],[-51.828456,-27.5382612],[-51.8384207,-27.5230318],[-51.8236223,-27.5126509],[-51.7905751,-27.5309519],[-51.7879652,-27.5145133],[-51.7800801,-27.5141646],[-51.775172,-27.5300082],[-51.7690167,-27.5240533],[-51.7386918,-27.5334207],[-51.7663981,-27.5400727],[-51.7468978,-27.5462576],[-51.7681564,-27.5530066]]]}},{"type":"Feature","properties":{"level":"municipio","municipality_code":"4311718","municipality_name":"Maçambará","uf":"RS","state_code":"43","area_km2":1682.676},"geometry":{"type":"Polygon","coordinates":[[[-55.2788343,-29.1832989],[-55.3315183,-29.2223789],[-55.3444411,-29.2208139],[-55.344276,-29.2069735],[-55.3615388,-29.2070938],[-55.3742774,-29.2369163],[-55.3880783,-29.2232852],[-55.3934059,-29.23605],[-55.4021743,-29.2334248],[-55.4023122,-29.2167207],[-55.3928448,-29.2077861],[-55.3986894,-29.203883],[-55.403046,-29.2110164],[-55.4230776,-29.2136258],[-55.4492183,-29.2053681],[-55.4598078,-29.2145635],[-55.4620599,-29.1991928],[-55.4805334,-29.1981547],[-55.4770964,-29.170685],[-55.5051799,-29.1273229],[-55.5095651,-29.0983502],[-55.5274153,-29.0850675],[-55.5291453,-29.0688722],[-55.5702228,-29.0935561],[-55.6271722,-29.0933485],[-55.6471638,-29.1079438],[-55.692589,-29.1079637],[-55.7309426,-29.1234605],[-55.8088841,-29.1276544],[-55.9123596,-29.1563872],[-56.0508435,-29.149952],[-56.1711168,-29.1607844],[-56.1838314,-29.154207],[-56.179775,-29.133521],[-56.2612483,-29.1089819],[-56.2596697,-29.1004103],[-56.268743,-29.0951537],[-56.0970157,-28.9197605],[-56.0774597,-28.8565269],[-56.0710968,-28.8766567],[-56.0546062,-28.8927543],[-56.0651254,-28.9133028],[-56.0214953,-28.9169607],[-55.9952343,-28.9444189],[-55.9561607,-28.9403787],[-55.8984771,-28.9517899],[-55.8660686,-28.9689424],[-55.8508602,-28.9649348],[-55.8178188,-28.9927373],[-55.7997865,-28.9942994],[-55.773173,-28.9803227],[-55.766607,-28.9857337],[-55.7262169,-28.9822901],[-55.7184444,-28.9984907],[-55.695747,-29.0022525],[-55.6700855,-29.0199756],[-55.6613202,-29.0116818],[-55.6231982,-29.0082083],[-55.593872,-29.0103326],[-55.5821574,-29.0202673],[-55.5748515,-29.0051301],[-55.5046043,-29.0006656],[-55.4928602,-29.053157],[-55.4652701,-29.0822261],[-55.4125462,-29.0474938],[-55.3998665,-29.0097984],[-55.3746932,-28.9891972],[-55.3856379,-28.9760144],[-55.3732174,-28.9718658],[-55.3436647,-28.9860214],[-55.2931384,-28.9913271],[-55.2802306,-29.0076437],[-55.2762842,-29.0336306],[-55.2461284,-29.0547919],[-55.273156,-29.0566106],[-55.2733457,-29.088313],[-55.2857428,-29.1045303],[-55.2696285,-29.1202213],[-55.2678553,-29.142596],[-55.2834083,-29.1743129],[-55.2788343,-29.1832989]]]}},{"type":"Feature","properties":{"level":"municipio","municipality_code":"4312252","municipality_name":"Minas do Leão","uf":"RS","state_code":"43","area_km2":424.339},"geometry":{"type":"Polygon","coordinates":[[[-52.0363296,-29.95529],[-52.0265273,-29.9547513],[-52.0277611,-29.9444753],[-52.0178991,-29.9378622],[-52.0069068,-29.9495015],[-52.0155397,-30.0418192],[-51.970584,-30.0277922],[-51.9728667,-30.0615704],[-52.0173067,-30.1393962],[-51.9935324,-30.2003405],[-52.0349208,-30.2095558],[-52.0577608,-30.2058649],[-52.0796494,-30.2165203],[-52.1084387,-30.1906532],[-52.1296922,-30.1969397],[-52.1561155,-30.193371],[-52.1609853,-30.1832584],[-52.1480449,-30.1623936],[-52.1695945,-30.1255252],[-52.1586476,-30.1026808],[-52.1662001,-30.0935378],[-52.1627964,-30.0663012],[-52.1525255,-30.0534601],[-52.1538213,-30.0285013],[-52.1463122,-30.02027],[-52.1549734,-29.9772961],[-52.1479643,-29.9515153],[-52.1350137,-29.9371951],[-52.1008813,-29.9471379],[-52.0836922,-29.9456264],[-52.0681456,-29.9320632],[-52.0363296,-29.95529]]]}},{"type":"Feature","properties":{"level":"municipio","municipality_code":"4312302","municipality_name":"Miraguaí","uf":"RS","state_code":"43","area_km2":131.236},"geometry":{"type":"Polygon","coordinates":[[[-53.6926437,-27.4574632],[-53.6703782,-27.5302118],[-53.6593256,-27.5404511],[-53.6683763,-27.5503315],[-53.6952329,-27.5441241],[-53.7218791,-27.5511296],[-53.7192847,-27.5359191],[-53.7622886,-27.5301828],[-53.7759029,-27.5121605],[-53.8110543,-27.498565],[-53.8084797,-27.4860277],[-53.8306394,-27.487977],[-53.8258373,-27.4716916],[-53.8352679,-27.4656927],[-53.8279508,-27.4594109],[-53.8437135,-27.4468528],[-53.8003484,-27.4390766],[-53.7328624,-27.455286],[-53.7076081,-27.4412877],[-53.6926437,-27.4574632]]]}},{"type":"Feature","properties":{"level":"municipio","municipality_code":"4312351","municipality_name":"Montauri","uf":"RS","state_code":"43","area_km2":82.23},"geometry":{"type":"Polygon","coordinates":[[[-51.9860635,-28.7068865],[-52.0912004,-28.7112442],[-52.0980127,-28.702542],[-52.0788765,-28.6997244],[-52.0771678,-28.6871544],[-52.0898108,-28.6916452],[-52.084914,-28.6741122],[-52.09716,-28.6746902],[-52.101533,-28.6566498],[-52.1110971,-28.6541795],[-52.1001629,-28.6299355],[-52.0882466,-28.6302636],[-52.0929839,-28.6159208],[-52.0557745,-28.6184575],[-52.0542289,-28.6273131],[-52.0672258,-28.6300731],[-52.0659729,-28.6406357],[-52.0442758,-28.6363186],[-52.0402168,-28.648104],[-52.0065969,-28.6387355],[-51.9992642,-28.6479288],[-51.998406,-28.6761373],[-52.0087809,-28.6794432],[-51.9921985,-28.6813574],[-51.9860635,-28.7068865]]]}},{"type":"Feature","properties":{"level":"municipio","municipality_code":"4312377","municipality_name":"Monte Alegre dos Campos","uf":"RS","state_code":"43","area_km2":549.455},"geometry":{"type":"Polygon","coordinates":[[[-50.6809376,-28.6572705],[-50.6790142,-28.6802307],[-50.6862629,-28.6952038],[-50.6744334,-28.7389993],[-50.6812311,-28.742543],[-50.6799289,-28.7545608],[-50.6938707,-28.7558451],[-50.6804445,-28.7599163],[-50.6791219,-28.7651925],[-50.6957479,-28.7692731],[-50.6834857,-28.7790782],[-50.694285,-28.7810905],[-50.6995969,-28.7935477],[-50.7272943,-28.8026134],[-50.7301438,-28.7961428],[-50.7173134,-28.7853056],[-50.7241939,-28.7818308],[-50.7413556,-28.7988191],[-50.7573152,-28.7717823],[-50.7635663,-28.7872864],[-50.7980075,-28.7990549],[-50.7869376,-28.814697],[-50.8167282,-28.8263292],[-50.8463604,-28.8124084],[-50.8506046,-28.8334136],[-50.8820774,-28.8416275],[-50.8906712,-28.8063192],[-50.9141896,-28.80177],[-50.931449,-28.8075246],[-50.9628853,-28.7944818],[-50.9425452,-28.7858518],[-50.9548656,-28.7782564],[-50.9400265,-28.7714174],[-50.9425598,-28.7617964],[-50.9227431,-28.7555102],[-50.9280558,-28.7409273],[-50.9101559,-28.7449248],[-50.91063,-28.7390151],[-50.8993567,-28.7389565],[-50.9119013,-28.7293244],[-50.903012,-28.7319684],[-50.9058853,-28.7113316],[-50.8967505,-28.7151597],[-50.8891584,-28.7069085],[-50.9031481,-28.6931846],[-50.8954377,-28.6821425],[-50.9131976,-28.6650191],[-50.9024945,-28.6517302],[-50.9029137,-28.6392495],[-50.8893164,-28.6312886],[-50.8989147,-28.6189306],[-50.8904608,-28.6099703],[-50.8711391,-28.6086806],[-50.8638568,-28.5734962],[-50.8284938,-28.5533209],[-50.7861386,-28.558229],[-50.7671724,-28.5881257],[-50.7187708,-28.6019817],[-50.7000622,-28.6220205],[-50.6829478,-28.6268308],[-50.6743931,-28.6466085],[-50.6809376,-28.6572705]]]}},{"type":"Feature","properties":{"level":"municipio","municipality_code":"4312385","municipality_name":"Monte Belo do Sul","uf":"RS","state_code":"43","area_km2":69.726},"geometry":{"type":"Polygon","coordinates":[[[-51.6167723,-29.1673279],[-51.6166519,-29.1872397],[-51.6655044,-29.1881176],[-51.6651485,-29.1588899],[-51.6954296,-29.1583921],[-51.6954751,-29.0972514],[-51.6722764,-29.0886661],[-51.6376565,-29.0990914],[-51.6376783,-29.1096954],[-51.6269676,-29.109886],[-51.6261837,-29.1250884],[-51.6150434,-29.1253002],[-51.6147821,-29.1447989],[-51.6040873,-29.1449869],[-51.6038355,-29.158219],[-51.5887747,-29.1582485],[-51.5884398,-29.1675313],[-51.6167723,-29.1673279]]]}},{"type":"Feature","properties":{"level":"municipio","municipality_code":"4312401","municipality_name":"Montenegro","uf":"RS","state_code":"43","area_km2":425.023},"geometry":{"type":"Polygon","coordinates":[[[-51.4922351,-29.8231895],[-51.5309815,-29.7773605],[-51.5421146,-29.7737878],[-51.5604133,-29.7851877],[-51.5865282,-29.7760165],[-51.5888945,-29.7553279],[-51.5659017,-29.7365781],[-51.6418906,-29.6357715],[-51.6380618,-29.6289268],[-51.6627373,-29.5901039],[-51.649461,-29.5901708],[-51.6483391,-29.5767625],[-51.6385738,-29.575738],[-51.6224926,-29.5966705],[-51.6081479,-29.5922339],[-51.5910156,-29.6105456],[-51.5690579,-29.6145451],[-51.5338033,-29.6111152],[-51.5355428,-29.5947503],[-51.5032383,-29.5769922],[-51.4964933,-29.6001686],[-51.4761762,-29.6122555],[-51.4715968,-29.6233593],[-51.4281231,-29.6342988],[-51.4320268,-29.6601629],[-51.4233656,-29.6830572],[-51.4533476,-29.705954],[-51.4589347,-29.697241],[-51.4641938,-29.7031882],[-51.4582572,-29.7179767],[-51.4491439,-29.7136348],[-51.436704,-29.7261652],[-51.4245325,-29.7141073],[-51.4138386,-29.7169277],[-51.4076842,-29.7290052],[-51.4179444,-29.7546605],[-51.4071766,-29.7618193],[-51.4098589,-29.7701112],[-51.3918652,-29.7644444],[-51.3837246,-29.782021],[-51.3601434,-29.7886531],[-51.3557701,-29.7950801],[-51.3674092,-29.8001279],[-51.3545109,-29.8077382],[-51.3506374,-29.822938],[-51.3562941,-29.8306727],[-51.3703565,-29.8265776],[-51.3701196,-29.8403544],[-51.3995694,-29.8369997],[-51.4362684,-29.8446802],[-51.4520886,-29.8289788],[-51.4922351,-29.8231895]]]}},{"type":"Feature","properties":{"level":"municipio","municipality_code":"4312427","municipality_name":"Mormaço","uf":"RS","state_code":"43","area_km2":146.191},"geometry":{"type":"Polygon","coordinates":[[[-52.7110618,-28.6851945],[-52.7256113,-28.6733733],[-52.7226177,-28.6665347],[-52.7065732,-28.6682517],[-52.7033661,-28.6586672],[-52.6965264,-28.6675076],[-52.6948987,-28.6587528],[-52.7087454,-28.6560518],[-52.6981916,-28.6519759],[-52.7102016,-28.6324336],[-52.6687812,-28.6341469],[-52.6624489,-28.606338],[-52.6570425,-28.6205737],[-52.6287977,-28.626843],[-52.6235861,-28.6401248],[-52.6147906,-28.6369842],[-52.608689,-28.6733836],[-52.5925215,-28.6847575],[-52.615613,-28.7217214],[-52.5886906,-28.7565357],[-52.7151782,-28.7493495],[-52.717316,-28.7386234],[-52.7343217,-28.730326],[-52.7306992,-28.7125801],[-52.7190168,-28.7069407],[-52.7284074,-28.6852512],[-52.7133175,-28.6927706],[-52.7110618,-28.6851945]]]}},{"type":"Feature","properties":{"level":"municipio","municipality_code":"4312443","municipality_name":"Morrinhos do Sul","uf":"RS","state_code":"43","area_km2":166.224},"geometry":{"type":"Polygon","coordinates":[[[-49.8867299,-29.2583944],[-49.8971388,-29.2817592],[-49.8840518,-29.3262123],[-49.9011749,-29.3398747],[-49.8906945,-29.372252],[-49.9437146,-29.4018876],[-49.9610038,-29.4055924],[-49.9815096,-29.3980977],[-50.0243055,-29.432326],[-50.0134195,-29.4202677],[-50.0340234,-29.4193698],[-50.0097177,-29.4011153],[-50.0122637,-29.3850556],[-50.0253003,-29.383917],[-50.0166882,-29.3628389],[-50.0025015,-29.3574847],[-50.0294068,-29.3437808],[-50.0338687,-29.323535],[-50.0063078,-29.3024845],[-49.9545409,-29.285364],[-49.9298483,-29.2525719],[-49.8867299,-29.2583944]]]}},{"type":"Feature","properties":{"level":"municipio","municipality_code":"4312450","municipality_name":"Morro Redondo","uf":"RS","state_code":"43","area_km2":244.645},"geometry":{"type":"Polygon","coordinates":[[[-52.5492539,-31.5610606],[-52.5717244,-31.5760014],[-52.5891786,-31.6084302],[-52.5722005,-31.6201437],[-52.5832674,-31.6311664],[-52.5697566,-31.6657644],[-52.5536931,-31.6710344],[-52.5563143,-31.680342],[-52.5769764,-31.6793703],[-52.5945429,-31.6950993],[-52.6101239,-31.6950761],[-52.6048924,-31.7146193],[-52.6157137,-31.7285969],[-52.7365503,-31.7405709],[-52.7117622,-31.7112195],[-52.7147573,-31.6997632],[-52.7037105,-31.6941939],[-52.7002788,-31.6727891],[-52.7094239,-31.6645217],[-52.6988146,-31.6367235],[-52.7146085,-31.6169742],[-52.6756025,-31.5822626],[-52.6613217,-31.5828659],[-52.6121574,-31.5040459],[-52.5492539,-31.5610606]]]}},{"type":"Feature","properties":{"level":"municipio","municipality_code":"4312476","municipality_name":"Morro Reuter","uf":"RS","state_code":"43","area_km2":87.037},"geometry":{"type":"Polygon","coordinates":[[[-50.9513529,-29.5543901],[-51.0431362,-29.538852],[-51.0462296,-29.5610139],[-51.1176465,-29.5509501],[-51.1061263,-29.4769496],[-51.0788036,-29.4800478],[-51.0775516,-29.465168],[-51.0637047,-29.4675128],[-51.0620725,-29.4826985],[-51.0499002,-29.495971],[-51.0382456,-29.4914252],[-51.0286596,-29.4980547],[-51.032729,-29.5178266],[-50.9686433,-29.519495],[-50.9399547,-29.5423536],[-50.9513529,-29.5543901]]]}},{"type":"Feature","properties":{"level":"municipio","municipality_code":"4312500","municipality_name":"Mostardas","uf":"RS","state_code":"43","area_km2":1977.442},"geometry":{"type":"Polygon","coordinates":[[[-50.7538364,-31.0920516],[-50.8421324,-31.1900255],[-50.962253,-31.1832494],[-50.9856181,-31.2062405],[-51.0524025,-31.1640208],[-51.1171958,-31.150764],[-51.1272152,-31.1231542],[-51.1789942,-31.1341963],[-51.1768912,-31.079768],[-51.1655001,-31.0619485],[-51.1491216,-31.0875029],[-51.1036155,-31.0993805],[-51.0485298,-31.0615924],[-50.9805582,-31.0410514],[-50.9569856,-31.0095653],[-50.9525135,-30.9820848],[-50.9667636,-30.8961075],[-50.9045861,-30.9040372],[-50.8569299,-30.8654119],[-50.823403,-30.8521823],[-50.8193605,-30.8405634],[-50.7444638,-30.8122866],[-50.7019874,-30.7463272],[-50.6901159,-30.7069243],[-50.6795415,-30.6091725],[-50.68643,-30.5008003],[-50.3342558,-30.500802],[-50.7538364,-31.0920516]]]}},{"type":"Feature","properties":{"level":"municipio","municipality_code":"4312617","municipality_name":"Muitos Capões","uf":"RS","state_code":"43","area_km2":1193.23},"geometry":{"type":"Polygon","coordinates":[[[-51.0560257,-28.3909828],[-51.0489003,-28.4067818],[-51.0630261,-28.4005786],[-51.085545,-28.4152569],[-51.1028283,-28.408411],[-51.0668038,-28.4622236],[-51.101712,-28.4587531],[-51.1592529,-28.4778419],[-51.1548243,-28.4881044],[-51.1330603,-28.4928756],[-51.1229816,-28.5069986],[-51.1448634,-28.5175162],[-51.1538485,-28.5626669],[-51.1477614,-28.5714156],[-51.1577882,-28.5741086],[-51.1533386,-28.5826889],[-51.164093,-28.5845177],[-51.1701612,-28.573535],[-51.1796345,-28.5924274],[-51.2277883,-28.5806894],[-51.2546459,-28.5891181],[-51.2542417,-28.5799612],[-51.2679563,-28.5773448],[-51.2701196,-28.593092],[-51.2817713,-28.581098],[-51.2870291,-28.5865947],[-51.3033617,-28.5827201],[-51.3030171,-28.5932289],[-51.31163,-28.5939656],[-51.3172383,-28.5833328],[-51.3340868,-28.5832327],[-51.3346845,-28.5903965],[-51.319951,-28.5973041],[-51.3479689,-28.5897292],[-51.3408153,-28.6100202],[-51.3538297,-28.6197749],[-51.3602715,-28.6085262],[-51.3643132,-28.6237348],[-51.3728491,-28.6212497],[-51.3690534,-28.6336081],[-51.384726,-28.6362114],[-51.3822379,-28.6505626],[-51.4006537,-28.6439552],[-51.4016354,-28.6203125],[-51.3897638,-28.6144681],[-51.4037181,-28.6143087],[-51.3969195,-28.607396],[-51.4039985,-28.5853034],[-51.393211,-28.5746451],[-51.4072263,-28.5736513],[-51.3937387,-28.5660298],[-51.4079295,-28.5611799],[-51.4005782,-28.5433288],[-51.3894831,-28.5383585],[-51.3929161,-28.5302244],[-51.3753864,-28.532587],[-51.3729134,-28.51293],[-51.3546585,-28.514643],[-51.3538912,-28.5078873],[-51.3765885,-28.4918902],[-51.3683094,-28.4822238],[-51.3806994,-28.4707865],[-51.3602689,-28.4760017],[-51.3716224,-28.4640654],[-51.3463115,-28.4464839],[-51.3563383,-28.4408958],[-51.3467601,-28.4380908],[-51.3607673,-28.4212155],[-51.3344145,-28.4185401],[-51.3333692,-28.4081537],[-51.3429237,-28.4105614],[-51.3590654,-28.4021774],[-51.3418849,-28.404336],[-51.3483872,-28.3912993],[-51.337835,-28.3862791],[-51.3486342,-28.3712863],[-51.3348043,-28.370969],[-51.3422485,-28.3613822],[-51.3231389,-28.3465387],[-51.3322062,-28.3409556],[-51.3408281,-28.3462451],[-51.3431863,-28.3378656],[-51.3267829,-28.3333089],[-51.3887419,-28.295945],[-51.397591,-28.2729789],[-51.3877159,-28.2419942],[-51.3301989,-28.2333859],[-51.3273449,-28.2200923],[-51.2954161,-28.1905841],[-51.2555108,-28.1765387],[-51.2469284,-28.1540047],[-51.234624,-28.1695938],[-51.1970672,-28.1869614],[-51.1753855,-28.1892042],[-51.1537527,-28.1761098],[-51.1235991,-28.1996145],[-51.1028912,-28.1936209],[-51.0968301,-28.2222909],[-51.0850572,-28.2231877],[-51.0619004,-28.2538799],[-51.0646647,-28.2851805],[-51.0855537,-28.3143686],[-51.0630077,-28.3188756],[-51.0467836,-28.3435541],[-51.0490163,-28.3568487],[-51.0410707,-28.3636573],[-51.0349626,-28.35969],[-51.0375118,-28.3764187],[-51.0560257,-28.3909828]]]}},{"type":"Feature","properties":{"level":"municipio","municipality_code":"4312625","municipality_name":"Muliterno","uf":"RS","state_code":"43","area_km2":110.969},"geometry":{"type":"Polygon","coordinates":[[[-51.7053343,-28.3113992],[-51.6962988,-28.3565249],[-51.7150254,-28.3605871],[-51.7161451,-28.3690963],[-51.7856762,-28.3819013],[-51.8211738,-28.3661044],[-51.8334435,-28.3568806],[-51.8175545,-28.3384953],[-51.8338373,-28.3140976],[-51.8344791,-28.2818117],[-51.8575469,-28.2523143],[-51.8104107,-28.242401],[-51.8215495,-28.2979562],[-51.751614,-28.2894814],[-51.7488286,-28.3080273],[-51.7053343,-28.3113992]]]}},{"type":"Feature","properties":{"level":"municipio","municipality_code":"4312609","municipality_name":"Muçum","uf":"RS","state_code":"43","area_km2":111.247},"geometry":{"type":"Polygon","coordinates":[[[-51.8310828,-29.1413603],[-51.8357562,-29.1344138],[-51.850624,-29.1381252],[-51.8598571,-29.1456043],[-51.8539072,-29.1577864],[-51.859948,-29.1640699],[-51.8861239,-29.1713984],[-51.915168,-29.1118443],[-51.8938089,-29.1067156],[-51.8936734,-29.1164422],[-51.8626801,-29.1162298],[-51.8604653,-29.0971277],[-51.8307504,-29.096832],[-51.8292316,-29.1152977],[-51.8007802,-29.1158363],[-51.7796343,-29.094241],[-51.7324998,-29.1281079],[-51.7393474,-29.1378547],[-51.7564925,-29.1407057],[-51.7335111,-29.1804971],[-51.7400519,-29.1864037],[-51.789852,-29.1860388],[-51.8045351,-29.17451],[-51.822277,-29.18315],[-51.8424915,-29.151226],[-51.8310828,-29.1413603]]]}},{"type":"Feature","properties":{"level":"municipio","municipality_code":"4312674","municipality_name":"Nicolau Vergueiro","uf":"RS","state_code":"43","area_km2":154.995},"geometry":{"type":"Polygon","coordinates":[[[-52.511663,-28.4760116],[-52.4488732,-28.4722925],[-52.4318174,-28.4859319],[-52.4192912,-28.474293],[-52.3916427,-28.4676298],[-52.3728527,-28.4791013],[-52.3856153,-28.4886046],[-52.3758467,-28.4983456],[-52.3771361,-28.5100044],[-52.3571833,-28.5150159],[-52.3505052,-28.5465434],[-52.3666717,-28.550902],[-52.3653448,-28.563758],[-52.3743536,-28.5694844],[-52.3936986,-28.5681704],[-52.4289896,-28.5492019],[-52.4576311,-28.5651922],[-52.4909329,-28.5588341],[-52.4956494,-28.5494118],[-52.5026204,-28.5549146],[-52.4972522,-28.5687882],[-52.5064939,-28.5666647],[-52.5107569,-28.5746261],[-52.5154474,-28.5623292],[-52.5263127,-28.5636181],[-52.5263558,-28.5350609],[-52.536012,-28.5311385],[-52.5494387,-28.5460634],[-52.5553845,-28.5195342],[-52.544418,-28.5167784],[-52.544566,-28.4980335],[-52.5183145,-28.4950273],[-52.511663,-28.4760116]]]}},{"type":"Feature","properties":{"level":"municipio","municipality_code":"4312708","municipality_name":"Nonoai","uf":"RS","state_code":"43","area_km2":468.962},"geometry":{"type":"Polygon","coordinates":[[[-52.8134843,-27.4501418],[-52.8683518,-27.4332081],[-52.8857599,-27.4179011],[-52.8785894,-27.4121183],[-52.8901848,-27.3843528],[-52.9681858,-27.4078677],[-53.0166577,-27.4616884],[-53.0419209,-27.4513879],[-53.0465221,-27.4413464],[-53.0568777,-27.4454279],[-53.0564832,-27.4374591],[-53.0747117,-27.4431967],[-53.0783303,-27.4330455],[-53.0871012,-27.4413185],[-53.093152,-27.4356378],[-53.0880187,-27.4462379],[-53.0993521,-27.4570743],[-53.1169054,-27.4411857],[-53.1322275,-27.4440658],[-53.0757703,-27.3732587],[-53.0667195,-27.3801558],[-53.0688865,-27.3915547],[-53.0564834,-27.3812429],[-53.04403,-27.3937445],[-53.0482893,-27.3852877],[-53.0329673,-27.3857716],[-53.0336961,-27.3720561],[-53.0133771,-27.3741311],[-53.0125792,-27.3858942],[-53.001713,-27.3811435],[-52.9928663,-27.3872485],[-52.971441,-27.3781363],[-52.9666646,-27.367879],[-52.9559743,-27.3715993],[-52.9559377,-27.3459728],[-52.9449871,-27.3233657],[-52.9510207,-27.3083054],[-52.9229261,-27.3178058],[-52.9026925,-27.3132233],[-52.8723304,-27.3277767],[-52.8692274,-27.3404053],[-52.8349632,-27.3358106],[-52.8148665,-27.3029641],[-52.7936136,-27.2907965],[-52.8000449,-27.2655383],[-52.78956,-27.2564751],[-52.7937066,-27.2440062],[-52.78209,-27.2367347],[-52.7987473,-27.2232178],[-52.8009681,-27.2034295],[-52.7592944,-27.2142022],[-52.7635672,-27.2470062],[-52.7548802,-27.2590348],[-52.741425,-27.2569879],[-52.7270125,-27.2360013],[-52.7137812,-27.2376886],[-52.7060866,-27.2757482],[-52.6846821,-27.2947297],[-52.7066003,-27.299462],[-52.7162127,-27.319574],[-52.7428043,-27.322696],[-52.7285207,-27.3362253],[-52.7341091,-27.3558862],[-52.7131795,-27.371602],[-52.7345832,-27.3757922],[-52.7132125,-27.3938227],[-52.7327535,-27.3934331],[-52.7225631,-27.4152881],[-52.7320787,-27.4249187],[-52.7267454,-27.436217],[-52.7450159,-27.4327416],[-52.7446838,-27.4469753],[-52.7562655,-27.446342],[-52.7563433,-27.459613],[-52.7747812,-27.453785],[-52.7690942,-27.466398],[-52.7831665,-27.4655083],[-52.7764656,-27.4818186],[-52.7936788,-27.4732091],[-52.790296,-27.4855478],[-52.812559,-27.5032454],[-52.8224755,-27.4969692],[-52.824778,-27.4828538],[-52.8111298,-27.4665078],[-52.8134843,-27.4501418]]]}},{"type":"Feature","properties":{"level":"municipio","municipality_code":"4312757","municipality_name":"Nova Alvorada","uf":"RS","state_code":"43","area_km2":148.861},"geometry":{"type":"Polygon","coordinates":[[[-52.1626325,-28.6593616],[-52.1559549,-28.6517056],[-52.1398478,-28.6712885],[-52.1117711,-28.6717677],[-52.1022844,-28.6648636],[-52.0960982,-28.6753068],[-52.0854434,-28.67351],[-52.0902952,-28.691022],[-52.077632,-28.6865902],[-52.0784423,-28.6987958],[-52.0981045,-28.703306],[-52.0809999,-28.7101572],[-52.0854372,-28.7178611],[-52.0766729,-28.7291453],[-52.0850748,-28.7308376],[-52.0784546,-28.7414351],[-52.1367349,-28.7421081],[-52.167964,-28.7549041],[-52.1867828,-28.752431],[-52.1785961,-28.7433485],[-52.198086,-28.7421375],[-52.2257902,-28.7628862],[-52.238708,-28.7573885],[-52.2575681,-28.7302577],[-52.2460775,-28.7060941],[-52.2587472,-28.6864469],[-52.2503351,-28.6628436],[-52.2032115,-28.6735682],[-52.1920238,-28.6697543],[-52.1952089,-28.6549465],[-52.1626325,-28.6593616]]]}},{"type":"Feature","properties":{"level":"municipio","municipality_code":"4312807","municipality_name":"Nova Araçá","uf":"RS","state_code":"43","area_km2":75.514},"geometry":{"type":"Polygon","coordinates":[[[-51.7216653,-28.6827008],[-51.783111,-28.6658275],[-51.8065781,-28.673524],[-51.8163137,-28.6685719],[-51.8293465,-28.6803224],[-51.863759,-28.6757682],[-51.8460946,-28.6705513],[-51.8604744,-28.6580907],[-51.8493164,-28.6489235],[-51.8313146,-28.6584396],[-51.8187282,-28.6498835],[-51.7994849,-28.6530556],[-51.7834642,-28.6320717],[-51.740281,-28.6329866],[-51.7158618,-28.6085361],[-51.6745335,-28.622565],[-51.6687239,-28.6577343],[-51.7216653,-28.6827008]]]}},{"type":"Feature","properties":{"level":"municipio","municipality_code":"4312906","municipality_name":"Nova Bassano","uf":"RS","state_code":"43","area_km2":211.611},"geometry":{"type":"Polygon","coordinates":[[[-51.6687239,-28.6577343],[-51.6622811,-28.7739199],[-51.7136839,-28.7739929],[-51.7140548,-28.7842228],[-51.7610322,-28.7956886],[-51.7597325,-28.7875293],[-51.7674504,-28.7838204],[-51.7629707,-28.7781681],[-51.8335889,-28.7782056],[-51.8299986,-28.7692145],[-51.8451632,-28.7753647],[-51.8322161,-28.7575639],[-51.8497828,-28.7603211],[-51.8589334,-28.7491679],[-51.8446004,-28.7527689],[-51.8381691,-28.7445363],[-51.8494966,-28.7368611],[-51.8526858,-28.71218],[-51.8234112,-28.7103902],[-51.85034,-28.7066067],[-51.8566354,-28.6880564],[-51.8163137,-28.6685719],[-51.8065781,-28.673524],[-51.783111,-28.6658275],[-51.7239527,-28.6834058],[-51.6687239,-28.6577343]]]}},{"type":"Feature","properties":{"level":"municipio","municipality_code":"4312955","municipality_name":"Nova Boa Vista","uf":"RS","state_code":"43","area_km2":93.733},"geometry":{"type":"Polygon","coordinates":[[[-52.9870052,-28.0332509],[-52.9981877,-28.0376264],[-53.0089163,-28.0272275],[-53.0080327,-28.0396409],[-53.0209709,-28.0360266],[-53.022009,-28.0038727],[-53.0310532,-28.0039296],[-53.0313965,-27.9908992],[-53.0585785,-27.9563412],[-53.0333119,-27.9644329],[-52.9864009,-27.9482475],[-52.9742386,-27.9532338],[-52.9697804,-27.9695906],[-52.9479184,-27.9545167],[-52.9482611,-27.9667661],[-52.9346369,-27.9614497],[-52.935386,-27.9873212],[-52.9268631,-27.985464],[-52.9088017,-28.0145891],[-52.9387329,-28.0438036],[-52.9635004,-28.0336304],[-52.9680518,-28.0501099],[-52.9727919,-28.033039],[-52.9814455,-28.0424313],[-52.9870052,-28.0332509]]]}},{"type":"Feature","properties":{"level":"municipio","municipality_code":"4313003","municipality_name":"Nova Bréscia","uf":"RS","state_code":"43","area_km2":102.994},"geometry":{"type":"Polygon","coordinates":[[[-51.981355,-29.1743043],[-51.9792854,-29.2015815],[-51.9581523,-29.2019861],[-51.9615759,-29.2379791],[-51.9935878,-29.2338272],[-51.9990017,-29.2479141],[-52.029833,-29.2669991],[-52.0421644,-29.2629538],[-52.042033,-29.2514316],[-52.0575449,-29.2504095],[-52.0728186,-29.2704603],[-52.1122366,-29.2706303],[-52.1133953,-29.2328158],[-52.0962165,-29.2327811],[-52.0879782,-29.2206379],[-52.0924638,-29.2127378],[-52.0774188,-29.2125444],[-52.0743708,-29.1964095],[-52.0456434,-29.1900017],[-52.0106566,-29.1632857],[-52.0017477,-29.1661421],[-52.0014642,-29.1745628],[-51.981355,-29.1743043]]]}},{"type":"Feature","properties":{"level":"municipio","municipality_code":"4313011","municipality_name":"Nova Candelária","uf":"RS","state_code":"43","area_km2":97.579},"geometry":{"type":"Polygon","coordinates":[[[-54.1075881,-27.6430474],[-54.1683266,-27.6116268],[-54.1840926,-27.617117],[-54.196708,-27.6043106],[-54.2021732,-27.6081347],[-54.1956667,-27.5974079],[-54.2104462,-27.5681996],[-54.1936763,-27.5673728],[-54.196714,-27.5571594],[-54.1787231,-27.556169],[-54.1658981,-27.5611837],[-54.1676438,-27.5701759],[-54.1602377,-27.5751149],[-54.1514065,-27.5675172],[-54.151294,-27.5536792],[-54.1454375,-27.5655402],[-54.0842098,-27.5509318],[-54.0618338,-27.5584731],[-54.0717875,-27.5758387],[-54.0864081,-27.5788982],[-54.0909581,-27.5878621],[-54.0864605,-27.6019649],[-54.0534952,-27.6193869],[-54.0544152,-27.6320171],[-54.0450875,-27.6345732],[-54.0463411,-27.6524345],[-54.0625843,-27.6535934],[-54.0659398,-27.6383072],[-54.0849388,-27.6269407],[-54.1075881,-27.6430474]]]}},{"type":"Feature","properties":{"level":"municipio","municipality_code":"4313037","municipality_name":"Nova Esperança do Sul","uf":"RS","state_code":"43","area_km2":191.772},"geometry":{"type":"Polygon","coordinates":[[[-54.7523677,-29.4303595],[-54.7505585,-29.4609782],[-54.7939034,-29.4912971],[-54.8347746,-29.5057858],[-54.8384992,-29.4953936],[-54.832185,-29.4892108],[-54.8431558,-29.488326],[-54.8508963,-29.4764466],[-54.8523837,-29.4418254],[-54.8696935,-29.418533],[-54.8660776,-29.3969934],[-54.8948381,-29.3639497],[-54.9007741,-29.3420181],[-54.9139188,-29.3401196],[-54.9273143,-29.3264879],[-54.9087952,-29.3120618],[-54.8730241,-29.3247851],[-54.835914,-29.3180752],[-54.8275465,-29.3328755],[-54.853241,-29.3387148],[-54.8349808,-29.3513691],[-54.774833,-29.347739],[-54.7511481,-29.378865],[-54.7596795,-29.4096816],[-54.7540738,-29.4177298],[-54.739691,-29.4185159],[-54.7523677,-29.4303595]]]}},{"type":"Feature","properties":{"level":"municipio","municipality_code":"4313060","municipality_name":"Nova Hartz","uf":"RS","state_code":"43","area_km2":62.088},"geometry":{"type":"Polygon","coordinates":[[[-50.8804816,-29.6367218],[-50.9111126,-29.6318357],[-50.9117362,-29.5994731],[-50.9476003,-29.5954115],[-50.9439583,-29.5472118],[-50.8560337,-29.5563469],[-50.859416,-29.6079112],[-50.8804816,-29.6367218]]]}},{"type":"Feature","properties":{"level":"municipio","municipality_code":"4313102","municipality_name":"Nova Palma","uf":"RS","state_code":"43","area_km2":314.613},"geometry":{"type":"Polygon","coordinates":[[[-53.4388665,-29.3493663],[-53.4394106,-29.3386545],[-53.4158664,-29.3523235],[-53.3645581,-29.3551076],[-53.3588258,-29.3716133],[-53.3469031,-29.3770146],[-53.3354021,-29.4123593],[-53.3271468,-29.4141766],[-53.3297429,-29.4270046],[-53.3199384,-29.4260532],[-53.3152002,-29.4372102],[-53.2382415,-29.4119081],[-53.261115,-29.4348734],[-53.2760221,-29.4290941],[-53.2862291,-29.4355724],[-53.2816738,-29.447255],[-53.2637859,-29.4460919],[-53.2795566,-29.4541061],[-53.2932904,-29.4501075],[-53.2804882,-29.4764958],[-53.2939124,-29.4859084],[-53.3966757,-29.4888679],[-53.4286596,-29.5050935],[-53.4289394,-29.5124056],[-53.4762504,-29.5140754],[-53.4779009,-29.5255111],[-53.492032,-29.525233],[-53.4925327,-29.5163871],[-53.5041011,-29.5183854],[-53.512972,-29.5086207],[-53.5125264,-29.4857884],[-53.5237875,-29.4756619],[-53.5157196,-29.4613372],[-53.4990871,-29.4550237],[-53.5083123,-29.442796],[-53.4992514,-29.4440171],[-53.5085928,-29.4331277],[-53.5004694,-29.4221868],[-53.5199365,-29.4161074],[-53.5229343,-29.4092067],[-53.5159978,-29.4059564],[-53.5326785,-29.3997685],[-53.5129804,-29.3883244],[-53.5238629,-29.385059],[-53.5128679,-29.3823137],[-53.5149148,-29.3751381],[-53.4948126,-29.3584546],[-53.4388665,-29.3493663]]]}},{"type":"Feature","properties":{"level":"municipio","municipality_code":"4313201","municipality_name":"Nova Petrópolis","uf":"RS","state_code":"43","area_km2":290.164},"geometry":{"type":"Polygon","coordinates":[[[-51.0967555,-29.4094857],[-51.12755,-29.3984733],[-51.1342934,-29.437256],[-51.1689989,-29.4394358],[-51.1852185,-29.429079],[-51.1891806,-29.4102774],[-51.2252404,-29.3943597],[-51.2235801,-29.3749112],[-51.2076942,-29.3730804],[-51.2122985,-29.3585712],[-51.1796075,-29.3251053],[-51.1420407,-29.3424157],[-51.1190148,-29.3083321],[-51.0998207,-29.3176496],[-51.0886247,-29.2909419],[-51.0698846,-29.2917037],[-51.0490953,-29.3077082],[-51.0306763,-29.2936705],[-51.0089372,-29.3082571],[-50.998095,-29.304306],[-51.0010575,-29.3174954],[-50.9912883,-29.3169558],[-50.9667015,-29.3380813],[-50.9552638,-29.3743014],[-50.9663676,-29.3870742],[-50.9754934,-29.3819539],[-50.9813245,-29.3904007],[-50.992382,-29.3874238],[-51.0042199,-29.4243352],[-51.0196399,-29.4369739],[-51.0424999,-29.439441],[-51.0510223,-29.4507093],[-51.0875013,-29.4503018],[-51.0860056,-29.4430015],[-51.1024812,-29.4393857],[-51.0967555,-29.4094857]]]}},{"type":"Feature","properties":{"level":"municipio","municipality_code":"4313300","municipality_name":"Nova Prata","uf":"RS","state_code":"43","area_km2":259.941},"geometry":{"type":"Polygon","coordinates":[[[-51.4974647,-28.7956698],[-51.5023061,-28.8139319],[-51.4937395,-28.8236352],[-51.5000217,-28.8272049],[-51.7121155,-28.8354624],[-51.7039732,-28.8148652],[-51.6838381,-28.8149859],[-51.6836483,-28.8032854],[-51.6888606,-28.7921239],[-51.7064664,-28.7918034],[-51.7136839,-28.7739929],[-51.6622811,-28.7739199],[-51.6702487,-28.6287364],[-51.6424355,-28.654286],[-51.597703,-28.6661888],[-51.596816,-28.6728995],[-51.607474,-28.6730702],[-51.6097832,-28.6788683],[-51.5553841,-28.6933377],[-51.5741106,-28.6979196],[-51.5562518,-28.7075874],[-51.5641987,-28.7148778],[-51.5489488,-28.7211501],[-51.5626868,-28.7235329],[-51.5417123,-28.7285897],[-51.5466482,-28.744809],[-51.5370717,-28.7388137],[-51.5270996,-28.7450877],[-51.5356397,-28.7503442],[-51.5280028,-28.7657689],[-51.5213096,-28.7637239],[-51.5209733,-28.7756011],[-51.5089708,-28.7739214],[-51.5194586,-28.7878447],[-51.5041729,-28.7851098],[-51.5096455,-28.7944489],[-51.4974647,-28.7956698]]]}},{"type":"Feature","properties":{"level":"municipio","municipality_code":"4313086","municipality_name":"Nova Pádua","uf":"RS","state_code":"43","area_km2":102.643},"geometry":{"type":"Polygon","coordinates":[[[-51.3435577,-28.9749008],[-51.3317193,-28.9555895],[-51.3093576,-28.9556896],[-51.2842381,-28.9271568],[-51.2679122,-28.9303699],[-51.2767956,-28.9750327],[-51.2737708,-29.02859],[-51.2469923,-29.0276102],[-51.246502,-29.0431167],[-51.2605807,-29.036544],[-51.3138408,-29.0452474],[-51.3309946,-29.0658154],[-51.3572898,-29.058097],[-51.3628728,-29.0410255],[-51.3566367,-29.0208759],[-51.3839953,-29.0029406],[-51.3616235,-28.9729213],[-51.3435577,-28.9749008]]]}},{"type":"Feature","properties":{"level":"municipio","municipality_code":"4313334","municipality_name":"Nova Ramada","uf":"RS","state_code":"43","area_km2":255.264},"geometry":{"type":"Polygon","coordinates":[[[-53.7016471,-28.1674538],[-53.7163775,-28.1624334],[-53.7184193,-28.1488159],[-53.7372012,-28.1521854],[-53.7368329,-28.1430567],[-53.7540081,-28.1330767],[-53.7558189,-28.1438024],[-53.7662257,-28.1444866],[-53.77304,-28.1272698],[-53.7868777,-28.1294433],[-53.7816217,-28.1065434],[-53.8017196,-28.1023375],[-53.7913776,-28.0861692],[-53.796068,-28.0643104],[-53.8142228,-28.0557043],[-53.777089,-28.0399933],[-53.7580449,-28.0183033],[-53.7534816,-27.9954825],[-53.7234671,-27.9825065],[-53.6954146,-27.9876828],[-53.6735677,-28.0087728],[-53.6755621,-28.0256238],[-53.6634719,-28.0268803],[-53.6591764,-28.0351833],[-53.6176654,-28.0307012],[-53.6031052,-28.0401395],[-53.585546,-28.0390897],[-53.6227376,-28.0920911],[-53.6199219,-28.1456915],[-53.6387168,-28.1326581],[-53.655399,-28.1555407],[-53.6731976,-28.139522],[-53.6789362,-28.1492518],[-53.694656,-28.1485066],[-53.7016471,-28.1674538]]]}},{"type":"Feature","properties":{"level":"municipio","municipality_code":"4313359","municipality_name":"Nova Roma do Sul","uf":"RS","state_code":"43","area_km2":149.767},"geometry":{"type":"Polygon","coordinates":[[[-51.3964298,-29.0582154],[-51.437229,-29.0627683],[-51.4606534,-29.0194158],[-51.4790456,-29.0155385],[-51.4546671,-29.0019187],[-51.4745266,-28.988886],[-51.452381,-28.9766291],[-51.4708462,-28.9677941],[-51.4674581,-28.9489302],[-51.4490598,-28.9519632],[-51.4404552,-28.9417626],[-51.4676176,-28.9373064],[-51.4642458,-28.9248856],[-51.3544535,-28.9195346],[-51.3551667,-28.9419199],[-51.3435904,-28.9531545],[-51.3410785,-28.9713098],[-51.3616235,-28.9729213],[-51.3841454,-29.0045121],[-51.3566367,-29.0208759],[-51.3628728,-29.0410255],[-51.3573961,-29.0585725],[-51.37035,-29.0685536],[-51.3964298,-29.0582154]]]}},{"type":"Feature","properties":{"level":"municipio","municipality_code":"4313375","municipality_name":"Nova Santa Rita","uf":"RS","state_code":"43","area_km2":218.094},"geometry":{"type":"Polygon","coordinates":[[[-51.2339137,-29.9384294],[-51.3103247,-29.9315491],[-51.3275329,-29.9096335],[-51.3676319,-29.8892123],[-51.3535733,-29.8438966],[-51.3719334,-29.8287603],[-51.3562941,-29.8306727],[-51.3499497,-29.8186478],[-51.3674092,-29.8001279],[-51.3557701,-29.7950801],[-51.3664023,-29.7833554],[-51.3337162,-29.7566427],[-51.3021621,-29.7818344],[-51.2680027,-29.7812275],[-51.2551908,-29.7739957],[-51.2268938,-29.7821341],[-51.2153018,-29.7938753],[-51.2002627,-29.7921518],[-51.1915012,-29.8238044],[-51.1823366,-29.816853],[-51.1796204,-29.8217456],[-51.1822226,-29.8327119],[-51.1909215,-29.8319414],[-51.1880506,-29.840209],[-51.1947064,-29.8316846],[-51.1954324,-29.841555],[-51.2026888,-29.8357097],[-51.228349,-29.8446242],[-51.2348106,-29.8724896],[-51.2495754,-29.8841011],[-51.2440942,-29.9230642],[-51.2339137,-29.9384294]]]}},{"type":"Feature","properties":{"level":"municipio","municipality_code":"4313490","municipality_name":"Novo Barreiro","uf":"RS","state_code":"43","area_km2":123.344},"geometry":{"type":"Polygon","coordinates":[[[-53.0841239,-27.8285117],[-53.1029253,-27.8280107],[-53.1041126,-27.8205038],[-53.0877232,-27.8242838],[-53.0823578,-27.8163123],[-53.0721612,-27.8220686],[-53.0752856,-27.8132964],[-53.0402917,-27.8248195],[-53.0436809,-27.8305068],[-53.0590782,-27.8238795],[-53.0592597,-27.8351995],[-53.0695978,-27.8430692],[-53.0477856,-27.847515],[-53.0750242,-27.8564618],[-53.0433773,-27.8651032],[-53.0433175,-27.8717988],[-53.0588901,-27.8758969],[-53.0430802,-27.8837376],[-53.053795,-27.8887633],[-53.0406333,-27.8980868],[-53.0973353,-27.9005329],[-53.0946051,-27.9103205],[-53.0489434,-27.9120638],[-53.0638105,-27.9228096],[-53.0476491,-27.9212074],[-53.0552531,-27.9300461],[-53.0527171,-27.9407019],[-53.0701385,-27.9427191],[-53.0674635,-27.92893],[-53.078312,-27.9208416],[-53.0884519,-27.933952],[-53.1088739,-27.9295957],[-53.1236729,-27.9395873],[-53.1434134,-27.9381126],[-53.1771308,-27.9611379],[-53.1926304,-27.9937854],[-53.2053637,-27.988904],[-53.2113551,-27.9660222],[-53.188768,-27.943137],[-53.1966324,-27.9335851],[-53.1852963,-27.9094661],[-53.1598118,-27.9074137],[-53.1628906,-27.8968752],[-53.1521085,-27.9003049],[-53.1544813,-27.8934988],[-53.1449806,-27.8931154],[-53.1540571,-27.8832674],[-53.1374826,-27.8796962],[-53.1346296,-27.8871469],[-53.1324156,-27.8873937],[-53.1386828,-27.8675223],[-53.1231917,-27.8757919],[-53.1184289,-27.864127],[-53.1317758,-27.8593553],[-53.1162627,-27.8542679],[-53.1181756,-27.8467375],[-53.1024183,-27.8574169],[-53.113874,-27.8362412],[-53.0945996,-27.8458766],[-53.0886135,-27.8423795],[-53.0991114,-27.8345521],[-53.0841239,-27.8285117]]]}},{"type":"Feature","properties":{"level":"municipio","municipality_code":"4313391","municipality_name":"Novo Cabrais","uf":"RS","state_code":"43","area_km2":192.998},"geometry":{"type":"Polygon","coordinates":[[[-52.970151,-29.8117053],[-52.9819373,-29.8161806],[-52.9992149,-29.8085495],[-53.0298351,-29.8173627],[-53.0318721,-29.8250902],[-53.0582257,-29.8234152],[-53.0767903,-29.7979249],[-53.0556726,-29.7686381],[-53.0684774,-29.7278099],[-53.0366589,-29.6574244],[-53.0077699,-29.6627746],[-53.0209653,-29.689858],[-53.0074932,-29.698506],[-52.9733211,-29.6992172],[-52.9357143,-29.7227485],[-52.9260392,-29.7201218],[-52.9321892,-29.7307382],[-52.921762,-29.7661341],[-52.9267133,-29.7843398],[-52.9073447,-29.8149427],[-52.8996601,-29.846094],[-52.9237902,-29.8314226],[-52.9641613,-29.8340699],[-52.9720231,-29.8290302],[-52.970151,-29.8117053]]]}},{"type":"Feature","properties":{"level":"municipio","municipality_code":"4313409","municipality_name":"Novo Hamburgo","uf":"RS","state_code":"43","area_km2":222.548},"geometry":{"type":"Polygon","coordinates":[[[-51.1297817,-29.7421524],[-51.1466054,-29.7281426],[-51.1469096,-29.7166728],[-51.1576963,-29.7163755],[-51.1595538,-29.6927058],[-51.1797945,-29.6878883],[-51.1757339,-29.6711906],[-51.1433094,-29.6699116],[-51.1421738,-29.6370058],[-51.0978497,-29.6437738],[-51.0900375,-29.6747383],[-51.0756909,-29.6861015],[-51.0805369,-29.7155248],[-50.9997412,-29.710067],[-50.970014,-29.6969243],[-50.9632845,-29.7026322],[-50.9579981,-29.6887636],[-50.9476441,-29.6900534],[-50.9342361,-29.7690964],[-50.9577409,-29.7892814],[-51.0783449,-29.8308231],[-51.06812,-29.8112834],[-51.0764788,-29.7942203],[-51.0713215,-29.7859324],[-51.0870833,-29.7623522],[-51.0849344,-29.7347947],[-51.1044063,-29.7367033],[-51.1092008,-29.7282957],[-51.1297817,-29.7421524]]]}},{"type":"Feature","properties":{"level":"municipio","municipality_code":"4313425","municipality_name":"Novo Machado","uf":"RS","state_code":"43","area_km2":218.836},"geometry":{"type":"Polygon","coordinates":[[[-54.5344168,-27.5056618],[-54.5061978,-27.4823491],[-54.4746213,-27.4812321],[-54.4771823,-27.4982242],[-54.4652289,-27.5099925],[-54.472106,-27.5129938],[-54.4723847,-27.5274226],[-54.4589487,-27.5338703],[-54.4514229,-27.520487],[-54.4529355,-27.5344059],[-54.4415885,-27.532332],[-54.4244445,-27.5441735],[-54.4485971,-27.5656474],[-54.4441359,-27.5797557],[-54.4926446,-27.6052735],[-54.5471337,-27.6133368],[-54.5666969,-27.6308421],[-54.5827816,-27.6217663],[-54.5651996,-27.6144043],[-54.563578,-27.6025792],[-54.5794751,-27.5999317],[-54.582252,-27.5892853],[-54.5851534,-27.5970163],[-54.6015467,-27.5992519],[-54.5951802,-27.5833171],[-54.5999919,-27.5785694],[-54.5927392,-27.5739217],[-54.6052054,-27.5746499],[-54.6080091,-27.5916381],[-54.6215853,-27.5900686],[-54.6187193,-27.5730276],[-54.6280609,-27.5821695],[-54.6372885,-27.5763435],[-54.6188903,-27.5642575],[-54.6182134,-27.5575477],[-54.6356608,-27.5546925],[-54.6157921,-27.532241],[-54.5861832,-27.4550736],[-54.5733512,-27.4536101],[-54.561367,-27.4624989],[-54.5344168,-27.5056618]]]}},{"type":"Feature","properties":{"level":"municipio","municipality_code":"4313441","municipality_name":"Novo Tiradentes","uf":"RS","state_code":"43","area_km2":75.428},"geometry":{"type":"Polygon","coordinates":[[[-53.161251,-27.5916916],[-53.1909355,-27.5885353],[-53.1971228,-27.6048256],[-53.2271699,-27.5926291],[-53.2309466,-27.5785992],[-53.2201351,-27.5724786],[-53.2277771,-27.561043],[-53.2024125,-27.5493971],[-53.1960874,-27.536611],[-53.168815,-27.5378196],[-53.1846004,-27.523937],[-53.1972208,-27.5234329],[-53.1801055,-27.5092515],[-53.1656659,-27.5086495],[-53.1638336,-27.5178048],[-53.144203,-27.5224924],[-53.1384901,-27.5316793],[-53.1094716,-27.5291504],[-53.1130608,-27.5410593],[-53.1338418,-27.538356],[-53.1113218,-27.5473079],[-53.1244535,-27.5521792],[-53.1352957,-27.5696221],[-53.0960682,-27.5713612],[-53.1087011,-27.579325],[-53.1270197,-27.5778568],[-53.1197434,-27.5920113],[-53.1369279,-27.5955292],[-53.1428974,-27.6047288],[-53.1566668,-27.6034532],[-53.161251,-27.5916916]]]}},{"type":"Feature","properties":{"level":"municipio","municipality_code":"4313466","municipality_name":"Novo Xingu","uf":"RS","state_code":"43","area_km2":79.851},"geometry":{"type":"Polygon","coordinates":[[[-53.0665386,-27.7749396],[-53.0820615,-27.7751955],[-53.0931013,-27.7623091],[-53.1143754,-27.7570468],[-53.1023082,-27.7350264],[-53.067903,-27.7285691],[-53.0863986,-27.7233244],[-53.0943229,-27.7290593],[-53.1127258,-27.7151737],[-53.079448,-27.713712],[-53.085471,-27.6986868],[-53.1008446,-27.7003501],[-53.0956779,-27.6849594],[-53.1044865,-27.6821965],[-53.0948308,-27.6729263],[-53.0750987,-27.6751536],[-53.069336,-27.6928481],[-53.0398347,-27.7050962],[-53.0360751,-27.7266945],[-53.024595,-27.7264145],[-53.0235217,-27.7630632],[-53.0106845,-27.7610253],[-53.0166659,-27.7818077],[-52.9852382,-27.7837303],[-52.9844301,-27.7904894],[-53.0333728,-27.8083402],[-53.0313396,-27.800194],[-53.0395323,-27.7955135],[-53.0314497,-27.7940879],[-53.0577495,-27.7963385],[-53.0665386,-27.7749396]]]}},{"type":"Feature","properties":{"level":"municipio","municipality_code":"4312658","municipality_name":"Não-Me-Toque","uf":"RS","state_code":"43","area_km2":361.689},"geometry":{"type":"Polygon","coordinates":[[[-52.8770473,-28.5228363],[-52.8896053,-28.5250852],[-52.9001685,-28.5461483],[-52.9049517,-28.5321387],[-52.926224,-28.5396193],[-52.9375211,-28.5242161],[-52.9264806,-28.5273979],[-52.9196906,-28.5210406],[-52.9236138,-28.5066124],[-52.9376791,-28.5101806],[-52.9361937,-28.501924],[-52.9457854,-28.4981993],[-52.9427721,-28.4729145],[-52.9349263,-28.4672715],[-52.9427242,-28.4456971],[-52.9332753,-28.4429894],[-52.9358249,-28.4287696],[-52.924447,-28.4205376],[-52.9346679,-28.4038306],[-52.9270617,-28.4007957],[-52.9411648,-28.3804944],[-52.9239174,-28.3729499],[-52.8375976,-28.386333],[-52.81658,-28.3826624],[-52.7985314,-28.3670903],[-52.785788,-28.3735671],[-52.7779508,-28.3681091],[-52.7320705,-28.4276906],[-52.7144727,-28.4288518],[-52.7146848,-28.4431435],[-52.7026631,-28.4446814],[-52.6969968,-28.4561806],[-52.6981357,-28.4622334],[-52.7037079,-28.4564522],[-52.708377,-28.457138],[-52.6982513,-28.463798],[-52.7015993,-28.4686575],[-52.6853033,-28.4667797],[-52.6843198,-28.4752831],[-52.6976842,-28.4803105],[-52.6848718,-28.4857076],[-52.7000364,-28.4860501],[-52.6845818,-28.491716],[-52.6905785,-28.4960962],[-52.6857121,-28.5111967],[-52.7006658,-28.5057082],[-52.7082463,-28.488363],[-52.7126267,-28.4976402],[-52.7193644,-28.4961818],[-52.7141632,-28.5148024],[-52.7230265,-28.5064226],[-52.7290835,-28.5133793],[-52.7179119,-28.5207606],[-52.73119,-28.5260935],[-52.7227024,-28.5366163],[-52.7362382,-28.5424564],[-52.7212657,-28.5509185],[-52.7234843,-28.5563398],[-52.746154,-28.5427558],[-52.7433075,-28.5493452],[-52.7461904,-28.5550402],[-52.7521284,-28.5433991],[-52.7679393,-28.5427522],[-52.7954604,-28.5186752],[-52.8172936,-28.532786],[-52.8301787,-28.5322714],[-52.8406644,-28.5213166],[-52.8523465,-28.5351409],[-52.8770473,-28.5228363]]]}},{"type":"Feature","properties":{"level":"municipio","municipality_code":"4313508","municipality_name":"Osório","uf":"RS","state_code":"43","area_km2":663.878},"geometry":{"type":"Polygon","coordinates":[[[-50.1085632,-29.8845162],[-50.1198829,-29.9021829],[-50.1514111,-29.9138363],[-50.1279081,-29.9467104],[-50.1363585,-29.9503732],[-50.1346883,-29.9585979],[-50.1537571,-29.965451],[-50.1550533,-29.9866497],[-50.1847364,-29.9950441],[-50.2296519,-29.966904],[-50.2544156,-29.992241],[-50.3176066,-30.0323791],[-50.344952,-30.0364895],[-50.3486935,-30.0532433],[-50.3857606,-30.0950872],[-50.4151905,-30.1028254],[-50.4564112,-30.0523139],[-50.4650845,-30.0285536],[-50.4595339,-30.0167597],[-50.3991508,-29.971725],[-50.3860969,-29.8848958],[-50.372637,-29.884052],[-50.3724764,-29.8582687],[-50.3557198,-29.8400084],[-50.3337922,-29.8539717],[-50.3029879,-29.8483061],[-50.2781618,-29.857553],[-50.2761677,-29.8347806],[-50.2537168,-29.8046855],[-50.2559139,-29.7571175],[-50.232269,-29.7483432],[-50.2233433,-29.7259366],[-50.1865417,-29.7423531],[-50.1830412,-29.7771659],[-50.1734885,-29.7936281],[-50.1557031,-29.7946225],[-50.1413356,-29.8142786],[-50.1454704,-29.783343],[-50.1104733,-29.7861687],[-50.1066551,-29.8015478],[-50.1140044,-29.810742],[-50.106041,-29.8237229],[-50.1129787,-29.8324592],[-50.0987687,-29.836766],[-50.1037734,-29.8443833],[-50.0997827,-29.8558812],[-50.0964638,-29.8458374],[-50.0960287,-29.852487],[-50.0636596,-29.8600481],[-50.075267,-29.8844706],[-50.1085632,-29.8845162]]]}},{"type":"Feature","properties":{"level":"municipio","municipality_code":"4313607","municipality_name":"Paim Filho","uf":"RS","state_code":"43","area_km2":181.998},"geometry":{"type":"Polygon","coordinates":[[[-51.7470962,-27.6654976],[-51.7226905,-27.6836427],[-51.7006382,-27.6868983],[-51.7089604,-27.7036763],[-51.6733393,-27.7333086],[-51.7143206,-27.765407],[-51.7160421,-27.8074568],[-51.7449871,-27.7960804],[-51.75244,-27.7830784],[-51.7454832,-27.7747128],[-51.7542525,-27.7674969],[-51.8569487,-27.7501066],[-51.8937221,-27.7003652],[-51.8748806,-27.6902532],[-51.8922198,-27.6792875],[-51.7470962,-27.6654976]]]}},{"type":"Feature","properties":{"level":"municipio","municipality_code":"4313656","municipality_name":"Palmares do Sul","uf":"RS","state_code":"43","area_km2":949.201},"geometry":{"type":"Polygon","coordinates":[[[-50.2519012,-30.3048776],[-50.3342558,-30.500802],[-50.68643,-30.5008003],[-50.7005131,-30.4247626],[-50.7291157,-30.3750293],[-50.7175403,-30.3519864],[-50.6991015,-30.3459903],[-50.6478797,-30.3954653],[-50.6412186,-30.3866997],[-50.6239946,-30.392102],[-50.6379207,-30.3789316],[-50.6305835,-30.36763],[-50.635617,-30.3410031],[-50.6250665,-30.3284101],[-50.6206633,-30.3567733],[-50.5930988,-30.4003422],[-50.6501842,-30.4135717],[-50.6544071,-30.4429618],[-50.6110979,-30.4857109],[-50.5826612,-30.4901355],[-50.5656095,-30.4480128],[-50.5656371,-30.387912],[-50.5453163,-30.3559794],[-50.5462626,-30.3312246],[-50.5557655,-30.3201129],[-50.5377796,-30.2738662],[-50.543539,-30.2382449],[-50.5373269,-30.202943],[-50.5243849,-30.222049],[-50.4770616,-30.2016549],[-50.4472632,-30.1997839],[-50.4373871,-30.2086392],[-50.4122575,-30.2098923],[-50.413696,-30.2205567],[-50.3627573,-30.2055507],[-50.3569144,-30.1967607],[-50.269001,-30.2223871],[-50.2618922,-30.2374826],[-50.2688948,-30.2400302],[-50.2665035,-30.2542768],[-50.2746181,-30.242204],[-50.286171,-30.2449989],[-50.2894871,-30.2599289],[-50.2809501,-30.2717186],[-50.2905399,-30.2867552],[-50.2519012,-30.3048776]]]}},{"type":"Feature","properties":{"level":"municipio","municipality_code":"4313706","municipality_name":"Palmeira das Missões","uf":"RS","state_code":"43","area_km2":1421.101},"geometry":{"type":"Polygon","coordinates":[[[-53.1852963,-27.9094661],[-53.1966324,-27.9335851],[-53.188768,-27.943137],[-53.2113551,-27.9660222],[-53.2053637,-27.988904],[-53.1926304,-27.9937854],[-53.2380379,-28.002982],[-53.2448795,-28.011414],[-53.2352431,-28.031894],[-53.195208,-28.0415881],[-53.1887463,-28.0569299],[-53.2155079,-28.0772783],[-53.2472711,-28.0715929],[-53.2626348,-28.0820547],[-53.3017192,-28.0808993],[-53.2877847,-28.110153],[-53.2733331,-28.1137884],[-53.2484787,-28.1460464],[-53.2600489,-28.169729],[-53.2685917,-28.1630681],[-53.291476,-28.1715573],[-53.3115037,-28.1950905],[-53.3155923,-28.177609],[-53.3318515,-28.1741197],[-53.3353842,-28.16635],[-53.3461951,-28.1701529],[-53.3426353,-28.1591421],[-53.349995,-28.1555337],[-53.3529742,-28.1287462],[-53.4029971,-28.136227],[-53.4058741,-28.1225268],[-53.4176604,-28.1157576],[-53.4117888,-28.0874121],[-53.4357531,-28.0770267],[-53.4694599,-28.0820572],[-53.4679976,-28.0889075],[-53.4877567,-28.1010749],[-53.4879021,-28.122939],[-53.5056105,-28.1392911],[-53.5025319,-28.1481399],[-53.5123673,-28.146127],[-53.5207668,-28.0990601],[-53.5402307,-28.0841651],[-53.5268428,-28.0658814],[-53.5572444,-28.0568917],[-53.5677372,-28.0410249],[-53.585546,-28.0390897],[-53.5679921,-28.0199856],[-53.568104,-28.0013713],[-53.5994576,-27.9811695],[-53.6165685,-27.9841879],[-53.6253161,-27.9661134],[-53.6100078,-27.9588123],[-53.6193383,-27.9593572],[-53.6255567,-27.9477261],[-53.6037172,-27.9224646],[-53.5733002,-27.907243],[-53.5558378,-27.885322],[-53.5498369,-27.8999207],[-53.5165833,-27.8381091],[-53.5239212,-27.8235469],[-53.5118954,-27.8166478],[-53.5279385,-27.8063598],[-53.5250952,-27.7951248],[-53.5363147,-27.793295],[-53.5317941,-27.7805475],[-53.5412428,-27.7831934],[-53.5626607,-27.7632258],[-53.5605452,-27.753812],[-53.5754174,-27.7547792],[-53.5763531,-27.7470299],[-53.5291774,-27.7321501],[-53.4791501,-27.7413104],[-53.4596354,-27.7558283],[-53.4237396,-27.721025],[-53.4341924,-27.7059827],[-53.4205184,-27.6921786],[-53.3918139,-27.6906787],[-53.3999569,-27.7011048],[-53.3940198,-27.7080149],[-53.3985096,-27.7219883],[-53.3877993,-27.727778],[-53.3838128,-27.7416027],[-53.3911514,-27.7434873],[-53.3900565,-27.7705511],[-53.3617444,-27.7738396],[-53.3577202,-27.7836585],[-53.372179,-27.8067958],[-53.3554037,-27.8069007],[-53.3384671,-27.7953467],[-53.3255823,-27.8000455],[-53.3086932,-27.7671474],[-53.2922057,-27.7545752],[-53.2784136,-27.7885157],[-53.2750054,-27.835874],[-53.2577156,-27.8351189],[-53.2028981,-27.8034794],[-53.2032753,-27.8200793],[-53.192337,-27.8294921],[-53.1639236,-27.8311105],[-53.1609053,-27.8208705],[-53.1163671,-27.8316192],[-53.1024183,-27.8574169],[-53.1181756,-27.8467375],[-53.1162627,-27.8542679],[-53.1317758,-27.8593553],[-53.1188262,-27.862961],[-53.1222992,-27.8752629],[-53.1386828,-27.8675223],[-53.1324156,-27.8873937],[-53.1374826,-27.8796962],[-53.1540571,-27.8832674],[-53.1449806,-27.8931154],[-53.1544813,-27.8934988],[-53.1521085,-27.9003049],[-53.1628906,-27.8968752],[-53.1598118,-27.9074137],[-53.1852963,-27.9094661]]]}},{"type":"Feature","properties":{"level":"municipio","municipality_code":"4313805","municipality_name":"Palmitinho","uf":"RS","state_code":"43","area_km2":144.181},"geometry":{"type":"Polygon","coordinates":[[[-53.5664131,-27.3907677],[-53.5870518,-27.3795708],[-53.5901797,-27.3926724],[-53.6035016,-27.388758],[-53.5992398,-27.3730818],[-53.6075803,-27.3692027],[-53.6191027,-27.3921179],[-53.6278753,-27.3551078],[-53.6482919,-27.3582321],[-53.6367314,-27.3461863],[-53.6563194,-27.3368704],[-53.6385017,-27.3289304],[-53.6634879,-27.30996],[-53.6452944,-27.2938653],[-53.6650872,-27.2850255],[-53.6463228,-27.2814379],[-53.6435822,-27.2685366],[-53.6517742,-27.2631497],[-53.6396232,-27.2612167],[-53.6317086,-27.2758095],[-53.6133778,-27.2850625],[-53.5814307,-27.2672228],[-53.5845068,-27.2624894],[-53.5614156,-27.2451298],[-53.5543918,-27.2527585],[-53.5602069,-27.2580909],[-53.5565601,-27.2688363],[-53.5425231,-27.2824081],[-53.5495388,-27.2959031],[-53.5416745,-27.3035568],[-53.5448584,-27.3217542],[-53.5123621,-27.3697416],[-53.53704,-27.3927082],[-53.5664131,-27.3907677]]]}},{"type":"Feature","properties":{"level":"municipio","municipality_code":"4313904","municipality_name":"Panambi","uf":"RS","state_code":"43","area_km2":491.57},"geometry":{"type":"Polygon","coordinates":[[[-53.4834718,-28.3905526],[-53.511469,-28.3967385],[-53.5105231,-28.3850959],[-53.5207055,-28.3750249],[-53.5249983,-28.3838415],[-53.5307293,-28.3746425],[-53.5406333,-28.3813432],[-53.5448694,-28.3692558],[-53.5530585,-28.3878609],[-53.5435598,-28.4094295],[-53.5887476,-28.3815437],[-53.6110157,-28.3808507],[-53.6184486,-28.3648889],[-53.6111683,-28.3566999],[-53.6221944,-28.354159],[-53.6249744,-28.3616261],[-53.6442011,-28.3295353],[-53.6569226,-28.3265761],[-53.653837,-28.3185266],[-53.6624211,-28.3241098],[-53.6595344,-28.3105164],[-53.6695139,-28.3075578],[-53.668844,-28.3001348],[-53.6894282,-28.3000982],[-53.6848812,-28.2941993],[-53.6934872,-28.2880761],[-53.7007226,-28.2992843],[-53.7104974,-28.2994966],[-53.7220191,-28.2858297],[-53.7102792,-28.2886798],[-53.7031064,-28.2780412],[-53.6939099,-28.2867504],[-53.6907003,-28.2684322],[-53.6802171,-28.2866487],[-53.6697451,-28.2607529],[-53.6729571,-28.271141],[-53.6595554,-28.2815568],[-53.6575602,-28.264279],[-53.6443821,-28.2733565],[-53.640887,-28.2577305],[-53.6394506,-28.2699832],[-53.6265569,-28.2734038],[-53.6355028,-28.259143],[-53.6288694,-28.2560091],[-53.6245994,-28.264537],[-53.6095285,-28.248652],[-53.5971278,-28.2538056],[-53.5929276,-28.236358],[-53.5821592,-28.2492201],[-53.5709174,-28.2406584],[-53.5645887,-28.2527957],[-53.5603536,-28.2417575],[-53.5443838,-28.24443],[-53.5549324,-28.2388608],[-53.5373434,-28.2248301],[-53.5265707,-28.2339315],[-53.5289342,-28.2260293],[-53.5200243,-28.2184579],[-53.5155107,-28.2293634],[-53.5138349,-28.2200401],[-53.4954603,-28.2294113],[-53.4976116,-28.2256789],[-53.4964015,-28.2228149],[-53.4878144,-28.2341997],[-53.4732224,-28.2272205],[-53.4654266,-28.2328071],[-53.4658143,-28.2452303],[-53.4549198,-28.2343162],[-53.4451903,-28.2459227],[-53.433562,-28.2375129],[-53.4285361,-28.2425997],[-53.4164941,-28.2376784],[-53.4142686,-28.2456418],[-53.4021394,-28.2398712],[-53.3731669,-28.3867511],[-53.4064284,-28.4119025],[-53.4173518,-28.4101241],[-53.4103165,-28.4309029],[-53.4148803,-28.4443065],[-53.429313,-28.4493332],[-53.4602694,-28.4913194],[-53.4946828,-28.4768859],[-53.4754776,-28.4139076],[-53.4834718,-28.3905526]]]}},{"type":"Feature","properties":{"level":"municipio","municipality_code":"4313953","municipality_name":"Pantano Grande","uf":"RS","state_code":"43","area_km2":841.225},"geometry":{"type":"Polygon","coordinates":[[[-52.3143037,-30.3434128],[-52.3241391,-30.3562969],[-52.3512408,-30.3579861],[-52.4022148,-30.380796],[-52.4143643,-30.3756121],[-52.4189032,-30.362983],[-52.5044448,-30.3591932],[-52.5074442,-30.3048067],[-52.5203617,-30.2793094],[-52.5355448,-30.2694246],[-52.5358302,-30.1968989],[-52.5520962,-30.1897937],[-52.5579592,-30.1721362],[-52.543956,-30.1550893],[-52.543716,-30.1413231],[-52.5200662,-30.1181307],[-52.5246641,-30.1014623],[-52.5093219,-30.0937734],[-52.5070983,-30.1078706],[-52.4949381,-30.1121955],[-52.4751516,-30.1053815],[-52.4912289,-30.0963927],[-52.4890912,-30.0908276],[-52.436878,-30.091229],[-52.4188663,-30.0787953],[-52.4094019,-30.0869427],[-52.3924632,-30.0819818],[-52.3725944,-30.1140895],[-52.3773292,-30.1278777],[-52.3510317,-30.1417533],[-52.3345152,-30.164901],[-52.327529,-30.1434871],[-52.2844305,-30.137049],[-52.2565144,-30.1420656],[-52.2942835,-30.1563099],[-52.2940765,-30.1697199],[-52.277833,-30.1830485],[-52.2857535,-30.2185073],[-52.2729866,-30.2424457],[-52.2778242,-30.2635471],[-52.2597242,-30.2706012],[-52.2436594,-30.2621502],[-52.2349818,-30.2670677],[-52.2244487,-30.2558895],[-52.2097606,-30.2595991],[-52.2032251,-30.2760106],[-52.1858135,-30.2883251],[-52.1739642,-30.3262483],[-52.1586984,-30.325808],[-52.1535283,-30.3345847],[-52.1802551,-30.3914135],[-52.1735576,-30.4214769],[-52.1587231,-30.4427263],[-52.2191392,-30.44614],[-52.2339277,-30.435987],[-52.2328537,-30.4269578],[-52.2521503,-30.4179539],[-52.2637811,-30.3946386],[-52.2636806,-30.3734936],[-52.2848416,-30.3615583],[-52.2996091,-30.3340056],[-52.3042555,-30.3444084],[-52.3143037,-30.3434128]]]}},{"type":"Feature","properties":{"level":"municipio","municipality_code":"4314001","municipality_name":"Paraí","uf":"RS","state_code":"43","area_km2":121.745},"geometry":{"type":"Polygon","coordinates":[[[-51.7207452,-28.6119698],[-51.740281,-28.6329866],[-51.7803831,-28.630596],[-51.7990746,-28.6529097],[-51.8187282,-28.6498835],[-51.8313146,-28.6584396],[-51.8631325,-28.6354598],[-51.848377,-28.6086805],[-51.8667008,-28.6137579],[-51.8715599,-28.5942007],[-51.857603,-28.5973043],[-51.8375722,-28.5856774],[-51.8405287,-28.5776848],[-51.8267723,-28.5786781],[-51.8286416,-28.5653852],[-51.8199276,-28.5679394],[-51.8085914,-28.5583174],[-51.8141542,-28.5516726],[-51.7979453,-28.5316991],[-51.7833008,-28.5521881],[-51.7536322,-28.5609632],[-51.7405568,-28.5485414],[-51.7335345,-28.5557183],[-51.7282021,-28.5749843],[-51.7079616,-28.5924145],[-51.7047138,-28.6093412],[-51.7207452,-28.6119698]]]}},{"type":"Feature","properties":{"level":"municipio","municipality_code":"4314027","municipality_name":"Paraíso do Sul","uf":"RS","state_code":"43","area_km2":337.534},"geometry":{"type":"Polygon","coordinates":[[[-53.1739124,-29.7656604],[-53.2068178,-29.7612332],[-53.2208315,-29.7305777],[-53.2099463,-29.719587],[-53.2133024,-29.7015371],[-53.2041315,-29.6932606],[-53.2038592,-29.6694707],[-53.1875615,-29.6696622],[-53.1868337,-29.6319608],[-53.1540954,-29.6325788],[-53.1505293,-29.612561],[-53.1366714,-29.6082199],[-53.1365262,-29.5590715],[-53.0728865,-29.5594636],[-53.0548151,-29.5761846],[-53.0612523,-29.6048406],[-53.0443628,-29.6338105],[-53.0557318,-29.6545103],[-53.0431283,-29.6574367],[-53.047125,-29.6656153],[-53.041078,-29.6731464],[-53.0684774,-29.7278099],[-53.0556726,-29.7686381],[-53.0664328,-29.7878311],[-53.0900381,-29.7978363],[-53.0999764,-29.8457446],[-53.1095,-29.8521836],[-53.1200569,-29.8350416],[-53.1602787,-29.8141808],[-53.1611368,-29.7801592],[-53.1739124,-29.7656604]]]}},{"type":"Feature","properties":{"level":"municipio","municipality_code":"4314035","municipality_name":"Pareci Novo","uf":"RS","state_code":"43","area_km2":57.485},"geometry":{"type":"Polygon","coordinates":[[[-51.3866476,-29.5836412],[-51.3779063,-29.6299282],[-51.390106,-29.6327291],[-51.3923941,-29.6560088],[-51.4162522,-29.6618639],[-51.4280737,-29.653114],[-51.4281677,-29.6342436],[-51.467464,-29.6211807],[-51.4592385,-29.6092747],[-51.4697807,-29.5830394],[-51.4603604,-29.5658006],[-51.4419813,-29.5634522],[-51.4421719,-29.5711901],[-51.4224691,-29.5729175],[-51.428909,-29.5798262],[-51.4240393,-29.5883028],[-51.4067432,-29.5907106],[-51.4138681,-29.5760652],[-51.3866476,-29.5836412]]]}},{"type":"Feature","properties":{"level":"municipio","municipality_code":"4314050","municipality_name":"Parobé","uf":"RS","state_code":"43","area_km2":108.56},"geometry":{"type":"Polygon","coordinates":[[[-50.8233892,-29.6042277],[-50.8158193,-29.5984312],[-50.8057928,-29.6165283],[-50.8109933,-29.625978],[-50.8007605,-29.6434638],[-50.8072683,-29.6521585],[-50.7963049,-29.6737206],[-50.8061788,-29.6838661],[-50.8276256,-29.6877565],[-50.8214851,-29.6904036],[-50.8334434,-29.6983159],[-50.8397272,-29.7247496],[-50.8553682,-29.7172185],[-50.8553602,-29.7278043],[-50.8708261,-29.7296014],[-50.8787673,-29.712363],[-50.8717084,-29.6930508],[-50.8977342,-29.6976784],[-50.9228142,-29.6876862],[-50.914249,-29.6767134],[-50.9290121,-29.6713429],[-50.9074435,-29.6495245],[-50.906014,-29.6313786],[-50.8804816,-29.6367218],[-50.859416,-29.6079112],[-50.8566351,-29.5851431],[-50.8233892,-29.6042277]]]}},{"type":"Feature","properties":{"level":"municipio","municipality_code":"4314068","municipality_name":"Passa Sete","uf":"RS","state_code":"43","area_km2":304.299},"geometry":{"type":"Polygon","coordinates":[[[-52.7796084,-29.449978],[-52.8012389,-29.5027126],[-52.8490338,-29.5115512],[-52.8868141,-29.5089275],[-52.8969966,-29.5169463],[-52.9232404,-29.5148439],[-52.9323898,-29.5234445],[-52.9336122,-29.5168783],[-52.9508237,-29.5199119],[-52.9729615,-29.5098695],[-52.9734776,-29.4933811],[-53.0144389,-29.4639838],[-53.012527,-29.4536296],[-52.9904777,-29.4350212],[-52.9824589,-29.4379493],[-52.9660737,-29.4262314],[-52.9625851,-29.4108319],[-52.9371538,-29.4100538],[-52.9385934,-29.3949329],[-52.8507558,-29.3863352],[-52.851471,-29.3780844],[-52.8348257,-29.3611347],[-52.8152317,-29.3661373],[-52.8138864,-29.3482625],[-52.8251281,-29.3303301],[-52.8162135,-29.3158463],[-52.7497102,-29.3727929],[-52.7649689,-29.3977294],[-52.7566751,-29.4068544],[-52.7685238,-29.412279],[-52.7596862,-29.4178325],[-52.7700682,-29.4234986],[-52.7707223,-29.4475947],[-52.7796084,-29.449978]]]}},{"type":"Feature","properties":{"level":"municipio","municipality_code":"4314100","municipality_name":"Passo Fundo","uf":"RS","state_code":"43","area_km2":784.406},"geometry":{"type":"Polygon","coordinates":[[[-52.2643126,-28.2496485],[-52.3050875,-28.30167],[-52.2791589,-28.3239227],[-52.2465017,-28.3290781],[-52.2137272,-28.3527941],[-52.2167143,-28.3642877],[-52.2349995,-28.3605338],[-52.2509574,-28.3686642],[-52.2508638,-28.3871774],[-52.2712846,-28.3846667],[-52.2587373,-28.3658888],[-52.2820203,-28.3349381],[-52.3089263,-28.346896],[-52.3096,-28.3610935],[-52.2914893,-28.3794682],[-52.3063707,-28.3959242],[-52.338012,-28.3975297],[-52.3466204,-28.3864005],[-52.3728478,-28.3768532],[-52.3837595,-28.3812681],[-52.3859771,-28.3912132],[-52.3953775,-28.3861352],[-52.4211569,-28.4047972],[-52.4377149,-28.3963023],[-52.4412253,-28.4059313],[-52.461519,-28.3798349],[-52.5068011,-28.4122509],[-52.5151352,-28.3501757],[-52.5501855,-28.3352674],[-52.5587801,-28.3200116],[-52.6007339,-28.3326843],[-52.5935281,-28.3039572],[-52.6105892,-28.2955381],[-52.6183163,-28.3036752],[-52.6320358,-28.2957135],[-52.6367865,-28.3009359],[-52.6514874,-28.2787039],[-52.6771235,-28.2687687],[-52.6708818,-28.261358],[-52.6489815,-28.2661333],[-52.6470113,-28.2580635],[-52.6283969,-28.2505432],[-52.6267773,-28.2399],[-52.6023111,-28.2271118],[-52.6117157,-28.1985593],[-52.6174598,-28.2040748],[-52.6377057,-28.1912807],[-52.6319766,-28.1687973],[-52.6192293,-28.1559168],[-52.5973998,-28.1508396],[-52.5711825,-28.1236285],[-52.5426198,-28.1272583],[-52.5303312,-28.138449],[-52.4873885,-28.1201572],[-52.4786806,-28.1253942],[-52.4864145,-28.1386678],[-52.4620217,-28.1689825],[-52.4107298,-28.1748763],[-52.3978913,-28.188719],[-52.3743996,-28.1861967],[-52.3359709,-28.200633],[-52.3033938,-28.1915935],[-52.2885086,-28.2040523],[-52.2893204,-28.2312811],[-52.2757257,-28.2286704],[-52.2643126,-28.2496485]]]}},{"type":"Feature","properties":{"level":"municipio","municipality_code":"4314076","municipality_name":"Passo do Sobrado","uf":"RS","state_code":"43","area_km2":265.133},"geometry":{"type":"Polygon","coordinates":[[[-52.2924309,-29.6769568],[-52.2601,-29.7023803],[-52.2438553,-29.6969555],[-52.2204637,-29.6701748],[-52.1888377,-29.6681285],[-52.1703237,-29.6781922],[-52.1566822,-29.7053461],[-52.1203715,-29.7237811],[-52.1359318,-29.734067],[-52.1418867,-29.7531752],[-52.1792771,-29.7680432],[-52.1856379,-29.7576135],[-52.2326122,-29.7754008],[-52.2125736,-29.7897506],[-52.204266,-29.8096458],[-52.1780222,-29.8266896],[-52.2536221,-29.8503446],[-52.2738603,-29.8684991],[-52.3063645,-29.8724871],[-52.3200497,-29.8098266],[-52.3044961,-29.8087425],[-52.3072284,-29.7918491],[-52.3175794,-29.7831784],[-52.3191343,-29.7617133],[-52.328405,-29.7559032],[-52.3226902,-29.7484387],[-52.3350014,-29.7269425],[-52.3144016,-29.7076585],[-52.3188708,-29.6843608],[-52.3118571,-29.6781045],[-52.2924309,-29.6769568]]]}},{"type":"Feature","properties":{"level":"municipio","municipality_code":"4314134","municipality_name":"Paulo Bento","uf":"RS","state_code":"43","area_km2":149.669},"geometry":{"type":"Polygon","coordinates":[[[-52.447256,-27.6627539],[-52.321595,-27.6609352],[-52.3212058,-27.7055272],[-52.306926,-27.6994506],[-52.3328199,-27.7503502],[-52.3689584,-27.7518531],[-52.398423,-27.7778064],[-52.3994803,-27.7707692],[-52.4219887,-27.7665852],[-52.4189459,-27.7567887],[-52.4289245,-27.7559142],[-52.433097,-27.7383751],[-52.4592754,-27.7327171],[-52.466985,-27.7380795],[-52.4846898,-27.7245024],[-52.4782676,-27.6822238],[-52.4579603,-27.6828326],[-52.447256,-27.6627539]]]}},{"type":"Feature","properties":{"level":"municipio","municipality_code":"4314159","municipality_name":"Paverama","uf":"RS","state_code":"43","area_km2":171.863},"geometry":{"type":"Polygon","coordinates":[[[-51.6649968,-29.5007743],[-51.6627373,-29.5901039],[-51.6380618,-29.6289268],[-51.6505637,-29.642506],[-51.66372,-29.6438187],[-51.679183,-29.6144687],[-51.6996513,-29.6001449],[-51.7105441,-29.6034867],[-51.7055037,-29.6144032],[-51.7510982,-29.6285796],[-51.7605774,-29.6492403],[-51.7763614,-29.6208115],[-51.7986866,-29.6141991],[-51.7960125,-29.5674581],[-51.8170454,-29.5339716],[-51.8114351,-29.5197037],[-51.732728,-29.5235328],[-51.7312047,-29.5076054],[-51.6909788,-29.5082913],[-51.6907733,-29.5007596],[-51.6649968,-29.5007743]]]}},{"type":"Feature","properties":{"level":"municipio","municipality_code":"4314175","municipality_name":"Pedras Altas","uf":"RS","state_code":"43","area_km2":1373.985},"geometry":{"type":"Polygon","coordinates":[[[-53.7993233,-31.7610519],[-53.7631373,-31.7384994],[-53.7703731,-31.7292407],[-53.7626106,-31.7141429],[-53.7772232,-31.7002158],[-53.7692858,-31.6914942],[-53.7718676,-31.6506282],[-53.7612577,-31.6441893],[-53.7574448,-31.6502219],[-53.7180427,-31.6452592],[-53.7017928,-31.6505027],[-53.7074644,-31.6291091],[-53.6873671,-31.6188939],[-53.6862091,-31.5952377],[-53.6687652,-31.5914374],[-53.6447174,-31.604936],[-53.6168296,-31.6088759],[-53.6048865,-31.6355509],[-53.5760105,-31.6334697],[-53.518034,-31.6526055],[-53.4958018,-31.685031],[-53.5016394,-31.6941365],[-53.4995415,-31.7508831],[-53.4882545,-31.7624007],[-53.4775833,-31.7585255],[-53.4821304,-31.7685842],[-53.4606627,-31.7853378],[-53.4650341,-31.790255],[-53.4520735,-31.8035857],[-53.443387,-31.8309735],[-53.4482616,-31.845045],[-53.4517407,-31.8330341],[-53.4610931,-31.8418322],[-53.4722496,-31.8681504],[-53.5581777,-31.9235394],[-53.5854778,-31.9224058],[-53.5844043,-31.915301],[-53.5970208,-31.9075631],[-53.60026,-31.9279084],[-53.588869,-31.9419514],[-53.592226,-31.951168],[-53.6104281,-31.9544318],[-53.6169051,-31.9688374],[-53.6337581,-31.9598152],[-53.6427955,-31.9695818],[-53.6352893,-31.9815857],[-53.6743091,-31.9909877],[-53.7019147,-31.9837776],[-53.7152158,-32.0022011],[-53.7106418,-32.0229019],[-53.7189858,-32.0319352],[-53.7191443,-32.0679887],[-53.7030572,-32.078373],[-53.7143378,-32.1013183],[-53.7453664,-32.0914399],[-53.7458264,-32.0780937],[-53.8039971,-32.0707285],[-53.8142214,-32.0593529],[-53.8275899,-32.0594097],[-53.8427256,-32.0388886],[-53.8376176,-32.0333952],[-53.8526175,-32.0296764],[-53.8497579,-32.0005878],[-53.8640698,-31.9929062],[-53.8716824,-31.9990854],[-53.8921252,-31.9953876],[-53.9132435,-31.9656762],[-53.9475107,-31.9546349],[-53.9543615,-31.9310127],[-53.9526949,-31.9188376],[-53.9321041,-31.9052837],[-53.9315306,-31.8746443],[-53.9126891,-31.8522298],[-53.889122,-31.8503949],[-53.883281,-31.86154],[-53.8672542,-31.8364568],[-53.8461645,-31.8247424],[-53.8326643,-31.8264551],[-53.8005698,-31.789123],[-53.7993233,-31.7610519]]]}},{"type":"Feature","properties":{"level":"municipio","municipality_code":"4314209","municipality_name":"Pedro Osório","uf":"RS","state_code":"43","area_km2":603.757},"geometry":{"type":"Polygon","coordinates":[[[-52.8568339,-32.0448541],[-52.8846811,-32.0442433],[-52.924614,-32.0299111],[-52.9721257,-32.0327453],[-52.9941745,-32.025084],[-53.0087574,-32.030397],[-53.0280648,-32.0213366],[-53.0415057,-32.0024038],[-53.1243054,-32.0026417],[-53.1245545,-31.9963926],[-53.1011178,-31.9807316],[-53.1000911,-31.9603679],[-53.0524427,-31.927708],[-53.0459721,-31.9152263],[-52.9611036,-31.9040078],[-52.9293222,-31.8862676],[-52.8842917,-31.8897407],[-52.8736202,-31.8745729],[-52.8300178,-31.8571694],[-52.7736059,-31.8733411],[-52.7076207,-31.8698562],[-52.6696445,-31.8905091],[-52.6627606,-31.9006873],[-52.7813796,-32.0635387],[-52.7855033,-32.0810966],[-52.7777122,-32.0983773],[-52.7922676,-32.1052399],[-52.8045584,-32.0711614],[-52.8241156,-32.0565985],[-52.8503683,-32.0540508],[-52.8568339,-32.0448541]]]}},{"type":"Feature","properties":{"level":"municipio","municipality_code":"4314308","municipality_name":"Pejuçara","uf":"RS","state_code":"43","area_km2":414.106},"geometry":{"type":"Polygon","coordinates":[[[-53.6101618,-28.5261622],[-53.6542429,-28.5025907],[-53.6678478,-28.5126032],[-53.6697831,-28.4972235],[-53.6757579,-28.5035813],[-53.6929022,-28.4826253],[-53.7252562,-28.4831394],[-53.7270102,-28.4699163],[-53.7378993,-28.4695587],[-53.7510947,-28.4569006],[-53.7485962,-28.4504431],[-53.7615296,-28.4487549],[-53.7488225,-28.4201128],[-53.7429854,-28.4259129],[-53.7142325,-28.4038188],[-53.6840546,-28.3933281],[-53.6594871,-28.3194039],[-53.6438219,-28.3299581],[-53.6249744,-28.3616261],[-53.6221944,-28.354159],[-53.6111683,-28.3566999],[-53.6184486,-28.3648889],[-53.6123406,-28.380075],[-53.5887476,-28.3815437],[-53.5436862,-28.4093881],[-53.5530585,-28.3878609],[-53.5448694,-28.3692558],[-53.5406333,-28.3813432],[-53.5307293,-28.3746425],[-53.5249983,-28.3838415],[-53.5207055,-28.3750249],[-53.5105231,-28.3850959],[-53.511469,-28.3967385],[-53.4820671,-28.3920663],[-53.4754776,-28.4139076],[-53.4946828,-28.4768859],[-53.4602694,-28.4913194],[-53.4490376,-28.5105696],[-53.4631931,-28.52731],[-53.4579012,-28.5517264],[-53.473657,-28.5538921],[-53.4851338,-28.5668622],[-53.512886,-28.5706259],[-53.5251728,-28.5491786],[-53.5211471,-28.5340101],[-53.5499712,-28.5484298],[-53.570343,-28.5221356],[-53.575889,-28.5302897],[-53.6065269,-28.5207],[-53.6101618,-28.5261622]]]}},{"type":"Feature","properties":{"level":"municipio","municipality_code":"4314407","municipality_name":"Pelotas","uf":"RS","state_code":"43","area_km2":1608.78},"geometry":{"type":"Polygon","coordinates":[[[-52.2257675,-31.7518981],[-52.2235517,-31.7889463],[-52.3020142,-31.7735672],[-52.3414057,-31.785819],[-52.3545335,-31.7987036],[-52.3728714,-31.8000883],[-52.3678767,-31.7875861],[-52.3897012,-31.7826034],[-52.4297117,-31.7233895],[-52.4705349,-31.7188578],[-52.4760533,-31.7085469],[-52.5242612,-31.7046557],[-52.5344778,-31.6888282],[-52.5491357,-31.6911256],[-52.5792505,-31.6819223],[-52.5659632,-31.6842327],[-52.5523055,-31.673732],[-52.5697566,-31.6657644],[-52.5832674,-31.6311664],[-52.5722005,-31.6201437],[-52.5891786,-31.6084302],[-52.5717244,-31.5760014],[-52.5469042,-31.562052],[-52.6121574,-31.5040459],[-52.5010095,-31.3281765],[-52.4718929,-31.3233849],[-52.4226642,-31.3363295],[-52.3995962,-31.3570521],[-52.3855886,-31.3516646],[-52.2930275,-31.3680497],[-52.2899242,-31.3827921],[-52.2773651,-31.390497],[-52.2859531,-31.4002595],[-52.2784654,-31.4057409],[-52.284639,-31.4200004],[-52.2790893,-31.4266943],[-52.3087048,-31.4404015],[-52.3006736,-31.4905396],[-52.2954192,-31.4758377],[-52.2435993,-31.4465698],[-52.2276433,-31.4472509],[-52.208702,-31.4593786],[-52.2134786,-31.4803646],[-52.1839714,-31.4839377],[-52.1690014,-31.4991316],[-52.1770107,-31.5148044],[-52.1647823,-31.5180262],[-52.1618048,-31.5319342],[-52.1466703,-31.5432987],[-52.1380291,-31.5422571],[-52.1304886,-31.5551104],[-52.1376066,-31.5561583],[-52.1356276,-31.5634465],[-52.1144505,-31.5585889],[-52.1050159,-31.564377],[-52.1110711,-31.5544094],[-52.0883384,-31.5498546],[-52.0398674,-31.5599804],[-52.0367836,-31.5696961],[-52.0476425,-31.5725835],[-52.0385119,-31.5771197],[-52.0392722,-31.5928343],[-52.0269731,-31.5877852],[-52.0099329,-31.5976409],[-52.0326834,-31.6952113],[-52.067915,-31.6772022],[-52.1274348,-31.6901372],[-52.1929286,-31.7225792],[-52.2257675,-31.7518981]],[[-52.3556604,-31.367278],[-52.354866,-31.3751947],[-52.3785576,-31.3918479],[-52.4053941,-31.3917859],[-52.4198222,-31.3766961],[-52.422826,-31.3909501],[-52.4358371,-31.3954924],[-52.4461248,-31.4172526],[-52.4639278,-31.4274813],[-52.4822263,-31.426687],[-52.4916443,-31.4577512],[-52.442619,-31.4503611],[-52.4327207,-31.4786118],[-52.4144736,-31.4897817],[-52.4105555,-31.5061558],[-52.4024423,-31.4945715],[-52.377037,-31.5074959],[-52.3497863,-31.5059637],[-52.3431565,-31.4624866],[-52.3547192,-31.4481276],[-52.3349343,-31.4378004],[-52.3533735,-31.4329216],[-52.353583,-31.4257501],[-52.3510287,-31.4150493],[-52.3339531,-31.4073217],[-52.3428567,-31.3994674],[-52.3460518,-31.3725559],[-52.3556604,-31.367278]]]}},{"type":"Feature","properties":{"level":"municipio","municipality_code":"4314423","municipality_name":"Picada Café","uf":"RS","state_code":"43","area_km2":84.28},"geometry":{"type":"Polygon","coordinates":[[[-51.0510223,-29.4507093],[-51.0424999,-29.439441],[-51.0084021,-29.4458999],[-51.0124564,-29.4760402],[-51.0775516,-29.465168],[-51.0788036,-29.4800478],[-51.1061263,-29.4769496],[-51.112469,-29.5107431],[-51.1464332,-29.505839],[-51.1443794,-29.4975319],[-51.1642146,-29.4989306],[-51.1799392,-29.4900641],[-51.1736639,-29.4854895],[-51.1689989,-29.4394358],[-51.1342934,-29.437256],[-51.12755,-29.3984733],[-51.0967555,-29.4094857],[-51.1024812,-29.4393857],[-51.0860056,-29.4430015],[-51.0875013,-29.4503018],[-51.0510223,-29.4507093]]]}},{"type":"Feature","properties":{"level":"municipio","municipality_code":"4314456","municipality_name":"Pinhal","uf":"RS","state_code":"43","area_km2":68.222},"geometry":{"type":"Polygon","coordinates":[[[-53.1972208,-27.5234329],[-53.1846004,-27.523937],[-53.168815,-27.5378196],[-53.1960874,-27.536611],[-53.2024125,-27.5493971],[-53.2277771,-27.561043],[-53.2201351,-27.5724786],[-53.2426382,-27.5868128],[-53.2562008,-27.5847565],[-53.2702269,-27.5246338],[-53.2830115,-27.5107737],[-53.2801252,-27.4842943],[-53.2625013,-27.4862261],[-53.2439738,-27.5027262],[-53.2123033,-27.4923355],[-53.2138704,-27.485266],[-53.188351,-27.4942517],[-53.1972208,-27.5234329]]]}},{"type":"Feature","properties":{"level":"municipio","municipality_code":"4314472","municipality_name":"Pinhal Grande","uf":"RS","state_code":"43","area_km2":478.11},"geometry":{"type":"Polygon","coordinates":[[[-53.2229112,-29.3755809],[-53.2273119,-29.4030226],[-53.2382415,-29.4119081],[-53.3126562,-29.437531],[-53.3204576,-29.4257213],[-53.3295792,-29.4272446],[-53.3271468,-29.4141766],[-53.3354021,-29.4123593],[-53.3469031,-29.3770146],[-53.3588258,-29.3716133],[-53.3645581,-29.3551076],[-53.4170519,-29.3519144],[-53.4374242,-29.3410586],[-53.4676096,-29.3072151],[-53.4417785,-29.2802861],[-53.445889,-29.2637042],[-53.4668246,-29.2477951],[-53.4568184,-29.200289],[-53.4468791,-29.2031147],[-53.4472134,-29.1907646],[-53.4339868,-29.1819277],[-53.4094473,-29.1939119],[-53.3915178,-29.1792578],[-53.387037,-29.1875637],[-53.374438,-29.1785267],[-53.357739,-29.1789568],[-53.3595146,-29.1910818],[-53.3473608,-29.1914985],[-53.3471219,-29.1827993],[-53.338162,-29.1799783],[-53.3440698,-29.1749166],[-53.3349062,-29.1786699],[-53.3291922,-29.1691041],[-53.2991513,-29.181442],[-53.3066483,-29.1910633],[-53.2914053,-29.1885044],[-53.282725,-29.204026],[-53.2690912,-29.1904238],[-53.2603154,-29.1971433],[-53.2454998,-29.1936209],[-53.2493802,-29.2384633],[-53.2327411,-29.2453666],[-53.2375817,-29.2568499],[-53.22705,-29.2545496],[-53.2089973,-29.2667147],[-53.2227321,-29.2740032],[-53.2390573,-29.2634317],[-53.2376583,-29.283821],[-53.2475259,-29.2880917],[-53.2300005,-29.3092301],[-53.2363007,-29.3181358],[-53.2284988,-29.3275818],[-53.2418089,-29.3360914],[-53.231408,-29.343792],[-53.2229112,-29.3755809]]]}},{"type":"Feature","properties":{"level":"municipio","municipality_code":"4314464","municipality_name":"Pinhal da Serra","uf":"RS","state_code":"43","area_km2":438.11},"geometry":{"type":"Polygon","coordinates":[[[-51.1313732,-27.8294252],[-51.0996198,-27.8273668],[-51.0822299,-27.8339264],[-51.0785938,-27.8615977],[-51.0536194,-27.8684124],[-51.0566659,-27.8867544],[-51.0718293,-27.8840457],[-51.0716365,-27.9026305],[-51.1083862,-27.9132095],[-51.1015166,-27.9187921],[-51.113189,-27.936389],[-51.1361233,-27.9330522],[-51.1667838,-27.9579114],[-51.2019956,-27.9602527],[-51.2136058,-27.9842702],[-51.2187197,-27.9771847],[-51.2398837,-27.979526],[-51.2633506,-27.9405259],[-51.2519841,-27.9030034],[-51.2613772,-27.9025941],[-51.2595625,-27.8913523],[-51.2725101,-27.8781017],[-51.2668624,-27.8604273],[-51.2772617,-27.8425317],[-51.2919731,-27.8659002],[-51.3252164,-27.8758093],[-51.3539394,-27.8715012],[-51.3572768,-27.860504],[-51.3830667,-27.846149],[-51.3709645,-27.8429871],[-51.3783367,-27.8250785],[-51.3667621,-27.8179917],[-51.3634335,-27.7984841],[-51.3501399,-27.8079307],[-51.3550834,-27.7911531],[-51.3313332,-27.7877861],[-51.3376457,-27.766544],[-51.3288743,-27.7615018],[-51.3356211,-27.752633],[-51.3122549,-27.7535901],[-51.3150496,-27.7385433],[-51.3075034,-27.7543984],[-51.2980606,-27.7514255],[-51.3037822,-27.736131],[-51.3130692,-27.7365085],[-51.304154,-27.7289391],[-51.3088053,-27.7194627],[-51.276128,-27.7240242],[-51.2740998,-27.7499132],[-51.2468626,-27.7596338],[-51.240126,-27.7790226],[-51.2223134,-27.7698218],[-51.1924243,-27.7758785],[-51.1577918,-27.8028892],[-51.1346065,-27.8036571],[-51.1313732,-27.8294252]]]}},{"type":"Feature","properties":{"level":"municipio","municipality_code":"4314498","municipality_name":"Pinheirinho do Vale","uf":"RS","state_code":"43","area_km2":105.385},"geometry":{"type":"Polygon","coordinates":[[[-53.6411604,-27.2569632],[-53.6612105,-27.2469881],[-53.6658664,-27.2579222],[-53.6753909,-27.2312796],[-53.6928832,-27.2209222],[-53.6863578,-27.2102267],[-53.7090215,-27.2147418],[-53.7016034,-27.1962231],[-53.7176953,-27.1825018],[-53.6862191,-27.1636015],[-53.6677923,-27.1620195],[-53.6501258,-27.1788221],[-53.6475049,-27.2189003],[-53.6335771,-27.2161474],[-53.619048,-27.1880029],[-53.6079082,-27.1866912],[-53.5991736,-27.1956367],[-53.5860309,-27.1952082],[-53.5800848,-27.2104118],[-53.5758412,-27.2032492],[-53.553331,-27.2398727],[-53.6133778,-27.2850625],[-53.6328545,-27.2747066],[-53.6411604,-27.2569632]]]}},{"type":"Feature","properties":{"level":"municipio","municipality_code":"4314506","municipality_name":"Pinheiro Machado","uf":"RS","state_code":"43","area_km2":2249.176},"geometry":{"type":"Polygon","coordinates":[[[-53.4427778,-31.838814],[-53.4520735,-31.8035857],[-53.4650341,-31.790255],[-53.4606627,-31.7853378],[-53.4821304,-31.7685842],[-53.4775833,-31.7585255],[-53.4882545,-31.7624007],[-53.4995415,-31.7508831],[-53.4993888,-31.6742248],[-53.5099827,-31.6728906],[-53.518034,-31.6526055],[-53.536434,-31.6446901],[-53.5760105,-31.6334697],[-53.6048865,-31.6355509],[-53.6227689,-31.6049722],[-53.602631,-31.5900827],[-53.5887534,-31.5915837],[-53.5873053,-31.580918],[-53.6006735,-31.5668174],[-53.5793839,-31.5480479],[-53.5762752,-31.5351814],[-53.5885176,-31.5363686],[-53.5878867,-31.4929718],[-53.6047812,-31.4706169],[-53.5971407,-31.4548705],[-53.5730239,-31.4424239],[-53.5600126,-31.4006378],[-53.5613247,-31.3916342],[-53.5882278,-31.3827504],[-53.6155029,-31.3852973],[-53.6507949,-31.3381268],[-53.6170914,-31.3290531],[-53.6249771,-31.3189237],[-53.6023883,-31.3064418],[-53.6056013,-31.2848204],[-53.596432,-31.2791315],[-53.5900497,-31.2840898],[-53.5819204,-31.2787811],[-53.5848133,-31.2718981],[-53.5687995,-31.2721701],[-53.5736109,-31.2677433],[-53.5593927,-31.2475899],[-53.5632177,-31.2415187],[-53.5514523,-31.2297388],[-53.5502383,-31.2400642],[-53.536304,-31.2392689],[-53.5367677,-31.2509404],[-53.5293289,-31.2483285],[-53.5200364,-31.2160588],[-53.5275979,-31.2084151],[-53.5172994,-31.2034551],[-53.5040219,-31.1749825],[-53.5216467,-31.1765572],[-53.515194,-31.1656748],[-53.5025288,-31.1654146],[-53.5019372,-31.1557978],[-53.4888799,-31.1538165],[-53.4990188,-31.1321912],[-53.486329,-31.1299315],[-53.4804916,-31.1136419],[-53.496732,-31.1061436],[-53.4821075,-31.1017781],[-53.4865717,-31.0840703],[-53.4745555,-31.0887904],[-53.4895552,-31.0772239],[-53.4792452,-31.0688569],[-53.4879171,-31.057906],[-53.4743605,-31.0554677],[-53.4908483,-31.037496],[-53.4765408,-31.0332501],[-53.4817395,-31.0268232],[-53.4735091,-31.0327336],[-53.4719107,-31.025526],[-53.4607403,-31.0276201],[-53.4675797,-31.0180212],[-53.4465725,-31.0161687],[-53.4634822,-31.0130716],[-53.450714,-31.0054777],[-53.4587308,-30.9943662],[-53.438076,-30.9920764],[-53.4369702,-30.9853359],[-53.4459061,-30.9879739],[-53.4413775,-30.9799812],[-53.4499619,-30.9817877],[-53.4477777,-30.9720518],[-53.4328445,-30.9762713],[-53.4327553,-30.9603579],[-53.4431453,-30.9641687],[-53.4357386,-30.9497966],[-53.4146225,-30.9741539],[-53.3895576,-30.9872815],[-53.3596497,-30.9788744],[-53.3444271,-30.9968449],[-53.3279266,-30.9959989],[-53.3231075,-30.9858233],[-53.2973284,-31.0033314],[-53.2809222,-30.9924212],[-53.2785824,-31.0058889],[-53.2617137,-31.0105278],[-53.2485181,-30.9987333],[-53.2347511,-31.0093578],[-53.223068,-30.9905073],[-53.2066457,-31.0087253],[-53.1654603,-31.0239615],[-53.178699,-31.0528701],[-53.189105,-31.0530613],[-53.191095,-31.0626692],[-53.2018535,-31.0663267],[-53.1923647,-31.0861213],[-53.2037188,-31.1026373],[-53.2228694,-31.1106648],[-53.2388309,-31.1571576],[-53.2584835,-31.1453275],[-53.2510702,-31.1370709],[-53.2671815,-31.131266],[-53.2634717,-31.1422626],[-53.2756394,-31.1564464],[-53.2846749,-31.1519892],[-53.3156198,-31.1665527],[-53.3216387,-31.1833059],[-53.3387289,-31.1757106],[-53.3543446,-31.1880774],[-53.3453644,-31.1936293],[-53.3509502,-31.2007466],[-53.3410383,-31.203042],[-53.3482288,-31.2202536],[-53.3379723,-31.2269844],[-53.3477077,-31.2293593],[-53.3532745,-31.2469718],[-53.3466163,-31.2557073],[-53.3865657,-31.3148241],[-53.3782688,-31.3291468],[-53.3869691,-31.3375122],[-53.3805263,-31.3567997],[-53.3875785,-31.3628275],[-53.3694828,-31.3760733],[-53.3644451,-31.3935837],[-53.3557275,-31.3908364],[-53.3558712,-31.3985887],[-53.3083169,-31.415583],[-53.2918422,-31.4113977],[-53.280691,-31.4205915],[-53.2915905,-31.464179],[-53.2867581,-31.4900545],[-53.269353,-31.4898788],[-53.2455601,-31.5041335],[-53.2341475,-31.5000588],[-53.2334966,-31.5091429],[-53.2202409,-31.5080834],[-53.2030127,-31.5215248],[-53.1864104,-31.5180718],[-53.1855023,-31.5313601],[-53.1778513,-31.5271609],[-53.1664654,-31.5370435],[-53.1802893,-31.5430165],[-53.1880045,-31.5354668],[-53.1982104,-31.5473002],[-53.2242126,-31.5514188],[-53.2604304,-31.6145073],[-53.298386,-31.6265906],[-53.3075424,-31.6367141],[-53.3249828,-31.6805657],[-53.3211466,-31.6942451],[-53.3301722,-31.7004695],[-53.3333922,-31.7340138],[-53.3211333,-31.753103],[-53.3219517,-31.7749135],[-53.3117628,-31.7810525],[-53.3159985,-31.7935529],[-53.2972394,-31.8117279],[-53.301933,-31.8186003],[-53.2688238,-31.827006],[-53.2572175,-31.8631906],[-53.2823823,-31.8666929],[-53.2910492,-31.8596451],[-53.2969737,-31.8659359],[-53.3319647,-31.8401828],[-53.340901,-31.8508278],[-53.3549751,-31.8372234],[-53.3710537,-31.8424658],[-53.3909063,-31.8359615],[-53.4065676,-31.843393],[-53.4217829,-31.8334736],[-53.4427778,-31.838814]]]}},{"type":"Feature","properties":{"level":"municipio","municipality_code":"4314548","municipality_name":"Pinto Bandeira","uf":"RS","state_code":"43","area_km2":104.801},"geometry":{"type":"Polygon","coordinates":[[[-51.4638203,-29.1642553],[-51.4805388,-29.1453535],[-51.4735549,-29.1322769],[-51.4866023,-29.1222016],[-51.5113589,-29.1220731],[-51.5113855,-29.1139297],[-51.4985182,-29.1110262],[-51.5009161,-29.0971415],[-51.4928629,-29.0867964],[-51.5039779,-29.081787],[-51.498493,-29.0539037],[-51.5222473,-29.0391059],[-51.5149691,-29.0254583],[-51.4866809,-29.0330734],[-51.4696693,-29.0161379],[-51.4606534,-29.0194158],[-51.4388782,-29.0615939],[-51.4220911,-29.0598353],[-51.4256696,-29.0876636],[-51.4128835,-29.0874629],[-51.4115913,-29.1272604],[-51.4232078,-29.1271639],[-51.4232847,-29.165038],[-51.4638203,-29.1642553]]]}},{"type":"Feature","properties":{"level":"municipio","municipality_code":"4314555","municipality_name":"Pirapó","uf":"RS","state_code":"43","area_km2":281.794},"geometry":{"type":"Polygon","coordinates":[[[-55.2493985,-28.1010571],[-55.3172321,-28.0760368],[-55.3225471,-28.0543751],[-55.3321585,-28.0601427],[-55.3624619,-28.0387989],[-55.3706423,-28.0431917],[-55.3763644,-28.0349648],[-55.3690442,-28.0190658],[-55.3871823,-27.9899998],[-55.3822756,-27.9791038],[-55.3369999,-27.9667369],[-55.3180993,-27.9725204],[-55.3094652,-27.9958969],[-55.2979293,-27.995031],[-55.2929366,-27.9807298],[-55.2540335,-27.9906762],[-55.2456566,-28.0027988],[-55.2155716,-28.0027104],[-55.2440639,-28.0187026],[-55.2286211,-28.0255038],[-55.2242094,-28.0380286],[-55.219099,-28.0217004],[-55.1837123,-28.0122127],[-55.1936673,-28.0304991],[-55.1801008,-28.0353439],[-55.1813557,-28.0482888],[-55.1740855,-28.0538171],[-55.1523248,-28.0437794],[-55.1431924,-28.0866028],[-55.1260611,-28.0582807],[-55.1002803,-28.0650343],[-55.1118012,-28.0765248],[-55.1298691,-28.0759849],[-55.1258067,-28.0877379],[-55.1526123,-28.1054657],[-55.140035,-28.1361015],[-55.125759,-28.1461506],[-55.1271201,-28.1628262],[-55.146227,-28.1871504],[-55.189915,-28.1508524],[-55.2188634,-28.1493588],[-55.2339802,-28.1353431],[-55.2518842,-28.1316215],[-55.2493985,-28.1010571]]]}},{"type":"Feature","properties":{"level":"municipio","municipality_code":"4314605","municipality_name":"Piratini","uf":"RS","state_code":"43","area_km2":3538.3},"geometry":{"type":"Polygon","coordinates":[[[-52.9876049,-31.8696625],[-53.0493059,-31.8844443],[-53.0580917,-31.8763241],[-53.0807032,-31.8758407],[-53.0888509,-31.8850589],[-53.0888336,-31.8745953],[-53.1023278,-31.8693465],[-53.1214358,-31.8826408],[-53.1553673,-31.8826778],[-53.1578251,-31.89078],[-53.1795302,-31.889025],[-53.1813652,-31.8806046],[-53.192718,-31.8895317],[-53.2377583,-31.8870774],[-53.233611,-31.8712565],[-53.2691901,-31.8678521],[-53.2572175,-31.8631906],[-53.2688238,-31.827006],[-53.303731,-31.817151],[-53.2972394,-31.8117279],[-53.3159985,-31.7935529],[-53.3117628,-31.7810525],[-53.3219517,-31.7749135],[-53.3211333,-31.753103],[-53.3333922,-31.7340138],[-53.3301722,-31.7004695],[-53.3211466,-31.6942451],[-53.3249828,-31.6805657],[-53.3075424,-31.6367141],[-53.298386,-31.6265906],[-53.2604304,-31.6145073],[-53.2242126,-31.5514188],[-53.1982104,-31.5473002],[-53.1880045,-31.5354668],[-53.1802893,-31.5430165],[-53.1664654,-31.5370435],[-53.1778513,-31.5271609],[-53.1855023,-31.5313601],[-53.1864104,-31.5180718],[-53.2030127,-31.5215248],[-53.2202409,-31.5080834],[-53.2334966,-31.5091429],[-53.2341475,-31.5000588],[-53.2455601,-31.5041335],[-53.269353,-31.4898788],[-53.2867581,-31.4900545],[-53.2915905,-31.464179],[-53.280691,-31.4205915],[-53.2935002,-31.4110353],[-53.3299876,-31.4108939],[-53.3558712,-31.3985887],[-53.3567354,-31.3901199],[-53.3644451,-31.3935837],[-53.3694828,-31.3760733],[-53.3875772,-31.3665893],[-53.3805263,-31.3567997],[-53.3869691,-31.3375122],[-53.3782688,-31.3291468],[-53.3865657,-31.3148241],[-53.3466163,-31.2557073],[-53.3532745,-31.2469718],[-53.3477077,-31.2293593],[-53.3379723,-31.2269844],[-53.3482288,-31.2202536],[-53.3410383,-31.203042],[-53.3509502,-31.2007466],[-53.3453644,-31.1936293],[-53.3543446,-31.1880774],[-53.3387289,-31.1757106],[-53.3216387,-31.1833059],[-53.3156198,-31.1665527],[-53.2846749,-31.1519892],[-53.2756394,-31.1564464],[-53.2634717,-31.1422626],[-53.2671815,-31.131266],[-53.2510702,-31.1370709],[-53.2584835,-31.1453275],[-53.2388309,-31.1571576],[-53.2228694,-31.1106648],[-53.2037188,-31.1026373],[-53.1923647,-31.0861213],[-53.2014586,-31.073204],[-53.1986139,-31.0611675],[-53.178699,-31.0528701],[-53.1672696,-31.0242336],[-53.1438677,-31.0302498],[-53.1253462,-31.0163672],[-53.1223049,-31.0042063],[-53.1314951,-30.9929959],[-53.1260944,-30.9865205],[-53.084086,-30.9682643],[-53.0579293,-30.9785385],[-53.0479102,-30.9736752],[-53.0376529,-30.9845344],[-53.0230017,-30.9863573],[-53.0205258,-30.9507426],[-53.0288394,-30.9302375],[-53.0223963,-30.9199097],[-53.0087631,-30.9337236],[-53.004291,-30.9212835],[-52.9644774,-30.9334559],[-52.9336464,-30.9325199],[-52.927025,-30.925571],[-52.9152072,-30.9416714],[-52.9074408,-30.9381238],[-52.9082857,-30.9229782],[-52.8950638,-30.9311687],[-52.8660325,-30.9224487],[-52.8588574,-30.9278898],[-52.8737787,-30.9492655],[-52.8720644,-30.959688],[-52.8827941,-30.9656155],[-52.8748827,-30.988102],[-52.8861838,-30.9841568],[-52.8939833,-30.9957084],[-52.9113549,-31.0015514],[-52.8971305,-31.0148335],[-52.9089209,-31.0216347],[-52.9036476,-31.0277444],[-52.917623,-31.0430627],[-52.9154823,-31.0582503],[-52.9307009,-31.0693108],[-52.9454802,-31.0675981],[-52.9316055,-31.0837132],[-52.9458413,-31.0894797],[-52.9295795,-31.0924256],[-52.9241535,-31.1098921],[-52.9285884,-31.1345744],[-52.9102297,-31.1452897],[-52.9250758,-31.1523065],[-52.9213983,-31.190669],[-52.9132372,-31.1915202],[-52.9087017,-31.2093133],[-52.9210171,-31.2462291],[-52.9063856,-31.3136663],[-52.9347275,-31.384763],[-52.9184571,-31.4007579],[-52.9305094,-31.4119361],[-52.9368363,-31.4388669],[-52.9603292,-31.4477939],[-52.9558994,-31.4562865],[-52.9807238,-31.4856489],[-52.9718226,-31.4923107],[-52.9790339,-31.5123393],[-52.9924011,-31.517059],[-52.9929379,-31.5352215],[-52.9835565,-31.5689195],[-52.961424,-31.5882063],[-52.9441289,-31.5920974],[-52.940146,-31.6075331],[-52.9293701,-31.6093001],[-52.9401673,-31.6445217],[-52.8890201,-31.6798537],[-52.8977258,-31.68982],[-52.8894702,-31.7061789],[-52.9001721,-31.719656],[-52.8988882,-31.731865],[-52.8882899,-31.7509619],[-52.8686555,-31.7557516],[-52.8675959,-31.7717748],[-52.8841959,-31.783575],[-52.8930433,-31.8034804],[-52.8665638,-31.8075678],[-52.8478473,-31.8407055],[-52.8255799,-31.858152],[-52.8736202,-31.8745729],[-52.8842917,-31.8897407],[-52.8974572,-31.883729],[-52.9148693,-31.8908377],[-52.935662,-31.8640865],[-52.9634876,-31.8679676],[-52.9728689,-31.8767849],[-52.9876049,-31.8696625]]]}},{"type":"Feature","properties":{"level":"municipio","municipality_code":"4314704","municipality_name":"Planalto","uf":"RS","state_code":"43","area_km2":228.552},"geometry":{"type":"Polygon","coordinates":[[[-52.9653563,-27.3675842],[-52.971441,-27.3781363],[-52.9928663,-27.3872485],[-53.001713,-27.3811435],[-53.0125792,-27.3858942],[-53.0133771,-27.3741311],[-53.0336961,-27.3720561],[-53.0329673,-27.3857716],[-53.0482893,-27.3852877],[-53.04403,-27.3937445],[-53.0564834,-27.3812429],[-53.0688865,-27.3915547],[-53.0667195,-27.3801558],[-53.0757703,-27.3732587],[-53.1241011,-27.4342918],[-53.1450089,-27.4082696],[-53.1211127,-27.3970677],[-53.1132558,-27.3764698],[-53.12204,-27.364649],[-53.1448768,-27.3522168],[-53.1818106,-27.3531951],[-53.1721353,-27.3402446],[-53.1870534,-27.3369599],[-53.1832894,-27.3272525],[-53.1953991,-27.3224714],[-53.1941438,-27.3151051],[-53.2000377,-27.3230711],[-53.214789,-27.3216261],[-53.2010182,-27.3166567],[-53.2033323,-27.3075593],[-53.1953084,-27.3021215],[-53.2058848,-27.2946097],[-53.1908412,-27.2860226],[-53.1745217,-27.2892551],[-53.1188752,-27.2803029],[-53.1101936,-27.2701529],[-53.0995215,-27.2752798],[-53.0756691,-27.2704612],[-53.0438252,-27.2838177],[-53.0481695,-27.293217],[-53.0191828,-27.3216378],[-52.9748344,-27.307466],[-52.9510207,-27.3083054],[-52.9449871,-27.3233657],[-52.9559377,-27.3459728],[-52.9559743,-27.3715993],[-52.9653563,-27.3675842]]]}},{"type":"Feature","properties":{"level":"municipio","municipality_code":"4314787","municipality_name":"Ponte Preta","uf":"RS","state_code":"43","area_km2":99.504},"geometry":{"type":"Polygon","coordinates":[[[-52.5195437,-27.6920257],[-52.5243434,-27.7015206],[-52.5254708,-27.6816843],[-52.5466336,-27.6948126],[-52.5469026,-27.6868288],[-52.5519862,-27.6921746],[-52.5758738,-27.6834132],[-52.5594405,-27.6790145],[-52.5572554,-27.6028147],[-52.5175388,-27.6149764],[-52.4772157,-27.603528],[-52.4771443,-27.6109563],[-52.465361,-27.6108707],[-52.4652995,-27.6314111],[-52.4450256,-27.631383],[-52.4479327,-27.6740496],[-52.4579299,-27.6737244],[-52.4579603,-27.6828326],[-52.4782676,-27.6822238],[-52.4796646,-27.7183333],[-52.4925897,-27.7250326],[-52.4901788,-27.7153354],[-52.5079128,-27.7144558],[-52.5075361,-27.7035356],[-52.4969363,-27.695162],[-52.5110613,-27.6913916],[-52.5147281,-27.7009947],[-52.5195437,-27.6920257]]]}},{"type":"Feature","properties":{"level":"municipio","municipality_code":"4314779","municipality_name":"Pontão","uf":"RS","state_code":"43","area_km2":502.709},"geometry":{"type":"Polygon","coordinates":[[[-52.6602486,-28.1225752],[-52.6741622,-28.1105622],[-52.6914734,-28.1119833],[-52.7228229,-28.0610586],[-52.7530617,-28.0370234],[-52.7665478,-28.0385134],[-52.7755257,-28.0280486],[-52.8153523,-28.0428038],[-52.8137738,-28.0362042],[-52.8283662,-28.036936],[-52.8161724,-27.9973846],[-52.7998107,-27.984061],[-52.7635901,-27.9731203],[-52.7581056,-27.9570744],[-52.7418695,-27.9474032],[-52.7373737,-27.9256831],[-52.7020386,-27.9105539],[-52.6961757,-27.9243986],[-52.652016,-27.9479082],[-52.6105513,-27.9366303],[-52.6048107,-27.9516935],[-52.5981833,-27.9413976],[-52.5960895,-27.9483062],[-52.5802348,-27.9455128],[-52.5711545,-27.9592402],[-52.5746369,-27.9689174],[-52.5540344,-27.9637716],[-52.5420384,-27.9951675],[-52.5287597,-27.9941185],[-52.5277669,-28.0136893],[-52.5135019,-28.0185993],[-52.5130239,-28.0320856],[-52.4997301,-28.0452182],[-52.5141357,-28.0509805],[-52.5135625,-28.0620837],[-52.5023815,-28.0557919],[-52.492128,-28.0671193],[-52.4997845,-28.0769509],[-52.4952674,-28.0865101],[-52.5032775,-28.0891071],[-52.4919132,-28.104713],[-52.5086538,-28.1093407],[-52.4894485,-28.1201431],[-52.497783,-28.1291849],[-52.5310776,-28.138449],[-52.5426198,-28.1272583],[-52.5711825,-28.1236285],[-52.5949786,-28.149195],[-52.615529,-28.1532153],[-52.6340963,-28.1720191],[-52.6444214,-28.1657685],[-52.6543039,-28.1696988],[-52.6545469,-28.1400274],[-52.6668268,-28.1333885],[-52.6602486,-28.1225752]]]}},{"type":"Feature","properties":{"level":"municipio","municipality_code":"4314902","municipality_name":"Porto Alegre","uf":"RS","state_code":"43","area_km2":495.977},"geometry":{"type":"MultiPolygon","coordinates":[[[[-51.1623508,-30.2620986],[-51.1691219,-30.2646594],[-51.1702757,-30.2634428],[-51.1623508,-30.2620986]]],[[[-51.1932566,-30.2421753],[-51.1920181,-30.2411113],[-51.1918251,-30.2413644],[-51.1932566,-30.2421753]]],[[[-51.2871637,-30.1200423],[-51.2868327,-30.1219384],[-51.2884333,-30.1210775],[-51.2871637,-30.1200423]]],[[[-51.1866349,-30.2123033],[-51.1998637,-30.2103114],[-51.1945237,-30.199728],[-51.2018977,-30.1920029],[-51.2487737,-30.1861423],[-51.2276707,-30.1769091],[-51.2334607,-30.1636162],[-51.2255316,-30.145752],[-51.2463366,-30.1255149],[-51.2610633,-30.1230034],[-51.2586593,-30.1106188],[-51.260853,-30.1123948],[-51.2651503,-30.1094811],[-51.2586425,-30.1092573],[-51.2676735,-30.1036624],[-51.2504635,-30.0923685],[-51.2337649,-30.0491759],[-51.2423958,-30.0352585],[-51.2510658,-30.0353038],[-51.2564808,-30.0477726],[-51.2718452,-30.0592121],[-51.2615462,-30.0475394],[-51.2595057,-30.0338049],[-51.2737915,-30.0363242],[-51.2616215,-30.0099089],[-51.3050634,-29.9494781],[-51.2663806,-29.9347737],[-51.2390534,-29.9352561],[-51.2210901,-29.9661039],[-51.208406,-29.9643762],[-51.2012891,-29.9717737],[-51.153917,-29.9670062],[-51.1266821,-29.9542523],[-51.1055277,-29.9649971],[-51.0884124,-29.9639528],[-51.0875057,-30.0039463],[-51.0943163,-30.0157694],[-51.0863472,-30.0228198],[-51.0842872,-30.0474803],[-51.1221788,-30.0558559],[-51.1090849,-30.0782432],[-51.1176828,-30.0787621],[-51.1115236,-30.1043623],[-51.096313,-30.1148586],[-51.0986377,-30.128679],[-51.0855724,-30.1431151],[-51.0784254,-30.1782949],[-51.0114152,-30.1962631],[-51.0528175,-30.2303072],[-51.0584176,-30.2434995],[-51.0536304,-30.2598246],[-51.0628952,-30.2596034],[-51.076752,-30.2435578],[-51.0952085,-30.241119],[-51.1066464,-30.2432268],[-51.0990318,-30.257108],[-51.1039191,-30.2599215],[-51.1098464,-30.2483671],[-51.1279432,-30.2476979],[-51.1369299,-30.2596385],[-51.1336854,-30.2694086],[-51.1596777,-30.2619252],[-51.1518706,-30.2464835],[-51.1560763,-30.239947],[-51.1932204,-30.2379404],[-51.1788395,-30.2243642],[-51.1866349,-30.2123033]]],[[[-51.2860601,-30.0590618],[-51.2921955,-30.0644962],[-51.2946934,-30.0541191],[-51.2860601,-30.0590618]]]]}},{"type":"Feature","properties":{"level":"municipio","municipality_code":"4315008","municipality_name":"Porto Lucena","uf":"RS","state_code":"43","area_km2":250.876},"geometry":{"type":"Polygon","coordinates":[[[-54.9756744,-27.9092611],[-55.0064974,-27.9076123],[-55.0162427,-27.9249488],[-55.0485812,-27.922799],[-55.0535115,-27.8755093],[-55.044012,-27.8673194],[-55.0536193,-27.857133],[-55.0298328,-27.8546197],[-55.0246941,-27.835311],[-55.0827106,-27.7968583],[-55.0802244,-27.7782769],[-55.0509132,-27.7687551],[-55.0243129,-27.7941998],[-54.999316,-27.790509],[-54.9864394,-27.8055031],[-54.9816755,-27.787545],[-54.9700952,-27.7984712],[-54.9627548,-27.7898544],[-54.9477703,-27.8002649],[-54.949147,-27.809923],[-54.9569069,-27.8088093],[-54.956184,-27.820879],[-54.9394065,-27.8061392],[-54.9281747,-27.8058564],[-54.9314194,-27.8128411],[-54.9211817,-27.8175634],[-54.9064204,-27.7992024],[-54.8528534,-27.7827706],[-54.8628529,-27.833988],[-54.8566925,-27.8401422],[-54.845874,-27.8277898],[-54.8308823,-27.8419396],[-54.8207633,-27.8615793],[-54.8292567,-27.8718201],[-54.8550977,-27.8760727],[-54.8734288,-27.8571867],[-54.892162,-27.8552352],[-54.8909692,-27.9096878],[-54.9400419,-27.9106391],[-54.9397959,-27.9301837],[-54.9516449,-27.9356694],[-54.969121,-27.934954],[-54.9664901,-27.9183374],[-54.9780853,-27.918446],[-54.9756744,-27.9092611]]]}},{"type":"Feature","properties":{"level":"municipio","municipality_code":"4315057","municipality_name":"Porto Mauá","uf":"RS","state_code":"43","area_km2":105.811},"geometry":{"type":"Polygon","coordinates":[[[-54.6719496,-27.5585403],[-54.680116,-27.526641],[-54.6709371,-27.5047647],[-54.6569482,-27.5127792],[-54.6480251,-27.5402344],[-54.631997,-27.5456983],[-54.6356608,-27.5546925],[-54.6170384,-27.5584846],[-54.6374704,-27.5760074],[-54.6280609,-27.5821695],[-54.6182146,-27.5734184],[-54.6211696,-27.5906544],[-54.6069102,-27.5913114],[-54.6034419,-27.5729033],[-54.5904068,-27.5760587],[-54.5999919,-27.5785694],[-54.5951802,-27.5833171],[-54.6016562,-27.5990033],[-54.5927348,-27.5991851],[-54.5999051,-27.6216214],[-54.6414746,-27.6622791],[-54.6517274,-27.6617647],[-54.6583086,-27.6452399],[-54.6642778,-27.6542073],[-54.6631524,-27.6423596],[-54.6814523,-27.6348801],[-54.6778216,-27.630263],[-54.6851353,-27.6277168],[-54.6721611,-27.6171559],[-54.6787808,-27.6139574],[-54.6862476,-27.6251067],[-54.6984708,-27.6123925],[-54.7071603,-27.6230977],[-54.7134855,-27.6185661],[-54.6994066,-27.593816],[-54.7236107,-27.596545],[-54.7264908,-27.5859047],[-54.7368132,-27.5819571],[-54.7233497,-27.563451],[-54.6808563,-27.5745014],[-54.6719496,-27.5585403]]]}},{"type":"Feature","properties":{"level":"municipio","municipality_code":"4315073","municipality_name":"Porto Vera Cruz","uf":"RS","state_code":"43","area_km2":114.284},"geometry":{"type":"Polygon","coordinates":[[[-54.9053992,-27.7255425],[-54.9028598,-27.6988549],[-54.8930338,-27.7038008],[-54.8800155,-27.6927859],[-54.838436,-27.6921676],[-54.8192609,-27.704548],[-54.8360507,-27.7263078],[-54.8223751,-27.739651],[-54.8322878,-27.7424575],[-54.8298699,-27.7808171],[-54.8370291,-27.7876702],[-54.8516112,-27.7764257],[-54.8528534,-27.7827706],[-54.8776833,-27.7852811],[-54.8925379,-27.7981753],[-54.9064204,-27.7992024],[-54.9211817,-27.8175634],[-54.9314194,-27.8128411],[-54.9281747,-27.8058564],[-54.9394065,-27.8061392],[-54.9569509,-27.8207462],[-54.9477703,-27.8002649],[-54.9627548,-27.7898544],[-54.9700952,-27.7984712],[-54.9813864,-27.7873571],[-54.9815542,-27.8049096],[-54.9877147,-27.8050397],[-54.999316,-27.790509],[-54.9930424,-27.7755487],[-54.9776622,-27.77086],[-54.9494242,-27.7792846],[-54.9053992,-27.7255425]]]}},{"type":"Feature","properties":{"level":"municipio","municipality_code":"4315107","municipality_name":"Porto Xavier","uf":"RS","state_code":"43","area_km2":281.497},"geometry":{"type":"Polygon","coordinates":[[[-55.1373546,-27.8953955],[-55.1282067,-27.8938884],[-55.1262762,-27.8598184],[-55.1138325,-27.8489913],[-55.066952,-27.8469472],[-55.0516752,-27.8524129],[-55.0547103,-27.8628453],[-55.044418,-27.8658257],[-55.0535115,-27.8755093],[-55.0485335,-27.9419622],[-55.0795708,-27.9421817],[-55.0734459,-28.0098808],[-55.0894775,-28.0095165],[-55.0893239,-28.0272033],[-55.1074276,-28.0213099],[-55.1092505,-28.0336733],[-55.1545224,-28.0362369],[-55.1650111,-28.0199107],[-55.1528784,-28.0135975],[-55.1681159,-28.0114631],[-55.1682642,-27.991886],[-55.179952,-27.9922708],[-55.1832592,-27.9783807],[-55.2130686,-27.9532127],[-55.2421331,-27.9596476],[-55.2542655,-27.9498967],[-55.2783782,-27.9485099],[-55.277769,-27.9329168],[-55.257881,-27.9220935],[-55.2322672,-27.8840687],[-55.2026827,-27.8578592],[-55.1715604,-27.861276],[-55.1373546,-27.8953955]]]}},{"type":"Feature","properties":{"level":"municipio","municipality_code":"4314803","municipality_name":"Portão","uf":"RS","state_code":"43","area_km2":159.298},"geometry":{"type":"Polygon","coordinates":[[[-51.2082736,-29.7909127],[-51.2153018,-29.7938753],[-51.2268938,-29.7821341],[-51.2551908,-29.7739957],[-51.2680027,-29.7812275],[-51.3071483,-29.7763946],[-51.2969792,-29.7503077],[-51.3013382,-29.7397683],[-51.2841037,-29.7168706],[-51.2881303,-29.6623067],[-51.2765124,-29.6554944],[-51.2881392,-29.6188614],[-51.2792688,-29.6100297],[-51.283982,-29.593716],[-51.2735637,-29.5801336],[-51.2697343,-29.5902619],[-51.2377893,-29.5806906],[-51.2197607,-29.6821703],[-51.2118482,-29.6959378],[-51.2028054,-29.6795609],[-51.1923833,-29.6832776],[-51.195329,-29.712476],[-51.2098197,-29.7344196],[-51.204052,-29.7559332],[-51.1844591,-29.777385],[-51.1943653,-29.7811611],[-51.1838971,-29.7881621],[-51.1964064,-29.788504],[-51.1850642,-29.7940139],[-51.1912706,-29.7937464],[-51.192631,-29.8034034],[-51.2082736,-29.7909127]]]}},{"type":"Feature","properties":{"level":"municipio","municipality_code":"4315131","municipality_name":"Pouso Novo","uf":"RS","state_code":"43","area_km2":105.338},"geometry":{"type":"Polygon","coordinates":[[[-52.1855448,-29.1465655],[-52.1855887,-29.1643119],[-52.1729914,-29.1643816],[-52.1673896,-29.1741199],[-52.1757148,-29.1876424],[-52.1672014,-29.1915856],[-52.171435,-29.2092683],[-52.1570956,-29.2069867],[-52.1695995,-29.2291803],[-52.1759529,-29.2264759],[-52.1743831,-29.213268],[-52.1858618,-29.217022],[-52.1843946,-29.2079809],[-52.1976313,-29.1985671],[-52.2030948,-29.2148864],[-52.2086403,-29.2012536],[-52.2211311,-29.2058679],[-52.2310541,-29.1934137],[-52.2445672,-29.2007727],[-52.2592226,-29.1932782],[-52.2628003,-29.2006915],[-52.2672252,-29.1921906],[-52.2832511,-29.1921418],[-52.2737591,-29.179169],[-52.2902195,-29.1756729],[-52.292198,-29.1546004],[-52.2843813,-29.1507257],[-52.2938567,-29.1359644],[-52.2717295,-29.1186964],[-52.2522175,-29.118724],[-52.2468929,-29.101983],[-52.1972322,-29.0949089],[-52.2064538,-29.1113212],[-52.1950058,-29.1170079],[-52.202001,-29.1262688],[-52.1885851,-29.1280454],[-52.1925599,-29.1350583],[-52.1867237,-29.1384204],[-52.1942106,-29.1446147],[-52.1855448,-29.1465655]]]}},{"type":"Feature","properties":{"level":"municipio","municipality_code":"4314753","municipality_name":"Poço das Antas","uf":"RS","state_code":"43","area_km2":67.618},"geometry":{"type":"Polygon","coordinates":[[[-51.6216176,-29.4823319],[-51.6693737,-29.4808621],[-51.6705336,-29.4707945],[-51.6908851,-29.4707363],[-51.6912295,-29.4235255],[-51.6803343,-29.4134075],[-51.6694576,-29.4182931],[-51.6575304,-29.3993035],[-51.6105266,-29.4008052],[-51.6078759,-29.4112168],[-51.6408521,-29.4172372],[-51.6426495,-29.4355211],[-51.6059931,-29.4400761],[-51.5914795,-29.4304543],[-51.5922411,-29.4402864],[-51.5694699,-29.458017],[-51.6216176,-29.4823319]]]}},{"type":"Feature","properties":{"level":"municipio","municipality_code":"4315149","municipality_name":"Presidente Lucena","uf":"RS","state_code":"43","area_km2":49.628},"geometry":{"type":"Polygon","coordinates":[[[-51.1464332,-29.505839],[-51.112469,-29.5107431],[-51.1163735,-29.5440598],[-51.150959,-29.5321208],[-51.2119281,-29.5583216],[-51.236829,-29.5269616],[-51.1765438,-29.4922864],[-51.1443794,-29.4975319],[-51.1464332,-29.505839]]]}},{"type":"Feature","properties":{"level":"municipio","municipality_code":"4315156","municipality_name":"Progresso","uf":"RS","state_code":"43","area_km2":256.039},"geometry":{"type":"Polygon","coordinates":[[[-52.3133967,-29.2863064],[-52.3550964,-29.2618136],[-52.4005541,-29.25281],[-52.4175303,-29.2358601],[-52.4136232,-29.2259195],[-52.436406,-29.2140112],[-52.4385978,-29.1898569],[-52.4251062,-29.1468831],[-52.4080091,-29.1569552],[-52.4020175,-29.1488387],[-52.3694364,-29.1507293],[-52.3730666,-29.1435762],[-52.3514195,-29.1501716],[-52.3424636,-29.1406287],[-52.3273172,-29.1562971],[-52.3199067,-29.1453821],[-52.3104878,-29.1584952],[-52.3003386,-29.1526996],[-52.2883591,-29.1788621],[-52.2737591,-29.179169],[-52.2832511,-29.1921418],[-52.2672252,-29.1921906],[-52.2628003,-29.2006915],[-52.2592226,-29.1932782],[-52.2487017,-29.1973351],[-52.2590616,-29.2118218],[-52.2474992,-29.2184751],[-52.2475977,-29.2413629],[-52.2060417,-29.2206559],[-52.2113939,-29.2329114],[-52.1896783,-29.2659759],[-52.2018264,-29.2782954],[-52.1878248,-29.2865485],[-52.1990188,-29.2985549],[-52.2305674,-29.301757],[-52.2477318,-29.3140224],[-52.2986299,-29.2798062],[-52.3133967,-29.2863064]]]}},{"type":"Feature","properties":{"level":"municipio","municipality_code":"4315172","municipality_name":"Protásio Alves","uf":"RS","state_code":"43","area_km2":171.994},"geometry":{"type":"Polygon","coordinates":[[[-51.5205038,-28.7846239],[-51.5089708,-28.7739214],[-51.5209733,-28.7756011],[-51.5213096,-28.7637239],[-51.5278248,-28.7659628],[-51.535652,-28.7507145],[-51.5266546,-28.7456494],[-51.5370717,-28.7388137],[-51.5466482,-28.744809],[-51.5414457,-28.7289784],[-51.5601518,-28.727895],[-51.5621684,-28.7220126],[-51.5489488,-28.7211501],[-51.5641987,-28.7148778],[-51.5562518,-28.7075874],[-51.5741106,-28.6979196],[-51.5560777,-28.698215],[-51.5604869,-28.6859538],[-51.5322822,-28.667522],[-51.4977648,-28.6671127],[-51.4895162,-28.6531409],[-51.4735202,-28.6493113],[-51.4693365,-28.6548589],[-51.4668799,-28.6491502],[-51.4444541,-28.667455],[-51.4522482,-28.6827186],[-51.43439,-28.6887344],[-51.4319897,-28.708481],[-51.4403133,-28.7159705],[-51.4235706,-28.7420783],[-51.4351597,-28.7480606],[-51.4311786,-28.7710924],[-51.4602146,-28.7907424],[-51.4360641,-28.7922622],[-51.4340124,-28.8033683],[-51.4493932,-28.8085127],[-51.4661003,-28.8024411],[-51.4569547,-28.8169442],[-51.4652452,-28.830435],[-51.4451637,-28.8390321],[-51.4429851,-28.847217],[-51.4626204,-28.8561582],[-51.4789691,-28.8490102],[-51.4864651,-28.8288355],[-51.5017606,-28.8166177],[-51.4952155,-28.7970961],[-51.5094176,-28.7947778],[-51.5039317,-28.7852167],[-51.5205038,-28.7846239]]]}},{"type":"Feature","properties":{"level":"municipio","municipality_code":"4315206","municipality_name":"Putinga","uf":"RS","state_code":"43","area_km2":216.159},"geometry":{"type":"Polygon","coordinates":[[[-52.1216151,-28.9828299],[-52.0920429,-28.9804357],[-52.0911635,-28.989728],[-52.0784168,-28.9893129],[-52.0776299,-28.998322],[-52.0675727,-28.9973512],[-52.0669094,-29.0061401],[-52.0524335,-29.0096802],[-52.0578808,-29.0187609],[-52.048707,-29.0205877],[-52.0460455,-29.0577078],[-52.0582612,-29.0587679],[-52.0573412,-29.0927342],[-52.0892876,-29.0869329],[-52.089808,-29.1082442],[-52.1238147,-29.092963],[-52.1277483,-29.0844448],[-52.1467013,-29.0851505],[-52.1655346,-29.0888016],[-52.1740334,-29.1073425],[-52.1951334,-29.1167703],[-52.2060832,-29.112091],[-52.1958828,-29.0957099],[-52.2117482,-29.0958715],[-52.2065506,-29.0851147],[-52.2215898,-29.0767195],[-52.207603,-29.080468],[-52.2046894,-29.0729113],[-52.223779,-29.068147],[-52.2100054,-29.0625028],[-52.2086406,-29.05158],[-52.2226775,-29.0502399],[-52.2155894,-29.0394721],[-52.2281493,-29.0410814],[-52.2147456,-29.0271423],[-52.2296161,-29.016283],[-52.2146407,-29.0113055],[-52.2323743,-28.9976689],[-52.224309,-28.9906948],[-52.2306701,-28.9881315],[-52.2282905,-28.9700566],[-52.1937694,-28.9684972],[-52.1943631,-28.9592475],[-52.1611255,-28.9483122],[-52.1575891,-28.9751152],[-52.1225143,-28.9729336],[-52.1216151,-28.9828299]]]}},{"type":"Feature","properties":{"level":"municipio","municipality_code":"4315305","municipality_name":"Quaraí","uf":"RS","state_code":"43","area_km2":3139.995},"geometry":{"type":"Polygon","coordinates":[[[-56.3981994,-30.4498936],[-56.4164344,-30.4313626],[-56.4399785,-30.4325237],[-56.4539182,-30.4225422],[-56.4445371,-30.4116076],[-56.4621782,-30.3844822],[-56.4913648,-30.3981094],[-56.5070908,-30.3818414],[-56.5051903,-30.3704745],[-56.5194319,-30.3598039],[-56.546144,-30.3606494],[-56.5519926,-30.3441509],[-56.5370237,-30.3341373],[-56.5415632,-30.3131423],[-56.5578431,-30.3191753],[-56.5758793,-30.3035598],[-56.5754904,-30.2893203],[-56.6187435,-30.301229],[-56.6209649,-30.2930048],[-56.6076822,-30.282946],[-56.609498,-30.2694373],[-56.6149632,-30.26158],[-56.6275989,-30.2668614],[-56.6391725,-30.2591276],[-56.6241255,-30.2465843],[-56.6507402,-30.2204351],[-56.6687425,-30.2181016],[-56.6460184,-30.2088045],[-56.6581046,-30.2012909],[-56.6508969,-30.1883921],[-56.6252311,-30.1830125],[-56.6139743,-30.1584159],[-56.6001919,-30.148073],[-56.5621134,-30.145561],[-56.5467672,-30.1343041],[-56.5127615,-30.1590121],[-56.5036723,-30.1480558],[-56.4821924,-30.1504426],[-56.4396121,-30.1369219],[-56.4336867,-30.1248683],[-56.4059997,-30.1162783],[-56.3584681,-30.1130481],[-56.3426142,-30.1205534],[-56.2783615,-30.1141213],[-56.2309885,-30.0917593],[-56.1818171,-30.0859448],[-56.1502679,-30.0550117],[-56.1211562,-30.080175],[-56.0969824,-30.08314],[-56.043226,-30.0479684],[-56.020261,-30.0814645],[-56.0042141,-30.0823377],[-55.9876056,-30.0954425],[-55.941133,-30.0845503],[-55.9276458,-30.0911048],[-55.9042618,-30.0872332],[-55.8744806,-30.0687657],[-55.8733259,-30.1345906],[-55.835913,-30.147945],[-55.8133593,-30.1694916],[-55.7680993,-30.1685606],[-55.7544296,-30.2210052],[-55.7451147,-30.2309742],[-55.6987091,-30.2301958],[-55.6827412,-30.222844],[-55.6755542,-30.2267504],[-55.677583,-30.2359138],[-55.6580958,-30.243079],[-55.6913027,-30.2489062],[-55.6715946,-30.2715527],[-55.6720214,-30.2832588],[-55.6844528,-30.2855689],[-55.6814791,-30.2978465],[-55.6608141,-30.3046818],[-55.6781796,-30.3191124],[-55.673438,-30.3499784],[-55.6884335,-30.3570606],[-55.6884668,-30.3767415],[-55.6779115,-30.3857876],[-55.7083346,-30.4052737],[-55.7640381,-30.3947745],[-55.7729017,-30.4088363],[-55.8321126,-30.4323603],[-55.9151144,-30.4243435],[-55.9278602,-30.4307699],[-55.9470673,-30.4222715],[-56.0238232,-30.4418895],[-56.0589139,-30.4351997],[-56.0907841,-30.4545963],[-56.1309709,-30.4561617],[-56.1547244,-30.4699589],[-56.1713504,-30.4654651],[-56.1727951,-30.4735221],[-56.1833849,-30.473562],[-56.1814376,-30.481764],[-56.2196181,-30.4958075],[-56.2339518,-30.5100202],[-56.2459808,-30.501435],[-56.2564508,-30.5244296],[-56.2799609,-30.534585],[-56.2898655,-30.5322561],[-56.2932198,-30.5201416],[-56.3096975,-30.5310132],[-56.3312845,-30.5293528],[-56.3362546,-30.5108204],[-56.3571547,-30.4916803],[-56.3646356,-30.4920716],[-56.3598644,-30.4975745],[-56.3682596,-30.5031673],[-56.3834951,-30.4988224],[-56.3964106,-30.4722174],[-56.4062363,-30.4686105],[-56.3981994,-30.4498936]]]}},{"type":"Feature","properties":{"level":"municipio","municipality_code":"4315313","municipality_name":"Quatro Irmãos","uf":"RS","state_code":"43","area_km2":268.971},"geometry":{"type":"Polygon","coordinates":[[[-52.3639892,-27.7904834],[-52.3653917,-27.8076351],[-52.380053,-27.8156612],[-52.3660864,-27.8294502],[-52.3836026,-27.8323028],[-52.3886555,-27.8518197],[-52.4014147,-27.8445012],[-52.4089937,-27.8579931],[-52.4292067,-27.8633817],[-52.4343972,-27.8793828],[-52.4491066,-27.8865263],[-52.4631795,-27.9095749],[-52.4861859,-27.9113546],[-52.5120998,-27.9263188],[-52.5172554,-27.9219351],[-52.527134,-27.9375547],[-52.5211002,-27.9415205],[-52.5419526,-27.9395289],[-52.5395437,-27.9557004],[-52.5614825,-27.9402716],[-52.555124,-27.9557179],[-52.5602941,-27.960387],[-52.5761846,-27.946419],[-52.5960895,-27.9483062],[-52.5974695,-27.9413154],[-52.6036167,-27.951581],[-52.6110877,-27.9469954],[-52.6076011,-27.9345295],[-52.5919216,-27.9293775],[-52.5967303,-27.9227173],[-52.5825079,-27.9290913],[-52.574807,-27.91767],[-52.5883313,-27.9106824],[-52.5732157,-27.9051236],[-52.5956593,-27.8990964],[-52.5878023,-27.8915256],[-52.6016691,-27.888074],[-52.5612367,-27.8755921],[-52.5609649,-27.8644561],[-52.4946952,-27.8065631],[-52.4866611,-27.7790943],[-52.4954079,-27.7676389],[-52.4622701,-27.7536254],[-52.4610929,-27.733189],[-52.433097,-27.7383751],[-52.4289245,-27.7559142],[-52.4189459,-27.7567887],[-52.4219887,-27.7665852],[-52.3994803,-27.7707692],[-52.398423,-27.7778064],[-52.3689584,-27.7518531],[-52.3490708,-27.7557884],[-52.3281974,-27.7489884],[-52.3241807,-27.7668436],[-52.3432912,-27.7804723],[-52.3492099,-27.7987469],[-52.3639892,-27.7904834]]]}},{"type":"Feature","properties":{"level":"municipio","municipality_code":"4315321","municipality_name":"Quevedos","uf":"RS","state_code":"43","area_km2":543.359},"geometry":{"type":"Polygon","coordinates":[[[-54.0236913,-29.1056759],[-54.0111686,-29.1196295],[-53.9784951,-29.1299306],[-53.9773797,-29.1462371],[-53.9547163,-29.1737444],[-53.956598,-29.1848891],[-53.9421394,-29.1907931],[-53.9409711,-29.2003353],[-53.9342289,-29.1967251],[-53.9340225,-29.2091746],[-53.9196659,-29.2166243],[-53.9176527,-29.2263877],[-53.9268808,-29.2334113],[-53.913584,-29.2408529],[-53.929649,-29.2420487],[-53.931394,-29.2508542],[-53.9420103,-29.2465349],[-53.9476526,-29.2734598],[-53.9637337,-29.2942066],[-53.9872322,-29.2982636],[-53.9890669,-29.3313697],[-53.9976659,-29.3359371],[-54.0010834,-29.3539105],[-54.0160001,-29.359495],[-53.9999269,-29.3667973],[-54.0007417,-29.3743594],[-54.0169267,-29.3767419],[-54.0005543,-29.3963574],[-54.0147738,-29.3969863],[-54.0216992,-29.3880068],[-54.0253841,-29.4087978],[-54.0413969,-29.4035098],[-54.0608448,-29.4377607],[-54.0736293,-29.4308706],[-54.0693243,-29.4471906],[-54.0910585,-29.4446126],[-54.1025617,-29.4726709],[-54.1092304,-29.4737491],[-54.1091428,-29.4631315],[-54.1215683,-29.4630918],[-54.1501941,-29.4829428],[-54.1649441,-29.4580949],[-54.1727715,-29.4690311],[-54.1691422,-29.4825719],[-54.1912294,-29.4824508],[-54.198148,-29.4739071],[-54.1948296,-29.4600881],[-54.2024508,-29.461614],[-54.200272,-29.4545037],[-54.2120051,-29.4432057],[-54.1959538,-29.4416144],[-54.1963032,-29.4303747],[-54.2091449,-29.425136],[-54.1998494,-29.4166644],[-54.2023752,-29.4011531],[-54.193527,-29.3978083],[-54.1990817,-29.3922905],[-54.1797182,-29.3648277],[-54.1894049,-29.3549805],[-54.177166,-29.3588487],[-54.1640271,-29.3434354],[-54.167698,-29.3245625],[-54.1584914,-29.3261508],[-54.15251,-29.3158619],[-54.1628887,-29.311364],[-54.1517154,-29.3103838],[-54.1572652,-29.2851864],[-54.1348772,-29.2793024],[-54.1241499,-29.2687796],[-54.1303499,-29.2619305],[-54.1069988,-29.2476099],[-54.1123137,-29.2385889],[-54.1018193,-29.2426257],[-54.0983595,-29.2337831],[-54.0881811,-29.2393513],[-54.087298,-29.2253642],[-54.078629,-29.2273264],[-54.076478,-29.2130512],[-54.0650861,-29.2109307],[-54.0700593,-29.1987601],[-54.0608238,-29.1993267],[-54.0448613,-29.1785668],[-54.0383838,-29.1653659],[-54.0422305,-29.1407478],[-54.033143,-29.1351323],[-54.0236913,-29.1056759]]]}},{"type":"Feature","properties":{"level":"municipio","municipality_code":"4315354","municipality_name":"Quinze de Novembro","uf":"RS","state_code":"43","area_km2":223.072},"geometry":{"type":"Polygon","coordinates":[[[-53.124151,-28.7555157],[-53.2139797,-28.7457754],[-53.2347973,-28.7535737],[-53.2339228,-28.745594],[-53.261081,-28.7308078],[-53.2645864,-28.7109958],[-53.2406585,-28.6820987],[-53.2257339,-28.6988462],[-53.1898558,-28.706989],[-53.1889079,-28.7166967],[-53.1727,-28.726236],[-53.158413,-28.7206371],[-53.1572127,-28.7018256],[-53.1296674,-28.696246],[-53.0959143,-28.7013009],[-53.057434,-28.6897517],[-53.030403,-28.690035],[-53.0127917,-28.7149701],[-53.0147692,-28.7241804],[-53.032032,-28.7265275],[-53.0254661,-28.741353],[-53.0384803,-28.7654389],[-53.0322562,-28.7749611],[-53.063871,-28.7985635],[-53.0552434,-28.8136647],[-53.0707448,-28.8457763],[-53.0823772,-28.8522151],[-53.0792664,-28.8624837],[-53.092846,-28.871043],[-53.108087,-28.8679161],[-53.12072,-28.8810511],[-53.1328423,-28.8724672],[-53.1152285,-28.8341263],[-53.1167315,-28.8031906],[-53.136985,-28.8076043],[-53.1518836,-28.7967883],[-53.1356137,-28.775513],[-53.1420056,-28.7650737],[-53.124151,-28.7555157]]]}},{"type":"Feature","properties":{"level":"municipio","municipality_code":"4315404","municipality_name":"Redentora","uf":"RS","state_code":"43","area_km2":303.705},"geometry":{"type":"Polygon","coordinates":[[[-53.6348748,-27.7078283],[-53.6753841,-27.6881278],[-53.6896428,-27.6730467],[-53.7336767,-27.6618802],[-53.7176343,-27.6591957],[-53.7103526,-27.6297534],[-53.6947084,-27.6399052],[-53.6681082,-27.6030709],[-53.6850843,-27.5908361],[-53.6773328,-27.5701455],[-53.6811891,-27.5479753],[-53.6678219,-27.5501898],[-53.6592626,-27.5403332],[-53.6720068,-27.5265257],[-53.7001222,-27.4468421],[-53.6808749,-27.4484119],[-53.6708734,-27.4323517],[-53.6480897,-27.4193431],[-53.6505454,-27.4262929],[-53.6262628,-27.4495775],[-53.6162197,-27.4726689],[-53.5728632,-27.442717],[-53.5611484,-27.4408896],[-53.5526923,-27.4559865],[-53.5703449,-27.4669335],[-53.5668416,-27.4720119],[-53.5611035,-27.4637639],[-53.5539077,-27.4767647],[-53.5726616,-27.4817119],[-53.5726421,-27.5084332],[-53.5637613,-27.5155891],[-53.5831237,-27.5200611],[-53.5643484,-27.5324189],[-53.5829892,-27.5314192],[-53.5689335,-27.542956],[-53.5829779,-27.5411915],[-53.582208,-27.5497203],[-53.5731491,-27.5507625],[-53.5755314,-27.5581714],[-53.5952056,-27.5639352],[-53.5798879,-27.5608751],[-53.5695372,-27.5661422],[-53.5836279,-27.5691761],[-53.5685122,-27.5781269],[-53.5799572,-27.5773619],[-53.5867417,-27.5890416],[-53.5790134,-27.5908624],[-53.5784408,-27.6143322],[-53.5645292,-27.6182653],[-53.5604103,-27.6291145],[-53.5676022,-27.6305061],[-53.5575867,-27.6427068],[-53.5726425,-27.6394357],[-53.5676603,-27.6368783],[-53.5733014,-27.6270997],[-53.5819367,-27.6277738],[-53.5768899,-27.6390964],[-53.5870371,-27.6380993],[-53.5807848,-27.644221],[-53.5894288,-27.652062],[-53.5766853,-27.6569906],[-53.5824014,-27.6623102],[-53.5760648,-27.6641574],[-53.5778851,-27.6799923],[-53.6348748,-27.7078283]]]}},{"type":"Feature","properties":{"level":"municipio","municipality_code":"4315453","municipality_name":"Relvado","uf":"RS","state_code":"43","area_km2":108.188},"geometry":{"type":"Polygon","coordinates":[[[-52.0048059,-29.1260502],[-51.993203,-29.1480256],[-51.9845093,-29.1453816],[-51.9806025,-29.1522035],[-52.0025214,-29.1672811],[-52.0704541,-29.1607141],[-52.0705253,-29.1672878],[-52.0865287,-29.1705931],[-52.0887241,-29.1544707],[-52.1219885,-29.1484368],[-52.1376206,-29.1348291],[-52.151636,-29.0878215],[-52.1277483,-29.0844448],[-52.1238147,-29.092963],[-52.089808,-29.1082442],[-52.0892876,-29.0869329],[-52.0573412,-29.0927342],[-52.0582612,-29.0587679],[-52.0433878,-29.0583595],[-52.0468254,-29.0693068],[-52.0175806,-29.0908175],[-52.0214598,-29.0996455],[-52.0088858,-29.106837],[-52.0066269,-29.1174785],[-51.999627,-29.1152155],[-52.0048059,-29.1260502]]]}},{"type":"Feature","properties":{"level":"municipio","municipality_code":"4315503","municipality_name":"Restinga Sêca","uf":"RS","state_code":"43","area_km2":968.62},"geometry":{"type":"Polygon","coordinates":[[[-53.4025979,-29.9323347],[-53.4688865,-29.879981],[-53.4827311,-29.8823819],[-53.4837521,-29.8756119],[-53.4991074,-29.8738307],[-53.506317,-29.8833187],[-53.5483152,-29.8685524],[-53.5487518,-29.8317279],[-53.5610559,-29.8329083],[-53.5651809,-29.8134275],[-53.5564435,-29.7908479],[-53.5372704,-29.7899894],[-53.5393665,-29.7804191],[-53.5175412,-29.7722158],[-53.5347118,-29.7546971],[-53.5297863,-29.7472806],[-53.53432,-29.7284047],[-53.5457975,-29.7232522],[-53.5452601,-29.7022312],[-53.421723,-29.6511411],[-53.4025699,-29.6287815],[-53.3899713,-29.6277006],[-53.3512767,-29.6412448],[-53.3599494,-29.6533252],[-53.3519299,-29.6715062],[-53.3301449,-29.6734611],[-53.3122019,-29.6856115],[-53.3036905,-29.6825762],[-53.3021653,-29.6715967],[-53.2945783,-29.6733263],[-53.2815543,-29.6920319],[-53.289179,-29.7332798],[-53.2789757,-29.7225779],[-53.2539321,-29.7295083],[-53.2538823,-29.7464866],[-53.2825069,-29.7608912],[-53.2908464,-29.7788546],[-53.289637,-29.7857261],[-53.2659598,-29.7832382],[-53.2748662,-29.8004827],[-53.2345325,-29.8152343],[-53.226927,-29.826406],[-53.2097843,-29.826253],[-53.2011089,-29.8367129],[-53.1804564,-29.7739262],[-53.174548,-29.7697275],[-53.1632735,-29.7771767],[-53.1613174,-29.8128856],[-53.1200569,-29.8350416],[-53.1100374,-29.8501047],[-53.1209839,-29.8965767],[-53.1191677,-29.9225353],[-53.0813547,-29.930515],[-53.098659,-29.9473678],[-53.0958966,-29.9623662],[-53.0883118,-29.9645861],[-53.1141796,-29.9719475],[-53.1688642,-29.9612088],[-53.1724333,-29.9673339],[-53.1961445,-29.960949],[-53.2264598,-29.9668888],[-53.238295,-29.9585412],[-53.2405995,-29.9689813],[-53.2927854,-29.9346321],[-53.309818,-29.9316703],[-53.3178661,-29.9361874],[-53.317135,-29.9460851],[-53.3454921,-29.927314],[-53.3639334,-29.9246995],[-53.3862287,-29.9357473],[-53.3916319,-29.9283577],[-53.4025979,-29.9323347]]]}},{"type":"Feature","properties":{"level":"municipio","municipality_code":"4315602","municipality_name":"Rio Grande","uf":"RS","state_code":"43","area_km2":2682.867},"geometry":{"type":"Polygon","coordinates":[[[-52.1017223,-32.0459185],[-52.1445609,-32.0669327],[-52.1577999,-32.1113302],[-52.1491866,-32.1163664],[-52.1031301,-32.0679567],[-52.0855416,-32.061065],[-52.1048451,-32.1047742],[-52.0972038,-32.1616693],[-52.133079,-32.1739267],[-52.1990058,-32.2266002],[-52.2768146,-32.3140729],[-52.3681675,-32.4817519],[-52.4229395,-32.6287995],[-52.5849815,-32.6434573],[-52.6128491,-32.6340406],[-52.6209426,-32.6379171],[-52.5876106,-32.5377458],[-52.5859499,-32.5085782],[-52.6159549,-32.4321015],[-52.6884085,-32.319529],[-52.6906879,-32.29663],[-52.6177577,-32.1300589],[-52.5716626,-32.1124156],[-52.5618668,-32.0994668],[-52.5306516,-32.0932395],[-52.4917967,-32.0552826],[-52.4414857,-32.0642552],[-52.4332626,-32.0502303],[-52.4095498,-32.0385212],[-52.408483,-32.0298107],[-52.4195419,-32.0247116],[-52.4189575,-31.9692479],[-52.3902387,-31.9455638],[-52.3803282,-31.9103077],[-52.408045,-31.8633313],[-52.3896375,-31.852866],[-52.39338,-31.8255836],[-52.3854273,-31.8086397],[-52.3020142,-31.7735672],[-52.2235517,-31.7889463],[-52.213315,-31.8069977],[-52.2313323,-31.8090671],[-52.2226171,-31.819319],[-52.2231878,-31.8429338],[-52.2264577,-31.8483089],[-52.238485,-31.8386581],[-52.2543587,-31.8432133],[-52.2496421,-31.8754696],[-52.2297698,-31.8952858],[-52.2282915,-31.8842924],[-52.2373482,-31.8782952],[-52.2210686,-31.8720921],[-52.1898029,-31.9007381],[-52.1372562,-31.91965],[-52.1148111,-31.9419594],[-52.1124437,-31.947011],[-52.1121368,-31.9502302],[-52.1209696,-31.9433645],[-52.1446237,-31.9502808],[-52.1416145,-31.9384145],[-52.1501361,-31.9273313],[-52.1561193,-31.9341005],[-52.1506817,-31.9500386],[-52.1665505,-31.9428995],[-52.1750235,-31.9523967],[-52.1853853,-31.949567],[-52.1883122,-31.9631978],[-52.2194335,-31.9593381],[-52.2394406,-31.9847156],[-52.2347534,-32.0192034],[-52.2456465,-32.0282964],[-52.2527196,-32.0528359],[-52.2276352,-32.0359317],[-52.2023228,-32.0389419],[-52.1962458,-32.0271881],[-52.2062689,-32.01058],[-52.1935584,-32.0044162],[-52.1960852,-31.9920072],[-52.1874595,-31.9816922],[-52.1253821,-31.9805974],[-52.1279851,-31.9731143],[-52.1244405,-31.9696475],[-52.1343261,-31.9635027],[-52.1405673,-31.9579551],[-52.1365738,-31.9565006],[-52.1205532,-31.9682524],[-52.1252661,-31.9805851],[-52.1094471,-31.9808795],[-52.0966767,-32.0040698],[-52.1599255,-32.0272198],[-52.1956218,-32.0276155],[-52.2020267,-32.0390645],[-52.194657,-32.0587301],[-52.2093031,-32.0600262],[-52.2148393,-32.072179],[-52.2314874,-32.0698437],[-52.2398884,-32.0799672],[-52.2156355,-32.0840106],[-52.2070974,-32.0705611],[-52.2033618,-32.0757213],[-52.1713536,-32.0555378],[-52.1361896,-32.0456902],[-52.1095508,-32.0246273],[-52.0696169,-32.0295509],[-52.0640887,-32.0459807],[-52.0753494,-32.0314924],[-52.0712788,-32.0522555],[-52.0833837,-32.0495779],[-52.0878863,-32.0581009],[-52.0863348,-32.0518603],[-52.1017223,-32.0459185]]]}},{"type":"Feature","properties":{"level":"municipio","municipality_code":"4315701","municipality_name":"Rio Pardo","uf":"RS","state_code":"43","area_km2":2051.112},"geometry":{"type":"Polygon","coordinates":[[[-52.153105,-29.9274741],[-52.113413,-29.9324759],[-52.1045704,-29.9456145],[-52.1394194,-29.9393605],[-52.1549734,-29.9772961],[-52.1463122,-30.02027],[-52.1538213,-30.0285013],[-52.1525255,-30.0534601],[-52.1627964,-30.0663012],[-52.1662001,-30.0935378],[-52.1586476,-30.1026808],[-52.1695945,-30.1255252],[-52.1480449,-30.1623936],[-52.1609853,-30.1832584],[-52.1613536,-30.205016],[-52.1359811,-30.2172078],[-52.1390338,-30.2321251],[-52.1664754,-30.2553959],[-52.1659807,-30.2747991],[-52.1770753,-30.2769443],[-52.1711249,-30.3071133],[-52.1587171,-30.3165799],[-52.1631941,-30.3222432],[-52.1739642,-30.3262483],[-52.1858135,-30.2883251],[-52.2032251,-30.2760106],[-52.2097606,-30.2595991],[-52.2244487,-30.2558895],[-52.2349818,-30.2670677],[-52.2436594,-30.2621502],[-52.2597242,-30.2706012],[-52.2778242,-30.2635471],[-52.2729866,-30.2424457],[-52.2857535,-30.2185073],[-52.277833,-30.1830485],[-52.2940765,-30.1697199],[-52.2942835,-30.1563099],[-52.2565144,-30.1420656],[-52.2844305,-30.137049],[-52.327529,-30.1434871],[-52.3345152,-30.164901],[-52.3510317,-30.1417533],[-52.3773292,-30.1278777],[-52.3725944,-30.1140895],[-52.3871469,-30.0842066],[-52.4094019,-30.0869427],[-52.4188663,-30.0787953],[-52.436878,-30.091229],[-52.4890912,-30.0908276],[-52.4912289,-30.0963927],[-52.4751516,-30.1053815],[-52.4949381,-30.1121955],[-52.5070983,-30.1078706],[-52.5093219,-30.0937734],[-52.5246641,-30.1014623],[-52.5200662,-30.1181307],[-52.543716,-30.1413231],[-52.543956,-30.1550893],[-52.5579592,-30.1721362],[-52.5520962,-30.1897937],[-52.5370795,-30.1933259],[-52.5320341,-30.2185342],[-52.5386407,-30.2348327],[-52.5321665,-30.2794467],[-52.5593622,-30.2851918],[-52.5573405,-30.3448691],[-52.5359747,-30.3552642],[-52.5814412,-30.3731146],[-52.5951412,-30.3436463],[-52.6089774,-30.3396129],[-52.6029094,-30.3151711],[-52.6158324,-30.2956816],[-52.6261545,-30.244261],[-52.6453028,-30.2113961],[-52.6566215,-30.2122323],[-52.6545897,-30.1971183],[-52.6690326,-30.1877167],[-52.6721698,-30.161847],[-52.6620131,-30.1414075],[-52.6759298,-30.1343599],[-52.6695712,-30.1215455],[-52.682464,-30.1044426],[-52.6754314,-30.0790726],[-52.6894049,-30.0708162],[-52.6907376,-30.0612127],[-52.6657002,-30.0254053],[-52.6142013,-30.026319],[-52.6071564,-30.0330698],[-52.6054239,-30.0267025],[-52.6437067,-29.9945424],[-52.6634853,-29.9880113],[-52.686689,-29.9993797],[-52.6820598,-29.9902271],[-52.7026867,-29.9742223],[-52.7100909,-29.957021],[-52.7052716,-29.9171598],[-52.718893,-29.9055976],[-52.7413411,-29.9047394],[-52.7546102,-29.8855588],[-52.7559748,-29.8486812],[-52.7368517,-29.8201405],[-52.7409669,-29.8043242],[-52.7036726,-29.7926976],[-52.660792,-29.8006147],[-52.5969313,-29.7857326],[-52.5702895,-29.7954719],[-52.5646297,-29.806679],[-52.5524163,-29.8040979],[-52.551793,-29.8303305],[-52.5042995,-29.839972],[-52.5105439,-29.8458205],[-52.5032032,-29.8540104],[-52.5098098,-29.8728676],[-52.4919437,-29.8798028],[-52.4918215,-29.8738918],[-52.4785083,-29.8718801],[-52.4780776,-29.8826892],[-52.4674978,-29.8900878],[-52.4769381,-29.9021797],[-52.4631511,-29.898378],[-52.459262,-29.9251378],[-52.4357601,-29.9134067],[-52.4344639,-29.8679337],[-52.4125715,-29.8568096],[-52.3998478,-29.8399845],[-52.3141497,-29.8354998],[-52.311559,-29.8651823],[-52.2969946,-29.872804],[-52.2723455,-29.8678606],[-52.2295446,-29.8406434],[-52.2127221,-29.8413576],[-52.1780222,-29.8266896],[-52.1747044,-29.8399116],[-52.1866957,-29.8526815],[-52.1842271,-29.8793732],[-52.1934363,-29.8896954],[-52.1954148,-29.9137127],[-52.1799283,-29.9333719],[-52.153105,-29.9274741]]]}},{"type":"Feature","properties":{"level":"municipio","municipality_code":"4315552","municipality_name":"Rio dos Índios","uf":"RS","state_code":"43","area_km2":235.854},"geometry":{"type":"Polygon","coordinates":[[[-52.9079369,-27.3116076],[-52.9276439,-27.3172564],[-52.9655105,-27.2843442],[-52.9576507,-27.2790962],[-52.9659618,-27.2722236],[-52.954511,-27.2723053],[-52.9668731,-27.2616831],[-52.9499166,-27.2519894],[-52.9654548,-27.2419275],[-52.9592765,-27.2191492],[-52.9712349,-27.2178361],[-52.9566923,-27.1632578],[-52.9383215,-27.1708051],[-52.9376012,-27.1983545],[-52.9293114,-27.2040764],[-52.9019062,-27.19842],[-52.8667122,-27.1727568],[-52.8485445,-27.171187],[-52.8456748,-27.2074461],[-52.8009681,-27.2034295],[-52.7987473,-27.2232178],[-52.78209,-27.2367347],[-52.7937066,-27.2440062],[-52.78956,-27.2564751],[-52.8000449,-27.2655383],[-52.7942881,-27.2921261],[-52.8148665,-27.3029641],[-52.8349632,-27.3358106],[-52.8692274,-27.3404053],[-52.8723304,-27.3277767],[-52.9079369,-27.3116076]]]}},{"type":"Feature","properties":{"level":"municipio","municipality_code":"4315750","municipality_name":"Riozinho","uf":"RS","state_code":"43","area_km2":239.09},"geometry":{"type":"Polygon","coordinates":[[[-50.3832567,-29.7192961],[-50.4629499,-29.6770473],[-50.4719858,-29.6590519],[-50.4803952,-29.657416],[-50.4818266,-29.6354714],[-50.4884976,-29.6319378],[-50.46838,-29.6203539],[-50.4660783,-29.6072832],[-50.4828271,-29.5947018],[-50.4324178,-29.5560465],[-50.4325812,-29.5335539],[-50.4212132,-29.5183275],[-50.4054559,-29.5188652],[-50.3477194,-29.4943283],[-50.356819,-29.5241602],[-50.344897,-29.5257896],[-50.3405639,-29.5436616],[-50.3556615,-29.5520021],[-50.3443182,-29.5853153],[-50.3262704,-29.5876303],[-50.3488658,-29.5889503],[-50.3454646,-29.5985129],[-50.3308269,-29.6020566],[-50.3599376,-29.6320353],[-50.3504218,-29.6410896],[-50.3504084,-29.6617537],[-50.3408992,-29.6533041],[-50.3356059,-29.6627932],[-50.3210128,-29.6562712],[-50.3136405,-29.6742501],[-50.3322163,-29.6829329],[-50.33667,-29.7006455],[-50.3555101,-29.7033825],[-50.3586378,-29.7157672],[-50.3832567,-29.7192961]]]}},{"type":"Feature","properties":{"level":"municipio","municipality_code":"4315800","municipality_name":"Roca Sales","uf":"RS","state_code":"43","area_km2":208.108},"geometry":{"type":"Polygon","coordinates":[[[-51.7555188,-29.2186882],[-51.7547847,-29.2605618],[-51.7750537,-29.2526883],[-51.7756019,-29.2602125],[-51.8014838,-29.2597738],[-51.7970018,-29.2994147],[-51.7800255,-29.2989236],[-51.7759073,-29.3425942],[-51.9141652,-29.3481736],[-51.9174476,-29.3359179],[-51.894605,-29.3140987],[-51.9001402,-29.2903077],[-51.891382,-29.2809139],[-51.8702316,-29.2830163],[-51.8653497,-29.2510339],[-51.8505764,-29.2288152],[-51.8729087,-29.2257503],[-51.8716465,-29.1952972],[-51.895755,-29.1784783],[-51.859948,-29.1640699],[-51.8539072,-29.1577864],[-51.8569629,-29.1418738],[-51.8297621,-29.1372011],[-51.8429429,-29.1484618],[-51.822277,-29.18315],[-51.8045351,-29.17451],[-51.789852,-29.1860388],[-51.7580116,-29.1851715],[-51.7468549,-29.2155197],[-51.7555188,-29.2186882]]]}},{"type":"Feature","properties":{"level":"municipio","municipality_code":"4315909","municipality_name":"Rodeio Bonito","uf":"RS","state_code":"43","area_km2":83.278},"geometry":{"type":"Polygon","coordinates":[[[-53.1656659,-27.5086495],[-53.1950148,-27.5201427],[-53.188351,-27.4942517],[-53.2138704,-27.485266],[-53.2123033,-27.4923355],[-53.2439738,-27.5027262],[-53.2467617,-27.4957794],[-53.2145158,-27.465748],[-53.2035643,-27.4648611],[-53.2034122,-27.4226274],[-53.1819077,-27.4245746],[-53.1770441,-27.4150695],[-53.182631,-27.4050952],[-53.1469773,-27.4010751],[-53.1241011,-27.4342918],[-53.1332284,-27.4442597],[-53.128095,-27.4501617],[-53.1414842,-27.4411723],[-53.1425079,-27.4469232],[-53.1203954,-27.4632186],[-53.1527949,-27.4749247],[-53.1211592,-27.4935684],[-53.1613727,-27.4959407],[-53.1259014,-27.5102155],[-53.144203,-27.5224924],[-53.1638336,-27.5178048],[-53.1656659,-27.5086495]]]}},{"type":"Feature","properties":{"level":"municipio","municipality_code":"4315958","municipality_name":"Rolador","uf":"RS","state_code":"43","area_km2":295.201},"geometry":{"type":"Polygon","coordinates":[[[-54.7914521,-28.1877927],[-54.7952233,-28.1765567],[-54.7824259,-28.1708747],[-54.7816679,-28.1528987],[-54.7707632,-28.1583592],[-54.7658309,-28.1896995],[-54.7397747,-28.1772586],[-54.7330792,-28.180754],[-54.7519978,-28.2097789],[-54.7611714,-28.2532862],[-54.7507657,-28.314694],[-54.7666826,-28.3343592],[-54.7771521,-28.3328528],[-54.7891931,-28.3652203],[-54.8095139,-28.3610121],[-54.8203444,-28.3730937],[-54.8467743,-28.3619475],[-54.8544281,-28.3706085],[-54.8660911,-28.3756103],[-54.8580437,-28.3687668],[-54.8676219,-28.3651752],[-54.8642202,-28.3432017],[-54.8447505,-28.3353656],[-54.8677558,-28.3118415],[-54.8638647,-28.3048914],[-54.8757808,-28.2766755],[-54.8831356,-28.2710692],[-54.90308,-28.288854],[-54.9225587,-28.2656954],[-54.9239473,-28.2542521],[-54.9501112,-28.225255],[-54.9498854,-28.1986413],[-54.9588982,-28.1882621],[-54.946083,-28.1798261],[-54.9285607,-28.2011009],[-54.9143668,-28.191833],[-54.9204835,-28.1794997],[-54.8993446,-28.1636652],[-54.8788377,-28.1904749],[-54.8845246,-28.1940635],[-54.8919718,-28.1833709],[-54.895307,-28.1957174],[-54.8817039,-28.2021473],[-54.8586578,-28.1867214],[-54.8611072,-28.1622497],[-54.8554649,-28.1610553],[-54.8422215,-28.1665871],[-54.837138,-28.1810504],[-54.8265377,-28.1743036],[-54.8075754,-28.1763729],[-54.7914521,-28.1877927]]]}},{"type":"Feature","properties":{"level":"municipio","municipality_code":"4316006","municipality_name":"Rolante","uf":"RS","state_code":"43","area_km2":296.09},"geometry":{"type":"Polygon","coordinates":[[[-50.5367071,-29.538786],[-50.4328876,-29.5372576],[-50.4324178,-29.5560465],[-50.482796,-29.5946477],[-50.4661486,-29.608635],[-50.46838,-29.6203539],[-50.4884976,-29.6319378],[-50.4818266,-29.6354714],[-50.4803378,-29.6575011],[-50.4719858,-29.6590519],[-50.4629499,-29.6770473],[-50.4498142,-29.6782772],[-50.4469303,-29.6926575],[-50.4915483,-29.6876571],[-50.4901713,-29.6996521],[-50.5074202,-29.69543],[-50.5257714,-29.7186636],[-50.5480967,-29.7124304],[-50.5571003,-29.7275507],[-50.5721213,-29.7338097],[-50.574493,-29.710887],[-50.6036191,-29.7066999],[-50.6319097,-29.6839498],[-50.6841095,-29.6768267],[-50.6365724,-29.6087263],[-50.6029368,-29.58911],[-50.5900513,-29.5532673],[-50.5367071,-29.538786]]]}},{"type":"Feature","properties":{"level":"municipio","municipality_code":"4316105","municipality_name":"Ronda Alta","uf":"RS","state_code":"43","area_km2":418.675},"geometry":{"type":"Polygon","coordinates":[[[-52.7801265,-27.8514036],[-52.7812668,-27.8265082],[-52.8186064,-27.8303651],[-52.8225318,-27.8077955],[-52.8617525,-27.8059678],[-52.8539508,-27.7974813],[-52.85887,-27.7724608],[-52.8816757,-27.7772164],[-52.8783069,-27.768333],[-52.8947791,-27.7508373],[-52.8836698,-27.7326181],[-52.8955717,-27.7211307],[-52.8620093,-27.7132019],[-52.8546853,-27.7029825],[-52.8765088,-27.6961774],[-52.8986869,-27.7032699],[-52.8819695,-27.6726848],[-52.8234788,-27.6711684],[-52.8074612,-27.6818203],[-52.7747283,-27.6814715],[-52.7731823,-27.6935377],[-52.7621934,-27.6899282],[-52.7589521,-27.6975533],[-52.7466076,-27.6911041],[-52.7509472,-27.710462],[-52.7393989,-27.7163249],[-52.751754,-27.7255456],[-52.7467198,-27.7474015],[-52.7344413,-27.7434314],[-52.7306759,-27.7519445],[-52.7301029,-27.7441681],[-52.7182336,-27.7458462],[-52.7092293,-27.7358596],[-52.7160644,-27.7611944],[-52.6968364,-27.7857328],[-52.7050654,-27.7979185],[-52.6764944,-27.7968015],[-52.6695443,-27.84007],[-52.6606452,-27.8337568],[-52.6554403,-27.8551336],[-52.6436909,-27.8549039],[-52.647615,-27.8763527],[-52.6350913,-27.8792554],[-52.6263757,-27.8641899],[-52.6221283,-27.8754833],[-52.607233,-27.8696244],[-52.5997769,-27.875334],[-52.6098198,-27.8791429],[-52.5974111,-27.8843016],[-52.6022328,-27.8901987],[-52.5878023,-27.8915256],[-52.5956593,-27.8990964],[-52.5730422,-27.9053577],[-52.5883313,-27.9106824],[-52.574807,-27.91767],[-52.582161,-27.9289612],[-52.5961493,-27.9222923],[-52.5970772,-27.9348323],[-52.6513065,-27.9481245],[-52.6961757,-27.9243986],[-52.7020386,-27.9105539],[-52.7373737,-27.9256831],[-52.7449077,-27.9450476],[-52.7658224,-27.9304176],[-52.7721488,-27.9154469],[-52.7580234,-27.8801466],[-52.7801265,-27.8514036]]]}},{"type":"Feature","properties":{"level":"municipio","municipality_code":"4316204","municipality_name":"Rondinha","uf":"RS","state_code":"43","area_km2":252.454},"geometry":{"type":"Polygon","coordinates":[[[-52.9045151,-27.8905815],[-52.9354515,-27.883407],[-52.9451489,-27.8699425],[-52.9460127,-27.8821437],[-52.9590935,-27.8709868],[-52.9713012,-27.8775957],[-52.987102,-27.8727942],[-52.9929081,-27.8586832],[-52.987198,-27.8572257],[-52.996139,-27.8505255],[-52.9886275,-27.8425772],[-52.9987617,-27.8396699],[-52.9886747,-27.8347501],[-53.0050239,-27.8331581],[-53.0171573,-27.8167506],[-53.0327907,-27.8148281],[-53.0017653,-27.7930876],[-52.9764464,-27.7889498],[-52.9727704,-27.7810327],[-52.9859294,-27.7623147],[-52.9726105,-27.7595951],[-52.9732364,-27.7710547],[-52.9427375,-27.770149],[-52.9174025,-27.7527956],[-52.9121914,-27.7383169],[-52.8823919,-27.7608364],[-52.8816757,-27.7772164],[-52.85887,-27.7724608],[-52.8539508,-27.7974813],[-52.8617525,-27.8059678],[-52.8225318,-27.8077955],[-52.8186064,-27.8303651],[-52.7812668,-27.8265082],[-52.7801265,-27.8514036],[-52.7580234,-27.8801466],[-52.7721488,-27.9154469],[-52.79432,-27.9131892],[-52.7964682,-27.900442],[-52.8158806,-27.8879395],[-52.8316195,-27.8925437],[-52.8539707,-27.8792449],[-52.8578852,-27.8852938],[-52.8973314,-27.8813407],[-52.9045151,-27.8905815]]]}},{"type":"Feature","properties":{"level":"municipio","municipality_code":"4316303","municipality_name":"Roque Gonzales","uf":"RS","state_code":"43","area_km2":349.084},"geometry":{"type":"Polygon","coordinates":[[[-54.992552,-28.1694966],[-55.0306328,-28.1791488],[-55.0415813,-28.1757965],[-55.0332989,-28.1401454],[-55.0476744,-28.1379875],[-55.0583512,-28.1486987],[-55.0669189,-28.143602],[-55.0503621,-28.1172948],[-55.0668428,-28.1112979],[-55.0881564,-28.127133],[-55.1042889,-28.117604],[-55.1010802,-28.0983905],[-55.1127002,-28.0990709],[-55.1164881,-28.0915635],[-55.1013695,-28.0638937],[-55.1260611,-28.0582807],[-55.1453219,-28.0855457],[-55.1523248,-28.0437794],[-55.1740855,-28.0538171],[-55.1813557,-28.0482888],[-55.1801008,-28.0353439],[-55.1936673,-28.0304991],[-55.1834522,-28.0123331],[-55.219099,-28.0217004],[-55.2242094,-28.0380286],[-55.2286211,-28.0255038],[-55.2440639,-28.0187026],[-55.2147797,-28.0030274],[-55.2456566,-28.0027988],[-55.2540335,-27.9906762],[-55.2929366,-27.9807298],[-55.2979293,-27.995031],[-55.3105524,-27.9953671],[-55.3180993,-27.9725204],[-55.3399894,-27.9665261],[-55.327282,-27.926738],[-55.3093708,-27.9222498],[-55.277769,-27.9329168],[-55.2782153,-27.9489143],[-55.2542655,-27.9498967],[-55.2421331,-27.9596476],[-55.2130686,-27.9532127],[-55.1832592,-27.9783807],[-55.179952,-27.9922708],[-55.1682642,-27.991886],[-55.1681159,-28.0114631],[-55.1528784,-28.0135975],[-55.1650111,-28.0199107],[-55.1545224,-28.0362369],[-55.1092505,-28.0336733],[-55.1074276,-28.0213099],[-55.0893239,-28.0272033],[-55.0894775,-28.0095165],[-55.0670869,-28.0115693],[-55.0503785,-28.0016826],[-55.0266672,-28.0192646],[-55.0177689,-28.03954],[-54.9935949,-28.0532612],[-54.928048,-28.0558391],[-54.9251888,-28.1389383],[-54.9430978,-28.1670377],[-54.9372047,-28.1794895],[-54.9520413,-28.1789216],[-54.965311,-28.1925718],[-54.9733492,-28.1604126],[-54.9870321,-28.1594054],[-55.0062257,-28.1417801],[-54.992552,-28.1694966]]]}},{"type":"Feature","properties":{"level":"municipio","municipality_code":"4316402","municipality_name":"Rosário do Sul","uf":"RS","state_code":"43","area_km2":4343.656},"geometry":{"type":"Polygon","coordinates":[[[-55.031664,-30.6748495],[-55.0368232,-30.6625445],[-55.0289151,-30.6501515],[-55.0464662,-30.6440768],[-55.0555427,-30.6274448],[-55.04033,-30.6036958],[-55.0367448,-30.5834058],[-55.0468164,-30.5840992],[-55.0542961,-30.5747536],[-55.0438894,-30.5637675],[-55.0406666,-30.5538981],[-55.0465804,-30.5506127],[-55.0357875,-30.5273161],[-55.054796,-30.5052155],[-55.0413139,-30.4984749],[-55.0306698,-30.5072217],[-55.0256448,-30.4993571],[-55.0106437,-30.5087296],[-54.984568,-30.493036],[-54.972161,-30.4618799],[-54.9753166,-30.445034],[-55.0087963,-30.4751453],[-55.0603377,-30.4427269],[-55.1027687,-30.4432052],[-55.1644397,-30.476643],[-55.1840472,-30.4980977],[-55.2195414,-30.5062104],[-55.2561034,-30.5285483],[-55.2617776,-30.5216334],[-55.2984806,-30.5188397],[-55.3509475,-30.5019245],[-55.3590671,-30.4833463],[-55.4038507,-30.4594373],[-55.4172795,-30.4297271],[-55.4421513,-30.4144305],[-55.5042599,-30.4066974],[-55.5217502,-30.3853527],[-55.6001987,-30.3840249],[-55.5947664,-30.3704483],[-55.6184713,-30.3632795],[-55.6120818,-30.3413535],[-55.6277911,-30.3262934],[-55.6435116,-30.3297358],[-55.6327247,-30.3216942],[-55.6363472,-30.3098885],[-55.6247075,-30.3047051],[-55.6410473,-30.3020571],[-55.6482107,-30.2935432],[-55.6435092,-30.2875654],[-55.6565054,-30.2785396],[-55.6733496,-30.2792249],[-55.6715946,-30.2715527],[-55.6917223,-30.2555149],[-55.689622,-30.2465553],[-55.6583656,-30.2439185],[-55.677583,-30.2359138],[-55.6749103,-30.2205897],[-55.6519609,-30.230731],[-55.6422741,-30.2169048],[-55.6741919,-30.1995996],[-55.6520655,-30.1800208],[-55.6748894,-30.1728953],[-55.6479528,-30.1618466],[-55.6575835,-30.1561104],[-55.6506864,-30.1508433],[-55.6626563,-30.1320369],[-55.6768119,-30.1218234],[-55.6712025,-30.1029285],[-55.657063,-30.1042764],[-55.6473588,-30.1189437],[-55.6381513,-30.1187649],[-55.609593,-30.1427334],[-55.538451,-30.1632407],[-55.5293439,-30.160222],[-55.5245035,-30.1403207],[-55.5020667,-30.1250652],[-55.4935221,-30.095066],[-55.4666058,-30.0734353],[-55.4645531,-30.0834624],[-55.4409357,-30.0940935],[-55.3842558,-30.0746984],[-55.3632008,-30.0816966],[-55.3130667,-30.0813064],[-55.2955773,-30.0885493],[-55.2884391,-30.1036378],[-55.2740936,-30.0810182],[-55.260402,-30.0846707],[-55.2238433,-30.0749984],[-55.2091882,-30.0856891],[-55.1880284,-30.0789721],[-55.1772295,-30.0453404],[-55.1627719,-30.0436681],[-55.142557,-30.054236],[-55.13683,-30.0418612],[-55.115474,-30.0466513],[-55.0966718,-30.0344767],[-55.1010768,-30.0535369],[-55.0734786,-30.1107309],[-55.0770636,-30.1242617],[-55.0605453,-30.1449224],[-55.0065617,-30.1299978],[-54.9862842,-30.0962042],[-54.9497369,-30.0834663],[-54.9326882,-30.0636082],[-54.8997752,-30.0790165],[-54.8915704,-30.0999677],[-54.8691123,-30.0955665],[-54.8172088,-30.1079459],[-54.7773606,-30.0822538],[-54.7765987,-30.0589707],[-54.7567067,-30.0386488],[-54.7556818,-30.0213234],[-54.7359329,-30.0209657],[-54.7191301,-30.0323004],[-54.7067394,-30.0252731],[-54.7004997,-30.0556043],[-54.6885441,-30.0629479],[-54.6707298,-30.0956136],[-54.6551004,-30.1086983],[-54.6313592,-30.106566],[-54.6269422,-30.1165994],[-54.6474862,-30.1361035],[-54.6469517,-30.1547785],[-54.6682213,-30.1556698],[-54.6637133,-30.1665929],[-54.6842908,-30.1977898],[-54.7082598,-30.2100199],[-54.7041904,-30.2240328],[-54.7131826,-30.2407049],[-54.7123248,-30.261707],[-54.7611763,-30.2823017],[-54.8474123,-30.2658648],[-54.8717086,-30.2691174],[-54.8791772,-30.2782989],[-54.8378695,-30.311403],[-54.8307086,-30.3288923],[-54.8173515,-30.3328565],[-54.8240498,-30.3254732],[-54.8173596,-30.3200395],[-54.8029897,-30.3239644],[-54.8106215,-30.3355572],[-54.7799253,-30.3588306],[-54.7793264,-30.3718541],[-54.7927461,-30.3702549],[-54.794881,-30.3842392],[-54.7771414,-30.3909565],[-54.769585,-30.4165662],[-54.7443227,-30.4205265],[-54.7491323,-30.4273947],[-54.7361381,-30.4366956],[-54.7437699,-30.4411723],[-54.7418175,-30.4518858],[-54.7130408,-30.4634906],[-54.7220511,-30.4773565],[-54.711056,-30.479618],[-54.7194273,-30.496161],[-54.7115861,-30.5031595],[-54.7390614,-30.5049064],[-54.748648,-30.517022],[-54.7343458,-30.5291602],[-54.7352551,-30.5598162],[-54.72015,-30.5784241],[-54.7301363,-30.5917643],[-54.723189,-30.6158765],[-54.7713087,-30.659734],[-54.7781051,-30.6951406],[-54.8017522,-30.7010868],[-54.8437867,-30.7354713],[-54.9146705,-30.7186384],[-54.9723737,-30.7335111],[-55.0106848,-30.7259157],[-55.021395,-30.7104736],[-55.0120817,-30.6864068],[-55.031664,-30.6748495]]]}},{"type":"Feature","properties":{"level":"municipio","municipality_code":"4316428","municipality_name":"Sagrada Família","uf":"RS","state_code":"43","area_km2":77.889},"geometry":{"type":"Polygon","coordinates":[[[-53.1126221,-27.7609335],[-53.1427168,-27.7447449],[-53.1480851,-27.7545721],[-53.1669315,-27.7497564],[-53.1768254,-27.7583961],[-53.1974925,-27.732889],[-53.1519201,-27.6991933],[-53.1550712,-27.6619138],[-53.1162328,-27.6426139],[-53.1034156,-27.6667444],[-53.0867085,-27.6638543],[-53.071416,-27.6737949],[-53.0948308,-27.6729263],[-53.1044865,-27.6821965],[-53.0956779,-27.6849594],[-53.1008446,-27.7003501],[-53.085471,-27.6986868],[-53.0796464,-27.7141639],[-53.1127258,-27.7151737],[-53.0943229,-27.7290593],[-53.0863986,-27.7233244],[-53.067903,-27.7285691],[-53.1035332,-27.7357883],[-53.1126221,-27.7609335]]]}},{"type":"Feature","properties":{"level":"municipio","municipality_code":"4316436","municipality_name":"Saldanha Marinho","uf":"RS","state_code":"43","area_km2":221.554},"geometry":{"type":"Polygon","coordinates":[[[-53.0543285,-28.3937964],[-53.0563019,-28.4184169],[-53.0469767,-28.4353117],[-53.0722852,-28.4675272],[-53.0737424,-28.4905274],[-53.0862031,-28.4990095],[-53.0988804,-28.486875],[-53.1367425,-28.4814837],[-53.134405,-28.4558877],[-53.1643408,-28.4501928],[-53.1668074,-28.4374517],[-53.1586707,-28.4417246],[-53.1575564,-28.4337889],[-53.1712075,-28.4227754],[-53.1631884,-28.4128484],[-53.1703766,-28.4048415],[-53.1610079,-28.4029444],[-53.1643013,-28.3958909],[-53.155469,-28.3909282],[-53.1650966,-28.3912825],[-53.1685295,-28.3779058],[-53.1559584,-28.3547513],[-53.137264,-28.3469461],[-53.1423875,-28.3390493],[-53.132803,-28.3442679],[-53.1227894,-28.3418904],[-53.1280034,-28.331878],[-53.1183447,-28.3355775],[-53.1138663,-28.306334],[-53.1238559,-28.3036258],[-53.1115288,-28.3018716],[-53.1198342,-28.2978705],[-53.1180581,-28.2895406],[-53.1077424,-28.2893504],[-53.1016559,-28.2785606],[-53.0774566,-28.2821512],[-53.0681231,-28.2982313],[-53.0614079,-28.2939275],[-53.0345795,-28.3174777],[-53.0215332,-28.3170943],[-53.0234676,-28.3508913],[-53.0392487,-28.3745912],[-53.0280157,-28.3765824],[-53.0058341,-28.3648304],[-52.9901574,-28.3714329],[-53.0085295,-28.3845017],[-53.040003,-28.3852304],[-53.0543285,-28.3937964]]]}},{"type":"Feature","properties":{"level":"municipio","municipality_code":"4316451","municipality_name":"Salto do Jacuí","uf":"RS","state_code":"43","area_km2":507.698},"geometry":{"type":"Polygon","coordinates":[[[-53.2080974,-29.1399857],[-53.2352343,-29.1414325],[-53.2546405,-29.136293],[-53.2758749,-29.1456784],[-53.2811518,-29.1287837],[-53.2868118,-29.1354756],[-53.2948536,-29.1262058],[-53.3321161,-29.1282236],[-53.3497194,-29.111552],[-53.3590198,-29.1179752],[-53.3563616,-29.1292155],[-53.3667466,-29.1221133],[-53.4054441,-29.1202425],[-53.4290835,-29.0949267],[-53.4408929,-29.0956324],[-53.4528251,-29.068085],[-53.4494069,-29.0472896],[-53.4159743,-29.0387507],[-53.4130007,-29.0070314],[-53.393687,-28.999922],[-53.3681207,-28.9741428],[-53.3535506,-28.988047],[-53.3413252,-28.9844059],[-53.347676,-28.9979663],[-53.3344656,-29.0061603],[-53.3374992,-29.0131331],[-53.3171906,-29.0126137],[-53.3171674,-29.0211313],[-53.3045817,-29.0114249],[-53.2983082,-28.9886488],[-53.2825897,-28.9846783],[-53.2586981,-28.9590192],[-53.2454477,-28.9584277],[-53.241939,-28.9681616],[-53.2351316,-28.9561581],[-53.2158555,-28.9550656],[-53.2127416,-28.9804704],[-53.1940885,-28.9867375],[-53.1777302,-29.0243353],[-53.1621801,-29.0332286],[-53.1527492,-29.0326326],[-53.1515479,-29.024731],[-53.1396982,-29.0269851],[-53.1309362,-29.0440403],[-53.1086263,-29.050325],[-53.1065227,-29.0660111],[-53.0739934,-29.0794519],[-53.0697754,-29.0991033],[-53.0767953,-29.1010316],[-53.0759743,-29.1247127],[-53.0474048,-29.1299551],[-53.0167519,-29.1556797],[-53.0345699,-29.1532059],[-53.0423306,-29.1633513],[-53.0617108,-29.156296],[-53.0566109,-29.1802619],[-53.0639197,-29.1818106],[-53.0955547,-29.1468499],[-53.0942656,-29.1398567],[-53.1150981,-29.1480052],[-53.1472038,-29.1299716],[-53.1636857,-29.1371746],[-53.1861387,-29.1303228],[-53.2080974,-29.1399857]]]}},{"type":"Feature","properties":{"level":"municipio","municipality_code":"4316477","municipality_name":"Salvador das Missões","uf":"RS","state_code":"43","area_km2":95.952},"geometry":{"type":"Polygon","coordinates":[[[-54.825974,-28.1742732],[-54.837138,-28.1810504],[-54.8422215,-28.1665871],[-54.8563524,-28.1610739],[-54.8565539,-28.0884734],[-54.8667665,-28.0884645],[-54.8698248,-28.036597],[-54.8645056,-28.0076],[-54.8584975,-28.0226544],[-54.8504279,-28.0127548],[-54.8394087,-28.0203145],[-54.8432457,-28.0288093],[-54.8368001,-28.0350091],[-54.8315463,-28.0345857],[-54.8342857,-28.0217412],[-54.8094342,-28.0229703],[-54.8228494,-28.030188],[-54.8097088,-28.0350947],[-54.8160521,-28.0506527],[-54.8080082,-28.0467245],[-54.8055372,-28.1267641],[-54.7952805,-28.1267988],[-54.7915614,-28.1882551],[-54.8056421,-28.1768097],[-54.825974,-28.1742732]]]}},{"type":"Feature","properties":{"level":"municipio","municipality_code":"4316501","municipality_name":"Salvador do Sul","uf":"RS","state_code":"43","area_km2":99.026},"geometry":{"type":"Polygon","coordinates":[[[-51.5262153,-29.4273206],[-51.4709362,-29.4395785],[-51.4579391,-29.452719],[-51.4548685,-29.4709651],[-51.4716498,-29.4809764],[-51.4574161,-29.4957233],[-51.4800744,-29.4934067],[-51.4719004,-29.5019865],[-51.4860972,-29.5096378],[-51.4940169,-29.484851],[-51.5108037,-29.4958893],[-51.4987788,-29.5056577],[-51.5200712,-29.5026729],[-51.5232206,-29.5063538],[-51.5202386,-29.5099067],[-51.5206513,-29.5110915],[-51.521643,-29.511513],[-51.5317197,-29.4954393],[-51.5413647,-29.504053],[-51.573675,-29.4780483],[-51.6017571,-29.4756547],[-51.5694699,-29.458017],[-51.5922411,-29.4402864],[-51.5914795,-29.4304543],[-51.6059931,-29.4400761],[-51.6426495,-29.4355211],[-51.6435882,-29.4248407],[-51.6408521,-29.4172372],[-51.5833784,-29.4082216],[-51.5847704,-29.4186659],[-51.5735802,-29.4196711],[-51.5723811,-29.4283622],[-51.5262153,-29.4273206]]]}},{"type":"Feature","properties":{"level":"municipio","municipality_code":"4316600","municipality_name":"Sananduva","uf":"RS","state_code":"43","area_km2":504.499},"geometry":{"type":"Polygon","coordinates":[[[-51.853708,-28.0094198],[-51.8912472,-28.0084164],[-51.8974389,-28.001843],[-51.9070224,-28.0077331],[-51.9111682,-27.9979832],[-51.9175206,-28.0035135],[-51.9298644,-27.9964378],[-51.9293886,-27.9906413],[-51.9080188,-27.9880933],[-51.9220232,-27.9776759],[-51.912223,-27.9757353],[-51.9272686,-27.9667357],[-51.9079298,-27.9636298],[-51.9184475,-27.9368065],[-51.9106435,-27.9323424],[-51.930772,-27.9323277],[-51.9202919,-27.9235401],[-51.9220594,-27.914006],[-51.9255564,-27.9051681],[-51.9352081,-27.9093127],[-51.9404371,-27.9020229],[-51.9176081,-27.8994285],[-51.9261393,-27.8928251],[-51.9307418,-27.8974722],[-51.9282998,-27.8898421],[-51.938741,-27.8867022],[-51.9254256,-27.8832505],[-51.9193764,-27.8700698],[-51.9372808,-27.8696702],[-51.9272182,-27.8590687],[-51.9354542,-27.8415201],[-51.9243584,-27.8547207],[-51.9198986,-27.8449334],[-51.9403604,-27.8344303],[-51.9444843,-27.8199532],[-51.9487063,-27.8273028],[-51.9616931,-27.8133638],[-51.9385694,-27.8145867],[-51.952147,-27.7890383],[-51.9397415,-27.7907772],[-51.9218483,-27.814265],[-51.9119484,-27.7983433],[-51.8782337,-27.8282115],[-51.8585367,-27.8326072],[-51.8480411,-27.851585],[-51.8103847,-27.866301],[-51.7652451,-27.8540066],[-51.764321,-27.845401],[-51.748965,-27.8543051],[-51.755775,-27.861003],[-51.7486441,-27.8724432],[-51.7528267,-27.8797625],[-51.7303944,-27.8904574],[-51.7393564,-27.8971936],[-51.7308837,-27.9113578],[-51.7384663,-27.9208223],[-51.7210949,-27.9259886],[-51.7375077,-27.9393113],[-51.7114676,-27.9459735],[-51.7120419,-27.9685207],[-51.6917758,-27.9662462],[-51.6962095,-27.987136],[-51.6869568,-27.9946476],[-51.68086,-27.9826704],[-51.6469166,-27.992057],[-51.6459448,-28.0037358],[-51.6643511,-28.0003994],[-51.6516868,-28.0139213],[-51.6674312,-28.01455],[-51.6762759,-28.0249197],[-51.6581055,-28.0269068],[-51.6459149,-28.0179219],[-51.6542671,-28.0350148],[-51.6468626,-28.0323258],[-51.6338867,-28.0476368],[-51.6917432,-28.0915549],[-51.6937603,-28.1236058],[-51.7036159,-28.1380402],[-51.7688392,-28.0589088],[-51.7761959,-28.027504],[-51.8030026,-28.0399088],[-51.8093348,-28.0257731],[-51.853708,-28.0094198]]]}},{"type":"Feature","properties":{"level":"municipio","municipality_code":"4317103","municipality_name":"Sant'Ana do Livramento","uf":"RS","state_code":"43","area_km2":6946.407},"geometry":{"type":"Polygon","coordinates":[[[-55.5140449,-30.9001218],[-55.5325267,-30.9023722],[-55.5459085,-30.8905441],[-55.5786148,-30.8329022],[-55.6045216,-30.8498621],[-55.6186522,-30.841693],[-55.6378614,-30.8462234],[-55.6489447,-30.8650805],[-55.6631488,-30.8718906],[-55.6421179,-30.9116009],[-55.6634682,-30.9331682],[-55.6585753,-30.9438279],[-55.6661864,-30.9539785],[-55.6884594,-30.9523611],[-55.6948726,-30.9434516],[-55.7096501,-30.9546249],[-55.7239052,-30.9427545],[-55.7282913,-30.9794525],[-55.7466391,-30.9794627],[-55.7523329,-30.9985831],[-55.773199,-30.9970539],[-55.7665585,-31.0100185],[-55.7767179,-31.0156009],[-55.8121834,-31.0146944],[-55.8297786,-31.0436981],[-55.8552817,-31.0451157],[-55.8707577,-31.0715702],[-55.8824455,-31.0772731],[-55.8986953,-31.0667089],[-55.92425,-31.0756979],[-55.9335974,-31.0870534],[-55.9792988,-31.0731996],[-55.9926745,-31.0850473],[-56.0111234,-31.0815778],[-56.0181024,-31.0099319],[-56.0056941,-30.973233],[-56.0152926,-30.9445104],[-56.005484,-30.9223194],[-56.0076947,-30.8935271],[-55.989645,-30.8589916],[-56.0087457,-30.8196782],[-56.0169692,-30.8184538],[-56.0128878,-30.8054914],[-56.0251841,-30.7985961],[-56.0229805,-30.7861433],[-56.0359768,-30.7841591],[-56.0391271,-30.7752235],[-56.0626115,-30.77459],[-56.0678533,-30.7475628],[-56.08839,-30.7575247],[-56.1073301,-30.7320019],[-56.12816,-30.7396251],[-56.130307,-30.7165151],[-56.1507922,-30.704701],[-56.1504353,-30.6940775],[-56.1374075,-30.6836287],[-56.1607576,-30.6712158],[-56.169983,-30.6540625],[-56.1655649,-30.6408919],[-56.1813449,-30.6313096],[-56.1709444,-30.6145239],[-56.1930011,-30.6037923],[-56.2198801,-30.6070783],[-56.2342055,-30.5936057],[-56.2344929,-30.5869889],[-56.2238412,-30.5847959],[-56.2331156,-30.5748545],[-56.2618388,-30.5846466],[-56.2583376,-30.562013],[-56.2659205,-30.5545376],[-56.2821529,-30.55985],[-56.2898655,-30.5322561],[-56.2565392,-30.5245082],[-56.2459808,-30.501435],[-56.2339518,-30.5100202],[-56.2196181,-30.4958075],[-56.1814376,-30.481764],[-56.1833849,-30.473562],[-56.1727951,-30.4735221],[-56.1713504,-30.4654651],[-56.1547244,-30.4699589],[-56.1309709,-30.4561617],[-56.0907841,-30.4545963],[-56.0586564,-30.4351417],[-56.0238232,-30.4418895],[-55.9470673,-30.4222715],[-55.9278602,-30.4307699],[-55.9151144,-30.4243435],[-55.8321126,-30.4323603],[-55.7729017,-30.4088363],[-55.7640381,-30.3947745],[-55.7083346,-30.4052737],[-55.6779115,-30.3857876],[-55.6884668,-30.3767415],[-55.6884335,-30.3570606],[-55.673438,-30.3499784],[-55.6781796,-30.3191124],[-55.6608141,-30.3046818],[-55.6814791,-30.2978465],[-55.6845054,-30.2859049],[-55.667055,-30.275016],[-55.6653362,-30.281655],[-55.6584866,-30.2778575],[-55.643848,-30.2870876],[-55.6482107,-30.2935432],[-55.6410473,-30.3020571],[-55.6247075,-30.3047051],[-55.6363472,-30.3098885],[-55.6327247,-30.3216942],[-55.6435116,-30.3297358],[-55.6277911,-30.3262934],[-55.6120818,-30.3413535],[-55.6184713,-30.3632795],[-55.5947664,-30.3704483],[-55.6001987,-30.3840249],[-55.5217502,-30.3853527],[-55.5042599,-30.4066974],[-55.4421513,-30.4144305],[-55.4172795,-30.4297271],[-55.4038507,-30.4594373],[-55.3590671,-30.4833463],[-55.3509475,-30.5019245],[-55.2984806,-30.5188397],[-55.263231,-30.5212451],[-55.2561034,-30.5285483],[-55.2410061,-30.5231387],[-55.2195414,-30.5062104],[-55.1840472,-30.4980977],[-55.1644397,-30.476643],[-55.1027687,-30.4432052],[-55.0603377,-30.4427269],[-55.0087963,-30.4751453],[-54.9753166,-30.445034],[-54.972161,-30.4618799],[-54.984568,-30.493036],[-55.0106437,-30.5087296],[-55.0256448,-30.4993571],[-55.0306698,-30.5072217],[-55.0413139,-30.4984749],[-55.054796,-30.5052155],[-55.0357875,-30.5273161],[-55.0465804,-30.5506127],[-55.0423273,-30.5511126],[-55.0406666,-30.5538981],[-55.0438894,-30.5637675],[-55.0540146,-30.5714299],[-55.0472874,-30.5838472],[-55.0367448,-30.5834058],[-55.0542958,-30.6338043],[-55.0289151,-30.6501515],[-55.0374177,-30.6729174],[-55.0120817,-30.6864068],[-55.0156719,-30.709435],[-55.0214046,-30.7100426],[-55.0118041,-30.7209017],[-55.0136509,-30.7339205],[-55.0207147,-30.7355403],[-55.0310341,-30.7618497],[-55.0246258,-30.775218],[-55.0407352,-30.7933863],[-55.0330911,-30.8033154],[-55.036965,-30.845827],[-55.0288007,-30.8546457],[-55.0476058,-30.8849023],[-55.1032678,-30.9069734],[-55.109792,-30.9308023],[-55.1277827,-30.9404018],[-55.1479497,-30.9806274],[-55.1154991,-31.0111175],[-55.1027089,-31.0800439],[-55.0914589,-31.0977234],[-55.095594,-31.11811],[-55.0687862,-31.1561829],[-55.0807339,-31.210611],[-55.0331961,-31.2875437],[-55.0432115,-31.3083903],[-55.0600837,-31.31543],[-55.057356,-31.3317463],[-55.0744643,-31.3320897],[-55.1090404,-31.307681],[-55.1220604,-31.3127796],[-55.1257569,-31.3024375],[-55.1635605,-31.2856895],[-55.1694195,-31.2694054],[-55.2401188,-31.260573],[-55.2485502,-31.2481642],[-55.250105,-31.2060085],[-55.2628055,-31.1946841],[-55.2827173,-31.1939074],[-55.2857308,-31.1854667],[-55.2709589,-31.1769632],[-55.2906187,-31.1636709],[-55.2852591,-31.1564022],[-55.2909295,-31.1422606],[-55.3129742,-31.14705],[-55.3208306,-31.1358476],[-55.3401038,-31.1314189],[-55.3298022,-31.1165402],[-55.3335071,-31.0987123],[-55.3274743,-31.0881801],[-55.338982,-31.085078],[-55.3501645,-31.0677892],[-55.3601032,-31.0674343],[-55.349446,-31.0391952],[-55.3692829,-31.0343978],[-55.3738924,-31.0190873],[-55.3999304,-31.0285634],[-55.4149329,-31.0144663],[-55.4237089,-31.0177531],[-55.4370495,-31.0047158],[-55.4374734,-30.9943188],[-55.4245798,-30.9856289],[-55.4412905,-30.9597315],[-55.4866899,-30.9476627],[-55.4864326,-30.9282783],[-55.5041596,-30.9247543],[-55.5140449,-30.9001218]]]}},{"type":"Feature","properties":{"level":"municipio","municipality_code":"4316709","municipality_name":"Santa Bárbara do Sul","uf":"RS","state_code":"43","area_km2":975.799},"geometry":{"type":"Polygon","coordinates":[[[-53.2555558,-28.1643558],[-53.2233526,-28.1464216],[-53.1968732,-28.159355],[-53.2017924,-28.1647903],[-53.1846421,-28.1842979],[-53.1829457,-28.2043494],[-53.1678229,-28.2078421],[-53.1440919,-28.2443375],[-53.1363142,-28.2432997],[-53.117425,-28.2621539],[-53.1295771,-28.2605734],[-53.1208152,-28.2645839],[-53.1304611,-28.2675473],[-53.1254986,-28.2804011],[-53.1350459,-28.2861804],[-53.1265723,-28.2838645],[-53.1115288,-28.3018716],[-53.1238559,-28.3036258],[-53.1138663,-28.306334],[-53.1183447,-28.3355775],[-53.1280034,-28.331878],[-53.1227894,-28.3418904],[-53.132803,-28.3442679],[-53.1423875,-28.3390493],[-53.137264,-28.3469461],[-53.1559584,-28.3547513],[-53.1685295,-28.3779058],[-53.1650966,-28.3912825],[-53.155469,-28.3909282],[-53.1643013,-28.3958909],[-53.1610079,-28.4029444],[-53.1703766,-28.4048415],[-53.1631884,-28.4128484],[-53.1712075,-28.4227754],[-53.1575564,-28.4337889],[-53.1586707,-28.4417246],[-53.1668074,-28.4374517],[-53.1644714,-28.4498467],[-53.134405,-28.4558877],[-53.1362426,-28.4782428],[-53.1514594,-28.4891057],[-53.1811847,-28.4892924],[-53.1809934,-28.4811259],[-53.1660815,-28.4830337],[-53.1820914,-28.4756802],[-53.1794428,-28.4676973],[-53.1946868,-28.4607255],[-53.1975534,-28.4675536],[-53.2233403,-28.4667794],[-53.2453059,-28.4826457],[-53.254733,-28.5124668],[-53.2498431,-28.544184],[-53.2617299,-28.5672449],[-53.2751878,-28.5713794],[-53.2838448,-28.5602563],[-53.2848305,-28.5669815],[-53.3064965,-28.5565105],[-53.3120571,-28.5632597],[-53.328325,-28.5568025],[-53.3340395,-28.5672391],[-53.3455137,-28.5608943],[-53.360889,-28.5693225],[-53.3648645,-28.5809659],[-53.375078,-28.5715188],[-53.3938931,-28.5771964],[-53.3943513,-28.5719851],[-53.4205178,-28.5898199],[-53.4311639,-28.5662454],[-53.4639769,-28.553569],[-53.4566961,-28.5481285],[-53.4642411,-28.535082],[-53.4486359,-28.5135387],[-53.4596243,-28.4875315],[-53.4117157,-28.4377507],[-53.4173518,-28.4101241],[-53.4064284,-28.4119025],[-53.3731669,-28.3867511],[-53.4005367,-28.242284],[-53.3916329,-28.2461186],[-53.3819984,-28.2395689],[-53.3779962,-28.2453273],[-53.3783303,-28.2369175],[-53.3578295,-28.2388611],[-53.3570256,-28.2444588],[-53.3471475,-28.2337693],[-53.3312084,-28.2330896],[-53.3261953,-28.2172314],[-53.3110587,-28.2044407],[-53.3077243,-28.1868226],[-53.291476,-28.1715573],[-53.2555558,-28.1643558]]]}},{"type":"Feature","properties":{"level":"municipio","municipality_code":"4316733","municipality_name":"Santa Cecília do Sul","uf":"RS","state_code":"43","area_km2":200.056},"geometry":{"type":"Polygon","coordinates":[[[-51.964867,-28.1169181],[-51.9346831,-28.1084088],[-51.8988246,-28.1213695],[-51.8897248,-28.1148483],[-51.8770217,-28.1276794],[-51.8766383,-28.1417831],[-51.866372,-28.1374019],[-51.8505427,-28.151471],[-51.8299501,-28.1474835],[-51.8133251,-28.1561652],[-51.7968096,-28.1661123],[-51.7882682,-28.1844326],[-51.7985016,-28.2129049],[-51.8465041,-28.2469292],[-51.8504361,-28.2345265],[-51.8780412,-28.2299568],[-51.8926144,-28.2099502],[-51.9034978,-28.2109562],[-51.9125686,-28.2400934],[-51.9461496,-28.2441565],[-51.9593235,-28.2553457],[-51.9681623,-28.2782901],[-51.981657,-28.236388],[-51.9718741,-28.239772],[-51.969993,-28.2108878],[-51.9605895,-28.206578],[-51.9758852,-28.1941939],[-51.9619159,-28.1686546],[-51.9751845,-28.1541484],[-51.9696915,-28.1479941],[-51.9754254,-28.1353379],[-51.9837243,-28.1399976],[-51.9894624,-28.1290517],[-51.9720092,-28.106797],[-51.964867,-28.1169181]]]}},{"type":"Feature","properties":{"level":"municipio","municipality_code":"4316758","municipality_name":"Santa Clara do Sul","uf":"RS","state_code":"43","area_km2":86.491},"geometry":{"type":"Polygon","coordinates":[[[-52.0417206,-29.445202],[-52.0534614,-29.4846927],[-52.1090532,-29.4855009],[-52.1091115,-29.4787599],[-52.1477911,-29.4834399],[-52.2151452,-29.458404],[-52.2277386,-29.4369405],[-52.2237471,-29.4209154],[-52.1390148,-29.4323344],[-52.1276757,-29.4242026],[-52.1283749,-29.4326105],[-52.0772833,-29.4317255],[-52.0785819,-29.4409511],[-52.0417206,-29.445202]]]}},{"type":"Feature","properties":{"level":"municipio","municipality_code":"4316808","municipality_name":"Santa Cruz do Sul","uf":"RS","state_code":"43","area_km2":734.516},"geometry":{"type":"Polygon","coordinates":[[[-52.4572006,-29.4153418],[-52.4502239,-29.4106392],[-52.4571679,-29.3990595],[-52.4396962,-29.4005925],[-52.4345115,-29.3765617],[-52.3863912,-29.3758184],[-52.3771465,-29.3841129],[-52.3772322,-29.3957724],[-52.3530106,-29.4289158],[-52.3604056,-29.4358754],[-52.3526375,-29.4438284],[-52.3580172,-29.4694306],[-52.3508601,-29.4732036],[-52.3479719,-29.5047676],[-52.3316537,-29.5165694],[-52.334726,-29.5510037],[-52.3247957,-29.5644075],[-52.3144495,-29.6657776],[-52.2988442,-29.6743822],[-52.318779,-29.6840452],[-52.3144016,-29.7076585],[-52.3353923,-29.7291056],[-52.3226902,-29.7484387],[-52.328405,-29.7559032],[-52.3191343,-29.7617133],[-52.3175794,-29.7831784],[-52.3072284,-29.7918491],[-52.3044961,-29.8087425],[-52.3200497,-29.8098266],[-52.3141497,-29.8354998],[-52.3998478,-29.8399845],[-52.4125715,-29.8568096],[-52.4344639,-29.8679337],[-52.4357601,-29.9134067],[-52.459262,-29.9251378],[-52.4631511,-29.898378],[-52.4769381,-29.9021797],[-52.4675784,-29.8934942],[-52.4691853,-29.8836335],[-52.4782404,-29.8822313],[-52.4710567,-29.863284],[-52.475192,-29.8553784],[-52.4696904,-29.8548025],[-52.4739755,-29.8485302],[-52.4639631,-29.8401062],[-52.4784046,-29.8307424],[-52.4786551,-29.8120205],[-52.4879202,-29.8102661],[-52.4754185,-29.7505647],[-52.4559928,-29.7336043],[-52.465944,-29.730363],[-52.4627681,-29.7155988],[-52.4716934,-29.6941475],[-52.4633461,-29.6671694],[-52.485523,-29.6653212],[-52.4897422,-29.6427601],[-52.5006457,-29.6426186],[-52.5104655,-29.6217976],[-52.5311484,-29.621174],[-52.5307855,-29.5993497],[-52.5639736,-29.59903],[-52.5642515,-29.5839249],[-52.5270654,-29.562309],[-52.4736858,-29.5613585],[-52.438791,-29.5399524],[-52.4390389,-29.5262221],[-52.451188,-29.5100109],[-52.4315689,-29.4736764],[-52.4503441,-29.4512508],[-52.4407954,-29.4367477],[-52.4572006,-29.4153418]]]}},{"type":"Feature","properties":{"level":"municipio","municipality_code":"4316972","municipality_name":"Santa Margarida do Sul","uf":"RS","state_code":"43","area_km2":955.299},"geometry":{"type":"Polygon","coordinates":[[[-54.0852519,-30.4597607],[-54.1168619,-30.4957736],[-54.1148832,-30.5041336],[-54.1231574,-30.5031645],[-54.1397187,-30.5207211],[-54.1470232,-30.5385867],[-54.157284,-30.5381706],[-54.1609123,-30.5272859],[-54.1533446,-30.5100943],[-54.1784384,-30.4993968],[-54.2307045,-30.4539634],[-54.2478422,-30.4201346],[-54.2711989,-30.396922],[-54.2672249,-30.3690165],[-54.2445856,-30.3458232],[-54.2514191,-30.2877398],[-54.2693886,-30.2625439],[-54.2628168,-30.233252],[-54.2562039,-30.2241939],[-54.2390416,-30.2272465],[-54.2324573,-30.2173365],[-54.2044358,-30.2134574],[-54.1780342,-30.1988986],[-54.1779209,-30.1918978],[-54.1622194,-30.1915592],[-54.1627724,-30.1742423],[-54.1455332,-30.1683486],[-54.1350716,-30.1805495],[-54.0972555,-30.1889307],[-54.0964852,-30.1965421],[-54.0813525,-30.1963043],[-54.0510158,-30.2165278],[-54.0432118,-30.2131821],[-54.045185,-30.2263995],[-54.0218618,-30.2290674],[-54.0114579,-30.2448044],[-54.0005237,-30.2473695],[-54.0063478,-30.2614585],[-54.0180099,-30.266381],[-53.9998961,-30.2854123],[-54.000525,-30.2972154],[-53.9874582,-30.297215],[-53.9928702,-30.3079255],[-53.9642996,-30.3371862],[-53.9716676,-30.3591855],[-53.9586927,-30.3632872],[-53.9392151,-30.3941973],[-53.9404351,-30.4243748],[-53.9746435,-30.4438537],[-53.9605804,-30.4547442],[-53.9607215,-30.4820253],[-53.9183384,-30.4929437],[-53.9012863,-30.4899101],[-53.8872761,-30.4971881],[-53.8820989,-30.5163245],[-53.9206238,-30.5479354],[-53.9344411,-30.5744048],[-53.942058,-30.559332],[-53.9506425,-30.5654044],[-53.9538868,-30.5578701],[-54.000912,-30.5539292],[-54.0249973,-30.5411289],[-54.0720514,-30.5404114],[-54.0606156,-30.5005638],[-54.0852519,-30.4597607]]]}},{"type":"Feature","properties":{"level":"municipio","municipality_code":"4316907","municipality_name":"Santa Maria","uf":"RS","state_code":"43","area_km2":1780.194},"geometry":{"type":"Polygon","coordinates":[[[-53.8281281,-29.6188494],[-53.8011588,-29.6459212],[-53.7834484,-29.6427414],[-53.7747049,-29.6507992],[-53.7779668,-29.6572532],[-53.7152234,-29.6446458],[-53.7158494,-29.6176641],[-53.7017329,-29.6073324],[-53.7146493,-29.5995337],[-53.6992396,-29.5861226],[-53.7072641,-29.5756053],[-53.7074164,-29.5668087],[-53.696873,-29.5615697],[-53.7042477,-29.5563674],[-53.7014437,-29.549493],[-53.6871546,-29.5758977],[-53.6303946,-29.6013349],[-53.6500366,-29.6228213],[-53.6187302,-29.6488267],[-53.632639,-29.670731],[-53.5926406,-29.6803364],[-53.5860844,-29.6947024],[-53.5566257,-29.6876865],[-53.5445001,-29.704716],[-53.5454865,-29.7238406],[-53.5339491,-29.7294097],[-53.5344467,-29.7552556],[-53.5184891,-29.7648266],[-53.5199162,-29.7745669],[-53.5393665,-29.7804191],[-53.5372704,-29.7899894],[-53.5564435,-29.7908479],[-53.5651809,-29.8134275],[-53.5610559,-29.8329083],[-53.5487518,-29.8317279],[-53.5470924,-29.8644328],[-53.5668803,-29.8621027],[-53.593683,-29.8755346],[-53.6090915,-29.8719528],[-53.6077937,-29.8785028],[-53.6615182,-29.8930358],[-53.6870523,-29.9248947],[-53.7082034,-29.9208254],[-53.7030856,-29.9307815],[-53.7254228,-29.9650526],[-53.7393353,-29.9613832],[-53.7458376,-29.9781463],[-53.756672,-29.9865035],[-53.7685321,-29.9842368],[-53.7842424,-30.0025717],[-53.8004229,-30.0051367],[-53.8101844,-29.9958462],[-53.82672,-30.0012463],[-53.8338442,-29.9851781],[-53.8547842,-29.9868196],[-53.8529618,-29.992829],[-53.8639047,-29.9951784],[-53.8906836,-29.9834313],[-53.9514826,-29.9909903],[-54.0050259,-29.9840314],[-54.0084652,-29.971538],[-54.0334838,-29.957573],[-54.0288829,-29.9390142],[-54.0402527,-29.9133581],[-54.0639,-29.8992515],[-54.0772066,-29.8757052],[-54.0375951,-29.8642826],[-54.0296486,-29.870235],[-54.0021093,-29.8490797],[-54.0053987,-29.8340402],[-53.9984236,-29.8262372],[-53.9752236,-29.8117601],[-53.9628569,-29.8190112],[-53.9618742,-29.8046191],[-53.9505139,-29.7984305],[-53.9922482,-29.7895406],[-54.0248118,-29.767376],[-54.0347316,-29.7748794],[-54.0886,-29.7642235],[-54.0864024,-29.724192],[-54.1267523,-29.6974845],[-54.1320254,-29.6864566],[-54.0755799,-29.6386232],[-53.9976136,-29.635931],[-53.9793257,-29.6225199],[-53.9788599,-29.6031506],[-53.9998721,-29.567426],[-53.9682609,-29.5672345],[-53.952312,-29.5755801],[-53.9425111,-29.596472],[-53.9457395,-29.6051936],[-53.9557489,-29.606011],[-53.9517649,-29.6105457],[-53.9217776,-29.598438],[-53.8591773,-29.6106367],[-53.8560648,-29.5922664],[-53.8403847,-29.5933374],[-53.8281281,-29.6188494]]]}},{"type":"Feature","properties":{"level":"municipio","municipality_code":"4316956","municipality_name":"Santa Maria do Herval","uf":"RS","state_code":"43","area_km2":140.437},"geometry":{"type":"Polygon","coordinates":[[[-50.9787064,-29.5185184],[-51.032729,-29.5178266],[-51.0286596,-29.4980547],[-51.0382456,-29.4914252],[-51.0499002,-29.495971],[-51.0620725,-29.4826985],[-51.0637047,-29.4675128],[-51.0124564,-29.4760402],[-51.0084021,-29.4458999],[-51.0424999,-29.439441],[-51.0196399,-29.4369739],[-51.0042199,-29.4243352],[-50.9910506,-29.3872162],[-50.9813245,-29.3904007],[-50.9567803,-29.4253725],[-50.9399315,-29.4245473],[-50.9097322,-29.4509488],[-50.9120892,-29.5452335],[-50.9000542,-29.550485],[-50.9434213,-29.5469751],[-50.9465301,-29.5331064],[-50.9787064,-29.5185184]]]}},{"type":"Feature","properties":{"level":"municipio","municipality_code":"4317202","municipality_name":"Santa Rosa","uf":"RS","state_code":"43","area_km2":489.38},"geometry":{"type":"Polygon","coordinates":[[[-54.3840644,-27.916841],[-54.4246763,-27.9233524],[-54.4553385,-27.9493047],[-54.4514485,-27.958582],[-54.4747627,-27.9840625],[-54.4915917,-27.9658838],[-54.5154307,-27.9828424],[-54.5276312,-27.9826909],[-54.5584835,-27.9791374],[-54.5858357,-27.9485849],[-54.6459304,-27.9215605],[-54.658545,-27.9044202],[-54.6678079,-27.905749],[-54.6732147,-27.892738],[-54.6804799,-27.8963388],[-54.6854236,-27.8892859],[-54.5526835,-27.8380024],[-54.5637266,-27.8231364],[-54.5536189,-27.8170791],[-54.5570876,-27.8126345],[-54.5714991,-27.8170243],[-54.5789239,-27.8042772],[-54.5863372,-27.8155995],[-54.6002039,-27.8014938],[-54.5937599,-27.7930971],[-54.5778946,-27.7965555],[-54.5532458,-27.7881208],[-54.5421311,-27.7777127],[-54.5501079,-27.7696654],[-54.5432601,-27.7574328],[-54.506041,-27.7653859],[-54.4708058,-27.7907201],[-54.4570441,-27.7836258],[-54.4338981,-27.7142735],[-54.442797,-27.7067501],[-54.4337128,-27.6974129],[-54.4223077,-27.6996788],[-54.4138817,-27.7182701],[-54.4237632,-27.7247591],[-54.4001948,-27.7303636],[-54.4003822,-27.7377789],[-54.4164904,-27.7392483],[-54.3913022,-27.7489277],[-54.4003232,-27.7499523],[-54.3968645,-27.7558747],[-54.4050104,-27.7611797],[-54.3931812,-27.7612157],[-54.3902721,-27.7735153],[-54.3767303,-27.7736314],[-54.371884,-27.7811415],[-54.366329,-27.7750878],[-54.3566341,-27.7742261],[-54.3838365,-27.7939525],[-54.3574518,-27.8104945],[-54.3669706,-27.809347],[-54.3673516,-27.8167076],[-54.3797962,-27.813031],[-54.3830025,-27.8197377],[-54.3662152,-27.818944],[-54.3653484,-27.8265137],[-54.3849115,-27.8780493],[-54.3840644,-27.916841]]]}},{"type":"Feature","properties":{"level":"municipio","municipality_code":"4317251","municipality_name":"Santa Tereza","uf":"RS","state_code":"43","area_km2":73.669},"geometry":{"type":"Polygon","coordinates":[[[-51.6954751,-29.0972514],[-51.6954296,-29.1583921],[-51.6651485,-29.1588899],[-51.6655044,-29.1881176],[-51.654082,-29.1981453],[-51.6779892,-29.1985265],[-51.6775257,-29.2126341],[-51.7500033,-29.2080964],[-51.7580116,-29.1851715],[-51.7335111,-29.1804971],[-51.7563924,-29.1388787],[-51.7305502,-29.1337822],[-51.7122262,-29.1156541],[-51.7299721,-29.0945043],[-51.7251596,-29.0775438],[-51.7083554,-29.0950577],[-51.6954751,-29.0972514]]]}},{"type":"Feature","properties":{"level":"municipio","municipality_code":"4317301","municipality_name":"Santa Vitória do Palmar","uf":"RS","state_code":"43","area_km2":5206.977},"geometry":{"type":"Polygon","coordinates":[[[-53.3807638,-33.5871318],[-53.3780089,-33.5769139],[-53.4037284,-33.5711109],[-53.4014178,-33.5659938],[-53.4141642,-33.5606396],[-53.4777738,-33.6159395],[-53.5047243,-33.6496319],[-53.5227777,-33.6892628],[-53.53235,-33.6888045],[-53.5244274,-33.6742925],[-53.5354578,-33.6492697],[-53.525973,-33.6255658],[-53.5365074,-33.6134059],[-53.5319446,-33.6009862],[-53.5284035,-33.6170637],[-53.5125006,-33.6026003],[-53.5118405,-33.5366663],[-53.5078149,-33.5310875],[-53.5053393,-33.5411291],[-53.4773077,-33.5484383],[-53.4862517,-33.5551204],[-53.4719781,-33.5633833],[-53.4446766,-33.5051311],[-53.4455528,-33.5157208],[-53.4380694,-33.5163842],[-53.4329846,-33.4933581],[-53.4260016,-33.4267258],[-53.4696818,-33.2600809],[-53.4385153,-33.1832168],[-53.4358806,-33.1573763],[-53.4112499,-33.1080637],[-53.4226478,-33.1353994],[-53.4219727,-33.1563286],[-53.4027088,-33.158275],[-53.350704,-33.1035121],[-53.3197664,-33.0548412],[-53.3174704,-33.0645941],[-53.32533,-33.0652363],[-53.3289058,-33.0789786],[-53.3185468,-33.0919014],[-53.2622181,-33.1086698],[-53.2411918,-33.0761348],[-53.1950544,-33.0304537],[-53.1642115,-32.9852529],[-53.1546193,-32.9538337],[-53.1587281,-32.8729702],[-53.1413716,-32.8072649],[-53.1239055,-32.7938378],[-53.1012812,-32.8219888],[-53.0700944,-32.8338099],[-52.9974183,-32.7612019],[-53.0041578,-32.7819173],[-52.9987567,-32.8018521],[-52.9077896,-32.8876856],[-52.8674249,-32.9098804],[-52.8077793,-32.9105803],[-52.7625712,-32.8870215],[-52.7303493,-32.8473961],[-52.6209426,-32.6379171],[-52.6128491,-32.6340406],[-52.5849815,-32.6434573],[-52.4229395,-32.6287995],[-52.460035,-32.7753344],[-52.5067923,-32.8903344],[-52.6363881,-33.1232717],[-52.750615,-33.2579035],[-53.2387786,-33.6523444],[-53.369913,-33.7438377],[-53.4113426,-33.7494262],[-53.42198,-33.7437928],[-53.3004532,-33.6617782],[-53.3583583,-33.6159927],[-53.3557395,-33.6102402],[-53.3807638,-33.5871318]]]}},{"type":"Feature","properties":{"level":"municipio","municipality_code":"4317004","municipality_name":"Santana da Boa Vista","uf":"RS","state_code":"43","area_km2":1418.805},"geometry":{"type":"Polygon","coordinates":[[[-53.0482502,-30.6655935],[-53.0353574,-30.6713151],[-53.0204391,-30.6660083],[-53.0138081,-30.6730592],[-52.9977284,-30.6666253],[-52.9866903,-30.6791971],[-52.9949992,-30.6871982],[-52.9826307,-30.69107],[-52.9921211,-30.6980882],[-52.9722316,-30.7148445],[-52.9782905,-30.718178],[-52.9725292,-30.7187957],[-52.9746654,-30.7287139],[-52.9492149,-30.7397884],[-52.9630193,-30.7597348],[-52.9548721,-30.7711924],[-52.9570047,-30.7828807],[-52.9482622,-30.7863146],[-52.9643622,-30.8140091],[-52.9476164,-30.8297287],[-52.9607918,-30.8587615],[-52.9844316,-30.8531901],[-52.9846629,-30.8717048],[-52.9951446,-30.8755478],[-52.9989536,-30.8902535],[-53.0130624,-30.8930907],[-53.0186247,-30.9059795],[-53.0129927,-30.9097919],[-53.0288394,-30.9302375],[-53.0205258,-30.9507426],[-53.0230017,-30.9863573],[-53.0376529,-30.9845344],[-53.0479102,-30.9736752],[-53.0579293,-30.9785385],[-53.0686457,-30.9695192],[-53.0866027,-30.9687676],[-53.1305181,-30.9904904],[-53.1244211,-31.0150476],[-53.1494725,-31.0306715],[-53.2066457,-31.0087253],[-53.223068,-30.9905073],[-53.2347511,-31.0093578],[-53.2485181,-30.9987333],[-53.2617137,-31.0105278],[-53.2785824,-31.0058889],[-53.2809222,-30.9924212],[-53.2981436,-31.0032656],[-53.3241686,-30.9857689],[-53.3279266,-30.9959989],[-53.3435429,-30.9970762],[-53.3589015,-30.9790852],[-53.3856125,-30.9880705],[-53.4155068,-30.9731472],[-53.4118023,-30.9611487],[-53.4224579,-30.9501543],[-53.4130313,-30.9435199],[-53.4083606,-30.9232435],[-53.421393,-30.9199033],[-53.4127401,-30.9131183],[-53.4319223,-30.8959624],[-53.4231411,-30.8904376],[-53.4324698,-30.8850543],[-53.4181757,-30.8760746],[-53.4257445,-30.8411971],[-53.4117547,-30.8448518],[-53.4084638,-30.838085],[-53.4155991,-30.8324942],[-53.4087619,-30.8245142],[-53.4201074,-30.8183517],[-53.4076988,-30.8104029],[-53.4133707,-30.8048485],[-53.4041193,-30.7959138],[-53.393603,-30.7992557],[-53.3896786,-30.7797596],[-53.3621554,-30.7753638],[-53.3498742,-30.783055],[-53.3307813,-30.7756274],[-53.3043137,-30.780654],[-53.2883278,-30.766603],[-53.2727923,-30.7824509],[-53.2373536,-30.7813021],[-53.2160986,-30.7685819],[-53.208001,-30.7344845],[-53.2127419,-30.7282131],[-53.1906905,-30.7231326],[-53.1935036,-30.7150914],[-53.18283,-30.7129372],[-53.1958732,-30.6955569],[-53.1804153,-30.6937537],[-53.2007627,-30.6792074],[-53.1905269,-30.6766613],[-53.1872316,-30.6515942],[-53.1975125,-30.6444509],[-53.187978,-30.6415851],[-53.2194145,-30.6259022],[-53.2085995,-30.6168255],[-53.2129355,-30.6122805],[-53.2216591,-30.6185396],[-53.2273862,-30.6098002],[-53.2324127,-30.6139456],[-53.2313612,-30.6058948],[-53.2391188,-30.6083144],[-53.2335135,-30.6008092],[-53.2497058,-30.5747659],[-53.2275311,-30.5703172],[-53.2341729,-30.5587418],[-53.227246,-30.5424552],[-53.243941,-30.531961],[-53.2334094,-30.5207145],[-53.2157685,-30.5202419],[-53.231538,-30.4698395],[-53.213928,-30.4645768],[-53.2135044,-30.4509094],[-53.1858016,-30.4904534],[-53.1925778,-30.5048787],[-53.1892322,-30.5323062],[-53.175181,-30.5297456],[-53.1739896,-30.5423433],[-53.1628311,-30.5375078],[-53.1668829,-30.547746],[-53.1555346,-30.5466212],[-53.1409935,-30.5755191],[-53.1227956,-30.591009],[-53.1234465,-30.6092737],[-53.1133962,-30.607573],[-53.0894744,-30.6351683],[-53.0554979,-30.6473855],[-53.0482502,-30.6655935]]]}},{"type":"Feature","properties":{"level":"municipio","municipality_code":"4317400","municipality_name":"Santiago","uf":"RS","state_code":"43","area_km2":2413.419},"geometry":{"type":"Polygon","coordinates":[[[-54.8343221,-29.3185353],[-54.8730241,-29.3247851],[-54.9087952,-29.3120618],[-54.9273143,-29.3264879],[-54.9404694,-29.3245476],[-54.9477731,-29.3142769],[-54.9634998,-29.3118208],[-54.9611951,-29.3019686],[-54.9756393,-29.2777498],[-55.004398,-29.2661655],[-55.0071377,-29.2559545],[-55.0200133,-29.2564032],[-55.0189397,-29.2428613],[-55.0325282,-29.2482455],[-55.0295445,-29.2369266],[-55.0398413,-29.2446951],[-55.0474616,-29.2399386],[-55.0441493,-29.2263365],[-55.0713371,-29.2232953],[-55.0820464,-29.2084481],[-55.0960934,-29.2161692],[-55.1075879,-29.2087525],[-55.1144619,-29.2135891],[-55.11701,-29.199082],[-55.1322677,-29.1982383],[-55.1313224,-29.177165],[-55.110248,-29.1749645],[-55.1040224,-29.1652842],[-55.1065244,-29.1500894],[-55.0669994,-29.1379542],[-55.0414396,-29.1006351],[-55.0287517,-29.0656704],[-54.9886395,-29.0544706],[-55.0012172,-29.0095307],[-55.0243366,-29.0107081],[-55.0427468,-28.9696147],[-55.0743874,-28.9380819],[-55.0728254,-28.9215552],[-55.1036236,-28.9034256],[-55.0682058,-28.8925711],[-55.0247389,-28.8985472],[-55.0465848,-28.8875461],[-55.0537268,-28.8742691],[-55.0537236,-28.8458065],[-55.0368257,-28.8333124],[-55.0240542,-28.8382429],[-54.9571804,-28.8084329],[-54.93101,-28.8258037],[-54.9123278,-28.8232635],[-54.9052072,-28.8294391],[-54.8947251,-28.8161276],[-54.8820842,-28.8264012],[-54.8816756,-28.8435601],[-54.8610183,-28.8321182],[-54.8503968,-28.8410822],[-54.8422885,-28.834141],[-54.8441108,-28.8510793],[-54.8330791,-28.8483448],[-54.8080692,-28.8789997],[-54.7953172,-28.8823234],[-54.8002789,-28.8935854],[-54.7762009,-28.9030522],[-54.7769584,-28.9201761],[-54.7680996,-28.9236476],[-54.7674081,-28.9334053],[-54.7561286,-28.926988],[-54.744544,-28.9460779],[-54.7278734,-28.9488547],[-54.7252252,-28.9430234],[-54.7106183,-28.9543682],[-54.7080241,-28.9967865],[-54.6854062,-29.0270811],[-54.6922794,-29.03368],[-54.6822983,-29.04552],[-54.6734553,-29.0502969],[-54.6598819,-29.037231],[-54.6515881,-29.0394856],[-54.6440596,-29.0617177],[-54.6499338,-29.075679],[-54.6399055,-29.0995956],[-54.6420247,-29.1334017],[-54.5889454,-29.1220179],[-54.5726492,-29.1538259],[-54.5378261,-29.1734734],[-54.5343665,-29.1822886],[-54.5116961,-29.156927],[-54.4848483,-29.150144],[-54.4551639,-29.1275531],[-54.4492642,-29.1060703],[-54.4269721,-29.0893505],[-54.4072831,-29.135483],[-54.4103223,-29.1482787],[-54.3959704,-29.1549079],[-54.3977153,-29.1697629],[-54.3667355,-29.1874713],[-54.3774576,-29.194623],[-54.3747587,-29.2023137],[-54.3990942,-29.2022678],[-54.3873844,-29.211417],[-54.403259,-29.2285696],[-54.4182087,-29.2391073],[-54.4311666,-29.2373321],[-54.4234973,-29.2474124],[-54.4144382,-29.2466514],[-54.4175071,-29.2537818],[-54.4321956,-29.2543053],[-54.4274727,-29.2633081],[-54.4402241,-29.277043],[-54.4331452,-29.2931187],[-54.4250014,-29.2924619],[-54.4317308,-29.3067589],[-54.455292,-29.2996788],[-54.4669526,-29.3267968],[-54.4752578,-29.3181201],[-54.509011,-29.3274956],[-54.5128283,-29.3177673],[-54.5493376,-29.3100087],[-54.5804794,-29.3312655],[-54.5897713,-29.3292617],[-54.5828471,-29.3387982],[-54.5923285,-29.3504142],[-54.583298,-29.3619241],[-54.5908497,-29.3650376],[-54.6099885,-29.3461044],[-54.622924,-29.3443775],[-54.6211626,-29.3325746],[-54.6300595,-29.3277289],[-54.6264908,-29.3123466],[-54.6407766,-29.3103203],[-54.6656849,-29.3238283],[-54.6905843,-29.3205118],[-54.6862869,-29.3940504],[-54.7508779,-29.3914595],[-54.7551139,-29.3707702],[-54.7799117,-29.3454198],[-54.8329767,-29.3516189],[-54.8457737,-29.3460669],[-54.853241,-29.3387148],[-54.8275465,-29.3328755],[-54.8343221,-29.3185353]]]}},{"type":"Feature","properties":{"level":"municipio","municipality_code":"4317608","municipality_name":"Santo Antônio da Patrulha","uf":"RS","state_code":"43","area_km2":1049.583},"geometry":{"type":"Polygon","coordinates":[[[-50.4201312,-29.8305268],[-50.3724764,-29.8582687],[-50.372637,-29.884052],[-50.3860969,-29.8848958],[-50.3991508,-29.971725],[-50.4595339,-30.0167597],[-50.4650845,-30.0285536],[-50.4565683,-30.0517188],[-50.65448,-30.0436989],[-50.6526719,-30.0378123],[-50.6783409,-30.0539571],[-50.6840888,-30.0415897],[-50.7004879,-30.0339986],[-50.7005504,-30.0179743],[-50.7136565,-30.0111217],[-50.7178536,-29.978934],[-50.7023108,-29.9755054],[-50.6862662,-29.9553854],[-50.7041899,-29.9407413],[-50.706232,-29.9261678],[-50.6790939,-29.8864568],[-50.6799383,-29.8567434],[-50.6853401,-29.8392323],[-50.7340752,-29.8135651],[-50.7520566,-29.7888321],[-50.7403373,-29.7820315],[-50.6992278,-29.7959348],[-50.6936717,-29.7901492],[-50.7126975,-29.7556312],[-50.7002408,-29.7586348],[-50.6864999,-29.7464622],[-50.6985614,-29.71393],[-50.6840759,-29.6951446],[-50.6871005,-29.6778994],[-50.6319097,-29.6839498],[-50.6036191,-29.7066999],[-50.574493,-29.710887],[-50.5721213,-29.7338097],[-50.5571003,-29.7275507],[-50.5480967,-29.7124304],[-50.5257714,-29.7186636],[-50.5074202,-29.69543],[-50.4901713,-29.6996521],[-50.4915483,-29.6876571],[-50.4523563,-29.6941914],[-50.4443778,-29.6887133],[-50.4493437,-29.6793721],[-50.4320505,-29.6889855],[-50.4040194,-29.7059505],[-50.4210438,-29.7194169],[-50.4344951,-29.7510804],[-50.4672457,-29.7722145],[-50.4654469,-29.7857385],[-50.4845901,-29.7868774],[-50.4348266,-29.8056973],[-50.4342577,-29.8167329],[-50.4205409,-29.8218879],[-50.4201312,-29.8305268]]]}},{"type":"Feature","properties":{"level":"municipio","municipality_code":"4317707","municipality_name":"Santo Antônio das Missões","uf":"RS","state_code":"43","area_km2":1710.466},"geometry":{"type":"Polygon","coordinates":[[[-55.3844856,-28.3048671],[-55.3809054,-28.2872336],[-55.3514376,-28.25412],[-55.3265272,-28.2092926],[-55.3187194,-28.2090079],[-55.3160874,-28.2233425],[-55.30454,-28.2186773],[-55.300935,-28.2298729],[-55.2853816,-28.2077788],[-55.2948906,-28.2354428],[-55.2879933,-28.256098],[-55.3284205,-28.2499499],[-55.3241896,-28.264234],[-55.3146529,-28.2652635],[-55.3260846,-28.2788596],[-55.3006294,-28.2851712],[-55.2939909,-28.275839],[-55.2834211,-28.2773796],[-55.2831305,-28.3059661],[-55.2991261,-28.2954309],[-55.3130478,-28.3074768],[-55.2806015,-28.3143295],[-55.2613228,-28.3052041],[-55.233323,-28.3081923],[-55.2238532,-28.3052321],[-55.2200965,-28.2922023],[-55.2051893,-28.3088551],[-55.2132435,-28.3185773],[-55.2001776,-28.3492811],[-55.1898,-28.3455259],[-55.1766783,-28.3532337],[-55.196563,-28.3716823],[-55.1963846,-28.3920594],[-55.2093543,-28.395662],[-55.1808807,-28.4091156],[-55.1793658,-28.3974757],[-55.1672423,-28.3962331],[-55.1552579,-28.4073215],[-55.1638136,-28.4276973],[-55.187471,-28.4421692],[-55.1997524,-28.5350237],[-55.2057158,-28.5436581],[-55.2389003,-28.5493237],[-55.2315676,-28.5789711],[-55.2535967,-28.6363405],[-55.2814609,-28.6541438],[-55.3017561,-28.6460917],[-55.3082395,-28.6583157],[-55.3225889,-28.65545],[-55.3304587,-28.6674437],[-55.3451688,-28.6668925],[-55.3462316,-28.6507858],[-55.3559983,-28.6494949],[-55.3559833,-28.6577109],[-55.3749737,-28.6572777],[-55.3808448,-28.6693824],[-55.400295,-28.6490416],[-55.4122062,-28.6489902],[-55.4163452,-28.6564762],[-55.4219547,-28.6491481],[-55.4384992,-28.6506333],[-55.431016,-28.6566287],[-55.4460969,-28.6752535],[-55.4513137,-28.6667575],[-55.4814988,-28.6686986],[-55.485867,-28.6616296],[-55.4959928,-28.6788928],[-55.4891046,-28.6905374],[-55.5005549,-28.698733],[-55.508652,-28.693878],[-55.5165226,-28.7070014],[-55.5301372,-28.6866735],[-55.5498372,-28.7074737],[-55.5719747,-28.6944728],[-55.5637487,-28.6833848],[-55.5729666,-28.6762805],[-55.5909108,-28.6907839],[-55.6166432,-28.6779537],[-55.6287823,-28.684544],[-55.6416941,-28.6691854],[-55.6756802,-28.6715277],[-55.6966144,-28.654836],[-55.7073445,-28.6616354],[-55.7190302,-28.6561303],[-55.699765,-28.6261406],[-55.7224556,-28.6255962],[-55.7247397,-28.6169813],[-55.733219,-28.6227483],[-55.7545572,-28.5986028],[-55.7695137,-28.5945053],[-55.7707288,-28.5813547],[-55.7341922,-28.5732189],[-55.7283485,-28.550472],[-55.7013928,-28.5368347],[-55.6792661,-28.4983274],[-55.5903785,-28.4884472],[-55.5548869,-28.4621223],[-55.5287579,-28.4577616],[-55.5244367,-28.4151842],[-55.5026872,-28.3997818],[-55.4999836,-28.366129],[-55.5253334,-28.343352],[-55.4979522,-28.3205376],[-55.4862251,-28.2722703],[-55.4607268,-28.2516861],[-55.4435716,-28.2487684],[-55.4097736,-28.2945639],[-55.3844856,-28.3048671]]]}},{"type":"Feature","properties":{"level":"municipio","municipality_code":"4317558","municipality_name":"Santo Antônio do Palma","uf":"RS","state_code":"43","area_km2":126.094},"geometry":{"type":"Polygon","coordinates":[[[-51.9983487,-28.4378189],[-51.9611728,-28.4540472],[-51.9567242,-28.4712789],[-51.9266583,-28.4764227],[-51.930487,-28.4861268],[-51.9141706,-28.5036907],[-51.9253739,-28.520417],[-52.0197829,-28.5280527],[-52.0198043,-28.5370153],[-52.0349176,-28.5371589],[-52.0351523,-28.5459298],[-52.0675358,-28.5462176],[-52.0721663,-28.5332068],[-52.093098,-28.5341147],[-52.0971408,-28.512483],[-52.0871763,-28.5107421],[-52.0885605,-28.4956238],[-52.0681167,-28.4927939],[-52.0584146,-28.4648933],[-51.9983487,-28.4378189]]]}},{"type":"Feature","properties":{"level":"municipio","municipality_code":"4317756","municipality_name":"Santo Antônio do Planalto","uf":"RS","state_code":"43","area_km2":203.44},"geometry":{"type":"Polygon","coordinates":[[[-52.6105892,-28.2955381],[-52.5904688,-28.3098615],[-52.6028207,-28.3406304],[-52.6300542,-28.3543851],[-52.6199382,-28.3664364],[-52.6492197,-28.3724007],[-52.6477215,-28.3832986],[-52.6327243,-28.3872809],[-52.6376778,-28.407339],[-52.6247353,-28.4110901],[-52.6325957,-28.4146182],[-52.6307907,-28.4284583],[-52.6421623,-28.4234163],[-52.6386107,-28.4332614],[-52.6634786,-28.4506888],[-52.6636493,-28.4579737],[-52.6754277,-28.4556476],[-52.7015993,-28.4686575],[-52.6982513,-28.463798],[-52.708377,-28.457138],[-52.6970654,-28.4610837],[-52.7026631,-28.4446814],[-52.7146848,-28.4431435],[-52.7163792,-28.4273559],[-52.7320705,-28.4276906],[-52.763014,-28.3934445],[-52.7740911,-28.3681313],[-52.7582459,-28.3437286],[-52.724789,-28.3504751],[-52.7086006,-28.287482],[-52.6734648,-28.2702183],[-52.6514874,-28.2787039],[-52.6367865,-28.3009359],[-52.6320358,-28.2957135],[-52.6183163,-28.3036752],[-52.6105892,-28.2955381]]]}},{"type":"Feature","properties":{"level":"municipio","municipality_code":"4317806","municipality_name":"Santo Augusto","uf":"RS","state_code":"43","area_km2":467.775},"geometry":{"type":"Polygon","coordinates":[[[-53.749694,-27.9926659],[-53.8111993,-27.9810002],[-53.8472193,-27.9542125],[-53.8446162,-27.947301],[-53.8643276,-27.9255912],[-53.887272,-27.9162825],[-53.891532,-27.8999831],[-53.8990506,-27.898417],[-53.8666195,-27.8383],[-53.8106821,-27.8224473],[-53.8664743,-27.8159242],[-53.8669211,-27.8032379],[-53.8787635,-27.7909014],[-53.854329,-27.7661187],[-53.8168322,-27.7672518],[-53.7802059,-27.754786],[-53.7673938,-27.7600237],[-53.7707883,-27.7730183],[-53.74703,-27.7693718],[-53.7408137,-27.7753915],[-53.7518621,-27.7873924],[-53.7276242,-27.7906663],[-53.7429373,-27.8026312],[-53.7196817,-27.8045192],[-53.7324995,-27.8087331],[-53.7240231,-27.8135506],[-53.729944,-27.8267632],[-53.7216948,-27.8301718],[-53.7283061,-27.8387479],[-53.715433,-27.8393485],[-53.7233718,-27.8582024],[-53.6895856,-27.8713977],[-53.6917026,-27.883605],[-53.7010797,-27.8841035],[-53.6823316,-27.8956064],[-53.6882195,-27.9033996],[-53.6822885,-27.9110594],[-53.69214,-27.9143834],[-53.6876543,-27.9299532],[-53.678539,-27.9332223],[-53.6613407,-27.9244123],[-53.6452041,-27.9392774],[-53.643922,-27.9313184],[-53.6389426,-27.9335948],[-53.6431268,-27.9532981],[-53.6309743,-27.9566158],[-53.6244493,-27.9450326],[-53.6193383,-27.9593572],[-53.6100078,-27.9588123],[-53.6254364,-27.963052],[-53.6188435,-27.9815882],[-53.6044514,-27.9795507],[-53.5733258,-27.9959031],[-53.5679921,-28.0199856],[-53.585546,-28.0390897],[-53.6031052,-28.0401395],[-53.6176654,-28.0307012],[-53.6535913,-28.0362078],[-53.6755621,-28.0256238],[-53.6735677,-28.0087728],[-53.6969729,-27.986751],[-53.724041,-27.9825669],[-53.749694,-27.9926659]]]}},{"type":"Feature","properties":{"level":"municipio","municipality_code":"4317905","municipality_name":"Santo Cristo","uf":"RS","state_code":"43","area_km2":367.202},"geometry":{"type":"Polygon","coordinates":[[[-54.5863372,-27.8155995],[-54.5789239,-27.8042772],[-54.5714991,-27.8170243],[-54.5570876,-27.8126345],[-54.5536189,-27.8170791],[-54.5637266,-27.8231364],[-54.5513006,-27.8363512],[-54.6854236,-27.8892859],[-54.6833869,-27.8822767],[-54.7025713,-27.8760299],[-54.7023694,-27.8670904],[-54.7196806,-27.8714245],[-54.7350837,-27.8651274],[-54.7463184,-27.8713604],[-54.7509398,-27.8637155],[-54.7625677,-27.866279],[-54.7660966,-27.8549175],[-54.7801942,-27.8632009],[-54.7798455,-27.8415553],[-54.8054557,-27.8478759],[-54.8084397,-27.8565779],[-54.8191943,-27.8386755],[-54.8332356,-27.8412361],[-54.845874,-27.8277898],[-54.8566925,-27.8401422],[-54.8628529,-27.833988],[-54.8516112,-27.7764257],[-54.8370291,-27.7876702],[-54.8298699,-27.7808171],[-54.8322878,-27.7424575],[-54.8125257,-27.7397223],[-54.8056279,-27.7548513],[-54.7926326,-27.7514794],[-54.7849194,-27.762498],[-54.7573433,-27.7225309],[-54.7236735,-27.7076145],[-54.7011449,-27.7149273],[-54.6741767,-27.6980055],[-54.6698882,-27.6858001],[-54.6674097,-27.7019685],[-54.6607733,-27.6973351],[-54.6467172,-27.7038606],[-54.6512931,-27.7119046],[-54.6386475,-27.7158699],[-54.6500217,-27.7230449],[-54.6381868,-27.7328862],[-54.6451814,-27.7469705],[-54.61373,-27.7506283],[-54.6372489,-27.7557476],[-54.616891,-27.7708382],[-54.6204287,-27.7813999],[-54.5945543,-27.7906447],[-54.5986025,-27.806664],[-54.5863372,-27.8155995]]]}},{"type":"Feature","properties":{"level":"municipio","municipality_code":"4317954","municipality_name":"Santo Expedito do Sul","uf":"RS","state_code":"43","area_km2":125.334},"geometry":{"type":"Polygon","coordinates":[[[-51.6061394,-27.8935565],[-51.5881269,-27.8981558],[-51.6019549,-27.9280848],[-51.6149534,-27.9349807],[-51.601694,-27.9558216],[-51.6153667,-27.9690962],[-51.6368291,-27.9653295],[-51.6466657,-27.9745289],[-51.6717293,-27.9767776],[-51.6862027,-27.9947677],[-51.6962095,-27.987136],[-51.6917758,-27.9662462],[-51.7120419,-27.9685207],[-51.7114676,-27.9459735],[-51.7377586,-27.9388331],[-51.7210775,-27.9261379],[-51.7384663,-27.9208223],[-51.7308837,-27.9113578],[-51.7394546,-27.8976078],[-51.7310278,-27.8880702],[-51.6963575,-27.9046652],[-51.6716253,-27.8709024],[-51.6408293,-27.869465],[-51.6398033,-27.8500711],[-51.6094331,-27.8752767],[-51.6061394,-27.8935565]]]}},{"type":"Feature","properties":{"level":"municipio","municipality_code":"4317509","municipality_name":"Santo Ângelo","uf":"RS","state_code":"43","area_km2":678.502},"geometry":{"type":"Polygon","coordinates":[[[-54.2602371,-28.32545],[-54.2656682,-28.3329917],[-54.2612873,-28.3510136],[-54.2806626,-28.3572513],[-54.3036599,-28.3274939],[-54.2904488,-28.3198736],[-54.2929398,-28.3123219],[-54.3112799,-28.3142614],[-54.3165014,-28.3329485],[-54.3286725,-28.3305874],[-54.3273331,-28.3192065],[-54.3368952,-28.3182058],[-54.352417,-28.3540458],[-54.3688662,-28.3492417],[-54.3764508,-28.3351194],[-54.3948119,-28.3477894],[-54.3985498,-28.330612],[-54.3889642,-28.3188008],[-54.3942753,-28.3136087],[-54.4196814,-28.3378714],[-54.4332586,-28.3184582],[-54.4335264,-28.3356584],[-54.444914,-28.3396334],[-54.4637274,-28.335861],[-54.4659363,-28.3181281],[-54.4838399,-28.3288491],[-54.4744525,-28.3103371],[-54.4584549,-28.3136913],[-54.4617088,-28.2951922],[-54.487565,-28.2898223],[-54.4874994,-28.3137525],[-54.4961865,-28.3169276],[-54.5092174,-28.2747441],[-54.5206805,-28.2857781],[-54.5087164,-28.3168084],[-54.5195742,-28.3172309],[-54.5417304,-28.2948993],[-54.5264995,-28.2693221],[-54.4990574,-28.2564336],[-54.4788228,-28.2325382],[-54.4509357,-28.2254461],[-54.4510053,-28.1936086],[-54.4113264,-28.1935112],[-54.4106635,-28.1350853],[-54.3911426,-28.1610722],[-54.3785746,-28.1629131],[-54.3746331,-28.1512134],[-54.3669079,-28.1598679],[-54.3038581,-28.1587869],[-54.2809875,-28.165505],[-54.2529727,-28.1643595],[-54.2215679,-28.1429435],[-54.1801874,-28.1382054],[-54.1777525,-28.1555075],[-54.1517835,-28.1577892],[-54.1268001,-28.1852432],[-54.1307218,-28.1926152],[-54.1070453,-28.2314021],[-54.1176437,-28.2503208],[-54.1033588,-28.2574418],[-54.1087369,-28.2598297],[-54.1012124,-28.2766649],[-54.11376,-28.2731955],[-54.1195496,-28.2843903],[-54.12462,-28.2766708],[-54.1299056,-28.2856874],[-54.1235592,-28.3051826],[-54.1359498,-28.3076775],[-54.1312339,-28.3247785],[-54.1381358,-28.3218951],[-54.1442468,-28.336586],[-54.155446,-28.3396435],[-54.1607085,-28.3294032],[-54.1813376,-28.3294543],[-54.1888223,-28.3400235],[-54.2260592,-28.3391583],[-54.2329907,-28.3492387],[-54.2181988,-28.3648186],[-54.2518485,-28.3480685],[-54.2501072,-28.3380949],[-54.2302946,-28.3329445],[-54.2325708,-28.3226172],[-54.2602371,-28.32545]]]}},{"type":"Feature","properties":{"level":"municipio","municipality_code":"4319901","municipality_name":"Sapiranga","uf":"RS","state_code":"43","area_km2":137.759},"geometry":{"type":"Polygon","coordinates":[[[-51.0137985,-29.6958731],[-51.0073635,-29.6504],[-51.0394964,-29.6487633],[-51.0347736,-29.6177837],[-51.0556802,-29.6155315],[-51.0431362,-29.538852],[-50.9681619,-29.5449683],[-50.9447024,-29.5572988],[-50.9476003,-29.5954115],[-50.9588037,-29.5942078],[-50.9614164,-29.6090352],[-50.9464424,-29.620643],[-50.9533905,-29.6738853],[-50.9634261,-29.6784657],[-50.9415806,-29.6912016],[-50.9561359,-29.6880108],[-50.9632845,-29.7026322],[-50.9696047,-29.696856],[-50.9962973,-29.7063021],[-51.0137985,-29.6958731]]]}},{"type":"Feature","properties":{"level":"municipio","municipality_code":"4320008","municipality_name":"Sapucaia do Sul","uf":"RS","state_code":"43","area_km2":58.247},"geometry":{"type":"Polygon","coordinates":[[[-51.1004144,-29.8682278],[-51.1811691,-29.8295763],[-51.1823366,-29.816853],[-51.1915012,-29.8238044],[-51.1979532,-29.8108459],[-51.1912706,-29.7937464],[-51.1850642,-29.7940139],[-51.1964968,-29.7888209],[-51.1838504,-29.7877542],[-51.194441,-29.7760444],[-51.1678234,-29.7906282],[-51.1657081,-29.7991615],[-51.06812,-29.8112834],[-51.1004144,-29.8682278]]]}},{"type":"Feature","properties":{"level":"municipio","municipality_code":"4320107","municipality_name":"Sarandi","uf":"RS","state_code":"43","area_km2":351.718},"geometry":{"type":"Polygon","coordinates":[[[-52.935386,-27.9873212],[-52.9346369,-27.9614497],[-52.9482611,-27.9667661],[-52.9479184,-27.9545167],[-52.9697804,-27.9695906],[-52.9741487,-27.963494],[-52.9758139,-27.9482684],[-52.9600973,-27.9462423],[-52.9622996,-27.9386667],[-52.954819,-27.9363775],[-52.9668211,-27.9136178],[-52.986685,-27.8988412],[-53.0159402,-27.8921012],[-53.0157845,-27.8852922],[-53.0557982,-27.8798279],[-53.0421049,-27.8667302],[-53.0567909,-27.8571397],[-53.0734753,-27.8599804],[-53.0721087,-27.8521021],[-53.0477856,-27.847515],[-53.0695978,-27.8430692],[-53.0592597,-27.8351995],[-53.0590782,-27.8238795],[-53.0407976,-27.8291595],[-53.0419055,-27.8218323],[-53.0698572,-27.8122927],[-53.0527392,-27.7925374],[-53.0468509,-27.7987903],[-53.0390106,-27.7925661],[-53.0322194,-27.7935683],[-53.0395323,-27.7955135],[-53.0313396,-27.800194],[-53.0336716,-27.808127],[-53.0169438,-27.8065376],[-53.0325419,-27.8169089],[-53.0171573,-27.8167506],[-53.0074778,-27.832009],[-52.9886747,-27.8347501],[-52.9987617,-27.8396699],[-52.9886275,-27.8425772],[-52.996139,-27.8505255],[-52.987198,-27.8572257],[-52.9929081,-27.8586832],[-52.987102,-27.8727942],[-52.9713012,-27.8775957],[-52.9590935,-27.8709868],[-52.9460127,-27.8821437],[-52.9451489,-27.8699425],[-52.9354515,-27.883407],[-52.9266996,-27.8800494],[-52.9236535,-27.887382],[-52.9071645,-27.8905276],[-52.8973314,-27.8813407],[-52.8578852,-27.8852938],[-52.8539707,-27.8792449],[-52.8316195,-27.8925437],[-52.8158806,-27.8879395],[-52.7964682,-27.900442],[-52.79432,-27.9131892],[-52.7721488,-27.9154469],[-52.7658224,-27.9304176],[-52.7418695,-27.9474032],[-52.7581056,-27.9570744],[-52.7635901,-27.9731203],[-52.7998107,-27.984061],[-52.8161724,-27.9973846],[-52.8202543,-28.0223417],[-52.8323774,-28.0298589],[-52.8418453,-28.0525583],[-52.8389406,-28.0605042],[-52.8542021,-28.055193],[-52.8541806,-28.063259],[-52.8678291,-28.0627424],[-52.8622587,-28.0705967],[-52.8827102,-28.0700618],[-52.8919581,-28.0631407],[-52.8891794,-28.0543881],[-52.8963451,-28.0687594],[-52.9046423,-28.0630137],[-52.9040518,-28.0521229],[-52.9220988,-28.0590103],[-52.9297903,-28.0482898],[-52.9408102,-28.0567756],[-52.9444734,-28.0437325],[-52.9088017,-28.0145891],[-52.9268631,-27.985464],[-52.935386,-27.9873212]]]}},{"type":"Feature","properties":{"level":"municipio","municipality_code":"4320206","municipality_name":"Seberi","uf":"RS","state_code":"43","area_km2":301.032},"geometry":{"type":"Polygon","coordinates":[[[-53.3805197,-27.5890611],[-53.407066,-27.5710731],[-53.4006202,-27.5690331],[-53.4157887,-27.5618118],[-53.4068221,-27.5610726],[-53.4110009,-27.5451477],[-53.4040246,-27.5426382],[-53.4305078,-27.5294315],[-53.4385998,-27.5147498],[-53.4262451,-27.5112721],[-53.4431464,-27.5050988],[-53.424328,-27.5037002],[-53.4431422,-27.4884421],[-53.4496272,-27.4895354],[-53.4472273,-27.4967651],[-53.4592956,-27.4933996],[-53.4673061,-27.4793609],[-53.4553192,-27.4805292],[-53.4574272,-27.4736439],[-53.4792973,-27.4697171],[-53.4700277,-27.4534088],[-53.4915166,-27.4592581],[-53.4925049,-27.4502239],[-53.4254811,-27.4216323],[-53.4189972,-27.4268285],[-53.3895147,-27.417381],[-53.3494826,-27.419777],[-53.3076486,-27.4013221],[-53.3043496,-27.3884112],[-53.2948525,-27.3916054],[-53.2876181,-27.3968221],[-53.2963744,-27.4149151],[-53.2859793,-27.425349],[-53.3095082,-27.4292315],[-53.3057636,-27.4443958],[-53.2864267,-27.4605098],[-53.2901596,-27.4674809],[-53.2769349,-27.469128],[-53.2738344,-27.4813649],[-53.2825503,-27.4934065],[-53.2830115,-27.5107737],[-53.2758226,-27.5179907],[-53.2920803,-27.5284727],[-53.283383,-27.5299875],[-53.2898306,-27.5357769],[-53.2830202,-27.5461022],[-53.2939423,-27.5507495],[-53.2895539,-27.5588044],[-53.2965745,-27.564942],[-53.2894247,-27.5788601],[-53.346433,-27.6191133],[-53.3896406,-27.611155],[-53.3938334,-27.6016225],[-53.3837555,-27.6003373],[-53.3805197,-27.5890611]]]}},{"type":"Feature","properties":{"level":"municipio","municipality_code":"4320230","municipality_name":"Sede Nova","uf":"RS","state_code":"43","area_km2":119.312},"geometry":{"type":"Polygon","coordinates":[[[-53.9731663,-27.6666116],[-54.0336658,-27.6681047],[-54.0374124,-27.655487],[-54.0293118,-27.6431591],[-54.0355335,-27.6330759],[-54.0086664,-27.6216393],[-54.0014689,-27.6074039],[-54.020117,-27.6000694],[-54.0216441,-27.5927163],[-53.9795251,-27.5917572],[-53.9733816,-27.6102837],[-53.9435956,-27.6059215],[-53.935539,-27.592638],[-53.9311634,-27.6023387],[-53.8987697,-27.5937955],[-53.8927327,-27.6023902],[-53.900414,-27.623554],[-53.8811942,-27.6378737],[-53.8899728,-27.6576565],[-53.8814921,-27.6595066],[-53.8813367,-27.6701504],[-53.8908961,-27.6770518],[-53.8865107,-27.6803511],[-53.9026558,-27.6960499],[-53.9442429,-27.6899546],[-53.9650475,-27.6801784],[-53.9731663,-27.6666116]]]}},{"type":"Feature","properties":{"level":"municipio","municipality_code":"4320263","municipality_name":"Segredo","uf":"RS","state_code":"43","area_km2":245.17},"geometry":{"type":"Polygon","coordinates":[[[-52.8994456,-29.3162394],[-52.8579671,-29.3172714],[-52.8415582,-29.3284547],[-52.8245081,-29.3274712],[-52.8138864,-29.3482625],[-52.8151007,-29.3659863],[-52.8348257,-29.3611347],[-52.851471,-29.3780844],[-52.8507558,-29.3863352],[-52.9598492,-29.3964889],[-52.969348,-29.3868154],[-52.9687648,-29.3583151],[-52.9846507,-29.3550143],[-52.9852536,-29.3446861],[-53.0006533,-29.3496728],[-53.0254974,-29.3359599],[-53.0306301,-29.3209513],[-53.0173091,-29.3090531],[-53.0329903,-29.2715576],[-52.9830263,-29.2590392],[-52.9459518,-29.2622268],[-52.958829,-29.2267341],[-52.9461841,-29.2190937],[-52.9465116,-29.210841],[-52.9362295,-29.2125659],[-52.9171932,-29.185426],[-52.9144212,-29.1926936],[-52.9038558,-29.188169],[-52.9072463,-29.2029573],[-52.8838058,-29.205739],[-52.8973825,-29.215488],[-52.8998315,-29.232168],[-52.8929583,-29.2320618],[-52.8851959,-29.2505845],[-52.8859645,-29.2628813],[-52.8964142,-29.2664769],[-52.8825789,-29.3009345],[-52.8994456,-29.3162394]]]}},{"type":"Feature","properties":{"level":"municipio","municipality_code":"4320305","municipality_name":"Selbach","uf":"RS","state_code":"43","area_km2":176.47},"geometry":{"type":"Polygon","coordinates":[[[-52.9218305,-28.6511564],[-52.9413297,-28.6716104],[-52.9281743,-28.6727986],[-52.9424897,-28.6993885],[-52.9241276,-28.706997],[-52.9307706,-28.7160601],[-52.9228767,-28.718209],[-52.9255631,-28.7297986],[-52.9625631,-28.7432603],[-52.9529917,-28.7494598],[-52.9560941,-28.7610073],[-52.9679689,-28.7619797],[-52.985956,-28.7484968],[-53.0114852,-28.7585219],[-52.9984264,-28.7730504],[-53.0140855,-28.7636815],[-53.0343041,-28.7637068],[-53.0254661,-28.741353],[-53.032032,-28.7265275],[-53.0147692,-28.7241804],[-53.0128309,-28.717014],[-53.0311489,-28.6935534],[-53.0269391,-28.6877602],[-53.0353071,-28.6852437],[-53.0245041,-28.6649725],[-53.0353436,-28.6549986],[-53.0266924,-28.6534344],[-53.0288678,-28.6475857],[-53.0375733,-28.6448515],[-53.0253399,-28.6406164],[-53.0235365,-28.6252265],[-53.0309765,-28.6215427],[-53.0183165,-28.6134139],[-53.0165284,-28.5878484],[-52.996678,-28.5894194],[-52.9589847,-28.5762923],[-52.92402,-28.5848636],[-52.915619,-28.5987184],[-52.9274992,-28.6123734],[-52.9196595,-28.6143639],[-52.9363005,-28.6192297],[-52.9284978,-28.6395688],[-52.9339141,-28.6404483],[-52.9218305,-28.6511564]]]}},{"type":"Feature","properties":{"level":"municipio","municipality_code":"4320321","municipality_name":"Senador Salgado Filho","uf":"RS","state_code":"43","area_km2":147.097},"geometry":{"type":"Polygon","coordinates":[[[-54.5324156,-28.1142034],[-54.5609938,-28.1123893],[-54.5610091,-28.102327],[-54.5744543,-28.1024027],[-54.5744234,-28.0933079],[-54.5847266,-28.0936657],[-54.5850606,-28.0147177],[-54.5950434,-28.0139762],[-54.5954124,-27.9438137],[-54.5570002,-27.9798722],[-54.5154307,-27.9828424],[-54.4915917,-27.9658838],[-54.4560224,-28.0065785],[-54.4615069,-28.0285923],[-54.4788945,-28.0293491],[-54.4918233,-28.0584549],[-54.5037261,-28.0584523],[-54.5197416,-28.0788281],[-54.5155837,-28.0927964],[-54.5280571,-28.0927329],[-54.5324156,-28.1142034]]]}},{"type":"Feature","properties":{"level":"municipio","municipality_code":"4320354","municipality_name":"Sentinela do Sul","uf":"RS","state_code":"43","area_km2":282.13},"geometry":{"type":"Polygon","coordinates":[[[-51.4913069,-30.5025963],[-51.5388407,-30.5934276],[-51.5848257,-30.7107223],[-51.6076927,-30.7198704],[-51.6347897,-30.7500554],[-51.6913328,-30.7584931],[-51.6976929,-30.7453221],[-51.6894088,-30.7215158],[-51.6971978,-30.6904191],[-51.6853525,-30.683018],[-51.6885833,-30.6772734],[-51.6666255,-30.6417764],[-51.6541808,-30.6415102],[-51.6568549,-30.6276288],[-51.6487526,-30.6136622],[-51.6591213,-30.6032962],[-51.6632653,-30.5882626],[-51.656387,-30.5847839],[-51.6656609,-30.5701552],[-51.6550689,-30.5679768],[-51.6576184,-30.5186813],[-51.641436,-30.539958],[-51.6270634,-30.5436473],[-51.6124959,-30.5252934],[-51.5904613,-30.5294331],[-51.5631941,-30.5107959],[-51.5468272,-30.521547],[-51.5357467,-30.5069179],[-51.4973675,-30.5106262],[-51.4913069,-30.5025963]]]}},{"type":"Feature","properties":{"level":"municipio","municipality_code":"4320404","municipality_name":"Serafina Corrêa","uf":"RS","state_code":"43","area_km2":163.31},"geometry":{"type":"Polygon","coordinates":[[[-51.9943679,-28.6725012],[-51.8481537,-28.6634722],[-51.8460946,-28.6705513],[-51.863759,-28.6757682],[-51.8360527,-28.6785149],[-51.8566354,-28.6880564],[-51.85034,-28.7066067],[-51.8234112,-28.7103902],[-51.8526858,-28.71218],[-51.8411914,-28.7504308],[-51.8562728,-28.7461765],[-51.8560847,-28.7550322],[-51.98519,-28.7634487],[-51.9924965,-28.7471019],[-51.98697,-28.6890861],[-52.0087809,-28.6794432],[-51.998406,-28.6761373],[-51.9992642,-28.6479288],[-52.0065969,-28.6387355],[-52.0285319,-28.6494482],[-52.0402168,-28.648104],[-52.0442758,-28.6363186],[-52.0659729,-28.6406357],[-52.0672258,-28.6300731],[-52.0530575,-28.6245291],[-52.0665057,-28.6144397],[-51.9964699,-28.6104894],[-51.9943679,-28.6725012]]]}},{"type":"Feature","properties":{"level":"municipio","municipality_code":"4320503","municipality_name":"Sertão","uf":"RS","state_code":"43","area_km2":440.631},"geometry":{"type":"Polygon","coordinates":[[[-52.1430163,-27.953399],[-52.1062127,-27.9476322],[-52.0901036,-27.9366527],[-52.087659,-27.9433269],[-52.0972627,-27.9512884],[-52.0865641,-27.9751871],[-52.1002187,-27.9824712],[-52.0877613,-27.9961728],[-52.0987348,-28.003943],[-52.1121852,-27.9986959],[-52.1011116,-28.0155081],[-52.1281175,-28.0122971],[-52.1198007,-28.0207689],[-52.1395458,-28.0315496],[-52.1385282,-28.0471168],[-52.1456813,-28.0467562],[-52.1496382,-28.0581678],[-52.160483,-28.0574376],[-52.1549203,-28.0772677],[-52.1726819,-28.0645745],[-52.2081437,-28.063455],[-52.2445152,-28.0821042],[-52.247552,-28.0635196],[-52.2960169,-28.0759502],[-52.2974519,-28.0625045],[-52.3144389,-28.0496934],[-52.3198968,-28.0328433],[-52.353413,-28.0324334],[-52.3557059,-28.0233039],[-52.3689197,-28.0276618],[-52.3770302,-28.0191945],[-52.3773213,-28.0595669],[-52.3889369,-28.0902471],[-52.4049914,-28.0749662],[-52.4292357,-28.0696053],[-52.4329127,-28.07724],[-52.4433354,-28.0685759],[-52.4493695,-28.0825232],[-52.4622633,-28.0717483],[-52.4748946,-28.0774259],[-52.4734969,-28.0629394],[-52.488325,-28.0610825],[-52.4906629,-28.0368142],[-52.5127903,-28.0324576],[-52.5135019,-28.0185993],[-52.5305983,-28.0082342],[-52.5287597,-27.9941185],[-52.5417702,-27.995505],[-52.5543891,-27.9635553],[-52.5748619,-27.9687617],[-52.5711545,-27.9592402],[-52.5805484,-27.9466212],[-52.5602941,-27.960387],[-52.555124,-27.9557179],[-52.5618,-27.9403124],[-52.5415331,-27.9557791],[-52.5392161,-27.9367006],[-52.5125024,-27.9428628],[-52.517726,-27.9461049],[-52.5151939,-27.9480146],[-52.5049227,-27.9438111],[-52.4949411,-27.9603326],[-52.4769077,-27.9590354],[-52.4699653,-27.9776031],[-52.4542531,-27.9748797],[-52.4364675,-27.9899563],[-52.4264682,-27.9832023],[-52.404425,-27.9913982],[-52.4010427,-27.9833927],[-52.3725059,-27.9770416],[-52.3602486,-27.9874604],[-52.3420377,-27.982209],[-52.2952293,-27.9546547],[-52.2685498,-27.9547756],[-52.2327026,-27.973927],[-52.1891851,-27.9599211],[-52.1698993,-27.9429118],[-52.1641932,-27.949412],[-52.151743,-27.9426145],[-52.1430163,-27.953399]]]}},{"type":"Feature","properties":{"level":"municipio","municipality_code":"4320552","municipality_name":"Sertão Santana","uf":"RS","state_code":"43","area_km2":252.013},"geometry":{"type":"Polygon","coordinates":[[[-51.6505664,-30.3988891],[-51.5363616,-30.4001152],[-51.5357246,-30.4493488],[-51.5242267,-30.4546835],[-51.5334004,-30.4604872],[-51.524539,-30.5100372],[-51.5357467,-30.5069179],[-51.5468272,-30.521547],[-51.5631941,-30.5107959],[-51.5909895,-30.5295532],[-51.6124959,-30.5252934],[-51.6270634,-30.5436473],[-51.641436,-30.539958],[-51.658708,-30.5136894],[-51.6790091,-30.5090003],[-51.6981548,-30.5284866],[-51.7200557,-30.524824],[-51.7501179,-30.5345716],[-51.758862,-30.5054282],[-51.7492601,-30.4971142],[-51.7512426,-30.4819274],[-51.7125729,-30.4726957],[-51.717699,-30.4479306],[-51.6805079,-30.4376844],[-51.6918558,-30.4216255],[-51.6730205,-30.3940076],[-51.6809159,-30.3836834],[-51.6504366,-30.3839253],[-51.6505664,-30.3988891]]]}},{"type":"Feature","properties":{"level":"municipio","municipality_code":"4320578","municipality_name":"Sete de Setembro","uf":"RS","state_code":"43","area_km2":131.66},"geometry":{"type":"Polygon","coordinates":[[[-54.492802,-28.1233572],[-54.4964265,-28.1273878],[-54.5069198,-28.1124678],[-54.5179067,-28.1289411],[-54.523765,-28.1238666],[-54.53083,-28.1301943],[-54.5448344,-28.1150776],[-54.5324156,-28.1142034],[-54.5280571,-28.0927329],[-54.506196,-28.1010554],[-54.5014488,-28.0907453],[-54.4279817,-28.0698327],[-54.4281121,-28.0907014],[-54.3961428,-28.1287639],[-54.4041605,-28.139364],[-54.4106635,-28.1350853],[-54.4113264,-28.1935112],[-54.4510053,-28.1936086],[-54.4509357,-28.2254461],[-54.4787468,-28.2324838],[-54.4873531,-28.2459765],[-54.492802,-28.1233572]]]}},{"type":"Feature","properties":{"level":"municipio","municipality_code":"4320602","municipality_name":"Severiano de Almeida","uf":"RS","state_code":"43","area_km2":167.598},"geometry":{"type":"Polygon","coordinates":[[[-52.1073977,-27.4735384],[-52.1329613,-27.4654933],[-52.1447025,-27.4778113],[-52.1611662,-27.4690603],[-52.1625589,-27.4565277],[-52.1916158,-27.444566],[-52.1966215,-27.4187318],[-52.1889496,-27.4087183],[-52.2001416,-27.4016096],[-52.1732882,-27.378301],[-52.1780448,-27.3740579],[-52.1118548,-27.3738092],[-52.115362,-27.3513051],[-52.1075184,-27.3513633],[-52.1071026,-27.3434067],[-52.0937618,-27.3480686],[-52.0720149,-27.3384096],[-52.0490334,-27.3463121],[-52.0478955,-27.3724254],[-52.0620492,-27.387858],[-52.065315,-27.40476],[-52.0741547,-27.4011393],[-52.0738454,-27.4151806],[-52.0513099,-27.4090803],[-52.032659,-27.419536],[-52.0288067,-27.4545303],[-52.066648,-27.4539183],[-52.0670683,-27.4802703],[-52.1079025,-27.480951],[-52.1073977,-27.4735384]]]}},{"type":"Feature","properties":{"level":"municipio","municipality_code":"4320651","municipality_name":"Silveira Martins","uf":"RS","state_code":"43","area_km2":119.285},"geometry":{"type":"Polygon","coordinates":[[[-53.6318463,-29.6707365],[-53.6187302,-29.6488267],[-53.6380385,-29.6381472],[-53.6489414,-29.6188688],[-53.5828508,-29.5770382],[-53.549727,-29.5743508],[-53.530376,-29.5959848],[-53.5295942,-29.6154168],[-53.5227351,-29.6078351],[-53.5105625,-29.6238091],[-53.5003535,-29.6173379],[-53.483792,-29.6263382],[-53.4882574,-29.6152034],[-53.4773917,-29.6124068],[-53.4675753,-29.6396888],[-53.5263318,-29.6392242],[-53.547174,-29.6608941],[-53.5471612,-29.6741283],[-53.5297655,-29.6957613],[-53.5447546,-29.7040715],[-53.5566257,-29.6876865],[-53.5860844,-29.6947024],[-53.5926406,-29.6803364],[-53.6318463,-29.6707365]]]}},{"type":"Feature","properties":{"level":"municipio","municipality_code":"4320677","municipality_name":"Sinimbu","uf":"RS","state_code":"43","area_km2":509.778},"geometry":{"type":"Polygon","coordinates":[[[-52.5988133,-29.4500439],[-52.651321,-29.3899795],[-52.6749625,-29.3985119],[-52.7026481,-29.4009043],[-52.7189851,-29.3938334],[-52.7576962,-29.4050083],[-52.764362,-29.4001521],[-52.7497014,-29.3730224],[-52.7556445,-29.3656437],[-52.7441432,-29.3669844],[-52.7414221,-29.3488051],[-52.7342903,-29.3491014],[-52.7406808,-29.3353257],[-52.7290406,-29.3421128],[-52.7326803,-29.3284369],[-52.7190683,-29.3208194],[-52.724464,-29.3169144],[-52.7189525,-29.3056282],[-52.6981779,-29.3043069],[-52.6825972,-29.3172914],[-52.6339645,-29.3298806],[-52.6208995,-29.3610869],[-52.6033046,-29.355994],[-52.5728436,-29.3756484],[-52.5650236,-29.3684107],[-52.5392164,-29.3730105],[-52.5382189,-29.3487458],[-52.5312692,-29.3468693],[-52.5373466,-29.3321622],[-52.5281804,-29.3230281],[-52.523125,-29.3373948],[-52.4893251,-29.3434989],[-52.471537,-29.3589851],[-52.4600362,-29.384663],[-52.4352649,-29.3782149],[-52.4396962,-29.4005925],[-52.4571679,-29.3990595],[-52.4502239,-29.4106392],[-52.4572006,-29.4153418],[-52.4407954,-29.4367477],[-52.4503441,-29.4512508],[-52.4315689,-29.4736764],[-52.451188,-29.5100109],[-52.4390389,-29.5262221],[-52.438791,-29.5399524],[-52.4736858,-29.5613585],[-52.5270654,-29.562309],[-52.5642515,-29.5839249],[-52.6205213,-29.5807621],[-52.6194198,-29.5533163],[-52.6074006,-29.5485389],[-52.6234344,-29.5445387],[-52.6172139,-29.5237999],[-52.6330842,-29.5303343],[-52.6440087,-29.5202163],[-52.6684916,-29.5340398],[-52.6826511,-29.5263446],[-52.6766337,-29.5076171],[-52.6828535,-29.5057937],[-52.6799537,-29.499564],[-52.613882,-29.4924541],[-52.6071001,-29.4732787],[-52.5671019,-29.4699276],[-52.5988133,-29.4500439]]]}},{"type":"Feature","properties":{"level":"municipio","municipality_code":"4320701","municipality_name":"Sobradinho","uf":"RS","state_code":"43","area_km2":128.823},"geometry":{"type":"Polygon","coordinates":[[[-52.9767936,-29.4281783],[-52.978029,-29.4360457],[-52.9904777,-29.4350212],[-53.012527,-29.4536296],[-53.0125959,-29.4635088],[-53.0477687,-29.4515745],[-53.0556323,-29.4627331],[-53.0848786,-29.4564647],[-53.0948305,-29.4668687],[-53.0830739,-29.3719217],[-53.0706414,-29.3735383],[-53.0651231,-29.3630061],[-53.0461292,-29.3550426],[-53.0133455,-29.362405],[-53.0261356,-29.3508935],[-53.0244655,-29.3370754],[-53.0006533,-29.3496728],[-52.9852536,-29.3446861],[-52.9846507,-29.3550143],[-52.9687648,-29.3583151],[-52.969348,-29.3868154],[-52.9614502,-29.3954748],[-52.9385934,-29.3949329],[-52.9371538,-29.4100538],[-52.9624785,-29.4107675],[-52.9654898,-29.4256077],[-52.9767936,-29.4281783]]]}},{"type":"Feature","properties":{"level":"municipio","municipality_code":"4320800","municipality_name":"Soledade","uf":"RS","state_code":"43","area_km2":1215.056},"geometry":{"type":"Polygon","coordinates":[[[-52.4038336,-28.8811365],[-52.4683535,-28.906776],[-52.4869545,-28.9018037],[-52.4821313,-28.9087595],[-52.4980147,-28.9176607],[-52.4882475,-28.9216775],[-52.4928493,-28.9320353],[-52.4855822,-28.9383125],[-52.5035711,-28.9475786],[-52.4939504,-28.9816888],[-52.4986987,-28.9853772],[-52.4909874,-28.9918968],[-52.4966897,-29.0350497],[-52.5255782,-29.0120052],[-52.5238048,-29.0048314],[-52.550803,-28.9902994],[-52.561925,-28.9714308],[-52.5699972,-28.9747869],[-52.5695709,-28.9662423],[-52.5908679,-28.9710984],[-52.6473292,-28.952408],[-52.6729555,-28.9719683],[-52.6916277,-29.0522241],[-52.7259227,-29.0804596],[-52.750974,-29.1440936],[-52.7843385,-29.1150854],[-52.7934985,-29.115397],[-52.8168662,-29.083708],[-52.800395,-29.0370123],[-52.8101014,-29.0266339],[-52.8016052,-29.0202309],[-52.7802184,-29.0328938],[-52.7720497,-29.0194093],[-52.7615041,-29.0284447],[-52.7181976,-29.0099431],[-52.7094414,-28.7898723],[-52.7305868,-28.7618545],[-52.724584,-28.7348192],[-52.7151782,-28.7493495],[-52.5886906,-28.7565357],[-52.615613,-28.7217214],[-52.5925215,-28.6847575],[-52.608689,-28.6733836],[-52.6147906,-28.6369842],[-52.6021445,-28.6347389],[-52.5986251,-28.6451013],[-52.580818,-28.6435253],[-52.5791021,-28.6520894],[-52.5648605,-28.6555892],[-52.546444,-28.6524214],[-52.5438228,-28.6688504],[-52.523664,-28.6644429],[-52.5021518,-28.6769327],[-52.487035,-28.6731496],[-52.4692819,-28.69103],[-52.4504153,-28.6879835],[-52.4462131,-28.6989038],[-52.428002,-28.7007198],[-52.4073523,-28.6892344],[-52.3830942,-28.702491],[-52.3434842,-28.702747],[-52.3226926,-28.6787012],[-52.3140837,-28.6482328],[-52.3051527,-28.656066],[-52.2882707,-28.6422831],[-52.2731266,-28.6519776],[-52.2706397,-28.6704814],[-52.2616744,-28.6605838],[-52.2494514,-28.6623334],[-52.2535855,-28.6804187],[-52.2784913,-28.6960762],[-52.2777524,-28.7351771],[-52.3008129,-28.7479839],[-52.2930195,-28.7549289],[-52.3049495,-28.7856839],[-52.3290366,-28.8126433],[-52.3241335,-28.8179993],[-52.3295451,-28.8216142],[-52.3095819,-28.8291738],[-52.3121398,-28.8386836],[-52.3050368,-28.8427386],[-52.3126826,-28.8488691],[-52.2964196,-28.8470988],[-52.3093017,-28.8634209],[-52.2949311,-28.8670313],[-52.299423,-28.8755933],[-52.3256166,-28.8704331],[-52.3429796,-28.8828532],[-52.365248,-28.8764751],[-52.3905274,-28.8852613],[-52.4038336,-28.8811365]]]}},{"type":"Feature","properties":{"level":"municipio","municipality_code":"4318002","municipality_name":"São Borja","uf":"RS","state_code":"43","area_km2":3616.674},"geometry":{"type":"Polygon","coordinates":[[[-56.0815813,-28.8566816],[-56.0962813,-28.8578574],[-56.1075637,-28.8481357],[-56.1105239,-28.8570771],[-56.1223786,-28.8551621],[-56.1321437,-28.8663462],[-56.1378555,-28.8576217],[-56.149827,-28.8669818],[-56.1647352,-28.8629572],[-56.1792978,-28.8861315],[-56.17871,-28.9009917],[-56.1966577,-28.8982518],[-56.2098611,-28.9272075],[-56.2219741,-28.9260504],[-56.2318003,-28.9375222],[-56.2547869,-28.9368751],[-56.2579955,-28.944765],[-56.2710474,-28.9322558],[-56.2815067,-28.9429411],[-56.2966223,-28.9296307],[-56.3056844,-28.9335378],[-56.3069888,-28.9262015],[-56.314237,-28.9356304],[-56.3232713,-28.9247252],[-56.3000541,-28.8955608],[-56.3012107,-28.817046],[-56.2891127,-28.793722],[-56.2609311,-28.7790068],[-56.1881239,-28.7722809],[-56.1191509,-28.6812475],[-56.0562722,-28.6292036],[-56.017674,-28.6129435],[-56.0033733,-28.5977984],[-56.0023709,-28.5782987],[-56.02569,-28.5347936],[-56.0112241,-28.5068934],[-55.884006,-28.4791631],[-55.8826016,-28.4638382],[-55.9030495,-28.4076443],[-55.8787393,-28.3618473],[-55.8505849,-28.35539],[-55.7464038,-28.3732267],[-55.7343525,-28.3812095],[-55.7197035,-28.4186791],[-55.704337,-28.4275562],[-55.6707859,-28.3981917],[-55.664735,-28.400991],[-55.6680357,-28.386406],[-55.6344578,-28.3816689],[-55.6350143,-28.3651931],[-55.6055398,-28.3702281],[-55.5830781,-28.3394321],[-55.570644,-28.3402046],[-55.5631347,-28.3618437],[-55.5362451,-28.3895906],[-55.5189902,-28.391277],[-55.5069115,-28.4031931],[-55.5244367,-28.4151842],[-55.5287579,-28.4577616],[-55.5548869,-28.4621223],[-55.5903785,-28.4884472],[-55.6792661,-28.4983274],[-55.7013928,-28.5368347],[-55.7283485,-28.550472],[-55.7341922,-28.5732189],[-55.7707288,-28.5813547],[-55.7709234,-28.5916843],[-55.7545572,-28.5986028],[-55.733219,-28.6227483],[-55.7247397,-28.6169813],[-55.7224556,-28.6255962],[-55.699765,-28.6261406],[-55.7171726,-28.657838],[-55.7073445,-28.6616354],[-55.6966144,-28.654836],[-55.6756802,-28.6715277],[-55.6416941,-28.6691854],[-55.6287823,-28.684544],[-55.6166432,-28.6779537],[-55.5909108,-28.6907839],[-55.5729666,-28.6762805],[-55.5637487,-28.6833848],[-55.5719747,-28.6944728],[-55.5354483,-28.710658],[-55.534324,-28.7301173],[-55.4971566,-28.731536],[-55.4960992,-28.7398101],[-55.5076276,-28.74475],[-55.5040378,-28.7640986],[-55.4954597,-28.7648405],[-55.4658121,-28.8121235],[-55.4488054,-28.8128844],[-55.4327733,-28.8274423],[-55.4314272,-28.8443882],[-55.4194282,-28.8449642],[-55.4321683,-28.8626488],[-55.4137148,-28.8644402],[-55.3964182,-28.8801241],[-55.3837433,-28.8735729],[-55.3689402,-28.8783807],[-55.3730301,-28.9205678],[-55.3498513,-28.9315732],[-55.3455307,-28.9419439],[-55.3209727,-28.9420301],[-55.3229879,-28.9595207],[-55.2976106,-28.9676064],[-55.2911,-28.9857776],[-55.3160113,-28.9923631],[-55.3732174,-28.9718658],[-55.3856379,-28.9760144],[-55.3746932,-28.9891972],[-55.3998665,-29.0097984],[-55.4125462,-29.0474938],[-55.4652701,-29.0822261],[-55.4928602,-29.053157],[-55.5046043,-29.0006656],[-55.5748515,-29.0051301],[-55.5821574,-29.0202673],[-55.593872,-29.0103326],[-55.6231982,-29.0082083],[-55.6613202,-29.0116818],[-55.6700855,-29.0199756],[-55.695747,-29.0022525],[-55.7184444,-28.9984907],[-55.7262169,-28.9822901],[-55.766607,-28.9857337],[-55.773173,-28.9803227],[-55.7997865,-28.9942994],[-55.8178188,-28.9927373],[-55.8508602,-28.9649348],[-55.8660686,-28.9689424],[-55.8984771,-28.9517899],[-55.9561607,-28.9403787],[-55.9952343,-28.9444189],[-56.0214953,-28.9169607],[-56.0651254,-28.9133028],[-56.0546062,-28.8927543],[-56.0815813,-28.8566816]]]}},{"type":"Feature","properties":{"level":"municipio","municipality_code":"4318051","municipality_name":"São Domingos do Sul","uf":"RS","state_code":"43","area_km2":78.67},"geometry":{"type":"Polygon","coordinates":[[[-51.9142934,-28.538941],[-51.9243191,-28.5374824],[-51.9074276,-28.5223391],[-51.9181777,-28.5080383],[-51.917897,-28.4886695],[-51.888887,-28.4838646],[-51.8890309,-28.4899969],[-51.876192,-28.4902544],[-51.8762617,-28.5058495],[-51.8492313,-28.5097359],[-51.8490621,-28.5156068],[-51.8248447,-28.5211553],[-51.825017,-28.527745],[-51.8031173,-28.5272773],[-51.8098237,-28.5331029],[-51.8025198,-28.5433801],[-51.8139917,-28.5512795],[-51.8103538,-28.5601254],[-51.8286416,-28.5653852],[-51.8267723,-28.5786781],[-51.8345443,-28.5741151],[-51.8377085,-28.5858253],[-51.8536524,-28.5904258],[-51.8578829,-28.5726989],[-51.8637539,-28.5819011],[-51.8755661,-28.5800255],[-51.8899286,-28.5743579],[-51.8930592,-28.5633629],[-51.9158131,-28.5616369],[-51.9142934,-28.538941]]]}},{"type":"Feature","properties":{"level":"municipio","municipality_code":"4318101","municipality_name":"São Francisco de Assis","uf":"RS","state_code":"43","area_km2":2534.789},"geometry":{"type":"Polygon","coordinates":[[[-55.1957575,-29.6926454],[-55.1942562,-29.6681434],[-55.2135073,-29.6530644],[-55.2155992,-29.6347859],[-55.2374704,-29.6357538],[-55.2472046,-29.6188213],[-55.2832609,-29.618288],[-55.2920796,-29.6314418],[-55.325968,-29.6417138],[-55.3628733,-29.6144024],[-55.3765883,-29.614201],[-55.3680956,-29.5574046],[-55.3461955,-29.5452092],[-55.3494547,-29.5335057],[-55.3298115,-29.5325443],[-55.3270704,-29.5228913],[-55.3470186,-29.49242],[-55.338441,-29.4770798],[-55.3440448,-29.4727735],[-55.3475034,-29.4824715],[-55.3611646,-29.4777287],[-55.370048,-29.4614671],[-55.3600027,-29.4549378],[-55.381519,-29.4493272],[-55.3786189,-29.441144],[-55.3984839,-29.4390147],[-55.3929155,-29.4322107],[-55.4112483,-29.4147692],[-55.407787,-29.4038246],[-55.439447,-29.3962964],[-55.429858,-29.3814616],[-55.4302409,-29.3624037],[-55.4610911,-29.3775849],[-55.5188965,-29.3810369],[-55.5211577,-29.3538865],[-55.4841348,-29.3351721],[-55.4785829,-29.3223649],[-55.4319963,-29.3163905],[-55.4159352,-29.3218913],[-55.4204406,-29.2699863],[-55.4314923,-29.2581835],[-55.4397124,-29.2259653],[-55.4590774,-29.2147701],[-55.450556,-29.2057964],[-55.4230776,-29.2136258],[-55.3944786,-29.2055557],[-55.4021743,-29.2334248],[-55.3934059,-29.23605],[-55.3880783,-29.2232852],[-55.3744436,-29.2369356],[-55.361409,-29.2070454],[-55.3439242,-29.2071585],[-55.344538,-29.2206563],[-55.3359478,-29.2233648],[-55.31594,-29.2157979],[-55.3127119,-29.2051446],[-55.2972942,-29.2146737],[-55.2615442,-29.208294],[-55.2353891,-29.1880193],[-55.225241,-29.1967105],[-55.2096652,-29.1893411],[-55.2015153,-29.1946777],[-55.2062011,-29.2055476],[-55.1959671,-29.2020782],[-55.1903709,-29.2101782],[-55.1809878,-29.2078956],[-55.1755472,-29.1904929],[-55.1624298,-29.2047028],[-55.1556941,-29.1950158],[-55.1402492,-29.1935112],[-55.11701,-29.199082],[-55.1144619,-29.2135891],[-55.0795366,-29.2091737],[-55.0713371,-29.2232953],[-55.0440885,-29.2263767],[-55.0430926,-29.2437257],[-55.0298161,-29.2367862],[-55.0330249,-29.2479691],[-55.0189397,-29.2428613],[-55.0199526,-29.2564542],[-55.0071377,-29.2559545],[-55.004398,-29.2661655],[-54.9756393,-29.2777498],[-54.9611951,-29.3019686],[-54.9632754,-29.3120197],[-54.9477731,-29.3142769],[-54.9404694,-29.3245476],[-54.9322438,-29.3209077],[-54.9139188,-29.3401196],[-54.9008687,-29.3419283],[-54.8948381,-29.3639497],[-54.8660776,-29.3969934],[-54.8709121,-29.4118086],[-54.8523837,-29.4418254],[-54.8496362,-29.4591626],[-54.8556031,-29.465037],[-54.8467759,-29.465449],[-54.8508963,-29.4764466],[-54.8319342,-29.4928901],[-54.8384992,-29.4953936],[-54.8346646,-29.5156893],[-54.859417,-29.5282638],[-54.8624032,-29.5436299],[-54.843223,-29.5492493],[-54.8337274,-29.574379],[-54.8221416,-29.5682914],[-54.8080542,-29.5758143],[-54.7926218,-29.5683984],[-54.7935078,-29.5933216],[-54.7832775,-29.5991969],[-54.7904375,-29.6185215],[-54.8002698,-29.6201038],[-54.8137926,-29.6386428],[-54.8260151,-29.6391976],[-54.8323072,-29.6658667],[-54.8541541,-29.6565351],[-54.8643698,-29.6706966],[-54.9235643,-29.6627391],[-54.9339231,-29.6808347],[-54.9440129,-29.6765244],[-54.9631156,-29.6962252],[-54.9801841,-29.692055],[-54.9786727,-29.7019406],[-55.008017,-29.7108603],[-55.062458,-29.693859],[-55.0616828,-29.6843907],[-55.0771058,-29.6717551],[-55.0745695,-29.6590379],[-55.0886805,-29.6470111],[-55.0944766,-29.6609085],[-55.1245312,-29.6607406],[-55.1196464,-29.6688297],[-55.1346361,-29.6864422],[-55.1313978,-29.6951451],[-55.1885166,-29.6963727],[-55.1957575,-29.6926454]]]}},{"type":"Feature","properties":{"level":"municipio","municipality_code":"4318200","municipality_name":"São Francisco de Paula","uf":"RS","state_code":"43","area_km2":3317.794},"geometry":{"type":"Polygon","coordinates":[[[-50.3493764,-29.4950103],[-50.4054559,-29.5188652],[-50.4208156,-29.5180693],[-50.4328876,-29.5372576],[-50.5527589,-29.538637],[-50.5724982,-29.5525636],[-50.6294964,-29.5607016],[-50.6511525,-29.5024802],[-50.6607147,-29.5064603],[-50.673566,-29.4892161],[-50.6735327,-29.4703048],[-50.6881458,-29.4835569],[-50.6970377,-29.4672921],[-50.7281549,-29.4544547],[-50.7045164,-29.4183936],[-50.6847609,-29.4068683],[-50.6570305,-29.4220737],[-50.6445501,-29.4059687],[-50.6454372,-29.3806563],[-50.6666738,-29.3705645],[-50.6757209,-29.374402],[-50.6831136,-29.3619687],[-50.6731297,-29.3382804],[-50.6881195,-29.3245164],[-50.7114511,-29.334368],[-50.7429856,-29.3269588],[-50.7613626,-29.3093803],[-50.7620478,-29.2766766],[-50.7967911,-29.2768633],[-50.8162391,-29.2574132],[-50.8261554,-29.2658857],[-50.8278468,-29.2576851],[-50.8532534,-29.2641589],[-50.8602734,-29.2271269],[-50.8346285,-29.1822508],[-50.8449367,-29.1590382],[-50.8408729,-29.1281721],[-50.8752269,-29.116275],[-50.9143418,-29.1193354],[-50.9024706,-29.0903373],[-50.9146547,-29.0803602],[-50.9409546,-29.0799172],[-50.9442313,-29.0713205],[-50.9084631,-29.0750277],[-50.8925913,-29.066688],[-50.8304484,-29.0646798],[-50.8151362,-29.028471],[-50.7992349,-29.0253809],[-50.7949189,-29.0101927],[-50.7850345,-29.0066719],[-50.7837718,-28.9791653],[-50.7914079,-28.9791837],[-50.8005209,-28.9638194],[-50.8186793,-28.9673872],[-50.8103324,-28.9590203],[-50.8161258,-28.9521265],[-50.8027381,-28.9534575],[-50.7869815,-28.9413708],[-50.810596,-28.9299551],[-50.8055606,-28.90915],[-50.8120053,-28.9034451],[-50.8058384,-28.8966611],[-50.8202763,-28.8936367],[-50.810233,-28.8846988],[-50.7993483,-28.8864949],[-50.7944035,-28.874485],[-50.821017,-28.8673625],[-50.8275355,-28.8557993],[-50.8181185,-28.8391423],[-50.8498888,-28.8327474],[-50.8463604,-28.8124084],[-50.8167282,-28.8263292],[-50.7869376,-28.814697],[-50.7980075,-28.7990549],[-50.7635663,-28.7872864],[-50.7568059,-28.7717137],[-50.7409394,-28.7989464],[-50.7315615,-28.7839613],[-50.7178031,-28.7832341],[-50.730418,-28.7966325],[-50.7267164,-28.8028582],[-50.7062271,-28.7951208],[-50.6899149,-28.8022363],[-50.6599717,-28.796967],[-50.6540193,-28.8012422],[-50.6627483,-28.8151254],[-50.6200752,-28.8161636],[-50.6175348,-28.8040807],[-50.6042638,-28.8100551],[-50.6002188,-28.8227581],[-50.606869,-28.8295063],[-50.5788136,-28.8429059],[-50.5834641,-28.854327],[-50.5650984,-28.8504737],[-50.5727036,-28.8632496],[-50.5498863,-28.864207],[-50.5611764,-28.8722874],[-50.5619059,-28.886946],[-50.5527404,-28.8819864],[-50.5545053,-28.8926394],[-50.5346977,-28.887301],[-50.5150096,-28.8978695],[-50.5160776,-28.9098961],[-50.506286,-28.9214801],[-50.4885935,-28.925811],[-50.4703409,-28.9451373],[-50.4558226,-29.0373306],[-50.4428262,-29.0481279],[-50.4315025,-29.0754633],[-50.4438905,-29.1292431],[-50.4270569,-29.132886],[-50.4122347,-29.1192637],[-50.3667608,-29.1044523],[-50.3577469,-29.116584],[-50.3560199,-29.1255195],[-50.3663621,-29.1355703],[-50.3510363,-29.1380936],[-50.3622298,-29.1528199],[-50.3559207,-29.1566674],[-50.357589,-29.1893277],[-50.332658,-29.212672],[-50.3335435,-29.2240961],[-50.32459,-29.2207996],[-50.3327673,-29.2398076],[-50.3243566,-29.2508489],[-50.3282939,-29.2560393],[-50.3161328,-29.2583799],[-50.3145877,-29.2688654],[-50.2979234,-29.2772092],[-50.3008431,-29.2932245],[-50.2682933,-29.2910961],[-50.2565305,-29.2770711],[-50.2001825,-29.2565589],[-50.1429992,-29.2708338],[-50.150482,-29.285304],[-50.1411759,-29.2802286],[-50.1449328,-29.2935943],[-50.1390096,-29.2909502],[-50.1307053,-29.3038463],[-50.1301244,-29.285757],[-50.1230092,-29.2819725],[-50.1199707,-29.2967806],[-50.1052312,-29.2993628],[-50.112494,-29.3057522],[-50.0837573,-29.3139299],[-50.087746,-29.3243228],[-50.0728235,-29.3203891],[-50.0656475,-29.322828],[-50.074468,-29.3281971],[-50.0581849,-29.3275686],[-50.0687458,-29.3426066],[-50.0501848,-29.3391232],[-50.0385088,-29.3472464],[-50.0410027,-29.3550659],[-50.0641143,-29.363705],[-50.0881163,-29.346467],[-50.0863815,-29.3325451],[-50.1072069,-29.3361134],[-50.1055,-29.3280979],[-50.1188213,-29.3240889],[-50.1164091,-29.335869],[-50.1572265,-29.3378714],[-50.1756507,-29.349859],[-50.1830108,-29.3648363],[-50.1864908,-29.3573398],[-50.1999763,-29.3679204],[-50.2073687,-29.3614158],[-50.1917827,-29.3416523],[-50.2076527,-29.3381544],[-50.2059143,-29.3303787],[-50.2210632,-29.3421591],[-50.2163121,-29.3262184],[-50.230927,-29.3366191],[-50.2497434,-29.3304508],[-50.2492534,-29.3452625],[-50.2382856,-29.346805],[-50.2469818,-29.3517448],[-50.2390064,-29.3539728],[-50.2457517,-29.3618434],[-50.238241,-29.3615906],[-50.2501219,-29.3799399],[-50.2387198,-29.3745025],[-50.2427062,-29.3795684],[-50.2316403,-29.3795355],[-50.2352373,-29.3884376],[-50.2443799,-29.3848936],[-50.240095,-29.3957436],[-50.2095505,-29.3931399],[-50.2248986,-29.4007637],[-50.2227288,-29.4099802],[-50.2105355,-29.4103503],[-50.2229334,-29.417145],[-50.2497728,-29.4112799],[-50.2319158,-29.4354535],[-50.2220462,-29.4321783],[-50.2314123,-29.4434497],[-50.2234039,-29.444022],[-50.2251253,-29.4517498],[-50.2155275,-29.4407064],[-50.2058073,-29.4418141],[-50.2177059,-29.4524697],[-50.2094842,-29.4517312],[-50.2115404,-29.4606641],[-50.2032595,-29.4543685],[-50.2044104,-29.4667104],[-50.2190117,-29.4814242],[-50.2012276,-29.4776055],[-50.1880803,-29.4889087],[-50.1831326,-29.4779227],[-50.1674952,-29.4739806],[-50.1663373,-29.4633755],[-50.1510009,-29.4744554],[-50.1749689,-29.4824271],[-50.1893164,-29.5057924],[-50.1712946,-29.5216399],[-50.1680076,-29.535133],[-50.1847973,-29.5311105],[-50.1976836,-29.5164895],[-50.2317489,-29.5121677],[-50.2011837,-29.4950365],[-50.251741,-29.4910334],[-50.2512951,-29.5000822],[-50.2740081,-29.4836484],[-50.2791216,-29.5070961],[-50.2920229,-29.506652],[-50.2947362,-29.4854376],[-50.2780263,-29.4736388],[-50.2689717,-29.4771089],[-50.2657864,-29.4549321],[-50.2736585,-29.4682956],[-50.2726756,-29.4628175],[-50.2939222,-29.4681979],[-50.28334,-29.4519157],[-50.2960697,-29.4593113],[-50.2888946,-29.4456599],[-50.2958747,-29.4501906],[-50.2950434,-29.4429599],[-50.298974,-29.4406525],[-50.2974811,-29.4463256],[-50.3118941,-29.4490901],[-50.3127682,-29.435223],[-50.3263866,-29.4412419],[-50.3147363,-29.4573993],[-50.325218,-29.4590341],[-50.3274141,-29.4616529],[-50.3200024,-29.4603314],[-50.3149748,-29.4747621],[-50.3348414,-29.479488],[-50.3493764,-29.4950103]]]}},{"type":"Feature","properties":{"level":"municipio","municipality_code":"4318309","municipality_name":"São Gabriel","uf":"RS","state_code":"43","area_km2":5053.46},"geometry":{"type":"Polygon","coordinates":[[[-54.439023,-30.6228466],[-54.4749082,-30.622385],[-54.5040157,-30.6313495],[-54.5266178,-30.6140841],[-54.5477117,-30.6215052],[-54.5805841,-30.6117961],[-54.6081301,-30.6231752],[-54.6757876,-30.6050884],[-54.6838653,-30.6138378],[-54.6813817,-30.6286722],[-54.6896844,-30.6286501],[-54.6861785,-30.61962],[-54.6945983,-30.6212088],[-54.6999598,-30.5966263],[-54.7236966,-30.599343],[-54.7301068,-30.5928716],[-54.72015,-30.5784241],[-54.7352551,-30.5598162],[-54.7343458,-30.5291602],[-54.748648,-30.517022],[-54.7390614,-30.5049064],[-54.7115861,-30.5031595],[-54.7194273,-30.496161],[-54.711056,-30.479618],[-54.7220511,-30.4773565],[-54.7130408,-30.4634906],[-54.7418175,-30.4518858],[-54.7437699,-30.4411723],[-54.7361381,-30.4366956],[-54.7491323,-30.4273947],[-54.7443227,-30.4205265],[-54.769585,-30.4165662],[-54.7771414,-30.3909565],[-54.794881,-30.3842392],[-54.7927461,-30.3702549],[-54.7793264,-30.3718541],[-54.7799253,-30.3588306],[-54.8106215,-30.3355572],[-54.8029897,-30.3239644],[-54.8205588,-30.3206938],[-54.8173515,-30.3328565],[-54.8291414,-30.3298132],[-54.8378695,-30.311403],[-54.8699784,-30.2795983],[-54.8787855,-30.2798645],[-54.8717086,-30.2691174],[-54.8474123,-30.2658648],[-54.7611763,-30.2823017],[-54.7135712,-30.2635005],[-54.7041904,-30.2240328],[-54.7082598,-30.2100199],[-54.6842908,-30.1977898],[-54.6637133,-30.1665929],[-54.6682213,-30.1556698],[-54.6469517,-30.1547785],[-54.6474862,-30.1361035],[-54.6269422,-30.1165994],[-54.6313592,-30.106566],[-54.6551004,-30.1086983],[-54.6707298,-30.0956136],[-54.6885441,-30.0629479],[-54.7004997,-30.0556043],[-54.7029945,-30.0290226],[-54.688943,-30.0376467],[-54.6401414,-30.0256879],[-54.6426383,-30.0158786],[-54.6293265,-30.0037965],[-54.6324511,-29.9954441],[-54.6189703,-29.9935263],[-54.6021955,-29.9751433],[-54.5893833,-29.9756307],[-54.5858896,-29.9624513],[-54.5633706,-29.9565224],[-54.5565818,-29.9613091],[-54.5000915,-29.9331274],[-54.4771942,-29.9410706],[-54.4703936,-29.9589785],[-54.453703,-29.9601232],[-54.4050498,-29.9484092],[-54.4006553,-29.939138],[-54.3514205,-29.9356927],[-54.341461,-29.92784],[-54.2860571,-29.9328145],[-54.2465984,-29.8927157],[-54.2211956,-29.9149958],[-54.1877828,-29.928418],[-54.1285137,-29.9195547],[-54.105759,-29.925867],[-54.0710485,-29.9085618],[-54.0515265,-29.9116546],[-54.0299523,-29.9338205],[-54.0334838,-29.957573],[-54.0084652,-29.971538],[-54.0050259,-29.9840314],[-53.9514826,-29.9909903],[-53.8906836,-29.9834313],[-53.8692155,-29.9939813],[-53.8897258,-30.0352022],[-53.9102153,-30.0463445],[-53.9059716,-30.0670702],[-53.9165118,-30.0868703],[-53.9273988,-30.0892083],[-53.9324425,-30.102241],[-53.9437,-30.1023231],[-53.9459296,-30.1186741],[-53.959552,-30.1234644],[-53.9519721,-30.1269609],[-53.9587241,-30.1555421],[-53.9761614,-30.1698972],[-53.9739485,-30.1868295],[-53.9671522,-30.1862743],[-53.9689122,-30.1944127],[-53.9539201,-30.2060694],[-53.9627975,-30.2199648],[-53.9878007,-30.2256309],[-53.9898718,-30.2476253],[-54.008178,-30.2468695],[-54.0333568,-30.2243887],[-54.045185,-30.2263995],[-54.0432118,-30.2131821],[-54.0510158,-30.2165278],[-54.0813525,-30.1963043],[-54.0964852,-30.1965421],[-54.0972555,-30.1889307],[-54.1350716,-30.1805495],[-54.1419268,-30.167786],[-54.1627724,-30.1742423],[-54.1622194,-30.1915592],[-54.1779209,-30.1918978],[-54.1780342,-30.1988986],[-54.2044358,-30.2134574],[-54.2324573,-30.2173365],[-54.2390416,-30.2272465],[-54.2562039,-30.2241939],[-54.2691125,-30.2478228],[-54.269188,-30.2637016],[-54.2514191,-30.2877398],[-54.2445856,-30.3458232],[-54.2672249,-30.3690165],[-54.2711989,-30.396922],[-54.2478422,-30.4201346],[-54.2307045,-30.4539634],[-54.1784384,-30.4993968],[-54.1533446,-30.5100943],[-54.1590909,-30.5374414],[-54.1470232,-30.5385867],[-54.1397187,-30.5207211],[-54.1231574,-30.5031645],[-54.1148832,-30.5041336],[-54.1168619,-30.4957736],[-54.0844107,-30.4581605],[-54.0606156,-30.5005638],[-54.0720514,-30.5404114],[-54.0249973,-30.5411289],[-54.000912,-30.5539292],[-53.9538868,-30.5578701],[-53.9506425,-30.5654044],[-53.9390116,-30.5605637],[-53.9346262,-30.5750489],[-53.953142,-30.5917488],[-53.963793,-30.5909476],[-53.9865975,-30.6162616],[-53.9812773,-30.639421],[-54.0050579,-30.6503456],[-54.0181613,-30.6934649],[-54.0376517,-30.7001616],[-54.0611732,-30.6869086],[-54.0864363,-30.7008166],[-54.1324712,-30.7076231],[-54.1453897,-30.7349444],[-54.1386304,-30.7544502],[-54.1603827,-30.7773646],[-54.1835471,-30.7621119],[-54.2138448,-30.7579091],[-54.2324443,-30.7431196],[-54.2477428,-30.7499455],[-54.2788714,-30.7301513],[-54.3100757,-30.7307813],[-54.3220215,-30.718735],[-54.330057,-30.7351771],[-54.346297,-30.7370849],[-54.3739469,-30.6769724],[-54.4054982,-30.6634245],[-54.4100201,-30.6450403],[-54.439023,-30.6228466]]]}},{"type":"Feature","properties":{"level":"municipio","municipality_code":"4318408","municipality_name":"São Jerônimo","uf":"RS","state_code":"43","area_km2":935.596},"geometry":{"type":"Polygon","coordinates":[[[-51.7244775,-29.9474576],[-51.6278546,-29.9462035],[-51.6541448,-29.9554685],[-51.6368977,-29.9764608],[-51.6549131,-29.9972907],[-51.6873364,-30.01482],[-51.73393,-30.0603506],[-51.7826824,-30.0779386],[-51.8160488,-30.1084714],[-51.822801,-30.1301508],[-51.8024111,-30.1481862],[-51.8500552,-30.2039704],[-51.839376,-30.3110378],[-51.8554462,-30.308549],[-51.8596908,-30.3185927],[-51.8687297,-30.318889],[-51.8640734,-30.3295024],[-51.8464017,-30.3372058],[-51.8440029,-30.3491675],[-51.8655403,-30.3841827],[-51.9067247,-30.3894296],[-51.9280376,-30.4190546],[-51.9016397,-30.4475593],[-51.9026523,-30.4617753],[-51.913463,-30.4653211],[-51.9252203,-30.4980191],[-51.9046278,-30.5386935],[-51.9182369,-30.5506973],[-51.9047555,-30.576745],[-51.9723415,-30.6378528],[-51.9872871,-30.6156261],[-51.9821019,-30.6063751],[-52.0010792,-30.5963627],[-51.9822459,-30.5758793],[-51.9867225,-30.5674812],[-52.0025825,-30.561708],[-52.0151457,-30.5403471],[-52.0606489,-30.5070371],[-52.0842661,-30.5085648],[-52.1068424,-30.4762308],[-52.124977,-30.4762943],[-52.1587231,-30.4427263],[-52.0963198,-30.405065],[-52.0370918,-30.3974279],[-52.0323187,-30.3462266],[-52.0076354,-30.3079275],[-52.0137864,-30.2932028],[-51.9959611,-30.2872977],[-51.9989829,-30.2733301],[-51.9871542,-30.2696112],[-51.9849976,-30.2488874],[-51.9719867,-30.2548216],[-51.9673626,-30.2403611],[-51.9266281,-30.2269413],[-51.9223786,-30.2094067],[-51.8850896,-30.1897311],[-51.8790657,-30.1772364],[-51.8428362,-30.1739037],[-51.8570917,-30.1605585],[-51.8577027,-30.1321043],[-51.8336758,-30.1139383],[-51.9124291,-30.0546796],[-51.8869989,-30.0296261],[-51.8579515,-30.0387172],[-51.8460922,-29.9944124],[-51.8526016,-29.9846919],[-51.8475331,-29.9701465],[-51.8159911,-29.9720118],[-51.7951801,-29.9603174],[-51.7500344,-29.9597927],[-51.7244775,-29.9474576]]]}},{"type":"Feature","properties":{"level":"municipio","municipality_code":"4318440","municipality_name":"São Jorge","uf":"RS","state_code":"43","area_km2":125.731},"geometry":{"type":"Polygon","coordinates":[[[-51.7633701,-28.449561],[-51.6514319,-28.470528],[-51.6357795,-28.4654299],[-51.6216046,-28.4763556],[-51.6134829,-28.5032014],[-51.6181834,-28.5131068],[-51.6382659,-28.5125534],[-51.6543074,-28.5241462],[-51.683543,-28.5176857],[-51.7075879,-28.5295741],[-51.7312185,-28.5248015],[-51.7277676,-28.5289911],[-51.744286,-28.5316978],[-51.7392622,-28.5447965],[-51.7490732,-28.5605091],[-51.7930325,-28.5465216],[-51.7973674,-28.5321083],[-51.7862696,-28.5310434],[-51.795556,-28.523276],[-51.7859896,-28.5220059],[-51.7783712,-28.5047674],[-51.7881605,-28.5006126],[-51.790343,-28.4879644],[-51.7738504,-28.4933686],[-51.7809471,-28.4854952],[-51.7758565,-28.4754347],[-51.784745,-28.474511],[-51.7748281,-28.4674703],[-51.7713286,-28.4750545],[-51.761255,-28.4734602],[-51.7764371,-28.4616884],[-51.7618297,-28.4580757],[-51.7633701,-28.449561]]]}},{"type":"Feature","properties":{"level":"municipio","municipality_code":"4318457","municipality_name":"São José das Missões","uf":"RS","state_code":"43","area_km2":98.125},"geometry":{"type":"Polygon","coordinates":[[[-53.1365702,-27.8316947],[-53.1609053,-27.8208705],[-53.1639236,-27.8311105],[-53.192337,-27.8294921],[-53.2032753,-27.8200793],[-53.203662,-27.7998907],[-53.1806178,-27.7847283],[-53.1859918,-27.7778797],[-53.1791014,-27.7573629],[-53.1669315,-27.7497564],[-53.1480851,-27.7545721],[-53.1427168,-27.7447449],[-53.1143101,-27.7611942],[-53.0933714,-27.7621678],[-53.0820615,-27.7751955],[-53.0615117,-27.7767559],[-53.0561831,-27.7982922],[-53.0763482,-27.8142627],[-53.0711524,-27.821451],[-53.1041126,-27.8205038],[-53.1029253,-27.8280107],[-53.0837557,-27.8287204],[-53.0991114,-27.8345521],[-53.0887277,-27.8440234],[-53.097111,-27.8462792],[-53.1263793,-27.8289308],[-53.1365702,-27.8316947]]]}},{"type":"Feature","properties":{"level":"municipio","municipality_code":"4318465","municipality_name":"São José do Herval","uf":"RS","state_code":"43","area_km2":102.912},"geometry":{"type":"Polygon","coordinates":[[[-52.3358851,-29.0572673],[-52.3335861,-29.0222988],[-52.3116648,-29.0170064],[-52.3036857,-29.0037914],[-52.2860736,-29.0211782],[-52.2295767,-29.0349631],[-52.2268874,-29.041889],[-52.2155894,-29.0394721],[-52.2227756,-29.0498618],[-52.2091826,-29.0506975],[-52.209811,-29.0621422],[-52.223779,-29.068147],[-52.2049744,-29.0723787],[-52.207603,-29.080468],[-52.2215951,-29.0766488],[-52.206511,-29.0855569],[-52.2247141,-29.0998314],[-52.2468929,-29.101983],[-52.2522175,-29.118724],[-52.2717295,-29.1186964],[-52.2838504,-29.1304094],[-52.2877035,-29.1305777],[-52.2831978,-29.127815],[-52.292393,-29.1097912],[-52.3126404,-29.0954366],[-52.310939,-29.0870761],[-52.3358851,-29.0572673]]]}},{"type":"Feature","properties":{"level":"municipio","municipality_code":"4318481","municipality_name":"São José do Hortêncio","uf":"RS","state_code":"43","area_km2":63.709},"geometry":{"type":"Polygon","coordinates":[[[-51.2408902,-29.4970988],[-51.226056,-29.5011786],[-51.2223726,-29.4827638],[-51.1778085,-29.4941069],[-51.1968002,-29.4991934],[-51.1999567,-29.5109154],[-51.2082238,-29.5092473],[-51.2197835,-29.5208106],[-51.2335571,-29.5210579],[-51.2320148,-29.540422],[-51.2203472,-29.5436457],[-51.2471753,-29.5615899],[-51.260186,-29.5588062],[-51.2638916,-29.5669968],[-51.2462992,-29.5850232],[-51.2697343,-29.5902619],[-51.2732932,-29.58015],[-51.2994443,-29.5835692],[-51.3084369,-29.5402245],[-51.294974,-29.5322342],[-51.3027599,-29.5226667],[-51.2901457,-29.5252305],[-51.2759373,-29.5082191],[-51.2408902,-29.4970988]]]}},{"type":"Feature","properties":{"level":"municipio","municipality_code":"4318499","municipality_name":"São José do Inhacorá","uf":"RS","state_code":"43","area_km2":77.732},"geometry":{"type":"Polygon","coordinates":[[[-54.118011,-27.7532266],[-54.1368226,-27.7589021],[-54.1382473,-27.7459404],[-54.1485997,-27.7396457],[-54.1471342,-27.7592324],[-54.1685577,-27.7698805],[-54.1681764,-27.7616539],[-54.1814466,-27.7555001],[-54.1773208,-27.7460851],[-54.1975726,-27.7309525],[-54.179189,-27.7203474],[-54.1594582,-27.6848825],[-54.1463637,-27.686563],[-54.1498901,-27.6949925],[-54.1397844,-27.6989668],[-54.1577755,-27.6937758],[-54.1669268,-27.7103728],[-54.1595712,-27.7138161],[-54.1438953,-27.7050513],[-54.1312627,-27.7150895],[-54.1333039,-27.6996629],[-54.1107646,-27.6918562],[-54.1116455,-27.7082893],[-54.1052752,-27.7147983],[-54.0907129,-27.7112842],[-54.0925404,-27.725446],[-54.0668371,-27.7198808],[-54.0647665,-27.7260291],[-54.0750197,-27.7306847],[-54.0685258,-27.7432797],[-54.0618397,-27.7386691],[-54.0587346,-27.744676],[-54.0585301,-27.7680048],[-54.0861792,-27.7872793],[-54.0931104,-27.780319],[-54.1037325,-27.7863707],[-54.1069889,-27.7692173],[-54.1257583,-27.7687254],[-54.1195638,-27.7585722],[-54.1069113,-27.7584477],[-54.118011,-27.7532266]]]}},{"type":"Feature","properties":{"level":"municipio","municipality_code":"4318507","municipality_name":"São José do Norte","uf":"RS","state_code":"43","area_km2":1072.338},"geometry":{"type":"MultiPolygon","coordinates":[[[[-51.886864,-31.9598407],[-52.0757538,-32.1414871],[-52.0818861,-32.1598516],[-52.0830442,-32.1601721],[-52.0790238,-32.1432957],[-52.0948099,-32.134062],[-52.0793175,-32.1377667],[-52.091074,-32.1275626],[-52.0496934,-32.0772102],[-52.0390142,-32.0364536],[-52.0539625,-31.9807519],[-52.0152468,-31.9667097],[-52.0046527,-31.9449178],[-52.0152082,-31.9224186],[-52.0820162,-31.8660223],[-52.0961123,-31.8341096],[-52.0625298,-31.8161521],[-52.0153984,-31.8165537],[-51.9081596,-31.8689086],[-51.8604104,-31.8701763],[-51.8096979,-31.84354],[-51.8047766,-31.8147534],[-51.7927641,-31.8149529],[-51.7874899,-31.8083773],[-51.7935615,-31.8044673],[-51.7961721,-31.8131457],[-51.8407052,-31.8019879],[-51.8022987,-31.7884648],[-51.6931655,-31.7821907],[-51.6560543,-31.7649289],[-51.5986641,-31.7147114],[-51.507401,-31.5909998],[-51.4751526,-31.5659556],[-51.4697574,-31.5897048],[-51.4350116,-31.6236244],[-51.4621579,-31.5670493],[-51.4481916,-31.5274847],[-51.4637158,-31.5510019],[-51.440453,-31.5043088],[-51.4230952,-31.48835],[-51.4106343,-31.514151],[-51.3568615,-31.5316164],[-51.2971087,-31.5060985],[-51.2375439,-31.4574351],[-51.1859619,-31.5043878],[-51.2675218,-31.5786134],[-51.4272386,-31.6956174],[-51.6004749,-31.7968199],[-51.8031414,-31.9016812],[-51.886864,-31.9598407]]],[[[-52.1105019,-31.7920977],[-52.0945388,-31.7957509],[-52.106217,-31.8017608],[-52.1105019,-31.7920977]]]]}},{"type":"Feature","properties":{"level":"municipio","municipality_code":"4318606","municipality_name":"São José do Ouro","uf":"RS","state_code":"43","area_km2":335.215},"geometry":{"type":"Polygon","coordinates":[[[-51.6010086,-27.7866894],[-51.6226265,-27.7914057],[-51.6142283,-27.7677022],[-51.6192513,-27.7561536],[-51.6344459,-27.7390365],[-51.6551743,-27.7330571],[-51.6582616,-27.7171832],[-51.6625361,-27.7220172],[-51.6657713,-27.7123045],[-51.6946617,-27.6999045],[-51.6686732,-27.6798917],[-51.6362975,-27.6787274],[-51.612282,-27.6582788],[-51.5784171,-27.6620174],[-51.5621376,-27.6319639],[-51.544574,-27.6454342],[-51.5342167,-27.6725003],[-51.5173388,-27.6765129],[-51.5166104,-27.6921227],[-51.5344616,-27.6959106],[-51.5308329,-27.7092649],[-51.507337,-27.710068],[-51.5002036,-27.7236161],[-51.5163299,-27.7385462],[-51.4990089,-27.7576615],[-51.5094658,-27.7725677],[-51.4946221,-27.8035797],[-51.4652391,-27.8182317],[-51.451063,-27.8349423],[-51.4469715,-27.8471327],[-51.4633937,-27.8933106],[-51.4764178,-27.8967275],[-51.518256,-27.8834873],[-51.5322917,-27.8589916],[-51.5468777,-27.878742],[-51.5660324,-27.8884954],[-51.5771702,-27.885192],[-51.5952181,-27.9009822],[-51.6068444,-27.893113],[-51.6080411,-27.8820413],[-51.5905515,-27.8801238],[-51.6071163,-27.8485172],[-51.6010086,-27.7866894]]]}},{"type":"Feature","properties":{"level":"municipio","municipality_code":"4318614","municipality_name":"São José do Sul","uf":"RS","state_code":"43","area_km2":54.764},"geometry":{"type":"Polygon","coordinates":[[[-51.4673028,-29.623841],[-51.50267,-29.586926],[-51.5028545,-29.5660337],[-51.5171716,-29.5418794],[-51.5095877,-29.5234128],[-51.5231598,-29.5123533],[-51.5200712,-29.5026729],[-51.4977743,-29.5052285],[-51.5108037,-29.4958893],[-51.4940169,-29.484851],[-51.4860972,-29.5096378],[-51.4719004,-29.5019865],[-51.4800744,-29.4934067],[-51.4534012,-29.5017079],[-51.4622966,-29.5063967],[-51.4577238,-29.510166],[-51.4702402,-29.55728],[-51.4606591,-29.5721358],[-51.4697807,-29.5830394],[-51.4592385,-29.6092747],[-51.4673028,-29.623841]]]}},{"type":"Feature","properties":{"level":"municipio","municipality_code":"4318622","municipality_name":"São José dos Ausentes","uf":"RS","state_code":"43","area_km2":1173.907},"geometry":{"type":"Polygon","coordinates":[[[-50.0145792,-28.8689831],[-50.0367185,-28.8597435],[-50.0441441,-28.8490282],[-50.0383862,-28.8450406],[-50.0599088,-28.838682],[-50.0878045,-28.8481371],[-50.0863451,-28.8320071],[-50.1281243,-28.8205532],[-50.1404367,-28.8336712],[-50.1404432,-28.8272776],[-50.1575899,-28.8204921],[-50.1642613,-28.8398864],[-50.1802233,-28.8340548],[-50.1812488,-28.8240068],[-50.1916094,-28.8242839],[-50.200869,-28.8489835],[-50.2173645,-28.8352786],[-50.208026,-28.8299212],[-50.2115735,-28.8113415],[-50.1966609,-28.7955169],[-50.2035546,-28.7837679],[-50.1772676,-28.7366707],[-50.1587263,-28.7122117],[-50.1479552,-28.7130692],[-50.1280585,-28.6902164],[-50.1028346,-28.6780075],[-50.0978277,-28.6685781],[-50.1101493,-28.6452733],[-50.0948126,-28.6371243],[-50.0221023,-28.6354325],[-50.0408989,-28.6050694],[-50.0255386,-28.5728712],[-50.0319687,-28.5637118],[-50.050362,-28.5657848],[-50.0581546,-28.5240436],[-50.0726805,-28.5080774],[-50.0686507,-28.4792115],[-50.037748,-28.4793656],[-50.0258232,-28.4730834],[-50.0190042,-28.4514197],[-49.9893931,-28.4571547],[-49.9886396,-28.4452528],[-49.972694,-28.4389931],[-49.9672259,-28.4559127],[-49.9525054,-28.4503368],[-49.9436857,-28.48274],[-49.9284437,-28.4714096],[-49.9385467,-28.4586242],[-49.9285138,-28.4512235],[-49.9044987,-28.4646103],[-49.8902174,-28.4615517],[-49.8984407,-28.4443693],[-49.8911386,-28.4401573],[-49.8836274,-28.4476186],[-49.8542199,-28.444658],[-49.8777672,-28.4545221],[-49.8635729,-28.462846],[-49.8666498,-28.4886323],[-49.8410113,-28.4855981],[-49.8452581,-28.4937158],[-49.8386716,-28.4962877],[-49.8260423,-28.4784482],[-49.8109802,-28.4843136],[-49.8172655,-28.4698688],[-49.8118274,-28.4679407],[-49.8025691,-28.485725],[-49.7834645,-28.4968677],[-49.7810071,-28.4717677],[-49.7652795,-28.4594923],[-49.7708317,-28.4943293],[-49.7639017,-28.5013738],[-49.7429845,-28.4952486],[-49.7392665,-28.5003347],[-49.7465592,-28.506825],[-49.7265665,-28.518301],[-49.7467201,-28.5353911],[-49.7491806,-28.54647],[-49.7309012,-28.551183],[-49.720633,-28.5769026],[-49.7123079,-28.5722537],[-49.7102634,-28.6041617],[-49.6984057,-28.6067572],[-49.6936651,-28.6255538],[-49.7544656,-28.628316],[-49.7573636,-28.6154139],[-49.7789039,-28.6294802],[-49.783828,-28.6099076],[-49.8166165,-28.6381443],[-49.8132853,-28.6475568],[-49.8227483,-28.6545422],[-49.8100979,-28.6519621],[-49.8155054,-28.6579937],[-49.8292318,-28.6683313],[-49.8391767,-28.6665418],[-49.8380106,-28.6900262],[-49.8134986,-28.6870455],[-49.8348665,-28.6939265],[-49.8420361,-28.7141686],[-49.8476143,-28.7037902],[-49.8718059,-28.7029869],[-49.8750344,-28.7225339],[-49.8680198,-28.7219585],[-49.8833187,-28.737699],[-49.8747931,-28.744632],[-49.8883826,-28.7466651],[-49.8865846,-28.7395961],[-49.8957309,-28.7392714],[-49.8825541,-28.7173875],[-49.8965531,-28.7259791],[-49.9048608,-28.7184784],[-49.9136573,-28.7244772],[-49.9049457,-28.7076134],[-49.9346778,-28.7256765],[-49.9217437,-28.7455426],[-49.9362387,-28.7568632],[-49.9507576,-28.7532524],[-49.9511101,-28.7666634],[-49.9621728,-28.777604],[-49.9505584,-28.8021165],[-49.9627024,-28.7991104],[-49.9661441,-28.8213279],[-49.9578183,-28.8291013],[-49.9623905,-28.8524166],[-49.9560061,-28.8588348],[-49.9698704,-28.8764928],[-49.9515317,-28.8703919],[-49.950527,-28.8805873],[-49.9321081,-28.8722029],[-49.9508507,-28.8934703],[-49.9744839,-28.9020023],[-50.0084547,-28.889418],[-50.0145792,-28.8689831]]]}},{"type":"Feature","properties":{"level":"municipio","municipality_code":"4318424","municipality_name":"São João da Urtiga","uf":"RS","state_code":"43","area_km2":171.504},"geometry":{"type":"Polygon","coordinates":[[[-51.7999131,-27.86716],[-51.8480411,-27.851585],[-51.8585367,-27.8326072],[-51.8782337,-27.8282115],[-51.9119484,-27.7983433],[-51.9218483,-27.814265],[-51.9394915,-27.7927282],[-51.9288682,-27.7836706],[-51.9294387,-27.766567],[-51.9106825,-27.7813268],[-51.9282725,-27.7586619],[-51.9248985,-27.7508402],[-51.9035341,-27.7521911],[-51.8958095,-27.7380439],[-51.8999967,-27.7309075],[-51.8879617,-27.7240228],[-51.8975218,-27.7097182],[-51.8556668,-27.7507597],[-51.7768058,-27.760278],[-51.7454832,-27.7747128],[-51.7615231,-27.7849324],[-51.7657498,-27.801189],[-51.7426977,-27.8068813],[-51.7542615,-27.8203137],[-51.7431816,-27.8257923],[-51.7373152,-27.8427963],[-51.7587178,-27.8440843],[-51.7678389,-27.8365903],[-51.7652451,-27.8540066],[-51.7999131,-27.86716]]]}},{"type":"Feature","properties":{"level":"municipio","municipality_code":"4318432","municipality_name":"São João do Polêsine","uf":"RS","state_code":"43","area_km2":78.32},"geometry":{"type":"Polygon","coordinates":[[[-53.4693483,-29.5894616],[-53.4546949,-29.5895041],[-53.4496289,-29.6005217],[-53.413478,-29.5994756],[-53.4017969,-29.6221102],[-53.3850811,-29.6251795],[-53.3843492,-29.6317992],[-53.4012287,-29.6277936],[-53.421723,-29.6511411],[-53.5297655,-29.6957613],[-53.5471612,-29.6741283],[-53.547174,-29.6608941],[-53.5263318,-29.6392242],[-53.4675753,-29.6396888],[-53.4778343,-29.6136679],[-53.4693483,-29.5894616]]]}},{"type":"Feature","properties":{"level":"municipio","municipality_code":"4318705","municipality_name":"São Leopoldo","uf":"RS","state_code":"43","area_km2":103.009},"geometry":{"type":"Polygon","coordinates":[[[-51.06812,-29.8112834],[-51.1657081,-29.7991615],[-51.1678234,-29.7906282],[-51.1908453,-29.7778316],[-51.1844175,-29.777617],[-51.204052,-29.7559332],[-51.2097565,-29.7347519],[-51.195329,-29.712476],[-51.1935397,-29.6803946],[-51.1773848,-29.6722442],[-51.1786856,-29.6931053],[-51.1595538,-29.6927058],[-51.1576963,-29.7163755],[-51.1467887,-29.7167857],[-51.1466054,-29.7281426],[-51.1292654,-29.7432612],[-51.1092008,-29.7282957],[-51.1044063,-29.7367033],[-51.0849344,-29.7347947],[-51.0870833,-29.7623522],[-51.0713215,-29.7859324],[-51.0764788,-29.7942203],[-51.06812,-29.8112834]]]}},{"type":"Feature","properties":{"level":"municipio","municipality_code":"4318804","municipality_name":"São Lourenço do Sul","uf":"RS","state_code":"43","area_km2":2039.257},"geometry":{"type":"Polygon","coordinates":[[[-51.9615937,-31.3574875],[-51.9606792,-31.3729904],[-51.947823,-31.3746879],[-51.9758655,-31.3804251],[-51.9870681,-31.3945445],[-52.0076777,-31.5002509],[-52.0329659,-31.5056073],[-52.0337288,-31.5208054],[-52.0477195,-31.522254],[-52.0678901,-31.4904251],[-52.1011166,-31.4720692],[-52.1236094,-31.4290139],[-52.1683405,-31.411233],[-52.1616372,-31.4030544],[-52.1814077,-31.383141],[-52.2056691,-31.3775323],[-52.2230204,-31.3816962],[-52.2296123,-31.392707],[-52.2651074,-31.3927385],[-52.2888825,-31.3837629],[-52.3011857,-31.3640551],[-52.4106038,-31.3507883],[-52.4099904,-31.3428344],[-52.4237535,-31.3338378],[-52.4241179,-31.3100115],[-52.4397207,-31.2814249],[-52.4589908,-31.2719472],[-52.4599464,-31.2577278],[-52.4753051,-31.2449793],[-52.473566,-31.2316304],[-52.4623639,-31.2147411],[-52.4486008,-31.2140691],[-52.4207556,-31.1891336],[-52.4258467,-31.1822802],[-52.4095818,-31.1672425],[-52.4089599,-31.1520444],[-52.3901012,-31.1476006],[-52.3859619,-31.1339645],[-52.3648786,-31.1356799],[-52.3707716,-31.1295783],[-52.3549089,-31.1091808],[-52.2821664,-31.083385],[-52.274012,-31.0712683],[-52.2789021,-31.0413429],[-52.2680133,-31.0142318],[-52.2599127,-31.0111922],[-52.2590771,-30.9944181],[-52.2453163,-30.9841375],[-52.220568,-30.9839449],[-52.1649294,-31.0049241],[-52.1362148,-31.0060929],[-52.1162629,-30.9968038],[-52.0920433,-31.0003348],[-52.1557403,-31.0404086],[-52.1474396,-31.0501564],[-52.136205,-31.0487334],[-52.1143402,-31.071909],[-52.1135825,-31.0914173],[-52.1226824,-31.0936393],[-52.1267736,-31.1061084],[-52.1069467,-31.1095537],[-52.0890808,-31.1456072],[-52.0592046,-31.1625988],[-52.0307434,-31.1486993],[-52.0255363,-31.1802251],[-52.0258365,-31.1618581],[-52.0181282,-31.1581801],[-52.0255429,-31.1520689],[-52.0145815,-31.13766],[-52.0188406,-31.1228776],[-52.0109668,-31.1144069],[-52.0158426,-31.1093054],[-52.0022864,-31.1012793],[-51.9312174,-31.1109662],[-51.9322069,-31.1030681],[-51.9587271,-31.0991497],[-51.94862,-31.0753372],[-51.9339298,-31.065774],[-51.9228355,-31.0418429],[-51.879146,-31.0379692],[-51.8597731,-31.071766],[-51.8717525,-31.0778682],[-51.864748,-31.0846264],[-51.8703603,-31.0922444],[-51.8560574,-31.0914981],[-51.8537887,-31.1049263],[-51.8392381,-31.097441],[-51.8392056,-31.1078626],[-51.8275152,-31.103721],[-51.8079935,-31.1246231],[-51.7895829,-31.1246021],[-51.7915577,-31.1401907],[-51.8129056,-31.1494034],[-51.8207258,-31.1675217],[-51.81302,-31.1733211],[-51.8023286,-31.1671577],[-51.7897744,-31.1763883],[-51.7946294,-31.1847475],[-51.7841905,-31.2055165],[-51.788661,-31.2139685],[-51.7796575,-31.2165165],[-51.7859243,-31.2246083],[-51.7802871,-31.2333614],[-51.7855073,-31.2478294],[-51.7937143,-31.2489983],[-51.7886453,-31.2548303],[-51.7997193,-31.2557001],[-51.8117421,-31.2857497],[-51.8552486,-31.3363573],[-51.8574772,-31.3160638],[-51.8714265,-31.2934313],[-51.8828483,-31.3147642],[-51.8788274,-31.3244526],[-51.9194628,-31.3107659],[-51.9318307,-31.3210811],[-51.922989,-31.3318627],[-51.9486438,-31.3393224],[-51.9615937,-31.3574875]]]}},{"type":"Feature","properties":{"level":"municipio","municipality_code":"4318903","municipality_name":"São Luiz Gonzaga","uf":"RS","state_code":"43","area_km2":1296.773},"geometry":{"type":"Polygon","coordinates":[[[-54.8442542,-28.5893436],[-54.8617502,-28.5882655],[-54.8446904,-28.5647423],[-54.8627765,-28.5694699],[-54.8636889,-28.5826981],[-54.873905,-28.5913347],[-54.8943298,-28.5867374],[-54.894717,-28.5720952],[-54.9092262,-28.5925444],[-54.9159367,-28.591477],[-54.9091305,-28.5829633],[-54.9163122,-28.5761871],[-54.9112676,-28.562278],[-54.9271432,-28.5592861],[-54.9191661,-28.5321768],[-54.9050064,-28.5254383],[-54.9079692,-28.497636],[-54.9911049,-28.4887385],[-55.0159756,-28.4789373],[-55.0385264,-28.4858079],[-55.1004047,-28.4641463],[-55.1166356,-28.4672882],[-55.11167,-28.4699435],[-55.1227563,-28.4787843],[-55.1342739,-28.4479883],[-55.1621798,-28.4326942],[-55.1550212,-28.4090188],[-55.1641709,-28.3974657],[-55.1793658,-28.3974757],[-55.1808807,-28.4091156],[-55.2093543,-28.395662],[-55.1963846,-28.3920594],[-55.196563,-28.3716823],[-55.1766783,-28.3532337],[-55.1898,-28.3455259],[-55.2001776,-28.3492811],[-55.2064575,-28.3398653],[-55.1965895,-28.3379464],[-55.1973485,-28.3227041],[-55.1848183,-28.3141883],[-55.175672,-28.3239344],[-55.1591145,-28.3164433],[-55.1459763,-28.3344436],[-55.1255899,-28.3392693],[-55.1170245,-28.3336064],[-55.1037376,-28.344342],[-55.0944956,-28.3311539],[-55.0704374,-28.3316237],[-55.0656214,-28.3389455],[-55.0442916,-28.3000304],[-55.0241313,-28.2934177],[-55.0075068,-28.2680508],[-54.9907511,-28.2589962],[-54.9957283,-28.2473446],[-55.0365853,-28.2159483],[-55.0182288,-28.1917787],[-55.023861,-28.175785],[-55.0077099,-28.1669476],[-54.992552,-28.1694966],[-55.0062257,-28.1417801],[-54.9870321,-28.1594054],[-54.9723751,-28.1617461],[-54.9695437,-28.1874897],[-54.9498854,-28.1986413],[-54.9501112,-28.225255],[-54.9042641,-28.2883247],[-54.8955013,-28.2883931],[-54.8831356,-28.2710692],[-54.8736354,-28.2800773],[-54.8638647,-28.3048914],[-54.8677558,-28.3118415],[-54.8446627,-28.3356107],[-54.8642202,-28.3432017],[-54.8676219,-28.3651752],[-54.8580437,-28.3687668],[-54.8660911,-28.3756103],[-54.8467743,-28.3619475],[-54.8203444,-28.3730937],[-54.8095139,-28.3610121],[-54.7891931,-28.3652203],[-54.7686676,-28.3576987],[-54.7385227,-28.3661151],[-54.6942964,-28.3380599],[-54.6830622,-28.3586368],[-54.6905061,-28.3643662],[-54.6858959,-28.3811632],[-54.6754332,-28.3930196],[-54.6513973,-28.3970381],[-54.6598214,-28.4190351],[-54.6134218,-28.4391014],[-54.5976909,-28.4384324],[-54.5897311,-28.396763],[-54.5723716,-28.3635422],[-54.5519897,-28.3635301],[-54.5543784,-28.3722274],[-54.5449764,-28.3756852],[-54.5498972,-28.3827012],[-54.5376038,-28.3902696],[-54.5379021,-28.403746],[-54.5752164,-28.4114705],[-54.5697461,-28.4535689],[-54.5868714,-28.4815796],[-54.651597,-28.4549782],[-54.6665237,-28.4391693],[-54.6730949,-28.4665724],[-54.6680903,-28.4921936],[-54.6850456,-28.5380146],[-54.6826388,-28.5590161],[-54.7051242,-28.5833125],[-54.7191924,-28.5811076],[-54.7364541,-28.5947084],[-54.747486,-28.5933759],[-54.7522564,-28.610347],[-54.7713563,-28.6093275],[-54.7673362,-28.6190747],[-54.78954,-28.6086192],[-54.8050128,-28.6258729],[-54.7989922,-28.6328557],[-54.8047617,-28.6388034],[-54.8137063,-28.6254754],[-54.810114,-28.6121781],[-54.8255383,-28.6176293],[-54.8292676,-28.5990115],[-54.8408049,-28.600643],[-54.8442542,-28.5893436]]]}},{"type":"Feature","properties":{"level":"municipio","municipality_code":"4319000","municipality_name":"São Marcos","uf":"RS","state_code":"43","area_km2":256.159},"geometry":{"type":"Polygon","coordinates":[[[-51.0912497,-28.8792958],[-51.0553938,-28.9178343],[-51.0033791,-28.933864],[-50.9574784,-28.9609858],[-50.9372819,-28.9992162],[-50.9218172,-29.0035991],[-50.9185667,-29.0253797],[-50.9697772,-29.0116686],[-50.9857562,-29.0253826],[-50.9998892,-29.0203676],[-51.0070019,-29.0265243],[-51.0120652,-29.0171947],[-51.0157379,-29.0250154],[-51.0361599,-29.0259872],[-51.0328322,-29.0336188],[-51.0448662,-29.0296788],[-51.0621257,-29.0388675],[-51.072037,-29.0326932],[-51.1104023,-29.0417695],[-51.1065997,-29.0333111],[-51.1171431,-29.0312646],[-51.1278223,-29.0063678],[-51.1204463,-28.9989708],[-51.1227443,-28.9820107],[-51.1525964,-28.9722981],[-51.1674576,-28.9505942],[-51.1856129,-28.9422532],[-51.1720408,-28.9372232],[-51.1649189,-28.946473],[-51.151441,-28.9393245],[-51.1540838,-28.9280294],[-51.1714525,-28.9153022],[-51.1729967,-28.8894595],[-51.153469,-28.8727621],[-51.1443439,-28.8837688],[-51.1245096,-28.8768918],[-51.0912497,-28.8792958]]]}},{"type":"Feature","properties":{"level":"municipio","municipality_code":"4319109","municipality_name":"São Martinho","uf":"RS","state_code":"43","area_km2":171.245},"geometry":{"type":"Polygon","coordinates":[[[-53.964997,-27.7747864],[-53.9766537,-27.780762],[-53.9897409,-27.7646902],[-54.0006872,-27.7703965],[-54.00462,-27.7529156],[-54.0184922,-27.7667997],[-54.0196771,-27.7395174],[-54.0390243,-27.7523225],[-54.0405321,-27.7382414],[-54.0572096,-27.740186],[-54.0613172,-27.7320291],[-54.0690789,-27.7427338],[-54.0686306,-27.7321105],[-54.0527917,-27.7282829],[-54.047014,-27.7095799],[-54.0291496,-27.6971885],[-54.0296021,-27.6868014],[-54.0373991,-27.6844259],[-54.0260145,-27.674421],[-54.0279313,-27.6667204],[-54.0150166,-27.6724682],[-54.0015822,-27.6625849],[-53.9828725,-27.6705819],[-53.9731663,-27.6666116],[-53.9555611,-27.6862633],[-53.9175384,-27.6924193],[-53.9209334,-27.6969234],[-53.9059536,-27.7009622],[-53.8940854,-27.7207885],[-53.8435851,-27.728948],[-53.8216169,-27.7638569],[-53.8647403,-27.7630025],[-53.8935671,-27.7813419],[-53.9174113,-27.7723414],[-53.9414191,-27.7704406],[-53.9629651,-27.7799151],[-53.964997,-27.7747864]]]}},{"type":"Feature","properties":{"level":"municipio","municipality_code":"4319125","municipality_name":"São Martinho da Serra","uf":"RS","state_code":"43","area_km2":669.547},"geometry":{"type":"Polygon","coordinates":[[[-53.8154478,-29.5412498],[-53.8422271,-29.5662578],[-53.8335871,-29.5759175],[-53.8538298,-29.5874582],[-53.8591773,-29.6106367],[-53.9217776,-29.598438],[-53.9538021,-29.6098887],[-53.9425111,-29.596472],[-53.952312,-29.5755801],[-53.9682609,-29.5672345],[-53.9998721,-29.567426],[-54.03817,-29.549343],[-54.0456148,-29.5274587],[-54.0567424,-29.5276619],[-54.0511192,-29.5212291],[-54.0672669,-29.4878859],[-54.0996904,-29.4610441],[-54.0910585,-29.4446126],[-54.0693243,-29.4471906],[-54.0736293,-29.4308706],[-54.0608448,-29.4377607],[-54.0371121,-29.4013458],[-54.0305932,-29.410777],[-54.0224192,-29.4063038],[-54.0217629,-29.416218],[-54.0107769,-29.4110823],[-54.0126928,-29.4227672],[-53.996552,-29.4213351],[-54.0022619,-29.4151029],[-53.9964268,-29.4087984],[-53.9469139,-29.4043744],[-53.9323039,-29.3950825],[-53.9138236,-29.3952568],[-53.9112737,-29.4013503],[-53.8965596,-29.3834855],[-53.8851859,-29.3947986],[-53.8617832,-29.3743113],[-53.8669637,-29.3659722],[-53.8522344,-29.370428],[-53.8403148,-29.3556536],[-53.8364559,-29.3680007],[-53.8249372,-29.3672418],[-53.8262859,-29.3547681],[-53.8178507,-29.3686135],[-53.809526,-29.365087],[-53.7934455,-29.3743727],[-53.7912971,-29.3667297],[-53.8020109,-29.3563871],[-53.785353,-29.3560555],[-53.7938313,-29.3536529],[-53.792128,-29.3450118],[-53.7655525,-29.3447566],[-53.7624225,-29.3632567],[-53.7432974,-29.377086],[-53.7417359,-29.3876863],[-53.7373062,-29.3832912],[-53.7197478,-29.3919804],[-53.7198976,-29.4050009],[-53.6929712,-29.4155575],[-53.6875788,-29.4661061],[-53.6923765,-29.4617598],[-53.6988162,-29.4803763],[-53.7382387,-29.4916727],[-53.7648423,-29.5212971],[-53.8154478,-29.5412498]]]}},{"type":"Feature","properties":{"level":"municipio","municipality_code":"4319158","municipality_name":"São Miguel das Missões","uf":"RS","state_code":"43","area_km2":1228.91},"geometry":{"type":"Polygon","coordinates":[[[-54.6101114,-28.7460269],[-54.627839,-28.7388107],[-54.6282383,-28.7481471],[-54.6407606,-28.7434292],[-54.6418294,-28.7330045],[-54.6567354,-28.7394486],[-54.6561572,-28.7272075],[-54.6716438,-28.7155807],[-54.668245,-28.7083682],[-54.6809622,-28.6953653],[-54.6762245,-28.6836103],[-54.6709979,-28.69034],[-54.6718061,-28.6798871],[-54.6936721,-28.6764782],[-54.6865696,-28.6631405],[-54.677723,-28.662392],[-54.6841436,-28.6561423],[-54.6771896,-28.6344601],[-54.7011223,-28.6193755],[-54.7151536,-28.6368004],[-54.7240177,-28.6364926],[-54.7364718,-28.6019344],[-54.7265457,-28.5963552],[-54.7293889,-28.5865785],[-54.7051242,-28.5833125],[-54.6826388,-28.5590161],[-54.6850456,-28.5380146],[-54.6680903,-28.4921936],[-54.6730949,-28.4665724],[-54.6665237,-28.4391693],[-54.651597,-28.4549782],[-54.5868714,-28.4815796],[-54.5697461,-28.4535689],[-54.5752164,-28.4114705],[-54.536928,-28.4038504],[-54.5176464,-28.4309037],[-54.4979821,-28.4335733],[-54.4986472,-28.4449281],[-54.482838,-28.4510282],[-54.4921954,-28.4551638],[-54.4799948,-28.456328],[-54.4859716,-28.4609094],[-54.4683677,-28.4857702],[-54.4345656,-28.5063355],[-54.4111147,-28.5453898],[-54.3960778,-28.556703],[-54.3989326,-28.567622],[-54.4095182,-28.5607983],[-54.4338281,-28.5630119],[-54.4481319,-28.5820144],[-54.4261523,-28.5869875],[-54.4182669,-28.599577],[-54.4253162,-28.6235758],[-54.4393375,-28.6390603],[-54.4392097,-28.6530228],[-54.4243217,-28.6608377],[-54.4122952,-28.6534384],[-54.4160229,-28.6638469],[-54.4097737,-28.6679278],[-54.4021915,-28.6584638],[-54.3972366,-28.6675537],[-54.3537342,-28.6563366],[-54.3495267,-28.6654958],[-54.374518,-28.6934058],[-54.4028085,-28.7097514],[-54.4130178,-28.73236],[-54.3976123,-28.7264925],[-54.4036551,-28.7316186],[-54.3949376,-28.746582],[-54.4035433,-28.7492282],[-54.391576,-28.755899],[-54.3899911,-28.7826881],[-54.3994044,-28.7842347],[-54.3940092,-28.7899231],[-54.3795261,-28.7859527],[-54.3745701,-28.7926901],[-54.3584401,-28.7857138],[-54.3590777,-28.888062],[-54.33105,-28.9192982],[-54.3309076,-28.9310848],[-54.3438123,-28.9297695],[-54.3570987,-28.96107],[-54.3511012,-28.9729186],[-54.3777217,-29.004479],[-54.4018928,-28.9449016],[-54.4133363,-28.9357224],[-54.410382,-28.9222081],[-54.4222827,-28.9210929],[-54.4352375,-28.8971441],[-54.457394,-28.8862852],[-54.4580667,-28.876796],[-54.4820483,-28.8826165],[-54.4864618,-28.8793611],[-54.4780635,-28.8729582],[-54.494593,-28.8743632],[-54.4956563,-28.8661375],[-54.5100718,-28.8741502],[-54.5237697,-28.8706898],[-54.5257914,-28.8580637],[-54.546754,-28.8542187],[-54.5401981,-28.8453003],[-54.5570531,-28.8477002],[-54.5683591,-28.8353665],[-54.5768437,-28.8380697],[-54.5747524,-28.8169269],[-54.5853676,-28.81233],[-54.5881102,-28.8183829],[-54.5957335,-28.8057498],[-54.5785481,-28.8049638],[-54.5934298,-28.7934949],[-54.5828513,-28.7892653],[-54.6029336,-28.7816642],[-54.6115252,-28.7871121],[-54.6047335,-28.7778379],[-54.6270807,-28.7694481],[-54.6101114,-28.7460269]]]}},{"type":"Feature","properties":{"level":"municipio","municipality_code":"4319208","municipality_name":"São Nicolau","uf":"RS","state_code":"43","area_km2":497.446},"geometry":{"type":"Polygon","coordinates":[[[-55.2713605,-28.3115743],[-55.3132169,-28.3071391],[-55.2991261,-28.2954309],[-55.2831305,-28.3059661],[-55.2845668,-28.2758989],[-55.3009499,-28.2851789],[-55.3281926,-28.2755053],[-55.3146552,-28.2654857],[-55.3241896,-28.264234],[-55.3278798,-28.2491544],[-55.2879027,-28.2559887],[-55.2948745,-28.2351547],[-55.2847485,-28.2082601],[-55.301056,-28.2298615],[-55.3049642,-28.2184242],[-55.318434,-28.2210764],[-55.3168251,-28.2030082],[-55.3367334,-28.2066566],[-55.3433479,-28.2006176],[-55.3400506,-28.1907962],[-55.3290192,-28.194495],[-55.2992551,-28.1715118],[-55.3336964,-28.1856132],[-55.345941,-28.1736825],[-55.3570615,-28.1748202],[-55.3550121,-28.1617364],[-55.3689254,-28.1605116],[-55.3554998,-28.1343584],[-55.356883,-28.1204231],[-55.3652677,-28.1238034],[-55.3690674,-28.1149922],[-55.3767123,-28.1211478],[-55.3882395,-28.1135137],[-55.3956467,-28.1297478],[-55.3950937,-28.1185418],[-55.4036109,-28.1124448],[-55.3997329,-28.0951378],[-55.4107298,-28.1000788],[-55.4146169,-28.087699],[-55.4248435,-28.1005704],[-55.4395461,-28.0877552],[-55.4139679,-28.0546489],[-55.3763644,-28.0349648],[-55.3321585,-28.0601427],[-55.3225471,-28.0543751],[-55.3171639,-28.0760786],[-55.2499058,-28.1004849],[-55.2518842,-28.1316215],[-55.2339802,-28.1353431],[-55.2188634,-28.1493588],[-55.189915,-28.1508524],[-55.146227,-28.1871504],[-55.1307661,-28.2092692],[-55.1440259,-28.2306494],[-55.1388588,-28.2530707],[-55.0812171,-28.2883691],[-55.0758045,-28.3120475],[-55.0549542,-28.3287712],[-55.0658308,-28.3389833],[-55.0704374,-28.3316237],[-55.0953156,-28.3313802],[-55.1036242,-28.3443624],[-55.1170245,-28.3336064],[-55.1255899,-28.3392693],[-55.1459763,-28.3344436],[-55.1595559,-28.3162946],[-55.1759692,-28.323865],[-55.1807589,-28.3132503],[-55.1971701,-28.3224317],[-55.2015968,-28.3382026],[-55.2132435,-28.3185773],[-55.2051893,-28.3088551],[-55.2205617,-28.2920567],[-55.2253391,-28.3060398],[-55.2613228,-28.3052041],[-55.2713605,-28.3115743]]]}},{"type":"Feature","properties":{"level":"municipio","municipality_code":"4319307","municipality_name":"São Paulo das Missões","uf":"RS","state_code":"43","area_km2":222.504},"geometry":{"type":"Polygon","coordinates":[[[-54.9076097,-28.0566397],[-54.9935949,-28.0532612],[-55.0177689,-28.03954],[-55.0266672,-28.0192646],[-55.046709,-28.0023822],[-55.0732498,-28.0115052],[-55.0795708,-27.9421817],[-55.0485335,-27.9419622],[-55.0485812,-27.922799],[-55.0162427,-27.9249488],[-55.0064974,-27.9076123],[-54.9882685,-27.9047432],[-54.9755365,-27.9094233],[-54.9780853,-27.918446],[-54.9664901,-27.9183374],[-54.968901,-27.935123],[-54.9393553,-27.9301742],[-54.9411351,-27.9479973],[-54.9304302,-27.9397659],[-54.9242364,-27.9514987],[-54.90782,-27.9492122],[-54.9217696,-27.9597335],[-54.9039028,-27.9715161],[-54.898575,-27.9624753],[-54.8949053,-27.972288],[-54.9118749,-27.9897297],[-54.901326,-27.9944901],[-54.8860105,-27.9887617],[-54.8733523,-28.0015295],[-54.861358,-27.9981179],[-54.8761125,-28.0165575],[-54.8701984,-28.0145104],[-54.8667203,-28.0455657],[-54.907601,-28.0456224],[-54.9076097,-28.0566397]]]}},{"type":"Feature","properties":{"level":"municipio","municipality_code":"4319356","municipality_name":"São Pedro da Serra","uf":"RS","state_code":"43","area_km2":37.631},"geometry":{"type":"Polygon","coordinates":[[[-51.4725995,-29.4382607],[-51.5655979,-29.4305359],[-51.5735802,-29.4196711],[-51.5847704,-29.4186659],[-51.5833784,-29.4082216],[-51.5950893,-29.4046777],[-51.5522531,-29.4008639],[-51.5428188,-29.4195471],[-51.5220791,-29.404226],[-51.5168926,-29.4102984],[-51.4750327,-29.4003763],[-51.4401945,-29.4168136],[-51.4341695,-29.4327771],[-51.461125,-29.4297692],[-51.4725995,-29.4382607]]]}},{"type":"Feature","properties":{"level":"municipio","municipality_code":"4319364","municipality_name":"São Pedro das Missões","uf":"RS","state_code":"43","area_km2":79.894},"geometry":{"type":"Polygon","coordinates":[[[-53.2309559,-27.8221293],[-53.2750054,-27.835874],[-53.2784136,-27.7885157],[-53.2954142,-27.7493728],[-53.2830626,-27.7451334],[-53.2733351,-27.7537206],[-53.2741137,-27.7643176],[-53.2638759,-27.7541422],[-53.2705018,-27.7520959],[-53.2604406,-27.7278812],[-53.2465238,-27.7404783],[-53.243526,-27.7467414],[-53.2523539,-27.7507029],[-53.2463217,-27.7549501],[-53.2277212,-27.7444126],[-53.2007907,-27.7453867],[-53.2051459,-27.7360571],[-53.1956596,-27.7331978],[-53.1794648,-27.7494812],[-53.181481,-27.7864037],[-53.2309559,-27.8221293]]]}},{"type":"Feature","properties":{"level":"municipio","municipality_code":"4319372","municipality_name":"São Pedro do Butiá","uf":"RS","state_code":"43","area_km2":107.394},"geometry":{"type":"Polygon","coordinates":[[[-54.8962892,-28.1653296],[-54.9204835,-28.1794997],[-54.9143668,-28.191833],[-54.9333967,-28.2000552],[-54.9439946,-28.182524],[-54.9370768,-28.1770744],[-54.9443656,-28.1733595],[-54.9375335,-28.1504782],[-54.9252509,-28.1395212],[-54.9280078,-28.0575549],[-54.9076097,-28.0566397],[-54.907601,-28.0456224],[-54.8667203,-28.0455657],[-54.8667665,-28.0884645],[-54.8565539,-28.0884734],[-54.8586578,-28.1867214],[-54.8817039,-28.2021473],[-54.8915255,-28.1990234],[-54.8919718,-28.1833709],[-54.8845246,-28.1940635],[-54.8788377,-28.1904749],[-54.8962892,-28.1653296]]]}},{"type":"Feature","properties":{"level":"municipio","municipality_code":"4319406","municipality_name":"São Pedro do Sul","uf":"RS","state_code":"43","area_km2":873.394},"geometry":{"type":"Polygon","coordinates":[[[-54.1899529,-29.4813259],[-54.168066,-29.4814563],[-54.1727715,-29.4690311],[-54.1649441,-29.4580949],[-54.1501941,-29.4829428],[-54.1215683,-29.4630918],[-54.1059625,-29.465237],[-54.1092304,-29.4737491],[-54.1005239,-29.4710638],[-54.0996904,-29.4610441],[-54.0829535,-29.4694773],[-54.0855242,-29.4750141],[-54.055165,-29.5084681],[-54.0512589,-29.5242648],[-54.0567424,-29.5276619],[-54.0456148,-29.5274587],[-54.03817,-29.549343],[-53.9930987,-29.5761307],[-53.9788599,-29.6031506],[-53.9793257,-29.6225199],[-53.9976136,-29.635931],[-54.0755799,-29.6386232],[-54.1407108,-29.6929067],[-54.1603859,-29.6855899],[-54.1866525,-29.6994299],[-54.203093,-29.6897606],[-54.2233778,-29.6963764],[-54.2516336,-29.6933627],[-54.2756322,-29.7144382],[-54.2960785,-29.7165835],[-54.3077603,-29.7380243],[-54.3389589,-29.7262985],[-54.3599075,-29.7324501],[-54.3638115,-29.7417183],[-54.3792182,-29.7329216],[-54.4258972,-29.7475705],[-54.4880165,-29.7354915],[-54.4972385,-29.7432936],[-54.490468,-29.7281579],[-54.5013579,-29.7156748],[-54.4840017,-29.7181492],[-54.4743,-29.7112378],[-54.4856038,-29.7025108],[-54.4739083,-29.6923774],[-54.4719502,-29.6657556],[-54.4633522,-29.6590045],[-54.4787859,-29.6514612],[-54.4793748,-29.6393555],[-54.4671278,-29.6368358],[-54.4705735,-29.6262553],[-54.4622155,-29.6138488],[-54.4340327,-29.6162388],[-54.4134211,-29.6054853],[-54.4184946,-29.5716933],[-54.4056084,-29.5704598],[-54.3906402,-29.5844135],[-54.3793919,-29.5587742],[-54.3785329,-29.5728315],[-54.3625356,-29.5788579],[-54.3625188,-29.5864002],[-54.3569442,-29.5778434],[-54.3365629,-29.5812721],[-54.3300285,-29.5694372],[-54.3419662,-29.5674331],[-54.3403673,-29.5472165],[-54.3148718,-29.5480715],[-54.2563018,-29.4992858],[-54.247614,-29.5063789],[-54.2351099,-29.4853676],[-54.215634,-29.49377],[-54.206315,-29.4836868],[-54.1926102,-29.4923194],[-54.1899529,-29.4813259]]]}},{"type":"Feature","properties":{"level":"municipio","municipality_code":"4319505","municipality_name":"São Sebastião do Caí","uf":"RS","state_code":"43","area_km2":113.097},"geometry":{"type":"Polygon","coordinates":[[[-51.2954849,-29.6439195],[-51.3045808,-29.6464138],[-51.3089336,-29.637696],[-51.3345461,-29.6489378],[-51.3387634,-29.6342473],[-51.3851158,-29.6441939],[-51.391595,-29.6531005],[-51.3896411,-29.6319185],[-51.3778672,-29.6297093],[-51.3831265,-29.5886587],[-51.3956941,-29.5697244],[-51.3943649,-29.5567278],[-51.4101753,-29.5511138],[-51.3771913,-29.5528582],[-51.3721336,-29.5366597],[-51.3518015,-29.5394803],[-51.3349573,-29.5239191],[-51.2996977,-29.5251708],[-51.294974,-29.5322342],[-51.3084369,-29.5402245],[-51.3071756,-29.5615057],[-51.2994443,-29.5835692],[-51.2796089,-29.5838446],[-51.2792135,-29.6098583],[-51.2881392,-29.6188614],[-51.2765969,-29.6557913],[-51.2954849,-29.6439195]]]}},{"type":"Feature","properties":{"level":"municipio","municipality_code":"4319604","municipality_name":"São Sepé","uf":"RS","state_code":"43","area_km2":2204.779},"geometry":{"type":"Polygon","coordinates":[[[-53.3299988,-30.1477902],[-53.3427943,-30.1623057],[-53.3408053,-30.1699379],[-53.3509813,-30.1709601],[-53.3525835,-30.1804503],[-53.3825176,-30.2003468],[-53.3830462,-30.2093408],[-53.4141964,-30.2114538],[-53.4198065,-30.2303189],[-53.4728168,-30.2700993],[-53.4730731,-30.2857274],[-53.4849336,-30.2847895],[-53.4841354,-30.2953087],[-53.4624998,-30.3010434],[-53.4696178,-30.3122532],[-53.4606813,-30.3189423],[-53.5165806,-30.3971542],[-53.52759,-30.4032137],[-53.5467434,-30.3928172],[-53.5477038,-30.3630155],[-53.6140435,-30.3778142],[-53.6343518,-30.3942996],[-53.6559506,-30.4323113],[-53.6925771,-30.4222648],[-53.7126452,-30.3947785],[-53.7166578,-30.4112801],[-53.7081802,-30.4210034],[-53.7216458,-30.4231256],[-53.7131404,-30.4318064],[-53.7198662,-30.4481424],[-53.7101541,-30.4514497],[-53.7205898,-30.4550589],[-53.7117749,-30.4830234],[-53.7264413,-30.4882615],[-53.7436748,-30.5133097],[-53.8048475,-30.5212744],[-53.820623,-30.5175285],[-53.8451698,-30.4824021],[-53.8273488,-30.4425809],[-53.7967862,-30.4170522],[-53.7927123,-30.4037744],[-53.7412299,-30.3774134],[-53.7441905,-30.3623566],[-53.7334674,-30.3536313],[-53.7419765,-30.3489272],[-53.7332854,-30.3460789],[-53.7438849,-30.3389028],[-53.7411214,-30.3211291],[-53.7758586,-30.3282085],[-53.7896951,-30.309098],[-53.7759696,-30.2986964],[-53.7709503,-30.2780395],[-53.759595,-30.2787705],[-53.7593778,-30.2437257],[-53.7853206,-30.2551036],[-53.824133,-30.2460352],[-53.8340645,-30.2618541],[-53.909063,-30.2297612],[-53.9346736,-30.2083893],[-53.9540777,-30.2082469],[-53.9689122,-30.1944127],[-53.9671522,-30.1862743],[-53.9739485,-30.1868295],[-53.9761614,-30.1698972],[-53.9587241,-30.1555421],[-53.9519721,-30.1269609],[-53.9594053,-30.1231711],[-53.9459296,-30.1186741],[-53.9437,-30.1023231],[-53.9324425,-30.102241],[-53.9273988,-30.0892083],[-53.9165118,-30.0868703],[-53.9059716,-30.0670702],[-53.9102153,-30.0463445],[-53.8897258,-30.0352022],[-53.8689135,-29.9933662],[-53.8338442,-29.9851781],[-53.82672,-30.0012463],[-53.8101844,-29.9958462],[-53.8004229,-30.0051367],[-53.783891,-30.0024137],[-53.7685321,-29.9842368],[-53.756672,-29.9865035],[-53.7458376,-29.9781463],[-53.7393353,-29.9613832],[-53.7254228,-29.9650526],[-53.7030856,-29.9307815],[-53.7082034,-29.9208254],[-53.6870523,-29.9248947],[-53.660943,-29.8928065],[-53.6498972,-29.8967775],[-53.6518931,-29.9301418],[-53.6344235,-29.9629199],[-53.6411823,-29.9761984],[-53.6348437,-29.9890666],[-53.6711213,-30.0508415],[-53.6430935,-30.0757624],[-53.6340713,-30.0940858],[-53.5867395,-30.0975884],[-53.551732,-30.082196],[-53.5387196,-30.0614575],[-53.5255616,-30.0560378],[-53.5129111,-30.0549853],[-53.5081812,-30.0655589],[-53.4855924,-30.0610485],[-53.4785033,-30.0431455],[-53.4455629,-30.0475037],[-53.3905609,-30.0227118],[-53.3566955,-30.0160752],[-53.3407464,-29.9963298],[-53.3193663,-29.9940715],[-53.3089085,-29.9818976],[-53.2773838,-29.9841937],[-53.2784514,-29.9754723],[-53.2539265,-29.9577951],[-53.2396765,-29.9690653],[-53.238295,-29.9585412],[-53.2264598,-29.9668888],[-53.1961445,-29.960949],[-53.1259502,-29.9654689],[-53.167174,-29.9948136],[-53.16442,-30.0019988],[-53.1763554,-30.0074602],[-53.1760636,-30.0188779],[-53.1928889,-30.0273934],[-53.1947027,-30.0428907],[-53.2050256,-30.0430964],[-53.2232863,-30.0697888],[-53.2367484,-30.0748028],[-53.2395033,-30.08848],[-53.2625877,-30.0905452],[-53.3025285,-30.1384928],[-53.3299988,-30.1477902]]]}},{"type":"Feature","properties":{"level":"municipio","municipality_code":"4319703","municipality_name":"São Valentim","uf":"RS","state_code":"43","area_km2":154.45},"geometry":{"type":"Polygon","coordinates":[[[-52.5387373,-27.6129555],[-52.5983961,-27.5822323],[-52.6192406,-27.5856071],[-52.6183282,-27.577594],[-52.6324415,-27.5774296],[-52.6385204,-27.5644568],[-52.6514857,-27.5714063],[-52.6499772,-27.5805507],[-52.6638279,-27.5800196],[-52.6755968,-27.5929141],[-52.6692826,-27.5781149],[-52.6786784,-27.5705839],[-52.6588952,-27.5655518],[-52.6725354,-27.5529759],[-52.6632603,-27.5338078],[-52.6594361,-27.5406898],[-52.637607,-27.5349572],[-52.6169053,-27.5425577],[-52.5773036,-27.533728],[-52.5602325,-27.5091451],[-52.5719864,-27.4814986],[-52.5928677,-27.4677726],[-52.5822238,-27.4583559],[-52.5388474,-27.4924375],[-52.5264021,-27.4764256],[-52.5119785,-27.4866934],[-52.5160931,-27.495297],[-52.5073002,-27.5016902],[-52.5268581,-27.506714],[-52.5268674,-27.5302477],[-52.5113913,-27.5276144],[-52.5004235,-27.5443984],[-52.4778577,-27.5460208],[-52.4875317,-27.5609178],[-52.4796075,-27.5612284],[-52.4772157,-27.603528],[-52.4862637,-27.6105643],[-52.5387373,-27.6129555]]]}},{"type":"Feature","properties":{"level":"municipio","municipality_code":"4319711","municipality_name":"São Valentim do Sul","uf":"RS","state_code":"43","area_km2":91.898},"geometry":{"type":"Polygon","coordinates":[[[-51.7321281,-29.1289815],[-51.8083994,-29.0817241],[-51.8035971,-29.065448],[-51.8090373,-29.0643013],[-51.805329,-29.0457027],[-51.8140991,-29.0145116],[-51.7948099,-29.0088737],[-51.7928217,-28.9986761],[-51.7796744,-29.000764],[-51.779876,-29.0080896],[-51.7606004,-29.0080928],[-51.7600161,-28.9964923],[-51.7381847,-28.9959358],[-51.7416879,-29.0140562],[-51.7281547,-29.0226105],[-51.7282697,-29.0390649],[-51.7103308,-29.0459753],[-51.7200075,-29.0547985],[-51.7114736,-29.0872081],[-51.7210085,-29.077965],[-51.7307426,-29.0847638],[-51.7122262,-29.1156541],[-51.7305502,-29.1337822],[-51.739129,-29.1367535],[-51.7321281,-29.1289815]]]}},{"type":"Feature","properties":{"level":"municipio","municipality_code":"4319737","municipality_name":"São Valério do Sul","uf":"RS","state_code":"43","area_km2":107.402},"geometry":{"type":"Polygon","coordinates":[[[-53.8626255,-27.8354112],[-53.8977697,-27.8952788],[-53.9075436,-27.8836719],[-53.9202959,-27.8822077],[-53.920065,-27.8668437],[-53.9353756,-27.8674063],[-53.9426066,-27.8530023],[-53.9507685,-27.857455],[-53.9567432,-27.8504033],[-53.9492934,-27.8478725],[-53.9506865,-27.8311176],[-53.9665861,-27.8239251],[-53.9583567,-27.8220668],[-53.9665527,-27.8152192],[-53.9555671,-27.8112545],[-53.9705441,-27.8083865],[-53.9815967,-27.7930216],[-53.9729382,-27.7929562],[-53.9733198,-27.7857762],[-53.9596437,-27.7896767],[-53.9681386,-27.7818761],[-53.9795977,-27.7843001],[-53.9788122,-27.7796957],[-53.940224,-27.7704103],[-53.8935671,-27.7813419],[-53.8696685,-27.7647029],[-53.854329,-27.7661187],[-53.8787635,-27.7909014],[-53.8669211,-27.8032379],[-53.8664743,-27.8159242],[-53.8106821,-27.8224473],[-53.8626255,-27.8354112]]]}},{"type":"Feature","properties":{"level":"municipio","municipality_code":"4319752","municipality_name":"São Vendelino","uf":"RS","state_code":"43","area_km2":31.899},"geometry":{"type":"Polygon","coordinates":[[[-51.3980599,-29.3516488],[-51.3505006,-29.3518571],[-51.3549535,-29.3704557],[-51.3322295,-29.409535],[-51.3478279,-29.4133052],[-51.3583712,-29.3944132],[-51.3704031,-29.3974784],[-51.3611172,-29.4049012],[-51.3998128,-29.4170835],[-51.3980599,-29.3516488]]]}},{"type":"Feature","properties":{"level":"municipio","municipality_code":"4319802","municipality_name":"São Vicente do Sul","uf":"RS","state_code":"43","area_km2":1174.225},"geometry":{"type":"Polygon","coordinates":[[[-54.4719502,-29.6657556],[-54.4678737,-29.6764319],[-54.4856928,-29.7029558],[-54.4743,-29.7112378],[-54.4840017,-29.7181492],[-54.4951986,-29.7115494],[-54.5015715,-29.7162088],[-54.490468,-29.7281579],[-54.4992084,-29.73814],[-54.4921863,-29.7495265],[-54.5300466,-29.7577445],[-54.5315707,-29.7702273],[-54.5510726,-29.7826611],[-54.5565096,-29.7790959],[-54.5558946,-29.7896847],[-54.5759048,-29.800198],[-54.5672759,-29.8103881],[-54.5988185,-29.8214516],[-54.606661,-29.8167308],[-54.6045156,-29.8085448],[-54.6400659,-29.817392],[-54.6455604,-29.8058976],[-54.6572945,-29.8119451],[-54.6870108,-29.8086205],[-54.7043069,-29.8295559],[-54.7235611,-29.823936],[-54.7232386,-29.8313049],[-54.7360329,-29.8233272],[-54.7450052,-29.8331899],[-54.7555807,-29.8261707],[-54.7641864,-29.8339999],[-54.7892842,-29.8298159],[-54.8097309,-29.8455186],[-54.8277899,-29.8419174],[-54.8331902,-29.8562098],[-54.8491357,-29.837528],[-54.868865,-29.8287523],[-54.8778902,-29.8056693],[-54.9031335,-29.8116985],[-54.9082915,-29.8005143],[-54.9188708,-29.8103694],[-54.928876,-29.7840214],[-54.9491915,-29.7858456],[-54.9673974,-29.7767056],[-55.0396605,-29.7848494],[-55.0613649,-29.7638456],[-55.0737677,-29.7790147],[-55.0953929,-29.7769854],[-55.0979542,-29.7692189],[-55.0795006,-29.7618705],[-55.0870129,-29.7552638],[-55.1217394,-29.7669612],[-55.1359282,-29.7612986],[-55.126409,-29.7491679],[-55.1241986,-29.7035417],[-55.1347965,-29.687071],[-55.1198198,-29.669357],[-55.1254343,-29.6628392],[-55.120118,-29.657895],[-55.0946811,-29.6609809],[-55.0948065,-29.6494161],[-55.0874075,-29.6473661],[-55.0744535,-29.6592525],[-55.0771058,-29.6717551],[-55.0616828,-29.6843907],[-55.062458,-29.693859],[-55.0535094,-29.692397],[-55.0387833,-29.7061187],[-55.0055371,-29.7104248],[-54.9887912,-29.699811],[-54.9786727,-29.7019406],[-54.9801841,-29.692055],[-54.9628118,-29.6960621],[-54.9440129,-29.6765244],[-54.9339231,-29.6808347],[-54.9235643,-29.6627391],[-54.8643698,-29.6706966],[-54.8541541,-29.6565351],[-54.832785,-29.666149],[-54.8241671,-29.6370738],[-54.8137926,-29.6386428],[-54.7999524,-29.6228711],[-54.7944617,-29.6295546],[-54.7783303,-29.6215562],[-54.7763366,-29.6109245],[-54.7543876,-29.6128158],[-54.7438137,-29.6000568],[-54.7466174,-29.590206],[-54.7206632,-29.5941824],[-54.6820511,-29.5650039],[-54.663915,-29.5603889],[-54.6328596,-29.5727697],[-54.6273551,-29.5505415],[-54.6004574,-29.5431028],[-54.5873468,-29.5287428],[-54.578014,-29.5352235],[-54.5693774,-29.5308953],[-54.5672181,-29.5427616],[-54.5428728,-29.5483733],[-54.5518431,-29.5669701],[-54.5706489,-29.5721603],[-54.5630142,-29.5981592],[-54.4912885,-29.633589],[-54.4787859,-29.6514612],[-54.464269,-29.655649],[-54.4719502,-29.6657556]]]}},{"type":"Feature","properties":{"level":"municipio","municipality_code":"4320453","municipality_name":"Sério","uf":"RS","state_code":"43","area_km2":105.428},"geometry":{"type":"Polygon","coordinates":[[[-52.1886523,-29.3797737],[-52.1815699,-29.3837021],[-52.1898434,-29.3943294],[-52.1827036,-29.4036042],[-52.1605036,-29.4058454],[-52.1571867,-29.4144652],[-52.1922031,-29.4174315],[-52.2018186,-29.4256097],[-52.2237471,-29.4209154],[-52.2277168,-29.4370956],[-52.2170968,-29.4537082],[-52.2242618,-29.4580676],[-52.2505665,-29.4476795],[-52.2915264,-29.4081288],[-52.3015342,-29.4084698],[-52.3023086,-29.3978607],[-52.3343315,-29.3890395],[-52.3451755,-29.3775785],[-52.3156177,-29.3713261],[-52.312921,-29.351757],[-52.2974116,-29.3485221],[-52.3004433,-29.3555231],[-52.1995447,-29.3582733],[-52.1854974,-29.3731407],[-52.1886523,-29.3797737]]]}},{"type":"Feature","properties":{"level":"municipio","municipality_code":"4320859","municipality_name":"Tabaí","uf":"RS","state_code":"43","area_km2":94.754},"geometry":{"type":"Polygon","coordinates":[[[-51.7510982,-29.6285796],[-51.7055037,-29.6144032],[-51.7105441,-29.6034867],[-51.6996513,-29.6001449],[-51.679183,-29.6144687],[-51.6587641,-29.6444293],[-51.693432,-29.6670866],[-51.6969458,-29.6836293],[-51.7207454,-29.713269],[-51.7427996,-29.7117844],[-51.7560776,-29.7332478],[-51.7756776,-29.7326812],[-51.7980696,-29.7134675],[-51.7707353,-29.6956202],[-51.7753949,-29.6823168],[-51.7875932,-29.6808608],[-51.7832292,-29.6590735],[-51.7798678,-29.653179],[-51.7630025,-29.6573803],[-51.7510982,-29.6285796]]]}},{"type":"Feature","properties":{"level":"municipio","municipality_code":"4320909","municipality_name":"Tapejara","uf":"RS","state_code":"43","area_km2":238.082},"geometry":{"type":"Polygon","coordinates":[[[-51.9843772,-28.1284121],[-52.0356121,-28.1291775],[-52.0431498,-28.1175164],[-52.1029641,-28.1171018],[-52.0895612,-28.1138596],[-52.0844127,-28.1050512],[-52.0919643,-28.1029355],[-52.0832595,-28.0998419],[-52.0946754,-28.094822],[-52.0845724,-28.0859728],[-52.1001026,-28.0837891],[-52.0930931,-28.0803632],[-52.0939631,-28.0693546],[-52.0822652,-28.0638867],[-52.0846234,-28.0553399],[-52.0986576,-28.0510335],[-52.0879534,-28.0397966],[-52.1044196,-28.0374465],[-52.1024017,-28.0294442],[-52.1127927,-28.0218798],[-52.1230809,-28.0258988],[-52.1198007,-28.0207689],[-52.1287402,-28.0148648],[-52.1117889,-28.0101668],[-52.1011116,-28.0155081],[-52.1127131,-27.9995592],[-52.0987348,-28.003943],[-52.0877613,-27.9961728],[-52.0988999,-27.9875273],[-52.0964826,-27.9777278],[-51.9876585,-28.0146487],[-51.9721106,-28.0119893],[-51.9679336,-28.0036216],[-51.9775287,-27.9980557],[-51.962835,-27.9812033],[-51.9510589,-27.9998857],[-51.93449,-27.9997495],[-51.9287616,-28.0084756],[-51.9421208,-28.0135149],[-51.9085932,-28.0251161],[-51.9106206,-28.0365737],[-51.9199979,-28.0330117],[-51.9224271,-28.0420918],[-51.9035122,-28.0435353],[-51.9044224,-28.0494617],[-51.9258823,-28.0525655],[-51.9060248,-28.065946],[-51.9152887,-28.0791192],[-51.9083216,-28.0836315],[-51.9171868,-28.0891387],[-51.9078179,-28.105069],[-51.9112023,-28.1135662],[-51.9346831,-28.1084088],[-51.964867,-28.1169181],[-51.9708563,-28.1062433],[-51.9843772,-28.1284121]]]}},{"type":"Feature","properties":{"level":"municipio","municipality_code":"4321006","municipality_name":"Tapera","uf":"RS","state_code":"43","area_km2":179.935},"geometry":{"type":"Polygon","coordinates":[[[-52.7619535,-28.6281645],[-52.7620262,-28.6393954],[-52.7515472,-28.6401978],[-52.7627338,-28.6436835],[-52.7643526,-28.6532261],[-52.7712174,-28.6458673],[-52.7817357,-28.6570923],[-52.772206,-28.6781242],[-52.7826343,-28.6787407],[-52.777933,-28.6993426],[-52.7917532,-28.6879055],[-52.805375,-28.6939482],[-52.8072282,-28.6797806],[-52.8194615,-28.6785941],[-52.8210968,-28.687981],[-52.8117022,-28.7043725],[-52.8053717,-28.703522],[-52.8215054,-28.7077737],[-52.832458,-28.7248764],[-52.8456707,-28.7173565],[-52.8536375,-28.7236998],[-52.8579109,-28.7113825],[-52.8741717,-28.7062708],[-52.8886765,-28.7290724],[-52.9189993,-28.7349703],[-52.9297973,-28.7289896],[-52.9241276,-28.706997],[-52.9424897,-28.6993885],[-52.9281743,-28.6727986],[-52.9423164,-28.6702279],[-52.9342096,-28.6635148],[-52.9394092,-28.6601858],[-52.9218305,-28.6511564],[-52.9339141,-28.6404483],[-52.9284978,-28.6395688],[-52.9363005,-28.6192297],[-52.9216131,-28.61805],[-52.9274992,-28.6123734],[-52.916775,-28.595751],[-52.8636003,-28.597857],[-52.8377756,-28.6122509],[-52.7619535,-28.6281645]]]}},{"type":"Feature","properties":{"level":"municipio","municipality_code":"4321105","municipality_name":"Tapes","uf":"RS","state_code":"43","area_km2":805.452},"geometry":{"type":"Polygon","coordinates":[[[-51.3857648,-30.6514807],[-51.4042771,-30.7829285],[-51.3905801,-30.8402937],[-51.3690102,-30.8743545],[-51.3760279,-30.8774187],[-51.4536135,-30.8698703],[-51.4798373,-30.8824582],[-51.523474,-30.8355932],[-51.5344628,-30.8015655],[-51.5901186,-30.7602167],[-51.6303367,-30.7448248],[-51.6076927,-30.7198704],[-51.5814632,-30.7065051],[-51.5388407,-30.5934276],[-51.500299,-30.5329188],[-51.4913069,-30.5025963],[-51.4396943,-30.4942762],[-51.4210611,-30.4831063],[-51.3922111,-30.4891271],[-51.3968579,-30.4954949],[-51.2759048,-30.4707413],[-51.2654057,-30.4832604],[-51.2984132,-30.5590875],[-51.3033486,-30.5885501],[-51.2941413,-30.7515578],[-51.2811428,-30.8016678],[-51.2824348,-30.812539],[-51.296937,-30.8180546],[-51.2851194,-30.8072565],[-51.2872978,-30.7975136],[-51.3190893,-30.785529],[-51.3312079,-30.7784819],[-51.3054863,-30.7843186],[-51.2933503,-30.7647755],[-51.3029729,-30.7220664],[-51.3165991,-30.7041477],[-51.3188354,-30.6461471],[-51.3346126,-30.6337885],[-51.371645,-30.636097],[-51.3857648,-30.6514807]]]}},{"type":"Feature","properties":{"level":"municipio","municipality_code":"4321204","municipality_name":"Taquara","uf":"RS","state_code":"43","area_km2":450.195},"geometry":{"type":"Polygon","coordinates":[[[-50.6676956,-29.6607967],[-50.6894548,-29.6805073],[-50.6840759,-29.6951446],[-50.6985442,-29.7136506],[-50.6864999,-29.7464622],[-50.7002408,-29.7586348],[-50.7126975,-29.7556312],[-50.6936717,-29.7901492],[-50.7234492,-29.7692356],[-50.7728519,-29.7761937],[-50.7872309,-29.7662433],[-50.8057274,-29.7752436],[-50.8222277,-29.7653499],[-50.8356931,-29.7658807],[-50.8447309,-29.7843749],[-50.8603882,-29.7937387],[-50.9577409,-29.7892814],[-50.9342361,-29.7690964],[-50.947468,-29.7096768],[-50.9439219,-29.6747264],[-50.9146581,-29.6761436],[-50.9228142,-29.6876862],[-50.887694,-29.7008201],[-50.8718185,-29.6929664],[-50.8787673,-29.712363],[-50.8708261,-29.7296014],[-50.8553602,-29.7278043],[-50.8553682,-29.7172185],[-50.8397272,-29.7247496],[-50.8334434,-29.6983159],[-50.8214851,-29.6904036],[-50.8276256,-29.6877565],[-50.8061788,-29.6838661],[-50.7963049,-29.6737206],[-50.8072683,-29.6521585],[-50.8007605,-29.6434638],[-50.8109933,-29.625978],[-50.8067006,-29.617694],[-50.761517,-29.6082662],[-50.7517485,-29.5849951],[-50.7505275,-29.5916589],[-50.7361252,-29.5932315],[-50.6919295,-29.5891429],[-50.6934273,-29.5534045],[-50.7158366,-29.5162979],[-50.6993414,-29.5000549],[-50.7004373,-29.4870057],[-50.6735327,-29.4703048],[-50.673566,-29.4892161],[-50.6607147,-29.5064603],[-50.6511525,-29.5024802],[-50.6297872,-29.5604936],[-50.6023675,-29.551816],[-50.587579,-29.5600551],[-50.6029368,-29.58911],[-50.6366746,-29.6088491],[-50.6669941,-29.6486471],[-50.6676956,-29.6607967]]]}},{"type":"Feature","properties":{"level":"municipio","municipality_code":"4321303","municipality_name":"Taquari","uf":"RS","state_code":"43","area_km2":349.967},"geometry":{"type":"Polygon","coordinates":[[[-51.834341,-29.8299604],[-51.8864485,-29.8040247],[-51.9140222,-29.8084351],[-51.9210367,-29.7882834],[-51.9079571,-29.76877],[-51.9429791,-29.7586468],[-51.9554305,-29.7060576],[-51.9249528,-29.6936137],[-51.9075338,-29.6682075],[-51.874675,-29.6680538],[-51.8718009,-29.6384052],[-51.826763,-29.6487657],[-51.8082558,-29.6332892],[-51.7996184,-29.613852],[-51.7860292,-29.615822],[-51.7605774,-29.6492403],[-51.7630025,-29.6573803],[-51.7817384,-29.6557326],[-51.7875932,-29.6808608],[-51.7753949,-29.6823168],[-51.7707353,-29.6956202],[-51.7980696,-29.7134675],[-51.7756776,-29.7326812],[-51.7560776,-29.7332478],[-51.7427996,-29.7117844],[-51.7190895,-29.7234133],[-51.7187438,-29.7428396],[-51.747075,-29.7695213],[-51.7588199,-29.7992648],[-51.7583398,-29.8187882],[-51.7449002,-29.8344713],[-51.7301792,-29.8352716],[-51.7317837,-29.8447352],[-51.7164168,-29.8607373],[-51.7480047,-29.8519996],[-51.769753,-29.8616712],[-51.8155438,-29.8618223],[-51.834341,-29.8299604]]]}},{"type":"Feature","properties":{"level":"municipio","municipality_code":"4321329","municipality_name":"Taquaruçu do Sul","uf":"RS","state_code":"43","area_km2":76.917},"geometry":{"type":"Polygon","coordinates":[[[-53.4334913,-27.377106],[-53.4368408,-27.4011355],[-53.4253202,-27.4015417],[-53.4261377,-27.42318],[-53.4988777,-27.4502633],[-53.5017084,-27.4603029],[-53.5075619,-27.4436768],[-53.5154823,-27.4424673],[-53.5056464,-27.4338534],[-53.5279883,-27.4380189],[-53.5369474,-27.4264726],[-53.5442481,-27.4351663],[-53.5476084,-27.4266457],[-53.5357685,-27.4181817],[-53.5455868,-27.420693],[-53.5523717,-27.4136562],[-53.5578065,-27.4206637],[-53.5718321,-27.4049682],[-53.5319828,-27.3874493],[-53.5166454,-27.3951057],[-53.4981752,-27.3859152],[-53.4806528,-27.3876225],[-53.4572191,-27.3506974],[-53.4334913,-27.377106]]]}},{"type":"Feature","properties":{"level":"municipio","municipality_code":"4321352","municipality_name":"Tavares","uf":"RS","state_code":"43","area_km2":610.107},"geometry":{"type":"Polygon","coordinates":[[[-50.9856181,-31.2062405],[-50.962253,-31.1832494],[-50.8421324,-31.1900255],[-51.0400803,-31.3599453],[-51.1859619,-31.5043878],[-51.2375439,-31.4574351],[-51.2022383,-31.4110955],[-51.1791108,-31.3649811],[-51.157477,-31.2847123],[-51.1614076,-31.2091002],[-51.1789942,-31.1341963],[-51.1272152,-31.1231542],[-51.1171958,-31.150764],[-51.0524025,-31.1640208],[-50.9856181,-31.2062405]]]}},{"type":"Feature","properties":{"level":"municipio","municipality_code":"4321402","municipality_name":"Tenente Portela","uf":"RS","state_code":"43","area_km2":337.495},"geometry":{"type":"Polygon","coordinates":[[[-53.6423419,-27.3417896],[-53.6611658,-27.3593828],[-53.6472205,-27.3678926],[-53.6592107,-27.3626768],[-53.6670381,-27.370209],[-53.6488545,-27.3750945],[-53.6566006,-27.3754003],[-53.6486061,-27.3858911],[-53.6559645,-27.3915732],[-53.6428131,-27.4007655],[-53.6545629,-27.4036678],[-53.640791,-27.4158063],[-53.6708734,-27.4323517],[-53.6808749,-27.4484119],[-53.7076081,-27.4412877],[-53.7328624,-27.455286],[-53.7711573,-27.4436787],[-53.7783187,-27.4480067],[-53.7836516,-27.4407171],[-53.812554,-27.4404088],[-53.8183332,-27.4472481],[-53.8294374,-27.4378219],[-53.8460058,-27.4413367],[-53.8515849,-27.4245161],[-53.8458729,-27.4162088],[-53.855798,-27.406777],[-53.872749,-27.4153733],[-53.8680645,-27.4225797],[-53.8782945,-27.4214876],[-53.8761704,-27.4120612],[-53.8878307,-27.406978],[-53.8748286,-27.3996862],[-53.8841412,-27.3875055],[-53.8910441,-27.3966062],[-53.9000812,-27.382558],[-53.8861732,-27.3693409],[-53.8724494,-27.3690658],[-53.8940738,-27.3554863],[-53.8704296,-27.3538102],[-53.8695608,-27.3475082],[-53.8781784,-27.3372101],[-53.8941748,-27.3467169],[-53.9058739,-27.3331214],[-53.8892154,-27.3232775],[-53.8276774,-27.3210268],[-53.81307,-27.3074147],[-53.7870334,-27.3028928],[-53.7769482,-27.284989],[-53.7838423,-27.2795932],[-53.7809704,-27.2684479],[-53.7701309,-27.2621096],[-53.7649701,-27.2786251],[-53.7547384,-27.2783052],[-53.7556439,-27.2849732],[-53.7413245,-27.2935741],[-53.7440217,-27.2992446],[-53.7098156,-27.3117412],[-53.6881404,-27.307707],[-53.6869661,-27.320952],[-53.6627017,-27.3159122],[-53.6385017,-27.3289304],[-53.6563194,-27.3368704],[-53.6423419,-27.3417896]]]}},{"type":"Feature","properties":{"level":"municipio","municipality_code":"4321436","municipality_name":"Terra de Areia","uf":"RS","state_code":"43","area_km2":142.304},"geometry":{"type":"Polygon","coordinates":[[[-50.0497537,-29.653611],[-50.1214205,-29.6485734],[-50.1565388,-29.6311109],[-50.1616743,-29.6114233],[-50.1181259,-29.5806054],[-50.1094002,-29.5594771],[-50.0906316,-29.5478428],[-50.0670441,-29.5513651],[-50.051924,-29.5417536],[-50.0143955,-29.541118],[-49.9805506,-29.5303142],[-49.9928938,-29.5379197],[-49.97938,-29.547327],[-49.9966002,-29.5383791],[-50.0131348,-29.5496869],[-50.0306615,-29.5481646],[-50.0177919,-29.5802254],[-49.9914534,-29.602065],[-49.922165,-29.607173],[-49.9337007,-29.6250581],[-49.9918336,-29.6048813],[-49.9943347,-29.6200568],[-50.0279222,-29.6323948],[-50.0497537,-29.653611]]]}},{"type":"Feature","properties":{"level":"municipio","municipality_code":"4321451","municipality_name":"Teutônia","uf":"RS","state_code":"43","area_km2":175.874},"geometry":{"type":"Polygon","coordinates":[[[-51.8423509,-29.4239608],[-51.8026329,-29.3906275],[-51.7826354,-29.387943],[-51.7827335,-29.4640761],[-51.7704935,-29.455565],[-51.7689081,-29.4637707],[-51.7428835,-29.4617138],[-51.7378491,-29.4154145],[-51.6910597,-29.4145139],[-51.6908851,-29.4707363],[-51.6705336,-29.4707945],[-51.6680845,-29.4874793],[-51.6904171,-29.4877749],[-51.6909788,-29.5082913],[-51.7312047,-29.5076054],[-51.732728,-29.5235328],[-51.8095022,-29.5190724],[-51.829952,-29.5352434],[-51.8724907,-29.543922],[-51.8717095,-29.5189024],[-51.8474331,-29.4650453],[-51.8423509,-29.4239608]]]}},{"type":"Feature","properties":{"level":"municipio","municipality_code":"4321469","municipality_name":"Tio Hugo","uf":"RS","state_code":"43","area_km2":113.944},"geometry":{"type":"Polygon","coordinates":[[[-52.6021445,-28.6347389],[-52.6235861,-28.6401248],[-52.6287977,-28.626843],[-52.644347,-28.6272722],[-52.663178,-28.6128372],[-52.6475772,-28.6077305],[-52.6360805,-28.5867126],[-52.636346,-28.5523378],[-52.6505553,-28.5394507],[-52.6452134,-28.5281666],[-52.6330603,-28.5174734],[-52.6266574,-28.5264588],[-52.6202518,-28.523881],[-52.6043454,-28.5109391],[-52.5523154,-28.5297975],[-52.5442384,-28.5640703],[-52.5553777,-28.5625126],[-52.5591633,-28.5768418],[-52.5805962,-28.5818911],[-52.5824543,-28.5977738],[-52.5802554,-28.6042438],[-52.5575016,-28.6060053],[-52.5462983,-28.6189238],[-52.5443586,-28.6356252],[-52.5644645,-28.6540156],[-52.5791021,-28.6520894],[-52.580818,-28.6435253],[-52.5986251,-28.6451013],[-52.6021445,-28.6347389]]]}},{"type":"Feature","properties":{"level":"municipio","municipality_code":"4321477","municipality_name":"Tiradentes do Sul","uf":"RS","state_code":"43","area_km2":236.653},"geometry":{"type":"Polygon","coordinates":[[[-54.1435506,-27.4024776],[-54.1634894,-27.4052066],[-54.1522818,-27.3951374],[-54.1643818,-27.3980954],[-54.1702741,-27.3911413],[-54.1717986,-27.4118749],[-54.195192,-27.4057863],[-54.1839415,-27.3933603],[-54.2178099,-27.4024787],[-54.2133115,-27.3512444],[-54.1933396,-27.3084602],[-54.1890438,-27.2716169],[-54.1694912,-27.2536339],[-54.1565508,-27.2659487],[-54.1587769,-27.2942889],[-54.1114568,-27.3025042],[-54.0876193,-27.3262545],[-54.0790192,-27.3187358],[-54.0675119,-27.3284568],[-54.0730765,-27.3361781],[-54.0666373,-27.3478076],[-54.0597175,-27.3459679],[-54.054697,-27.3588814],[-54.0395045,-27.3671169],[-54.023406,-27.4037734],[-54.008171,-27.4160024],[-54.0253318,-27.4507768],[-54.0441251,-27.4566322],[-54.0475562,-27.4489454],[-54.0679575,-27.4601251],[-54.0662512,-27.4429008],[-54.0943405,-27.4475919],[-54.1063074,-27.4287417],[-54.1124326,-27.4410136],[-54.1237625,-27.4359257],[-54.11698,-27.4175988],[-54.1341411,-27.4270647],[-54.1366427,-27.4114351],[-54.1513745,-27.4191486],[-54.1435506,-27.4024776]]]}},{"type":"Feature","properties":{"level":"municipio","municipality_code":"4321493","municipality_name":"Toropi","uf":"RS","state_code":"43","area_km2":198.316},"geometry":{"type":"Polygon","coordinates":[[[-54.2558659,-29.4993968],[-54.3148718,-29.5480715],[-54.3456696,-29.550035],[-54.3563508,-29.5402432],[-54.3604196,-29.5124709],[-54.3798434,-29.5097666],[-54.3742218,-29.5028715],[-54.3837809,-29.4991752],[-54.3845852,-29.4597557],[-54.3951328,-29.4522977],[-54.3917844,-29.4373039],[-54.3763694,-29.4290827],[-54.3706079,-29.4104673],[-54.3436826,-29.4290429],[-54.3211608,-29.4340746],[-54.3081806,-29.4318327],[-54.3123399,-29.4149199],[-54.2781097,-29.4231045],[-54.2751193,-29.4024807],[-54.253587,-29.4137239],[-54.2251244,-29.4102403],[-54.2129085,-29.425195],[-54.1963032,-29.4303747],[-54.1959538,-29.4416144],[-54.2120051,-29.4432057],[-54.200272,-29.4545037],[-54.2024508,-29.461614],[-54.1948296,-29.4600881],[-54.198148,-29.4739071],[-54.1910519,-29.4762983],[-54.1909332,-29.4900132],[-54.206315,-29.4836868],[-54.215634,-29.49377],[-54.2351099,-29.4853676],[-54.247614,-29.5063789],[-54.2558659,-29.4993968]]]}},{"type":"Feature","properties":{"level":"municipio","municipality_code":"4321501","municipality_name":"Torres","uf":"RS","state_code":"43","area_km2":161.63},"geometry":{"type":"MultiPolygon","coordinates":[[[[-49.7036716,-29.3467538],[-49.7049858,-29.3473374],[-49.7044202,-29.3454536],[-49.7036716,-29.3467538]]],[[[-49.7125659,-29.325572],[-49.8034666,-29.4435871],[-49.8355245,-29.4242253],[-49.802644,-29.3918878],[-49.8188024,-29.3797898],[-49.8289348,-29.3568643],[-49.8150432,-29.3389753],[-49.8306281,-29.3236229],[-49.8585393,-29.3127733],[-49.8886209,-29.3124049],[-49.8971388,-29.2817592],[-49.8852412,-29.2608546],[-49.9015516,-29.2152901],[-49.8571037,-29.2330584],[-49.8574258,-29.2451709],[-49.848738,-29.2472815],[-49.8550721,-29.256856],[-49.8417283,-29.2605306],[-49.8435082,-29.277842],[-49.7905422,-29.2858847],[-49.767758,-29.2998824],[-49.7404976,-29.299479],[-49.7438683,-29.3110015],[-49.730112,-29.3175774],[-49.7435636,-29.3197173],[-49.746148,-29.3270522],[-49.7125659,-29.325572]]]]}},{"type":"Feature","properties":{"level":"municipio","municipality_code":"4321600","municipality_name":"Tramandaí","uf":"RS","state_code":"43","area_km2":142.878},"geometry":{"type":"Polygon","coordinates":[[[-50.1192447,-29.9761698],[-50.1703142,-30.097064],[-50.2107013,-30.0833019],[-50.2079321,-30.0715403],[-50.2003243,-30.0755605],[-50.1864122,-30.0563074],[-50.1998079,-30.0404425],[-50.2203307,-30.0459873],[-50.2221883,-30.0605223],[-50.2265214,-30.0538],[-50.2569758,-30.065297],[-50.2735558,-30.0437833],[-50.3068394,-30.0673434],[-50.3345054,-30.0650644],[-50.3486935,-30.0532433],[-50.344952,-30.0364895],[-50.3176066,-30.0323791],[-50.2544156,-29.992241],[-50.2296519,-29.966904],[-50.1847364,-29.9950441],[-50.1192447,-29.9761698]]]}},{"type":"Feature","properties":{"level":"municipio","municipality_code":"4321626","municipality_name":"Travesseiro","uf":"RS","state_code":"43","area_km2":80.681},"geometry":{"type":"Polygon","coordinates":[[[-52.0633306,-29.3305295],[-52.0899831,-29.3322907],[-52.091082,-29.3216235],[-52.1007723,-29.3196231],[-52.0884842,-29.3014806],[-52.1054694,-29.3005665],[-52.1203483,-29.2779628],[-52.1363114,-29.2765796],[-52.140976,-29.2588523],[-52.1581473,-29.2571718],[-52.1516726,-29.228002],[-52.1581157,-29.2216832],[-52.1669487,-29.2266175],[-52.1689979,-29.2194434],[-52.1419769,-29.2074249],[-52.1403494,-29.2165464],[-52.1212038,-29.2170128],[-52.1226442,-29.2316192],[-52.1134383,-29.2316686],[-52.1122366,-29.2706303],[-52.0728186,-29.2704603],[-52.0575449,-29.2504095],[-52.042033,-29.2514316],[-52.0366373,-29.353941],[-52.0636629,-29.354055],[-52.0690596,-29.3442223],[-52.0633306,-29.3305295]]]}},{"type":"Feature","properties":{"level":"municipio","municipality_code":"4321956","municipality_name":"Trindade do Sul","uf":"RS","state_code":"43","area_km2":268.417},"geometry":{"type":"Polygon","coordinates":[[[-52.9303891,-27.5615636],[-52.9800482,-27.5873956],[-52.9927854,-27.5742557],[-53.0078722,-27.5749129],[-53.0068344,-27.5619523],[-53.0212678,-27.5542476],[-53.016265,-27.549677],[-53.030003,-27.5514835],[-53.0284971,-27.5424233],[-53.0413992,-27.5474885],[-53.0424317,-27.5352596],[-53.0497166,-27.5413951],[-53.0493302,-27.5295941],[-53.0152995,-27.5096418],[-53.0268359,-27.4994054],[-53.0240232,-27.4835926],[-53.0508241,-27.4731228],[-53.0396849,-27.4690598],[-53.0354595,-27.453981],[-53.0176812,-27.4560206],[-53.0007063,-27.4793937],[-52.9718511,-27.485695],[-52.9028486,-27.466202],[-52.8979577,-27.4745561],[-52.8656483,-27.4712612],[-52.8282336,-27.5043672],[-52.7999744,-27.4961671],[-52.8017869,-27.5010272],[-52.7833561,-27.5011074],[-52.7758599,-27.5119677],[-52.7571066,-27.5127417],[-52.7616825,-27.5249564],[-52.7472002,-27.538383],[-52.7672765,-27.5528072],[-52.7549211,-27.5555176],[-52.7467489,-27.5467424],[-52.739393,-27.5580079],[-52.7504956,-27.5832715],[-52.7823017,-27.5843724],[-52.8146387,-27.5979323],[-52.8439315,-27.5637478],[-52.8457835,-27.5443046],[-52.8644508,-27.5528256],[-52.8919969,-27.5491129],[-52.9070071,-27.5630527],[-52.9303891,-27.5615636]]]}},{"type":"Feature","properties":{"level":"municipio","municipality_code":"4322004","municipality_name":"Triunfo","uf":"RS","state_code":"43","area_km2":817.807},"geometry":{"type":"Polygon","coordinates":[[[-51.6027133,-29.9442155],[-51.7281009,-29.9461346],[-51.749775,-29.9043058],[-51.7502826,-29.8884011],[-51.7190435,-29.8677217],[-51.7161786,-29.8580595],[-51.7317837,-29.8447352],[-51.7301792,-29.8352716],[-51.7449002,-29.8344713],[-51.7583398,-29.8187882],[-51.7588199,-29.7992648],[-51.747075,-29.7695213],[-51.7187438,-29.7428396],[-51.7242257,-29.7157428],[-51.7035315,-29.6941662],[-51.693432,-29.6670866],[-51.6418906,-29.6357715],[-51.5659017,-29.7365781],[-51.5888945,-29.7553279],[-51.5865282,-29.7760165],[-51.5604133,-29.7851877],[-51.5421146,-29.7737878],[-51.5221267,-29.7810019],[-51.4922351,-29.8231895],[-51.4520886,-29.8289788],[-51.4381683,-29.8443744],[-51.3995694,-29.8369997],[-51.3558873,-29.8412408],[-51.3649112,-29.893118],[-51.3275329,-29.9096335],[-51.3103247,-29.9315491],[-51.2671133,-29.9349987],[-51.4124714,-29.9879603],[-51.4395125,-29.9808852],[-51.4622282,-29.9490105],[-51.507026,-29.9274944],[-51.6027133,-29.9442155]]]}},{"type":"Feature","properties":{"level":"municipio","municipality_code":"4321634","municipality_name":"Três Arroios","uf":"RS","state_code":"43","area_km2":148.601},"geometry":{"type":"Polygon","coordinates":[[[-52.1072008,-27.5149254],[-52.1323769,-27.5175156],[-52.1328825,-27.5503634],[-52.1613543,-27.5332437],[-52.1519655,-27.5321792],[-52.1536121,-27.5258598],[-52.1871035,-27.5436066],[-52.1856542,-27.5681419],[-52.2371782,-27.5692634],[-52.2381845,-27.5434729],[-52.2274313,-27.5517508],[-52.2273308,-27.5425608],[-52.2174287,-27.5417874],[-52.2187203,-27.5296336],[-52.2266611,-27.5289655],[-52.2261935,-27.5102871],[-52.237321,-27.5010701],[-52.2378753,-27.4700312],[-52.2454407,-27.4670156],[-52.236484,-27.4573763],[-52.2432034,-27.4453376],[-52.2389558,-27.4316918],[-52.2271073,-27.4285357],[-52.2361149,-27.4108882],[-52.1941909,-27.4083613],[-52.1935306,-27.4425302],[-52.1625589,-27.4565277],[-52.1611662,-27.4690603],[-52.1447025,-27.4778113],[-52.1329613,-27.4654933],[-52.1073977,-27.4735384],[-52.1079025,-27.480951],[-52.0670683,-27.4802703],[-52.0670312,-27.4917269],[-52.0799959,-27.4963259],[-52.0750483,-27.5047223],[-52.1069521,-27.5075199],[-52.1072008,-27.5149254]]]}},{"type":"Feature","properties":{"level":"municipio","municipality_code":"4321667","municipality_name":"Três Cachoeiras","uf":"RS","state_code":"43","area_km2":251.483},"geometry":{"type":"Polygon","coordinates":[[[-49.8966897,-29.3883079],[-49.8822215,-29.4101975],[-49.8355245,-29.4242253],[-49.8701637,-29.4473237],[-49.9914534,-29.602065],[-50.0177919,-29.5802254],[-50.0306615,-29.5481646],[-50.0131348,-29.5496869],[-49.9966002,-29.5383791],[-49.97938,-29.547327],[-49.9928938,-29.5379197],[-49.9805506,-29.5303142],[-50.0042484,-29.5368852],[-50.0249409,-29.5168079],[-50.0131488,-29.5026812],[-50.0244797,-29.4826194],[-50.0566254,-29.4795649],[-50.0774607,-29.4638091],[-50.0484168,-29.4330217],[-50.0134195,-29.4202677],[-50.0243055,-29.432326],[-49.9815096,-29.3980977],[-49.9610038,-29.4055924],[-49.9437146,-29.4018876],[-49.8906945,-29.372252],[-49.8966897,-29.3883079]]]}},{"type":"Feature","properties":{"level":"municipio","municipality_code":"4321709","municipality_name":"Três Coroas","uf":"RS","state_code":"43","area_km2":168.124},"geometry":{"type":"Polygon","coordinates":[[[-50.7779822,-29.5337067],[-50.8618598,-29.5220857],[-50.8744718,-29.5125198],[-50.9052832,-29.5173118],[-50.9074157,-29.5002127],[-50.8683475,-29.4763515],[-50.8346358,-29.4758287],[-50.7884633,-29.4389614],[-50.7706116,-29.4409431],[-50.7722221,-29.4143441],[-50.7350474,-29.4147602],[-50.7217968,-29.4040843],[-50.6881898,-29.4035586],[-50.6844388,-29.4076537],[-50.7045164,-29.4183936],[-50.7283967,-29.4535481],[-50.6881708,-29.4744537],[-50.6881458,-29.4835569],[-50.7004373,-29.4870057],[-50.6994818,-29.500306],[-50.7407935,-29.5497398],[-50.7779822,-29.5337067]]]}},{"type":"Feature","properties":{"level":"municipio","municipality_code":"4321832","municipality_name":"Três Forquilhas","uf":"RS","state_code":"43","area_km2":217.386},"geometry":{"type":"Polygon","coordinates":[[[-50.0590532,-29.4760433],[-50.0244797,-29.4826194],[-50.0131488,-29.5026812],[-50.0249409,-29.5168079],[-50.0042484,-29.5368852],[-50.051924,-29.5417536],[-50.0670441,-29.5513651],[-50.0791436,-29.5444678],[-50.1010651,-29.4821017],[-50.1187067,-29.4751566],[-50.1305299,-29.4415071],[-50.1699676,-29.4190217],[-50.1825527,-29.4003044],[-50.1551818,-29.3552411],[-50.0994264,-29.3387073],[-50.0601323,-29.3648022],[-50.0300545,-29.3425137],[-50.0045517,-29.3529849],[-50.0253003,-29.383917],[-50.0122637,-29.3850556],[-50.0097177,-29.4011153],[-50.029304,-29.4111929],[-50.0322683,-29.4224244],[-50.0774607,-29.4638091],[-50.0590532,-29.4760433]]]}},{"type":"Feature","properties":{"level":"municipio","municipality_code":"4321857","municipality_name":"Três Palmeiras","uf":"RS","state_code":"43","area_km2":180.599},"geometry":{"type":"Polygon","coordinates":[[[-52.7747283,-27.6814715],[-52.8686448,-27.671539],[-52.8917827,-27.6195963],[-52.9216322,-27.6095811],[-52.9288387,-27.5946257],[-52.9536699,-27.5920322],[-52.9640068,-27.5769099],[-52.9482626,-27.5770009],[-52.9303891,-27.5615636],[-52.9070071,-27.5630527],[-52.8919969,-27.5491129],[-52.8644508,-27.5528256],[-52.8457835,-27.5443046],[-52.8439315,-27.5637478],[-52.8202999,-27.5969149],[-52.7987361,-27.5957997],[-52.7823017,-27.5843724],[-52.734549,-27.5879459],[-52.7362102,-27.6076297],[-52.7590624,-27.599212],[-52.7669389,-27.6089149],[-52.73971,-27.6247234],[-52.7580581,-27.6264191],[-52.7454016,-27.6524353],[-52.7528724,-27.6581483],[-52.7555243,-27.6892261],[-52.7731823,-27.6935377],[-52.7747283,-27.6814715]]]}},{"type":"Feature","properties":{"level":"municipio","municipality_code":"4321907","municipality_name":"Três Passos","uf":"RS","state_code":"43","area_km2":268.902},"geometry":{"type":"Polygon","coordinates":[[[-53.927863,-27.5174179],[-53.9779914,-27.5266884],[-53.9743855,-27.5137789],[-53.9973767,-27.4994112],[-54.0000359,-27.4812163],[-54.0070164,-27.4728448],[-54.0298133,-27.4756731],[-54.0250036,-27.4607054],[-54.0355987,-27.4559934],[-54.0375956,-27.4521125],[-54.0253318,-27.4507768],[-54.008171,-27.4160024],[-54.0249128,-27.4002293],[-53.9565379,-27.3783774],[-53.9498277,-27.3600265],[-53.9296668,-27.344955],[-53.9298301,-27.3311159],[-53.918295,-27.3233982],[-53.8941748,-27.3467169],[-53.8781784,-27.3372101],[-53.8695608,-27.3475082],[-53.8704296,-27.3538102],[-53.8940738,-27.3554863],[-53.8723644,-27.3686105],[-53.8861732,-27.3693409],[-53.8985656,-27.3874297],[-53.8895762,-27.3969716],[-53.8837353,-27.3877134],[-53.8748286,-27.3996862],[-53.8878307,-27.406978],[-53.8761704,-27.4120612],[-53.8782945,-27.4214876],[-53.8680645,-27.4225797],[-53.872749,-27.4153733],[-53.855798,-27.406777],[-53.8458729,-27.4162088],[-53.8515849,-27.4245161],[-53.8470457,-27.4407493],[-53.8256322,-27.4388756],[-53.8437296,-27.4471704],[-53.8280822,-27.459163],[-53.8352619,-27.4657945],[-53.8258306,-27.4717841],[-53.8332984,-27.4821978],[-53.8270632,-27.4907481],[-53.8398079,-27.5021418],[-53.8848773,-27.5043706],[-53.8823755,-27.5108064],[-53.9063285,-27.5297684],[-53.927863,-27.5174179]]]}},{"type":"Feature","properties":{"level":"municipio","municipality_code":"4321808","municipality_name":"Três de Maio","uf":"RS","state_code":"43","area_km2":421.461},"geometry":{"type":"Polygon","coordinates":[[[-54.2643961,-27.6307719],[-54.2124428,-27.6001584],[-54.2143102,-27.5937882],[-54.1999824,-27.5912239],[-54.1955226,-27.5994499],[-54.2034041,-27.6063652],[-54.196708,-27.6043106],[-54.1878979,-27.6155824],[-54.1688183,-27.611514],[-54.1533623,-27.6227106],[-54.1437817,-27.6193078],[-54.1472249,-27.6266966],[-54.1811377,-27.6220751],[-54.1816022,-27.6406593],[-54.1662131,-27.6311402],[-54.1422762,-27.6428767],[-54.1650339,-27.6448792],[-54.1440685,-27.650674],[-54.165815,-27.6532296],[-54.1759483,-27.6656438],[-54.1709591,-27.6761858],[-54.1635676,-27.6743307],[-54.1690613,-27.7037735],[-54.179189,-27.7203474],[-54.1975726,-27.7309525],[-54.1773208,-27.7460851],[-54.1814466,-27.7555001],[-54.1681764,-27.7616539],[-54.1685577,-27.7698805],[-54.1471342,-27.7592324],[-54.1483331,-27.7395859],[-54.1382473,-27.7459404],[-54.1368226,-27.7589021],[-54.1254383,-27.7508149],[-54.1072766,-27.7568782],[-54.1433802,-27.7744612],[-54.1196053,-27.7815661],[-54.1312333,-27.7860866],[-54.123113,-27.7985564],[-54.1302262,-27.7995781],[-54.1354765,-27.7892908],[-54.1389261,-27.7966061],[-54.1605109,-27.7953081],[-54.17897,-27.8110214],[-54.1926145,-27.8116018],[-54.1928638,-27.802474],[-54.203833,-27.8113027],[-54.2023287,-27.823613],[-54.2600307,-27.8151879],[-54.2781372,-27.821033],[-54.284825,-27.8079767],[-54.2950594,-27.8064404],[-54.3008335,-27.825117],[-54.3118179,-27.832779],[-54.3345575,-27.8202328],[-54.3637124,-27.8418169],[-54.3715455,-27.8298603],[-54.3662152,-27.818944],[-54.3830025,-27.8197377],[-54.3797962,-27.813031],[-54.3673516,-27.8167076],[-54.3669706,-27.809347],[-54.3574518,-27.8104945],[-54.3838365,-27.7939525],[-54.3566341,-27.7742261],[-54.371884,-27.7811415],[-54.3767303,-27.7736314],[-54.3902721,-27.7735153],[-54.3931812,-27.7612157],[-54.4050104,-27.7611797],[-54.3968645,-27.7558747],[-54.4003232,-27.7499523],[-54.3913022,-27.7489277],[-54.4164904,-27.7392483],[-54.4003822,-27.7377789],[-54.4001948,-27.7303636],[-54.4237632,-27.7247591],[-54.4138817,-27.7182701],[-54.4208774,-27.7021359],[-54.3641288,-27.6909915],[-54.324636,-27.6944187],[-54.2866782,-27.6809012],[-54.2643961,-27.6307719]]]}},{"type":"Feature","properties":{"level":"municipio","municipality_code":"4322103","municipality_name":"Tucunduva","uf":"RS","state_code":"43","area_km2":181.198},"geometry":{"type":"Polygon","coordinates":[[[-54.4649716,-27.6766548],[-54.4564281,-27.6676972],[-54.4798,-27.6540002],[-54.4838612,-27.6605212],[-54.4775558,-27.6685906],[-54.4834995,-27.6718502],[-54.496078,-27.6463853],[-54.5181227,-27.6564422],[-54.5197673,-27.6486728],[-54.5066359,-27.6449683],[-54.5246486,-27.6450177],[-54.5303485,-27.6592439],[-54.5418743,-27.6539736],[-54.5215769,-27.6357834],[-54.5249522,-27.6317713],[-54.5666969,-27.6308421],[-54.5471337,-27.6133368],[-54.4926446,-27.6052735],[-54.4441359,-27.5797557],[-54.4485971,-27.5656474],[-54.4239083,-27.5473583],[-54.4158621,-27.5624199],[-54.3987415,-27.5699881],[-54.4090284,-27.5749119],[-54.3936912,-27.583783],[-54.4047724,-27.5907347],[-54.3883675,-27.5921605],[-54.397283,-27.5998226],[-54.3808016,-27.613536],[-54.3893537,-27.6234839],[-54.3722624,-27.6474919],[-54.3245597,-27.6719219],[-54.2847537,-27.6754246],[-54.324636,-27.6944187],[-54.3641288,-27.6909915],[-54.4157977,-27.7055551],[-54.4348995,-27.6975463],[-54.4524655,-27.7160053],[-54.4475077,-27.6933299],[-54.4546471,-27.6894453],[-54.4392884,-27.6929664],[-54.4458993,-27.682473],[-54.4367881,-27.6783943],[-54.4477796,-27.6710083],[-54.460183,-27.6830967],[-54.4649716,-27.6766548]]]}},{"type":"Feature","properties":{"level":"municipio","municipality_code":"4322152","municipality_name":"Tunas","uf":"RS","state_code":"43","area_km2":217.302},"geometry":{"type":"Polygon","coordinates":[[[-52.916107,-29.1922571],[-52.9478849,-29.1764899],[-52.9644583,-29.1539476],[-52.9867533,-29.1568973],[-52.9880203,-29.1425458],[-52.9994526,-29.1389851],[-52.9934342,-29.1369274],[-52.9998769,-29.1180994],[-52.9879677,-29.123439],[-52.9843787,-29.1028977],[-52.9719278,-29.1083339],[-52.974204,-29.096157],[-52.9484302,-29.095796],[-52.9604263,-29.0625922],[-52.9351173,-29.0669839],[-52.9293792,-29.0759534],[-52.9163467,-29.0538501],[-52.9086497,-29.0605529],[-52.8891727,-29.0450497],[-52.8751863,-29.0510822],[-52.8773266,-29.0449773],[-52.856043,-29.0435456],[-52.8471732,-29.0335255],[-52.8402911,-29.0393464],[-52.8356468,-29.0317067],[-52.8116112,-29.0330235],[-52.8146013,-29.0416102],[-52.8033747,-29.0431327],[-52.8168662,-29.083708],[-52.7909725,-29.117126],[-52.8165247,-29.1183498],[-52.8302638,-29.137705],[-52.8406651,-29.1402068],[-52.8838058,-29.205739],[-52.9072463,-29.2029573],[-52.9038558,-29.188169],[-52.916107,-29.1922571]]]}},{"type":"Feature","properties":{"level":"municipio","municipality_code":"4322186","municipality_name":"Tupanci do Sul","uf":"RS","state_code":"43","area_km2":135.664},"geometry":{"type":"Polygon","coordinates":[[[-51.5433812,-27.8756705],[-51.5285985,-27.8596939],[-51.518256,-27.8834873],[-51.4764178,-27.8967275],[-51.4633937,-27.8933106],[-51.4601508,-27.949232],[-51.5055079,-27.9533203],[-51.5257348,-27.98396],[-51.5437442,-27.9908033],[-51.5743331,-27.9878393],[-51.5857356,-27.9742495],[-51.6138267,-27.9698117],[-51.601694,-27.9558216],[-51.6149534,-27.9349807],[-51.6019549,-27.9280848],[-51.5855427,-27.8930643],[-51.5433812,-27.8756705]]]}},{"type":"Feature","properties":{"level":"municipio","municipality_code":"4322202","municipality_name":"Tupanciretã","uf":"RS","state_code":"43","area_km2":2253.234},"geometry":{"type":"Polygon","coordinates":[[[-53.6420941,-29.0274988],[-53.6640827,-29.0583367],[-53.664291,-29.0881781],[-53.6753817,-29.1093253],[-53.6926293,-29.1151617],[-53.7093466,-29.1396363],[-53.7576338,-29.1638912],[-53.7988942,-29.1488209],[-53.8199651,-29.1531238],[-53.8485608,-29.1417624],[-53.8560895,-29.1485625],[-53.8686323,-29.1452417],[-53.8795719,-29.1554317],[-53.8769436,-29.1632831],[-53.8958266,-29.1689632],[-53.8863008,-29.1743101],[-53.8937095,-29.1884628],[-53.9150183,-29.1943749],[-53.9018527,-29.2066196],[-53.9199147,-29.22067],[-53.9340225,-29.2091746],[-53.9342289,-29.1967251],[-53.9409711,-29.2003353],[-53.9421394,-29.1907931],[-53.956598,-29.1848891],[-53.9547163,-29.1737444],[-53.9773797,-29.1462371],[-53.9784951,-29.1299306],[-54.0111686,-29.1196295],[-54.0260135,-29.1030527],[-54.033143,-29.1351323],[-54.0422305,-29.1407478],[-54.0383838,-29.1653659],[-54.0608238,-29.1993267],[-54.0817063,-29.1908862],[-54.1701631,-29.1924378],[-54.1654411,-29.1793338],[-54.2458304,-29.1524589],[-54.2834287,-29.1170433],[-54.2914563,-29.0894002],[-54.2994694,-29.126681],[-54.2929434,-29.1350138],[-54.3044567,-29.1352679],[-54.3071916,-29.1264037],[-54.3502792,-29.1542223],[-54.3336885,-29.1635528],[-54.3427242,-29.1757405],[-54.3272969,-29.1874941],[-54.3664817,-29.1750613],[-54.3658805,-29.1867068],[-54.3763769,-29.1870241],[-54.3842521,-29.1728499],[-54.3977153,-29.1697629],[-54.3962455,-29.1542819],[-54.4103223,-29.1482787],[-54.4072831,-29.135483],[-54.4239026,-29.0927877],[-54.4600334,-29.0696473],[-54.4247039,-29.0305245],[-54.4120229,-29.0352629],[-54.3511012,-28.9729186],[-54.3570987,-28.96107],[-54.3432958,-28.929486],[-54.2924824,-28.9281193],[-54.2655266,-28.9115859],[-54.2266615,-28.9257157],[-54.1915835,-28.8952518],[-54.1492349,-28.8949627],[-54.1348661,-28.882605],[-54.0952653,-28.9049402],[-54.0481768,-28.9117876],[-54.0237492,-28.9039921],[-54.0166015,-28.8938529],[-54.0108332,-28.903436],[-53.964307,-28.9025853],[-53.9529096,-28.8983641],[-53.9591254,-28.8872162],[-53.9550945,-28.8749016],[-53.9376124,-28.8740445],[-53.9420668,-28.8616695],[-53.9298737,-28.8527732],[-53.9251693,-28.8322945],[-53.9013539,-28.824828],[-53.9044921,-28.8096097],[-53.8921838,-28.8118442],[-53.88884,-28.8003553],[-53.8739577,-28.8149112],[-53.8572911,-28.8134892],[-53.8645291,-28.8035979],[-53.8537453,-28.7972014],[-53.8410405,-28.8005609],[-53.8343093,-28.8129021],[-53.8328263,-28.8060822],[-53.8147483,-28.8065527],[-53.8079221,-28.7962006],[-53.7914445,-28.8052745],[-53.7604087,-28.8649503],[-53.7283621,-28.8634857],[-53.7167248,-28.8854477],[-53.6833221,-28.9013159],[-53.6678409,-28.9376785],[-53.6527001,-28.9413079],[-53.6469869,-28.9325459],[-53.6321222,-28.9387189],[-53.6359477,-28.9467303],[-53.6088223,-28.9380207],[-53.5995341,-28.9440672],[-53.5950077,-28.9379672],[-53.5653949,-28.957185],[-53.5648719,-28.9677478],[-53.5765991,-28.9676607],[-53.5851193,-28.9891259],[-53.5958486,-28.9876744],[-53.628534,-29.0344479],[-53.6420941,-29.0274988]]]}},{"type":"Feature","properties":{"level":"municipio","municipality_code":"4322251","municipality_name":"Tupandi","uf":"RS","state_code":"43","area_km2":59.406},"geometry":{"type":"Polygon","coordinates":[[[-51.4052029,-29.5169407],[-51.4371645,-29.5184977],[-51.4716498,-29.4809764],[-51.4548685,-29.4709651],[-51.4579391,-29.452719],[-51.4725995,-29.4382607],[-51.461125,-29.4297692],[-51.4035057,-29.4334766],[-51.4048797,-29.4451374],[-51.3845957,-29.4710393],[-51.4001571,-29.4957512],[-51.3874496,-29.5028297],[-51.396165,-29.5253086],[-51.4052029,-29.5169407]]]}},{"type":"Feature","properties":{"level":"municipio","municipality_code":"4322301","municipality_name":"Tuparendi","uf":"RS","state_code":"43","area_km2":307.71},"geometry":{"type":"Polygon","coordinates":[[[-54.5627766,-27.634999],[-54.5479206,-27.626528],[-54.5249522,-27.6317713],[-54.5215769,-27.6357834],[-54.5418743,-27.6539736],[-54.5303485,-27.6592439],[-54.5246486,-27.6450177],[-54.5066359,-27.6449683],[-54.5197673,-27.6486728],[-54.5181227,-27.6564422],[-54.496078,-27.6463853],[-54.4834995,-27.6718502],[-54.4775558,-27.6685906],[-54.4838612,-27.6605212],[-54.4798,-27.6540002],[-54.4564281,-27.6676972],[-54.4652204,-27.6747932],[-54.4622303,-27.6834725],[-54.4477796,-27.6710083],[-54.4367881,-27.6783943],[-54.4458993,-27.682473],[-54.4392884,-27.6929664],[-54.4546471,-27.6894453],[-54.4475077,-27.6933299],[-54.4556474,-27.7138021],[-54.442797,-27.7067501],[-54.4338981,-27.7142735],[-54.4570441,-27.7836258],[-54.4708058,-27.7907201],[-54.506041,-27.7653859],[-54.5432601,-27.7574328],[-54.5501079,-27.7696654],[-54.5449234,-27.7813996],[-54.5860946,-27.7964993],[-54.6204287,-27.7813999],[-54.616891,-27.7708382],[-54.6372489,-27.7557476],[-54.61373,-27.7506283],[-54.6451814,-27.7469705],[-54.6381868,-27.7328862],[-54.6500217,-27.7230449],[-54.6386475,-27.7158699],[-54.6512931,-27.7119046],[-54.6467172,-27.7038606],[-54.6607733,-27.6973351],[-54.6674097,-27.7019685],[-54.6696427,-27.6859859],[-54.6787434,-27.6853679],[-54.6612034,-27.6730106],[-54.6814799,-27.6663849],[-54.6563437,-27.6589423],[-54.6791603,-27.6486554],[-54.6677628,-27.6456911],[-54.6625217,-27.6542509],[-54.6583086,-27.6452399],[-54.6517274,-27.6617647],[-54.6414746,-27.6622791],[-54.6146269,-27.6399025],[-54.6145152,-27.6311462],[-54.6048155,-27.6296846],[-54.5935913,-27.5982994],[-54.5825131,-27.5892749],[-54.5794751,-27.5999317],[-54.5633001,-27.6032337],[-54.5651996,-27.6144043],[-54.5825915,-27.6229788],[-54.5627766,-27.634999]]]}},{"type":"Feature","properties":{"level":"municipio","municipality_code":"4322327","municipality_name":"Turuçu","uf":"RS","state_code":"43","area_km2":253.635},"geometry":{"type":"Polygon","coordinates":[[[-52.2131992,-31.4773495],[-52.208702,-31.4593786],[-52.2380206,-31.44467],[-52.2954192,-31.4758377],[-52.3014439,-31.4897924],[-52.3087048,-31.4404015],[-52.2790893,-31.4266943],[-52.284639,-31.4200004],[-52.2784654,-31.4057409],[-52.2859531,-31.4002595],[-52.2798136,-31.392079],[-52.2296123,-31.392707],[-52.2230204,-31.3816962],[-52.2056691,-31.3775323],[-52.1814077,-31.383141],[-52.1616372,-31.4030544],[-52.1683405,-31.411233],[-52.1236094,-31.4290139],[-52.1011166,-31.4720692],[-52.0678901,-31.4904251],[-52.0477195,-31.522254],[-52.0337288,-31.5208054],[-52.0329659,-31.5056073],[-52.010236,-31.5009416],[-52.0180778,-31.5479251],[-52.0109422,-31.5941349],[-52.0218289,-31.5963487],[-52.0286565,-31.5876624],[-52.0392722,-31.5928343],[-52.0385119,-31.5771197],[-52.0476425,-31.5725835],[-52.0367836,-31.5696961],[-52.0405537,-31.5598025],[-52.0883384,-31.5498546],[-52.1110711,-31.5544094],[-52.1050159,-31.564377],[-52.1144505,-31.5585889],[-52.1356276,-31.5634465],[-52.1376066,-31.5561583],[-52.1304886,-31.5551104],[-52.1380291,-31.5422571],[-52.1466703,-31.5432987],[-52.1618048,-31.5319342],[-52.1647823,-31.5180262],[-52.1770107,-31.5148044],[-52.1690014,-31.4991316],[-52.1839714,-31.4839377],[-52.2131992,-31.4773495]]]}},{"type":"Feature","properties":{"level":"municipio","municipality_code":"4322343","municipality_name":"Ubiretama","uf":"RS","state_code":"43","area_km2":125.876},"geometry":{"type":"Polygon","coordinates":[[[-54.6657892,-28.0589502],[-54.6912722,-28.0673007],[-54.69361,-28.0538389],[-54.7020451,-28.0700035],[-54.7109014,-28.0674696],[-54.7113085,-28.0573913],[-54.7236176,-28.0635938],[-54.7295011,-28.0559668],[-54.7382225,-28.0585722],[-54.7381379,-28.0069754],[-54.7177721,-28.0136241],[-54.61582,-28.0117481],[-54.6162168,-27.9363517],[-54.5954124,-27.9438137],[-54.5950434,-28.0139762],[-54.5850606,-28.0147177],[-54.5847266,-28.0936657],[-54.6403853,-28.0977547],[-54.6519561,-28.0874435],[-54.6607256,-28.0967063],[-54.6566388,-28.0802802],[-54.6449838,-28.0757958],[-54.6718833,-28.0716939],[-54.6741592,-28.0811643],[-54.6788308,-28.0699245],[-54.6657892,-28.0589502]]]}},{"type":"Feature","properties":{"level":"municipio","municipality_code":"4322376","municipality_name":"Unistalda","uf":"RS","state_code":"43","area_km2":602.26},"geometry":{"type":"Polygon","coordinates":[[[-55.1785825,-28.9427591],[-55.1342063,-28.9452078],[-55.1016718,-28.9551061],[-55.0729945,-28.9318877],[-55.065425,-28.9524832],[-55.0427468,-28.9696147],[-55.0240125,-28.9995411],[-55.0243366,-29.0107081],[-55.0012172,-29.0095307],[-54.9887466,-29.054698],[-55.0287517,-29.0656704],[-55.0414396,-29.1006351],[-55.0669994,-29.1379542],[-55.1065244,-29.1500894],[-55.1040224,-29.1652842],[-55.110248,-29.1749645],[-55.1313224,-29.177165],[-55.1327328,-29.1985754],[-55.1555798,-29.194986],[-55.1624298,-29.2047028],[-55.1755472,-29.1904929],[-55.1809878,-29.2078956],[-55.1903709,-29.2101782],[-55.1959671,-29.2020782],[-55.2062011,-29.2055476],[-55.2015153,-29.1946777],[-55.2096652,-29.1893411],[-55.225241,-29.1967105],[-55.2353891,-29.1880193],[-55.2615442,-29.208294],[-55.3019096,-29.2141174],[-55.3131196,-29.2047791],[-55.299021,-29.2026355],[-55.2956385,-29.1923316],[-55.2788343,-29.1832989],[-55.2834083,-29.1743129],[-55.2678553,-29.142596],[-55.2696285,-29.1202213],[-55.2857428,-29.1045303],[-55.2733457,-29.088313],[-55.2728332,-29.0556341],[-55.2461284,-29.0547919],[-55.2614968,-29.049473],[-55.2790828,-29.0293042],[-55.2793391,-29.0099016],[-55.2931335,-28.991654],[-55.2975208,-28.9677002],[-55.3230407,-28.9586561],[-55.3018303,-28.9548515],[-55.263499,-28.9741153],[-55.2562496,-28.9670312],[-55.226643,-28.9850341],[-55.1977838,-28.9789002],[-55.1969911,-28.9571507],[-55.1785825,-28.9427591]]]}},{"type":"Feature","properties":{"level":"municipio","municipality_code":"4322350","municipality_name":"União da Serra","uf":"RS","state_code":"43","area_km2":131.154},"geometry":{"type":"Polygon","coordinates":[[[-52.0601776,-28.7948433],[-52.066661,-28.7965661],[-52.0747512,-28.7852327],[-52.0686922,-28.7709571],[-52.0794852,-28.7600362],[-52.0685214,-28.747364],[-52.0850748,-28.7308376],[-52.0766729,-28.7291453],[-52.0852563,-28.7144217],[-51.9860635,-28.7068865],[-51.9924965,-28.7471019],[-51.98519,-28.7634487],[-51.958922,-28.7613256],[-51.9561419,-28.821949],[-52.0151803,-28.8254898],[-52.0183911,-28.8341264],[-52.0103192,-28.8362562],[-52.0169593,-28.8419146],[-52.0345143,-28.8340645],[-52.0311669,-28.84372],[-52.0390877,-28.8459333],[-52.066811,-28.8216191],[-52.0593395,-28.8172888],[-52.0655774,-28.8131868],[-52.0601776,-28.7948433]]]}},{"type":"Feature","properties":{"level":"municipio","municipality_code":"4322400","municipality_name":"Uruguaiana","uf":"RS","state_code":"43","area_km2":5702.098},"geometry":{"type":"Polygon","coordinates":[[[-57.1361698,-30.0644926],[-57.1624254,-30.0598446],[-57.1700531,-30.0463227],[-57.2311986,-30.0188194],[-57.2274871,-30.014255],[-57.2432572,-30.0046962],[-57.2565383,-29.9718452],[-57.2712005,-29.9669749],[-57.2804544,-29.9531015],[-57.3111342,-29.9498577],[-57.3281268,-29.9719449],[-57.3245789,-29.8728178],[-57.2821785,-29.8172883],[-57.2354002,-29.7807884],[-57.172021,-29.7806849],[-57.1319054,-29.7701601],[-57.0997221,-29.7483201],[-57.0269811,-29.6894351],[-57.0009237,-29.6519146],[-56.9711484,-29.6434064],[-56.971398,-29.6102842],[-56.9587509,-29.589628],[-56.9019617,-29.5338167],[-56.8220924,-29.4900248],[-56.7969515,-29.4490669],[-56.7795004,-29.4373726],[-56.7799557,-29.4199553],[-56.7031138,-29.4001867],[-56.681912,-29.406572],[-56.6712204,-29.4255133],[-56.6256488,-29.4264332],[-56.6272219,-29.4411654],[-56.6085096,-29.4441245],[-56.6146935,-29.4487128],[-56.6130257,-29.4553603],[-56.6096513,-29.4521145],[-56.6045857,-29.4524382],[-56.6080105,-29.4583052],[-56.5757749,-29.4408939],[-56.5747789,-29.4520726],[-56.5591353,-29.4476987],[-56.5362589,-29.4542687],[-56.5176373,-29.4779422],[-56.4988987,-29.4659271],[-56.4699857,-29.4701429],[-56.4740563,-29.4847593],[-56.4630201,-29.4828989],[-56.458354,-29.4912586],[-56.4682492,-29.5046376],[-56.4671305,-29.531777],[-56.4223177,-29.5398211],[-56.4038314,-29.5766999],[-56.3718677,-29.5955801],[-56.3833212,-29.6083638],[-56.3774671,-29.616929],[-56.3829126,-29.6257948],[-56.367552,-29.6372262],[-56.3702426,-29.6553385],[-56.3617028,-29.6701308],[-56.3979728,-29.6910792],[-56.4014728,-29.7050495],[-56.3948203,-29.7223624],[-56.3713085,-29.7443847],[-56.3662642,-29.7838224],[-56.3721669,-29.8098308],[-56.3636631,-29.8342325],[-56.3510142,-29.8486271],[-56.3056913,-29.867367],[-56.306785,-29.8812366],[-56.2806646,-29.929108],[-56.2472863,-29.9581241],[-56.243767,-29.9777909],[-56.18459,-30.0014125],[-56.155563,-30.0325728],[-56.1502679,-30.0550117],[-56.1818171,-30.0859448],[-56.2309885,-30.0917593],[-56.2783615,-30.1141213],[-56.3426142,-30.1205534],[-56.3584681,-30.1130481],[-56.4059997,-30.1162783],[-56.4336867,-30.1248683],[-56.4396121,-30.1369219],[-56.4821924,-30.1504426],[-56.5036723,-30.1480558],[-56.5127615,-30.1590121],[-56.5467672,-30.1343041],[-56.5621134,-30.145561],[-56.5942456,-30.1457976],[-56.6139743,-30.1584159],[-56.6252311,-30.1830125],[-56.6508969,-30.1883921],[-56.6581046,-30.2012909],[-56.6819477,-30.1944971],[-56.6962503,-30.2050544],[-56.7083946,-30.1881321],[-56.7056484,-30.1760638],[-56.7198952,-30.1797295],[-56.7582143,-30.1608458],[-56.7778652,-30.1624474],[-56.7840054,-30.1511656],[-56.780271,-30.1266304],[-56.7994498,-30.1222997],[-56.8063679,-30.1044472],[-56.8168307,-30.1073478],[-56.8335846,-30.0923022],[-56.8706915,-30.0939355],[-56.8745412,-30.0862486],[-56.886046,-30.0874285],[-56.9053822,-30.11347],[-56.9054071,-30.107654],[-56.9153754,-30.1102176],[-56.9113271,-30.1015091],[-56.9177737,-30.0962017],[-56.9555809,-30.1011449],[-56.9934426,-30.0857118],[-57.0238981,-30.0875422],[-57.0313321,-30.1021438],[-57.044805,-30.1057389],[-57.0678405,-30.1012093],[-57.06136,-30.0885203],[-57.0690808,-30.085575],[-57.0872345,-30.1010434],[-57.0921269,-30.1127142],[-57.0847578,-30.1145496],[-57.0935583,-30.121702],[-57.0953444,-30.1150436],[-57.1213958,-30.1092431],[-57.13402,-30.0882987],[-57.1361698,-30.0644926]]]}},{"type":"Feature","properties":{"level":"municipio","municipality_code":"4322509","municipality_name":"Vacaria","uf":"RS","state_code":"43","area_km2":2124.492},"geometry":{"type":"Polygon","coordinates":[[[-50.7861386,-28.558229],[-50.8284938,-28.5533209],[-50.8482193,-28.56321],[-50.8638568,-28.5734962],[-50.8711391,-28.6086806],[-50.8904608,-28.6099703],[-50.8989147,-28.6189306],[-50.8893164,-28.6312886],[-50.9029137,-28.6392495],[-50.9024945,-28.6517302],[-50.9131976,-28.6650191],[-50.8954377,-28.6821425],[-50.9031481,-28.6931846],[-50.8891584,-28.7069085],[-50.8967505,-28.7151597],[-50.9058853,-28.7113316],[-50.903012,-28.7319684],[-50.9119013,-28.7293244],[-50.8993567,-28.7389565],[-50.91063,-28.7390151],[-50.9101559,-28.7449248],[-50.9280558,-28.7409273],[-50.9227431,-28.7555102],[-50.9425598,-28.7617964],[-50.9400265,-28.7714174],[-50.9548656,-28.7782564],[-50.9425452,-28.7858518],[-50.958394,-28.7902523],[-50.968052,-28.7892661],[-50.9648797,-28.7779601],[-50.9784098,-28.7812845],[-50.9782709,-28.7488655],[-50.9714665,-28.7432006],[-50.9925207,-28.7437212],[-50.9969055,-28.7266733],[-51.0094497,-28.7181438],[-50.9994454,-28.7197624],[-51.0024922,-28.6951212],[-51.0124718,-28.6961558],[-51.0206227,-28.682929],[-51.0022319,-28.6775272],[-51.0083386,-28.6685858],[-50.9997541,-28.6651834],[-51.0174397,-28.6544192],[-51.0094318,-28.6439817],[-51.0206769,-28.6389826],[-51.0254179,-28.6237953],[-51.043052,-28.6188156],[-51.076768,-28.6242935],[-51.0787518,-28.605666],[-51.1175834,-28.555721],[-51.1347097,-28.5686946],[-51.1428942,-28.5552178],[-51.1536179,-28.563626],[-51.1448634,-28.5175162],[-51.1229816,-28.5069986],[-51.1330603,-28.4928756],[-51.1548243,-28.4881044],[-51.1592529,-28.4778419],[-51.101712,-28.4587531],[-51.0668038,-28.4622236],[-51.1028283,-28.408411],[-51.085545,-28.4152569],[-51.0630261,-28.4005786],[-51.0489003,-28.4067818],[-51.0560257,-28.3909828],[-51.0375118,-28.3764187],[-51.0349626,-28.35969],[-51.0410707,-28.3636573],[-51.0490163,-28.3568487],[-51.0512595,-28.3329508],[-51.0676853,-28.3154947],[-51.0855537,-28.3143686],[-51.0646647,-28.2851805],[-51.0616839,-28.2665952],[-51.0619004,-28.2538799],[-51.0812888,-28.2329142],[-51.0380678,-28.2277055],[-51.0095163,-28.2044676],[-51.0403245,-28.2054254],[-51.0624851,-28.1837716],[-51.0608014,-28.1722598],[-51.0455934,-28.1670232],[-51.043502,-28.1327324],[-51.0335204,-28.1277849],[-51.0395279,-28.1100335],[-51.0354064,-28.0811151],[-51.0429929,-28.0665073],[-51.0271541,-28.058384],[-51.0344346,-28.0488175],[-51.026728,-28.0426324],[-51.0330437,-28.0284428],[-51.038487,-28.0338224],[-51.0411527,-28.0281938],[-51.0179231,-28.0223054],[-51.0112733,-28.0027083],[-50.9904047,-27.9949193],[-51.0023421,-27.9667825],[-50.9860045,-27.9405029],[-50.9470437,-27.9672425],[-50.9256814,-27.9693888],[-50.9232384,-28.0119878],[-50.8923361,-28.021156],[-50.8753996,-28.0401999],[-50.8813874,-28.0672564],[-50.9039363,-28.0858444],[-50.8759188,-28.0950754],[-50.8687926,-28.111452],[-50.8719685,-28.13742],[-50.858991,-28.1397055],[-50.8324004,-28.1175082],[-50.8198356,-28.1404485],[-50.7861051,-28.1417247],[-50.7927077,-28.1578468],[-50.782816,-28.175983],[-50.7894101,-28.1972183],[-50.7807726,-28.200995],[-50.7621415,-28.1914253],[-50.7478607,-28.2547351],[-50.7622789,-28.2624056],[-50.7435783,-28.2727872],[-50.7581409,-28.2754564],[-50.7645491,-28.2894458],[-50.7425184,-28.2946626],[-50.741867,-28.3040184],[-50.7316111,-28.300309],[-50.738745,-28.3220888],[-50.7116752,-28.3313295],[-50.722989,-28.3380994],[-50.7079463,-28.3687105],[-50.7222752,-28.3905084],[-50.7190106,-28.4088584],[-50.7096101,-28.4122234],[-50.7184215,-28.4239461],[-50.7109896,-28.4324781],[-50.7191263,-28.4342898],[-50.7207996,-28.4477001],[-50.7288072,-28.4471111],[-50.7208799,-28.4638812],[-50.7380535,-28.4697568],[-50.7268983,-28.4777486],[-50.7264453,-28.5006276],[-50.7382127,-28.5103706],[-50.7401414,-28.5516649],[-50.7266058,-28.5997567],[-50.7671724,-28.5881257],[-50.7861386,-28.558229]]]}},{"type":"Feature","properties":{"level":"municipio","municipality_code":"4322541","municipality_name":"Vale Real","uf":"RS","state_code":"43","area_km2":45.085},"geometry":{"type":"Polygon","coordinates":[[[-51.2235328,-29.3748898],[-51.2210631,-29.3866928],[-51.232295,-29.3907176],[-51.2313479,-29.3974908],[-51.2558168,-29.4021765],[-51.2644786,-29.4186462],[-51.2805206,-29.4185497],[-51.2740689,-29.4009585],[-51.2819464,-29.3721428],[-51.260249,-29.3507124],[-51.2393836,-29.3543562],[-51.2581528,-29.3198285],[-51.2697027,-29.3128238],[-51.2598808,-29.3088475],[-51.276909,-29.304195],[-51.2784261,-29.2949424],[-51.2627447,-29.295138],[-51.2165229,-29.3366523],[-51.2374676,-29.3416477],[-51.2241561,-29.3465506],[-51.2076597,-29.3689106],[-51.2235328,-29.3748898]]]}},{"type":"Feature","properties":{"level":"municipio","municipality_code":"4322525","municipality_name":"Vale Verde","uf":"RS","state_code":"43","area_km2":329.727},"geometry":{"type":"Polygon","coordinates":[[[-52.1842271,-29.8793732],[-52.1866957,-29.8526815],[-52.1747044,-29.8399116],[-52.1771205,-29.8271128],[-52.204266,-29.8096458],[-52.2125736,-29.7897506],[-52.2326122,-29.7754008],[-52.1856379,-29.7576135],[-52.1792771,-29.7680432],[-52.1418867,-29.7531752],[-52.1359318,-29.734067],[-52.1183737,-29.722987],[-52.0580302,-29.7262763],[-52.0374171,-29.7037711],[-52.0143986,-29.7361143],[-52.0586648,-29.8142554],[-52.0516746,-29.8435387],[-52.0379249,-29.8584295],[-52.0508988,-29.8657814],[-52.0421498,-29.8927309],[-52.054666,-29.9228529],[-52.015815,-29.9327923],[-52.0277611,-29.9444753],[-52.0265273,-29.9547513],[-52.0330779,-29.9572607],[-52.0681456,-29.9320632],[-52.0836922,-29.9456264],[-52.1008813,-29.9471379],[-52.1288613,-29.9271297],[-52.186661,-29.9303117],[-52.1955421,-29.9039533],[-52.1842271,-29.8793732]]]}},{"type":"Feature","properties":{"level":"municipio","municipality_code":"4322533","municipality_name":"Vale do Sol","uf":"RS","state_code":"43","area_km2":329.389},"geometry":{"type":"Polygon","coordinates":[[[-52.6650408,-29.7082993],[-52.6919262,-29.7131931],[-52.702691,-29.697869],[-52.7109923,-29.6978499],[-52.7074846,-29.6650948],[-52.7415594,-29.6500456],[-52.7337666,-29.6135409],[-52.7644786,-29.6027569],[-52.772056,-29.5803653],[-52.7421847,-29.577505],[-52.7511239,-29.5734868],[-52.7363345,-29.5473292],[-52.7506937,-29.5037389],[-52.7982042,-29.4955049],[-52.7709171,-29.4401349],[-52.7272301,-29.4318938],[-52.6892198,-29.4527773],[-52.6880584,-29.4640972],[-52.6736992,-29.4719573],[-52.6822287,-29.4848837],[-52.6828121,-29.5061489],[-52.6766337,-29.5076171],[-52.6826511,-29.5263446],[-52.6684916,-29.5340398],[-52.6440087,-29.5202163],[-52.6330842,-29.5303343],[-52.6176784,-29.5234696],[-52.6234344,-29.5445387],[-52.6074006,-29.5485389],[-52.6194198,-29.5533163],[-52.6223854,-29.6063708],[-52.6142616,-29.6535599],[-52.6268684,-29.6534854],[-52.6183068,-29.6586814],[-52.6228117,-29.6727762],[-52.6065377,-29.6796922],[-52.5953005,-29.6959008],[-52.6061543,-29.7091143],[-52.5992895,-29.737941],[-52.6496924,-29.7209009],[-52.6650408,-29.7082993]]]}},{"type":"Feature","properties":{"level":"municipio","municipality_code":"4322558","municipality_name":"Vanini","uf":"RS","state_code":"43","area_km2":64.905},"geometry":{"type":"Polygon","coordinates":[[[-51.8248447,-28.5211553],[-51.8762617,-28.5058495],[-51.876192,-28.4902544],[-51.9124039,-28.4843496],[-51.9149509,-28.4756891],[-51.8988756,-28.4761309],[-51.9057719,-28.4645747],[-51.8602934,-28.4572893],[-51.8167968,-28.4714086],[-51.7940127,-28.4651118],[-51.7811956,-28.478508],[-51.7758565,-28.4754347],[-51.7809471,-28.4854952],[-51.7738504,-28.4933686],[-51.790343,-28.4879644],[-51.7881605,-28.5006126],[-51.7783703,-28.5045098],[-51.7859896,-28.5220059],[-51.795556,-28.523276],[-51.7866952,-28.5314244],[-51.8028121,-28.5377461],[-51.8098237,-28.5331029],[-51.8031173,-28.5272773],[-51.825017,-28.527745],[-51.8248447,-28.5211553]]]}},{"type":"Feature","properties":{"level":"municipio","municipality_code":"4322608","municipality_name":"Venâncio Aires","uf":"RS","state_code":"43","area_km2":772.701},"geometry":{"type":"Polygon","coordinates":[[[-52.1774796,-29.6726502],[-52.2204637,-29.6701748],[-52.2438553,-29.6969555],[-52.2601,-29.7023803],[-52.2720109,-29.6980797],[-52.2808697,-29.6822199],[-52.3144495,-29.6657776],[-52.3247957,-29.5644075],[-52.334726,-29.5510037],[-52.3316537,-29.5165694],[-52.3478772,-29.504938],[-52.3509307,-29.4729566],[-52.3579798,-29.4697178],[-52.3526375,-29.4438284],[-52.3604056,-29.4358754],[-52.3530106,-29.4289158],[-52.3859235,-29.3759646],[-52.4345115,-29.3765617],[-52.4600362,-29.384663],[-52.4599209,-29.3661397],[-52.4481628,-29.349861],[-52.4306298,-29.3408253],[-52.4188392,-29.3438757],[-52.4013197,-29.3660665],[-52.384245,-29.3526835],[-52.3676943,-29.3723277],[-52.3508953,-29.3700989],[-52.3376211,-29.3872917],[-52.3023086,-29.3978607],[-52.3016254,-29.4083958],[-52.2739275,-29.4200756],[-52.2367512,-29.456381],[-52.2022536,-29.4579013],[-52.178402,-29.4756611],[-52.1558007,-29.4769022],[-52.1563034,-29.5003731],[-52.1799982,-29.5039372],[-52.1682808,-29.5166049],[-52.167518,-29.5455352],[-52.1482231,-29.5644975],[-52.1282805,-29.5531622],[-52.1115728,-29.5614316],[-52.1011849,-29.5485479],[-52.0818836,-29.553042],[-52.0820108,-29.5623661],[-52.0443019,-29.5841891],[-52.0328551,-29.5954905],[-52.032504,-29.6097986],[-52.0155777,-29.6222932],[-52.0005157,-29.6240407],[-51.992387,-29.6142308],[-51.9931841,-29.6294961],[-51.981225,-29.624557],[-51.9698612,-29.6336446],[-51.9823025,-29.6605489],[-51.9448131,-29.7331776],[-51.9429791,-29.7586468],[-51.9609782,-29.7643246],[-51.9610323,-29.7360121],[-52.0013539,-29.7235843],[-52.0069957,-29.7055464],[-52.0360884,-29.7024248],[-52.0580302,-29.7262763],[-52.0826834,-29.7199363],[-52.1220699,-29.7238376],[-52.1566822,-29.7053461],[-52.1774796,-29.6726502]]]}},{"type":"Feature","properties":{"level":"municipio","municipality_code":"4322707","municipality_name":"Vera Cruz","uf":"RS","state_code":"43","area_km2":309.994},"geometry":{"type":"Polygon","coordinates":[[[-52.5507517,-29.8282076],[-52.5524163,-29.8040979],[-52.5646297,-29.806679],[-52.5702895,-29.7954719],[-52.5810776,-29.7936741],[-52.5741721,-29.7707651],[-52.578856,-29.7483956],[-52.5991642,-29.7399647],[-52.6061543,-29.7091143],[-52.5953005,-29.6959008],[-52.6065377,-29.6796922],[-52.6228117,-29.6727762],[-52.6183068,-29.6586814],[-52.6268684,-29.6534854],[-52.6142616,-29.6535599],[-52.6205213,-29.5807621],[-52.5642515,-29.5839249],[-52.5639736,-29.59903],[-52.5307855,-29.5993497],[-52.5311484,-29.621174],[-52.5104655,-29.6217976],[-52.5006457,-29.6426186],[-52.4897422,-29.6427601],[-52.485523,-29.6653212],[-52.4633461,-29.6671694],[-52.4716934,-29.6941475],[-52.4627681,-29.7155988],[-52.465944,-29.730363],[-52.4559928,-29.7336043],[-52.4754185,-29.7505647],[-52.4879202,-29.8102661],[-52.4786551,-29.8120205],[-52.4784046,-29.8307424],[-52.4639631,-29.8401062],[-52.4739755,-29.8485302],[-52.474191,-29.8731426],[-52.5059383,-29.8764731],[-52.510643,-29.8640991],[-52.5035539,-29.8486089],[-52.5105439,-29.8458205],[-52.5042995,-29.839972],[-52.5507517,-29.8282076]]]}},{"type":"Feature","properties":{"level":"municipio","municipality_code":"4322806","municipality_name":"Veranópolis","uf":"RS","state_code":"43","area_km2":289.397},"geometry":{"type":"Polygon","coordinates":[[[-51.5709032,-29.0473284],[-51.6014721,-29.0460855],[-51.6026524,-29.0646571],[-51.6171244,-29.042544],[-51.6348142,-29.041865],[-51.6225857,-29.0158431],[-51.6164306,-28.9732801],[-51.629837,-28.9467686],[-51.6274651,-28.9275395],[-51.6937005,-28.9317813],[-51.6691441,-28.9111347],[-51.6459904,-28.9102498],[-51.6493938,-28.8911279],[-51.6347208,-28.8794748],[-51.6231453,-28.8863967],[-51.5835276,-28.8863238],[-51.5770494,-28.8976633],[-51.5594101,-28.8918251],[-51.5594574,-28.8798094],[-51.5342477,-28.8788629],[-51.5330207,-28.8872209],[-51.4559036,-28.8864449],[-51.470786,-28.8956986],[-51.4657183,-28.9045308],[-51.4730968,-28.9160017],[-51.4621843,-28.9292691],[-51.4682475,-28.9365092],[-51.4404552,-28.9417626],[-51.4490598,-28.9519632],[-51.4669845,-28.9481279],[-51.4708462,-28.9677941],[-51.452381,-28.9766291],[-51.4747296,-28.987929],[-51.4548314,-29.0024334],[-51.478166,-29.0101447],[-51.4866809,-29.0330734],[-51.5122271,-29.0246848],[-51.5218098,-29.0329609],[-51.519785,-29.0448142],[-51.4979652,-29.0548777],[-51.5035369,-29.0814642],[-51.5198245,-29.07923],[-51.5348637,-29.0580117],[-51.5557874,-29.0517846],[-51.5366084,-29.0183465],[-51.5546019,-29.0162046],[-51.5709032,-29.0473284]]]}},{"type":"Feature","properties":{"level":"municipio","municipality_code":"4322855","municipality_name":"Vespasiano Corrêa","uf":"RS","state_code":"43","area_km2":113.622},"geometry":{"type":"Polygon","coordinates":[[[-51.8083994,-29.0817241],[-51.7796343,-29.094241],[-51.8007802,-29.1158363],[-51.8292316,-29.1152977],[-51.8307504,-29.096832],[-51.8604653,-29.0971277],[-51.8626801,-29.1162298],[-51.8936734,-29.1164422],[-51.8938089,-29.1067156],[-51.9281562,-29.0956666],[-51.9263434,-29.0683879],[-51.9177372,-29.0622543],[-51.9132693,-29.0416651],[-51.918325,-29.0228589],[-51.852305,-29.0168473],[-51.8516041,-29.0258081],[-51.8140991,-29.0145116],[-51.805329,-29.0457027],[-51.8090373,-29.0643013],[-51.8035971,-29.065448],[-51.8083994,-29.0817241]]]}},{"type":"Feature","properties":{"level":"municipio","municipality_code":"4322905","municipality_name":"Viadutos","uf":"RS","state_code":"43","area_km2":266.67},"geometry":{"type":"Polygon","coordinates":[[[-52.0077407,-27.6350881],[-52.0083381,-27.6495482],[-52.0339914,-27.6392237],[-52.0412028,-27.6455164],[-52.0411224,-27.5951028],[-52.069216,-27.5853211],[-52.0542179,-27.5425288],[-52.0768287,-27.534429],[-52.0761695,-27.5189934],[-52.088764,-27.5188034],[-52.0741655,-27.5131045],[-52.0887963,-27.5076832],[-52.0750483,-27.5047223],[-52.0799959,-27.4963259],[-52.0670312,-27.4917269],[-52.066648,-27.4539183],[-52.0288067,-27.4545303],[-52.0297512,-27.4359381],[-52.020079,-27.43229],[-51.9944547,-27.4567935],[-51.9980532,-27.4871483],[-51.9885069,-27.4868005],[-51.9885821,-27.4997],[-51.956369,-27.5123664],[-51.9556294,-27.5231311],[-51.9758444,-27.546663],[-51.9671178,-27.5635971],[-51.9750378,-27.5771991],[-51.9486607,-27.5883617],[-51.9370692,-27.5788913],[-51.9073378,-27.5955393],[-51.8985696,-27.594494],[-51.9002023,-27.5834006],[-51.8922234,-27.5789311],[-51.8828248,-27.5922248],[-51.9003404,-27.6036336],[-51.8868606,-27.624315],[-51.8728514,-27.621905],[-51.8686572,-27.6282691],[-51.8917082,-27.6349623],[-51.8712641,-27.6605248],[-51.8983221,-27.6469799],[-51.89607,-27.6521199],[-51.9107831,-27.6502935],[-51.9743159,-27.6724643],[-51.9817151,-27.7203339],[-52.00126,-27.6944669],[-51.9871315,-27.6390909],[-52.0077407,-27.6350881]]]}},{"type":"Feature","properties":{"level":"municipio","municipality_code":"4323002","municipality_name":"Viamão","uf":"RS","state_code":"43","area_km2":1496.019},"geometry":{"type":"Polygon","coordinates":[[[-51.0551332,-30.1887267],[-51.0784254,-30.1782949],[-51.0855724,-30.1431151],[-51.0986377,-30.128679],[-51.096313,-30.1148586],[-51.1115236,-30.1043623],[-51.1176828,-30.0787621],[-51.1090849,-30.0782432],[-51.1221384,-30.0557761],[-51.0835579,-30.0456753],[-51.0513404,-30.0502348],[-51.0542094,-30.0285074],[-51.0336368,-30.0233482],[-51.0396697,-30.0065487],[-50.9731837,-29.9950439],[-50.9621891,-29.9898954],[-50.950467,-29.9662712],[-50.9200608,-30.0001905],[-50.8662956,-30.0158943],[-50.8276221,-29.999826],[-50.7178536,-29.978934],[-50.7136565,-30.0111217],[-50.7005504,-30.0179743],[-50.7004879,-30.0339986],[-50.6840888,-30.0415897],[-50.684542,-30.0515492],[-50.6526719,-30.0378123],[-50.6580639,-30.0467255],[-50.6534678,-30.058672],[-50.6356152,-30.0554778],[-50.6214937,-30.1198739],[-50.6208196,-30.1984063],[-50.6515924,-30.1951137],[-50.6640739,-30.222003],[-50.6688927,-30.2548818],[-50.6561419,-30.2859811],[-50.6732441,-30.2966408],[-50.7215007,-30.2993166],[-50.7636961,-30.2913965],[-50.7720218,-30.2966179],[-50.7730758,-30.2886696],[-50.7847283,-30.2850109],[-50.7928198,-30.3263833],[-50.7889009,-30.3333682],[-50.7837842,-30.324504],[-50.7734985,-30.3322036],[-50.79698,-30.3383821],[-50.844017,-30.3207571],[-50.9012464,-30.322106],[-50.9221208,-30.3321714],[-50.9345528,-30.3555655],[-50.9376096,-30.4068671],[-50.9271728,-30.4338257],[-50.9026348,-30.443779],[-50.930037,-30.4357706],[-51.0130056,-30.3896626],[-51.038672,-30.3860845],[-51.053075,-30.3924235],[-51.0595929,-30.3855848],[-51.0474,-30.381496],[-51.0412947,-30.3663749],[-51.0680822,-30.3535435],[-51.034198,-30.3370332],[-51.029674,-30.3272444],[-51.0402432,-30.3252157],[-51.0257898,-30.3212977],[-51.0198014,-30.2965085],[-51.0348182,-30.2716372],[-51.0484225,-30.2679247],[-51.059211,-30.2767105],[-51.0694743,-30.2692346],[-51.0535323,-30.2597056],[-51.0581474,-30.2395229],[-51.047338,-30.2231175],[-51.0114152,-30.1962631],[-51.0422145,-30.1842894],[-51.0551332,-30.1887267]]]}},{"type":"Feature","properties":{"level":"municipio","municipality_code":"4323101","municipality_name":"Vicente Dutra","uf":"RS","state_code":"43","area_km2":193.023},"geometry":{"type":"Polygon","coordinates":[[[-53.412082,-27.2228057],[-53.4302649,-27.2217085],[-53.4471025,-27.1998123],[-53.4881673,-27.1937732],[-53.5075526,-27.1537526],[-53.50556,-27.136894],[-53.4820097,-27.1349544],[-53.4576158,-27.1571519],[-53.4179383,-27.1444445],[-53.4036128,-27.1331154],[-53.3840414,-27.0970018],[-53.3719212,-27.0911147],[-53.3481408,-27.1200225],[-53.3151035,-27.1190399],[-53.2973424,-27.1307878],[-53.2959829,-27.1515375],[-53.3273264,-27.2213792],[-53.336289,-27.2232658],[-53.3302503,-27.2363548],[-53.3948188,-27.2385754],[-53.412082,-27.2228057]]]}},{"type":"Feature","properties":{"level":"municipio","municipality_code":"4323200","municipality_name":"Victor Graeff","uf":"RS","state_code":"43","area_km2":238.133},"geometry":{"type":"Polygon","coordinates":[[[-52.6636493,-28.4579737],[-52.6634786,-28.4506888],[-52.6386107,-28.4332614],[-52.6421623,-28.4234163],[-52.6313205,-28.4291719],[-52.6325957,-28.4146182],[-52.6222752,-28.4040301],[-52.5896359,-28.4266643],[-52.5981304,-28.4556501],[-52.6094985,-28.4602721],[-52.6078991,-28.4711295],[-52.6146834,-28.4730491],[-52.6116834,-28.4847411],[-52.6227703,-28.4905366],[-52.6202518,-28.523881],[-52.6266574,-28.5264588],[-52.6330603,-28.5174734],[-52.6505553,-28.5394507],[-52.636346,-28.5523378],[-52.6360805,-28.5867126],[-52.646634,-28.6064942],[-52.658692,-28.6120738],[-52.6641361,-28.606416],[-52.6687812,-28.6341469],[-52.7102016,-28.6324336],[-52.6981916,-28.6519759],[-52.7087454,-28.6560518],[-52.6948987,-28.6587528],[-52.6965264,-28.6675076],[-52.7033661,-28.6586672],[-52.7065732,-28.6682517],[-52.7210849,-28.6659645],[-52.725947,-28.6720115],[-52.7089167,-28.6860573],[-52.7107995,-28.692403],[-52.721496,-28.6851933],[-52.740165,-28.6880342],[-52.7441825,-28.6798006],[-52.7301892,-28.6799615],[-52.7311061,-28.6726572],[-52.7482598,-28.6661264],[-52.7573664,-28.6712208],[-52.7689713,-28.6545249],[-52.7692486,-28.6475987],[-52.7643526,-28.6532261],[-52.7627338,-28.6436835],[-52.7515472,-28.6401978],[-52.7638887,-28.6365191],[-52.7652981,-28.614491],[-52.7467001,-28.5899843],[-52.7658924,-28.5831513],[-52.7611515,-28.5728296],[-52.7695668,-28.5718776],[-52.7572086,-28.557378],[-52.76297,-28.5447658],[-52.7521284,-28.5433991],[-52.7461904,-28.5550402],[-52.746154,-28.5427558],[-52.7234843,-28.5563398],[-52.7212657,-28.5509185],[-52.7362382,-28.5424564],[-52.7227024,-28.5366163],[-52.7323839,-28.5300598],[-52.7179119,-28.5207606],[-52.7290835,-28.5133793],[-52.7251572,-28.5070281],[-52.7119724,-28.5108076],[-52.7193644,-28.4961818],[-52.7068543,-28.4887774],[-52.7006658,-28.5057082],[-52.6857121,-28.5111967],[-52.6905785,-28.4960962],[-52.6845818,-28.491716],[-52.7000364,-28.4860501],[-52.6851769,-28.4844151],[-52.6976842,-28.4803105],[-52.6843198,-28.4752831],[-52.6853033,-28.4667797],[-52.6936029,-28.4707047],[-52.6885946,-28.4613921],[-52.6636493,-28.4579737]]]}},{"type":"Feature","properties":{"level":"municipio","municipality_code":"4323309","municipality_name":"Vila Flores","uf":"RS","state_code":"43","area_km2":107.703},"geometry":{"type":"Polygon","coordinates":[[[-51.6671822,-28.8348385],[-51.4937395,-28.8236352],[-51.4789691,-28.8490102],[-51.4653195,-28.850772],[-51.4470705,-28.8697512],[-51.4587368,-28.8793959],[-51.4559036,-28.8864449],[-51.5330207,-28.8872209],[-51.5342477,-28.8788629],[-51.5594574,-28.8798094],[-51.5594101,-28.8918251],[-51.5770494,-28.8976633],[-51.5835276,-28.8863238],[-51.6207779,-28.886391],[-51.6204347,-28.8728854],[-51.6497202,-28.8726305],[-51.6509928,-28.8449498],[-51.6671822,-28.8348385]]]}},{"type":"Feature","properties":{"level":"municipio","municipality_code":"4323358","municipality_name":"Vila Lângaro","uf":"RS","state_code":"43","area_km2":151.673},"geometry":{"type":"Polygon","coordinates":[[[-52.1714852,-28.147096],[-52.1820923,-28.1299132],[-52.1732464,-28.1248468],[-52.1887171,-28.1077073],[-52.1720466,-28.1035215],[-52.1870915,-28.0899252],[-52.1718326,-28.0878095],[-52.1645838,-28.0735949],[-52.1534588,-28.0755025],[-52.160483,-28.0574376],[-52.1496382,-28.0581678],[-52.1456813,-28.0467562],[-52.1385282,-28.0471168],[-52.1395458,-28.0315496],[-52.1127927,-28.0218798],[-52.1024017,-28.0294442],[-52.1044196,-28.0374465],[-52.0902851,-28.0370127],[-52.0884326,-28.0442162],[-52.0986576,-28.0510335],[-52.0846234,-28.0553399],[-52.0822652,-28.0638867],[-52.0939631,-28.0693546],[-52.0930931,-28.0803632],[-52.1001026,-28.0837891],[-52.0845724,-28.0859728],[-52.0946754,-28.094822],[-52.0832595,-28.0998419],[-52.0919643,-28.1029355],[-52.0844127,-28.1050512],[-52.0895612,-28.1138596],[-52.1030848,-28.1158],[-52.0828248,-28.1194143],[-52.1032917,-28.1409911],[-52.1001711,-28.1515889],[-52.1159299,-28.1606718],[-52.0997855,-28.165103],[-52.1244007,-28.1828702],[-52.1685147,-28.1890487],[-52.1671016,-28.2069797],[-52.1438017,-28.2272002],[-52.1365911,-28.239407],[-52.1411385,-28.2429282],[-52.1694313,-28.233951],[-52.174651,-28.2395625],[-52.1943169,-28.2224935],[-52.1994443,-28.2034647],[-52.216639,-28.1926657],[-52.2040379,-28.1869892],[-52.2026459,-28.1740481],[-52.190428,-28.1733602],[-52.1894137,-28.1467458],[-52.1714852,-28.147096]]]}},{"type":"Feature","properties":{"level":"municipio","municipality_code":"4323408","municipality_name":"Vila Maria","uf":"RS","state_code":"43","area_km2":181.061},"geometry":{"type":"Polygon","coordinates":[[[-52.1349985,-28.627784],[-52.1302568,-28.6145816],[-52.1434818,-28.6166016],[-52.1582098,-28.6021426],[-52.1690407,-28.610192],[-52.1783935,-28.6033686],[-52.1678392,-28.5696282],[-52.1772946,-28.570101],[-52.1812266,-28.5617421],[-52.1898134,-28.5690913],[-52.1925572,-28.5644706],[-52.1957293,-28.5737326],[-52.2013347,-28.5569405],[-52.2354139,-28.5484013],[-52.2345855,-28.5371012],[-52.2443181,-28.5347439],[-52.2374948,-28.5275807],[-52.2548601,-28.5201922],[-52.2431962,-28.5179185],[-52.2416257,-28.500988],[-52.220123,-28.5020586],[-52.2293539,-28.4861341],[-52.2117407,-28.4827645],[-52.1860025,-28.4996078],[-52.1648776,-28.4776328],[-52.1360002,-28.4765168],[-52.1392218,-28.4875604],[-52.1292006,-28.5054601],[-52.1172897,-28.4937974],[-52.1048247,-28.5022522],[-52.0885605,-28.4956238],[-52.0871763,-28.5107421],[-52.0971408,-28.512483],[-52.0902536,-28.535674],[-52.0987042,-28.5480429],[-52.0882169,-28.6300711],[-52.1001629,-28.6299355],[-52.1110872,-28.6532503],[-52.101533,-28.6566498],[-52.1000723,-28.668964],[-52.1335381,-28.6730021],[-52.1475723,-28.6668996],[-52.156795,-28.6374794],[-52.1349985,-28.627784]]]}},{"type":"Feature","properties":{"level":"municipio","municipality_code":"4323457","municipality_name":"Vila Nova do Sul","uf":"RS","state_code":"43","area_km2":508.278},"geometry":{"type":"Polygon","coordinates":[[[-53.9064878,-30.2308734],[-53.8340645,-30.2618541],[-53.824133,-30.2460352],[-53.7853206,-30.2551036],[-53.7593778,-30.2437257],[-53.759595,-30.2787705],[-53.7709503,-30.2780395],[-53.7759696,-30.2986964],[-53.7896951,-30.309098],[-53.7758586,-30.3282085],[-53.7411214,-30.3211291],[-53.7438849,-30.3389028],[-53.7332847,-30.3456085],[-53.7419765,-30.3489272],[-53.7334674,-30.3536313],[-53.7441905,-30.3623566],[-53.745793,-30.3851104],[-53.7814058,-30.3940946],[-53.8273488,-30.4425809],[-53.8452391,-30.4829775],[-53.862691,-30.4772657],[-53.8872761,-30.4971881],[-53.9607215,-30.4820253],[-53.9605804,-30.4547442],[-53.9746435,-30.4438537],[-53.9404351,-30.4243748],[-53.9392151,-30.3941973],[-53.9586927,-30.3632872],[-53.9716676,-30.3591855],[-53.9642996,-30.3371862],[-53.9928702,-30.3079255],[-53.9874582,-30.297215],[-54.000525,-30.2972154],[-53.9998961,-30.2854123],[-54.0183702,-30.2652142],[-54.0063478,-30.2614585],[-54.0005237,-30.2473695],[-53.9898718,-30.2476253],[-53.9878007,-30.2256309],[-53.9627975,-30.2199648],[-53.9546451,-30.2075028],[-53.9346736,-30.2083893],[-53.9064878,-30.2308734]]]}},{"type":"Feature","properties":{"level":"municipio","municipality_code":"4323507","municipality_name":"Vista Alegre","uf":"RS","state_code":"43","area_km2":77.656},"geometry":{"type":"Polygon","coordinates":[[[-53.5380163,-27.3367972],[-53.5495388,-27.2959031],[-53.5425231,-27.2824081],[-53.5565601,-27.2688363],[-53.5602069,-27.2580909],[-53.5536451,-27.2548071],[-53.5615402,-27.24471],[-53.5496336,-27.2362583],[-53.5495494,-27.2488788],[-53.5402054,-27.2478648],[-53.5377237,-27.2617209],[-53.5220631,-27.260709],[-53.5200379,-27.2786653],[-53.512167,-27.2733136],[-53.4839161,-27.2954367],[-53.4943332,-27.3018713],[-53.4811561,-27.3071197],[-53.4882804,-27.3090987],[-53.4806798,-27.3172258],[-53.4877391,-27.3227085],[-53.4783163,-27.3248551],[-53.460441,-27.3502233],[-53.4785831,-27.3863839],[-53.5166454,-27.3951057],[-53.5319828,-27.3874493],[-53.512995,-27.3743965],[-53.5123968,-27.3657626],[-53.5380163,-27.3367972]]]}},{"type":"Feature","properties":{"level":"municipio","municipality_code":"4323606","municipality_name":"Vista Alegre do Prata","uf":"RS","state_code":"43","area_km2":119.327},"geometry":{"type":"Polygon","coordinates":[[[-51.7117498,-28.7842298],[-51.7064664,-28.7918034],[-51.6888606,-28.7921239],[-51.6838381,-28.8149859],[-51.7039732,-28.8148652],[-51.7121155,-28.8354624],[-51.7546756,-28.8359849],[-51.7521438,-28.8558266],[-51.765555,-28.864574],[-51.7582917,-28.8726074],[-51.7705454,-28.8745548],[-51.7775088,-28.8853868],[-51.8011955,-28.8767986],[-51.8043476,-28.8650757],[-51.8125106,-28.8723252],[-51.8293671,-28.8687636],[-51.8347068,-28.8373277],[-51.858127,-28.8421154],[-51.8639041,-28.8321975],[-51.8407455,-28.8282331],[-51.8365276,-28.8160402],[-51.8702591,-28.8028347],[-51.8476844,-28.7805269],[-51.8365747,-28.7857466],[-51.8335889,-28.7782056],[-51.7629707,-28.7781681],[-51.7674504,-28.7838204],[-51.7597325,-28.7875293],[-51.7610322,-28.7956886],[-51.7117498,-28.7842298]]]}},{"type":"Feature","properties":{"level":"municipio","municipality_code":"4323705","municipality_name":"Vista Gaúcha","uf":"RS","state_code":"43","area_km2":90.022},"geometry":{"type":"Polygon","coordinates":[[[-53.6881404,-27.307707],[-53.7098156,-27.3117412],[-53.7440217,-27.2992446],[-53.7407812,-27.2943591],[-53.7556439,-27.2849732],[-53.7547384,-27.2783052],[-53.7636138,-27.27901],[-53.7486472,-27.2679078],[-53.7405466,-27.2536622],[-53.7422277,-27.2327151],[-53.7283142,-27.2244209],[-53.7127912,-27.1961554],[-53.7069284,-27.1982648],[-53.7081641,-27.2152245],[-53.6863578,-27.2102267],[-53.6928832,-27.2209222],[-53.6753909,-27.2312796],[-53.6658664,-27.2579222],[-53.6612105,-27.2469881],[-53.6355784,-27.2599936],[-53.6523857,-27.2638217],[-53.6435822,-27.2685366],[-53.6463228,-27.2814379],[-53.665032,-27.2847472],[-53.6452001,-27.295315],[-53.6625567,-27.3029707],[-53.6639682,-27.3182133],[-53.6874407,-27.320847],[-53.6881404,-27.307707]]]}},{"type":"Feature","properties":{"level":"municipio","municipality_code":"4323754","municipality_name":"Vitória das Missões","uf":"RS","state_code":"43","area_km2":258.454},"geometry":{"type":"Polygon","coordinates":[[[-54.4637274,-28.335861],[-54.4335264,-28.3356584],[-54.4337567,-28.3185548],[-54.4199756,-28.3379117],[-54.4002542,-28.3152802],[-54.3893804,-28.3160751],[-54.3985498,-28.330612],[-54.3954864,-28.3469557],[-54.3768026,-28.3350792],[-54.3691811,-28.3489787],[-54.3788193,-28.3475656],[-54.3895211,-28.3584355],[-54.3814283,-28.3636783],[-54.366682,-28.3550465],[-54.3761264,-28.3698968],[-54.3704989,-28.3738865],[-54.3777406,-28.3961635],[-54.3702607,-28.4014655],[-54.3703281,-28.4276514],[-54.3972104,-28.4441991],[-54.403857,-28.4577576],[-54.4633076,-28.48867],[-54.4859716,-28.4609094],[-54.4799948,-28.456328],[-54.4920727,-28.4554011],[-54.4827526,-28.4512019],[-54.4980219,-28.4457705],[-54.4979821,-28.4335733],[-54.5176464,-28.4309037],[-54.5421389,-28.3993069],[-54.53791,-28.3894625],[-54.5486055,-28.3849434],[-54.5449764,-28.3756852],[-54.5543829,-28.367994],[-54.539588,-28.3534891],[-54.547256,-28.3211623],[-54.5613061,-28.3148104],[-54.5455503,-28.3059593],[-54.5554447,-28.2995102],[-54.5494479,-28.2889827],[-54.5553878,-28.2818669],[-54.5652559,-28.2875131],[-54.5641265,-28.2912488],[-54.5699191,-28.2981926],[-54.5738359,-28.2988139],[-54.569374,-28.2784477],[-54.544811,-28.2698592],[-54.534728,-28.2745775],[-54.5408234,-28.2994419],[-54.5257823,-28.304871],[-54.5170751,-28.3180695],[-54.5078541,-28.3150915],[-54.5199154,-28.2946398],[-54.5145701,-28.276187],[-54.5032304,-28.2786154],[-54.5048565,-28.3032622],[-54.4961865,-28.3169276],[-54.4874994,-28.3137525],[-54.4907806,-28.2923335],[-54.465005,-28.2919424],[-54.4582645,-28.3133733],[-54.473771,-28.3099374],[-54.4847156,-28.3279109],[-54.4659363,-28.3181281],[-54.4637274,-28.335861]]]}},{"type":"Feature","properties":{"level":"municipio","municipality_code":"4323770","municipality_name":"Westfália","uf":"RS","state_code":"43","area_km2":66.875},"geometry":{"type":"Polygon","coordinates":[[[-51.7827335,-29.4640761],[-51.7826354,-29.387943],[-51.7684491,-29.3833397],[-51.7644211,-29.3734701],[-51.7709515,-29.3668633],[-51.7509729,-29.3704135],[-51.7510099,-29.3625281],[-51.7231366,-29.3610712],[-51.6918742,-29.3700697],[-51.6910597,-29.4145139],[-51.7378491,-29.4154145],[-51.7428835,-29.4617138],[-51.7689081,-29.4637707],[-51.7704935,-29.455565],[-51.7827335,-29.4640761]]]}},{"type":"Feature","properties":{"level":"municipio","municipality_code":"4323804","municipality_name":"Xangri-lá","uf":"RS","state_code":"43","area_km2":60.756},"geometry":{"type":"Polygon","coordinates":[[[-50.0549538,-29.7616511],[-50.0176114,-29.7724712],[-50.0636596,-29.8600481],[-50.0960287,-29.852487],[-50.0964638,-29.8458374],[-50.0997827,-29.8558812],[-50.0987687,-29.836766],[-50.1129787,-29.8324592],[-50.106041,-29.8237229],[-50.1140044,-29.810742],[-50.1066551,-29.8015478],[-50.1104733,-29.7861687],[-50.1159439,-29.7882337],[-50.1092245,-29.7835578],[-50.098805,-29.7901589],[-50.086035,-29.7855604],[-50.0830708,-29.7680001],[-50.0549538,-29.7616511]]]}},{"type":"Feature","properties":{"level":"municipio","municipality_code":"4300059","municipality_name":"Água Santa","uf":"RS","state_code":"43","area_km2":291.526},"geometry":{"type":"Polygon","coordinates":[[[-51.981657,-28.236388],[-51.9694591,-28.2594698],[-51.9716993,-28.2897981],[-51.9948409,-28.2903709],[-52.0297104,-28.3069413],[-52.0922317,-28.3070892],[-52.0985135,-28.2799234],[-52.1161577,-28.2791859],[-52.1297324,-28.2545176],[-52.1253393,-28.2398078],[-52.1371199,-28.2489307],[-52.1430602,-28.2440528],[-52.1365911,-28.239407],[-52.1565057,-28.2103265],[-52.1671016,-28.2069797],[-52.1685147,-28.1890487],[-52.1244007,-28.1828702],[-52.1041646,-28.1702763],[-52.102419,-28.1594449],[-52.1159299,-28.1606718],[-52.1001711,-28.1515889],[-52.1032917,-28.1409911],[-52.0833724,-28.1177287],[-52.0431498,-28.1175164],[-52.0356121,-28.1291775],[-52.022097,-28.1323003],[-51.990428,-28.128138],[-51.9837243,-28.1399976],[-51.9754254,-28.1353379],[-51.9696915,-28.1479941],[-51.9751845,-28.1541484],[-51.9619159,-28.1686546],[-51.9758852,-28.1941939],[-51.9605895,-28.206578],[-51.969993,-28.2108878],[-51.9718741,-28.239772],[-51.981657,-28.236388]]]}},{"type":"Feature","properties":{"level":"municipio","municipality_code":"4300001","municipality_name":"Área Operacional \"Lagoa Mirim\"","uf":"RS","state_code":"43","area_km2":2884.34},"geometry":{"type":"Polygon","coordinates":[[[-52.6228849,-32.1455712],[-52.6830533,-32.2728281],[-52.6922421,-32.3090409],[-52.6099296,-32.443965],[-52.5865394,-32.5062953],[-52.5862634,-32.5316082],[-52.61145,-32.618545],[-52.7303493,-32.8473961],[-52.7764417,-32.8968993],[-52.8077793,-32.9105803],[-52.8467977,-32.9139663],[-52.8937836,-32.8978807],[-52.9630142,-32.8421584],[-53.0015794,-32.7975127],[-52.9974183,-32.7612019],[-53.0700944,-32.8338099],[-53.1012812,-32.8219888],[-53.1216696,-32.7949852],[-53.1323354,-32.7984894],[-53.1473144,-32.8188063],[-53.1556383,-32.8521139],[-53.1544623,-32.9524869],[-53.1635675,-32.9839095],[-53.2601624,-33.1074109],[-53.2773734,-33.1093609],[-53.3185468,-33.0919014],[-53.3289058,-33.0789786],[-53.32533,-33.0652363],[-53.3174704,-33.0645941],[-53.3197664,-33.0548412],[-53.350704,-33.1035121],[-53.4082671,-33.1612805],[-53.4219727,-33.1563286],[-53.4226478,-33.1353994],[-53.4096264,-33.1092912],[-53.4176126,-33.1169433],[-53.4696818,-33.2600809],[-53.4260016,-33.4267258],[-53.4348719,-33.5025437],[-53.440037,-33.5188979],[-53.4446766,-33.5051311],[-53.4506359,-33.5133739],[-53.4525661,-33.5333593],[-53.4719781,-33.5633833],[-53.4862517,-33.5551204],[-53.4773077,-33.5484383],[-53.5053393,-33.5411291],[-53.5078149,-33.5310875],[-53.5146339,-33.5540763],[-53.5125006,-33.6026003],[-53.5284035,-33.6170637],[-53.5079174,-33.3531357],[-53.5217374,-33.2651499],[-53.5182526,-33.1533523],[-53.4444093,-33.0529481],[-53.2447052,-32.9348822],[-53.3101594,-32.9187605],[-53.2945755,-32.8992973],[-53.184959,-32.850433],[-53.1581023,-32.8202516],[-53.1504365,-32.8058734],[-53.1549616,-32.8003445],[-53.145689,-32.7920226],[-53.0834489,-32.7861214],[-53.0755765,-32.7408802],[-53.1764132,-32.6584646],[-53.1667213,-32.648587],[-53.1283785,-32.6384631],[-53.0846437,-32.6582422],[-53.0700232,-32.6222128],[-53.0201046,-32.6130716],[-53.0007997,-32.5978724],[-52.9877486,-32.5106312],[-52.9692802,-32.4914097],[-52.9195975,-32.4676247],[-52.7989238,-32.4455916],[-52.766388,-32.426221],[-52.7259771,-32.3857487],[-52.7241868,-32.3700112],[-52.7716795,-32.3526357],[-52.7725641,-32.3678373],[-52.7901137,-32.3788209],[-52.8032425,-32.3597637],[-52.7761559,-32.3528412],[-52.7900461,-32.3430599],[-52.8087656,-32.3536498],[-52.8204968,-32.3397606],[-52.8174983,-32.3260366],[-52.8005697,-32.3346962],[-52.8136695,-32.3211027],[-52.7944542,-32.2791219],[-52.7885352,-32.2798322],[-52.7968227,-32.2720823],[-52.7841421,-32.2694519],[-52.7767632,-32.2306006],[-52.7540926,-32.2112964],[-52.7399036,-32.2205391],[-52.7285414,-32.2111312],[-52.7294293,-32.2056223],[-52.7369874,-32.2021682],[-52.743161,-32.2066931],[-52.7307463,-32.2080085],[-52.7380675,-32.2148986],[-52.7527658,-32.2062661],[-52.75673,-32.2076438],[-52.7605969,-32.2136011],[-52.7613985,-32.2139401],[-52.7619144,-32.2041914],[-52.7676379,-32.2051249],[-52.7712892,-32.2101943],[-52.77516,-32.2106919],[-52.7686116,-32.202287],[-52.7492096,-32.1922007],[-52.7310719,-32.1892653],[-52.7343028,-32.2000507],[-52.7319563,-32.2001677],[-52.7262723,-32.1873771],[-52.7415634,-32.1829382],[-52.7373346,-32.1746287],[-52.7436692,-32.1765705],[-52.7448327,-32.1760441],[-52.7477134,-32.1773582],[-52.75113,-32.1774693],[-52.7367528,-32.1717446],[-52.7398351,-32.1657518],[-52.7187651,-32.1725645],[-52.6970702,-32.1660953],[-52.7071033,-32.1595548],[-52.7205121,-32.1704032],[-52.7321979,-32.1596596],[-52.7278154,-32.1561142],[-52.6749516,-32.1640385],[-52.6228849,-32.1455712]]]}},{"type":"Feature","properties":{"level":"municipio","municipality_code":"4300002","municipality_name":"Área Operacional \"Lagoa dos Patos\"","uf":"RS","state_code":"43","area_km2":10199.3},"geometry":{"type":"Polygon","coordinates":[[[-51.3199514,-30.1480628],[-51.3059083,-30.1352046],[-51.3144437,-30.1273739],[-51.306274,-30.0936751],[-51.314201,-30.0812332],[-51.301706,-30.0426554],[-51.2923772,-30.0475957],[-51.3041934,-30.02752],[-51.3004481,-30.0042867],[-51.2924052,-30.0003097],[-51.2826157,-30.0219302],[-51.2776471,-30.0109175],[-51.268159,-30.0164794],[-51.2796385,-30.0378394],[-51.2594307,-30.0339271],[-51.2714287,-30.0596453],[-51.2510658,-30.0353038],[-51.2423958,-30.0352585],[-51.2337649,-30.0491759],[-51.2504635,-30.0923685],[-51.2676735,-30.1036624],[-51.2586425,-30.1092573],[-51.2651503,-30.1094811],[-51.2586593,-30.1106188],[-51.2610633,-30.1230034],[-51.2463366,-30.1255149],[-51.2255316,-30.145752],[-51.2334607,-30.1636162],[-51.2276707,-30.1769091],[-51.2486057,-30.1864885],[-51.1990833,-30.1936112],[-51.1998637,-30.2103114],[-51.1780245,-30.2182693],[-51.1932641,-30.2378902],[-51.1553637,-30.2403647],[-51.1596176,-30.2619598],[-51.1336202,-30.2693916],[-51.1369299,-30.2596385],[-51.1279432,-30.2476979],[-51.1098464,-30.2483671],[-51.1039191,-30.2599215],[-51.0990318,-30.257108],[-51.1065458,-30.2430826],[-51.0898245,-30.2409778],[-51.0654377,-30.2528154],[-51.0647187,-30.2762354],[-51.0484225,-30.2679247],[-51.0307625,-30.2744752],[-51.0198014,-30.2965085],[-51.0257898,-30.3212977],[-51.0402432,-30.3252157],[-51.029674,-30.3272444],[-51.0316023,-30.3338706],[-51.0687353,-30.3550194],[-51.0412947,-30.3663749],[-51.0474,-30.381496],[-51.0595929,-30.3855848],[-51.0555781,-30.3919805],[-51.0130056,-30.3896626],[-50.930037,-30.4357706],[-50.9026348,-30.443779],[-50.9271728,-30.4338257],[-50.9376096,-30.4068671],[-50.9345528,-30.3555655],[-50.9221208,-30.3321714],[-50.9012464,-30.322106],[-50.844017,-30.3207571],[-50.79698,-30.3383821],[-50.7758666,-30.3339709],[-50.7837842,-30.324504],[-50.7889009,-30.3333682],[-50.7948608,-30.3169338],[-50.7847283,-30.2850109],[-50.7730758,-30.2886696],[-50.7720218,-30.2966179],[-50.7636961,-30.2913965],[-50.7215007,-30.2993166],[-50.6732441,-30.2966408],[-50.6549406,-30.2840604],[-50.6688927,-30.2548818],[-50.6588881,-30.1999233],[-50.644324,-30.1922431],[-50.6128976,-30.2000137],[-50.5982278,-30.1960157],[-50.6019464,-30.192232],[-50.5964923,-30.1949441],[-50.5730774,-30.2430269],[-50.5426263,-30.2523344],[-50.5385276,-30.2646176],[-50.5430121,-30.2999224],[-50.5557655,-30.3201129],[-50.5462626,-30.3312246],[-50.5453163,-30.3559794],[-50.5674668,-30.3957126],[-50.5645145,-30.4375764],[-50.57442,-30.4814758],[-50.5826612,-30.4901355],[-50.6110979,-30.4857109],[-50.6544071,-30.4429618],[-50.6501842,-30.4135717],[-50.5930988,-30.4003422],[-50.6206633,-30.3567733],[-50.6250665,-30.3284101],[-50.635617,-30.3410031],[-50.6305835,-30.36763],[-50.6379207,-30.3789316],[-50.6239946,-30.392102],[-50.6412186,-30.3866997],[-50.6478797,-30.3954653],[-50.6991015,-30.3459903],[-50.7186156,-30.3530652],[-50.7291157,-30.3750293],[-50.6963756,-30.4410988],[-50.6795415,-30.6091725],[-50.6901159,-30.7069243],[-50.7019874,-30.7463272],[-50.7444638,-30.8122866],[-50.8193605,-30.8405634],[-50.823403,-30.8521823],[-50.8569299,-30.8654119],[-50.8951232,-30.8997303],[-50.9196389,-30.9063873],[-50.9667636,-30.8961075],[-50.9525135,-30.9820848],[-50.9569856,-31.0095653],[-50.9805582,-31.0410514],[-51.0485298,-31.0615924],[-51.1036155,-31.0993805],[-51.1491216,-31.0875029],[-51.1677797,-31.0626909],[-51.1768912,-31.079768],[-51.1808397,-31.1253939],[-51.1576833,-31.2377699],[-51.160605,-31.3017131],[-51.1947691,-31.3981701],[-51.2643351,-31.4827862],[-51.2971087,-31.5060985],[-51.3611066,-31.5320324],[-51.4106343,-31.514151],[-51.4230952,-31.48835],[-51.440453,-31.5043088],[-51.4551162,-31.5288507],[-51.4637158,-31.5510019],[-51.4481916,-31.5274847],[-51.4621579,-31.5670493],[-51.4366839,-31.6141283],[-51.4350116,-31.6236244],[-51.4697574,-31.5897048],[-51.4751526,-31.5659556],[-51.507401,-31.5909998],[-51.5986641,-31.7147114],[-51.6560543,-31.7649289],[-51.6931655,-31.7821907],[-51.8022987,-31.7884648],[-51.8407052,-31.8019879],[-51.7961721,-31.8131457],[-51.7935615,-31.8044673],[-51.7874899,-31.8083773],[-51.7927641,-31.8149529],[-51.8047766,-31.8147534],[-51.8096979,-31.84354],[-51.8578447,-31.8691324],[-51.9081596,-31.8689086],[-52.0191464,-31.8160116],[-52.0625298,-31.8161521],[-52.0981237,-31.8359113],[-52.0820162,-31.8660223],[-52.0152082,-31.9224186],[-52.0046455,-31.9473693],[-52.0152468,-31.9667097],[-52.0539625,-31.9807519],[-52.0390142,-32.0364536],[-52.0496934,-32.0772102],[-52.091074,-32.1275626],[-52.0793175,-32.1377667],[-52.0914086,-32.1317719],[-52.0948099,-32.134062],[-52.0790238,-32.1432957],[-52.0823712,-32.1598683],[-52.0972038,-32.1616693],[-52.1048451,-32.1047742],[-52.0855288,-32.0610783],[-52.1031301,-32.0679567],[-52.1491866,-32.1163664],[-52.1577024,-32.1118713],[-52.1565637,-32.0961624],[-52.1483326,-32.0716428],[-52.1342175,-32.0575323],[-52.1016967,-32.0458937],[-52.0863348,-32.0518603],[-52.0878863,-32.0581009],[-52.0833837,-32.0495779],[-52.0712788,-32.0522555],[-52.0753494,-32.0314924],[-52.0659846,-32.0503683],[-52.0696169,-32.0295509],[-52.1095508,-32.0246273],[-52.1361896,-32.0456902],[-52.1713536,-32.0555378],[-52.2033618,-32.0757213],[-52.2070974,-32.0705611],[-52.2156355,-32.0840106],[-52.2399162,-32.079833],[-52.2314874,-32.0698437],[-52.2148393,-32.072179],[-52.2093031,-32.0600262],[-52.194657,-32.0587301],[-52.2020267,-32.0390645],[-52.1956218,-32.0276155],[-52.1599255,-32.0272198],[-52.0971207,-32.0065487],[-52.097212,-31.9942142],[-52.1094471,-31.9808795],[-52.1252661,-31.9805851],[-52.1203682,-31.9688583],[-52.1321455,-31.9640906],[-52.1305429,-31.9566486],[-52.140572,-31.9579285],[-52.1343261,-31.9635027],[-52.1245999,-31.9693577],[-52.1253821,-31.9805974],[-52.1874595,-31.9816922],[-52.1960852,-31.9920072],[-52.1935584,-32.0044162],[-52.2062689,-32.01058],[-52.1962458,-32.0271881],[-52.2023228,-32.0389419],[-52.2276352,-32.0359317],[-52.2527196,-32.0528359],[-52.2456465,-32.0282964],[-52.2347534,-32.0192034],[-52.2394406,-31.9847156],[-52.2194335,-31.9593381],[-52.1883122,-31.9631978],[-52.1853853,-31.949567],[-52.1750235,-31.9523967],[-52.1665505,-31.9428995],[-52.1506817,-31.9500386],[-52.1561193,-31.9341005],[-52.1501361,-31.9273313],[-52.1416145,-31.9384145],[-52.1446237,-31.9502808],[-52.1209696,-31.9433645],[-52.1121368,-31.9502302],[-52.1372562,-31.91965],[-52.1898029,-31.9007381],[-52.2210686,-31.8720921],[-52.2373482,-31.8782952],[-52.2282915,-31.8842924],[-52.2303405,-31.8953139],[-52.2513636,-31.8725879],[-52.255326,-31.8446834],[-52.2412918,-31.838209],[-52.2259198,-31.8480797],[-52.2226171,-31.819319],[-52.2313323,-31.8090671],[-52.213329,-31.8072597],[-52.2244517,-31.790755],[-52.2189879,-31.7835004],[-52.2257675,-31.7518981],[-52.1929286,-31.7225792],[-52.1274348,-31.6901372],[-52.0696169,-31.6771234],[-52.0360261,-31.6957885],[-52.030653,-31.6923453],[-52.0100462,-31.6141587],[-52.0179349,-31.5403383],[-52.0011499,-31.4409157],[-51.9806358,-31.3837219],[-51.947823,-31.3746879],[-51.9624212,-31.3700274],[-51.9601307,-31.3527831],[-51.9486438,-31.3393224],[-51.922989,-31.3318627],[-51.930561,-31.3189346],[-51.9130443,-31.3100441],[-51.8788274,-31.3244526],[-51.8828483,-31.3147642],[-51.8714265,-31.2934313],[-51.8574772,-31.3160638],[-51.8602406,-31.3316268],[-51.8552486,-31.3363573],[-51.8339305,-31.3063967],[-51.7945899,-31.2739655],[-51.7571475,-31.2861321],[-51.7133629,-31.2657646],[-51.6191412,-31.2689518],[-51.6344574,-31.2554865],[-51.6435904,-31.2111309],[-51.6394249,-31.1807309],[-51.6179902,-31.139559],[-51.5672721,-31.1286268],[-51.5500852,-31.1121517],[-51.5380921,-31.115082],[-51.441814,-31.0880529],[-51.4657538,-31.0650351],[-51.4876868,-31.0195494],[-51.4997768,-30.9724141],[-51.5004336,-30.929376],[-51.4876289,-30.8999113],[-51.4488239,-30.8721833],[-51.3900842,-30.8798935],[-51.3690102,-30.8743545],[-51.3905801,-30.8402937],[-51.4042771,-30.7829285],[-51.4041925,-30.7380215],[-51.3857648,-30.6514807],[-51.371645,-30.636097],[-51.3478873,-30.6315137],[-51.3176642,-30.6481622],[-51.3165991,-30.7041477],[-51.2996571,-30.7313516],[-51.2939553,-30.7708914],[-51.3054863,-30.7843186],[-51.3312079,-30.7784819],[-51.2872978,-30.7975136],[-51.2851194,-30.8072565],[-51.2986491,-30.816345],[-51.2903503,-30.8175214],[-51.2811428,-30.8016678],[-51.2941413,-30.7515578],[-51.3033486,-30.5885501],[-51.2791548,-30.5104036],[-51.2449136,-30.4427908],[-51.2282114,-30.4230493],[-51.1978793,-30.4080321],[-51.1527572,-30.414158],[-51.1357557,-30.4367861],[-51.1562667,-30.4931863],[-51.1525907,-30.5002666],[-51.1192268,-30.4086254],[-51.1220616,-30.3969172],[-51.1041728,-30.3763416],[-51.0952951,-30.3816356],[-51.0952169,-30.3625415],[-51.1036769,-30.3569569],[-51.1291606,-30.3594523],[-51.1782153,-30.386402],[-51.1855219,-30.3830535],[-51.207356,-30.3408157],[-51.2107237,-30.2979198],[-51.2337816,-30.3104543],[-51.2472169,-30.3285266],[-51.2462961,-30.3151203],[-51.2571972,-30.3057702],[-51.2952733,-30.3029469],[-51.2979561,-30.2596488],[-51.2732019,-30.2497671],[-51.2948545,-30.2469494],[-51.2923353,-30.2313769],[-51.3125681,-30.2402363],[-51.3167703,-30.2303852],[-51.3297219,-30.2309552],[-51.3079069,-30.1813941],[-51.3235138,-30.1721351],[-51.3199514,-30.1480628]],[[-52.1039927,-31.8019441],[-52.0971718,-31.7988697],[-52.094229,-31.7928585],[-52.1105019,-31.7920977],[-52.1039927,-31.8019441]],[[-51.29211809999998,-30.064603699999964],[-51.286060099999986,-30.059061799999938],[-51.29469339999997,-30.05411909999998],[-51.29211809999998,-30.064603699999964]],[[-51.169121899999936,-30.26465939999997],[-51.162350799999956,-30.262098599999945],[-51.170275699999934,-30.26344279999995],[-51.169121899999936,-30.26465939999997]],[[-51.28841479999994,-30.12098459999993],[-51.286081699999954,-30.121491599999956],[-51.287029899999936,-30.12006729999996],[-51.28841479999994,-30.12098459999993]],[[-51.193489599999964,-30.241397999999947],[-51.19329219999997,-30.24217159999995],[-51.19183789999994,-30.241263199999935],[-51.193489599999964,-30.241397999999947]]]}},{"type":"Feature","properties":{"level":"municipio","municipality_code":"4301552","municipality_name":"Áurea","uf":"RS","state_code":"43","area_km2":156.727},"geometry":{"type":"Polygon","coordinates":[[[-52.0717781,-27.6714904],[-52.0621435,-27.6774064],[-52.0679641,-27.6628809],[-52.0600367,-27.6599323],[-52.054736,-27.6684512],[-52.0475504,-27.6665157],[-52.0568097,-27.6550762],[-52.0414897,-27.6607156],[-52.0379676,-27.6546527],[-52.0481193,-27.6491028],[-52.0346664,-27.6392877],[-52.0124963,-27.6504094],[-52.0067707,-27.6481531],[-52.0106532,-27.6348702],[-51.9871315,-27.6390909],[-52.000932,-27.694097],[-52.0266816,-27.7318715],[-52.0437834,-27.7419172],[-52.0579179,-27.7697364],[-52.0747114,-27.7684345],[-52.0730903,-27.8005126],[-52.0847381,-27.8006427],[-52.096976,-27.7738825],[-52.1081173,-27.7728836],[-52.1555766,-27.7271936],[-52.1497543,-27.7219735],[-52.1551113,-27.6690311],[-52.1498452,-27.661036],[-52.142016,-27.6702252],[-52.1419281,-27.6594674],[-52.1301136,-27.6722759],[-52.1043712,-27.6666944],[-52.0945986,-27.6686447],[-52.094682,-27.6759342],[-52.0717781,-27.6714904]]]}}]}