{"type":"FeatureCollection","name":"SP_Municipios_2024","crs":{"type":"name","properties":{"name":"urn:ogc:def:crs:EPSG::4674"}},"features":[{"type":"Feature","properties":{"level":"municipio","municipality_code":"3500105","municipality_name":"Adamantina","uf":"SP","state_code":"35","area_km2":411.987},"geometry":{"type":"Polygon","coordinates":[[[-51.0378612,-21.7008675],[-51.0865974,-21.7233802],[-51.0807861,-21.734643],[-51.0943244,-21.7456269],[-51.0920721,-21.7658958],[-51.1235477,-21.7550974],[-51.1372033,-21.7581826],[-51.1327685,-21.7423355],[-51.125969,-21.7430984],[-51.1497226,-21.7231968],[-51.1498907,-21.706432],[-51.1792439,-21.6873469],[-51.1631012,-21.6725426],[-51.1625432,-21.6615756],[-51.1102747,-21.646931],[-51.1098206,-21.6366956],[-51.0896073,-21.6320946],[-51.0801975,-21.6148951],[-51.0801295,-21.5912398],[-51.105398,-21.5636742],[-51.1016261,-21.5426635],[-51.1091257,-21.5302716],[-51.0996708,-21.4841896],[-51.0841972,-21.4622247],[-51.0865294,-21.4309533],[-51.0587557,-21.3985509],[-51.0341283,-21.4084459],[-51.0258517,-21.4256077],[-51.00481,-21.4383362],[-50.9930146,-21.437107],[-50.9772815,-21.4532978],[-50.9655904,-21.483827],[-50.9640396,-21.5218208],[-50.9656655,-21.5400127],[-50.9758387,-21.5494692],[-50.9715828,-21.5672598],[-50.9783951,-21.5908444],[-51.0048977,-21.6120929],[-51.0141055,-21.6362261],[-51.0343123,-21.6493692],[-51.0378612,-21.7008675]]]}},{"type":"Feature","properties":{"level":"municipio","municipality_code":"3500204","municipality_name":"Adolfo","uf":"SP","state_code":"35","area_km2":211.055},"geometry":{"type":"Polygon","coordinates":[[[-49.612486,-21.2610989],[-49.5918993,-21.2776227],[-49.5820228,-21.2628419],[-49.5697195,-21.278375],[-49.5704877,-21.2968864],[-49.5840582,-21.3049149],[-49.5795316,-21.3250711],[-49.5903203,-21.3419411],[-49.587527,-21.3621501],[-49.6714866,-21.3491992],[-49.6943334,-21.3640189],[-49.6989353,-21.3377163],[-49.7117726,-21.3349737],[-49.7265725,-21.3459961],[-49.7458294,-21.3150905],[-49.7442177,-21.2952223],[-49.7244773,-21.3015786],[-49.7099787,-21.2855008],[-49.7259402,-21.255563],[-49.7158106,-21.2586846],[-49.6909129,-21.2425358],[-49.6946157,-21.2360029],[-49.6808056,-21.2236917],[-49.6883689,-21.2063781],[-49.6700428,-21.1970148],[-49.6389374,-21.2120056],[-49.6260871,-21.2028455],[-49.6084087,-21.2091984],[-49.6018018,-21.2214329],[-49.612486,-21.2610989]]]}},{"type":"Feature","properties":{"level":"municipio","municipality_code":"3500303","municipality_name":"Aguaí","uf":"SP","state_code":"35","area_km2":474.554},"geometry":{"type":"Polygon","coordinates":[[[-47.0125382,-22.005274],[-47.0075072,-21.9756188],[-46.9768602,-21.9671064],[-46.9621087,-21.981925],[-46.9409498,-21.9760904],[-46.9419787,-21.9988738],[-46.9313583,-22.0110795],[-46.9025082,-22.0065057],[-46.8820894,-22.01211],[-46.8611956,-22.0504266],[-46.879112,-22.0610237],[-46.8921822,-22.0861802],[-46.8897612,-22.1112995],[-46.8748504,-22.1131378],[-46.8780502,-22.1208383],[-46.8935724,-22.1301503],[-46.921949,-22.1309202],[-46.9470919,-22.1474655],[-46.9790502,-22.1263436],[-46.9957065,-22.127319],[-47.0216412,-22.1134418],[-47.0462059,-22.1156423],[-47.056544,-22.101825],[-47.0887536,-22.0848695],[-47.100942,-22.0666276],[-47.129266,-22.085961],[-47.1396046,-22.1124942],[-47.1665169,-22.0929646],[-47.2012191,-22.0971973],[-47.2200176,-22.077843],[-47.218501,-22.0637938],[-47.2339529,-22.0564076],[-47.2178356,-22.0380438],[-47.2016976,-22.0341931],[-47.2122997,-22.0070383],[-47.2162109,-21.9759778],[-47.209765,-21.9717521],[-47.2034277,-21.9776479],[-47.1773382,-21.97446],[-47.1633588,-21.9881717],[-47.1203661,-21.9817903],[-47.1162111,-21.9732223],[-47.1138042,-21.9818706],[-47.1067768,-21.975761],[-47.0955851,-21.9855339],[-47.0912075,-21.9799793],[-47.0834378,-21.9881021],[-47.0694364,-21.9850145],[-47.0661982,-21.9932689],[-47.0570866,-21.9870951],[-47.0371544,-21.9906148],[-47.0306898,-22.0106719],[-47.0125382,-22.005274]]]}},{"type":"Feature","properties":{"level":"municipio","municipality_code":"3500709","municipality_name":"Agudos","uf":"SP","state_code":"35","area_km2":966.708},"geometry":{"type":"Polygon","coordinates":[[[-49.0736088,-22.4084167],[-48.9964309,-22.3839543],[-48.9630337,-22.3546459],[-48.9122163,-22.3375364],[-48.9159169,-22.3981437],[-48.8920072,-22.39175],[-48.8847988,-22.380238],[-48.8545584,-22.398569],[-48.8623391,-22.4304814],[-48.8626444,-22.456121],[-48.8509631,-22.462244],[-48.8576112,-22.4788077],[-48.9246149,-22.5269834],[-48.9623953,-22.5295309],[-48.978174,-22.5419795],[-49.0021221,-22.5468451],[-49.005804,-22.5636094],[-48.9911949,-22.5663471],[-49.0036403,-22.5900453],[-48.998844,-22.6070087],[-49.0097617,-22.6126079],[-49.0265972,-22.6417993],[-49.0413223,-22.6389136],[-49.0555024,-22.6524745],[-49.0766763,-22.6459317],[-49.0803639,-22.65636],[-49.1088666,-22.6758916],[-49.1332857,-22.6727838],[-49.1536006,-22.6856617],[-49.1742543,-22.730068],[-49.1976003,-22.7220919],[-49.2279772,-22.7604096],[-49.2489356,-22.7494302],[-49.2789297,-22.7722115],[-49.3089501,-22.7626657],[-49.3292469,-22.7657655],[-49.3492748,-22.7832328],[-49.3782491,-22.776311],[-49.3856966,-22.7629144],[-49.3754896,-22.7277732],[-49.3839921,-22.7080983],[-49.3713344,-22.7073299],[-49.3589935,-22.6825815],[-49.3356656,-22.6763548],[-49.3396897,-22.6659058],[-49.3616388,-22.6549165],[-49.3570218,-22.6449236],[-49.3339052,-22.6292416],[-49.329031,-22.6349365],[-49.2988814,-22.6254728],[-49.2641307,-22.5903228],[-49.2146032,-22.5839675],[-49.195097,-22.5729549],[-49.1791791,-22.578811],[-49.1525748,-22.5381774],[-49.1509859,-22.5196537],[-49.1127854,-22.5176265],[-49.0980522,-22.5076343],[-49.0928791,-22.4919242],[-49.0812138,-22.4893548],[-49.0824271,-22.4761212],[-49.0657202,-22.4390102],[-49.0682637,-22.4253462],[-49.0799071,-22.4171852],[-49.0736088,-22.4084167]]]}},{"type":"Feature","properties":{"level":"municipio","municipality_code":"3500758","municipality_name":"Alambari","uf":"SP","state_code":"35","area_km2":159.6},"geometry":{"type":"Polygon","coordinates":[[[-47.7793698,-23.5283902],[-47.7881071,-23.5667771],[-47.8012265,-23.5693786],[-47.8114993,-23.5875613],[-47.8474552,-23.5784814],[-47.8827123,-23.6135016],[-47.8956142,-23.6034419],[-47.9295661,-23.6097378],[-47.9388046,-23.5741606],[-47.9335246,-23.5601901],[-47.955924,-23.5524569],[-47.9507967,-23.5443519],[-47.9629523,-23.5355663],[-47.9678378,-23.5019534],[-47.9226916,-23.5205105],[-47.8519449,-23.5067085],[-47.8455487,-23.5122723],[-47.8108572,-23.4874679],[-47.7990452,-23.4979406],[-47.7892777,-23.4964921],[-47.7952947,-23.4995923],[-47.7869328,-23.5065664],[-47.793199,-23.5177714],[-47.7815045,-23.5190613],[-47.7793698,-23.5283902]]]}},{"type":"Feature","properties":{"level":"municipio","municipality_code":"3500808","municipality_name":"Alfredo Marcondes","uf":"SP","state_code":"35","area_km2":118.915},"geometry":{"type":"Polygon","coordinates":[[[-51.427591,-21.9978558],[-51.4628457,-21.9674749],[-51.469287,-21.9392036],[-51.4274829,-21.9352839],[-51.4214959,-21.9207971],[-51.4239007,-21.8771845],[-51.38651,-21.8870623],[-51.3775408,-21.8760944],[-51.3610717,-21.8808094],[-51.3256429,-21.8724977],[-51.3300955,-21.9182798],[-51.3681003,-21.9502],[-51.3663634,-21.9676329],[-51.3958403,-21.9855203],[-51.3927848,-22.0016757],[-51.427591,-21.9978558]]]}},{"type":"Feature","properties":{"level":"municipio","municipality_code":"3500907","municipality_name":"Altair","uf":"SP","state_code":"35","area_km2":313.007},"geometry":{"type":"Polygon","coordinates":[[[-49.0302867,-20.5017218],[-49.0110364,-20.5117507],[-49.0045438,-20.5254355],[-49.0090162,-20.546161],[-49.0232957,-20.5515169],[-49.0137375,-20.5588761],[-49.0159178,-20.5681272],[-48.9901134,-20.5817284],[-48.9988912,-20.6351503],[-49.0152645,-20.6500698],[-49.0301003,-20.6357963],[-49.0445197,-20.6342306],[-49.0579109,-20.6154786],[-49.0813707,-20.6229652],[-49.0884286,-20.6018467],[-49.1002588,-20.6088946],[-49.1174498,-20.6059638],[-49.1219159,-20.59661],[-49.1370012,-20.5936325],[-49.1358908,-20.5829756],[-49.161364,-20.5742305],[-49.1682182,-20.5518128],[-49.2001451,-20.5357099],[-49.1888804,-20.5114581],[-49.2111655,-20.5026453],[-49.21176,-20.4776556],[-49.2196068,-20.4718949],[-49.205054,-20.4668251],[-49.1810907,-20.4756935],[-49.165104,-20.4594558],[-49.1527508,-20.4640196],[-49.142213,-20.4549518],[-49.1425581,-20.4683698],[-49.1238195,-20.457858],[-49.1116446,-20.4256931],[-49.0960148,-20.4157458],[-49.0802048,-20.4290872],[-49.0887684,-20.4632268],[-49.0745675,-20.4514997],[-49.0536647,-20.4567972],[-49.0302867,-20.5017218]]]}},{"type":"Feature","properties":{"level":"municipio","municipality_code":"3501004","municipality_name":"Altinópolis","uf":"SP","state_code":"35","area_km2":928.956},"geometry":{"type":"Polygon","coordinates":[[[-47.2488748,-20.9902102],[-47.2398061,-20.993743],[-47.2538275,-21.0077185],[-47.233668,-21.0413611],[-47.2355944,-21.0669563],[-47.2233001,-21.0854507],[-47.2601666,-21.0755208],[-47.2702548,-21.0944941],[-47.3262716,-21.1008794],[-47.3390381,-21.1101919],[-47.349837,-21.137246],[-47.3798459,-21.1472751],[-47.3944477,-21.1381109],[-47.4301774,-21.1537107],[-47.4721598,-21.1833897],[-47.4807006,-21.2082114],[-47.5000648,-21.2143527],[-47.5031213,-21.2041361],[-47.5236076,-21.2055507],[-47.534827,-21.19309],[-47.527508,-21.180354],[-47.559744,-21.189709],[-47.581545,-21.172747],[-47.612723,-21.18199],[-47.628805,-21.170077],[-47.622921,-21.140997],[-47.601055,-21.139279],[-47.596117,-21.128122],[-47.566238,-21.110703],[-47.518114,-21.097933],[-47.524724,-21.060486],[-47.538471,-21.050818],[-47.5406385,-21.0345534],[-47.5272806,-21.0198002],[-47.5059493,-21.025049],[-47.4836595,-21.0163251],[-47.4909823,-21.0121186],[-47.4882515,-20.9974621],[-47.4651411,-20.9861934],[-47.4395321,-20.9604532],[-47.436791,-20.9182246],[-47.4066486,-20.8729403],[-47.4171643,-20.8407683],[-47.4121152,-20.8091431],[-47.3696915,-20.8271276],[-47.3449017,-20.8276863],[-47.3486517,-20.8478884],[-47.3366926,-20.8592092],[-47.3275566,-20.8593046],[-47.3145295,-20.8412831],[-47.2895525,-20.835916],[-47.2509986,-20.863909],[-47.2273595,-20.8564716],[-47.2400443,-20.8852817],[-47.2104581,-20.924139],[-47.1900399,-20.9282181],[-47.192566,-20.942053],[-47.1812762,-20.9538101],[-47.1937041,-20.9688301],[-47.2155314,-20.9710341],[-47.2256722,-20.9833638],[-47.2371594,-20.9814501],[-47.2488748,-20.9902102]]]}},{"type":"Feature","properties":{"level":"municipio","municipality_code":"3501103","municipality_name":"Alto Alegre","uf":"SP","state_code":"35","area_km2":318.574},"geometry":{"type":"Polygon","coordinates":[[[-50.1447513,-21.5512666],[-50.1026728,-21.5575517],[-50.1102999,-21.5779122],[-50.1060552,-21.5898425],[-50.0608534,-21.5839415],[-50.0797967,-21.610322],[-50.1001188,-21.6209986],[-50.106014,-21.681052],[-50.1145425,-21.6922355],[-50.1201452,-21.6849832],[-50.1303055,-21.6914654],[-50.1553819,-21.6810553],[-50.1682558,-21.6962297],[-50.207621,-21.6868129],[-50.2216058,-21.7017789],[-50.2444168,-21.6993621],[-50.2602014,-21.66137],[-50.3037561,-21.6181974],[-50.2988916,-21.5757478],[-50.284632,-21.5724685],[-50.2552958,-21.5447239],[-50.24159,-21.5447047],[-50.2385532,-21.5355299],[-50.1471691,-21.5277488],[-50.1447513,-21.5512666]]]}},{"type":"Feature","properties":{"level":"municipio","municipality_code":"3501152","municipality_name":"Alumínio","uf":"SP","state_code":"35","area_km2":83.619},"geometry":{"type":"Polygon","coordinates":[[[-47.3036497,-23.5202933],[-47.324279,-23.513532],[-47.316967,-23.463439],[-47.3104075,-23.4723288],[-47.300165,-23.4699267],[-47.2993794,-23.478092],[-47.2728816,-23.4782671],[-47.2714465,-23.4945011],[-47.229769,-23.514895],[-47.237783,-23.5327709],[-47.2300909,-23.5429548],[-47.2353112,-23.5573665],[-47.2528855,-23.5587066],[-47.254387,-23.5689486],[-47.2742332,-23.5815562],[-47.2772746,-23.5971895],[-47.2968467,-23.6036544],[-47.3099881,-23.5972918],[-47.3133401,-23.5811945],[-47.3036497,-23.5202933]]]}},{"type":"Feature","properties":{"level":"municipio","municipality_code":"3501509","municipality_name":"Alvinlândia","uf":"SP","state_code":"35","area_km2":84.879},"geometry":{"type":"Polygon","coordinates":[[[-49.7999213,-22.4454266],[-49.7629888,-22.4127291],[-49.7398802,-22.4064702],[-49.7464231,-22.3934573],[-49.7289953,-22.37656],[-49.7026251,-22.4235048],[-49.7023664,-22.4380042],[-49.7215091,-22.4640341],[-49.7494999,-22.4768443],[-49.7496091,-22.4926056],[-49.7611478,-22.5036577],[-49.7862827,-22.5037281],[-49.8176073,-22.5260772],[-49.8198586,-22.5074202],[-49.8048417,-22.4877136],[-49.7999213,-22.4454266]]]}},{"type":"Feature","properties":{"level":"municipio","municipality_code":"3501608","municipality_name":"Americana","uf":"SP","state_code":"35","area_km2":133.912},"geometry":{"type":"Polygon","coordinates":[[[-47.2269372,-22.7313783],[-47.241055,-22.758258],[-47.2538725,-22.757547],[-47.2628051,-22.7661864],[-47.2875654,-22.7536823],[-47.318694,-22.762087],[-47.3512013,-22.7850318],[-47.3621011,-22.7518275],[-47.354859,-22.7348188],[-47.367954,-22.707983],[-47.378993,-22.709662],[-47.3880621,-22.6992704],[-47.379693,-22.686783],[-47.362286,-22.680539],[-47.330777,-22.713533],[-47.312744,-22.687374],[-47.2802211,-22.6923567],[-47.2853633,-22.687254],[-47.2766879,-22.663234],[-47.256312,-22.6718995],[-47.2539931,-22.6889973],[-47.2395007,-22.6804231],[-47.204259,-22.6982707],[-47.1942112,-22.7297874],[-47.2108084,-22.7429462],[-47.2269372,-22.7313783]]]}},{"type":"Feature","properties":{"level":"municipio","municipality_code":"3501905","municipality_name":"Amparo","uf":"SP","state_code":"35","area_km2":445.323},"geometry":{"type":"Polygon","coordinates":[[[-46.783672,-22.85174],[-46.7937765,-22.8342179],[-46.811236,-22.8360762],[-46.8182016,-22.84507],[-46.8371396,-22.8433917],[-46.8402413,-22.8255097],[-46.8288212,-22.8033533],[-46.8356552,-22.799507],[-46.8353019,-22.776376],[-46.8497648,-22.7605347],[-46.8485289,-22.7499488],[-46.8597498,-22.7461127],[-46.8636236,-22.7280965],[-46.8845536,-22.7156188],[-46.8796116,-22.6909415],[-46.90984,-22.6865947],[-46.9138138,-22.7000384],[-46.9322028,-22.6814675],[-46.8979381,-22.6571214],[-46.8974287,-22.6248531],[-46.8637407,-22.6025393],[-46.8728632,-22.5853761],[-46.8325229,-22.5789815],[-46.8184734,-22.5528693],[-46.7962638,-22.541204],[-46.7832447,-22.5471371],[-46.7840939,-22.5607937],[-46.7561473,-22.5697973],[-46.7354461,-22.5931411],[-46.7515895,-22.5908992],[-46.7662525,-22.6040989],[-46.7491354,-22.6178285],[-46.755407,-22.6271452],[-46.7433426,-22.6508436],[-46.7267282,-22.6559306],[-46.7283314,-22.6816372],[-46.7189444,-22.6859613],[-46.7173583,-22.7001526],[-46.7109394,-22.6989122],[-46.7104195,-22.7134793],[-46.7002985,-22.7150793],[-46.700421,-22.7242405],[-46.6808283,-22.7379582],[-46.6887932,-22.7454774],[-46.6828693,-22.7490695],[-46.7088652,-22.7680262],[-46.7088727,-22.7805198],[-46.7212803,-22.7836705],[-46.7294501,-22.8167886],[-46.7545068,-22.8224485],[-46.7666827,-22.8523431],[-46.7750608,-22.8465315],[-46.783672,-22.85174]]]}},{"type":"Feature","properties":{"level":"municipio","municipality_code":"3501707","municipality_name":"Américo Brasiliense","uf":"SP","state_code":"35","area_km2":122.958},"geometry":{"type":"Polygon","coordinates":[[[-48.1019628,-21.7704123],[-48.1449235,-21.7202659],[-48.1458313,-21.7015698],[-48.0953781,-21.7148225],[-48.0384705,-21.6949133],[-47.943736,-21.6890367],[-47.9299368,-21.6777476],[-47.9097949,-21.6781506],[-47.9210328,-21.7191124],[-47.9676824,-21.7416132],[-48.0276977,-21.7404784],[-48.0440631,-21.7581493],[-48.0734008,-21.7584211],[-48.1019628,-21.7704123]]]}},{"type":"Feature","properties":{"level":"municipio","municipality_code":"3501806","municipality_name":"Américo de Campos","uf":"SP","state_code":"35","area_km2":252.876},"geometry":{"type":"Polygon","coordinates":[[[-49.6866104,-20.2231842],[-49.6768268,-20.2396531],[-49.6652864,-20.2363971],[-49.6463825,-20.2467335],[-49.6482765,-20.2600103],[-49.690544,-20.2963116],[-49.6937308,-20.3166616],[-49.7279672,-20.33598],[-49.7329039,-20.3499099],[-49.7523029,-20.3558071],[-49.7692,-20.3780751],[-49.8030803,-20.3845948],[-49.7997788,-20.3737589],[-49.8105091,-20.3661882],[-49.8524869,-20.3527613],[-49.8606477,-20.3573843],[-49.8616721,-20.333779],[-49.8494344,-20.3274758],[-49.8618202,-20.3150053],[-49.8662479,-20.286726],[-49.8462128,-20.2445425],[-49.8387673,-20.2076069],[-49.8124501,-20.1947253],[-49.7984909,-20.2297623],[-49.8231487,-20.2584855],[-49.8195199,-20.2848521],[-49.7534796,-20.2655566],[-49.7563853,-20.2504816],[-49.7253679,-20.2305095],[-49.7266361,-20.2085827],[-49.7146066,-20.2013872],[-49.6796556,-20.1999348],[-49.6699251,-20.2173673],[-49.6866104,-20.2231842]]]}},{"type":"Feature","properties":{"level":"municipio","municipality_code":"3502002","municipality_name":"Analândia","uf":"SP","state_code":"35","area_km2":325.953},"geometry":{"type":"Polygon","coordinates":[[[-47.5903962,-22.1525068],[-47.5993155,-22.1790695],[-47.6949446,-22.2015807],[-47.7112944,-22.2144991],[-47.7131789,-22.2400916],[-47.731188,-22.202742],[-47.729084,-22.187239],[-47.7545,-22.191143],[-47.760452,-22.163217],[-47.788703,-22.145879],[-47.7997673,-22.1281515],[-47.7871556,-22.1131896],[-47.7898323,-22.0978222],[-47.7526353,-22.0899384],[-47.7439836,-22.0544775],[-47.6756493,-22.0130511],[-47.6580761,-22.0517978],[-47.636384,-22.0550823],[-47.6247918,-22.0439911],[-47.5620335,-22.113795],[-47.5511472,-22.1535573],[-47.5903962,-22.1525068]]]}},{"type":"Feature","properties":{"level":"municipio","municipality_code":"3502101","municipality_name":"Andradina","uf":"SP","state_code":"35","area_km2":964.226},"geometry":{"type":"Polygon","coordinates":[[[-51.4200366,-20.6839623],[-51.3715976,-20.6900756],[-51.2724632,-20.6633587],[-51.2609979,-20.6519777],[-51.2310253,-20.6461899],[-51.2000174,-20.6512501],[-51.1988978,-20.6860167],[-51.1682367,-20.7227612],[-51.1520676,-20.7603886],[-51.1425123,-20.7641122],[-51.1341997,-20.8156557],[-51.1429699,-20.8545292],[-51.1787789,-20.8536588],[-51.1871723,-20.8639993],[-51.2112787,-20.8625263],[-51.2269242,-20.8489523],[-51.238523,-20.8584437],[-51.290141,-20.8671219],[-51.2819602,-20.8854321],[-51.2976258,-20.903696],[-51.2831206,-20.9188196],[-51.2928284,-20.9482728],[-51.2885822,-20.9542825],[-51.3001648,-20.9613302],[-51.3040281,-20.9753658],[-51.3445257,-20.9819764],[-51.3558705,-20.9915882],[-51.3845972,-21.0394027],[-51.394271,-21.0813369],[-51.4019722,-21.075381],[-51.4360133,-21.0855768],[-51.4815504,-21.0364873],[-51.4653218,-20.9994316],[-51.4787154,-20.9579622],[-51.4652835,-20.9238419],[-51.4678959,-20.9086699],[-51.4517088,-20.8912522],[-51.4510054,-20.7666041],[-51.4392278,-20.7279227],[-51.4243549,-20.7123269],[-51.4200366,-20.6839623]]]}},{"type":"Feature","properties":{"level":"municipio","municipality_code":"3502200","municipality_name":"Angatuba","uf":"SP","state_code":"35","area_km2":1027.288},"geometry":{"type":"Polygon","coordinates":[[[-48.3982291,-23.5761674],[-48.4125289,-23.5646997],[-48.4075912,-23.5529284],[-48.4147944,-23.534309],[-48.4369051,-23.535442],[-48.4454012,-23.525665],[-48.4937547,-23.5305587],[-48.5217775,-23.5093531],[-48.5389561,-23.5150283],[-48.5330689,-23.5399392],[-48.5502319,-23.5411612],[-48.5486519,-23.5486537],[-48.53971,-23.542583],[-48.5337629,-23.5560071],[-48.5582136,-23.5536212],[-48.5681529,-23.5673455],[-48.5634189,-23.5751199],[-48.5963622,-23.571097],[-48.5965494,-23.5845422],[-48.6092457,-23.5823245],[-48.6155046,-23.5614609],[-48.6296571,-23.5596172],[-48.6303789,-23.5457743],[-48.6217687,-23.5382132],[-48.6432978,-23.5443835],[-48.6523239,-23.5375002],[-48.6473324,-23.5220963],[-48.6328761,-23.5223141],[-48.6245379,-23.4971187],[-48.629722,-23.4885459],[-48.6151731,-23.4908137],[-48.6427411,-23.4718918],[-48.6533732,-23.43049],[-48.6493693,-23.4221657],[-48.656098,-23.4096452],[-48.6360088,-23.4053376],[-48.6279332,-23.3563704],[-48.6474606,-23.3290778],[-48.5905088,-23.314921],[-48.5790202,-23.2965978],[-48.5674959,-23.2965667],[-48.5540976,-23.2793638],[-48.5379192,-23.2734441],[-48.5121924,-23.2719351],[-48.4915389,-23.2611333],[-48.4360667,-23.2733929],[-48.4185853,-23.2625298],[-48.4060447,-23.2676308],[-48.4011878,-23.2875251],[-48.3607197,-23.3007004],[-48.3798023,-23.3155384],[-48.3870766,-23.3437545],[-48.368016,-23.3443749],[-48.3560718,-23.3753215],[-48.3704955,-23.4079701],[-48.3328778,-23.4233266],[-48.3282757,-23.433482],[-48.3222862,-23.4231512],[-48.3018239,-23.4156822],[-48.2943403,-23.4453108],[-48.2675277,-23.4498659],[-48.2673959,-23.4666358],[-48.2515472,-23.468827],[-48.2450339,-23.4781896],[-48.2265562,-23.4716001],[-48.2170816,-23.483149],[-48.1928427,-23.4902072],[-48.1947403,-23.499293],[-48.215356,-23.5008811],[-48.2199198,-23.5118778],[-48.2496011,-23.5315608],[-48.2729559,-23.5757533],[-48.278053,-23.5666179],[-48.296873,-23.5645362],[-48.2934807,-23.5791781],[-48.3036915,-23.5903651],[-48.3185947,-23.5865768],[-48.3292162,-23.5969838],[-48.3359001,-23.5916213],[-48.3339173,-23.5773083],[-48.3450449,-23.5727374],[-48.3434749,-23.58039],[-48.3502359,-23.5818932],[-48.3625608,-23.5675353],[-48.364692,-23.5790532],[-48.3802477,-23.5783195],[-48.3753736,-23.6352932],[-48.3990916,-23.6132116],[-48.3982291,-23.5761674]]]}},{"type":"Feature","properties":{"level":"municipio","municipality_code":"3502309","municipality_name":"Anhembi","uf":"SP","state_code":"35","area_km2":736.557},"geometry":{"type":"Polygon","coordinates":[[[-48.2396387,-22.6461366],[-48.2463776,-22.6190387],[-48.229458,-22.5940455],[-48.2177904,-22.5983055],[-48.2104662,-22.6181138],[-48.1603772,-22.6378083],[-48.0952588,-22.6237677],[-48.090343,-22.6323841],[-48.0956658,-22.6488089],[-48.088288,-22.652262],[-48.098664,-22.688783],[-48.083882,-22.72393],[-48.070082,-22.736922],[-48.030477,-22.719304],[-48.01428,-22.734649],[-48.016073,-22.748919],[-48.02786,-22.754213],[-48.03236,-22.826353],[-48.0475286,-22.8318929],[-48.0681923,-22.8224113],[-48.0814148,-22.8299685],[-48.0861897,-22.8212963],[-48.0971174,-22.8284391],[-48.0995603,-22.8215929],[-48.100004,-22.8293688],[-48.1135381,-22.836013],[-48.114087,-22.8489542],[-48.1014776,-22.8521617],[-48.1060792,-22.863588],[-48.1129603,-22.8553507],[-48.1216026,-22.86259],[-48.1144485,-22.8808633],[-48.1319513,-22.8813654],[-48.132226,-22.8885882],[-48.1206188,-22.8925182],[-48.1399397,-22.9046675],[-48.1344084,-22.9290275],[-48.1225181,-22.9304213],[-48.1392421,-22.9649033],[-48.1321678,-22.9822261],[-48.1571057,-22.9973089],[-48.1687362,-22.9950726],[-48.1778203,-22.9780918],[-48.2056695,-22.9950603],[-48.2180294,-22.9934776],[-48.2438572,-22.9715953],[-48.2913375,-22.9582491],[-48.295513,-22.9386449],[-48.3101513,-22.928449],[-48.2932177,-22.8767899],[-48.2647699,-22.8714144],[-48.2537747,-22.8497456],[-48.2609488,-22.845193],[-48.2530056,-22.8330623],[-48.2633351,-22.7674136],[-48.2896914,-22.7531194],[-48.2845087,-22.7363523],[-48.2575282,-22.7390925],[-48.2482171,-22.7327544],[-48.2500162,-22.6780292],[-48.2396387,-22.6461366]]]}},{"type":"Feature","properties":{"level":"municipio","municipality_code":"3502408","municipality_name":"Anhumas","uf":"SP","state_code":"35","area_km2":320.84},"geometry":{"type":"Polygon","coordinates":[[[-51.4008787,-22.2005676],[-51.3561747,-22.2583052],[-51.3575,-22.278974],[-51.3464155,-22.3001335],[-51.3525604,-22.324624],[-51.348593,-22.347713],[-51.3640191,-22.3590719],[-51.3681137,-22.3861835],[-51.3903805,-22.4025792],[-51.3913364,-22.4289262],[-51.4073765,-22.4466608],[-51.40717,-22.4647043],[-51.4337515,-22.4822484],[-51.4527595,-22.5156651],[-51.4659906,-22.4858658],[-51.4851367,-22.4830773],[-51.5202393,-22.458216],[-51.5002539,-22.4029992],[-51.5008156,-22.3759789],[-51.4823066,-22.3552613],[-51.4729487,-22.3144885],[-51.4560631,-22.3026393],[-51.4503952,-22.2742321],[-51.4155668,-22.2514558],[-51.4171335,-22.2236422],[-51.4340355,-22.20547],[-51.4190403,-22.1981301],[-51.4008787,-22.2005676]]]}},{"type":"Feature","properties":{"level":"municipio","municipality_code":"3502507","municipality_name":"Aparecida","uf":"SP","state_code":"35","area_km2":120.89},"geometry":{"type":"Polygon","coordinates":[[[-45.2116729,-22.8312972],[-45.2002188,-22.8410807],[-45.1996629,-22.8522262],[-45.2083235,-22.8647409],[-45.213189,-22.9373035],[-45.1966926,-22.9450211],[-45.2022124,-22.9606518],[-45.188548,-22.9703585],[-45.2120569,-22.9884823],[-45.2315219,-22.9922373],[-45.2343867,-23.0011127],[-45.2455595,-22.9987964],[-45.2577477,-23.0080006],[-45.279021,-22.9411615],[-45.2770134,-22.9292466],[-45.267884,-22.9254377],[-45.2753864,-22.9128237],[-45.2549923,-22.8965662],[-45.2707693,-22.8866335],[-45.269611,-22.8749595],[-45.2816762,-22.8592141],[-45.2707872,-22.8490252],[-45.2488277,-22.8545895],[-45.2521322,-22.8456415],[-45.229118,-22.8140404],[-45.2205358,-22.8181504],[-45.212398,-22.8106271],[-45.2116729,-22.8312972]]]}},{"type":"Feature","properties":{"level":"municipio","municipality_code":"3502606","municipality_name":"Aparecida d'Oeste","uf":"SP","state_code":"35","area_km2":179.004},"geometry":{"type":"Polygon","coordinates":[[[-50.9181521,-20.4328253],[-50.8893723,-20.4377159],[-50.8817174,-20.4236466],[-50.838548,-20.4120716],[-50.8587839,-20.4423449],[-50.8629884,-20.5258353],[-50.8717488,-20.5415207],[-50.8817037,-20.5425358],[-50.8784802,-20.5498535],[-50.8861862,-20.5585182],[-50.896414,-20.5575286],[-50.893468,-20.5442183],[-50.9025091,-20.5389104],[-50.9170563,-20.550418],[-50.9244468,-20.5452938],[-50.9315711,-20.5547583],[-50.9603133,-20.5571173],[-50.964591,-20.5222736],[-50.9824193,-20.4961873],[-50.9802193,-20.4585708],[-50.9899676,-20.4280401],[-50.961897,-20.3980661],[-50.9143548,-20.4179437],[-50.9181521,-20.4328253]]]}},{"type":"Feature","properties":{"level":"municipio","municipality_code":"3502705","municipality_name":"Apiaí","uf":"SP","state_code":"35","area_km2":974.322},"geometry":{"type":"Polygon","coordinates":[[[-48.7251323,-24.5193513],[-48.7278857,-24.5275535],[-48.779634,-24.5562875],[-48.8867556,-24.5860993],[-48.8951319,-24.5836652],[-48.887333,-24.5790982],[-48.8816544,-24.5532345],[-48.9031772,-24.5564217],[-48.9786332,-24.5349239],[-48.9844596,-24.5137009],[-48.9417105,-24.4851438],[-48.9484517,-24.4535163],[-48.9677974,-24.4499227],[-48.9769961,-24.4283629],[-49.0032348,-24.4408076],[-49.0108312,-24.4365575],[-49.0122835,-24.4170866],[-48.9988839,-24.3994552],[-49.0044531,-24.3614867],[-49.0120062,-24.3568464],[-49.0232034,-24.3758722],[-49.0496837,-24.3793821],[-49.1029723,-24.3355112],[-49.1199012,-24.3300711],[-49.0859991,-24.3123943],[-49.0748925,-24.2848944],[-49.0885422,-24.2806409],[-49.0845165,-24.2707465],[-49.1076921,-24.2499809],[-49.0813654,-24.257041],[-49.061048,-24.2430212],[-49.0375774,-24.2580605],[-49.0180588,-24.2893232],[-49.0025468,-24.2982423],[-48.9981534,-24.3104338],[-48.9869712,-24.31234],[-48.9793566,-24.3476645],[-48.9670069,-24.3505713],[-48.95324,-24.3295629],[-48.883456,-24.3306206],[-48.8640877,-24.3480714],[-48.8385013,-24.3402409],[-48.7969969,-24.3610178],[-48.7671623,-24.3623],[-48.761186,-24.3738705],[-48.7380282,-24.3722326],[-48.7232389,-24.3921602],[-48.7109107,-24.3820149],[-48.6966919,-24.3830608],[-48.6899193,-24.3916937],[-48.6667016,-24.3891395],[-48.663175,-24.3826232],[-48.6756715,-24.3711332],[-48.6711692,-24.3559082],[-48.6420941,-24.3305183],[-48.6334668,-24.3363151],[-48.6256141,-24.3299609],[-48.6140349,-24.3364282],[-48.6053809,-24.3319927],[-48.6080271,-24.338737],[-48.5937246,-24.3425766],[-48.5784213,-24.332785],[-48.5612944,-24.3407876],[-48.544114,-24.334214],[-48.5360685,-24.3473893],[-48.5142379,-24.3380955],[-48.50155,-24.3482542],[-48.5052933,-24.3555765],[-48.4899416,-24.3770801],[-48.493299,-24.3875344],[-48.5027149,-24.3871155],[-48.5207106,-24.4068976],[-48.517428,-24.4205847],[-48.5495645,-24.4404587],[-48.5866886,-24.4348419],[-48.6145838,-24.4579265],[-48.6180582,-24.4429826],[-48.6302714,-24.4371778],[-48.6316047,-24.4578287],[-48.654634,-24.4560909],[-48.6742228,-24.4743842],[-48.6667613,-24.4785772],[-48.6729225,-24.4879502],[-48.7251323,-24.5193513]]]}},{"type":"Feature","properties":{"level":"municipio","municipality_code":"3503000","municipality_name":"Aramina","uf":"SP","state_code":"35","area_km2":202.829},"geometry":{"type":"Polygon","coordinates":[[[-47.7886757,-20.0683162],[-47.7736162,-20.0780853],[-47.7482948,-20.1192087],[-47.7379496,-20.1220607],[-47.7368394,-20.1295556],[-47.7491267,-20.133759],[-47.7501477,-20.1450564],[-47.741642,-20.1517443],[-47.7848607,-20.1653335],[-47.7669845,-20.1887564],[-47.769718,-20.1985661],[-47.794382,-20.1992024],[-47.7945432,-20.227778],[-47.8454822,-20.2469249],[-47.8619884,-20.2283052],[-47.8476055,-20.2180222],[-47.853793,-20.2151172],[-47.8492491,-20.2078408],[-47.8634131,-20.2048336],[-47.858305,-20.1927866],[-47.8714346,-20.1926023],[-47.8712878,-20.1699185],[-47.8895105,-20.1557889],[-47.8879732,-20.1343632],[-47.8994,-20.1256745],[-47.8750773,-20.0983727],[-47.8698078,-20.0761523],[-47.8504404,-20.0692572],[-47.7886757,-20.0683162]]]}},{"type":"Feature","properties":{"level":"municipio","municipality_code":"3503109","municipality_name":"Arandu","uf":"SP","state_code":"35","area_km2":285.908},"geometry":{"type":"Polygon","coordinates":[[[-49.0399865,-23.0960589],[-49.0146574,-23.085799],[-48.992879,-23.0869979],[-48.9736209,-23.1074124],[-48.9860152,-23.1227765],[-48.9811166,-23.1603044],[-48.9887837,-23.1809538],[-49.00146,-23.1871725],[-48.988751,-23.2236749],[-49.0126347,-23.2621849],[-49.1513206,-23.2600661],[-49.1500929,-23.2405232],[-49.13965,-23.2264449],[-49.1431494,-23.1590118],[-49.1219019,-23.0967459],[-49.0924504,-23.0963932],[-49.0894489,-23.1040126],[-49.0684423,-23.0932227],[-49.0399865,-23.0960589]]]}},{"type":"Feature","properties":{"level":"municipio","municipality_code":"3503158","municipality_name":"Arapeí","uf":"SP","state_code":"35","area_km2":156.903},"geometry":{"type":"Polygon","coordinates":[[[-44.453085,-22.6453249],[-44.4520578,-22.6267832],[-44.4665709,-22.6223558],[-44.4662081,-22.6156886],[-44.4314745,-22.5986518],[-44.4017942,-22.6066859],[-44.4096505,-22.5884303],[-44.3923701,-22.572494],[-44.3598084,-22.5811739],[-44.3704205,-22.5897465],[-44.3598616,-22.5930541],[-44.3599649,-22.609879],[-44.3665036,-22.6123421],[-44.3662221,-22.6244687],[-44.3841772,-22.6282311],[-44.376832,-22.6537036],[-44.3954197,-22.677298],[-44.3927745,-22.6888551],[-44.4157466,-22.7311266],[-44.4256481,-22.7351663],[-44.4278622,-22.724922],[-44.4519813,-22.7328889],[-44.4538025,-22.7404368],[-44.4778325,-22.7392094],[-44.5131756,-22.7719113],[-44.5160006,-22.7591564],[-44.5311438,-22.7558636],[-44.5303306,-22.7286727],[-44.4673161,-22.6792151],[-44.4595966,-22.6690434],[-44.4646656,-22.6536609],[-44.453085,-22.6453249]]]}},{"type":"Feature","properties":{"level":"municipio","municipality_code":"3503208","municipality_name":"Araraquara","uf":"SP","state_code":"35","area_km2":1003.625},"geometry":{"type":"Polygon","coordinates":[[[-48.1665577,-21.9724065],[-48.1871896,-21.9670774],[-48.2041436,-21.9293786],[-48.2296684,-21.9251476],[-48.2683987,-21.8677905],[-48.2803527,-21.8644753],[-48.2871294,-21.8725391],[-48.2970792,-21.8658238],[-48.3075278,-21.8727573],[-48.3402451,-21.8526115],[-48.3669635,-21.8591161],[-48.3965821,-21.8541541],[-48.3953064,-21.833729],[-48.3687079,-21.7975425],[-48.3607803,-21.753437],[-48.3426762,-21.7473877],[-48.3308235,-21.6973008],[-48.3051459,-21.690343],[-48.2729873,-21.6487733],[-48.2718858,-21.6203392],[-48.2852428,-21.5967781],[-48.2595165,-21.539326],[-48.1966986,-21.6058599],[-48.1939236,-21.6172353],[-48.1760842,-21.6177981],[-48.1664659,-21.6060171],[-48.165658,-21.6643598],[-48.1805287,-21.684124],[-48.1458313,-21.7015698],[-48.1440431,-21.7217286],[-48.1040656,-21.7694613],[-48.0734008,-21.7584211],[-48.0440631,-21.7581493],[-48.0276977,-21.7404784],[-47.9676824,-21.7416132],[-47.9469135,-21.7660343],[-47.9471828,-21.7831914],[-47.971401,-21.8083659],[-47.9742225,-21.8374276],[-47.9917989,-21.8497407],[-47.9925143,-21.8587159],[-47.9818124,-21.8581509],[-47.9763406,-21.8686299],[-48.013418,-21.8872518],[-48.038164,-21.8585374],[-48.0463936,-21.9050674],[-48.0684102,-21.9054911],[-48.0607821,-21.9204644],[-48.067661,-21.9520601],[-48.1038519,-21.9517985],[-48.1665577,-21.9724065]]]}},{"type":"Feature","properties":{"level":"municipio","municipality_code":"3503307","municipality_name":"Araras","uf":"SP","state_code":"35","area_km2":644.831},"geometry":{"type":"Polygon","coordinates":[[[-47.3828671,-22.4447022],[-47.4670311,-22.4186432],[-47.4618769,-22.4038228],[-47.483903,-22.3786989],[-47.4620094,-22.3113388],[-47.4679089,-22.3067681],[-47.4625134,-22.2958805],[-47.4697796,-22.2453625],[-47.4465322,-22.2651358],[-47.4038562,-22.2653877],[-47.3716606,-22.2337476],[-47.3466981,-22.2470052],[-47.3301581,-22.2391909],[-47.3229372,-22.2437112],[-47.3102788,-22.2255689],[-47.2840971,-22.2308106],[-47.2623841,-22.2259303],[-47.2512228,-22.2137839],[-47.2525549,-22.200741],[-47.2287067,-22.1951584],[-47.2220791,-22.204106],[-47.2424169,-22.2238602],[-47.2396273,-22.2314628],[-47.2335419,-22.2197679],[-47.2184432,-22.2307717],[-47.2315673,-22.2447077],[-47.2302655,-22.2568258],[-47.2089158,-22.2800871],[-47.1840241,-22.2748762],[-47.1850474,-22.2934785],[-47.2097251,-22.321716],[-47.1751568,-22.4082381],[-47.1788246,-22.4230117],[-47.1897624,-22.4329267],[-47.2152034,-22.4320598],[-47.2270879,-22.4576539],[-47.2528967,-22.4768624],[-47.2736686,-22.4622143],[-47.2958778,-22.4616753],[-47.3036676,-22.4445899],[-47.3583364,-22.4614007],[-47.3828671,-22.4447022]]]}},{"type":"Feature","properties":{"level":"municipio","municipality_code":"3502754","municipality_name":"Araçariguama","uf":"SP","state_code":"35","area_km2":145.204},"geometry":{"type":"Polygon","coordinates":[[[-47.071617,-23.475582],[-47.112967,-23.486746],[-47.126206,-23.462621],[-47.139354,-23.456178],[-47.139157,-23.440073],[-47.126246,-23.425302],[-47.139863,-23.416579],[-47.1354033,-23.404743],[-47.1424481,-23.3926549],[-47.1367715,-23.3817626],[-47.1187611,-23.375617],[-47.122419,-23.4029461],[-47.0852465,-23.4030344],[-47.081736,-23.3813248],[-47.1011014,-23.3868215],[-47.1050722,-23.370607],[-47.0946348,-23.3712291],[-47.0878128,-23.3532304],[-47.0704385,-23.3590185],[-47.0447843,-23.3511113],[-47.0290144,-23.3754958],[-47.0426254,-23.3867469],[-47.0361237,-23.3990847],[-47.037571,-23.435529],[-47.010532,-23.445723],[-47.017842,-23.483691],[-46.995036,-23.506993],[-47.043937,-23.516099],[-47.052134,-23.488517],[-47.071617,-23.475582]]]}},{"type":"Feature","properties":{"level":"municipio","municipality_code":"3502804","municipality_name":"Araçatuba","uf":"SP","state_code":"35","area_km2":1167.126},"geometry":{"type":"Polygon","coordinates":[[[-50.3922202,-21.2141517],[-50.4047047,-21.2288807],[-50.3904435,-21.2516822],[-50.4665508,-21.2971089],[-50.4623313,-21.301823],[-50.4847158,-21.3525567],[-50.5184865,-21.3817792],[-50.544622,-21.4453151],[-50.5738893,-21.4553901],[-50.581676,-21.4417549],[-50.6222711,-21.4517189],[-50.618459,-21.4303486],[-50.6013926,-21.4155382],[-50.6057199,-21.3591568],[-50.573507,-21.2962745],[-50.5573157,-21.2917947],[-50.5436061,-21.2684557],[-50.544895,-21.2522224],[-50.5772094,-21.2028836],[-50.5709148,-21.1854155],[-50.5954873,-21.1652142],[-50.5929855,-21.1543146],[-50.6029665,-21.1484418],[-50.5995844,-21.1333943],[-50.6228606,-21.1287812],[-50.6166046,-21.1060355],[-50.6389546,-21.0721017],[-50.6351073,-21.0452155],[-50.6869306,-21.0399997],[-50.7973048,-20.9852212],[-50.7979045,-20.9635465],[-50.8996008,-20.9097714],[-50.867278,-20.8613386],[-50.8666,-20.8305159],[-50.7650234,-20.8914542],[-50.6776213,-20.8923621],[-50.6343589,-20.9504603],[-50.6131419,-20.9685037],[-50.5784221,-20.9744852],[-50.5613304,-20.9856204],[-50.523018,-21.0354701],[-50.4619866,-21.0458972],[-50.4323557,-21.0319019],[-50.39013,-21.0653072],[-50.3714763,-21.0423398],[-50.3549207,-21.0453229],[-50.343113,-21.0805881],[-50.3618166,-21.1200758],[-50.3566062,-21.1291087],[-50.3847199,-21.1573461],[-50.3937099,-21.1825482],[-50.3922202,-21.2141517]]]}},{"type":"Feature","properties":{"level":"municipio","municipality_code":"3502903","municipality_name":"Araçoiaba da Serra","uf":"SP","state_code":"35","area_km2":255.305},"geometry":{"type":"Polygon","coordinates":[[[-47.5872588,-23.4810228],[-47.565001,-23.467873],[-47.552222,-23.487608],[-47.554543,-23.528987],[-47.565497,-23.542044],[-47.5542114,-23.5635312],[-47.5576132,-23.5747337],[-47.5818239,-23.585116],[-47.6300818,-23.5653651],[-47.6445643,-23.597874],[-47.6394437,-23.6133686],[-47.6696229,-23.6312888],[-47.688946,-23.6239699],[-47.714196,-23.6304925],[-47.7185764,-23.6201573],[-47.7287698,-23.631113],[-47.7373789,-23.6245728],[-47.7319636,-23.6024021],[-47.7480415,-23.611308],[-47.7537988,-23.5953673],[-47.7651993,-23.5935257],[-47.7550351,-23.5765071],[-47.74463,-23.5761085],[-47.7605116,-23.560792],[-47.7179201,-23.5346907],[-47.6975617,-23.4940335],[-47.6516367,-23.4666693],[-47.6506628,-23.4585924],[-47.6308041,-23.4545714],[-47.5872588,-23.4810228]]]}},{"type":"Feature","properties":{"level":"municipio","municipality_code":"3503356","municipality_name":"Arco-Íris","uf":"SP","state_code":"35","area_km2":264.904},"geometry":{"type":"Polygon","coordinates":[[[-50.4249648,-21.698071],[-50.399877,-21.7164814],[-50.3620764,-21.7255862],[-50.3487717,-21.7096665],[-50.335143,-21.7172576],[-50.3212553,-21.7063986],[-50.3084773,-21.714515],[-50.3297683,-21.7529283],[-50.3294357,-21.7934348],[-50.3456298,-21.8192594],[-50.3624526,-21.8277618],[-50.4257425,-21.8042896],[-50.4665628,-21.8331686],[-50.4726634,-21.8503307],[-50.4914697,-21.8514384],[-50.5070228,-21.8264556],[-50.5399727,-21.8153922],[-50.5273493,-21.7572582],[-50.5119501,-21.7319909],[-50.5170625,-21.7099257],[-50.5107805,-21.703329],[-50.5032025,-21.7157962],[-50.4848274,-21.7023299],[-50.4645538,-21.7067827],[-50.4613171,-21.6874925],[-50.4249648,-21.698071]]]}},{"type":"Feature","properties":{"level":"municipio","municipality_code":"3503406","municipality_name":"Arealva","uf":"SP","state_code":"35","area_km2":506.226},"geometry":{"type":"Polygon","coordinates":[[[-48.8543744,-22.0691322],[-48.8794473,-22.1090996],[-48.9062532,-22.1223429],[-48.9170137,-22.1470853],[-48.9712792,-22.2003036],[-48.9908392,-22.2162034],[-49.0078975,-22.2194486],[-49.0332966,-22.2139785],[-49.035424,-22.1948965],[-49.0704153,-22.1673706],[-49.0691985,-22.1305161],[-49.1081887,-22.1064811],[-49.1354206,-22.0521746],[-49.1077179,-22.0234859],[-49.0820079,-22.0147924],[-49.0702048,-22.018917],[-49.0527803,-22.0041288],[-49.010625,-22.0268858],[-48.998285,-22.0026013],[-48.9663036,-21.9818156],[-48.9611874,-21.963436],[-48.9320413,-21.9476351],[-48.9091845,-21.9458456],[-48.9030026,-21.933304],[-48.877919,-21.9410644],[-48.8627309,-21.9581989],[-48.8890946,-22.0109219],[-48.855164,-22.0365609],[-48.8543744,-22.0691322]]]}},{"type":"Feature","properties":{"level":"municipio","municipality_code":"3503505","municipality_name":"Areias","uf":"SP","state_code":"35","area_km2":305.227},"geometry":{"type":"Polygon","coordinates":[[[-44.7089892,-22.7971163],[-44.7329912,-22.8021032],[-44.754025,-22.7886133],[-44.744686,-22.7711262],[-44.7505261,-22.7602604],[-44.7655557,-22.7576615],[-44.7448163,-22.733747],[-44.758016,-22.729003],[-44.7741078,-22.7038249],[-44.7740144,-22.6754161],[-44.7609677,-22.6477201],[-44.7636006,-22.6274386],[-44.7797089,-22.6054963],[-44.8081361,-22.6213543],[-44.8167005,-22.6136848],[-44.7885148,-22.5968776],[-44.7900845,-22.5867236],[-44.7488824,-22.5704015],[-44.7396627,-22.5785638],[-44.7325282,-22.5752397],[-44.7323397,-22.5621561],[-44.7185366,-22.5549563],[-44.7158978,-22.5393658],[-44.697797,-22.5342448],[-44.6892067,-22.5211627],[-44.6698944,-22.5386415],[-44.6774261,-22.5615001],[-44.6615327,-22.5509361],[-44.6417297,-22.5593704],[-44.6434484,-22.6004855],[-44.6887864,-22.6456224],[-44.6778807,-22.6528187],[-44.6795905,-22.6904952],[-44.6708306,-22.7157906],[-44.6808637,-22.7259515],[-44.6573647,-22.7280202],[-44.665556,-22.7361842],[-44.6517273,-22.7565658],[-44.6594438,-22.772311],[-44.6477771,-22.7823746],[-44.6557735,-22.7942324],[-44.6501963,-22.7990843],[-44.6698263,-22.8211092],[-44.6897389,-22.8195443],[-44.7216752,-22.8342443],[-44.7225263,-22.8249933],[-44.7048372,-22.8091935],[-44.7089892,-22.7971163]]]}},{"type":"Feature","properties":{"level":"municipio","municipality_code":"3503604","municipality_name":"Areiópolis","uf":"SP","state_code":"35","area_km2":85.907},"geometry":{"type":"Polygon","coordinates":[[[-48.6590563,-22.6900068],[-48.6886708,-22.6943425],[-48.691792,-22.6892511],[-48.6875942,-22.6440801],[-48.6778918,-22.6311682],[-48.6607002,-22.6313306],[-48.6827772,-22.5854091],[-48.6651898,-22.5643999],[-48.672618,-22.5626815],[-48.6739402,-22.5513591],[-48.6598542,-22.5454562],[-48.6532158,-22.5324074],[-48.6408617,-22.5531478],[-48.6499973,-22.5887712],[-48.6249252,-22.6123265],[-48.6079341,-22.6554675],[-48.6205896,-22.6687698],[-48.6228923,-22.6982209],[-48.6590563,-22.6900068]]]}},{"type":"Feature","properties":{"level":"municipio","municipality_code":"3503703","municipality_name":"Ariranha","uf":"SP","state_code":"35","area_km2":132.624},"geometry":{"type":"Polygon","coordinates":[[[-48.7598455,-21.2189222],[-48.7840364,-21.2242853],[-48.8132328,-21.2144488],[-48.8277148,-21.2224689],[-48.8483871,-21.2169128],[-48.8536091,-21.2073553],[-48.8415974,-21.1848646],[-48.8527055,-21.1795426],[-48.8586954,-21.1609653],[-48.8442928,-21.133299],[-48.8341641,-21.128499],[-48.8341469,-21.1521924],[-48.8161533,-21.1563893],[-48.7957639,-21.1486199],[-48.7738824,-21.108777],[-48.758105,-21.1204008],[-48.7600014,-21.1341766],[-48.7363056,-21.14876],[-48.7243671,-21.1898095],[-48.6952354,-21.2227844],[-48.7363059,-21.2470858],[-48.7607425,-21.2408095],[-48.7598455,-21.2189222]]]}},{"type":"Feature","properties":{"level":"municipio","municipality_code":"3503802","municipality_name":"Artur Nogueira","uf":"SP","state_code":"35","area_km2":178.026},"geometry":{"type":"Polygon","coordinates":[[[-47.1280569,-22.6133041],[-47.2152226,-22.5977115],[-47.2269588,-22.5699612],[-47.2117987,-22.5379691],[-47.2365738,-22.5205921],[-47.2142558,-22.5270253],[-47.1882599,-22.5156039],[-47.1244674,-22.5264302],[-47.0960433,-22.5085658],[-47.0829026,-22.4848063],[-47.0863542,-22.4742349],[-47.0731963,-22.4766102],[-47.0728603,-22.4965998],[-47.0530818,-22.5166603],[-47.0423693,-22.5554816],[-47.0622476,-22.5791647],[-47.0889542,-22.5871298],[-47.0793679,-22.6108948],[-47.091784,-22.6173615],[-47.0947356,-22.6335585],[-47.1123376,-22.638771],[-47.1280569,-22.6133041]]]}},{"type":"Feature","properties":{"level":"municipio","municipality_code":"3503901","municipality_name":"Arujá","uf":"SP","state_code":"35","area_km2":96.167},"geometry":{"type":"Polygon","coordinates":[[[-46.294337,-23.369399],[-46.256206,-23.406249],[-46.247678,-23.405621],[-46.2602479,-23.4263968],[-46.2768963,-23.4343378],[-46.29755,-23.430878],[-46.313174,-23.416137],[-46.3223181,-23.4255126],[-46.352337,-23.420836],[-46.358421,-23.437278],[-46.377608,-23.401729],[-46.368581,-23.394221],[-46.372039,-23.367404],[-46.3398643,-23.3351073],[-46.312592,-23.322014],[-46.299937,-23.3239078],[-46.289858,-23.337197],[-46.294337,-23.369399]]]}},{"type":"Feature","properties":{"level":"municipio","municipality_code":"3503950","municipality_name":"Aspásia","uf":"SP","state_code":"35","area_km2":69.373},"geometry":{"type":"Polygon","coordinates":[[[-50.7152239,-20.1480438],[-50.7041106,-20.1299952],[-50.6985664,-20.1319971],[-50.6812605,-20.1579382],[-50.6826733,-20.1925722],[-50.7204006,-20.2051523],[-50.7303779,-20.2299435],[-50.7728445,-20.2384862],[-50.7820318,-20.2339398],[-50.7670526,-20.2165928],[-50.7595786,-20.1645789],[-50.7484862,-20.1563886],[-50.7441985,-20.1350244],[-50.7152239,-20.1480438]]]}},{"type":"Feature","properties":{"level":"municipio","municipality_code":"3504008","municipality_name":"Assis","uf":"SP","state_code":"35","area_km2":460.609},"geometry":{"type":"Polygon","coordinates":[[[-50.4302113,-22.7114272],[-50.4539486,-22.6970946],[-50.4934706,-22.699757],[-50.5014742,-22.6934703],[-50.5082419,-22.7024811],[-50.5196871,-22.6974697],[-50.5350956,-22.7086871],[-50.5511348,-22.6846279],[-50.5716095,-22.6915083],[-50.573257,-22.6431883],[-50.5191624,-22.6042222],[-50.4991149,-22.6050376],[-50.4895687,-22.5815992],[-50.4592273,-22.551512],[-50.4552786,-22.5252402],[-50.4145961,-22.5209247],[-50.4184673,-22.4982461],[-50.4408444,-22.4905059],[-50.4497671,-22.4591922],[-50.417958,-22.4557426],[-50.3981773,-22.4448153],[-50.3495553,-22.4795168],[-50.3309995,-22.5064447],[-50.3206096,-22.542457],[-50.3012606,-22.545748],[-50.3212366,-22.5558383],[-50.3477744,-22.5532123],[-50.3197074,-22.5675311],[-50.3100871,-22.5958408],[-50.3250309,-22.6773865],[-50.4302113,-22.7114272]]]}},{"type":"Feature","properties":{"level":"municipio","municipality_code":"3504107","municipality_name":"Atibaia","uf":"SP","state_code":"35","area_km2":478.521},"geometry":{"type":"Polygon","coordinates":[[[-46.5794859,-23.0181778],[-46.5633428,-23.0457421],[-46.5364814,-23.0259412],[-46.5268128,-23.0336462],[-46.4846307,-23.0284925],[-46.4653239,-23.051714],[-46.4461989,-23.0298491],[-46.4310901,-23.0413757],[-46.4418391,-23.0901125],[-46.48766,-23.111339],[-46.512492,-23.154398],[-46.529175,-23.163339],[-46.520298,-23.179176],[-46.543085,-23.209993],[-46.530409,-23.22355],[-46.513292,-23.223716],[-46.509363,-23.232545],[-46.546229,-23.241379],[-46.575295,-23.232543],[-46.603917,-23.235212],[-46.609922,-23.225823],[-46.623174,-23.257093],[-46.6988037,-23.2569401],[-46.7156823,-23.2135591],[-46.7080038,-23.2045567],[-46.6688237,-23.213988],[-46.6539291,-23.1624733],[-46.6703295,-23.1418132],[-46.6762465,-23.0839256],[-46.6858513,-23.0672356],[-46.6773137,-23.0347961],[-46.6974701,-23.0130262],[-46.6653085,-22.9974723],[-46.6373695,-23.0190324],[-46.6223579,-23.0065041],[-46.6198,-23.0167721],[-46.5794859,-23.0181778]]]}},{"type":"Feature","properties":{"level":"municipio","municipality_code":"3504206","municipality_name":"Auriflama","uf":"SP","state_code":"35","area_km2":434.498},"geometry":{"type":"Polygon","coordinates":[[[-50.4801922,-20.6526247],[-50.4765075,-20.6877661],[-50.4965997,-20.710348],[-50.5055827,-20.7616059],[-50.602395,-20.7728914],[-50.638675,-20.7620903],[-50.6394756,-20.7426378],[-50.6579432,-20.7282202],[-50.6746861,-20.7387485],[-50.68218,-20.7342924],[-50.6855468,-20.7077971],[-50.658222,-20.7016551],[-50.6171178,-20.6589536],[-50.6305686,-20.6259688],[-50.6549503,-20.6087226],[-50.6771751,-20.5696234],[-50.6800128,-20.5282114],[-50.6640305,-20.5309613],[-50.6614156,-20.5194675],[-50.6446167,-20.5065402],[-50.634077,-20.5151893],[-50.6249217,-20.5080616],[-50.6006466,-20.5242853],[-50.5860686,-20.5151301],[-50.5184507,-20.5369937],[-50.5083027,-20.5504406],[-50.5152827,-20.5698743],[-50.5065846,-20.5878958],[-50.5114954,-20.6233334],[-50.4801922,-20.6526247]]]}},{"type":"Feature","properties":{"level":"municipio","municipality_code":"3504404","municipality_name":"Avanhandava","uf":"SP","state_code":"35","area_km2":338.37},"geometry":{"type":"Polygon","coordinates":[[[-50.0145946,-21.5125668],[-49.9871618,-21.4867442],[-49.9993743,-21.4811836],[-50.0060479,-21.4285154],[-49.9946282,-21.3915093],[-49.9803067,-21.3779015],[-49.9780731,-21.3497395],[-49.9427523,-21.3426301],[-49.932349,-21.3256186],[-49.9204378,-21.3332771],[-49.9204146,-21.3422291],[-49.8837515,-21.3366836],[-49.8652675,-21.3513406],[-49.8432007,-21.3553304],[-49.8685525,-21.3926257],[-49.8611456,-21.4304801],[-49.8707993,-21.4427124],[-49.8714451,-21.4677116],[-49.8910983,-21.468525],[-49.9108995,-21.5104603],[-49.9104771,-21.5225701],[-49.9026086,-21.5265684],[-49.9148909,-21.5570507],[-49.9331569,-21.5537166],[-49.9543992,-21.5771826],[-49.9798771,-21.5782508],[-49.9932526,-21.5909197],[-50.0282063,-21.5892349],[-50.0463898,-21.6090794],[-50.0553045,-21.6086325],[-50.0608534,-21.5839415],[-50.0449702,-21.5668309],[-50.0488255,-21.5616778],[-50.013121,-21.5215535],[-50.0145946,-21.5125668]]]}},{"type":"Feature","properties":{"level":"municipio","municipality_code":"3504503","municipality_name":"Avaré","uf":"SP","state_code":"35","area_km2":1213.055},"geometry":{"type":"Polygon","coordinates":[[[-48.7510136,-23.1148859],[-48.7339076,-23.1477836],[-48.7439669,-23.1620932],[-48.7448884,-23.1979319],[-48.7354334,-23.2090581],[-48.7475295,-23.2377497],[-48.7449289,-23.2508106],[-48.7724282,-23.2657862],[-48.7666115,-23.2712247],[-48.7765111,-23.2848212],[-48.7739979,-23.3024208],[-48.79233,-23.2920127],[-48.8048411,-23.2679816],[-48.838198,-23.2815593],[-48.8865476,-23.2819229],[-48.9452016,-23.3008062],[-49.0041621,-23.2756151],[-49.0126347,-23.2621849],[-48.9885032,-23.2219892],[-49.0013563,-23.1865198],[-48.9887837,-23.1809538],[-48.9811166,-23.1603044],[-48.9860152,-23.1227765],[-48.9736209,-23.1074124],[-48.992879,-23.0869979],[-49.027513,-23.0883196],[-49.0377261,-23.0961232],[-49.0676439,-23.0931843],[-49.0805794,-23.0642865],[-49.0735876,-23.042033],[-49.0502105,-23.0215201],[-49.0548447,-23.0103139],[-49.0336072,-22.9590867],[-49.0209041,-22.9587662],[-49.0040731,-22.9278741],[-48.9825895,-22.9092521],[-48.986246,-22.8942988],[-49.0047145,-22.8875441],[-48.9691363,-22.8250164],[-48.9219882,-22.8286096],[-48.8796538,-22.8520163],[-48.802568,-22.8453337],[-48.8032926,-22.8545377],[-48.7873266,-22.8718205],[-48.8289441,-22.8922338],[-48.8265076,-22.9099408],[-48.8522131,-22.9317247],[-48.8469139,-22.9487481],[-48.8146013,-22.95114],[-48.7761296,-22.9664829],[-48.7620003,-22.9913776],[-48.7620233,-23.015524],[-48.7787095,-23.0539547],[-48.7641243,-23.0781292],[-48.741319,-23.0898977],[-48.7510136,-23.1148859]]]}},{"type":"Feature","properties":{"level":"municipio","municipality_code":"3504305","municipality_name":"Avaí","uf":"SP","state_code":"35","area_km2":540.689},"geometry":{"type":"Polygon","coordinates":[[[-49.3839711,-22.313068],[-49.410797,-22.3185846],[-49.4240002,-22.2932449],[-49.4409049,-22.3030964],[-49.4366993,-22.2706077],[-49.4589811,-22.2410729],[-49.4258885,-22.2005988],[-49.4013104,-22.1426884],[-49.3754296,-22.1352178],[-49.3831443,-22.1240446],[-49.3688454,-22.1205693],[-49.3624228,-22.1046037],[-49.3505039,-22.1018558],[-49.3553704,-22.0899311],[-49.3296523,-22.0712448],[-49.3076851,-22.0698972],[-49.2942943,-22.0529199],[-49.2426921,-22.0415267],[-49.2097921,-22.0591802],[-49.1960697,-22.0544327],[-49.1879851,-22.0630345],[-49.1636055,-22.0616728],[-49.1666488,-22.0782637],[-49.2061055,-22.1068497],[-49.2103639,-22.1400701],[-49.2029208,-22.1486538],[-49.2120613,-22.1510241],[-49.2154299,-22.1916117],[-49.2271745,-22.2220672],[-49.2418069,-22.221246],[-49.2562835,-22.2380469],[-49.2615812,-22.2672742],[-49.2888627,-22.2656053],[-49.2812109,-22.2858994],[-49.2908189,-22.3175004],[-49.2854628,-22.3448571],[-49.3083426,-22.3378439],[-49.3241932,-22.3208151],[-49.3839711,-22.313068]]]}},{"type":"Feature","properties":{"level":"municipio","municipality_code":"3504602","municipality_name":"Bady Bassitt","uf":"SP","state_code":"35","area_km2":110.372},"geometry":{"type":"Polygon","coordinates":[[[-49.4459253,-20.9852367],[-49.4975071,-20.9423292],[-49.5064916,-20.944991],[-49.5099195,-20.9027268],[-49.454839,-20.881516],[-49.4366693,-20.8792508],[-49.436789,-20.886918],[-49.417019,-20.900583],[-49.41642,-20.918234],[-49.404482,-20.90724],[-49.391769,-20.908148],[-49.346019,-20.931584],[-49.3752866,-20.9604331],[-49.4459253,-20.9852367]]]}},{"type":"Feature","properties":{"level":"municipio","municipality_code":"3504701","municipality_name":"Balbinos","uf":"SP","state_code":"35","area_km2":91.635},"geometry":{"type":"Polygon","coordinates":[[[-49.2850391,-21.8602507],[-49.2664787,-21.8654524],[-49.26946,-21.8746276],[-49.3173994,-21.9371507],[-49.3256551,-21.9334598],[-49.3320666,-21.9423246],[-49.3438101,-21.9352926],[-49.3547851,-21.9408287],[-49.3520043,-21.9515743],[-49.3615941,-21.953051],[-49.373291,-21.9376401],[-49.3880527,-21.9364114],[-49.380672,-21.8787582],[-49.3609566,-21.8724097],[-49.3399826,-21.8381836],[-49.2934465,-21.8485741],[-49.2850391,-21.8602507]]]}},{"type":"Feature","properties":{"level":"municipio","municipality_code":"3504909","municipality_name":"Bananal","uf":"SP","state_code":"35","area_km2":616.429},"geometry":{"type":"Polygon","coordinates":[[[-44.1613652,-22.6782584],[-44.1833829,-22.7109829],[-44.2037069,-22.7174175],[-44.1989603,-22.7352873],[-44.2270465,-22.733739],[-44.2424999,-22.7486509],[-44.2387775,-22.7557248],[-44.2571054,-22.766283],[-44.2565232,-22.7874906],[-44.2401407,-22.792658],[-44.2463792,-22.8039661],[-44.2613115,-22.8062592],[-44.2722526,-22.8321075],[-44.2833648,-22.8361567],[-44.2856575,-22.8282432],[-44.2965216,-22.8278766],[-44.3224344,-22.8496667],[-44.325274,-22.8377612],[-44.3742233,-22.8580862],[-44.4181953,-22.8481123],[-44.4376446,-22.8731],[-44.4661916,-22.8853713],[-44.4801342,-22.8665045],[-44.4787208,-22.8508682],[-44.5010189,-22.8389488],[-44.4962059,-22.8093647],[-44.4671431,-22.7821001],[-44.4721763,-22.768595],[-44.4875575,-22.7760403],[-44.4923741,-22.7665627],[-44.5079156,-22.7682972],[-44.4778325,-22.7392094],[-44.4538025,-22.7404368],[-44.4519813,-22.7328889],[-44.4278622,-22.724922],[-44.4256481,-22.7351663],[-44.4157466,-22.7311266],[-44.3927745,-22.6888551],[-44.3954197,-22.677298],[-44.376832,-22.6537036],[-44.3841772,-22.6282311],[-44.3662221,-22.6244687],[-44.3649065,-22.6108945],[-44.349589,-22.6094432],[-44.3454481,-22.587994],[-44.2954297,-22.5984626],[-44.2856906,-22.609731],[-44.2687356,-22.5987743],[-44.2533882,-22.6124709],[-44.2263691,-22.60456],[-44.219364,-22.6175366],[-44.2074259,-22.6120217],[-44.2043678,-22.6263438],[-44.1842763,-22.6372991],[-44.1901268,-22.648584],[-44.1714498,-22.6594284],[-44.1613652,-22.6782584]]]}},{"type":"Feature","properties":{"level":"municipio","municipality_code":"3505104","municipality_name":"Barbosa","uf":"SP","state_code":"35","area_km2":205.212},"geometry":{"type":"Polygon","coordinates":[[[-49.8828565,-21.3368592],[-49.9204146,-21.3422291],[-49.9204378,-21.3332771],[-49.9339958,-21.3255889],[-49.9427523,-21.3426301],[-49.9780731,-21.3497395],[-49.9843385,-21.3209905],[-50.0119093,-21.300905],[-50.0217686,-21.2746754],[-50.0287872,-21.275625],[-49.995473,-21.2293001],[-49.9366518,-21.2327001],[-49.9211211,-21.22594],[-49.9127403,-21.2395726],[-49.8557555,-21.2604965],[-49.8476578,-21.2718421],[-49.8254927,-21.280277],[-49.8317876,-21.284571],[-49.8166182,-21.3155971],[-49.8425376,-21.3548634],[-49.8652675,-21.3513406],[-49.8828565,-21.3368592]]]}},{"type":"Feature","properties":{"level":"municipio","municipality_code":"3505203","municipality_name":"Bariri","uf":"SP","state_code":"35","area_km2":444.405},"geometry":{"type":"Polygon","coordinates":[[[-48.6731981,-22.1922157],[-48.6984687,-22.191299],[-48.7503011,-22.158341],[-48.7565432,-22.1218252],[-48.7689898,-22.1034971],[-48.7907586,-22.1254442],[-48.8155724,-22.1071461],[-48.8425253,-22.1284944],[-48.8579232,-22.1253821],[-48.8670299,-22.1087361],[-48.8543744,-22.0691322],[-48.8545159,-22.0399489],[-48.8672131,-22.0240663],[-48.8260491,-22.0115943],[-48.7740065,-22.0216043],[-48.7631588,-22.0046464],[-48.7180135,-21.9809697],[-48.7116472,-21.9652609],[-48.6873947,-21.9468764],[-48.6807364,-21.9286632],[-48.6684803,-21.9414071],[-48.669801,-21.9498335],[-48.6566311,-21.9541783],[-48.6467082,-21.9693007],[-48.612757,-21.9781921],[-48.6027293,-21.9934931],[-48.6136438,-22.0264312],[-48.6168978,-22.095256],[-48.643997,-22.1168984],[-48.6296251,-22.1273973],[-48.6468272,-22.1452524],[-48.6240211,-22.152725],[-48.6318508,-22.1671706],[-48.651038,-22.1654449],[-48.6731981,-22.1922157]]]}},{"type":"Feature","properties":{"level":"municipio","municipality_code":"3505302","municipality_name":"Barra Bonita","uf":"SP","state_code":"35","area_km2":150.121},"geometry":{"type":"Polygon","coordinates":[[[-48.6419758,-22.4823136],[-48.5965734,-22.4408832],[-48.6091369,-22.4251628],[-48.5967357,-22.4241612],[-48.5863255,-22.4121989],[-48.564521,-22.4126353],[-48.5579992,-22.4251321],[-48.5256839,-22.4297824],[-48.5188435,-22.4387494],[-48.5029451,-22.4357239],[-48.5033995,-22.4571363],[-48.4714529,-22.4840227],[-48.4622595,-22.4838847],[-48.4603313,-22.5107877],[-48.4482182,-22.5256547],[-48.4519125,-22.5394216],[-48.4890011,-22.5466556],[-48.5003797,-22.5270355],[-48.52775,-22.5277607],[-48.5583601,-22.5000053],[-48.6050062,-22.5100385],[-48.6419758,-22.4823136]]]}},{"type":"Feature","properties":{"level":"municipio","municipality_code":"3505351","municipality_name":"Barra do Chapéu","uf":"SP","state_code":"35","area_km2":405.681},"geometry":{"type":"Polygon","coordinates":[[[-49.0121708,-24.4169573],[-49.0074322,-24.4402695],[-48.9769961,-24.4283629],[-48.9677974,-24.4499227],[-48.9486979,-24.4531112],[-48.9417105,-24.4851438],[-48.9838973,-24.513069],[-48.9833778,-24.5249504],[-48.992246,-24.5286852],[-49.0013171,-24.520303],[-49.0244078,-24.54733],[-49.0547614,-24.5542041],[-49.0679935,-24.5533476],[-49.0872727,-24.5370627],[-49.1474118,-24.5352245],[-49.1446997,-24.5175554],[-49.125318,-24.514858],[-49.1255763,-24.4904757],[-49.1352831,-24.481874],[-49.1502927,-24.4850402],[-49.1717073,-24.457003],[-49.1687582,-24.4479723],[-49.1852043,-24.4534737],[-49.1936172,-24.4460801],[-49.1972109,-24.4334587],[-49.1859203,-24.4219851],[-49.2047412,-24.4101267],[-49.2505178,-24.4454195],[-49.2526621,-24.4341523],[-49.2355492,-24.4095521],[-49.2410034,-24.4020721],[-49.2502344,-24.4138649],[-49.2539602,-24.4076616],[-49.2441362,-24.3973467],[-49.2301624,-24.3980614],[-49.1872287,-24.376373],[-49.1524991,-24.3513785],[-49.1527159,-24.3406582],[-49.1367421,-24.3340031],[-49.1310754,-24.3402698],[-49.1199012,-24.3300711],[-49.1029723,-24.3355112],[-49.0496837,-24.3793821],[-49.0232034,-24.3758722],[-49.0120062,-24.3568464],[-49.0038436,-24.3619376],[-48.9988839,-24.3994552],[-49.0121708,-24.4169573]]]}},{"type":"Feature","properties":{"level":"municipio","municipality_code":"3505401","municipality_name":"Barra do Turvo","uf":"SP","state_code":"35","area_km2":1007.684},"geometry":{"type":"Polygon","coordinates":[[[-48.5289907,-24.6876512],[-48.5044022,-24.6679375],[-48.4831851,-24.6789549],[-48.4758403,-24.6654074],[-48.4488805,-24.6525513],[-48.4066921,-24.6565553],[-48.4039926,-24.6668417],[-48.4216595,-24.680919],[-48.4119615,-24.7038025],[-48.4192449,-24.7140661],[-48.3882155,-24.7375273],[-48.3833988,-24.7492188],[-48.3913506,-24.7562338],[-48.3638264,-24.7718785],[-48.3583044,-24.7886358],[-48.3426794,-24.8010303],[-48.3289913,-24.7930979],[-48.3148888,-24.8070538],[-48.2962673,-24.8012156],[-48.2949087,-24.8133643],[-48.309191,-24.823428],[-48.3025272,-24.8286212],[-48.3058571,-24.8373783],[-48.2691768,-24.832464],[-48.2705844,-24.8409196],[-48.3193903,-24.8647242],[-48.3156121,-24.8751465],[-48.2800509,-24.8831624],[-48.2616328,-24.8787616],[-48.2526707,-24.8877024],[-48.2640551,-24.8940777],[-48.2558579,-24.9116511],[-48.2399459,-24.9014675],[-48.2091642,-24.9111765],[-48.2254996,-24.9343842],[-48.210423,-24.9556228],[-48.2287485,-24.9727706],[-48.2258668,-24.9824859],[-48.2420542,-24.9913785],[-48.2523019,-24.9780648],[-48.2592802,-24.9866505],[-48.2548039,-24.9964979],[-48.2695858,-24.9975348],[-48.2779171,-25.0329744],[-48.2875243,-25.0399692],[-48.2973096,-25.0234537],[-48.2977772,-25.0336018],[-48.3074617,-25.0354827],[-48.3086152,-25.0467049],[-48.3303847,-25.0697052],[-48.3357602,-25.0634106],[-48.3243494,-25.0543888],[-48.324141,-25.0367483],[-48.3512278,-25.0364894],[-48.3547484,-25.0199622],[-48.3786378,-24.9970283],[-48.4111527,-24.9802317],[-48.4170349,-24.9893677],[-48.4740493,-25.0125524],[-48.4832919,-25.0531923],[-48.498406,-25.0591063],[-48.5285838,-25.1007893],[-48.5560079,-25.0865526],[-48.5589032,-25.0615423],[-48.5690701,-25.0510623],[-48.5826617,-25.0516461],[-48.5888695,-25.0197057],[-48.5992472,-25.019272],[-48.5904155,-24.9889127],[-48.5673709,-24.9722669],[-48.5726711,-24.9549294],[-48.5629815,-24.9503259],[-48.5696748,-24.9434816],[-48.5628676,-24.9394293],[-48.5715891,-24.9247315],[-48.5652241,-24.9177292],[-48.5720602,-24.8950131],[-48.5593072,-24.9011832],[-48.5583439,-24.8845859],[-48.5447856,-24.8789638],[-48.5497301,-24.8674963],[-48.5666761,-24.8639577],[-48.555754,-24.8062038],[-48.5167241,-24.7801821],[-48.4993063,-24.7389676],[-48.5294452,-24.73929],[-48.5381446,-24.7262018],[-48.5289907,-24.6876512]]]}},{"type":"Feature","properties":{"level":"municipio","municipality_code":"3505500","municipality_name":"Barretos","uf":"SP","state_code":"35","area_km2":1566.161},"geometry":{"type":"Polygon","coordinates":[[[-48.5884519,-20.3279307],[-48.5609027,-20.313067],[-48.5578237,-20.2939545],[-48.5461492,-20.3006544],[-48.5100563,-20.2987094],[-48.5055357,-20.3236686],[-48.4821857,-20.3473907],[-48.4861443,-20.3892434],[-48.4779052,-20.4280815],[-48.4208394,-20.4934448],[-48.4090774,-20.5216872],[-48.3884699,-20.5293078],[-48.3791986,-20.5486145],[-48.3514616,-20.5609731],[-48.3445976,-20.5752838],[-48.3774107,-20.5805082],[-48.4013835,-20.5640097],[-48.4104456,-20.5754856],[-48.4323055,-20.561102],[-48.4790132,-20.5837568],[-48.4924129,-20.6068593],[-48.5176339,-20.6161325],[-48.5256638,-20.6351359],[-48.5435914,-20.6495807],[-48.566455,-20.6535958],[-48.5687642,-20.6779164],[-48.5967349,-20.6981476],[-48.6279195,-20.6996839],[-48.632157,-20.6866532],[-48.6623474,-20.6889449],[-48.7529916,-20.742789],[-48.7752284,-20.7394425],[-48.800731,-20.7140164],[-48.7865511,-20.6893902],[-48.7929423,-20.6613292],[-48.8040903,-20.6526075],[-48.8274722,-20.6590688],[-48.840686,-20.6521647],[-48.8457105,-20.6250369],[-48.8312368,-20.5688937],[-48.8673646,-20.531224],[-48.8674821,-20.5110065],[-48.8872626,-20.4902999],[-48.8944413,-20.4621046],[-48.8831443,-20.4471544],[-48.8864579,-20.4368891],[-48.8670632,-20.3988678],[-48.842887,-20.3854472],[-48.817588,-20.3898659],[-48.784872,-20.3791531],[-48.7625051,-20.3841057],[-48.7363733,-20.3777207],[-48.7327834,-20.3665634],[-48.7137519,-20.3581751],[-48.7001555,-20.3688539],[-48.6750899,-20.3568401],[-48.6565669,-20.335008],[-48.6240674,-20.320515],[-48.6202923,-20.3271815],[-48.5884519,-20.3279307]]]}},{"type":"Feature","properties":{"level":"municipio","municipality_code":"3505609","municipality_name":"Barrinha","uf":"SP","state_code":"35","area_km2":146.025},"geometry":{"type":"Polygon","coordinates":[[[-48.1296238,-21.2719715],[-48.1412827,-21.2369252],[-48.1521799,-21.2393333],[-48.1705731,-21.2157684],[-48.1783124,-21.1866842],[-48.1690163,-21.1613889],[-48.1390752,-21.1619052],[-48.1337953,-21.1737886],[-48.1201018,-21.1709201],[-48.1100171,-21.1886437],[-48.0816418,-21.183317],[-48.0473197,-21.1944215],[-48.0417828,-21.2030515],[-48.05326,-21.227935],[-48.047272,-21.242356],[-48.037714,-21.246128],[-48.028557,-21.276489],[-48.006959,-21.283498],[-47.991891,-21.298847],[-48.0095702,-21.306764],[-48.0667917,-21.3049578],[-48.0839062,-21.2668985],[-48.0953389,-21.2622706],[-48.1154139,-21.2737081],[-48.1296238,-21.2719715]]]}},{"type":"Feature","properties":{"level":"municipio","municipality_code":"3505708","municipality_name":"Barueri","uf":"SP","state_code":"35","area_km2":65.701},"geometry":{"type":"Polygon","coordinates":[[[-46.8783875,-23.4792975],[-46.814147,-23.486109],[-46.800691,-23.470356],[-46.798735,-23.476762],[-46.81739,-23.520717],[-46.836543,-23.510646],[-46.854429,-23.516555],[-46.8629278,-23.5227487],[-46.860628,-23.544837],[-46.885308,-23.553302],[-46.895486,-23.524377],[-46.965331,-23.498198],[-46.953364,-23.483845],[-46.900468,-23.491555],[-46.8853886,-23.4729573],[-46.8791709,-23.4708276],[-46.8783875,-23.4792975]]]}},{"type":"Feature","properties":{"level":"municipio","municipality_code":"3505005","municipality_name":"Barão de Antonina","uf":"SP","state_code":"35","area_km2":153.142},"geometry":{"type":"Polygon","coordinates":[[[-49.6062747,-23.6249466],[-49.6212783,-23.6085085],[-49.6189093,-23.594331],[-49.602017,-23.5826967],[-49.6079896,-23.5652324],[-49.5987438,-23.5546378],[-49.6057172,-23.5416649],[-49.6002062,-23.5356244],[-49.6295249,-23.5135827],[-49.6217511,-23.5059441],[-49.6137033,-23.5101318],[-49.6213793,-23.4933252],[-49.6133996,-23.4868313],[-49.6155728,-23.4734973],[-49.5998572,-23.4785009],[-49.5980687,-23.4582326],[-49.5920793,-23.4600796],[-49.5944568,-23.4740658],[-49.5775036,-23.4798532],[-49.5775201,-23.4918461],[-49.5659536,-23.4915615],[-49.5759105,-23.5042436],[-49.5471947,-23.5218251],[-49.5554913,-23.5399702],[-49.5464989,-23.5430097],[-49.5489972,-23.5589045],[-49.5334194,-23.5811336],[-49.5396167,-23.587906],[-49.5293649,-23.5898168],[-49.5400488,-23.598731],[-49.5045476,-23.6193161],[-49.5067735,-23.6285411],[-49.4978887,-23.6220356],[-49.4972438,-23.6292142],[-49.4902282,-23.628364],[-49.5055492,-23.6404595],[-49.4919723,-23.6496549],[-49.5440194,-23.6519949],[-49.5790739,-23.6789346],[-49.5807968,-23.6634869],[-49.6171452,-23.6395859],[-49.6062747,-23.6249466]]]}},{"type":"Feature","properties":{"level":"municipio","municipality_code":"3505807","municipality_name":"Bastos","uf":"SP","state_code":"35","area_km2":170.912},"geometry":{"type":"Polygon","coordinates":[[[-50.7044387,-22.0138252],[-50.805708,-21.9966068],[-50.8646619,-21.9689867],[-50.8429448,-21.965644],[-50.829074,-21.9494072],[-50.8138557,-21.9514009],[-50.7986428,-21.9371007],[-50.7878414,-21.9372394],[-50.7897929,-21.9203509],[-50.7771602,-21.9176532],[-50.7737162,-21.904366],[-50.7376556,-21.8773128],[-50.7310349,-21.8879196],[-50.7072489,-21.8900072],[-50.6953593,-21.881744],[-50.6871269,-21.8986955],[-50.6690999,-21.8943643],[-50.6649266,-21.9364184],[-50.6821915,-21.9575657],[-50.7044387,-22.0138252]]]}},{"type":"Feature","properties":{"level":"municipio","municipality_code":"3505906","municipality_name":"Batatais","uf":"SP","state_code":"35","area_km2":849.526},"geometry":{"type":"Polygon","coordinates":[[[-47.6430227,-20.9635301],[-47.6742786,-20.9364299],[-47.7465701,-20.9434569],[-47.7655914,-20.9320884],[-47.7869128,-20.8798938],[-47.7729836,-20.8557516],[-47.7075004,-20.8100148],[-47.6925467,-20.8205796],[-47.6593382,-20.8190118],[-47.6610034,-20.7839072],[-47.6497113,-20.7707],[-47.6525003,-20.7258121],[-47.6319645,-20.7044808],[-47.6179628,-20.7112858],[-47.5985383,-20.6929273],[-47.6039344,-20.7185317],[-47.5809807,-20.7102812],[-47.5790659,-20.7243375],[-47.5676425,-20.7273111],[-47.568184,-20.7390313],[-47.5400745,-20.7359597],[-47.5445388,-20.7218766],[-47.5331304,-20.717498],[-47.5281403,-20.7322647],[-47.5084715,-20.7250492],[-47.4943652,-20.748696],[-47.4706817,-20.7522125],[-47.4701305,-20.7698924],[-47.4555903,-20.7732275],[-47.4600874,-20.763892],[-47.4535701,-20.7599609],[-47.4298246,-20.7641268],[-47.4276714,-20.777255],[-47.4422545,-20.7831089],[-47.4120836,-20.8088111],[-47.4183131,-20.8270054],[-47.4071343,-20.8755311],[-47.4276034,-20.8961857],[-47.436791,-20.9182246],[-47.4395321,-20.9604532],[-47.4651411,-20.9861934],[-47.4882515,-20.9974621],[-47.4909823,-21.0121186],[-47.4836595,-21.0163251],[-47.5059493,-21.025049],[-47.5272806,-21.0198002],[-47.5406385,-21.0345534],[-47.5719239,-21.0384301],[-47.5719145,-21.0120152],[-47.6048979,-20.9878546],[-47.6117304,-20.9623293],[-47.6430227,-20.9635301]]]}},{"type":"Feature","properties":{"level":"municipio","municipality_code":"3506003","municipality_name":"Bauru","uf":"SP","state_code":"35","area_km2":667.684},"geometry":{"type":"Polygon","coordinates":[[[-48.9734524,-22.329847],[-48.9613822,-22.3361043],[-48.951799,-22.3272147],[-48.934159,-22.3407901],[-48.9760955,-22.3613581],[-48.9964309,-22.3839543],[-49.0382881,-22.3933922],[-49.0512884,-22.4058302],[-49.0671248,-22.4028858],[-49.0799071,-22.4171852],[-49.1083727,-22.396557],[-49.1312767,-22.3505948],[-49.1703889,-22.345078],[-49.2264518,-22.3020832],[-49.2474893,-22.3201278],[-49.2550504,-22.3436139],[-49.2745409,-22.3516745],[-49.2851415,-22.3481638],[-49.2908189,-22.3175004],[-49.2812109,-22.2858994],[-49.2888627,-22.2656053],[-49.2615812,-22.2672742],[-49.2562835,-22.2380469],[-49.2418069,-22.221246],[-49.2271745,-22.2220672],[-49.2154299,-22.1916117],[-49.2120613,-22.1510241],[-49.2029208,-22.1486538],[-49.2103639,-22.1400701],[-49.2061055,-22.1068497],[-49.1666488,-22.0782637],[-49.1576605,-22.0619632],[-49.1304937,-22.06167],[-49.1081887,-22.1064811],[-49.0697659,-22.1295685],[-49.0714098,-22.1657244],[-49.0331538,-22.2019335],[-49.0551061,-22.2288089],[-49.0448105,-22.2619989],[-48.9748684,-22.3123962],[-48.9734524,-22.329847]]]}},{"type":"Feature","properties":{"level":"municipio","municipality_code":"3506102","municipality_name":"Bebedouro","uf":"SP","state_code":"35","area_km2":683.192},"geometry":{"type":"Polygon","coordinates":[[[-48.3820388,-20.8946031],[-48.3751405,-20.9452275],[-48.3672194,-20.9490836],[-48.3826459,-20.983251],[-48.3769797,-21.007955],[-48.4012669,-21.0055739],[-48.405992,-21.0171676],[-48.4561112,-21.0528221],[-48.4621044,-21.0797108],[-48.5183411,-21.0748118],[-48.5333837,-21.0909886],[-48.5542519,-21.0861877],[-48.6002783,-21.0502023],[-48.6125471,-21.0504798],[-48.6148133,-21.0403677],[-48.6311202,-21.0419572],[-48.6331259,-21.0345195],[-48.6380269,-21.0394683],[-48.6859963,-21.0102461],[-48.6628994,-20.9938611],[-48.656692,-20.9764207],[-48.6340855,-20.9797964],[-48.6285822,-20.9648209],[-48.6030711,-20.9610293],[-48.6080258,-20.9489596],[-48.6004188,-20.9430809],[-48.5995398,-20.9154814],[-48.5855874,-20.877368],[-48.6007183,-20.8785881],[-48.6317757,-20.8511683],[-48.6278264,-20.8347162],[-48.6360148,-20.8189851],[-48.610735,-20.8345424],[-48.5482943,-20.7968444],[-48.5157562,-20.7920183],[-48.4920845,-20.801237],[-48.4705063,-20.7997472],[-48.4580584,-20.7872242],[-48.4476095,-20.7877366],[-48.4298272,-20.8208299],[-48.4077135,-20.8410287],[-48.4093491,-20.8542543],[-48.3968587,-20.8738353],[-48.4038757,-20.8845409],[-48.3902368,-20.8987493],[-48.3820388,-20.8946031]]]}},{"type":"Feature","properties":{"level":"municipio","municipality_code":"3506201","municipality_name":"Bento de Abreu","uf":"SP","state_code":"35","area_km2":301.687},"geometry":{"type":"Polygon","coordinates":[[[-50.8164414,-21.2376285],[-50.8041792,-21.2301207],[-50.8094665,-21.2022097],[-50.7884497,-21.1951416],[-50.7950021,-21.1869626],[-50.7756142,-21.1831149],[-50.7361239,-21.198382],[-50.7458938,-21.2177841],[-50.7701146,-21.2331444],[-50.7832989,-21.2824787],[-50.7776178,-21.2937538],[-50.7673901,-21.2864719],[-50.7687423,-21.2922487],[-50.7982124,-21.3433694],[-50.803545,-21.3706538],[-50.8197758,-21.3747649],[-50.8302645,-21.393352],[-50.8538087,-21.4007367],[-50.8769436,-21.4289701],[-50.8967749,-21.4259443],[-50.9061215,-21.4372427],[-50.9469595,-21.4478554],[-50.9848993,-21.4328295],[-50.9849525,-21.4066521],[-50.9507872,-21.3606296],[-50.9412628,-21.3151398],[-50.9160407,-21.3172485],[-50.9038047,-21.3280573],[-50.9033979,-21.3390362],[-50.8384047,-21.2358137],[-50.8164414,-21.2376285]]]}},{"type":"Feature","properties":{"level":"municipio","municipality_code":"3506300","municipality_name":"Bernardino de Campos","uf":"SP","state_code":"35","area_km2":244.158},"geometry":{"type":"Polygon","coordinates":[[[-49.5189918,-22.9776992],[-49.5107943,-22.9508966],[-49.5226256,-22.90747],[-49.5158594,-22.9031285],[-49.4929218,-22.910827],[-49.4815386,-22.9004323],[-49.4622391,-22.9068859],[-49.4521301,-22.9233062],[-49.4602101,-22.9689657],[-49.4324236,-23.0090165],[-49.4373332,-23.0191307],[-49.4270818,-23.0415483],[-49.4121155,-23.0515455],[-49.4439262,-23.0576005],[-49.441974,-23.1111477],[-49.4559205,-23.135037],[-49.4713164,-23.137016],[-49.4747565,-23.1496314],[-49.4943479,-23.136658],[-49.5147522,-23.1428744],[-49.5465803,-23.1376745],[-49.529161,-23.1005428],[-49.541223,-23.0586851],[-49.5542975,-23.0463021],[-49.550811,-23.020828],[-49.562476,-22.9800766],[-49.5252708,-22.9679103],[-49.5189918,-22.9776992]]]}},{"type":"Feature","properties":{"level":"municipio","municipality_code":"3506359","municipality_name":"Bertioga","uf":"SP","state_code":"35","area_km2":491.546},"geometry":{"type":"MultiPolygon","coordinates":[[[[-46.0260698,-23.8256462],[-46.0258233,-23.8269221],[-46.0267629,-23.8267032],[-46.0260698,-23.8256462]]],[[[-45.9411516,-23.7757178],[-46.0342637,-23.8105568],[-46.0470781,-23.8320343],[-46.0466976,-23.8207332],[-46.0613968,-23.8141311],[-46.1123649,-23.8335084],[-46.133194,-23.8565059],[-46.153104,-23.861314],[-46.177804,-23.888888],[-46.178562,-23.882301],[-46.199411,-23.880287],[-46.216314,-23.859401],[-46.233847,-23.860251],[-46.238524,-23.8395],[-46.212287,-23.824692],[-46.209551,-23.813451],[-46.239858,-23.799592],[-46.234046,-23.787482],[-46.242677,-23.776431],[-46.221147,-23.773077],[-46.21536,-23.757043],[-46.193129,-23.753888],[-46.17035,-23.732328],[-46.155867,-23.736213],[-46.131817,-23.724869],[-46.12612,-23.712895],[-46.122657,-23.718727],[-46.103825,-23.711662],[-46.096977,-23.725851],[-46.107178,-23.731061],[-46.102395,-23.736325],[-46.06774,-23.729039],[-46.056949,-23.716064],[-46.030912,-23.720115],[-45.976513,-23.694006],[-45.936097,-23.701209],[-45.919764,-23.688433],[-45.924412,-23.681334],[-45.915062,-23.66556],[-45.899555,-23.655856],[-45.857677,-23.655257],[-45.849843,-23.643861],[-45.831143,-23.651562],[-45.838004,-23.669133],[-45.830231,-23.67475],[-45.794071,-23.680083],[-45.799601,-23.693111],[-45.794878,-23.715684],[-45.8424023,-23.758196],[-45.9411516,-23.7757178]]]]}},{"type":"Feature","properties":{"level":"municipio","municipality_code":"3506409","municipality_name":"Bilac","uf":"SP","state_code":"35","area_km2":158.025},"geometry":{"type":"Polygon","coordinates":[[[-50.4575699,-21.3752218],[-50.4180682,-21.4180662],[-50.4225342,-21.4456682],[-50.4418634,-21.4680212],[-50.4407789,-21.488357],[-50.4542662,-21.4909819],[-50.4629504,-21.5151143],[-50.4804691,-21.5231456],[-50.4973828,-21.5188497],[-50.4982472,-21.492781],[-50.5169543,-21.4641429],[-50.5324849,-21.4545754],[-50.5474464,-21.4548122],[-50.5537867,-21.4498877],[-50.5392612,-21.4371673],[-50.5184865,-21.3817792],[-50.4847158,-21.3525567],[-50.4657163,-21.3077257],[-50.4530926,-21.3222235],[-50.461418,-21.3413348],[-50.4534182,-21.3556011],[-50.4575699,-21.3752218]]]}},{"type":"Feature","properties":{"level":"municipio","municipality_code":"3506508","municipality_name":"Birigui","uf":"SP","state_code":"35","area_km2":530.031},"geometry":{"type":"Polygon","coordinates":[[[-50.3098555,-21.2941526],[-50.3134968,-21.3541371],[-50.3313242,-21.3688548],[-50.3461136,-21.4011393],[-50.3431922,-21.4536995],[-50.377929,-21.4449215],[-50.4053813,-21.4670448],[-50.4180778,-21.4669795],[-50.42361,-21.4428665],[-50.4180682,-21.4180662],[-50.4575699,-21.3752218],[-50.4534182,-21.3556011],[-50.461418,-21.3413348],[-50.4530926,-21.3222235],[-50.4665508,-21.2971089],[-50.3904435,-21.2516822],[-50.4048609,-21.2256969],[-50.3922202,-21.2141517],[-50.3937099,-21.1825482],[-50.3847199,-21.1573461],[-50.3565004,-21.1288657],[-50.3618166,-21.1200758],[-50.3429132,-21.0794429],[-50.3469798,-21.0602737],[-50.3119333,-21.0772975],[-50.2744916,-21.0731186],[-50.2748254,-21.1000483],[-50.2529949,-21.1170848],[-50.25877,-21.1287238],[-50.2419275,-21.1463169],[-50.2506034,-21.1590789],[-50.2394149,-21.1890916],[-50.2483191,-21.1959506],[-50.2517052,-21.2216611],[-50.2622657,-21.2252729],[-50.2549844,-21.2412368],[-50.2688189,-21.2604022],[-50.2886792,-21.2620075],[-50.3098555,-21.2941526]]]}},{"type":"Feature","properties":{"level":"municipio","municipality_code":"3506607","municipality_name":"Biritiba Mirim","uf":"SP","state_code":"35","area_km2":317.406},"geometry":{"type":"Polygon","coordinates":[[[-46.106159,-23.732605],[-46.096999,-23.72632],[-46.100905,-23.71845],[-46.081552,-23.668774],[-46.103128,-23.665886],[-46.088426,-23.638637],[-46.094737,-23.623537],[-46.087925,-23.577082],[-46.094493,-23.562314],[-46.11117,-23.55271],[-46.110761,-23.535208],[-46.099587,-23.523856],[-46.107963,-23.511246],[-46.087395,-23.50835],[-46.071476,-23.522779],[-46.075741,-23.53418],[-46.05695,-23.542169],[-46.041134,-23.53832],[-46.034431,-23.525504],[-46.021209,-23.531197],[-45.992664,-23.519916],[-45.981101,-23.529448],[-45.988825,-23.537629],[-45.96519,-23.54398],[-45.9652483,-23.5808013],[-45.9450078,-23.5815942],[-45.9308226,-23.5929296],[-45.9316787,-23.6112943],[-45.960205,-23.6334501],[-45.9285416,-23.6372249],[-45.9383005,-23.6582281],[-45.9214975,-23.6559695],[-45.919764,-23.688433],[-45.936097,-23.701209],[-45.976513,-23.694006],[-46.031666,-23.720341],[-46.056949,-23.716064],[-46.077063,-23.732516],[-46.106159,-23.732605]]]}},{"type":"Feature","properties":{"level":"municipio","municipality_code":"3506706","municipality_name":"Boa Esperança do Sul","uf":"SP","state_code":"35","area_km2":690.748},"geometry":{"type":"Polygon","coordinates":[[[-48.2765441,-21.8672214],[-48.2618529,-21.8722544],[-48.2533488,-21.8908374],[-48.2889966,-21.9537429],[-48.2808078,-21.9623524],[-48.2841611,-21.9802543],[-48.2756482,-21.9820275],[-48.2804901,-21.9891623],[-48.323915,-21.989654],[-48.3491265,-22.0090145],[-48.4142161,-22.0344909],[-48.4256253,-22.0548529],[-48.4448631,-22.063154],[-48.4551113,-22.0492994],[-48.4768576,-22.0418268],[-48.4873685,-22.0271133],[-48.4814822,-22.0141717],[-48.4909572,-22.0113273],[-48.5442932,-22.0345397],[-48.564001,-22.0050885],[-48.5874091,-22.000414],[-48.6336353,-21.9676488],[-48.6467082,-21.9693007],[-48.6566311,-21.9541783],[-48.669801,-21.9498335],[-48.6793969,-21.9287938],[-48.6428971,-21.9057488],[-48.6578648,-21.8446372],[-48.6508109,-21.8356443],[-48.5942332,-21.8458433],[-48.58548,-21.8609774],[-48.5668304,-21.8651791],[-48.5640374,-21.8570191],[-48.5497169,-21.8682661],[-48.5033093,-21.8667312],[-48.5003215,-21.8511583],[-48.4897928,-21.8519242],[-48.4881088,-21.8439645],[-48.4782646,-21.8540079],[-48.4668907,-21.8448173],[-48.4600155,-21.8519669],[-48.4508773,-21.8446656],[-48.4329431,-21.8526695],[-48.4250546,-21.8351471],[-48.4094839,-21.8552105],[-48.3669635,-21.8591161],[-48.3496679,-21.8514449],[-48.3211806,-21.8593583],[-48.3075278,-21.8727573],[-48.2765441,-21.8672214]]]}},{"type":"Feature","properties":{"level":"municipio","municipality_code":"3506805","municipality_name":"Bocaina","uf":"SP","state_code":"35","area_km2":363.926},"geometry":{"type":"Polygon","coordinates":[[[-48.5458744,-22.0331186],[-48.4965375,-22.0115257],[-48.4814822,-22.0141717],[-48.4873685,-22.0271133],[-48.4768576,-22.0418268],[-48.4526123,-22.0514544],[-48.4325213,-22.0884199],[-48.4065212,-22.0962116],[-48.3951179,-22.1212485],[-48.4197398,-22.1516088],[-48.4183713,-22.1626079],[-48.4317367,-22.1725521],[-48.4385989,-22.1573564],[-48.4561573,-22.1731016],[-48.4769751,-22.171678],[-48.5075018,-22.1938879],[-48.5315799,-22.1882791],[-48.549629,-22.1985324],[-48.5496889,-22.1858252],[-48.5784376,-22.198289],[-48.6112515,-22.1788946],[-48.6224233,-22.1598032],[-48.6293659,-22.1627958],[-48.6305354,-22.1666061],[-48.6312719,-22.1671642],[-48.6325077,-22.1673983],[-48.6245409,-22.1505131],[-48.6468938,-22.144853],[-48.6296674,-22.1263599],[-48.643997,-22.1168984],[-48.6154395,-22.0904369],[-48.606931,-21.9877363],[-48.564001,-22.0050885],[-48.5458744,-22.0331186]]]}},{"type":"Feature","properties":{"level":"municipio","municipality_code":"3506904","municipality_name":"Bofete","uf":"SP","state_code":"35","area_km2":653.541},"geometry":{"type":"Polygon","coordinates":[[[-48.1926596,-23.1126459],[-48.181117,-23.1529472],[-48.1944556,-23.1834747],[-48.2211461,-23.191752],[-48.260767,-23.2299453],[-48.2538032,-23.2575413],[-48.2391606,-23.2629519],[-48.2403,-23.2799602],[-48.2619594,-23.2775419],[-48.2726346,-23.2887015],[-48.2769071,-23.2653484],[-48.3003553,-23.257879],[-48.3421175,-23.2700008],[-48.334974,-23.2836117],[-48.3638723,-23.2917986],[-48.3591437,-23.2969749],[-48.3601458,-23.3030053],[-48.3739638,-23.2915701],[-48.4011878,-23.2875251],[-48.4060447,-23.2676308],[-48.4185853,-23.2625298],[-48.4360667,-23.2733929],[-48.4915389,-23.2611333],[-48.4916084,-23.2506175],[-48.4692385,-23.2406168],[-48.4522313,-23.2108106],[-48.4393347,-23.2120506],[-48.3870107,-23.1867051],[-48.361595,-23.1679687],[-48.3627074,-23.1540936],[-48.3509341,-23.1525927],[-48.3410462,-23.1394226],[-48.3029978,-23.1500338],[-48.3270587,-23.1350864],[-48.3205835,-23.1293721],[-48.3242591,-23.1173346],[-48.3325986,-23.121115],[-48.3571157,-23.1034485],[-48.3594542,-23.0938449],[-48.3392886,-23.0851149],[-48.3542719,-23.0834102],[-48.3465058,-23.0722588],[-48.361404,-23.0667587],[-48.343782,-23.0499661],[-48.3533788,-23.0533523],[-48.3587447,-23.0410376],[-48.3565112,-23.031302],[-48.3423695,-23.0261094],[-48.3559637,-23.0269494],[-48.3466478,-23.0154159],[-48.3480651,-23.0028746],[-48.3328212,-23.0088976],[-48.3067365,-22.9908686],[-48.2953588,-22.9809466],[-48.2913375,-22.9582491],[-48.2443091,-22.9713867],[-48.2088631,-22.9956364],[-48.1778203,-22.9780918],[-48.1687362,-22.9950726],[-48.1571057,-22.9973089],[-48.1326437,-22.9839018],[-48.1382226,-22.9649404],[-48.1261314,-22.9711191],[-48.1264633,-23.0170401],[-48.1399674,-23.0227164],[-48.1231386,-23.0303152],[-48.1351365,-23.0396043],[-48.1298033,-23.0590636],[-48.1444738,-23.0605943],[-48.1386563,-23.0647007],[-48.1472441,-23.0810963],[-48.15015,-23.0689217],[-48.1534006,-23.0779234],[-48.1658149,-23.0794125],[-48.1587775,-23.0841442],[-48.1637328,-23.1007547],[-48.170023,-23.0963562],[-48.1746465,-23.0965163],[-48.1728084,-23.1059193],[-48.1926596,-23.1126459]]]}},{"type":"Feature","properties":{"level":"municipio","municipality_code":"3507001","municipality_name":"Boituva","uf":"SP","state_code":"35","area_km2":248.954},"geometry":{"type":"Polygon","coordinates":[[[-47.6733845,-23.3510976],[-47.6905304,-23.3297467],[-47.6972181,-23.3366866],[-47.713174,-23.3306574],[-47.7217128,-23.3441475],[-47.7283039,-23.3314688],[-47.7457093,-23.3294917],[-47.7584703,-23.3377598],[-47.7602895,-23.3214843],[-47.767984,-23.3283107],[-47.7796399,-23.3189948],[-47.7624368,-23.3015671],[-47.7757915,-23.2927402],[-47.7610355,-23.2829616],[-47.7779749,-23.270705],[-47.7676385,-23.2632276],[-47.7800785,-23.2627403],[-47.7432273,-23.229874],[-47.7189702,-23.2342154],[-47.7017998,-23.2275814],[-47.7039994,-23.2160254],[-47.6800996,-23.2201343],[-47.6590825,-23.2015358],[-47.6306583,-23.1908652],[-47.6281324,-23.2019707],[-47.6162269,-23.207872],[-47.6134438,-23.2671082],[-47.6016314,-23.2730183],[-47.6086881,-23.3020184],[-47.5735209,-23.3534972],[-47.5780236,-23.3637136],[-47.5902203,-23.3687371],[-47.6015388,-23.3608557],[-47.6084488,-23.3718538],[-47.6096499,-23.3571235],[-47.6213216,-23.3680782],[-47.6429426,-23.3618321],[-47.663053,-23.3791388],[-47.6757894,-23.367783],[-47.6733845,-23.3510976]]]}},{"type":"Feature","properties":{"level":"municipio","municipality_code":"3507100","municipality_name":"Bom Jesus dos Perdões","uf":"SP","state_code":"35","area_km2":108.366},"geometry":{"type":"Polygon","coordinates":[[[-46.488135,-23.236758],[-46.54072,-23.21626],[-46.543173,-23.207959],[-46.520298,-23.179176],[-46.529175,-23.163339],[-46.512492,-23.154398],[-46.48766,-23.111339],[-46.417624,-23.117239],[-46.411955,-23.135707],[-46.418549,-23.143602],[-46.42821,-23.140487],[-46.431256,-23.160215],[-46.451699,-23.16513],[-46.439621,-23.198505],[-46.448231,-23.215853],[-46.488135,-23.236758]]]}},{"type":"Feature","properties":{"level":"municipio","municipality_code":"3507159","municipality_name":"Bom Sucesso de Itararé","uf":"SP","state_code":"35","area_km2":133.578},"geometry":{"type":"Polygon","coordinates":[[[-49.1710392,-24.2878438],[-49.1457568,-24.2750713],[-49.1484603,-24.2583857],[-49.129627,-24.2453022],[-49.1013441,-24.2540003],[-49.0845165,-24.2707465],[-49.0885422,-24.2806409],[-49.0748925,-24.2848944],[-49.0932882,-24.3184726],[-49.109886,-24.3199002],[-49.1310754,-24.3402698],[-49.1367421,-24.3340031],[-49.1527159,-24.3406582],[-49.1524991,-24.3513785],[-49.1872287,-24.376373],[-49.2535003,-24.4050385],[-49.2378191,-24.3790201],[-49.2006785,-24.3444137],[-49.2059465,-24.338254],[-49.2242872,-24.3402284],[-49.2312127,-24.3303952],[-49.2488757,-24.3305126],[-49.2542359,-24.3179175],[-49.2474284,-24.3072371],[-49.2315949,-24.2925524],[-49.2071241,-24.3034508],[-49.1845084,-24.278918],[-49.1710392,-24.2878438]]]}},{"type":"Feature","properties":{"level":"municipio","municipality_code":"3507308","municipality_name":"Boracéia","uf":"SP","state_code":"35","area_km2":122.11},"geometry":{"type":"Polygon","coordinates":[[[-48.8053426,-22.2319357],[-48.8252244,-22.2133907],[-48.8190055,-22.1911934],[-48.8251798,-22.1783148],[-48.8560389,-22.1668929],[-48.8541716,-22.1558251],[-48.8441208,-22.1290507],[-48.8207614,-22.1084952],[-48.807806,-22.1079421],[-48.7907586,-22.1254442],[-48.7689898,-22.1034971],[-48.7565432,-22.1218252],[-48.7533845,-22.1549627],[-48.714511,-22.1815396],[-48.733704,-22.1987802],[-48.7408898,-22.2222739],[-48.7645279,-22.2161883],[-48.7818431,-22.2310966],[-48.8053426,-22.2319357]]]}},{"type":"Feature","properties":{"level":"municipio","municipality_code":"3507407","municipality_name":"Borborema","uf":"SP","state_code":"35","area_km2":552.256},"geometry":{"type":"Polygon","coordinates":[[[-49.0871378,-21.4662836],[-49.0409596,-21.4915729],[-48.9913771,-21.4562038],[-49.0000196,-21.4899927],[-48.9626557,-21.5469025],[-48.9706626,-21.5570563],[-48.9626203,-21.5714712],[-48.9738607,-21.5875485],[-48.9681604,-21.633805],[-48.9614593,-21.6350742],[-48.9733205,-21.6601995],[-48.9637211,-21.6613063],[-48.9632208,-21.6694865],[-48.9718369,-21.6746867],[-48.9528312,-21.6753741],[-48.933872,-21.6602849],[-48.9115247,-21.674205],[-48.938791,-21.6955932],[-48.9448509,-21.6865962],[-48.955996,-21.6905655],[-48.9609479,-21.701274],[-48.9915735,-21.7015327],[-48.9999093,-21.691584],[-49.0182807,-21.7137964],[-49.0336641,-21.7130463],[-49.0444837,-21.7297982],[-49.0637249,-21.7316888],[-49.0522576,-21.7416504],[-49.0723378,-21.7439706],[-49.084027,-21.7555948],[-49.1076407,-21.7490085],[-49.1395856,-21.7062882],[-49.1560843,-21.6535178],[-49.1883414,-21.6473355],[-49.2079592,-21.6555508],[-49.2144241,-21.6716427],[-49.2274006,-21.6595359],[-49.2412026,-21.6227381],[-49.2184286,-21.6043058],[-49.1822428,-21.5931841],[-49.1547551,-21.5543947],[-49.1493074,-21.5289358],[-49.1330823,-21.5163801],[-49.1184533,-21.5154724],[-49.1141409,-21.4987171],[-49.0871378,-21.4662836]]]}},{"type":"Feature","properties":{"level":"municipio","municipality_code":"3507456","municipality_name":"Borebi","uf":"SP","state_code":"35","area_km2":347.989},"geometry":{"type":"Polygon","coordinates":[[[-48.9321126,-22.5300979],[-48.8882171,-22.5551767],[-48.9000156,-22.5606047],[-48.9295593,-22.6013567],[-48.9340811,-22.6202409],[-48.9450365,-22.6210248],[-48.9449744,-22.6375343],[-48.9322421,-22.6437129],[-48.9381824,-22.6557006],[-48.9346047,-22.6804065],[-48.9423716,-22.6915037],[-48.9388648,-22.7379049],[-48.9534258,-22.7481412],[-48.9638388,-22.7887499],[-48.9588244,-22.8113984],[-48.9451336,-22.8192592],[-48.9482535,-22.8255059],[-48.9691363,-22.8250164],[-48.9823974,-22.8405243],[-48.9963648,-22.819189],[-49.0198235,-22.8392425],[-49.0333694,-22.8289784],[-49.0232188,-22.7899767],[-49.0274079,-22.7700781],[-49.0516305,-22.7556069],[-49.0569663,-22.7369058],[-49.0921799,-22.7056202],[-49.0960355,-22.6680994],[-49.0766763,-22.6459317],[-49.0546084,-22.6523218],[-49.0413223,-22.6389136],[-49.0286238,-22.6427977],[-49.0165236,-22.6308953],[-49.0128747,-22.6167607],[-48.998844,-22.6070087],[-49.0036403,-22.5900453],[-48.991352,-22.5679721],[-49.005804,-22.5636094],[-49.0021221,-22.5468451],[-48.978174,-22.5419795],[-48.9623953,-22.5295309],[-48.9321126,-22.5300979]]]}},{"type":"Feature","properties":{"level":"municipio","municipality_code":"3507209","municipality_name":"Borá","uf":"SP","state_code":"35","area_km2":118.951},"geometry":{"type":"Polygon","coordinates":[[[-50.553263,-22.2977627],[-50.5609528,-22.2834758],[-50.5516315,-22.2332556],[-50.5239315,-22.2203574],[-50.485246,-22.15216],[-50.4595631,-22.1663582],[-50.4507227,-22.1818232],[-50.4540076,-22.220194],[-50.4726614,-22.2351396],[-50.4792907,-22.2580865],[-50.4653152,-22.3159128],[-50.4770014,-22.3085218],[-50.4892177,-22.318997],[-50.4986273,-22.3121134],[-50.5147897,-22.3152234],[-50.553263,-22.2977627]]]}},{"type":"Feature","properties":{"level":"municipio","municipality_code":"3507506","municipality_name":"Botucatu","uf":"SP","state_code":"35","area_km2":1482.642},"geometry":{"type":"Polygon","coordinates":[[[-48.2922339,-22.876087],[-48.3104684,-22.9251416],[-48.2949548,-22.9405516],[-48.2953588,-22.9809466],[-48.3328212,-23.0088976],[-48.3480651,-23.0028746],[-48.3496145,-23.0112584],[-48.3836392,-23.003609],[-48.4006099,-23.0101053],[-48.4138228,-22.9955585],[-48.4247162,-23.0052604],[-48.4494737,-23.0718436],[-48.4653828,-23.0818816],[-48.5062073,-23.0616439],[-48.5464197,-23.0525289],[-48.565662,-23.0366264],[-48.6071956,-23.040522],[-48.6277559,-23.0331948],[-48.6378783,-23.0177336],[-48.6401962,-22.9702851],[-48.6852841,-22.9478803],[-48.7150178,-22.9430551],[-48.7809603,-22.9655781],[-48.8146013,-22.95114],[-48.8469139,-22.9487481],[-48.8522131,-22.9317247],[-48.8265076,-22.9099408],[-48.8289441,-22.8922338],[-48.7873266,-22.8718205],[-48.8032926,-22.8545377],[-48.802568,-22.8453337],[-48.7710011,-22.8526732],[-48.7427172,-22.8733833],[-48.7195251,-22.8619381],[-48.6890237,-22.8737256],[-48.6833634,-22.8581992],[-48.6636413,-22.847426],[-48.6605467,-22.8316618],[-48.6252427,-22.8510692],[-48.5427721,-22.8560952],[-48.5357395,-22.843875],[-48.5434733,-22.8394028],[-48.528115,-22.8080415],[-48.5000936,-22.8044074],[-48.4744606,-22.7734417],[-48.476292,-22.7241356],[-48.4469585,-22.7238773],[-48.44619,-22.7144427],[-48.4302629,-22.7076367],[-48.4122698,-22.6824372],[-48.4197472,-22.6631607],[-48.4057011,-22.6425049],[-48.4143606,-22.63329],[-48.4081606,-22.6248912],[-48.3653814,-22.6088712],[-48.3320318,-22.6253001],[-48.3112616,-22.6080539],[-48.2732326,-22.5954445],[-48.2463776,-22.6190387],[-48.2397091,-22.6444763],[-48.2500162,-22.6780292],[-48.2482171,-22.7327544],[-48.2575282,-22.7390925],[-48.2845087,-22.7363523],[-48.2896914,-22.7531194],[-48.2633351,-22.7674136],[-48.2530056,-22.8330623],[-48.2609488,-22.845193],[-48.2537747,-22.8497456],[-48.2646402,-22.8713216],[-48.2922339,-22.876087]]]}},{"type":"Feature","properties":{"level":"municipio","municipality_code":"3507605","municipality_name":"Bragança Paulista","uf":"SP","state_code":"35","area_km2":512.584},"geometry":{"type":"Polygon","coordinates":[[[-46.535762,-23.0264208],[-46.5653029,-23.0464971],[-46.5794859,-23.0181778],[-46.6198,-23.0167721],[-46.6223579,-23.0065041],[-46.6373695,-23.0190324],[-46.6631024,-22.9975809],[-46.6854738,-23.0103317],[-46.701911,-23.0104113],[-46.7055909,-22.9845264],[-46.7206701,-22.9671872],[-46.7125128,-22.9584131],[-46.6982782,-22.9581252],[-46.6703755,-22.9294162],[-46.6816,-22.9302235],[-46.6818165,-22.8854465],[-46.665453,-22.8907845],[-46.6476004,-22.8837557],[-46.6505033,-22.8681585],[-46.6310673,-22.8621911],[-46.6406996,-22.8465542],[-46.6244708,-22.832951],[-46.6059346,-22.8258999],[-46.5826756,-22.8508467],[-46.5128334,-22.8215953],[-46.4428369,-22.8245281],[-46.4433366,-22.839471],[-46.4593873,-22.8602742],[-46.477644,-22.8741061],[-46.4846825,-22.8687038],[-46.4858621,-22.8784225],[-46.457756,-22.9014788],[-46.4663722,-22.9128027],[-46.4479434,-22.9358265],[-46.4506857,-22.9501595],[-46.4361285,-22.9500388],[-46.4181255,-22.9792618],[-46.4049898,-22.9837437],[-46.4199313,-23.0074203],[-46.4236508,-23.0353201],[-46.4275326,-23.0417101],[-46.4461989,-23.0298491],[-46.4653239,-23.051714],[-46.4846307,-23.0284925],[-46.5268128,-23.0336462],[-46.535762,-23.0264208]]]}},{"type":"Feature","properties":{"level":"municipio","municipality_code":"3507704","municipality_name":"Braúna","uf":"SP","state_code":"35","area_km2":195.176},"geometry":{"type":"Polygon","coordinates":[[[-50.3419769,-21.4950944],[-50.3048676,-21.4718079],[-50.2996257,-21.4570412],[-50.2579494,-21.4953558],[-50.2798648,-21.5321452],[-50.2749099,-21.5650017],[-50.2995099,-21.5766631],[-50.3055796,-21.6054544],[-50.3000238,-21.6246649],[-50.3253912,-21.6249392],[-50.3399715,-21.6375074],[-50.3682238,-21.6220046],[-50.3883681,-21.6330571],[-50.4034452,-21.6267858],[-50.4248549,-21.6314836],[-50.4062051,-21.6104986],[-50.408535,-21.5782413],[-50.3939339,-21.5489695],[-50.3983144,-21.5373482],[-50.3845337,-21.4897119],[-50.3419769,-21.4950944]]]}},{"type":"Feature","properties":{"level":"municipio","municipality_code":"3507753","municipality_name":"Brejo Alegre","uf":"SP","state_code":"35","area_km2":105.689},"geometry":{"type":"Polygon","coordinates":[[[-50.2008979,-21.1190232],[-50.19092,-21.1106747],[-50.1781611,-21.112884],[-50.1550083,-21.1426424],[-50.17465,-21.1600121],[-50.1856255,-21.2394266],[-50.2062771,-21.2584145],[-50.2356557,-21.2394547],[-50.248668,-21.2131891],[-50.2483191,-21.1959506],[-50.2392769,-21.1879523],[-50.2506034,-21.1590789],[-50.2419275,-21.1463169],[-50.2587333,-21.1235778],[-50.2529949,-21.1170848],[-50.2008979,-21.1190232]]]}},{"type":"Feature","properties":{"level":"municipio","municipality_code":"3507803","municipality_name":"Brodowski","uf":"SP","state_code":"35","area_km2":278.458},"geometry":{"type":"Polygon","coordinates":[[[-47.688441,-21.015044],[-47.686864,-21.002747],[-47.726035,-20.974217],[-47.709229,-20.95409],[-47.71776,-20.944457],[-47.718744,-20.942028],[-47.7185028,-20.938363],[-47.6999462,-20.9436633],[-47.6742786,-20.9364299],[-47.6430227,-20.9635301],[-47.612129,-20.9619405],[-47.6048979,-20.9878546],[-47.5719145,-21.0120152],[-47.5719239,-21.0384301],[-47.5406385,-21.0345534],[-47.538471,-21.050818],[-47.524724,-21.060486],[-47.518114,-21.097933],[-47.566238,-21.110703],[-47.596117,-21.128122],[-47.600724,-21.139099],[-47.616674,-21.138113],[-47.632982,-21.151019],[-47.646682,-21.14815],[-47.66725,-21.118562],[-47.700589,-21.130497],[-47.719053,-21.120072],[-47.696146,-21.10023],[-47.691261,-21.081337],[-47.67787,-21.0794],[-47.671786,-21.068163],[-47.683065,-21.039172],[-47.679509,-21.025721],[-47.688441,-21.015044]]]}},{"type":"Feature","properties":{"level":"municipio","municipality_code":"3507902","municipality_name":"Brotas","uf":"SP","state_code":"35","area_km2":1101.373},"geometry":{"type":"Polygon","coordinates":[[[-48.0655063,-22.4096675],[-48.1061431,-22.3870053],[-48.1114304,-22.3751138],[-48.12527,-22.3787996],[-48.155085,-22.361637],[-48.2393482,-22.3675426],[-48.2859821,-22.2824422],[-48.2991565,-22.2863968],[-48.2932304,-22.2671141],[-48.3113393,-22.2659606],[-48.3145143,-22.2764002],[-48.3171393,-22.2667828],[-48.3299784,-22.267704],[-48.3209093,-22.2340014],[-48.3264691,-22.2174152],[-48.3135517,-22.1954893],[-48.2742852,-22.1922895],[-48.269511,-22.181578],[-48.2447856,-22.177898],[-48.2559536,-22.1546405],[-48.2158414,-22.1588242],[-48.1979848,-22.1480494],[-48.1758824,-22.1664176],[-48.1320152,-22.1839062],[-48.1047199,-22.1800811],[-48.0802878,-22.1570296],[-48.0578181,-22.1507292],[-48.0428874,-22.1262402],[-48.0448721,-22.0732246],[-48.0224662,-22.0799139],[-47.9931125,-22.1160056],[-47.9807466,-22.1125019],[-47.9704161,-22.1189432],[-47.9476196,-22.1110317],[-47.9345942,-22.1200369],[-47.9197894,-22.1506999],[-47.899928,-22.1575758],[-47.902645,-22.1722026],[-47.8794698,-22.2107381],[-47.8979719,-22.2179882],[-47.9055317,-22.2306543],[-47.9108691,-22.2642623],[-47.9244793,-22.27888],[-47.9268179,-22.3054116],[-47.9400195,-22.3148797],[-47.9319835,-22.329586],[-47.9494306,-22.3206561],[-47.9598785,-22.3666126],[-47.9433226,-22.3838168],[-47.9540448,-22.3981412],[-47.9238289,-22.4066075],[-47.915139,-22.4241771],[-47.9495371,-22.431472],[-47.9540201,-22.4442507],[-47.9825214,-22.4553919],[-47.9749393,-22.4636374],[-47.9966173,-22.4788004],[-47.9948347,-22.4938067],[-48.0341335,-22.5069258],[-48.0434446,-22.5006633],[-48.0416578,-22.4778004],[-48.0547441,-22.4628184],[-48.0476532,-22.4541837],[-48.0590073,-22.4485992],[-48.0522814,-22.4459821],[-48.0655063,-22.4096675]]]}},{"type":"Feature","properties":{"level":"municipio","municipality_code":"3508009","municipality_name":"Buri","uf":"SP","state_code":"35","area_km2":1196.463},"geometry":{"type":"Polygon","coordinates":[[[-48.6643714,-23.8971705],[-48.6911544,-23.8839799],[-48.7162898,-23.8503763],[-48.7269426,-23.8581388],[-48.7438666,-23.8431904],[-48.7434761,-23.8272874],[-48.7325307,-23.820088],[-48.7355638,-23.805725],[-48.7237963,-23.7850946],[-48.7113044,-23.7797934],[-48.7335422,-23.7702615],[-48.7491832,-23.7466348],[-48.7441825,-23.7347459],[-48.7211481,-23.7208842],[-48.7460727,-23.6957827],[-48.7553759,-23.6951977],[-48.7669142,-23.6785732],[-48.7593477,-23.6568775],[-48.7727383,-23.654665],[-48.7809569,-23.6428024],[-48.766728,-23.6135899],[-48.7315951,-23.6086005],[-48.7208448,-23.6002013],[-48.6976041,-23.6025126],[-48.6779753,-23.5876263],[-48.6554554,-23.5963352],[-48.6229066,-23.5944449],[-48.6185216,-23.5876725],[-48.6092216,-23.5919115],[-48.6095336,-23.5817826],[-48.5956404,-23.583092],[-48.5997627,-23.5722671],[-48.5667337,-23.5762499],[-48.5623216,-23.5555161],[-48.5337629,-23.5560071],[-48.5402467,-23.5423084],[-48.5496265,-23.5483843],[-48.5493275,-23.5390459],[-48.5216527,-23.5443066],[-48.5223384,-23.5597485],[-48.5141264,-23.5599389],[-48.5069518,-23.54837],[-48.4918572,-23.578002],[-48.4927368,-23.5917946],[-48.500829,-23.5971246],[-48.4971132,-23.6064419],[-48.4729401,-23.6136239],[-48.4772226,-23.6220649],[-48.4693567,-23.6348679],[-48.4775455,-23.6414464],[-48.4756697,-23.6525329],[-48.4621545,-23.646952],[-48.4582436,-23.6694524],[-48.4381941,-23.6771679],[-48.4432397,-23.6957265],[-48.3965405,-23.7215169],[-48.3893405,-23.7413125],[-48.4062054,-23.7358304],[-48.408399,-23.7492004],[-48.391123,-23.751596],[-48.3997132,-23.7600008],[-48.3810942,-23.7567722],[-48.3723287,-23.7653242],[-48.3832184,-23.7587841],[-48.3920533,-23.7659247],[-48.3985645,-23.7622201],[-48.3911416,-23.7715093],[-48.4002318,-23.7774187],[-48.3795994,-23.7776105],[-48.3752423,-23.7809901],[-48.3831656,-23.7910969],[-48.3525126,-23.8063943],[-48.3745301,-23.8137358],[-48.365547,-23.8355574],[-48.3594303,-23.8233924],[-48.3493927,-23.8361902],[-48.3831306,-23.8594599],[-48.4028934,-23.8612604],[-48.4008428,-23.8671413],[-48.4313806,-23.8924982],[-48.4752331,-23.89037],[-48.5634385,-23.9411207],[-48.5902077,-23.9339863],[-48.6318114,-23.9361834],[-48.6650279,-23.9243841],[-48.6643714,-23.8971705]]]}},{"type":"Feature","properties":{"level":"municipio","municipality_code":"3508108","municipality_name":"Buritama","uf":"SP","state_code":"35","area_km2":326.921},"geometry":{"type":"Polygon","coordinates":[[[-50.200263,-21.1188705],[-50.2529949,-21.1170848],[-50.2748254,-21.1000483],[-50.2752892,-21.0725544],[-50.314392,-21.0765446],[-50.3483471,-21.0596591],[-50.3581898,-21.0435477],[-50.3457604,-21.0420802],[-50.3232299,-21.0083903],[-50.2992384,-20.9995449],[-50.2477774,-21.0079151],[-50.2330851,-20.9802818],[-50.2055957,-20.9777161],[-50.1970666,-20.985823],[-50.1763282,-20.9870197],[-50.1567383,-20.9781416],[-50.1225762,-20.9816123],[-50.0955354,-21.0016623],[-50.0666374,-20.9906376],[-50.055781,-20.9956072],[-50.1074772,-21.0630001],[-50.1128443,-21.0940863],[-50.1033835,-21.1015408],[-50.1156101,-21.1174066],[-50.1513161,-21.1398861],[-50.1781611,-21.112884],[-50.19092,-21.1106747],[-50.200263,-21.1188705]]]}},{"type":"Feature","properties":{"level":"municipio","municipality_code":"3508207","municipality_name":"Buritizal","uf":"SP","state_code":"35","area_km2":266.42},"geometry":{"type":"Polygon","coordinates":[[[-47.663433,-20.1322171],[-47.623374,-20.1370305],[-47.5923646,-20.1764687],[-47.6191607,-20.2188652],[-47.6026499,-20.252646],[-47.6106071,-20.2772968],[-47.6454422,-20.2882644],[-47.7010343,-20.27659],[-47.732501,-20.2492049],[-47.7737375,-20.2460022],[-47.7760351,-20.255152],[-47.7920278,-20.2614875],[-47.8013075,-20.2552867],[-47.8225069,-20.2587839],[-47.8373595,-20.247865],[-47.8339961,-20.2374118],[-47.7923785,-20.2254816],[-47.794382,-20.1992024],[-47.769718,-20.1985661],[-47.770237,-20.1787199],[-47.7842445,-20.1647012],[-47.7427912,-20.1518245],[-47.7239306,-20.1566936],[-47.7077833,-20.1421701],[-47.6868863,-20.1399337],[-47.6693949,-20.1216522],[-47.663433,-20.1322171]]]}},{"type":"Feature","properties":{"level":"municipio","municipality_code":"3504800","municipality_name":"Bálsamo","uf":"SP","state_code":"35","area_km2":149.881},"geometry":{"type":"Polygon","coordinates":[[[-49.5818289,-20.6734715],[-49.5580953,-20.6261993],[-49.5443084,-20.6175489],[-49.5338292,-20.6268973],[-49.5308106,-20.6533651],[-49.4907396,-20.6609789],[-49.4976358,-20.683268],[-49.4838776,-20.69369],[-49.4949976,-20.739875],[-49.5364614,-20.7563647],[-49.5567304,-20.781414],[-49.5762059,-20.7892019],[-49.5939525,-20.7680176],[-49.625945,-20.7581327],[-49.6170092,-20.7482423],[-49.6164681,-20.7241729],[-49.5931765,-20.7007409],[-49.5970735,-20.6881123],[-49.5818289,-20.6734715]]]}},{"type":"Feature","properties":{"level":"municipio","municipality_code":"3508405","municipality_name":"Cabreúva","uf":"SP","state_code":"35","area_km2":260.234},"geometry":{"type":"Polygon","coordinates":[[[-47.0476552,-23.2452676],[-47.0443693,-23.2380446],[-47.0283725,-23.2366685],[-47.007418,-23.2683634],[-46.9698312,-23.2604089],[-46.9632102,-23.2852654],[-46.9723998,-23.301411],[-46.9657103,-23.3095924],[-46.969997,-23.3172887],[-46.9587925,-23.3276323],[-46.9957193,-23.3310003],[-47.057073,-23.3572472],[-47.0878128,-23.3532304],[-47.0946348,-23.3712291],[-47.1053189,-23.3716636],[-47.1011014,-23.3868215],[-47.081736,-23.3813248],[-47.0831697,-23.4015962],[-47.1216229,-23.4035267],[-47.1176721,-23.3766394],[-47.1323781,-23.3820533],[-47.1420732,-23.3491097],[-47.1710859,-23.3378464],[-47.1737557,-23.3256009],[-47.1614648,-23.3205446],[-47.1666191,-23.3125045],[-47.1612867,-23.3076691],[-47.1684842,-23.2940109],[-47.1864465,-23.2850567],[-47.1909835,-23.2461014],[-47.1763552,-23.2572275],[-47.1462778,-23.2557073],[-47.1160354,-23.2250587],[-47.0998592,-23.2225008],[-47.0886102,-23.2374156],[-47.0560897,-23.2376096],[-47.0476552,-23.2452676]]]}},{"type":"Feature","properties":{"level":"municipio","municipality_code":"3508306","municipality_name":"Cabrália Paulista","uf":"SP","state_code":"35","area_km2":239.974},"geometry":{"type":"Polygon","coordinates":[[[-49.4017791,-22.4612602],[-49.3617087,-22.4342772],[-49.35187,-22.4056832],[-49.3232969,-22.3887062],[-49.2999456,-22.392459],[-49.2915376,-22.4002329],[-49.2907789,-22.4321244],[-49.2667379,-22.4940985],[-49.3081105,-22.5138131],[-49.3154226,-22.5257199],[-49.3466649,-22.5330924],[-49.3581944,-22.5487422],[-49.3791349,-22.548303],[-49.3934603,-22.5582099],[-49.4062736,-22.5517714],[-49.4133108,-22.5632529],[-49.4462982,-22.5627981],[-49.4518649,-22.5764498],[-49.4896875,-22.5418596],[-49.5030166,-22.5138467],[-49.4740223,-22.4968509],[-49.4469924,-22.4922422],[-49.4235724,-22.4661283],[-49.4017791,-22.4612602]]]}},{"type":"Feature","properties":{"level":"municipio","municipality_code":"3508603","municipality_name":"Cachoeira Paulista","uf":"SP","state_code":"35","area_km2":287.99},"geometry":{"type":"Polygon","coordinates":[[[-45.0456162,-22.6757871],[-45.0585355,-22.6813423],[-45.0736955,-22.6693216],[-45.0865939,-22.6716727],[-45.1135951,-22.633348],[-45.0946186,-22.6116964],[-45.1253912,-22.5841474],[-45.1038626,-22.5626989],[-45.1082991,-22.5736401],[-45.095704,-22.5852953],[-45.1022957,-22.5900437],[-45.0834149,-22.5992194],[-45.0392481,-22.5971263],[-45.004018,-22.6048942],[-44.9898215,-22.6390411],[-44.962652,-22.6441093],[-44.9407185,-22.6602374],[-44.9277189,-22.6548661],[-44.9126736,-22.6808154],[-44.8931791,-22.6899388],[-44.9246512,-22.6971237],[-44.9136083,-22.7082087],[-44.9196529,-22.7266105],[-44.9121949,-22.7431353],[-44.9219431,-22.7538086],[-44.9200164,-22.7661177],[-44.9057042,-22.7873277],[-44.9100008,-22.8096626],[-44.8947106,-22.8444278],[-44.9227648,-22.8571577],[-44.9353309,-22.8473413],[-44.9314041,-22.8309082],[-44.9492472,-22.8330978],[-44.9468479,-22.8186976],[-44.9571476,-22.8039061],[-44.9725781,-22.8116062],[-44.9754588,-22.7984679],[-44.9906012,-22.7953843],[-45.0197252,-22.7461867],[-45.0209437,-22.7003798],[-45.0390274,-22.6951674],[-45.0456162,-22.6757871]]]}},{"type":"Feature","properties":{"level":"municipio","municipality_code":"3508702","municipality_name":"Caconde","uf":"SP","state_code":"35","area_km2":468.214},"geometry":{"type":"Polygon","coordinates":[[[-46.6054144,-21.6500422],[-46.6405779,-21.602253],[-46.6789206,-21.6130763],[-46.706324,-21.6016404],[-46.7199067,-21.6071712],[-46.7228519,-21.5991677],[-46.7094659,-21.5736184],[-46.7209223,-21.5695337],[-46.7465997,-21.5867748],[-46.7471365,-21.5783878],[-46.7615984,-21.5713361],[-46.7625694,-21.5478712],[-46.754639,-21.5378879],[-46.7186938,-21.519635],[-46.6976792,-21.499038],[-46.7227403,-21.4731686],[-46.7148642,-21.4544955],[-46.7065982,-21.4437278],[-46.6771618,-21.4341512],[-46.6505948,-21.4397339],[-46.6261809,-21.4274052],[-46.6064102,-21.4446179],[-46.5765137,-21.4269572],[-46.5602225,-21.44233],[-46.5210932,-21.4469803],[-46.50889,-21.4891271],[-46.5192505,-21.5008897],[-46.5229777,-21.5299379],[-46.5000487,-21.554532],[-46.5219942,-21.5845087],[-46.518228,-21.6128219],[-46.5473674,-21.6304338],[-46.5529789,-21.6380752],[-46.548269,-21.6498678],[-46.5659174,-21.6569384],[-46.5646313,-21.6786794],[-46.5769481,-21.6850599],[-46.6145115,-21.6765163],[-46.6150726,-21.6559575],[-46.6054144,-21.6500422]]]}},{"type":"Feature","properties":{"level":"municipio","municipality_code":"3508801","municipality_name":"Cafelândia","uf":"SP","state_code":"35","area_km2":920.28},"geometry":{"type":"Polygon","coordinates":[[[-49.570679,-21.7006417],[-49.5715693,-21.6740444],[-49.5595141,-21.6508532],[-49.5678298,-21.6258814],[-49.5213932,-21.6105077],[-49.5175688,-21.6023157],[-49.5063927,-21.6162308],[-49.4995683,-21.61456],[-49.498992,-21.564793],[-49.4626484,-21.5514399],[-49.4511213,-21.5271917],[-49.4454511,-21.5240685],[-49.4117214,-21.5444345],[-49.3703922,-21.5357946],[-49.3415648,-21.5454732],[-49.3285481,-21.5590377],[-49.3088808,-21.6267741],[-49.333547,-21.652819],[-49.382349,-21.6689106],[-49.3888637,-21.6918729],[-49.4067844,-21.6977488],[-49.4110784,-21.7257935],[-49.4206863,-21.7355149],[-49.4142859,-21.7567806],[-49.4345406,-21.7705223],[-49.4313487,-21.7793582],[-49.4375621,-21.7871963],[-49.4533176,-21.7836287],[-49.4670403,-21.7900562],[-49.4885696,-21.807614],[-49.4924581,-21.8209397],[-49.5257339,-21.8375636],[-49.5254337,-21.8519048],[-49.5462216,-21.8564799],[-49.5656454,-21.8316157],[-49.6068244,-21.8708927],[-49.636021,-21.8602682],[-49.6398513,-21.8502947],[-49.7020103,-21.9010038],[-49.6988769,-21.909152],[-49.7215873,-21.9207554],[-49.7341783,-21.9405531],[-49.7677568,-21.9321087],[-49.7686627,-21.9164256],[-49.8093552,-21.8902663],[-49.7976095,-21.87629],[-49.8072403,-21.8589576],[-49.7919425,-21.8460733],[-49.7724631,-21.8047771],[-49.7555273,-21.7991905],[-49.7499357,-21.7792407],[-49.7231239,-21.7656435],[-49.7258804,-21.7461392],[-49.6587867,-21.7266656],[-49.6243624,-21.7301874],[-49.570679,-21.7006417]]]}},{"type":"Feature","properties":{"level":"municipio","municipality_code":"3508900","municipality_name":"Caiabu","uf":"SP","state_code":"35","area_km2":253.352},"geometry":{"type":"Polygon","coordinates":[[[-51.2052872,-22.0659648],[-51.2680655,-22.0667052],[-51.2746315,-22.0525505],[-51.286927,-22.0480379],[-51.2911596,-22.0255422],[-51.2792108,-22.0006455],[-51.2902042,-21.9840023],[-51.2775064,-21.9733695],[-51.2739644,-21.9422403],[-51.2657212,-21.9353364],[-51.2747438,-21.9270791],[-51.2725372,-21.9118344],[-51.2568169,-21.9005186],[-51.2663864,-21.8778959],[-51.2527807,-21.8774506],[-51.2543467,-21.8601983],[-51.2361089,-21.8421126],[-51.2400176,-21.8378939],[-51.2283525,-21.8391404],[-51.224035,-21.8288244],[-51.2093545,-21.8331432],[-51.2008685,-21.8233374],[-51.1781185,-21.8377358],[-51.1664022,-21.8610358],[-51.1532641,-21.8654538],[-51.1515427,-21.8775557],[-51.1649872,-21.9009115],[-51.1615032,-21.9151764],[-51.1850871,-21.9538992],[-51.1720555,-22.004215],[-51.1827891,-22.0044808],[-51.1946607,-22.0182332],[-51.2052872,-22.0659648]]]}},{"type":"Feature","properties":{"level":"municipio","municipality_code":"3509007","municipality_name":"Caieiras","uf":"SP","state_code":"35","area_km2":97.642},"geometry":{"type":"Polygon","coordinates":[[[-46.738144,-23.389035],[-46.764236,-23.384921],[-46.786049,-23.405017],[-46.799391,-23.40284],[-46.802715,-23.394789],[-46.822973,-23.401034],[-46.823674,-23.3309772],[-46.781556,-23.349276],[-46.777928,-23.336723],[-46.751894,-23.326527],[-46.741764,-23.341308],[-46.743405,-23.354735],[-46.716008,-23.35541],[-46.689736,-23.368309],[-46.669912,-23.363145],[-46.6549621,-23.3955313],[-46.6697514,-23.418593],[-46.682273,-23.417662],[-46.686777,-23.42696],[-46.738144,-23.389035]]]}},{"type":"Feature","properties":{"level":"municipio","municipality_code":"3509106","municipality_name":"Caiuá","uf":"SP","state_code":"35","area_km2":551.159},"geometry":{"type":"Polygon","coordinates":[[[-52.015462,-21.801677],[-51.97752,-21.766918],[-51.9422232,-21.5422688],[-51.9330517,-21.5434942],[-51.9364042,-21.5477586],[-51.9228185,-21.5606838],[-51.9126727,-21.5580431],[-51.9088846,-21.5653355],[-51.885796,-21.5700922],[-51.8823976,-21.5827072],[-51.8618182,-21.5762918],[-51.8428854,-21.6131017],[-51.8640186,-21.6705368],[-51.8831982,-21.6871311],[-51.8983052,-21.7170281],[-51.9009537,-21.7354309],[-51.8898157,-21.7461892],[-51.8878656,-21.7635047],[-51.9139331,-21.8210942],[-51.9337385,-21.8278886],[-51.9634738,-21.9064856],[-52.0033282,-21.9126326],[-52.0304069,-21.9414128],[-52.0229067,-21.9476629],[-52.031616,-21.982765],[-52.027598,-22.003732],[-52.038929,-22.024663],[-52.029761,-22.035302],[-52.030494,-22.048043],[-52.056825,-22.032418],[-52.088378,-21.987443],[-52.11009,-21.980844],[-52.122707,-21.993562],[-52.143937,-21.998495],[-52.1255995,-21.8757504],[-52.110981,-21.880582],[-52.0997075,-21.8738886],[-52.067506,-21.829869],[-52.015462,-21.801677]]]}},{"type":"Feature","properties":{"level":"municipio","municipality_code":"3509205","municipality_name":"Cajamar","uf":"SP","state_code":"35","area_km2":131.386},"geometry":{"type":"Polygon","coordinates":[[[-46.8317718,-23.4302919],[-46.8690249,-23.4156307],[-46.867261,-23.404947],[-46.8800042,-23.3962005],[-46.9026894,-23.3997227],[-46.9134837,-23.3866386],[-46.928516,-23.3894053],[-46.9319018,-23.3791417],[-46.9060683,-23.3695071],[-46.9023009,-23.3593314],[-46.9116091,-23.3530206],[-46.9341603,-23.3647224],[-46.9408985,-23.3522716],[-46.9314541,-23.3122298],[-46.9019133,-23.3075829],[-46.867464,-23.277939],[-46.842849,-23.282957],[-46.840821,-23.302327],[-46.82174,-23.313824],[-46.826199,-23.408818],[-46.819653,-23.418123],[-46.8317718,-23.4302919]]]}},{"type":"Feature","properties":{"level":"municipio","municipality_code":"3509254","municipality_name":"Cajati","uf":"SP","state_code":"35","area_km2":454.489},"geometry":{"type":"Polygon","coordinates":[[[-48.0948697,-24.6868328],[-48.0465465,-24.7195997],[-48.0632186,-24.7344874],[-48.0624406,-24.7501244],[-48.0845483,-24.7563511],[-48.0824064,-24.7617802],[-48.0959306,-24.7581669],[-48.1038327,-24.7767515],[-48.1279152,-24.7961703],[-48.1298606,-24.838378],[-48.1576395,-24.8483507],[-48.1694694,-24.8751255],[-48.1916129,-24.883718],[-48.2054993,-24.9078792],[-48.2399459,-24.9014675],[-48.2558579,-24.9116511],[-48.2640551,-24.8940777],[-48.2526707,-24.8877024],[-48.2616328,-24.8787616],[-48.2800509,-24.8831624],[-48.3156121,-24.8751465],[-48.3193903,-24.8647242],[-48.2705844,-24.8409196],[-48.2691768,-24.832464],[-48.3058571,-24.8373783],[-48.3025272,-24.8286212],[-48.309191,-24.823428],[-48.2944941,-24.8049969],[-48.3040052,-24.7897003],[-48.2899144,-24.7772269],[-48.3023253,-24.7626288],[-48.3070022,-24.732743],[-48.2406674,-24.6974839],[-48.2364802,-24.6868869],[-48.2051922,-24.6877133],[-48.2271906,-24.6765094],[-48.2085881,-24.6641807],[-48.1712821,-24.6584589],[-48.1642634,-24.6425503],[-48.1552152,-24.640775],[-48.1289948,-24.649284],[-48.1223275,-24.6628013],[-48.093331,-24.6710546],[-48.0990011,-24.6736976],[-48.0948697,-24.6868328]]]}},{"type":"Feature","properties":{"level":"municipio","municipality_code":"3509304","municipality_name":"Cajobi","uf":"SP","state_code":"35","area_km2":176.929},"geometry":{"type":"Polygon","coordinates":[[[-48.8459958,-20.9118003],[-48.8830294,-20.9130157],[-48.9071156,-20.8922894],[-48.9094608,-20.8815687],[-48.9255613,-20.8761542],[-48.9411092,-20.8839601],[-48.9477202,-20.8782723],[-48.9201074,-20.8132814],[-48.8734276,-20.8229731],[-48.864092,-20.8321273],[-48.8509497,-20.8301899],[-48.8410252,-20.8447637],[-48.796912,-20.8355875],[-48.7447938,-20.8398403],[-48.7499012,-20.8542106],[-48.7441101,-20.8674995],[-48.7546227,-20.8775334],[-48.7458,-20.9033456],[-48.77238,-20.9264664],[-48.802624,-20.9375769],[-48.8165788,-20.926304],[-48.8252501,-20.9308496],[-48.8459958,-20.9118003]]]}},{"type":"Feature","properties":{"level":"municipio","municipality_code":"3509403","municipality_name":"Cajuru","uf":"SP","state_code":"35","area_km2":660.088},"geometry":{"type":"Polygon","coordinates":[[[-47.3036288,-21.4376299],[-47.3333528,-21.4142509],[-47.3805672,-21.395077],[-47.390799,-21.3737566],[-47.4112418,-21.3610755],[-47.4045463,-21.3439901],[-47.4150783,-21.3432093],[-47.4100639,-21.3320254],[-47.3678094,-21.2962959],[-47.3759518,-21.2870686],[-47.4039843,-21.2907544],[-47.3978891,-21.2734593],[-47.3749571,-21.2660553],[-47.4001629,-21.2130466],[-47.4195216,-21.2165062],[-47.4211302,-21.2250486],[-47.4522736,-21.2218644],[-47.4788764,-21.2037603],[-47.4721598,-21.1833897],[-47.4301774,-21.1537107],[-47.3944477,-21.1381109],[-47.3692589,-21.1462617],[-47.349837,-21.137246],[-47.338718,-21.1098981],[-47.3100328,-21.1009925],[-47.2916817,-21.1108301],[-47.2810538,-21.1399957],[-47.2646947,-21.1393907],[-47.2438536,-21.1593527],[-47.2307273,-21.1851119],[-47.2337023,-21.1943351],[-47.1828072,-21.2157965],[-47.1825391,-21.2269329],[-47.203164,-21.2452482],[-47.197078,-21.2562325],[-47.2344855,-21.2733964],[-47.2224157,-21.2764882],[-47.2118418,-21.2928524],[-47.2127295,-21.3098894],[-47.2291381,-21.3391218],[-47.2107862,-21.3486437],[-47.1989058,-21.3431397],[-47.1866982,-21.3565706],[-47.2046167,-21.3849913],[-47.2145507,-21.4264359],[-47.2313361,-21.4220885],[-47.237568,-21.4435174],[-47.2681501,-21.451915],[-47.2947265,-21.4465493],[-47.3052097,-21.4624304],[-47.3036288,-21.4376299]]]}},{"type":"Feature","properties":{"level":"municipio","municipality_code":"3509452","municipality_name":"Campina do Monte Alegre","uf":"SP","state_code":"35","area_km2":184.479},"geometry":{"type":"Polygon","coordinates":[[[-48.4782309,-23.6092317],[-48.4971132,-23.6064419],[-48.4935294,-23.5692092],[-48.5069518,-23.54837],[-48.5141264,-23.5599389],[-48.5226658,-23.5594654],[-48.5204014,-23.5457013],[-48.5349234,-23.5411392],[-48.5377745,-23.5132984],[-48.5201364,-23.5093271],[-48.4937547,-23.5305587],[-48.4454012,-23.525665],[-48.4369051,-23.535442],[-48.4141538,-23.5348783],[-48.4075912,-23.5529284],[-48.4125289,-23.5646997],[-48.3979383,-23.5767582],[-48.4021486,-23.6045008],[-48.3806425,-23.6354304],[-48.3709261,-23.6315318],[-48.3664677,-23.6728343],[-48.3740015,-23.6838651],[-48.3910197,-23.6871899],[-48.4034235,-23.7136033],[-48.4220045,-23.7128651],[-48.443368,-23.6955167],[-48.4381941,-23.6771679],[-48.4582436,-23.6694524],[-48.4618359,-23.6472617],[-48.4756697,-23.6525329],[-48.4775455,-23.6414464],[-48.4693567,-23.6348679],[-48.4782309,-23.6092317]]]}},{"type":"Feature","properties":{"level":"municipio","municipality_code":"3509502","municipality_name":"Campinas","uf":"SP","state_code":"35","area_km2":794.571},"geometry":{"type":"Polygon","coordinates":[[[-46.9987782,-22.9347443],[-47.0255672,-22.9527717],[-47.034419,-22.975474],[-47.0661478,-22.9936693],[-47.074616,-23.012867],[-47.071835,-23.02695],[-47.061716,-23.027863],[-47.048562,-23.051382],[-47.070169,-23.047636],[-47.085788,-23.056402],[-47.095847,-23.052216],[-47.108611,-23.061192],[-47.124542,-23.06009],[-47.130521,-23.05239],[-47.144061,-23.057767],[-47.152416,-23.038513],[-47.157789,-23.041753],[-47.169167,-23.030946],[-47.20462,-23.031724],[-47.231917,-23.009612],[-47.225119,-23.00125],[-47.202749,-22.998861],[-47.205275,-22.973309],[-47.2295679,-22.9525465],[-47.209657,-22.951499],[-47.201748,-22.930579],[-47.236996,-22.921093],[-47.246767,-22.909478],[-47.180254,-22.912291],[-47.1668987,-22.9036711],[-47.15711,-22.887326],[-47.1561187,-22.8601167],[-47.1628253,-22.8535313],[-47.1534122,-22.8323166],[-47.163682,-22.805527],[-47.128292,-22.807611],[-47.108838,-22.817016],[-47.109995,-22.800666],[-47.0944859,-22.7766111],[-47.1082934,-22.754372],[-47.0774252,-22.7435895],[-47.07617,-22.7320693],[-47.0492954,-22.740063],[-47.0311301,-22.7318953],[-47.012276,-22.734053],[-46.990111,-22.745582],[-46.966456,-22.745343],[-46.957425,-22.729225],[-46.901319,-22.7670789],[-46.8982661,-22.7781234],[-46.9049293,-22.784523],[-46.8925832,-22.7980363],[-46.8908025,-22.8170708],[-46.8677588,-22.817488],[-46.8583484,-22.8357959],[-46.860556,-22.849092],[-46.84921,-22.862124],[-46.851074,-22.876245],[-46.834777,-22.880151],[-46.826475,-22.873185],[-46.815929,-22.895669],[-46.830501,-22.906986],[-46.869513,-22.898911],[-46.891018,-22.913473],[-46.876357,-22.931927],[-46.894937,-22.934654],[-46.912334,-22.924071],[-46.935179,-22.931098],[-46.95186,-22.908782],[-46.98041,-22.903351],[-46.9987782,-22.9347443]]]}},{"type":"Feature","properties":{"level":"municipio","municipality_code":"3509601","municipality_name":"Campo Limpo Paulista","uf":"SP","state_code":"35","area_km2":79.403},"geometry":{"type":"Polygon","coordinates":[[[-46.765134,-23.1766898],[-46.7153463,-23.1916657],[-46.7146141,-23.2271925],[-46.7042465,-23.2370001],[-46.7040604,-23.2521241],[-46.745466,-23.2504049],[-46.760845,-23.258396],[-46.778571,-23.25652],[-46.790873,-23.266742],[-46.807116,-23.255293],[-46.796602,-23.229599],[-46.80685,-23.205741],[-46.7907911,-23.1834367],[-46.7911886,-23.1546685],[-46.765134,-23.1766898]]]}},{"type":"Feature","properties":{"level":"municipio","municipality_code":"3509809","municipality_name":"Campos Novos Paulista","uf":"SP","state_code":"35","area_km2":484.199},"geometry":{"type":"Polygon","coordinates":[[[-50.0217481,-22.747417],[-50.0331489,-22.745705],[-50.0379901,-22.7246209],[-50.054137,-22.7204597],[-50.0781072,-22.6926927],[-50.107099,-22.6797633],[-50.0925292,-22.6355158],[-50.1012446,-22.6104293],[-50.1387738,-22.573941],[-50.1183338,-22.5575919],[-50.124159,-22.5106414],[-50.105083,-22.5183448],[-50.0877042,-22.4904515],[-50.0410431,-22.4978957],[-50.023649,-22.5123879],[-49.9999077,-22.4968971],[-49.9828109,-22.5300232],[-49.9625616,-22.5244685],[-49.9263115,-22.5408102],[-49.9072681,-22.5408056],[-49.8873338,-22.5270958],[-49.8909028,-22.655406],[-49.9288151,-22.6769509],[-49.9723074,-22.6845309],[-49.9735676,-22.7123838],[-49.9831358,-22.7199848],[-50.0100548,-22.7843043],[-50.0256842,-22.77657],[-50.0217481,-22.747417]]]}},{"type":"Feature","properties":{"level":"municipio","municipality_code":"3509700","municipality_name":"Campos do Jordão","uf":"SP","state_code":"35","area_km2":289.981},"geometry":{"type":"Polygon","coordinates":[[[-45.4947009,-22.7424192],[-45.5536127,-22.7743431],[-45.5815416,-22.7777277],[-45.5855748,-22.7926788],[-45.5983252,-22.7893238],[-45.6143718,-22.7970958],[-45.6401367,-22.7935626],[-45.6435091,-22.7859769],[-45.6763136,-22.7875849],[-45.6586467,-22.7590424],[-45.6592209,-22.7381933],[-45.6164873,-22.7261022],[-45.6269026,-22.7200526],[-45.6118209,-22.6947879],[-45.6238333,-22.6827766],[-45.6013919,-22.6816186],[-45.5804083,-22.6529099],[-45.5399082,-22.6525798],[-45.4991285,-22.6250112],[-45.4888005,-22.6287852],[-45.4747742,-22.5995099],[-45.4812854,-22.5911954],[-45.4738566,-22.5888942],[-45.4355472,-22.6183207],[-45.4129317,-22.6222155],[-45.4105211,-22.651671],[-45.3999859,-22.6536803],[-45.4009545,-22.6611363],[-45.4480011,-22.7154017],[-45.4770816,-22.7199651],[-45.4947009,-22.7424192]]]}},{"type":"Feature","properties":{"level":"municipio","municipality_code":"3509908","municipality_name":"Cananéia","uf":"SP","state_code":"35","area_km2":1237.354},"geometry":{"type":"MultiPolygon","coordinates":[[[[-48.0371573,-25.3579403],[-48.0371488,-25.3559172],[-48.0354147,-25.3568182],[-48.0371573,-25.3579403]]],[[[-47.9569334,-25.2725539],[-47.9533435,-25.2744641],[-47.9576289,-25.2730276],[-47.9569334,-25.2725539]]],[[[-47.9114211,-25.1628521],[-47.9145047,-25.1672525],[-47.9147701,-25.1663145],[-47.9114211,-25.1628521]]],[[[-47.8596399,-25.1324614],[-47.8619378,-25.1313348],[-47.8602532,-25.1309216],[-47.8596399,-25.1324614]]],[[[-47.8654715,-25.1221154],[-47.8494759,-25.1208905],[-47.8648272,-25.1284196],[-47.8654715,-25.1221154]]],[[[-48.0447475,-24.8586207],[-48.0573911,-24.8440348],[-48.0407164,-24.8341066],[-48.0124528,-24.8533596],[-47.9915855,-24.8465584],[-47.9830268,-24.8661851],[-47.9556913,-24.8768369],[-47.9632773,-24.8602137],[-47.9548825,-24.835982],[-47.9178232,-24.8570514],[-47.9126394,-24.8399699],[-47.9385266,-24.8107635],[-47.9259074,-24.7950733],[-47.9272176,-24.7806779],[-47.945358,-24.7719551],[-47.9430929,-24.7671892],[-47.9171584,-24.7771708],[-47.8917894,-24.7755091],[-47.8899928,-24.7870919],[-47.8656437,-24.7993619],[-47.8467652,-24.7842763],[-47.8533326,-24.768265],[-47.8307448,-24.7563454],[-47.8099583,-24.7897676],[-47.7817475,-24.8015876],[-47.7736519,-24.8165145],[-47.782794,-24.8285088],[-47.7780687,-24.8465215],[-47.7632983,-24.8330889],[-47.7521527,-24.8417523],[-47.7478943,-24.8316946],[-47.7343624,-24.8356844],[-47.7647675,-24.8588465],[-47.7767128,-24.8789476],[-47.8026575,-24.891417],[-47.806689,-24.9096911],[-47.8395811,-24.9047681],[-47.8277242,-24.9178516],[-47.8553301,-24.9367501],[-47.8661861,-24.9657635],[-47.8895393,-24.9616983],[-47.8967067,-24.9680224],[-47.896495,-24.998856],[-47.9185251,-25.0173914],[-47.915854,-25.04779],[-47.9023781,-25.0656706],[-47.9044689,-25.0985405],[-47.8946544,-25.1054851],[-47.9187975,-25.144728],[-47.9138725,-25.1591541],[-47.945992,-25.1743206],[-48.0994745,-25.3123213],[-48.0984588,-25.2996767],[-48.0831092,-25.2819972],[-48.0246943,-25.232764],[-48.0275502,-25.2205088],[-48.0402996,-25.2187445],[-48.0471619,-25.2267494],[-48.0574466,-25.2183343],[-48.0621061,-25.2400852],[-48.0985821,-25.2412534],[-48.1148836,-25.250702],[-48.1512382,-25.2281274],[-48.1627203,-25.2098366],[-48.1913613,-25.1962413],[-48.1933632,-25.1898656],[-48.1783946,-25.1820587],[-48.1568858,-25.1446525],[-48.1816415,-25.1338357],[-48.2121967,-25.0854466],[-48.2155624,-25.0425525],[-48.2089422,-25.0286397],[-48.2315543,-25.0207869],[-48.2233564,-25.0091243],[-48.2334705,-25.0069411],[-48.2294709,-25.0013508],[-48.2396928,-24.9914176],[-48.2104716,-24.9569321],[-48.1804201,-24.9705814],[-48.1623031,-24.9648363],[-48.1394743,-24.9863285],[-48.1348268,-24.9793884],[-48.0996076,-24.9752335],[-48.0981928,-24.9618807],[-48.0783576,-24.9538443],[-48.0356904,-24.9663145],[-48.0250462,-24.9471791],[-48.047108,-24.9267192],[-48.0355883,-24.9167402],[-48.0347771,-24.90462],[-48.0447475,-24.8586207]]]]}},{"type":"Feature","properties":{"level":"municipio","municipality_code":"3509957","municipality_name":"Canas","uf":"SP","state_code":"35","area_km2":53.261},"geometry":{"type":"Polygon","coordinates":[[[-45.0743306,-22.7287708],[-45.0752162,-22.6784673],[-45.0456162,-22.6757871],[-45.0390274,-22.6951674],[-45.0209437,-22.7003798],[-45.0210819,-22.7414332],[-45.0057238,-22.7738122],[-44.9903866,-22.795589],[-44.9754588,-22.7984679],[-44.975119,-22.80804],[-44.978941,-22.8030612],[-44.9895559,-22.8100065],[-45.0108691,-22.7735739],[-45.0323011,-22.7607805],[-45.0610466,-22.7687728],[-45.0610032,-22.7502406],[-45.0743306,-22.7287708]]]}},{"type":"Feature","properties":{"level":"municipio","municipality_code":"3510153","municipality_name":"Canitar","uf":"SP","state_code":"35","area_km2":57.459},"geometry":{"type":"Polygon","coordinates":[[[-49.7634474,-22.9699353],[-49.7436667,-22.9859537],[-49.7580607,-23.0000019],[-49.7560403,-23.0195781],[-49.7423439,-23.026959],[-49.7926412,-23.0420087],[-49.8144721,-23.0757856],[-49.8269878,-23.0748713],[-49.8371722,-23.0459967],[-49.8053789,-23.0007109],[-49.7972704,-22.9721801],[-49.7923229,-22.9672306],[-49.7727749,-22.9778273],[-49.7634474,-22.9699353]]]}},{"type":"Feature","properties":{"level":"municipio","municipality_code":"3510302","municipality_name":"Capela do Alto","uf":"SP","state_code":"35","area_km2":169.89},"geometry":{"type":"Polygon","coordinates":[[[-47.6512542,-23.4661691],[-47.6975617,-23.4940335],[-47.7179201,-23.5346907],[-47.7613328,-23.5618751],[-47.7816217,-23.5310607],[-47.7815045,-23.5190613],[-47.793199,-23.5177714],[-47.7869328,-23.5065664],[-47.7952947,-23.4995923],[-47.7893827,-23.4962381],[-47.7990452,-23.4979406],[-47.8072143,-23.4886962],[-47.8026094,-23.4717246],[-47.7850542,-23.476709],[-47.7864087,-23.4489062],[-47.7606278,-23.4423291],[-47.7599134,-23.4357486],[-47.7765778,-23.4314235],[-47.7632777,-23.4197577],[-47.7698501,-23.4142805],[-47.7617119,-23.398774],[-47.7265916,-23.3849592],[-47.7014676,-23.3982582],[-47.6844137,-23.3934388],[-47.6878554,-23.4019602],[-47.6773351,-23.4246878],[-47.6542174,-23.4333806],[-47.6512542,-23.4661691]]]}},{"type":"Feature","properties":{"level":"municipio","municipality_code":"3510401","municipality_name":"Capivari","uf":"SP","state_code":"35","area_km2":322.878},"geometry":{"type":"Polygon","coordinates":[[[-47.5224473,-23.0268181],[-47.528433,-22.9999775],[-47.5570336,-22.998039],[-47.5448722,-23.0117405],[-47.5746386,-23.0119018],[-47.5774341,-23.0180211],[-47.5814266,-23.0089231],[-47.6033439,-23.0127134],[-47.6015057,-22.9992587],[-47.6080672,-23.0039746],[-47.6233064,-22.9942186],[-47.6043248,-22.9888862],[-47.5921277,-22.9710323],[-47.5250853,-22.9634196],[-47.5071423,-22.8913213],[-47.519343,-22.8870612],[-47.5191314,-22.8685979],[-47.5071116,-22.8525477],[-47.4852128,-22.8496869],[-47.481624,-22.858911],[-47.4695343,-22.8595477],[-47.4528769,-22.8458897],[-47.4488882,-22.8457669],[-47.449929,-22.8709491],[-47.4411259,-22.8894661],[-47.4121768,-22.9082111],[-47.3970898,-22.9031056],[-47.3865591,-22.9185876],[-47.3873551,-22.9559862],[-47.3962485,-22.9543559],[-47.4065228,-22.9644533],[-47.383121,-22.994953],[-47.3909826,-22.9934351],[-47.391066,-23.003649],[-47.4060817,-23.0047805],[-47.4079565,-23.0126438],[-47.4074458,-23.0013972],[-47.4150752,-23.0069316],[-47.4274067,-23.0023494],[-47.432265,-23.0092851],[-47.4256825,-23.0142059],[-47.4627452,-23.0264794],[-47.4373783,-23.0492006],[-47.4337251,-23.0749638],[-47.4210149,-23.0930438],[-47.4326311,-23.1056317],[-47.4653002,-23.1098863],[-47.4650262,-23.1280615],[-47.4803925,-23.1249962],[-47.5344494,-23.0480182],[-47.5224473,-23.0268181]]]}},{"type":"Feature","properties":{"level":"municipio","municipality_code":"3510203","municipality_name":"Capão Bonito","uf":"SP","state_code":"35","area_km2":1640.229},"geometry":{"type":"Polygon","coordinates":[[[-48.30336,-24.0538853],[-48.3508622,-24.0728639],[-48.3770383,-24.0657046],[-48.4128468,-24.0738507],[-48.409849,-24.1027624],[-48.4293453,-24.1577086],[-48.4209459,-24.1801951],[-48.4457002,-24.1715555],[-48.4671854,-24.174304],[-48.4759302,-24.1688047],[-48.4731561,-24.1566187],[-48.4899711,-24.1534715],[-48.5057469,-24.1383681],[-48.5204193,-24.1398882],[-48.5303371,-24.1214494],[-48.5463837,-24.1157762],[-48.5462309,-24.1085059],[-48.5696041,-24.0905433],[-48.5733423,-24.0578949],[-48.5826252,-24.0484677],[-48.5784255,-24.0425684],[-48.570176,-24.0477716],[-48.5743298,-24.0249555],[-48.5561849,-24.0245931],[-48.5538907,-24.0117921],[-48.5601038,-24.007649],[-48.5487795,-23.9998617],[-48.5622198,-23.9947385],[-48.5655171,-23.98484],[-48.5798114,-23.9860435],[-48.5866652,-23.9743036],[-48.5793095,-23.973916],[-48.5739339,-23.9603055],[-48.5609464,-23.9595873],[-48.5657606,-23.9451902],[-48.4752331,-23.89037],[-48.4313806,-23.8924982],[-48.4008428,-23.8671413],[-48.4028934,-23.8612604],[-48.3821752,-23.8589923],[-48.3470297,-23.8306675],[-48.3311062,-23.8411329],[-48.3432078,-23.853166],[-48.3230412,-23.8551121],[-48.3154609,-23.8440098],[-48.3219642,-23.8320056],[-48.3091409,-23.8347039],[-48.2961228,-23.8251268],[-48.2689391,-23.856818],[-48.2637105,-23.8511603],[-48.2403046,-23.8613848],[-48.2305452,-23.8486199],[-48.1906548,-23.8537515],[-48.1818381,-23.8728382],[-48.1912319,-23.886975],[-48.1808739,-23.8957715],[-48.1727376,-23.8901616],[-48.1668892,-23.9222456],[-48.1211507,-23.9647316],[-48.1271578,-23.9786431],[-48.1172995,-23.9894075],[-48.1260118,-24.0002943],[-48.1251385,-24.0142789],[-48.1112819,-24.0091861],[-48.095616,-24.0157408],[-48.0835741,-24.0035361],[-48.0771926,-24.014976],[-48.0619732,-24.0141312],[-48.0063181,-24.0670163],[-47.9999338,-24.0629008],[-47.9981028,-24.073828],[-47.9800748,-24.0755827],[-47.9717012,-24.0997049],[-47.9539264,-24.1107244],[-47.9529448,-24.1194522],[-47.980779,-24.1133823],[-48.0087538,-24.1354029],[-48.0174068,-24.1286469],[-48.0499221,-24.1378952],[-48.0572788,-24.1473854],[-48.0507222,-24.1566659],[-48.0601391,-24.1591346],[-48.0597185,-24.1833593],[-48.0943539,-24.1935414],[-48.0986009,-24.2020712],[-48.1412615,-24.1945189],[-48.1449141,-24.231696],[-48.1543473,-24.22925],[-48.2049442,-24.2632899],[-48.2524069,-24.2576087],[-48.2809671,-24.2819127],[-48.2937291,-24.2730437],[-48.2845413,-24.2637976],[-48.2861581,-24.2527117],[-48.2763287,-24.2484004],[-48.2833106,-24.2415729],[-48.2774732,-24.2318772],[-48.2923101,-24.2149101],[-48.2893201,-24.1932388],[-48.303348,-24.1777549],[-48.2889981,-24.1639409],[-48.3069724,-24.1496373],[-48.3019839,-24.1405575],[-48.3161398,-24.1138968],[-48.3103977,-24.1071418],[-48.3140365,-24.0851684],[-48.2973397,-24.0754576],[-48.30336,-24.0538853]]]}},{"type":"Feature","properties":{"level":"municipio","municipality_code":"3510500","municipality_name":"Caraguatatuba","uf":"SP","state_code":"35","area_km2":484.947},"geometry":{"type":"MultiPolygon","coordinates":[[[[-45.3226943,-23.5811829],[-45.3694016,-23.6304292],[-45.3783917,-23.6246781],[-45.3880364,-23.6347199],[-45.4018699,-23.6229353],[-45.4149122,-23.6311071],[-45.4294653,-23.664157],[-45.427482,-23.711514],[-45.4531196,-23.7258961],[-45.4583199,-23.7441798],[-45.4771922,-23.7600041],[-45.4723515,-23.7513145],[-45.4858477,-23.7336488],[-45.483812,-23.7239791],[-45.5062864,-23.7279867],[-45.5332103,-23.7562687],[-45.544437,-23.748874],[-45.5329921,-23.7387513],[-45.5651668,-23.7437936],[-45.5728982,-23.7259022],[-45.6027051,-23.7280663],[-45.6256531,-23.7190668],[-45.6495137,-23.7264799],[-45.6948683,-23.7226304],[-45.6640043,-23.7022895],[-45.6727724,-23.6905149],[-45.668969,-23.6793152],[-45.6801251,-23.6653883],[-45.7085915,-23.6607899],[-45.7196583,-23.6495142],[-45.6795538,-23.62753],[-45.6695158,-23.6293138],[-45.6662338,-23.620274],[-45.6224025,-23.629096],[-45.6318525,-23.657148],[-45.5807986,-23.6467894],[-45.5440451,-23.5982643],[-45.5239416,-23.6049008],[-45.4875329,-23.5724801],[-45.4706022,-23.5823444],[-45.4551713,-23.5777005],[-45.4439083,-23.5560602],[-45.4249943,-23.5483022],[-45.4141055,-23.5601614],[-45.3843924,-23.5553347],[-45.3703806,-23.5419214],[-45.3556292,-23.5398819],[-45.3428462,-23.5483908],[-45.3089429,-23.4973265],[-45.2734352,-23.4831329],[-45.2800425,-23.5413349],[-45.2660303,-23.5443162],[-45.259305,-23.5608568],[-45.2718448,-23.5599929],[-45.27445,-23.578221],[-45.2959653,-23.5721064],[-45.3226943,-23.5811829]]],[[[-45.2955747,-23.6016167],[-45.2809998,-23.5928168],[-45.2827254,-23.6011073],[-45.2955747,-23.6016167]]],[[[-45.3101361,-23.5858027],[-45.3094969,-23.5871592],[-45.3105319,-23.5866963],[-45.3101361,-23.5858027]]],[[[-45.3104506,-23.5837457],[-45.3121113,-23.5816923],[-45.3109485,-23.581284],[-45.3104506,-23.5837457]]]]}},{"type":"Feature","properties":{"level":"municipio","municipality_code":"3510609","municipality_name":"Carapicuíba","uf":"SP","state_code":"35","area_km2":34.546},"geometry":{"type":"Polygon","coordinates":[[[-46.8356963,-23.5771112],[-46.853667,-23.582825],[-46.876762,-23.566518],[-46.872379,-23.554214],[-46.860589,-23.550332],[-46.8628621,-23.5226319],[-46.838481,-23.510625],[-46.8173368,-23.5208425],[-46.821827,-23.548869],[-46.8143896,-23.5696012],[-46.820904,-23.584149],[-46.8356963,-23.5771112]]]}},{"type":"Feature","properties":{"level":"municipio","municipality_code":"3510708","municipality_name":"Cardoso","uf":"SP","state_code":"35","area_km2":639.248},"geometry":{"type":"Polygon","coordinates":[[[-49.8158742,-20.0959326],[-49.8024734,-20.1555658],[-49.8124501,-20.1947253],[-49.8297287,-20.1866632],[-49.8472896,-20.1974286],[-49.8714228,-20.1949453],[-49.9001378,-20.2168205],[-49.9149378,-20.2184051],[-49.9347946,-20.1866165],[-49.9421337,-20.1859238],[-49.9426883,-20.1736817],[-49.9644912,-20.1722645],[-49.9919425,-20.18609],[-50.0277452,-20.1816596],[-50.0251162,-20.1194629],[-50.0405052,-20.1044877],[-50.0283168,-20.0782248],[-50.0431602,-20.0765105],[-50.0455715,-20.060076],[-50.0630492,-20.0702601],[-50.0843716,-20.0672931],[-50.0905098,-20.0427721],[-50.1110659,-20.0378079],[-50.1108985,-20.0200495],[-50.0755117,-20.0072897],[-50.0736096,-19.9900031],[-50.0550928,-19.9804599],[-50.0558242,-19.9517429],[-50.0441315,-19.9164225],[-50.0121875,-19.9267193],[-49.9554573,-19.9213921],[-49.9061864,-19.9371671],[-49.9016233,-19.9599592],[-49.8855344,-19.9798864],[-49.8938268,-19.9870217],[-49.8884987,-19.997814],[-49.8926909,-20.0360165],[-49.8749248,-20.0417145],[-49.861693,-20.025667],[-49.8402599,-20.029894],[-49.8392711,-20.0433541],[-49.8241404,-20.047128],[-49.8239333,-20.0645095],[-49.8052506,-20.0761023],[-49.8158742,-20.0959326]]]}},{"type":"Feature","properties":{"level":"municipio","municipality_code":"3510807","municipality_name":"Casa Branca","uf":"SP","state_code":"35","area_km2":864.225},"geometry":{"type":"Polygon","coordinates":[[[-47.0684006,-21.9856025],[-47.0912075,-21.9799793],[-47.0955851,-21.9855339],[-47.107123,-21.9757171],[-47.1138042,-21.9818706],[-47.1166564,-21.973214],[-47.1203661,-21.9817903],[-47.1633588,-21.9881717],[-47.1703697,-21.9772213],[-47.1954891,-21.9737349],[-47.1828328,-21.9564621],[-47.1598092,-21.9528589],[-47.1984595,-21.9076497],[-47.187541,-21.8766364],[-47.1937074,-21.8589891],[-47.1854714,-21.8474789],[-47.186036,-21.7914409],[-47.1984052,-21.7921993],[-47.1947488,-21.7836378],[-47.2112622,-21.7561329],[-47.2413593,-21.7553958],[-47.2314867,-21.7332784],[-47.2078326,-21.7169273],[-47.1649727,-21.6660626],[-47.1580944,-21.6295511],[-47.1235677,-21.6236327],[-47.1240181,-21.5923045],[-47.0978394,-21.5780268],[-47.0974631,-21.5678778],[-47.0846357,-21.5723078],[-47.0871289,-21.5909857],[-47.0702982,-21.5963815],[-47.0815263,-21.6109228],[-47.0671854,-21.6219633],[-47.0609556,-21.6176194],[-47.0624057,-21.6257078],[-47.054313,-21.6185789],[-47.0375565,-21.6234749],[-47.0218294,-21.6501435],[-46.9773984,-21.6517805],[-46.9963522,-21.675813],[-46.9856007,-21.6859739],[-46.9763674,-21.715931],[-47.0108846,-21.7334803],[-46.9949518,-21.7436777],[-46.9836494,-21.7413169],[-46.9816612,-21.753954],[-46.9673682,-21.7610177],[-46.9541883,-21.7969455],[-46.9621669,-21.8093884],[-46.9606688,-21.8346086],[-46.988194,-21.8475423],[-46.9822784,-21.8696307],[-46.994167,-21.8777506],[-47.0027761,-21.9093103],[-47.0023426,-21.9290317],[-46.9839351,-21.9717641],[-47.0075072,-21.9756188],[-47.0163885,-22.009005],[-47.0310887,-22.0104058],[-47.0371544,-21.9906148],[-47.0570866,-21.9870951],[-47.0661982,-21.9932689],[-47.0684006,-21.9856025]]]}},{"type":"Feature","properties":{"level":"municipio","municipality_code":"3511003","municipality_name":"Castilho","uf":"SP","state_code":"35","area_km2":1065.318},"geometry":{"type":"Polygon","coordinates":[[[-51.4200354,-20.6839481],[-51.4243549,-20.7123269],[-51.4392278,-20.7279227],[-51.4510054,-20.7666041],[-51.4517088,-20.8912522],[-51.4678959,-20.9086699],[-51.4652835,-20.9238419],[-51.4787154,-20.9579622],[-51.4653176,-20.9983693],[-51.4816126,-21.0361028],[-51.4755611,-21.049712],[-51.5122079,-21.0667536],[-51.5106851,-21.079776],[-51.5311997,-21.0953198],[-51.5953966,-21.0888363],[-51.6434029,-21.1492576],[-51.6414905,-21.1652249],[-51.6587598,-21.1695527],[-51.6723141,-21.1604989],[-51.6721517,-21.149173],[-51.6906032,-21.1446882],[-51.6948905,-21.131859],[-51.6879207,-21.1225256],[-51.7014535,-21.1078185],[-51.6944604,-21.0963096],[-51.6994977,-21.0881985],[-51.7137121,-21.0832982],[-51.719458,-21.0696246],[-51.7375125,-21.0743361],[-51.7521675,-21.0608184],[-51.7618578,-21.0642675],[-51.7719774,-21.0459252],[-51.7222304,-20.976768],[-51.6596463,-20.9685035],[-51.6209317,-20.9393656],[-51.6134777,-20.8900784],[-51.6297015,-20.8614529],[-51.6329772,-20.8215582],[-51.6223984,-20.776872],[-51.6348992,-20.7548484],[-51.603296,-20.6616955],[-51.5751862,-20.6234191],[-51.5215922,-20.6403896],[-51.4943789,-20.6701021],[-51.4486294,-20.6679093],[-51.4200354,-20.6839481]]]}},{"type":"Feature","properties":{"level":"municipio","municipality_code":"3511102","municipality_name":"Catanduva","uf":"SP","state_code":"35","area_km2":290.596},"geometry":{"type":"Polygon","coordinates":[[[-48.927285,-21.16583],[-48.9720127,-21.2019505],[-48.9637674,-21.2376682],[-48.9773998,-21.2491923],[-48.9920067,-21.2465219],[-49.007803,-21.2545677],[-49.0518564,-21.2443211],[-49.0913315,-21.2212174],[-49.060303,-21.1919954],[-49.0393053,-21.1944355],[-49.0211765,-21.1807697],[-49.0398368,-21.1559076],[-49.0592191,-21.1480262],[-49.0478414,-21.1405397],[-49.0446469,-21.118496],[-49.0193707,-21.084977],[-48.9822142,-21.0779876],[-48.9637348,-21.0533554],[-48.9434332,-21.0654507],[-48.9379519,-21.0566379],[-48.9182103,-21.0535324],[-48.8595706,-21.0060776],[-48.8357248,-21.0166383],[-48.8310829,-21.0305936],[-48.8177222,-21.0325655],[-48.8193753,-21.041604],[-48.8559346,-21.0663224],[-48.8843579,-21.110667],[-48.9178446,-21.1115224],[-48.9173949,-21.1676374],[-48.927285,-21.16583]]]}},{"type":"Feature","properties":{"level":"municipio","municipality_code":"3511201","municipality_name":"Catiguá","uf":"SP","state_code":"35","area_km2":148.393},"geometry":{"type":"Polygon","coordinates":[[[-49.0347315,-21.0129865],[-49.0097842,-21.0115718],[-49.0068961,-21.0234821],[-48.98094,-21.0245785],[-48.9637348,-21.0533554],[-48.9822142,-21.0779876],[-49.0199998,-21.0854836],[-49.0446469,-21.118496],[-49.0456478,-21.135494],[-49.0756039,-21.1306293],[-49.0846328,-21.1111587],[-49.0952423,-21.1105067],[-49.130446,-21.0719218],[-49.1314707,-21.0447461],[-49.1110787,-21.0270995],[-49.0937635,-21.0274499],[-49.0457421,-21.0023073],[-49.0347315,-21.0129865]]]}},{"type":"Feature","properties":{"level":"municipio","municipality_code":"3508504","municipality_name":"Caçapava","uf":"SP","state_code":"35","area_km2":368.99},"geometry":{"type":"Polygon","coordinates":[[[-45.72128,-23.237949],[-45.759925,-23.166657],[-45.75481,-23.112561],[-45.768234,-23.116324],[-45.776043,-23.104996],[-45.778926,-23.11524],[-45.788074,-23.102395],[-45.793459,-23.107007],[-45.841785,-23.041192],[-45.8202757,-23.0293275],[-45.8101159,-23.0123196],[-45.7485858,-22.9894664],[-45.7399589,-22.974295],[-45.725088,-22.9694458],[-45.7112303,-22.9900061],[-45.7133764,-23.0097789],[-45.7027147,-23.0072304],[-45.6974137,-23.0265009],[-45.6741198,-23.0460594],[-45.6659253,-23.0305776],[-45.6309596,-23.0813073],[-45.6361724,-23.0899465],[-45.6296509,-23.1154615],[-45.5930042,-23.1399596],[-45.6282244,-23.1933462],[-45.6493376,-23.1974117],[-45.72128,-23.237949]]]}},{"type":"Feature","properties":{"level":"municipio","municipality_code":"3511300","municipality_name":"Cedral","uf":"SP","state_code":"35","area_km2":197.838},"geometry":{"type":"Polygon","coordinates":[[[-49.333679,-20.924643],[-49.289979,-20.875407],[-49.27452,-20.882053],[-49.255825,-20.861261],[-49.257167,-20.851153],[-49.2068711,-20.840309],[-49.1969901,-20.82527],[-49.1769312,-20.8148192],[-49.1635532,-20.8240731],[-49.1418226,-20.8248053],[-49.1492133,-20.8474807],[-49.1841687,-20.8752316],[-49.1811389,-20.8896444],[-49.1937083,-20.9046736],[-49.2481182,-20.9171945],[-49.2531813,-20.9447086],[-49.2430187,-20.9538315],[-49.272946,-20.9691201],[-49.27497,-21.0065756],[-49.2871564,-21.0192273],[-49.2991514,-21.0080344],[-49.3219336,-21.0029037],[-49.3377973,-20.9820312],[-49.3597856,-20.9836038],[-49.3750341,-20.960292],[-49.35197,-20.933454],[-49.33161,-20.931713],[-49.333679,-20.924643]]]}},{"type":"Feature","properties":{"level":"municipio","municipality_code":"3511409","municipality_name":"Cerqueira César","uf":"SP","state_code":"35","area_km2":511.621},"geometry":{"type":"Polygon","coordinates":[[[-49.0502105,-23.0215201],[-49.0735876,-23.042033],[-49.0805794,-23.0642865],[-49.0676439,-23.0931843],[-49.0894489,-23.1040126],[-49.0924504,-23.0963932],[-49.1219019,-23.0967459],[-49.1221794,-23.111743],[-49.1361084,-23.1255689],[-49.1354714,-23.1493758],[-49.1431494,-23.1590118],[-49.13965,-23.2264449],[-49.1500929,-23.2405232],[-49.1513206,-23.2600661],[-49.1841519,-23.2577284],[-49.2107962,-23.2455123],[-49.2099928,-23.2274111],[-49.2427,-23.20775],[-49.2487121,-23.1861775],[-49.2361116,-23.1016304],[-49.2411529,-23.0703303],[-49.2252463,-23.0603556],[-49.2340142,-23.0402848],[-49.221475,-23.034913],[-49.216052,-22.977372],[-49.205872,-22.976805],[-49.190607,-22.952539],[-49.1721453,-22.9397061],[-49.1590199,-22.9426644],[-49.1495548,-22.9591739],[-49.1222223,-22.9424243],[-49.1174847,-22.9235724],[-49.0932461,-22.9248477],[-49.0946202,-22.9086048],[-49.0649544,-22.9190207],[-49.0519152,-22.9137807],[-49.0395546,-22.8830731],[-48.9865031,-22.8941501],[-48.9825895,-22.9092521],[-49.0040731,-22.9278741],[-49.0209041,-22.9587662],[-49.0336072,-22.9590867],[-49.0548447,-23.0103139],[-49.0502105,-23.0215201]]]}},{"type":"Feature","properties":{"level":"municipio","municipality_code":"3511508","municipality_name":"Cerquilho","uf":"SP","state_code":"35","area_km2":127.803},"geometry":{"type":"Polygon","coordinates":[[[-47.7115497,-23.1601255],[-47.6884527,-23.1716962],[-47.6841018,-23.1952346],[-47.7037678,-23.2102452],[-47.7017998,-23.2275814],[-47.7189702,-23.2342154],[-47.7425443,-23.2296104],[-47.7822171,-23.2524837],[-47.78621,-23.2350419],[-47.7803378,-23.2232729],[-47.7850868,-23.2313898],[-47.7952341,-23.2287349],[-47.8071819,-23.2369003],[-47.8149041,-23.2274518],[-47.8021436,-23.2257733],[-47.8027847,-23.211976],[-47.8113792,-23.2164894],[-47.8277334,-23.2041321],[-47.8068419,-23.1864507],[-47.8184773,-23.1747346],[-47.8043014,-23.1699226],[-47.8171405,-23.1526444],[-47.8189123,-23.1324553],[-47.8013849,-23.1389738],[-47.7917108,-23.1530087],[-47.7510147,-23.1220766],[-47.7416468,-23.1394003],[-47.734854,-23.1337966],[-47.7308148,-23.1406876],[-47.7139763,-23.1406738],[-47.7115497,-23.1601255]]]}},{"type":"Feature","properties":{"level":"municipio","municipality_code":"3511607","municipality_name":"Cesário Lange","uf":"SP","state_code":"35","area_km2":190.392},"geometry":{"type":"Polygon","coordinates":[[[-47.8399507,-23.1744824],[-47.8451199,-23.1591418],[-47.8278925,-23.1502878],[-47.8143546,-23.1540734],[-47.8044672,-23.1688508],[-47.8184773,-23.1747346],[-47.8068419,-23.1864507],[-47.8277334,-23.2041321],[-47.8113792,-23.2164894],[-47.8030311,-23.2116593],[-47.802019,-23.2253187],[-47.8129365,-23.2243655],[-47.8249528,-23.2531407],[-47.8409898,-23.2474146],[-47.8451019,-23.2358124],[-47.8750937,-23.2620076],[-47.9040293,-23.2656096],[-47.9133218,-23.2754458],[-47.9760382,-23.2759764],[-47.9899077,-23.2827568],[-47.986493,-23.243347],[-48.0042658,-23.2425367],[-48.0090017,-23.2235597],[-47.9759358,-23.213936],[-47.9786148,-23.1881025],[-47.9471125,-23.1812677],[-47.9490694,-23.1695504],[-47.927007,-23.1575633],[-47.8760669,-23.1600818],[-47.8597706,-23.1757523],[-47.8399507,-23.1744824]]]}},{"type":"Feature","properties":{"level":"municipio","municipality_code":"3511706","municipality_name":"Charqueada","uf":"SP","state_code":"35","area_km2":175.846},"geometry":{"type":"Polygon","coordinates":[[[-47.7688891,-22.5752528],[-47.7772255,-22.5818009],[-47.8067942,-22.5808276],[-47.8164024,-22.5515421],[-47.830913,-22.5430028],[-47.8118569,-22.5183805],[-47.8093299,-22.4973471],[-47.7873369,-22.4753553],[-47.7948545,-22.4498753],[-47.7746447,-22.450391],[-47.7730503,-22.4425971],[-47.7447212,-22.4691572],[-47.748485,-22.4837621],[-47.723821,-22.4927885],[-47.7209616,-22.4863203],[-47.6900734,-22.4826399],[-47.6693064,-22.5071294],[-47.6729749,-22.5498274],[-47.6653146,-22.5539726],[-47.6770032,-22.5537255],[-47.6898747,-22.5653081],[-47.6835002,-22.5832848],[-47.7050513,-22.593329],[-47.7035147,-22.6074526],[-47.7129695,-22.6085535],[-47.7242245,-22.5920724],[-47.7625951,-22.5881991],[-47.7688891,-22.5752528]]]}},{"type":"Feature","properties":{"level":"municipio","municipality_code":"3557204","municipality_name":"Chavantes","uf":"SP","state_code":"35","area_km2":188.727},"geometry":{"type":"Polygon","coordinates":[[[-49.727126,-23.1079945],[-49.7497664,-23.0975105],[-49.7629482,-23.105576],[-49.7891791,-23.1033455],[-49.8193899,-23.0769538],[-49.7931975,-23.0423476],[-49.7423439,-23.026959],[-49.7567626,-23.0181734],[-49.7577799,-22.9969725],[-49.7436667,-22.9859537],[-49.7583932,-22.963859],[-49.7435192,-22.9659642],[-49.7427948,-22.9578893],[-49.7266967,-22.9567442],[-49.7344955,-22.9468499],[-49.7255867,-22.9409117],[-49.7162859,-22.9396104],[-49.7191477,-22.9463276],[-49.7041371,-22.953698],[-49.6896787,-22.9349127],[-49.6810572,-22.9395487],[-49.686261,-22.9709707],[-49.6725143,-23.0204233],[-49.6806308,-23.0376005],[-49.6710848,-23.0522286],[-49.6811775,-23.0528762],[-49.6828375,-23.0682327],[-49.665465,-23.1131152],[-49.6713218,-23.1199561],[-49.6855882,-23.1167891],[-49.6953744,-23.1355493],[-49.718678,-23.1482272],[-49.7349034,-23.133731],[-49.727126,-23.1079945]]]}},{"type":"Feature","properties":{"level":"municipio","municipality_code":"3511904","municipality_name":"Clementina","uf":"SP","state_code":"35","area_km2":168.59},"geometry":{"type":"Polygon","coordinates":[[[-50.4929827,-21.5214875],[-50.4629504,-21.5151143],[-50.4507226,-21.4885231],[-50.4407789,-21.488357],[-50.4191102,-21.512152],[-50.3845337,-21.4897119],[-50.3983144,-21.5373482],[-50.3939339,-21.5489695],[-50.408535,-21.5782413],[-50.4062051,-21.6104986],[-50.4433274,-21.6621006],[-50.462145,-21.6449931],[-50.4659391,-21.6074239],[-50.5197155,-21.6187961],[-50.5492986,-21.6058157],[-50.557079,-21.6101546],[-50.5426841,-21.575095],[-50.4994154,-21.5421308],[-50.4929827,-21.5214875]]]}},{"type":"Feature","properties":{"level":"municipio","municipality_code":"3512001","municipality_name":"Colina","uf":"SP","state_code":"35","area_km2":422.303},"geometry":{"type":"Polygon","coordinates":[[[-48.4899767,-20.6967912],[-48.4584257,-20.7255534],[-48.4593907,-20.7376721],[-48.441789,-20.7410431],[-48.4402944,-20.7548484],[-48.4254607,-20.7620712],[-48.4317323,-20.7711174],[-48.445117,-20.7709623],[-48.4509625,-20.7768064],[-48.4452746,-20.7862078],[-48.4604232,-20.7885181],[-48.4681612,-20.7994577],[-48.4920845,-20.801237],[-48.5157562,-20.7920183],[-48.5482943,-20.7968444],[-48.610735,-20.8345424],[-48.6360148,-20.8189851],[-48.645142,-20.8198879],[-48.6507517,-20.8336575],[-48.6680602,-20.8296314],[-48.6892524,-20.8405067],[-48.697465,-20.8369113],[-48.7197984,-20.8126098],[-48.7176085,-20.7934885],[-48.72771,-20.7612727],[-48.7497303,-20.751887],[-48.7536693,-20.74286],[-48.6623474,-20.6889449],[-48.632157,-20.6866532],[-48.6279195,-20.6996839],[-48.5984723,-20.6990157],[-48.5687642,-20.6779164],[-48.566455,-20.6535958],[-48.549983,-20.6526705],[-48.5066263,-20.6300358],[-48.4881779,-20.635291],[-48.4899767,-20.6967912]]]}},{"type":"Feature","properties":{"level":"municipio","municipality_code":"3512100","municipality_name":"Colômbia","uf":"SP","state_code":"35","area_km2":728.648},"geometry":{"type":"Polygon","coordinates":[[[-48.5362305,-20.2396464],[-48.5216181,-20.2433484],[-48.5075987,-20.271503],[-48.5143098,-20.3026362],[-48.5572592,-20.2937993],[-48.5609027,-20.313067],[-48.5843156,-20.3269058],[-48.6202923,-20.3271815],[-48.6220533,-20.3197231],[-48.6565669,-20.335008],[-48.6750899,-20.3568401],[-48.6989656,-20.3684802],[-48.7137519,-20.3581751],[-48.7327834,-20.3665634],[-48.7363733,-20.3777207],[-48.8065133,-20.3822394],[-48.817588,-20.3898659],[-48.836323,-20.3833446],[-48.8670632,-20.3988678],[-48.8800304,-20.3483491],[-48.8756657,-20.3149986],[-48.8887604,-20.2948472],[-48.8865458,-20.2711626],[-48.8567586,-20.226884],[-48.8553925,-20.180144],[-48.8293304,-20.1632251],[-48.7811373,-20.1638525],[-48.7313411,-20.1493818],[-48.6360726,-20.1744389],[-48.610728,-20.1673872],[-48.5945559,-20.1736131],[-48.5752905,-20.206696],[-48.5362305,-20.2396464]]]}},{"type":"Feature","properties":{"level":"municipio","municipality_code":"3512209","municipality_name":"Conchal","uf":"SP","state_code":"35","area_km2":182.793},"geometry":{"type":"Polygon","coordinates":[[[-47.1749253,-22.4098862],[-47.2097251,-22.321716],[-47.1842908,-22.2920201],[-47.1754229,-22.2961222],[-47.1676245,-22.2836429],[-47.1544057,-22.2977935],[-47.1304538,-22.3002611],[-47.120173,-22.2906766],[-47.0837548,-22.2998111],[-47.091217,-22.3218753],[-47.0811028,-22.3213736],[-47.0748511,-22.3373848],[-47.0874467,-22.3962532],[-47.1083866,-22.4100558],[-47.1209416,-22.4559188],[-47.1503486,-22.4819606],[-47.1889076,-22.4326716],[-47.1749253,-22.4098862]]]}},{"type":"Feature","properties":{"level":"municipio","municipality_code":"3512308","municipality_name":"Conchas","uf":"SP","state_code":"35","area_km2":466.12},"geometry":{"type":"Polygon","coordinates":[[[-47.9864913,-22.868791],[-47.9695511,-22.9001116],[-47.9590028,-22.8892402],[-47.9274663,-22.88524],[-47.9515499,-22.9244931],[-47.9337867,-22.9450958],[-47.9405631,-22.9554593],[-47.9284663,-22.9798434],[-47.9464516,-23.0020253],[-47.9368709,-23.0145626],[-47.9513715,-23.0164138],[-47.954681,-23.0336145],[-47.9679287,-23.0301828],[-47.979323,-23.052509],[-47.9994641,-23.055962],[-48.006538,-23.0698654],[-48.0368627,-23.0705582],[-48.0383939,-23.0892415],[-48.0517676,-23.1042417],[-48.0863794,-23.0806999],[-48.1100599,-23.0904949],[-48.1094611,-23.0983096],[-48.165611,-23.08146],[-48.15015,-23.0689217],[-48.1472441,-23.0810963],[-48.1386563,-23.0647007],[-48.1444738,-23.0605943],[-48.1296349,-23.0585787],[-48.1351365,-23.0396043],[-48.1231386,-23.0303152],[-48.1399674,-23.0227164],[-48.1264633,-23.0170401],[-48.1261314,-22.9711191],[-48.1392778,-22.9654318],[-48.1225181,-22.9304213],[-48.1344084,-22.9290275],[-48.1399397,-22.9046675],[-48.1206188,-22.8925182],[-48.132226,-22.8885882],[-48.1319513,-22.8813654],[-48.1144485,-22.8808633],[-48.1206151,-22.8612716],[-48.1126423,-22.8553758],[-48.1060792,-22.863588],[-48.1014977,-22.8516299],[-48.1156009,-22.8424577],[-48.1004392,-22.822077],[-48.0971174,-22.8284391],[-48.0861897,-22.8212963],[-48.0814148,-22.8299685],[-48.0681923,-22.8224113],[-48.0517101,-22.8254383],[-48.0391209,-22.8474673],[-48.013411,-22.852933],[-48.0012258,-22.8767532],[-48.015283,-22.8841087],[-48.0094416,-22.8959957],[-47.9926366,-22.8955003],[-47.9864913,-22.868791]]]}},{"type":"Feature","properties":{"level":"municipio","municipality_code":"3512407","municipality_name":"Cordeirópolis","uf":"SP","state_code":"35","area_km2":137.579},"geometry":{"type":"Polygon","coordinates":[[[-47.4647542,-22.4539948],[-47.4670311,-22.4186432],[-47.3865165,-22.4430705],[-47.3583364,-22.4614007],[-47.3022005,-22.4449661],[-47.3156883,-22.478859],[-47.3255021,-22.4816162],[-47.3347557,-22.4980894],[-47.3793716,-22.5070322],[-47.3986125,-22.5035872],[-47.3952865,-22.5178583],[-47.4063932,-22.5274799],[-47.4346998,-22.5204363],[-47.4663487,-22.5369893],[-47.4921388,-22.5204294],[-47.4932981,-22.48768],[-47.4647542,-22.4539948]]]}},{"type":"Feature","properties":{"level":"municipio","municipality_code":"3512506","municipality_name":"Coroados","uf":"SP","state_code":"35","area_km2":246.825},"geometry":{"type":"Polygon","coordinates":[[[-50.3141916,-21.349027],[-50.3098555,-21.2941526],[-50.2883765,-21.2617212],[-50.2688189,-21.2604022],[-50.2571486,-21.2456267],[-50.2622657,-21.2252729],[-50.248668,-21.2131891],[-50.2356557,-21.2394547],[-50.2062771,-21.2584145],[-50.2051623,-21.2802585],[-50.2416657,-21.3120078],[-50.24897,-21.3580158],[-50.243499,-21.3753485],[-50.2542726,-21.3892439],[-50.2545416,-21.4043793],[-50.2823577,-21.431308],[-50.3075591,-21.4744211],[-50.3237485,-21.4780002],[-50.3419769,-21.4950944],[-50.3877561,-21.4891493],[-50.4194051,-21.5120925],[-50.4407991,-21.491018],[-50.4418634,-21.4680212],[-50.4225342,-21.4456682],[-50.4133674,-21.4681124],[-50.377929,-21.4449215],[-50.3431922,-21.4536995],[-50.3461136,-21.4011393],[-50.3141916,-21.349027]]]}},{"type":"Feature","properties":{"level":"municipio","municipality_code":"3512605","municipality_name":"Coronel Macedo","uf":"SP","state_code":"35","area_km2":303.83},"geometry":{"type":"Polygon","coordinates":[[[-49.3552772,-23.6638163],[-49.3708169,-23.6400557],[-49.3892418,-23.6397312],[-49.4034587,-23.6277806],[-49.4006683,-23.5790903],[-49.4179636,-23.5762719],[-49.420136,-23.5624954],[-49.4337533,-23.5520177],[-49.4489314,-23.5621244],[-49.4764079,-23.5408752],[-49.4732784,-23.5350442],[-49.4343636,-23.5275204],[-49.4004537,-23.5367474],[-49.3834497,-23.5256864],[-49.3311344,-23.525356],[-49.3176228,-23.5381155],[-49.3388785,-23.5500446],[-49.2578041,-23.611361],[-49.2440002,-23.6287268],[-49.2641824,-23.628458],[-49.2446262,-23.6550923],[-49.2222601,-23.6677341],[-49.2034948,-23.6542652],[-49.1772175,-23.6488026],[-49.1619786,-23.6585882],[-49.144413,-23.6560112],[-49.1325238,-23.6649299],[-49.1414703,-23.6872869],[-49.134141,-23.6986493],[-49.1677834,-23.6937808],[-49.1972149,-23.7133504],[-49.2446046,-23.7052512],[-49.3010522,-23.7380417],[-49.3263199,-23.6818668],[-49.3591989,-23.6769955],[-49.3552772,-23.6638163]]]}},{"type":"Feature","properties":{"level":"municipio","municipality_code":"3512704","municipality_name":"Corumbataí","uf":"SP","state_code":"35","area_km2":278.622},"geometry":{"type":"Polygon","coordinates":[[[-47.5682428,-22.1557834],[-47.5496339,-22.1511316],[-47.5446933,-22.1699342],[-47.5275532,-22.1756772],[-47.5128896,-22.1633193],[-47.4914607,-22.1601334],[-47.4851291,-22.215002],[-47.4761035,-22.2282595],[-47.4784307,-22.2400846],[-47.4697796,-22.2453625],[-47.5942025,-22.2493107],[-47.594635,-22.2784789],[-47.6157898,-22.298449],[-47.6340528,-22.3352039],[-47.6718078,-22.334801],[-47.7150674,-22.3010846],[-47.7240468,-22.2796413],[-47.7106006,-22.2530292],[-47.7112944,-22.2144991],[-47.6745261,-22.1934933],[-47.6452801,-22.193227],[-47.6341642,-22.1839966],[-47.5993155,-22.1790695],[-47.5872214,-22.1502438],[-47.5682428,-22.1557834]]]}},{"type":"Feature","properties":{"level":"municipio","municipality_code":"3512902","municipality_name":"Cosmorama","uf":"SP","state_code":"35","area_km2":441.68},"geometry":{"type":"Polygon","coordinates":[[[-49.7692,-20.3780751],[-49.7523029,-20.3558071],[-49.7329039,-20.3499099],[-49.7279672,-20.33598],[-49.6937308,-20.3166616],[-49.6906324,-20.2964417],[-49.6740645,-20.2771017],[-49.6590011,-20.2742381],[-49.6518506,-20.2614261],[-49.6413866,-20.2634761],[-49.6426116,-20.2881899],[-49.6302585,-20.3071359],[-49.6173572,-20.3047952],[-49.6226334,-20.315175],[-49.6125566,-20.3215389],[-49.6677556,-20.3672289],[-49.6853706,-20.4145388],[-49.6810601,-20.4287802],[-49.7052433,-20.486819],[-49.739717,-20.5087944],[-49.7417666,-20.5349719],[-49.7609325,-20.5269405],[-49.8011931,-20.5316242],[-49.8391124,-20.5740612],[-49.860751,-20.5799945],[-49.8697866,-20.5908781],[-49.880389,-20.575928],[-49.917116,-20.568677],[-49.9245123,-20.5586482],[-49.919878,-20.508068],[-49.894088,-20.477413],[-49.8558639,-20.4646623],[-49.8609194,-20.432094],[-49.8522737,-20.416652],[-49.7954404,-20.3786114],[-49.7692,-20.3780751]]]}},{"type":"Feature","properties":{"level":"municipio","municipality_code":"3512803","municipality_name":"Cosmópolis","uf":"SP","state_code":"35","area_km2":154.665},"geometry":{"type":"Polygon","coordinates":[[[-47.1879887,-22.7331254],[-47.2047133,-22.6978307],[-47.2395007,-22.6804231],[-47.2539931,-22.6889973],[-47.256312,-22.6718995],[-47.2790551,-22.6634847],[-47.2537658,-22.6248672],[-47.227812,-22.6056238],[-47.2434756,-22.5832752],[-47.2315991,-22.5809647],[-47.2269588,-22.5699612],[-47.2113633,-22.6021023],[-47.1280569,-22.6133041],[-47.1123376,-22.638771],[-47.0990205,-22.634626],[-47.0923533,-22.6401163],[-47.1155117,-22.6559157],[-47.1037134,-22.6904339],[-47.1221694,-22.6829754],[-47.1281589,-22.6868214],[-47.1241875,-22.6977719],[-47.1400368,-22.6833254],[-47.1439235,-22.6914397],[-47.14882,-22.6846913],[-47.1537114,-22.6990757],[-47.1693563,-22.6949328],[-47.1890353,-22.7201253],[-47.1817948,-22.7273579],[-47.1879887,-22.7331254]]]}},{"type":"Feature","properties":{"level":"municipio","municipality_code":"3513009","municipality_name":"Cotia","uf":"SP","state_code":"35","area_km2":323.994},"geometry":{"type":"Polygon","coordinates":[[[-46.91759,-23.6555101],[-46.901559,-23.669276],[-46.893846,-23.669634],[-46.890628,-23.667474],[-46.887452,-23.667848],[-46.897467,-23.677338],[-46.903741,-23.711669],[-46.9334176,-23.7362934],[-46.927479,-23.749916],[-46.939645,-23.785148],[-46.958358,-23.79219],[-46.967565,-23.774577],[-46.982193,-23.783997],[-46.9836,-23.797571],[-47.000501,-23.801683],[-47.0335325,-23.7674574],[-47.0332567,-23.7374606],[-47.0491225,-23.7324678],[-47.0624598,-23.708631],[-47.0621606,-23.6824693],[-47.075984,-23.680787],[-47.084756,-23.667156],[-47.082265,-23.653598],[-47.062039,-23.643868],[-47.055853,-23.628408],[-47.023978,-23.64391],[-47.017429,-23.656699],[-46.996592,-23.661464],[-46.994471,-23.670765],[-46.985721,-23.654321],[-46.9921105,-23.6455978],[-46.990653,-23.609757],[-46.981456,-23.602158],[-46.961653,-23.602515],[-46.9290957,-23.5632274],[-46.875956,-23.56528],[-46.8535421,-23.582857],[-46.834606,-23.576629],[-46.8173323,-23.5818559],[-46.817955,-23.600231],[-46.8078672,-23.6092199],[-46.8395243,-23.6272935],[-46.856961,-23.61238],[-46.869781,-23.624179],[-46.885622,-23.619859],[-46.907902,-23.630781],[-46.91759,-23.6555101]]]}},{"type":"Feature","properties":{"level":"municipio","municipality_code":"3513108","municipality_name":"Cravinhos","uf":"SP","state_code":"35","area_km2":311.423},"geometry":{"type":"Polygon","coordinates":[[[-47.786565,-21.297097],[-47.75645,-21.271034],[-47.733031,-21.263937],[-47.697228,-21.225268],[-47.668364,-21.211945],[-47.665333,-21.199966],[-47.659131,-21.195801],[-47.661189,-21.225236],[-47.679225,-21.246973],[-47.661377,-21.24811],[-47.653592,-21.260207],[-47.6586363,-21.3151991],[-47.6516516,-21.3400124],[-47.6374451,-21.3405863],[-47.631394,-21.3594488],[-47.662546,-21.3816642],[-47.6791278,-21.3752394],[-47.6974163,-21.3814941],[-47.7029871,-21.4055109],[-47.7246681,-21.4201395],[-47.7625469,-21.4138599],[-47.7766723,-21.4198806],[-47.8125506,-21.4111052],[-47.837911,-21.428499],[-47.848202,-21.422883],[-47.849358,-21.408045],[-47.864544,-21.402556],[-47.863653,-21.392004],[-47.888189,-21.385664],[-47.907061,-21.370636],[-47.884072,-21.358277],[-47.850967,-21.358477],[-47.816714,-21.342518],[-47.803572,-21.317444],[-47.789398,-21.322195],[-47.786565,-21.297097]]]}},{"type":"Feature","properties":{"level":"municipio","municipality_code":"3513207","municipality_name":"Cristais Paulista","uf":"SP","state_code":"35","area_km2":385.23},"geometry":{"type":"Polygon","coordinates":[[[-47.421305,-20.3186837],[-47.3895868,-20.2941225],[-47.3708916,-20.292971],[-47.3669386,-20.2715011],[-47.3516731,-20.277175],[-47.3364064,-20.2682876],[-47.3261282,-20.2759539],[-47.3049553,-20.2721278],[-47.2940121,-20.2778857],[-47.2766552,-20.2930036],[-47.28496,-20.3319902],[-47.2982081,-20.3484357],[-47.2937612,-20.3856908],[-47.2872378,-20.3879204],[-47.2884254,-20.41673],[-47.3322,-20.4233101],[-47.3515136,-20.4367298],[-47.3934547,-20.4364829],[-47.4126883,-20.4496375],[-47.4140678,-20.4593761],[-47.4820266,-20.4592283],[-47.4914561,-20.4654832],[-47.520879,-20.4509429],[-47.5279149,-20.4248145],[-47.5171081,-20.3952405],[-47.5294886,-20.3913239],[-47.5038539,-20.3597956],[-47.4991445,-20.3169786],[-47.4646005,-20.3075944],[-47.4604991,-20.3142792],[-47.453363,-20.309216],[-47.421305,-20.3186837]]]}},{"type":"Feature","properties":{"level":"municipio","municipality_code":"3513405","municipality_name":"Cruzeiro","uf":"SP","state_code":"35","area_km2":305.699},"geometry":{"type":"Polygon","coordinates":[[[-44.988335,-22.6396779],[-45.004018,-22.6048942],[-45.0392481,-22.5971263],[-45.0834149,-22.5992194],[-45.1026537,-22.5897052],[-45.095704,-22.5852953],[-45.1082991,-22.5736401],[-45.1027679,-22.5650305],[-45.1121155,-22.5418357],[-45.1079143,-22.524453],[-45.1243585,-22.4972214],[-45.0284034,-22.4631977],[-45.0271499,-22.4702268],[-44.9815981,-22.4680593],[-44.9658591,-22.4751928],[-44.9634996,-22.4858131],[-44.9356884,-22.4914092],[-44.9210995,-22.5335064],[-44.9316776,-22.5689674],[-44.9261423,-22.5858666],[-44.9090195,-22.6013962],[-44.9054911,-22.6119119],[-44.9122729,-22.620876],[-44.9025524,-22.6394618],[-44.9403603,-22.6602586],[-44.962652,-22.6441093],[-44.988335,-22.6396779]]]}},{"type":"Feature","properties":{"level":"municipio","municipality_code":"3513306","municipality_name":"Cruzália","uf":"SP","state_code":"35","area_km2":149.33},"geometry":{"type":"Polygon","coordinates":[[[-50.7655565,-22.7732778],[-50.7969072,-22.7961205],[-50.8088708,-22.7859461],[-50.8364057,-22.7825149],[-50.8526244,-22.7558405],[-50.8536712,-22.7453495],[-50.8230554,-22.7186278],[-50.7961739,-22.677144],[-50.7819759,-22.6693576],[-50.766657,-22.6809505],[-50.7488569,-22.676224],[-50.7369379,-22.6955992],[-50.7434769,-22.7214127],[-50.7382463,-22.7230597],[-50.6524116,-22.6851936],[-50.7022689,-22.7375324],[-50.7075339,-22.7838595],[-50.7175145,-22.8005631],[-50.7253625,-22.8003599],[-50.7303257,-22.785193],[-50.7655565,-22.7732778]]]}},{"type":"Feature","properties":{"level":"municipio","municipality_code":"3513504","municipality_name":"Cubatão","uf":"SP","state_code":"35","area_km2":142.879},"geometry":{"type":"Polygon","coordinates":[[[-46.444606,-23.829235],[-46.407654,-23.812951],[-46.383309,-23.809593],[-46.372349,-23.789695],[-46.354444,-23.791472],[-46.335559,-23.781247],[-46.320257,-23.785262],[-46.320292,-23.803097],[-46.375034,-23.868516],[-46.3770167,-23.9004094],[-46.3688007,-23.9127484],[-46.402848,-23.920511],[-46.38974,-23.934549],[-46.4481374,-23.9411239],[-46.4541489,-23.932917],[-46.4474946,-23.9091959],[-46.4774664,-23.918153],[-46.496213,-23.899565],[-46.465828,-23.861013],[-46.458621,-23.866136],[-46.454552,-23.853909],[-46.44286,-23.84963],[-46.438817,-23.831427],[-46.444606,-23.829235]]]}},{"type":"Feature","properties":{"level":"municipio","municipality_code":"3513603","municipality_name":"Cunha","uf":"SP","state_code":"35","area_km2":1407.25},"geometry":{"type":"Polygon","coordinates":[[[-44.7928172,-23.0098386],[-44.8022084,-23.0487801],[-44.8118946,-23.0545164],[-44.8072727,-23.0637929],[-44.8147955,-23.0676772],[-44.8188437,-23.0914584],[-44.8088133,-23.0994729],[-44.8164345,-23.1078315],[-44.8105998,-23.1155346],[-44.8160575,-23.1403156],[-44.8254815,-23.143741],[-44.8244162,-23.1626873],[-44.8727325,-23.1825022],[-44.8749001,-23.1967461],[-44.8921834,-23.2113936],[-44.9164757,-23.1987341],[-44.9613541,-23.2450422],[-44.9844604,-23.2295989],[-44.9954587,-23.2396305],[-44.9944224,-23.2506303],[-45.0176255,-23.2697238],[-45.0103307,-23.3068199],[-45.0451118,-23.3152785],[-45.0678084,-23.300317],[-45.0943988,-23.3158147],[-45.1029199,-23.3114614],[-45.109054,-23.3238732],[-45.1246709,-23.3164061],[-45.125657,-23.3036993],[-45.1080187,-23.2840263],[-45.1135077,-23.2712279],[-45.1006158,-23.246088],[-45.1062587,-23.2355854],[-45.1238817,-23.2388412],[-45.1414843,-23.2162014],[-45.1335714,-23.2039663],[-45.1462095,-23.1875051],[-45.1301604,-23.1546013],[-45.1362404,-23.1273844],[-45.1526467,-23.1044625],[-45.1389859,-23.0994171],[-45.1273787,-23.0826351],[-45.1399525,-23.0695105],[-45.1242263,-23.0489666],[-45.1464008,-23.0455705],[-45.1465067,-23.0364233],[-45.1642871,-23.0264309],[-45.1360592,-22.9999671],[-45.1234381,-23.0152876],[-45.101623,-22.9909609],[-45.0945208,-22.9925193],[-45.0822025,-22.9645973],[-45.0685677,-22.9611373],[-45.0563842,-22.9445869],[-45.0630588,-22.9293811],[-45.0413157,-22.9331637],[-45.0292809,-22.9206661],[-45.0198629,-22.9244182],[-44.987664,-22.9100866],[-44.9726004,-22.9154064],[-44.9623308,-22.9057972],[-44.9582834,-22.9161895],[-44.9480046,-22.9138658],[-44.9475189,-22.9045189],[-44.9104056,-22.8855763],[-44.9078353,-22.8968601],[-44.8858029,-22.8861907],[-44.8814436,-22.8904443],[-44.8553211,-22.8694025],[-44.8067369,-22.8593896],[-44.8099322,-22.847193],[-44.7704261,-22.8163559],[-44.7805384,-22.8121847],[-44.7721126,-22.7925613],[-44.7467859,-22.7898987],[-44.7329912,-22.8021032],[-44.7089892,-22.7971163],[-44.7048372,-22.8091935],[-44.7225263,-22.8249933],[-44.7247732,-22.8458518],[-44.7073855,-22.8464817],[-44.7011671,-22.862187],[-44.7077073,-22.870005],[-44.6926311,-22.8848105],[-44.6948102,-22.8921008],[-44.679846,-22.8994014],[-44.6605938,-22.889853],[-44.6531002,-22.9067132],[-44.6354142,-22.8905516],[-44.623644,-22.891501],[-44.629593,-22.9055601],[-44.658994,-22.9279312],[-44.6735577,-22.9179727],[-44.6877348,-22.93677],[-44.7132473,-22.9298254],[-44.7436805,-22.9470618],[-44.7552595,-22.9803125],[-44.7918982,-22.9818759],[-44.7929014,-22.9934132],[-44.8026359,-22.999662],[-44.7928172,-23.0098386]]]}},{"type":"Feature","properties":{"level":"municipio","municipality_code":"3510906","municipality_name":"Cássia dos Coqueiros","uf":"SP","state_code":"35","area_km2":191.683},"geometry":{"type":"Polygon","coordinates":[[[-47.2344855,-21.2733964],[-47.197078,-21.2562325],[-47.203164,-21.2452482],[-47.1815544,-21.2249742],[-47.1895428,-21.2122303],[-47.1700087,-21.1940943],[-47.147855,-21.1974025],[-47.1396882,-21.1856131],[-47.1143048,-21.1876566],[-47.0992581,-21.2141934],[-47.0865731,-21.2074171],[-47.0622097,-21.2091699],[-47.0789122,-21.2305951],[-47.0772882,-21.2402235],[-47.0522817,-21.2465187],[-47.0442243,-21.2673553],[-47.057488,-21.2645458],[-47.0771076,-21.2849063],[-47.094716,-21.2862422],[-47.0897286,-21.297409],[-47.1275857,-21.3288151],[-47.1467275,-21.3054329],[-47.1459279,-21.2943735],[-47.1732521,-21.315919],[-47.1876715,-21.346768],[-47.209839,-21.3486569],[-47.2298606,-21.3368236],[-47.2123397,-21.3086159],[-47.220493,-21.2785928],[-47.2344855,-21.2733964]]]}},{"type":"Feature","properties":{"level":"municipio","municipality_code":"3510005","municipality_name":"Cândido Mota","uf":"SP","state_code":"35","area_km2":595.811},"geometry":{"type":"Polygon","coordinates":[[[-50.302735,-22.7895963],[-50.3289683,-22.8053666],[-50.3395625,-22.8418936],[-50.3254647,-22.8816697],[-50.3398344,-22.8859862],[-50.3470275,-22.9285973],[-50.3816954,-22.9054792],[-50.4189476,-22.9139331],[-50.4189421,-22.9340822],[-50.4303025,-22.9464074],[-50.4861224,-22.9368615],[-50.5078765,-22.9452236],[-50.5256965,-22.9364548],[-50.5347662,-22.9143112],[-50.5772428,-22.9040071],[-50.578561,-22.8774773],[-50.5522674,-22.8406107],[-50.5236205,-22.8313691],[-50.5189464,-22.7687827],[-50.5031692,-22.7372911],[-50.5090512,-22.7226818],[-50.5037784,-22.6938543],[-50.4934706,-22.699757],[-50.4539486,-22.6970946],[-50.4318797,-22.7117782],[-50.3250309,-22.6773865],[-50.273262,-22.6732688],[-50.2628254,-22.7038034],[-50.288875,-22.7447369],[-50.2902628,-22.7750203],[-50.2980699,-22.7740317],[-50.302735,-22.7895963]]]}},{"type":"Feature","properties":{"level":"municipio","municipality_code":"3510104","municipality_name":"Cândido Rodrigues","uf":"SP","state_code":"35","area_km2":70.892},"geometry":{"type":"Polygon","coordinates":[[[-48.6846059,-21.3829883],[-48.6522325,-21.2988548],[-48.633037,-21.303619],[-48.619297,-21.2869331],[-48.6049752,-21.3139636],[-48.5888945,-21.3146498],[-48.5756207,-21.3364889],[-48.6017518,-21.364799],[-48.6101908,-21.3942957],[-48.6364923,-21.3880583],[-48.651906,-21.3650545],[-48.6718205,-21.3826964],[-48.6846059,-21.3829883]]]}},{"type":"Feature","properties":{"level":"municipio","municipality_code":"3513702","municipality_name":"Descalvado","uf":"SP","state_code":"35","area_km2":753.706},"geometry":{"type":"Polygon","coordinates":[[[-47.5237662,-21.94319],[-47.5442215,-21.9802929],[-47.5819182,-21.9904181],[-47.5749413,-22.0177035],[-47.6007475,-22.0515968],[-47.6222461,-22.041527],[-47.636384,-22.0550823],[-47.6580761,-22.0517978],[-47.6756493,-22.0130511],[-47.7010436,-22.0341053],[-47.7267878,-22.0411573],[-47.7296567,-22.0320121],[-47.7196254,-22.019211],[-47.7299964,-22.0178987],[-47.7537857,-21.9906201],[-47.7467032,-21.9526528],[-47.755821,-21.9192715],[-47.7919183,-21.8782319],[-47.7845824,-21.8655638],[-47.7902251,-21.8493108],[-47.768709,-21.8234994],[-47.7748667,-21.8019725],[-47.7679895,-21.7696699],[-47.7508619,-21.7528218],[-47.7368293,-21.7118828],[-47.7217836,-21.7059499],[-47.7052003,-21.7206835],[-47.6814804,-21.7157865],[-47.6786319,-21.7330648],[-47.6671571,-21.7426131],[-47.6473168,-21.7372218],[-47.6439886,-21.7258067],[-47.6323683,-21.726312],[-47.6145602,-21.7512275],[-47.6157357,-21.7434446],[-47.5879147,-21.7345253],[-47.5698608,-21.7843349],[-47.5428346,-21.8020927],[-47.5252742,-21.8005773],[-47.524066,-21.811089],[-47.5550202,-21.8374338],[-47.5513525,-21.8548697],[-47.5101576,-21.8806046],[-47.5145945,-21.9122812],[-47.5272424,-21.9255382],[-47.5119128,-21.9358967],[-47.5237662,-21.94319]]]}},{"type":"Feature","properties":{"level":"municipio","municipality_code":"3513801","municipality_name":"Diadema","uf":"SP","state_code":"35","area_km2":30.732},"geometry":{"type":"Polygon","coordinates":[[[-46.5911437,-23.677138],[-46.577515,-23.671979],[-46.578777,-23.690034],[-46.604881,-23.718465],[-46.6113792,-23.7373741],[-46.651291,-23.731012],[-46.616357,-23.710513],[-46.635732,-23.69025],[-46.626321,-23.65945],[-46.617227,-23.657341],[-46.6090897,-23.6695121],[-46.596327,-23.66343],[-46.600059,-23.670771],[-46.5911437,-23.677138]]]}},{"type":"Feature","properties":{"level":"municipio","municipality_code":"3513850","municipality_name":"Dirce Reis","uf":"SP","state_code":"35","area_km2":88.133},"geometry":{"type":"Polygon","coordinates":[[[-50.6555114,-20.5168561],[-50.6720426,-20.4372275],[-50.663265,-20.4197791],[-50.6322461,-20.4036087],[-50.6130693,-20.3757445],[-50.6143594,-20.3939191],[-50.5756709,-20.3976894],[-50.5878241,-20.4178959],[-50.5849993,-20.4460656],[-50.5958968,-20.4710518],[-50.617103,-20.4883473],[-50.6318285,-20.5149516],[-50.6446167,-20.5065402],[-50.6555114,-20.5168561]]]}},{"type":"Feature","properties":{"level":"municipio","municipality_code":"3513900","municipality_name":"Divinolândia","uf":"SP","state_code":"35","area_km2":223.749},"geometry":{"type":"Polygon","coordinates":[[[-46.698292,-21.7109893],[-46.7283824,-21.7103179],[-46.7416956,-21.6959951],[-46.7766021,-21.6938384],[-46.8018043,-21.6776642],[-46.8016611,-21.6545333],[-46.7886036,-21.6547722],[-46.7725992,-21.6394504],[-46.7766161,-21.6305542],[-46.7610541,-21.6053495],[-46.7601252,-21.5722346],[-46.7471365,-21.5783878],[-46.7465997,-21.5867748],[-46.7209223,-21.5695337],[-46.7094659,-21.5736184],[-46.7228519,-21.5991677],[-46.7199067,-21.6071712],[-46.706324,-21.6016404],[-46.6789206,-21.6130763],[-46.6405779,-21.602253],[-46.6054144,-21.6500422],[-46.6150726,-21.6559575],[-46.6145115,-21.6765163],[-46.6215947,-21.675543],[-46.6291758,-21.6960624],[-46.6224505,-21.7155387],[-46.6308415,-21.7408998],[-46.6278663,-21.7687935],[-46.6375414,-21.7491713],[-46.6616826,-21.7509503],[-46.698292,-21.7109893]]]}},{"type":"Feature","properties":{"level":"municipio","municipality_code":"3514007","municipality_name":"Dobrada","uf":"SP","state_code":"35","area_km2":149.729},"geometry":{"type":"Polygon","coordinates":[[[-48.3808097,-21.5554252],[-48.3910082,-21.5466923],[-48.4762691,-21.5407873],[-48.4663989,-21.5151202],[-48.4723924,-21.501826],[-48.4639379,-21.4897905],[-48.4235341,-21.4897373],[-48.4155024,-21.4724168],[-48.397662,-21.4790825],[-48.3940508,-21.4922078],[-48.3734022,-21.5054603],[-48.3514758,-21.4922814],[-48.3304423,-21.493296],[-48.3239513,-21.4844321],[-48.2346529,-21.4737504],[-48.2384673,-21.4990965],[-48.2555407,-21.5063606],[-48.2662729,-21.5371351],[-48.3329674,-21.5575125],[-48.3488361,-21.5506788],[-48.3497236,-21.5431017],[-48.3808097,-21.5554252]]]}},{"type":"Feature","properties":{"level":"municipio","municipality_code":"3514106","municipality_name":"Dois Córregos","uf":"SP","state_code":"35","area_km2":632.972},"geometry":{"type":"Polygon","coordinates":[[[-48.360815,-22.5663514],[-48.3671994,-22.5141625],[-48.3630284,-22.4977597],[-48.3949606,-22.4515992],[-48.3939084,-22.4220824],[-48.4083984,-22.3847435],[-48.467775,-22.3527284],[-48.4863017,-22.3542166],[-48.4885659,-22.3395672],[-48.4687212,-22.340555],[-48.4675533,-22.3328279],[-48.4559358,-22.3307033],[-48.3958081,-22.1929797],[-48.3684549,-22.1866643],[-48.3616853,-22.1949382],[-48.3564584,-22.1914353],[-48.3573626,-22.2001554],[-48.3407049,-22.1807883],[-48.3128418,-22.2002592],[-48.3264691,-22.2174152],[-48.3209093,-22.2340014],[-48.3299784,-22.267704],[-48.3171393,-22.2667828],[-48.3145143,-22.2764002],[-48.3113393,-22.2659606],[-48.2932304,-22.2671141],[-48.2991565,-22.2863968],[-48.2859821,-22.2824422],[-48.2392485,-22.3670163],[-48.2375866,-22.392734],[-48.2539047,-22.3900145],[-48.2786531,-22.4270758],[-48.2688861,-22.447904],[-48.243835,-22.4682606],[-48.2430343,-22.479432],[-48.2574214,-22.49198],[-48.2766682,-22.4956117],[-48.2894684,-22.5254085],[-48.2719537,-22.5284753],[-48.2454026,-22.5143902],[-48.2348508,-22.5203794],[-48.2606506,-22.5414861],[-48.2476859,-22.5774133],[-48.2588802,-22.6034445],[-48.2814752,-22.5964713],[-48.3331268,-22.6254205],[-48.3644522,-22.6101239],[-48.3844925,-22.5800161],[-48.360815,-22.5663514]]]}},{"type":"Feature","properties":{"level":"municipio","municipality_code":"3514205","municipality_name":"Dolcinópolis","uf":"SP","state_code":"35","area_km2":77.939},"geometry":{"type":"Polygon","coordinates":[[[-50.5329452,-20.1613231],[-50.5848099,-20.1406896],[-50.5518903,-20.1200669],[-50.5512246,-20.0980441],[-50.556379,-20.1016084],[-50.5598267,-20.0918198],[-50.5561716,-20.0784371],[-50.5346,-20.0457719],[-50.5191686,-20.0358583],[-50.5123953,-20.0537204],[-50.5175863,-20.0788066],[-50.4756331,-20.1594241],[-50.5213128,-20.1763438],[-50.5329452,-20.1613231]]]}},{"type":"Feature","properties":{"level":"municipio","municipality_code":"3514304","municipality_name":"Dourado","uf":"SP","state_code":"35","area_km2":205.874},"geometry":{"type":"Polygon","coordinates":[[[-48.3482116,-22.0469509],[-48.3227155,-22.0781211],[-48.2869812,-22.0560013],[-48.2787369,-22.0733352],[-48.2654837,-22.0773541],[-48.2740354,-22.0914831],[-48.2523895,-22.099928],[-48.2608782,-22.1053722],[-48.2492954,-22.1328571],[-48.2558122,-22.1604952],[-48.2447856,-22.177898],[-48.269511,-22.181578],[-48.2742852,-22.1922895],[-48.3085713,-22.1921565],[-48.3151847,-22.1986669],[-48.3432303,-22.1806768],[-48.3457144,-22.1713639],[-48.3874387,-22.1596196],[-48.4020238,-22.1025534],[-48.4150818,-22.0893311],[-48.422473,-22.0941456],[-48.4325213,-22.0884199],[-48.4338502,-22.0776773],[-48.446207,-22.0709883],[-48.4422441,-22.0612356],[-48.4252607,-22.0667369],[-48.3944674,-22.0434062],[-48.3685691,-22.0555855],[-48.3482116,-22.0469509]]]}},{"type":"Feature","properties":{"level":"municipio","municipality_code":"3514403","municipality_name":"Dracena","uf":"SP","state_code":"35","area_km2":487.688},"geometry":{"type":"Polygon","coordinates":[[[-51.5374075,-21.4386818],[-51.5153339,-21.4450277],[-51.4857948,-21.4270755],[-51.477851,-21.4478592],[-51.4892946,-21.4646059],[-51.4767335,-21.5256566],[-51.5084934,-21.5882175],[-51.4939482,-21.6309054],[-51.5184467,-21.6656399],[-51.5223499,-21.6856721],[-51.5720871,-21.6853123],[-51.5781544,-21.6771507],[-51.5990363,-21.6830563],[-51.6449454,-21.6580142],[-51.6507107,-21.6436541],[-51.6663731,-21.6419476],[-51.6684634,-21.6326401],[-51.6998842,-21.6331287],[-51.7026624,-21.604116],[-51.7120892,-21.5916665],[-51.69509,-21.5815901],[-51.6910376,-21.565216],[-51.6471885,-21.5159971],[-51.6550391,-21.4954751],[-51.6716489,-21.4968887],[-51.6795082,-21.4824029],[-51.6690852,-21.4332339],[-51.6195713,-21.4454658],[-51.5835109,-21.4398262],[-51.5463486,-21.4548524],[-51.5374075,-21.4386818]]]}},{"type":"Feature","properties":{"level":"municipio","municipality_code":"3514502","municipality_name":"Duartina","uf":"SP","state_code":"35","area_km2":264.557},"geometry":{"type":"Polygon","coordinates":[[[-49.4828654,-22.3561923],[-49.4366716,-22.3225098],[-49.4282354,-22.3105353],[-49.4292879,-22.3053553],[-49.422568,-22.2941723],[-49.410797,-22.3185846],[-49.3839711,-22.313068],[-49.3241932,-22.3208151],[-49.3083426,-22.3378439],[-49.2854628,-22.3448571],[-49.3232181,-22.3682866],[-49.3170302,-22.3887992],[-49.3544589,-22.4076836],[-49.3674885,-22.4393573],[-49.4235724,-22.4661283],[-49.4475956,-22.4925836],[-49.4846426,-22.5030924],[-49.5039464,-22.4682614],[-49.4898173,-22.432333],[-49.4774163,-22.4225882],[-49.4806527,-22.3965193],[-49.4994655,-22.4003974],[-49.5148324,-22.3913408],[-49.4950321,-22.3829973],[-49.4828654,-22.3561923]]]}},{"type":"Feature","properties":{"level":"municipio","municipality_code":"3514601","municipality_name":"Dumont","uf":"SP","state_code":"35","area_km2":111.376},"geometry":{"type":"Polygon","coordinates":[[[-47.99169,-21.297055],[-48.029605,-21.275258],[-48.037714,-21.246128],[-48.047272,-21.242356],[-48.05326,-21.227935],[-48.049056,-21.213251],[-48.0420266,-21.2034692],[-48.023906,-21.215541],[-47.988661,-21.217299],[-47.964858,-21.205252],[-47.956919,-21.181509],[-47.944357,-21.200085],[-47.931762,-21.20373],[-47.922939,-21.240476],[-47.90687,-21.259757],[-47.991011,-21.310087],[-47.99169,-21.297055]]]}},{"type":"Feature","properties":{"level":"municipio","municipality_code":"3514700","municipality_name":"Echaporã","uf":"SP","state_code":"35","area_km2":515.258},"geometry":{"type":"Polygon","coordinates":[[[-50.2007614,-22.5436254],[-50.2328526,-22.5252377],[-50.2643502,-22.5626685],[-50.300497,-22.5454636],[-50.314559,-22.5472159],[-50.3499943,-22.4789721],[-50.3362647,-22.4449449],[-50.3049198,-22.4349609],[-50.2754768,-22.3976472],[-50.2530637,-22.3811161],[-50.2376179,-22.3810519],[-50.2297831,-22.354251],[-50.1948012,-22.3425426],[-50.1926883,-22.3292164],[-50.1704742,-22.3217219],[-50.1829108,-22.26458],[-50.1726268,-22.2461389],[-50.1693099,-22.2574278],[-50.1529956,-22.2530145],[-50.1463437,-22.2741831],[-50.1260328,-22.2868874],[-50.142038,-22.3308754],[-50.0983785,-22.3643025],[-50.1175179,-22.377932],[-50.1291205,-22.4179079],[-50.1056537,-22.4163624],[-50.1009234,-22.4365661],[-50.075271,-22.4656478],[-50.0692427,-22.4929926],[-50.087907,-22.4905339],[-50.1069528,-22.519003],[-50.1237088,-22.5101212],[-50.1186219,-22.5583814],[-50.1636304,-22.5928368],[-50.18612,-22.5440112],[-50.2007614,-22.5436254]]]}},{"type":"Feature","properties":{"level":"municipio","municipality_code":"3514809","municipality_name":"Eldorado","uf":"SP","state_code":"35","area_km2":1654.256},"geometry":{"type":"Polygon","coordinates":[[[-48.0556535,-24.5336049],[-48.0812993,-24.5610203],[-48.0848574,-24.5805638],[-48.1178289,-24.5869261],[-48.1355383,-24.5988154],[-48.1269868,-24.6071023],[-48.1289948,-24.649284],[-48.1642634,-24.6425503],[-48.1712821,-24.6584589],[-48.2085881,-24.6641807],[-48.2271906,-24.6765094],[-48.2051922,-24.6877133],[-48.2104672,-24.6918364],[-48.2364802,-24.6868869],[-48.2406674,-24.6974839],[-48.3070022,-24.732743],[-48.3023253,-24.7626288],[-48.2899144,-24.7772269],[-48.3040052,-24.7897003],[-48.2962616,-24.8003695],[-48.3008009,-24.8043447],[-48.3148888,-24.8070538],[-48.3284956,-24.793117],[-48.3426794,-24.8010303],[-48.3583044,-24.7886358],[-48.3638264,-24.7718785],[-48.3913506,-24.7562338],[-48.3833988,-24.7492188],[-48.3882155,-24.7375273],[-48.4192449,-24.7140661],[-48.4119615,-24.7038025],[-48.4216595,-24.680919],[-48.4039926,-24.6668417],[-48.4065177,-24.6566964],[-48.443457,-24.6516333],[-48.4538038,-24.6603151],[-48.4612144,-24.6621158],[-48.4645233,-24.6606037],[-48.4474726,-24.5992878],[-48.4307366,-24.5844031],[-48.4129914,-24.5869304],[-48.4022726,-24.5712954],[-48.3908262,-24.5708163],[-48.4266573,-24.5545735],[-48.4343112,-24.5400674],[-48.4296854,-24.5314579],[-48.3963827,-24.5228472],[-48.3818782,-24.5033702],[-48.3941359,-24.4828488],[-48.354245,-24.4622262],[-48.3471575,-24.4418635],[-48.3625274,-24.4209637],[-48.3808972,-24.4335355],[-48.3997715,-24.4275794],[-48.3683621,-24.3903024],[-48.3705256,-24.3798028],[-48.3599742,-24.3683346],[-48.3628456,-24.3477165],[-48.3506743,-24.3460288],[-48.3624638,-24.3147252],[-48.3572826,-24.3062343],[-48.3831292,-24.3041742],[-48.3599551,-24.2823798],[-48.3256006,-24.2919495],[-48.330131,-24.3078851],[-48.3226673,-24.3144851],[-48.2998659,-24.3067833],[-48.2921282,-24.2943474],[-48.2754996,-24.2966468],[-48.2836153,-24.2839889],[-48.2632539,-24.2733534],[-48.2528954,-24.2578359],[-48.2049442,-24.2632899],[-48.1543473,-24.22925],[-48.1449141,-24.231696],[-48.1402326,-24.1941637],[-48.1137882,-24.2157421],[-48.1232312,-24.2346604],[-48.1149303,-24.2404784],[-48.1190666,-24.2548958],[-48.1039012,-24.2807143],[-48.1173467,-24.3186103],[-48.065029,-24.3253093],[-48.0451882,-24.3446494],[-48.0400466,-24.3628225],[-48.0141223,-24.378208],[-48.0089399,-24.4644076],[-48.001415,-24.4712969],[-48.0090659,-24.4808368],[-48.0058683,-24.4977022],[-48.0211738,-24.5161209],[-48.0197735,-24.529355],[-48.0556535,-24.5336049]]]}},{"type":"Feature","properties":{"level":"municipio","municipality_code":"3514908","municipality_name":"Elias Fausto","uf":"SP","state_code":"35","area_km2":202.36},"geometry":{"type":"Polygon","coordinates":[[[-47.3005954,-23.0294666],[-47.27773,-23.0722721],[-47.2983883,-23.093114],[-47.3004531,-23.1126255],[-47.320776,-23.124363],[-47.339276,-23.111153],[-47.36178,-23.141475],[-47.4185396,-23.1686776],[-47.422911,-23.1490118],[-47.4115361,-23.1200514],[-47.4282105,-23.1010927],[-47.4210647,-23.0910854],[-47.4337251,-23.0749638],[-47.4371191,-23.0496501],[-47.4627452,-23.0264794],[-47.4256825,-23.0142059],[-47.432265,-23.0092851],[-47.4274067,-23.0023494],[-47.4150752,-23.0069316],[-47.4074458,-23.0013972],[-47.4079565,-23.0126438],[-47.4060817,-23.0047805],[-47.3962937,-23.0071466],[-47.3909826,-22.9934351],[-47.3830096,-22.9947551],[-47.3887656,-22.9836441],[-47.3795058,-22.9849187],[-47.3172582,-23.030244],[-47.3005954,-23.0294666]]]}},{"type":"Feature","properties":{"level":"municipio","municipality_code":"3514924","municipality_name":"Elisiário","uf":"SP","state_code":"35","area_km2":93.98},"geometry":{"type":"Polygon","coordinates":[[[-49.058661,-21.1515433],[-49.0398368,-21.1559076],[-49.0211765,-21.1807697],[-49.0393053,-21.1944355],[-49.060303,-21.1919954],[-49.0901456,-21.2209137],[-49.1105455,-21.1965211],[-49.1533103,-21.1846936],[-49.1479841,-21.1668715],[-49.1329207,-21.1559848],[-49.1366446,-21.134791],[-49.1231293,-21.1363933],[-49.1198746,-21.0852152],[-49.0952423,-21.1105067],[-49.0846328,-21.1111587],[-49.0782072,-21.1289709],[-49.0456478,-21.135494],[-49.058661,-21.1515433]]]}},{"type":"Feature","properties":{"level":"municipio","municipality_code":"3514957","municipality_name":"Embaúba","uf":"SP","state_code":"35","area_km2":83.129},"geometry":{"type":"Polygon","coordinates":[[[-48.8442112,-20.9132147],[-48.8252501,-20.9308496],[-48.8162917,-20.9263998],[-48.7904917,-20.9442477],[-48.8047192,-20.9871627],[-48.8442935,-21.0155151],[-48.8595706,-21.0060776],[-48.8609847,-20.9780743],[-48.8856026,-20.9597377],[-48.8817066,-20.9479352],[-48.8916568,-20.9480038],[-48.9004487,-20.9358926],[-48.9109938,-20.8937113],[-48.9024818,-20.8935062],[-48.8830294,-20.9130157],[-48.8442112,-20.9132147]]]}},{"type":"Feature","properties":{"level":"municipio","municipality_code":"3515004","municipality_name":"Embu das Artes","uf":"SP","state_code":"35","area_km2":70.398},"geometry":{"type":"Polygon","coordinates":[[[-46.8183971,-23.6870573],[-46.82681,-23.675788],[-46.849298,-23.685267],[-46.871603,-23.68325],[-46.887452,-23.667848],[-46.91455,-23.66216],[-46.907902,-23.630781],[-46.885622,-23.619859],[-46.869781,-23.624179],[-46.85765,-23.612323],[-46.8395243,-23.6272935],[-46.810173,-23.61011],[-46.8094212,-23.6259447],[-46.821622,-23.635856],[-46.791877,-23.652024],[-46.8015364,-23.6853687],[-46.8183971,-23.6870573]]]}},{"type":"Feature","properties":{"level":"municipio","municipality_code":"3515103","municipality_name":"Embu-Guaçu","uf":"SP","state_code":"35","area_km2":155.641},"geometry":{"type":"Polygon","coordinates":[[[-46.8230109,-23.7681337],[-46.777421,-23.767175],[-46.79008,-23.77608],[-46.787949,-23.786994],[-46.801261,-23.809673],[-46.762574,-23.827865],[-46.764295,-23.842569],[-46.77995,-23.842392],[-46.776699,-23.893023],[-46.799706,-23.893723],[-46.80737,-23.886521],[-46.810684,-23.920464],[-46.832821,-23.9342317],[-46.8544029,-23.9396915],[-46.8790807,-23.9282436],[-46.9043551,-23.9418528],[-46.9121832,-23.9343849],[-46.8980419,-23.9273205],[-46.8817047,-23.8936654],[-46.8700558,-23.8948715],[-46.8610267,-23.8863887],[-46.8492009,-23.8615712],[-46.8508054,-23.8537963],[-46.8719784,-23.8532451],[-46.8956205,-23.8376702],[-46.8830382,-23.8281128],[-46.8792774,-23.7988417],[-46.8637808,-23.8046856],[-46.8230109,-23.7681337]]]}},{"type":"Feature","properties":{"level":"municipio","municipality_code":"3515129","municipality_name":"Emilianópolis","uf":"SP","state_code":"35","area_km2":225.167},"geometry":{"type":"Polygon","coordinates":[[[-51.4962405,-21.8694106],[-51.5735703,-21.850728],[-51.5537185,-21.8361337],[-51.52532,-21.7746698],[-51.5339179,-21.7616195],[-51.532535,-21.7427815],[-51.5254903,-21.7256463],[-51.512673,-21.7185515],[-51.5118718,-21.7017563],[-51.4895538,-21.7107016],[-51.4825715,-21.7298845],[-51.4630713,-21.7405611],[-51.394554,-21.7447613],[-51.3865073,-21.7607385],[-51.3948577,-21.7871317],[-51.392146,-21.8159837],[-51.4228724,-21.8737174],[-51.4962405,-21.8694106]]]}},{"type":"Feature","properties":{"level":"municipio","municipality_code":"3515152","municipality_name":"Engenheiro Coelho","uf":"SP","state_code":"35","area_km2":109.941},"geometry":{"type":"Polygon","coordinates":[[[-47.1832608,-22.4363602],[-47.1503486,-22.4819606],[-47.13604,-22.4698876],[-47.1201568,-22.4746618],[-47.111165,-22.4645035],[-47.0863542,-22.4742349],[-47.0824668,-22.4828769],[-47.1042104,-22.5176589],[-47.1244674,-22.5264302],[-47.1882599,-22.5156039],[-47.2158418,-22.527126],[-47.2365738,-22.5205921],[-47.2472883,-22.4990758],[-47.2441518,-22.480425],[-47.2528967,-22.4768624],[-47.2270879,-22.4576539],[-47.2219196,-22.4386959],[-47.2115027,-22.4311612],[-47.1832608,-22.4363602]]]}},{"type":"Feature","properties":{"level":"municipio","municipality_code":"3515186","municipality_name":"Espírito Santo do Pinhal","uf":"SP","state_code":"35","area_km2":389.235},"geometry":{"type":"Polygon","coordinates":[[[-46.7489648,-22.2995176],[-46.7683491,-22.2860545],[-46.7912576,-22.2973212],[-46.7972634,-22.2799742],[-46.8189848,-22.2772235],[-46.8238896,-22.2666287],[-46.8999949,-22.2457451],[-46.899946,-22.1756873],[-46.8837077,-22.1671833],[-46.8820239,-22.1500385],[-46.8652696,-22.1313442],[-46.8730265,-22.1134219],[-46.8897612,-22.1112995],[-46.892066,-22.0860225],[-46.866839,-22.0806754],[-46.8617637,-22.0917573],[-46.8425712,-22.094993],[-46.8181303,-22.0844293],[-46.8170157,-22.064253],[-46.786778,-22.092707],[-46.7692612,-22.0874984],[-46.7466311,-22.0924382],[-46.7575355,-22.1141624],[-46.733324,-22.1530609],[-46.7228035,-22.1539343],[-46.7120679,-22.1740439],[-46.6890852,-22.1712972],[-46.6718444,-22.1783405],[-46.6781678,-22.2240419],[-46.6931416,-22.2376315],[-46.688473,-22.24845],[-46.7108918,-22.2639473],[-46.7023373,-22.2778791],[-46.7105161,-22.2849951],[-46.7052841,-22.295824],[-46.717397,-22.3073015],[-46.7346318,-22.2925038],[-46.7489648,-22.2995176]]]}},{"type":"Feature","properties":{"level":"municipio","municipality_code":"3515194","municipality_name":"Espírito Santo do Turvo","uf":"SP","state_code":"35","area_km2":193.666},"geometry":{"type":"Polygon","coordinates":[[[-49.390204,-22.7421466],[-49.4987917,-22.7241965],[-49.5070281,-22.6842701],[-49.4980942,-22.6560546],[-49.5069031,-22.6430467],[-49.4947547,-22.6250117],[-49.4995735,-22.6110235],[-49.479318,-22.6093275],[-49.4711959,-22.5921985],[-49.4536091,-22.5839676],[-49.444351,-22.6004981],[-49.4236333,-22.6080841],[-49.4189483,-22.6212088],[-49.3556207,-22.6366889],[-49.351007,-22.6425575],[-49.3616388,-22.6549165],[-49.3396897,-22.6659058],[-49.3356656,-22.6763548],[-49.3589935,-22.6825815],[-49.3713344,-22.7073299],[-49.3839921,-22.7080983],[-49.3755693,-22.7285305],[-49.390204,-22.7421466]]]}},{"type":"Feature","properties":{"level":"municipio","municipality_code":"3557303","municipality_name":"Estiva Gerbi","uf":"SP","state_code":"35","area_km2":74.144},"geometry":{"type":"Polygon","coordinates":[[[-46.9644406,-22.2954756],[-46.9746889,-22.2774243],[-46.9837242,-22.1999287],[-46.959154,-22.1981414],[-46.9509977,-22.1850085],[-46.9291979,-22.1838745],[-46.9144434,-22.1998097],[-46.9126606,-22.2152469],[-46.8970816,-22.2048847],[-46.8999949,-22.2457451],[-46.9135863,-22.2630643],[-46.9644406,-22.2954756]]]}},{"type":"Feature","properties":{"level":"municipio","municipality_code":"3515202","municipality_name":"Estrela d'Oeste","uf":"SP","state_code":"35","area_km2":296.281},"geometry":{"type":"Polygon","coordinates":[[[-50.3614122,-20.2620008],[-50.3309082,-20.3019437],[-50.3373565,-20.3379828],[-50.3537417,-20.3333474],[-50.3644185,-20.3428191],[-50.3880882,-20.3415704],[-50.3923739,-20.3550367],[-50.4199137,-20.3803631],[-50.4301786,-20.4123455],[-50.4686597,-20.3904657],[-50.4716265,-20.3458278],[-50.4649009,-20.331607],[-50.4808969,-20.3000742],[-50.4582794,-20.2737595],[-50.4658097,-20.2369261],[-50.4510768,-20.2143752],[-50.4664241,-20.1956083],[-50.4655291,-20.1861224],[-50.457479,-20.1871945],[-50.4598701,-20.1686196],[-50.4518604,-20.1596212],[-50.4141876,-20.1443244],[-50.393951,-20.1035969],[-50.3740174,-20.1425267],[-50.3723703,-20.1732785],[-50.3571575,-20.1998663],[-50.3588266,-20.2169204],[-50.3484309,-20.2259402],[-50.3614122,-20.2620008]]]}},{"type":"Feature","properties":{"level":"municipio","municipality_code":"3515301","municipality_name":"Estrela do Norte","uf":"SP","state_code":"35","area_km2":264.987},"geometry":{"type":"Polygon","coordinates":[[[-51.6777075,-22.4352591],[-51.6582735,-22.4468123],[-51.635906,-22.4204593],[-51.621726,-22.4281067],[-51.6023705,-22.4046462],[-51.5709747,-22.3988719],[-51.5732667,-22.48909],[-51.5929158,-22.4961015],[-51.6137459,-22.5320348],[-51.6182443,-22.5582208],[-51.6439635,-22.5651381],[-51.6468444,-22.5732386],[-51.6829423,-22.5653126],[-51.689176,-22.5582841],[-51.6835661,-22.5502677],[-51.7045674,-22.5422654],[-51.7253959,-22.543654],[-51.7344187,-22.5628662],[-51.7611352,-22.5335653],[-51.7844094,-22.5347763],[-51.7713079,-22.511816],[-51.7740016,-22.4979061],[-51.7581037,-22.4894483],[-51.7439248,-22.4541244],[-51.7292177,-22.4497287],[-51.7304721,-22.4204092],[-51.7233871,-22.4117995],[-51.728741,-22.4021309],[-51.7068354,-22.3948661],[-51.6777075,-22.4352591]]]}},{"type":"Feature","properties":{"level":"municipio","municipality_code":"3515350","municipality_name":"Euclides da Cunha Paulista","uf":"SP","state_code":"35","area_km2":573.894},"geometry":{"type":"Polygon","coordinates":[[[-52.4511895,-22.5597913],[-52.4554911,-22.5699982],[-52.4456925,-22.6082796],[-52.4988236,-22.63423],[-52.5453772,-22.6117435],[-52.5849228,-22.5659332],[-52.6113574,-22.5744716],[-52.6971054,-22.6270066],[-52.7224292,-22.6267524],[-52.7643106,-22.6086369],[-52.7323198,-22.5246652],[-52.6850948,-22.4599009],[-52.6496516,-22.4341907],[-52.6338148,-22.4310655],[-52.6115791,-22.4015591],[-52.5818028,-22.4130415],[-52.5563214,-22.3924026],[-52.5441262,-22.396273],[-52.5119049,-22.3877496],[-52.4861607,-22.4113174],[-52.4652964,-22.4178747],[-52.4790497,-22.4439707],[-52.4683625,-22.4666586],[-52.4679916,-22.5027801],[-52.4594005,-22.5092635],[-52.4659955,-22.5333636],[-52.4511895,-22.5597913]]]}},{"type":"Feature","properties":{"level":"municipio","municipality_code":"3515400","municipality_name":"Fartura","uf":"SP","state_code":"35","area_km2":429.171},"geometry":{"type":"Polygon","coordinates":[[[-49.3968996,-23.3543786],[-49.3924306,-23.3921956],[-49.397682,-23.4002673],[-49.4483941,-23.4212675],[-49.4387028,-23.4381489],[-49.4482872,-23.441794],[-49.4566496,-23.4597072],[-49.4400168,-23.4896947],[-49.4562184,-23.4996027],[-49.463609,-23.5114484],[-49.4577655,-23.5191171],[-49.4794233,-23.5408041],[-49.5095203,-23.509889],[-49.5283316,-23.5108399],[-49.5485197,-23.4956601],[-49.5771603,-23.4921477],[-49.5776322,-23.4796676],[-49.5944568,-23.4740658],[-49.5920793,-23.4600796],[-49.603186,-23.4512926],[-49.5901066,-23.435871],[-49.5699321,-23.4419871],[-49.5666241,-23.4264201],[-49.5808046,-23.4317181],[-49.580293,-23.4141986],[-49.603676,-23.407812],[-49.5985165,-23.3981866],[-49.6210117,-23.3974193],[-49.6206069,-23.3887184],[-49.6011001,-23.3839676],[-49.5924735,-23.3895743],[-49.5904025,-23.3827925],[-49.6041569,-23.3589475],[-49.6334367,-23.3564211],[-49.6381781,-23.3487762],[-49.6216945,-23.3318896],[-49.6313974,-23.3044157],[-49.6271459,-23.2817728],[-49.5605012,-23.2589617],[-49.5453072,-23.2794525],[-49.5377753,-23.2800184],[-49.5365085,-23.269341],[-49.5244806,-23.2724017],[-49.5201688,-23.3067439],[-49.4790871,-23.3212928],[-49.4676359,-23.3106184],[-49.4496955,-23.3320839],[-49.4269105,-23.3312445],[-49.3968996,-23.3543786]]]}},{"type":"Feature","properties":{"level":"municipio","municipality_code":"3515608","municipality_name":"Fernando Prestes","uf":"SP","state_code":"35","area_km2":169.99},"geometry":{"type":"Polygon","coordinates":[[[-48.6485107,-21.2953924],[-48.6857797,-21.3897075],[-48.713666,-21.3975408],[-48.723061,-21.419459],[-48.7542971,-21.4206939],[-48.7451251,-21.392425],[-48.7470625,-21.3581457],[-48.7309182,-21.3160444],[-48.7413832,-21.2456167],[-48.6867189,-21.218619],[-48.6505788,-21.2327352],[-48.6539493,-21.239219],[-48.6398222,-21.2423187],[-48.619297,-21.2869331],[-48.6324529,-21.3033736],[-48.6485107,-21.2953924]]]}},{"type":"Feature","properties":{"level":"municipio","municipality_code":"3515509","municipality_name":"Fernandópolis","uf":"SP","state_code":"35","area_km2":549.797},"geometry":{"type":"Polygon","coordinates":[[[-50.1641038,-20.2424152],[-50.1750986,-20.2694321],[-50.1560194,-20.2778244],[-50.1450405,-20.3137254],[-50.1742663,-20.3251425],[-50.1932661,-20.3182882],[-50.2088937,-20.3295402],[-50.2069381,-20.3353305],[-50.2385077,-20.3593056],[-50.2178027,-20.3737141],[-50.2198253,-20.3814499],[-50.2381864,-20.3944431],[-50.2411519,-20.4090907],[-50.2604665,-20.4125743],[-50.2847733,-20.4484916],[-50.3062711,-20.4553164],[-50.3128382,-20.4714891],[-50.3266342,-20.4765616],[-50.3316288,-20.4689453],[-50.3456311,-20.477204],[-50.3574565,-20.4714331],[-50.3611769,-20.4777774],[-50.3751076,-20.4710606],[-50.3765709,-20.4538488],[-50.3652931,-20.4363077],[-50.3517854,-20.4253876],[-50.338257,-20.4298249],[-50.3225199,-20.4070234],[-50.3289924,-20.3828953],[-50.3227483,-20.3732367],[-50.339392,-20.3384691],[-50.3314969,-20.3001235],[-50.3618003,-20.2606353],[-50.3484309,-20.2259402],[-50.3592858,-20.2155762],[-50.3571575,-20.1998663],[-50.3718269,-20.1750955],[-50.3740174,-20.1425267],[-50.3889646,-20.1060313],[-50.3280181,-20.1053636],[-50.3088099,-20.0885903],[-50.3014389,-20.097472],[-50.2526311,-20.1088541],[-50.2700506,-20.1365002],[-50.2251932,-20.1758982],[-50.2198352,-20.2021019],[-50.2305475,-20.2190598],[-50.1641038,-20.2424152]]]}},{"type":"Feature","properties":{"level":"municipio","municipality_code":"3515657","municipality_name":"Fernão","uf":"SP","state_code":"35","area_km2":100.504},"geometry":{"type":"Polygon","coordinates":[[[-49.5352076,-22.3207386],[-49.5053086,-22.3191891],[-49.4961124,-22.3098707],[-49.4921485,-22.3189085],[-49.4806222,-22.3198481],[-49.4766035,-22.3259382],[-49.4709877,-22.3265396],[-49.460412,-22.333714],[-49.4591806,-22.3374586],[-49.4704545,-22.3416676],[-49.4939307,-22.3816061],[-49.5146734,-22.3906698],[-49.5127924,-22.3956827],[-49.5563551,-22.3920324],[-49.5699708,-22.3836182],[-49.5822039,-22.4248823],[-49.6039301,-22.443077],[-49.6144542,-22.4389139],[-49.6190142,-22.4250811],[-49.6021865,-22.4143828],[-49.6090729,-22.392342],[-49.6003582,-22.3685636],[-49.5846991,-22.3640695],[-49.5709398,-22.3245972],[-49.5462163,-22.3302617],[-49.5352076,-22.3207386]]]}},{"type":"Feature","properties":{"level":"municipio","municipality_code":"3515707","municipality_name":"Ferraz de Vasconcelos","uf":"SP","state_code":"35","area_km2":29.547},"geometry":{"type":"Polygon","coordinates":[[[-46.399545,-23.606053],[-46.37728,-23.589643],[-46.383741,-23.579221],[-46.379718,-23.562726],[-46.392471,-23.557297],[-46.395054,-23.548956],[-46.38772,-23.545656],[-46.395572,-23.530896],[-46.370577,-23.511224],[-46.3669885,-23.5271453],[-46.35513,-23.535855],[-46.358148,-23.565391],[-46.3497238,-23.573682],[-46.3838886,-23.6177413],[-46.399545,-23.606053]]]}},{"type":"Feature","properties":{"level":"municipio","municipality_code":"3515806","municipality_name":"Flora Rica","uf":"SP","state_code":"35","area_km2":224.711},"geometry":{"type":"Polygon","coordinates":[[[-51.3796651,-21.7391969],[-51.4153872,-21.7479517],[-51.4569856,-21.7424243],[-51.4825715,-21.7298845],[-51.4964508,-21.7074398],[-51.4763812,-21.6853124],[-51.459534,-21.6825195],[-51.3938467,-21.6290599],[-51.3214762,-21.6360656],[-51.3226997,-21.6572478],[-51.2665645,-21.6693375],[-51.266085,-21.6803594],[-51.2853591,-21.7094707],[-51.2812299,-21.7189242],[-51.3201614,-21.7517512],[-51.3299,-21.7711747],[-51.342953,-21.7745694],[-51.3635813,-21.7627201],[-51.3796651,-21.7391969]]]}},{"type":"Feature","properties":{"level":"municipio","municipality_code":"3515905","municipality_name":"Floreal","uf":"SP","state_code":"35","area_km2":204.236},"geometry":{"type":"Polygon","coordinates":[[[-50.1907468,-20.6583654],[-50.1940027,-20.6484171],[-50.1837112,-20.6247472],[-50.1590381,-20.5978742],[-50.1595729,-20.560758],[-50.1391841,-20.5379399],[-50.1353451,-20.5159478],[-50.12171,-20.5128058],[-50.1250561,-20.5696658],[-50.1140089,-20.6002966],[-50.088086,-20.6259847],[-50.1016646,-20.6721009],[-50.1229904,-20.6829654],[-50.1179914,-20.7216431],[-50.1247677,-20.7472886],[-50.1140653,-20.7634542],[-50.1226014,-20.7723884],[-50.1343201,-20.7711877],[-50.145536,-20.7819061],[-50.1687523,-20.7718991],[-50.1657281,-20.7541448],[-50.1774637,-20.7445256],[-50.215987,-20.7550356],[-50.226699,-20.7390914],[-50.2356768,-20.7536718],[-50.2505033,-20.7367371],[-50.2161396,-20.7117442],[-50.2118788,-20.6800138],[-50.1907468,-20.6583654]]]}},{"type":"Feature","properties":{"level":"municipio","municipality_code":"3516101","municipality_name":"Florínea","uf":"SP","state_code":"35","area_km2":225.886},"geometry":{"type":"Polygon","coordinates":[[[-50.8236226,-22.8661378],[-50.7594103,-22.8800334],[-50.7258942,-22.8491415],[-50.7062764,-22.7727742],[-50.695586,-22.782539],[-50.6787817,-22.7807006],[-50.6764429,-22.7980107],[-50.6542216,-22.8183296],[-50.6393845,-22.8483266],[-50.6118932,-22.871643],[-50.5522674,-22.8406107],[-50.578561,-22.8774773],[-50.5772428,-22.9040071],[-50.6038084,-22.9231785],[-50.6485066,-22.8970849],[-50.6725572,-22.8982209],[-50.7098388,-22.9534422],[-50.732739,-22.9632971],[-50.7586621,-22.9476544],[-50.795935,-22.9511794],[-50.805361,-22.9434631],[-50.7929517,-22.8943535],[-50.8170131,-22.879541],[-50.8236226,-22.8661378]]]}},{"type":"Feature","properties":{"level":"municipio","municipality_code":"3516002","municipality_name":"Flórida Paulista","uf":"SP","state_code":"35","area_km2":524.138},"geometry":{"type":"Polygon","coordinates":[[[-51.0896073,-21.6320946],[-51.1102747,-21.646931],[-51.1625432,-21.6615756],[-51.1773107,-21.6924283],[-51.221325,-21.7100537],[-51.2417519,-21.7363434],[-51.2704366,-21.7431526],[-51.2826917,-21.7242117],[-51.2793703,-21.6966039],[-51.2321607,-21.6263998],[-51.2456991,-21.5930475],[-51.2304168,-21.5733987],[-51.2389061,-21.4576214],[-51.2067031,-21.4142824],[-51.2189063,-21.3740329],[-51.2141488,-21.354789],[-51.1709098,-21.3838102],[-51.1396351,-21.3737848],[-51.1216406,-21.3814787],[-51.0927426,-21.3709709],[-51.0859856,-21.384099],[-51.0587557,-21.3985509],[-51.0865294,-21.4309533],[-51.0841972,-21.4622247],[-51.0996708,-21.4841896],[-51.1091257,-21.5302716],[-51.1016261,-21.5426635],[-51.105398,-21.5636742],[-51.0801295,-21.5912398],[-51.0796603,-21.6132409],[-51.0896073,-21.6320946]]]}},{"type":"Feature","properties":{"level":"municipio","municipality_code":"3516200","municipality_name":"Franca","uf":"SP","state_code":"35","area_km2":605.679},"geometry":{"type":"Polygon","coordinates":[[[-47.4472341,-20.6019611],[-47.4493883,-20.5783041],[-47.4692027,-20.5634543],[-47.4818246,-20.5695748],[-47.4963409,-20.5546188],[-47.5090306,-20.5647821],[-47.5496529,-20.5586808],[-47.5408578,-20.5276145],[-47.5526667,-20.5093951],[-47.5088427,-20.4881675],[-47.5000436,-20.4563638],[-47.4914561,-20.4654832],[-47.4820266,-20.4592283],[-47.4140678,-20.4593761],[-47.4126883,-20.4496375],[-47.3934547,-20.4364829],[-47.3515136,-20.4367298],[-47.3322,-20.4233101],[-47.2956164,-20.4174358],[-47.2887666,-20.4206743],[-47.2961002,-20.427256],[-47.2872891,-20.4351494],[-47.2927656,-20.4477336],[-47.2843755,-20.4570615],[-47.2115101,-20.5023184],[-47.1545174,-20.5195532],[-47.1434598,-20.5353234],[-47.1467206,-20.5502945],[-47.1562327,-20.5415092],[-47.1735216,-20.5509358],[-47.1806609,-20.5396014],[-47.1894438,-20.5495382],[-47.1946656,-20.5406329],[-47.1972423,-20.5591615],[-47.2106375,-20.559304],[-47.2126056,-20.5756197],[-47.2242836,-20.5785841],[-47.2278108,-20.5737491],[-47.2172857,-20.5704013],[-47.2215579,-20.5614256],[-47.2369044,-20.5649163],[-47.2093813,-20.547664],[-47.2269122,-20.5467873],[-47.21536,-20.5391726],[-47.2279899,-20.5344003],[-47.227887,-20.5273494],[-47.2350107,-20.5341912],[-47.2398799,-20.5233446],[-47.2494156,-20.5348232],[-47.2435218,-20.5445522],[-47.2495316,-20.5513452],[-47.2528081,-20.5370013],[-47.267321,-20.5350545],[-47.2624178,-20.5478149],[-47.269051,-20.5543557],[-47.2625677,-20.5622611],[-47.2709218,-20.5575612],[-47.2760175,-20.542097],[-47.28964,-20.5530401],[-47.2893958,-20.5417984],[-47.3002177,-20.5517749],[-47.3034342,-20.5344999],[-47.3111817,-20.5457046],[-47.3194661,-20.5391533],[-47.3147199,-20.5651542],[-47.3297817,-20.5792212],[-47.3342239,-20.600062],[-47.3582826,-20.6239914],[-47.3471878,-20.6709244],[-47.3614286,-20.6831774],[-47.3668654,-20.7125022],[-47.3814269,-20.7160091],[-47.3859782,-20.728394],[-47.4216157,-20.736251],[-47.441699,-20.7314108],[-47.4451309,-20.7536576],[-47.4599668,-20.7635252],[-47.4567113,-20.7734443],[-47.4706591,-20.7694692],[-47.4706817,-20.7522125],[-47.4946232,-20.7484846],[-47.5091925,-20.7229073],[-47.4860162,-20.7176075],[-47.46408,-20.6855392],[-47.4119174,-20.6650522],[-47.4205267,-20.6444415],[-47.3958602,-20.6281338],[-47.3982411,-20.6141745],[-47.4472341,-20.6019611]]]}},{"type":"Feature","properties":{"level":"municipio","municipality_code":"3516309","municipality_name":"Francisco Morato","uf":"SP","state_code":"35","area_km2":49.001},"geometry":{"type":"Polygon","coordinates":[[[-46.73978,-23.3018927],[-46.76484,-23.289972],[-46.783886,-23.260757],[-46.7253636,-23.2484576],[-46.675775,-23.2616018],[-46.67209,-23.2560258],[-46.638447,-23.257666],[-46.687079,-23.278293],[-46.689139,-23.29069],[-46.717781,-23.302352],[-46.73978,-23.3018927]]]}},{"type":"Feature","properties":{"level":"municipio","municipality_code":"3516408","municipality_name":"Franco da Rocha","uf":"SP","state_code":"35","area_km2":132.775},"geometry":{"type":"Polygon","coordinates":[[[-46.716491,-23.3553022],[-46.743405,-23.354735],[-46.741764,-23.341308],[-46.752088,-23.326488],[-46.777928,-23.336723],[-46.781556,-23.349276],[-46.818921,-23.337064],[-46.821804,-23.313588],[-46.835749,-23.308043],[-46.842777,-23.291809],[-46.832081,-23.279062],[-46.815947,-23.282622],[-46.805451,-23.274673],[-46.802299,-23.256983],[-46.782307,-23.266253],[-46.751497,-23.301648],[-46.717781,-23.302352],[-46.688904,-23.290531],[-46.687079,-23.278293],[-46.637107,-23.25808],[-46.647761,-23.275511],[-46.660735,-23.280888],[-46.635834,-23.305295],[-46.645337,-23.318602],[-46.663202,-23.32518],[-46.657909,-23.33092],[-46.670187,-23.363096],[-46.690122,-23.368258],[-46.716491,-23.3553022]]]}},{"type":"Feature","properties":{"level":"municipio","municipality_code":"3516507","municipality_name":"Gabriel Monteiro","uf":"SP","state_code":"35","area_km2":138.681},"geometry":{"type":"Polygon","coordinates":[[[-50.5754146,-21.454706],[-50.5303658,-21.4554695],[-50.4982472,-21.492781],[-50.4959863,-21.5359945],[-50.5352395,-21.5732368],[-50.5589818,-21.5500791],[-50.5718119,-21.5514425],[-50.5875125,-21.5392827],[-50.6030104,-21.5458169],[-50.5967192,-21.5305636],[-50.6045543,-21.5087651],[-50.6284159,-21.5069189],[-50.654477,-21.4903049],[-50.6384383,-21.4724426],[-50.6394081,-21.4604224],[-50.6171787,-21.446803],[-50.581676,-21.4417549],[-50.5754146,-21.454706]]]}},{"type":"Feature","properties":{"level":"municipio","municipality_code":"3516705","municipality_name":"Garça","uf":"SP","state_code":"35","area_km2":555.807},"geometry":{"type":"Polygon","coordinates":[[[-49.6683466,-22.1349498],[-49.6763179,-22.1193017],[-49.6463308,-22.1239112],[-49.6456072,-22.0917188],[-49.6336292,-22.0759691],[-49.6212727,-22.0965713],[-49.6227178,-22.1126745],[-49.584994,-22.1127457],[-49.5881058,-22.1249163],[-49.5693832,-22.1394044],[-49.5564207,-22.1298033],[-49.5621421,-22.1452769],[-49.5232615,-22.15311],[-49.5301539,-22.1837359],[-49.5453703,-22.195461],[-49.5554391,-22.2211201],[-49.6579927,-22.2741829],[-49.6311775,-22.3141449],[-49.6515373,-22.37054],[-49.7354676,-22.38232],[-49.7500385,-22.3750917],[-49.7488021,-22.3509973],[-49.8547223,-22.3569184],[-49.8449967,-22.3226376],[-49.8309291,-22.3100008],[-49.807973,-22.3100016],[-49.8012625,-22.2984113],[-49.7825224,-22.2941553],[-49.7600386,-22.2986846],[-49.7419563,-22.2921078],[-49.7577763,-22.2521056],[-49.7492424,-22.2466498],[-49.7503036,-22.2024372],[-49.7736453,-22.1790415],[-49.8067909,-22.170894],[-49.8244238,-22.1114346],[-49.7616204,-22.11032],[-49.7360885,-22.1194028],[-49.7073786,-22.1419324],[-49.6683466,-22.1349498]]]}},{"type":"Feature","properties":{"level":"municipio","municipality_code":"3516804","municipality_name":"Gastão Vidigal","uf":"SP","state_code":"35","area_km2":180.569},"geometry":{"type":"Polygon","coordinates":[[[-50.2228469,-20.8586914],[-50.2396884,-20.837517],[-50.2905883,-20.8357308],[-50.2905868,-20.808821],[-50.2589119,-20.7418328],[-50.2482797,-20.7369421],[-50.2356768,-20.7536718],[-50.226699,-20.7390914],[-50.215987,-20.7550356],[-50.1774637,-20.7445256],[-50.1657281,-20.7541448],[-50.1687523,-20.7718991],[-50.145536,-20.7819061],[-50.1140653,-20.7634542],[-50.1101802,-20.7786884],[-50.1267598,-20.8070252],[-50.1218161,-20.8349259],[-50.1520195,-20.8504839],[-50.1638597,-20.8748829],[-50.2228469,-20.8586914]]]}},{"type":"Feature","properties":{"level":"municipio","municipality_code":"3516853","municipality_name":"Gavião Peixoto","uf":"SP","state_code":"35","area_km2":243.766},"geometry":{"type":"Polygon","coordinates":[[[-48.4985484,-21.785701],[-48.4967551,-21.7911063],[-48.470256,-21.7771695],[-48.4656669,-21.7600712],[-48.4482191,-21.7531588],[-48.4444152,-21.7237148],[-48.4117483,-21.7070025],[-48.4022169,-21.7103928],[-48.3461105,-21.6895099],[-48.3308235,-21.6973008],[-48.3426762,-21.7473877],[-48.3607803,-21.753437],[-48.3687079,-21.7975425],[-48.3953064,-21.833729],[-48.3965821,-21.8541541],[-48.4102563,-21.8549657],[-48.4250546,-21.8351471],[-48.4329431,-21.8526695],[-48.4508773,-21.8446656],[-48.4600155,-21.8519669],[-48.4668907,-21.8448173],[-48.4782646,-21.8540079],[-48.4881088,-21.8439645],[-48.4897928,-21.8519242],[-48.5003215,-21.8511583],[-48.4984972,-21.8633686],[-48.5109186,-21.8627975],[-48.5167898,-21.8709708],[-48.5497169,-21.8682661],[-48.5640374,-21.8570191],[-48.5668304,-21.8651791],[-48.5904396,-21.8584094],[-48.5861104,-21.8507008],[-48.5962954,-21.8429805],[-48.5948282,-21.8290588],[-48.559008,-21.8156815],[-48.5391901,-21.7961095],[-48.5051195,-21.7953234],[-48.4985484,-21.785701]]]}},{"type":"Feature","properties":{"level":"municipio","municipality_code":"3516903","municipality_name":"General Salgado","uf":"SP","state_code":"35","area_km2":494.376},"geometry":{"type":"Polygon","coordinates":[[[-50.3892631,-20.5689841],[-50.3283004,-20.5642954],[-50.2836306,-20.5880275],[-50.2796517,-20.594905],[-50.3027363,-20.6338212],[-50.28493,-20.646856],[-50.2896798,-20.7024319],[-50.2961927,-20.7127731],[-50.3070422,-20.7100929],[-50.3343323,-20.7231006],[-50.3973286,-20.7240354],[-50.4186723,-20.7091316],[-50.4132409,-20.7375062],[-50.4199233,-20.742271],[-50.4243793,-20.7907724],[-50.4325896,-20.8001163],[-50.449478,-20.8010225],[-50.4567487,-20.7785965],[-50.5055827,-20.7616059],[-50.4965997,-20.710348],[-50.4765075,-20.6877661],[-50.4796715,-20.6535421],[-50.5114954,-20.6233334],[-50.5102527,-20.5455459],[-50.5548665,-20.5237593],[-50.5447684,-20.5036227],[-50.5276672,-20.5089573],[-50.5053155,-20.4968191],[-50.4919389,-20.4996661],[-50.4485334,-20.4862201],[-50.4578695,-20.5343065],[-50.4321463,-20.5358543],[-50.4140775,-20.5610359],[-50.3892631,-20.5689841]]]}},{"type":"Feature","properties":{"level":"municipio","municipality_code":"3517000","municipality_name":"Getulina","uf":"SP","state_code":"35","area_km2":676.755},"geometry":{"type":"Polygon","coordinates":[[[-49.9634797,-21.6948268],[-49.957768,-21.7009028],[-49.9228298,-21.7008907],[-49.8663827,-21.7439908],[-49.850106,-21.7462228],[-49.8388723,-21.7605099],[-49.8908297,-21.8643672],[-49.918398,-21.8743448],[-49.9468887,-21.9031176],[-49.9627351,-21.9380303],[-49.9790817,-21.9426366],[-50.0119326,-21.9244645],[-50.0178238,-21.9055544],[-50.0309475,-21.8978861],[-50.0306737,-21.8871025],[-50.0470138,-21.8842359],[-50.0709375,-21.8564653],[-50.1133584,-21.8357179],[-50.1532805,-21.7859126],[-50.1897547,-21.7627976],[-50.2186685,-21.7627425],[-50.2448518,-21.7403078],[-50.2585196,-21.7386619],[-50.2742199,-21.7111842],[-50.2458962,-21.6967492],[-50.2216058,-21.7017789],[-50.207621,-21.6868129],[-50.1682558,-21.6962297],[-50.1553819,-21.6810553],[-50.1303055,-21.6914654],[-50.1201452,-21.6849832],[-50.1153388,-21.6923633],[-50.108411,-21.6838946],[-50.0827603,-21.6910938],[-50.0706871,-21.6835501],[-50.0248408,-21.7005029],[-50.0146737,-21.6947131],[-50.0093696,-21.7023524],[-49.9634797,-21.6948268]]]}},{"type":"Feature","properties":{"level":"municipio","municipality_code":"3517109","municipality_name":"Glicério","uf":"SP","state_code":"35","area_km2":272.8},"geometry":{"type":"Polygon","coordinates":[[[-50.1480742,-21.2683037],[-50.1390967,-21.2787038],[-50.1406284,-21.3115773],[-50.1630857,-21.3270199],[-50.1644526,-21.3536406],[-50.1443436,-21.3802475],[-50.1546233,-21.4065051],[-50.1506648,-21.4178763],[-50.1807427,-21.426715],[-50.1944437,-21.4479282],[-50.2221311,-21.466553],[-50.2402588,-21.4669482],[-50.259036,-21.4941812],[-50.2996257,-21.4570412],[-50.2545416,-21.4043793],[-50.2542726,-21.3892439],[-50.243499,-21.3753485],[-50.24897,-21.3580158],[-50.2416657,-21.3120078],[-50.2055569,-21.282344],[-50.2086332,-21.2624502],[-50.1856255,-21.2394266],[-50.1799967,-21.1785814],[-50.1723386,-21.1556688],[-50.1554465,-21.1442807],[-50.1573043,-21.13637],[-50.1467745,-21.1433491],[-50.1483,-21.1555833],[-50.1288873,-21.1955191],[-50.1405557,-21.2127322],[-50.1415185,-21.2579526],[-50.1480742,-21.2683037]]]}},{"type":"Feature","properties":{"level":"municipio","municipality_code":"3517307","municipality_name":"Guaimbê","uf":"SP","state_code":"35","area_km2":217.811},"geometry":{"type":"Polygon","coordinates":[[[-49.9155522,-21.8729241],[-49.8908297,-21.8643672],[-49.836313,-21.7591351],[-49.7719073,-21.8032893],[-49.7919425,-21.8460733],[-49.8076932,-21.8597541],[-49.7976095,-21.87629],[-49.8284,-21.918452],[-49.8149481,-21.9277808],[-49.8274898,-21.9466638],[-49.885071,-21.9715096],[-49.9667091,-21.9401655],[-49.9468887,-21.9031176],[-49.9155522,-21.8729241]]]}},{"type":"Feature","properties":{"level":"municipio","municipality_code":"3517208","municipality_name":"Guaiçara","uf":"SP","state_code":"35","area_km2":277.154},"geometry":{"type":"Polygon","coordinates":[[[-49.7732644,-21.6320929],[-49.77329,-21.641919],[-49.792939,-21.659187],[-49.786611,-21.692484],[-49.797843,-21.700399],[-49.832244,-21.699217],[-49.8545402,-21.7166402],[-49.869085,-21.7405291],[-49.9122238,-21.7120727],[-49.882692,-21.672163],[-49.869125,-21.682681],[-49.849014,-21.674605],[-49.84326,-21.619279],[-49.824133,-21.594782],[-49.813623,-21.558655],[-49.805501,-21.550744],[-49.796815,-21.557391],[-49.762351,-21.553103],[-49.753381,-21.524832],[-49.709356,-21.472109],[-49.705823,-21.464527],[-49.716151,-21.451657],[-49.709859,-21.440099],[-49.724693,-21.422497],[-49.708626,-21.399479],[-49.715916,-21.396212],[-49.71472,-21.375411],[-49.6969952,-21.3626774],[-49.6850505,-21.3763234],[-49.6964141,-21.4044649],[-49.6845869,-21.4207063],[-49.6710607,-21.4241398],[-49.6726904,-21.4342733],[-49.6365953,-21.4609957],[-49.639769,-21.4775681],[-49.6330192,-21.4891197],[-49.652304,-21.495687],[-49.666626,-21.491463],[-49.6665479,-21.5138186],[-49.6874271,-21.5240048],[-49.728676,-21.585006],[-49.723371,-21.601294],[-49.7732644,-21.6320929]]]}},{"type":"Feature","properties":{"level":"municipio","municipality_code":"3517604","municipality_name":"Guapiara","uf":"SP","state_code":"35","area_km2":408.292},"geometry":{"type":"Polygon","coordinates":[[[-48.516158,-24.1397708],[-48.5057469,-24.1383681],[-48.4899711,-24.1534715],[-48.4731561,-24.1566187],[-48.4759302,-24.1688047],[-48.4671854,-24.174304],[-48.4457002,-24.1715555],[-48.4209459,-24.1801951],[-48.4219743,-24.1876233],[-48.4343416,-24.1885823],[-48.4495567,-24.2157803],[-48.4492478,-24.2291866],[-48.4381271,-24.2258481],[-48.4414042,-24.2450278],[-48.4311233,-24.2637477],[-48.4520127,-24.2633412],[-48.4588889,-24.2526233],[-48.4646689,-24.2734285],[-48.452642,-24.2843329],[-48.4551246,-24.2949553],[-48.4961069,-24.2800942],[-48.5038386,-24.303127],[-48.5216281,-24.3089322],[-48.5232975,-24.3198429],[-48.5389071,-24.3177939],[-48.5583821,-24.2869575],[-48.6017192,-24.3337641],[-48.6450749,-24.3320392],[-48.6468534,-24.3224748],[-48.6318232,-24.3014977],[-48.6329033,-24.2912698],[-48.6472234,-24.2804567],[-48.6379262,-24.2471086],[-48.6504466,-24.2375014],[-48.6261715,-24.199723],[-48.6358786,-24.1859045],[-48.6337979,-24.1732827],[-48.6700895,-24.1555679],[-48.6584165,-24.1334448],[-48.6462063,-24.1171963],[-48.5906042,-24.0889286],[-48.5765912,-24.0958772],[-48.5657737,-24.0915382],[-48.516158,-24.1397708]]]}},{"type":"Feature","properties":{"level":"municipio","municipality_code":"3517505","municipality_name":"Guapiaçu","uf":"SP","state_code":"35","area_km2":325.126},"geometry":{"type":"Polygon","coordinates":[[[-49.2088969,-20.6684988],[-49.1787636,-20.6619769],[-49.1762689,-20.6476302],[-49.1558156,-20.6345766],[-49.1306514,-20.5945815],[-49.1219159,-20.59661],[-49.1243166,-20.6231667],[-49.1160095,-20.6244565],[-49.1249544,-20.6380795],[-49.1065712,-20.6516453],[-49.1300193,-20.6582417],[-49.1214414,-20.6668242],[-49.1296865,-20.6746685],[-49.1210766,-20.6835845],[-49.1263923,-20.7267413],[-49.1183337,-20.739841],[-49.099213,-20.7477847],[-49.0952222,-20.7664526],[-49.1052536,-20.7796619],[-49.0958257,-20.7880921],[-49.1046622,-20.8020017],[-49.1418226,-20.8248053],[-49.1635532,-20.8240731],[-49.1769312,-20.8148192],[-49.1969901,-20.82527],[-49.2068711,-20.840309],[-49.257167,-20.851153],[-49.272863,-20.832797],[-49.264749,-20.819193],[-49.283146,-20.763095],[-49.272922,-20.730416],[-49.272919,-20.685229],[-49.2239596,-20.6799772],[-49.2088969,-20.6684988]]]}},{"type":"Feature","properties":{"level":"municipio","municipality_code":"3517901","municipality_name":"Guaraci","uf":"SP","state_code":"35","area_km2":641.501},"geometry":{"type":"Polygon","coordinates":[[[-48.8844679,-20.4498978],[-48.8944413,-20.4621046],[-48.8872626,-20.4902999],[-48.8674821,-20.5110065],[-48.8673646,-20.531224],[-48.8522336,-20.544795],[-48.885311,-20.5460647],[-48.8885381,-20.554078],[-48.9491772,-20.5712437],[-48.9587458,-20.5759698],[-48.9631736,-20.5915356],[-49.0061342,-20.5788738],[-49.015375,-20.5690916],[-49.0137375,-20.5588761],[-49.0232957,-20.5515169],[-49.0090162,-20.546161],[-49.0045438,-20.5254355],[-49.0110364,-20.5117507],[-49.0302444,-20.502062],[-49.0496606,-20.4603486],[-49.0745675,-20.4514997],[-49.0887684,-20.4632268],[-49.0802048,-20.4290872],[-49.0889594,-20.4189813],[-49.081414,-20.4084565],[-49.0755167,-20.3560444],[-49.090346,-20.3381512],[-49.0936309,-20.2895556],[-49.1207187,-20.2705282],[-49.0648389,-20.1526071],[-49.0244734,-20.1511496],[-48.9840956,-20.1737217],[-48.9617858,-20.2633012],[-48.9703528,-20.3897905],[-48.9630303,-20.4031215],[-48.8998625,-20.4413362],[-48.8864579,-20.4368891],[-48.8844679,-20.4498978]]]}},{"type":"Feature","properties":{"level":"municipio","municipality_code":"3518008","municipality_name":"Guarani d'Oeste","uf":"SP","state_code":"35","area_km2":85.7},"geometry":{"type":"Polygon","coordinates":[[[-50.3815625,-20.0577258],[-50.3626265,-20.0320575],[-50.3315983,-20.0358716],[-50.2955018,-20.0173788],[-50.2840434,-20.0250825],[-50.2865437,-20.0681538],[-50.3280181,-20.1053636],[-50.3889646,-20.1060313],[-50.4034702,-20.0934115],[-50.4229174,-20.0545298],[-50.3815625,-20.0577258]]]}},{"type":"Feature","properties":{"level":"municipio","municipality_code":"3518107","municipality_name":"Guarantã","uf":"SP","state_code":"35","area_km2":461.746},"geometry":{"type":"Polygon","coordinates":[[[-49.4161127,-21.7962479],[-49.4126426,-21.8200692],[-49.4029041,-21.8261249],[-49.4048996,-21.8441923],[-49.4535654,-21.8888626],[-49.4687924,-21.8918863],[-49.4863713,-21.9121934],[-49.5039595,-21.9180037],[-49.5105152,-21.9317321],[-49.5225184,-21.93376],[-49.5397612,-21.972208],[-49.5413712,-22.0046046],[-49.5487949,-22.0096124],[-49.5728496,-21.9937811],[-49.5722595,-21.9739931],[-49.6152055,-21.9919868],[-49.6135405,-22.007782],[-49.6216556,-22.0019271],[-49.641548,-22.0132964],[-49.6554751,-22.0095707],[-49.6808226,-22.0325431],[-49.6908732,-22.0311381],[-49.7023596,-22.0477228],[-49.7383911,-22.0284311],[-49.7356341,-22.0169312],[-49.7564551,-22.0082146],[-49.7369493,-21.9696978],[-49.7398208,-21.9488856],[-49.7217048,-21.9208748],[-49.6991448,-21.9094494],[-49.7020103,-21.9010038],[-49.6507314,-21.8551375],[-49.6398513,-21.8502947],[-49.636021,-21.8602682],[-49.6051687,-21.8708162],[-49.5656454,-21.8316157],[-49.5462216,-21.8564799],[-49.5272821,-21.8527793],[-49.5257339,-21.8375636],[-49.4924581,-21.8209397],[-49.4885696,-21.807614],[-49.4594619,-21.7850821],[-49.4375621,-21.7871963],[-49.4313487,-21.7793582],[-49.4161127,-21.7962479]]]}},{"type":"Feature","properties":{"level":"municipio","municipality_code":"3518206","municipality_name":"Guararapes","uf":"SP","state_code":"35","area_km2":955.637},"geometry":{"type":"Polygon","coordinates":[[[-50.5772094,-21.2028836],[-50.544895,-21.2522224],[-50.5441445,-21.2708623],[-50.5885835,-21.3206579],[-50.6059062,-21.3598569],[-50.6015131,-21.4159396],[-50.618459,-21.4303486],[-50.6233213,-21.4552155],[-50.6394081,-21.4604224],[-50.6384383,-21.4724426],[-50.653046,-21.4819344],[-50.6547692,-21.5000146],[-50.6718505,-21.5018069],[-50.6812348,-21.5142744],[-50.6904947,-21.5118348],[-50.7063261,-21.5294062],[-50.7311086,-21.5295891],[-50.7406921,-21.5214953],[-50.764034,-21.5296481],[-50.7721317,-21.5374776],[-50.7668973,-21.543631],[-50.7827995,-21.5441032],[-50.7889013,-21.5588741],[-50.7988946,-21.555731],[-50.7974785,-21.5417269],[-50.8154294,-21.5640206],[-50.8221753,-21.5575645],[-50.8154091,-21.554272],[-50.81586,-21.5398865],[-50.8695237,-21.5250926],[-50.8726849,-21.5141699],[-50.8644437,-21.5088612],[-50.8721461,-21.481474],[-50.8385382,-21.4511701],[-50.7963779,-21.4404472],[-50.7594511,-21.3890124],[-50.7156975,-21.3769718],[-50.7179998,-21.3524498],[-50.6953438,-21.330033],[-50.6970239,-21.2567329],[-50.7225401,-21.2475103],[-50.753876,-21.2635876],[-50.7523661,-21.2463139],[-50.7412097,-21.2281708],[-50.7306024,-21.2246859],[-50.7304393,-21.2051678],[-50.7624474,-21.1868275],[-50.7950021,-21.1869626],[-50.7555759,-21.1360099],[-50.7669724,-21.1246164],[-50.7445607,-21.095656],[-50.7691884,-21.0872767],[-50.8022217,-21.0605571],[-50.7966596,-21.0404404],[-50.8046292,-21.0124737],[-50.7973048,-20.9852212],[-50.6869306,-21.0399997],[-50.6351073,-21.0452155],[-50.6389546,-21.0721017],[-50.6166046,-21.1060355],[-50.6228606,-21.1287812],[-50.5995844,-21.1333943],[-50.6029665,-21.1484418],[-50.5929855,-21.1543146],[-50.5954873,-21.1652142],[-50.5841024,-21.1807663],[-50.5709148,-21.1854155],[-50.5772094,-21.2028836]]]}},{"type":"Feature","properties":{"level":"municipio","municipality_code":"3518305","municipality_name":"Guararema","uf":"SP","state_code":"35","area_km2":270.816},"geometry":{"type":"Polygon","coordinates":[[[-46.059124,-23.465033],[-46.077948,-23.451014],[-46.105605,-23.455379],[-46.114266,-23.438407],[-46.139665,-23.440398],[-46.155113,-23.426479],[-46.142089,-23.415327],[-46.160501,-23.388275],[-46.152938,-23.367471],[-46.1577605,-23.3422735],[-46.112702,-23.309724],[-46.098649,-23.309239],[-46.098993,-23.326004],[-46.0737088,-23.3421546],[-46.0367249,-23.3881477],[-46.0014247,-23.3861069],[-45.9911867,-23.4175201],[-45.9670468,-23.4273669],[-45.9518646,-23.4513502],[-45.9569044,-23.4686072],[-45.9684528,-23.4760744],[-45.9560032,-23.4941484],[-45.9752,-23.503456],[-45.984109,-23.518017],[-46.021209,-23.531197],[-46.034431,-23.525504],[-46.041134,-23.53832],[-46.056636,-23.542171],[-46.076083,-23.533797],[-46.071402,-23.522987],[-46.078371,-23.512804],[-46.066335,-23.507419],[-46.063957,-23.493089],[-46.051108,-23.488759],[-46.059124,-23.465033]]]}},{"type":"Feature","properties":{"level":"municipio","municipality_code":"3518404","municipality_name":"Guaratinguetá","uf":"SP","state_code":"35","area_km2":752.636},"geometry":{"type":"Polygon","coordinates":[[[-45.2119616,-22.8310505],[-45.2136719,-22.8098638],[-45.2374557,-22.8243058],[-45.256607,-22.8162504],[-45.2693509,-22.8262115],[-45.2943634,-22.8282311],[-45.3021338,-22.8208741],[-45.2979396,-22.8056489],[-45.3115484,-22.7970679],[-45.3292728,-22.7969421],[-45.3502959,-22.7851141],[-45.398779,-22.7820132],[-45.4056226,-22.7663886],[-45.3984207,-22.7450805],[-45.4216023,-22.7310443],[-45.4270983,-22.7124763],[-45.4403259,-22.7112274],[-45.4388114,-22.7026569],[-45.4265237,-22.6940137],[-45.4219558,-22.6780261],[-45.4027604,-22.6659045],[-45.3999859,-22.6536803],[-45.3173271,-22.6143246],[-45.2758652,-22.6169584],[-45.2691051,-22.6114457],[-45.2533485,-22.6320369],[-45.2290442,-22.6396102],[-45.2237969,-22.6533443],[-45.2106851,-22.6514025],[-45.203713,-22.6557833],[-45.2057384,-22.6651473],[-45.1894957,-22.6675548],[-45.206498,-22.6893814],[-45.1796516,-22.6911764],[-45.1794676,-22.7121081],[-45.1450489,-22.7427487],[-45.157874,-22.7622078],[-45.1358318,-22.771683],[-45.1319486,-22.8203308],[-45.1185904,-22.8388258],[-45.1115906,-22.8680328],[-45.0804075,-22.8871498],[-45.0612999,-22.8749869],[-45.0621545,-22.8912251],[-45.0441894,-22.8976438],[-45.029681,-22.9185075],[-45.0413157,-22.9331637],[-45.0630588,-22.9293811],[-45.0560922,-22.9384956],[-45.0612202,-22.9531748],[-45.0822025,-22.9645973],[-45.0941514,-22.9921056],[-45.101623,-22.9909609],[-45.1229283,-23.0150605],[-45.1299596,-23.0138356],[-45.1254263,-23.0063743],[-45.1332546,-22.9999083],[-45.1559512,-23.0154281],[-45.1644623,-23.0056631],[-45.1815581,-23.00831],[-45.1956021,-22.9984261],[-45.2346418,-23.0006314],[-45.2315219,-22.9922373],[-45.2120569,-22.9884823],[-45.1884215,-22.9698133],[-45.2022124,-22.9606518],[-45.1966926,-22.9450211],[-45.213189,-22.9373035],[-45.2083235,-22.8647409],[-45.1996629,-22.8522262],[-45.2002188,-22.8410807],[-45.2119616,-22.8310505]]]}},{"type":"Feature","properties":{"level":"municipio","municipality_code":"3517802","municipality_name":"Guaraçaí","uf":"SP","state_code":"35","area_km2":569.197},"geometry":{"type":"Polygon","coordinates":[[[-51.2378746,-20.9832802],[-51.221216,-20.9744601],[-51.2255425,-20.9617271],[-51.1981649,-20.9501956],[-51.2164507,-20.9012816],[-51.2345867,-20.8854647],[-51.2393407,-20.8533978],[-51.2255142,-20.8490162],[-51.2130617,-20.8619931],[-51.1884875,-20.8640263],[-51.1787789,-20.8536588],[-51.1429699,-20.8545292],[-51.1367221,-20.9240374],[-51.1207307,-20.9526857],[-51.1157475,-20.9824339],[-51.122323,-21.0095112],[-51.142863,-21.0428725],[-51.1681101,-21.0409015],[-51.170958,-21.0556279],[-51.2071406,-21.0932504],[-51.2316728,-21.0921314],[-51.2496879,-21.1052077],[-51.2712662,-21.1538361],[-51.3067206,-21.1719326],[-51.3112023,-21.2447931],[-51.329566,-21.279096],[-51.328833,-21.292511],[-51.3853483,-21.2843565],[-51.4017045,-21.272551],[-51.3994479,-21.2669321],[-51.4309863,-21.2548491],[-51.4353074,-21.2457343],[-51.4855079,-21.2325272],[-51.4778468,-21.2068896],[-51.4539255,-21.1862342],[-51.4221415,-21.1733795],[-51.4066892,-21.1362998],[-51.390238,-21.1339635],[-51.3754797,-21.1162157],[-51.3366331,-21.106675],[-51.3308177,-21.1118964],[-51.3232882,-21.0607951],[-51.2985646,-21.0409752],[-51.2662829,-21.0412601],[-51.2377474,-21.0018987],[-51.2378746,-20.9832802]]]}},{"type":"Feature","properties":{"level":"municipio","municipality_code":"3518503","municipality_name":"Guareí","uf":"SP","state_code":"35","area_km2":567.884},"geometry":{"type":"Polygon","coordinates":[[[-48.1767099,-23.4945115],[-48.2170816,-23.483149],[-48.2265562,-23.4716001],[-48.2450339,-23.4781896],[-48.2515472,-23.468827],[-48.2647433,-23.4683959],[-48.2675277,-23.4498659],[-48.2943403,-23.4453108],[-48.3018239,-23.4156822],[-48.3222862,-23.4231512],[-48.3282757,-23.433482],[-48.3328778,-23.4233266],[-48.3704955,-23.4079701],[-48.3559852,-23.3757243],[-48.368016,-23.3443749],[-48.3870766,-23.3437545],[-48.3855414,-23.3307313],[-48.3795024,-23.315111],[-48.3590546,-23.3022741],[-48.3644683,-23.2923248],[-48.334974,-23.2836117],[-48.3421175,-23.2700008],[-48.2981255,-23.2580386],[-48.2769071,-23.2653484],[-48.2732662,-23.2884141],[-48.2608464,-23.2772423],[-48.2414317,-23.2802347],[-48.2376174,-23.2905482],[-48.2112434,-23.3031629],[-48.1590957,-23.2605164],[-48.140752,-23.2658645],[-48.1390876,-23.2834582],[-48.1093752,-23.3025509],[-48.1026184,-23.3212978],[-48.0918755,-23.318839],[-48.0812746,-23.3273488],[-48.0808222,-23.345883],[-48.0917882,-23.3550616],[-48.08274,-23.3733607],[-48.052993,-23.3894322],[-48.0487524,-23.4242918],[-48.0782462,-23.4187925],[-48.0871313,-23.4368713],[-48.1182965,-23.4587418],[-48.1513018,-23.4662227],[-48.1679488,-23.4772022],[-48.1677423,-23.4893642],[-48.1767099,-23.4945115]]]}},{"type":"Feature","properties":{"level":"municipio","municipality_code":"3518602","municipality_name":"Guariba","uf":"SP","state_code":"35","area_km2":270.289},"geometry":{"type":"Polygon","coordinates":[[[-48.3368415,-21.426663],[-48.3358396,-21.3852449],[-48.3175487,-21.3651227],[-48.274151,-21.3533284],[-48.2644808,-21.3313876],[-48.2672766,-21.3164508],[-48.2454668,-21.3304227],[-48.228256,-21.3248782],[-48.2099849,-21.3352288],[-48.1755489,-21.3143327],[-48.1581513,-21.3127971],[-48.1414843,-21.3175586],[-48.1464075,-21.3679835],[-48.1122125,-21.4252575],[-48.1238579,-21.4367549],[-48.143567,-21.4266229],[-48.1778485,-21.4375725],[-48.197954,-21.4649606],[-48.2825552,-21.4812972],[-48.2862354,-21.4365476],[-48.3368415,-21.426663]]]}},{"type":"Feature","properties":{"level":"municipio","municipality_code":"3518701","municipality_name":"Guarujá","uf":"SP","state_code":"35","area_km2":144.794},"geometry":{"type":"MultiPolygon","coordinates":[[[[-46.2707093,-24.0498975],[-46.2709548,-24.0496719],[-46.2704422,-24.0495454],[-46.2707093,-24.0498975]]],[[[-46.2628091,-24.0452908],[-46.2607518,-24.0524412],[-46.2673653,-24.0501582],[-46.2628091,-24.0452908]]],[[[-46.2943778,-24.0282624],[-46.2945934,-24.0275746],[-46.2939869,-24.0277565],[-46.2943778,-24.0282624]]],[[[-46.2926583,-24.0245529],[-46.2928883,-24.026054],[-46.2936605,-24.0257659],[-46.2926583,-24.0245529]]],[[[-46.2165306,-24.0075869],[-46.2177405,-24.0102714],[-46.2195153,-24.010544],[-46.2165306,-24.0075869]]],[[[-46.3249251,-24.0080305],[-46.3241577,-24.0093889],[-46.3254115,-24.0093892],[-46.3249251,-24.0080305]]],[[[-46.2550544,-24.0009019],[-46.2536253,-24.0026839],[-46.2559402,-24.0012206],[-46.2550544,-24.0009019]]],[[[-46.1789888,-23.9245326],[-46.1783541,-23.9390277],[-46.1604111,-23.9455243],[-46.1847043,-23.9653793],[-46.1872474,-23.9774306],[-46.1822429,-23.9910863],[-46.2024904,-24.0006075],[-46.2119003,-23.9864078],[-46.2473976,-23.9938581],[-46.265198,-24.0040519],[-46.2629812,-24.014077],[-46.2792133,-24.0213093],[-46.2780003,-24.036068],[-46.2874883,-24.0450631],[-46.2840787,-24.0264748],[-46.2949655,-24.0159868],[-46.3111804,-24.0286648],[-46.3133749,-24.0206185],[-46.3242508,-24.0224582],[-46.3211965,-23.9987904],[-46.289344,-23.982412],[-46.308479,-23.94931],[-46.309097,-23.922054],[-46.278726,-23.916677],[-46.245477,-23.925047],[-46.226956,-23.909985],[-46.207565,-23.915541],[-46.153104,-23.861314],[-46.1253487,-23.8571702],[-46.1391785,-23.8746041],[-46.1382363,-23.8902587],[-46.1514537,-23.8986813],[-46.146184,-23.9057866],[-46.160651,-23.9065103],[-46.1789888,-23.9245326]]],[[[-46.1829362,-23.9714717],[-46.1813568,-23.9753375],[-46.1842285,-23.975038],[-46.1829362,-23.9714717]]],[[[-46.1760549,-23.9702157],[-46.1765362,-23.9698408],[-46.1759319,-23.9696802],[-46.1760549,-23.9702157]]],[[[-46.1678292,-23.9663575],[-46.1658342,-23.9674094],[-46.1680772,-23.9677736],[-46.1678292,-23.9663575]]],[[[-46.1699521,-23.9270573],[-46.1702053,-23.9279231],[-46.1705317,-23.9277543],[-46.1699521,-23.9270573]]],[[[-46.1673717,-23.9147882],[-46.1681107,-23.915898],[-46.1683286,-23.9148052],[-46.1673717,-23.9147882]]],[[[-46.1359179,-23.8918529],[-46.136801,-23.8933559],[-46.1375976,-23.8923795],[-46.1359179,-23.8918529]]],[[[-46.1292024,-23.8838367],[-46.1301532,-23.8848305],[-46.1303912,-23.8848663],[-46.1292024,-23.8838367]]],[[[-46.1339,-23.8712628],[-46.1358272,-23.8727248],[-46.1359858,-23.8724223],[-46.1339,-23.8712628]]]]}},{"type":"Feature","properties":{"level":"municipio","municipality_code":"3518800","municipality_name":"Guarulhos","uf":"SP","state_code":"35","area_km2":318.675},"geometry":{"type":"Polygon","coordinates":[[[-46.396977,-23.446164],[-46.388195,-23.482182],[-46.405868,-23.486005],[-46.410724,-23.470372],[-46.460472,-23.483031],[-46.503384,-23.477324],[-46.55547,-23.510097],[-46.570683,-23.456841],[-46.566716,-23.415603],[-46.556436,-23.409589],[-46.53645,-23.363857],[-46.4959434,-23.3482262],[-46.480521,-23.362241],[-46.445,-23.358715],[-46.444303,-23.340828],[-46.431663,-23.335425],[-46.399971,-23.288779],[-46.364623,-23.273837],[-46.356241,-23.289015],[-46.356853,-23.321526],[-46.336179,-23.334174],[-46.372129,-23.367661],[-46.368581,-23.394221],[-46.377608,-23.401729],[-46.358668,-23.437929],[-46.3827487,-23.43313],[-46.3881219,-23.4377908],[-46.3835979,-23.4445278],[-46.396977,-23.446164]]]}},{"type":"Feature","properties":{"level":"municipio","municipality_code":"3517703","municipality_name":"Guará","uf":"SP","state_code":"35","area_km2":362.183},"geometry":{"type":"Polygon","coordinates":[[[-47.8569119,-20.4883516],[-47.8752919,-20.4661344],[-47.8924552,-20.4693745],[-47.8759986,-20.4538778],[-47.8809794,-20.4353004],[-47.898477,-20.43987],[-47.9294567,-20.4319398],[-47.9319348,-20.4244539],[-47.9078581,-20.4136333],[-47.8875581,-20.3889395],[-47.8066649,-20.3888744],[-47.7899157,-20.4049545],[-47.7716122,-20.4068062],[-47.7698647,-20.4182639],[-47.735415,-20.4399075],[-47.6983046,-20.4547722],[-47.6373963,-20.4654223],[-47.6266206,-20.4803572],[-47.6421184,-20.4889579],[-47.6472535,-20.5186087],[-47.6920411,-20.543174],[-47.6928348,-20.5565457],[-47.7125432,-20.5591981],[-47.7392903,-20.5950136],[-47.7648789,-20.5979764],[-47.767769,-20.5822152],[-47.7882684,-20.5818049],[-47.7806047,-20.5650012],[-47.7960671,-20.5684641],[-47.7938389,-20.5471965],[-47.8099471,-20.5427178],[-47.8198658,-20.5534154],[-47.8200518,-20.5457151],[-47.8369843,-20.5371765],[-47.8288326,-20.5230217],[-47.858289,-20.5113178],[-47.8644202,-20.4972099],[-47.8569119,-20.4883516]]]}},{"type":"Feature","properties":{"level":"municipio","municipality_code":"3518859","municipality_name":"Guatapará","uf":"SP","state_code":"35","area_km2":413.567},"geometry":{"type":"Polygon","coordinates":[[[-47.8898535,-21.4921059],[-47.891067,-21.5143989],[-47.9048615,-21.5365082],[-47.9208881,-21.5448739],[-47.9271768,-21.5759673],[-47.9387645,-21.5800743],[-47.9371093,-21.5928459],[-47.9459342,-21.5917621],[-47.9414405,-21.5977962],[-47.9551815,-21.5905472],[-47.964246,-21.5982622],[-47.9824212,-21.5866129],[-47.9895908,-21.5960779],[-47.9931853,-21.579839],[-48.0003176,-21.5808476],[-47.9891022,-21.5770982],[-47.9909643,-21.5656661],[-48.0091346,-21.5598889],[-48.012026,-21.5331746],[-48.027869,-21.5388054],[-48.0331044,-21.5266131],[-48.0283103,-21.5135427],[-48.0422279,-21.5156526],[-48.0386583,-21.5046247],[-48.0519956,-21.4995637],[-48.0444692,-21.4940867],[-48.055355,-21.489226],[-48.057302,-21.475272],[-48.07427,-21.4792385],[-48.0850397,-21.4687248],[-48.0820824,-21.4615721],[-48.1030204,-21.453482],[-48.1089469,-21.4293382],[-48.0502238,-21.3888979],[-48.044557,-21.4178204],[-48.0341722,-21.3971792],[-48.0152589,-21.3821344],[-48.0299092,-21.3796955],[-48.032294,-21.3661409],[-48.022946,-21.333338],[-47.99466,-21.3047],[-47.976129,-21.325709],[-47.966862,-21.32516],[-47.962251,-21.342171],[-47.944754,-21.34457],[-47.939989,-21.358694],[-47.914084,-21.359229],[-47.895,-21.379911],[-47.894577,-21.439601],[-47.9023547,-21.4606676],[-47.8898535,-21.4921059]]]}},{"type":"Feature","properties":{"level":"municipio","municipality_code":"3517406","municipality_name":"Guaíra","uf":"SP","state_code":"35","area_km2":1258.465},"geometry":{"type":"Polygon","coordinates":[[[-48.1497374,-20.2914492],[-48.1899021,-20.3419203],[-48.1788338,-20.3900236],[-48.2117654,-20.4572023],[-48.2280766,-20.4499409],[-48.2388253,-20.461016],[-48.278717,-20.4688596],[-48.2932207,-20.5142782],[-48.318734,-20.5186594],[-48.3263375,-20.5324445],[-48.3441604,-20.5219184],[-48.3690298,-20.5275732],[-48.3715427,-20.5462323],[-48.4090774,-20.5216872],[-48.4208394,-20.4934448],[-48.4779052,-20.4280815],[-48.4861443,-20.3892434],[-48.4821857,-20.3473907],[-48.5061163,-20.3225059],[-48.5066712,-20.2748234],[-48.5206603,-20.2445518],[-48.5649463,-20.2179664],[-48.5971217,-20.1717112],[-48.6130939,-20.167418],[-48.6360726,-20.1744389],[-48.6469257,-20.1670007],[-48.5782332,-20.131249],[-48.5002501,-20.1390285],[-48.4516159,-20.1258737],[-48.424598,-20.1536552],[-48.4170868,-20.1414984],[-48.4077432,-20.1500889],[-48.3899434,-20.1340202],[-48.3950289,-20.1614186],[-48.3877221,-20.1515479],[-48.3629551,-20.1480457],[-48.3640416,-20.1595745],[-48.376444,-20.1652695],[-48.3601773,-20.1675796],[-48.3446017,-20.1864626],[-48.3246687,-20.1719474],[-48.3252923,-20.1583213],[-48.3100484,-20.1543982],[-48.3166948,-20.1882842],[-48.3073756,-20.2006264],[-48.276683,-20.2072328],[-48.2722154,-20.2178805],[-48.2612184,-20.1946602],[-48.2293975,-20.1985339],[-48.2279842,-20.2141494],[-48.2421375,-20.2288019],[-48.2046322,-20.217914],[-48.1558954,-20.235707],[-48.1582057,-20.2491756],[-48.1459855,-20.2614187],[-48.1583859,-20.2724641],[-48.1494663,-20.2795408],[-48.1497374,-20.2914492]]]}},{"type":"Feature","properties":{"level":"municipio","municipality_code":"3518909","municipality_name":"Guzolândia","uf":"SP","state_code":"35","area_km2":252.477},"geometry":{"type":"Polygon","coordinates":[[[-50.7509704,-20.6815601],[-50.7719719,-20.6828815],[-50.7793672,-20.6718742],[-50.8011407,-20.6703431],[-50.8022001,-20.6025612],[-50.7661838,-20.6247791],[-50.7616334,-20.5762113],[-50.7728472,-20.5544419],[-50.768651,-20.5447403],[-50.766991,-20.5531675],[-50.7559481,-20.5484191],[-50.7543543,-20.5390411],[-50.7388169,-20.5449381],[-50.724993,-20.5268534],[-50.7057002,-20.5344483],[-50.6958283,-20.528871],[-50.6918448,-20.5385118],[-50.6898956,-20.5241042],[-50.6834746,-20.5242805],[-50.6771751,-20.5696234],[-50.6549503,-20.6087226],[-50.6300639,-20.6267342],[-50.6189903,-20.6648102],[-50.6641572,-20.7057011],[-50.7216078,-20.7065818],[-50.7438936,-20.7218918],[-50.7530562,-20.7059987],[-50.7509704,-20.6815601]]]}},{"type":"Feature","properties":{"level":"municipio","municipality_code":"3516606","municipality_name":"Gália","uf":"SP","state_code":"35","area_km2":355.914},"geometry":{"type":"Polygon","coordinates":[[[-49.6579927,-22.2741829],[-49.5569777,-22.2224848],[-49.5453703,-22.195461],[-49.5300379,-22.1815931],[-49.5229568,-22.1836064],[-49.5110853,-22.1897261],[-49.4952087,-22.2304337],[-49.4656232,-22.2449548],[-49.4589811,-22.2410729],[-49.4366993,-22.2706077],[-49.4409049,-22.3030964],[-49.4230649,-22.2934943],[-49.4282354,-22.3105353],[-49.4591806,-22.3374586],[-49.4961124,-22.3098707],[-49.5053086,-22.3191891],[-49.5366552,-22.3208964],[-49.5455619,-22.3301653],[-49.5709398,-22.3245972],[-49.5846991,-22.3640695],[-49.6003582,-22.3685636],[-49.6089934,-22.3919894],[-49.6023317,-22.414923],[-49.6190142,-22.4250811],[-49.5961621,-22.4593829],[-49.6285118,-22.4691534],[-49.6463794,-22.4366403],[-49.6655134,-22.4637654],[-49.6827544,-22.4665079],[-49.7040356,-22.4434028],[-49.7026251,-22.4235048],[-49.7289953,-22.37656],[-49.7198502,-22.3830441],[-49.6901921,-22.3720268],[-49.6515373,-22.37054],[-49.6311775,-22.3141449],[-49.6579927,-22.2741829]]]}},{"type":"Feature","properties":{"level":"municipio","municipality_code":"3519006","municipality_name":"Herculândia","uf":"SP","state_code":"35","area_km2":364.252},"geometry":{"type":"Polygon","coordinates":[[[-50.309243,-21.977928],[-50.3096304,-22.0031007],[-50.3431647,-22.0151155],[-50.3460178,-22.0693183],[-50.3745561,-22.0638055],[-50.408516,-22.0812152],[-50.4725569,-22.0754391],[-50.4817556,-22.0816839],[-50.4912817,-22.0646086],[-50.511966,-22.0594098],[-50.4872754,-22.0487356],[-50.5049196,-22.0231638],[-50.4978578,-22.0137961],[-50.4241479,-21.9847224],[-50.425657,-21.9733597],[-50.4117635,-21.9555068],[-50.4105665,-21.928299],[-50.3930317,-21.9125176],[-50.3933588,-21.904495],[-50.4129128,-21.9006029],[-50.404605,-21.8594541],[-50.396301,-21.8527854],[-50.3606606,-21.8555975],[-50.3544523,-21.8443028],[-50.3621248,-21.8277149],[-50.3380386,-21.806518],[-50.3235473,-21.8252436],[-50.3207489,-21.8518455],[-50.3046133,-21.8584378],[-50.2704574,-21.8417445],[-50.2818191,-21.954684],[-50.309243,-21.977928]]]}},{"type":"Feature","properties":{"level":"municipio","municipality_code":"3519055","municipality_name":"Holambra","uf":"SP","state_code":"35","area_km2":65.577},"geometry":{"type":"Polygon","coordinates":[[[-47.0889542,-22.5871298],[-47.0497105,-22.5695212],[-47.043414,-22.5776004],[-47.0160464,-22.6572335],[-47.0411429,-22.6607393],[-47.0448423,-22.6476566],[-47.0557321,-22.6468639],[-47.0791313,-22.6774199],[-47.073858,-22.6803177],[-47.1034584,-22.6901196],[-47.1152702,-22.6548839],[-47.0923533,-22.6401163],[-47.0974205,-22.6353041],[-47.0894503,-22.6273614],[-47.091784,-22.6173615],[-47.0793679,-22.6108948],[-47.0889542,-22.5871298]]]}},{"type":"Feature","properties":{"level":"municipio","municipality_code":"3519071","municipality_name":"Hortolândia","uf":"SP","state_code":"35","area_km2":62.416},"geometry":{"type":"Polygon","coordinates":[[[-47.188713,-22.858666],[-47.157627,-22.861103],[-47.15711,-22.887326],[-47.179456,-22.912141],[-47.246767,-22.909478],[-47.260478,-22.895672],[-47.2607947,-22.878098],[-47.240132,-22.873583],[-47.235573,-22.857493],[-47.243684,-22.854267],[-47.233556,-22.826039],[-47.212931,-22.848357],[-47.204405,-22.841013],[-47.188713,-22.858666]]]}},{"type":"Feature","properties":{"level":"municipio","municipality_code":"3519105","municipality_name":"Iacanga","uf":"SP","state_code":"35","area_km2":547.393},"geometry":{"type":"Polygon","coordinates":[[[-48.9099169,-21.9461411],[-48.9320413,-21.9476351],[-48.9609755,-21.9632656],[-48.9663036,-21.9818156],[-48.998285,-22.0026013],[-49.010625,-22.0268858],[-49.0527803,-22.0041288],[-49.0702048,-22.018917],[-49.0820079,-22.0147924],[-49.1077179,-22.0234859],[-49.1360053,-22.0492825],[-49.1382905,-22.0317955],[-49.117649,-21.996754],[-49.1424789,-21.9480072],[-49.1233079,-21.9225356],[-49.1522598,-21.8565659],[-49.1511231,-21.828607],[-49.130732,-21.7778611],[-49.1073103,-21.763378],[-49.1045032,-21.7509994],[-49.0440737,-21.7742247],[-48.9801409,-21.7589615],[-48.9648739,-21.7625345],[-48.9619218,-21.7849945],[-48.9873472,-21.8133687],[-48.9898378,-21.8274305],[-48.969077,-21.8481691],[-48.9047933,-21.8700843],[-48.892171,-21.906657],[-48.9081144,-21.9179018],[-48.9030026,-21.933304],[-48.9099169,-21.9461411]]]}},{"type":"Feature","properties":{"level":"municipio","municipality_code":"3519204","municipality_name":"Iacri","uf":"SP","state_code":"35","area_km2":321.948},"geometry":{"type":"Polygon","coordinates":[[[-50.6949292,-21.8818428],[-50.7310349,-21.8879196],[-50.7370964,-21.8775597],[-50.7166384,-21.8544207],[-50.7064182,-21.8566481],[-50.7217547,-21.8035585],[-50.707175,-21.7742876],[-50.6932845,-21.7930457],[-50.6848574,-21.7898787],[-50.6810665,-21.776001],[-50.6349112,-21.7666428],[-50.6332993,-21.7313012],[-50.6095623,-21.6897254],[-50.6140726,-21.6567784],[-50.6007094,-21.6584425],[-50.5981688,-21.6723387],[-50.5705542,-21.6918729],[-50.5182682,-21.7072248],[-50.5119501,-21.7319909],[-50.5273493,-21.7572582],[-50.5374699,-21.8131851],[-50.5572756,-21.8318233],[-50.6077406,-21.850859],[-50.6058913,-21.8692742],[-50.616691,-21.8854527],[-50.6115642,-21.8965841],[-50.6279953,-21.9037219],[-50.6216738,-21.9187959],[-50.6648809,-21.9353071],[-50.6686433,-21.8948511],[-50.6862754,-21.8990157],[-50.6949292,-21.8818428]]]}},{"type":"Feature","properties":{"level":"municipio","municipality_code":"3519253","municipality_name":"Iaras","uf":"SP","state_code":"35","area_km2":401.381},"geometry":{"type":"Polygon","coordinates":[[[-49.173647,-22.7696506],[-49.1863189,-22.7367082],[-49.1829912,-22.7241776],[-49.1746879,-22.7303116],[-49.1655874,-22.7192941],[-49.1531701,-22.6852496],[-49.1332857,-22.6727838],[-49.1088666,-22.6758916],[-49.0953328,-22.6668908],[-49.0921799,-22.7056202],[-49.0569663,-22.7369058],[-49.0516305,-22.7556069],[-49.0304927,-22.7632265],[-49.0265899,-22.7719161],[-49.0232188,-22.7899767],[-49.0329404,-22.8309104],[-49.0137692,-22.8406242],[-48.9959917,-22.8192358],[-48.9832666,-22.840693],[-48.9969317,-22.8820281],[-49.008914,-22.8901108],[-49.0397513,-22.8831612],[-49.0503892,-22.9122445],[-49.0638128,-22.9188701],[-49.0946202,-22.9086048],[-49.0932461,-22.9248477],[-49.1174847,-22.9235724],[-49.1222223,-22.9424243],[-49.1495548,-22.9591739],[-49.1590199,-22.9426644],[-49.1739161,-22.9366765],[-49.167954,-22.9117368],[-49.1829197,-22.9068909],[-49.209761,-22.8716679],[-49.1845577,-22.8549032],[-49.1788195,-22.8399297],[-49.173647,-22.7696506]]]}},{"type":"Feature","properties":{"level":"municipio","municipality_code":"3519303","municipality_name":"Ibaté","uf":"SP","state_code":"35","area_km2":290.977},"geometry":{"type":"Polygon","coordinates":[[[-48.0683407,-21.9056275],[-48.0463936,-21.9050674],[-48.0373263,-21.8581726],[-48.013418,-21.8872518],[-47.9768547,-21.8691604],[-47.9922445,-21.8514875],[-47.9742225,-21.8374276],[-47.9688539,-21.8200079],[-47.9288018,-21.8453729],[-47.9242709,-21.8966301],[-47.9490154,-21.9083968],[-47.9411002,-21.9314404],[-47.9957571,-22.029911],[-48.0171329,-22.0368105],[-48.0467393,-22.024634],[-48.0729583,-22.0400867],[-48.0769641,-22.0546573],[-48.0936703,-22.0605753],[-48.100948,-22.0581468],[-48.101419,-22.0460581],[-48.1100694,-22.0467821],[-48.1167261,-22.0230174],[-48.1426102,-22.0059219],[-48.1659755,-21.9717893],[-48.1038519,-21.9517985],[-48.0682974,-21.9525049],[-48.0607821,-21.9204644],[-48.0683407,-21.9056275]]]}},{"type":"Feature","properties":{"level":"municipio","municipality_code":"3519501","municipality_name":"Ibirarema","uf":"SP","state_code":"35","area_km2":228.23},"geometry":{"type":"Polygon","coordinates":[[[-50.0146615,-22.8137945],[-50.0371505,-22.8742074],[-50.0565577,-22.8932137],[-50.0528432,-22.9055146],[-50.0623872,-22.9236546],[-50.0928258,-22.9225047],[-50.1154098,-22.9397912],[-50.1330955,-22.9399447],[-50.1261688,-22.928614],[-50.134551,-22.9241822],[-50.1264995,-22.8791099],[-50.1353048,-22.8521535],[-50.1172681,-22.8339297],[-50.1198281,-22.8279588],[-50.1091789,-22.8245306],[-50.0989202,-22.7815439],[-50.1141468,-22.7738072],[-50.1189564,-22.7516629],[-50.1071117,-22.711517],[-50.1228911,-22.7152786],[-50.1088418,-22.6818845],[-50.0844161,-22.6878217],[-50.054137,-22.7204597],[-50.0379901,-22.7246209],[-50.0331489,-22.745705],[-50.0223771,-22.7469873],[-50.0209561,-22.7487351],[-50.0256842,-22.77657],[-50.0110148,-22.7820277],[-50.0047511,-22.812146],[-50.0146615,-22.8137945]]]}},{"type":"Feature","properties":{"level":"municipio","municipality_code":"3519402","municipality_name":"Ibirá","uf":"SP","state_code":"35","area_km2":271.912},"geometry":{"type":"Polygon","coordinates":[[[-49.1924514,-21.1381742],[-49.2110931,-21.1391874],[-49.2281464,-21.1243006],[-49.254823,-21.1349214],[-49.3162908,-21.1270715],[-49.3131102,-21.1005338],[-49.2923807,-21.093543],[-49.2895674,-21.0799135],[-49.3141188,-21.0166095],[-49.3022328,-21.0075372],[-49.2827298,-21.0175995],[-49.27497,-21.0065756],[-49.272946,-20.9691201],[-49.2575229,-20.9585181],[-49.2420022,-20.9615914],[-49.2134672,-20.9851198],[-49.211962,-21.0018433],[-49.1910187,-21.0153481],[-49.1731925,-21.0518601],[-49.1490028,-21.0772698],[-49.1312475,-21.0704585],[-49.1194959,-21.0814284],[-49.1231293,-21.1363933],[-49.1366446,-21.134791],[-49.1329207,-21.1559848],[-49.1479841,-21.1668715],[-49.1533103,-21.1846936],[-49.1789107,-21.1749201],[-49.1924514,-21.1381742]]]}},{"type":"Feature","properties":{"level":"municipio","municipality_code":"3519600","municipality_name":"Ibitinga","uf":"SP","state_code":"35","area_km2":689.391},"geometry":{"type":"Polygon","coordinates":[[[-48.7516648,-21.7662343],[-48.7406789,-21.7756241],[-48.7084887,-21.7810545],[-48.7280972,-21.8034464],[-48.7269291,-21.8119759],[-48.7133408,-21.8151774],[-48.7133844,-21.825045],[-48.6972139,-21.8351549],[-48.6959236,-21.8298893],[-48.6871446,-21.8366451],[-48.6833772,-21.8353889],[-48.6876765,-21.834734],[-48.684386,-21.8287651],[-48.6733696,-21.8361505],[-48.6697275,-21.8315935],[-48.6578648,-21.8446372],[-48.6428971,-21.9057488],[-48.6627042,-21.9219544],[-48.6805025,-21.9273254],[-48.6884491,-21.9126172],[-48.7210009,-21.90884],[-48.726689,-21.8909989],[-48.7547117,-21.883805],[-48.7857551,-21.896408],[-48.8306142,-21.8904202],[-48.8479384,-21.9098748],[-48.879157,-21.9208652],[-48.9079893,-21.8663141],[-48.969077,-21.8481691],[-48.9878402,-21.8320343],[-48.9884971,-21.815411],[-48.9619218,-21.7849945],[-48.9648739,-21.7625345],[-48.9801409,-21.7589615],[-49.0428674,-21.7743076],[-49.084027,-21.7555948],[-49.0723378,-21.7439706],[-49.0522576,-21.7416504],[-49.0637249,-21.7316888],[-49.0444837,-21.7297982],[-49.0336641,-21.7130463],[-49.0182807,-21.7137964],[-48.9999093,-21.691584],[-48.9915735,-21.7015327],[-48.9609479,-21.701274],[-48.9453151,-21.6866202],[-48.938791,-21.6955932],[-48.9355928,-21.6870054],[-48.9148218,-21.681311],[-48.9119299,-21.6681],[-48.8994115,-21.670587],[-48.8985747,-21.6566466],[-48.8863762,-21.6598107],[-48.8774551,-21.6512322],[-48.8385335,-21.6730406],[-48.8042463,-21.7157437],[-48.7938953,-21.7157638],[-48.7757694,-21.6982778],[-48.7578921,-21.6993614],[-48.7515219,-21.6878663],[-48.7286433,-21.6849402],[-48.7407847,-21.6971983],[-48.7392836,-21.7535711],[-48.7516648,-21.7662343]]]}},{"type":"Feature","properties":{"level":"municipio","municipality_code":"3519709","municipality_name":"Ibiúna","uf":"SP","state_code":"35","area_km2":1058.082},"geometry":{"type":"Polygon","coordinates":[[[-47.0475216,-23.7347033],[-47.0332567,-23.7374606],[-47.0335325,-23.7674574],[-47.019268,-23.788647],[-47.000501,-23.801683],[-46.985566,-23.800642],[-46.986368,-23.808267],[-47.015122,-23.814487],[-47.012608,-23.830741],[-47.028693,-23.846215],[-47.038526,-23.835291],[-47.0511035,-23.844187],[-47.066045,-23.8379674],[-47.0659032,-23.8434899],[-47.1029705,-23.8488482],[-47.1172621,-23.8411486],[-47.1323181,-23.8694218],[-47.1272993,-23.876592],[-47.1396797,-23.8899273],[-47.1349254,-23.8943573],[-47.1442635,-23.9014422],[-47.1384953,-23.9049422],[-47.1561578,-23.9212582],[-47.1600035,-23.9355852],[-47.1757494,-23.9318069],[-47.1794427,-23.9373471],[-47.1913352,-23.9280988],[-47.1889898,-23.9395908],[-47.2004468,-23.9391512],[-47.19373,-23.9534207],[-47.2085219,-23.964861],[-47.1939578,-23.974705],[-47.1887141,-23.9910786],[-47.1999532,-24.000595],[-47.2535274,-24.0240792],[-47.2529308,-24.0083335],[-47.2604788,-24.0053252],[-47.2605642,-24.0140345],[-47.2711073,-24.0175483],[-47.2859021,-24.0142126],[-47.2860255,-24.006392],[-47.3103628,-24.0089812],[-47.3163907,-24.017053],[-47.3402707,-24.0131369],[-47.3552069,-24.0217858],[-47.3629032,-24.0068191],[-47.3726127,-24.0088245],[-47.3708733,-23.996719],[-47.3859609,-23.9954096],[-47.3846068,-23.9647525],[-47.3752958,-23.9560946],[-47.3777735,-23.9405938],[-47.3648566,-23.9139585],[-47.3767213,-23.9047522],[-47.371346,-23.8876915],[-47.3315908,-23.8625336],[-47.297267,-23.8539582],[-47.2915442,-23.8411679],[-47.2489765,-23.827723],[-47.2745524,-23.8178344],[-47.2811089,-23.8046032],[-47.3011517,-23.8075824],[-47.3170324,-23.7928084],[-47.3016051,-23.7872773],[-47.3048216,-23.7634112],[-47.2976236,-23.749211],[-47.3111095,-23.7318958],[-47.3210769,-23.7303095],[-47.3276956,-23.7117128],[-47.3401838,-23.7119614],[-47.3484606,-23.7008517],[-47.3572596,-23.6547397],[-47.3687753,-23.637355],[-47.3590399,-23.6224566],[-47.3360032,-23.6112874],[-47.3266448,-23.6237332],[-47.3112706,-23.6223188],[-47.2968467,-23.6036544],[-47.2751796,-23.5970929],[-47.2698643,-23.6146927],[-47.194351,-23.619377],[-47.178822,-23.64117],[-47.138995,-23.639291],[-47.109128,-23.651683],[-47.09613,-23.643182],[-47.080586,-23.651969],[-47.084756,-23.667156],[-47.076095,-23.680692],[-47.0621606,-23.6824693],[-47.0624598,-23.708631],[-47.0475216,-23.7347033]]]}},{"type":"Feature","properties":{"level":"municipio","municipality_code":"3519808","municipality_name":"Icém","uf":"SP","state_code":"35","area_km2":362.355},"geometry":{"type":"Polygon","coordinates":[[[-49.2671084,-20.418777],[-49.2650533,-20.3917865],[-49.2717237,-20.3792685],[-49.2963451,-20.3810632],[-49.2708371,-20.345835],[-49.2964202,-20.336706],[-49.3097579,-20.3160727],[-49.2640191,-20.25691],[-49.2286682,-20.3033574],[-49.1835625,-20.3146598],[-49.1207187,-20.2705282],[-49.0936309,-20.2895556],[-49.090346,-20.3381512],[-49.0755167,-20.3560444],[-49.081414,-20.4084565],[-49.0889594,-20.4189813],[-49.0996057,-20.4160735],[-49.1110522,-20.4248452],[-49.1241873,-20.4581439],[-49.1435951,-20.4686887],[-49.1412853,-20.4553349],[-49.1527508,-20.4640196],[-49.165104,-20.4594558],[-49.1810907,-20.4756935],[-49.205054,-20.4668251],[-49.2196068,-20.4718949],[-49.2242464,-20.4560687],[-49.2409962,-20.4474916],[-49.226056,-20.4389524],[-49.2377526,-20.4296836],[-49.2219964,-20.4139954],[-49.250196,-20.4266361],[-49.2671084,-20.418777]]]}},{"type":"Feature","properties":{"level":"municipio","municipality_code":"3519907","municipality_name":"Iepê","uf":"SP","state_code":"35","area_km2":594.974},"geometry":{"type":"Polygon","coordinates":[[[-51.1617042,-22.6583146],[-51.1325813,-22.5991999],[-51.0999748,-22.4868676],[-51.0632784,-22.4737469],[-51.0184554,-22.4730809],[-51.0295164,-22.4819006],[-51.0317749,-22.5125071],[-51.012835,-22.5242039],[-50.9864859,-22.518517],[-50.9726726,-22.5455488],[-50.9826976,-22.5692766],[-50.9687367,-22.585387],[-50.9650196,-22.6249442],[-50.9482101,-22.6515618],[-50.9457808,-22.687067],[-50.9528099,-22.6953622],[-50.9338292,-22.7257952],[-50.9502113,-22.7551968],[-50.9617476,-22.7472775],[-50.964448,-22.7709183],[-50.9674777,-22.7643678],[-50.9802536,-22.7673729],[-50.9786781,-22.7826098],[-51.0055486,-22.7938214],[-51.057615,-22.7660571],[-51.1495821,-22.7550537],[-51.1870158,-22.7298921],[-51.2137375,-22.7236675],[-51.2123005,-22.7140614],[-51.1940292,-22.7080039],[-51.1822021,-22.6927467],[-51.1800637,-22.6755737],[-51.1617042,-22.6583146]]]}},{"type":"Feature","properties":{"level":"municipio","municipality_code":"3520103","municipality_name":"Igarapava","uf":"SP","state_code":"35","area_km2":468.355},"geometry":{"type":"Polygon","coordinates":[[[-47.6681765,-20.1213686],[-47.6868863,-20.1399337],[-47.7128547,-20.1444695],[-47.7228653,-20.1562611],[-47.741642,-20.1517443],[-47.7501477,-20.1450564],[-47.7491267,-20.133759],[-47.7368394,-20.1295556],[-47.7379496,-20.1220607],[-47.7482948,-20.1192087],[-47.7846979,-20.0690453],[-47.8504404,-20.0692572],[-47.8698078,-20.0761523],[-47.8589921,-20.0499272],[-47.8758201,-20.0324105],[-47.8724421,-20.0130302],[-47.8530469,-19.9898208],[-47.8346805,-19.9960656],[-47.8056581,-19.9851317],[-47.7511056,-19.9902891],[-47.7084053,-19.9787016],[-47.6879891,-19.9902445],[-47.6706264,-20.0225159],[-47.6347643,-20.0492478],[-47.5996583,-20.0324375],[-47.5838246,-19.9966646],[-47.5432692,-19.9941558],[-47.5371231,-20.0253414],[-47.5090011,-20.0599083],[-47.5178732,-20.1055112],[-47.5319625,-20.109267],[-47.543332,-20.1371844],[-47.5676448,-20.1548919],[-47.5812366,-20.1504402],[-47.609123,-20.1596032],[-47.623374,-20.1370305],[-47.663433,-20.1322171],[-47.6681765,-20.1213686]]]}},{"type":"Feature","properties":{"level":"municipio","municipality_code":"3520202","municipality_name":"Igaratá","uf":"SP","state_code":"35","area_km2":292.953},"geometry":{"type":"Polygon","coordinates":[[[-46.15788,-23.235883],[-46.189094,-23.224376],[-46.196077,-23.210269],[-46.227907,-23.189245],[-46.262766,-23.186169],[-46.2570834,-23.1598045],[-46.2352344,-23.1354433],[-46.2260462,-23.1368976],[-46.204872,-23.084424],[-46.16144,-23.066122],[-46.158941,-23.049925],[-46.140472,-23.038841],[-46.141986,-23.028503],[-46.125536,-23.009277],[-46.09385,-22.996915],[-46.08656,-22.985005],[-46.076012,-22.985908],[-46.065461,-22.997911],[-46.080756,-23.025637],[-46.076272,-23.0374],[-46.091688,-23.066235],[-46.090727,-23.078884],[-46.104852,-23.084453],[-46.107989,-23.097303],[-46.099782,-23.10946],[-46.103901,-23.117268],[-46.093171,-23.120764],[-46.101062,-23.125572],[-46.0914,-23.142853],[-46.102597,-23.157321],[-46.09281,-23.171599],[-46.073647,-23.174784],[-46.079278,-23.205159],[-46.116788,-23.229977],[-46.136452,-23.255695],[-46.15671,-23.255244],[-46.15788,-23.235883]]]}},{"type":"Feature","properties":{"level":"municipio","municipality_code":"3520004","municipality_name":"Igaraçu do Tietê","uf":"SP","state_code":"35","area_km2":97.747},"geometry":{"type":"Polygon","coordinates":[[[-48.6221486,-22.5034126],[-48.6010436,-22.5101736],[-48.5583601,-22.5000053],[-48.52775,-22.5277607],[-48.4994071,-22.5276937],[-48.4903307,-22.5460763],[-48.5000668,-22.5525622],[-48.5144194,-22.5492585],[-48.5354089,-22.57931],[-48.5610674,-22.5872186],[-48.5757313,-22.5779234],[-48.5932433,-22.5852035],[-48.615998,-22.5749655],[-48.6242806,-22.548725],[-48.6548994,-22.5286853],[-48.6474451,-22.5276689],[-48.64626,-22.5158776],[-48.6393994,-22.5204915],[-48.6440898,-22.5123246],[-48.6302676,-22.5122779],[-48.6221486,-22.5034126]]]}},{"type":"Feature","properties":{"level":"municipio","municipality_code":"3520301","municipality_name":"Iguape","uf":"SP","state_code":"35","area_km2":1978.795},"geometry":{"type":"Polygon","coordinates":[[[-47.5996275,-24.3747754],[-47.5514034,-24.3699573],[-47.5378273,-24.3573294],[-47.5047318,-24.367012],[-47.5057286,-24.376493],[-47.4725162,-24.3684737],[-47.4480306,-24.3888069],[-47.4356612,-24.3874757],[-47.4248192,-24.374906],[-47.3982302,-24.3853583],[-47.3714037,-24.3853872],[-47.3598874,-24.3707632],[-47.3402683,-24.3647467],[-47.3367676,-24.3499785],[-47.3161106,-24.3364402],[-47.3041054,-24.3422758],[-47.3122023,-24.3454308],[-47.3088961,-24.357356],[-47.2511634,-24.3607112],[-47.2474475,-24.3738103],[-47.2350824,-24.3764349],[-47.1941652,-24.3627299],[-47.1806144,-24.3750541],[-47.1738727,-24.3646682],[-47.1558761,-24.3675119],[-47.1468015,-24.3580295],[-47.1468736,-24.364338],[-47.120766,-24.364766],[-47.114169,-24.371698],[-47.113164,-24.385945],[-47.10066,-24.391671],[-47.11232,-24.399697],[-47.117723,-24.417633],[-47.101991,-24.433284],[-47.081961,-24.433305],[-47.0778999,-24.4482045],[-47.1758094,-24.5162794],[-47.1890166,-24.5360659],[-47.2278608,-24.560491],[-47.2270261,-24.571252],[-47.2809077,-24.5937817],[-47.4052232,-24.6728709],[-47.4314235,-24.6738192],[-47.4741598,-24.7045823],[-47.507809,-24.7002686],[-47.5411308,-24.7064165],[-47.5512688,-24.7217704],[-47.6283494,-24.7635046],[-47.6858825,-24.8140801],[-47.7196985,-24.8321518],[-47.7478943,-24.8316946],[-47.7500572,-24.8415545],[-47.7632983,-24.8330889],[-47.7780687,-24.8465215],[-47.782794,-24.8285088],[-47.7736519,-24.8165145],[-47.7817475,-24.8015876],[-47.8099583,-24.7897676],[-47.8302994,-24.7563865],[-47.8147214,-24.7693019],[-47.8063504,-24.7672874],[-47.7936671,-24.7281708],[-47.7664725,-24.7080823],[-47.7726838,-24.7008578],[-47.7657821,-24.6919644],[-47.7690128,-24.6820725],[-47.7471637,-24.6581449],[-47.743707,-24.6360154],[-47.7134238,-24.615489],[-47.7101433,-24.6019908],[-47.6945066,-24.6032125],[-47.6853855,-24.5508299],[-47.6266657,-24.5139268],[-47.6324448,-24.5001727],[-47.6454422,-24.4934697],[-47.6423042,-24.4527487],[-47.6836173,-24.3791395],[-47.6577579,-24.3804299],[-47.6217983,-24.3680058],[-47.5996275,-24.3747754]]]}},{"type":"Feature","properties":{"level":"municipio","municipality_code":"3520426","municipality_name":"Ilha Comprida","uf":"SP","state_code":"35","area_km2":196.567},"geometry":{"type":"Polygon","coordinates":[[[-47.4248093,-24.6851413],[-47.6230426,-24.7991402],[-47.7685472,-24.9105068],[-47.8544121,-24.9895211],[-47.8804208,-25.0251521],[-47.8869055,-25.0512669],[-47.9144105,-25.051801],[-47.9185251,-25.0173914],[-47.896495,-24.998856],[-47.8967067,-24.9680224],[-47.8895393,-24.9616983],[-47.8722719,-24.9681546],[-47.8618061,-24.9621858],[-47.8553301,-24.9367501],[-47.8277242,-24.9178516],[-47.8395811,-24.9047681],[-47.806689,-24.9096911],[-47.8026575,-24.891417],[-47.7767128,-24.8789476],[-47.76542,-24.8595193],[-47.7469706,-24.8515572],[-47.735639,-24.8363294],[-47.6858825,-24.8140801],[-47.6283494,-24.7635046],[-47.5512688,-24.7217704],[-47.5411308,-24.7064165],[-47.507809,-24.7002686],[-47.4741598,-24.7045823],[-47.4408175,-24.6790767],[-47.4170488,-24.6724606],[-47.4248093,-24.6851413]]]}},{"type":"Feature","properties":{"level":"municipio","municipality_code":"3520442","municipality_name":"Ilha Solteira","uf":"SP","state_code":"35","area_km2":652.641},"geometry":{"type":"Polygon","coordinates":[[[-51.2526806,-20.4832107],[-51.2791475,-20.5098681],[-51.2605602,-20.5232268],[-51.2965498,-20.5416728],[-51.3138525,-20.5868679],[-51.3246132,-20.64129],[-51.3142313,-20.6718172],[-51.3427695,-20.6822],[-51.353123,-20.6375197],[-51.3665321,-20.6272634],[-51.3660753,-20.5847485],[-51.3855385,-20.5832718],[-51.4018531,-20.5693716],[-51.38603,-20.5480452],[-51.3798739,-20.5056183],[-51.4188473,-20.4650352],[-51.3989579,-20.4457611],[-51.3480852,-20.359518],[-51.321445,-20.3396192],[-51.2708171,-20.3230304],[-51.1607664,-20.3052241],[-51.1093896,-20.2800922],[-51.094562,-20.285279],[-51.079238,-20.32773],[-51.0385668,-20.3709248],[-51.156771,-20.435259],[-51.1971995,-20.4375501],[-51.22336,-20.455871],[-51.2391392,-20.4558031],[-51.2526806,-20.4832107]]]}},{"type":"Feature","properties":{"level":"municipio","municipality_code":"3520400","municipality_name":"Ilhabela","uf":"SP","state_code":"35","area_km2":346.389},"geometry":{"type":"MultiPolygon","coordinates":[[[[-45.3003424,-23.9222797],[-45.3005054,-23.9227587],[-45.3009201,-23.9226452],[-45.3003424,-23.9222797]]],[[[-45.298089,-23.9203523],[-45.2972994,-23.9204624],[-45.2981763,-23.9207446],[-45.298089,-23.9203523]]],[[[-45.2964957,-23.9193515],[-45.2964068,-23.9181368],[-45.2960365,-23.9182405],[-45.2964957,-23.9193515]]],[[[-45.325457,-23.9194898],[-45.3231559,-23.9146308],[-45.3223954,-23.9146308],[-45.325457,-23.9194898]]],[[[-45.2869111,-23.8609352],[-45.2857359,-23.8596267],[-45.2855383,-23.8597402],[-45.2869111,-23.8609352]]],[[[-45.4177349,-23.853058],[-45.4171709,-23.8533405],[-45.4179159,-23.8531943],[-45.4177349,-23.853058]]],[[[-45.2784517,-23.8502095],[-45.2772691,-23.8514949],[-45.2789849,-23.8509557],[-45.2784517,-23.8502095]]],[[[-45.3333152,-23.917381],[-45.3404085,-23.9254029],[-45.3475029,-23.9160817],[-45.3642858,-23.9304503],[-45.4280613,-23.9411808],[-45.4596366,-23.9158025],[-45.4621339,-23.88853],[-45.3726816,-23.8194333],[-45.3488717,-23.7653508],[-45.3493898,-23.7425399],[-45.3292482,-23.7223197],[-45.2630831,-23.7415605],[-45.2575986,-23.7621846],[-45.2458367,-23.7614913],[-45.2298332,-23.7763327],[-45.2422038,-23.8077491],[-45.2388172,-23.8191652],[-45.2483861,-23.8248302],[-45.2382804,-23.8303905],[-45.2412902,-23.8387141],[-45.2268079,-23.837111],[-45.2385439,-23.8430436],[-45.2738816,-23.838699],[-45.2909311,-23.8661357],[-45.288854,-23.873698],[-45.2704227,-23.8744379],[-45.2778645,-23.8842435],[-45.2728638,-23.8923249],[-45.2484783,-23.9032372],[-45.2413698,-23.8921902],[-45.2231795,-23.9034729],[-45.2379,-23.908917],[-45.2357542,-23.9439107],[-45.2265116,-23.9427129],[-45.2518398,-23.9680822],[-45.2685279,-23.9652845],[-45.2795159,-23.9535627],[-45.2872038,-23.941308],[-45.2801251,-23.928477],[-45.2911072,-23.9105886],[-45.3028584,-23.9155887],[-45.304375,-23.907975],[-45.3333152,-23.917381]]],[[[-45.3934648,-23.8297874],[-45.3916603,-23.8288574],[-45.3935108,-23.8301255],[-45.3934648,-23.8297874]]],[[[-45.2629258,-23.8878103],[-45.2641457,-23.8899638],[-45.2650948,-23.8888841],[-45.2629258,-23.8878103]]],[[[-45.2589459,-23.8891483],[-45.2599281,-23.8886822],[-45.2585457,-23.888266],[-45.2589459,-23.8891483]]],[[[-45.1544729,-23.8262881],[-45.1533169,-23.82851],[-45.155892,-23.828605],[-45.1544729,-23.8262881]]],[[[-45.2294378,-23.8122116],[-45.2261153,-23.8132904],[-45.2283261,-23.8144447],[-45.2294378,-23.8122116]]],[[[-45.1377806,-23.7900356],[-45.1401223,-23.7970655],[-45.1149325,-23.8038059],[-45.117188,-23.8122729],[-45.1324183,-23.8093069],[-45.1470621,-23.8176192],[-45.1564497,-23.8104537],[-45.1606547,-23.8017794],[-45.1377806,-23.7900356]]],[[[-45.0159407,-23.7398969],[-45.0166901,-23.7489613],[-45.0070271,-23.7516964],[-45.0147512,-23.7612577],[-45.0238479,-23.7462758],[-45.0159407,-23.7398969]]],[[[-45.029641,-23.7375897],[-45.0339112,-23.7386737],[-45.0297205,-23.7364953],[-45.029641,-23.7375897]]],[[[-45.0201391,-23.7366084],[-45.0253797,-23.7371675],[-45.0209252,-23.7343824],[-45.0201391,-23.7366084]]]]}},{"type":"Feature","properties":{"level":"municipio","municipality_code":"3520509","municipality_name":"Indaiatuba","uf":"SP","state_code":"35","area_km2":311.545},"geometry":{"type":"Polygon","coordinates":[[[-47.1302988,-23.2030825],[-47.240528,-23.184088],[-47.25176,-23.176461],[-47.260271,-23.146819],[-47.288954,-23.157924],[-47.305624,-23.133952],[-47.2983883,-23.093114],[-47.2776439,-23.0719036],[-47.2906149,-23.0437087],[-47.255968,-22.998646],[-47.236304,-23.005005],[-47.204489,-23.031785],[-47.169167,-23.030946],[-47.157789,-23.041753],[-47.152563,-23.038387],[-47.143974,-23.057813],[-47.088319,-23.055537],[-47.0930389,-23.0611347],[-47.08432,-23.0896934],[-47.1111833,-23.0935862],[-47.1171255,-23.1031286],[-47.1470716,-23.1033939],[-47.133716,-23.1465744],[-47.1135779,-23.1787296],[-47.1201435,-23.198864],[-47.1068786,-23.2124946],[-47.1128121,-23.2260342],[-47.1302988,-23.2030825]]]}},{"type":"Feature","properties":{"level":"municipio","municipality_code":"3520608","municipality_name":"Indiana","uf":"SP","state_code":"35","area_km2":129.367},"geometry":{"type":"Polygon","coordinates":[[[-51.2846934,-22.1876554],[-51.286795,-22.1601425],[-51.3156969,-22.1293579],[-51.3217182,-22.107918],[-51.2886557,-22.0446268],[-51.2656767,-22.06742],[-51.2084264,-22.0667771],[-51.2240107,-22.0799417],[-51.2431443,-22.1275331],[-51.2035353,-22.1783109],[-51.2090412,-22.1992412],[-51.2302441,-22.2210644],[-51.2458289,-22.2055949],[-51.2689535,-22.2065246],[-51.2846934,-22.1876554]]]}},{"type":"Feature","properties":{"level":"municipio","municipality_code":"3520707","municipality_name":"Indiaporã","uf":"SP","state_code":"35","area_km2":279.606},"geometry":{"type":"Polygon","coordinates":[[[-50.2862304,-20.010341],[-50.3315983,-20.0358716],[-50.3522596,-19.9168766],[-50.3388228,-19.8995524],[-50.3374335,-19.8694845],[-50.3064103,-19.874086],[-50.285631,-19.8678179],[-50.2451559,-19.8767577],[-50.201575,-19.8664325],[-50.1717524,-19.8755138],[-50.1840205,-19.8947146],[-50.1846025,-19.9206458],[-50.1918818,-19.9242942],[-50.184362,-19.9569847],[-50.1934135,-19.9662063],[-50.1878814,-19.9832331],[-50.2156731,-20.0467595],[-50.2592044,-20.0358025],[-50.2730531,-20.0112405],[-50.2862304,-20.010341]]]}},{"type":"Feature","properties":{"level":"municipio","municipality_code":"3520806","municipality_name":"Inúbia Paulista","uf":"SP","state_code":"35","area_km2":87.119},"geometry":{"type":"Polygon","coordinates":[[[-50.9798676,-21.7425033],[-50.976641,-21.7008301],[-50.9676177,-21.695042],[-50.9593019,-21.6698044],[-50.939272,-21.6587936],[-50.9225471,-21.632176],[-50.9148231,-21.6724458],[-50.9393749,-21.70869],[-50.9441818,-21.730755],[-50.9294575,-21.7740689],[-50.9353518,-21.7958705],[-50.9612437,-21.8225842],[-50.9875134,-21.7998147],[-51.0086749,-21.8040032],[-50.9798676,-21.7425033]]]}},{"type":"Feature","properties":{"level":"municipio","municipality_code":"3520905","municipality_name":"Ipaussu","uf":"SP","state_code":"35","area_km2":209.554},"geometry":{"type":"Polygon","coordinates":[[[-49.6753502,-23.0969312],[-49.6818483,-23.0542165],[-49.6710101,-23.0510875],[-49.6806308,-23.0376005],[-49.6725143,-23.0204233],[-49.6772898,-23.008748],[-49.6513386,-22.9817591],[-49.6326437,-23.0021286],[-49.5949564,-22.9782276],[-49.5857227,-22.99291],[-49.5577465,-23.0001811],[-49.550811,-23.020828],[-49.5542975,-23.0463021],[-49.541223,-23.0586851],[-49.5291339,-23.1012701],[-49.5370199,-23.1253278],[-49.5455584,-23.1298559],[-49.5538574,-23.1239306],[-49.556077,-23.1316144],[-49.5896721,-23.147704],[-49.6043361,-23.1358133],[-49.6206256,-23.1394421],[-49.6505431,-23.1280794],[-49.6753502,-23.0969312]]]}},{"type":"Feature","properties":{"level":"municipio","municipality_code":"3521002","municipality_name":"Iperó","uf":"SP","state_code":"35","area_km2":170.289},"geometry":{"type":"Polygon","coordinates":[[[-47.7356163,-23.3578684],[-47.7449333,-23.3424585],[-47.7370332,-23.3315485],[-47.7278152,-23.3315572],[-47.7217128,-23.3441475],[-47.713174,-23.3306574],[-47.6972181,-23.3366866],[-47.6905304,-23.3297467],[-47.6712026,-23.3537487],[-47.6785853,-23.358733],[-47.675562,-23.3683439],[-47.663053,-23.3791388],[-47.6429426,-23.3618321],[-47.6213216,-23.3680782],[-47.6096499,-23.3571235],[-47.6089498,-23.3718994],[-47.6015388,-23.3608557],[-47.5902203,-23.3687371],[-47.5715629,-23.3645688],[-47.5749797,-23.3805101],[-47.565003,-23.382652],[-47.570441,-23.388434],[-47.546105,-23.390566],[-47.552908,-23.393832],[-47.543034,-23.399776],[-47.550023,-23.408137],[-47.54132,-23.410242],[-47.540078,-23.425059],[-47.534405,-23.425349],[-47.547582,-23.461303],[-47.5852246,-23.4719687],[-47.5807804,-23.4780721],[-47.5866467,-23.4810996],[-47.6308041,-23.4545714],[-47.6506628,-23.4585924],[-47.6545218,-23.4328742],[-47.6745048,-23.4272064],[-47.6835221,-23.4158562],[-47.6844137,-23.3934388],[-47.7014676,-23.3982582],[-47.7256321,-23.3855368],[-47.7264996,-23.3543864],[-47.7356431,-23.3500713],[-47.7356163,-23.3578684]]]}},{"type":"Feature","properties":{"level":"municipio","municipality_code":"3521101","municipality_name":"Ipeúna","uf":"SP","state_code":"35","area_km2":190.01},"geometry":{"type":"Polygon","coordinates":[[[-47.7428092,-22.4759967],[-47.7666076,-22.4443163],[-47.789887,-22.4382094],[-47.7956104,-22.4270165],[-47.7877901,-22.3940456],[-47.7736923,-22.3729804],[-47.7790902,-22.3684146],[-47.7576835,-22.3359851],[-47.7435266,-22.3283378],[-47.720927,-22.335032],[-47.7025794,-22.3798359],[-47.6665454,-22.3803898],[-47.6567361,-22.4000298],[-47.649544,-22.4355333],[-47.6588467,-22.4576648],[-47.6412858,-22.4674686],[-47.6387004,-22.487158],[-47.6601678,-22.513703],[-47.6563503,-22.5360116],[-47.6692266,-22.5399465],[-47.6693064,-22.5071294],[-47.6900734,-22.4826399],[-47.7209616,-22.4863203],[-47.723821,-22.4927885],[-47.748485,-22.4837621],[-47.7428092,-22.4759967]]]}},{"type":"Feature","properties":{"level":"municipio","municipality_code":"3521150","municipality_name":"Ipiguá","uf":"SP","state_code":"35","area_km2":136.028},"geometry":{"type":"Polygon","coordinates":[[[-49.3621169,-20.6712561],[-49.3466988,-20.6819873],[-49.3625417,-20.7176854],[-49.371695,-20.722001],[-49.39545,-20.703606],[-49.419276,-20.73163],[-49.428455,-20.727071],[-49.4279658,-20.7026708],[-49.465153,-20.682305],[-49.4483275,-20.6401423],[-49.4231286,-20.6126252],[-49.4284451,-20.5876859],[-49.4430747,-20.5734011],[-49.4460005,-20.5432428],[-49.4266739,-20.5493454],[-49.4122243,-20.5698078],[-49.3629074,-20.6062066],[-49.352477,-20.635337],[-49.3621169,-20.6712561]]]}},{"type":"Feature","properties":{"level":"municipio","municipality_code":"3521200","municipality_name":"Iporanga","uf":"SP","state_code":"35","area_km2":1152.059},"geometry":{"type":"Polygon","coordinates":[[[-48.5372856,-24.7255109],[-48.5691973,-24.7008116],[-48.580751,-24.6715689],[-48.589253,-24.6805303],[-48.6040298,-24.6682968],[-48.6453145,-24.6815252],[-48.641642,-24.6896675],[-48.6581731,-24.692048],[-48.6604873,-24.7067569],[-48.6750089,-24.7017925],[-48.6714732,-24.679302],[-48.6896682,-24.6678721],[-48.6898911,-24.6938522],[-48.703812,-24.6803821],[-48.7345363,-24.6844817],[-48.75242,-24.6951801],[-48.7572865,-24.6798543],[-48.7786516,-24.6967322],[-48.7882067,-24.6811894],[-48.8108084,-24.6749745],[-48.7307891,-24.637222],[-48.7535248,-24.5882543],[-48.7807761,-24.5897458],[-48.7894769,-24.572096],[-48.7809113,-24.5660184],[-48.7891836,-24.5581521],[-48.6878754,-24.5008023],[-48.654634,-24.4560909],[-48.6316047,-24.4578287],[-48.6302714,-24.4371778],[-48.6180582,-24.4429826],[-48.6175162,-24.4506095],[-48.6145838,-24.4579265],[-48.5866886,-24.4348419],[-48.5495645,-24.4404587],[-48.517428,-24.4205847],[-48.5207106,-24.4068976],[-48.5027149,-24.3871155],[-48.493299,-24.3875344],[-48.4899416,-24.3770801],[-48.5052933,-24.3555765],[-48.501791,-24.3479947],[-48.5142379,-24.3380955],[-48.5360685,-24.3473893],[-48.544114,-24.334214],[-48.5612944,-24.3407876],[-48.5784213,-24.332785],[-48.589588,-24.3421523],[-48.6080156,-24.3385205],[-48.5606116,-24.2875861],[-48.5521103,-24.289757],[-48.5488171,-24.3059981],[-48.5341077,-24.3207883],[-48.5041878,-24.3036022],[-48.4961069,-24.2800942],[-48.4759803,-24.2895579],[-48.4651456,-24.286067],[-48.4557653,-24.2955231],[-48.452642,-24.2843329],[-48.4646935,-24.2728849],[-48.4575856,-24.2526804],[-48.4515506,-24.2634981],[-48.4106952,-24.2676304],[-48.3885918,-24.306394],[-48.3572826,-24.3062343],[-48.3624638,-24.3147252],[-48.3507135,-24.3462543],[-48.3628456,-24.3477165],[-48.3599742,-24.3683346],[-48.3705256,-24.3798028],[-48.3686989,-24.3910276],[-48.3999132,-24.426942],[-48.3808972,-24.4335355],[-48.3625274,-24.4209637],[-48.3471575,-24.4418635],[-48.354245,-24.4622262],[-48.3941359,-24.4828488],[-48.3818782,-24.5033702],[-48.3963827,-24.5228472],[-48.4296854,-24.5314579],[-48.4343112,-24.5400674],[-48.4266573,-24.5545735],[-48.391384,-24.5717324],[-48.4022726,-24.5712954],[-48.4129914,-24.5869304],[-48.4307366,-24.5844031],[-48.4474726,-24.5992878],[-48.4593405,-24.6559843],[-48.481324,-24.6701761],[-48.4820908,-24.6784324],[-48.5069591,-24.6683889],[-48.5289907,-24.6876512],[-48.5372856,-24.7255109]]]}},{"type":"Feature","properties":{"level":"municipio","municipality_code":"3521309","municipality_name":"Ipuã","uf":"SP","state_code":"35","area_km2":466.461},"geometry":{"type":"Polygon","coordinates":[[[-48.0035734,-20.531314],[-48.0624166,-20.4983944],[-48.0846875,-20.5027929],[-48.1332284,-20.4939896],[-48.158552,-20.4611133],[-48.1767319,-20.4526026],[-48.194513,-20.460082],[-48.2113501,-20.455012],[-48.1788338,-20.3900236],[-48.1899021,-20.3419203],[-48.1529722,-20.2912535],[-48.1372912,-20.2995501],[-48.1286349,-20.3170917],[-48.1137146,-20.301589],[-48.101245,-20.3109599],[-48.0891352,-20.301913],[-48.0846187,-20.3165975],[-48.0692613,-20.3276045],[-48.0745288,-20.3473945],[-48.0588499,-20.3425121],[-48.0393034,-20.3537631],[-48.0358144,-20.3641216],[-47.9966683,-20.3636486],[-47.9637327,-20.3812925],[-47.9485382,-20.3805895],[-47.9347232,-20.3691191],[-47.9252819,-20.3791474],[-47.9315198,-20.4026311],[-47.9143349,-20.4174218],[-47.9320182,-20.4238712],[-47.9294567,-20.4319398],[-47.9165556,-20.434035],[-47.9266265,-20.444426],[-47.9270437,-20.4650389],[-47.9491088,-20.4706941],[-47.9545988,-20.4863818],[-48.0035734,-20.531314]]]}},{"type":"Feature","properties":{"level":"municipio","municipality_code":"3521408","municipality_name":"Iracemápolis","uf":"SP","state_code":"35","area_km2":115.118},"geometry":{"type":"Polygon","coordinates":[[[-47.4784036,-22.5673391],[-47.4966453,-22.6182146],[-47.4866728,-22.6388071],[-47.4969759,-22.6528581],[-47.4924431,-22.6656005],[-47.5397144,-22.717103],[-47.5500058,-22.7054258],[-47.545048,-22.6934816],[-47.5502411,-22.6887131],[-47.5422808,-22.6823975],[-47.526312,-22.6879155],[-47.5225712,-22.6747489],[-47.5376773,-22.6470079],[-47.5351351,-22.6247606],[-47.5489515,-22.612988],[-47.5485457,-22.5845269],[-47.5786317,-22.5638847],[-47.5827495,-22.5419619],[-47.5742467,-22.5407764],[-47.5728753,-22.5302538],[-47.5387601,-22.5172528],[-47.5220751,-22.5348956],[-47.5096743,-22.5349719],[-47.5024002,-22.5237228],[-47.477024,-22.5263216],[-47.486198,-22.5339247],[-47.4877619,-22.5548838],[-47.4784036,-22.5673391]]]}},{"type":"Feature","properties":{"level":"municipio","municipality_code":"3521606","municipality_name":"Irapuru","uf":"SP","state_code":"35","area_km2":214.461},"geometry":{"type":"Polygon","coordinates":[[[-51.3049855,-21.5332081],[-51.3332103,-21.6038619],[-51.3488874,-21.6143286],[-51.3545202,-21.6362632],[-51.3938467,-21.6290599],[-51.4054859,-21.6433972],[-51.4137536,-21.6428947],[-51.415795,-21.6097744],[-51.4031836,-21.6101151],[-51.387496,-21.5699218],[-51.3959363,-21.5533087],[-51.3882973,-21.5265867],[-51.3638595,-21.4859284],[-51.3696499,-21.47472],[-51.3588257,-21.4544619],[-51.3662426,-21.4389563],[-51.3564799,-21.4163524],[-51.3690877,-21.4016547],[-51.3598739,-21.3871285],[-51.3650867,-21.3693065],[-51.3396059,-21.3449676],[-51.3387406,-21.3182811],[-51.3259694,-21.2915838],[-51.2856486,-21.3182276],[-51.2983247,-21.3269522],[-51.3120208,-21.367725],[-51.305289,-21.3936773],[-51.3186948,-21.4818436],[-51.3049855,-21.5332081]]]}},{"type":"Feature","properties":{"level":"municipio","municipality_code":"3521507","municipality_name":"Irapuã","uf":"SP","state_code":"35","area_km2":257.612},"geometry":{"type":"Polygon","coordinates":[[[-49.4664657,-21.2795685],[-49.5173216,-21.2234605],[-49.5023892,-21.2058673],[-49.4696191,-21.2033249],[-49.4544854,-21.1875372],[-49.4601547,-21.1772826],[-49.4359417,-21.1925082],[-49.4234738,-21.1824775],[-49.4073196,-21.1848761],[-49.4051823,-21.176457],[-49.3957079,-21.1819937],[-49.388045,-21.2115029],[-49.3674343,-21.2203358],[-49.362852,-21.2407979],[-49.3349106,-21.2357346],[-49.3158215,-21.2477293],[-49.2913241,-21.2681367],[-49.2843841,-21.2932309],[-49.3209241,-21.3143713],[-49.327909,-21.3498488],[-49.3570772,-21.3551738],[-49.3687155,-21.3473827],[-49.3963005,-21.3720906],[-49.4164432,-21.3189812],[-49.4664657,-21.2795685]]]}},{"type":"Feature","properties":{"level":"municipio","municipality_code":"3521705","municipality_name":"Itaberá","uf":"SP","state_code":"35","area_km2":1100.247},"geometry":{"type":"Polygon","coordinates":[[[-49.1953448,-24.0286413],[-49.2089841,-24.0226242],[-49.2011236,-24.001551],[-49.2058204,-23.9836647],[-49.2258511,-23.9804325],[-49.2192362,-23.9720851],[-49.2460141,-23.9421946],[-49.245289,-23.917471],[-49.254831,-23.9144515],[-49.2499764,-23.9057305],[-49.2619162,-23.8964763],[-49.2730585,-23.9017531],[-49.2806615,-23.8845848],[-49.2886895,-23.8920883],[-49.3138373,-23.8837009],[-49.3301275,-23.8669146],[-49.3253092,-23.855909],[-49.3099029,-23.8491017],[-49.3014079,-23.8247624],[-49.319984,-23.8096593],[-49.3229447,-23.7950064],[-49.3422103,-23.7840639],[-49.3334032,-23.7823258],[-49.3427111,-23.7584436],[-49.3303974,-23.7442725],[-49.2949358,-23.7360968],[-49.2446046,-23.7052512],[-49.1962718,-23.7132464],[-49.1585164,-23.6938082],[-49.1404018,-23.7011467],[-49.1327337,-23.7214747],[-49.0544501,-23.6862133],[-49.0404506,-23.696357],[-49.0402528,-23.7137243],[-49.0225687,-23.7481746],[-48.948732,-23.7985752],[-48.9754549,-23.8404071],[-48.9958967,-23.8370268],[-49.019846,-23.8472025],[-48.9967334,-23.8953606],[-48.9985642,-23.9154565],[-49.0093797,-23.9241003],[-48.991818,-23.9592502],[-49.007949,-23.9615842],[-49.0174221,-23.9869109],[-49.0111216,-24.0082996],[-49.0379001,-24.0167691],[-49.0611519,-24.0436134],[-49.1019759,-24.0634584],[-49.1036719,-24.0903212],[-49.1150958,-24.1080062],[-49.1099221,-24.1230929],[-49.1193747,-24.1253678],[-49.1860897,-24.0949257],[-49.1996262,-24.0979452],[-49.2011538,-24.0699333],[-49.1896004,-24.0465912],[-49.1953448,-24.0286413]]]}},{"type":"Feature","properties":{"level":"municipio","municipality_code":"3521903","municipality_name":"Itajobi","uf":"SP","state_code":"35","area_km2":502.066},"geometry":{"type":"Polygon","coordinates":[[[-48.9209128,-21.2961255],[-48.9155202,-21.3258496],[-48.9225966,-21.3474175],[-48.9001653,-21.3705844],[-48.9483302,-21.3991662],[-48.9492886,-21.425989],[-48.9700415,-21.425148],[-48.9810953,-21.4160501],[-48.9829612,-21.4553805],[-49.0409596,-21.4915729],[-49.0561669,-21.4877566],[-49.0821645,-21.4645337],[-49.0675353,-21.4458958],[-49.078342,-21.4090579],[-49.1717834,-21.4122985],[-49.1815217,-21.4035735],[-49.1731046,-21.3919126],[-49.1864388,-21.3642533],[-49.2197005,-21.3568763],[-49.2340747,-21.3235744],[-49.2170597,-21.3210819],[-49.2116607,-21.3114852],[-49.1605473,-21.2867467],[-49.1256766,-21.2986904],[-49.1154238,-21.2947433],[-49.0697749,-21.2602346],[-49.0577354,-21.2420314],[-49.0114948,-21.2527691],[-49.0106713,-21.2685357],[-48.9940483,-21.2860829],[-48.9665879,-21.2673512],[-48.9595386,-21.2789119],[-48.9209128,-21.2961255]]]}},{"type":"Feature","properties":{"level":"municipio","municipality_code":"3522000","municipality_name":"Itaju","uf":"SP","state_code":"35","area_km2":230.355},"geometry":{"type":"Polygon","coordinates":[[[-48.8306142,-21.8904202],[-48.7790878,-21.895767],[-48.7605517,-21.8839668],[-48.7311545,-21.8893588],[-48.7210009,-21.90884],[-48.6884491,-21.9126172],[-48.6787191,-21.9281759],[-48.7180135,-21.9809697],[-48.7631588,-22.0046464],[-48.7740065,-22.0216043],[-48.8232832,-22.0115748],[-48.8672131,-22.0240663],[-48.8848754,-22.0201315],[-48.8876608,-22.0060596],[-48.8624243,-21.9595301],[-48.877919,-21.9410644],[-48.9047274,-21.9318696],[-48.9081144,-21.9179018],[-48.892171,-21.906657],[-48.8776155,-21.921046],[-48.8479384,-21.9098748],[-48.8306142,-21.8904202]]]}},{"type":"Feature","properties":{"level":"municipio","municipality_code":"3522109","municipality_name":"Itanhaém","uf":"SP","state_code":"35","area_km2":601.711},"geometry":{"type":"MultiPolygon","coordinates":[[[[-46.6775522,-24.4787067],[-46.6713848,-24.4886632],[-46.6762472,-24.4919968],[-46.6775522,-24.4787067]]],[[[-46.8075642,-24.3742374],[-46.8059337,-24.3760876],[-46.8080206,-24.3759439],[-46.8075642,-24.3742374]]],[[[-46.8042151,-24.375453],[-46.8035579,-24.3736166],[-46.803282,-24.3737908],[-46.8042151,-24.375453]]],[[[-46.8908754,-24.2543882],[-46.8901366,-24.2538245],[-46.8895167,-24.2544552],[-46.8908754,-24.2543882]]],[[[-46.690544,-24.2377243],[-46.6904067,-24.2366443],[-46.690326,-24.2375763],[-46.690544,-24.2377243]]],[[[-46.7933028,-24.1937256],[-46.7916167,-24.194906],[-46.7924468,-24.1952267],[-46.7933028,-24.1937256]]],[[[-46.7093859,-24.1441363],[-46.8976327,-24.252918],[-46.9265933,-24.2314899],[-46.925746,-24.221928],[-46.9514717,-24.1923244],[-46.9418558,-24.1760206],[-46.9468128,-24.1412877],[-46.97357,-24.138271],[-46.982938,-24.127243],[-46.96831,-24.107476],[-46.9698,-24.091554],[-46.983268,-24.076071],[-46.9786056,-24.0642507],[-46.9635911,-24.0563065],[-46.9678102,-24.0447305],[-46.9461481,-24.0436057],[-46.9362067,-24.0333867],[-46.9302883,-24.0445141],[-46.9003413,-24.0461444],[-46.8853132,-24.0243842],[-46.8676694,-24.0191746],[-46.8733135,-24.0161061],[-46.8691756,-24.0007157],[-46.8751178,-24.0018095],[-46.8825104,-23.9839614],[-46.8347854,-23.9562705],[-46.8262628,-23.958263],[-46.8299233,-23.9473052],[-46.806898,-23.938153],[-46.786161,-23.94187],[-46.754888,-23.972801],[-46.774737,-24.002989],[-46.77153,-24.008048],[-46.743319,-23.991892],[-46.714482,-23.996115],[-46.683349,-23.982384],[-46.661937,-23.988102],[-46.6425363,-24.0102009],[-46.742236,-24.0633662],[-46.7486529,-24.0753457],[-46.7301577,-24.0925741],[-46.7365184,-24.1075621],[-46.7256545,-24.1321399],[-46.7093859,-24.1441363]]]]}},{"type":"Feature","properties":{"level":"municipio","municipality_code":"3522158","municipality_name":"Itaoca","uf":"SP","state_code":"35","area_km2":183.015},"geometry":{"type":"Polygon","coordinates":[[[-48.7766446,-24.5894004],[-48.7535248,-24.5882543],[-48.7317405,-24.6397481],[-48.7600419,-24.645793],[-48.7795126,-24.6650568],[-48.8043159,-24.6672627],[-48.8108084,-24.6749745],[-48.8273144,-24.6544533],[-48.8404009,-24.6649768],[-48.8585049,-24.6576999],[-48.8472364,-24.6711191],[-48.8519011,-24.6750054],[-48.8653947,-24.6673262],[-48.9128803,-24.6739229],[-48.9160531,-24.6559856],[-48.9062475,-24.6440864],[-48.9118624,-24.6333399],[-48.9491577,-24.6188187],[-48.9264487,-24.6012126],[-48.9202308,-24.5782495],[-48.9092349,-24.5637214],[-48.9005098,-24.5646672],[-48.896571,-24.5521405],[-48.8805883,-24.5555251],[-48.8942227,-24.5846429],[-48.851807,-24.5791649],[-48.7891836,-24.5581521],[-48.7809113,-24.5660184],[-48.7893906,-24.5725333],[-48.7766446,-24.5894004]]]}},{"type":"Feature","properties":{"level":"municipio","municipality_code":"3522208","municipality_name":"Itapecerica da Serra","uf":"SP","state_code":"35","area_km2":150.742},"geometry":{"type":"Polygon","coordinates":[[[-46.8178258,-23.6873932],[-46.8015364,-23.6853687],[-46.800709,-23.697967],[-46.791489,-23.7017511],[-46.7984845,-23.7311238],[-46.787344,-23.746954],[-46.769536,-23.753326],[-46.77258,-23.76512],[-46.8230109,-23.7681337],[-46.8637808,-23.8046856],[-46.8815721,-23.7898788],[-46.8976093,-23.7961006],[-46.9098689,-23.7827252],[-46.9129241,-23.7886196],[-46.937828,-23.77663],[-46.927479,-23.749916],[-46.9334176,-23.7362934],[-46.903741,-23.711669],[-46.893475,-23.671099],[-46.849435,-23.685265],[-46.82681,-23.675788],[-46.8178258,-23.6873932]]]}},{"type":"Feature","properties":{"level":"municipio","municipality_code":"3522307","municipality_name":"Itapetininga","uf":"SP","state_code":"35","area_km2":1789.35},"geometry":{"type":"Polygon","coordinates":[[[-47.9557087,-23.5504791],[-47.9335246,-23.5601901],[-47.938874,-23.5730786],[-47.9326094,-23.607273],[-47.9103768,-23.6058288],[-47.9166962,-23.6233509],[-47.8811047,-23.6607421],[-47.8927037,-23.6885661],[-47.8723514,-23.7032698],[-47.8737156,-23.7124929],[-47.8407426,-23.7205901],[-47.8456603,-23.7365887],[-47.8403575,-23.7420507],[-47.8520655,-23.7505183],[-47.8654351,-23.7832717],[-47.8943433,-23.7802062],[-47.9102024,-23.7941444],[-47.922833,-23.7934421],[-47.9413481,-23.766473],[-47.9383333,-23.7459893],[-47.9579666,-23.7493994],[-47.9646054,-23.7435195],[-47.9727975,-23.7499491],[-47.9962568,-23.7432331],[-48.0099364,-23.7460699],[-48.0274484,-23.7675808],[-48.0362246,-23.7587365],[-48.0595469,-23.7594038],[-48.0949277,-23.7984752],[-48.1158825,-23.8091743],[-48.1196202,-23.8236796],[-48.1687937,-23.845747],[-48.1922573,-23.8409614],[-48.211099,-23.8537435],[-48.2305452,-23.8486199],[-48.2403046,-23.8613848],[-48.2637105,-23.8511603],[-48.2699576,-23.8563581],[-48.2768178,-23.8403818],[-48.2934652,-23.8342497],[-48.2961228,-23.8251268],[-48.3091409,-23.8347039],[-48.3219642,-23.8320056],[-48.3154609,-23.8440098],[-48.3236362,-23.8552114],[-48.3432078,-23.853166],[-48.3311062,-23.8411329],[-48.353679,-23.8244174],[-48.3623494,-23.8240504],[-48.3586188,-23.8320237],[-48.3659125,-23.8352161],[-48.3744934,-23.8134717],[-48.3525126,-23.8063943],[-48.3831656,-23.7910969],[-48.3752423,-23.7809901],[-48.3795994,-23.7776105],[-48.4003209,-23.7771961],[-48.3911416,-23.7715093],[-48.3985645,-23.7622201],[-48.3920533,-23.7659247],[-48.3832184,-23.7587841],[-48.3723525,-23.7651136],[-48.3810942,-23.7567722],[-48.3997132,-23.7600008],[-48.391123,-23.751596],[-48.4085726,-23.7486307],[-48.4062054,-23.7358304],[-48.3893405,-23.7413125],[-48.4073341,-23.7125076],[-48.3910197,-23.6871899],[-48.3740015,-23.6838651],[-48.3640154,-23.6598674],[-48.3815084,-23.6042548],[-48.3802477,-23.5783195],[-48.364692,-23.5790532],[-48.362923,-23.5675241],[-48.349078,-23.5822355],[-48.3405695,-23.5734921],[-48.3288693,-23.5971152],[-48.3185947,-23.5865768],[-48.3000449,-23.5882656],[-48.2934807,-23.5791781],[-48.2963614,-23.5641711],[-48.278053,-23.5666179],[-48.2729559,-23.5757533],[-48.2496011,-23.5315608],[-48.2199198,-23.5118778],[-48.215356,-23.5008811],[-48.1947403,-23.499293],[-48.1928427,-23.4902072],[-48.174579,-23.494877],[-48.1679488,-23.4772022],[-48.1182965,-23.4587418],[-48.0871313,-23.4368713],[-48.0782462,-23.4187925],[-48.0590959,-23.4177148],[-48.0429633,-23.4330121],[-48.0169678,-23.4328948],[-47.9683843,-23.41266],[-47.9561856,-23.4182711],[-47.9490962,-23.408385],[-47.931707,-23.4199588],[-47.9440408,-23.4463863],[-47.9355914,-23.4623543],[-47.9227117,-23.4614054],[-47.9142495,-23.4481834],[-47.8987741,-23.4433967],[-47.8882736,-23.4500624],[-47.8700189,-23.4455297],[-47.8512801,-23.463455],[-47.8472295,-23.4830649],[-47.8234868,-23.4767097],[-47.8072143,-23.4886962],[-47.8339691,-23.4981676],[-47.8455487,-23.5122723],[-47.8519449,-23.5067085],[-47.9226916,-23.5205105],[-47.9678378,-23.5019534],[-47.9629523,-23.5355663],[-47.9507967,-23.5443519],[-47.9557087,-23.5504791]]]}},{"type":"Feature","properties":{"level":"municipio","municipality_code":"3522406","municipality_name":"Itapeva","uf":"SP","state_code":"35","area_km2":1826.258},"geometry":{"type":"Polygon","coordinates":[[[-48.7739984,-23.9396741],[-48.7736992,-23.9766466],[-48.7878385,-23.9906882],[-48.741787,-23.9796562],[-48.7291172,-23.9624385],[-48.7108096,-23.9567349],[-48.7148985,-23.9691913],[-48.7035077,-23.9789288],[-48.7075589,-23.9887921],[-48.6968376,-23.9998114],[-48.6968978,-24.0148318],[-48.6777561,-24.0315542],[-48.6658893,-24.0247574],[-48.6545876,-24.0306673],[-48.6407258,-24.0158368],[-48.6283895,-24.0231481],[-48.6006716,-23.9857784],[-48.5695171,-23.983378],[-48.5601373,-23.9962176],[-48.5516632,-23.9949933],[-48.5498586,-24.0036507],[-48.5601038,-24.007649],[-48.5538907,-24.0117921],[-48.5586621,-24.019694],[-48.5528592,-24.0190718],[-48.5741096,-24.0246246],[-48.570176,-24.0477716],[-48.5784255,-24.0425684],[-48.5828042,-24.0493588],[-48.5733423,-24.0578949],[-48.5699029,-24.0923901],[-48.5965864,-24.0901611],[-48.6068098,-24.1019856],[-48.6462063,-24.1171963],[-48.6595205,-24.1419913],[-48.6703691,-24.1475682],[-48.69423,-24.1263062],[-48.7297807,-24.1157294],[-48.7417575,-24.1160148],[-48.7661203,-24.133848],[-48.7992884,-24.1195519],[-48.8218375,-24.1280616],[-48.8119248,-24.1144609],[-48.8447849,-24.0955466],[-48.8542052,-24.1015969],[-48.9833943,-24.1011535],[-49.0173121,-24.156693],[-49.0816783,-24.1991336],[-49.0831496,-24.1849421],[-49.1370375,-24.1858292],[-49.1422603,-24.145597],[-49.1642899,-24.1185423],[-49.1987093,-24.102204],[-49.1860897,-24.0949257],[-49.149875,-24.1168796],[-49.1364029,-24.113409],[-49.1228745,-24.124992],[-49.1099221,-24.1230929],[-49.1150958,-24.1080062],[-49.1036719,-24.0903212],[-49.1019759,-24.0634584],[-49.0611519,-24.0436134],[-49.0379001,-24.0167691],[-49.0111216,-24.0082996],[-49.0174221,-23.9869109],[-49.007949,-23.9615842],[-48.991818,-23.9592502],[-49.0093797,-23.9241003],[-48.9985642,-23.9154565],[-48.9967334,-23.8953606],[-49.019846,-23.8472025],[-48.9958967,-23.8370268],[-48.9754549,-23.8404071],[-48.948732,-23.7985752],[-49.0225687,-23.7481746],[-49.0402528,-23.7137243],[-49.0404506,-23.696357],[-49.0544501,-23.6862133],[-49.0327924,-23.6775923],[-49.0277921,-23.6535405],[-49.0068942,-23.6328249],[-48.9941984,-23.6425383],[-48.9765099,-23.6229655],[-48.9251536,-23.626426],[-48.8411225,-23.5935226],[-48.8208569,-23.6064309],[-48.8001695,-23.6392942],[-48.7855812,-23.6389734],[-48.7727383,-23.654665],[-48.7597045,-23.6562944],[-48.7661671,-23.6809699],[-48.7211481,-23.7208842],[-48.744355,-23.7349462],[-48.7444784,-23.7596633],[-48.7113044,-23.7797934],[-48.7241966,-23.7856853],[-48.7365371,-23.8080539],[-48.7325307,-23.820088],[-48.7442454,-23.8293708],[-48.7438666,-23.8431904],[-48.7305869,-23.8541272],[-48.7597515,-23.8595973],[-48.7883883,-23.8488181],[-48.7957585,-23.8534531],[-48.7821127,-23.8638025],[-48.7671969,-23.8971814],[-48.7742034,-23.9143192],[-48.7675106,-23.9327573],[-48.7739984,-23.9396741]]]}},{"type":"Feature","properties":{"level":"municipio","municipality_code":"3522505","municipality_name":"Itapevi","uf":"SP","state_code":"35","area_km2":82.658},"geometry":{"type":"Polygon","coordinates":[[[-46.909474,-23.560432],[-46.9290957,-23.5632274],[-46.960771,-23.601757],[-46.973615,-23.603787],[-46.999194,-23.593545],[-46.996961,-23.579425],[-47.020885,-23.58591],[-47.030183,-23.568791],[-47.006126,-23.554358],[-47.013164,-23.536354],[-46.9916247,-23.5293514],[-46.995036,-23.506993],[-46.96453,-23.498651],[-46.9295603,-23.512828],[-46.909474,-23.560432]]]}},{"type":"Feature","properties":{"level":"municipio","municipality_code":"3522604","municipality_name":"Itapira","uf":"SP","state_code":"35","area_km2":518.416},"geometry":{"type":"Polygon","coordinates":[[[-46.6668258,-22.4137789],[-46.6173389,-22.4415163],[-46.6535738,-22.4714228],[-46.6928331,-22.4788121],[-46.6882586,-22.4899987],[-46.7105417,-22.4982224],[-46.7206202,-22.5283485],[-46.7329746,-22.5343338],[-46.7378251,-22.548364],[-46.7603189,-22.5469546],[-46.7709525,-22.5362081],[-46.7930033,-22.5383514],[-46.8184734,-22.5528693],[-46.8332804,-22.5793734],[-46.8805512,-22.5835686],[-46.8701936,-22.518229],[-46.8628152,-22.509507],[-46.8846385,-22.4655128],[-46.864014,-22.4453999],[-46.8710657,-22.4292719],[-46.8601891,-22.4031822],[-46.8758448,-22.3779425],[-46.8505788,-22.3542694],[-46.8551498,-22.348522],[-46.8432434,-22.3502204],[-46.8426885,-22.3400876],[-46.8245753,-22.3361034],[-46.8204252,-22.3190892],[-46.8064301,-22.3167261],[-46.7912576,-22.2973212],[-46.7683491,-22.2860545],[-46.7502952,-22.2997663],[-46.7340129,-22.2928605],[-46.7179524,-22.3169443],[-46.7109826,-22.3127875],[-46.7011993,-22.321493],[-46.6976197,-22.3432123],[-46.6759073,-22.3692894],[-46.6609235,-22.366041],[-46.6668258,-22.4137789]]]}},{"type":"Feature","properties":{"level":"municipio","municipality_code":"3522653","municipality_name":"Itapirapuã Paulista","uf":"SP","state_code":"35","area_km2":406.478},"geometry":{"type":"Polygon","coordinates":[[[-49.1725027,-24.4545235],[-49.148329,-24.4868966],[-49.134743,-24.4821349],[-49.1232795,-24.4956769],[-49.1260441,-24.5157163],[-49.1444927,-24.5174191],[-49.1491341,-24.5260946],[-49.1474118,-24.5352245],[-49.1308102,-24.5392671],[-49.1429771,-24.5618041],[-49.1291442,-24.5605977],[-49.1337148,-24.5851853],[-49.1515993,-24.5861254],[-49.1514732,-24.5951759],[-49.163859,-24.5957812],[-49.1714496,-24.6098102],[-49.1507438,-24.6400168],[-49.1594392,-24.6559807],[-49.1578761,-24.6719346],[-49.1856509,-24.6727503],[-49.2050114,-24.6859624],[-49.211819,-24.7023646],[-49.2756811,-24.6943759],[-49.3053976,-24.6736498],[-49.3120154,-24.6635327],[-49.2998835,-24.6540421],[-49.3164281,-24.6389985],[-49.3070756,-24.6217381],[-49.313128,-24.6047037],[-49.3035971,-24.5969487],[-49.3165653,-24.5879751],[-49.3108722,-24.5809954],[-49.3159894,-24.5555089],[-49.3055731,-24.5463919],[-49.2925311,-24.55289],[-49.2799055,-24.5359253],[-49.2956741,-24.5003099],[-49.2695737,-24.4923101],[-49.2638512,-24.4744273],[-49.2469227,-24.469098],[-49.2505178,-24.4454195],[-49.2054506,-24.4102293],[-49.1859203,-24.4219851],[-49.1972109,-24.4334587],[-49.1936172,-24.4460801],[-49.1852043,-24.4534737],[-49.1687582,-24.4479723],[-49.1725027,-24.4545235]]]}},{"type":"Feature","properties":{"level":"municipio","municipality_code":"3522802","municipality_name":"Itaporanga","uf":"SP","state_code":"35","area_km2":507.997},"geometry":{"type":"Polygon","coordinates":[[[-49.5440194,-23.6519949],[-49.4918923,-23.6489885],[-49.5046178,-23.6346949],[-49.4902282,-23.628364],[-49.4972438,-23.6292142],[-49.4978887,-23.6220356],[-49.5067735,-23.6285411],[-49.5045476,-23.6193161],[-49.5400488,-23.598731],[-49.5293649,-23.5898168],[-49.5396167,-23.587906],[-49.5334194,-23.5811336],[-49.5489972,-23.5589045],[-49.5464989,-23.5430097],[-49.5554913,-23.5399702],[-49.5475034,-23.5212419],[-49.5759105,-23.5042436],[-49.5666744,-23.4941644],[-49.5485197,-23.4956601],[-49.5283316,-23.5108399],[-49.5131993,-23.5079098],[-49.4489314,-23.5621244],[-49.4337533,-23.5520177],[-49.420136,-23.5624954],[-49.4179636,-23.5762719],[-49.4006683,-23.5790903],[-49.4022275,-23.6297614],[-49.3599499,-23.6506578],[-49.3591989,-23.6769955],[-49.3263199,-23.6818668],[-49.3013389,-23.7378468],[-49.3375386,-23.7493432],[-49.3418726,-23.7709152],[-49.3342068,-23.7815455],[-49.3628464,-23.7703686],[-49.3568537,-23.765173],[-49.3614444,-23.7595486],[-49.3808935,-23.7727016],[-49.3832406,-23.7585625],[-49.4185142,-23.7851947],[-49.4706851,-23.7709084],[-49.4988154,-23.7887228],[-49.5086839,-23.7861362],[-49.5033147,-23.7995035],[-49.5199332,-23.8067534],[-49.5365116,-23.7936624],[-49.5596818,-23.7936084],[-49.5705474,-23.7783666],[-49.5605048,-23.7613066],[-49.5734628,-23.7560396],[-49.5638126,-23.7500814],[-49.5640497,-23.7322193],[-49.5487926,-23.7362925],[-49.5555161,-23.7221308],[-49.5491992,-23.7040164],[-49.5746715,-23.6760411],[-49.5440194,-23.6519949]]]}},{"type":"Feature","properties":{"level":"municipio","municipality_code":"3523008","municipality_name":"Itapura","uf":"SP","state_code":"35","area_km2":301.653},"geometry":{"type":"Polygon","coordinates":[[[-51.445473,-20.6690965],[-51.4943789,-20.6701021],[-51.5215922,-20.6403896],[-51.5751862,-20.6234191],[-51.5002223,-20.5682163],[-51.4492291,-20.4828154],[-51.4188473,-20.4650352],[-51.3798739,-20.5056183],[-51.38603,-20.5480452],[-51.4018531,-20.5693716],[-51.3855385,-20.5832718],[-51.3660753,-20.5847485],[-51.3665321,-20.6272634],[-51.353123,-20.6375197],[-51.3423228,-20.6798484],[-51.3774624,-20.6897236],[-51.445473,-20.6690965]]]}},{"type":"Feature","properties":{"level":"municipio","municipality_code":"3522901","municipality_name":"Itapuí","uf":"SP","state_code":"35","area_km2":140.023},"geometry":{"type":"Polygon","coordinates":[[[-48.701898,-22.3194944],[-48.7338965,-22.3160248],[-48.7528353,-22.2645799],[-48.7660201,-22.254311],[-48.7717748,-22.2293382],[-48.7645279,-22.2161883],[-48.7388138,-22.2206674],[-48.7354094,-22.201466],[-48.7144879,-22.1802406],[-48.6503301,-22.2058351],[-48.6522008,-22.2259737],[-48.6443063,-22.2260967],[-48.6467994,-22.2342463],[-48.6292928,-22.2542018],[-48.6593405,-22.2963797],[-48.701898,-22.3194944]]]}},{"type":"Feature","properties":{"level":"municipio","municipality_code":"3523107","municipality_name":"Itaquaquecetuba","uf":"SP","state_code":"35","area_km2":82.622},"geometry":{"type":"Polygon","coordinates":[[[-46.2813657,-23.480002],[-46.2985752,-23.4963848],[-46.331004,-23.488877],[-46.3360302,-23.5007535],[-46.3298609,-23.5057048],[-46.353634,-23.504813],[-46.3663957,-23.5121558],[-46.397284,-23.446475],[-46.3835979,-23.4445278],[-46.3881219,-23.4377908],[-46.3827487,-23.43313],[-46.359134,-23.438469],[-46.352337,-23.420836],[-46.3223181,-23.4255126],[-46.3129324,-23.41613],[-46.2887545,-23.4345022],[-46.2705992,-23.4298831],[-46.2740934,-23.4501251],[-46.2870061,-23.4600126],[-46.2813657,-23.480002]]]}},{"type":"Feature","properties":{"level":"municipio","municipality_code":"3523206","municipality_name":"Itararé","uf":"SP","state_code":"35","area_km2":1003.86},"geometry":{"type":"Polygon","coordinates":[[[-49.3689221,-24.1164223],[-49.3891,-24.1196287],[-49.4091526,-24.1082562],[-49.4048821,-24.0958494],[-49.4300107,-24.088536],[-49.4353899,-24.0750948],[-49.4297862,-24.0687088],[-49.4389829,-24.0687478],[-49.4378235,-24.0587863],[-49.4575401,-24.0494852],[-49.4634431,-24.0274358],[-49.4737593,-24.0273149],[-49.4743817,-24.0200597],[-49.4871537,-24.0245998],[-49.4920688,-24.0142649],[-49.480571,-24.0061714],[-49.4981248,-23.9938083],[-49.4936847,-23.9775958],[-49.5006007,-23.9694895],[-49.5167568,-23.9701225],[-49.4996328,-23.9584294],[-49.5039222,-23.9471733],[-49.5210997,-23.9461018],[-49.5244665,-23.9351531],[-49.508046,-23.9337246],[-49.5223359,-23.9165646],[-49.4990789,-23.9066069],[-49.4521248,-23.9191564],[-49.4297374,-23.9061061],[-49.3536402,-23.9058388],[-49.3370021,-23.8979717],[-49.3300024,-23.9048594],[-49.2813643,-23.8845274],[-49.2730585,-23.9017531],[-49.2619162,-23.8964763],[-49.2499764,-23.9057305],[-49.254831,-23.9144515],[-49.245289,-23.917471],[-49.2460141,-23.9421946],[-49.2192362,-23.9720851],[-49.2258511,-23.9804325],[-49.2058204,-23.9836647],[-49.2011236,-24.001551],[-49.2089841,-24.0226242],[-49.1949602,-24.027396],[-49.1913197,-24.0377134],[-49.1919211,-24.0584202],[-49.2011538,-24.0699333],[-49.1987093,-24.102204],[-49.1642899,-24.1185423],[-49.1422603,-24.145597],[-49.1385898,-24.1826587],[-49.1223459,-24.2060628],[-49.1366806,-24.2132434],[-49.1425944,-24.2333556],[-49.1518471,-24.2379731],[-49.1545365,-24.2581132],[-49.1535083,-24.2637522],[-49.1484603,-24.2583857],[-49.1457568,-24.2750713],[-49.1710392,-24.2878438],[-49.1845084,-24.278918],[-49.2142127,-24.3051149],[-49.2315949,-24.2925524],[-49.2542359,-24.3179175],[-49.274712,-24.3054811],[-49.2830399,-24.3088642],[-49.2887126,-24.291794],[-49.2986741,-24.2878085],[-49.3053741,-24.251431],[-49.3559578,-24.2145123],[-49.3415441,-24.203122],[-49.3463175,-24.1911924],[-49.3403453,-24.1571793],[-49.3324594,-24.1501208],[-49.3369623,-24.1370462],[-49.3614279,-24.1281116],[-49.3689221,-24.1164223]]]}},{"type":"Feature","properties":{"level":"municipio","municipality_code":"3523305","municipality_name":"Itariri","uf":"SP","state_code":"35","area_km2":273.667},"geometry":{"type":"Polygon","coordinates":[[[-47.0512695,-24.273831],[-47.021076,-24.282927],[-47.044991,-24.334389],[-47.095877,-24.353939],[-47.109576,-24.351163],[-47.125959,-24.366332],[-47.1468736,-24.364338],[-47.1473197,-24.3579899],[-47.1558761,-24.3675119],[-47.1738727,-24.3646682],[-47.1806144,-24.3750541],[-47.1941652,-24.3627299],[-47.2258317,-24.3753111],[-47.2482087,-24.3729516],[-47.2466353,-24.3591752],[-47.2329174,-24.3588929],[-47.2402309,-24.347612],[-47.2325069,-24.3289771],[-47.2070143,-24.3239297],[-47.2104306,-24.3097476],[-47.1932993,-24.2612963],[-47.1973726,-24.2440588],[-47.1779148,-24.2341138],[-47.1727831,-24.2208644],[-47.1446943,-24.2138],[-47.1479719,-24.2070593],[-47.134189,-24.1965635],[-47.1247159,-24.1964127],[-47.1323642,-24.2152673],[-47.1208989,-24.2235878],[-47.1042967,-24.2254671],[-47.1008081,-24.2151264],[-47.0828162,-24.2185815],[-47.069,-24.201267],[-47.039449,-24.222053],[-47.029253,-24.219716],[-47.056649,-24.261904],[-47.0512695,-24.273831]]]}},{"type":"Feature","properties":{"level":"municipio","municipality_code":"3523404","municipality_name":"Itatiba","uf":"SP","state_code":"35","area_km2":322.269},"geometry":{"type":"Polygon","coordinates":[[[-46.8124993,-23.1068226],[-46.8465039,-23.0980511],[-46.8776141,-23.0662382],[-46.9096315,-23.0576405],[-46.9159937,-23.0457482],[-46.9034347,-23.0363109],[-46.9273549,-22.9879363],[-46.9246966,-22.9707488],[-46.9026623,-22.9483235],[-46.875908,-22.9380344],[-46.878251,-22.926985],[-46.8614989,-22.9415706],[-46.8226596,-22.9303862],[-46.8000069,-22.9352935],[-46.7881723,-22.9232875],[-46.771331,-22.9220432],[-46.7509191,-22.9384893],[-46.7038576,-22.9262979],[-46.6707901,-22.929006],[-46.6982782,-22.9581252],[-46.7203939,-22.9666763],[-46.7171007,-22.9786567],[-46.7354422,-22.9797843],[-46.7406645,-22.9941557],[-46.763926,-23.0037201],[-46.7482718,-23.0130457],[-46.7342679,-23.010891],[-46.7239295,-23.0282617],[-46.7450052,-23.0546222],[-46.7508437,-23.0879398],[-46.766942,-23.0995383],[-46.7866171,-23.097027],[-46.8124993,-23.1068226]]]}},{"type":"Feature","properties":{"level":"municipio","municipality_code":"3523503","municipality_name":"Itatinga","uf":"SP","state_code":"35","area_km2":979.817},"geometry":{"type":"Polygon","coordinates":[[[-48.6111753,-23.0402521],[-48.565662,-23.0366264],[-48.5464197,-23.0525289],[-48.4808235,-23.0752897],[-48.4660836,-23.1004426],[-48.4605211,-23.1542552],[-48.429108,-23.2052693],[-48.4522313,-23.2108106],[-48.4692385,-23.2406168],[-48.4916084,-23.2506175],[-48.4952561,-23.2646502],[-48.5540976,-23.2793638],[-48.5674959,-23.2965667],[-48.5790202,-23.2965978],[-48.5905088,-23.314921],[-48.6787059,-23.3421924],[-48.7073429,-23.3407613],[-48.7094026,-23.3190814],[-48.7327732,-23.3196383],[-48.7739979,-23.3024208],[-48.7765111,-23.2848212],[-48.7666115,-23.2712247],[-48.7724282,-23.2657862],[-48.7449289,-23.2508106],[-48.7475295,-23.2377497],[-48.7354334,-23.2090581],[-48.7448884,-23.1979319],[-48.7444583,-23.1658937],[-48.7339076,-23.1477836],[-48.7509665,-23.1152678],[-48.741319,-23.0898977],[-48.7641243,-23.0781292],[-48.7787095,-23.0539547],[-48.7610969,-23.0110899],[-48.7614393,-22.9926331],[-48.7776459,-22.965545],[-48.7150178,-22.9430551],[-48.6852841,-22.9478803],[-48.6401962,-22.9702851],[-48.6378783,-23.0177336],[-48.6277559,-23.0331948],[-48.6111753,-23.0402521]]]}},{"type":"Feature","properties":{"level":"municipio","municipality_code":"3521804","municipality_name":"Itaí","uf":"SP","state_code":"35","area_km2":1092.884},"geometry":{"type":"Polygon","coordinates":[[[-49.1171983,-23.5651107],[-49.121089,-23.5563257],[-49.1302328,-23.5589191],[-49.1343205,-23.5470225],[-49.1555124,-23.5505842],[-49.160676,-23.5429136],[-49.1648194,-23.5177048],[-49.1544223,-23.5097795],[-49.1706815,-23.4921965],[-49.1562283,-23.4762289],[-49.1889866,-23.4410457],[-49.179985,-23.4252661],[-49.1906732,-23.4293419],[-49.2129551,-23.4190434],[-49.206904,-23.4049443],[-49.2234083,-23.3864445],[-49.204842,-23.3820099],[-49.2168077,-23.3512751],[-49.2021219,-23.3103655],[-49.2173373,-23.2985237],[-49.1976532,-23.2879181],[-49.2107962,-23.2455123],[-49.1841519,-23.2577284],[-49.1351108,-23.2642939],[-49.083135,-23.2653407],[-49.0549751,-23.2567431],[-49.0126347,-23.2621849],[-48.9848937,-23.2877615],[-49.0017184,-23.3642832],[-48.9956558,-23.3881551],[-48.9303349,-23.4580716],[-48.9297446,-23.4678086],[-48.9196943,-23.4706297],[-48.9163956,-23.4834789],[-48.9067848,-23.4822989],[-48.8976811,-23.5075278],[-48.8530972,-23.5388915],[-48.8423217,-23.5786585],[-48.8228358,-23.5955875],[-48.8441707,-23.5939927],[-48.9251536,-23.626426],[-48.9783178,-23.6234093],[-48.992164,-23.6421648],[-49.0068942,-23.6328249],[-49.0277921,-23.6535405],[-49.0327924,-23.6775923],[-49.1327337,-23.7214747],[-49.1415814,-23.7120809],[-49.134141,-23.6986493],[-49.141494,-23.6906409],[-49.1340905,-23.6810698],[-49.1399732,-23.672765],[-49.1331519,-23.6702601],[-49.1363372,-23.6615736],[-49.1247602,-23.6513961],[-49.1204292,-23.6317902],[-49.1357352,-23.6132713],[-49.1204554,-23.6044068],[-49.1279803,-23.5981205],[-49.1270911,-23.5832386],[-49.1171983,-23.5651107]]]}},{"type":"Feature","properties":{"level":"municipio","municipality_code":"3523602","municipality_name":"Itirapina","uf":"SP","state_code":"35","area_km2":564.603},"geometry":{"type":"Polygon","coordinates":[[[-47.8256622,-22.443195],[-47.8569231,-22.443187],[-47.8532487,-22.4316043],[-47.8786422,-22.4344308],[-47.8927521,-22.4243299],[-47.9116381,-22.4321128],[-47.9238289,-22.4066075],[-47.9540448,-22.3981412],[-47.9433226,-22.3838168],[-47.9598785,-22.3666126],[-47.9494306,-22.3206561],[-47.9319835,-22.329586],[-47.9400195,-22.3148797],[-47.9268179,-22.3054116],[-47.9244793,-22.27888],[-47.9108691,-22.2642623],[-47.9055317,-22.2306543],[-47.8979719,-22.2179882],[-47.8795511,-22.211636],[-47.902944,-22.171416],[-47.8998447,-22.1572068],[-47.8859573,-22.1524143],[-47.8736452,-22.1583498],[-47.8620609,-22.1506619],[-47.8515759,-22.15653],[-47.8308129,-22.1481933],[-47.8148872,-22.1613425],[-47.8086526,-22.1329725],[-47.7997673,-22.1281515],[-47.788703,-22.145879],[-47.760452,-22.163217],[-47.7545,-22.191143],[-47.728437,-22.188237],[-47.731188,-22.202742],[-47.710616,-22.2526207],[-47.7240468,-22.2796413],[-47.7136636,-22.3019099],[-47.7206573,-22.3066242],[-47.7306657,-22.2986973],[-47.7398668,-22.3165613],[-47.7652056,-22.3331898],[-47.7603345,-22.3404103],[-47.7804862,-22.3716055],[-47.7736923,-22.3729804],[-47.7877901,-22.3940456],[-47.7955844,-22.4266189],[-47.7736789,-22.4496804],[-47.7973166,-22.4488274],[-47.8135779,-22.4569678],[-47.8256622,-22.443195]]]}},{"type":"Feature","properties":{"level":"municipio","municipality_code":"3523701","municipality_name":"Itirapuã","uf":"SP","state_code":"35","area_km2":161.118},"geometry":{"type":"Polygon","coordinates":[[[-47.222949,-20.7053484],[-47.2529075,-20.6481621],[-47.2023197,-20.6101621],[-47.15492,-20.6015825],[-47.151493,-20.5870994],[-47.1411283,-20.581177],[-47.1427522,-20.5655914],[-47.1323961,-20.5907839],[-47.1230899,-20.5937923],[-47.1233226,-20.6127225],[-47.1087345,-20.6208048],[-47.1126809,-20.6380843],[-47.0974565,-20.6438768],[-47.095922,-20.6522339],[-47.1012353,-20.6831658],[-47.1153009,-20.7072048],[-47.1655985,-20.7014877],[-47.1702735,-20.7186306],[-47.1919387,-20.7322105],[-47.2081464,-20.7061827],[-47.222949,-20.7053484]]]}},{"type":"Feature","properties":{"level":"municipio","municipality_code":"3523800","municipality_name":"Itobi","uf":"SP","state_code":"35","area_km2":138.986},"geometry":{"type":"Polygon","coordinates":[[[-46.8724262,-21.7078996],[-46.8429991,-21.7603492],[-46.8546166,-21.7798407],[-46.8950739,-21.7848897],[-46.9228822,-21.8143791],[-46.9485298,-21.8202248],[-46.9626714,-21.8167169],[-46.9541883,-21.7969455],[-46.9673682,-21.7610177],[-46.9816612,-21.753954],[-46.9836494,-21.7413169],[-46.9949518,-21.7436777],[-47.0108846,-21.7334803],[-46.9763674,-21.715931],[-46.982598,-21.7123262],[-46.9796336,-21.7000133],[-46.8886824,-21.6962012],[-46.8724262,-21.7078996]]]}},{"type":"Feature","properties":{"level":"municipio","municipality_code":"3523909","municipality_name":"Itu","uf":"SP","state_code":"35","area_km2":640.719},"geometry":{"type":"Polygon","coordinates":[[[-47.1858484,-23.2841808],[-47.1612867,-23.3076691],[-47.1666191,-23.3125045],[-47.1614648,-23.3205446],[-47.1737557,-23.3256009],[-47.1710859,-23.3378464],[-47.1429673,-23.3483076],[-47.1367999,-23.3586429],[-47.1317447,-23.3749375],[-47.1424481,-23.3926549],[-47.1375535,-23.4107868],[-47.169991,-23.419697],[-47.2422389,-23.4182706],[-47.2792743,-23.4317533],[-47.3007538,-23.4173928],[-47.3157144,-23.4357461],[-47.340309,-23.436762],[-47.36922,-23.404479],[-47.350903,-23.390115],[-47.384925,-23.3932],[-47.404298,-23.356115],[-47.418991,-23.35646],[-47.4252066,-23.3173107],[-47.4039733,-23.2974603],[-47.4150705,-23.2646276],[-47.4337766,-23.2408429],[-47.4224475,-23.2217302],[-47.4391464,-23.1926215],[-47.4190716,-23.1941694],[-47.4239078,-23.1867627],[-47.4182204,-23.1678715],[-47.389562,-23.154664],[-47.363412,-23.181077],[-47.361042,-23.193594],[-47.344137,-23.199057],[-47.34376,-23.21432],[-47.325731,-23.234291],[-47.3080283,-23.2234087],[-47.297478,-23.23313],[-47.2599014,-23.2370603],[-47.257398,-23.229999],[-47.2437,-23.230026],[-47.240671,-23.217379],[-47.211596,-23.189856],[-47.1958772,-23.1869612],[-47.1574365,-23.201752],[-47.1299684,-23.2032119],[-47.1160354,-23.2250587],[-47.1417397,-23.2538902],[-47.1763552,-23.2572275],[-47.1909835,-23.2461014],[-47.1858484,-23.2841808]]]}},{"type":"Feature","properties":{"level":"municipio","municipality_code":"3524006","municipality_name":"Itupeva","uf":"SP","state_code":"35","area_km2":200.876},"geometry":{"type":"Polygon","coordinates":[[[-47.0476552,-23.2452676],[-47.0886102,-23.2374156],[-47.098804,-23.2226497],[-47.1128121,-23.2260342],[-47.1068786,-23.2124946],[-47.1201435,-23.198864],[-47.1135779,-23.1787296],[-47.133716,-23.1465744],[-47.1471032,-23.1041357],[-47.1171255,-23.1031286],[-47.1111833,-23.0935862],[-47.08432,-23.0896934],[-47.0922471,-23.0582487],[-47.070169,-23.047636],[-47.0425693,-23.0525148],[-46.9953727,-23.1153499],[-47.0055931,-23.1188371],[-47.0243648,-23.1504999],[-47.008113,-23.1878041],[-47.0214832,-23.1913541],[-47.028871,-23.203316],[-47.0210002,-23.2236253],[-47.0283725,-23.2366685],[-47.0443693,-23.2380446],[-47.0476552,-23.2452676]]]}},{"type":"Feature","properties":{"level":"municipio","municipality_code":"3524105","municipality_name":"Ituverava","uf":"SP","state_code":"35","area_km2":704.659},"geometry":{"type":"Polygon","coordinates":[[[-47.8066649,-20.3888744],[-47.8875581,-20.3889395],[-47.9144348,-20.4165187],[-47.9311423,-20.4038357],[-47.9243903,-20.3828045],[-47.9328727,-20.369419],[-47.9485382,-20.3805895],[-47.9648653,-20.3812056],[-47.9951244,-20.3640471],[-48.0397651,-20.3606874],[-48.0135802,-20.3221487],[-47.9700872,-20.2927992],[-47.983437,-20.2803233],[-47.9765592,-20.261961],[-47.9609511,-20.2729828],[-47.9246609,-20.246957],[-47.9335748,-20.2329372],[-47.9269637,-20.2278618],[-47.9294652,-20.2149216],[-47.9141044,-20.2107912],[-47.9099164,-20.1752805],[-47.8895105,-20.1557889],[-47.8716036,-20.1691633],[-47.8714346,-20.1926023],[-47.8566285,-20.1942734],[-47.8634131,-20.2048336],[-47.8492491,-20.2078408],[-47.853793,-20.2151172],[-47.8476055,-20.2180222],[-47.8619884,-20.2283052],[-47.8454822,-20.2469249],[-47.8369262,-20.2416348],[-47.8229106,-20.2586506],[-47.8013075,-20.2552867],[-47.7920278,-20.2614875],[-47.7760351,-20.255152],[-47.7737375,-20.2460022],[-47.732501,-20.2492049],[-47.7010343,-20.27659],[-47.6436186,-20.2897018],[-47.6430376,-20.315764],[-47.6263754,-20.327169],[-47.6186134,-20.3644051],[-47.6330935,-20.4013781],[-47.6262583,-20.4098762],[-47.6657509,-20.4278729],[-47.6340752,-20.4421322],[-47.6152159,-20.481674],[-47.6266206,-20.4803572],[-47.6373963,-20.4654223],[-47.6983046,-20.4547722],[-47.735415,-20.4399075],[-47.7698647,-20.4182639],[-47.7716122,-20.4068062],[-47.7899157,-20.4049545],[-47.8066649,-20.3888744]]]}},{"type":"Feature","properties":{"level":"municipio","municipality_code":"3522703","municipality_name":"Itápolis","uf":"SP","state_code":"35","area_km2":996.747},"geometry":{"type":"Polygon","coordinates":[[[-48.8384743,-21.6730941],[-48.8774551,-21.6512322],[-48.8863762,-21.6598107],[-48.8985747,-21.6566466],[-48.8994115,-21.670587],[-48.9119299,-21.6681],[-48.9115247,-21.674205],[-48.933872,-21.6602849],[-48.9528312,-21.6753741],[-48.9718369,-21.6746867],[-48.9632208,-21.6694865],[-48.9637211,-21.6613063],[-48.9733205,-21.6601995],[-48.9614593,-21.6350742],[-48.9681604,-21.633805],[-48.9738607,-21.5875485],[-48.9626203,-21.5714712],[-48.9706626,-21.5570563],[-48.9626557,-21.5469025],[-48.9853174,-21.5203238],[-49.000333,-21.4859727],[-48.9913771,-21.4562038],[-48.9824537,-21.4535434],[-48.9810953,-21.4160501],[-48.9700415,-21.425148],[-48.9492886,-21.425989],[-48.9483302,-21.3991662],[-48.902234,-21.3709091],[-48.8766187,-21.3934079],[-48.8360673,-21.3927607],[-48.8238967,-21.4079771],[-48.7942132,-21.4087816],[-48.7748725,-21.42738],[-48.7261589,-21.4196682],[-48.714716,-21.4311267],[-48.7192471,-21.4475744],[-48.7163766,-21.4668226],[-48.7052917,-21.4790232],[-48.7089361,-21.4885685],[-48.6626845,-21.4901484],[-48.6666292,-21.5448097],[-48.6517685,-21.5457046],[-48.637781,-21.566468],[-48.6286893,-21.5585279],[-48.606922,-21.5674409],[-48.5863318,-21.5655711],[-48.5742289,-21.5786356],[-48.5845211,-21.6280738],[-48.6237701,-21.6174747],[-48.6464241,-21.6297965],[-48.6773853,-21.627063],[-48.6787372,-21.6850719],[-48.6901261,-21.6861423],[-48.694642,-21.6790667],[-48.7217755,-21.6885994],[-48.7371142,-21.6827529],[-48.7526354,-21.6884065],[-48.7578921,-21.6993614],[-48.7757694,-21.6982778],[-48.8013257,-21.7163646],[-48.824578,-21.6974614],[-48.8384743,-21.6730941]]]}},{"type":"Feature","properties":{"level":"municipio","municipality_code":"3524204","municipality_name":"Jaborandi","uf":"SP","state_code":"35","area_km2":273.438},"geometry":{"type":"Polygon","coordinates":[[[-48.491798,-20.6060737],[-48.4790132,-20.5837568],[-48.4323055,-20.561102],[-48.4104456,-20.5754856],[-48.4013835,-20.5640097],[-48.3774107,-20.5805082],[-48.3445976,-20.5752838],[-48.3254879,-20.5829716],[-48.3216328,-20.6079006],[-48.3471268,-20.6260861],[-48.3507531,-20.6446934],[-48.3335928,-20.6653676],[-48.3402439,-20.7019229],[-48.3578748,-20.7063518],[-48.3580586,-20.7136626],[-48.4129266,-20.7463908],[-48.4370819,-20.7527386],[-48.4426814,-20.7403662],[-48.4593907,-20.7376721],[-48.4584257,-20.7255534],[-48.4915503,-20.6950475],[-48.489855,-20.6316494],[-48.5256638,-20.6351359],[-48.5176339,-20.6161325],[-48.491798,-20.6060737]]]}},{"type":"Feature","properties":{"level":"municipio","municipality_code":"3524303","municipality_name":"Jaboticabal","uf":"SP","state_code":"35","area_km2":706.602},"geometry":{"type":"Polygon","coordinates":[[[-48.3365434,-21.3314852],[-48.3517057,-21.3211564],[-48.4268243,-21.3186527],[-48.437156,-21.2973478],[-48.4249712,-21.2752747],[-48.4398217,-21.2493135],[-48.4275659,-21.2313448],[-48.450489,-21.211337],[-48.427356,-21.1958835],[-48.4214854,-21.1729904],[-48.3859782,-21.1685683],[-48.3483657,-21.1306305],[-48.3744542,-21.1094295],[-48.344744,-21.1053186],[-48.3537456,-21.0818618],[-48.3308301,-21.0634086],[-48.2911051,-21.0627149],[-48.2695078,-21.0818517],[-48.2414762,-21.0874986],[-48.1875121,-21.0856436],[-48.1902594,-21.1181659],[-48.1815472,-21.1520357],[-48.1689569,-21.158954],[-48.1783124,-21.1866842],[-48.1705731,-21.2157684],[-48.1521799,-21.2393333],[-48.1407558,-21.2385912],[-48.1355832,-21.2706496],[-48.1414843,-21.3175586],[-48.1750743,-21.3141624],[-48.2110723,-21.3352472],[-48.228256,-21.3248782],[-48.2454668,-21.3304227],[-48.2672766,-21.3164508],[-48.2644808,-21.3313876],[-48.274151,-21.3533284],[-48.3118164,-21.3607467],[-48.3342369,-21.348138],[-48.3365434,-21.3314852]]]}},{"type":"Feature","properties":{"level":"municipio","municipality_code":"3524402","municipality_name":"Jacareí","uf":"SP","state_code":"35","area_km2":464.272},"geometry":{"type":"Polygon","coordinates":[[[-45.906338,-23.293283],[-45.847566,-23.306683],[-45.834374,-23.293759],[-45.793684,-23.292553],[-45.806177,-23.303298],[-45.804383,-23.340981],[-45.814597,-23.337228],[-45.825497,-23.347214],[-45.838604,-23.335353],[-45.845173,-23.35585],[-45.856652,-23.355962],[-45.86151,-23.375563],[-45.879561,-23.367169],[-45.883691,-23.375724],[-45.900501,-23.368917],[-45.894891,-23.393613],[-45.930175,-23.366212],[-45.917773,-23.391833],[-45.930873,-23.382558],[-45.931299,-23.396467],[-45.945417,-23.38915],[-45.975077,-23.401586],[-45.9873849,-23.419776],[-46.0014247,-23.3861069],[-46.026283,-23.3921015],[-46.03836,-23.3870078],[-46.0737088,-23.3421546],[-46.098993,-23.326004],[-46.098649,-23.309239],[-46.113814,-23.299335],[-46.113807,-23.285691],[-46.1369,-23.287429],[-46.15358,-23.266063],[-46.129032,-23.250454],[-46.090761,-23.207414],[-46.079883,-23.205992],[-46.079502,-23.185395],[-46.05886,-23.172296],[-46.051267,-23.177724],[-46.052698,-23.188404],[-46.03716,-23.189504],[-46.021176,-23.202382],[-46.007362,-23.199803],[-45.997747,-23.186397],[-45.981362,-23.20469],[-45.952864,-23.204838],[-45.949338,-23.215506],[-45.971298,-23.23415],[-45.9525953,-23.2573162],[-45.9212147,-23.2630797],[-45.906338,-23.293283]]]}},{"type":"Feature","properties":{"level":"municipio","municipality_code":"3524501","municipality_name":"Jaci","uf":"SP","state_code":"35","area_km2":145.133},"geometry":{"type":"Polygon","coordinates":[[[-49.6034822,-21.0029201],[-49.6349573,-20.971709],[-49.6257045,-20.9013143],[-49.617209,-20.8930608],[-49.6268479,-20.8799705],[-49.5646073,-20.8590421],[-49.5382676,-20.8674836],[-49.5362393,-20.886285],[-49.5657204,-20.9231536],[-49.5218666,-20.9772549],[-49.5377023,-21.0123423],[-49.557438,-21.0246665],[-49.5735742,-21.0169025],[-49.6027771,-21.0252936],[-49.6034822,-21.0029201]]]}},{"type":"Feature","properties":{"level":"municipio","municipality_code":"3524600","municipality_name":"Jacupiranga","uf":"SP","state_code":"35","area_km2":704.136},"geometry":{"type":"Polygon","coordinates":[[[-47.9535186,-24.6964274],[-47.9643369,-24.7202242],[-47.9581326,-24.7318435],[-47.9635081,-24.7413196],[-47.945358,-24.7719551],[-47.9272176,-24.7806779],[-47.9259074,-24.7950733],[-47.9385266,-24.8107635],[-47.9137124,-24.8372764],[-47.9155228,-24.8560955],[-47.9548825,-24.835982],[-47.9632773,-24.8602137],[-47.9596899,-24.8787135],[-47.9830268,-24.8661851],[-47.9915855,-24.8465584],[-48.0124528,-24.8533596],[-48.0356097,-24.8361078],[-48.0519174,-24.8352887],[-48.0577707,-24.848449],[-48.043748,-24.8596335],[-48.0439688,-24.8844902],[-48.0352413,-24.8918724],[-48.0355883,-24.9167402],[-48.047108,-24.9267192],[-48.0250462,-24.9471791],[-48.0356904,-24.9663145],[-48.0783576,-24.9538443],[-48.0981928,-24.9618807],[-48.0996076,-24.9752335],[-48.1348268,-24.9793884],[-48.1394743,-24.9863285],[-48.1623031,-24.9648363],[-48.1804201,-24.9705814],[-48.2104716,-24.9569321],[-48.2254996,-24.9343842],[-48.2103938,-24.9212223],[-48.2111969,-24.9073537],[-48.1916129,-24.883718],[-48.1694694,-24.8751255],[-48.1571055,-24.8478728],[-48.1298606,-24.838378],[-48.1275303,-24.7955372],[-48.1038327,-24.7767515],[-48.0959306,-24.7581669],[-48.0824064,-24.7617802],[-48.0845483,-24.7563511],[-48.0625863,-24.75027],[-48.0632186,-24.7344874],[-48.0465497,-24.7197865],[-48.0948697,-24.6868328],[-48.0990011,-24.6736976],[-48.093331,-24.6710546],[-48.1282482,-24.6592919],[-48.1269868,-24.6071023],[-48.1355383,-24.5988154],[-48.0926007,-24.5812993],[-48.068634,-24.5852595],[-48.0330141,-24.5761835],[-48.0153141,-24.5821958],[-48.0014928,-24.5711567],[-47.9869292,-24.5841012],[-47.9470229,-24.5802945],[-47.9788005,-24.5917718],[-47.9658593,-24.6102833],[-47.979369,-24.6227149],[-47.9588693,-24.6277],[-47.9515499,-24.6384385],[-47.9376667,-24.6359729],[-47.9400626,-24.6264507],[-47.915502,-24.6310878],[-47.9259396,-24.6484091],[-47.9285768,-24.6772165],[-47.9411758,-24.6960459],[-47.9535186,-24.6964274]]]}},{"type":"Feature","properties":{"level":"municipio","municipality_code":"3524709","municipality_name":"Jaguariúna","uf":"SP","state_code":"35","area_km2":141.391},"geometry":{"type":"Polygon","coordinates":[[[-47.0061022,-22.6341772],[-46.9868216,-22.6355695],[-46.9795238,-22.6543784],[-46.9451755,-22.6559003],[-46.934741,-22.664789],[-46.9442505,-22.674582],[-46.930991,-22.6840033],[-46.9535036,-22.6903735],[-46.9460826,-22.7071073],[-46.9547505,-22.7171007],[-46.9498458,-22.7243913],[-46.964863,-22.735452],[-46.962803,-22.74304],[-46.990111,-22.745582],[-47.0311301,-22.7318953],[-47.0492954,-22.740063],[-47.0690384,-22.7295695],[-47.0774252,-22.7435895],[-47.1012871,-22.7504151],[-47.1007795,-22.7215689],[-47.0845572,-22.7133345],[-47.0809125,-22.7027106],[-47.0599291,-22.6977067],[-47.0647764,-22.6849118],[-47.0793144,-22.6789469],[-47.0677651,-22.6572333],[-47.0499239,-22.6463567],[-47.0411429,-22.6607393],[-47.0160464,-22.6572335],[-47.0313979,-22.6189981],[-47.0146534,-22.6085564],[-47.0061022,-22.6341772]]]}},{"type":"Feature","properties":{"level":"municipio","municipality_code":"3524808","municipality_name":"Jales","uf":"SP","state_code":"35","area_km2":368.574},"geometry":{"type":"Polygon","coordinates":[[[-50.571632,-20.1508212],[-50.5440078,-20.154685],[-50.5248191,-20.1667404],[-50.5157436,-20.2155515],[-50.4941433,-20.2403375],[-50.4866439,-20.2452794],[-50.4652242,-20.237543],[-50.4581862,-20.2734347],[-50.4808969,-20.3000742],[-50.4649009,-20.331607],[-50.4716265,-20.3458278],[-50.4686597,-20.3904657],[-50.4832689,-20.3823916],[-50.5094361,-20.3946154],[-50.5419327,-20.3771179],[-50.5756709,-20.3976894],[-50.6023003,-20.3966716],[-50.6148454,-20.3932925],[-50.6128395,-20.3760909],[-50.6192614,-20.3694218],[-50.6519639,-20.3577268],[-50.656831,-20.326775],[-50.6513316,-20.3138304],[-50.6381481,-20.3131097],[-50.6183432,-20.2737264],[-50.596475,-20.27551],[-50.5923256,-20.2684485],[-50.6122445,-20.2019659],[-50.6031692,-20.1620348],[-50.6110679,-20.130466],[-50.571632,-20.1508212]]]}},{"type":"Feature","properties":{"level":"municipio","municipality_code":"3524907","municipality_name":"Jambeiro","uf":"SP","state_code":"35","area_km2":184.413},"geometry":{"type":"Polygon","coordinates":[[[-45.748287,-23.255131],[-45.6407502,-23.1960316],[-45.6354065,-23.2046586],[-45.6216406,-23.2050711],[-45.6261641,-23.218667],[-45.6121589,-23.2471773],[-45.6437099,-23.2796379],[-45.6455546,-23.2911182],[-45.6768196,-23.3063031],[-45.7021459,-23.3264435],[-45.7057547,-23.3385399],[-45.7224537,-23.3338753],[-45.7210972,-23.3411867],[-45.7451945,-23.3527913],[-45.7650339,-23.3424374],[-45.7653145,-23.3518282],[-45.7849879,-23.3560565],[-45.808132,-23.324065],[-45.806081,-23.303075],[-45.763726,-23.251647],[-45.748287,-23.255131]]]}},{"type":"Feature","properties":{"level":"municipio","municipality_code":"3525003","municipality_name":"Jandira","uf":"SP","state_code":"35","area_km2":17.449},"geometry":{"type":"Polygon","coordinates":[[[-46.906844,-23.567571],[-46.907574,-23.553578],[-46.929601,-23.513183],[-46.915191,-23.512473],[-46.912637,-23.520612],[-46.895258,-23.524552],[-46.887231,-23.552862],[-46.860539,-23.544939],[-46.884214,-23.56911],[-46.906844,-23.567571]]]}},{"type":"Feature","properties":{"level":"municipio","municipality_code":"3525102","municipality_name":"Jardinópolis","uf":"SP","state_code":"35","area_km2":501.87},"geometry":{"type":"Polygon","coordinates":[[[-47.778568,-21.061756],[-47.821569,-21.068181],[-47.8729836,-21.0638877],[-47.8926967,-21.0392316],[-47.8730176,-21.0213553],[-47.872896,-21.012172],[-47.9071723,-21.0319599],[-47.9431281,-21.0324266],[-47.9573036,-21.0119856],[-47.9589634,-20.9948915],[-47.9728383,-20.9991756],[-47.9908604,-20.9911438],[-48.0017915,-20.9684149],[-47.9239919,-20.8827516],[-47.9032665,-20.8908836],[-47.8896356,-20.9098671],[-47.8705861,-20.8945375],[-47.8401088,-20.9106976],[-47.8088856,-20.8904961],[-47.7991895,-20.8897696],[-47.7960997,-20.8997594],[-47.7797464,-20.8944378],[-47.7654124,-20.9322528],[-47.7465701,-20.9434569],[-47.7185028,-20.938363],[-47.710205,-20.950195],[-47.726035,-20.974217],[-47.686864,-21.002747],[-47.671786,-21.068163],[-47.67787,-21.0794],[-47.691261,-21.081337],[-47.696146,-21.10023],[-47.719053,-21.120072],[-47.753238,-21.111176],[-47.762777,-21.095685],[-47.755749,-21.082121],[-47.784835,-21.087729],[-47.778568,-21.061756]]]}},{"type":"Feature","properties":{"level":"municipio","municipality_code":"3525201","municipality_name":"Jarinu","uf":"SP","state_code":"35","area_km2":207.549},"geometry":{"type":"Polygon","coordinates":[[[-46.7171642,-23.1906458],[-46.7732776,-23.1752281],[-46.786432,-23.1532344],[-46.8015179,-23.1513958],[-46.8083481,-23.1384327],[-46.7923863,-23.1185532],[-46.7968517,-23.1110922],[-46.7902391,-23.0978623],[-46.766942,-23.0995383],[-46.7508437,-23.0879398],[-46.7450052,-23.0546222],[-46.7242035,-23.029429],[-46.7342679,-23.010891],[-46.7482718,-23.0130457],[-46.763926,-23.0037201],[-46.7406645,-22.9941557],[-46.7354422,-22.9797843],[-46.7265464,-22.9837813],[-46.7160607,-22.9772821],[-46.7055909,-22.9845264],[-46.7020969,-23.0102429],[-46.6773137,-23.0347961],[-46.6858513,-23.0672356],[-46.6762465,-23.0839256],[-46.6703295,-23.1418132],[-46.6539291,-23.1624733],[-46.6593976,-23.1968223],[-46.6705297,-23.2149497],[-46.704857,-23.2046146],[-46.7111252,-23.2114573],[-46.7171642,-23.1906458]]]}},{"type":"Feature","properties":{"level":"municipio","municipality_code":"3525300","municipality_name":"Jaú","uf":"SP","state_code":"35","area_km2":687.103},"geometry":{"type":"Polygon","coordinates":[[[-48.3958081,-22.1929797],[-48.4576916,-22.3331636],[-48.4885659,-22.3395672],[-48.4748518,-22.3654854],[-48.4855725,-22.3731717],[-48.489931,-22.3928577],[-48.5028463,-22.3951831],[-48.5151556,-22.4103721],[-48.5096737,-22.4361185],[-48.5579992,-22.4251321],[-48.564521,-22.4126353],[-48.5863255,-22.4121989],[-48.5967357,-22.4241612],[-48.6091369,-22.4251628],[-48.5968058,-22.4411817],[-48.6419758,-22.4823136],[-48.6659077,-22.4611451],[-48.6651675,-22.4139088],[-48.6861024,-22.3974188],[-48.7327283,-22.3175057],[-48.701898,-22.3194944],[-48.6593405,-22.2963797],[-48.6489266,-22.2740585],[-48.6308867,-22.26064],[-48.6308795,-22.2454389],[-48.6419585,-22.2416061],[-48.6443063,-22.2260967],[-48.6522008,-22.2259737],[-48.6503301,-22.2058351],[-48.6738878,-22.1971996],[-48.6519685,-22.165876],[-48.6312719,-22.1671642],[-48.6224233,-22.1598032],[-48.6112515,-22.1788946],[-48.5784376,-22.198289],[-48.5496889,-22.1858252],[-48.5497602,-22.1985259],[-48.5315799,-22.1882791],[-48.5075018,-22.1938879],[-48.4769751,-22.171678],[-48.4561573,-22.1731016],[-48.4385989,-22.1573564],[-48.4317367,-22.1725521],[-48.4167599,-22.1608186],[-48.4197398,-22.1516088],[-48.3961891,-22.1217513],[-48.3953911,-22.1475066],[-48.3874387,-22.1596196],[-48.3457144,-22.1713639],[-48.3420625,-22.1823327],[-48.3573626,-22.2001554],[-48.3564584,-22.1914353],[-48.3616853,-22.1949382],[-48.3684549,-22.1866643],[-48.3958081,-22.1929797]]]}},{"type":"Feature","properties":{"level":"municipio","municipality_code":"3525409","municipality_name":"Jeriquara","uf":"SP","state_code":"35","area_km2":141.971},"geometry":{"type":"Polygon","coordinates":[[[-47.6106071,-20.2772968],[-47.5960916,-20.2891674],[-47.5620952,-20.2897431],[-47.5249714,-20.310309],[-47.5144304,-20.3045471],[-47.4987169,-20.3155884],[-47.5038539,-20.3597956],[-47.5266706,-20.3897322],[-47.5607106,-20.3866746],[-47.5795355,-20.3973939],[-47.5806725,-20.3911931],[-47.59941,-20.3931234],[-47.6209554,-20.4071327],[-47.6317957,-20.4046916],[-47.6185142,-20.3452704],[-47.6273634,-20.3255623],[-47.6421265,-20.3177458],[-47.6454422,-20.2882644],[-47.6106071,-20.2772968]]]}},{"type":"Feature","properties":{"level":"municipio","municipality_code":"3525508","municipality_name":"Joanópolis","uf":"SP","state_code":"35","area_km2":374.293},"geometry":{"type":"Polygon","coordinates":[[[-46.2710106,-22.9943127],[-46.297893,-22.987163],[-46.302147,-22.975854],[-46.322933,-22.984827],[-46.35919,-22.96394],[-46.36974,-22.971834],[-46.397332,-22.970515],[-46.395339,-22.938015],[-46.377093,-22.939495],[-46.338326,-22.897468],[-46.31607,-22.886978],[-46.2960609,-22.8981541],[-46.2790257,-22.8783476],[-46.2668638,-22.8756872],[-46.2585307,-22.8905747],[-46.2381712,-22.8941556],[-46.2341446,-22.8818228],[-46.1450279,-22.8571903],[-46.1368863,-22.8905415],[-46.1539895,-22.9124004],[-46.1390937,-22.9227553],[-46.0836619,-22.8915698],[-46.0639447,-22.8916433],[-46.043985,-22.90609],[-46.050711,-22.966223],[-46.067217,-22.980196],[-46.077621,-22.977227],[-46.082163,-22.98547],[-46.154148,-23.001437],[-46.184318,-23.00027],[-46.200863,-23.012631],[-46.231722,-22.989594],[-46.2710106,-22.9943127]]]}},{"type":"Feature","properties":{"level":"municipio","municipality_code":"3525706","municipality_name":"José Bonifácio","uf":"SP","state_code":"35","area_km2":860.2},"geometry":{"type":"Polygon","coordinates":[[[-49.5734289,-21.0722019],[-49.5690641,-21.0819889],[-49.5774645,-21.1166872],[-49.6114333,-21.1201391],[-49.6549484,-21.1641406],[-49.6628096,-21.1515237],[-49.6627149,-21.1257798],[-49.675376,-21.134944],[-49.733327,-21.133445],[-49.749628,-21.150969],[-49.762855,-21.152549],[-49.783884,-21.192615],[-49.783782,-21.208333],[-49.8150572,-21.2033156],[-49.824508,-21.237428],[-49.848634,-21.258983],[-49.8689121,-21.2607268],[-49.9127403,-21.2395726],[-49.9211211,-21.22594],[-49.9366518,-21.2327001],[-49.9915675,-21.2266661],[-49.9819015,-21.2217894],[-49.978148,-21.1790116],[-49.9632302,-21.1611106],[-49.9616146,-21.1334264],[-49.9461343,-21.1213852],[-49.9453369,-21.0989871],[-49.9203085,-21.0728778],[-49.9000709,-21.0753274],[-49.8624113,-21.0296548],[-49.8548884,-21.0181639],[-49.859282,-21.0054201],[-49.8208134,-20.9374034],[-49.7924276,-20.9340847],[-49.7663851,-20.9414634],[-49.7264361,-20.9320796],[-49.7055256,-20.9506206],[-49.7180317,-20.95941],[-49.7207382,-20.9759697],[-49.6959502,-20.9657277],[-49.6680672,-20.9652037],[-49.6596379,-20.9691528],[-49.6537297,-20.9946129],[-49.635344,-20.9712048],[-49.6276051,-20.9860819],[-49.6130822,-20.9923132],[-49.6118914,-21.0025279],[-49.6034822,-21.0029201],[-49.6027771,-21.0252936],[-49.5735742,-21.0169025],[-49.557438,-21.0246665],[-49.5672319,-21.0489515],[-49.5627838,-21.064974],[-49.5734289,-21.0722019]]]}},{"type":"Feature","properties":{"level":"municipio","municipality_code":"3525607","municipality_name":"João Ramalho","uf":"SP","state_code":"35","area_km2":415.452},"geometry":{"type":"Polygon","coordinates":[[[-50.7292886,-22.2017313],[-50.7230949,-22.2165107],[-50.7311036,-22.2199243],[-50.7288725,-22.2360418],[-50.7165936,-22.2524006],[-50.7589419,-22.3034925],[-50.7700051,-22.349841],[-50.7626964,-22.3838198],[-50.7866959,-22.4119235],[-50.7835444,-22.4351866],[-50.8001695,-22.4437106],[-50.8329566,-22.4198915],[-50.8557369,-22.4279839],[-50.8819849,-22.4206807],[-50.922303,-22.4445452],[-50.9352673,-22.4244206],[-50.9054864,-22.3482252],[-50.8685062,-22.3414007],[-50.8523099,-22.3554701],[-50.8435274,-22.3417402],[-50.8596865,-22.2827901],[-50.8411004,-22.267331],[-50.8389179,-22.2396479],[-50.8233535,-22.2386792],[-50.7679314,-22.1026058],[-50.7779924,-22.0906039],[-50.760161,-22.0847576],[-50.7525152,-22.0589015],[-50.7224985,-22.0449107],[-50.7057724,-22.021953],[-50.7047942,-22.0444309],[-50.7251517,-22.0913068],[-50.7096258,-22.1393407],[-50.7259463,-22.1680081],[-50.7173238,-22.1881211],[-50.7292886,-22.2017313]]]}},{"type":"Feature","properties":{"level":"municipio","municipality_code":"3525854","municipality_name":"Jumirim","uf":"SP","state_code":"35","area_km2":56.685},"geometry":{"type":"Polygon","coordinates":[[[-47.8395659,-23.0844972],[-47.7918814,-23.0489985],[-47.7803876,-23.0545452],[-47.7501418,-23.0918212],[-47.7463276,-23.1093149],[-47.7510147,-23.1220766],[-47.7917108,-23.1530087],[-47.8013849,-23.1389738],[-47.8362855,-23.1239752],[-47.8138912,-23.1232652],[-47.814753,-23.113561],[-47.806983,-23.1127153],[-47.8216029,-23.0855029],[-47.8395659,-23.0844972]]]}},{"type":"Feature","properties":{"level":"municipio","municipality_code":"3525904","municipality_name":"Jundiaí","uf":"SP","state_code":"35","area_km2":431.204},"geometry":{"type":"Polygon","coordinates":[[[-46.8543411,-23.2072625],[-46.848403,-23.240058],[-46.8169,-23.261017],[-46.80267,-23.257036],[-46.805451,-23.274673],[-46.815947,-23.282622],[-46.832081,-23.279062],[-46.838257,-23.287918],[-46.867464,-23.277939],[-46.9019133,-23.3075829],[-46.9224067,-23.3079266],[-46.9389736,-23.3235118],[-46.9591092,-23.3268291],[-46.969997,-23.3172887],[-46.9657103,-23.3095924],[-46.9723998,-23.301411],[-46.9632102,-23.2852654],[-46.9698312,-23.2604089],[-47.007418,-23.2683634],[-47.0176139,-23.2498931],[-47.0267696,-23.2474301],[-47.0281919,-23.2301026],[-47.0209429,-23.2232239],[-47.028871,-23.203316],[-47.0214832,-23.1913541],[-47.008113,-23.1878041],[-47.0243648,-23.1504999],[-47.0046497,-23.1180535],[-46.9840819,-23.1213722],[-46.968278,-23.1099989],[-46.9464866,-23.1110781],[-46.9383292,-23.0960608],[-46.8928348,-23.0988534],[-46.8666874,-23.0764251],[-46.842516,-23.0996774],[-46.8229799,-23.0974827],[-46.8124993,-23.1068226],[-46.7949359,-23.1008351],[-46.7923863,-23.1185532],[-46.8083318,-23.1389726],[-46.8015179,-23.1513958],[-46.786432,-23.1532344],[-46.7922364,-23.1866509],[-46.8323358,-23.1841267],[-46.854224,-23.200861],[-46.841453,-23.202854],[-46.8543411,-23.2072625]]]}},{"type":"Feature","properties":{"level":"municipio","municipality_code":"3526001","municipality_name":"Junqueirópolis","uf":"SP","state_code":"35","area_km2":582.565},"geometry":{"type":"Polygon","coordinates":[[[-51.3919663,-21.2804817],[-51.3378922,-21.293348],[-51.3388276,-21.2883613],[-51.3276908,-21.3003496],[-51.3387406,-21.3182811],[-51.3401328,-21.3460083],[-51.3650867,-21.3693065],[-51.3598739,-21.3871285],[-51.3690877,-21.4016547],[-51.3564799,-21.4163524],[-51.3662426,-21.4389563],[-51.3588257,-21.4544619],[-51.3696499,-21.47472],[-51.3638595,-21.4859284],[-51.3882973,-21.5265867],[-51.3959363,-21.5533087],[-51.387496,-21.5699218],[-51.4031836,-21.6101151],[-51.415795,-21.6097744],[-51.4156202,-21.6492025],[-51.4436934,-21.6639844],[-51.459534,-21.6825195],[-51.4763812,-21.6853124],[-51.4913513,-21.7068027],[-51.5224487,-21.7004798],[-51.5370768,-21.6843965],[-51.5223499,-21.6856721],[-51.5184467,-21.6656399],[-51.4957558,-21.6382934],[-51.4925146,-21.6200474],[-51.5024029,-21.6142518],[-51.5084425,-21.5878088],[-51.4761726,-21.5185643],[-51.4864269,-21.498315],[-51.4892946,-21.4646059],[-51.477851,-21.4478592],[-51.4857858,-21.4329317],[-51.4788265,-21.4121068],[-51.4949962,-21.3520193],[-51.5008085,-21.2877922],[-51.4895645,-21.243392],[-51.5027254,-21.2330202],[-51.5026971,-21.2222281],[-51.4948896,-21.2202989],[-51.4927386,-21.2305097],[-51.4714282,-21.2385697],[-51.4353074,-21.2457343],[-51.4309863,-21.2548491],[-51.3999064,-21.2666048],[-51.3919663,-21.2804817]]]}},{"type":"Feature","properties":{"level":"municipio","municipality_code":"3526209","municipality_name":"Juquitiba","uf":"SP","state_code":"35","area_km2":522.169},"geometry":{"type":"Polygon","coordinates":[[[-46.9977762,-24.052056],[-47.0066926,-24.0640637],[-47.0197131,-24.0583484],[-47.0539473,-24.0108453],[-47.0743219,-24.0238708],[-47.0918884,-24.0175419],[-47.10711,-23.9938027],[-47.1233842,-23.9968189],[-47.1226699,-24.0082232],[-47.1393643,-24.014195],[-47.1619549,-24.0031416],[-47.1999532,-24.000595],[-47.1887141,-23.9910786],[-47.1939578,-23.974705],[-47.2085219,-23.964861],[-47.19373,-23.9534207],[-47.2004468,-23.9391512],[-47.1889898,-23.9395908],[-47.1913352,-23.9280988],[-47.1794427,-23.9373471],[-47.1757494,-23.9318069],[-47.1600035,-23.9355852],[-47.1561578,-23.9212582],[-47.1384953,-23.9049422],[-47.1442635,-23.9014422],[-47.1349254,-23.8943573],[-47.1396797,-23.8899273],[-47.1272993,-23.876592],[-47.1323181,-23.8694218],[-47.1163658,-23.8404071],[-47.1029705,-23.8488482],[-47.0659032,-23.8434899],[-47.066045,-23.8379674],[-47.0511035,-23.844187],[-47.037748,-23.835447],[-46.9967042,-23.873017],[-46.9923398,-23.8937193],[-46.9739635,-23.8871186],[-46.9635547,-23.8933802],[-46.9463854,-23.9292813],[-46.9241608,-23.936911],[-46.9121832,-23.9343849],[-46.9038117,-23.9418611],[-46.8790807,-23.9282436],[-46.8544029,-23.9396915],[-46.810684,-23.920464],[-46.8067173,-23.9393747],[-46.8299233,-23.9473052],[-46.8237873,-23.9562359],[-46.8825104,-23.9839614],[-46.8751178,-24.0018095],[-46.8691756,-24.0007157],[-46.8733135,-24.0161061],[-46.8676694,-24.0191746],[-46.8853132,-24.0243842],[-46.8893107,-24.0385925],[-46.9003413,-24.0461444],[-46.9282027,-24.0450112],[-46.9379862,-24.0337458],[-46.9461481,-24.0436057],[-46.9666505,-24.0437792],[-46.9646748,-24.0583943],[-46.9786056,-24.0642507],[-46.9977762,-24.052056]]]}},{"type":"Feature","properties":{"level":"municipio","municipality_code":"3526100","municipality_name":"Juquiá","uf":"SP","state_code":"35","area_km2":812.799},"geometry":{"type":"Polygon","coordinates":[[[-47.487594,-24.0995195],[-47.4826426,-24.1306345],[-47.5008022,-24.1331947],[-47.5316203,-24.1684017],[-47.570859,-24.1884047],[-47.5489151,-24.2252297],[-47.5565124,-24.2427846],[-47.5512718,-24.2493973],[-47.5753399,-24.2680308],[-47.5630281,-24.2982638],[-47.5707434,-24.2995151],[-47.5719143,-24.3091934],[-47.587965,-24.3070583],[-47.5910456,-24.3158594],[-47.5827637,-24.3134847],[-47.5591454,-24.3344738],[-47.5654577,-24.3464273],[-47.557721,-24.3681739],[-47.5827641,-24.366508],[-47.5996275,-24.3747754],[-47.6217983,-24.3680058],[-47.6577579,-24.3804299],[-47.6762862,-24.3775753],[-47.7169739,-24.3981073],[-47.7540112,-24.3837109],[-47.7784854,-24.3562775],[-47.800291,-24.351689],[-47.792614,-24.33184],[-47.803377,-24.311424],[-47.775276,-24.297639],[-47.768807,-24.277862],[-47.777105,-24.269798],[-47.757365,-24.254506],[-47.770541,-24.236678],[-47.762777,-24.230415],[-47.765219,-24.207046],[-47.777435,-24.203402],[-47.780261,-24.139737],[-47.7507098,-24.1227949],[-47.7247138,-24.1181054],[-47.7235017,-24.1065195],[-47.7357805,-24.1029897],[-47.7238899,-24.0798208],[-47.7024776,-24.0737813],[-47.6734558,-24.0413167],[-47.6378877,-24.0438176],[-47.6256255,-24.0343053],[-47.6136346,-24.05181],[-47.6360295,-24.0996885],[-47.6338617,-24.1128546],[-47.6248238,-24.113107],[-47.5960099,-24.0797849],[-47.5919308,-24.0884169],[-47.5828118,-24.0754528],[-47.570456,-24.0780219],[-47.562771,-24.0395616],[-47.549547,-24.0364096],[-47.4988455,-24.0529062],[-47.4922383,-24.0702213],[-47.4773281,-24.0813234],[-47.487594,-24.0995195]]]}},{"type":"Feature","properties":{"level":"municipio","municipality_code":"3525805","municipality_name":"Júlio Mesquita","uf":"SP","state_code":"35","area_km2":128.183},"geometry":{"type":"Polygon","coordinates":[[[-49.8103897,-22.0086854],[-49.8391536,-21.9913225],[-49.8685408,-21.9846041],[-49.8820993,-21.9700411],[-49.8274898,-21.9466638],[-49.8155782,-21.9344717],[-49.8285234,-21.9188021],[-49.8093552,-21.8902663],[-49.7686627,-21.9164256],[-49.7677568,-21.9321087],[-49.7341783,-21.9405531],[-49.7374136,-21.9712096],[-49.7564898,-22.0076684],[-49.734869,-22.0179508],[-49.7580326,-22.0616477],[-49.7674462,-22.0570717],[-49.7684268,-22.0434177],[-49.7850902,-22.0378591],[-49.8103897,-22.0086854]]]}},{"type":"Feature","properties":{"level":"municipio","municipality_code":"3526308","municipality_name":"Lagoinha","uf":"SP","state_code":"35","area_km2":255.472},"geometry":{"type":"Polygon","coordinates":[[[-45.2286055,-23.1260231],[-45.264311,-23.1265014],[-45.2752977,-23.0897007],[-45.3001151,-23.0919871],[-45.2965068,-23.0850429],[-45.3140514,-23.057119],[-45.2891565,-23.0460663],[-45.2942232,-23.0270804],[-45.2666345,-23.0168402],[-45.2455595,-22.9987964],[-45.1644623,-23.0056631],[-45.1559512,-23.0154281],[-45.1628537,-23.0313039],[-45.154455,-23.0285534],[-45.1464008,-23.0455705],[-45.1242263,-23.0489666],[-45.1399525,-23.0695105],[-45.1273787,-23.0826351],[-45.1389859,-23.0994171],[-45.1526467,-23.1044625],[-45.1361154,-23.1277356],[-45.1308055,-23.1671825],[-45.1462095,-23.1875051],[-45.1866115,-23.1974843],[-45.1967515,-23.1675447],[-45.2043637,-23.1681794],[-45.2130698,-23.1529514],[-45.2319845,-23.1579815],[-45.2286055,-23.1260231]]]}},{"type":"Feature","properties":{"level":"municipio","municipality_code":"3526407","municipality_name":"Laranjal Paulista","uf":"SP","state_code":"35","area_km2":384.274},"geometry":{"type":"Polygon","coordinates":[[[-47.8254024,-22.9501025],[-47.8142177,-22.9802572],[-47.7655231,-22.9804801],[-47.7811385,-23.0091385],[-47.7571633,-22.9978093],[-47.747617,-23.0017014],[-47.76692,-23.0150665],[-47.7922635,-23.0180732],[-47.7837572,-23.0325809],[-47.7677085,-23.0296142],[-47.7619011,-23.0381353],[-47.7900452,-23.0428916],[-47.8264204,-23.080655],[-47.8390496,-23.0829267],[-47.8308551,-23.0892319],[-47.8216029,-23.0855029],[-47.8067773,-23.1122585],[-47.814753,-23.113561],[-47.8138912,-23.1232652],[-47.8362643,-23.1235841],[-47.8189123,-23.1324553],[-47.8171405,-23.1526444],[-47.8448487,-23.1588327],[-47.8390899,-23.1742816],[-47.8595711,-23.1757949],[-47.8760669,-23.1600818],[-47.9099639,-23.1609125],[-47.9122746,-23.0803931],[-47.9296804,-23.0805061],[-47.9327371,-23.0601252],[-47.8979719,-23.0581713],[-47.9155719,-23.0417457],[-47.9087992,-23.0332699],[-47.9462189,-23.0034128],[-47.9284663,-22.9798434],[-47.9405631,-22.9554593],[-47.9337867,-22.9450958],[-47.9515499,-22.9244931],[-47.9308289,-22.883313],[-47.9148191,-22.883417],[-47.900324,-22.878017],[-47.8991406,-22.8702342],[-47.864986,-22.8607853],[-47.8578548,-22.8669517],[-47.8687696,-22.8990093],[-47.8447611,-22.9016351],[-47.8329134,-22.8879549],[-47.8083773,-22.8786482],[-47.8069741,-22.9043131],[-47.8144163,-22.9091001],[-47.8121681,-22.9226816],[-47.8232871,-22.9249796],[-47.8254024,-22.9501025]]]}},{"type":"Feature","properties":{"level":"municipio","municipality_code":"3526605","municipality_name":"Lavrinhas","uf":"SP","state_code":"35","area_km2":167.067},"geometry":{"type":"Polygon","coordinates":[[[-44.9316913,-22.5688022],[-44.9211113,-22.5342123],[-44.9248627,-22.5088671],[-44.9439842,-22.4861847],[-44.9648931,-22.4849148],[-44.9658591,-22.4751928],[-44.9400702,-22.4526691],[-44.8978411,-22.4529103],[-44.8897308,-22.432124],[-44.8721536,-22.4243278],[-44.8439453,-22.4278032],[-44.85521,-22.4326288],[-44.8491686,-22.4419863],[-44.8524643,-22.4875071],[-44.8405444,-22.5072504],[-44.8505918,-22.5230431],[-44.8277977,-22.5491325],[-44.832628,-22.5609852],[-44.8523577,-22.5589783],[-44.849661,-22.6036153],[-44.8736117,-22.621827],[-44.8883402,-22.6109503],[-44.905178,-22.6120778],[-44.9316913,-22.5688022]]]}},{"type":"Feature","properties":{"level":"municipio","municipality_code":"3526506","municipality_name":"Lavínia","uf":"SP","state_code":"35","area_km2":537.675},"geometry":{"type":"Polygon","coordinates":[[[-50.9675941,-21.1796804],[-50.980973,-21.1940236],[-51.0036747,-21.1918893],[-51.0548711,-21.2299526],[-51.0820252,-21.2732611],[-51.0908303,-21.3074336],[-51.144971,-21.3744057],[-51.1656989,-21.3841483],[-51.1897265,-21.3770868],[-51.2001295,-21.3600082],[-51.2255922,-21.3435459],[-51.1877463,-21.3178416],[-51.1748424,-21.2652373],[-51.144711,-21.2365303],[-51.1407057,-21.2116738],[-51.1172397,-21.1875213],[-51.1126002,-21.1642184],[-51.0966896,-21.1505103],[-51.0539986,-21.1434439],[-51.0423871,-21.0985431],[-51.052722,-21.0692601],[-51.0192007,-21.0382166],[-51.0088418,-21.0183442],[-50.9517885,-20.9774806],[-50.8996008,-20.9097714],[-50.850189,-20.9359127],[-50.8775919,-20.9483022],[-50.8746,-20.9775853],[-50.8982074,-21.0096135],[-50.8969113,-21.0242103],[-50.9152336,-21.0437316],[-50.9190409,-21.0887611],[-50.9381229,-21.1284714],[-50.9526418,-21.1338594],[-50.9462317,-21.1458521],[-50.9498473,-21.170661],[-50.9621394,-21.183987],[-50.9675941,-21.1796804]]]}},{"type":"Feature","properties":{"level":"municipio","municipality_code":"3526704","municipality_name":"Leme","uf":"SP","state_code":"35","area_km2":402.871},"geometry":{"type":"Polygon","coordinates":[[[-47.2525549,-22.200741],[-47.2512228,-22.2137839],[-47.2653848,-22.2272751],[-47.3102788,-22.2255689],[-47.3221706,-22.2434157],[-47.3301581,-22.2391909],[-47.346118,-22.2470149],[-47.3716606,-22.2337476],[-47.4027004,-22.2648323],[-47.4206997,-22.2679125],[-47.4465322,-22.2651358],[-47.478216,-22.2404859],[-47.4908637,-22.1887253],[-47.4593187,-22.181808],[-47.4569199,-22.1670158],[-47.4200627,-22.1444538],[-47.3996666,-22.0848817],[-47.3731516,-22.0963622],[-47.3298317,-22.0893141],[-47.2942566,-22.1041571],[-47.2716728,-22.10354],[-47.2568799,-22.0878578],[-47.1974889,-22.0987169],[-47.1992573,-22.149781],[-47.1903628,-22.1724336],[-47.2045147,-22.2047526],[-47.2228794,-22.2091118],[-47.2298988,-22.1946317],[-47.2525549,-22.200741]]]}},{"type":"Feature","properties":{"level":"municipio","municipality_code":"3526803","municipality_name":"Lençóis Paulista","uf":"SP","state_code":"35","area_km2":809.541},"geometry":{"type":"Polygon","coordinates":[[[-48.7653909,-22.5578379],[-48.698605,-22.5590504],[-48.6739621,-22.5517332],[-48.6724493,-22.5629043],[-48.6653804,-22.5624988],[-48.6827701,-22.5856403],[-48.6607002,-22.6313306],[-48.678641,-22.6315549],[-48.6889156,-22.6471244],[-48.6914128,-22.737944],[-48.7075729,-22.7337805],[-48.729429,-22.7646631],[-48.7440238,-22.7709498],[-48.7545949,-22.7726758],[-48.7698052,-22.7583083],[-48.7781987,-22.7620107],[-48.774248,-22.8114715],[-48.7801417,-22.8267237],[-48.802568,-22.8453337],[-48.8796538,-22.8520163],[-48.9219882,-22.8286096],[-48.9470592,-22.8267243],[-48.9457157,-22.8155926],[-48.9588244,-22.8113984],[-48.9638388,-22.7887499],[-48.9534258,-22.7481412],[-48.9388648,-22.7379049],[-48.9423716,-22.6915037],[-48.9346047,-22.6804065],[-48.9381824,-22.6557006],[-48.9322421,-22.6437129],[-48.9449744,-22.6375343],[-48.9450365,-22.6210248],[-48.9340811,-22.6202409],[-48.9295593,-22.6013567],[-48.9000156,-22.5606047],[-48.8882171,-22.5551767],[-48.9321126,-22.5300979],[-48.8610459,-22.4840747],[-48.8270133,-22.4884184],[-48.8156239,-22.4985768],[-48.8165199,-22.5415284],[-48.7868289,-22.5375838],[-48.7653909,-22.5578379]]]}},{"type":"Feature","properties":{"level":"municipio","municipality_code":"3526902","municipality_name":"Limeira","uf":"SP","state_code":"35","area_km2":580.711},"geometry":{"type":"Polygon","coordinates":[[[-47.2434756,-22.5832752],[-47.227812,-22.6056238],[-47.2537658,-22.6248672],[-47.2786913,-22.6623013],[-47.2778387,-22.6801371],[-47.2853633,-22.687254],[-47.2802211,-22.6923567],[-47.312744,-22.687374],[-47.323038,-22.696955],[-47.323823,-22.711039],[-47.342152,-22.708013],[-47.364215,-22.680563],[-47.380759,-22.687558],[-47.3987801,-22.7090594],[-47.4378034,-22.7139549],[-47.4767133,-22.7383844],[-47.4916383,-22.7223698],[-47.5025276,-22.6905649],[-47.5116992,-22.6915068],[-47.505416,-22.6737186],[-47.4924431,-22.6656005],[-47.4969759,-22.6528581],[-47.4867104,-22.6395762],[-47.4967513,-22.6162781],[-47.4902137,-22.5813558],[-47.4781405,-22.5656349],[-47.4876393,-22.5562452],[-47.4845753,-22.5319357],[-47.477024,-22.5263216],[-47.4644864,-22.5367595],[-47.4346998,-22.5204363],[-47.4094049,-22.5284933],[-47.3952865,-22.5178583],[-47.3986125,-22.5035872],[-47.3793716,-22.5070322],[-47.3347557,-22.4980894],[-47.3255021,-22.4816162],[-47.3156883,-22.478859],[-47.3022005,-22.4449661],[-47.2958778,-22.4616753],[-47.2736686,-22.4622143],[-47.2443344,-22.4800723],[-47.2472883,-22.4990758],[-47.2355553,-22.5229955],[-47.21196,-22.5374583],[-47.2312674,-22.5806228],[-47.2434756,-22.5832752]]]}},{"type":"Feature","properties":{"level":"municipio","municipality_code":"3527009","municipality_name":"Lindóia","uf":"SP","state_code":"35","area_km2":48.756},"geometry":{"type":"Polygon","coordinates":[[[-46.6481503,-22.554513],[-46.675044,-22.541081],[-46.6802086,-22.5067903],[-46.7046367,-22.5108591],[-46.7125907,-22.5037296],[-46.6882586,-22.4899987],[-46.6934796,-22.4798719],[-46.6883051,-22.4755743],[-46.6582591,-22.4731081],[-46.6594412,-22.4834961],[-46.648736,-22.4925341],[-46.6314222,-22.4932235],[-46.6266673,-22.5112775],[-46.59991,-22.5101578],[-46.6140996,-22.5485942],[-46.6216067,-22.5406459],[-46.6225044,-22.547217],[-46.6288299,-22.5414821],[-46.6481503,-22.554513]]]}},{"type":"Feature","properties":{"level":"municipio","municipality_code":"3527108","municipality_name":"Lins","uf":"SP","state_code":"35","area_km2":570.058},"geometry":{"type":"Polygon","coordinates":[[[-49.6666215,-21.5139094],[-49.666432,-21.49129],[-49.620199,-21.4937887],[-49.5894182,-21.530362],[-49.574215,-21.5359262],[-49.5688931,-21.5547547],[-49.5491938,-21.5649395],[-49.5391118,-21.6004259],[-49.5223901,-21.6000482],[-49.518649,-21.6072594],[-49.5678298,-21.6258814],[-49.5595141,-21.6508532],[-49.5715693,-21.6740444],[-49.5736977,-21.704607],[-49.6291024,-21.7314957],[-49.6587867,-21.7266656],[-49.6956343,-21.7424515],[-49.7154252,-21.7394131],[-49.7260302,-21.7464686],[-49.7233977,-21.7660002],[-49.7499357,-21.7792407],[-49.7562301,-21.7999629],[-49.7720852,-21.8043721],[-49.818741,-21.7766237],[-49.8292831,-21.7590196],[-49.8426606,-21.7599364],[-49.850106,-21.7462228],[-49.869085,-21.7405291],[-49.8545402,-21.7166402],[-49.832244,-21.699217],[-49.800287,-21.70098],[-49.787105,-21.693401],[-49.789313,-21.650042],[-49.77329,-21.641919],[-49.767528,-21.623634],[-49.723821,-21.601882],[-49.730324,-21.588724],[-49.707069,-21.547849],[-49.680668,-21.517806],[-49.6666215,-21.5139094]]]}},{"type":"Feature","properties":{"level":"municipio","municipality_code":"3527207","municipality_name":"Lorena","uf":"SP","state_code":"35","area_km2":414.16},"geometry":{"type":"Polygon","coordinates":[[[-45.1358318,-22.771683],[-45.157874,-22.7622078],[-45.1450489,-22.7427487],[-45.1794676,-22.7121081],[-45.1796516,-22.6911764],[-45.206498,-22.6893814],[-45.1895191,-22.6681149],[-45.2057384,-22.6651473],[-45.2037386,-22.6559172],[-45.1851593,-22.6485921],[-45.1748303,-22.6594107],[-45.1518354,-22.6583528],[-45.1530354,-22.6397703],[-45.1628742,-22.6329122],[-45.1581166,-22.6302381],[-45.1122483,-22.6347013],[-45.0949533,-22.6652991],[-45.0727367,-22.6700933],[-45.075243,-22.7254369],[-45.0610032,-22.7502406],[-45.0617296,-22.7682064],[-45.0323011,-22.7607805],[-45.0108691,-22.7735739],[-44.9895559,-22.8100065],[-44.978941,-22.8030612],[-44.9707813,-22.8115358],[-44.9576525,-22.8035334],[-44.9468479,-22.8186976],[-44.9488478,-22.8336276],[-44.9294163,-22.8330062],[-44.9353309,-22.8473413],[-44.9224324,-22.8571792],[-44.8950565,-22.8445386],[-44.8890019,-22.8700367],[-44.9475189,-22.9045189],[-44.9475087,-22.9136722],[-44.9582834,-22.9161895],[-44.9623308,-22.9057972],[-44.9726004,-22.9154064],[-44.987664,-22.9100866],[-45.0232466,-22.9236166],[-45.0441894,-22.8976438],[-45.0621545,-22.8912251],[-45.0612999,-22.8749869],[-45.0804075,-22.8871498],[-45.1115906,-22.8680328],[-45.1185904,-22.8388258],[-45.1319486,-22.8203308],[-45.1358318,-22.771683]]]}},{"type":"Feature","properties":{"level":"municipio","municipality_code":"3527256","municipality_name":"Lourdes","uf":"SP","state_code":"35","area_km2":113.94},"geometry":{"type":"Polygon","coordinates":[[[-50.2452734,-20.8949439],[-50.2233729,-20.8887811],[-50.2197989,-20.8984024],[-50.1805636,-20.9009013],[-50.180743,-20.9389331],[-50.1682956,-20.9641032],[-50.1799768,-20.9823846],[-50.2330851,-20.9802818],[-50.2484121,-21.0081572],[-50.3016328,-20.9986527],[-50.2808245,-20.9468463],[-50.2812629,-20.9282592],[-50.2452734,-20.8949439]]]}},{"type":"Feature","properties":{"level":"municipio","municipality_code":"3527306","municipality_name":"Louveira","uf":"SP","state_code":"35","area_km2":55.738},"geometry":{"type":"Polygon","coordinates":[[[-46.8666071,-23.074548],[-46.8928348,-23.0988534],[-46.9383292,-23.0960608],[-46.9464866,-23.1110781],[-46.968278,-23.1099989],[-46.9840819,-23.1213722],[-46.9955364,-23.1164836],[-46.9982016,-23.0918415],[-46.9770781,-23.0661122],[-46.9429115,-23.0668339],[-46.917468,-23.04474],[-46.9044298,-23.0624346],[-46.8879876,-23.0612015],[-46.8666071,-23.074548]]]}},{"type":"Feature","properties":{"level":"municipio","municipality_code":"3527504","municipality_name":"Lucianópolis","uf":"SP","state_code":"35","area_km2":189.536},"geometry":{"type":"Polygon","coordinates":[[[-49.6162475,-22.5178824],[-49.6089665,-22.4856249],[-49.6285118,-22.4691534],[-49.5961621,-22.4593829],[-49.6039301,-22.443077],[-49.5761076,-22.4170817],[-49.5699708,-22.3836182],[-49.5563551,-22.3920324],[-49.4994655,-22.4003974],[-49.48093,-22.3960567],[-49.4771366,-22.4217145],[-49.4898173,-22.432333],[-49.5039464,-22.4682614],[-49.4845183,-22.5064948],[-49.525642,-22.5226837],[-49.5247201,-22.534671],[-49.5441928,-22.5493035],[-49.5429042,-22.5633262],[-49.5542919,-22.5583174],[-49.5655115,-22.5761734],[-49.6070231,-22.5355978],[-49.6162475,-22.5178824]]]}},{"type":"Feature","properties":{"level":"municipio","municipality_code":"3527405","municipality_name":"Lucélia","uf":"SP","state_code":"35","area_km2":314.81},"geometry":{"type":"Polygon","coordinates":[[[-50.9367562,-21.6554435],[-50.9593019,-21.6698044],[-50.9676177,-21.695042],[-50.976641,-21.7008301],[-50.9800784,-21.74523],[-51.0014201,-21.7780405],[-51.0085372,-21.8044479],[-51.0762032,-21.7881515],[-51.0837858,-21.8260366],[-51.0951146,-21.8350671],[-51.0956719,-21.8194836],[-51.108865,-21.8128829],[-51.1128395,-21.8013662],[-51.1030045,-21.7704978],[-51.0920721,-21.7658958],[-51.0943244,-21.7456269],[-51.0807861,-21.734643],[-51.0865974,-21.7233802],[-51.0395753,-21.7047678],[-51.0371942,-21.6544137],[-51.0141055,-21.6362261],[-51.0048977,-21.6120929],[-50.9783951,-21.5908444],[-50.9715961,-21.567473],[-50.9758387,-21.5494692],[-50.9656655,-21.5400127],[-50.9655407,-21.4842981],[-50.9772815,-21.4532978],[-50.9925417,-21.4416713],[-50.9814978,-21.4318604],[-50.9469595,-21.4478554],[-50.9248712,-21.4413593],[-50.9160192,-21.4542669],[-50.9201691,-21.4606784],[-50.9051362,-21.470517],[-50.897821,-21.490723],[-50.9035007,-21.516728],[-50.9163295,-21.5326732],[-50.9107779,-21.541891],[-50.9240174,-21.5416134],[-50.9400507,-21.5589552],[-50.9206401,-21.5758413],[-50.9281591,-21.6071915],[-50.9225471,-21.632176],[-50.9367562,-21.6554435]]]}},{"type":"Feature","properties":{"level":"municipio","municipality_code":"3527702","municipality_name":"Luiziânia","uf":"SP","state_code":"35","area_km2":166.576},"geometry":{"type":"Polygon","coordinates":[[[-50.3399715,-21.6375074],[-50.3248849,-21.6247865],[-50.298491,-21.6256196],[-50.2602014,-21.66137],[-50.2482791,-21.7025754],[-50.2944414,-21.7173232],[-50.3212553,-21.7063986],[-50.335143,-21.7172576],[-50.3487717,-21.7096665],[-50.3606304,-21.7257848],[-50.3996749,-21.7165645],[-50.4099962,-21.7036318],[-50.4214229,-21.7056529],[-50.4266121,-21.694868],[-50.4541195,-21.6882437],[-50.4432025,-21.6815538],[-50.4484314,-21.6610968],[-50.4420782,-21.6614949],[-50.4262533,-21.6316282],[-50.4034452,-21.6267858],[-50.3883681,-21.6330571],[-50.3682238,-21.6220046],[-50.3399715,-21.6375074]]]}},{"type":"Feature","properties":{"level":"municipio","municipality_code":"3527801","municipality_name":"Lupércio","uf":"SP","state_code":"35","area_km2":155.171},"geometry":{"type":"Polygon","coordinates":[[[-49.8188175,-22.3596878],[-49.7895707,-22.350839],[-49.7488021,-22.3509973],[-49.7500385,-22.3750917],[-49.7354676,-22.38232],[-49.7464231,-22.3934573],[-49.7398802,-22.4064702],[-49.7629888,-22.4127291],[-49.7708942,-22.4289334],[-49.7963647,-22.4380835],[-49.8048417,-22.4877136],[-49.8198586,-22.5074202],[-49.8189628,-22.5268496],[-49.8342759,-22.5192617],[-49.8500897,-22.5234793],[-49.853454,-22.5116454],[-49.8731438,-22.5111954],[-49.8856833,-22.5018049],[-49.867257,-22.4646629],[-49.8720787,-22.456415],[-49.8625934,-22.4525698],[-49.8547005,-22.4304357],[-49.8547223,-22.3569184],[-49.8188175,-22.3596878]]]}},{"type":"Feature","properties":{"level":"municipio","municipality_code":"3527900","municipality_name":"Lutécia","uf":"SP","state_code":"35","area_km2":475.226},"geometry":{"type":"Polygon","coordinates":[[[-50.3977286,-22.444918],[-50.4725379,-22.4598208],[-50.4684288,-22.4147669],[-50.4515649,-22.3940171],[-50.4575125,-22.3711472],[-50.4422339,-22.3548144],[-50.4520711,-22.3146798],[-50.4653152,-22.3159128],[-50.4708094,-22.305524],[-50.4792907,-22.2580865],[-50.4726614,-22.2351396],[-50.4540076,-22.220194],[-50.4529325,-22.1745292],[-50.4377035,-22.1739548],[-50.4296406,-22.1652221],[-50.4017543,-22.1855353],[-50.3665489,-22.1857092],[-50.3612328,-22.195102],[-50.3474877,-22.1872565],[-50.3187957,-22.2069599],[-50.2995581,-22.2054312],[-50.3096698,-22.2482001],[-50.329862,-22.279682],[-50.331739,-22.3581686],[-50.3142059,-22.3563563],[-50.2938309,-22.3705159],[-50.2707504,-22.3682139],[-50.2367877,-22.3793465],[-50.2530637,-22.3811161],[-50.2754768,-22.3976472],[-50.3049198,-22.4349609],[-50.3362647,-22.4449449],[-50.3496821,-22.4789074],[-50.3977286,-22.444918]]]}},{"type":"Feature","properties":{"level":"municipio","municipality_code":"3527603","municipality_name":"Luís Antônio","uf":"SP","state_code":"35","area_km2":598.257},"geometry":{"type":"Polygon","coordinates":[[[-47.894577,-21.439601],[-47.898185,-21.383719],[-47.872986,-21.386891],[-47.863595,-21.392076],[-47.862166,-21.40481],[-47.849174,-21.408242],[-47.843188,-21.426797],[-47.8199172,-21.4214847],[-47.7988094,-21.4464689],[-47.7457073,-21.4584464],[-47.7126792,-21.4734901],[-47.711514,-21.4815695],[-47.6927532,-21.4815161],[-47.6836293,-21.492656],[-47.6692762,-21.4870588],[-47.661229,-21.4979715],[-47.6555892,-21.5306536],[-47.6396197,-21.5438943],[-47.6426642,-21.5925547],[-47.6780368,-21.6116692],[-47.6789584,-21.6570757],[-47.6940111,-21.6757757],[-47.7119629,-21.6836595],[-47.7332735,-21.7140456],[-47.7681522,-21.6914638],[-47.7814301,-21.6916109],[-47.7865442,-21.6998294],[-47.8165648,-21.6966066],[-47.8118267,-21.6801192],[-47.830578,-21.6694623],[-47.8169278,-21.662542],[-47.8256114,-21.6533544],[-47.8118218,-21.6483938],[-47.8016138,-21.6331256],[-47.8177635,-21.6249562],[-47.818556,-21.6147668],[-47.8339686,-21.6144414],[-47.830075,-21.6014573],[-47.8404799,-21.6003301],[-47.8399135,-21.6067898],[-47.8535392,-21.5974283],[-47.8699038,-21.6158158],[-47.8807243,-21.6110813],[-47.8713402,-21.6030018],[-47.8897108,-21.5819865],[-47.8967232,-21.5870502],[-47.8998308,-21.5815189],[-47.9004992,-21.5894707],[-47.9036921,-21.57932],[-47.911968,-21.5894795],[-47.9236535,-21.5840273],[-47.9281245,-21.572732],[-47.9208881,-21.5448739],[-47.90093,-21.5316397],[-47.887428,-21.5010337],[-47.9023547,-21.4606676],[-47.894577,-21.439601]]]}},{"type":"Feature","properties":{"level":"municipio","municipality_code":"3528007","municipality_name":"Macatuba","uf":"SP","state_code":"35","area_km2":224.514},"geometry":{"type":"Polygon","coordinates":[[[-48.698605,-22.5590504],[-48.7653909,-22.5578379],[-48.7868289,-22.5375838],[-48.8165199,-22.5415284],[-48.8156239,-22.4985768],[-48.8270133,-22.4884184],[-48.8086206,-22.4777732],[-48.7722098,-22.4800112],[-48.7637047,-22.467664],[-48.7495771,-22.4646694],[-48.7280702,-22.4207213],[-48.730611,-22.3928917],[-48.7217344,-22.378232],[-48.7029089,-22.3685447],[-48.6845253,-22.3993289],[-48.6651675,-22.4139088],[-48.6639814,-22.4651844],[-48.6485833,-22.4714331],[-48.6210952,-22.5019147],[-48.6302676,-22.5122779],[-48.6443629,-22.5126109],[-48.6393994,-22.5204915],[-48.64626,-22.5158776],[-48.6552734,-22.5399884],[-48.6706631,-22.5463633],[-48.6677504,-22.5519933],[-48.698605,-22.5590504]]]}},{"type":"Feature","properties":{"level":"municipio","municipality_code":"3528106","municipality_name":"Macaubal","uf":"SP","state_code":"35","area_km2":248.087},"geometry":{"type":"Polygon","coordinates":[[[-49.9034562,-20.7642076],[-49.913523,-20.8158005],[-49.9062363,-20.8584417],[-49.9172198,-20.8780337],[-49.9613164,-20.9095004],[-49.9751723,-20.9104314],[-50.0051013,-20.9658922],[-50.0160072,-20.9647684],[-50.0182908,-20.9772769],[-50.0329217,-20.9783901],[-50.022374,-20.9435817],[-50.0315492,-20.9333744],[-50.0366844,-20.9438185],[-50.0511814,-20.9338676],[-50.0385782,-20.9194175],[-50.0419766,-20.9119128],[-50.0312055,-20.8903371],[-50.0353023,-20.8618279],[-50.0238227,-20.8380425],[-50.0289299,-20.7891771],[-50.0183058,-20.7580322],[-49.9909867,-20.7388785],[-49.9750954,-20.7486423],[-49.9497931,-20.7465457],[-49.9360575,-20.7251519],[-49.9250676,-20.7232653],[-49.9191484,-20.7463941],[-49.9034562,-20.7642076]]]}},{"type":"Feature","properties":{"level":"municipio","municipality_code":"3528205","municipality_name":"Macedônia","uf":"SP","state_code":"35","area_km2":327.567},"geometry":{"type":"Polygon","coordinates":[[[-50.2209257,-20.205728],[-50.2251932,-20.1758982],[-50.2693118,-20.1391648],[-50.2641929,-20.1191308],[-50.2526311,-20.1088541],[-50.3082316,-20.090574],[-50.2849211,-20.0640957],[-50.2840434,-20.0250825],[-50.2955437,-20.0176718],[-50.2820192,-20.0071431],[-50.2685967,-20.0159771],[-50.2607665,-20.0349598],[-50.2173483,-20.0473346],[-50.1901529,-19.9862992],[-50.1847756,-20.0054861],[-50.1569953,-20.0370601],[-50.1309262,-20.0485544],[-50.1195142,-20.0387377],[-50.0998367,-20.0380155],[-50.0902518,-20.043229],[-50.0843716,-20.0672931],[-50.0630492,-20.0702601],[-50.0455715,-20.060076],[-50.0431602,-20.0765105],[-50.0283168,-20.0782248],[-50.0497976,-20.1003388],[-50.1010844,-20.1212702],[-50.1074095,-20.1456482],[-50.1476958,-20.1618841],[-50.1581318,-20.1911467],[-50.178341,-20.2001592],[-50.2028211,-20.1897702],[-50.2209257,-20.205728]]]}},{"type":"Feature","properties":{"level":"municipio","municipality_code":"3528304","municipality_name":"Magda","uf":"SP","state_code":"35","area_km2":312.282},"geometry":{"type":"Polygon","coordinates":[[[-50.2134159,-20.4769265],[-50.1768319,-20.4923083],[-50.1672709,-20.5133353],[-50.1570661,-20.5029631],[-50.1411583,-20.5050698],[-50.1387757,-20.5364809],[-50.1595729,-20.560758],[-50.1590381,-20.5978742],[-50.1837112,-20.6247472],[-50.1975042,-20.6708825],[-50.2118788,-20.6800138],[-50.2161396,-20.7117442],[-50.2654228,-20.7521832],[-50.2728913,-20.7336716],[-50.2943054,-20.7344725],[-50.2972397,-20.707272],[-50.2844942,-20.6822614],[-50.2900249,-20.6642287],[-50.2844518,-20.6495457],[-50.3027666,-20.6355435],[-50.2736511,-20.5690548],[-50.2837254,-20.5539501],[-50.2712741,-20.5209656],[-50.2851772,-20.4697839],[-50.2651354,-20.4710308],[-50.2580886,-20.4798532],[-50.2476287,-20.4757074],[-50.2463155,-20.4908662],[-50.2305535,-20.4966962],[-50.2134159,-20.4769265]]]}},{"type":"Feature","properties":{"level":"municipio","municipality_code":"3528403","municipality_name":"Mairinque","uf":"SP","state_code":"35","area_km2":210.149},"geometry":{"type":"Polygon","coordinates":[[[-47.169553,-23.503656],[-47.157758,-23.538922],[-47.16976,-23.548724],[-47.183337,-23.602195],[-47.201905,-23.606687],[-47.205922,-23.617046],[-47.2698643,-23.6146927],[-47.2772018,-23.5878625],[-47.2635005,-23.5699148],[-47.254387,-23.5689486],[-47.2528855,-23.5587066],[-47.2340243,-23.5555818],[-47.2300909,-23.5429548],[-47.237783,-23.5327709],[-47.2300061,-23.5133979],[-47.2714465,-23.4945011],[-47.2728816,-23.4782671],[-47.3104075,-23.4723288],[-47.324216,-23.455707],[-47.325605,-23.436763],[-47.3157144,-23.4357461],[-47.3007538,-23.4173928],[-47.2843669,-23.4317988],[-47.2422389,-23.4182706],[-47.187199,-23.417768],[-47.189065,-23.434747],[-47.174514,-23.453118],[-47.187132,-23.482245],[-47.184241,-23.497961],[-47.169553,-23.503656]]]}},{"type":"Feature","properties":{"level":"municipio","municipality_code":"3528502","municipality_name":"Mairiporã","uf":"SP","state_code":"35","area_km2":320.697},"geometry":{"type":"Polygon","coordinates":[[[-46.615404,-23.2275],[-46.546229,-23.241379],[-46.5153801,-23.2375019],[-46.514195,-23.250163],[-46.491828,-23.255252],[-46.470485,-23.282795],[-46.459384,-23.270338],[-46.440066,-23.273208],[-46.418451,-23.316319],[-46.444303,-23.340828],[-46.445,-23.358715],[-46.480521,-23.362241],[-46.4959434,-23.3482262],[-46.535438,-23.363305],[-46.549432,-23.356293],[-46.56852,-23.375736],[-46.579913,-23.373802],[-46.600605,-23.38844],[-46.612823,-23.41755],[-46.656432,-23.430942],[-46.6697514,-23.418593],[-46.6549397,-23.3949808],[-46.670187,-23.363096],[-46.657909,-23.33092],[-46.663202,-23.32518],[-46.645337,-23.318602],[-46.635834,-23.305295],[-46.660735,-23.280888],[-46.647761,-23.275511],[-46.637107,-23.25808],[-46.622848,-23.256858],[-46.615404,-23.2275]]]}},{"type":"Feature","properties":{"level":"municipio","municipality_code":"3528601","municipality_name":"Manduri","uf":"SP","state_code":"35","area_km2":229.046},"geometry":{"type":"Polygon","coordinates":[[[-49.2877799,-23.1290721],[-49.3303824,-23.1260335],[-49.329773,-23.1107635],[-49.3364588,-23.1117147],[-49.3586123,-23.0843956],[-49.3756571,-23.0882674],[-49.3874646,-23.0439541],[-49.3684582,-22.9842733],[-49.3610703,-22.9936066],[-49.3528188,-22.9779192],[-49.3186183,-22.9699255],[-49.3036755,-22.9527366],[-49.2799883,-22.9696687],[-49.2568393,-22.9749675],[-49.2592761,-22.9863392],[-49.2485859,-22.9937489],[-49.2457885,-23.0128355],[-49.2220378,-23.0364807],[-49.2340142,-23.0402848],[-49.2252463,-23.0603556],[-49.2409596,-23.0693895],[-49.2361116,-23.1016304],[-49.2454474,-23.14475],[-49.2598424,-23.1216917],[-49.2877799,-23.1290721]]]}},{"type":"Feature","properties":{"level":"municipio","municipality_code":"3528700","municipality_name":"Marabá Paulista","uf":"SP","state_code":"35","area_km2":919.519},"geometry":{"type":"Polygon","coordinates":[[[-51.9345125,-22.1780054],[-51.9739603,-22.2002583],[-51.969812,-22.2133476],[-51.9851005,-22.2142253],[-51.9971166,-22.2339354],[-52.0150696,-22.2376939],[-52.0222934,-22.2524541],[-52.054043,-22.2725763],[-52.1552621,-22.2715525],[-52.1950439,-22.2603747],[-52.2086805,-22.26688],[-52.2093552,-22.2861322],[-52.2393191,-22.2910377],[-52.2847302,-22.2730557],[-52.268277,-22.252562],[-52.249533,-22.267177],[-52.218246,-22.255718],[-52.230561,-22.242201],[-52.223918,-22.222245],[-52.243556,-22.196794],[-52.220515,-22.195614],[-52.229568,-22.176747],[-52.22704,-22.160762],[-52.20766,-22.150401],[-52.202147,-22.117106],[-52.17409,-22.083038],[-52.172589,-22.074012],[-52.192901,-22.059058],[-52.188845,-22.045991],[-52.1483136,-22.0179462],[-52.141221,-21.996183],[-52.122707,-21.993562],[-52.109903,-21.980825],[-52.086185,-21.988815],[-52.058525,-22.030631],[-52.030324,-22.048041],[-52.038917,-22.024183],[-52.027623,-22.00391],[-52.031616,-21.982765],[-52.0227835,-21.9477452],[-52.0133739,-21.9611137],[-51.980627,-21.9676314],[-51.9633121,-21.9902371],[-51.8956687,-22.0105937],[-51.8920734,-22.0217598],[-51.8626453,-22.0363014],[-51.8608413,-22.0510792],[-51.8844024,-22.1228455],[-51.8709236,-22.1464963],[-51.8782193,-22.1621924],[-51.8744039,-22.1772816],[-51.8953734,-22.1742563],[-51.9021295,-22.1979411],[-51.9345125,-22.1780054]]]}},{"type":"Feature","properties":{"level":"municipio","municipality_code":"3528809","municipality_name":"Maracaí","uf":"SP","state_code":"35","area_km2":533.498},"geometry":{"type":"Polygon","coordinates":[[[-50.5790221,-22.5798977],[-50.5269169,-22.5918386],[-50.5142762,-22.603674],[-50.573257,-22.6431883],[-50.5716095,-22.6915083],[-50.5861609,-22.6739895],[-50.6415444,-22.6762565],[-50.7382463,-22.7230597],[-50.7434769,-22.7214127],[-50.7369379,-22.6955992],[-50.7488569,-22.676224],[-50.766657,-22.6809505],[-50.7828991,-22.669414],[-50.8093938,-22.6923001],[-50.8408914,-22.73746],[-50.859782,-22.7444034],[-50.8954518,-22.775312],[-50.9251385,-22.7844749],[-50.937347,-22.8047991],[-50.9616153,-22.7862284],[-50.982271,-22.7814309],[-50.9802536,-22.7673729],[-50.9674777,-22.7643678],[-50.964448,-22.7709183],[-50.9617476,-22.7472775],[-50.9502113,-22.7551968],[-50.9339785,-22.7263006],[-50.9528782,-22.694871],[-50.9423673,-22.668947],[-50.9326845,-22.6725338],[-50.9250617,-22.6642933],[-50.9233578,-22.6433012],[-50.9144232,-22.648388],[-50.9052805,-22.6377305],[-50.888881,-22.6562012],[-50.8829451,-22.6493358],[-50.8662017,-22.6614158],[-50.86366,-22.655244],[-50.8327177,-22.6587735],[-50.828889,-22.6459333],[-50.8104064,-22.6386212],[-50.8205072,-22.6228881],[-50.8094693,-22.624913],[-50.7879493,-22.5967718],[-50.7706083,-22.5941324],[-50.7695811,-22.5810461],[-50.7377786,-22.5825619],[-50.7301727,-22.5661988],[-50.691638,-22.5466947],[-50.671784,-22.510497],[-50.6578351,-22.5099813],[-50.6604405,-22.5305555],[-50.6403788,-22.5628195],[-50.6084616,-22.5433659],[-50.5790221,-22.5798977]]]}},{"type":"Feature","properties":{"level":"municipio","municipality_code":"3528858","municipality_name":"Marapoama","uf":"SP","state_code":"35","area_km2":111.267},"geometry":{"type":"Polygon","coordinates":[[[-49.1757795,-21.2519657],[-49.1642169,-21.2220972],[-49.145525,-21.2158963],[-49.1402812,-21.185643],[-49.109439,-21.1972935],[-49.0905274,-21.2224182],[-49.0587028,-21.2431063],[-49.0697749,-21.2602346],[-49.1154238,-21.2947433],[-49.1256766,-21.2986904],[-49.1605473,-21.2867467],[-49.2116607,-21.3114852],[-49.2170597,-21.3210819],[-49.2340747,-21.3235744],[-49.2127491,-21.2815207],[-49.2004337,-21.2785642],[-49.1757795,-21.2519657]]]}},{"type":"Feature","properties":{"level":"municipio","municipality_code":"3529104","municipality_name":"Marinópolis","uf":"SP","state_code":"35","area_km2":77.827},"geometry":{"type":"Polygon","coordinates":[[[-50.8696565,-20.5448396],[-50.8579228,-20.4386037],[-50.838548,-20.4120716],[-50.8005707,-20.4178715],[-50.8043755,-20.5256674],[-50.8178804,-20.5348406],[-50.8412619,-20.5333452],[-50.8489762,-20.5484693],[-50.8696565,-20.5448396]]]}},{"type":"Feature","properties":{"level":"municipio","municipality_code":"3528908","municipality_name":"Mariápolis","uf":"SP","state_code":"35","area_km2":186.544},"geometry":{"type":"Polygon","coordinates":[[[-51.1781185,-21.8377358],[-51.2008685,-21.8233374],[-51.2099607,-21.8333167],[-51.224035,-21.8288244],[-51.2287594,-21.8066315],[-51.2450789,-21.8006292],[-51.2491585,-21.7828321],[-51.2316356,-21.7670654],[-51.2360528,-21.7590271],[-51.2238006,-21.7449783],[-51.2419387,-21.7367305],[-51.2368825,-21.7251858],[-51.2079905,-21.7013593],[-51.1939737,-21.7031431],[-51.1758341,-21.6920188],[-51.1498907,-21.706432],[-51.1497226,-21.7231968],[-51.125969,-21.7430984],[-51.1327685,-21.7423355],[-51.1372033,-21.7581826],[-51.1235477,-21.7550974],[-51.0922779,-21.7658101],[-51.1030045,-21.7704978],[-51.1128395,-21.8013662],[-51.108865,-21.8128829],[-51.0956719,-21.8194836],[-51.0961397,-21.8390541],[-51.1265501,-21.8433557],[-51.1277884,-21.8504088],[-51.1495302,-21.8548622],[-51.1571815,-21.8650946],[-51.1781185,-21.8377358]]]}},{"type":"Feature","properties":{"level":"municipio","municipality_code":"3529203","municipality_name":"Martinópolis","uf":"SP","state_code":"35","area_km2":1254.032},"geometry":{"type":"Polygon","coordinates":[[[-51.2194876,-22.377191],[-51.205251,-22.2681485],[-51.2302441,-22.2210644],[-51.2090412,-22.1992412],[-51.2035353,-22.1783109],[-51.2431443,-22.1275331],[-51.2240107,-22.0799417],[-51.2081283,-22.072573],[-51.1908384,-22.0113003],[-51.1720555,-22.004215],[-51.1850871,-21.9538992],[-51.1615032,-21.9151764],[-51.1649872,-21.9009115],[-51.1515427,-21.8775557],[-51.1548442,-21.8634094],[-51.1415858,-21.8535275],[-51.1379594,-21.8671073],[-51.1191453,-21.8720364],[-51.1113274,-21.8888454],[-51.08942,-21.8801936],[-51.0667718,-21.8829404],[-51.0050565,-21.920301],[-50.965858,-21.9257503],[-50.9378689,-21.9509686],[-50.9441562,-21.9659326],[-50.9618565,-21.9657329],[-50.9785594,-21.9929602],[-50.9714534,-22.042222],[-50.9762076,-22.0675933],[-50.9892757,-22.0678052],[-51.0000784,-22.0802985],[-51.0030695,-22.1083547],[-50.9933712,-22.1243006],[-51.0422679,-22.1634042],[-51.050467,-22.2045753],[-51.0369723,-22.2151083],[-51.0780969,-22.2598698],[-51.0740892,-22.334073],[-51.0851899,-22.3494437],[-51.1002981,-22.3472578],[-51.1114664,-22.3563324],[-51.0975431,-22.3873106],[-51.1040464,-22.4059522],[-51.0999748,-22.4868676],[-51.1370097,-22.4893199],[-51.1418637,-22.4777246],[-51.151886,-22.4810804],[-51.2113378,-22.5316995],[-51.2691947,-22.5470159],[-51.2718522,-22.4990933],[-51.2587414,-22.4698373],[-51.2502938,-22.4662203],[-51.2466872,-22.4287633],[-51.2194876,-22.377191]]]}},{"type":"Feature","properties":{"level":"municipio","municipality_code":"3529005","municipality_name":"Marília","uf":"SP","state_code":"35","area_km2":1170.515},"geometry":{"type":"Polygon","coordinates":[[[-49.8643027,-22.2201784],[-49.8711066,-22.2456263],[-49.8614999,-22.2629318],[-49.9047076,-22.3329734],[-49.9294593,-22.3306179],[-49.9468274,-22.33926],[-49.9563118,-22.3276686],[-49.9840266,-22.3279184],[-49.9629986,-22.4007997],[-49.9694422,-22.408856],[-49.9980031,-22.4090324],[-50.0405065,-22.4562797],[-50.0221342,-22.4817963],[-50.0395206,-22.4894743],[-50.0528186,-22.4862092],[-50.0633878,-22.4976497],[-50.0770148,-22.4624365],[-50.1009234,-22.4365661],[-50.1056537,-22.4163624],[-50.1291205,-22.4179079],[-50.1175179,-22.377932],[-50.0983785,-22.3643025],[-50.142038,-22.3308754],[-50.1260328,-22.2868874],[-50.1463437,-22.2741831],[-50.1501662,-22.2623742],[-50.1135408,-22.243501],[-50.0909038,-22.2210953],[-50.0661683,-22.2122421],[-50.0505353,-22.1852099],[-50.0526863,-22.1630246],[-50.0394601,-22.1525902],[-50.0584648,-22.1239209],[-50.0390051,-22.1053869],[-50.04006,-22.0887999],[-50.0140409,-22.0802482],[-50.0155316,-22.0562582],[-50.0042944,-22.0303565],[-50.0490463,-22.0453671],[-50.0446373,-22.020355],[-50.0615437,-22.0035282],[-50.0583281,-21.9831986],[-50.0674397,-21.9553477],[-50.0778008,-21.9530264],[-50.0859537,-21.9322516],[-50.0825806,-21.909587],[-50.0603328,-21.8744557],[-50.0290972,-21.888622],[-50.0309475,-21.8978861],[-50.0178238,-21.9055544],[-50.0111265,-21.9252467],[-49.9805335,-21.9426322],[-49.9681511,-21.9385251],[-49.9446879,-21.9538781],[-49.8913913,-21.9657191],[-49.8685408,-21.9846041],[-49.8181372,-22.0008525],[-49.7850902,-22.0378591],[-49.7681558,-22.0437641],[-49.7861977,-22.0454291],[-49.8404389,-22.0787783],[-49.8643326,-22.1323361],[-49.893377,-22.142614],[-49.8755118,-22.1679258],[-49.8774821,-22.182793],[-49.8643027,-22.2201784]]]}},{"type":"Feature","properties":{"level":"municipio","municipality_code":"3529302","municipality_name":"Matão","uf":"SP","state_code":"35","area_km2":524.899},"geometry":{"type":"Polygon","coordinates":[[[-48.2731807,-21.6491754],[-48.3051459,-21.690343],[-48.3299353,-21.6974604],[-48.3461105,-21.6895099],[-48.4022169,-21.7103928],[-48.4117483,-21.7070025],[-48.4441083,-21.7236226],[-48.4528837,-21.7114941],[-48.4759407,-21.7121561],[-48.5023615,-21.6969728],[-48.510146,-21.6241824],[-48.5344574,-21.6288105],[-48.5563771,-21.6202627],[-48.5832124,-21.6289027],[-48.5742289,-21.5786356],[-48.5863318,-21.5655711],[-48.606922,-21.5674409],[-48.6300921,-21.5557803],[-48.6202747,-21.5372327],[-48.6003657,-21.5265049],[-48.6112931,-21.5202592],[-48.6005474,-21.5135199],[-48.575525,-21.5165896],[-48.5544289,-21.5326644],[-48.5284493,-21.5198997],[-48.4710754,-21.512694],[-48.4665052,-21.5158806],[-48.4762691,-21.5407873],[-48.3910082,-21.5466923],[-48.3761904,-21.5573438],[-48.3497236,-21.5431017],[-48.3488361,-21.5506788],[-48.3329674,-21.5575125],[-48.2634391,-21.5342594],[-48.2601627,-21.5515219],[-48.2852428,-21.5967781],[-48.2718858,-21.6203392],[-48.2731807,-21.6491754]]]}},{"type":"Feature","properties":{"level":"municipio","municipality_code":"3529401","municipality_name":"Mauá","uf":"SP","state_code":"35","area_km2":61.937},"geometry":{"type":"Polygon","coordinates":[[[-46.4271237,-23.6776837],[-46.4765103,-23.719483],[-46.491625,-23.709282],[-46.481017,-23.673674],[-46.49948,-23.656665],[-46.481491,-23.648272],[-46.485452,-23.622978],[-46.472313,-23.638835],[-46.443106,-23.64393],[-46.430061,-23.636119],[-46.423338,-23.644306],[-46.3950264,-23.6126941],[-46.3849073,-23.615089],[-46.4000449,-23.6448063],[-46.3935527,-23.6720269],[-46.4123227,-23.684656],[-46.4271237,-23.6776837]]]}},{"type":"Feature","properties":{"level":"municipio","municipality_code":"3529500","municipality_name":"Mendonça","uf":"SP","state_code":"35","area_km2":195.151},"geometry":{"type":"Polygon","coordinates":[[[-49.5503,-21.1588687],[-49.5039416,-21.1611348],[-49.4956792,-21.1381595],[-49.4605735,-21.1598948],[-49.4625406,-21.1751152],[-49.4544854,-21.1875372],[-49.4703417,-21.2038948],[-49.5050632,-21.2071945],[-49.5122641,-21.2231507],[-49.5379779,-21.2416267],[-49.5394821,-21.253621],[-49.5476132,-21.2527171],[-49.5482376,-21.2625498],[-49.5574937,-21.2605009],[-49.5587941,-21.2701217],[-49.5724341,-21.2711088],[-49.5841054,-21.2626936],[-49.5902859,-21.2775788],[-49.6124937,-21.2613586],[-49.6018018,-21.2214329],[-49.6084087,-21.2091984],[-49.6260871,-21.2028455],[-49.6389374,-21.2120056],[-49.6637381,-21.1973265],[-49.6839665,-21.2040659],[-49.6870526,-21.1944548],[-49.68181,-21.1727887],[-49.6545556,-21.163935],[-49.618494,-21.1275573],[-49.5955592,-21.1416744],[-49.5749372,-21.1392221],[-49.5681843,-21.151785],[-49.5503,-21.1588687]]]}},{"type":"Feature","properties":{"level":"municipio","municipality_code":"3529609","municipality_name":"Meridiano","uf":"SP","state_code":"35","area_km2":228.199},"geometry":{"type":"Polygon","coordinates":[[[-50.081406,-20.3104172],[-50.0922148,-20.37467],[-50.1420208,-20.3846895],[-50.1356894,-20.4235402],[-50.1530821,-20.4531771],[-50.1660758,-20.4522836],[-50.1944834,-20.4788146],[-50.2134159,-20.4769265],[-50.2261912,-20.4955949],[-50.2463155,-20.4908662],[-50.2476287,-20.4757074],[-50.2603479,-20.4794535],[-50.277953,-20.4670128],[-50.2907242,-20.4712908],[-50.2970875,-20.460483],[-50.3003568,-20.4698969],[-50.3113428,-20.4693852],[-50.3062711,-20.4553164],[-50.2847733,-20.4484916],[-50.2604665,-20.4125743],[-50.2400728,-20.407869],[-50.2400456,-20.3971173],[-50.2178027,-20.3737141],[-50.2385077,-20.3593056],[-50.1932661,-20.3182882],[-50.1742663,-20.3251425],[-50.1450405,-20.3137254],[-50.1138175,-20.3212593],[-50.081406,-20.3104172]]]}},{"type":"Feature","properties":{"level":"municipio","municipality_code":"3529658","municipality_name":"Mesópolis","uf":"SP","state_code":"35","area_km2":148.636},"geometry":{"type":"Polygon","coordinates":[[[-50.6261369,-20.0121196],[-50.6494916,-20.0039843],[-50.6512209,-19.9912021],[-50.6645255,-19.9863773],[-50.6623356,-19.9584312],[-50.6864112,-19.9161572],[-50.6581047,-19.9071473],[-50.6361844,-19.8750633],[-50.6141776,-19.8610406],[-50.6132994,-19.8840194],[-50.5918464,-19.9038166],[-50.5736444,-19.9505355],[-50.5594134,-19.9615798],[-50.5517033,-19.9917618],[-50.5892897,-20.0494205],[-50.6186375,-20.0320334],[-50.6261369,-20.0121196]]]}},{"type":"Feature","properties":{"level":"municipio","municipality_code":"3529708","municipality_name":"Miguelópolis","uf":"SP","state_code":"35","area_km2":820.849},"geometry":{"type":"Polygon","coordinates":[[[-47.9341021,-20.1078536],[-47.8879732,-20.1343632],[-47.8895105,-20.1557889],[-47.9099164,-20.1752805],[-47.9141044,-20.2107912],[-47.9300155,-20.2165037],[-47.9269637,-20.2278618],[-47.9335748,-20.2329372],[-47.9246609,-20.246957],[-47.9609511,-20.2729828],[-47.9765592,-20.261961],[-47.983437,-20.2803233],[-47.9702214,-20.2929945],[-48.0004843,-20.3103168],[-48.0433386,-20.353427],[-48.0594629,-20.3422963],[-48.0745288,-20.3473945],[-48.0692613,-20.3276045],[-48.0846187,-20.3165975],[-48.0891352,-20.301913],[-48.101245,-20.3109599],[-48.1137146,-20.301589],[-48.1315569,-20.3163652],[-48.1582918,-20.2732347],[-48.1459855,-20.2614187],[-48.1571969,-20.251709],[-48.1615033,-20.2304136],[-48.2108993,-20.2177014],[-48.2415317,-20.2290277],[-48.2279842,-20.2141494],[-48.2293975,-20.1985339],[-48.2612184,-20.1946602],[-48.2722154,-20.2178805],[-48.276683,-20.2072328],[-48.3147989,-20.1961332],[-48.3100484,-20.1543982],[-48.3252923,-20.1583213],[-48.3246687,-20.1719474],[-48.3446017,-20.1864626],[-48.3601773,-20.1675796],[-48.376444,-20.1652695],[-48.3640416,-20.1595745],[-48.3629551,-20.1480457],[-48.3877221,-20.1515479],[-48.3950289,-20.1614186],[-48.3899434,-20.1340202],[-48.4077432,-20.1500889],[-48.4170868,-20.1414984],[-48.424598,-20.1536552],[-48.4516159,-20.1258737],[-48.4057768,-20.113511],[-48.3618216,-20.1230541],[-48.3289899,-20.1127299],[-48.2954933,-20.1240076],[-48.2749559,-20.1421127],[-48.2253433,-20.1341792],[-48.2189901,-20.1153868],[-48.2534251,-20.0779207],[-48.246997,-20.0338798],[-48.228499,-20.0282142],[-48.2077715,-20.03937],[-48.1910563,-20.0609823],[-48.178606,-20.0961802],[-48.1583263,-20.1030499],[-48.1477216,-20.1241396],[-48.1054874,-20.146356],[-48.0767758,-20.1484296],[-48.0493869,-20.1372355],[-48.038843,-20.119949],[-48.020163,-20.124029],[-47.9915776,-20.0797091],[-47.9906062,-20.0442262],[-47.9759693,-20.0353727],[-47.948482,-20.0557576],[-47.9341021,-20.1078536]]]}},{"type":"Feature","properties":{"level":"municipio","municipality_code":"3529807","municipality_name":"Mineiros do Tietê","uf":"SP","state_code":"35","area_km2":213.242},"geometry":{"type":"Polygon","coordinates":[[[-48.4622595,-22.4838847],[-48.5033995,-22.4571363],[-48.5029451,-22.4357239],[-48.5109714,-22.4349104],[-48.5159653,-22.421947],[-48.5036227,-22.3958251],[-48.4888094,-22.3914623],[-48.4855725,-22.3731717],[-48.4748518,-22.3654854],[-48.4807825,-22.3561859],[-48.4725228,-22.3514463],[-48.4083984,-22.3847435],[-48.3939084,-22.4220824],[-48.3949606,-22.4515992],[-48.3619744,-22.5017511],[-48.3671994,-22.5141625],[-48.3590833,-22.5386017],[-48.3617575,-22.5679592],[-48.3844925,-22.5800161],[-48.4148055,-22.55495],[-48.4519125,-22.5394216],[-48.4480691,-22.5230881],[-48.4603313,-22.5107877],[-48.4622595,-22.4838847]]]}},{"type":"Feature","properties":{"level":"municipio","municipality_code":"3530003","municipality_name":"Mira Estrela","uf":"SP","state_code":"35","area_km2":216.825},"geometry":{"type":"Polygon","coordinates":[[[-50.1309262,-20.0485544],[-50.1697991,-20.0249606],[-50.1905485,-19.9911475],[-50.1934135,-19.9662063],[-50.184362,-19.9569847],[-50.1919472,-19.9250747],[-50.184485,-19.9202465],[-50.1838727,-19.8942254],[-50.1717524,-19.8755138],[-50.0972433,-19.875479],[-50.0441315,-19.9164225],[-50.0558242,-19.9517429],[-50.0545858,-19.9795227],[-50.0736096,-19.9900031],[-50.0755117,-20.0072897],[-50.1103844,-20.0190338],[-50.1110659,-20.0378079],[-50.1309262,-20.0485544]]]}},{"type":"Feature","properties":{"level":"municipio","municipality_code":"3529906","municipality_name":"Miracatu","uf":"SP","state_code":"35","area_km2":1001.484},"geometry":{"type":"Polygon","coordinates":[[[-47.2837846,-24.2499819],[-47.2879774,-24.2783168],[-47.3147332,-24.2787063],[-47.3377182,-24.2934332],[-47.3260936,-24.3107527],[-47.3479387,-24.3182893],[-47.3495084,-24.3260542],[-47.3191852,-24.3424376],[-47.3367676,-24.3499785],[-47.3402683,-24.3647467],[-47.3598874,-24.3707632],[-47.3666832,-24.3847736],[-47.3982302,-24.3853583],[-47.4248192,-24.374906],[-47.4356612,-24.3874757],[-47.4480306,-24.3888069],[-47.4725162,-24.3684737],[-47.5057286,-24.376493],[-47.5047318,-24.367012],[-47.5378273,-24.3573294],[-47.5540906,-24.3693266],[-47.5654577,-24.3464273],[-47.5591454,-24.3344738],[-47.5827637,-24.3134847],[-47.5910456,-24.3158594],[-47.587965,-24.3070583],[-47.5719143,-24.3091934],[-47.5707434,-24.2995151],[-47.5630281,-24.2982638],[-47.5753399,-24.2680308],[-47.5512718,-24.2493973],[-47.5565124,-24.2427846],[-47.5489151,-24.2252297],[-47.5707482,-24.1881195],[-47.5316203,-24.1684017],[-47.5008022,-24.1331947],[-47.4826426,-24.1306345],[-47.4884616,-24.0922819],[-47.4650531,-24.076327],[-47.4630673,-24.0601607],[-47.4525886,-24.0518871],[-47.4215415,-24.0686291],[-47.3683385,-24.042737],[-47.3426313,-24.0138609],[-47.3163907,-24.017053],[-47.309681,-24.0088662],[-47.2846619,-24.0066345],[-47.2861637,-24.0140074],[-47.2711073,-24.0175483],[-47.2556726,-24.0058824],[-47.2535274,-24.0240792],[-47.1934567,-23.9980365],[-47.1393643,-24.014195],[-47.1271346,-24.008718],[-47.1343854,-24.0167137],[-47.1551114,-24.0163565],[-47.1627541,-24.0237208],[-47.160216,-24.0523979],[-47.2344362,-24.0849188],[-47.2366497,-24.0966412],[-47.2535326,-24.1006106],[-47.2681717,-24.1157074],[-47.2734854,-24.140181],[-47.2684599,-24.1469228],[-47.2803383,-24.147058],[-47.2883233,-24.1621242],[-47.2870382,-24.174757],[-47.2727094,-24.1848278],[-47.2901841,-24.1975795],[-47.2954837,-24.2222571],[-47.2837846,-24.2499819]]]}},{"type":"Feature","properties":{"level":"municipio","municipality_code":"3530102","municipality_name":"Mirandópolis","uf":"SP","state_code":"35","area_km2":917.694},"geometry":{"type":"Polygon","coordinates":[[[-51.0578338,-21.1448143],[-51.0966896,-21.1505103],[-51.1126002,-21.1642184],[-51.1172397,-21.1875213],[-51.1407057,-21.2116738],[-51.144711,-21.2365303],[-51.1748424,-21.2652373],[-51.1877463,-21.3178416],[-51.2028354,-21.322816],[-51.2185144,-21.3423588],[-51.2293182,-21.3413959],[-51.2387238,-21.3265849],[-51.2651596,-21.3314817],[-51.2709364,-21.3212529],[-51.2863032,-21.3192723],[-51.3140734,-21.2957169],[-51.328833,-21.292511],[-51.329566,-21.279096],[-51.3112023,-21.2447931],[-51.3067206,-21.1719326],[-51.2712662,-21.1538361],[-51.2496879,-21.1052077],[-51.2316728,-21.0921314],[-51.2071406,-21.0932504],[-51.170958,-21.0556279],[-51.1681101,-21.0409015],[-51.142863,-21.0428725],[-51.122323,-21.0095112],[-51.1157475,-20.9824339],[-51.1207307,-20.9526857],[-51.1367221,-20.9240374],[-51.1429699,-20.8545292],[-51.1174157,-20.8640616],[-51.0711584,-20.8308897],[-50.9321755,-20.8998954],[-50.9117193,-20.8971488],[-50.8996008,-20.9097714],[-50.9517885,-20.9774806],[-51.0088418,-21.0183442],[-51.0192007,-21.0382166],[-51.052722,-21.0692601],[-51.0423871,-21.0985431],[-51.0578338,-21.1448143]]]}},{"type":"Feature","properties":{"level":"municipio","municipality_code":"3530201","municipality_name":"Mirante do Paranapanema","uf":"SP","state_code":"35","area_km2":1238.931},"geometry":{"type":"Polygon","coordinates":[[[-51.837825,-22.357467],[-51.8508999,-22.4071531],[-51.862969,-22.4224749],[-51.8853283,-22.428412],[-51.9147399,-22.4866556],[-51.9300621,-22.5004492],[-51.9512257,-22.5163715],[-51.9780436,-22.5128393],[-51.9821032,-22.5036289],[-52.0170651,-22.5021431],[-52.0273952,-22.5350976],[-52.0518778,-22.5393263],[-52.1058519,-22.5166619],[-52.1355542,-22.5269146],[-52.1621624,-22.5035787],[-52.1832592,-22.4769663],[-52.220901,-22.3986826],[-52.2321389,-22.339637],[-52.2132607,-22.3227933],[-52.2174067,-22.300078],[-52.2040229,-22.2638513],[-52.1057093,-22.2750383],[-52.0723467,-22.2679127],[-52.054043,-22.2725763],[-52.0222934,-22.2524541],[-52.0150696,-22.2376939],[-51.9971166,-22.2339354],[-51.9851005,-22.2142253],[-51.969812,-22.2133476],[-51.9717921,-22.1966477],[-51.9471557,-22.1801356],[-51.9330459,-22.1782323],[-51.9021295,-22.1979411],[-51.8953734,-22.1742563],[-51.8627425,-22.1739818],[-51.8524903,-22.1623315],[-51.8224706,-22.1514082],[-51.8088116,-22.1766969],[-51.7722397,-22.190835],[-51.7654285,-22.1725736],[-51.738452,-22.17988],[-51.7406959,-22.1951022],[-51.7635051,-22.2011473],[-51.7724728,-22.2173551],[-51.7536058,-22.2344325],[-51.7569136,-22.2694609],[-51.7724106,-22.2758116],[-51.791321,-22.269127],[-51.7960683,-22.2952229],[-51.8133273,-22.3079418],[-51.837825,-22.357467]]]}},{"type":"Feature","properties":{"level":"municipio","municipality_code":"3530300","municipality_name":"Mirassol","uf":"SP","state_code":"35","area_km2":243.228},"geometry":{"type":"Polygon","coordinates":[[[-49.5032047,-20.744762],[-49.488746,-20.7274364],[-49.4865178,-20.6956504],[-49.462657,-20.683185],[-49.459055,-20.73131],[-49.442268,-20.748366],[-49.459595,-20.788891],[-49.433388,-20.852163],[-49.432239,-20.878027],[-49.5099195,-20.9027268],[-49.5032068,-20.9396834],[-49.522649,-20.9751452],[-49.5657204,-20.9231536],[-49.5362393,-20.886285],[-49.5340478,-20.8728285],[-49.5618595,-20.8591882],[-49.5746712,-20.8630023],[-49.5631178,-20.8219672],[-49.5822765,-20.8097147],[-49.5739872,-20.7995299],[-49.5762059,-20.7892019],[-49.5567304,-20.781414],[-49.542867,-20.7602651],[-49.5032047,-20.744762]]]}},{"type":"Feature","properties":{"level":"municipio","municipality_code":"3530409","municipality_name":"Mirassolândia","uf":"SP","state_code":"35","area_km2":166.125},"geometry":{"type":"Polygon","coordinates":[[[-49.4982735,-20.4980986],[-49.470721,-20.5143165],[-49.470907,-20.5297034],[-49.4460005,-20.5432428],[-49.4430747,-20.5734011],[-49.4284451,-20.5876859],[-49.4229994,-20.60915],[-49.4483275,-20.6401423],[-49.4586175,-20.6757483],[-49.4857465,-20.6938758],[-49.4976358,-20.683268],[-49.4907396,-20.6609789],[-49.5308106,-20.6533651],[-49.5338292,-20.6268973],[-49.5443084,-20.6175489],[-49.5377529,-20.6145703],[-49.5316527,-20.5345549],[-49.4982735,-20.4980986]]]}},{"type":"Feature","properties":{"level":"municipio","municipality_code":"3530508","municipality_name":"Mococa","uf":"SP","state_code":"35","area_km2":855.156},"geometry":{"type":"Polygon","coordinates":[[[-47.0076091,-21.6337149],[-47.0551154,-21.6186607],[-47.0620676,-21.6259228],[-47.0609556,-21.6176194],[-47.0671854,-21.6219633],[-47.0815263,-21.6109228],[-47.0702982,-21.5963815],[-47.0871289,-21.5909857],[-47.0846357,-21.5723078],[-47.0975337,-21.5674298],[-47.0891241,-21.5650448],[-47.0836692,-21.5476059],[-47.1025741,-21.5391467],[-47.1045119,-21.526528],[-47.1307467,-21.5243984],[-47.1222657,-21.511178],[-47.1300536,-21.4943833],[-47.1455788,-21.5002659],[-47.1776285,-21.4829186],[-47.1987954,-21.4909086],[-47.2131551,-21.4765875],[-47.2056332,-21.4638403],[-47.2213404,-21.4592555],[-47.2353525,-21.4703621],[-47.2478002,-21.4674839],[-47.2313361,-21.4220885],[-47.2188544,-21.4291296],[-47.2080815,-21.4143285],[-47.2046167,-21.3849913],[-47.1870203,-21.3587776],[-47.1918566,-21.3480149],[-47.1708576,-21.3134882],[-47.1449153,-21.2943882],[-47.1467275,-21.3054329],[-47.1275857,-21.3288151],[-47.0897286,-21.297409],[-47.094716,-21.2862422],[-47.0771076,-21.2849063],[-47.057488,-21.2645458],[-47.0434322,-21.2677279],[-47.0423696,-21.2899549],[-47.029773,-21.2995557],[-47.0351811,-21.3110227],[-47.0209882,-21.3216308],[-47.016527,-21.3423629],[-46.9972685,-21.3512264],[-47.0095357,-21.3707497],[-47.0045823,-21.3835687],[-47.016168,-21.3965034],[-47.0077141,-21.410673],[-47.0129704,-21.419107],[-46.9843674,-21.4266951],[-46.9743464,-21.4178499],[-46.920776,-21.4271313],[-46.868125,-21.4037234],[-46.8557878,-21.3897231],[-46.842084,-21.3891083],[-46.8308389,-21.3661324],[-46.781494,-21.3707052],[-46.77433,-21.4145185],[-46.7879102,-21.4255309],[-46.8059251,-21.4266527],[-46.8046536,-21.4380355],[-46.8179075,-21.4398204],[-46.8181739,-21.4621514],[-46.8318484,-21.462165],[-46.8364019,-21.470192],[-46.8291901,-21.49685],[-46.842874,-21.5041628],[-46.8681448,-21.4858524],[-46.88241,-21.4911365],[-46.9111463,-21.4845347],[-46.9337308,-21.5186692],[-46.9268066,-21.5570056],[-46.9546008,-21.5725957],[-46.9549488,-21.5920671],[-46.9648272,-21.592821],[-46.9734746,-21.6082551],[-46.9872159,-21.6144767],[-46.9955761,-21.6160948],[-46.9961111,-21.6062413],[-47.0033879,-21.6096553],[-47.0129344,-21.6225775],[-47.0076091,-21.6337149]]]}},{"type":"Feature","properties":{"level":"municipio","municipality_code":"3530706","municipality_name":"Mogi Guaçu","uf":"SP","state_code":"35","area_km2":812.753},"geometry":{"type":"Polygon","coordinates":[[[-46.9411914,-22.3972437],[-46.9929194,-22.371878],[-47.0162648,-22.3373658],[-47.0139336,-22.3242974],[-47.0210894,-22.3162965],[-47.0279431,-22.3237527],[-47.0333256,-22.317082],[-47.0333552,-22.3043075],[-47.0719263,-22.3072337],[-47.120173,-22.2906766],[-47.1304538,-22.3002611],[-47.1544057,-22.2977935],[-47.1676245,-22.2836429],[-47.1766124,-22.2963301],[-47.1842908,-22.2920201],[-47.1878061,-22.2714867],[-47.1930496,-22.2811209],[-47.2049343,-22.2815684],[-47.2302655,-22.2568258],[-47.2315673,-22.2447077],[-47.2184432,-22.2307717],[-47.2335419,-22.2197679],[-47.2403494,-22.2311674],[-47.2417397,-22.2197949],[-47.2242045,-22.2063335],[-47.2045147,-22.2047526],[-47.1903628,-22.1724336],[-47.1992573,-22.149781],[-47.1974889,-22.0987169],[-47.1665169,-22.0929646],[-47.1396046,-22.1124942],[-47.129266,-22.085961],[-47.100942,-22.0666276],[-47.0887536,-22.0848695],[-47.056544,-22.101825],[-47.0462059,-22.1156423],[-47.0216412,-22.1134418],[-46.9957065,-22.127319],[-46.9790502,-22.1263436],[-46.9470919,-22.1474655],[-46.921949,-22.1309202],[-46.8932897,-22.130059],[-46.8740458,-22.1126052],[-46.8669217,-22.1193074],[-46.8654598,-22.1328783],[-46.8820239,-22.1500385],[-46.8828249,-22.1659856],[-46.899946,-22.1756873],[-46.8970816,-22.2048847],[-46.9051334,-22.212658],[-46.9126606,-22.2152469],[-46.9144434,-22.1998097],[-46.9301207,-22.183591],[-46.9540163,-22.1865072],[-46.959154,-22.1981414],[-46.9837242,-22.1999287],[-46.9695571,-22.2953843],[-46.9568493,-22.2956117],[-46.8991903,-22.2455629],[-46.7977303,-22.2796787],[-46.7909124,-22.3004919],[-46.8064301,-22.3167261],[-46.82084,-22.3194882],[-46.8248694,-22.3363552],[-46.843396,-22.3407518],[-46.8432434,-22.3502204],[-46.8551498,-22.348522],[-46.8505788,-22.3542694],[-46.8758448,-22.3779425],[-46.8710093,-22.3886722],[-46.8903741,-22.3771723],[-46.8983087,-22.3827664],[-46.9047022,-22.3737993],[-46.9411914,-22.3972437]]]}},{"type":"Feature","properties":{"level":"municipio","municipality_code":"3530805","municipality_name":"Mogi Mirim","uf":"SP","state_code":"35","area_km2":497.708},"geometry":{"type":"Polygon","coordinates":[[[-46.9912826,-22.5466009],[-47.0044635,-22.5630395],[-47.0234712,-22.5630226],[-47.0312354,-22.5747625],[-47.0544546,-22.5713053],[-47.0424001,-22.551762],[-47.0530818,-22.5166603],[-47.0728603,-22.4965998],[-47.0731963,-22.4766102],[-47.0936108,-22.4755782],[-47.111165,-22.4645035],[-47.1201568,-22.4746618],[-47.13604,-22.4698876],[-47.1179351,-22.4498249],[-47.1092006,-22.4112277],[-47.0874467,-22.3962532],[-47.0748511,-22.3373848],[-47.0811028,-22.3213736],[-47.091217,-22.3218753],[-47.0837548,-22.2998111],[-47.070788,-22.3073444],[-47.0333552,-22.3043075],[-47.0333256,-22.317082],[-47.0279431,-22.3237527],[-47.0210894,-22.3162965],[-47.0139336,-22.3242974],[-47.0162648,-22.3373658],[-46.9929194,-22.371878],[-46.9690411,-22.3787474],[-46.9458793,-22.399062],[-46.9047022,-22.3737993],[-46.8983087,-22.3827664],[-46.8903741,-22.3771723],[-46.8614164,-22.3944241],[-46.8618094,-22.4191932],[-46.8710657,-22.4292719],[-46.864014,-22.4453999],[-46.8846385,-22.4655128],[-46.8632961,-22.5065223],[-46.870053,-22.5467194],[-46.8876191,-22.5463743],[-46.9195384,-22.5760861],[-46.9281042,-22.5627729],[-46.9522228,-22.5723364],[-46.9631722,-22.5513637],[-46.9912826,-22.5466009]]]}},{"type":"Feature","properties":{"level":"municipio","municipality_code":"3530607","municipality_name":"Mogi das Cruzes","uf":"SP","state_code":"35","area_km2":712.541},"geometry":{"type":"Polygon","coordinates":[[[-46.241302,-23.39275],[-46.183876,-23.357629],[-46.167422,-23.357831],[-46.1574303,-23.3427973],[-46.152938,-23.367471],[-46.160501,-23.388275],[-46.142089,-23.415327],[-46.15505,-23.426603],[-46.139665,-23.440398],[-46.114266,-23.438407],[-46.105605,-23.455379],[-46.073958,-23.4524],[-46.053874,-23.473258],[-46.051108,-23.488759],[-46.063957,-23.493089],[-46.071409,-23.511838],[-46.107963,-23.511246],[-46.099621,-23.524116],[-46.112126,-23.540789],[-46.11117,-23.55271],[-46.087982,-23.575567],[-46.094737,-23.623537],[-46.088426,-23.638637],[-46.103128,-23.665886],[-46.082689,-23.664749],[-46.08188,-23.679004],[-46.100905,-23.71845],[-46.104585,-23.711245],[-46.122546,-23.71872],[-46.12612,-23.712895],[-46.131817,-23.724869],[-46.155867,-23.736213],[-46.17035,-23.732328],[-46.194087,-23.754228],[-46.208104,-23.751281],[-46.210245,-23.741721],[-46.238761,-23.735359],[-46.257983,-23.766186],[-46.278391,-23.770307],[-46.294472,-23.748789],[-46.302403,-23.751245],[-46.321927,-23.744429],[-46.297186,-23.72318],[-46.297077,-23.703516],[-46.266078,-23.684831],[-46.2545207,-23.6517326],[-46.2645265,-23.6308747],[-46.2590012,-23.6117845],[-46.2849831,-23.5659566],[-46.2795029,-23.5459422],[-46.2633127,-23.5344138],[-46.269493,-23.512798],[-46.265136,-23.488912],[-46.288822,-23.489105],[-46.281185,-23.48121],[-46.2870061,-23.4600126],[-46.2740934,-23.4501251],[-46.2705992,-23.4298831],[-46.242215,-23.405015],[-46.241302,-23.39275]]]}},{"type":"Feature","properties":{"level":"municipio","municipality_code":"3530904","municipality_name":"Mombuca","uf":"SP","state_code":"35","area_km2":133.698},"geometry":{"type":"Polygon","coordinates":[[[-47.6089261,-22.902093],[-47.5515082,-22.9117817],[-47.519343,-22.8870612],[-47.5073207,-22.8906714],[-47.5250853,-22.9634196],[-47.5921277,-22.9710323],[-47.6043248,-22.9888862],[-47.6237842,-22.9942926],[-47.6262209,-22.9871048],[-47.6324998,-22.9979331],[-47.6470332,-22.9839194],[-47.6589344,-22.9898462],[-47.6582671,-22.9969579],[-47.6682988,-22.9937805],[-47.6657544,-22.9841951],[-47.7011879,-22.918663],[-47.6468236,-22.9189201],[-47.6302498,-22.9115818],[-47.6209205,-22.926464],[-47.6089261,-22.902093]]]}},{"type":"Feature","properties":{"level":"municipio","municipality_code":"3531100","municipality_name":"Mongaguá","uf":"SP","state_code":"35","area_km2":142.755},"geometry":{"type":"Polygon","coordinates":[[[-46.6043827,-24.0897305],[-46.7093859,-24.1441363],[-46.726649,-24.1304609],[-46.7367823,-24.1066435],[-46.7301577,-24.0925741],[-46.7486005,-24.0747559],[-46.7254377,-24.0501495],[-46.7008463,-24.0462498],[-46.6893156,-24.0299295],[-46.5946007,-23.9969209],[-46.5891913,-24.0098254],[-46.6089255,-24.0378485],[-46.5985331,-24.0443818],[-46.6117794,-24.0812047],[-46.6043827,-24.0897305]]]}},{"type":"Feature","properties":{"level":"municipio","municipality_code":"3531209","municipality_name":"Monte Alegre do Sul","uf":"SP","state_code":"35","area_km2":110.308},"geometry":{"type":"Polygon","coordinates":[[[-46.6275142,-22.7157773],[-46.61603,-22.7582128],[-46.6392758,-22.7533296],[-46.6525928,-22.7664212],[-46.6985324,-22.7685122],[-46.7080576,-22.7794969],[-46.7088652,-22.7680262],[-46.6828693,-22.7490695],[-46.6887932,-22.7454774],[-46.6808283,-22.7379582],[-46.700421,-22.7242405],[-46.7002985,-22.7150793],[-46.7104195,-22.7134793],[-46.7109394,-22.6989122],[-46.7208272,-22.6959341],[-46.7189444,-22.6859613],[-46.7283314,-22.6816372],[-46.7276796,-22.6549445],[-46.7105447,-22.6582526],[-46.6799443,-22.646754],[-46.6720361,-22.6348785],[-46.6562846,-22.6656153],[-46.6430172,-22.6516315],[-46.6290308,-22.653575],[-46.6321245,-22.6751174],[-46.6189498,-22.6823304],[-46.6239957,-22.6890702],[-46.6181143,-22.7010093],[-46.6275142,-22.7157773]]]}},{"type":"Feature","properties":{"level":"municipio","municipality_code":"3531308","municipality_name":"Monte Alto","uf":"SP","state_code":"35","area_km2":346.95},"geometry":{"type":"Polygon","coordinates":[[[-48.4770084,-21.1793478],[-48.453348,-21.1837073],[-48.4586481,-21.2036429],[-48.4275659,-21.2313448],[-48.4398217,-21.2493135],[-48.4249712,-21.2752747],[-48.437156,-21.2973478],[-48.4268243,-21.3186527],[-48.4366819,-21.3418979],[-48.4510234,-21.3465889],[-48.4784821,-21.3317695],[-48.4945003,-21.3472561],[-48.51394,-21.3443594],[-48.5352844,-21.3538774],[-48.5530704,-21.3390091],[-48.5748652,-21.341385],[-48.5888945,-21.3146498],[-48.6049752,-21.3139636],[-48.6408385,-21.2411808],[-48.6808043,-21.2201931],[-48.6955414,-21.2209143],[-48.7070531,-21.2071178],[-48.6524802,-21.2111595],[-48.625892,-21.1964169],[-48.5868264,-21.214101],[-48.5811682,-21.1656834],[-48.5714883,-21.1621606],[-48.5387917,-21.1691747],[-48.5358175,-21.1858315],[-48.528058,-21.1890622],[-48.4770084,-21.1793478]]]}},{"type":"Feature","properties":{"level":"municipio","municipality_code":"3531407","municipality_name":"Monte Aprazível","uf":"SP","state_code":"35","area_km2":495.559},"geometry":{"type":"Polygon","coordinates":[[[-49.7498947,-20.8555004],[-49.7698034,-20.8473001],[-49.779148,-20.8582322],[-49.8090913,-20.8317067],[-49.833635,-20.8499184],[-49.8483613,-20.8425089],[-49.8561853,-20.8520613],[-49.8819635,-20.8448598],[-49.9069286,-20.8594905],[-49.9135374,-20.8150362],[-49.9024326,-20.7968244],[-49.9052489,-20.7614943],[-49.872092,-20.7630348],[-49.8578343,-20.8025267],[-49.7998332,-20.8174845],[-49.7725845,-20.8084003],[-49.7613487,-20.7201245],[-49.7928021,-20.6949843],[-49.8106173,-20.6684026],[-49.8199973,-20.6740586],[-49.8254104,-20.6964098],[-49.8511286,-20.719435],[-49.8521935,-20.7340627],[-49.8856086,-20.7266979],[-49.9041484,-20.7457804],[-49.905205,-20.7602033],[-49.9191484,-20.7463941],[-49.9276532,-20.7145736],[-49.9481847,-20.6994145],[-49.9144354,-20.6989814],[-49.9000432,-20.7099864],[-49.8749578,-20.6671235],[-49.8285176,-20.6327948],[-49.8385558,-20.6143641],[-49.8152588,-20.5972791],[-49.7915366,-20.5925927],[-49.7647958,-20.6237059],[-49.7462256,-20.6246255],[-49.7343508,-20.6368482],[-49.7102044,-20.6356146],[-49.6490399,-20.6902519],[-49.6429081,-20.709142],[-49.6250939,-20.7148659],[-49.6052274,-20.7074072],[-49.6205213,-20.7343994],[-49.6182623,-20.750558],[-49.6611404,-20.7713545],[-49.6336837,-20.7975427],[-49.6412352,-20.8123757],[-49.6840749,-20.8330994],[-49.7025559,-20.8284957],[-49.7012861,-20.8607109],[-49.7110734,-20.8460202],[-49.7448892,-20.8479981],[-49.7498947,-20.8555004]]]}},{"type":"Feature","properties":{"level":"municipio","municipality_code":"3531506","municipality_name":"Monte Azul Paulista","uf":"SP","state_code":"35","area_km2":263.463},"geometry":{"type":"Polygon","coordinates":[[[-48.6897264,-20.8406213],[-48.6680602,-20.8296314],[-48.6507517,-20.8336575],[-48.645142,-20.8198879],[-48.6360148,-20.8189851],[-48.6278264,-20.8347162],[-48.6317757,-20.8511683],[-48.6007183,-20.8785881],[-48.5855874,-20.877368],[-48.5995398,-20.9154814],[-48.6004188,-20.9430809],[-48.6080258,-20.9489596],[-48.6030711,-20.9610293],[-48.6285822,-20.9648209],[-48.6340855,-20.9797964],[-48.656692,-20.9764207],[-48.6628994,-20.9938611],[-48.6868328,-21.010546],[-48.6884228,-21.0030666],[-48.7009527,-21.0041452],[-48.697713,-20.9942815],[-48.7088371,-20.9910633],[-48.7084799,-20.980997],[-48.720872,-20.9744807],[-48.7279591,-20.9811462],[-48.7373301,-20.9631815],[-48.7453295,-20.966219],[-48.7440241,-20.9556319],[-48.7603131,-20.9449573],[-48.7685318,-20.9501329],[-48.7856435,-20.9340209],[-48.7458,-20.9033456],[-48.7546227,-20.8775334],[-48.7441101,-20.8674995],[-48.7498016,-20.851962],[-48.740288,-20.8226365],[-48.7194019,-20.812958],[-48.6897264,-20.8406213]]]}},{"type":"Feature","properties":{"level":"municipio","municipality_code":"3531605","municipality_name":"Monte Castelo","uf":"SP","state_code":"35","area_km2":233.547},"geometry":{"type":"Polygon","coordinates":[[[-51.6312088,-21.1627921],[-51.6396124,-21.1627886],[-51.6376716,-21.1513649],[-51.6147907,-21.1415714],[-51.6008366,-21.1442574],[-51.5903093,-21.1518369],[-51.5934459,-21.170995],[-51.5757044,-21.1808432],[-51.576182,-21.189193],[-51.5647578,-21.1852646],[-51.5379635,-21.1938079],[-51.5355954,-21.2007837],[-51.5311106,-21.1956956],[-51.5037277,-21.2175492],[-51.5027254,-21.2330202],[-51.4895645,-21.243392],[-51.4982546,-21.2594039],[-51.4977249,-21.3123965],[-51.5073113,-21.3322656],[-51.5253647,-21.3368037],[-51.542087,-21.3266344],[-51.5537031,-21.3308011],[-51.5553136,-21.3412337],[-51.5809207,-21.334147],[-51.6097241,-21.3415005],[-51.6101137,-21.3310252],[-51.6250355,-21.3168293],[-51.6163942,-21.3017368],[-51.6523962,-21.2845405],[-51.6207027,-21.1900296],[-51.6312088,-21.1627921]]]}},{"type":"Feature","properties":{"level":"municipio","municipality_code":"3531803","municipality_name":"Monte Mor","uf":"SP","state_code":"35","area_km2":240.566},"geometry":{"type":"Polygon","coordinates":[[[-47.3001791,-22.8953069],[-47.290499,-22.906322],[-47.275624,-22.908769],[-47.2549877,-22.8984834],[-47.236996,-22.921093],[-47.201748,-22.930579],[-47.209657,-22.951499],[-47.2295679,-22.9525465],[-47.205275,-22.973309],[-47.202965,-22.999253],[-47.233134,-23.007244],[-47.254877,-22.997882],[-47.2906149,-23.0437087],[-47.3005954,-23.0294666],[-47.3172582,-23.030244],[-47.3863279,-22.9856794],[-47.4065228,-22.9644533],[-47.3962485,-22.9543559],[-47.3873551,-22.9559862],[-47.3865591,-22.9185876],[-47.3968327,-22.906346],[-47.3787742,-22.8781404],[-47.341818,-22.860255],[-47.329697,-22.891801],[-47.317222,-22.901317],[-47.3001791,-22.8953069]]]}},{"type":"Feature","properties":{"level":"municipio","municipality_code":"3531704","municipality_name":"Monteiro Lobato","uf":"SP","state_code":"35","area_km2":332.742},"geometry":{"type":"Polygon","coordinates":[[[-45.6752026,-22.9277763],[-45.7485858,-22.9894664],[-45.8101159,-23.0123196],[-45.8202757,-23.0293275],[-45.847729,-23.045382],[-45.878943,-23.02845],[-45.885344,-23.009478],[-45.923327,-23.036075],[-45.931901,-23.030083],[-45.928443,-23.013317],[-45.880611,-22.965668],[-45.895645,-22.933866],[-45.877448,-22.921204],[-45.874097,-22.902453],[-45.863815,-22.892441],[-45.8703851,-22.869413],[-45.8396742,-22.8325226],[-45.809802,-22.8293866],[-45.7908539,-22.858606],[-45.7703197,-22.8468074],[-45.7680281,-22.8359588],[-45.7587334,-22.8355213],[-45.7565361,-22.8680404],[-45.7368576,-22.8910875],[-45.6666124,-22.8777568],[-45.6843291,-22.907202],[-45.6751672,-22.9149887],[-45.6752026,-22.9277763]]]}},{"type":"Feature","properties":{"level":"municipio","municipality_code":"3531001","municipality_name":"Monções","uf":"SP","state_code":"35","area_km2":104.352},"geometry":{"type":"Polygon","coordinates":[[[-50.0924486,-20.8870764],[-50.1054456,-20.8862989],[-50.1131692,-20.8760669],[-50.116417,-20.8825432],[-50.1328484,-20.8823135],[-50.1640917,-20.8723111],[-50.1520195,-20.8504839],[-50.0932489,-20.8110797],[-50.0807199,-20.8122253],[-50.0681612,-20.8251986],[-50.0634484,-20.818663],[-50.0288639,-20.8186649],[-50.0238227,-20.8380425],[-50.0353023,-20.8618279],[-50.0312055,-20.8903371],[-50.0419766,-20.9119128],[-50.03877,-20.9198015],[-50.0568162,-20.9398732],[-50.0924486,-20.8870764]]]}},{"type":"Feature","properties":{"level":"municipio","municipality_code":"3531902","municipality_name":"Morro Agudo","uf":"SP","state_code":"35","area_km2":1388.127},"geometry":{"type":"Polygon","coordinates":[[[-47.9605838,-20.7628445],[-47.9619919,-20.8143594],[-47.9824973,-20.8506743],[-47.9853687,-20.8763699],[-48.0374356,-20.9067044],[-48.0511893,-20.9313434],[-48.103667,-20.9000902],[-48.1258336,-20.9018984],[-48.1648949,-20.8843523],[-48.1746106,-20.8889837],[-48.2013608,-20.8805561],[-48.2431512,-20.8480843],[-48.2324756,-20.8200202],[-48.2561938,-20.8045795],[-48.2434927,-20.7765701],[-48.256694,-20.7413261],[-48.2795292,-20.7410574],[-48.2958102,-20.7202799],[-48.3205066,-20.7252221],[-48.3393076,-20.6939712],[-48.3335928,-20.6653676],[-48.3504044,-20.6462524],[-48.3484772,-20.6300871],[-48.322386,-20.6091734],[-48.3203473,-20.589048],[-48.3397296,-20.5822725],[-48.3505957,-20.561763],[-48.3786722,-20.5490484],[-48.3836549,-20.5371614],[-48.3713931,-20.5462554],[-48.3690298,-20.5275732],[-48.3441604,-20.5219184],[-48.3263375,-20.5324445],[-48.318734,-20.5186594],[-48.2932207,-20.5142782],[-48.281604,-20.4923531],[-48.2885256,-20.4838045],[-48.280637,-20.4704865],[-48.2388253,-20.461016],[-48.2280766,-20.4499409],[-48.2138592,-20.4578826],[-48.194513,-20.460082],[-48.1778005,-20.4525177],[-48.1598925,-20.4598553],[-48.0910895,-20.5565186],[-48.0824919,-20.587497],[-48.0603762,-20.5966127],[-48.0233356,-20.5967088],[-47.9892569,-20.6164448],[-47.978719,-20.6627888],[-47.96492,-20.6748491],[-47.9731585,-20.6871854],[-47.981255,-20.7514325],[-47.9605838,-20.7628445]]]}},{"type":"Feature","properties":{"level":"municipio","municipality_code":"3532009","municipality_name":"Morungaba","uf":"SP","state_code":"35","area_km2":146.752},"geometry":{"type":"Polygon","coordinates":[[[-46.7200846,-22.8947394],[-46.7128671,-22.8842904],[-46.702874,-22.8886907],[-46.7041153,-22.8785913],[-46.6808655,-22.8860171],[-46.6816,-22.9302235],[-46.7038576,-22.9262979],[-46.7509191,-22.9384893],[-46.771331,-22.9220432],[-46.7881723,-22.9232875],[-46.8000069,-22.9352935],[-46.8226596,-22.9303862],[-46.8614989,-22.9415706],[-46.891306,-22.917247],[-46.869314,-22.898839],[-46.830501,-22.906986],[-46.815929,-22.895669],[-46.826475,-22.873185],[-46.834777,-22.880151],[-46.851074,-22.876245],[-46.858385,-22.8361772],[-46.8187184,-22.8450913],[-46.811236,-22.8360762],[-46.7937765,-22.8342179],[-46.784288,-22.8517332],[-46.7605545,-22.8479266],[-46.7602879,-22.858286],[-46.7435769,-22.8575835],[-46.7379322,-22.8642883],[-46.7304278,-22.8519731],[-46.7255796,-22.8769996],[-46.7184741,-22.8782801],[-46.7200846,-22.8947394]]]}},{"type":"Feature","properties":{"level":"municipio","municipality_code":"3532058","municipality_name":"Motuca","uf":"SP","state_code":"35","area_km2":228.7},"geometry":{"type":"Polygon","coordinates":[[[-48.1867449,-21.618748],[-48.2630014,-21.5352936],[-48.259355,-21.512871],[-48.2392182,-21.5003541],[-48.2316248,-21.4710406],[-48.196704,-21.4644405],[-48.1778485,-21.4375725],[-48.143567,-21.4266229],[-48.1176433,-21.435117],[-48.1135027,-21.4205857],[-48.1086261,-21.4452813],[-48.0820824,-21.4615721],[-48.0850397,-21.4687248],[-48.07427,-21.4792385],[-48.0955088,-21.5243019],[-48.1166741,-21.5335211],[-48.1165232,-21.5438457],[-48.1433496,-21.5538612],[-48.1682815,-21.6093897],[-48.1867449,-21.618748]]]}},{"type":"Feature","properties":{"level":"municipio","municipality_code":"3532108","municipality_name":"Murutinga do Sul","uf":"SP","state_code":"35","area_km2":250.873},"geometry":{"type":"Polygon","coordinates":[[[-51.3025166,-20.9733051],[-51.3001648,-20.9613302],[-51.2879231,-20.952811],[-51.2928284,-20.9482728],[-51.2835735,-20.9264426],[-51.2976258,-20.903696],[-51.2819602,-20.8854321],[-51.2906461,-20.8678419],[-51.2421349,-20.8580587],[-51.2322188,-20.8904665],[-51.2161468,-20.901912],[-51.1980978,-20.9526085],[-51.2255425,-20.9617271],[-51.2213365,-20.9749133],[-51.2378746,-20.9832802],[-51.2377474,-21.0018987],[-51.2662829,-21.0412601],[-51.2985646,-21.0409752],[-51.3232882,-21.0607951],[-51.3317369,-21.1127113],[-51.3366331,-21.106675],[-51.3754797,-21.1162157],[-51.390238,-21.1339635],[-51.4053921,-21.1354253],[-51.4108533,-21.1114147],[-51.4019722,-21.075381],[-51.3939301,-21.0809057],[-51.3845972,-21.0394027],[-51.3694506,-21.012043],[-51.3457051,-20.9823477],[-51.3025166,-20.9733051]]]}},{"type":"Feature","properties":{"level":"municipio","municipality_code":"3532157","municipality_name":"Nantes","uf":"SP","state_code":"35","area_km2":286.647},"geometry":{"type":"Polygon","coordinates":[[[-51.1325813,-22.5991999],[-51.158636,-22.6368547],[-51.1617042,-22.6583146],[-51.1800637,-22.6755737],[-51.1822021,-22.6927467],[-51.1940292,-22.7080039],[-51.2123005,-22.7140614],[-51.2108577,-22.72304],[-51.2351104,-22.7091607],[-51.2428803,-22.6895762],[-51.2651999,-22.6676974],[-51.2982028,-22.6735075],[-51.2802391,-22.6419055],[-51.2875243,-22.6081931],[-51.2736066,-22.5450208],[-51.2171786,-22.5348723],[-51.1418637,-22.4777246],[-51.1370097,-22.4893199],[-51.0999748,-22.4868676],[-51.1325813,-22.5991999]]]}},{"type":"Feature","properties":{"level":"municipio","municipality_code":"3532207","municipality_name":"Narandiba","uf":"SP","state_code":"35","area_km2":357.325},"geometry":{"type":"Polygon","coordinates":[[[-51.5511834,-22.454425],[-51.5605077,-22.4349827],[-51.5550062,-22.4197165],[-51.5623693,-22.4007586],[-51.5386786,-22.3832154],[-51.5240296,-22.3558174],[-51.5016755,-22.3521253],[-51.4926666,-22.3620114],[-51.5202393,-22.458216],[-51.4851367,-22.4830773],[-51.4659906,-22.4858658],[-51.448073,-22.5243939],[-51.459082,-22.5842375],[-51.4502687,-22.6283343],[-51.4569162,-22.6342132],[-51.445023,-22.6463184],[-51.4863661,-22.6849945],[-51.5083218,-22.6920275],[-51.5376309,-22.6880006],[-51.5595692,-22.6971793],[-51.5914778,-22.6851988],[-51.6278786,-22.6582406],[-51.5922949,-22.6236921],[-51.5806803,-22.5789559],[-51.5515529,-22.5396696],[-51.5516791,-22.5252111],[-51.5621807,-22.5143947],[-51.5463697,-22.4952891],[-51.5530946,-22.4855066],[-51.5511834,-22.454425]]]}},{"type":"Feature","properties":{"level":"municipio","municipality_code":"3532306","municipality_name":"Natividade da Serra","uf":"SP","state_code":"35","area_km2":833.372},"geometry":{"type":"Polygon","coordinates":[[[-45.4529778,-23.560754],[-45.4834262,-23.5598024],[-45.4881043,-23.5401727],[-45.5042033,-23.5339899],[-45.4990888,-23.5090371],[-45.507562,-23.501991],[-45.5095803,-23.4840413],[-45.5229695,-23.4783196],[-45.521875,-23.4586654],[-45.5542249,-23.4527172],[-45.5619109,-23.4426059],[-45.5669057,-23.4084888],[-45.5533267,-23.4015038],[-45.5370064,-23.3675385],[-45.5571974,-23.3744137],[-45.5762927,-23.3662939],[-45.5768437,-23.3481686],[-45.5645707,-23.3441953],[-45.566799,-23.3328012],[-45.5489381,-23.339043],[-45.5341397,-23.3268238],[-45.5190538,-23.3335711],[-45.5088715,-23.3154298],[-45.5021289,-23.3267853],[-45.4943453,-23.3160287],[-45.4795325,-23.3157182],[-45.4652986,-23.329671],[-45.4679639,-23.3050383],[-45.4495246,-23.3124417],[-45.4555085,-23.2989283],[-45.4443248,-23.2925199],[-45.4337304,-23.3074012],[-45.4332007,-23.2933577],[-45.3983387,-23.2768991],[-45.3730731,-23.3017997],[-45.3461554,-23.3036017],[-45.3233495,-23.2925686],[-45.3415053,-23.3249478],[-45.3149354,-23.3259453],[-45.3055917,-23.3343558],[-45.295955,-23.3226643],[-45.2737795,-23.3187381],[-45.2546804,-23.3287639],[-45.2518153,-23.3183984],[-45.2307669,-23.3332538],[-45.2033152,-23.3064186],[-45.2032828,-23.2948028],[-45.1613831,-23.2873785],[-45.1967781,-23.3255808],[-45.199849,-23.3776837],[-45.2059216,-23.3813855],[-45.2036885,-23.3969612],[-45.1696819,-23.3976911],[-45.1663341,-23.4109503],[-45.1768717,-23.414085],[-45.1760793,-23.4400362],[-45.306996,-23.496021],[-45.3249285,-23.5291688],[-45.3416207,-23.5375776],[-45.3428462,-23.5483908],[-45.3556292,-23.5398819],[-45.3703806,-23.5419214],[-45.3843924,-23.5553347],[-45.4141055,-23.5601614],[-45.4254441,-23.5484155],[-45.4439083,-23.5560602],[-45.4555951,-23.5777173],[-45.4529778,-23.560754]]]}},{"type":"Feature","properties":{"level":"municipio","municipality_code":"3532405","municipality_name":"Nazaré Paulista","uf":"SP","state_code":"35","area_km2":326.254},"geometry":{"type":"Polygon","coordinates":[[[-46.418451,-23.316319],[-46.447687,-23.270063],[-46.459667,-23.270483],[-46.470818,-23.28266],[-46.491828,-23.255252],[-46.514195,-23.250163],[-46.51556,-23.238736],[-46.509011,-23.232397],[-46.472869,-23.233742],[-46.448231,-23.215853],[-46.439621,-23.198505],[-46.451699,-23.16513],[-46.430773,-23.159793],[-46.42821,-23.140487],[-46.418549,-23.143602],[-46.411645,-23.135064],[-46.416171,-23.121273],[-46.377469,-23.118338],[-46.3713306,-23.1041967],[-46.361759,-23.10935],[-46.338397,-23.095686],[-46.323624,-23.11308],[-46.312108,-23.10536],[-46.289133,-23.117527],[-46.2614865,-23.0932702],[-46.247619,-23.117021],[-46.215061,-23.108424],[-46.2260462,-23.1368976],[-46.2352344,-23.1354433],[-46.2569649,-23.1595547],[-46.263096,-23.188019],[-46.282415,-23.183487],[-46.307913,-23.198197],[-46.311406,-23.227291],[-46.329657,-23.246343],[-46.348066,-23.252645],[-46.356876,-23.272567],[-46.396608,-23.286009],[-46.418451,-23.316319]]]}},{"type":"Feature","properties":{"level":"municipio","municipality_code":"3532504","municipality_name":"Neves Paulista","uf":"SP","state_code":"35","area_km2":219.05},"geometry":{"type":"Polygon","coordinates":[[[-49.6322558,-20.8007325],[-49.6611404,-20.7713545],[-49.6304731,-20.7569962],[-49.6038409,-20.7626245],[-49.5796786,-20.7798344],[-49.5735673,-20.7976151],[-49.5822765,-20.8097147],[-49.5631178,-20.8219672],[-49.5734484,-20.8638539],[-49.6268479,-20.8799705],[-49.617209,-20.8930608],[-49.6257045,-20.9013143],[-49.630266,-20.9620063],[-49.6533292,-20.9946541],[-49.6596379,-20.9691528],[-49.6680672,-20.9652037],[-49.6959502,-20.9657277],[-49.7207382,-20.9759697],[-49.7180317,-20.95941],[-49.7055256,-20.9506206],[-49.7267784,-20.9307606],[-49.7208331,-20.9145954],[-49.7107531,-20.9097509],[-49.7012105,-20.8790655],[-49.7025559,-20.8284957],[-49.6840749,-20.8330994],[-49.6425842,-20.8136761],[-49.6322558,-20.8007325]]]}},{"type":"Feature","properties":{"level":"municipio","municipality_code":"3532603","municipality_name":"Nhandeara","uf":"SP","state_code":"35","area_km2":436.159},"geometry":{"type":"Polygon","coordinates":[[[-49.9856769,-20.6075319],[-49.9707137,-20.6593603],[-49.9549286,-20.6630756],[-49.9525218,-20.6948292],[-49.9250676,-20.7232653],[-49.9360575,-20.7251519],[-49.9497931,-20.7465457],[-49.9750954,-20.7486423],[-49.9909867,-20.7388785],[-50.0183058,-20.7580322],[-50.0289299,-20.7891771],[-50.0241431,-20.8239562],[-50.0303884,-20.8180609],[-50.0634484,-20.818663],[-50.0681612,-20.8251986],[-50.0927734,-20.8109616],[-50.1212881,-20.8311161],[-50.1267598,-20.8070252],[-50.1101802,-20.7786884],[-50.1247677,-20.7472886],[-50.1179914,-20.7216431],[-50.1257751,-20.6982411],[-50.117944,-20.6762266],[-50.1016646,-20.6721009],[-50.088086,-20.6259847],[-50.1140089,-20.6002966],[-50.1250561,-20.5696658],[-50.1215515,-20.5225024],[-50.1086431,-20.5222488],[-50.102356,-20.5139274],[-50.1015803,-20.5224404],[-50.0844294,-20.5215594],[-50.0847242,-20.5330421],[-50.0567149,-20.5462174],[-50.0539801,-20.5336215],[-50.0061879,-20.5415726],[-49.9811165,-20.5759703],[-49.9856769,-20.6075319]]]}},{"type":"Feature","properties":{"level":"municipio","municipality_code":"3532702","municipality_name":"Nipoã","uf":"SP","state_code":"35","area_km2":137.609},"geometry":{"type":"Polygon","coordinates":[[[-49.7775494,-20.8587166],[-49.7698034,-20.8473001],[-49.7522647,-20.8580111],[-49.7448892,-20.8479981],[-49.7095063,-20.8463046],[-49.7012105,-20.8790655],[-49.7274876,-20.936052],[-49.8208134,-20.9374034],[-49.8272982,-20.9536901],[-49.8460937,-20.9452845],[-49.8507639,-20.9318642],[-49.8381567,-20.9046641],[-49.8412797,-20.869699],[-49.8336368,-20.84855],[-49.8084579,-20.8317501],[-49.7775494,-20.8587166]]]}},{"type":"Feature","properties":{"level":"municipio","municipality_code":"3532801","municipality_name":"Nova Aliança","uf":"SP","state_code":"35","area_km2":217.515},"geometry":{"type":"Polygon","coordinates":[[[-49.4975071,-20.9423292],[-49.4459253,-20.9852367],[-49.4635422,-21.039808],[-49.4585085,-21.0863077],[-49.4718337,-21.0944988],[-49.4826335,-21.1326297],[-49.5034369,-21.1463985],[-49.5039416,-21.1611348],[-49.5503,-21.1588687],[-49.5681843,-21.151785],[-49.5749372,-21.1392221],[-49.5955592,-21.1416744],[-49.6157659,-21.1299094],[-49.6110956,-21.1199673],[-49.5759824,-21.1147517],[-49.5690552,-21.0818363],[-49.5740051,-21.0737013],[-49.5627838,-21.064974],[-49.567279,-21.0493421],[-49.5588856,-21.0271572],[-49.5352338,-21.0085836],[-49.5098632,-20.9462911],[-49.4975071,-20.9423292]]]}},{"type":"Feature","properties":{"level":"municipio","municipality_code":"3532827","municipality_name":"Nova Campina","uf":"SP","state_code":"35","area_km2":385.375},"geometry":{"type":"Polygon","coordinates":[[[-48.9833943,-24.1011535],[-48.8542052,-24.1015969],[-48.8447849,-24.0955466],[-48.8119248,-24.1144609],[-48.822364,-24.1235766],[-48.8150268,-24.1357915],[-48.8253943,-24.1602556],[-48.8190068,-24.1669454],[-48.8285119,-24.174516],[-48.8708425,-24.1634137],[-48.8867278,-24.1810125],[-48.8860674,-24.2036898],[-48.9033122,-24.2128672],[-48.8956488,-24.2227693],[-48.941149,-24.2543258],[-48.9645952,-24.2919327],[-48.9812614,-24.2989429],[-48.9809868,-24.3119276],[-48.9981534,-24.3104338],[-49.0025468,-24.2982423],[-49.0191116,-24.2879582],[-49.0271273,-24.2665521],[-49.061048,-24.2430212],[-49.0823271,-24.2570945],[-49.1314881,-24.2456129],[-49.1535083,-24.2637522],[-49.1509826,-24.2360379],[-49.1425944,-24.2333556],[-49.1366806,-24.2132434],[-49.1214556,-24.2102675],[-49.1370375,-24.1858292],[-49.0831496,-24.1849421],[-49.0852538,-24.1978194],[-49.0708999,-24.1961313],[-49.0411379,-24.1677977],[-49.0173121,-24.156693],[-48.9833943,-24.1011535]]]}},{"type":"Feature","properties":{"level":"municipio","municipality_code":"3532843","municipality_name":"Nova Canaã Paulista","uf":"SP","state_code":"35","area_km2":124.473},"geometry":{"type":"Polygon","coordinates":[[[-50.9143548,-20.4179437],[-50.9719982,-20.3980675],[-50.9717213,-20.3567712],[-50.9469496,-20.3430108],[-50.9248574,-20.2975071],[-50.8775558,-20.318139],[-50.8724881,-20.3477596],[-50.8437038,-20.4146451],[-50.8817174,-20.4236466],[-50.8893723,-20.4377159],[-50.9030881,-20.4411794],[-50.9181521,-20.4328253],[-50.9143548,-20.4179437]]]}},{"type":"Feature","properties":{"level":"municipio","municipality_code":"3532868","municipality_name":"Nova Castilho","uf":"SP","state_code":"35","area_km2":183.396},"geometry":{"type":"Polygon","coordinates":[[[-50.3160366,-20.7176369],[-50.3070422,-20.7100929],[-50.2961927,-20.7127731],[-50.2943054,-20.7344725],[-50.2728913,-20.7336716],[-50.2654228,-20.7521832],[-50.2905868,-20.808821],[-50.2905883,-20.8357308],[-50.3220364,-20.8505536],[-50.3396596,-20.8457387],[-50.3439663,-20.8551908],[-50.3508745,-20.8460949],[-50.3744128,-20.8536835],[-50.3760257,-20.8157383],[-50.3870402,-20.808694],[-50.4116598,-20.8130674],[-50.4179421,-20.8005449],[-50.4321604,-20.7974919],[-50.4243793,-20.7907724],[-50.4199233,-20.742271],[-50.4132409,-20.7375062],[-50.4186723,-20.7091316],[-50.3973286,-20.7240354],[-50.3160366,-20.7176369]]]}},{"type":"Feature","properties":{"level":"municipio","municipality_code":"3532900","municipality_name":"Nova Europa","uf":"SP","state_code":"35","area_km2":160.25},"geometry":{"type":"Polygon","coordinates":[[[-48.6301738,-21.7742888],[-48.5527662,-21.742726],[-48.5454724,-21.7271015],[-48.527043,-21.7166754],[-48.5048912,-21.7194202],[-48.4914919,-21.7083946],[-48.4528837,-21.7114941],[-48.4414583,-21.7361615],[-48.4482191,-21.7531588],[-48.4656669,-21.7600712],[-48.470256,-21.7771695],[-48.4967551,-21.7911063],[-48.5026799,-21.7854368],[-48.5051195,-21.7953234],[-48.5400339,-21.7965676],[-48.559008,-21.8156815],[-48.5948282,-21.8290588],[-48.5959343,-21.8490919],[-48.618385,-21.8401903],[-48.6324251,-21.8438709],[-48.6365763,-21.8359155],[-48.653226,-21.8361633],[-48.6578648,-21.8446372],[-48.6689419,-21.8363286],[-48.6639894,-21.8232541],[-48.6426616,-21.8158583],[-48.6301738,-21.7742888]]]}},{"type":"Feature","properties":{"level":"municipio","municipality_code":"3533007","municipality_name":"Nova Granada","uf":"SP","state_code":"35","area_km2":531.796},"geometry":{"type":"Polygon","coordinates":[[[-49.3027095,-20.3286914],[-49.2708371,-20.345835],[-49.2963451,-20.3810632],[-49.2717237,-20.3792685],[-49.2655102,-20.4226508],[-49.250196,-20.4266361],[-49.2283114,-20.4123768],[-49.2219964,-20.4139954],[-49.2377526,-20.4296836],[-49.2268751,-20.4356721],[-49.226056,-20.4389524],[-49.2409349,-20.447774],[-49.2242464,-20.4560687],[-49.21176,-20.4776556],[-49.2111655,-20.5026453],[-49.1889322,-20.5117587],[-49.2031458,-20.5398447],[-49.221397,-20.5433185],[-49.25251,-20.5687955],[-49.3141366,-20.5884078],[-49.3344863,-20.6061163],[-49.3644109,-20.6055555],[-49.4122243,-20.5698078],[-49.4266739,-20.5493454],[-49.463027,-20.5367419],[-49.4781123,-20.5051418],[-49.4621695,-20.500736],[-49.4420441,-20.4723692],[-49.4114824,-20.45575],[-49.4067716,-20.4389275],[-49.3985928,-20.437046],[-49.4089563,-20.400224],[-49.3850362,-20.3646095],[-49.3072465,-20.3015602],[-49.3116925,-20.3098486],[-49.3027095,-20.3286914]]]}},{"type":"Feature","properties":{"level":"municipio","municipality_code":"3533106","municipality_name":"Nova Guataporanga","uf":"SP","state_code":"35","area_km2":34.158},"geometry":{"type":"Polygon","coordinates":[[[-51.6760131,-21.3467451],[-51.6816446,-21.3036288],[-51.650604,-21.299646],[-51.6523962,-21.2845405],[-51.6190347,-21.2992604],[-51.61562,-21.3083761],[-51.6250355,-21.3168293],[-51.6160683,-21.327035],[-51.6194825,-21.3557383],[-51.6760131,-21.3467451]]]}},{"type":"Feature","properties":{"level":"municipio","municipality_code":"3533205","municipality_name":"Nova Independência","uf":"SP","state_code":"35","area_km2":265.029},"geometry":{"type":"Polygon","coordinates":[[[-51.4615337,-21.0528155],[-51.4360133,-21.0855768],[-51.4019722,-21.075381],[-51.4108533,-21.1114147],[-51.4044562,-21.1345428],[-51.4221415,-21.1733795],[-51.4539255,-21.1862342],[-51.4778468,-21.2068896],[-51.4860798,-21.2329039],[-51.5311106,-21.1956956],[-51.5355954,-21.2007837],[-51.5379635,-21.1938079],[-51.5647578,-21.1852646],[-51.576182,-21.189193],[-51.5757044,-21.1808432],[-51.5934459,-21.170995],[-51.5903093,-21.1518369],[-51.6008366,-21.1442574],[-51.6275231,-21.1461636],[-51.6408451,-21.1629499],[-51.6434029,-21.1492576],[-51.5945099,-21.0883102],[-51.5311997,-21.0953198],[-51.5106851,-21.079776],[-51.5122079,-21.0667536],[-51.4832349,-21.0511524],[-51.4615337,-21.0528155]]]}},{"type":"Feature","properties":{"level":"municipio","municipality_code":"3533304","municipality_name":"Nova Luzitânia","uf":"SP","state_code":"35","area_km2":73.816},"geometry":{"type":"Polygon","coordinates":[[[-50.2383166,-20.8386693],[-50.2148375,-20.8656136],[-50.1976716,-20.8607423],[-50.1638597,-20.8748829],[-50.1630343,-20.8874602],[-50.1857709,-20.9016585],[-50.2197989,-20.8984024],[-50.2266271,-20.8886389],[-50.262769,-20.9058311],[-50.2757153,-20.8728167],[-50.3232394,-20.8727931],[-50.3376272,-20.8487048],[-50.3220364,-20.8505536],[-50.2826949,-20.8343426],[-50.2383166,-20.8386693]]]}},{"type":"Feature","properties":{"level":"municipio","municipality_code":"3533403","municipality_name":"Nova Odessa","uf":"SP","state_code":"35","area_km2":73.788},"geometry":{"type":"Polygon","coordinates":[[[-47.2856824,-22.792297],[-47.283262,-22.80096],[-47.295786,-22.815558],[-47.3234,-22.831206],[-47.330339,-22.830423],[-47.332772,-22.815991],[-47.3584003,-22.8174659],[-47.3512013,-22.7850318],[-47.319495,-22.762451],[-47.2875654,-22.7536823],[-47.2628051,-22.7661864],[-47.240148,-22.757433],[-47.2277641,-22.7317421],[-47.210957,-22.7425057],[-47.217985,-22.787562],[-47.2111546,-22.7947069],[-47.223497,-22.79629],[-47.229553,-22.786652],[-47.244102,-22.797252],[-47.2856824,-22.792297]]]}},{"type":"Feature","properties":{"level":"municipio","municipality_code":"3533254","municipality_name":"Novais","uf":"SP","state_code":"35","area_km2":117.772},"geometry":{"type":"Polygon","coordinates":[[[-48.9421013,-21.0583053],[-48.9503958,-21.0551681],[-48.9613442,-21.0305861],[-48.9540673,-20.9837798],[-48.9641412,-20.9625283],[-48.9530503,-20.9317406],[-48.9158358,-20.9136599],[-48.9079078,-20.9161972],[-48.8916568,-20.9480038],[-48.8817066,-20.9479352],[-48.8856026,-20.9597377],[-48.8609847,-20.9780743],[-48.8559669,-20.9981429],[-48.8908354,-21.0371277],[-48.9421013,-21.0583053]]]}},{"type":"Feature","properties":{"level":"municipio","municipality_code":"3533502","municipality_name":"Novo Horizonte","uf":"SP","state_code":"35","area_km2":931.743},"geometry":{"type":"Polygon","coordinates":[[[-49.1731046,-21.3919126],[-49.1815717,-21.4031651],[-49.1708892,-21.4126106],[-49.0797495,-21.4080318],[-49.0675353,-21.4458958],[-49.1141409,-21.4987171],[-49.1184533,-21.5154724],[-49.1330823,-21.5163801],[-49.1493074,-21.5289358],[-49.1547551,-21.5543947],[-49.1801263,-21.5911358],[-49.2184286,-21.6043058],[-49.2309799,-21.6208524],[-49.2410986,-21.6224333],[-49.2171591,-21.6732716],[-49.2646702,-21.6646053],[-49.2782397,-21.6552881],[-49.3121295,-21.6163121],[-49.327168,-21.5619821],[-49.3383134,-21.5475403],[-49.3770339,-21.5348989],[-49.4073429,-21.5443332],[-49.4245885,-21.540464],[-49.4954782,-21.4941683],[-49.5471205,-21.4226815],[-49.5205167,-21.4481598],[-49.4911396,-21.4353946],[-49.4702942,-21.4430633],[-49.463903,-21.431353],[-49.4425779,-21.4290617],[-49.420868,-21.3855169],[-49.3687155,-21.3473827],[-49.3570772,-21.3551738],[-49.3276461,-21.3496532],[-49.3209241,-21.3143713],[-49.2741679,-21.2850758],[-49.2303859,-21.3127084],[-49.2339703,-21.3241489],[-49.2202879,-21.3561957],[-49.1881483,-21.3621555],[-49.1731046,-21.3919126]]]}},{"type":"Feature","properties":{"level":"municipio","municipality_code":"3533601","municipality_name":"Nuporanga","uf":"SP","state_code":"35","area_km2":348.265},"geometry":{"type":"Polygon","coordinates":[[[-47.7129564,-20.8139301],[-47.7413721,-20.8032796],[-47.7552417,-20.7867094],[-47.7813885,-20.779204],[-47.7879561,-20.7498239],[-47.8010925,-20.7499748],[-47.8097019,-20.7402953],[-47.8246951,-20.7447078],[-47.8078897,-20.7079699],[-47.8316434,-20.6835112],[-47.8042396,-20.6542997],[-47.8065879,-20.6129983],[-47.7878658,-20.5988401],[-47.7899269,-20.5810278],[-47.767769,-20.5822152],[-47.7648789,-20.5979764],[-47.7437048,-20.5949046],[-47.7130763,-20.627209],[-47.6837928,-20.6292067],[-47.6890317,-20.6345392],[-47.680048,-20.6432663],[-47.6698326,-20.6378086],[-47.6548586,-20.6428342],[-47.6523325,-20.6503839],[-47.6706125,-20.6511428],[-47.6550218,-20.6626351],[-47.6618558,-20.6706181],[-47.6391568,-20.6709975],[-47.636478,-20.6912869],[-47.6168072,-20.6818119],[-47.6220661,-20.6984066],[-47.6124934,-20.7002553],[-47.6167753,-20.7104644],[-47.6293263,-20.7030648],[-47.6525003,-20.7258121],[-47.6497113,-20.7707],[-47.6610034,-20.7839072],[-47.6593382,-20.8190118],[-47.7129564,-20.8139301]]]}},{"type":"Feature","properties":{"level":"municipio","municipality_code":"3533700","municipality_name":"Ocauçu","uf":"SP","state_code":"35","area_km2":301.036},"geometry":{"type":"Polygon","coordinates":[[[-49.9604979,-22.5261819],[-49.9828109,-22.5300232],[-49.9999077,-22.4968971],[-50.023649,-22.5123879],[-50.0410431,-22.4978957],[-50.0607254,-22.4989028],[-50.0535609,-22.486496],[-50.0395206,-22.4894743],[-50.0221342,-22.4817963],[-50.0406996,-22.4580667],[-50.0252697,-22.4360374],[-49.9975126,-22.4086543],[-49.9694422,-22.408856],[-49.9629986,-22.4007997],[-49.9840266,-22.3279184],[-49.9563118,-22.3276686],[-49.9468274,-22.33926],[-49.9231928,-22.3311127],[-49.9024556,-22.3481442],[-49.8535007,-22.3572032],[-49.8547005,-22.4304357],[-49.8625934,-22.4525698],[-49.8720787,-22.456415],[-49.867257,-22.4646629],[-49.8767584,-22.4740132],[-49.8878546,-22.5254694],[-49.9084201,-22.5409521],[-49.9604979,-22.5261819]]]}},{"type":"Feature","properties":{"level":"municipio","municipality_code":"3533908","municipality_name":"Olímpia","uf":"SP","state_code":"35","area_km2":802.555},"geometry":{"type":"Polygon","coordinates":[[[-48.8885381,-20.554078],[-48.885311,-20.5460647],[-48.8522336,-20.544795],[-48.8436647,-20.5516541],[-48.8311348,-20.5705494],[-48.8457105,-20.6250369],[-48.840686,-20.6521647],[-48.8274722,-20.6590688],[-48.8040903,-20.6526075],[-48.7921146,-20.6631853],[-48.7865511,-20.6893902],[-48.800731,-20.7140164],[-48.7924191,-20.725305],[-48.8043442,-20.7262946],[-48.8211468,-20.772666],[-48.8414545,-20.7715939],[-48.8917033,-20.8237961],[-48.9201074,-20.8132814],[-48.9496128,-20.8696238],[-48.9840723,-20.8484825],[-49.0161368,-20.8544244],[-49.0640545,-20.8122158],[-49.092656,-20.8116732],[-49.0913665,-20.7892684],[-49.1052536,-20.7796619],[-49.0954638,-20.7564883],[-49.1263923,-20.7267413],[-49.1210766,-20.6835845],[-49.1296865,-20.6746685],[-49.1214414,-20.6668242],[-49.1300193,-20.6582417],[-49.1065712,-20.6516453],[-49.1249544,-20.6380795],[-49.1160095,-20.6244565],[-49.1243166,-20.6231667],[-49.1230051,-20.6080722],[-49.0884286,-20.6018467],[-49.0817937,-20.6227962],[-49.0592975,-20.6148047],[-49.0445197,-20.6342306],[-49.0301003,-20.6357963],[-49.0152645,-20.6500698],[-48.9988912,-20.6351503],[-48.9901134,-20.5817284],[-48.9631736,-20.5915356],[-48.9583603,-20.5756713],[-48.8885381,-20.554078]]]}},{"type":"Feature","properties":{"level":"municipio","municipality_code":"3534005","municipality_name":"Onda Verde","uf":"SP","state_code":"35","area_km2":242.946},"geometry":{"type":"Polygon","coordinates":[[[-49.345411,-20.662139],[-49.3644109,-20.6055555],[-49.3336743,-20.6057737],[-49.3143561,-20.5885128],[-49.2606973,-20.5728309],[-49.2001451,-20.5357099],[-49.1682182,-20.5518128],[-49.1615671,-20.5740435],[-49.1358908,-20.5829756],[-49.1370012,-20.5936325],[-49.1306514,-20.5945815],[-49.1558156,-20.6345766],[-49.1762689,-20.6476302],[-49.1781104,-20.6614119],[-49.2065781,-20.6652542],[-49.2239596,-20.6799772],[-49.305948,-20.682545],[-49.345411,-20.662139]]]}},{"type":"Feature","properties":{"level":"municipio","municipality_code":"3534104","municipality_name":"Oriente","uf":"SP","state_code":"35","area_km2":218.668},"geometry":{"type":"Polygon","coordinates":[[[-50.0395595,-22.1519138],[-50.0526863,-22.1630246],[-50.0515647,-22.1879718],[-50.0715647,-22.2172581],[-50.0909038,-22.2210953],[-50.1421971,-22.2590502],[-50.1503973,-22.2604938],[-50.1549217,-22.2522987],[-50.1738715,-22.2548444],[-50.1579522,-22.2251873],[-50.1700742,-22.1913227],[-50.1355173,-22.1501289],[-50.1382886,-22.1228253],[-50.1012228,-22.0620443],[-50.1031011,-22.0356861],[-50.093882,-22.0286086],[-50.0490463,-22.0453671],[-50.0042944,-22.0303565],[-50.0155316,-22.0562582],[-50.0141344,-22.0805398],[-50.04006,-22.0887999],[-50.0390051,-22.1053869],[-50.0584648,-22.1239209],[-50.0395595,-22.1519138]]]}},{"type":"Feature","properties":{"level":"municipio","municipality_code":"3534203","municipality_name":"Orindiúva","uf":"SP","state_code":"35","area_km2":247.378},"geometry":{"type":"Polygon","coordinates":[[[-49.4005395,-20.240187],[-49.4257235,-20.2171369],[-49.4426494,-20.2404843],[-49.4574326,-20.2276066],[-49.4595553,-20.1864443],[-49.442634,-20.1581078],[-49.4523683,-20.1298827],[-49.3767164,-20.145147],[-49.3624587,-20.1336536],[-49.3477689,-20.13644],[-49.3333679,-20.119964],[-49.3058506,-20.1169011],[-49.2992464,-20.1670761],[-49.2590821,-20.248092],[-49.2596931,-20.2587601],[-49.2909494,-20.2844159],[-49.2993027,-20.3068113],[-49.3113843,-20.310211],[-49.3067127,-20.301692],[-49.3309784,-20.2813896],[-49.3274892,-20.2766856],[-49.3517778,-20.2732236],[-49.3495373,-20.2504031],[-49.3865369,-20.2483312],[-49.3872958,-20.2393897],[-49.4005395,-20.240187]]]}},{"type":"Feature","properties":{"level":"municipio","municipality_code":"3534302","municipality_name":"Orlândia","uf":"SP","state_code":"35","area_km2":291.765},"geometry":{"type":"Polygon","coordinates":[[[-47.910093,-20.630975],[-47.8651382,-20.6485691],[-47.8553399,-20.6331503],[-47.8065879,-20.6129983],[-47.8029696,-20.6511248],[-47.8316434,-20.6835112],[-47.8078897,-20.7079699],[-47.8246951,-20.7447078],[-47.8460817,-20.7439259],[-47.8673047,-20.7575269],[-47.876176,-20.7771609],[-47.8971437,-20.7711135],[-47.8989247,-20.796085],[-47.9383043,-20.8012555],[-47.9619919,-20.8143594],[-47.9605838,-20.7628445],[-47.981255,-20.7514325],[-47.9731585,-20.6871854],[-47.96492,-20.6748491],[-47.9806263,-20.6579744],[-47.9882636,-20.6125298],[-47.9315938,-20.5861112],[-47.9230316,-20.6317551],[-47.910093,-20.630975]]]}},{"type":"Feature","properties":{"level":"municipio","municipality_code":"3534401","municipality_name":"Osasco","uf":"SP","state_code":"35","area_km2":64.954},"geometry":{"type":"Polygon","coordinates":[[[-46.765092,-23.56325],[-46.807378,-23.585647],[-46.807775,-23.609067],[-46.816439,-23.602759],[-46.817534,-23.519509],[-46.808455,-23.509951],[-46.8122161,-23.4990626],[-46.799753,-23.483688],[-46.796027,-23.46293],[-46.77696,-23.465061],[-46.76984,-23.457985],[-46.775115,-23.471787],[-46.766328,-23.49129],[-46.755484,-23.496189],[-46.763971,-23.506406],[-46.747045,-23.520377],[-46.760264,-23.529494],[-46.765092,-23.56325]]]}},{"type":"Feature","properties":{"level":"municipio","municipality_code":"3534500","municipality_name":"Oscar Bressane","uf":"SP","state_code":"35","area_km2":222.13},"geometry":{"type":"Polygon","coordinates":[[[-50.3316459,-22.3576231],[-50.329862,-22.279682],[-50.3096698,-22.2482001],[-50.3039028,-22.209316],[-50.2547941,-22.2134764],[-50.2243341,-22.2424941],[-50.2137127,-22.2332174],[-50.1864519,-22.2508803],[-50.1726268,-22.2461389],[-50.1829108,-22.26458],[-50.1695691,-22.3204878],[-50.1926883,-22.3292164],[-50.1948012,-22.3425426],[-50.2297831,-22.354251],[-50.2367877,-22.3793465],[-50.2707504,-22.3682139],[-50.2938309,-22.3705159],[-50.3142059,-22.3563563],[-50.3316459,-22.3576231]]]}},{"type":"Feature","properties":{"level":"municipio","municipality_code":"3534609","municipality_name":"Osvaldo Cruz","uf":"SP","state_code":"35","area_km2":248.038},"geometry":{"type":"Polygon","coordinates":[[[-50.856223,-21.7727658],[-50.8474772,-21.7893086],[-50.8236611,-21.8061384],[-50.8314387,-21.8072619],[-50.840876,-21.8308091],[-50.8685233,-21.8369024],[-50.9038683,-21.869865],[-50.9612437,-21.8225842],[-50.9349393,-21.7948276],[-50.9291824,-21.7631033],[-50.9439644,-21.7284565],[-50.9148061,-21.6693457],[-50.8981386,-21.672517],[-50.8799675,-21.6894171],[-50.8674164,-21.679896],[-50.8577923,-21.6879219],[-50.860294,-21.6491916],[-50.8233323,-21.6178295],[-50.8092427,-21.5600819],[-50.7974785,-21.5417269],[-50.7942118,-21.5590592],[-50.7774612,-21.542772],[-50.7689319,-21.5535134],[-50.782038,-21.5633261],[-50.7745737,-21.5729986],[-50.7765151,-21.5870516],[-50.8076641,-21.6410695],[-50.8154202,-21.6717149],[-50.8283492,-21.6778287],[-50.8263717,-21.6899079],[-50.856223,-21.7727658]]]}},{"type":"Feature","properties":{"level":"municipio","municipality_code":"3534708","municipality_name":"Ourinhos","uf":"SP","state_code":"35","area_km2":295.818},"geometry":{"type":"Polygon","coordinates":[[[-49.8853291,-23.0650684],[-49.9116022,-23.0511186],[-49.9162727,-23.0364208],[-49.9003578,-23.0004358],[-49.9545019,-22.9784205],[-49.9725251,-22.9585434],[-49.9523111,-22.9563224],[-49.9333199,-22.9299251],[-49.9207134,-22.9307119],[-49.8919288,-22.91409],[-49.8887162,-22.8833552],[-49.8781894,-22.8752099],[-49.8892257,-22.8593063],[-49.8843822,-22.8382219],[-49.8144185,-22.8549855],[-49.7776224,-22.8769695],[-49.7744972,-22.8893466],[-49.7627258,-22.8898983],[-49.7634474,-22.9699353],[-49.7727749,-22.9778273],[-49.7923229,-22.9672306],[-49.7972704,-22.9721801],[-49.8053789,-23.0007109],[-49.8358148,-23.0420786],[-49.8354047,-23.0672604],[-49.8674153,-23.0716919],[-49.87905,-23.0596854],[-49.8853291,-23.0650684]]]}},{"type":"Feature","properties":{"level":"municipio","municipality_code":"3534807","municipality_name":"Ouro Verde","uf":"SP","state_code":"35","area_km2":266.778},"geometry":{"type":"Polygon","coordinates":[[[-51.786347,-21.4999336],[-51.7521075,-21.4484826],[-51.7699538,-21.3853975],[-51.7213416,-21.3956214],[-51.6906231,-21.410584],[-51.6690852,-21.4332339],[-51.6795082,-21.4824029],[-51.6716489,-21.4968887],[-51.6550391,-21.4954751],[-51.6471885,-21.5159971],[-51.6910376,-21.565216],[-51.69509,-21.5815901],[-51.7167459,-21.5983838],[-51.7406643,-21.5910831],[-51.7796695,-21.6074729],[-51.7877547,-21.5950051],[-51.809989,-21.5954703],[-51.8220488,-21.5828529],[-51.8427607,-21.5783871],[-51.8227585,-21.527213],[-51.7786719,-21.5062325],[-51.786347,-21.4999336]]]}},{"type":"Feature","properties":{"level":"municipio","municipality_code":"3534757","municipality_name":"Ouroeste","uf":"SP","state_code":"35","area_km2":288.648},"geometry":{"type":"Polygon","coordinates":[[[-50.3522596,-19.9168766],[-50.3315983,-20.0358716],[-50.3626265,-20.0320575],[-50.3815625,-20.0577258],[-50.4254202,-20.0528348],[-50.4337418,-20.0211924],[-50.426109,-19.9916595],[-50.4333708,-19.9651462],[-50.44684,-19.9550009],[-50.4411321,-19.9323195],[-50.4566569,-19.9193665],[-50.4519091,-19.9144003],[-50.4607672,-19.8799989],[-50.4735485,-19.8687587],[-50.4814609,-19.8436606],[-50.4762203,-19.8165531],[-50.4541108,-19.7862306],[-50.4171328,-19.8011365],[-50.3527589,-19.8646024],[-50.3374335,-19.8694845],[-50.3388228,-19.8995524],[-50.3522596,-19.9168766]]]}},{"type":"Feature","properties":{"level":"municipio","municipality_code":"3534906","municipality_name":"Pacaembu","uf":"SP","state_code":"35","area_km2":339.375},"geometry":{"type":"Polygon","coordinates":[[[-51.273599,-21.664346],[-51.3226997,-21.6572478],[-51.3214762,-21.6360656],[-51.3547375,-21.6351522],[-51.3488874,-21.6143286],[-51.3332103,-21.6038619],[-51.3261383,-21.5706669],[-51.3049994,-21.5334475],[-51.3186948,-21.4818436],[-51.305289,-21.3936773],[-51.3120208,-21.367725],[-51.2983247,-21.3269522],[-51.2856005,-21.3183429],[-51.2709364,-21.3212529],[-51.2646782,-21.3315697],[-51.2377772,-21.326808],[-51.2119647,-21.3521321],[-51.2201966,-21.3629584],[-51.2067031,-21.4142824],[-51.2389061,-21.4576214],[-51.2304168,-21.5733987],[-51.2456991,-21.5930475],[-51.2326987,-21.6287792],[-51.2434206,-21.6353638],[-51.2469245,-21.656824],[-51.2650061,-21.6751538],[-51.273599,-21.664346]]]}},{"type":"Feature","properties":{"level":"municipio","municipality_code":"3535002","municipality_name":"Palestina","uf":"SP","state_code":"35","area_km2":697.701},"geometry":{"type":"Polygon","coordinates":[[[-49.4451904,-20.2398589],[-49.4257235,-20.2171369],[-49.4102488,-20.2240939],[-49.4011287,-20.239967],[-49.3872958,-20.2393897],[-49.3865369,-20.2483312],[-49.3495373,-20.2504031],[-49.3517778,-20.2732236],[-49.3274892,-20.2766856],[-49.3309784,-20.2813896],[-49.3072465,-20.3015602],[-49.3364933,-20.319058],[-49.3976383,-20.3779633],[-49.4090219,-20.4006601],[-49.3984422,-20.4363113],[-49.4067716,-20.4389275],[-49.4114824,-20.45575],[-49.4420441,-20.4723692],[-49.4621695,-20.500736],[-49.4804692,-20.5056601],[-49.4975631,-20.4973016],[-49.4912637,-20.4933407],[-49.5023472,-20.4913461],[-49.5065618,-20.4815252],[-49.5242179,-20.4857187],[-49.518079,-20.4693029],[-49.541748,-20.4525126],[-49.5374459,-20.4465269],[-49.5448666,-20.4435534],[-49.5522665,-20.4178607],[-49.5448284,-20.4049644],[-49.5551873,-20.3978852],[-49.5505769,-20.3863741],[-49.5658555,-20.3850553],[-49.5609109,-20.3743208],[-49.5713204,-20.3682428],[-49.5665657,-20.3548845],[-49.5824982,-20.3578359],[-49.5758766,-20.3497785],[-49.59598,-20.3436154],[-49.5959711,-20.3302411],[-49.5998229,-20.3364463],[-49.6112304,-20.3323939],[-49.617598,-20.3235893],[-49.6122951,-20.3183083],[-49.6226334,-20.315175],[-49.6168696,-20.3054498],[-49.6233644,-20.3009613],[-49.6302585,-20.3071359],[-49.6426116,-20.2881899],[-49.6463825,-20.2467335],[-49.679167,-20.237678],[-49.6867764,-20.2234652],[-49.6700094,-20.2151922],[-49.6920434,-20.1932102],[-49.6756402,-20.1755539],[-49.6626208,-20.1715149],[-49.6579401,-20.1780478],[-49.6543839,-20.1704886],[-49.6520615,-20.1800499],[-49.6401479,-20.173811],[-49.6316898,-20.1815779],[-49.621984,-20.1769968],[-49.6190091,-20.1888969],[-49.6076849,-20.1865406],[-49.5857561,-20.2034435],[-49.5558605,-20.2147739],[-49.548626,-20.2106933],[-49.5339413,-20.2232156],[-49.5096228,-20.2135237],[-49.4948306,-20.230728],[-49.4955417,-20.2420106],[-49.4821402,-20.2231598],[-49.4594557,-20.2173938],[-49.4451904,-20.2398589]]]}},{"type":"Feature","properties":{"level":"municipio","municipality_code":"3535101","municipality_name":"Palmares Paulista","uf":"SP","state_code":"35","area_km2":82.125},"geometry":{"type":"Polygon","coordinates":[[[-48.8344302,-21.1289348],[-48.8515309,-21.1381983],[-48.8711294,-21.1354025],[-48.8762092,-21.1284165],[-48.8689328,-21.1193919],[-48.8827762,-21.1055225],[-48.8559346,-21.0663224],[-48.8184971,-21.0417538],[-48.8201993,-21.0554257],[-48.8047094,-21.0591179],[-48.8091715,-21.0719329],[-48.7903355,-21.0802846],[-48.7924448,-21.0872383],[-48.7841183,-21.1002329],[-48.7763333,-21.0998554],[-48.7739565,-21.1124817],[-48.7957639,-21.1486199],[-48.8151482,-21.1561218],[-48.8341469,-21.1521924],[-48.8344302,-21.1289348]]]}},{"type":"Feature","properties":{"level":"municipio","municipality_code":"3535200","municipality_name":"Palmeira d'Oeste","uf":"SP","state_code":"35","area_km2":318.74},"geometry":{"type":"Polygon","coordinates":[[[-50.7715541,-20.5449796],[-50.8103482,-20.542439],[-50.8121232,-20.5311518],[-50.8031134,-20.519577],[-50.8063192,-20.4893506],[-50.799151,-20.4799742],[-50.8002332,-20.4184851],[-50.8437038,-20.4146451],[-50.8545903,-20.3922204],[-50.8226582,-20.3743663],[-50.814742,-20.3523202],[-50.8266963,-20.3310033],[-50.8035748,-20.3389278],[-50.7651045,-20.3350655],[-50.7423041,-20.3241079],[-50.7201144,-20.3336692],[-50.7071972,-20.3791295],[-50.6796976,-20.3946924],[-50.6685587,-20.4866495],[-50.6536528,-20.5134411],[-50.666421,-20.5320554],[-50.6891151,-20.5235468],[-50.6918448,-20.5385118],[-50.6958283,-20.528871],[-50.7057002,-20.5344483],[-50.724993,-20.5268534],[-50.7388169,-20.5449381],[-50.7543543,-20.5390411],[-50.7559481,-20.5484191],[-50.766991,-20.5531675],[-50.7715541,-20.5449796]]]}},{"type":"Feature","properties":{"level":"municipio","municipality_code":"3535309","municipality_name":"Palmital","uf":"SP","state_code":"35","area_km2":548.407},"geometry":{"type":"Polygon","coordinates":[[[-50.2733879,-22.9310013],[-50.3361588,-22.9503965],[-50.3595796,-22.9199419],[-50.346839,-22.9284613],[-50.3396861,-22.885664],[-50.3256302,-22.8825102],[-50.3395625,-22.8418936],[-50.3289683,-22.8053666],[-50.302735,-22.7895963],[-50.2980699,-22.7740317],[-50.2902628,-22.7750203],[-50.288875,-22.7447369],[-50.2727619,-22.712012],[-50.2587305,-22.7038891],[-50.2507731,-22.6868951],[-50.1682465,-22.7066254],[-50.1459304,-22.6993816],[-50.1262747,-22.7148276],[-50.1077206,-22.7102308],[-50.1189564,-22.7516629],[-50.1141468,-22.7738072],[-50.0989202,-22.7815439],[-50.1091789,-22.8245306],[-50.1198281,-22.8279588],[-50.1172681,-22.8339297],[-50.1354067,-22.8526888],[-50.1264995,-22.8791099],[-50.134551,-22.9241822],[-50.1261769,-22.9284673],[-50.1281843,-22.9370845],[-50.1529931,-22.9356184],[-50.1850821,-22.9540041],[-50.2168821,-22.9478995],[-50.2375376,-22.9541462],[-50.2476111,-22.9377984],[-50.2733879,-22.9310013]]]}},{"type":"Feature","properties":{"level":"municipio","municipality_code":"3535408","municipality_name":"Panorama","uf":"SP","state_code":"35","area_km2":356.05},"geometry":{"type":"Polygon","coordinates":[[[-51.8336817,-21.3636459],[-51.7718678,-21.389243],[-51.7521075,-21.4484826],[-51.7849006,-21.4965945],[-51.7786719,-21.5062325],[-51.8227585,-21.527213],[-51.8427607,-21.5783871],[-51.8735371,-21.5752727],[-51.8805915,-21.583357],[-51.885796,-21.5700922],[-51.9088846,-21.5653355],[-51.9126727,-21.5580431],[-51.9228185,-21.5606838],[-51.9342921,-21.5427585],[-51.9439154,-21.5462617],[-51.9457068,-21.5269493],[-51.965575,-21.525917],[-51.9622225,-21.4933075],[-51.9491231,-21.469819],[-51.9286818,-21.4558161],[-51.9075357,-21.3864558],[-51.8687621,-21.3535302],[-51.8610618,-21.336671],[-51.8331242,-21.3365743],[-51.8336817,-21.3636459]]]}},{"type":"Feature","properties":{"level":"municipio","municipality_code":"3535507","municipality_name":"Paraguaçu Paulista","uf":"SP","state_code":"35","area_km2":1001.492},"geometry":{"type":"Polygon","coordinates":[[[-50.4707874,-22.4565769],[-50.4486657,-22.4594693],[-50.4408444,-22.4905059],[-50.4189365,-22.4975026],[-50.4140764,-22.5192863],[-50.4558379,-22.5256908],[-50.4592273,-22.551512],[-50.4895687,-22.5815992],[-50.4999277,-22.6056178],[-50.5779441,-22.580894],[-50.6084616,-22.5433659],[-50.6403788,-22.5628195],[-50.6604405,-22.5305555],[-50.6578351,-22.5099813],[-50.6690237,-22.5096175],[-50.691638,-22.5466947],[-50.7301727,-22.5661988],[-50.7377786,-22.5825619],[-50.7695811,-22.5810461],[-50.7706083,-22.5941324],[-50.7879493,-22.5967718],[-50.8094693,-22.624913],[-50.8205072,-22.6228881],[-50.8103011,-22.6379544],[-50.8180315,-22.6441185],[-50.8275812,-22.6452859],[-50.843975,-22.62584],[-50.8393195,-22.5862507],[-50.8530727,-22.5747593],[-50.8418058,-22.5496904],[-50.8579449,-22.5287037],[-50.8364357,-22.5028277],[-50.8313471,-22.4840922],[-50.8454247,-22.4740735],[-50.8398021,-22.4369508],[-50.8295581,-22.4282799],[-50.8001695,-22.4437106],[-50.782337,-22.434193],[-50.769791,-22.437493],[-50.723263,-22.413989],[-50.718579,-22.403506],[-50.695044,-22.399902],[-50.696209,-22.369972],[-50.687486,-22.361016],[-50.682911,-22.330959],[-50.687451,-22.308608],[-50.665401,-22.282808],[-50.667539,-22.3034],[-50.645551,-22.312279],[-50.626499,-22.302546],[-50.623771,-22.288118],[-50.618436,-22.296046],[-50.587421,-22.30309],[-50.571041,-22.304301],[-50.5584677,-22.2952904],[-50.5147897,-22.3152234],[-50.4986273,-22.3121134],[-50.4892177,-22.318997],[-50.4770014,-22.3085218],[-50.4520711,-22.3146798],[-50.4423493,-22.355928],[-50.4575125,-22.3711472],[-50.4515649,-22.3940171],[-50.4697332,-22.4189663],[-50.4707874,-22.4565769]]]}},{"type":"Feature","properties":{"level":"municipio","municipality_code":"3535606","municipality_name":"Paraibuna","uf":"SP","state_code":"35","area_km2":809.576},"geometry":{"type":"Polygon","coordinates":[[[-45.6948141,-23.6308281],[-45.7059471,-23.60159],[-45.7153279,-23.608783],[-45.7239168,-23.598178],[-45.7437527,-23.6020893],[-45.730937,-23.5744871],[-45.7461274,-23.5661283],[-45.7460907,-23.5398288],[-45.7619432,-23.5184805],[-45.756027,-23.5111595],[-45.7911483,-23.5063271],[-45.7881977,-23.4897873],[-45.7770214,-23.4829685],[-45.7885692,-23.4687893],[-45.7861346,-23.4602161],[-45.7634811,-23.4392822],[-45.7867339,-23.4200431],[-45.7623147,-23.4020463],[-45.7539849,-23.3855506],[-45.7569701,-23.3743377],[-45.7867361,-23.3710892],[-45.7885418,-23.362663],[-45.7776282,-23.3500139],[-45.7639588,-23.3507255],[-45.7650339,-23.3424374],[-45.7451945,-23.3527913],[-45.7210972,-23.3411867],[-45.7224537,-23.3338753],[-45.7057547,-23.3385399],[-45.7021459,-23.3264435],[-45.6768196,-23.3063031],[-45.6346256,-23.2907591],[-45.5690915,-23.3230846],[-45.5641178,-23.3420452],[-45.5753198,-23.3428164],[-45.572879,-23.3694089],[-45.5571974,-23.3744137],[-45.5378329,-23.3661193],[-45.5494302,-23.396017],[-45.5669057,-23.4084888],[-45.5619109,-23.4426059],[-45.5542249,-23.4527172],[-45.521875,-23.4586654],[-45.5229695,-23.4783196],[-45.5095803,-23.4840413],[-45.507562,-23.501991],[-45.4990888,-23.5090371],[-45.5042033,-23.5339899],[-45.4881043,-23.5401727],[-45.4834262,-23.5598024],[-45.4500325,-23.5646616],[-45.4701532,-23.5822761],[-45.4875329,-23.5724801],[-45.5239416,-23.6049008],[-45.5440451,-23.5982643],[-45.5807986,-23.6467894],[-45.6029516,-23.6541202],[-45.6321404,-23.6568846],[-45.6329282,-23.6451527],[-45.6217446,-23.6303856],[-45.6372773,-23.621874],[-45.6670258,-23.6203521],[-45.6695158,-23.6293138],[-45.7025395,-23.6368513],[-45.6948141,-23.6308281]]]}},{"type":"Feature","properties":{"level":"municipio","municipality_code":"3535804","municipality_name":"Paranapanema","uf":"SP","state_code":"35","area_km2":1018.724},"geometry":{"type":"Polygon","coordinates":[[[-48.6245379,-23.4971187],[-48.6354941,-23.5263704],[-48.6473324,-23.5220963],[-48.6523239,-23.5375002],[-48.6432978,-23.5443835],[-48.6217687,-23.5382132],[-48.6303789,-23.5457743],[-48.6296571,-23.5596172],[-48.6148416,-23.5624039],[-48.6072718,-23.5749431],[-48.6092216,-23.5919115],[-48.6185216,-23.5876725],[-48.6229066,-23.5944449],[-48.6554554,-23.5963352],[-48.6804348,-23.5880452],[-48.6976041,-23.6025126],[-48.7208448,-23.6002013],[-48.7315951,-23.6086005],[-48.7671638,-23.613826],[-48.7809569,-23.6428024],[-48.8001695,-23.6392942],[-48.832905,-23.5995396],[-48.8228358,-23.5955875],[-48.8423217,-23.5786585],[-48.8530972,-23.5388915],[-48.8976811,-23.5075278],[-48.9067848,-23.4822989],[-48.9163956,-23.4834789],[-48.9196943,-23.4706297],[-48.9297446,-23.4678086],[-48.9303349,-23.4580716],[-48.9956558,-23.3881551],[-49.0017184,-23.3642832],[-48.9848937,-23.2877615],[-48.9540958,-23.3000399],[-48.9329948,-23.2996524],[-48.8963911,-23.2840109],[-48.8403819,-23.2820415],[-48.8048411,-23.2679816],[-48.784108,-23.2976369],[-48.7327732,-23.3196383],[-48.7094026,-23.3190814],[-48.7073429,-23.3407613],[-48.6811337,-23.3427049],[-48.6474606,-23.3290778],[-48.6279332,-23.3563704],[-48.6360088,-23.4053376],[-48.656098,-23.4096452],[-48.6493693,-23.4221657],[-48.6533732,-23.43049],[-48.6427411,-23.4718918],[-48.6152349,-23.4896816],[-48.629722,-23.4885459],[-48.6245379,-23.4971187]]]}},{"type":"Feature","properties":{"level":"municipio","municipality_code":"3535903","municipality_name":"Paranapuã","uf":"SP","state_code":"35","area_km2":140.354},"geometry":{"type":"Polygon","coordinates":[[[-50.6261369,-20.0121196],[-50.6186375,-20.0320334],[-50.5892897,-20.0494205],[-50.5465609,-19.9874466],[-50.5158905,-20.0159197],[-50.5191213,-20.0375703],[-50.5346,-20.0457719],[-50.5565198,-20.0794344],[-50.5518903,-20.1200669],[-50.5817146,-20.1408592],[-50.6115519,-20.130202],[-50.6214734,-20.1085426],[-50.660781,-20.087427],[-50.6643955,-20.0515772],[-50.6494916,-20.0039843],[-50.6261369,-20.0121196]]]}},{"type":"Feature","properties":{"level":"municipio","municipality_code":"3536000","municipality_name":"Parapuã","uf":"SP","state_code":"35","area_km2":366.664},"geometry":{"type":"Polygon","coordinates":[[[-50.7770966,-21.7332624],[-50.7183535,-21.7995334],[-50.7224307,-21.812805],[-50.711421,-21.8271549],[-50.7064182,-21.8566481],[-50.7166384,-21.8544207],[-50.7737162,-21.904366],[-50.7771602,-21.9176532],[-50.7897929,-21.9203509],[-50.7878414,-21.9372394],[-50.7986428,-21.9371007],[-50.8138557,-21.9514009],[-50.829074,-21.9494072],[-50.8429448,-21.965644],[-50.8646619,-21.9689867],[-50.8895418,-21.9670906],[-50.9159227,-21.9512357],[-50.939089,-21.9507847],[-50.9619215,-21.9322108],[-50.965858,-21.9257503],[-50.9558132,-21.9256762],[-50.9383265,-21.9033225],[-50.913762,-21.8903012],[-50.8972439,-21.8617568],[-50.8685233,-21.8369024],[-50.840876,-21.8308091],[-50.8314387,-21.8072619],[-50.8236611,-21.8061384],[-50.8571651,-21.7767341],[-50.8269076,-21.6890181],[-50.8119643,-21.7156356],[-50.7926151,-21.7317534],[-50.7770966,-21.7332624]]]}},{"type":"Feature","properties":{"level":"municipio","municipality_code":"3535705","municipality_name":"Paraíso","uf":"SP","state_code":"35","area_km2":155.186},"geometry":{"type":"Polygon","coordinates":[[[-48.7903355,-21.0802846],[-48.8091715,-21.0719329],[-48.8047094,-21.0591179],[-48.8204007,-21.0549762],[-48.8177222,-21.0325655],[-48.8310829,-21.0305936],[-48.8303988,-21.0215376],[-48.8442935,-21.0155151],[-48.8047192,-20.9871627],[-48.7905719,-20.9455693],[-48.7957133,-20.9346135],[-48.7892356,-20.933011],[-48.7685318,-20.9501329],[-48.7603131,-20.9449573],[-48.7440241,-20.9556319],[-48.7453295,-20.966219],[-48.7373301,-20.9631815],[-48.7279591,-20.9811462],[-48.720872,-20.9744807],[-48.7084799,-20.980997],[-48.7097453,-20.9894203],[-48.6981121,-20.993544],[-48.7009527,-21.0041452],[-48.6919966,-21.0121524],[-48.7254258,-21.0738162],[-48.7808869,-21.1003058],[-48.7903355,-21.0802846]]]}},{"type":"Feature","properties":{"level":"municipio","municipality_code":"3536109","municipality_name":"Pardinho","uf":"SP","state_code":"35","area_km2":209.894},"geometry":{"type":"Polygon","coordinates":[[[-48.3593844,-23.093972],[-48.3439501,-23.1142676],[-48.3325986,-23.121115],[-48.3242591,-23.1173346],[-48.3205835,-23.1293721],[-48.3270587,-23.1350864],[-48.3028803,-23.149855],[-48.3410462,-23.1394226],[-48.3509341,-23.1525927],[-48.3627074,-23.1540936],[-48.3632129,-23.1695896],[-48.4283679,-23.2030841],[-48.4605211,-23.1542552],[-48.4675941,-23.1340582],[-48.4622001,-23.1170801],[-48.4763429,-23.0816492],[-48.4500944,-23.0728031],[-48.4247162,-23.0052604],[-48.4138228,-22.9955585],[-48.4006099,-23.0101053],[-48.3836392,-23.003609],[-48.347197,-23.013254],[-48.3559637,-23.0269494],[-48.3423695,-23.0261094],[-48.3565112,-23.031302],[-48.3587447,-23.0410376],[-48.3533788,-23.0533523],[-48.343782,-23.0499661],[-48.361404,-23.0667587],[-48.3465058,-23.0722588],[-48.3542719,-23.0834102],[-48.3392886,-23.0851149],[-48.3593844,-23.093972]]]}},{"type":"Feature","properties":{"level":"municipio","municipality_code":"3536208","municipality_name":"Pariquera-Açu","uf":"SP","state_code":"35","area_km2":359.414},"geometry":{"type":"Polygon","coordinates":[[[-47.8887826,-24.7876066],[-47.8917894,-24.7755091],[-47.9171584,-24.7771708],[-47.9454884,-24.7658995],[-47.9635081,-24.7413196],[-47.9581326,-24.7318435],[-47.9643369,-24.7202242],[-47.9529934,-24.7080423],[-47.9535186,-24.6964274],[-47.9411758,-24.6960459],[-47.9266892,-24.6732215],[-47.9156194,-24.6202779],[-47.8857804,-24.5923846],[-47.8680913,-24.5916144],[-47.8697341,-24.5810131],[-47.8571462,-24.574927],[-47.8449635,-24.5796455],[-47.8176661,-24.5661042],[-47.778431,-24.5743095],[-47.7714334,-24.5908699],[-47.7410381,-24.6114591],[-47.74127,-24.6210828],[-47.7277452,-24.6221019],[-47.743707,-24.6360154],[-47.7471637,-24.6581449],[-47.7690128,-24.6820725],[-47.7657821,-24.6919644],[-47.7726838,-24.7008578],[-47.7664725,-24.7080823],[-47.7936671,-24.7281708],[-47.8063504,-24.7672874],[-47.8147214,-24.7693019],[-47.8307448,-24.7563454],[-47.8487209,-24.764612],[-47.8467652,-24.7842763],[-47.8656437,-24.7993619],[-47.8887826,-24.7876066]]]}},{"type":"Feature","properties":{"level":"municipio","municipality_code":"3536257","municipality_name":"Parisi","uf":"SP","state_code":"35","area_km2":84.737},"geometry":{"type":"Polygon","coordinates":[[[-50.0028463,-20.3163762],[-50.0132217,-20.3357515],[-50.0373199,-20.3166835],[-50.0540664,-20.3360905],[-50.0803599,-20.3012814],[-50.0672292,-20.2752575],[-50.071004,-20.2444076],[-50.0546699,-20.2297839],[-50.0456201,-20.205718],[-50.0321866,-20.2028021],[-50.0277452,-20.1816596],[-50.0248451,-20.1960716],[-50.0133534,-20.2044926],[-50.0131908,-20.2570538],[-49.999146,-20.2803285],[-50.0028463,-20.3163762]]]}},{"type":"Feature","properties":{"level":"municipio","municipality_code":"3536307","municipality_name":"Patrocínio Paulista","uf":"SP","state_code":"35","area_km2":602.848},"geometry":{"type":"Polygon","coordinates":[[[-47.2529075,-20.6481621],[-47.2215081,-20.7066766],[-47.2081464,-20.7061827],[-47.1933561,-20.7315277],[-47.1751925,-20.7392619],[-47.1822923,-20.741293],[-47.1888183,-20.7706247],[-47.2070694,-20.7755311],[-47.2247543,-20.8000989],[-47.2144844,-20.8272194],[-47.2273595,-20.8564716],[-47.246132,-20.8645717],[-47.2632352,-20.8536193],[-47.2636108,-20.857026],[-47.2666734,-20.8581558],[-47.2895525,-20.835916],[-47.3145295,-20.8412831],[-47.3287065,-20.8598991],[-47.3415072,-20.8576611],[-47.3496448,-20.8400284],[-47.344539,-20.8279958],[-47.3696915,-20.8271276],[-47.4180062,-20.8063976],[-47.4422545,-20.7831089],[-47.4276714,-20.777255],[-47.4295185,-20.7645357],[-47.4526696,-20.759871],[-47.441699,-20.7314108],[-47.4216157,-20.736251],[-47.3859782,-20.728394],[-47.3814269,-20.7160091],[-47.3668654,-20.7125022],[-47.3614286,-20.6831774],[-47.3471878,-20.6709244],[-47.3582826,-20.6239914],[-47.3342239,-20.600062],[-47.3297817,-20.5792212],[-47.3147199,-20.5651542],[-47.3194661,-20.5391533],[-47.3111817,-20.5457046],[-47.3036819,-20.5344537],[-47.3002177,-20.5517749],[-47.2898058,-20.5418816],[-47.28964,-20.5530401],[-47.2760175,-20.542097],[-47.2709218,-20.5575612],[-47.2625677,-20.5622611],[-47.269051,-20.5543557],[-47.2624178,-20.5478149],[-47.267321,-20.5350545],[-47.2528081,-20.5370013],[-47.2495316,-20.5513452],[-47.2435218,-20.5445522],[-47.2494156,-20.5348232],[-47.2398799,-20.5233446],[-47.2350107,-20.5341912],[-47.2266997,-20.5278981],[-47.2284852,-20.53392],[-47.21536,-20.5391726],[-47.2269122,-20.5467873],[-47.2093813,-20.547664],[-47.2369044,-20.5649163],[-47.2215579,-20.5614256],[-47.2172857,-20.5704013],[-47.2278108,-20.5737491],[-47.2242836,-20.5785841],[-47.2126056,-20.5756197],[-47.2106375,-20.559304],[-47.1972423,-20.5591615],[-47.1946656,-20.5406329],[-47.1894438,-20.5495382],[-47.1765584,-20.5412503],[-47.1695609,-20.5512065],[-47.1562327,-20.5415092],[-47.1463265,-20.5502422],[-47.1415205,-20.5410165],[-47.1411283,-20.581177],[-47.151493,-20.5870994],[-47.15492,-20.6015825],[-47.2023197,-20.6101621],[-47.2529075,-20.6481621]]]}},{"type":"Feature","properties":{"level":"municipio","municipality_code":"3536406","municipality_name":"Paulicéia","uf":"SP","state_code":"35","area_km2":374.091},"geometry":{"type":"Polygon","coordinates":[[[-51.8331242,-21.3365743],[-51.8610618,-21.336671],[-51.8485145,-21.2666384],[-51.8795737,-21.1994307],[-51.8769246,-21.139471],[-51.8654739,-21.1305401],[-51.82359,-21.1268398],[-51.7896709,-21.1021195],[-51.7669071,-21.050757],[-51.7618578,-21.0642675],[-51.7521675,-21.0608184],[-51.7375125,-21.0743361],[-51.719458,-21.0696246],[-51.7137121,-21.0832982],[-51.699138,-21.0885915],[-51.6944604,-21.0963096],[-51.7014535,-21.1078185],[-51.6879207,-21.1225256],[-51.6948905,-21.131859],[-51.6819997,-21.1491336],[-51.7317465,-21.225117],[-51.7499512,-21.2238441],[-51.7729856,-21.2374024],[-51.7712059,-21.2470908],[-51.7952181,-21.2641897],[-51.7931831,-21.2721302],[-51.7573117,-21.2881394],[-51.7809763,-21.3076336],[-51.7748448,-21.3110974],[-51.7967856,-21.3503364],[-51.7927417,-21.3600647],[-51.808676,-21.3747577],[-51.8289591,-21.3680803],[-51.8331242,-21.3365743]]]}},{"type":"Feature","properties":{"level":"municipio","municipality_code":"3536570","municipality_name":"Paulistânia","uf":"SP","state_code":"35","area_km2":256.178},"geometry":{"type":"Polygon","coordinates":[[[-49.3512771,-22.5443938],[-49.3466649,-22.5330924],[-49.3154226,-22.5257199],[-49.3081105,-22.5138131],[-49.2667379,-22.4940985],[-49.1930044,-22.5291397],[-49.150903,-22.5194665],[-49.1525748,-22.5381774],[-49.179411,-22.5789675],[-49.195097,-22.5729549],[-49.2146032,-22.5839675],[-49.2641307,-22.5903228],[-49.2988814,-22.6254728],[-49.329031,-22.6349365],[-49.3339052,-22.6292416],[-49.3497766,-22.6427354],[-49.3639471,-22.6327822],[-49.4189483,-22.6212088],[-49.4236333,-22.6080841],[-49.444351,-22.6004981],[-49.4568624,-22.5786686],[-49.4462982,-22.5627981],[-49.4133108,-22.5632529],[-49.4062736,-22.5517714],[-49.3934603,-22.5582099],[-49.3512771,-22.5443938]]]}},{"type":"Feature","properties":{"level":"municipio","municipality_code":"3536604","municipality_name":"Paulo de Faria","uf":"SP","state_code":"35","area_km2":737.986},"geometry":{"type":"Polygon","coordinates":[[[-49.3068846,-20.116715],[-49.3333679,-20.119964],[-49.3477689,-20.13644],[-49.3624587,-20.1336536],[-49.3767164,-20.145147],[-49.4515466,-20.1293146],[-49.442634,-20.1581078],[-49.4595553,-20.1864443],[-49.457468,-20.2171375],[-49.4821402,-20.2231598],[-49.4945016,-20.24192],[-49.5096228,-20.2135237],[-49.5339413,-20.2232156],[-49.548626,-20.2106933],[-49.5558605,-20.2147739],[-49.5857561,-20.2034435],[-49.6076849,-20.1865406],[-49.6195615,-20.1885516],[-49.6244853,-20.1764589],[-49.599145,-20.1163657],[-49.599104,-20.0774242],[-49.5810196,-20.0878058],[-49.5658405,-20.085704],[-49.5512407,-20.0693484],[-49.5495694,-20.0461778],[-49.5501764,-20.0231471],[-49.5795712,-19.971058],[-49.5921227,-19.9643464],[-49.5939072,-19.9482631],[-49.6132293,-19.919973],[-49.5514852,-19.905841],[-49.5140049,-19.9143115],[-49.5034528,-19.9199294],[-49.4875687,-19.9552742],[-49.458242,-19.975931],[-49.4345392,-19.9823852],[-49.3564865,-19.9867173],[-49.2975378,-19.9605454],[-49.2563106,-19.9651904],[-49.2464315,-19.9751613],[-49.2483388,-19.999637],[-49.2625334,-20.0069262],[-49.2839236,-20.0047717],[-49.297256,-20.017517],[-49.3072553,-20.0603193],[-49.3068846,-20.116715]]]}},{"type":"Feature","properties":{"level":"municipio","municipality_code":"3536505","municipality_name":"Paulínia","uf":"SP","state_code":"35","area_km2":138.777},"geometry":{"type":"Polygon","coordinates":[[[-47.177521,-22.803737],[-47.199383,-22.787348],[-47.2111546,-22.7947069],[-47.217775,-22.769806],[-47.2104926,-22.7403951],[-47.2005144,-22.7301673],[-47.1844645,-22.73453],[-47.1890353,-22.7201253],[-47.1693563,-22.6949328],[-47.1537114,-22.6990757],[-47.14882,-22.6846913],[-47.1439235,-22.6914397],[-47.1405303,-22.6833724],[-47.1241875,-22.6977719],[-47.1281589,-22.6868214],[-47.1211171,-22.6826277],[-47.1041237,-22.6906288],[-47.0722225,-22.6799679],[-47.0647764,-22.6849118],[-47.0612234,-22.7001809],[-47.0809125,-22.7027106],[-47.0845572,-22.7133345],[-47.1025785,-22.723946],[-47.1012871,-22.7504151],[-47.1082934,-22.754372],[-47.0944859,-22.7766111],[-47.109995,-22.800666],[-47.108838,-22.817016],[-47.128292,-22.807611],[-47.177521,-22.803737]]]}},{"type":"Feature","properties":{"level":"municipio","municipality_code":"3536703","municipality_name":"Pederneiras","uf":"SP","state_code":"35","area_km2":727.482},"geometry":{"type":"Polygon","coordinates":[[[-48.7715397,-22.2269933],[-48.7029089,-22.3685447],[-48.7217344,-22.378232],[-48.730611,-22.3928917],[-48.7280702,-22.4207213],[-48.7495771,-22.4646694],[-48.7637047,-22.467664],[-48.7722098,-22.4800112],[-48.8086206,-22.4777732],[-48.8187223,-22.4871625],[-48.8442061,-22.4904154],[-48.8610459,-22.4840747],[-48.8509631,-22.462244],[-48.8627028,-22.4557222],[-48.8572269,-22.3950059],[-48.8847988,-22.380238],[-48.8920072,-22.39175],[-48.9159169,-22.3981437],[-48.9116513,-22.3378492],[-48.9381763,-22.3406001],[-48.9525718,-22.3270595],[-48.9613822,-22.3361043],[-48.9700671,-22.3335644],[-48.9763139,-22.3110548],[-49.0366063,-22.2737107],[-49.0551594,-22.229804],[-49.0343425,-22.2069682],[-49.0326399,-22.2144656],[-49.0078975,-22.2194486],[-48.9896111,-22.2153714],[-48.9170137,-22.1470853],[-48.9059369,-22.1220192],[-48.8794473,-22.1090996],[-48.8656576,-22.0893158],[-48.8639016,-22.1185109],[-48.8431155,-22.1309532],[-48.8560389,-22.1668929],[-48.8251798,-22.1783148],[-48.8190055,-22.1911934],[-48.8252244,-22.2133907],[-48.8152695,-22.2274565],[-48.7965638,-22.232666],[-48.7715397,-22.2269933]]]}},{"type":"Feature","properties":{"level":"municipio","municipality_code":"3536802","municipality_name":"Pedra Bela","uf":"SP","state_code":"35","area_km2":158.587},"geometry":{"type":"Polygon","coordinates":[[[-46.3567204,-22.785108],[-46.3833021,-22.8250425],[-46.4042342,-22.8071688],[-46.4438606,-22.8247477],[-46.5123702,-22.8215405],[-46.5251272,-22.8284836],[-46.5353086,-22.8200344],[-46.5331459,-22.8067842],[-46.4863738,-22.7619305],[-46.5093262,-22.7568444],[-46.5064604,-22.726679],[-46.4935346,-22.7191527],[-46.4821282,-22.7229349],[-46.4686395,-22.7013099],[-46.4573342,-22.7070572],[-46.4527231,-22.7275819],[-46.3937809,-22.7439725],[-46.3858053,-22.7403043],[-46.36048,-22.7613454],[-46.3345415,-22.7603001],[-46.3325661,-22.7661158],[-46.3567204,-22.785108]]]}},{"type":"Feature","properties":{"level":"municipio","municipality_code":"3536901","municipality_name":"Pedranópolis","uf":"SP","state_code":"35","area_km2":260.101},"geometry":{"type":"Polygon","coordinates":[[[-50.1476958,-20.1618841],[-50.1074095,-20.1456482],[-50.1079049,-20.1293745],[-50.0991842,-20.1196674],[-50.0497976,-20.1003388],[-50.0354105,-20.0843933],[-50.0403998,-20.1049542],[-50.0251162,-20.1194629],[-50.0223656,-20.1376012],[-50.031261,-20.1562941],[-50.0291487,-20.1966917],[-50.0456201,-20.205718],[-50.0546699,-20.2297839],[-50.071004,-20.2444076],[-50.0672292,-20.2752575],[-50.0811499,-20.2949317],[-50.0809322,-20.3098984],[-50.1138175,-20.3212593],[-50.1450405,-20.3137254],[-50.1560194,-20.2778244],[-50.1750986,-20.2694321],[-50.1641038,-20.2424152],[-50.2305475,-20.2190598],[-50.2253212,-20.2059449],[-50.2028211,-20.1897702],[-50.178341,-20.2001592],[-50.1581318,-20.1911467],[-50.1476958,-20.1618841]]]}},{"type":"Feature","properties":{"level":"municipio","municipality_code":"3537008","municipality_name":"Pedregulho","uf":"SP","state_code":"35","area_km2":712.604},"geometry":{"type":"Polygon","coordinates":[[[-47.4972938,-20.3169398],[-47.5148186,-20.3045659],[-47.5249714,-20.310309],[-47.5620952,-20.2897431],[-47.5983122,-20.2874754],[-47.6106071,-20.2772968],[-47.6026499,-20.252646],[-47.6191607,-20.2188652],[-47.6108809,-20.1971569],[-47.592543,-20.1789114],[-47.6057785,-20.1670393],[-47.6065678,-20.1558384],[-47.5636061,-20.153287],[-47.5428658,-20.1366973],[-47.5319625,-20.109267],[-47.5178732,-20.1055112],[-47.5090011,-20.0599083],[-47.5422428,-20.0130523],[-47.5270291,-20.0207678],[-47.5144537,-20.0442649],[-47.5082829,-20.0460693],[-47.506949,-20.0329593],[-47.4871859,-20.0468375],[-47.4758803,-20.0355698],[-47.488194,-20.0266615],[-47.4723917,-20.0269211],[-47.4828505,-20.0032088],[-47.4715054,-19.9988448],[-47.4678347,-20.0126544],[-47.4740078,-20.0146981],[-47.470433,-20.0270785],[-47.4757855,-20.0395158],[-47.465737,-20.0407782],[-47.4721939,-20.0454114],[-47.4633789,-20.0498054],[-47.477203,-20.0489541],[-47.480032,-20.0595579],[-47.4724217,-20.0596462],[-47.4765162,-20.0659193],[-47.4638023,-20.0641254],[-47.4696264,-20.0696793],[-47.4485682,-20.0691556],[-47.4681141,-20.0809442],[-47.4565514,-20.0844894],[-47.4685312,-20.0894973],[-47.4673136,-20.0968632],[-47.4454441,-20.0943472],[-47.4675521,-20.1193143],[-47.4492559,-20.1114228],[-47.45314,-20.1230429],[-47.4429248,-20.1258398],[-47.4342945,-20.1117989],[-47.4310156,-20.1219152],[-47.4088624,-20.1124885],[-47.3984161,-20.1409199],[-47.3763096,-20.145325],[-47.3842365,-20.1619964],[-47.3601332,-20.1551555],[-47.3599767,-20.1708258],[-47.3380467,-20.151328],[-47.344566,-20.1352817],[-47.3367499,-20.119669],[-47.3232893,-20.1167535],[-47.2930069,-20.1486619],[-47.2617804,-20.1599249],[-47.2541008,-20.1943303],[-47.2310736,-20.2191522],[-47.2462664,-20.2614442],[-47.278564,-20.2928222],[-47.3045452,-20.2721733],[-47.3248433,-20.2761577],[-47.3368532,-20.2683018],[-47.3516731,-20.277175],[-47.3671272,-20.2715729],[-47.3708916,-20.292971],[-47.3895868,-20.2941225],[-47.4248894,-20.3201659],[-47.453363,-20.309216],[-47.4604991,-20.3142792],[-47.4646005,-20.3075944],[-47.4972938,-20.3169398]]]}},{"type":"Feature","properties":{"level":"municipio","municipality_code":"3537107","municipality_name":"Pedreira","uf":"SP","state_code":"35","area_km2":108.817},"geometry":{"type":"Polygon","coordinates":[[[-46.9049282,-22.7628437],[-46.957425,-22.729225],[-46.9460826,-22.7071073],[-46.9532429,-22.6900819],[-46.928749,-22.681151],[-46.9132307,-22.7000996],[-46.90984,-22.6865947],[-46.8798651,-22.6905441],[-46.8845536,-22.7156188],[-46.8636236,-22.7280965],[-46.8597498,-22.7461127],[-46.8485289,-22.7499488],[-46.8497648,-22.7605347],[-46.8353019,-22.776376],[-46.8356552,-22.799507],[-46.8288212,-22.8033533],[-46.8402413,-22.8255097],[-46.8371396,-22.8433917],[-46.857903,-22.837295],[-46.8677588,-22.817488],[-46.8908025,-22.8170708],[-46.8925832,-22.7980363],[-46.9049293,-22.784523],[-46.8982461,-22.7779304],[-46.9049282,-22.7628437]]]}},{"type":"Feature","properties":{"level":"municipio","municipality_code":"3537156","municipality_name":"Pedrinhas Paulista","uf":"SP","state_code":"35","area_km2":152.309},"geometry":{"type":"Polygon","coordinates":[[[-50.7969072,-22.7961205],[-50.7655565,-22.7732778],[-50.7303257,-22.785193],[-50.7145227,-22.8171589],[-50.7266313,-22.8503635],[-50.7594103,-22.8800334],[-50.7749181,-22.8832843],[-50.8273986,-22.8650364],[-50.8423871,-22.8313985],[-50.8887189,-22.7965312],[-50.9276919,-22.7977499],[-50.9251385,-22.7844749],[-50.8954518,-22.775312],[-50.8581357,-22.7439191],[-50.8364057,-22.7825149],[-50.8088708,-22.7859461],[-50.7969072,-22.7961205]]]}},{"type":"Feature","properties":{"level":"municipio","municipality_code":"3537206","municipality_name":"Pedro de Toledo","uf":"SP","state_code":"35","area_km2":670.44},"geometry":{"type":"Polygon","coordinates":[[[-47.1983432,-24.2755641],[-47.2104306,-24.3097476],[-47.2073329,-24.3245747],[-47.2308669,-24.327728],[-47.2397752,-24.3416525],[-47.2339685,-24.3596648],[-47.3003351,-24.3599439],[-47.3125468,-24.3523268],[-47.3052768,-24.3410168],[-47.3263342,-24.3399177],[-47.3495084,-24.3260542],[-47.3479387,-24.3182893],[-47.3266606,-24.3122191],[-47.3378647,-24.2938188],[-47.3318157,-24.2873505],[-47.2867193,-24.2774545],[-47.2837846,-24.2499819],[-47.2954837,-24.2222571],[-47.2901841,-24.1975795],[-47.2727094,-24.1848278],[-47.2870382,-24.174757],[-47.2883233,-24.1621242],[-47.2803383,-24.147058],[-47.2684599,-24.1469228],[-47.2706486,-24.1244974],[-47.2609135,-24.1074905],[-47.2366497,-24.0966412],[-47.2341156,-24.0847429],[-47.160216,-24.0523979],[-47.1627541,-24.0237208],[-47.1551114,-24.0163565],[-47.1343854,-24.0167137],[-47.1224165,-24.0079388],[-47.124603,-23.9975992],[-47.10711,-23.9938027],[-47.0918884,-24.0175419],[-47.0743219,-24.0238708],[-47.0539473,-24.0108453],[-47.0197131,-24.0583484],[-47.0066926,-24.0640637],[-46.9977762,-24.052056],[-46.9820668,-24.059536],[-46.983223,-24.076402],[-46.968876,-24.096459],[-46.978181,-24.122275],[-47.005417,-24.127745],[-47.013115,-24.141195],[-47.033756,-24.14717],[-47.031041,-24.157625],[-47.041989,-24.177097],[-47.064796,-24.187124],[-47.0828162,-24.2185815],[-47.1008081,-24.2151264],[-47.1042967,-24.2254671],[-47.1218052,-24.2233419],[-47.1323642,-24.2152673],[-47.1261728,-24.1957656],[-47.1479719,-24.2070593],[-47.147021,-24.2153454],[-47.1727831,-24.2208644],[-47.1779148,-24.2341138],[-47.1973726,-24.2440588],[-47.1983432,-24.2755641]]]}},{"type":"Feature","properties":{"level":"municipio","municipality_code":"3537305","municipality_name":"Penápolis","uf":"SP","state_code":"35","area_km2":711.314},"geometry":{"type":"Polygon","coordinates":[[[-50.1028927,-21.5575956],[-50.1447513,-21.5512666],[-50.1471691,-21.5277488],[-50.2226984,-21.5298982],[-50.2742315,-21.5591676],[-50.2804777,-21.5368092],[-50.2405144,-21.4671589],[-50.2221311,-21.466553],[-50.1944437,-21.4479282],[-50.1807427,-21.426715],[-50.1506648,-21.4178763],[-50.1546233,-21.4065051],[-50.1443436,-21.3802475],[-50.1644757,-21.3598427],[-50.1638721,-21.3291847],[-50.1406284,-21.3115773],[-50.1390967,-21.2787038],[-50.1480742,-21.2683037],[-50.1415185,-21.2579526],[-50.1405557,-21.2127322],[-50.1288873,-21.1955191],[-50.09098,-21.2203344],[-50.0277253,-21.2107276],[-49.9915675,-21.2266661],[-50.0287872,-21.275625],[-50.0217686,-21.2746754],[-50.0119093,-21.300905],[-49.9843385,-21.3209905],[-49.9770604,-21.3568716],[-50.0060479,-21.4285154],[-49.9993743,-21.4811836],[-49.9871618,-21.4867442],[-50.0145946,-21.5125668],[-50.013121,-21.5215535],[-50.0253672,-21.5283416],[-50.0608534,-21.5839415],[-50.1060552,-21.5898425],[-50.1102999,-21.5779122],[-50.1028927,-21.5575956]]]}},{"type":"Feature","properties":{"level":"municipio","municipality_code":"3537404","municipality_name":"Pereira Barreto","uf":"SP","state_code":"35","area_km2":974.247},"geometry":{"type":"Polygon","coordinates":[[[-51.2825698,-20.666609],[-51.3154303,-20.6743204],[-51.3245591,-20.6421339],[-51.3142495,-20.5881375],[-51.2965498,-20.5416728],[-51.2605602,-20.5232268],[-51.2789921,-20.5093305],[-51.2486801,-20.4791457],[-51.2391392,-20.4558031],[-51.2110378,-20.4734085],[-51.2005868,-20.4909106],[-51.1540328,-20.5084223],[-51.134165,-20.5271319],[-51.1103989,-20.5250731],[-51.0951988,-20.5418066],[-51.0721109,-20.5435274],[-51.0669968,-20.5551979],[-50.999816,-20.5559659],[-50.9884336,-20.5467368],[-50.9781062,-20.5651086],[-50.9965262,-20.6110421],[-50.9912541,-20.6503571],[-51.0574687,-20.7272474],[-51.0004679,-20.7683169],[-50.8948603,-20.8062076],[-50.8666,-20.8305159],[-50.867278,-20.8613386],[-50.8996008,-20.9097714],[-50.9117193,-20.8971488],[-50.9321755,-20.8998954],[-51.0711584,-20.8308897],[-51.1174157,-20.8640616],[-51.1429699,-20.8545292],[-51.1341909,-20.8150519],[-51.14227,-20.7648888],[-51.1520676,-20.7603886],[-51.1682367,-20.7227612],[-51.1988978,-20.6860167],[-51.1998444,-20.6513709],[-51.2332762,-20.6462765],[-51.2609979,-20.6519777],[-51.2825698,-20.666609]]]}},{"type":"Feature","properties":{"level":"municipio","municipality_code":"3537503","municipality_name":"Pereiras","uf":"SP","state_code":"35","area_km2":223.136},"geometry":{"type":"Polygon","coordinates":[[[-47.979323,-23.052509],[-47.9684285,-23.0305579],[-47.954681,-23.0336145],[-47.9479015,-23.014695],[-47.9263827,-23.0170693],[-47.9197699,-23.0305609],[-47.9087992,-23.0332699],[-47.9155719,-23.0417457],[-47.8984285,-23.0597151],[-47.9327371,-23.0601252],[-47.9296804,-23.0805061],[-47.9122746,-23.0803931],[-47.9099639,-23.1609125],[-47.9379409,-23.1615696],[-47.9493226,-23.1699181],[-47.9463668,-23.1807858],[-47.9786148,-23.1881025],[-47.9719666,-23.2086456],[-47.9822192,-23.2196527],[-48.0202939,-23.2279567],[-48.0304269,-23.2225578],[-48.0571624,-23.2325131],[-48.0499108,-23.2183205],[-48.0247599,-23.2019764],[-48.0122736,-23.1708424],[-48.0622152,-23.1475366],[-48.0614935,-23.1345705],[-48.0488589,-23.1212544],[-48.0580989,-23.1045808],[-48.0386166,-23.0896169],[-48.0368627,-23.0705582],[-48.006538,-23.0698654],[-47.9994641,-23.055962],[-47.979323,-23.052509]]]}},{"type":"Feature","properties":{"level":"municipio","municipality_code":"3537602","municipality_name":"Peruíbe","uf":"SP","state_code":"35","area_km2":326.216},"geometry":{"type":"MultiPolygon","coordinates":[[[[-47.0313325,-24.4287161],[-47.0310596,-24.4285256],[-47.0311229,-24.4288008],[-47.0313325,-24.4287161]]],[[[-47.0005784,-24.4084642],[-47.0020603,-24.4106308],[-47.0034165,-24.4097504],[-47.0005784,-24.4084642]]],[[[-47.0072536,-24.3963462],[-47.0077114,-24.3962038],[-47.007362,-24.3961229],[-47.0072536,-24.3963462]]],[[[-47.0047933,-24.3678663],[-47.0050054,-24.3672858],[-47.0045514,-24.3675326],[-47.0047933,-24.3678663]]],[[[-46.9995819,-24.3495976],[-46.9995656,-24.3493837],[-46.9994685,-24.3494367],[-46.9995819,-24.3495976]]],[[[-46.9499697,-24.1934476],[-46.925746,-24.221928],[-46.9265933,-24.2314899],[-46.8976327,-24.252918],[-47.0007032,-24.3338151],[-47.0015877,-24.3454504],[-46.9991565,-24.3506954],[-46.996,-24.3505244],[-47.0182394,-24.3788361],[-47.0093668,-24.3966336],[-47.0012903,-24.398262],[-47.0075735,-24.4138581],[-47.0778999,-24.4482045],[-47.081961,-24.433305],[-47.101991,-24.433284],[-47.117723,-24.417633],[-47.11232,-24.399697],[-47.100646,-24.391469],[-47.112942,-24.386265],[-47.120766,-24.364766],[-47.109576,-24.351163],[-47.095877,-24.353939],[-47.044991,-24.334389],[-47.021069,-24.283117],[-47.049021,-24.276624],[-47.057077,-24.264199],[-47.029131,-24.219847],[-47.05943,-24.211136],[-47.070759,-24.195226],[-47.041989,-24.177097],[-47.031041,-24.157625],[-47.033756,-24.14717],[-47.013115,-24.141195],[-47.007565,-24.129014],[-46.991596,-24.122011],[-46.97357,-24.138271],[-46.9468128,-24.1412877],[-46.9403739,-24.1589704],[-46.9499697,-24.1934476]]],[[[-46.9936078,-24.4109802],[-46.9943859,-24.4114108],[-46.9944328,-24.411129],[-46.9936078,-24.4109802]]],[[[-46.9996658,-24.4081877],[-46.9991623,-24.4081771],[-46.9995492,-24.4085501],[-46.9996658,-24.4081877]]],[[[-46.988281,-24.3840268],[-46.9864652,-24.3846817],[-46.9885259,-24.3853104],[-46.988281,-24.3840268]]],[[[-46.9871623,-24.3796135],[-46.9845981,-24.3824206],[-46.9875936,-24.381542],[-46.9871623,-24.3796135]]],[[[-46.9797814,-24.3605285],[-46.980684,-24.3628092],[-46.9810397,-24.3626959],[-46.9797814,-24.3605285]]]]}},{"type":"Feature","properties":{"level":"municipio","municipality_code":"3537701","municipality_name":"Piacatu","uf":"SP","state_code":"35","area_km2":232.488},"geometry":{"type":"Polygon","coordinates":[[[-50.5719914,-21.551369],[-50.5486264,-21.5553795],[-50.5410526,-21.5735591],[-50.5613088,-21.6157655],[-50.5591221,-21.6320605],[-50.5745958,-21.6473822],[-50.5856601,-21.6412142],[-50.6200548,-21.6609804],[-50.6220076,-21.6437202],[-50.6324537,-21.6565751],[-50.6466327,-21.6506802],[-50.6521523,-21.6235328],[-50.6703738,-21.6049356],[-50.7078743,-21.5855038],[-50.7082688,-21.5769891],[-50.7342919,-21.5719502],[-50.7463268,-21.5781021],[-50.7449405,-21.564857],[-50.7544465,-21.5711294],[-50.7613771,-21.5631006],[-50.782424,-21.5669986],[-50.7702611,-21.5573469],[-50.7685221,-21.5318097],[-50.7406921,-21.5214953],[-50.7311086,-21.5295891],[-50.6996868,-21.5272656],[-50.6904947,-21.5118348],[-50.6812348,-21.5142744],[-50.675727,-21.5041506],[-50.645225,-21.4913758],[-50.6284159,-21.5069189],[-50.6045543,-21.5087651],[-50.5967192,-21.5305636],[-50.6030104,-21.5458169],[-50.5875125,-21.5392827],[-50.5719914,-21.551369]]]}},{"type":"Feature","properties":{"level":"municipio","municipality_code":"3537800","municipality_name":"Piedade","uf":"SP","state_code":"35","area_km2":746.868},"geometry":{"type":"Polygon","coordinates":[[[-47.4317389,-23.905033],[-47.4568462,-23.9047147],[-47.4565093,-23.8933884],[-47.4718932,-23.9008654],[-47.5104145,-23.8916371],[-47.5227199,-23.8966635],[-47.5408806,-23.8676526],[-47.5588354,-23.8703629],[-47.5740918,-23.8633007],[-47.5718528,-23.8454712],[-47.6038396,-23.8386208],[-47.6040277,-23.8167564],[-47.5816159,-23.7957436],[-47.597996,-23.7930835],[-47.6187456,-23.7567329],[-47.5779068,-23.7570267],[-47.5886198,-23.7288027],[-47.5749341,-23.7137842],[-47.5597264,-23.7126551],[-47.5525929,-23.7227386],[-47.5262625,-23.7165423],[-47.5257202,-23.7023084],[-47.5147734,-23.7054438],[-47.4873263,-23.6846368],[-47.4941675,-23.6500129],[-47.4640069,-23.6386494],[-47.4439556,-23.6213746],[-47.4083741,-23.6203305],[-47.3920311,-23.633044],[-47.368432,-23.6337667],[-47.3462718,-23.7046849],[-47.3276956,-23.7117128],[-47.3210769,-23.7303095],[-47.2977745,-23.7487969],[-47.3048216,-23.7634112],[-47.3016051,-23.7872773],[-47.3170324,-23.7928084],[-47.3011517,-23.8075824],[-47.2811089,-23.8046032],[-47.2745524,-23.8178344],[-47.2489765,-23.827723],[-47.2915442,-23.8411679],[-47.297267,-23.8539582],[-47.3315908,-23.8625336],[-47.371346,-23.8876915],[-47.3767213,-23.9047522],[-47.3648566,-23.9139585],[-47.3885903,-23.9828712],[-47.4143706,-23.9631858],[-47.4322332,-23.9674207],[-47.440175,-23.9535974],[-47.4239397,-23.943007],[-47.4359544,-23.931733],[-47.4317389,-23.905033]]]}},{"type":"Feature","properties":{"level":"municipio","municipality_code":"3537909","municipality_name":"Pilar do Sul","uf":"SP","state_code":"35","area_km2":681.248},"geometry":{"type":"Polygon","coordinates":[[[-47.7666839,-23.9836429],[-47.7784417,-23.9890759],[-47.795951,-23.9784156],[-47.8050423,-23.9629397],[-47.8013783,-23.9529521],[-47.8133512,-23.9590033],[-47.8240402,-23.9505454],[-47.8556989,-23.9549308],[-47.8688044,-23.9443998],[-47.8758354,-23.8993355],[-47.8655343,-23.8800008],[-47.8336252,-23.868849],[-47.8445975,-23.8494119],[-47.8406219,-23.84001],[-47.8635098,-23.812843],[-47.8579008,-23.8027535],[-47.8655529,-23.7819389],[-47.8520655,-23.7505183],[-47.8310665,-23.7525082],[-47.8157072,-23.7659904],[-47.7901358,-23.7555883],[-47.7826056,-23.7349277],[-47.7577249,-23.7409178],[-47.7244787,-23.7244626],[-47.7147615,-23.7106265],[-47.7064316,-23.7250572],[-47.6864073,-23.7230713],[-47.6653751,-23.7428744],[-47.6333726,-23.7071348],[-47.6166432,-23.76255],[-47.597996,-23.7930835],[-47.5816159,-23.7957436],[-47.6040277,-23.8167564],[-47.6041766,-23.8382823],[-47.5695015,-23.8491594],[-47.5813994,-23.8683277],[-47.6089629,-23.868605],[-47.6138215,-23.8951],[-47.5935841,-23.9046864],[-47.6115136,-23.9159546],[-47.611175,-23.9272692],[-47.6302253,-23.9355695],[-47.6283749,-23.9531168],[-47.646404,-23.9640523],[-47.6534269,-23.9579368],[-47.6594072,-23.9665504],[-47.6668901,-23.9595081],[-47.6716627,-23.9663723],[-47.6623538,-23.9729612],[-47.6694888,-23.9817578],[-47.6859416,-23.9934604],[-47.7115046,-23.9920665],[-47.7179029,-24.0093796],[-47.7405545,-23.9879891],[-47.7581617,-23.9947429],[-47.7666839,-23.9836429]]]}},{"type":"Feature","properties":{"level":"municipio","municipality_code":"3538006","municipality_name":"Pindamonhangaba","uf":"SP","state_code":"35","area_km2":731.355},"geometry":{"type":"Polygon","coordinates":[[[-45.3341986,-22.9173008],[-45.3388029,-22.9449243],[-45.3212599,-22.9756513],[-45.3339542,-22.9951557],[-45.3276582,-23.0163164],[-45.3072256,-23.025202],[-45.3278376,-23.0343147],[-45.3397754,-23.0314854],[-45.3510134,-23.0085885],[-45.3623917,-23.0066484],[-45.4390198,-23.0714564],[-45.4947737,-23.0141284],[-45.5100033,-22.9513837],[-45.5281893,-22.9182797],[-45.5462034,-22.9226228],[-45.5526412,-22.899561],[-45.5959779,-22.8755266],[-45.6323784,-22.8750937],[-45.653043,-22.8832876],[-45.66996,-22.8764581],[-45.6334195,-22.8431353],[-45.63081,-22.8186402],[-45.6143214,-22.8049013],[-45.6120596,-22.7933563],[-45.5847494,-22.7923982],[-45.5815416,-22.7777277],[-45.5416669,-22.7691843],[-45.4948609,-22.7425468],[-45.4770816,-22.7199651],[-45.4645885,-22.7141477],[-45.4548285,-22.7188128],[-45.4391281,-22.7034071],[-45.4401813,-22.7113881],[-45.4264748,-22.7131366],[-45.4216023,-22.7310443],[-45.3984207,-22.7450805],[-45.4056226,-22.7663886],[-45.398779,-22.7820132],[-45.345994,-22.7886416],[-45.3644591,-22.8001391],[-45.3490966,-22.815109],[-45.3414304,-22.8115804],[-45.3417598,-22.8286307],[-45.3313539,-22.836106],[-45.3430226,-22.8407371],[-45.3461442,-22.8519401],[-45.3316316,-22.8457588],[-45.3238768,-22.855647],[-45.3537547,-22.8724861],[-45.3341986,-22.9173008]]]}},{"type":"Feature","properties":{"level":"municipio","municipality_code":"3538105","municipality_name":"Pindorama","uf":"SP","state_code":"35","area_km2":184.825},"geometry":{"type":"Polygon","coordinates":[[[-48.8584096,-21.1646576],[-48.8527055,-21.1795426],[-48.8415974,-21.1848646],[-48.8536091,-21.2073553],[-48.8449169,-21.2188449],[-48.8594711,-21.2279779],[-48.8474897,-21.2371218],[-48.8712046,-21.2705258],[-48.874408,-21.2618656],[-48.8995138,-21.2629228],[-48.9200904,-21.2995922],[-48.9595386,-21.2789119],[-48.9665879,-21.2673512],[-48.993671,-21.2861203],[-49.0106713,-21.2685357],[-49.0105615,-21.2534323],[-48.966859,-21.2440536],[-48.9720127,-21.2019505],[-48.927285,-21.16583],[-48.9173949,-21.1676374],[-48.9223696,-21.1515621],[-48.9149693,-21.1084421],[-48.8961212,-21.1142884],[-48.8827762,-21.1055225],[-48.8689328,-21.1193919],[-48.8762092,-21.1284165],[-48.8720244,-21.1348388],[-48.8467708,-21.1364745],[-48.8584096,-21.1646576]]]}},{"type":"Feature","properties":{"level":"municipio","municipality_code":"3538204","municipality_name":"Pinhalzinho","uf":"SP","state_code":"35","area_km2":154.529},"geometry":{"type":"Polygon","coordinates":[[[-46.5826756,-22.8508467],[-46.6059346,-22.8258999],[-46.6244708,-22.832951],[-46.6231777,-22.8064576],[-46.6444786,-22.8053006],[-46.6539496,-22.7890155],[-46.6469559,-22.7745999],[-46.6603091,-22.7676762],[-46.6392758,-22.7533296],[-46.6153289,-22.7577452],[-46.6218327,-22.7231422],[-46.5369844,-22.7212164],[-46.5306515,-22.729635],[-46.5068011,-22.7275754],[-46.5093262,-22.7568444],[-46.4861852,-22.7611776],[-46.5331459,-22.8067842],[-46.5294456,-22.8324792],[-46.5826756,-22.8508467]]]}},{"type":"Feature","properties":{"level":"municipio","municipality_code":"3538303","municipality_name":"Piquerobi","uf":"SP","state_code":"35","area_km2":482.769},"geometry":{"type":"Polygon","coordinates":[[[-51.7886463,-21.870117],[-51.7704638,-21.8741433],[-51.7635625,-21.8412991],[-51.7478597,-21.8272174],[-51.7473704,-21.7883923],[-51.7190408,-21.7665854],[-51.7109279,-21.7510363],[-51.7202335,-21.7150915],[-51.7019598,-21.6896207],[-51.6979736,-21.6317981],[-51.668797,-21.6324791],[-51.6663731,-21.6419476],[-51.6507107,-21.6436541],[-51.6449454,-21.6580142],[-51.6112859,-21.6725404],[-51.6158539,-21.7152074],[-51.587407,-21.7591829],[-51.6683253,-21.8256037],[-51.6813331,-21.8655026],[-51.6781614,-21.8975281],[-51.7407202,-21.9497889],[-51.7361833,-21.9757277],[-51.7461425,-21.9907701],[-51.773564,-22.0003914],[-51.7873383,-22.0299495],[-51.8081665,-22.0500665],[-51.8388971,-22.0569868],[-51.878161,-22.0249229],[-51.8920734,-22.0217598],[-51.8956687,-22.0105937],[-51.9153603,-22.0066257],[-51.8979713,-21.9989289],[-51.8810692,-21.9724453],[-51.8530747,-21.9691862],[-51.8353977,-21.95544],[-51.8180972,-21.9196314],[-51.7947676,-21.9031438],[-51.796122,-21.8814069],[-51.7886463,-21.870117]]]}},{"type":"Feature","properties":{"level":"municipio","municipality_code":"3538501","municipality_name":"Piquete","uf":"SP","state_code":"35","area_km2":175.996},"geometry":{"type":"Polygon","coordinates":[[[-45.1250982,-22.5875088],[-45.0954422,-22.6159722],[-45.1140964,-22.6370699],[-45.1322202,-22.6295494],[-45.1627253,-22.6323489],[-45.1530354,-22.6397703],[-45.151647,-22.6580864],[-45.1683933,-22.6595339],[-45.1851593,-22.6485921],[-45.2000211,-22.6577998],[-45.2237969,-22.6533443],[-45.2290442,-22.6396102],[-45.2533485,-22.6320369],[-45.2691051,-22.6114457],[-45.2614069,-22.6071156],[-45.2601729,-22.5820534],[-45.1780456,-22.5498769],[-45.1645153,-22.5379287],[-45.1600093,-22.5169168],[-45.1266699,-22.4968703],[-45.110006,-22.5161007],[-45.1121155,-22.5418357],[-45.1038626,-22.5626989],[-45.1250982,-22.5875088]]]}},{"type":"Feature","properties":{"level":"municipio","municipality_code":"3538600","municipality_name":"Piracaia","uf":"SP","state_code":"35","area_km2":385.568},"geometry":{"type":"Polygon","coordinates":[[[-46.201932,-23.012234],[-46.184318,-23.00027],[-46.154148,-23.001437],[-46.08656,-22.985005],[-46.09385,-22.996915],[-46.125536,-23.009277],[-46.141986,-23.028503],[-46.140472,-23.038841],[-46.158941,-23.049925],[-46.16144,-23.066122],[-46.180331,-23.079393],[-46.202438,-23.082533],[-46.208925,-23.10678],[-46.228959,-23.107917],[-46.238489,-23.116999],[-46.253707,-23.1134335],[-46.2614865,-23.0932702],[-46.289061,-23.117528],[-46.312108,-23.10536],[-46.323624,-23.11308],[-46.338397,-23.095686],[-46.361759,-23.10935],[-46.3713306,-23.1041967],[-46.377132,-23.118218],[-46.396044,-23.122019],[-46.483477,-23.111419],[-46.4446606,-23.0930685],[-46.4339397,-23.0769928],[-46.4324689,-23.0380154],[-46.4272585,-23.0417383],[-46.4236508,-23.0353201],[-46.4199313,-23.0074203],[-46.4049451,-22.9847997],[-46.4111111,-22.9807718],[-46.3983544,-22.9685998],[-46.370313,-22.971925],[-46.35919,-22.96394],[-46.322933,-22.984827],[-46.302147,-22.975854],[-46.297893,-22.987163],[-46.26177,-22.996777],[-46.257713,-22.987985],[-46.248151,-22.994889],[-46.231722,-22.989594],[-46.201932,-23.012234]]]}},{"type":"Feature","properties":{"level":"municipio","municipality_code":"3538709","municipality_name":"Piracicaba","uf":"SP","state_code":"35","area_km2":1378.069},"geometry":{"type":"Polygon","coordinates":[[[-47.6342136,-22.5450423],[-47.6070518,-22.5520269],[-47.592404,-22.5404929],[-47.5827495,-22.5419619],[-47.5786317,-22.5638847],[-47.5485457,-22.5845269],[-47.5489515,-22.612988],[-47.5351351,-22.6247606],[-47.5376773,-22.6470079],[-47.5219788,-22.6796046],[-47.526312,-22.6879155],[-47.5422808,-22.6823975],[-47.5502411,-22.6887131],[-47.545048,-22.6934816],[-47.5500058,-22.7054258],[-47.5389242,-22.717144],[-47.5205998,-22.6970148],[-47.5025276,-22.6905649],[-47.49046,-22.7242852],[-47.5104169,-22.7366441],[-47.4929628,-22.7534659],[-47.4950566,-22.7674302],[-47.5177647,-22.7653936],[-47.5233879,-22.7794953],[-47.5449768,-22.7665726],[-47.5869518,-22.7867908],[-47.5966436,-22.7958451],[-47.5907552,-22.8059209],[-47.6090057,-22.812084],[-47.6302816,-22.788657],[-47.6715372,-22.7998528],[-47.6988821,-22.8368897],[-47.7175692,-22.8475076],[-47.7468841,-22.8290414],[-47.7737993,-22.84857],[-47.789058,-22.8439897],[-47.8063493,-22.8767673],[-47.8329134,-22.8879549],[-47.8447611,-22.9016351],[-47.8687696,-22.8990093],[-47.8578548,-22.8669517],[-47.8658115,-22.8606676],[-47.8991406,-22.8702342],[-47.900324,-22.878017],[-47.9148191,-22.883417],[-47.9590028,-22.8892402],[-47.9695511,-22.9001116],[-47.9864913,-22.868791],[-47.9926366,-22.8955003],[-48.0104796,-22.8952854],[-48.015283,-22.8841087],[-48.0024012,-22.8803933],[-48.0030887,-22.8657628],[-48.0144435,-22.8522502],[-48.0399224,-22.8468873],[-48.0475286,-22.8318929],[-48.031998,-22.825744],[-48.02786,-22.754213],[-48.016073,-22.748919],[-48.01428,-22.734649],[-48.030477,-22.719304],[-48.070082,-22.736922],[-48.083585,-22.724282],[-48.098664,-22.688783],[-48.0884643,-22.6518984],[-48.062133,-22.642169],[-48.023267,-22.660719],[-47.9867066,-22.6546054],[-47.9728313,-22.6668773],[-47.9322501,-22.6607526],[-47.930059,-22.652237],[-47.930057,-22.676733],[-47.9140956,-22.6924579],[-47.904209,-22.680983],[-47.9201187,-22.668548],[-47.919583,-22.659536],[-47.9056915,-22.6624949],[-47.8802146,-22.6482562],[-47.817837,-22.67336],[-47.801957,-22.665548],[-47.801442,-22.634914],[-47.783662,-22.606642],[-47.78564,-22.592375],[-47.8032902,-22.5818317],[-47.7688891,-22.5752528],[-47.7625951,-22.5881991],[-47.7242245,-22.5920724],[-47.7129695,-22.6085535],[-47.7035147,-22.6074526],[-47.7050513,-22.593329],[-47.6835002,-22.5832848],[-47.6898747,-22.5653081],[-47.6770032,-22.5537255],[-47.6654459,-22.5549721],[-47.6729749,-22.5498274],[-47.6692266,-22.5399465],[-47.6561626,-22.5357336],[-47.6614119,-22.5288742],[-47.6544488,-22.5209361],[-47.6342136,-22.5450423]]]}},{"type":"Feature","properties":{"level":"municipio","municipality_code":"3538808","municipality_name":"Piraju","uf":"SP","state_code":"35","area_km2":504.591},"geometry":{"type":"Polygon","coordinates":[[[-49.2381036,-23.2098568],[-49.2094269,-23.2285298],[-49.199505,-23.2913606],[-49.2173373,-23.2985237],[-49.2195011,-23.2874793],[-49.2352536,-23.2855152],[-49.2536331,-23.2704499],[-49.3035387,-23.2801935],[-49.3246995,-23.2640829],[-49.3833724,-23.2646643],[-49.3999116,-23.28127],[-49.3871993,-23.2984119],[-49.3971075,-23.3046926],[-49.4027625,-23.3300223],[-49.4413326,-23.3359011],[-49.4215468,-23.3118591],[-49.4189912,-23.2823746],[-49.4256002,-23.2651946],[-49.4204164,-23.2584695],[-49.4448431,-23.2411028],[-49.4602718,-23.2131777],[-49.4585218,-23.1910763],[-49.4854033,-23.1827269],[-49.4915376,-23.1925486],[-49.5150906,-23.1824787],[-49.5377347,-23.1963249],[-49.5429787,-23.1887357],[-49.5355627,-23.1760336],[-49.5468201,-23.168843],[-49.5500378,-23.1532515],[-49.5733529,-23.1385556],[-49.5521201,-23.1237142],[-49.5452222,-23.1388923],[-49.5147522,-23.1428744],[-49.4943479,-23.136658],[-49.4737756,-23.1493709],[-49.4713164,-23.137016],[-49.4559205,-23.135037],[-49.441974,-23.1111477],[-49.4432211,-23.0565937],[-49.387637,-23.0536632],[-49.3813087,-23.0820637],[-49.3714794,-23.0922563],[-49.3540626,-23.0881163],[-49.3364588,-23.1117147],[-49.329773,-23.1107635],[-49.3303824,-23.1260335],[-49.2877799,-23.1290721],[-49.2598424,-23.1216917],[-49.2454474,-23.14475],[-49.2487121,-23.1861775],[-49.2381036,-23.2098568]]]}},{"type":"Feature","properties":{"level":"municipio","municipality_code":"3538907","municipality_name":"Pirajuí","uf":"SP","state_code":"35","area_km2":823.758},"geometry":{"type":"Polygon","coordinates":[[[-49.3722735,-22.0661039],[-49.4522511,-22.0655026],[-49.4581158,-22.0846456],[-49.5074793,-22.0867837],[-49.5172869,-22.1009399],[-49.5543192,-22.117217],[-49.5676583,-22.1395867],[-49.5881058,-22.1249163],[-49.584994,-22.1127457],[-49.6227178,-22.1126745],[-49.6212727,-22.0965713],[-49.6393149,-22.0699571],[-49.6506914,-22.06768],[-49.6617383,-22.0767879],[-49.6661296,-22.0617439],[-49.6845033,-22.0573945],[-49.6955179,-22.0445012],[-49.6908732,-22.0311381],[-49.6808226,-22.0325431],[-49.6554751,-22.0095707],[-49.641548,-22.0132964],[-49.6216556,-22.0019271],[-49.6135405,-22.007782],[-49.6152055,-21.9919868],[-49.5722595,-21.9739931],[-49.5728496,-21.9937811],[-49.5499847,-22.0099528],[-49.5426861,-22.0057774],[-49.5397612,-21.972208],[-49.5225184,-21.93376],[-49.5105152,-21.9317321],[-49.5039595,-21.9180037],[-49.4229575,-21.8654166],[-49.4048996,-21.8441923],[-49.4029041,-21.8261249],[-49.3775277,-21.8428384],[-49.3399826,-21.8381836],[-49.3609566,-21.8724097],[-49.380672,-21.8787582],[-49.3880527,-21.9364114],[-49.373291,-21.9376401],[-49.3615941,-21.953051],[-49.3520043,-21.9515743],[-49.3547851,-21.9408287],[-49.3438101,-21.9352926],[-49.3320666,-21.9423246],[-49.3256551,-21.9334598],[-49.3173994,-21.9371507],[-49.2664787,-21.8654524],[-49.2850391,-21.8602507],[-49.2586462,-21.8160153],[-49.2563473,-21.8022373],[-49.2670747,-21.7821475],[-49.2580702,-21.7482165],[-49.267002,-21.7382582],[-49.258779,-21.7200656],[-49.2406002,-21.7077933],[-49.2428437,-21.6737348],[-49.2132932,-21.6711444],[-49.1926463,-21.6960062],[-49.1885916,-21.7114999],[-49.199486,-21.7365883],[-49.1916456,-21.7501897],[-49.1980657,-21.7550688],[-49.1843418,-21.7689053],[-49.1967259,-21.7860108],[-49.1889649,-21.804124],[-49.2043694,-21.8112822],[-49.2050621,-21.8263033],[-49.2250246,-21.8603033],[-49.2425984,-21.8595655],[-49.2383779,-21.8776794],[-49.2617854,-21.8829687],[-49.2429086,-21.9048268],[-49.2501428,-21.908217],[-49.2443375,-21.9159751],[-49.2485779,-21.9281578],[-49.2410884,-21.9335236],[-49.247821,-21.9460134],[-49.2381576,-21.9563713],[-49.2457297,-21.9614678],[-49.2485607,-21.9803335],[-49.2421034,-21.9913713],[-49.2510799,-22.0064221],[-49.238757,-22.0207708],[-49.2504343,-22.0271029],[-49.2429222,-22.036127],[-49.2549438,-22.0442081],[-49.2789455,-22.0227717],[-49.2997885,-22.0223243],[-49.3042885,-22.0127322],[-49.3359674,-22.0019455],[-49.3368494,-22.022919],[-49.3482833,-22.0252712],[-49.3536725,-22.0374991],[-49.3513322,-22.0495767],[-49.3634957,-22.0444673],[-49.3722735,-22.0661039]]]}},{"type":"Feature","properties":{"level":"municipio","municipality_code":"3539004","municipality_name":"Pirangi","uf":"SP","state_code":"35","area_km2":215.809},"geometry":{"type":"Polygon","coordinates":[[[-48.6171089,-21.040939],[-48.5660747,-21.079025],[-48.5773541,-21.1008658],[-48.5717292,-21.11424],[-48.5902096,-21.1250901],[-48.597695,-21.1431171],[-48.6406809,-21.1390841],[-48.7287478,-21.1648887],[-48.7363056,-21.14876],[-48.7598395,-21.1344246],[-48.758105,-21.1204008],[-48.7774745,-21.1079824],[-48.7705106,-21.0909832],[-48.7254258,-21.0738162],[-48.6886845,-21.0030269],[-48.6577709,-21.0309338],[-48.6171089,-21.040939]]]}},{"type":"Feature","properties":{"level":"municipio","municipality_code":"3539103","municipality_name":"Pirapora do Bom Jesus","uf":"SP","state_code":"35","area_km2":108.489},"geometry":{"type":"Polygon","coordinates":[[[-47.0429147,-23.3522613],[-46.9410999,-23.3203006],[-46.9347085,-23.3643581],[-46.9111004,-23.3530301],[-46.9023422,-23.3664316],[-46.9319018,-23.3791417],[-46.9288303,-23.3875379],[-46.95499,-23.3961225],[-46.944396,-23.402101],[-46.985249,-23.433087],[-47.037523,-23.435569],[-47.0361237,-23.3990847],[-47.0426254,-23.3867469],[-47.0290144,-23.3754958],[-47.0387472,-23.3690202],[-47.0429147,-23.3522613]]]}},{"type":"Feature","properties":{"level":"municipio","municipality_code":"3539202","municipality_name":"Pirapozinho","uf":"SP","state_code":"35","area_km2":477.673},"geometry":{"type":"Polygon","coordinates":[[[-51.4761895,-22.1977973],[-51.4489864,-22.1984036],[-51.4276562,-22.2087375],[-51.4130429,-22.2446034],[-51.4208324,-22.2578102],[-51.4503952,-22.2742321],[-51.4560631,-22.3026393],[-51.4729487,-22.3144885],[-51.4729557,-22.3333556],[-51.4794245,-22.3327115],[-51.4859438,-22.3591169],[-51.4926666,-22.3620114],[-51.5027852,-22.3516398],[-51.5228708,-22.35513],[-51.5414869,-22.3864888],[-51.5623693,-22.4007586],[-51.5463697,-22.4952891],[-51.5621807,-22.5143947],[-51.5516791,-22.5252111],[-51.5515529,-22.5396696],[-51.5806803,-22.5789559],[-51.5845393,-22.6064325],[-51.6045389,-22.6366109],[-51.6217335,-22.6453174],[-51.6278786,-22.6582406],[-51.6623505,-22.6572441],[-51.711568,-22.6701264],[-51.7258674,-22.6614648],[-51.7343452,-22.6254664],[-51.753802,-22.6172677],[-51.7744865,-22.6144176],[-51.8502664,-22.6322505],[-51.873663,-22.6282162],[-51.8900447,-22.6134061],[-51.8483142,-22.6089758],[-51.8270593,-22.5906401],[-51.8222807,-22.5724139],[-51.8277462,-22.5632139],[-51.7866608,-22.5483845],[-51.7775178,-22.5311064],[-51.7611352,-22.5335653],[-51.7344187,-22.5628662],[-51.7253959,-22.543654],[-51.7045674,-22.5422654],[-51.6835661,-22.5502677],[-51.689176,-22.5582841],[-51.6829423,-22.5653126],[-51.6468444,-22.5732386],[-51.6439635,-22.5651381],[-51.6182443,-22.5582208],[-51.6137459,-22.5320348],[-51.5929158,-22.4961015],[-51.5732667,-22.48909],[-51.5709747,-22.3988719],[-51.558849,-22.390447],[-51.552232,-22.318251],[-51.533681,-22.292631],[-51.600234,-22.2811263],[-51.5700042,-22.2608715],[-51.5583198,-22.2649591],[-51.517945,-22.2563922],[-51.5141309,-22.242573],[-51.4813502,-22.2163118],[-51.4761895,-22.1977973]]]}},{"type":"Feature","properties":{"level":"municipio","municipality_code":"3539301","municipality_name":"Pirassununga","uf":"SP","state_code":"35","area_km2":727.118},"geometry":{"type":"Polygon","coordinates":[[[-47.3731516,-22.0963622],[-47.442046,-22.0635816],[-47.4553639,-22.0829251],[-47.5014131,-22.0875006],[-47.5222537,-22.0720051],[-47.5527118,-22.0885265],[-47.5668766,-22.0819455],[-47.5783867,-22.088927],[-47.6264662,-22.0436037],[-47.6032527,-22.0524404],[-47.5847382,-22.036046],[-47.5744996,-22.0160249],[-47.5819182,-21.9904181],[-47.5435693,-21.9797388],[-47.5354037,-21.9556534],[-47.5061627,-21.9349211],[-47.4978917,-21.9177603],[-47.4864712,-21.922918],[-47.4713181,-21.9154411],[-47.4058994,-21.9150213],[-47.4023733,-21.8919959],[-47.3933869,-21.8877449],[-47.4040479,-21.8781118],[-47.3967687,-21.8569819],[-47.3320042,-21.8424948],[-47.3103738,-21.872691],[-47.2864058,-21.8672138],[-47.277927,-21.8788486],[-47.2822598,-21.9204624],[-47.2665697,-21.9481221],[-47.2900158,-21.9581416],[-47.2964218,-21.9791424],[-47.2900146,-21.981621],[-47.2801703,-21.9695248],[-47.2642533,-21.9690109],[-47.258714,-21.9758926],[-47.2514493,-21.9651848],[-47.2154947,-21.9764839],[-47.2008806,-22.0312958],[-47.2206341,-22.0400064],[-47.2339529,-22.0564076],[-47.218501,-22.0637938],[-47.2200176,-22.077843],[-47.1974889,-22.0987169],[-47.2568799,-22.0878578],[-47.2728701,-22.1037607],[-47.3015174,-22.1028097],[-47.3298317,-22.0893141],[-47.3731516,-22.0963622]]]}},{"type":"Feature","properties":{"level":"municipio","municipality_code":"3539400","municipality_name":"Piratininga","uf":"SP","state_code":"35","area_km2":402.409},"geometry":{"type":"Polygon","coordinates":[[[-49.0968957,-22.4059923],[-49.0665824,-22.4294065],[-49.0812138,-22.4893548],[-49.0928791,-22.4919242],[-49.0980522,-22.5076343],[-49.1127854,-22.5176265],[-49.1930044,-22.5291397],[-49.2706001,-22.4906397],[-49.2907789,-22.4321244],[-49.2915376,-22.4002329],[-49.3170302,-22.3887992],[-49.323531,-22.3690974],[-49.2854628,-22.3448571],[-49.2745409,-22.3516745],[-49.2550504,-22.3436139],[-49.2474893,-22.3201278],[-49.2264518,-22.3020832],[-49.1703889,-22.345078],[-49.1312767,-22.3505948],[-49.0968957,-22.4059923]]]}},{"type":"Feature","properties":{"level":"municipio","municipality_code":"3539509","municipality_name":"Pitangueiras","uf":"SP","state_code":"35","area_km2":430.638},"geometry":{"type":"Polygon","coordinates":[[[-48.1840924,-21.0898628],[-48.2020101,-21.0828985],[-48.2414762,-21.0874986],[-48.2695078,-21.0818517],[-48.2911051,-21.0627149],[-48.3078548,-21.0658117],[-48.3217418,-21.0525342],[-48.3732936,-21.0583276],[-48.3968488,-21.0431006],[-48.4298162,-21.0498755],[-48.4330668,-21.0374442],[-48.4012669,-21.0055739],[-48.3769797,-21.007955],[-48.3826459,-20.983251],[-48.3672194,-20.9490836],[-48.284925,-20.9529262],[-48.2076778,-20.8753869],[-48.1760641,-20.8911123],[-48.1738486,-20.9205445],[-48.1265843,-21.0265865],[-48.1337746,-21.0477008],[-48.1246265,-21.089306],[-48.1536318,-21.0970183],[-48.1869272,-21.1303966],[-48.1905898,-21.1070186],[-48.1840924,-21.0898628]]]}},{"type":"Feature","properties":{"level":"municipio","municipality_code":"3539608","municipality_name":"Planalto","uf":"SP","state_code":"35","area_km2":289.825},"geometry":{"type":"Polygon","coordinates":[[[-49.9820549,-21.0636083],[-49.9956832,-21.0329945],[-50.0550375,-20.9973332],[-50.0388252,-20.9806568],[-50.0182908,-20.9772769],[-50.0160072,-20.9647684],[-50.0051013,-20.9658922],[-49.9751723,-20.9104314],[-49.9569627,-20.9068811],[-49.9434715,-20.9354253],[-49.9182772,-20.9187441],[-49.8720475,-20.9178454],[-49.8507639,-20.9318642],[-49.8460937,-20.9452845],[-49.8293451,-20.9499644],[-49.8280623,-20.9591366],[-49.859282,-21.0054201],[-49.8548884,-21.0181639],[-49.8624113,-21.0296548],[-49.9000709,-21.0753274],[-49.9114967,-21.069191],[-49.9339609,-21.0835512],[-49.9460623,-21.1004928],[-49.9461343,-21.1213852],[-49.9595733,-21.1330317],[-49.9969295,-21.0989733],[-49.9810025,-21.0883307],[-49.9820549,-21.0636083]]]}},{"type":"Feature","properties":{"level":"municipio","municipality_code":"3539707","municipality_name":"Platina","uf":"SP","state_code":"35","area_km2":327.48},"geometry":{"type":"Polygon","coordinates":[[[-50.2258535,-22.6969195],[-50.2512621,-22.6871069],[-50.2588959,-22.703966],[-50.273262,-22.6732688],[-50.3250309,-22.6773865],[-50.3100871,-22.5958408],[-50.3197074,-22.5675311],[-50.3475821,-22.5529798],[-50.3212366,-22.5558383],[-50.300497,-22.5454636],[-50.2643502,-22.5626685],[-50.2288085,-22.5254236],[-50.2007614,-22.5436254],[-50.18612,-22.5440112],[-50.1692083,-22.5925658],[-50.1387738,-22.573941],[-50.1012446,-22.6104293],[-50.0924134,-22.6415957],[-50.1228911,-22.7152786],[-50.1459304,-22.6993816],[-50.1682465,-22.7066254],[-50.2043664,-22.6953591],[-50.2258535,-22.6969195]]]}},{"type":"Feature","properties":{"level":"municipio","municipality_code":"3539905","municipality_name":"Poloni","uf":"SP","state_code":"35","area_km2":135.119},"geometry":{"type":"Polygon","coordinates":[[[-49.7972145,-20.8173408],[-49.8578343,-20.8025267],[-49.872092,-20.7630348],[-49.9052489,-20.7614943],[-49.904601,-20.7472317],[-49.8805199,-20.7246608],[-49.8521935,-20.7340627],[-49.8511286,-20.719435],[-49.8254104,-20.6964098],[-49.8137541,-20.6676714],[-49.7613487,-20.7201245],[-49.7746185,-20.7865044],[-49.7698872,-20.7977391],[-49.775135,-20.8107084],[-49.7972145,-20.8173408]]]}},{"type":"Feature","properties":{"level":"municipio","municipality_code":"3540002","municipality_name":"Pompéia","uf":"SP","state_code":"35","area_km2":784.674},"geometry":{"type":"Polygon","coordinates":[[[-50.224822,-21.8673855],[-50.2253231,-21.8600022],[-50.2062793,-21.8567192],[-50.1605166,-21.8591519],[-50.1280519,-21.8170206],[-50.1133584,-21.8357179],[-50.0709375,-21.8564653],[-50.0603328,-21.8744557],[-50.0825806,-21.909587],[-50.0859537,-21.9322516],[-50.0778008,-21.9530264],[-50.0674397,-21.9553477],[-50.0583281,-21.9831986],[-50.0615437,-22.0035282],[-50.0464592,-22.0155278],[-50.0433768,-22.02934],[-50.0490463,-22.0453671],[-50.0877456,-22.0269604],[-50.1027501,-22.0350926],[-50.1012228,-22.0620443],[-50.1382886,-22.1228253],[-50.1355173,-22.1501289],[-50.1700742,-22.1913227],[-50.1580121,-22.2253753],[-50.1693698,-22.244849],[-50.1860348,-22.2508424],[-50.2137127,-22.2332174],[-50.2243341,-22.2424941],[-50.2547941,-22.2134764],[-50.2929197,-22.2113808],[-50.3047697,-22.2022231],[-50.3187957,-22.2069599],[-50.3458852,-22.1884982],[-50.2846327,-22.1366512],[-50.2774091,-22.1183629],[-50.2893926,-22.089065],[-50.2591305,-22.0558766],[-50.2654885,-22.0467042],[-50.2859196,-22.0466145],[-50.2902519,-22.0395294],[-50.286561,-22.0267713],[-50.260553,-22.0163162],[-50.2664845,-22.000784],[-50.2483574,-21.9910267],[-50.2578785,-21.9703468],[-50.2846919,-21.959501],[-50.2704574,-21.8417445],[-50.255962,-21.8505511],[-50.2613853,-21.8911383],[-50.224822,-21.8673855]]]}},{"type":"Feature","properties":{"level":"municipio","municipality_code":"3540101","municipality_name":"Pongaí","uf":"SP","state_code":"35","area_km2":183.399},"geometry":{"type":"Polygon","coordinates":[[[-49.3180812,-21.6982116],[-49.3147447,-21.7362974],[-49.3267938,-21.7864871],[-49.3889016,-21.8299033],[-49.4105645,-21.8219343],[-49.4153119,-21.7973024],[-49.4345406,-21.7705223],[-49.4142859,-21.7567806],[-49.4206863,-21.7355149],[-49.4110784,-21.7257935],[-49.4063369,-21.6967418],[-49.3888637,-21.6918729],[-49.3818478,-21.668439],[-49.3316125,-21.651544],[-49.3088808,-21.6267741],[-49.3114927,-21.6171825],[-49.2733223,-21.659008],[-49.3180812,-21.6982116]]]}},{"type":"Feature","properties":{"level":"municipio","municipality_code":"3540200","municipality_name":"Pontal","uf":"SP","state_code":"35","area_km2":356.371},"geometry":{"type":"Polygon","coordinates":[[[-48.103667,-20.9000902],[-48.0511893,-20.9313434],[-48.0374356,-20.9067044],[-47.9853687,-20.8763699],[-47.9397182,-20.8999467],[-48.0017915,-20.9684149],[-47.977589,-21.0260113],[-47.9893279,-21.0460492],[-47.9865916,-21.0566316],[-48.0127746,-21.0818029],[-48.0727738,-21.0902557],[-48.1126661,-21.1049726],[-48.1246798,-21.0978862],[-48.1319152,-21.0605589],[-48.1297854,-21.0149379],[-48.1426403,-21.0012989],[-48.1738486,-20.9205445],[-48.1790264,-20.8873061],[-48.1648949,-20.8843523],[-48.1258336,-20.9018984],[-48.103667,-20.9000902]]]}},{"type":"Feature","properties":{"level":"municipio","municipality_code":"3540259","municipality_name":"Pontalinda","uf":"SP","state_code":"35","area_km2":209.525},"geometry":{"type":"Polygon","coordinates":[[[-50.5419327,-20.3771179],[-50.5094361,-20.3946154],[-50.4793391,-20.3824002],[-50.4306116,-20.4117311],[-50.4400787,-20.4320981],[-50.4451847,-20.4826424],[-50.5276672,-20.5089573],[-50.5447684,-20.5036227],[-50.5542862,-20.5285168],[-50.5860686,-20.5151301],[-50.6003687,-20.5243014],[-50.6132706,-20.51925],[-50.6249631,-20.5069003],[-50.5872362,-20.4516326],[-50.5888655,-20.422051],[-50.5803819,-20.4011851],[-50.5419327,-20.3771179]]]}},{"type":"Feature","properties":{"level":"municipio","municipality_code":"3540309","municipality_name":"Pontes Gestal","uf":"SP","state_code":"35","area_km2":217.505},"geometry":{"type":"Polygon","coordinates":[[[-49.7991861,-20.236299],[-49.8127223,-20.1937077],[-49.8024734,-20.1555658],[-49.8184133,-20.1047245],[-49.8039414,-20.0716501],[-49.7904629,-20.0870201],[-49.7773085,-20.0761737],[-49.7502878,-20.0881286],[-49.73963,-20.1124156],[-49.7247983,-20.1217165],[-49.7104392,-20.1124256],[-49.7003046,-20.1159498],[-49.7004089,-20.1281071],[-49.6796036,-20.1376777],[-49.6840662,-20.154965],[-49.6528192,-20.1593356],[-49.6576593,-20.1779455],[-49.6631399,-20.1715499],[-49.6902704,-20.186511],[-49.6873336,-20.2013047],[-49.7266361,-20.2085827],[-49.7253679,-20.2305095],[-49.7563853,-20.2504816],[-49.7537375,-20.2657539],[-49.8195199,-20.2848521],[-49.8231487,-20.2584855],[-49.7991861,-20.236299]]]}},{"type":"Feature","properties":{"level":"municipio","municipality_code":"3540408","municipality_name":"Populina","uf":"SP","state_code":"35","area_km2":315.938},"geometry":{"type":"Polygon","coordinates":[[[-50.5594134,-19.9615798],[-50.5918464,-19.9038166],[-50.6132994,-19.8840194],[-50.6141776,-19.8610406],[-50.5745396,-19.8145049],[-50.4989703,-19.7957843],[-50.4719182,-19.7796558],[-50.4541108,-19.7862306],[-50.4762203,-19.8165531],[-50.4814609,-19.8436606],[-50.4735485,-19.8687587],[-50.4607672,-19.8799989],[-50.4519091,-19.9144003],[-50.4566569,-19.9193665],[-50.4411321,-19.9323195],[-50.4466994,-19.9553886],[-50.4330335,-19.9661659],[-50.4322096,-19.9826309],[-50.4545835,-20.0031073],[-50.4563705,-20.0147216],[-50.4598891,-20.0103713],[-50.4658554,-20.0222242],[-50.4959431,-20.0370639],[-50.5190951,-20.0287426],[-50.5158905,-20.0159197],[-50.5437752,-19.9884884],[-50.5517033,-19.9917618],[-50.5594134,-19.9615798]]]}},{"type":"Feature","properties":{"level":"municipio","municipality_code":"3540507","municipality_name":"Porangaba","uf":"SP","state_code":"35","area_km2":265.689},"geometry":{"type":"Polygon","coordinates":[[[-48.0691046,-23.2322872],[-48.069767,-23.240593],[-48.1387555,-23.2711956],[-48.1552019,-23.2618386],[-48.1739948,-23.231723],[-48.200136,-23.221951],[-48.2140138,-23.2002674],[-48.2248997,-23.1962497],[-48.1944556,-23.1834747],[-48.1811146,-23.1524631],[-48.1831579,-23.1288111],[-48.1917422,-23.1275544],[-48.1892205,-23.1187991],[-48.1958081,-23.1145554],[-48.1728084,-23.1059193],[-48.1746465,-23.0965163],[-48.1639552,-23.1009437],[-48.1627061,-23.0866246],[-48.1271355,-23.0891626],[-48.1094611,-23.0983096],[-48.1100599,-23.0904949],[-48.0882436,-23.0803978],[-48.0636642,-23.0928714],[-48.0488197,-23.1205944],[-48.0614935,-23.1345705],[-48.0622152,-23.1475366],[-48.0127309,-23.1687656],[-48.0247599,-23.2019764],[-48.0499108,-23.2183205],[-48.0571624,-23.2325131],[-48.0691046,-23.2322872]]]}},{"type":"Feature","properties":{"level":"municipio","municipality_code":"3540606","municipality_name":"Porto Feliz","uf":"SP","state_code":"35","area_km2":556.706},"geometry":{"type":"Polygon","coordinates":[[[-47.5097134,-23.0913723],[-47.4650262,-23.1280615],[-47.4653002,-23.1098863],[-47.4282105,-23.1010927],[-47.4115361,-23.1200514],[-47.422911,-23.1490118],[-47.4190716,-23.1941694],[-47.4392872,-23.1936583],[-47.4224475,-23.2217302],[-47.4337766,-23.2408429],[-47.4150705,-23.2646276],[-47.4039733,-23.2974603],[-47.4252066,-23.3173107],[-47.418173,-23.357727],[-47.464997,-23.350829],[-47.475802,-23.362556],[-47.50409,-23.359629],[-47.542699,-23.380894],[-47.5742485,-23.3815366],[-47.5749232,-23.3431391],[-47.5991552,-23.3233745],[-47.6086881,-23.3020184],[-47.6016314,-23.2730183],[-47.6136039,-23.266399],[-47.6162269,-23.207872],[-47.6319058,-23.1921004],[-47.6159252,-23.1818367],[-47.61028,-23.1493228],[-47.5833813,-23.1505726],[-47.5981682,-23.1308451],[-47.6243035,-23.1418385],[-47.6278831,-23.1091232],[-47.6215036,-23.1154246],[-47.6086872,-23.0992636],[-47.5813895,-23.1037254],[-47.5632346,-23.0906857],[-47.5362767,-23.1016785],[-47.5097134,-23.0913723]]]}},{"type":"Feature","properties":{"level":"municipio","municipality_code":"3540705","municipality_name":"Porto Ferreira","uf":"SP","state_code":"35","area_km2":244.906},"geometry":{"type":"Polygon","coordinates":[[[-47.3680403,-21.7779831],[-47.3351106,-21.8142571],[-47.3355256,-21.8287696],[-47.3430735,-21.8398669],[-47.3973809,-21.8576912],[-47.4040479,-21.8781118],[-47.3933869,-21.8877449],[-47.4023733,-21.8919959],[-47.4056191,-21.9148394],[-47.4713181,-21.9154411],[-47.4864712,-21.922918],[-47.4974733,-21.9175658],[-47.5119128,-21.9358967],[-47.5272424,-21.9255382],[-47.5145945,-21.9122812],[-47.5101576,-21.8806046],[-47.5513525,-21.8548697],[-47.5550202,-21.8374338],[-47.524066,-21.811089],[-47.5242086,-21.8023138],[-47.5107459,-21.8081911],[-47.4826971,-21.789564],[-47.4740613,-21.7926424],[-47.4510961,-21.7811727],[-47.440525,-21.7851285],[-47.4437535,-21.7651608],[-47.4264088,-21.7557153],[-47.4090264,-21.7709233],[-47.394305,-21.7673236],[-47.3680403,-21.7779831]]]}},{"type":"Feature","properties":{"level":"municipio","municipality_code":"3540754","municipality_name":"Potim","uf":"SP","state_code":"35","area_km2":44.643},"geometry":{"type":"Polygon","coordinates":[[[-45.2510179,-22.8444352],[-45.2473964,-22.8522769],[-45.253943,-22.8577739],[-45.2697498,-22.8490444],[-45.2869578,-22.8520116],[-45.3029323,-22.8380375],[-45.3211601,-22.8481645],[-45.3165062,-22.8569505],[-45.3316316,-22.8457588],[-45.3461442,-22.8519401],[-45.3430226,-22.8407371],[-45.3313539,-22.836106],[-45.3417598,-22.8286307],[-45.3414304,-22.8115804],[-45.3492585,-22.8150218],[-45.363999,-22.7982442],[-45.345994,-22.7886416],[-45.3115484,-22.7970679],[-45.2979396,-22.8056489],[-45.3021338,-22.8208741],[-45.2943634,-22.8282311],[-45.2693509,-22.8262115],[-45.2569497,-22.816278],[-45.2418966,-22.8193584],[-45.2374557,-22.8243058],[-45.2510179,-22.8444352]]]}},{"type":"Feature","properties":{"level":"municipio","municipality_code":"3540804","municipality_name":"Potirendaba","uf":"SP","state_code":"35","area_km2":342.492},"geometry":{"type":"Polygon","coordinates":[[[-49.3382913,-20.981923],[-49.3112802,-21.009042],[-49.315569,-21.0252796],[-49.29047,-21.0766951],[-49.2923807,-21.093543],[-49.3131102,-21.1005338],[-49.312912,-21.1213348],[-49.3273156,-21.1288545],[-49.341222,-21.153887],[-49.3494377,-21.1517789],[-49.3607489,-21.1643879],[-49.3815646,-21.152164],[-49.3836311,-21.1754566],[-49.393814,-21.1711614],[-49.39694,-21.1805266],[-49.4051823,-21.176457],[-49.4073196,-21.1848761],[-49.4234738,-21.1824775],[-49.4366947,-21.1923329],[-49.4622418,-21.175912],[-49.4605735,-21.1598948],[-49.4956792,-21.1381595],[-49.4826335,-21.1326297],[-49.4718337,-21.0944988],[-49.4585603,-21.0865019],[-49.4635422,-21.039808],[-49.455928,-21.0006891],[-49.4415546,-20.9803237],[-49.4007973,-20.9716553],[-49.3866481,-20.9609086],[-49.3741093,-20.9610509],[-49.3595478,-20.9837632],[-49.3382913,-20.981923]]]}},{"type":"Feature","properties":{"level":"municipio","municipality_code":"3539806","municipality_name":"Poá","uf":"SP","state_code":"35","area_km2":17.264},"geometry":{"type":"Polygon","coordinates":[[[-46.3663957,-23.5121558],[-46.3298609,-23.5057048],[-46.3243726,-23.511846],[-46.3499911,-23.5735111],[-46.358148,-23.565391],[-46.35513,-23.535855],[-46.3684076,-23.5206408],[-46.3663957,-23.5121558]]]}},{"type":"Feature","properties":{"level":"municipio","municipality_code":"3540853","municipality_name":"Pracinha","uf":"SP","state_code":"35","area_km2":63.054},"geometry":{"type":"Polygon","coordinates":[[[-51.0762032,-21.7881515],[-51.0085372,-21.8044479],[-51.0260417,-21.8194711],[-51.0376613,-21.8443579],[-51.0800451,-21.865759],[-51.0827234,-21.8817649],[-51.1113274,-21.8888454],[-51.1191453,-21.8720364],[-51.1379594,-21.8671073],[-51.1402332,-21.8568714],[-51.1265501,-21.8433557],[-51.0991737,-21.840847],[-51.0837858,-21.8260366],[-51.0762032,-21.7881515]]]}},{"type":"Feature","properties":{"level":"municipio","municipality_code":"3540903","municipality_name":"Pradópolis","uf":"SP","state_code":"35","area_km2":167.378},"geometry":{"type":"Polygon","coordinates":[[[-48.032822,-21.358409],[-48.0288506,-21.3805737],[-48.0152589,-21.3821344],[-48.0451581,-21.4182753],[-48.0502238,-21.3888979],[-48.1089469,-21.4293382],[-48.1464075,-21.3679835],[-48.1360305,-21.268298],[-48.1168467,-21.2740746],[-48.0914634,-21.2625231],[-48.0816991,-21.269109],[-48.0667917,-21.3049578],[-47.99466,-21.3047],[-48.022206,-21.331666],[-48.032822,-21.358409]]]}},{"type":"Feature","properties":{"level":"municipio","municipality_code":"3541000","municipality_name":"Praia Grande","uf":"SP","state_code":"35","area_km2":149.652},"geometry":{"type":"Polygon","coordinates":[[[-46.4761527,-24.0052973],[-46.4460314,-23.9820177],[-46.422925,-23.977448],[-46.412543,-23.986598],[-46.399957,-23.985356],[-46.3835659,-24.017856],[-46.3901253,-24.0170088],[-46.3993077,-24.0336661],[-46.3994114,-24.019178],[-46.4081497,-24.0158424],[-46.4454726,-24.0211132],[-46.6043827,-24.0897305],[-46.6107371,-24.0835649],[-46.5985331,-24.0443818],[-46.6089255,-24.0378485],[-46.5891913,-24.0098254],[-46.592493,-23.9941731],[-46.5484947,-23.9566472],[-46.5195576,-23.9484819],[-46.5092663,-23.9877704],[-46.4960125,-24.0021377],[-46.4761527,-24.0052973]]]}},{"type":"Feature","properties":{"level":"municipio","municipality_code":"3541059","municipality_name":"Pratânia","uf":"SP","state_code":"35","area_km2":175.1},"geometry":{"type":"Polygon","coordinates":[[[-48.7143967,-22.8650676],[-48.7427172,-22.8733833],[-48.7710011,-22.8526732],[-48.802568,-22.8453337],[-48.7801417,-22.8267237],[-48.774248,-22.8114715],[-48.7770364,-22.7612705],[-48.7698052,-22.7583083],[-48.7545949,-22.7726758],[-48.7141979,-22.7644664],[-48.7063631,-22.7747268],[-48.6497001,-22.7910619],[-48.6401926,-22.7796187],[-48.6123785,-22.7728861],[-48.6125537,-22.7904595],[-48.6031102,-22.8006349],[-48.6068262,-22.8100485],[-48.5905213,-22.815692],[-48.5851038,-22.8365296],[-48.5673149,-22.8534447],[-48.6252427,-22.8510692],[-48.6605467,-22.8316618],[-48.6636413,-22.847426],[-48.6833634,-22.8581992],[-48.6890237,-22.8737256],[-48.7143967,-22.8650676]]]}},{"type":"Feature","properties":{"level":"municipio","municipality_code":"3541109","municipality_name":"Presidente Alves","uf":"SP","state_code":"35","area_km2":286.642},"geometry":{"type":"Polygon","coordinates":[[[-49.3691952,-22.0674937],[-49.3647126,-22.045636],[-49.3513322,-22.0495767],[-49.3482833,-22.0252712],[-49.3368494,-22.022919],[-49.3359674,-22.0019455],[-49.3042885,-22.0127322],[-49.2997885,-22.0223243],[-49.2789455,-22.0227717],[-49.2720833,-22.0349335],[-49.2496822,-22.0440575],[-49.2942943,-22.0529199],[-49.3076851,-22.0698972],[-49.3296523,-22.0712448],[-49.3553704,-22.0899311],[-49.3505039,-22.1018558],[-49.3624228,-22.1046037],[-49.3688454,-22.1205693],[-49.3831443,-22.1240446],[-49.3754296,-22.1352178],[-49.4013104,-22.1426884],[-49.4258885,-22.2005988],[-49.4624305,-22.2452165],[-49.4952087,-22.2304337],[-49.5110853,-22.1897261],[-49.5300379,-22.1815931],[-49.5232615,-22.15311],[-49.5621421,-22.1452769],[-49.557333,-22.1203293],[-49.5172869,-22.1009399],[-49.5074793,-22.0867837],[-49.458775,-22.0849468],[-49.4522511,-22.0655026],[-49.3691952,-22.0674937]]]}},{"type":"Feature","properties":{"level":"municipio","municipality_code":"3541208","municipality_name":"Presidente Bernardes","uf":"SP","state_code":"35","area_km2":749.233},"geometry":{"type":"Polygon","coordinates":[[[-51.4749697,-21.9522603],[-51.5291612,-22.0980237],[-51.5416484,-22.1071916],[-51.5743248,-22.1098213],[-51.5781055,-22.134688],[-51.6002307,-22.1423863],[-51.6051376,-22.151898],[-51.6206626,-22.2845891],[-51.617514,-22.318378],[-51.635788,-22.296508],[-51.660608,-22.307731],[-51.687506,-22.341347],[-51.7121469,-22.3515192],[-51.7415287,-22.3454735],[-51.7479038,-22.3228493],[-51.7713742,-22.3214423],[-51.7894033,-22.3610187],[-51.8201008,-22.3531164],[-51.8381289,-22.3577202],[-51.8133273,-22.3079418],[-51.7960683,-22.2952229],[-51.791321,-22.269127],[-51.7724106,-22.2758116],[-51.7569136,-22.2694609],[-51.7536058,-22.2344325],[-51.7724728,-22.2173551],[-51.7635051,-22.2011473],[-51.7406959,-22.1951022],[-51.738452,-22.17988],[-51.7219114,-22.177758],[-51.697715,-22.1926677],[-51.6547801,-22.2011955],[-51.6388497,-22.1950963],[-51.6558865,-22.1653908],[-51.7184459,-22.1258491],[-51.7320609,-22.100884],[-51.6904381,-22.070045],[-51.6894707,-22.0599949],[-51.6579952,-22.0519231],[-51.6504369,-22.0309309],[-51.6299042,-22.011748],[-51.6010343,-22.0000974],[-51.5992364,-21.9849855],[-51.6086002,-21.9740012],[-51.5846947,-21.9707832],[-51.5724789,-21.9489324],[-51.5734536,-21.9340753],[-51.5510784,-21.9092758],[-51.587833,-21.9019714],[-51.5846733,-21.8675939],[-51.5735703,-21.850728],[-51.5247761,-21.8664628],[-51.4228724,-21.8737174],[-51.4274829,-21.9352839],[-51.4670612,-21.935055],[-51.4677127,-21.9587168],[-51.4749697,-21.9522603]]]}},{"type":"Feature","properties":{"level":"municipio","municipality_code":"3541307","municipality_name":"Presidente Epitácio","uf":"SP","state_code":"35","area_km2":1260.281},"geometry":{"type":"Polygon","coordinates":[[[-52.015462,-21.801677],[-52.067506,-21.829869],[-52.0997075,-21.8738886],[-52.110981,-21.880582],[-52.1255995,-21.8757504],[-52.14722,-22.0160515],[-52.189024,-22.046266],[-52.192901,-22.059058],[-52.172589,-22.074012],[-52.17409,-22.083038],[-52.202147,-22.117106],[-52.20766,-22.150401],[-52.22704,-22.160762],[-52.229568,-22.176747],[-52.220515,-22.195614],[-52.243556,-22.196794],[-52.223918,-22.222245],[-52.230561,-22.242201],[-52.217948,-22.249382],[-52.219882,-22.258044],[-52.249533,-22.267177],[-52.268277,-22.252562],[-52.2847302,-22.2730557],[-52.297782,-22.2524552],[-52.3906769,-22.21132],[-52.4188099,-22.1862507],[-52.4334953,-22.1806794],[-52.456185,-22.1853099],[-52.4081883,-22.1416352],[-52.3964038,-22.1188671],[-52.377218,-22.1066782],[-52.3551312,-22.0772314],[-52.3391918,-22.0478264],[-52.3190194,-21.9721319],[-52.3014847,-21.9421686],[-52.1905614,-21.8461447],[-52.1839844,-21.8144605],[-52.1612618,-21.7707737],[-52.1400488,-21.7557302],[-52.1037891,-21.7460538],[-52.0764924,-21.7148802],[-52.0483228,-21.6506058],[-52.0688756,-21.5981075],[-52.1034019,-21.5645572],[-52.0777894,-21.5152225],[-52.0620417,-21.5032685],[-52.0003676,-21.5166265],[-51.9622225,-21.4933075],[-51.9658153,-21.525576],[-51.9454357,-21.5271409],[-51.9410766,-21.5470391],[-51.97752,-21.766918],[-52.015462,-21.801677]]]}},{"type":"Feature","properties":{"level":"municipio","municipality_code":"3541406","municipality_name":"Presidente Prudente","uf":"SP","state_code":"35","area_km2":560.637},"geometry":{"type":"Polygon","coordinates":[[[-51.4197286,-22.0519427],[-51.3910783,-21.9974903],[-51.3958403,-21.9855203],[-51.3663634,-21.9676329],[-51.3681003,-21.9502],[-51.3299,-21.9177578],[-51.3251839,-21.8686569],[-51.3357233,-21.8231581],[-51.329027,-21.7988175],[-51.342953,-21.7745694],[-51.3299,-21.7711747],[-51.2896386,-21.7223465],[-51.2756265,-21.7267028],[-51.2704366,-21.7431526],[-51.2474963,-21.7355127],[-51.2243182,-21.7410363],[-51.2360528,-21.7590271],[-51.2316356,-21.7670654],[-51.2491585,-21.7828321],[-51.2450789,-21.8006292],[-51.2287594,-21.8066315],[-51.2238403,-21.8304899],[-51.2283525,-21.8391404],[-51.2400176,-21.8378939],[-51.2361089,-21.8421126],[-51.2543467,-21.8601983],[-51.2531873,-21.8779303],[-51.2663864,-21.8778959],[-51.2568169,-21.9005186],[-51.2725372,-21.9118344],[-51.2747438,-21.9270791],[-51.2657212,-21.9353364],[-51.2739644,-21.9422403],[-51.2775064,-21.9733695],[-51.2902042,-21.9840023],[-51.2792108,-22.0006455],[-51.2911596,-22.0255422],[-51.2859484,-22.0401731],[-51.3069819,-22.0863314],[-51.3196354,-22.0962126],[-51.3142124,-22.1281487],[-51.3248336,-22.1525321],[-51.3431687,-22.1724512],[-51.3594385,-22.1766465],[-51.375617,-22.2004512],[-51.4190403,-22.1981301],[-51.4343195,-22.2057202],[-51.4489864,-22.1984036],[-51.4736923,-22.1997368],[-51.4839479,-22.1773243],[-51.483808,-22.1238581],[-51.4482511,-22.1123268],[-51.433578,-22.0791963],[-51.4175834,-22.0766224],[-51.4122811,-22.066668],[-51.4197286,-22.0519427]]]}},{"type":"Feature","properties":{"level":"municipio","municipality_code":"3541505","municipality_name":"Presidente Venceslau","uf":"SP","state_code":"35","area_km2":755.203},"geometry":{"type":"Polygon","coordinates":[[[-51.8643719,-21.6684384],[-51.8427716,-21.6122767],[-51.8591679,-21.5777528],[-51.8220488,-21.5828529],[-51.8051467,-21.5966342],[-51.7883311,-21.5947781],[-51.7796695,-21.6074729],[-51.7406643,-21.5910831],[-51.7028344,-21.6036261],[-51.6983013,-21.6681438],[-51.7019598,-21.6896207],[-51.7202812,-21.7159067],[-51.7109279,-21.7510363],[-51.7190408,-21.7665854],[-51.7473704,-21.7883923],[-51.7433615,-21.8108621],[-51.7507613,-21.8329962],[-51.7647085,-21.8432949],[-51.7704638,-21.8741433],[-51.7886463,-21.870117],[-51.796122,-21.8814069],[-51.7947676,-21.9031438],[-51.8180972,-21.9196314],[-51.8353977,-21.95544],[-51.8530747,-21.9691862],[-51.8810692,-21.9724453],[-51.8979713,-21.9989289],[-51.9153603,-22.0066257],[-51.9633121,-21.9902371],[-51.980627,-21.9676314],[-52.0137152,-21.9609514],[-52.0304069,-21.9414128],[-52.0033282,-21.9126326],[-51.9634738,-21.9064856],[-51.9337385,-21.8278886],[-51.9139331,-21.8210942],[-51.8878656,-21.7635047],[-51.9014828,-21.729154],[-51.8831982,-21.6871311],[-51.8643719,-21.6684384]]]}},{"type":"Feature","properties":{"level":"municipio","municipality_code":"3541604","municipality_name":"Promissão","uf":"SP","state_code":"35","area_km2":779.2},"geometry":{"type":"Polygon","coordinates":[[[-49.8627935,-21.4174382],[-49.8685525,-21.3926257],[-49.8615499,-21.3771462],[-49.8329815,-21.3377389],[-49.8268862,-21.3392685],[-49.8239847,-21.3184778],[-49.8166182,-21.3155971],[-49.8316287,-21.2749525],[-49.7718211,-21.3061846],[-49.7453639,-21.2971332],[-49.7458294,-21.3150905],[-49.7265725,-21.3459961],[-49.7117726,-21.3349737],[-49.6970288,-21.3401894],[-49.6969952,-21.3626774],[-49.715079,-21.376892],[-49.715916,-21.396212],[-49.708626,-21.399479],[-49.724693,-21.422497],[-49.709859,-21.440099],[-49.716132,-21.45212],[-49.706035,-21.466332],[-49.753381,-21.524832],[-49.762351,-21.553103],[-49.796815,-21.557391],[-49.805501,-21.550744],[-49.813623,-21.558655],[-49.824133,-21.594782],[-49.84326,-21.619279],[-49.849014,-21.674605],[-49.869125,-21.682681],[-49.882692,-21.672163],[-49.9172041,-21.7072072],[-49.9395031,-21.6966465],[-49.9689888,-21.6995045],[-49.9730028,-21.6924755],[-49.9831234,-21.7015565],[-49.9959225,-21.6955058],[-50.0093696,-21.7023524],[-50.0146737,-21.6947131],[-50.0248408,-21.7005029],[-50.0706871,-21.6835501],[-50.0827603,-21.6910938],[-50.1064507,-21.6851167],[-50.1001188,-21.6209986],[-50.0797967,-21.610322],[-50.0608534,-21.5839415],[-50.0583501,-21.6032022],[-50.0481975,-21.6099283],[-50.0282063,-21.5892349],[-49.9932526,-21.5909197],[-49.9798771,-21.5782508],[-49.9540759,-21.5770341],[-49.9335047,-21.5538485],[-49.9148909,-21.5570507],[-49.9026086,-21.5265684],[-49.9104771,-21.5225701],[-49.9108995,-21.5104603],[-49.8910983,-21.468525],[-49.8714451,-21.4677116],[-49.8627935,-21.4174382]]]}},{"type":"Feature","properties":{"level":"municipio","municipality_code":"3541653","municipality_name":"Quadra","uf":"SP","state_code":"35","area_km2":205.672},"geometry":{"type":"Polygon","coordinates":[[[-48.0808222,-23.345883],[-48.0908248,-23.3193835],[-48.1026184,-23.3212978],[-48.1239014,-23.2890076],[-48.1388813,-23.2837007],[-48.1387555,-23.2711956],[-48.069767,-23.240593],[-48.0690004,-23.2321632],[-48.0090017,-23.2235597],[-48.0042658,-23.2425367],[-47.986493,-23.243347],[-47.9889594,-23.2837416],[-47.9760382,-23.2759764],[-47.9499549,-23.2793362],[-47.9565966,-23.2874252],[-47.9491412,-23.2958725],[-47.9584955,-23.3062564],[-47.9532549,-23.309986],[-47.9588868,-23.3275945],[-47.9839065,-23.3460555],[-47.9859215,-23.3648435],[-47.996734,-23.3637449],[-48.0233154,-23.3811977],[-48.0832743,-23.3727511],[-48.0917499,-23.3544053],[-48.0808222,-23.345883]]]}},{"type":"Feature","properties":{"level":"municipio","municipality_code":"3541703","municipality_name":"Quatá","uf":"SP","state_code":"35","area_km2":651.341},"geometry":{"type":"Polygon","coordinates":[[[-50.7165073,-22.2508521],[-50.7288725,-22.2360418],[-50.7311036,-22.2199243],[-50.7230949,-22.2165107],[-50.730184,-22.200471],[-50.7173238,-22.1881211],[-50.7259463,-22.1680081],[-50.7130424,-22.15312],[-50.7096854,-22.1336908],[-50.7251517,-22.0913068],[-50.7047942,-22.0444309],[-50.7051135,-22.021584],[-50.668861,-22.0283511],[-50.628129,-22.0491883],[-50.6197612,-22.0618926],[-50.6017705,-22.0631216],[-50.5948254,-22.0733809],[-50.5790704,-22.0711338],[-50.573438,-22.0823165],[-50.5501465,-22.0824733],[-50.5505817,-22.0948887],[-50.5187697,-22.1127157],[-50.5111488,-22.1356803],[-50.485246,-22.15216],[-50.5239315,-22.2203574],[-50.5516315,-22.2332556],[-50.5584677,-22.2952904],[-50.571041,-22.304301],[-50.587421,-22.30309],[-50.618436,-22.296046],[-50.623771,-22.288118],[-50.626499,-22.302546],[-50.645551,-22.312279],[-50.667539,-22.3034],[-50.665527,-22.282869],[-50.687451,-22.308608],[-50.682911,-22.330959],[-50.687486,-22.361016],[-50.696209,-22.369972],[-50.694622,-22.399421],[-50.718579,-22.403506],[-50.752589,-22.432538],[-50.7835444,-22.4351866],[-50.7866959,-22.4119235],[-50.7626964,-22.3838198],[-50.7700051,-22.349841],[-50.7589419,-22.3034925],[-50.7165073,-22.2508521]]]}},{"type":"Feature","properties":{"level":"municipio","municipality_code":"3541802","municipality_name":"Queiroz","uf":"SP","state_code":"35","area_km2":234.914},"geometry":{"type":"Polygon","coordinates":[[[-50.3083127,-21.714394],[-50.2944414,-21.7173232],[-50.2743608,-21.7075521],[-50.2585196,-21.7386619],[-50.2448518,-21.7403078],[-50.2186685,-21.7627425],[-50.1897547,-21.7627976],[-50.1532805,-21.7859126],[-50.1444456,-21.8037555],[-50.130619,-21.8088867],[-50.1313977,-21.8238503],[-50.1605166,-21.8591519],[-50.2253231,-21.8600022],[-50.2287933,-21.8710109],[-50.2613853,-21.8911383],[-50.2564091,-21.8499174],[-50.2706103,-21.8416668],[-50.3046133,-21.8584378],[-50.3207489,-21.8518455],[-50.3235473,-21.8252436],[-50.3380386,-21.806518],[-50.3294357,-21.7934348],[-50.3297683,-21.7529283],[-50.3083127,-21.714394]]]}},{"type":"Feature","properties":{"level":"municipio","municipality_code":"3541901","municipality_name":"Queluz","uf":"SP","state_code":"35","area_km2":249.399},"geometry":{"type":"Polygon","coordinates":[[[-44.8322001,-22.5604143],[-44.82785,-22.5489037],[-44.8505918,-22.5230431],[-44.8405444,-22.5072504],[-44.8524643,-22.4875071],[-44.8491686,-22.4419863],[-44.8551495,-22.4321743],[-44.8329526,-22.4309899],[-44.8079839,-22.4141112],[-44.8058366,-22.4039121],[-44.7553337,-22.4152692],[-44.7242174,-22.4508307],[-44.7176845,-22.4685921],[-44.7249689,-22.4837938],[-44.7102411,-22.5011104],[-44.7160717,-22.5144847],[-44.7010398,-22.5107577],[-44.6881604,-22.5214562],[-44.697797,-22.5342448],[-44.7158978,-22.5393658],[-44.7185366,-22.5549563],[-44.7323397,-22.5621561],[-44.7325282,-22.5752397],[-44.7396627,-22.5785638],[-44.7488824,-22.5704015],[-44.7900845,-22.5867236],[-44.7885148,-22.5968776],[-44.8154149,-22.6136594],[-44.821272,-22.599145],[-44.8496403,-22.6022001],[-44.8523577,-22.5589783],[-44.8322001,-22.5604143]]]}},{"type":"Feature","properties":{"level":"municipio","municipality_code":"3542008","municipality_name":"Quintana","uf":"SP","state_code":"35","area_km2":318.937},"geometry":{"type":"Polygon","coordinates":[[[-50.259187,-22.0551691],[-50.2893926,-22.089065],[-50.2774091,-22.1183629],[-50.2846327,-22.1366512],[-50.3550189,-22.1946974],[-50.3665489,-22.1857092],[-50.4017543,-22.1855353],[-50.4266498,-22.1655405],[-50.4441096,-22.1752266],[-50.4694904,-22.1660291],[-50.5107412,-22.136155],[-50.5211247,-22.111016],[-50.4739275,-22.0755471],[-50.408516,-22.0812152],[-50.3754808,-22.063926],[-50.3426898,-22.0679609],[-50.3431647,-22.0151155],[-50.3124405,-22.0059863],[-50.3047254,-21.9935222],[-50.3092086,-21.9771256],[-50.2846919,-21.959501],[-50.2578785,-21.9703468],[-50.2483574,-21.9910267],[-50.2668918,-22.0013965],[-50.260553,-22.0163162],[-50.2897568,-22.0298391],[-50.2865576,-22.0463422],[-50.2654885,-22.0467042],[-50.259187,-22.0551691]]]}},{"type":"Feature","properties":{"level":"municipio","municipality_code":"3542107","municipality_name":"Rafard","uf":"SP","state_code":"35","area_km2":121.645},"geometry":{"type":"Polygon","coordinates":[[[-47.5208213,-23.0214231],[-47.5344494,-23.0480182],[-47.5086145,-23.0916303],[-47.5382735,-23.1016456],[-47.5632346,-23.0906857],[-47.5813895,-23.1037254],[-47.6086872,-23.0992636],[-47.5929378,-23.0763828],[-47.6131208,-23.0688294],[-47.6265803,-23.0758527],[-47.629074,-23.043669],[-47.6519904,-23.0432957],[-47.6628681,-23.0185137],[-47.6590595,-22.9900931],[-47.6470332,-22.9839194],[-47.6332666,-22.9978613],[-47.6301277,-22.9895943],[-47.6249244,-22.986838],[-47.6283157,-22.9915448],[-47.6173085,-22.9992783],[-47.6015057,-22.9992587],[-47.6033439,-23.0127134],[-47.5814266,-23.0089231],[-47.5774341,-23.0180211],[-47.5746386,-23.0119018],[-47.5448722,-23.0117405],[-47.5577419,-23.0029448],[-47.5570336,-22.998039],[-47.528433,-22.9999775],[-47.5208213,-23.0214231]]]}},{"type":"Feature","properties":{"level":"municipio","municipality_code":"3542206","municipality_name":"Rancharia","uf":"SP","state_code":"35","area_km2":1587.498},"geometry":{"type":"Polygon","coordinates":[[[-50.922303,-22.4445452],[-50.8819849,-22.4206807],[-50.8557369,-22.4279839],[-50.8297778,-22.4222891],[-50.843651,-22.4451744],[-50.8455168,-22.4726257],[-50.8313471,-22.4840922],[-50.8364357,-22.5028277],[-50.8579449,-22.5287037],[-50.8418058,-22.5496904],[-50.8530279,-22.5755757],[-50.8393195,-22.5862507],[-50.8463422,-22.6165832],[-50.8265099,-22.6473299],[-50.8327177,-22.6587735],[-50.86366,-22.655244],[-50.8662017,-22.6614158],[-50.8829451,-22.6493358],[-50.888881,-22.6562012],[-50.9058873,-22.6377864],[-50.9144232,-22.648388],[-50.9255108,-22.6453694],[-50.9249793,-22.6640184],[-50.9325239,-22.6724487],[-50.9472875,-22.6746844],[-50.9484849,-22.6507515],[-50.9650196,-22.6249442],[-50.9687367,-22.585387],[-50.9826976,-22.5692766],[-50.9731381,-22.5590121],[-50.9729929,-22.5442846],[-50.9864859,-22.518517],[-51.0132774,-22.5241128],[-51.0355639,-22.5043218],[-51.0252316,-22.4912007],[-51.0292329,-22.4811574],[-51.0184554,-22.4730809],[-51.0632784,-22.4737469],[-51.0999748,-22.4868676],[-51.1043963,-22.4605768],[-51.0975431,-22.3873106],[-51.1114664,-22.3563324],[-51.1002981,-22.3472578],[-51.0851899,-22.3494437],[-51.0740892,-22.334073],[-51.0780969,-22.2598698],[-51.0369723,-22.2151083],[-51.050467,-22.2045753],[-51.0422679,-22.1634042],[-50.9933712,-22.1243006],[-51.0030695,-22.1083547],[-51.0000784,-22.0802985],[-50.9892757,-22.0678052],[-50.9762076,-22.0675933],[-50.9714534,-22.042222],[-50.9785594,-21.9929602],[-50.9618565,-21.9657329],[-50.9441562,-21.9659326],[-50.9378689,-21.9509686],[-50.9159227,-21.9512357],[-50.8895418,-21.9670906],[-50.8706465,-21.9642069],[-50.805708,-21.9966068],[-50.7467711,-22.0032384],[-50.7051135,-22.021584],[-50.7234682,-22.0456761],[-50.7525152,-22.0589015],[-50.760161,-22.0847576],[-50.7779924,-22.0906039],[-50.7679314,-22.1026058],[-50.8233535,-22.2386792],[-50.8389179,-22.2396479],[-50.8411004,-22.267331],[-50.8596865,-22.2827901],[-50.8435274,-22.3417402],[-50.8523099,-22.3554701],[-50.8685062,-22.3414007],[-50.9054864,-22.3482252],[-50.9352673,-22.4244206],[-50.922303,-22.4445452]]]}},{"type":"Feature","properties":{"level":"municipio","municipality_code":"3542305","municipality_name":"Redenção da Serra","uf":"SP","state_code":"35","area_km2":309.441},"geometry":{"type":"Polygon","coordinates":[[[-45.4573838,-23.2206347],[-45.4180198,-23.2001721],[-45.4034782,-23.1795411],[-45.3964757,-23.1811069],[-45.3978561,-23.2051296],[-45.4268104,-23.2259531],[-45.4123487,-23.240058],[-45.4164202,-23.2554765],[-45.3734109,-23.2696427],[-45.3801896,-23.2883876],[-45.397944,-23.2769162],[-45.4115843,-23.2805206],[-45.4098679,-23.2871097],[-45.4335427,-23.293688],[-45.4337304,-23.3074012],[-45.4443248,-23.2925199],[-45.4555085,-23.2989283],[-45.4495246,-23.3124417],[-45.4679639,-23.3050383],[-45.4652986,-23.329671],[-45.4795325,-23.3157182],[-45.4943453,-23.3160287],[-45.5021289,-23.3267853],[-45.5088715,-23.3154298],[-45.5190538,-23.3335711],[-45.5341397,-23.3268238],[-45.5489381,-23.339043],[-45.6328194,-23.2911897],[-45.6442796,-23.2949518],[-45.6437099,-23.2796379],[-45.6121589,-23.2471773],[-45.6261641,-23.218667],[-45.6216406,-23.2050711],[-45.6354065,-23.2046586],[-45.6407502,-23.1960316],[-45.6161431,-23.1809514],[-45.6204188,-23.1740498],[-45.6094794,-23.1635027],[-45.5888232,-23.1794003],[-45.5693766,-23.1600802],[-45.5540636,-23.1611541],[-45.5455759,-23.1762164],[-45.5217537,-23.1765716],[-45.5200317,-23.1994542],[-45.5027528,-23.2203547],[-45.4573838,-23.2206347]]]}},{"type":"Feature","properties":{"level":"municipio","municipality_code":"3542404","municipality_name":"Regente Feijó","uf":"SP","state_code":"35","area_km2":263.313},"geometry":{"type":"Polygon","coordinates":[[[-51.205251,-22.2681485],[-51.2190003,-22.3556124],[-51.2424563,-22.3510218],[-51.2481326,-22.3383694],[-51.2667467,-22.3293],[-51.3519258,-22.3243538],[-51.3464155,-22.3001335],[-51.3575,-22.278974],[-51.3561747,-22.2583052],[-51.399267,-22.2034662],[-51.371008,-22.1980974],[-51.3594385,-22.1766465],[-51.3431687,-22.1724512],[-51.3248336,-22.1525321],[-51.3156969,-22.1293579],[-51.286795,-22.1601425],[-51.2792459,-22.1957568],[-51.2616686,-22.2090895],[-51.2437928,-22.2066433],[-51.2225043,-22.2330816],[-51.205251,-22.2681485]]]}},{"type":"Feature","properties":{"level":"municipio","municipality_code":"3542503","municipality_name":"Reginópolis","uf":"SP","state_code":"35","area_km2":410.406},"geometry":{"type":"Polygon","coordinates":[[[-49.2410884,-21.9335236],[-49.2498594,-21.921682],[-49.2443375,-21.9159751],[-49.2499142,-21.9074711],[-49.2429086,-21.9048268],[-49.2617854,-21.8829687],[-49.2383779,-21.8776794],[-49.2458227,-21.8632913],[-49.2250246,-21.8603033],[-49.2050621,-21.8263033],[-49.2058349,-21.8136199],[-49.1947188,-21.8111508],[-49.1875746,-21.798614],[-49.1967259,-21.7860108],[-49.1843937,-21.7671415],[-49.1980657,-21.7550688],[-49.191477,-21.747041],[-49.199486,-21.7365883],[-49.1885916,-21.7114999],[-49.2132932,-21.6711444],[-49.2104744,-21.6596642],[-49.1883414,-21.6473355],[-49.1675642,-21.6464729],[-49.1507848,-21.6597762],[-49.1518741,-21.6806373],[-49.1395856,-21.7062882],[-49.1045032,-21.7509994],[-49.1073103,-21.763378],[-49.130732,-21.7778611],[-49.1511231,-21.828607],[-49.1517843,-21.8614972],[-49.1233079,-21.9225356],[-49.1424789,-21.9480072],[-49.117649,-21.996754],[-49.1382905,-22.0317955],[-49.1400641,-22.0441684],[-49.1283972,-22.0606773],[-49.1873182,-22.06315],[-49.1960697,-22.0544327],[-49.2097921,-22.0591802],[-49.2328543,-22.0417522],[-49.250155,-22.0437235],[-49.2417859,-22.0318495],[-49.2504343,-22.0271029],[-49.2387136,-22.0212119],[-49.2510799,-22.0064221],[-49.2421034,-21.9913713],[-49.2485607,-21.9803335],[-49.2381576,-21.9563713],[-49.247821,-21.9460134],[-49.2410884,-21.9335236]]]}},{"type":"Feature","properties":{"level":"municipio","municipality_code":"3542602","municipality_name":"Registro","uf":"SP","state_code":"35","area_km2":722.201},"geometry":{"type":"Polygon","coordinates":[[[-47.6836854,-24.5496884],[-47.6945066,-24.6032125],[-47.7088696,-24.6012337],[-47.7134238,-24.615489],[-47.7277452,-24.6221019],[-47.74127,-24.6210828],[-47.7410381,-24.6114591],[-47.7714334,-24.5908699],[-47.778431,-24.5743095],[-47.8168933,-24.5661041],[-47.8347301,-24.5769525],[-47.8695565,-24.5808458],[-47.8678585,-24.5914035],[-47.8857804,-24.5923846],[-47.9181653,-24.6275288],[-47.9404066,-24.6265629],[-47.9376667,-24.6359729],[-47.9515499,-24.6384385],[-47.9588693,-24.6277],[-47.979369,-24.6227149],[-47.9658593,-24.6102833],[-47.9792536,-24.5934081],[-47.9542658,-24.5877137],[-47.9470229,-24.5802945],[-47.9869292,-24.5841012],[-48.0014928,-24.5711567],[-48.0153141,-24.5821958],[-48.0330141,-24.5761835],[-48.068634,-24.5852595],[-48.0850044,-24.5795854],[-48.0793533,-24.5577621],[-48.0556535,-24.5336049],[-48.0200996,-24.5296018],[-48.0153613,-24.510324],[-47.9940732,-24.5140578],[-47.9347137,-24.479959],[-47.9262446,-24.4819255],[-47.9276714,-24.4742372],[-47.910642,-24.4693075],[-47.9101753,-24.4575608],[-47.8738107,-24.4235893],[-47.8337124,-24.4154572],[-47.823918,-24.4029048],[-47.8336554,-24.3987716],[-47.8398796,-24.3661922],[-47.8324875,-24.3719438],[-47.8153461,-24.3682032],[-47.8137043,-24.3577149],[-47.7993314,-24.3517146],[-47.7784854,-24.3562775],[-47.7540112,-24.3837109],[-47.7169739,-24.3981073],[-47.6838964,-24.3791232],[-47.6801192,-24.3833751],[-47.6395931,-24.4612661],[-47.6454422,-24.4934697],[-47.6324448,-24.5001727],[-47.6266657,-24.5139268],[-47.6836854,-24.5496884]]]}},{"type":"Feature","properties":{"level":"municipio","municipality_code":"3542701","municipality_name":"Restinga","uf":"SP","state_code":"35","area_km2":245.746},"geometry":{"type":"Polygon","coordinates":[[[-47.4460739,-20.6027101],[-47.3982411,-20.6141745],[-47.3958602,-20.6281338],[-47.4205267,-20.6444415],[-47.4130187,-20.6663019],[-47.4667386,-20.6872663],[-47.4883633,-20.7195143],[-47.5054663,-20.7172978],[-47.52782,-20.7323858],[-47.5329478,-20.7175882],[-47.5420387,-20.7188986],[-47.5394775,-20.7355841],[-47.5517349,-20.7349701],[-47.5489227,-20.7407865],[-47.568184,-20.7390313],[-47.5676425,-20.7273111],[-47.5790659,-20.7243375],[-47.5817968,-20.7099294],[-47.6039344,-20.7185317],[-47.6051216,-20.7033275],[-47.5883837,-20.6845012],[-47.5838889,-20.6623089],[-47.5704402,-20.6519374],[-47.5749377,-20.6350399],[-47.5633182,-20.6237258],[-47.5528223,-20.5856764],[-47.5379402,-20.5815249],[-47.5286749,-20.5627242],[-47.5071232,-20.5645159],[-47.4963409,-20.5546188],[-47.4818246,-20.5695748],[-47.4692027,-20.5634543],[-47.4493883,-20.5783041],[-47.4460739,-20.6027101]]]}},{"type":"Feature","properties":{"level":"municipio","municipality_code":"3542800","municipality_name":"Ribeira","uf":"SP","state_code":"35","area_km2":335.759},"geometry":{"type":"Polygon","coordinates":[[[-48.9682652,-24.5390396],[-48.901831,-24.5560792],[-48.9005098,-24.5646672],[-48.9092349,-24.5637214],[-48.9264487,-24.6012126],[-48.9491577,-24.6188187],[-48.9118624,-24.6333399],[-48.9062475,-24.6440864],[-48.9160531,-24.6559856],[-48.9139823,-24.6827333],[-48.9424746,-24.6722761],[-48.9584529,-24.6852832],[-48.9632894,-24.6732153],[-48.9878588,-24.6659022],[-48.9909288,-24.6552439],[-49.009427,-24.6603693],[-49.0054025,-24.6391326],[-48.9992665,-24.6378551],[-49.0046777,-24.6332389],[-49.0183748,-24.6426165],[-49.0400336,-24.6368465],[-49.0409828,-24.6432817],[-49.0328746,-24.6419422],[-49.0373997,-24.6604197],[-49.0612881,-24.6853414],[-49.0832074,-24.672243],[-49.0878393,-24.6806722],[-49.1089408,-24.6765485],[-49.1115946,-24.6883523],[-49.1586321,-24.6713528],[-49.1507438,-24.6400168],[-49.1714496,-24.6098102],[-49.163859,-24.5957812],[-49.1514732,-24.5951759],[-49.1515993,-24.5861254],[-49.1337148,-24.5851853],[-49.1291442,-24.5605977],[-49.1429771,-24.5618041],[-49.1331819,-24.5529425],[-49.1324407,-24.53753],[-49.0872727,-24.5370627],[-49.0679935,-24.5533476],[-49.052273,-24.5542397],[-49.0244078,-24.54733],[-49.0006181,-24.520026],[-48.992246,-24.5286852],[-48.9818917,-24.5237827],[-48.979013,-24.5346142],[-48.9682652,-24.5390396]]]}},{"type":"Feature","properties":{"level":"municipio","municipality_code":"3542909","municipality_name":"Ribeirão Bonito","uf":"SP","state_code":"35","area_km2":471.553},"geometry":{"type":"Polygon","coordinates":[[[-48.2607245,-22.1057907],[-48.2523895,-22.099928],[-48.2740354,-22.0914831],[-48.2654837,-22.0773541],[-48.2787369,-22.0733352],[-48.2869812,-22.0560013],[-48.2999536,-22.0624386],[-48.3072961,-22.0327957],[-48.297308,-22.0096577],[-48.3020044,-22.0053822],[-48.2914969,-21.9897475],[-48.2758198,-21.9833265],[-48.2841611,-21.9802543],[-48.2808078,-21.9623524],[-48.2889966,-21.9537429],[-48.2536232,-21.8928517],[-48.2450338,-21.8939098],[-48.228939,-21.9258185],[-48.2041436,-21.9293786],[-48.1966125,-21.9560311],[-48.159327,-21.9776395],[-48.1426102,-22.0059219],[-48.1167261,-22.0230174],[-48.1100694,-22.0467821],[-48.101419,-22.0460581],[-48.100948,-22.0581468],[-48.0906234,-22.0602625],[-48.0867644,-22.0704649],[-48.0696496,-22.077249],[-48.0446498,-22.0713184],[-48.0428874,-22.1262402],[-48.0543192,-22.1466882],[-48.1195979,-22.1827244],[-48.1570588,-22.1748554],[-48.1979848,-22.1480494],[-48.2158414,-22.1588242],[-48.2559536,-22.1546405],[-48.2492954,-22.1328571],[-48.2607245,-22.1057907]]]}},{"type":"Feature","properties":{"level":"municipio","municipality_code":"3543006","municipality_name":"Ribeirão Branco","uf":"SP","state_code":"35","area_km2":697.5},"geometry":{"type":"Polygon","coordinates":[[[-48.8385013,-24.3402409],[-48.8640877,-24.3480714],[-48.883456,-24.3306206],[-48.9487054,-24.329172],[-48.967394,-24.3507326],[-48.9801857,-24.3467211],[-48.9871869,-24.3131711],[-48.9360079,-24.2492476],[-48.8956488,-24.2227693],[-48.9033122,-24.2128672],[-48.8860674,-24.2036898],[-48.8867278,-24.1810125],[-48.8708425,-24.1634137],[-48.8285119,-24.174516],[-48.8190068,-24.1669454],[-48.8253943,-24.1602556],[-48.8150268,-24.1357915],[-48.8208117,-24.1273787],[-48.7992884,-24.1195519],[-48.7661203,-24.133848],[-48.7417575,-24.1160148],[-48.7297807,-24.1157294],[-48.69423,-24.1263062],[-48.6703691,-24.1475682],[-48.6608383,-24.1432823],[-48.6700895,-24.1555679],[-48.6337979,-24.1732827],[-48.6358786,-24.1859045],[-48.6261715,-24.199723],[-48.6503836,-24.2371464],[-48.6379262,-24.2471086],[-48.6472234,-24.2804567],[-48.6329033,-24.2912698],[-48.6318232,-24.3014977],[-48.6468534,-24.3224748],[-48.6463524,-24.3358641],[-48.6711692,-24.3559082],[-48.6756715,-24.3711332],[-48.663175,-24.3826232],[-48.6667016,-24.3891395],[-48.6899193,-24.3916937],[-48.6966919,-24.3830608],[-48.7109107,-24.3820149],[-48.7232389,-24.3921602],[-48.7380282,-24.3722326],[-48.761186,-24.3738705],[-48.7671623,-24.3623],[-48.7969969,-24.3610178],[-48.8199046,-24.344336],[-48.8267618,-24.349643],[-48.8385013,-24.3402409]]]}},{"type":"Feature","properties":{"level":"municipio","municipality_code":"3543105","municipality_name":"Ribeirão Corrente","uf":"SP","state_code":"35","area_km2":148.332},"geometry":{"type":"Polygon","coordinates":[[[-47.5985335,-20.4902986],[-47.6152159,-20.481674],[-47.6340752,-20.4421322],[-47.661631,-20.4329644],[-47.6658906,-20.4238438],[-47.59941,-20.3931234],[-47.5806725,-20.3911931],[-47.5795355,-20.3973939],[-47.5537073,-20.3857817],[-47.5173886,-20.3949291],[-47.5279149,-20.4248145],[-47.5215316,-20.4502255],[-47.4998769,-20.4565653],[-47.5088427,-20.4881675],[-47.6033746,-20.5309788],[-47.5985335,-20.4902986]]]}},{"type":"Feature","properties":{"level":"municipio","municipality_code":"3543253","municipality_name":"Ribeirão Grande","uf":"SP","state_code":"35","area_km2":333.363},"geometry":{"type":"Polygon","coordinates":[[[-48.405641,-24.2737756],[-48.4296948,-24.2665972],[-48.4414042,-24.2450278],[-48.4381271,-24.2258481],[-48.4494698,-24.2288158],[-48.4343416,-24.1885823],[-48.4218402,-24.187514],[-48.4293453,-24.1577086],[-48.409849,-24.1027624],[-48.4133423,-24.0742476],[-48.3770383,-24.0657046],[-48.3508622,-24.0728639],[-48.3034898,-24.0537749],[-48.2973377,-24.0756366],[-48.3140365,-24.0851684],[-48.3103977,-24.1071418],[-48.3161398,-24.1138968],[-48.3019839,-24.1405575],[-48.3069724,-24.1496373],[-48.2889981,-24.1639409],[-48.303348,-24.1777549],[-48.2893201,-24.1932388],[-48.2923101,-24.2149101],[-48.2845651,-24.2171988],[-48.2774732,-24.2318772],[-48.2831737,-24.2421203],[-48.2759346,-24.2471673],[-48.2861581,-24.2527117],[-48.2845413,-24.2637976],[-48.2937737,-24.2737194],[-48.2746875,-24.2959396],[-48.2921282,-24.2943474],[-48.2998659,-24.3067833],[-48.3226673,-24.3144851],[-48.330131,-24.3078851],[-48.3256006,-24.2919495],[-48.3599551,-24.2823798],[-48.3879484,-24.3065863],[-48.4064398,-24.2837533],[-48.405641,-24.2737756]]]}},{"type":"Feature","properties":{"level":"municipio","municipality_code":"3543303","municipality_name":"Ribeirão Pires","uf":"SP","state_code":"35","area_km2":98.972},"geometry":{"type":"Polygon","coordinates":[[[-46.4000158,-23.6457446],[-46.383416,-23.617663],[-46.373039,-23.643685],[-46.355083,-23.639958],[-46.358297,-23.660497],[-46.338486,-23.677881],[-46.330785,-23.709529],[-46.334306,-23.704481],[-46.340026,-23.715999],[-46.355012,-23.717482],[-46.364593,-23.708052],[-46.384465,-23.708184],[-46.385692,-23.724161],[-46.398574,-23.722668],[-46.416371,-23.735081],[-46.418669,-23.759417],[-46.450835,-23.770809],[-46.457229,-23.767451],[-46.457041,-23.751711],[-46.471497,-23.73905],[-46.468854,-23.725859],[-46.4761879,-23.7164901],[-46.4498425,-23.70275],[-46.4271237,-23.6776837],[-46.4123227,-23.684656],[-46.3935527,-23.6720269],[-46.4000158,-23.6457446]]]}},{"type":"Feature","properties":{"level":"municipio","municipality_code":"3543402","municipality_name":"Ribeirão Preto","uf":"SP","state_code":"35","area_km2":650.916},"geometry":{"type":"Polygon","coordinates":[[[-47.659351,-21.155363],[-47.666081,-21.175978],[-47.659131,-21.195801],[-47.668029,-21.211639],[-47.697228,-21.225268],[-47.733031,-21.263937],[-47.774591,-21.28512],[-47.787069,-21.297972],[-47.789792,-21.322742],[-47.803572,-21.317444],[-47.817679,-21.343059],[-47.850967,-21.358477],[-47.884072,-21.358277],[-47.904051,-21.369337],[-47.919989,-21.356374],[-47.939989,-21.358694],[-47.94461,-21.344696],[-47.962251,-21.342171],[-47.966862,-21.32516],[-47.975225,-21.326326],[-47.987845,-21.312682],[-47.906423,-21.258852],[-47.922939,-21.240476],[-47.931762,-21.20373],[-47.943423,-21.200296],[-47.91659,-21.200705],[-47.917939,-21.188515],[-47.904429,-21.178124],[-47.90163,-21.160319],[-47.90988,-21.157558],[-47.913104,-21.118379],[-47.903581,-21.097417],[-47.882932,-21.097787],[-47.8720072,-21.0642749],[-47.821569,-21.068181],[-47.778568,-21.061756],[-47.784081,-21.088388],[-47.755749,-21.082121],[-47.762777,-21.095685],[-47.752447,-21.111901],[-47.696885,-21.131703],[-47.66725,-21.118562],[-47.646682,-21.14815],[-47.659351,-21.155363]]]}},{"type":"Feature","properties":{"level":"municipio","municipality_code":"3543204","municipality_name":"Ribeirão do Sul","uf":"SP","state_code":"35","area_km2":203.208},"geometry":{"type":"Polygon","coordinates":[[[-49.9680796,-22.8141784],[-49.9951457,-22.794299],[-50.0012928,-22.7977879],[-50.0100548,-22.7843043],[-49.9831358,-22.7199848],[-49.9735676,-22.7123838],[-49.9728079,-22.6853575],[-49.9288151,-22.6769509],[-49.9140632,-22.6637941],[-49.902187,-22.666612],[-49.8914707,-22.6763092],[-49.8909973,-22.700381],[-49.8802739,-22.7060927],[-49.8710853,-22.7000939],[-49.8629802,-22.7173551],[-49.8478277,-22.7261127],[-49.8374618,-22.7681496],[-49.8508408,-22.7769255],[-49.8671177,-22.8086279],[-49.913515,-22.8166252],[-49.9386014,-22.8330561],[-49.9490077,-22.8114558],[-49.9680796,-22.8141784]]]}},{"type":"Feature","properties":{"level":"municipio","municipality_code":"3543238","municipality_name":"Ribeirão dos Índios","uf":"SP","state_code":"35","area_km2":196.446},"geometry":{"type":"Polygon","coordinates":[[[-51.6187783,-21.8691206],[-51.6683253,-21.8256037],[-51.587407,-21.7591829],[-51.6158539,-21.7152074],[-51.6124046,-21.6774426],[-51.5375177,-21.683702],[-51.5105168,-21.7051581],[-51.532535,-21.7427815],[-51.5339179,-21.7616195],[-51.52532,-21.7746698],[-51.5537185,-21.8361337],[-51.58099,-21.8596429],[-51.582991,-21.8909438],[-51.5932725,-21.9069779],[-51.5889713,-21.9189826],[-51.6068361,-21.9414492],[-51.6069511,-21.9090856],[-51.6187783,-21.8691206]]]}},{"type":"Feature","properties":{"level":"municipio","municipality_code":"3543600","municipality_name":"Rifaina","uf":"SP","state_code":"35","area_km2":162.508},"geometry":{"type":"Polygon","coordinates":[[[-47.449794,-20.1034921],[-47.4455114,-20.0938572],[-47.4589162,-20.0987784],[-47.4692133,-20.0904671],[-47.4565514,-20.0844894],[-47.4681141,-20.0809442],[-47.4487825,-20.0686288],[-47.4696264,-20.0696793],[-47.4638023,-20.0641254],[-47.4765162,-20.0659193],[-47.4724217,-20.0596462],[-47.480032,-20.0595579],[-47.477203,-20.0489541],[-47.4633789,-20.0498054],[-47.4721939,-20.0454114],[-47.465737,-20.0407782],[-47.4757855,-20.0395158],[-47.470433,-20.0270785],[-47.4740078,-20.0146981],[-47.4678347,-20.0126544],[-47.4708937,-19.9989303],[-47.4828505,-20.0032088],[-47.4734761,-20.030735],[-47.488194,-20.0266615],[-47.477897,-20.0407311],[-47.487819,-20.0467951],[-47.4945422,-20.0370281],[-47.4960873,-20.0459526],[-47.506949,-20.0329593],[-47.5120171,-20.0456834],[-47.5270291,-20.0207678],[-47.5430427,-20.0121563],[-47.5453155,-19.9873093],[-47.506937,-19.9824116],[-47.4977254,-19.9716276],[-47.4682927,-19.9614222],[-47.424428,-20.0153196],[-47.4442363,-20.0279605],[-47.4387084,-20.0510888],[-47.4049592,-20.0827359],[-47.3745709,-20.0836627],[-47.3586764,-20.1039816],[-47.329182,-20.1153164],[-47.3439011,-20.1323487],[-47.3380467,-20.151328],[-47.3599767,-20.1708258],[-47.3601332,-20.1551555],[-47.3831831,-20.1630211],[-47.3763096,-20.145325],[-47.3984161,-20.1409199],[-47.4088624,-20.1124885],[-47.4310156,-20.1219152],[-47.4342945,-20.1117989],[-47.4429248,-20.1258398],[-47.45314,-20.1230429],[-47.4492559,-20.1114228],[-47.4675521,-20.1193143],[-47.4560984,-20.1018885],[-47.449794,-20.1034921]]]}},{"type":"Feature","properties":{"level":"municipio","municipality_code":"3543709","municipality_name":"Rincão","uf":"SP","state_code":"35","area_km2":316.639},"geometry":{"type":"Polygon","coordinates":[[[-48.074361,-21.6377736],[-48.0706559,-21.6157861],[-48.1039231,-21.6432496],[-48.170442,-21.6545475],[-48.1666034,-21.5992821],[-48.1450701,-21.5559268],[-48.1165232,-21.5438457],[-48.1166741,-21.5335211],[-48.0959471,-21.5248302],[-48.0715161,-21.473983],[-48.068725,-21.479856],[-48.057302,-21.475272],[-48.055355,-21.489226],[-48.0444692,-21.4940867],[-48.0519956,-21.4995637],[-48.0386583,-21.5046247],[-48.0418234,-21.5160268],[-48.0283103,-21.5135427],[-48.0331044,-21.5266131],[-48.027869,-21.5388054],[-48.012026,-21.5331746],[-48.0091346,-21.5598889],[-47.9909643,-21.5656661],[-47.9891022,-21.5770982],[-48.0003176,-21.5808476],[-47.9897362,-21.5850319],[-47.9907509,-21.595588],[-47.9824212,-21.5866129],[-47.964246,-21.5982622],[-47.9551815,-21.5905472],[-47.9422669,-21.5981129],[-47.9459342,-21.5917621],[-47.9341461,-21.586953],[-47.9384189,-21.579503],[-47.9243536,-21.573099],[-47.923307,-21.5845991],[-47.9131682,-21.5893084],[-47.9050099,-21.5794817],[-47.9004992,-21.5894707],[-47.8998308,-21.5815189],[-47.8967232,-21.5870502],[-47.8897108,-21.5819865],[-47.8713402,-21.6030018],[-47.8803398,-21.6116975],[-47.859118,-21.6156032],[-47.8973806,-21.6718568],[-47.9097949,-21.6781506],[-47.9976021,-21.6351387],[-48.074361,-21.6377736]]]}},{"type":"Feature","properties":{"level":"municipio","municipality_code":"3543808","municipality_name":"Rinópolis","uf":"SP","state_code":"35","area_km2":358.481},"geometry":{"type":"Polygon","coordinates":[[[-50.6095623,-21.6897254],[-50.6384796,-21.7477937],[-50.6321882,-21.7532265],[-50.6349112,-21.7666428],[-50.6810665,-21.776001],[-50.6848574,-21.7898787],[-50.6932845,-21.7930457],[-50.707175,-21.7742876],[-50.7183535,-21.7995334],[-50.7770966,-21.7332624],[-50.7926151,-21.7317534],[-50.8119643,-21.7156356],[-50.8305935,-21.6843974],[-50.8154202,-21.6717149],[-50.8076641,-21.6410695],[-50.7765151,-21.5870516],[-50.7798125,-21.567784],[-50.7613771,-21.5631006],[-50.7544465,-21.5711294],[-50.7449405,-21.564857],[-50.7463268,-21.5781021],[-50.7342919,-21.5719502],[-50.7082688,-21.5769891],[-50.7078743,-21.5855038],[-50.6703738,-21.6049356],[-50.6521523,-21.6235328],[-50.6466327,-21.6506802],[-50.6324537,-21.6565751],[-50.6276064,-21.6429473],[-50.6207779,-21.6450146],[-50.6095623,-21.6897254]]]}},{"type":"Feature","properties":{"level":"municipio","municipality_code":"3543907","municipality_name":"Rio Claro","uf":"SP","state_code":"35","area_km2":498.422},"geometry":{"type":"Polygon","coordinates":[[[-47.5942025,-22.2493107],[-47.4697796,-22.2453625],[-47.4625134,-22.2958805],[-47.4679089,-22.3067681],[-47.4620094,-22.3113388],[-47.4839585,-22.3778661],[-47.4620569,-22.4083289],[-47.4897443,-22.4139579],[-47.5192719,-22.4342298],[-47.5309733,-22.4295141],[-47.5567465,-22.4586445],[-47.5695095,-22.4607541],[-47.5789679,-22.474056],[-47.5791978,-22.5127186],[-47.5626522,-22.5265982],[-47.5735685,-22.5308306],[-47.5752508,-22.5416156],[-47.6217261,-22.5501747],[-47.658634,-22.5200042],[-47.6388149,-22.4806144],[-47.6412858,-22.4674686],[-47.6588467,-22.4576648],[-47.6495891,-22.43378],[-47.665758,-22.3811207],[-47.7025794,-22.3798359],[-47.7213533,-22.3346897],[-47.7455714,-22.3283858],[-47.7603345,-22.3404103],[-47.7652056,-22.3331898],[-47.7398668,-22.3165613],[-47.7306657,-22.2986973],[-47.7206573,-22.3066242],[-47.7032778,-22.306022],[-47.6718078,-22.334801],[-47.6340528,-22.3352039],[-47.6157898,-22.298449],[-47.594635,-22.2784789],[-47.5942025,-22.2493107]]]}},{"type":"Feature","properties":{"level":"municipio","municipality_code":"3544103","municipality_name":"Rio Grande da Serra","uf":"SP","state_code":"35","area_km2":36.341},"geometry":{"type":"Polygon","coordinates":[[[-46.384465,-23.708184],[-46.343528,-23.716836],[-46.325291,-23.702579],[-46.326636,-23.727676],[-46.336236,-23.725582],[-46.34362,-23.738099],[-46.3601538,-23.7397284],[-46.361315,-23.750602],[-46.387306,-23.764012],[-46.426068,-23.774018],[-46.428437,-23.762152],[-46.418669,-23.759417],[-46.416371,-23.735081],[-46.398574,-23.722668],[-46.385692,-23.724161],[-46.384465,-23.708184]]]}},{"type":"Feature","properties":{"level":"municipio","municipality_code":"3544004","municipality_name":"Rio das Pedras","uf":"SP","state_code":"35","area_km2":226.657},"geometry":{"type":"Polygon","coordinates":[[[-47.5200086,-22.8147346],[-47.530549,-22.8456833],[-47.5198709,-22.8542769],[-47.5071116,-22.8525477],[-47.5101143,-22.8618811],[-47.520153,-22.8706584],[-47.519343,-22.8870612],[-47.5515082,-22.9117817],[-47.6086133,-22.9020022],[-47.6209205,-22.926464],[-47.6302498,-22.9115818],[-47.6468236,-22.9189201],[-47.7011879,-22.918663],[-47.7114951,-22.912073],[-47.710925,-22.8887704],[-47.6838507,-22.8756119],[-47.6637623,-22.8752977],[-47.6736011,-22.8545126],[-47.667267,-22.7989558],[-47.6302816,-22.788657],[-47.6090057,-22.812084],[-47.5907552,-22.8059209],[-47.5966436,-22.7958451],[-47.5869518,-22.7867908],[-47.5449768,-22.7665726],[-47.5233879,-22.7794953],[-47.5177647,-22.7653936],[-47.4950566,-22.7674302],[-47.496479,-22.7821305],[-47.5200086,-22.8147346]]]}},{"type":"Feature","properties":{"level":"municipio","municipality_code":"3544202","municipality_name":"Riolândia","uf":"SP","state_code":"35","area_km2":631.897},"geometry":{"type":"Polygon","coordinates":[[[-49.723143,-20.122043],[-49.7502878,-20.0881286],[-49.7773085,-20.0761737],[-49.7904629,-20.0870201],[-49.8002803,-20.0716918],[-49.8197641,-20.0695089],[-49.8241404,-20.047128],[-49.8392711,-20.0433541],[-49.841133,-20.029452],[-49.861693,-20.025667],[-49.8749248,-20.0417145],[-49.8919966,-20.0369795],[-49.8938268,-19.9870217],[-49.8855344,-19.9798864],[-49.9016233,-19.9599592],[-49.9061864,-19.9371671],[-49.8555733,-19.946825],[-49.8352745,-19.933315],[-49.7824562,-19.9244631],[-49.6429297,-19.9322327],[-49.6132293,-19.919973],[-49.5939072,-19.9482631],[-49.5921227,-19.9643464],[-49.5795712,-19.971058],[-49.5501764,-20.0231471],[-49.55203,-20.0707921],[-49.5666029,-20.0861061],[-49.5810196,-20.0878058],[-49.599104,-20.0774242],[-49.599145,-20.1163657],[-49.6308556,-20.1816129],[-49.6396212,-20.1738069],[-49.6520615,-20.1800499],[-49.6590153,-20.154099],[-49.6840662,-20.154965],[-49.6796036,-20.1376777],[-49.7004089,-20.1281071],[-49.6990628,-20.1166728],[-49.7104392,-20.1124256],[-49.723143,-20.122043]]]}},{"type":"Feature","properties":{"level":"municipio","municipality_code":"3543501","municipality_name":"Riversul","uf":"SP","state_code":"35","area_km2":385.878},"geometry":{"type":"Polygon","coordinates":[[[-49.3034717,-23.8194841],[-49.3099029,-23.8491017],[-49.3305924,-23.8654576],[-49.3192398,-23.8806993],[-49.2926224,-23.8869791],[-49.2893626,-23.8915242],[-49.2977316,-23.8888654],[-49.3300024,-23.9048594],[-49.3370021,-23.8979717],[-49.3536402,-23.9058388],[-49.4297374,-23.9061061],[-49.4521248,-23.9191564],[-49.5021985,-23.9070069],[-49.5235972,-23.9162336],[-49.532208,-23.9301059],[-49.5569897,-23.9227307],[-49.5544645,-23.9152973],[-49.5773781,-23.8974383],[-49.5736015,-23.877955],[-49.5853486,-23.890429],[-49.6024638,-23.8682819],[-49.5997181,-23.8570897],[-49.6107365,-23.8516949],[-49.5954818,-23.8467992],[-49.6080379,-23.8393796],[-49.5866731,-23.8422604],[-49.5930077,-23.830302],[-49.5624279,-23.8184852],[-49.5596818,-23.7936084],[-49.5365116,-23.7936624],[-49.5199332,-23.8067534],[-49.5033147,-23.7995035],[-49.5086839,-23.7861362],[-49.4988154,-23.7887228],[-49.4706851,-23.7709084],[-49.4185142,-23.7851947],[-49.3832406,-23.7585625],[-49.3808935,-23.7727016],[-49.3662522,-23.7597502],[-49.3576208,-23.761073],[-49.3628464,-23.7703686],[-49.3336063,-23.7819629],[-49.3422103,-23.7840639],[-49.3283983,-23.7897054],[-49.319984,-23.8096593],[-49.3034717,-23.8194841]]]}},{"type":"Feature","properties":{"level":"municipio","municipality_code":"3544251","municipality_name":"Rosana","uf":"SP","state_code":"35","area_km2":744.011},"geometry":{"type":"Polygon","coordinates":[[[-52.6788776,-22.4546945],[-52.7323198,-22.5246652],[-52.7643106,-22.6086369],[-52.8154397,-22.5970432],[-52.8583628,-22.608001],[-52.9247426,-22.565624],[-52.9848585,-22.5763497],[-53.0747239,-22.6413404],[-53.0877869,-22.6584449],[-53.1090472,-22.6141875],[-53.1078623,-22.5955115],[-53.0815284,-22.5571377],[-53.0580024,-22.53693],[-53.0143612,-22.5206658],[-52.9985791,-22.4931813],[-52.8578427,-22.4414827],[-52.7983309,-22.3782734],[-52.6951341,-22.3146106],[-52.6553386,-22.3031441],[-52.6477528,-22.3757365],[-52.6306694,-22.3961855],[-52.6116218,-22.4019532],[-52.6338148,-22.4310655],[-52.6788776,-22.4546945]]]}},{"type":"Feature","properties":{"level":"municipio","municipality_code":"3544301","municipality_name":"Roseira","uf":"SP","state_code":"35","area_km2":129.847},"geometry":{"type":"Polygon","coordinates":[[[-45.3341216,-22.9165677],[-45.3511388,-22.8691008],[-45.3161279,-22.8567393],[-45.3219104,-22.8501427],[-45.3113193,-22.8378999],[-45.2780627,-22.8520178],[-45.2816762,-22.8592141],[-45.269611,-22.8749595],[-45.2707693,-22.8866335],[-45.2549923,-22.8965662],[-45.2753864,-22.9128237],[-45.267884,-22.9254377],[-45.2770134,-22.9292466],[-45.279021,-22.9411615],[-45.2578305,-23.0108794],[-45.2942232,-23.0270804],[-45.3276582,-23.0163164],[-45.334189,-22.9937713],[-45.3212599,-22.9756513],[-45.3388029,-22.9449243],[-45.3341216,-22.9165677]]]}},{"type":"Feature","properties":{"level":"municipio","municipality_code":"3544509","municipality_name":"Rubinéia","uf":"SP","state_code":"35","area_km2":242.877},"geometry":{"type":"Polygon","coordinates":[[[-50.9735517,-20.1600703],[-50.9775325,-20.2275642],[-51.012209,-20.25034],[-51.0256295,-20.2782149],[-51.0095954,-20.300507],[-51.0107958,-20.3216949],[-50.9703997,-20.4032677],[-50.990837,-20.431723],[-50.9986845,-20.41429],[-51.0155804,-20.4047325],[-51.0210007,-20.3854546],[-51.078922,-20.328211],[-51.094402,-20.285407],[-51.1093896,-20.2800922],[-51.0589327,-20.2351607],[-51.0011911,-20.0963348],[-50.9183492,-20.1305114],[-50.9515826,-20.1584818],[-50.9735517,-20.1600703]]]}},{"type":"Feature","properties":{"level":"municipio","municipality_code":"3544400","municipality_name":"Rubiácea","uf":"SP","state_code":"35","area_km2":236.484},"geometry":{"type":"Polygon","coordinates":[[[-50.6976601,-21.256076],[-50.6957352,-21.3313279],[-50.7179998,-21.3524498],[-50.7156975,-21.3769718],[-50.7594511,-21.3890124],[-50.7963779,-21.4404472],[-50.8385382,-21.4511701],[-50.8736263,-21.4891666],[-50.9039921,-21.4856841],[-50.9051362,-21.470517],[-50.9201691,-21.4606784],[-50.9160192,-21.4542669],[-50.9234623,-21.4387113],[-50.9061215,-21.4372427],[-50.8967749,-21.4259443],[-50.8749224,-21.4281621],[-50.8538087,-21.4007367],[-50.8302645,-21.393352],[-50.8197758,-21.3747649],[-50.803545,-21.3706538],[-50.7982124,-21.3433694],[-50.7687423,-21.2922487],[-50.7673901,-21.2864719],[-50.7776178,-21.2937538],[-50.7832989,-21.2824787],[-50.7701146,-21.2331444],[-50.7458938,-21.2177841],[-50.7359522,-21.1990481],[-50.7286367,-21.2083643],[-50.7306024,-21.2246859],[-50.7412097,-21.2281708],[-50.7523661,-21.2463139],[-50.753876,-21.2635876],[-50.7225401,-21.2475103],[-50.6976601,-21.256076]]]}},{"type":"Feature","properties":{"level":"municipio","municipality_code":"3544608","municipality_name":"Sabino","uf":"SP","state_code":"35","area_km2":305.285},"geometry":{"type":"Polygon","coordinates":[[[-49.5769703,-21.5327368],[-49.6364376,-21.484072],[-49.6365953,-21.4609957],[-49.6726904,-21.4342733],[-49.6710607,-21.4241398],[-49.6845869,-21.4207063],[-49.6964141,-21.4044649],[-49.6850505,-21.3763234],[-49.6969952,-21.3626774],[-49.6855889,-21.3634921],[-49.6743056,-21.3500855],[-49.6284218,-21.3544337],[-49.5843542,-21.378509],[-49.4954782,-21.4941683],[-49.4454511,-21.5240685],[-49.4626484,-21.5514399],[-49.498992,-21.564793],[-49.4961906,-21.6078403],[-49.5057189,-21.6165515],[-49.5203493,-21.600908],[-49.5391118,-21.6004259],[-49.5491938,-21.5649395],[-49.5688931,-21.5547547],[-49.5769703,-21.5327368]]]}},{"type":"Feature","properties":{"level":"municipio","municipality_code":"3544707","municipality_name":"Sagres","uf":"SP","state_code":"35","area_km2":147.935},"geometry":{"type":"Polygon","coordinates":[[[-51.0835263,-21.8734213],[-51.0376613,-21.8443579],[-51.0260417,-21.8194711],[-51.008075,-21.8036681],[-50.9875134,-21.7998147],[-50.9040452,-21.8710815],[-50.9128562,-21.8894549],[-50.9595627,-21.9261835],[-51.0050565,-21.920301],[-51.0440099,-21.9015715],[-51.0529081,-21.8891067],[-51.0806458,-21.8829667],[-51.0835263,-21.8734213]]]}},{"type":"Feature","properties":{"level":"municipio","municipality_code":"3544806","municipality_name":"Sales","uf":"SP","state_code":"35","area_km2":308.555},"geometry":{"type":"Polygon","coordinates":[[[-49.5158504,-21.2291446],[-49.4164432,-21.3189812],[-49.3960324,-21.3712282],[-49.420868,-21.3855169],[-49.4425779,-21.4290617],[-49.463903,-21.431353],[-49.4716275,-21.4435965],[-49.4911396,-21.4353946],[-49.5144192,-21.4401535],[-49.5202555,-21.4482096],[-49.5608418,-21.4136051],[-49.5843542,-21.378509],[-49.6284218,-21.3544337],[-49.5851768,-21.360661],[-49.5903203,-21.3419411],[-49.5802095,-21.3294101],[-49.5839215,-21.3043291],[-49.567578,-21.2888608],[-49.5716935,-21.2679326],[-49.5587941,-21.2701217],[-49.5597244,-21.2612931],[-49.5482376,-21.2625498],[-49.5282556,-21.2288656],[-49.5158504,-21.2291446]]]}},{"type":"Feature","properties":{"level":"municipio","municipality_code":"3544905","municipality_name":"Sales Oliveira","uf":"SP","state_code":"35","area_km2":305.776},"geometry":{"type":"Polygon","coordinates":[[[-47.7918004,-20.7492463],[-47.7824289,-20.7783018],[-47.7552417,-20.7867094],[-47.7181563,-20.8153417],[-47.7497555,-20.8456025],[-47.7729836,-20.8557516],[-47.7869128,-20.8798938],[-47.7797464,-20.8944378],[-47.7960997,-20.8997594],[-47.7991895,-20.8897696],[-47.8088856,-20.8904961],[-47.8401088,-20.9106976],[-47.8705861,-20.8945375],[-47.8896356,-20.9098671],[-47.9032665,-20.8908836],[-47.9227152,-20.882952],[-47.9397182,-20.8999467],[-47.9853687,-20.8763699],[-47.9824973,-20.8506743],[-47.9619919,-20.8143594],[-47.9383043,-20.8012555],[-47.8976768,-20.7953285],[-47.8971437,-20.7711135],[-47.876176,-20.7771609],[-47.8673047,-20.7575269],[-47.8460817,-20.7439259],[-47.8341655,-20.7484904],[-47.8152677,-20.7396466],[-47.7918004,-20.7492463]]]}},{"type":"Feature","properties":{"level":"municipio","municipality_code":"3545001","municipality_name":"Salesópolis","uf":"SP","state_code":"35","area_km2":424.997},"geometry":{"type":"Polygon","coordinates":[[[-45.9284097,-23.637454],[-45.960205,-23.6334501],[-45.9316787,-23.6112943],[-45.9308226,-23.5929296],[-45.9450078,-23.5815942],[-45.9652483,-23.5808013],[-45.96519,-23.54398],[-45.988825,-23.537629],[-45.981101,-23.529448],[-45.992664,-23.519916],[-45.9619131,-23.4970512],[-45.9393777,-23.4943655],[-45.9031305,-23.5050838],[-45.8402627,-23.4721117],[-45.8133395,-23.4996701],[-45.7952041,-23.4912151],[-45.7880148,-23.4935847],[-45.7884429,-23.5091507],[-45.756027,-23.5111595],[-45.7619432,-23.5184805],[-45.7460907,-23.5398288],[-45.7461274,-23.5661283],[-45.730937,-23.5744871],[-45.7437527,-23.6020893],[-45.7239168,-23.598178],[-45.7153279,-23.608783],[-45.7057963,-23.6016762],[-45.6948141,-23.6308281],[-45.7416925,-23.6681687],[-45.763488,-23.671053],[-45.778017,-23.683088],[-45.830231,-23.67475],[-45.838004,-23.669133],[-45.831143,-23.651562],[-45.845377,-23.643535],[-45.857677,-23.655257],[-45.899555,-23.655856],[-45.916139,-23.666904],[-45.9217065,-23.6558449],[-45.9383005,-23.6582281],[-45.9284097,-23.637454]]]}},{"type":"Feature","properties":{"level":"municipio","municipality_code":"3545100","municipality_name":"Salmourão","uf":"SP","state_code":"35","area_km2":172.934},"geometry":{"type":"Polygon","coordinates":[[[-50.8736263,-21.4891666],[-50.8644437,-21.5088612],[-50.8726849,-21.5141699],[-50.8704882,-21.5238862],[-50.81586,-21.5398865],[-50.8154091,-21.554272],[-50.8221753,-21.5575645],[-50.8154294,-21.5640206],[-50.8118546,-21.5557425],[-50.8091653,-21.5560298],[-50.809242,-21.5723723],[-50.8233323,-21.6178295],[-50.860294,-21.6491916],[-50.8577923,-21.6879219],[-50.8674164,-21.679896],[-50.8799675,-21.6894171],[-50.9223411,-21.6596668],[-50.9165619,-21.643241],[-50.9281591,-21.6071915],[-50.9206401,-21.5758413],[-50.9400507,-21.5589552],[-50.9240174,-21.5416134],[-50.9107779,-21.541891],[-50.9163295,-21.5326732],[-50.8940951,-21.4863814],[-50.8736263,-21.4891666]]]}},{"type":"Feature","properties":{"level":"municipio","municipality_code":"3545159","municipality_name":"Saltinho","uf":"SP","state_code":"35","area_km2":99.738},"geometry":{"type":"Polygon","coordinates":[[[-47.667678,-22.7993838],[-47.6734627,-22.8563323],[-47.6637623,-22.8752977],[-47.6838507,-22.8756119],[-47.710925,-22.8887704],[-47.7093471,-22.9065455],[-47.7225768,-22.9197056],[-47.7225267,-22.9332349],[-47.7471606,-22.932139],[-47.7602476,-22.922151],[-47.7633276,-22.9039959],[-47.8069049,-22.876904],[-47.789058,-22.8439897],[-47.7737993,-22.84857],[-47.7468841,-22.8290414],[-47.7175692,-22.8475076],[-47.6988821,-22.8368897],[-47.6751955,-22.802826],[-47.667678,-22.7993838]]]}},{"type":"Feature","properties":{"level":"municipio","municipality_code":"3545209","municipality_name":"Salto","uf":"SP","state_code":"35","area_km2":133.057},"geometry":{"type":"Polygon","coordinates":[[[-47.2600835,-23.2370903],[-47.30921,-23.223391],[-47.325967,-23.234169],[-47.34376,-23.21432],[-47.344137,-23.199057],[-47.361042,-23.193594],[-47.363412,-23.181077],[-47.389562,-23.154664],[-47.35511,-23.136259],[-47.349642,-23.117754],[-47.3387,-23.110907],[-47.320776,-23.124363],[-47.300718,-23.112773],[-47.305624,-23.133952],[-47.29231,-23.155982],[-47.260271,-23.146819],[-47.257563,-23.169052],[-47.245354,-23.182815],[-47.195376,-23.186159],[-47.211596,-23.189856],[-47.240671,-23.217379],[-47.243817,-23.230131],[-47.257398,-23.229999],[-47.2600835,-23.2370903]]]}},{"type":"Feature","properties":{"level":"municipio","municipality_code":"3545407","municipality_name":"Salto Grande","uf":"SP","state_code":"35","area_km2":188.441},"geometry":{"type":"Polygon","coordinates":[[[-49.9715647,-22.9586208],[-49.9613778,-22.930863],[-49.9752097,-22.9044947],[-49.989483,-22.8967392],[-49.9980785,-22.9002349],[-49.9904092,-22.9252112],[-50.0016309,-22.9293526],[-50.014634,-22.9112505],[-50.0528432,-22.9055146],[-50.0566492,-22.8945979],[-50.0371505,-22.8742074],[-50.0322982,-22.8419669],[-50.0153102,-22.8146049],[-50.0047511,-22.812146],[-50.0061426,-22.7851367],[-50.0012928,-22.7977879],[-49.9951457,-22.794299],[-49.9680796,-22.8141784],[-49.9490077,-22.8114558],[-49.9386014,-22.8330561],[-49.9071306,-22.8153142],[-49.885884,-22.8144618],[-49.8813557,-22.8217093],[-49.8895165,-22.856415],[-49.8781894,-22.8752099],[-49.8887162,-22.8833552],[-49.8906715,-22.9123576],[-49.9207134,-22.9307119],[-49.9333199,-22.9299251],[-49.9523111,-22.9563224],[-49.9715647,-22.9586208]]]}},{"type":"Feature","properties":{"level":"municipio","municipality_code":"3545308","municipality_name":"Salto de Pirapora","uf":"SP","state_code":"35","area_km2":280.412},"geometry":{"type":"Polygon","coordinates":[[[-47.5294144,-23.5875494],[-47.492521,-23.5841683],[-47.493526,-23.6071412],[-47.4667506,-23.624166],[-47.4971223,-23.6578107],[-47.4873263,-23.6846368],[-47.5147734,-23.7054438],[-47.5257202,-23.7023084],[-47.5251215,-23.7150834],[-47.5413122,-23.7223197],[-47.5749341,-23.7137842],[-47.5886198,-23.7288027],[-47.5779068,-23.7570267],[-47.6187456,-23.7567329],[-47.6192968,-23.7383032],[-47.6297913,-23.7305566],[-47.6331258,-23.7073083],[-47.6445966,-23.6996716],[-47.6462807,-23.6785838],[-47.6817381,-23.6920379],[-47.6853017,-23.662221],[-47.6795445,-23.6485851],[-47.6876092,-23.6377255],[-47.7064656,-23.6345714],[-47.7038633,-23.6269849],[-47.6898918,-23.624028],[-47.6672746,-23.6308382],[-47.6560691,-23.6178124],[-47.6414711,-23.6159194],[-47.6413581,-23.5832468],[-47.6300818,-23.5653651],[-47.5970573,-23.5828205],[-47.579403,-23.5850676],[-47.5565269,-23.5735229],[-47.5362517,-23.5783735],[-47.5294144,-23.5875494]]]}},{"type":"Feature","properties":{"level":"municipio","municipality_code":"3545506","municipality_name":"Sandovalina","uf":"SP","state_code":"35","area_km2":455.856},"geometry":{"type":"Polygon","coordinates":[[[-51.8787706,-22.4253051],[-51.862969,-22.4224749],[-51.8508999,-22.4071531],[-51.8390261,-22.3582259],[-51.8201008,-22.3531164],[-51.7894033,-22.3610187],[-51.7720979,-22.3216526],[-51.7479038,-22.3228493],[-51.7415287,-22.3454735],[-51.7121469,-22.3515192],[-51.7074434,-22.3812437],[-51.7193494,-22.4011992],[-51.7293174,-22.4030019],[-51.7233871,-22.4117995],[-51.7304721,-22.4204092],[-51.7292177,-22.4497287],[-51.7439248,-22.4541244],[-51.7581037,-22.4894483],[-51.7740016,-22.4979061],[-51.7713079,-22.511816],[-51.7830735,-22.5280249],[-51.7841055,-22.5464404],[-51.8093721,-22.5617129],[-51.8277462,-22.5632139],[-51.8222807,-22.5724139],[-51.8270593,-22.5906401],[-51.8483142,-22.6089758],[-51.8901762,-22.6131685],[-51.9405126,-22.5673428],[-52.032924,-22.5391644],[-52.0170651,-22.5021431],[-51.9821032,-22.5036289],[-51.975287,-22.513741],[-51.9451739,-22.5131307],[-51.9147399,-22.4866556],[-51.8787706,-22.4253051]]]}},{"type":"Feature","properties":{"level":"municipio","municipality_code":"3545605","municipality_name":"Santa Adélia","uf":"SP","state_code":"35","area_km2":330.269},"geometry":{"type":"Polygon","coordinates":[[[-48.8344535,-21.3933532],[-48.8766187,-21.3934079],[-48.9151054,-21.3572733],[-48.9232505,-21.3452102],[-48.9155202,-21.3258496],[-48.9238422,-21.303237],[-48.8995138,-21.2629228],[-48.874408,-21.2618656],[-48.8712046,-21.2705258],[-48.8474897,-21.2371218],[-48.8596141,-21.2286036],[-48.8505839,-21.2200277],[-48.8254177,-21.2222322],[-48.8132328,-21.2144488],[-48.7840364,-21.2242853],[-48.7594702,-21.2188503],[-48.7607425,-21.2408095],[-48.7418332,-21.2447276],[-48.7434229,-21.2531774],[-48.7341871,-21.2609802],[-48.7309182,-21.3160444],[-48.7470625,-21.3581457],[-48.7451251,-21.392425],[-48.753992,-21.4203746],[-48.7748725,-21.42738],[-48.7942132,-21.4087816],[-48.814159,-21.4116336],[-48.8344535,-21.3933532]]]}},{"type":"Feature","properties":{"level":"municipio","municipality_code":"3545704","municipality_name":"Santa Albertina","uf":"SP","state_code":"35","area_km2":272.692},"geometry":{"type":"Polygon","coordinates":[[[-50.7462883,-20.1312231],[-50.739436,-20.1145393],[-50.7620475,-20.0809111],[-50.7672821,-20.0501486],[-50.7925561,-20.0282509],[-50.8108628,-19.9855702],[-50.8440838,-19.9676477],[-50.7836015,-19.9372295],[-50.6864112,-19.9161572],[-50.6656877,-19.948535],[-50.6660142,-19.9834082],[-50.6562241,-19.9944791],[-50.6512209,-19.9912021],[-50.6494191,-20.0151729],[-50.6581185,-20.0252628],[-50.6638075,-20.0628264],[-50.6748853,-20.0720143],[-50.6729052,-20.0872457],[-50.7016058,-20.119843],[-50.7069702,-20.1387578],[-50.7152239,-20.1480438],[-50.7462883,-20.1312231]]]}},{"type":"Feature","properties":{"level":"municipio","municipality_code":"3546009","municipality_name":"Santa Branca","uf":"SP","state_code":"35","area_km2":272.238},"geometry":{"type":"Polygon","coordinates":[[[-45.879561,-23.367169],[-45.860622,-23.374579],[-45.856652,-23.355962],[-45.845173,-23.35585],[-45.838604,-23.335353],[-45.82431,-23.347279],[-45.814597,-23.337228],[-45.804031,-23.340723],[-45.80304,-23.329389],[-45.7823322,-23.3555694],[-45.7869616,-23.3708804],[-45.7563544,-23.3750048],[-45.7623147,-23.4020463],[-45.7867339,-23.4200431],[-45.7635949,-23.4347561],[-45.7885564,-23.4681763],[-45.7770214,-23.4829685],[-45.8129546,-23.4997406],[-45.8402627,-23.4721117],[-45.9040639,-23.5053104],[-45.9393777,-23.4943655],[-45.961241,-23.4986482],[-45.956984,-23.4888292],[-45.9683534,-23.4754522],[-45.9569044,-23.4686072],[-45.9518646,-23.4513502],[-45.9670468,-23.4273669],[-45.9873849,-23.419776],[-45.980677,-23.405937],[-45.945417,-23.38915],[-45.931847,-23.396774],[-45.930013,-23.382274],[-45.917773,-23.391833],[-45.930175,-23.366212],[-45.895677,-23.393713],[-45.900501,-23.368917],[-45.883691,-23.375724],[-45.879561,-23.367169]]]}},{"type":"Feature","properties":{"level":"municipio","municipality_code":"3545803","municipality_name":"Santa Bárbara d'Oeste","uf":"SP","state_code":"35","area_km2":271.03},"geometry":{"type":"Polygon","coordinates":[[[-47.3784248,-22.7098136],[-47.367954,-22.707983],[-47.354859,-22.7348188],[-47.3621011,-22.7518275],[-47.3512013,-22.7850318],[-47.3698843,-22.8446911],[-47.3419265,-22.8604193],[-47.3796504,-22.8787169],[-47.3962098,-22.904528],[-47.4118492,-22.9082659],[-47.4416721,-22.8886813],[-47.449929,-22.8709491],[-47.4488882,-22.8457669],[-47.4772878,-22.8596996],[-47.4852128,-22.8496869],[-47.5193971,-22.854415],[-47.530549,-22.8456833],[-47.5052492,-22.7858184],[-47.496479,-22.7821305],[-47.4929628,-22.7534659],[-47.5104169,-22.7366441],[-47.5038838,-22.7303256],[-47.49046,-22.7242852],[-47.474296,-22.7383149],[-47.4316001,-22.7119587],[-47.4120013,-22.7149336],[-47.3880621,-22.6992704],[-47.3784248,-22.7098136]]]}},{"type":"Feature","properties":{"level":"municipio","municipality_code":"3546108","municipality_name":"Santa Clara d'Oeste","uf":"SP","state_code":"35","area_km2":183.458},"geometry":{"type":"Polygon","coordinates":[[[-50.9107454,-20.1382991],[-50.9280816,-20.1237361],[-51.0011911,-20.0963348],[-51.000475,-20.0853844],[-50.9658345,-20.0335907],[-50.9470541,-20.0312523],[-50.9081347,-19.9942574],[-50.8859988,-19.9903894],[-50.8417607,-20.0242507],[-50.8252694,-20.0532042],[-50.8547495,-20.1008937],[-50.8630468,-20.0970292],[-50.8694204,-20.1306553],[-50.9107454,-20.1382991]]]}},{"type":"Feature","properties":{"level":"municipio","municipality_code":"3546207","municipality_name":"Santa Cruz da Conceição","uf":"SP","state_code":"35","area_km2":150.13},"geometry":{"type":"Polygon","coordinates":[[[-47.5014131,-22.0875006],[-47.4528397,-22.0820156],[-47.442046,-22.0635816],[-47.3996666,-22.0848817],[-47.4200627,-22.1444538],[-47.4569199,-22.1670158],[-47.4622992,-22.1829589],[-47.4914238,-22.1868778],[-47.4914607,-22.1601334],[-47.5128896,-22.1633193],[-47.5271285,-22.1756056],[-47.5434478,-22.1711059],[-47.5762394,-22.0863214],[-47.5668766,-22.0819455],[-47.5527118,-22.0885265],[-47.5222537,-22.0720051],[-47.5014131,-22.0875006]]]}},{"type":"Feature","properties":{"level":"municipio","municipality_code":"3546256","municipality_name":"Santa Cruz da Esperança","uf":"SP","state_code":"35","area_km2":148.062},"geometry":{"type":"Polygon","coordinates":[[[-47.4813123,-21.2922982],[-47.4763073,-21.2864002],[-47.4824877,-21.2723815],[-47.49125,-21.2631688],[-47.4981405,-21.2684294],[-47.4952713,-21.2467866],[-47.484353,-21.2430707],[-47.5025434,-21.240918],[-47.5103319,-21.2321896],[-47.5038914,-21.2256805],[-47.5170209,-21.225665],[-47.5070561,-21.2200946],[-47.5064216,-21.2082678],[-47.4997417,-21.2143565],[-47.4699315,-21.2039882],[-47.4522736,-21.2218644],[-47.4214952,-21.2250564],[-47.4195216,-21.2165062],[-47.4141753,-21.220026],[-47.4025555,-21.2107166],[-47.37495,-21.2657414],[-47.3978891,-21.2734593],[-47.4039843,-21.2907544],[-47.3759518,-21.2870686],[-47.3678094,-21.2962959],[-47.4215824,-21.3483602],[-47.4410285,-21.3455439],[-47.4480186,-21.3692429],[-47.458761,-21.367001],[-47.4582882,-21.3528458],[-47.4799835,-21.3154996],[-47.4750531,-21.3002949],[-47.4813123,-21.2922982]]]}},{"type":"Feature","properties":{"level":"municipio","municipality_code":"3546306","municipality_name":"Santa Cruz das Palmeiras","uf":"SP","state_code":"35","area_km2":295.337},"geometry":{"type":"Polygon","coordinates":[[[-47.2821871,-21.9207911],[-47.2788627,-21.8767874],[-47.2856866,-21.8674336],[-47.3092579,-21.8730872],[-47.3236662,-21.8610943],[-47.3320042,-21.8424948],[-47.3430735,-21.8398669],[-47.3351106,-21.8142571],[-47.3468981,-21.8065311],[-47.3342805,-21.7762264],[-47.3124366,-21.7736398],[-47.2789375,-21.7417047],[-47.2546847,-21.744681],[-47.2398657,-21.7582438],[-47.2112622,-21.7561329],[-47.1947488,-21.7836378],[-47.1984052,-21.7921993],[-47.1862019,-21.7909635],[-47.1854714,-21.8474789],[-47.1937074,-21.8589891],[-47.187541,-21.8766364],[-47.1984595,-21.9076497],[-47.1598902,-21.9534732],[-47.1828328,-21.9564621],[-47.1951902,-21.9782582],[-47.209765,-21.9717521],[-47.219045,-21.9778617],[-47.2514493,-21.9651848],[-47.258714,-21.9758926],[-47.2642533,-21.9690109],[-47.2811058,-21.9696833],[-47.2934638,-21.9818727],[-47.2986799,-21.9704876],[-47.291169,-21.9595391],[-47.2665697,-21.9481221],[-47.2821871,-21.9207911]]]}},{"type":"Feature","properties":{"level":"municipio","municipality_code":"3546405","municipality_name":"Santa Cruz do Rio Pardo","uf":"SP","state_code":"35","area_km2":1114.747},"geometry":{"type":"Polygon","coordinates":[[[-49.6655125,-22.7640332],[-49.6436285,-22.7592432],[-49.6317269,-22.7394147],[-49.6368876,-22.7339532],[-49.6245012,-22.7308757],[-49.6179949,-22.7128397],[-49.6049391,-22.719458],[-49.5953969,-22.714347],[-49.60661,-22.7108753],[-49.6013318,-22.7027952],[-49.6093691,-22.6993387],[-49.5962761,-22.6690404],[-49.6007146,-22.6571688],[-49.5916921,-22.6503612],[-49.5924182,-22.6342165],[-49.5803802,-22.616504],[-49.5853909,-22.6039021],[-49.5677835,-22.5763439],[-49.55928,-22.5745597],[-49.5550062,-22.5589461],[-49.5409409,-22.5615015],[-49.5441928,-22.5493035],[-49.5247201,-22.534671],[-49.525642,-22.5226837],[-49.5063119,-22.5124009],[-49.4896875,-22.5418596],[-49.4518649,-22.5764498],[-49.4556402,-22.5864631],[-49.4723632,-22.5934819],[-49.477601,-22.6082152],[-49.4998367,-22.6116364],[-49.4947547,-22.6250117],[-49.5069031,-22.6430467],[-49.4980942,-22.6560546],[-49.5070281,-22.6842701],[-49.4987917,-22.7241965],[-49.3931382,-22.7429175],[-49.3798122,-22.7339279],[-49.3856966,-22.7629144],[-49.3758909,-22.7774519],[-49.3682353,-22.8188247],[-49.3782675,-22.8597431],[-49.3694983,-22.8748687],[-49.3695861,-22.8834325],[-49.3774693,-22.8912997],[-49.3953073,-22.8817726],[-49.4001981,-22.8915204],[-49.4081404,-22.8876678],[-49.4206285,-22.909674],[-49.4374584,-22.9047009],[-49.4606053,-22.9142767],[-49.4622391,-22.9068859],[-49.4797436,-22.900563],[-49.4929218,-22.910827],[-49.5173572,-22.9033085],[-49.5226256,-22.90747],[-49.5107943,-22.9508966],[-49.5181924,-22.9775459],[-49.5252708,-22.9679103],[-49.5568604,-22.9742518],[-49.562476,-22.9800766],[-49.5577465,-23.0001811],[-49.5857227,-22.99291],[-49.5949564,-22.9782276],[-49.6326437,-23.0021286],[-49.6513386,-22.9817591],[-49.6772898,-23.008748],[-49.6785064,-22.9809852],[-49.686261,-22.9709707],[-49.6821201,-22.9382671],[-49.6935223,-22.9348803],[-49.7041371,-22.953698],[-49.7191477,-22.9463276],[-49.7162859,-22.9396104],[-49.7267099,-22.9412062],[-49.7344955,-22.9468499],[-49.7266967,-22.9567442],[-49.7634474,-22.9699353],[-49.7627258,-22.8898983],[-49.7744972,-22.8893466],[-49.7808154,-22.8697258],[-49.7715852,-22.8529244],[-49.7787964,-22.8452526],[-49.7616232,-22.8327411],[-49.7604925,-22.8028516],[-49.7474545,-22.801344],[-49.7528021,-22.7972994],[-49.7447233,-22.7925133],[-49.7480721,-22.7814385],[-49.7409752,-22.7729893],[-49.7335181,-22.7732682],[-49.7329698,-22.7880799],[-49.7253319,-22.7904777],[-49.710507,-22.7773254],[-49.687241,-22.7832764],[-49.6772403,-22.7752295],[-49.6824984,-22.7667844],[-49.6751823,-22.758678],[-49.6655125,-22.7640332]]]}},{"type":"Feature","properties":{"level":"municipio","municipality_code":"3546504","municipality_name":"Santa Ernestina","uf":"SP","state_code":"35","area_km2":134.421},"geometry":{"type":"Polygon","coordinates":[[[-48.4270616,-21.434499],[-48.4021408,-21.4168834],[-48.4031078,-21.3986431],[-48.3715378,-21.4015457],[-48.3358396,-21.3852449],[-48.3371411,-21.4263545],[-48.2862354,-21.4365476],[-48.2825552,-21.4812972],[-48.3239513,-21.4844321],[-48.3304423,-21.493296],[-48.3514758,-21.4922814],[-48.3734022,-21.5054603],[-48.4073277,-21.4726882],[-48.4175521,-21.4729989],[-48.4241503,-21.4899603],[-48.4639379,-21.4897905],[-48.4596614,-21.4708048],[-48.4405234,-21.4606641],[-48.4270616,-21.434499]]]}},{"type":"Feature","properties":{"level":"municipio","municipality_code":"3546603","municipality_name":"Santa Fé do Sul","uf":"SP","state_code":"35","area_km2":206.537},"geometry":{"type":"Polygon","coordinates":[[[-50.948039,-20.1550312],[-50.920155,-20.130736],[-50.9078256,-20.1419082],[-50.8788224,-20.1295603],[-50.8711874,-20.1323839],[-50.8647611,-20.165836],[-50.916518,-20.231813],[-50.916942,-20.25023],[-50.93711,-20.282343],[-50.9321943,-20.318345],[-50.9469496,-20.3430108],[-50.9629975,-20.3464852],[-50.9763342,-20.3674605],[-50.9703997,-20.4032677],[-51.0107958,-20.3216949],[-51.0095954,-20.300507],[-51.0256295,-20.2782149],[-51.012209,-20.25034],[-50.9775325,-20.2275642],[-50.9735517,-20.1600703],[-50.948039,-20.1550312]]]}},{"type":"Feature","properties":{"level":"municipio","municipality_code":"3546702","municipality_name":"Santa Gertrudes","uf":"SP","state_code":"35","area_km2":98.291},"geometry":{"type":"Polygon","coordinates":[[[-47.5781537,-22.4708439],[-47.5309733,-22.4295141],[-47.5192719,-22.4342298],[-47.4897443,-22.4139579],[-47.4672702,-22.4132631],[-47.4633982,-22.4522489],[-47.4926016,-22.4820859],[-47.489384,-22.5238306],[-47.5073102,-22.5256801],[-47.5096743,-22.5349719],[-47.5258712,-22.5333693],[-47.5355239,-22.517511],[-47.5626522,-22.5265982],[-47.5786528,-22.5140653],[-47.5781537,-22.4708439]]]}},{"type":"Feature","properties":{"level":"municipio","municipality_code":"3546801","municipality_name":"Santa Isabel","uf":"SP","state_code":"35","area_km2":363.332},"geometry":{"type":"Polygon","coordinates":[[[-46.100655,-23.305558],[-46.1562067,-23.3398314],[-46.167422,-23.357831],[-46.180857,-23.356423],[-46.202915,-23.36792],[-46.219541,-23.385896],[-46.241113,-23.392549],[-46.245003,-23.407614],[-46.256206,-23.406249],[-46.294151,-23.369851],[-46.289858,-23.337197],[-46.2997933,-23.3240092],[-46.312873,-23.322097],[-46.335337,-23.334827],[-46.353794,-23.326697],[-46.364157,-23.274083],[-46.348066,-23.252645],[-46.329657,-23.246343],[-46.311501,-23.227427],[-46.307736,-23.198041],[-46.282202,-23.183444],[-46.268092,-23.190584],[-46.23554,-23.186641],[-46.198146,-23.208489],[-46.188671,-23.224632],[-46.153199,-23.235705],[-46.156941,-23.25492],[-46.145746,-23.256827],[-46.150958,-23.274343],[-46.136674,-23.287507],[-46.114168,-23.285402],[-46.113814,-23.299335],[-46.100655,-23.305558]]]}},{"type":"Feature","properties":{"level":"municipio","municipality_code":"3546900","municipality_name":"Santa Lúcia","uf":"SP","state_code":"35","area_km2":153.86},"geometry":{"type":"Polygon","coordinates":[[[-48.074299,-21.6387438],[-47.9976021,-21.6351387],[-47.9097949,-21.6781506],[-47.9299368,-21.6777476],[-47.943736,-21.6890367],[-48.0384705,-21.6949133],[-48.0953781,-21.7148225],[-48.1805287,-21.684124],[-48.1658684,-21.6650636],[-48.1698453,-21.6536413],[-48.1039231,-21.6432496],[-48.071816,-21.6158272],[-48.074299,-21.6387438]]]}},{"type":"Feature","properties":{"level":"municipio","municipality_code":"3547007","municipality_name":"Santa Maria da Serra","uf":"SP","state_code":"35","area_km2":252.621},"geometry":{"type":"Polygon","coordinates":[[[-48.1570605,-22.4890001],[-48.149463,-22.48101],[-48.131237,-22.50406],[-48.131729,-22.514244],[-48.141571,-22.519121],[-48.137782,-22.527972],[-48.12918,-22.522105],[-48.123411,-22.5292],[-48.125992,-22.490024],[-48.118935,-22.501294],[-48.105291,-22.49855],[-48.103133,-22.509299],[-48.09365,-22.498674],[-48.075004,-22.527639],[-48.0595112,-22.5133519],[-48.0645953,-22.5468671],[-48.0549575,-22.5606417],[-48.0707186,-22.5728497],[-48.0693935,-22.5960847],[-48.080629,-22.6193543],[-48.0710868,-22.644261],[-48.0949191,-22.6502146],[-48.0904106,-22.6304002],[-48.0963531,-22.6234237],[-48.1603772,-22.6378083],[-48.2104662,-22.6181138],[-48.2252197,-22.5942294],[-48.2351591,-22.5973817],[-48.242629,-22.6179213],[-48.2582829,-22.6121578],[-48.2614799,-22.6054322],[-48.2476859,-22.5774133],[-48.2603456,-22.5407707],[-48.2393837,-22.5202855],[-48.21696,-22.536449],[-48.218092,-22.51881],[-48.207267,-22.511739],[-48.20751,-22.502483],[-48.187817,-22.513836],[-48.188971,-22.486226],[-48.175206,-22.489608],[-48.174312,-22.499336],[-48.17276,-22.476057],[-48.158554,-22.479519],[-48.1570605,-22.4890001]]]}},{"type":"Feature","properties":{"level":"municipio","municipality_code":"3547106","municipality_name":"Santa Mercedes","uf":"SP","state_code":"35","area_km2":166.753},"geometry":{"type":"Polygon","coordinates":[[[-51.7967856,-21.3503364],[-51.7748448,-21.3110974],[-51.7809763,-21.3076336],[-51.7573117,-21.2881394],[-51.7931831,-21.2721302],[-51.7952181,-21.2641897],[-51.7712059,-21.2470908],[-51.7729856,-21.2374024],[-51.7499512,-21.2238441],[-51.7317465,-21.225117],[-51.7245353,-21.2417182],[-51.7035322,-21.2572787],[-51.7001491,-21.2751968],[-51.6832309,-21.2836638],[-51.6739742,-21.3151226],[-51.677236,-21.3572459],[-51.7055513,-21.3731494],[-51.723182,-21.3951698],[-51.7749264,-21.388904],[-51.808676,-21.3747577],[-51.7919531,-21.3587689],[-51.7967856,-21.3503364]]]}},{"type":"Feature","properties":{"level":"municipio","municipality_code":"3547403","municipality_name":"Santa Rita d'Oeste","uf":"SP","state_code":"35","area_km2":209.8},"geometry":{"type":"Polygon","coordinates":[[[-50.8252694,-20.0532042],[-50.8417607,-20.0242507],[-50.8857499,-19.993765],[-50.8459666,-19.968061],[-50.8018538,-19.9971993],[-50.7973575,-20.0196827],[-50.7672821,-20.0501486],[-50.7620475,-20.0809111],[-50.7390529,-20.1173768],[-50.7487117,-20.1568186],[-50.7595041,-20.1653146],[-50.79938,-20.1632808],[-50.8115692,-20.1842169],[-50.8067794,-20.2100333],[-50.8213275,-20.2170454],[-50.8613871,-20.1755419],[-50.8732227,-20.1420525],[-50.8630468,-20.0970292],[-50.8547495,-20.1008937],[-50.8252694,-20.0532042]]]}},{"type":"Feature","properties":{"level":"municipio","municipality_code":"3547502","municipality_name":"Santa Rita do Passa Quatro","uf":"SP","state_code":"35","area_km2":754.141},"geometry":{"type":"Polygon","coordinates":[[[-47.3373185,-21.6874385],[-47.3233909,-21.7150052],[-47.3302177,-21.7269112],[-47.3036808,-21.7373111],[-47.2932941,-21.7573556],[-47.3124366,-21.7736398],[-47.3342805,-21.7762264],[-47.3468981,-21.8065311],[-47.3668468,-21.7787012],[-47.394305,-21.7673236],[-47.4090264,-21.7709233],[-47.4248063,-21.7556969],[-47.4437535,-21.7651608],[-47.440525,-21.7851285],[-47.4510961,-21.7811727],[-47.4740613,-21.7926424],[-47.4826971,-21.789564],[-47.5107459,-21.8081911],[-47.5305229,-21.7979241],[-47.5428346,-21.8020927],[-47.5698608,-21.7843349],[-47.587173,-21.7349094],[-47.6157357,-21.7434446],[-47.6145602,-21.7512275],[-47.6397464,-21.7248706],[-47.6473168,-21.7372218],[-47.6671571,-21.7426131],[-47.6786319,-21.7330648],[-47.6804848,-21.7162333],[-47.7052003,-21.7206835],[-47.7241394,-21.7062482],[-47.7119629,-21.6836595],[-47.6940111,-21.6757757],[-47.6789584,-21.6570757],[-47.6780368,-21.6116692],[-47.6672434,-21.6007266],[-47.6078397,-21.5825348],[-47.5994881,-21.5467725],[-47.5711549,-21.5589283],[-47.5442632,-21.5513667],[-47.5306829,-21.5654668],[-47.5117296,-21.561912],[-47.450366,-21.5770431],[-47.4389822,-21.5938618],[-47.4414823,-21.6131316],[-47.4128491,-21.6025509],[-47.3806019,-21.6498117],[-47.3421613,-21.6422103],[-47.3243496,-21.6476661],[-47.3268131,-21.6686891],[-47.3373384,-21.6678389],[-47.3373185,-21.6874385]]]}},{"type":"Feature","properties":{"level":"municipio","municipality_code":"3547601","municipality_name":"Santa Rosa de Viterbo","uf":"SP","state_code":"35","area_km2":288.576},"geometry":{"type":"Polygon","coordinates":[[[-47.3658483,-21.3983153],[-47.3036288,-21.4376299],[-47.3065625,-21.4619064],[-47.2947265,-21.4465493],[-47.2638935,-21.4519369],[-47.2787183,-21.4684323],[-47.2819087,-21.5437613],[-47.2896742,-21.5532633],[-47.3054546,-21.5507976],[-47.3316255,-21.564265],[-47.350315,-21.5644569],[-47.3642764,-21.5936931],[-47.3992252,-21.6137409],[-47.4247364,-21.6017423],[-47.4414823,-21.6131316],[-47.4471791,-21.5606586],[-47.4266085,-21.5277944],[-47.4446961,-21.4953942],[-47.4302485,-21.450215],[-47.4121886,-21.4377447],[-47.387738,-21.3954384],[-47.3658483,-21.3983153]]]}},{"type":"Feature","properties":{"level":"municipio","municipality_code":"3547650","municipality_name":"Santa Salete","uf":"SP","state_code":"35","area_km2":79.192},"geometry":{"type":"Polygon","coordinates":[[[-50.7588015,-20.2593901],[-50.7485436,-20.2343384],[-50.7283949,-20.2287428],[-50.7204006,-20.2051523],[-50.6833668,-20.1933078],[-50.6806632,-20.2114952],[-50.6681767,-20.2225699],[-50.6713031,-20.253671],[-50.733928,-20.303032],[-50.7414365,-20.3241163],[-50.7834278,-20.3369072],[-50.7546651,-20.2971643],[-50.7588015,-20.2593901]]]}},{"type":"Feature","properties":{"level":"municipio","municipality_code":"3547205","municipality_name":"Santana da Ponte Pensa","uf":"SP","state_code":"35","area_km2":129.888},"geometry":{"type":"Polygon","coordinates":[[[-50.8253997,-20.2409845],[-50.8228872,-20.2166865],[-50.8067794,-20.2100333],[-50.8115692,-20.1842169],[-50.79938,-20.1632808],[-50.7595041,-20.1653146],[-50.7670526,-20.2165928],[-50.7823734,-20.2332929],[-50.7485436,-20.2343384],[-50.7588015,-20.2593901],[-50.7541318,-20.2946374],[-50.782216,-20.335159],[-50.8113272,-20.3391094],[-50.8582457,-20.3132978],[-50.8590274,-20.3011397],[-50.8374697,-20.2828546],[-50.8412692,-20.2682884],[-50.8253997,-20.2409845]]]}},{"type":"Feature","properties":{"level":"municipio","municipality_code":"3547304","municipality_name":"Santana de Parnaíba","uf":"SP","state_code":"35","area_km2":179.949},"geometry":{"type":"Polygon","coordinates":[[[-47.00087285602123,-23.50566143961497],[-47.017917,-23.483252],[-47.010532,-23.445723],[-47.037523,-23.435569],[-46.985249,-23.433087],[-46.970943,-23.425477],[-46.964682,-23.411259],[-46.951215,-23.409045],[-46.944422,-23.401132],[-46.9554623,-23.3967667],[-46.9356602,-23.3850638],[-46.9134837,-23.3866386],[-46.9026894,-23.3997227],[-46.8800042,-23.3962005],[-46.867261,-23.404947],[-46.8690249,-23.4156307],[-46.832122,-23.4302297],[-46.8234114,-23.4223041],[-46.800385,-23.468158],[-46.810568,-23.4855324],[-46.8776164,-23.4800808],[-46.8791709,-23.4708276],[-46.899495,-23.4914],[-46.953253,-23.483829],[-46.966267,-23.501425],[-47.00087285602123,-23.50566143961497]]]}},{"type":"Feature","properties":{"level":"municipio","municipality_code":"3547700","municipality_name":"Santo Anastácio","uf":"SP","state_code":"35","area_km2":552.876},"geometry":{"type":"Polygon","coordinates":[[[-51.6062831,-21.9729404],[-51.6011763,-22.0002936],[-51.6299042,-22.011748],[-51.6504369,-22.0309309],[-51.6579952,-22.0519231],[-51.6894707,-22.0599949],[-51.6904381,-22.070045],[-51.7320609,-22.100884],[-51.7184459,-22.1258491],[-51.6558865,-22.1653908],[-51.6384985,-22.1919152],[-51.6443624,-22.201778],[-51.6967116,-22.1929964],[-51.7195733,-22.1786026],[-51.7524913,-22.1723634],[-51.7669443,-22.1736089],[-51.7722397,-22.190835],[-51.8088116,-22.1766969],[-51.8224706,-22.1514082],[-51.8744039,-22.1772816],[-51.8782193,-22.1621924],[-51.8709236,-22.1464963],[-51.8844024,-22.1228455],[-51.8608413,-22.0510792],[-51.8654191,-22.0442296],[-51.8529127,-22.0418288],[-51.8302851,-22.0584219],[-51.8223721,-22.0500875],[-51.8117338,-22.051897],[-51.7889225,-22.0321687],[-51.773564,-22.0003914],[-51.7461425,-21.9907701],[-51.7361833,-21.9757277],[-51.7407202,-21.9497889],[-51.6781614,-21.8975281],[-51.6813331,-21.8655026],[-51.6683253,-21.8256037],[-51.6165286,-21.8714791],[-51.6070899,-21.9413798],[-51.5889713,-21.9189826],[-51.5908853,-21.9019908],[-51.5512163,-21.9069579],[-51.5734536,-21.9340753],[-51.5724789,-21.9489324],[-51.5846947,-21.9707832],[-51.6062831,-21.9729404]]]}},{"type":"Feature","properties":{"level":"municipio","municipality_code":"3547809","municipality_name":"Santo André","uf":"SP","state_code":"35","area_km2":175.782},"geometry":{"type":"Polygon","coordinates":[[[-46.517537,-23.742204],[-46.516763,-23.705362],[-46.553335,-23.68355],[-46.553212,-23.667263],[-46.5672136,-23.6501626],[-46.5516786,-23.6425345],[-46.546818,-23.605665],[-46.506231,-23.625781],[-46.484916,-23.623347],[-46.481491,-23.648272],[-46.49948,-23.656665],[-46.481017,-23.673674],[-46.491748,-23.708967],[-46.469239,-23.724841],[-46.471497,-23.73905],[-46.452896,-23.759049],[-46.457123,-23.7676],[-46.429792,-23.765307],[-46.425887,-23.774064],[-46.396672,-23.76766],[-46.361315,-23.750602],[-46.360784,-23.740171],[-46.34362,-23.738099],[-46.335785,-23.725519],[-46.317309,-23.736967],[-46.321705,-23.744731],[-46.294472,-23.748789],[-46.278391,-23.770307],[-46.316528,-23.801996],[-46.320324,-23.785135],[-46.338191,-23.781535],[-46.354444,-23.791472],[-46.372387,-23.789711],[-46.383397,-23.809644],[-46.41458,-23.815821],[-46.452753,-23.793132],[-46.498948,-23.746245],[-46.527816,-23.74861],[-46.517537,-23.742204]]]}},{"type":"Feature","properties":{"level":"municipio","municipality_code":"3547908","municipality_name":"Santo Antônio da Alegria","uf":"SP","state_code":"35","area_km2":310.311},"geometry":{"type":"Polygon","coordinates":[[[-47.1570299,-21.0188247],[-47.1422962,-21.0882358],[-47.1131514,-21.1049215],[-47.1335055,-21.1334556],[-47.1185995,-21.1490435],[-47.1236478,-21.1679094],[-47.1185293,-21.1859249],[-47.1402142,-21.1856612],[-47.147855,-21.1974025],[-47.1680286,-21.1929716],[-47.1885801,-21.2122636],[-47.2337023,-21.1943351],[-47.2307273,-21.1851119],[-47.2438536,-21.1593527],[-47.2646947,-21.1393907],[-47.2810538,-21.1399957],[-47.2916817,-21.1108301],[-47.3087524,-21.1018742],[-47.2702548,-21.0944941],[-47.2601666,-21.0755208],[-47.2233001,-21.0854507],[-47.2355944,-21.0669563],[-47.233668,-21.0413611],[-47.2538275,-21.0077185],[-47.2398061,-20.993743],[-47.2488748,-20.9902102],[-47.2371594,-20.9814501],[-47.2256722,-20.9833638],[-47.2155314,-20.9710341],[-47.1937041,-20.9688301],[-47.1812762,-20.9538101],[-47.1495699,-20.9699703],[-47.1437389,-20.9823857],[-47.1570299,-21.0188247]]]}},{"type":"Feature","properties":{"level":"municipio","municipality_code":"3548005","municipality_name":"Santo Antônio de Posse","uf":"SP","state_code":"35","area_km2":154.133},"geometry":{"type":"Polygon","coordinates":[[[-46.9387729,-22.6581763],[-46.9795238,-22.6543784],[-46.9868216,-22.6355695],[-47.0061022,-22.6341772],[-47.0137545,-22.6086559],[-47.0313979,-22.6189981],[-47.0482978,-22.5702618],[-47.0312354,-22.5747625],[-47.0234712,-22.5630226],[-47.0044635,-22.5630395],[-46.9870901,-22.5440847],[-46.9624459,-22.5518602],[-46.9522228,-22.5723364],[-46.9314974,-22.5620527],[-46.9195384,-22.5760861],[-46.8876191,-22.5463743],[-46.8716658,-22.5476409],[-46.8816112,-22.5805993],[-46.8695649,-22.5833599],[-46.8741827,-22.5874218],[-46.8635358,-22.6017022],[-46.8974287,-22.6248531],[-46.8979381,-22.6571214],[-46.9294556,-22.6740357],[-46.9311509,-22.68291],[-46.9441984,-22.6748195],[-46.9347597,-22.6652964],[-46.9387729,-22.6581763]]]}},{"type":"Feature","properties":{"level":"municipio","municipality_code":"3548054","municipality_name":"Santo Antônio do Aracanguá","uf":"SP","state_code":"35","area_km2":1308.432},"geometry":{"type":"Polygon","coordinates":[[[-50.4323557,-21.0319019],[-50.4619866,-21.0458972],[-50.523018,-21.0354701],[-50.5613304,-20.9856204],[-50.5784221,-20.9744852],[-50.6131419,-20.9685037],[-50.6343589,-20.9504603],[-50.6776213,-20.8923621],[-50.7650234,-20.8914542],[-50.8729455,-20.8268135],[-50.8262234,-20.7687547],[-50.7997726,-20.6713768],[-50.7793672,-20.6718742],[-50.7719719,-20.6828815],[-50.7509765,-20.6814095],[-50.7530562,-20.7059987],[-50.7438936,-20.7218918],[-50.722885,-20.7068468],[-50.6855468,-20.7077971],[-50.6811729,-20.7353357],[-50.6746861,-20.7387485],[-50.6579432,-20.7282202],[-50.6394756,-20.7426378],[-50.638675,-20.7620903],[-50.6035678,-20.7728938],[-50.5055827,-20.7616059],[-50.4567487,-20.7785965],[-50.449937,-20.8008697],[-50.4252462,-20.7964201],[-50.4116598,-20.8130674],[-50.3825218,-20.8101213],[-50.3708017,-20.8275866],[-50.3744128,-20.8536835],[-50.3508745,-20.8460949],[-50.3439663,-20.8551908],[-50.3378243,-20.8457275],[-50.3232394,-20.8727931],[-50.2757153,-20.8728167],[-50.262769,-20.9058311],[-50.2812629,-20.9282592],[-50.2808245,-20.9468463],[-50.2973378,-20.9757071],[-50.3017411,-21.002962],[-50.3232299,-21.0083903],[-50.3466817,-21.0427736],[-50.3728063,-21.0431708],[-50.3887471,-21.0653771],[-50.4323557,-21.0319019]]]}},{"type":"Feature","properties":{"level":"municipio","municipality_code":"3548104","municipality_name":"Santo Antônio do Jardim","uf":"SP","state_code":"35","area_km2":109.956},"geometry":{"type":"Polygon","coordinates":[[[-46.7234696,-22.1535704],[-46.733324,-22.1530609],[-46.7578009,-22.1127347],[-46.7442032,-22.0887315],[-46.7246036,-22.0837087],[-46.7008141,-22.0951969],[-46.646755,-22.0918932],[-46.6343404,-22.1076658],[-46.6227309,-22.1099309],[-46.6161159,-22.1306547],[-46.598617,-22.1352875],[-46.6130415,-22.1502525],[-46.6404581,-22.1577196],[-46.6462923,-22.1813219],[-46.6890852,-22.1712972],[-46.7120679,-22.1740439],[-46.7234696,-22.1535704]]]}},{"type":"Feature","properties":{"level":"municipio","municipality_code":"3548203","municipality_name":"Santo Antônio do Pinhal","uf":"SP","state_code":"35","area_km2":133.008},"geometry":{"type":"Polygon","coordinates":[[[-45.6876733,-22.7876974],[-45.6435091,-22.7859769],[-45.6401367,-22.7935626],[-45.6142515,-22.7971684],[-45.63081,-22.8186402],[-45.6334195,-22.8431353],[-45.6429785,-22.8452816],[-45.6516904,-22.8658877],[-45.7118244,-22.8891034],[-45.7396216,-22.889879],[-45.7565361,-22.8680404],[-45.7540678,-22.8476701],[-45.7587334,-22.8355213],[-45.7680281,-22.8359588],[-45.7709451,-22.8059268],[-45.7486445,-22.7922964],[-45.7417069,-22.8079167],[-45.7135809,-22.8147857],[-45.7299904,-22.7998432],[-45.7301863,-22.7893893],[-45.7106454,-22.7669627],[-45.6953995,-22.7737295],[-45.6876733,-22.7876974]]]}},{"type":"Feature","properties":{"level":"municipio","municipality_code":"3548302","municipality_name":"Santo Expedito","uf":"SP","state_code":"35","area_km2":94.465},"geometry":{"type":"Polygon","coordinates":[[[-51.4233246,-21.8769868],[-51.4174499,-21.8539548],[-51.3919803,-21.8152706],[-51.3948577,-21.7871317],[-51.3865073,-21.7607385],[-51.394554,-21.7447613],[-51.3740527,-21.740161],[-51.3635813,-21.7627201],[-51.3300871,-21.7915174],[-51.3351647,-21.8333112],[-51.325237,-21.8710491],[-51.3610717,-21.8808094],[-51.3775408,-21.8760944],[-51.38651,-21.8870623],[-51.4233246,-21.8769868]]]}},{"type":"Feature","properties":{"level":"municipio","municipality_code":"3548500","municipality_name":"Santos","uf":"SP","state_code":"35","area_km2":281.033},"geometry":{"type":"MultiPolygon","coordinates":[[[[-46.1629769,-24.3313187],[-46.1617641,-24.3280755],[-46.1607126,-24.32767],[-46.1629769,-24.3313187]]],[[[-46.1830183,-24.3214683],[-46.1804704,-24.3181885],[-46.1798233,-24.3182622],[-46.1830183,-24.3214683]]],[[[-46.3524765,-23.9749294],[-46.3534058,-23.973865],[-46.3514695,-23.9730755],[-46.3524765,-23.9749294]]],[[[-46.3496606,-23.971728],[-46.362389,-23.952633],[-46.3837535,-23.9492597],[-46.39173,-23.940878],[-46.386333,-23.932998],[-46.403067,-23.921584],[-46.3685997,-23.9123944],[-46.377276,-23.89265],[-46.3656,-23.851989],[-46.327832,-23.805448],[-46.273713,-23.76611],[-46.257983,-23.766186],[-46.239378,-23.735684],[-46.209753,-23.741989],[-46.202373,-23.7513],[-46.21536,-23.757043],[-46.220817,-23.77284],[-46.242633,-23.776155],[-46.234046,-23.787482],[-46.239858,-23.799592],[-46.209551,-23.813451],[-46.212287,-23.824692],[-46.238524,-23.8395],[-46.236388,-23.855504],[-46.215913,-23.859606],[-46.199411,-23.880287],[-46.178562,-23.882301],[-46.177804,-23.888888],[-46.205803,-23.914731],[-46.227744,-23.910184],[-46.242695,-23.924566],[-46.278726,-23.916677],[-46.309097,-23.922054],[-46.308479,-23.94931],[-46.289266,-23.977488],[-46.297463,-23.992172],[-46.3063263,-23.9930835],[-46.3255315,-23.9746589],[-46.3496606,-23.971728]]]]}},{"type":"Feature","properties":{"level":"municipio","municipality_code":"3548401","municipality_name":"Santópolis do Aguapeí","uf":"SP","state_code":"35","area_km2":128.026},"geometry":{"type":"Polygon","coordinates":[[[-50.5498664,-21.7025041],[-50.609866,-21.6553213],[-50.5856601,-21.6412142],[-50.5741535,-21.6470862],[-50.5591221,-21.6320605],[-50.5613088,-21.6157655],[-50.5497443,-21.6057584],[-50.5197155,-21.6187961],[-50.4659391,-21.6074239],[-50.462145,-21.6449931],[-50.4439241,-21.6580048],[-50.4432025,-21.6815538],[-50.4643881,-21.688153],[-50.4641169,-21.7064889],[-50.4848274,-21.7023299],[-50.496467,-21.7153906],[-50.5111642,-21.7031986],[-50.5162834,-21.7103072],[-50.5377685,-21.6995179],[-50.5498664,-21.7025041]]]}},{"type":"Feature","properties":{"level":"municipio","municipality_code":"3551108","municipality_name":"Sarapuí","uf":"SP","state_code":"35","area_km2":352.592},"geometry":{"type":"Polygon","coordinates":[[[-47.8403575,-23.7420507],[-47.8416335,-23.7193294],[-47.8733257,-23.712731],[-47.8723514,-23.7032698],[-47.8927037,-23.6885661],[-47.8811047,-23.6607421],[-47.9006927,-23.6470911],[-47.9177102,-23.6194503],[-47.9103768,-23.6058288],[-47.8947683,-23.6035365],[-47.8827123,-23.6135016],[-47.8474552,-23.5784814],[-47.8357839,-23.5865575],[-47.8096836,-23.5867626],[-47.8012265,-23.5693786],[-47.7870676,-23.5653292],[-47.7798516,-23.5321387],[-47.7638797,-23.5608033],[-47.7445928,-23.5757554],[-47.7550351,-23.5765071],[-47.7648837,-23.5939133],[-47.7537988,-23.5953673],[-47.7480415,-23.611308],[-47.7319636,-23.6024021],[-47.7373789,-23.6245728],[-47.7287698,-23.631113],[-47.7185764,-23.6201573],[-47.7055453,-23.6367004],[-47.6856657,-23.6396213],[-47.6789701,-23.6505265],[-47.6853017,-23.662221],[-47.6817381,-23.6920379],[-47.647859,-23.6770001],[-47.6445966,-23.6996716],[-47.6340531,-23.7078954],[-47.6653751,-23.7428744],[-47.6864073,-23.7230713],[-47.7064316,-23.7250572],[-47.7147615,-23.7106265],[-47.7244787,-23.7244626],[-47.7577249,-23.7409178],[-47.7826056,-23.7349277],[-47.7901358,-23.7555883],[-47.8157072,-23.7659904],[-47.8308578,-23.7526015],[-47.8480546,-23.751355],[-47.8403575,-23.7420507]]]}},{"type":"Feature","properties":{"level":"municipio","municipality_code":"3551207","municipality_name":"Sarutaiá","uf":"SP","state_code":"35","area_km2":141.608},"geometry":{"type":"Polygon","coordinates":[[[-49.4601019,-23.2137224],[-49.4386377,-23.2469697],[-49.4211902,-23.255572],[-49.4255131,-23.2690563],[-49.4189912,-23.2823746],[-49.4216697,-23.3121564],[-49.4418909,-23.3357687],[-49.4676359,-23.3106184],[-49.4790871,-23.3212928],[-49.521066,-23.3060369],[-49.5251826,-23.2940162],[-49.518273,-23.2840196],[-49.5338449,-23.2692537],[-49.5403568,-23.2806071],[-49.5498102,-23.2506277],[-49.5235542,-23.212615],[-49.5236267,-23.2014548],[-49.5377347,-23.1963249],[-49.5150906,-23.1824787],[-49.4915376,-23.1925486],[-49.4854033,-23.1827269],[-49.4585218,-23.1910763],[-49.4601019,-23.2137224]]]}},{"type":"Feature","properties":{"level":"municipio","municipality_code":"3551306","municipality_name":"Sebastianópolis do Sul","uf":"SP","state_code":"35","area_km2":167.848},"geometry":{"type":"Polygon","coordinates":[[[-49.9539243,-20.6667675],[-49.9738145,-20.6541476],[-49.9856769,-20.6075319],[-49.982533,-20.567659],[-49.956072,-20.575921],[-49.946097,-20.558117],[-49.9389627,-20.5673882],[-49.918778,-20.560117],[-49.915214,-20.57002],[-49.906379,-20.566354],[-49.880389,-20.575928],[-49.8631114,-20.6023367],[-49.8394914,-20.6124434],[-49.8287071,-20.6320148],[-49.8749578,-20.6671235],[-49.901987,-20.7105509],[-49.9144354,-20.6989814],[-49.9481847,-20.6994145],[-49.9539243,-20.6667675]]]}},{"type":"Feature","properties":{"level":"municipio","municipality_code":"3551405","municipality_name":"Serra Azul","uf":"SP","state_code":"35","area_km2":283.144},"geometry":{"type":"Polygon","coordinates":[[[-47.5814289,-21.3682188],[-47.6256858,-21.3670577],[-47.6374451,-21.3405863],[-47.6516516,-21.3400124],[-47.6592195,-21.291003],[-47.6515639,-21.2802956],[-47.619665,-21.276948],[-47.607524,-21.254648],[-47.590102,-21.276274],[-47.578057,-21.251593],[-47.566067,-21.250818],[-47.550866,-21.229617],[-47.548252,-21.207218],[-47.5277629,-21.2005448],[-47.5021999,-21.2045494],[-47.5171316,-21.2266364],[-47.5045457,-21.2252714],[-47.5103319,-21.2321896],[-47.503525,-21.2402374],[-47.484353,-21.2430707],[-47.4952713,-21.2467866],[-47.4981405,-21.2684294],[-47.4904035,-21.2634051],[-47.4764863,-21.2858876],[-47.4799835,-21.3154996],[-47.4582882,-21.3528458],[-47.4565437,-21.3727466],[-47.48752,-21.4002427],[-47.5209063,-21.402078],[-47.5415304,-21.4139825],[-47.5739207,-21.3877808],[-47.5814289,-21.3682188]]]}},{"type":"Feature","properties":{"level":"municipio","municipality_code":"3551603","municipality_name":"Serra Negra","uf":"SP","state_code":"35","area_km2":203.734},"geometry":{"type":"Polygon","coordinates":[[[-46.6541119,-22.6660208],[-46.6720361,-22.6348785],[-46.6799443,-22.646754],[-46.7118038,-22.6584828],[-46.7433426,-22.6508436],[-46.755407,-22.6271452],[-46.7491354,-22.6178285],[-46.76624,-22.6038361],[-46.7515895,-22.5908992],[-46.7354461,-22.5931411],[-46.7561473,-22.5697973],[-46.7840939,-22.5607937],[-46.7832447,-22.5471371],[-46.7974678,-22.5407735],[-46.7717568,-22.5360887],[-46.7603189,-22.5469546],[-46.7384907,-22.5486642],[-46.7329746,-22.5343338],[-46.7206202,-22.5283485],[-46.7128452,-22.5037195],[-46.7046367,-22.5108591],[-46.6802086,-22.5067903],[-46.675044,-22.541081],[-46.651947,-22.5460226],[-46.6481503,-22.554513],[-46.6209143,-22.5409815],[-46.6035302,-22.5637078],[-46.6114437,-22.5871932],[-46.601812,-22.6344515],[-46.6161109,-22.6332246],[-46.6200113,-22.6486639],[-46.630992,-22.6554206],[-46.6430172,-22.6516315],[-46.6541119,-22.6660208]]]}},{"type":"Feature","properties":{"level":"municipio","municipality_code":"3551504","municipality_name":"Serrana","uf":"SP","state_code":"35","area_km2":126.046},"geometry":{"type":"Polygon","coordinates":[[[-47.617123,-21.180587],[-47.580484,-21.173082],[-47.559744,-21.189709],[-47.527508,-21.180354],[-47.534827,-21.19309],[-47.5277629,-21.2005448],[-47.54885,-21.207746],[-47.550866,-21.229617],[-47.566067,-21.250818],[-47.578057,-21.251593],[-47.590102,-21.276274],[-47.607524,-21.254648],[-47.619665,-21.276948],[-47.6515639,-21.2802956],[-47.658984,-21.250365],[-47.679225,-21.246973],[-47.660805,-21.224007],[-47.665038,-21.16045],[-47.646682,-21.14815],[-47.627196,-21.148294],[-47.628805,-21.170077],[-47.617123,-21.180587]]]}},{"type":"Feature","properties":{"level":"municipio","municipality_code":"3551702","municipality_name":"Sertãozinho","uf":"SP","state_code":"35","area_km2":403.089},"geometry":{"type":"Polygon","coordinates":[[[-47.903581,-21.097417],[-47.913168,-21.118877],[-47.90988,-21.157558],[-47.901787,-21.159614],[-47.902192,-21.169291],[-47.917939,-21.188515],[-47.91659,-21.200705],[-47.944189,-21.200174],[-47.956919,-21.181509],[-47.964858,-21.205252],[-47.996081,-21.218411],[-48.010354,-21.21177],[-48.02422,-21.215429],[-48.0612233,-21.188589],[-48.0862655,-21.1830742],[-48.1100171,-21.1886437],[-48.1201018,-21.1709201],[-48.1337953,-21.1737886],[-48.1400751,-21.1615213],[-48.167457,-21.1634812],[-48.1815472,-21.1520357],[-48.1869272,-21.1303966],[-48.1350872,-21.0879804],[-48.1258801,-21.0874077],[-48.1240236,-21.0990412],[-48.1126661,-21.1049726],[-48.0727738,-21.0902557],[-48.0127746,-21.0818029],[-47.9865916,-21.0566316],[-47.9893279,-21.0460492],[-47.9780131,-21.0283865],[-47.9923078,-21.003316],[-47.9880398,-20.9920549],[-47.9728383,-20.9991756],[-47.9589634,-20.9948915],[-47.9566458,-21.0131237],[-47.9360252,-21.0345688],[-47.9071723,-21.0319599],[-47.8820781,-21.0123225],[-47.871667,-21.013453],[-47.8926967,-21.0392316],[-47.8720072,-21.0642749],[-47.872189,-21.074843],[-47.882932,-21.097787],[-47.903581,-21.097417]]]}},{"type":"Feature","properties":{"level":"municipio","municipality_code":"3551801","municipality_name":"Sete Barras","uf":"SP","state_code":"35","area_km2":1062.699},"geometry":{"type":"Polygon","coordinates":[[[-47.8255242,-24.4053182],[-47.8446329,-24.4224931],[-47.8738107,-24.4235893],[-47.9101753,-24.4575608],[-47.910642,-24.4693075],[-47.9276714,-24.4742372],[-47.9262446,-24.4819255],[-47.9347137,-24.479959],[-47.9940732,-24.5140578],[-48.0129634,-24.5104469],[-48.001415,-24.4712969],[-48.0089399,-24.4644076],[-48.0141223,-24.378208],[-48.0400466,-24.3628225],[-48.0451882,-24.3446494],[-48.065029,-24.3253093],[-48.1173467,-24.3186103],[-48.1039012,-24.2807143],[-48.1190666,-24.2548958],[-48.1149303,-24.2404784],[-48.1232312,-24.2346604],[-48.1137882,-24.2157421],[-48.1395234,-24.1943759],[-48.0943166,-24.2010826],[-48.0943539,-24.1935414],[-48.0597185,-24.1833593],[-48.0601391,-24.1591346],[-48.0507222,-24.1566659],[-48.0572788,-24.1473854],[-48.0499221,-24.1378952],[-48.0174068,-24.1286469],[-48.0087538,-24.1354029],[-47.980779,-24.1133823],[-47.9505084,-24.120109],[-47.9382211,-24.0994693],[-47.9019456,-24.0938113],[-47.8927254,-24.0780628],[-47.8677823,-24.0768163],[-47.8566986,-24.1021471],[-47.8632815,-24.1139506],[-47.8576745,-24.1229666],[-47.8508746,-24.1167007],[-47.8335937,-24.120646],[-47.8262246,-24.133768],[-47.7925169,-24.1350926],[-47.77517,-24.1277751],[-47.781011,-24.181922],[-47.774487,-24.188126],[-47.777401,-24.203555],[-47.765185,-24.207146],[-47.762777,-24.230415],[-47.770541,-24.236678],[-47.757396,-24.254774],[-47.777105,-24.269798],[-47.768807,-24.277862],[-47.775276,-24.297639],[-47.803377,-24.311424],[-47.792614,-24.33184],[-47.8010217,-24.3568493],[-47.8084139,-24.352924],[-47.8159573,-24.3683755],[-47.8324875,-24.3719438],[-47.8398796,-24.3661922],[-47.8365383,-24.3910855],[-47.8255242,-24.4053182]]]}},{"type":"Feature","properties":{"level":"municipio","municipality_code":"3551900","municipality_name":"Severínia","uf":"SP","state_code":"35","area_km2":140.46},"geometry":{"type":"Polygon","coordinates":[[[-48.7924191,-20.725305],[-48.72771,-20.7612727],[-48.7194019,-20.812958],[-48.740288,-20.8226365],[-48.7447938,-20.8398403],[-48.796912,-20.8355875],[-48.8410252,-20.8447637],[-48.8509497,-20.8301899],[-48.8917033,-20.8237961],[-48.8414545,-20.7715939],[-48.8214397,-20.7730071],[-48.8043442,-20.7262946],[-48.7924191,-20.725305]]]}},{"type":"Feature","properties":{"level":"municipio","municipality_code":"3552007","municipality_name":"Silveiras","uf":"SP","state_code":"35","area_km2":414.782},"geometry":{"type":"Polygon","coordinates":[[[-44.8089915,-22.8469261],[-44.8065077,-22.8590839],[-44.8157421,-22.8654397],[-44.8299235,-22.8602849],[-44.8814436,-22.8904443],[-44.8858029,-22.8861907],[-44.9089513,-22.8963684],[-44.9080143,-22.8813602],[-44.8889958,-22.8698815],[-44.8938973,-22.8380894],[-44.9100008,-22.8096626],[-44.9057042,-22.7873277],[-44.9220727,-22.754353],[-44.9121949,-22.7431353],[-44.9196529,-22.7266105],[-44.9136083,-22.7082087],[-44.9246512,-22.6971237],[-44.8930337,-22.6902322],[-44.9126736,-22.6808154],[-44.9277189,-22.6548661],[-44.9025524,-22.6394618],[-44.9108045,-22.6132689],[-44.893635,-22.6094435],[-44.8736117,-22.621827],[-44.8496403,-22.6022001],[-44.8221246,-22.5990572],[-44.8131352,-22.6205013],[-44.7797089,-22.6054963],[-44.7636006,-22.6274386],[-44.7609677,-22.6477201],[-44.7740144,-22.6754161],[-44.7741078,-22.7038249],[-44.758016,-22.729003],[-44.7454367,-22.7309873],[-44.765763,-22.7567615],[-44.7505261,-22.7602604],[-44.744686,-22.7711262],[-44.7493869,-22.7850291],[-44.7769745,-22.7972728],[-44.7800718,-22.8148748],[-44.7723177,-22.8194424],[-44.8089915,-22.8469261]]]}},{"type":"Feature","properties":{"level":"municipio","municipality_code":"3552106","municipality_name":"Socorro","uf":"SP","state_code":"35","area_km2":449.029},"geometry":{"type":"Polygon","coordinates":[[[-46.4243364,-22.5994443],[-46.4047579,-22.6208933],[-46.4230055,-22.6248448],[-46.4246199,-22.6335991],[-46.3963122,-22.645982],[-46.3930589,-22.6629741],[-46.405863,-22.67256],[-46.4050052,-22.6634347],[-46.4134194,-22.6598505],[-46.4798042,-22.6775213],[-46.4699762,-22.6939757],[-46.4788904,-22.6982767],[-46.4736126,-22.7086662],[-46.4824095,-22.7231015],[-46.4935346,-22.7191527],[-46.5094502,-22.7303557],[-46.5306515,-22.729635],[-46.5358277,-22.7213189],[-46.6271184,-22.7179866],[-46.6179639,-22.7000203],[-46.6239957,-22.6890702],[-46.6191401,-22.6818911],[-46.6321245,-22.6751174],[-46.6298179,-22.6549719],[-46.6194695,-22.6479424],[-46.6161109,-22.6332246],[-46.6012967,-22.6328586],[-46.6114437,-22.5871932],[-46.6035302,-22.5637078],[-46.6151656,-22.5436604],[-46.5989739,-22.5150112],[-46.5800136,-22.5117376],[-46.5885284,-22.4896713],[-46.5645781,-22.4872889],[-46.5643589,-22.4775833],[-46.5524516,-22.4695312],[-46.5317582,-22.4699647],[-46.5421469,-22.494356],[-46.5069909,-22.5069589],[-46.5052899,-22.5170472],[-46.4911793,-22.5103867],[-46.4845699,-22.5192418],[-46.4549551,-22.5217324],[-46.4263085,-22.5475688],[-46.411696,-22.5367015],[-46.4061476,-22.5414644],[-46.4114167,-22.5543133],[-46.4337547,-22.5738756],[-46.4287227,-22.5839261],[-46.4120617,-22.5857658],[-46.4243364,-22.5994443]]]}},{"type":"Feature","properties":{"level":"municipio","municipality_code":"3552205","municipality_name":"Sorocaba","uf":"SP","state_code":"35","area_km2":449.872},"geometry":{"type":"Polygon","coordinates":[[[-47.4746534,-23.5495383],[-47.5015678,-23.5359306],[-47.5180016,-23.5416361],[-47.4937127,-23.5579215],[-47.4945606,-23.5855335],[-47.5292235,-23.5875915],[-47.5362517,-23.5783735],[-47.5561854,-23.5742221],[-47.565477,-23.541825],[-47.549565,-23.505516],[-47.565004,-23.467498],[-47.560213,-23.460446],[-47.547582,-23.461303],[-47.534405,-23.425349],[-47.540078,-23.425059],[-47.54132,-23.410242],[-47.550023,-23.408137],[-47.543034,-23.399776],[-47.552908,-23.393832],[-47.546105,-23.390566],[-47.570488,-23.387992],[-47.50409,-23.359629],[-47.475284,-23.362388],[-47.464997,-23.350829],[-47.412941,-23.36117],[-47.405899,-23.354632],[-47.384925,-23.3932],[-47.350903,-23.390115],[-47.368164,-23.401676],[-47.367536,-23.408738],[-47.340547,-23.436652],[-47.32539,-23.441642],[-47.316344,-23.462422],[-47.324279,-23.513532],[-47.3030748,-23.5221316],[-47.3092975,-23.5281952],[-47.3072595,-23.5605304],[-47.3553166,-23.560571],[-47.3647407,-23.5239723],[-47.3749573,-23.518959],[-47.4000363,-23.526719],[-47.4435985,-23.5217868],[-47.4653053,-23.5337741],[-47.4746534,-23.5495383]]]}},{"type":"Feature","properties":{"level":"municipio","municipality_code":"3552304","municipality_name":"Sud Mennucci","uf":"SP","state_code":"35","area_km2":594.744},"geometry":{"type":"Polygon","coordinates":[[[-50.8861862,-20.5585182],[-50.8774605,-20.5385143],[-50.8489762,-20.5484693],[-50.8412619,-20.5333452],[-50.8121232,-20.5311518],[-50.8078346,-20.5467675],[-50.768863,-20.5444146],[-50.7728472,-20.5544419],[-50.7616334,-20.5762113],[-50.7661838,-20.6247791],[-50.8022001,-20.6025612],[-50.7996374,-20.672074],[-50.8134669,-20.732558],[-50.8262234,-20.7687547],[-50.8729455,-20.8268135],[-50.9152952,-20.7956062],[-51.0004679,-20.7683169],[-51.0577506,-20.7261749],[-50.9917229,-20.651389],[-50.9965262,-20.6110421],[-50.9755523,-20.5537705],[-50.9315711,-20.5547583],[-50.9025091,-20.5389104],[-50.893468,-20.5442183],[-50.896414,-20.5575286],[-50.8861862,-20.5585182]]]}},{"type":"Feature","properties":{"level":"municipio","municipality_code":"3552403","municipality_name":"Sumaré","uf":"SP","state_code":"35","area_km2":153.465},"geometry":{"type":"Polygon","coordinates":[[[-47.222957,-22.796429],[-47.199168,-22.787425],[-47.172821,-22.808476],[-47.162594,-22.805938],[-47.1534441,-22.8319157],[-47.1628253,-22.8535313],[-47.1561009,-22.8605526],[-47.188593,-22.85872],[-47.204405,-22.841013],[-47.2125721,-22.8485249],[-47.233556,-22.826039],[-47.243684,-22.854267],[-47.235573,-22.857493],[-47.240132,-22.873583],[-47.2607947,-22.878098],[-47.257663,-22.898799],[-47.275545,-22.908759],[-47.290499,-22.906322],[-47.300068,-22.89531],[-47.317687,-22.901172],[-47.332558,-22.888238],[-47.344853,-22.856552],[-47.3698843,-22.8446911],[-47.3593154,-22.8178993],[-47.332772,-22.815991],[-47.330339,-22.830423],[-47.3234,-22.831206],[-47.295786,-22.815558],[-47.283901,-22.790767],[-47.264128,-22.79705],[-47.236389,-22.7958],[-47.2297,-22.786663],[-47.222957,-22.796429]]]}},{"type":"Feature","properties":{"level":"municipio","municipality_code":"3552502","municipality_name":"Suzano","uf":"SP","state_code":"35","area_km2":206.236},"geometry":{"type":"Polygon","coordinates":[[[-46.262171,-23.524248],[-46.2849831,-23.5659566],[-46.2590012,-23.6117845],[-46.2646962,-23.6285073],[-46.2543625,-23.6502069],[-46.2571614,-23.6678577],[-46.266788,-23.685737],[-46.297077,-23.703516],[-46.297186,-23.72318],[-46.312724,-23.740584],[-46.321927,-23.744429],[-46.316844,-23.738085],[-46.32809,-23.728387],[-46.323705,-23.704189],[-46.3307167,-23.7088721],[-46.338486,-23.677881],[-46.358297,-23.660497],[-46.353585,-23.642418],[-46.373966,-23.642938],[-46.383416,-23.617663],[-46.3313784,-23.5387648],[-46.3243726,-23.511846],[-46.3360302,-23.5007535],[-46.331073,-23.488915],[-46.2985752,-23.4963848],[-46.2676349,-23.4859048],[-46.269493,-23.512798],[-46.262171,-23.524248]]]}},{"type":"Feature","properties":{"level":"municipio","municipality_code":"3552551","municipality_name":"Suzanápolis","uf":"SP","state_code":"35","area_km2":330.587},"geometry":{"type":"Polygon","coordinates":[[[-51.156771,-20.435259],[-51.0385668,-20.3709248],[-51.0210007,-20.3854546],[-51.0155804,-20.4047325],[-50.9986845,-20.41429],[-50.9863424,-20.4403112],[-50.9790615,-20.4716377],[-50.9824193,-20.4961873],[-50.9644382,-20.5227275],[-50.9662849,-20.549228],[-50.9781062,-20.5651086],[-50.9884336,-20.5467368],[-50.999816,-20.5559659],[-51.0669968,-20.5551979],[-51.0721109,-20.5435274],[-51.0951988,-20.5418066],[-51.1103989,-20.5250731],[-51.134165,-20.5271319],[-51.1540328,-20.5084223],[-51.2005868,-20.4909106],[-51.2312104,-20.4583384],[-51.202939,-20.439231],[-51.156771,-20.435259]]]}},{"type":"Feature","properties":{"level":"municipio","municipality_code":"3548609","municipality_name":"São Bento do Sapucaí","uf":"SP","state_code":"35","area_km2":252.579},"geometry":{"type":"Polygon","coordinates":[[[-45.7304415,-22.7264803],[-45.7564638,-22.72104],[-45.7956339,-22.7390214],[-45.8199278,-22.7227186],[-45.811641,-22.6987077],[-45.7878589,-22.6933565],[-45.7428067,-22.6591669],[-45.7161828,-22.6619924],[-45.6939927,-22.6517099],[-45.7174694,-22.6210098],[-45.728845,-22.6204796],[-45.7374289,-22.6085387],[-45.7184548,-22.5779914],[-45.6954392,-22.5863386],[-45.6797214,-22.5734188],[-45.6605737,-22.5778408],[-45.6588596,-22.5981101],[-45.6810783,-22.6363357],[-45.6661848,-22.6512012],[-45.6181281,-22.6379141],[-45.5765196,-22.6017027],[-45.5565024,-22.6238564],[-45.5819883,-22.6446667],[-45.5901614,-22.6737828],[-45.6117011,-22.6857235],[-45.6238333,-22.6827766],[-45.6118209,-22.6947879],[-45.6269026,-22.7200526],[-45.6164873,-22.7261022],[-45.6592209,-22.7381933],[-45.6586467,-22.7590424],[-45.6763136,-22.7875849],[-45.6876733,-22.7876974],[-45.6957311,-22.7734562],[-45.7122102,-22.7698436],[-45.7304415,-22.7264803]]]}},{"type":"Feature","properties":{"level":"municipio","municipality_code":"3548708","municipality_name":"São Bernardo do Campo","uf":"SP","state_code":"35","area_km2":409.532},"geometry":{"type":"Polygon","coordinates":[[[-46.622886,-23.789252],[-46.646271,-23.755896],[-46.652046,-23.730793],[-46.6191046,-23.7390656],[-46.6055759,-23.7314079],[-46.604881,-23.718465],[-46.578871,-23.690311],[-46.577515,-23.671979],[-46.5913351,-23.6773016],[-46.600059,-23.670771],[-46.596327,-23.66343],[-46.6090897,-23.6695121],[-46.616442,-23.658157],[-46.583385,-23.641036],[-46.561281,-23.655171],[-46.553335,-23.68355],[-46.516763,-23.705362],[-46.517537,-23.742204],[-46.527816,-23.74861],[-46.499123,-23.746142],[-46.452753,-23.793132],[-46.430357,-23.801429],[-46.431168,-23.81071],[-46.410296,-23.815379],[-46.444562,-23.829165],[-46.437898,-23.842583],[-46.454552,-23.853909],[-46.458485,-23.866031],[-46.465828,-23.861013],[-46.498092,-23.901935],[-46.519947,-23.905342],[-46.564655,-23.953118],[-46.569671,-23.946789],[-46.577386,-23.957013],[-46.611341,-23.967918],[-46.6070833,-23.9388551],[-46.6168826,-23.9335585],[-46.6093652,-23.9277081],[-46.608765,-23.904738],[-46.617706,-23.8888098],[-46.616938,-23.862004],[-46.631846,-23.852649],[-46.6351157,-23.8385032],[-46.624356,-23.818766],[-46.622886,-23.789252]]]}},{"type":"Feature","properties":{"level":"municipio","municipality_code":"3548807","municipality_name":"São Caetano do Sul","uf":"SP","state_code":"35","area_km2":15.331},"geometry":{"type":"Polygon","coordinates":[[[-46.556494,-23.6120133],[-46.549738,-23.605576],[-46.544646,-23.610843],[-46.551159,-23.616667],[-46.544989,-23.624569],[-46.5516786,-23.6425345],[-46.57408,-23.650342],[-46.584958,-23.635161],[-46.579,-23.599524],[-46.556494,-23.6120133]]]}},{"type":"Feature","properties":{"level":"municipio","municipality_code":"3548906","municipality_name":"São Carlos","uf":"SP","state_code":"35","area_km2":1136.907},"geometry":{"type":"Polygon","coordinates":[[[-47.9192237,-22.1497795],[-47.934043,-22.1207873],[-47.9473797,-22.1111237],[-47.9704161,-22.1189432],[-47.9807466,-22.1125019],[-47.9931125,-22.1160056],[-48.0265796,-22.0769278],[-48.0461061,-22.0709052],[-48.0749403,-22.0766896],[-48.0911807,-22.0600117],[-48.0467393,-22.024634],[-48.0171329,-22.0368105],[-47.9959628,-22.0300464],[-47.966323,-21.9839976],[-47.9659115,-21.969592],[-47.940005,-21.9283304],[-47.9490154,-21.9083968],[-47.9276611,-21.9001487],[-47.9204616,-21.8855315],[-47.9294621,-21.8444653],[-47.9702263,-21.8176842],[-47.9711244,-21.8078673],[-47.945938,-21.7774119],[-47.952472,-21.7543269],[-47.9676824,-21.7416132],[-47.9210328,-21.7191124],[-47.9168735,-21.6866397],[-47.8729027,-21.6396287],[-47.8591905,-21.6162175],[-47.8644627,-21.6069157],[-47.8462563,-21.597968],[-47.8399135,-21.6067898],[-47.8404799,-21.6003301],[-47.830075,-21.6014573],[-47.8339686,-21.6144414],[-47.818556,-21.6147668],[-47.8177635,-21.6249562],[-47.8018662,-21.6318814],[-47.8118218,-21.6483938],[-47.8256114,-21.6533544],[-47.8169278,-21.662542],[-47.830578,-21.6694623],[-47.8118267,-21.6801192],[-47.8165648,-21.6966066],[-47.7865442,-21.6998294],[-47.7814301,-21.6916109],[-47.7681522,-21.6914638],[-47.7368293,-21.7118828],[-47.7508619,-21.7528218],[-47.7679895,-21.7696699],[-47.7748667,-21.8019725],[-47.768709,-21.8234994],[-47.7902251,-21.8493108],[-47.7845824,-21.8655638],[-47.7919183,-21.8782319],[-47.755821,-21.9192715],[-47.7467032,-21.9526528],[-47.7537857,-21.9906201],[-47.7195431,-22.0203921],[-47.7296567,-22.0320121],[-47.7266567,-22.0421702],[-47.7458891,-22.0572162],[-47.7526353,-22.0899384],[-47.7898323,-22.0978222],[-47.7873953,-22.1138395],[-47.8083563,-22.1324514],[-47.8148872,-22.1613425],[-47.8308129,-22.1481933],[-47.8755932,-22.1585126],[-47.8867843,-22.1524271],[-47.8971055,-22.1600737],[-47.9192237,-22.1497795]]]}},{"type":"Feature","properties":{"level":"municipio","municipality_code":"3549003","municipality_name":"São Francisco","uf":"SP","state_code":"35","area_km2":75.579},"geometry":{"type":"Polygon","coordinates":[[[-50.7060559,-20.3801761],[-50.7164941,-20.3378224],[-50.7423953,-20.3243485],[-50.7319052,-20.310751],[-50.699674,-20.3116823],[-50.6771685,-20.3337205],[-50.6555275,-20.326687],[-50.6483576,-20.3630712],[-50.6130693,-20.3757445],[-50.6322461,-20.4036087],[-50.6625546,-20.4188129],[-50.6718796,-20.4377197],[-50.6809425,-20.4224763],[-50.6796976,-20.3946924],[-50.7060559,-20.3801761]]]}},{"type":"Feature","properties":{"level":"municipio","municipality_code":"3549409","municipality_name":"São Joaquim da Barra","uf":"SP","state_code":"35","area_km2":410.863},"geometry":{"type":"Polygon","coordinates":[[[-47.8651382,-20.6485691],[-47.910093,-20.630975],[-47.9230316,-20.6317551],[-47.9315938,-20.5861112],[-47.9825357,-20.6074516],[-47.9890502,-20.6168377],[-48.0233356,-20.5967088],[-48.0603762,-20.5966127],[-48.0820795,-20.5878086],[-48.0910895,-20.5565186],[-48.1337387,-20.4935128],[-48.0846875,-20.5027929],[-48.0624166,-20.4983944],[-48.0047789,-20.5316703],[-47.9545988,-20.4863818],[-47.9491088,-20.4706941],[-47.9270437,-20.4650389],[-47.9266265,-20.444426],[-47.9158049,-20.4333634],[-47.898477,-20.43987],[-47.8809794,-20.4353004],[-47.8759986,-20.4538778],[-47.8924552,-20.4693745],[-47.8693319,-20.4678687],[-47.8569119,-20.4883516],[-47.8644202,-20.4972099],[-47.858289,-20.5113178],[-47.8284817,-20.52361],[-47.8365132,-20.5379162],[-47.8200518,-20.5457151],[-47.8198658,-20.5534154],[-47.8099471,-20.5427178],[-47.7955376,-20.5461509],[-47.7960671,-20.5684641],[-47.7835828,-20.5635142],[-47.7787573,-20.5706867],[-47.7924795,-20.5840928],[-47.7878658,-20.5988401],[-47.8018344,-20.6106876],[-47.8553399,-20.6331503],[-47.8651382,-20.6485691]]]}},{"type":"Feature","properties":{"level":"municipio","municipality_code":"3549508","municipality_name":"São José da Bela Vista","uf":"SP","state_code":"35","area_km2":276.952},"geometry":{"type":"Polygon","coordinates":[[[-47.7121304,-20.6275156],[-47.7430274,-20.5954835],[-47.7125432,-20.5591981],[-47.6928348,-20.5565457],[-47.6920411,-20.543174],[-47.6472535,-20.5186087],[-47.6382044,-20.4857621],[-47.602282,-20.4835641],[-47.5968352,-20.4963567],[-47.6035564,-20.5309441],[-47.5749996,-20.5140343],[-47.5513561,-20.5126808],[-47.5414004,-20.5260785],[-47.5496529,-20.5586808],[-47.528682,-20.5631029],[-47.5379402,-20.5815249],[-47.5528223,-20.5856764],[-47.5633182,-20.6237258],[-47.5749377,-20.6350399],[-47.5708703,-20.6529872],[-47.5838889,-20.6623089],[-47.5975141,-20.6929092],[-47.6211091,-20.7001037],[-47.6182403,-20.6807355],[-47.636478,-20.6912869],[-47.6391568,-20.6709975],[-47.6618558,-20.6706181],[-47.6550218,-20.6626351],[-47.6706125,-20.6511428],[-47.6523325,-20.6503839],[-47.6548586,-20.6428342],[-47.6698326,-20.6378086],[-47.680048,-20.6432663],[-47.6890317,-20.6345392],[-47.6837928,-20.6292067],[-47.7121304,-20.6275156]]]}},{"type":"Feature","properties":{"level":"municipio","municipality_code":"3549607","municipality_name":"São José do Barreiro","uf":"SP","state_code":"35","area_km2":570.685},"geometry":{"type":"Polygon","coordinates":[[[-44.5640868,-22.6119927],[-44.5500898,-22.6038144],[-44.5375378,-22.6181941],[-44.5263039,-22.6192916],[-44.5378125,-22.6330384],[-44.5324457,-22.6396972],[-44.5322718,-22.6307277],[-44.5156,-22.6301066],[-44.5085884,-22.640947],[-44.4848208,-22.6038721],[-44.4515984,-22.6275287],[-44.4526938,-22.6445596],[-44.4653663,-22.6560577],[-44.4595966,-22.6690434],[-44.4972475,-22.7047005],[-44.5211728,-22.7160211],[-44.5331511,-22.7407434],[-44.5307967,-22.7565892],[-44.5160006,-22.7591564],[-44.5131756,-22.7719113],[-44.4926042,-22.7664814],[-44.4875575,-22.7760403],[-44.4705582,-22.7716214],[-44.4673854,-22.7830973],[-44.4962059,-22.8093647],[-44.5011251,-22.838338],[-44.4946435,-22.8467866],[-44.538896,-22.8736969],[-44.5436516,-22.8849451],[-44.5559534,-22.8880917],[-44.5757295,-22.8780175],[-44.5997787,-22.8907685],[-44.6073108,-22.885237],[-44.6294777,-22.9049194],[-44.623644,-22.891501],[-44.6300026,-22.8889629],[-44.6531002,-22.9067132],[-44.6605938,-22.889853],[-44.6825524,-22.89862],[-44.7077073,-22.870005],[-44.7011671,-22.862187],[-44.7073855,-22.8464817],[-44.7247732,-22.8458518],[-44.7237598,-22.8333079],[-44.6897389,-22.8195443],[-44.6699974,-22.8211907],[-44.6501963,-22.7990843],[-44.6557735,-22.7942324],[-44.6477771,-22.7823746],[-44.6600216,-22.7675895],[-44.6517273,-22.7565658],[-44.6655282,-22.7367328],[-44.6573647,-22.7280202],[-44.6808637,-22.7259515],[-44.6708306,-22.7157906],[-44.6795905,-22.6904952],[-44.6778807,-22.6528187],[-44.6885361,-22.644615],[-44.647422,-22.6037929],[-44.6229872,-22.6051234],[-44.6126588,-22.6173685],[-44.602076,-22.6077715],[-44.5837778,-22.6262155],[-44.574057,-22.6017336],[-44.5640868,-22.6119927]]]}},{"type":"Feature","properties":{"level":"municipio","municipality_code":"3549706","municipality_name":"São José do Rio Pardo","uf":"SP","state_code":"35","area_km2":419.684},"geometry":{"type":"Polygon","coordinates":[[[-46.8886824,-21.6962012],[-46.9789866,-21.7006651],[-46.9963522,-21.675813],[-46.9773984,-21.6517805],[-46.9962593,-21.6554676],[-47.0286324,-21.6472782],[-47.0375565,-21.6234749],[-47.0076091,-21.6337149],[-47.0129344,-21.6225775],[-47.0033879,-21.6096553],[-46.9961111,-21.6062413],[-46.9955761,-21.6160948],[-46.9872159,-21.6144767],[-46.9734746,-21.6082551],[-46.9648272,-21.592821],[-46.9549488,-21.5920671],[-46.9546008,-21.5725957],[-46.9268066,-21.5570056],[-46.9337308,-21.5186692],[-46.9140555,-21.4864247],[-46.88241,-21.4911365],[-46.8681448,-21.4858524],[-46.842874,-21.5041628],[-46.8291901,-21.49685],[-46.826475,-21.5114205],[-46.8124205,-21.5096354],[-46.8116915,-21.5253219],[-46.7904845,-21.5211311],[-46.7944189,-21.5243914],[-46.7826928,-21.5277466],[-46.78491,-21.5434321],[-46.7771753,-21.552245],[-46.7642131,-21.5409142],[-46.757503,-21.5819005],[-46.7772246,-21.6465857],[-46.8050113,-21.6601793],[-46.8167656,-21.6581313],[-46.8417396,-21.6964765],[-46.8576258,-21.6965826],[-46.8701576,-21.7086199],[-46.8886824,-21.6962012]]]}},{"type":"Feature","properties":{"level":"municipio","municipality_code":"3549805","municipality_name":"São José do Rio Preto","uf":"SP","state_code":"35","area_km2":431.944},"geometry":{"type":"Polygon","coordinates":[[[-49.416212,-20.918273],[-49.417019,-20.900583],[-49.437791,-20.88534],[-49.43326,-20.852638],[-49.459595,-20.788891],[-49.442268,-20.748366],[-49.459055,-20.73131],[-49.461184,-20.684896],[-49.4279658,-20.7026708],[-49.424835,-20.730634],[-49.417304,-20.730893],[-49.39545,-20.703606],[-49.367764,-20.722839],[-49.347046,-20.6842167],[-49.3621363,-20.6711167],[-49.352307,-20.635308],[-49.344552,-20.642717],[-49.345521,-20.662045],[-49.328338,-20.675037],[-49.294018,-20.684557],[-49.266452,-20.679999],[-49.272919,-20.685229],[-49.272922,-20.730416],[-49.283146,-20.763095],[-49.264749,-20.819193],[-49.272863,-20.832797],[-49.255598,-20.860761],[-49.27452,-20.882053],[-49.291647,-20.875682],[-49.312841,-20.893354],[-49.332592,-20.932332],[-49.391769,-20.908148],[-49.404482,-20.90724],[-49.416212,-20.918273]]]}},{"type":"Feature","properties":{"level":"municipio","municipality_code":"3549904","municipality_name":"São José dos Campos","uf":"SP","state_code":"35","area_km2":1099.409},"geometry":{"type":"Polygon","coordinates":[[[-45.847566,-23.306683],[-45.906338,-23.293283],[-45.9212147,-23.2630797],[-45.9525953,-23.2573162],[-45.971298,-23.23415],[-45.949338,-23.215506],[-45.953678,-23.204309],[-45.981264,-23.20473],[-45.997747,-23.186397],[-46.007362,-23.199803],[-46.020104,-23.202657],[-46.03716,-23.189504],[-46.052698,-23.188404],[-46.057892,-23.172464],[-46.074803,-23.180873],[-46.07738,-23.169531],[-46.093705,-23.170977],[-46.102624,-23.1568],[-46.0914,-23.142853],[-46.101062,-23.125572],[-46.093219,-23.120364],[-46.103901,-23.117268],[-46.099782,-23.10946],[-46.107989,-23.097303],[-46.104852,-23.084453],[-46.090727,-23.078884],[-46.091688,-23.066235],[-46.076237,-23.037248],[-46.080756,-23.025637],[-46.065493,-22.998133],[-46.082585,-22.985489],[-46.050711,-22.966223],[-46.053231,-22.949978],[-46.041,-22.915445],[-46.050675,-22.896975],[-46.027192,-22.884899],[-46.007734,-22.889383],[-45.990384,-22.876021],[-45.993092,-22.86981],[-45.974743,-22.868097],[-45.951145,-22.845879],[-45.938812,-22.846471],[-45.911829,-22.816293],[-45.904626,-22.819654],[-45.90636,-22.833878],[-45.893673,-22.838954],[-45.888977,-22.875805],[-45.870978,-22.871493],[-45.863815,-22.892441],[-45.883796,-22.929515],[-45.895645,-22.933866],[-45.880611,-22.965668],[-45.928443,-23.013317],[-45.931901,-23.030083],[-45.923327,-23.036075],[-45.885238,-23.0095],[-45.878943,-23.02845],[-45.852739,-23.044621],[-45.841785,-23.041192],[-45.793459,-23.107007],[-45.788074,-23.102395],[-45.778564,-23.115292],[-45.776043,-23.104996],[-45.768234,-23.116324],[-45.755354,-23.111927],[-45.759925,-23.166657],[-45.72128,-23.237949],[-45.748287,-23.255131],[-45.763726,-23.251647],[-45.796772,-23.293182],[-45.834374,-23.293759],[-45.847566,-23.306683]]]}},{"type":"Feature","properties":{"level":"municipio","municipality_code":"3549102","municipality_name":"São João da Boa Vista","uf":"SP","state_code":"35","area_km2":516.399},"geometry":{"type":"Polygon","coordinates":[[[-46.7334373,-21.9509091],[-46.6507144,-22.0073554],[-46.6560898,-22.019165],[-46.6755749,-22.0223747],[-46.685389,-22.0374221],[-46.6763613,-22.0554395],[-46.6577457,-22.0604757],[-46.6675097,-22.0700043],[-46.7061177,-22.0789721],[-46.7199307,-22.0741814],[-46.7195156,-22.0832547],[-46.750792,-22.0930059],[-46.7939137,-22.0897512],[-46.8170157,-22.064253],[-46.8181303,-22.0844293],[-46.8425712,-22.094993],[-46.8617637,-22.0917573],[-46.866839,-22.0806754],[-46.892066,-22.0860225],[-46.879112,-22.0610237],[-46.8611956,-22.0504266],[-46.8820894,-22.01211],[-46.9025082,-22.0065057],[-46.9313583,-22.0110795],[-46.9440679,-21.9872484],[-46.93446,-21.9725801],[-46.9195952,-21.9702173],[-46.9154381,-21.9555271],[-46.9349205,-21.9218367],[-46.9229011,-21.9201044],[-46.9132861,-21.8977525],[-46.8998464,-21.8944558],[-46.9033063,-21.8864116],[-46.8934925,-21.8824995],[-46.8957755,-21.8751348],[-46.8587807,-21.8853601],[-46.8337473,-21.8628314],[-46.8033826,-21.8581994],[-46.7849651,-21.8380543],[-46.7742196,-21.8477208],[-46.7530732,-21.8494447],[-46.7319581,-21.8741865],[-46.7334373,-21.9509091]]]}},{"type":"Feature","properties":{"level":"municipio","municipality_code":"3549201","municipality_name":"São João das Duas Pontes","uf":"SP","state_code":"35","area_km2":129.462},"geometry":{"type":"Polygon","coordinates":[[[-50.3880882,-20.3415704],[-50.3644185,-20.3428191],[-50.3537417,-20.3333474],[-50.3375921,-20.3395669],[-50.3250081,-20.3631791],[-50.3289924,-20.3828953],[-50.3221023,-20.4062083],[-50.338257,-20.4298249],[-50.3517854,-20.4253876],[-50.3652931,-20.4363077],[-50.3767694,-20.4546317],[-50.373009,-20.4748544],[-50.3938634,-20.4720993],[-50.396185,-20.4794614],[-50.4097974,-20.4804695],[-50.4277389,-20.4746082],[-50.4315837,-20.4795991],[-50.4457599,-20.4830002],[-50.4400787,-20.4320981],[-50.4204081,-20.3812345],[-50.3923739,-20.3550367],[-50.3880882,-20.3415704]]]}},{"type":"Feature","properties":{"level":"municipio","municipality_code":"3549250","municipality_name":"São João de Iracema","uf":"SP","state_code":"35","area_km2":178.396},"geometry":{"type":"Polygon","coordinates":[[[-50.3893231,-20.5689798],[-50.4140775,-20.5610359],[-50.4321463,-20.5358543],[-50.4578695,-20.5343065],[-50.4492548,-20.4829657],[-50.4277389,-20.4746082],[-50.3969131,-20.4797344],[-50.3942198,-20.4721956],[-50.3851335,-20.476791],[-50.3707331,-20.4703705],[-50.3611769,-20.4777774],[-50.3574565,-20.4714331],[-50.3456311,-20.477204],[-50.3309541,-20.4689208],[-50.3262043,-20.4766146],[-50.3003568,-20.4698969],[-50.2977936,-20.4604127],[-50.2851772,-20.4697839],[-50.2712741,-20.5209656],[-50.2814847,-20.5355647],[-50.2837254,-20.5539501],[-50.2736511,-20.5690548],[-50.282861,-20.5838825],[-50.3283004,-20.5642954],[-50.3893231,-20.5689798]]]}},{"type":"Feature","properties":{"level":"municipio","municipality_code":"3549300","municipality_name":"São João do Pau d'Alho","uf":"SP","state_code":"35","area_km2":117.665},"geometry":{"type":"Polygon","coordinates":[[[-51.7081871,-21.192778],[-51.7028148,-21.1720595],[-51.6819997,-21.1491336],[-51.6721517,-21.149173],[-51.6723141,-21.1604989],[-51.6587598,-21.1695527],[-51.6289005,-21.1646984],[-51.6207027,-21.1900296],[-51.6356754,-21.2228329],[-51.6374418,-21.2550692],[-51.6531176,-21.2828698],[-51.6527899,-21.3011642],[-51.6816446,-21.3036288],[-51.6832309,-21.2836638],[-51.6983687,-21.2771439],[-51.7057567,-21.2540666],[-51.7245353,-21.2417182],[-51.731538,-21.2216833],[-51.7081871,-21.192778]]]}},{"type":"Feature","properties":{"level":"municipio","municipality_code":"3549953","municipality_name":"São Lourenço da Serra","uf":"SP","state_code":"35","area_km2":186.456},"geometry":{"type":"Polygon","coordinates":[[[-46.956136,-23.9015341],[-46.9739635,-23.8871186],[-46.9920507,-23.8939739],[-46.9967042,-23.873017],[-47.0286086,-23.847804],[-47.012608,-23.830741],[-47.016898,-23.816763],[-46.98647,-23.808414],[-46.982193,-23.783997],[-46.967288,-23.774516],[-46.957804,-23.792386],[-46.940191,-23.785804],[-46.937828,-23.77663],[-46.9129241,-23.7886196],[-46.9098689,-23.7827252],[-46.8976093,-23.7961006],[-46.8815721,-23.7898788],[-46.8720213,-23.7971811],[-46.8818104,-23.8037722],[-46.8830382,-23.8281128],[-46.8956205,-23.8376702],[-46.8719784,-23.8532451],[-46.8484472,-23.856346],[-46.8610267,-23.8863887],[-46.8700558,-23.8948715],[-46.8817047,-23.8936654],[-46.8980419,-23.9273205],[-46.9156944,-23.9384371],[-46.9463854,-23.9292813],[-46.956136,-23.9015341]]]}},{"type":"Feature","properties":{"level":"municipio","municipality_code":"3550001","municipality_name":"São Luiz do Paraitinga","uf":"SP","state_code":"35","area_km2":617.315},"geometry":{"type":"Polygon","coordinates":[[[-45.3206634,-23.2962993],[-45.3461554,-23.3036017],[-45.3730731,-23.3017997],[-45.3809705,-23.289],[-45.3717786,-23.2719252],[-45.3813644,-23.2627919],[-45.4164202,-23.2554765],[-45.4123487,-23.240058],[-45.4268024,-23.2258031],[-45.3948818,-23.2005217],[-45.3985808,-23.1890874],[-45.3877703,-23.1588897],[-45.3541028,-23.137396],[-45.3437507,-23.1090541],[-45.3472755,-23.0982616],[-45.3284337,-23.0849234],[-45.3013082,-23.0935813],[-45.2795629,-23.0872327],[-45.264311,-23.1265014],[-45.2296832,-23.1238477],[-45.2319845,-23.1579815],[-45.2130698,-23.1529514],[-45.2043637,-23.1681794],[-45.1967515,-23.1675447],[-45.1866115,-23.1974843],[-45.1462095,-23.1875051],[-45.1335714,-23.2039663],[-45.1414843,-23.2162014],[-45.1289054,-23.2341577],[-45.1027687,-23.2390584],[-45.1030566,-23.2592327],[-45.1135077,-23.2712279],[-45.1080187,-23.2840263],[-45.125657,-23.3036993],[-45.1246709,-23.3164061],[-45.109054,-23.3238732],[-45.1029199,-23.3114614],[-45.0947449,-23.3159121],[-45.0742276,-23.3042341],[-45.0704732,-23.3234398],[-45.0777795,-23.32764],[-45.0679792,-23.3477076],[-45.0760804,-23.3449686],[-45.09849,-23.3590535],[-45.1397139,-23.3601575],[-45.1457446,-23.3785361],[-45.1643036,-23.3920978],[-45.2031427,-23.3970776],[-45.1967781,-23.3255808],[-45.1616369,-23.2871553],[-45.2032828,-23.2948028],[-45.2033152,-23.3064186],[-45.2307669,-23.3332538],[-45.2518153,-23.3183984],[-45.2546804,-23.3287639],[-45.2737795,-23.3187381],[-45.295955,-23.3226643],[-45.3055917,-23.3343558],[-45.3149354,-23.3259453],[-45.3415053,-23.3249478],[-45.3206634,-23.2962993]]]}},{"type":"Feature","properties":{"level":"municipio","municipality_code":"3550100","municipality_name":"São Manuel","uf":"SP","state_code":"35","area_km2":650.734},"geometry":{"type":"Polygon","coordinates":[[[-48.5514949,-22.8575581],[-48.5786986,-22.8447524],[-48.5883226,-22.8181706],[-48.6068262,-22.8100485],[-48.611735,-22.7732183],[-48.6401926,-22.7796187],[-48.6497001,-22.7910619],[-48.729429,-22.7646631],[-48.7075729,-22.7337805],[-48.6914128,-22.737944],[-48.6886708,-22.6943425],[-48.6515659,-22.6884999],[-48.6205731,-22.6959179],[-48.6205896,-22.6687698],[-48.608043,-22.6528624],[-48.6249252,-22.6123265],[-48.6499973,-22.5887712],[-48.6500498,-22.5746254],[-48.6418865,-22.568748],[-48.6449581,-22.5366133],[-48.6242806,-22.548725],[-48.6150377,-22.5755618],[-48.5908853,-22.585507],[-48.5737106,-22.5780156],[-48.5610674,-22.5872186],[-48.5263198,-22.5740223],[-48.5130273,-22.5484965],[-48.5000668,-22.5525622],[-48.4447158,-22.539662],[-48.4058071,-22.5612002],[-48.3653814,-22.6088712],[-48.4140128,-22.6315923],[-48.4056326,-22.642129],[-48.4197472,-22.6631607],[-48.4122698,-22.6824372],[-48.4302629,-22.7076367],[-48.44619,-22.7144427],[-48.4469585,-22.7238773],[-48.476292,-22.7241356],[-48.4744606,-22.7734417],[-48.5000936,-22.8044074],[-48.5279103,-22.8077996],[-48.5434733,-22.8394028],[-48.5358647,-22.8448136],[-48.5514949,-22.8575581]]]}},{"type":"Feature","properties":{"level":"municipio","municipality_code":"3550209","municipality_name":"São Miguel Arcanjo","uf":"SP","state_code":"35","area_km2":930.339},"geometry":{"type":"Polygon","coordinates":[[[-48.0063181,-24.0670163],[-48.0188831,-24.0490756],[-48.0341415,-24.0438591],[-48.0396786,-24.0294079],[-48.0619732,-24.0141312],[-48.0775193,-24.0148023],[-48.0835741,-24.0035361],[-48.095616,-24.0157408],[-48.1112819,-24.0091861],[-48.1251385,-24.0142789],[-48.1260118,-24.0002943],[-48.1172995,-23.9894075],[-48.1271578,-23.9786431],[-48.1215577,-23.9638906],[-48.1668892,-23.9222456],[-48.1727376,-23.8901616],[-48.1808739,-23.8957715],[-48.1912319,-23.886975],[-48.1818381,-23.8728382],[-48.1890765,-23.8551867],[-48.2074619,-23.8495107],[-48.1922573,-23.8409614],[-48.1579673,-23.8427725],[-48.1201928,-23.824072],[-48.1158825,-23.8091743],[-48.0949277,-23.7984752],[-48.0521107,-23.7558686],[-48.0274484,-23.7675808],[-48.0069086,-23.7448754],[-47.938472,-23.7458994],[-47.9413481,-23.766473],[-47.9230764,-23.7933203],[-47.9102024,-23.7941444],[-47.8943433,-23.7802062],[-47.8656839,-23.783349],[-47.8579008,-23.8027535],[-47.8631241,-23.8139582],[-47.8406219,-23.84001],[-47.8445975,-23.8494119],[-47.8336252,-23.868849],[-47.8656908,-23.880141],[-47.876841,-23.9223229],[-47.861723,-23.9527163],[-47.8179621,-23.9527445],[-47.8136672,-23.9701237],[-47.8272549,-23.9884307],[-47.84375,-23.9893687],[-47.8629552,-24.0037402],[-47.8522863,-24.0219695],[-47.8632993,-24.0334195],[-47.869037,-24.0293051],[-47.8723086,-24.0497216],[-47.8886962,-24.0483655],[-47.8904237,-24.0577396],[-47.8799127,-24.0597903],[-47.9057033,-24.065844],[-47.8949127,-24.0775201],[-47.9017505,-24.0936497],[-47.9382211,-24.0994693],[-47.9496828,-24.1197454],[-47.9717012,-24.0997049],[-47.9800748,-24.0755827],[-47.9979052,-24.0739498],[-47.9999338,-24.0629008],[-48.0063181,-24.0670163]]]}},{"type":"Feature","properties":{"level":"municipio","municipality_code":"3550308","municipality_name":"São Paulo","uf":"SP","state_code":"35","area_km2":1521.202},"geometry":{"type":"Polygon","coordinates":[[[-46.616308,-23.872549],[-46.608673,-23.9151916],[-46.6168826,-23.9335585],[-46.6071311,-23.9386572],[-46.6065307,-23.9569451],[-46.6125394,-23.9699316],[-46.635708,-23.977319],[-46.629538,-23.991241],[-46.649908,-24.001601],[-46.661937,-23.988102],[-46.685496,-23.98242],[-46.714482,-23.996115],[-46.743319,-23.991892],[-46.772017,-24.007698],[-46.754843,-23.972893],[-46.786161,-23.94187],[-46.806898,-23.938153],[-46.811818,-23.917103],[-46.80737,-23.886521],[-46.799706,-23.893723],[-46.776699,-23.893023],[-46.77995,-23.842392],[-46.764778,-23.842787],[-46.762508,-23.836361],[-46.773799,-23.817739],[-46.801729,-23.808781],[-46.787949,-23.786994],[-46.79008,-23.77608],[-46.769122,-23.755968],[-46.796043,-23.739127],[-46.791489,-23.7017511],[-46.800709,-23.697967],[-46.801558,-23.684941],[-46.792713,-23.647191],[-46.749202,-23.604443],[-46.760685,-23.594916],[-46.807285,-23.609142],[-46.808999,-23.598647],[-46.806459,-23.58401],[-46.765092,-23.56325],[-46.760264,-23.529494],[-46.747045,-23.520377],[-46.763971,-23.506406],[-46.755484,-23.496189],[-46.766328,-23.49129],[-46.775115,-23.471787],[-46.769252,-23.458478],[-46.77696,-23.465061],[-46.796027,-23.46293],[-46.799528,-23.471383],[-46.826199,-23.408818],[-46.823046,-23.400995],[-46.802715,-23.394789],[-46.799391,-23.40284],[-46.783283,-23.404101],[-46.76407,-23.3849],[-46.721621,-23.396354],[-46.698959,-23.423874],[-46.686588,-23.426962],[-46.676971,-23.41544],[-46.656432,-23.430942],[-46.634253,-23.429275],[-46.621506,-23.422491],[-46.623173,-23.416599],[-46.612607,-23.417355],[-46.600605,-23.38844],[-46.579913,-23.373802],[-46.56852,-23.375736],[-46.549325,-23.356294],[-46.535438,-23.363305],[-46.556436,-23.409589],[-46.566684,-23.415517],[-46.570683,-23.456841],[-46.558045,-23.5081],[-46.511097,-23.478792],[-46.460472,-23.483031],[-46.410833,-23.470372],[-46.401352,-23.486862],[-46.381939,-23.472089],[-46.365182,-23.505335],[-46.395572,-23.530896],[-46.38772,-23.545656],[-46.395054,-23.548956],[-46.392471,-23.557297],[-46.379748,-23.562612],[-46.383741,-23.579221],[-46.37728,-23.589643],[-46.39944,-23.605876],[-46.3980154,-23.6187798],[-46.421087,-23.643656],[-46.430061,-23.636119],[-46.443106,-23.64393],[-46.472313,-23.638835],[-46.482166,-23.623738],[-46.506184,-23.625794],[-46.521577,-23.613907],[-46.546687,-23.605651],[-46.557491,-23.612044],[-46.579,-23.599524],[-46.584591,-23.645174],[-46.626395,-23.659542],[-46.635732,-23.69025],[-46.616357,-23.710513],[-46.652046,-23.730793],[-46.646271,-23.755896],[-46.623054,-23.785255],[-46.624356,-23.818766],[-46.6351157,-23.8385032],[-46.616308,-23.872549]]]}},{"type":"Feature","properties":{"level":"municipio","municipality_code":"3550407","municipality_name":"São Pedro","uf":"SP","state_code":"35","area_km2":611.278},"geometry":{"type":"Polygon","coordinates":[[[-47.9116381,-22.4321128],[-47.8927521,-22.4243299],[-47.8786422,-22.4344308],[-47.8620121,-22.4292461],[-47.8529157,-22.4321439],[-47.8565626,-22.4434692],[-47.8256622,-22.443195],[-47.8135779,-22.4569678],[-47.7929288,-22.4481892],[-47.7873369,-22.4753553],[-47.8093299,-22.4973471],[-47.8118569,-22.5183805],[-47.830913,-22.5430028],[-47.8164024,-22.5515421],[-47.8082158,-22.5798822],[-47.782436,-22.597243],[-47.801442,-22.634914],[-47.802088,-22.665739],[-47.821361,-22.67371],[-47.8802146,-22.6482562],[-47.9056915,-22.6624949],[-47.919583,-22.659536],[-47.9201187,-22.668548],[-47.904209,-22.680983],[-47.9140956,-22.6924579],[-47.930057,-22.676733],[-47.9264305,-22.6567506],[-47.930059,-22.652237],[-47.9322501,-22.6607526],[-47.9728313,-22.6668773],[-47.9867066,-22.6546054],[-48.021527,-22.660962],[-48.0710868,-22.644261],[-48.080629,-22.6193543],[-48.0693935,-22.5960847],[-48.0707186,-22.5728497],[-48.0549575,-22.5606417],[-48.0645953,-22.5468671],[-48.0595112,-22.5133519],[-47.9948347,-22.4938067],[-47.9966173,-22.4788004],[-47.9749393,-22.4636374],[-47.9825214,-22.4553919],[-47.9540201,-22.4442507],[-47.9495371,-22.431472],[-47.9170113,-22.4244236],[-47.9116381,-22.4321128]],[[-47.862793609680374,-22.60162231614526],[-47.877946,-22.589557],[-47.886443,-22.589224],[-47.887654,-22.603731],[-47.8629356,-22.6102358],[-47.862793609680374,-22.60162231614526]]]}},{"type":"Feature","properties":{"level":"municipio","municipality_code":"3550506","municipality_name":"São Pedro do Turvo","uf":"SP","state_code":"35","area_km2":731.221},"geometry":{"type":"Polygon","coordinates":[[[-49.7053948,-22.6247947],[-49.6879377,-22.6010544],[-49.6301442,-22.6239856],[-49.6249953,-22.649635],[-49.5962761,-22.6690404],[-49.6093691,-22.6993387],[-49.6013318,-22.7027952],[-49.60661,-22.7108753],[-49.5953969,-22.714347],[-49.6049391,-22.719458],[-49.6179949,-22.7128397],[-49.6245012,-22.7308757],[-49.6368876,-22.7339532],[-49.6317269,-22.7394147],[-49.6436285,-22.7592432],[-49.6508015,-22.764463],[-49.6627862,-22.7588514],[-49.6699604,-22.7666163],[-49.6751823,-22.758678],[-49.6824984,-22.7667844],[-49.6772403,-22.7752295],[-49.687241,-22.7832764],[-49.710507,-22.7773254],[-49.7259478,-22.790471],[-49.74,-22.7721135],[-49.7480721,-22.7814385],[-49.7447233,-22.7925133],[-49.7528021,-22.7972994],[-49.7474545,-22.801344],[-49.7604925,-22.8028516],[-49.7616232,-22.8327411],[-49.7787964,-22.8452526],[-49.7715852,-22.8529244],[-49.7801065,-22.8594712],[-49.7745722,-22.8665197],[-49.7798733,-22.8780097],[-49.8147621,-22.8548422],[-49.8843822,-22.8382219],[-49.885884,-22.8144618],[-49.8665098,-22.8081752],[-49.836603,-22.7645472],[-49.8478277,-22.7261127],[-49.8629802,-22.7173551],[-49.8710853,-22.7000939],[-49.8802739,-22.7060927],[-49.8909973,-22.700381],[-49.8914707,-22.6763092],[-49.902187,-22.666612],[-49.8877709,-22.6414329],[-49.8926836,-22.5504474],[-49.8853851,-22.5058139],[-49.853454,-22.5116454],[-49.8500897,-22.5234793],[-49.8342759,-22.5192617],[-49.8189628,-22.5268496],[-49.7720015,-22.5006463],[-49.748004,-22.5400975],[-49.7365002,-22.5883762],[-49.7053948,-22.6247947]]]}},{"type":"Feature","properties":{"level":"municipio","municipality_code":"3550605","municipality_name":"São Roque","uf":"SP","state_code":"35","area_km2":306.908},"geometry":{"type":"Polygon","coordinates":[[[-47.1336348,-23.6426348],[-47.178822,-23.64117],[-47.189945,-23.622728],[-47.208892,-23.613096],[-47.183294,-23.602157],[-47.16976,-23.548724],[-47.157758,-23.538922],[-47.169553,-23.503656],[-47.184241,-23.497961],[-47.187132,-23.482245],[-47.174514,-23.453118],[-47.189065,-23.434747],[-47.187199,-23.417768],[-47.138373,-23.411531],[-47.126246,-23.425302],[-47.139157,-23.440073],[-47.139354,-23.456178],[-47.126206,-23.462621],[-47.112967,-23.486746],[-47.071617,-23.475582],[-47.052134,-23.488517],[-47.043937,-23.516099],[-46.993484,-23.508942],[-46.9916247,-23.5293514],[-47.013164,-23.536354],[-47.006126,-23.554358],[-47.029898,-23.568089],[-47.024499,-23.579607],[-47.0412205,-23.6105741],[-47.0561783,-23.6187033],[-47.062039,-23.643868],[-47.079263,-23.653945],[-47.09613,-23.643182],[-47.109128,-23.651683],[-47.1336348,-23.6426348]]]}},{"type":"Feature","properties":{"level":"municipio","municipality_code":"3550704","municipality_name":"São Sebastião","uf":"SP","state_code":"35","area_km2":402.395},"geometry":{"type":"MultiPolygon","coordinates":[[[[-45.6914613,-24.0910736],[-45.6799297,-24.0977981],[-45.706277,-24.1131721],[-45.6914613,-24.0910736]]],[[[-45.7022865,-24.095588],[-45.70161,-24.0958596],[-45.7024988,-24.0965855],[-45.7022865,-24.095588]]],[[[-45.7051369,-24.0935388],[-45.7043774,-24.0939546],[-45.7053771,-24.0937764],[-45.7051369,-24.0935388]]],[[[-45.7171424,-24.0799247],[-45.7161449,-24.0799543],[-45.7171177,-24.0802457],[-45.7171424,-24.0799247]]],[[[-45.7181004,-24.0766064],[-45.7167029,-24.0766706],[-45.7181497,-24.0775249],[-45.7181004,-24.0766064]]],[[[-45.7736564,-23.8601883],[-45.7770824,-23.8686491],[-45.7869762,-23.8684672],[-45.7846545,-23.8596997],[-45.7736564,-23.8601883]]],[[[-45.670735,-23.8049878],[-45.6701434,-23.8070175],[-45.6714801,-23.8072787],[-45.670735,-23.8049878]]],[[[-45.7261853,-23.8022957],[-45.7148072,-23.8033651],[-45.7163052,-23.8062702],[-45.7261853,-23.8022957]]],[[[-45.7050189,-23.7890323],[-45.7109197,-23.7899029],[-45.7176626,-23.7935449],[-45.7109376,-23.7871041],[-45.7050189,-23.7890323]]],[[[-45.7997539,-23.7727306],[-45.8004028,-23.7737591],[-45.8007323,-23.7730715],[-45.7997539,-23.7727306]]],[[[-45.7467266,-23.7713341],[-45.7468234,-23.7719515],[-45.7472534,-23.7718801],[-45.7467266,-23.7713341]]],[[[-45.7537638,-23.7694481],[-45.7535291,-23.7697735],[-45.7538449,-23.7696045],[-45.7537638,-23.7694481]]],[[[-45.6590989,-24.0889464],[-45.6583237,-24.0888526],[-45.6591187,-24.0892229],[-45.6590989,-24.0889464]]],[[[-45.6635898,-24.0830771],[-45.6629324,-24.0834671],[-45.6631798,-24.0837979],[-45.6635898,-24.0830771]]],[[[-45.6563359,-24.0756599],[-45.6541497,-24.075523],[-45.6562182,-24.0768989],[-45.6563359,-24.0756599]]],[[[-45.5265218,-23.8500596],[-45.5205299,-23.8486668],[-45.5252062,-23.8563469],[-45.5265218,-23.8500596]]],[[[-45.4432282,-23.831223],[-45.4437145,-23.8322224],[-45.4439912,-23.8313479],[-45.4432282,-23.831223]]],[[[-45.4129083,-23.8279154],[-45.4127707,-23.8282849],[-45.4133822,-23.8283333],[-45.4129083,-23.8279154]]],[[[-45.5425407,-23.8277414],[-45.5411799,-23.828375],[-45.5426835,-23.8288658],[-45.5425407,-23.8277414]]],[[[-45.4698441,-23.8237525],[-45.4701957,-23.823806],[-45.4699205,-23.8235003],[-45.4698441,-23.8237525]]],[[[-45.4063633,-23.8163999],[-45.406269,-23.8161808],[-45.4061493,-23.8163107],[-45.4063633,-23.8163999]]],[[[-45.4071429,-23.8146878],[-45.4066104,-23.8155006],[-45.4075276,-23.8148738],[-45.4071429,-23.8146878]]],[[[-45.4061442,-23.8136458],[-45.4058512,-23.8142394],[-45.4063047,-23.8136968],[-45.4061442,-23.8136458]]],[[[-45.5117702,-23.8325151],[-45.5397046,-23.828832],[-45.5346228,-23.8183072],[-45.5547411,-23.8104052],[-45.5601955,-23.7925316],[-45.5875578,-23.7926744],[-45.6231068,-23.8050813],[-45.6255157,-23.7871012],[-45.6421305,-23.7845787],[-45.6436035,-23.7775924],[-45.6659314,-23.7859501],[-45.664078,-23.7789858],[-45.6727562,-23.7748018],[-45.692613,-23.7827354],[-45.7093247,-23.7706864],[-45.7175248,-23.7746348],[-45.7401193,-23.7676597],[-45.7523328,-23.767653],[-45.757041,-23.7706355],[-45.7675158,-23.7624323],[-45.8041089,-23.7698726],[-45.8077114,-23.7591072],[-45.8424023,-23.758196],[-45.794878,-23.715684],[-45.796058,-23.682972],[-45.7416925,-23.6681687],[-45.7196239,-23.6489117],[-45.7085915,-23.6607899],[-45.6801251,-23.6653883],[-45.668969,-23.6793152],[-45.6727724,-23.6905149],[-45.6640043,-23.7022895],[-45.6911295,-23.7143448],[-45.6944496,-23.7228026],[-45.6495137,-23.7264799],[-45.6256531,-23.7190668],[-45.6027051,-23.7280663],[-45.5728982,-23.7259022],[-45.5651668,-23.7437936],[-45.5329921,-23.7387513],[-45.544437,-23.748874],[-45.5332103,-23.7562687],[-45.5062864,-23.7279867],[-45.483812,-23.7239791],[-45.4858477,-23.7336488],[-45.4723515,-23.7513145],[-45.4771922,-23.7600041],[-45.4583199,-23.7441798],[-45.4558787,-23.72869],[-45.427229,-23.708481],[-45.4192942,-23.7261608],[-45.3974291,-23.7232774],[-45.4124771,-23.7535759],[-45.396868,-23.7805715],[-45.3961345,-23.8091138],[-45.4065297,-23.8095921],[-45.4087944,-23.8153173],[-45.4058895,-23.8208115],[-45.4322562,-23.8331346],[-45.4407393,-23.8267029],[-45.4463627,-23.8330666],[-45.4673533,-23.8191372],[-45.5026446,-23.8426375],[-45.5145665,-23.8420755],[-45.5117702,-23.8325151]]]]}},{"type":"Feature","properties":{"level":"municipio","municipality_code":"3550803","municipality_name":"São Sebastião da Grama","uf":"SP","state_code":"35","area_km2":252.41},"geometry":{"type":"Polygon","coordinates":[[[-46.82856,-21.7539133],[-46.8436007,-21.7589194],[-46.871834,-21.7087023],[-46.8576258,-21.6965826],[-46.8417396,-21.6964765],[-46.8167656,-21.6581313],[-46.8050113,-21.6601793],[-46.7971143,-21.6853827],[-46.7879617,-21.6813357],[-46.7766021,-21.6938384],[-46.7416956,-21.6959951],[-46.7283824,-21.7103179],[-46.6991007,-21.7087021],[-46.6616826,-21.7509503],[-46.6375414,-21.7491713],[-46.630685,-21.7686032],[-46.6539913,-21.7792464],[-46.6512016,-21.7894427],[-46.6708262,-21.8164812],[-46.702771,-21.8413561],[-46.7085471,-21.8288474],[-46.7264855,-21.8189963],[-46.7361778,-21.818501],[-46.750515,-21.8341713],[-46.7700573,-21.8262976],[-46.7703738,-21.8185921],[-46.8159223,-21.7806489],[-46.8164588,-21.7607999],[-46.82856,-21.7539133]]]}},{"type":"Feature","properties":{"level":"municipio","municipality_code":"3550902","municipality_name":"São Simão","uf":"SP","state_code":"35","area_km2":617.252},"geometry":{"type":"Polygon","coordinates":[[[-47.44383,-21.4911025],[-47.4266085,-21.5277944],[-47.4456022,-21.5545317],[-47.4460563,-21.5841747],[-47.450366,-21.5770431],[-47.5117296,-21.561912],[-47.5306829,-21.5654668],[-47.5437451,-21.5514798],[-47.5711549,-21.5589283],[-47.5994881,-21.5467725],[-47.6078397,-21.5825348],[-47.6425628,-21.592246],[-47.6396197,-21.5438943],[-47.6555892,-21.5306536],[-47.6688481,-21.4873754],[-47.6836293,-21.492656],[-47.6927532,-21.4815161],[-47.711514,-21.4815695],[-47.7126792,-21.4734901],[-47.7457073,-21.4584464],[-47.7988094,-21.4464689],[-47.8190302,-21.4219845],[-47.829769,-21.422386],[-47.8096963,-21.4109939],[-47.7766723,-21.4198806],[-47.7625469,-21.4138599],[-47.7246681,-21.4201395],[-47.7029871,-21.4055109],[-47.6974163,-21.3814941],[-47.6791278,-21.3752394],[-47.662546,-21.3816642],[-47.631394,-21.3594488],[-47.6256858,-21.3670577],[-47.5818395,-21.3678785],[-47.5739207,-21.3877808],[-47.540438,-21.4137788],[-47.5209063,-21.402078],[-47.4855838,-21.3991989],[-47.4569586,-21.373462],[-47.458761,-21.367001],[-47.4461145,-21.3685101],[-47.4410285,-21.3455439],[-47.4321349,-21.3419482],[-47.4225995,-21.3486164],[-47.4081263,-21.3401367],[-47.4112418,-21.3610755],[-47.390799,-21.3737566],[-47.3797489,-21.395327],[-47.389085,-21.3961527],[-47.3949046,-21.4152932],[-47.4302485,-21.450215],[-47.44383,-21.4911025]]]}},{"type":"Feature","properties":{"level":"municipio","municipality_code":"3551009","municipality_name":"São Vicente","uf":"SP","state_code":"35","area_km2":148.151},"geometry":{"type":"MultiPolygon","coordinates":[[[[-46.3676497,-23.9821012],[-46.3683322,-23.9823466],[-46.3681955,-23.9820431],[-46.3676497,-23.9821012]]],[[[-46.3885049,-23.9764907],[-46.3745755,-23.9854018],[-46.377996,-23.9937819],[-46.3920941,-23.9986285],[-46.400763,-23.984621],[-46.4322979,-23.9775286],[-46.4833116,-24.0065482],[-46.5092663,-23.9877704],[-46.5219053,-23.9584686],[-46.5177203,-23.9515457],[-46.5268249,-23.946424],[-46.5681332,-23.9694403],[-46.5930656,-23.9975],[-46.6316946,-24.0100227],[-46.6503339,-24.0025213],[-46.629209,-23.990858],[-46.635757,-23.977462],[-46.629636,-23.973185],[-46.59493,-23.965226],[-46.569671,-23.946789],[-46.565787,-23.953836],[-46.519947,-23.905342],[-46.496213,-23.899565],[-46.4774664,-23.918153],[-46.4474946,-23.9091959],[-46.4541489,-23.932917],[-46.4481374,-23.9411239],[-46.386333,-23.932998],[-46.39154,-23.941424],[-46.362389,-23.952633],[-46.3551256,-23.97107],[-46.367905,-23.9741233],[-46.3680014,-23.9817821],[-46.3756827,-23.9695843],[-46.3885049,-23.9764907]]]]}},{"type":"Feature","properties":{"level":"municipio","municipality_code":"3552601","municipality_name":"Tabapuã","uf":"SP","state_code":"35","area_km2":345.792},"geometry":{"type":"Polygon","coordinates":[[[-49.0436445,-21.0032945],[-49.1088955,-21.0285529],[-49.1079742,-21.0189957],[-49.1290036,-21.0001164],[-49.1193931,-20.9932178],[-49.1307922,-20.9821037],[-49.1324951,-20.9677406],[-49.1059491,-20.9325056],[-49.1129131,-20.9171971],[-49.1094763,-20.9034526],[-49.0914792,-20.8769826],[-49.1038988,-20.8634714],[-49.0917818,-20.8527939],[-49.0777777,-20.8114138],[-49.0604285,-20.8147139],[-49.0161368,-20.8544244],[-48.9840723,-20.8484825],[-48.9506089,-20.8670973],[-48.9424877,-20.8834568],[-48.9255613,-20.8761542],[-48.9037932,-20.8870054],[-48.9109938,-20.8937113],[-48.9087347,-20.9153249],[-48.9227819,-20.9141909],[-48.9522081,-20.9309863],[-48.9641412,-20.9625283],[-48.9540673,-20.9837798],[-48.9613442,-21.0305861],[-48.9426501,-21.0651483],[-48.9695299,-21.0490659],[-48.98094,-21.0245785],[-49.0075654,-21.0232684],[-49.0097842,-21.0115718],[-49.0329063,-21.0136134],[-49.0436445,-21.0032945]]]}},{"type":"Feature","properties":{"level":"municipio","municipality_code":"3552700","municipality_name":"Tabatinga","uf":"SP","state_code":"35","area_km2":368.604},"geometry":{"type":"Polygon","coordinates":[[[-48.7084887,-21.7810545],[-48.7516648,-21.7662343],[-48.7392836,-21.7535711],[-48.7407847,-21.6971983],[-48.694642,-21.6790667],[-48.6901261,-21.6861423],[-48.6771464,-21.6839524],[-48.6769149,-21.6266135],[-48.6464241,-21.6297965],[-48.6237701,-21.6174747],[-48.5980853,-21.6192451],[-48.582335,-21.6291542],[-48.5563771,-21.6202627],[-48.5344574,-21.6288105],[-48.5098739,-21.6245524],[-48.5023615,-21.6969728],[-48.4787805,-21.7076717],[-48.5048912,-21.7194202],[-48.527043,-21.7166754],[-48.5454724,-21.7271015],[-48.5527662,-21.742726],[-48.594906,-21.7546456],[-48.6020355,-21.765914],[-48.6223948,-21.7677524],[-48.6426616,-21.8158583],[-48.6639894,-21.8232541],[-48.673063,-21.8360726],[-48.684386,-21.8287651],[-48.6844466,-21.8365604],[-48.6933357,-21.8300937],[-48.6972139,-21.8351549],[-48.7133844,-21.825045],[-48.7133408,-21.8151774],[-48.7269291,-21.8119759],[-48.7261751,-21.7996857],[-48.7084887,-21.7810545]]]}},{"type":"Feature","properties":{"level":"municipio","municipality_code":"3552809","municipality_name":"Taboão da Serra","uf":"SP","state_code":"35","area_km2":20.388},"geometry":{"type":"Polygon","coordinates":[[[-46.749202,-23.604443],[-46.792651,-23.64718],[-46.821622,-23.635856],[-46.8094212,-23.6259447],[-46.8094742,-23.6093052],[-46.760663,-23.59492],[-46.749202,-23.604443]]]}},{"type":"Feature","properties":{"level":"municipio","municipality_code":"3552908","municipality_name":"Taciba","uf":"SP","state_code":"35","area_km2":606.766},"geometry":{"type":"Polygon","coordinates":[[[-51.2569868,-22.3316411],[-51.2424563,-22.3510218],[-51.2190003,-22.3556124],[-51.2194876,-22.377191],[-51.2466872,-22.4287633],[-51.2502938,-22.4662203],[-51.2587414,-22.4698373],[-51.2718522,-22.4990933],[-51.2738026,-22.5331945],[-51.2673479,-22.5416389],[-51.2736066,-22.5450208],[-51.2875243,-22.6081931],[-51.2802391,-22.6419055],[-51.290382,-22.6523508],[-51.2876303,-22.6585293],[-51.306495,-22.6744902],[-51.3736492,-22.6581329],[-51.4020163,-22.6679055],[-51.4247256,-22.6535108],[-51.4464102,-22.6529523],[-51.4569162,-22.6342132],[-51.4502687,-22.6283343],[-51.4585675,-22.5994272],[-51.4588453,-22.5736008],[-51.4460145,-22.5344582],[-51.4527595,-22.5156651],[-51.4337515,-22.4822484],[-51.40717,-22.4647043],[-51.4073765,-22.4466608],[-51.3913364,-22.4289262],[-51.3903805,-22.4025792],[-51.3681137,-22.3861835],[-51.3640191,-22.3590719],[-51.348593,-22.347713],[-51.3524162,-22.3238817],[-51.2569868,-22.3316411]]]}},{"type":"Feature","properties":{"level":"municipio","municipality_code":"3553005","municipality_name":"Taguaí","uf":"SP","state_code":"35","area_km2":145.332},"geometry":{"type":"Polygon","coordinates":[[[-49.4388477,-23.438746],[-49.4485292,-23.4220976],[-49.4437334,-23.416018],[-49.3897983,-23.3987562],[-49.3652732,-23.433341],[-49.322413,-23.4697944],[-49.3235988,-23.4777296],[-49.3366556,-23.4782143],[-49.3317166,-23.489207],[-49.348533,-23.5131866],[-49.3311344,-23.525356],[-49.3834497,-23.5256864],[-49.4004537,-23.5367474],[-49.4531904,-23.5275161],[-49.4764079,-23.5408752],[-49.4577655,-23.5191171],[-49.463609,-23.5114484],[-49.4562184,-23.4996027],[-49.4400168,-23.4896947],[-49.4566496,-23.4597072],[-49.4482872,-23.441794],[-49.4388477,-23.438746]]]}},{"type":"Feature","properties":{"level":"municipio","municipality_code":"3553104","municipality_name":"Taiaçu","uf":"SP","state_code":"35","area_km2":107.059},"geometry":{"type":"Polygon","coordinates":[[[-48.530729,-21.1884652],[-48.5387917,-21.1691747],[-48.5814047,-21.1656712],[-48.597695,-21.1431171],[-48.5902096,-21.1250901],[-48.5717292,-21.11424],[-48.5773541,-21.1008658],[-48.5670877,-21.0752699],[-48.5347987,-21.0912726],[-48.5183411,-21.0748118],[-48.4967871,-21.0776013],[-48.4808983,-21.1066363],[-48.4931161,-21.1329854],[-48.4787416,-21.1458169],[-48.4770971,-21.17932],[-48.530729,-21.1884652]]]}},{"type":"Feature","properties":{"level":"municipio","municipality_code":"3553203","municipality_name":"Taiúva","uf":"SP","state_code":"35","area_km2":132.459},"geometry":{"type":"Polygon","coordinates":[[[-48.4542535,-21.1835149],[-48.4770971,-21.17932],[-48.4787416,-21.1458169],[-48.4930437,-21.1340028],[-48.4808187,-21.107172],[-48.4924703,-21.08094],[-48.4806232,-21.0753361],[-48.4621044,-21.0797108],[-48.4521827,-21.0701859],[-48.4310014,-21.0953491],[-48.4088586,-21.0896321],[-48.3841264,-21.0979531],[-48.353593,-21.0816705],[-48.344744,-21.1053186],[-48.374674,-21.1103161],[-48.3483657,-21.1306305],[-48.3859782,-21.1685683],[-48.4214854,-21.1729904],[-48.427356,-21.1958835],[-48.4534201,-21.2122034],[-48.45906,-21.2023162],[-48.4542535,-21.1835149]]]}},{"type":"Feature","properties":{"level":"municipio","municipality_code":"3553302","municipality_name":"Tambaú","uf":"SP","state_code":"35","area_km2":561.788},"geometry":{"type":"Polygon","coordinates":[[[-47.3233909,-21.7150052],[-47.3373384,-21.6678389],[-47.3268131,-21.6686891],[-47.3222221,-21.6499535],[-47.3421613,-21.6422103],[-47.3806019,-21.6498117],[-47.3992252,-21.6137409],[-47.3642764,-21.5936931],[-47.350315,-21.5644569],[-47.2852509,-21.5483424],[-47.2763683,-21.5256697],[-47.2822922,-21.5156152],[-47.2745998,-21.487644],[-47.2787183,-21.4684323],[-47.2641954,-21.4513164],[-47.2424161,-21.442226],[-47.2473922,-21.4680165],[-47.2353525,-21.4703621],[-47.2218324,-21.459225],[-47.2056332,-21.4638403],[-47.2131551,-21.4765875],[-47.1987954,-21.4909086],[-47.1776285,-21.4829186],[-47.1455788,-21.5002659],[-47.130703,-21.4939885],[-47.1222657,-21.511178],[-47.1307467,-21.5243984],[-47.1045119,-21.526528],[-47.1025741,-21.5391467],[-47.0836692,-21.5476059],[-47.0891241,-21.5650448],[-47.100385,-21.5684608],[-47.0978394,-21.5780268],[-47.1240181,-21.5923045],[-47.1235677,-21.6236327],[-47.1580944,-21.6295511],[-47.1649727,-21.6660626],[-47.2078326,-21.7169273],[-47.2314867,-21.7332784],[-47.2409485,-21.7578538],[-47.2587833,-21.74351],[-47.2805826,-21.7419077],[-47.2933876,-21.7523235],[-47.3036808,-21.7373111],[-47.3294988,-21.7277703],[-47.3233909,-21.7150052]]]}},{"type":"Feature","properties":{"level":"municipio","municipality_code":"3553401","municipality_name":"Tanabi","uf":"SP","state_code":"35","area_km2":747.218},"geometry":{"type":"Polygon","coordinates":[[[-49.6490399,-20.6902519],[-49.7112948,-20.6350675],[-49.7343508,-20.6368482],[-49.7462256,-20.6246255],[-49.7709203,-20.6204125],[-49.7915366,-20.5925927],[-49.8152588,-20.5972791],[-49.8385558,-20.6143641],[-49.8707377,-20.5907987],[-49.8391124,-20.5740612],[-49.8011931,-20.5316242],[-49.7609325,-20.5269405],[-49.7417666,-20.5349719],[-49.739717,-20.5087944],[-49.7052433,-20.486819],[-49.6810601,-20.4287802],[-49.6853706,-20.4145388],[-49.6677556,-20.3672289],[-49.6186648,-20.3217329],[-49.6095901,-20.3341117],[-49.5959711,-20.3302411],[-49.59598,-20.3436154],[-49.5758766,-20.3497785],[-49.5824982,-20.3578359],[-49.5665657,-20.3548845],[-49.5713204,-20.3682428],[-49.5609109,-20.3743208],[-49.5658555,-20.3850553],[-49.5505769,-20.3863741],[-49.5551873,-20.3978852],[-49.5448284,-20.4049644],[-49.5522665,-20.4178607],[-49.5448666,-20.4435534],[-49.5374459,-20.4465269],[-49.541748,-20.4525126],[-49.518079,-20.4693029],[-49.5242179,-20.4857187],[-49.5065618,-20.4815252],[-49.4911511,-20.4946543],[-49.5316527,-20.5345549],[-49.5377529,-20.6145703],[-49.5580953,-20.6261993],[-49.5800691,-20.6714779],[-49.5970735,-20.6881123],[-49.5931765,-20.7007409],[-49.6236509,-20.7146842],[-49.6429081,-20.709142],[-49.6490399,-20.6902519]]]}},{"type":"Feature","properties":{"level":"municipio","municipality_code":"3553609","municipality_name":"Tapiratiba","uf":"SP","state_code":"35","area_km2":221.891},"geometry":{"type":"Polygon","coordinates":[[[-46.7241559,-21.3917109],[-46.7059624,-21.4048439],[-46.6667242,-21.3612917],[-46.6479372,-21.3635304],[-46.6487303,-21.3917213],[-46.6160782,-21.4302511],[-46.6261809,-21.4274052],[-46.6505948,-21.4397339],[-46.6771618,-21.4341512],[-46.7065982,-21.4437278],[-46.7227403,-21.4731686],[-46.6976254,-21.4961628],[-46.7015538,-21.5062126],[-46.7771753,-21.552245],[-46.78491,-21.5434321],[-46.7826928,-21.5277466],[-46.7944189,-21.5243914],[-46.7896318,-21.5214259],[-46.8116915,-21.5253219],[-46.8124205,-21.5096354],[-46.8224397,-21.5138792],[-46.8319566,-21.5059765],[-46.8364019,-21.470192],[-46.8318484,-21.462165],[-46.8181739,-21.4621514],[-46.8187585,-21.4413671],[-46.8046536,-21.4380355],[-46.8059251,-21.4266527],[-46.7879102,-21.4255309],[-46.77433,-21.4145185],[-46.7823591,-21.3717308],[-46.776398,-21.3628248],[-46.7588384,-21.3629046],[-46.7586845,-21.3787884],[-46.7389748,-21.3925723],[-46.7241559,-21.3917109]]]}},{"type":"Feature","properties":{"level":"municipio","municipality_code":"3553500","municipality_name":"Tapiraí","uf":"SP","state_code":"35","area_km2":755.101},"geometry":{"type":"Polygon","coordinates":[[[-47.5140311,-23.8979418],[-47.5104145,-23.8916371],[-47.4718932,-23.9008654],[-47.4565093,-23.8933884],[-47.4563959,-23.9049877],[-47.4330752,-23.9032452],[-47.4359544,-23.931733],[-47.4239397,-23.943007],[-47.440175,-23.9535974],[-47.4322332,-23.9674207],[-47.4210766,-23.9617775],[-47.4064638,-23.9665899],[-47.3839607,-23.9879938],[-47.3859609,-23.9954096],[-47.3691343,-23.9984121],[-47.3726127,-24.0088245],[-47.3629032,-24.0068191],[-47.355774,-24.0295561],[-47.3769459,-24.0484953],[-47.4215415,-24.0686291],[-47.4519545,-24.0515635],[-47.4630673,-24.0601607],[-47.4650531,-24.076327],[-47.4773281,-24.0813234],[-47.5029058,-24.0497857],[-47.5430044,-24.0372014],[-47.562186,-24.0391371],[-47.570456,-24.0780219],[-47.5828118,-24.0754528],[-47.5919308,-24.0884169],[-47.5960099,-24.0797849],[-47.6284538,-24.1139879],[-47.6360295,-24.0996885],[-47.6137533,-24.0446841],[-47.6256255,-24.0343053],[-47.6378877,-24.0438176],[-47.6728359,-24.0411536],[-47.7024776,-24.0737813],[-47.7251312,-24.0809281],[-47.7357805,-24.1029897],[-47.7235017,-24.1065195],[-47.7247138,-24.1181054],[-47.7727305,-24.1344468],[-47.7756963,-24.1277452],[-47.7925169,-24.1350926],[-47.8274617,-24.1335381],[-47.8314739,-24.1217902],[-47.8499478,-24.1167265],[-47.8584954,-24.1226028],[-47.8632815,-24.1139506],[-47.8566986,-24.1021471],[-47.8680783,-24.0764935],[-47.8948323,-24.0793149],[-47.9068375,-24.0702773],[-47.8799127,-24.0597903],[-47.8904237,-24.0577396],[-47.8886962,-24.0483655],[-47.8723086,-24.0497216],[-47.869037,-24.0293051],[-47.8632993,-24.0334195],[-47.8522863,-24.0219695],[-47.8629552,-24.0037402],[-47.8231845,-23.9851252],[-47.8105123,-23.9529862],[-47.8011229,-23.9530911],[-47.8048714,-23.963468],[-47.7844704,-23.9866088],[-47.7666839,-23.9836429],[-47.7575724,-23.9948045],[-47.7415828,-23.9875956],[-47.7179029,-24.0093796],[-47.7115046,-23.9920665],[-47.6859416,-23.9934604],[-47.6694888,-23.9817578],[-47.6623538,-23.9729612],[-47.6716627,-23.9663723],[-47.6668901,-23.9595081],[-47.6594072,-23.9665504],[-47.6534269,-23.9579368],[-47.646404,-23.9640523],[-47.62775,-23.952547],[-47.6302253,-23.9355695],[-47.611175,-23.9272692],[-47.6115136,-23.9159546],[-47.5935841,-23.9046864],[-47.6138215,-23.8951],[-47.6065887,-23.8668265],[-47.5416421,-23.86726],[-47.5290388,-23.8920205],[-47.5140311,-23.8979418]]]}},{"type":"Feature","properties":{"level":"municipio","municipality_code":"3553658","municipality_name":"Taquaral","uf":"SP","state_code":"35","area_km2":53.892},"geometry":{"type":"Polygon","coordinates":[[[-48.3712829,-21.0585411],[-48.3240632,-21.0525053],[-48.3168509,-21.0586292],[-48.3841264,-21.0979531],[-48.4088586,-21.0896321],[-48.4310014,-21.0953491],[-48.4451479,-21.074636],[-48.4526576,-21.0701527],[-48.4581486,-21.0783428],[-48.4606997,-21.0702973],[-48.4561112,-21.0528221],[-48.4330668,-21.0374442],[-48.4301345,-21.0497815],[-48.3890271,-21.0440729],[-48.3712829,-21.0585411]]]}},{"type":"Feature","properties":{"level":"municipio","municipality_code":"3553708","municipality_name":"Taquaritinga","uf":"SP","state_code":"35","area_km2":594.335},"geometry":{"type":"Polygon","coordinates":[[[-48.5426345,-21.3525493],[-48.5128439,-21.344187],[-48.4945003,-21.3472561],[-48.4784821,-21.3317695],[-48.4510234,-21.3465889],[-48.4366819,-21.3418979],[-48.4284905,-21.319326],[-48.3914934,-21.3169049],[-48.3785523,-21.3247803],[-48.3517057,-21.3211564],[-48.3365434,-21.3314852],[-48.3342369,-21.348138],[-48.3118164,-21.3607467],[-48.3358396,-21.3852449],[-48.3715378,-21.4015457],[-48.4033686,-21.3988138],[-48.4021408,-21.4168834],[-48.4270616,-21.434499],[-48.4405234,-21.4606641],[-48.4601626,-21.4715153],[-48.4737813,-21.5156014],[-48.5284493,-21.5198997],[-48.5544289,-21.5326644],[-48.575525,-21.5165896],[-48.6035945,-21.5140609],[-48.6112931,-21.5202592],[-48.6003657,-21.5265049],[-48.6202747,-21.5372327],[-48.637781,-21.566468],[-48.6517685,-21.5457046],[-48.6666292,-21.5448097],[-48.6632773,-21.4892805],[-48.7090619,-21.4883833],[-48.7052917,-21.4790232],[-48.7163766,-21.4668226],[-48.7192471,-21.4475744],[-48.714716,-21.4311267],[-48.7259496,-21.4202679],[-48.713666,-21.3975408],[-48.690817,-21.3943301],[-48.6583081,-21.3669888],[-48.650903,-21.3656555],[-48.6364923,-21.3880583],[-48.6101908,-21.3942957],[-48.6017518,-21.364799],[-48.5838886,-21.3427328],[-48.5532929,-21.3389389],[-48.5426345,-21.3525493]]]}},{"type":"Feature","properties":{"level":"municipio","municipality_code":"3553807","municipality_name":"Taquarituba","uf":"SP","state_code":"35","area_km2":448.515},"geometry":{"type":"Polygon","coordinates":[[[-49.2439923,-23.6280248],[-49.3393105,-23.5492989],[-49.3176228,-23.5381155],[-49.348533,-23.5131866],[-49.3317166,-23.489207],[-49.3366556,-23.4782143],[-49.3218963,-23.4718644],[-49.3604983,-23.4351347],[-49.3617608,-23.4232757],[-49.3238388,-23.4020665],[-49.3029297,-23.4068154],[-49.2935354,-23.4176068],[-49.2557519,-23.4075975],[-49.2291287,-23.4208998],[-49.2131171,-23.4175117],[-49.1906732,-23.4293419],[-49.1809833,-23.4241971],[-49.1788738,-23.4328882],[-49.1889866,-23.4410457],[-49.1562283,-23.4762289],[-49.1706815,-23.4921965],[-49.1544223,-23.5097795],[-49.1648194,-23.5177048],[-49.1612905,-23.5416555],[-49.1555124,-23.5505842],[-49.1403945,-23.5448889],[-49.1302328,-23.5589191],[-49.1175948,-23.5601992],[-49.127198,-23.5847749],[-49.1279803,-23.5981205],[-49.1204554,-23.6044068],[-49.1357352,-23.6132713],[-49.1331706,-23.6239634],[-49.1207107,-23.6276172],[-49.1220028,-23.6458686],[-49.1363372,-23.6615736],[-49.1772175,-23.6488026],[-49.2034948,-23.6542652],[-49.2222601,-23.6677341],[-49.2446262,-23.6550923],[-49.2634644,-23.6297441],[-49.2439923,-23.6280248]]]}},{"type":"Feature","properties":{"level":"municipio","municipality_code":"3553856","municipality_name":"Taquarivaí","uf":"SP","state_code":"35","area_km2":231.792},"geometry":{"type":"Polygon","coordinates":[[[-48.6947224,-24.018672],[-48.7075589,-23.9887921],[-48.7035077,-23.9789288],[-48.7148985,-23.9691913],[-48.7113902,-23.9566009],[-48.7291172,-23.9624385],[-48.741787,-23.9796562],[-48.7878385,-23.9906882],[-48.7736992,-23.9766466],[-48.7785659,-23.9532676],[-48.7675106,-23.9327573],[-48.7742034,-23.9143192],[-48.7671969,-23.8971814],[-48.7821127,-23.8638025],[-48.7955368,-23.854084],[-48.7917245,-23.8489576],[-48.7597515,-23.8595973],[-48.7414757,-23.8526858],[-48.7265869,-23.8581159],[-48.7162898,-23.8503763],[-48.6911544,-23.8839799],[-48.6635846,-23.8978563],[-48.669461,-23.9109095],[-48.6589222,-23.9269526],[-48.6318114,-23.9361834],[-48.5472969,-23.9378906],[-48.5657606,-23.9451902],[-48.5609464,-23.9595873],[-48.5805254,-23.9643623],[-48.577592,-23.9719391],[-48.5866652,-23.9743036],[-48.5817519,-23.9828271],[-48.6006716,-23.9857784],[-48.6283895,-24.0231481],[-48.6407258,-24.0158368],[-48.6545876,-24.0306673],[-48.6658893,-24.0247574],[-48.6777561,-24.0315542],[-48.6947224,-24.018672]]]}},{"type":"Feature","properties":{"level":"municipio","municipality_code":"3553906","municipality_name":"Tarabai","uf":"SP","state_code":"35","area_km2":201.385},"geometry":{"type":"Polygon","coordinates":[[[-51.6224633,-22.3181626],[-51.614007,-22.309139],[-51.6206626,-22.2845891],[-51.6120804,-22.2799778],[-51.602959,-22.2858505],[-51.571635,-22.281127],[-51.533681,-22.292631],[-51.552232,-22.318251],[-51.558849,-22.390447],[-51.6023705,-22.4046462],[-51.621726,-22.4281067],[-51.635906,-22.4204593],[-51.6592833,-22.4467963],[-51.6813338,-22.4342281],[-51.7111483,-22.3923964],[-51.712217,-22.351011],[-51.687506,-22.341347],[-51.660608,-22.307731],[-51.637121,-22.296886],[-51.6224633,-22.3181626]]]}},{"type":"Feature","properties":{"level":"municipio","municipality_code":"3553955","municipality_name":"Tarumã","uf":"SP","state_code":"35","area_km2":302.913},"geometry":{"type":"Polygon","coordinates":[[[-50.6065515,-22.872396],[-50.6393845,-22.8483266],[-50.6542216,-22.8183296],[-50.6764429,-22.7980107],[-50.6787817,-22.7807006],[-50.6963543,-22.7822636],[-50.706756,-22.7699447],[-50.7022689,-22.7375324],[-50.6590626,-22.6893758],[-50.6425904,-22.6764687],[-50.5874081,-22.6737382],[-50.572608,-22.691361],[-50.5503003,-22.6850645],[-50.549888,-22.6946019],[-50.5335649,-22.7092763],[-50.5196871,-22.6974697],[-50.5082419,-22.7024811],[-50.5031692,-22.7372911],[-50.5189464,-22.7687827],[-50.5244354,-22.8328938],[-50.5706681,-22.8457062],[-50.6065515,-22.872396]]]}},{"type":"Feature","properties":{"level":"municipio","municipality_code":"3554003","municipality_name":"Tatuí","uf":"SP","state_code":"35","area_km2":523.749},"geometry":{"type":"Polygon","coordinates":[[[-47.7449333,-23.3424585],[-47.7356163,-23.3578684],[-47.7356431,-23.3500713],[-47.7264996,-23.3543864],[-47.7307156,-23.3675214],[-47.724672,-23.3842036],[-47.7617119,-23.398774],[-47.7698501,-23.4142805],[-47.7632777,-23.4197577],[-47.7765778,-23.4314235],[-47.7599134,-23.4357486],[-47.7606278,-23.4423291],[-47.7864087,-23.4489062],[-47.7850542,-23.476709],[-47.8026094,-23.4717246],[-47.8072143,-23.4886962],[-47.8234868,-23.4767097],[-47.8472295,-23.4830649],[-47.8512801,-23.463455],[-47.8700189,-23.4455297],[-47.8882736,-23.4500624],[-47.8987741,-23.4433967],[-47.9142495,-23.4481834],[-47.9227117,-23.4614054],[-47.9355914,-23.4623543],[-47.9440408,-23.4463863],[-47.931707,-23.4199588],[-47.9490962,-23.408385],[-47.9561856,-23.4182711],[-47.9683843,-23.41266],[-47.9998919,-23.430739],[-48.0459326,-23.432013],[-48.052993,-23.3894322],[-48.0832743,-23.3727511],[-48.0297136,-23.3833446],[-47.996734,-23.3637449],[-47.9859215,-23.3648435],[-47.9839065,-23.3460555],[-47.9587392,-23.3272936],[-47.9532549,-23.309986],[-47.9584955,-23.3062564],[-47.9491412,-23.2958725],[-47.9565966,-23.2874252],[-47.9491437,-23.2772914],[-47.9281875,-23.279276],[-47.8982663,-23.2637138],[-47.8750937,-23.2620076],[-47.8451019,-23.2358124],[-47.8409898,-23.2474146],[-47.8249528,-23.2531407],[-47.8145744,-23.2282797],[-47.8066333,-23.2368572],[-47.7952341,-23.2287349],[-47.7850868,-23.2313898],[-47.7835255,-23.222375],[-47.7828788,-23.2519253],[-47.7698128,-23.2549934],[-47.7800253,-23.263044],[-47.7667569,-23.2649517],[-47.7779749,-23.270705],[-47.7610355,-23.2829616],[-47.7757915,-23.2927402],[-47.7624368,-23.3015671],[-47.7796399,-23.3189948],[-47.767984,-23.3283107],[-47.7602895,-23.3214843],[-47.7579334,-23.3381261],[-47.738156,-23.3303585],[-47.7449333,-23.3424585]]]}},{"type":"Feature","properties":{"level":"municipio","municipality_code":"3554102","municipality_name":"Taubaté","uf":"SP","state_code":"35","area_km2":625.003},"geometry":{"type":"Polygon","coordinates":[[[-45.5938672,-23.1347029],[-45.6296509,-23.1154615],[-45.6361724,-23.0899465],[-45.6309596,-23.0813073],[-45.6659253,-23.0305776],[-45.6741198,-23.0460594],[-45.6974137,-23.0265009],[-45.7027147,-23.0072304],[-45.7133764,-23.0097789],[-45.7112303,-22.9900061],[-45.725088,-22.9694458],[-45.7058253,-22.9486194],[-45.6781787,-22.975713],[-45.6494439,-22.9849994],[-45.6338902,-23.001196],[-45.570045,-22.9872458],[-45.5458358,-22.998665],[-45.50181,-22.9797141],[-45.4943532,-23.0147664],[-45.4390198,-23.0714564],[-45.3623917,-23.0066484],[-45.3510134,-23.0085885],[-45.3397754,-23.0314854],[-45.2942232,-23.0270804],[-45.2891565,-23.0460663],[-45.3140514,-23.057119],[-45.2965068,-23.0850429],[-45.3000725,-23.0931251],[-45.3284337,-23.0849234],[-45.3472755,-23.0982616],[-45.3437507,-23.1090541],[-45.3541028,-23.137396],[-45.3877703,-23.1588897],[-45.3969884,-23.1806652],[-45.4039138,-23.1799177],[-45.4253937,-23.2054917],[-45.4421168,-23.2076859],[-45.450895,-23.2212837],[-45.5027528,-23.2203547],[-45.5200317,-23.1994542],[-45.5217537,-23.1765716],[-45.5455759,-23.1762164],[-45.5551168,-23.1608337],[-45.5688337,-23.1598623],[-45.5879881,-23.1789895],[-45.5977004,-23.177473],[-45.6095202,-23.1633543],[-45.5938672,-23.1347029]]]}},{"type":"Feature","properties":{"level":"municipio","municipality_code":"3554201","municipality_name":"Tejupá","uf":"SP","state_code":"35","area_km2":296.189},"geometry":{"type":"Polygon","coordinates":[[[-49.3377508,-23.2628088],[-49.2942602,-23.2804658],[-49.282193,-23.272413],[-49.2517797,-23.2708705],[-49.2352536,-23.2855152],[-49.2195011,-23.2874793],[-49.2167082,-23.3007691],[-49.2037982,-23.3070523],[-49.2168077,-23.3512751],[-49.204842,-23.3820099],[-49.2235862,-23.3857158],[-49.206904,-23.4049443],[-49.2141133,-23.4187717],[-49.2291287,-23.4208998],[-49.257082,-23.4075774],[-49.2935354,-23.4176068],[-49.3172519,-23.4006338],[-49.3587962,-23.4191095],[-49.3604983,-23.4351347],[-49.3950101,-23.3955138],[-49.3945099,-23.3559419],[-49.418379,-23.3378431],[-49.4027625,-23.3300223],[-49.3971075,-23.3046926],[-49.3874873,-23.3010862],[-49.3997433,-23.2809606],[-49.3833724,-23.2646643],[-49.3377508,-23.2628088]]]}},{"type":"Feature","properties":{"level":"municipio","municipality_code":"3554300","municipality_name":"Teodoro Sampaio","uf":"SP","state_code":"35","area_km2":1555.803},"geometry":{"type":"Polygon","coordinates":[[[-52.6538883,-22.3566927],[-52.6553386,-22.3031441],[-52.6295231,-22.2823957],[-52.6019914,-22.2719514],[-52.5791872,-22.2519528],[-52.49877,-22.223548],[-52.4799657,-22.2008818],[-52.4334953,-22.1806794],[-52.3906769,-22.21132],[-52.297782,-22.2524552],[-52.2845824,-22.2733981],[-52.2406186,-22.2909489],[-52.2093552,-22.2861322],[-52.2174067,-22.300078],[-52.2132607,-22.3227933],[-52.2320559,-22.3386711],[-52.2233787,-22.3927869],[-52.1812304,-22.4804406],[-52.1355542,-22.5269146],[-52.1609654,-22.5894509],[-52.156678,-22.6447189],[-52.2225772,-22.6755354],[-52.2308583,-22.6335202],[-52.2504131,-22.6154264],[-52.2786947,-22.6203902],[-52.3053745,-22.636817],[-52.3686111,-22.6293368],[-52.4456925,-22.6082796],[-52.4554911,-22.5699982],[-52.4515562,-22.5513284],[-52.4659955,-22.5333636],[-52.4594005,-22.5092635],[-52.4679916,-22.5027801],[-52.4683625,-22.4666586],[-52.4790497,-22.4439707],[-52.4652964,-22.4178747],[-52.4861607,-22.4113174],[-52.5135353,-22.3873059],[-52.5441262,-22.396273],[-52.5563214,-22.3924026],[-52.5818028,-22.4130415],[-52.629557,-22.3969147],[-52.6449321,-22.3818317],[-52.6538883,-22.3566927]]]}},{"type":"Feature","properties":{"level":"municipio","municipality_code":"3554409","municipality_name":"Terra Roxa","uf":"SP","state_code":"35","area_km2":221.541},"geometry":{"type":"Polygon","coordinates":[[[-48.294272,-20.7206962],[-48.2734234,-20.7436823],[-48.2573487,-20.7405038],[-48.2434927,-20.7765701],[-48.2573389,-20.7962448],[-48.259725,-20.8166793],[-48.2946388,-20.8328335],[-48.3434941,-20.8325588],[-48.3585697,-20.8194863],[-48.3809634,-20.8415373],[-48.4093491,-20.8542543],[-48.4077135,-20.8410287],[-48.4453842,-20.7980127],[-48.4509625,-20.7768064],[-48.4253901,-20.762554],[-48.441666,-20.7524219],[-48.4129266,-20.7463908],[-48.3382925,-20.6955434],[-48.3205066,-20.7252221],[-48.294272,-20.7206962]]]}},{"type":"Feature","properties":{"level":"municipio","municipality_code":"3554508","municipality_name":"Tietê","uf":"SP","state_code":"35","area_km2":404.396},"geometry":{"type":"Polygon","coordinates":[[[-47.6842589,-23.1965266],[-47.6884527,-23.1716962],[-47.7133167,-23.1582225],[-47.7139763,-23.1406738],[-47.7458105,-23.1347322],[-47.7501418,-23.0918212],[-47.7927128,-23.0477837],[-47.7611739,-23.0366697],[-47.7677085,-23.0296142],[-47.7837572,-23.0325809],[-47.7916057,-23.0170691],[-47.76692,-23.0150665],[-47.747617,-23.0017014],[-47.7571633,-22.9978093],[-47.7811385,-23.0091385],[-47.7659915,-22.979994],[-47.817074,-22.977753],[-47.8267049,-22.9422235],[-47.8204067,-22.9428887],[-47.8232871,-22.9249796],[-47.8121272,-22.9225514],[-47.8069049,-22.876904],[-47.7633276,-22.9039959],[-47.7602476,-22.922151],[-47.745903,-22.9328325],[-47.7225267,-22.9332349],[-47.7143193,-22.912017],[-47.7011879,-22.918663],[-47.6657544,-22.9841951],[-47.6682988,-22.9937805],[-47.6600447,-22.9975655],[-47.6613125,-23.0283772],[-47.652073,-23.043204],[-47.629074,-23.043669],[-47.6264173,-23.0759739],[-47.6131208,-23.0688294],[-47.5929378,-23.0763828],[-47.6147651,-23.1095412],[-47.6217064,-23.1154552],[-47.6278831,-23.1091232],[-47.6303394,-23.1169245],[-47.6243035,-23.1418385],[-47.5981682,-23.1308451],[-47.5841776,-23.1520919],[-47.6093946,-23.1485795],[-47.6159252,-23.1818367],[-47.6901158,-23.2232341],[-47.7039105,-23.211017],[-47.6955407,-23.1985479],[-47.6842589,-23.1965266]]]}},{"type":"Feature","properties":{"level":"municipio","municipality_code":"3554607","municipality_name":"Timburi","uf":"SP","state_code":"35","area_km2":196.79},"geometry":{"type":"Polygon","coordinates":[[[-49.545594,-23.1697985],[-49.5354376,-23.1763274],[-49.5423661,-23.1934102],[-49.5221998,-23.2057871],[-49.5497086,-23.2452139],[-49.5403568,-23.2806071],[-49.5605012,-23.2589617],[-49.6271459,-23.2817728],[-49.6471038,-23.251712],[-49.6537516,-23.212037],[-49.6832659,-23.1736114],[-49.6783199,-23.1650617],[-49.6974899,-23.1649832],[-49.7013687,-23.1530805],[-49.7099295,-23.1566333],[-49.7164932,-23.1483933],[-49.6953744,-23.1355493],[-49.6855882,-23.1167891],[-49.6713218,-23.1199561],[-49.6648599,-23.1131626],[-49.6296355,-23.1375027],[-49.6043361,-23.1358133],[-49.5873117,-23.1479751],[-49.5733529,-23.1385556],[-49.5500378,-23.1532515],[-49.545594,-23.1697985]]]}},{"type":"Feature","properties":{"level":"municipio","municipality_code":"3554656","municipality_name":"Torre de Pedra","uf":"SP","state_code":"35","area_km2":71.348},"geometry":{"type":"Polygon","coordinates":[[[-48.2273078,-23.1971952],[-48.200136,-23.221951],[-48.1739948,-23.231723],[-48.1547351,-23.2600992],[-48.1790504,-23.272342],[-48.1941079,-23.2947418],[-48.2112434,-23.3031629],[-48.2376174,-23.2905482],[-48.2391606,-23.2629519],[-48.2538032,-23.2575413],[-48.2608393,-23.2304483],[-48.2273078,-23.1971952]]]}},{"type":"Feature","properties":{"level":"municipio","municipality_code":"3554706","municipality_name":"Torrinha","uf":"SP","state_code":"35","area_km2":315.267},"geometry":{"type":"Polygon","coordinates":[[[-48.12527,-22.3787996],[-48.1114304,-22.3751138],[-48.1061431,-22.3870053],[-48.0632838,-22.4120062],[-48.0522814,-22.4459821],[-48.0590073,-22.4485992],[-48.0476532,-22.4541837],[-48.0547441,-22.4628184],[-48.0414966,-22.4784746],[-48.0438583,-22.5108852],[-48.067623,-22.514434],[-48.075004,-22.527639],[-48.09365,-22.498674],[-48.103133,-22.509299],[-48.105291,-22.49855],[-48.118935,-22.501294],[-48.125992,-22.490024],[-48.123411,-22.5292],[-48.12918,-22.522105],[-48.137782,-22.527972],[-48.141571,-22.519121],[-48.130777,-22.505792],[-48.139472,-22.491253],[-48.1496,-22.480974],[-48.159111,-22.490656],[-48.158407,-22.479665],[-48.172617,-22.476003],[-48.174312,-22.499336],[-48.175206,-22.489608],[-48.188971,-22.486226],[-48.187817,-22.513836],[-48.20751,-22.502483],[-48.207267,-22.511739],[-48.218092,-22.51881],[-48.217169,-22.536563],[-48.2454026,-22.5143902],[-48.2719537,-22.5284753],[-48.2894684,-22.5254085],[-48.2766682,-22.4956117],[-48.2574214,-22.49198],[-48.2430343,-22.479432],[-48.243835,-22.4682606],[-48.2688861,-22.447904],[-48.2786531,-22.4270758],[-48.2539047,-22.3900145],[-48.2375866,-22.392734],[-48.2408079,-22.3683367],[-48.155085,-22.361637],[-48.12527,-22.3787996]]]}},{"type":"Feature","properties":{"level":"municipio","municipality_code":"3554755","municipality_name":"Trabiju","uf":"SP","state_code":"35","area_km2":63.421},"geometry":{"type":"Polygon","coordinates":[[[-48.2914969,-21.9897475],[-48.3072161,-22.0313828],[-48.2985848,-22.0637374],[-48.3227155,-22.0781211],[-48.3482116,-22.0469509],[-48.3685691,-22.0555855],[-48.3944674,-22.0434062],[-48.4252607,-22.0667369],[-48.4413251,-22.0610857],[-48.4256253,-22.0548529],[-48.4142161,-22.0344909],[-48.3491265,-22.0090145],[-48.323915,-21.989654],[-48.2914969,-21.9897475]]]}},{"type":"Feature","properties":{"level":"municipio","municipality_code":"3554805","municipality_name":"Tremembé","uf":"SP","state_code":"35","area_km2":191.094},"geometry":{"type":"Polygon","coordinates":[[[-45.5430565,-22.9229163],[-45.5357492,-22.916587],[-45.5226927,-22.9231765],[-45.5036343,-22.9789929],[-45.5458358,-22.998665],[-45.570045,-22.9872458],[-45.6338902,-23.001196],[-45.6494439,-22.9849994],[-45.6784388,-22.9755185],[-45.7046732,-22.9479635],[-45.6724643,-22.9237221],[-45.6843291,-22.907202],[-45.6687055,-22.8828484],[-45.6323784,-22.8750937],[-45.5973552,-22.875148],[-45.5829745,-22.8882743],[-45.5659983,-22.8885282],[-45.5430565,-22.9229163]]]}},{"type":"Feature","properties":{"level":"municipio","municipality_code":"3554904","municipality_name":"Três Fronteiras","uf":"SP","state_code":"35","area_km2":151.594},"geometry":{"type":"Polygon","coordinates":[[[-50.8776902,-20.3207471],[-50.9217719,-20.2970307],[-50.9332781,-20.3109309],[-50.937899,-20.287947],[-50.9168321,-20.2499452],[-50.915584,-20.23009],[-50.8647611,-20.165836],[-50.8228872,-20.2166865],[-50.8225026,-20.2374848],[-50.8412692,-20.2682884],[-50.8374697,-20.2828546],[-50.8600279,-20.3057068],[-50.8570125,-20.3149295],[-50.8254337,-20.3322338],[-50.814742,-20.3523202],[-50.8273867,-20.3797114],[-50.8495426,-20.3875314],[-50.8602734,-20.3807368],[-50.8776902,-20.3207471]]]}},{"type":"Feature","properties":{"level":"municipio","municipality_code":"3554953","municipality_name":"Tuiuti","uf":"SP","state_code":"35","area_km2":126.731},"geometry":{"type":"Polygon","coordinates":[[[-46.7023969,-22.7699359],[-46.6469559,-22.7745999],[-46.6539496,-22.7890155],[-46.6444786,-22.8053006],[-46.6231777,-22.8064576],[-46.6225343,-22.8300411],[-46.6415124,-22.8489002],[-46.6310673,-22.8621911],[-46.6505033,-22.8681585],[-46.6461585,-22.8781652],[-46.6521759,-22.8879369],[-46.6698391,-22.8907341],[-46.7041153,-22.8785913],[-46.702874,-22.8886907],[-46.7128671,-22.8842904],[-46.7164418,-22.892722],[-46.7214826,-22.8944375],[-46.7184741,-22.8782801],[-46.7255796,-22.8769996],[-46.729296,-22.8527253],[-46.7375075,-22.8642772],[-46.760477,-22.8581419],[-46.7557559,-22.8240853],[-46.7294501,-22.8167886],[-46.7247309,-22.7893751],[-46.7023969,-22.7699359]]]}},{"type":"Feature","properties":{"level":"municipio","municipality_code":"3555109","municipality_name":"Tupi Paulista","uf":"SP","state_code":"35","area_km2":244.77},"geometry":{"type":"Polygon","coordinates":[[[-51.5921099,-21.4410256],[-51.6587262,-21.4404069],[-51.6778653,-21.4303023],[-51.6906231,-21.410584],[-51.723182,-21.3951698],[-51.6698659,-21.3439233],[-51.6194825,-21.3557383],[-51.6159864,-21.3268158],[-51.608233,-21.3419496],[-51.5809207,-21.334147],[-51.5553136,-21.3412337],[-51.5487032,-21.3276777],[-51.5253647,-21.3368037],[-51.5094225,-21.3332435],[-51.4977249,-21.3123965],[-51.4936268,-21.315323],[-51.4949962,-21.3520193],[-51.4788265,-21.4121068],[-51.4826171,-21.4257228],[-51.5153339,-21.4450277],[-51.5371471,-21.4384454],[-51.5463486,-21.4548524],[-51.5921099,-21.4410256]]]}},{"type":"Feature","properties":{"level":"municipio","municipality_code":"3555000","municipality_name":"Tupã","uf":"SP","state_code":"35","area_km2":627.986},"geometry":{"type":"Polygon","coordinates":[[[-50.4157323,-21.964745],[-50.425657,-21.9733597],[-50.4241479,-21.9847224],[-50.4906169,-22.0093297],[-50.5036929,-22.0210399],[-50.4871155,-22.0479944],[-50.511966,-22.0594098],[-50.4912817,-22.0646086],[-50.482676,-22.0786509],[-50.5211247,-22.111016],[-50.5505817,-22.0948887],[-50.5501465,-22.0824733],[-50.573438,-22.0823165],[-50.5790704,-22.0711338],[-50.5948254,-22.0733809],[-50.6017705,-22.0631216],[-50.6197612,-22.0618926],[-50.628129,-22.0491883],[-50.668861,-22.0283511],[-50.7098526,-22.0188316],[-50.6708949,-21.9403989],[-50.6216738,-21.9187959],[-50.6279953,-21.9037219],[-50.6115642,-21.8965841],[-50.616691,-21.8854527],[-50.6058913,-21.8692742],[-50.6077406,-21.850859],[-50.5572756,-21.8318233],[-50.5406017,-21.8147],[-50.5070228,-21.8264556],[-50.4891352,-21.8518154],[-50.4726634,-21.8503307],[-50.4665628,-21.8331686],[-50.4257425,-21.8042896],[-50.3621248,-21.8277149],[-50.3544523,-21.8443028],[-50.3606606,-21.8555975],[-50.396301,-21.8527854],[-50.404605,-21.8594541],[-50.4129128,-21.9006029],[-50.3927835,-21.9103063],[-50.4105665,-21.928299],[-50.4157323,-21.964745]]]}},{"type":"Feature","properties":{"level":"municipio","municipality_code":"3555208","municipality_name":"Turiúba","uf":"SP","state_code":"35","area_km2":153.235},"geometry":{"type":"Polygon","coordinates":[[[-50.1227918,-20.9816499],[-50.1567383,-20.9781416],[-50.1797149,-20.9847349],[-50.1677022,-20.9608591],[-50.180743,-20.9389331],[-50.1817235,-20.8988731],[-50.1630343,-20.8874602],[-50.1613582,-20.8738748],[-50.1328484,-20.8823135],[-50.1120543,-20.8763193],[-50.0711837,-20.9104263],[-50.0621449,-20.939256],[-50.0506798,-20.931474],[-50.0366844,-20.9438185],[-50.0319042,-20.9332582],[-50.022374,-20.9435817],[-50.0329217,-20.9783901],[-50.0550375,-20.9973332],[-50.0666374,-20.9906376],[-50.0955354,-21.0016623],[-50.1227918,-20.9816499]]]}},{"type":"Feature","properties":{"level":"municipio","municipality_code":"3555307","municipality_name":"Turmalina","uf":"SP","state_code":"35","area_km2":147.797},"geometry":{"type":"Polygon","coordinates":[[[-50.5150326,-20.0834964],[-50.5180469,-20.0293291],[-50.4964098,-20.0371435],[-50.4791645,-20.0303056],[-50.4598891,-20.0103713],[-50.4563705,-20.0147216],[-50.4545835,-20.0031073],[-50.433324,-19.9837302],[-50.426109,-19.9916595],[-50.4337418,-20.0211924],[-50.4275755,-20.0483495],[-50.3928108,-20.1024475],[-50.4141876,-20.1443244],[-50.4506609,-20.1588872],[-50.4810203,-20.1535155],[-50.5150326,-20.0834964]]]}},{"type":"Feature","properties":{"level":"municipio","municipality_code":"3555356","municipality_name":"Ubarana","uf":"SP","state_code":"35","area_km2":209.861},"geometry":{"type":"Polygon","coordinates":[[[-49.8564836,-21.2603124],[-49.824508,-21.237428],[-49.8150572,-21.2033156],[-49.783782,-21.208333],[-49.783884,-21.192615],[-49.762855,-21.152549],[-49.749628,-21.150969],[-49.733327,-21.133445],[-49.675722,-21.13498],[-49.6615915,-21.1266998],[-49.660071,-21.1606],[-49.6718557,-21.1729783],[-49.68181,-21.1727887],[-49.687956,-21.1848863],[-49.6808056,-21.2236917],[-49.6900749,-21.2276252],[-49.6920273,-21.243451],[-49.7158106,-21.2586846],[-49.7259402,-21.255563],[-49.7100911,-21.2820643],[-49.7239414,-21.2944537],[-49.721572,-21.3006289],[-49.7439183,-21.2951769],[-49.7718211,-21.3061846],[-49.8167481,-21.2793725],[-49.8485287,-21.2712415],[-49.8564836,-21.2603124]]]}},{"type":"Feature","properties":{"level":"municipio","municipality_code":"3555406","municipality_name":"Ubatuba","uf":"SP","state_code":"35","area_km2":708.105},"geometry":{"type":"MultiPolygon","coordinates":[[[[-45.1546035,-23.5613793],[-45.1463859,-23.5672651],[-45.1449261,-23.5710899],[-45.1626803,-23.5699629],[-45.1546035,-23.5613793]]],[[[-45.0791519,-23.5629788],[-45.0769785,-23.5643746],[-45.0787719,-23.5647051],[-45.0791519,-23.5629788]]],[[[-45.1507729,-23.5582278],[-45.1519495,-23.5591699],[-45.1515533,-23.5580294],[-45.1507729,-23.5582278]]],[[[-45.1555757,-23.5503018],[-45.155235,-23.550761],[-45.1553535,-23.550766],[-45.1555757,-23.5503018]]],[[[-45.0244672,-23.5500547],[-45.0244292,-23.5496498],[-45.0242931,-23.549923],[-45.0244672,-23.5500547]]],[[[-45.2159797,-23.5485638],[-45.216403,-23.5508765],[-45.2189982,-23.5505385],[-45.2159797,-23.5485638]]],[[[-45.1544045,-23.548334],[-45.1558521,-23.5472307],[-45.1548605,-23.5468976],[-45.1544045,-23.548334]]],[[[-45.0263365,-23.5441153],[-45.0262908,-23.5476768],[-45.0329854,-23.5482194],[-45.0263365,-23.5441153]]],[[[-45.0781752,-23.5287761],[-45.0703167,-23.5395778],[-45.0587444,-23.5267416],[-45.0392255,-23.534539],[-45.0772383,-23.5613755],[-45.0835777,-23.5387676],[-45.0781752,-23.5287761]]],[[[-45.0230058,-23.5432948],[-45.0230354,-23.5436849],[-45.0232181,-23.5436503],[-45.0230058,-23.5432948]]],[[[-45.1543659,-23.5338682],[-45.1540844,-23.534046],[-45.1542967,-23.5341299],[-45.1543659,-23.5338682]]],[[[-45.212195,-23.5316765],[-45.213198,-23.5332399],[-45.2142943,-23.5318861],[-45.212195,-23.5316765]]],[[[-45.0418777,-23.5187227],[-45.0410468,-23.5163113],[-45.0398975,-23.5169712],[-45.0418777,-23.5187227]]],[[[-45.102619,-23.4992862],[-45.1019503,-23.499021],[-45.1022344,-23.4996376],[-45.102619,-23.4992862]]],[[[-45.0524733,-23.4686393],[-45.0526269,-23.4682184],[-45.0521772,-23.4680823],[-45.0524733,-23.4686393]]],[[[-45.0581683,-23.4681271],[-45.0587333,-23.4679415],[-45.0581379,-23.4678662],[-45.0581683,-23.4681271]]],[[[-45.0085289,-23.4130468],[-45.0081267,-23.4136116],[-45.0086231,-23.4136873],[-45.0085289,-23.4130468]]],[[[-45.0562869,-23.4172523],[-45.0690852,-23.440077],[-45.0577658,-23.4580346],[-45.0377936,-23.4478636],[-45.0348834,-23.4596695],[-45.017945,-23.4608555],[-45.0626812,-23.4679464],[-45.0814219,-23.5213338],[-45.0876433,-23.49353],[-45.1044262,-23.4980979],[-45.1067935,-23.4886937],[-45.1240668,-23.5028795],[-45.1075322,-23.5079064],[-45.1057174,-23.523646],[-45.1126631,-23.5264433],[-45.113169,-23.5196207],[-45.1387257,-23.5109315],[-45.1377984,-23.501516],[-45.1690817,-23.4927892],[-45.1748998,-23.5006593],[-45.1626923,-23.5168689],[-45.1660244,-23.5293309],[-45.1576559,-23.5294355],[-45.1620132,-23.5418945],[-45.1856461,-23.54107],[-45.1904133,-23.5216192],[-45.2069582,-23.5224123],[-45.2242923,-23.5326246],[-45.2306148,-23.5475821],[-45.2143785,-23.5560521],[-45.2190452,-23.5599116],[-45.2095718,-23.5647578],[-45.2154068,-23.5686209],[-45.2108024,-23.5826248],[-45.2305579,-23.5816892],[-45.244225,-23.5937286],[-45.2572602,-23.5895997],[-45.2624979,-23.5966652],[-45.2640153,-23.5888392],[-45.2784216,-23.5882544],[-45.2727318,-23.5612023],[-45.2592508,-23.5606531],[-45.2660303,-23.5443162],[-45.2800425,-23.5413349],[-45.2734352,-23.4831329],[-45.1760793,-23.4400362],[-45.1768717,-23.414085],[-45.1663103,-23.4104412],[-45.1750382,-23.395168],[-45.1473409,-23.3801634],[-45.1397139,-23.3601575],[-45.09849,-23.3590535],[-45.0760804,-23.3449686],[-45.0683339,-23.3481422],[-45.0778499,-23.3266088],[-45.0704732,-23.3234398],[-45.0750901,-23.3068894],[-45.0678084,-23.300317],[-45.0451118,-23.3152785],[-45.0099252,-23.3065596],[-45.0176255,-23.2697238],[-44.9944224,-23.2506303],[-44.9952678,-23.2393833],[-44.9839684,-23.2294922],[-44.9613541,-23.2450422],[-44.9161807,-23.1985811],[-44.8929112,-23.2114864],[-44.8826453,-23.2027127],[-44.8859508,-23.2357903],[-44.8706477,-23.2495651],[-44.8364313,-23.2558349],[-44.8399931,-23.2633896],[-44.8237589,-23.2806923],[-44.8267208,-23.2916214],[-44.8071498,-23.2834855],[-44.7783744,-23.3150353],[-44.7771502,-23.3384988],[-44.759944,-23.3412275],[-44.7357554,-23.3656372],[-44.7237493,-23.3674889],[-44.7505718,-23.3660388],[-44.7850628,-23.3780342],[-44.7845657,-23.3704665],[-44.7965921,-23.3689812],[-44.8061261,-23.3791766],[-44.8420106,-23.3881448],[-44.8368651,-23.3695881],[-44.8498705,-23.3610747],[-44.8651678,-23.3569588],[-44.8906838,-23.3724796],[-44.882841,-23.346394],[-44.9080106,-23.3340716],[-44.9210299,-23.3509196],[-44.9421504,-23.3570614],[-44.9493341,-23.3786443],[-44.9607634,-23.3804544],[-44.9770866,-23.4002906],[-44.9927748,-23.3973092],[-45.0088565,-23.4059326],[-45.0135206,-23.4182588],[-45.032271,-23.4138516],[-45.0446918,-23.4257844],[-45.0562869,-23.4172523]]],[[[-44.9018133,-23.4266643],[-44.9058292,-23.4265719],[-44.9011531,-23.4242638],[-44.9018133,-23.4266643]]],[[[-44.8599797,-23.4216588],[-44.8611731,-23.4237016],[-44.8618678,-23.4228827],[-44.8599797,-23.4216588]]],[[[-44.8524688,-23.4086885],[-44.8495413,-23.4209772],[-44.8596421,-23.4251299],[-44.8524688,-23.4086885]]],[[[-44.935697,-23.4125276],[-44.935931,-23.4123248],[-44.935541,-23.4122858],[-44.935697,-23.4125276]]],[[[-44.8498554,-23.4051435],[-44.8501937,-23.4037435],[-44.8493916,-23.4040017],[-44.8498554,-23.4051435]]],[[[-44.8969482,-23.4031553],[-44.8978347,-23.4027263],[-44.8974682,-23.4022792],[-44.8969482,-23.4031553]]],[[[-44.856337,-23.399336],[-44.8547343,-23.3991184],[-44.8565919,-23.3999358],[-44.856337,-23.399336]]],[[[-44.8513397,-23.3999183],[-44.8543998,-23.3984797],[-44.8471884,-23.3945279],[-44.8513397,-23.3999183]]],[[[-44.9383579,-23.3909128],[-44.9387154,-23.3907906],[-44.9383683,-23.3908504],[-44.9383579,-23.3909128]]],[[[-44.8879652,-23.3894798],[-44.8880259,-23.3881863],[-44.8870247,-23.3888529],[-44.8879652,-23.3894798]]],[[[-44.9362029,-23.3882097],[-44.9389301,-23.3877766],[-44.9359047,-23.3870008],[-44.9362029,-23.3882097]]],[[[-44.9465815,-23.3827799],[-44.9420702,-23.3864644],[-44.9507442,-23.3885676],[-44.9465815,-23.3827799]]],[[[-44.9348924,-23.3846187],[-44.9352849,-23.3849125],[-44.9352225,-23.3846395],[-44.9348924,-23.3846187]]],[[[-44.8888258,-23.3837183],[-44.8885098,-23.3855844],[-44.8893056,-23.3855643],[-44.8888258,-23.3837183]]],[[[-44.9027891,-23.3752441],[-44.8976578,-23.3762009],[-44.9071214,-23.380237],[-44.9027891,-23.3752441]]],[[[-44.8928871,-23.3533662],[-44.8926762,-23.3526257],[-44.8924184,-23.352938],[-44.8928871,-23.3533662]]],[[[-44.9036131,-23.3510786],[-44.9039609,-23.3532708],[-44.9048649,-23.3526843],[-44.9036131,-23.3510786]]],[[[-44.9088789,-23.3373882],[-44.9084746,-23.3363081],[-44.9081349,-23.3373167],[-44.9088789,-23.3373882]]]]}},{"type":"Feature","properties":{"level":"municipio","municipality_code":"3555505","municipality_name":"Ubirajara","uf":"SP","state_code":"35","area_km2":282.179},"geometry":{"type":"Polygon","coordinates":[[[-49.6879377,-22.6010544],[-49.7053948,-22.6247947],[-49.7365002,-22.5883762],[-49.748004,-22.5400975],[-49.7720015,-22.5006463],[-49.7617812,-22.5039285],[-49.7510664,-22.495099],[-49.7494999,-22.4768443],[-49.7215091,-22.4640341],[-49.705404,-22.4398729],[-49.674472,-22.4687206],[-49.6458979,-22.4367183],[-49.6341769,-22.4637976],[-49.6089665,-22.4856249],[-49.6162475,-22.5178824],[-49.6072858,-22.5352009],[-49.5649274,-22.573224],[-49.5853909,-22.6039021],[-49.5803802,-22.616504],[-49.5989176,-22.6648522],[-49.6249953,-22.649635],[-49.6301442,-22.6239856],[-49.6879377,-22.6010544]]]}},{"type":"Feature","properties":{"level":"municipio","municipality_code":"3555604","municipality_name":"Uchoa","uf":"SP","state_code":"35","area_km2":252.434},"geometry":{"type":"Polygon","coordinates":[[[-49.1823733,-21.0259457],[-49.211962,-21.0018433],[-49.2134672,-20.9851198],[-49.2420022,-20.9615914],[-49.2575229,-20.9585181],[-49.2430187,-20.9538315],[-49.2531813,-20.9447086],[-49.2481182,-20.9171945],[-49.1937083,-20.9046736],[-49.1811389,-20.8896444],[-49.183788,-20.8746885],[-49.1492133,-20.8474807],[-49.1397814,-20.8211762],[-49.1029575,-20.8004823],[-49.0976201,-20.7832405],[-49.0901651,-20.7939585],[-49.0930758,-20.8112961],[-49.0781944,-20.8126066],[-49.0917818,-20.8527939],[-49.1038988,-20.8634714],[-49.0914792,-20.8769826],[-49.1094763,-20.9034526],[-49.1129131,-20.9171971],[-49.1059491,-20.9325056],[-49.1325248,-20.9678616],[-49.1306819,-20.9823177],[-49.1193931,-20.9932178],[-49.1290036,-21.0001164],[-49.1062695,-21.0220967],[-49.1314707,-21.0447461],[-49.1312475,-21.0704585],[-49.1490028,-21.0772698],[-49.1731925,-21.0518601],[-49.1823733,-21.0259457]]]}},{"type":"Feature","properties":{"level":"municipio","municipality_code":"3555703","municipality_name":"União Paulista","uf":"SP","state_code":"35","area_km2":79.056},"geometry":{"type":"Polygon","coordinates":[[[-49.8339851,-20.8493206],[-49.8452455,-20.9292467],[-49.8562873,-20.9329285],[-49.8720475,-20.9178454],[-49.9160449,-20.918369],[-49.9439531,-20.9348986],[-49.9570573,-20.9056143],[-49.9172198,-20.8780337],[-49.9075417,-20.8596728],[-49.8819635,-20.8448598],[-49.8561853,-20.8520613],[-49.8483613,-20.8425089],[-49.8339851,-20.8493206]]]}},{"type":"Feature","properties":{"level":"municipio","municipality_code":"3555901","municipality_name":"Uru","uf":"SP","state_code":"35","area_km2":146.901},"geometry":{"type":"Polygon","coordinates":[[[-49.3138388,-21.6945146],[-49.2733223,-21.659008],[-49.2386356,-21.6708038],[-49.2443538,-21.6779066],[-49.2406002,-21.7077933],[-49.258779,-21.7200656],[-49.267002,-21.7382582],[-49.2580702,-21.7482165],[-49.2670747,-21.7821475],[-49.2563473,-21.8022373],[-49.2586462,-21.8160153],[-49.2820796,-21.8598248],[-49.320813,-21.8377757],[-49.3509915,-21.8346679],[-49.3775277,-21.8428384],[-49.3911669,-21.8306286],[-49.3772707,-21.8165307],[-49.3660302,-21.8198852],[-49.3208614,-21.7780447],[-49.3138388,-21.6945146]]]}},{"type":"Feature","properties":{"level":"municipio","municipality_code":"3556008","municipality_name":"Urupês","uf":"SP","state_code":"35","area_km2":323.916},"geometry":{"type":"Polygon","coordinates":[[[-49.335544,-21.2356683],[-49.362852,-21.2407979],[-49.3684015,-21.2190819],[-49.388045,-21.2115029],[-49.3993875,-21.1742545],[-49.3829631,-21.174746],[-49.3878115,-21.1680713],[-49.3815646,-21.152164],[-49.361073,-21.1643111],[-49.3508456,-21.1603173],[-49.3233952,-21.1276835],[-49.254823,-21.1349214],[-49.2281464,-21.1243006],[-49.2110931,-21.1391874],[-49.1899404,-21.1379383],[-49.1789107,-21.1749201],[-49.1424181,-21.1940292],[-49.1457784,-21.2163675],[-49.1642169,-21.2220972],[-49.1739423,-21.2499691],[-49.2004337,-21.2785642],[-49.2127491,-21.2815207],[-49.2290971,-21.3147475],[-49.271407,-21.2850706],[-49.2848361,-21.2889831],[-49.2914804,-21.2679528],[-49.335544,-21.2356683]]]}},{"type":"Feature","properties":{"level":"municipio","municipality_code":"3555802","municipality_name":"Urânia","uf":"SP","state_code":"35","area_km2":209.262},"geometry":{"type":"Polygon","coordinates":[[[-50.7044067,-20.1290677],[-50.6729052,-20.0872457],[-50.6748853,-20.0720143],[-50.6634261,-20.0615112],[-50.6606399,-20.0876284],[-50.6203616,-20.1105177],[-50.6031692,-20.1620348],[-50.6122445,-20.2019659],[-50.5917341,-20.2634892],[-50.596475,-20.27551],[-50.6183432,-20.2737264],[-50.6381481,-20.3131097],[-50.6480604,-20.3102595],[-50.6580667,-20.3286849],[-50.6771685,-20.3337205],[-50.699674,-20.3116823],[-50.7351752,-20.3091737],[-50.7015375,-20.2727226],[-50.67116,-20.2532885],[-50.6681767,-20.2225699],[-50.6831987,-20.2002474],[-50.6812605,-20.1579382],[-50.7044067,-20.1290677]]]}},{"type":"Feature","properties":{"level":"municipio","municipality_code":"3556107","municipality_name":"Valentim Gentil","uf":"SP","state_code":"35","area_km2":149.741},"geometry":{"type":"Polygon","coordinates":[[[-50.0913731,-20.3733782],[-50.0777527,-20.3045198],[-50.0532316,-20.3362213],[-50.055463,-20.3539267],[-50.0379763,-20.3800764],[-50.0387006,-20.4193838],[-50.0323107,-20.4270746],[-50.0526219,-20.4499531],[-50.0790548,-20.4564794],[-50.0949248,-20.4711578],[-50.1311356,-20.4791453],[-50.1606881,-20.5131267],[-50.1680967,-20.5130235],[-50.1663136,-20.5035287],[-50.1768831,-20.4996226],[-50.1768319,-20.4923083],[-50.2028744,-20.4813521],[-50.1660758,-20.4522836],[-50.1507189,-20.4497651],[-50.1356894,-20.4235402],[-50.1417857,-20.3843967],[-50.0913731,-20.3733782]]]}},{"type":"Feature","properties":{"level":"municipio","municipality_code":"3556206","municipality_name":"Valinhos","uf":"SP","state_code":"35","area_km2":148.538},"geometry":{"type":"Polygon","coordinates":[[[-46.999152,-22.934739],[-46.979309,-22.90321],[-46.95186,-22.908782],[-46.934908,-22.931196],[-46.912334,-22.924071],[-46.899145,-22.926283],[-46.895287,-22.934657],[-46.877004,-22.932538],[-46.8784889,-22.9274597],[-46.8755207,-22.9333531],[-46.9246966,-22.9707488],[-46.9275825,-22.9872252],[-46.9104755,-23.0174855],[-47.0011581,-23.0061148],[-47.001622,-23.0197722],[-47.033515,-23.034306],[-47.0408128,-23.0561104],[-47.061716,-23.027863],[-47.071835,-23.02695],[-47.074616,-23.012867],[-47.0661478,-22.9936693],[-47.034419,-22.975474],[-47.0255672,-22.9527717],[-46.999152,-22.934739]]]}},{"type":"Feature","properties":{"level":"municipio","municipality_code":"3556305","municipality_name":"Valparaíso","uf":"SP","state_code":"35","area_km2":857.661},"geometry":{"type":"Polygon","coordinates":[[[-50.7979045,-20.9635465],[-50.8046292,-21.0124737],[-50.7966596,-21.0404404],[-50.8022217,-21.0605571],[-50.7691884,-21.0872767],[-50.7445607,-21.095656],[-50.7669724,-21.1246164],[-50.7555759,-21.1360099],[-50.7945299,-21.1810375],[-50.7886132,-21.1955083],[-50.8094665,-21.2022097],[-50.8041792,-21.2301207],[-50.8201612,-21.2395316],[-50.8384047,-21.2358137],[-50.9033979,-21.3390362],[-50.9038047,-21.3280573],[-50.9160407,-21.3172485],[-50.9412628,-21.3151398],[-50.9507872,-21.3606296],[-50.9849525,-21.4066521],[-50.9848993,-21.4328295],[-51.00481,-21.4383362],[-51.0258517,-21.4256077],[-51.0341283,-21.4084459],[-51.0542505,-21.4046512],[-51.0859856,-21.384099],[-51.0927426,-21.3709709],[-51.122436,-21.3815943],[-51.144971,-21.3744057],[-51.0908303,-21.3074336],[-51.0820252,-21.2732611],[-51.0548711,-21.2299526],[-51.0036747,-21.1918893],[-50.980973,-21.1940236],[-50.9498473,-21.170661],[-50.9462317,-21.1458521],[-50.9526418,-21.1338594],[-50.9381229,-21.1284714],[-50.9190409,-21.0887611],[-50.9194478,-21.054272],[-50.8746,-20.9775853],[-50.8760305,-20.9452747],[-50.850189,-20.9359127],[-50.7979045,-20.9635465]]]}},{"type":"Feature","properties":{"level":"municipio","municipality_code":"3556354","municipality_name":"Vargem","uf":"SP","state_code":"35","area_km2":142.595},"geometry":{"type":"Polygon","coordinates":[[[-46.349084,-22.916063],[-46.377421,-22.939644],[-46.395312,-22.937974],[-46.397533,-22.967798],[-46.4163218,-22.9811228],[-46.4361285,-22.9500388],[-46.4506857,-22.9501595],[-46.4479434,-22.9358265],[-46.4663722,-22.9128027],[-46.457756,-22.9014788],[-46.4857873,-22.8789099],[-46.4848573,-22.868931],[-46.477644,-22.8741061],[-46.4593873,-22.8602742],[-46.4374408,-22.8203678],[-46.4042342,-22.8071688],[-46.3837151,-22.8249661],[-46.374515,-22.820242],[-46.3725787,-22.8600974],[-46.3841924,-22.8699661],[-46.3755013,-22.8710073],[-46.3778358,-22.8792401],[-46.344893,-22.905224],[-46.349084,-22.916063]]]}},{"type":"Feature","properties":{"level":"municipio","municipality_code":"3556453","municipality_name":"Vargem Grande Paulista","uf":"SP","state_code":"35","area_km2":42.489},"geometry":{"type":"Polygon","coordinates":[[[-46.99611,-23.669612],[-46.996592,-23.661464],[-47.017429,-23.656699],[-47.023978,-23.64391],[-47.059025,-23.628348],[-47.0412205,-23.6105741],[-47.031081,-23.58225],[-46.996961,-23.579425],[-46.999194,-23.593545],[-46.981456,-23.602158],[-46.990653,-23.609757],[-46.9921105,-23.6455978],[-46.985721,-23.654321],[-46.99611,-23.669612]]]}},{"type":"Feature","properties":{"level":"municipio","municipality_code":"3556404","municipality_name":"Vargem Grande do Sul","uf":"SP","state_code":"35","area_km2":267.178},"geometry":{"type":"Polygon","coordinates":[[[-46.7822018,-21.8386579],[-46.8038638,-21.8584906],[-46.8337473,-21.8628314],[-46.8587807,-21.8853601],[-46.8957755,-21.8751348],[-46.8934925,-21.8824995],[-46.9033063,-21.8864116],[-46.8998464,-21.8944558],[-46.9132861,-21.8977525],[-46.9229011,-21.9201044],[-46.9352079,-21.9228474],[-46.9257543,-21.9450237],[-46.9167942,-21.9445059],[-46.9199651,-21.9705837],[-46.9621087,-21.981925],[-46.968184,-21.9696625],[-46.987494,-21.9638512],[-47.0027761,-21.9093103],[-46.994167,-21.8777506],[-46.9822784,-21.8696307],[-46.988194,-21.8475423],[-46.9606688,-21.8346086],[-46.9606893,-21.8150957],[-46.9485298,-21.8202248],[-46.9237407,-21.8147776],[-46.8954721,-21.7851186],[-46.8546166,-21.7798407],[-46.8430463,-21.7586846],[-46.82856,-21.7539133],[-46.8164588,-21.7607999],[-46.8204894,-21.7720162],[-46.8019162,-21.7965298],[-46.7703738,-21.8185921],[-46.7700573,-21.8262976],[-46.750515,-21.8341713],[-46.7585467,-21.847482],[-46.7742196,-21.8477208],[-46.7822018,-21.8386579]]]}},{"type":"Feature","properties":{"level":"municipio","municipality_code":"3556602","municipality_name":"Vera Cruz","uf":"SP","state_code":"35","area_km2":247.716},"geometry":{"type":"Polygon","coordinates":[[[-49.7486896,-22.2154822],[-49.7492424,-22.2466498],[-49.7577763,-22.2521056],[-49.7421947,-22.2924403],[-49.7600386,-22.2986846],[-49.7825224,-22.2941553],[-49.8012625,-22.2984113],[-49.807973,-22.3100016],[-49.8309291,-22.3100008],[-49.8449967,-22.3226376],[-49.8547223,-22.3569184],[-49.9085148,-22.3441322],[-49.9132036,-22.33586],[-49.9043144,-22.3325685],[-49.8614999,-22.2629318],[-49.8711066,-22.2456263],[-49.8632267,-22.2139817],[-49.8774821,-22.182793],[-49.8764167,-22.1656307],[-49.893377,-22.142614],[-49.8643326,-22.1323361],[-49.8495192,-22.0973699],[-49.8213322,-22.1139003],[-49.8067909,-22.170894],[-49.7666913,-22.1829906],[-49.7486896,-22.2154822]]]}},{"type":"Feature","properties":{"level":"municipio","municipality_code":"3556701","municipality_name":"Vinhedo","uf":"SP","state_code":"35","area_km2":80.95},"geometry":{"type":"Polygon","coordinates":[[[-46.9703661,-23.061412],[-46.9982016,-23.0918415],[-46.9929391,-23.1078719],[-46.9953915,-23.1154637],[-47.038051,-23.0655605],[-47.041577,-23.0505821],[-47.0320888,-23.0445897],[-47.033515,-23.034306],[-47.0022643,-23.0205326],[-47.0011581,-23.0061148],[-46.9104755,-23.0174855],[-46.9035576,-23.0367601],[-46.9221556,-23.054241],[-46.9429115,-23.0668339],[-46.9703661,-23.061412]]]}},{"type":"Feature","properties":{"level":"municipio","municipality_code":"3556800","municipality_name":"Viradouro","uf":"SP","state_code":"35","area_km2":217.726},"geometry":{"type":"Polygon","coordinates":[[[-48.2947736,-20.8328329],[-48.2608804,-20.8178453],[-48.2552459,-20.8062531],[-48.2358298,-20.8143954],[-48.2331165,-20.8266236],[-48.2431512,-20.8480843],[-48.2093091,-20.8791795],[-48.284925,-20.9529262],[-48.3397324,-20.9549555],[-48.3743836,-20.9460945],[-48.3780019,-20.9048096],[-48.3820388,-20.8946031],[-48.3902368,-20.8987493],[-48.4038757,-20.8845409],[-48.3968587,-20.8738353],[-48.4093491,-20.8542543],[-48.3809634,-20.8415373],[-48.3585697,-20.8194863],[-48.3434941,-20.8325588],[-48.2947736,-20.8328329]]]}},{"type":"Feature","properties":{"level":"municipio","municipality_code":"3556909","municipality_name":"Vista Alegre do Alto","uf":"SP","state_code":"35","area_km2":95.429},"geometry":{"type":"Polygon","coordinates":[[[-48.5911082,-21.2145024],[-48.627698,-21.1966785],[-48.6524802,-21.2111595],[-48.667052,-21.2056111],[-48.6982748,-21.211844],[-48.7243671,-21.1898095],[-48.7287478,-21.1648887],[-48.6406809,-21.1390841],[-48.5954828,-21.1430585],[-48.5811682,-21.1656834],[-48.580976,-21.2040011],[-48.5911082,-21.2145024]]]}},{"type":"Feature","properties":{"level":"municipio","municipality_code":"3556958","municipality_name":"Vitória Brasil","uf":"SP","state_code":"35","area_km2":49.832},"geometry":{"type":"Polygon","coordinates":[[[-50.4506609,-20.1588872],[-50.4598701,-20.1686196],[-50.457479,-20.1871945],[-50.4652455,-20.1857568],[-50.4666715,-20.1950324],[-50.4523649,-20.2073776],[-50.452526,-20.2186689],[-50.4655862,-20.2368197],[-50.4866439,-20.2452794],[-50.5157436,-20.2155515],[-50.5208245,-20.1764866],[-50.4762828,-20.1601001],[-50.4791483,-20.1528179],[-50.4506609,-20.1588872]]]}},{"type":"Feature","properties":{"level":"municipio","municipality_code":"3557006","municipality_name":"Votorantim","uf":"SP","state_code":"35","area_km2":184.186},"geometry":{"type":"Polygon","coordinates":[[[-47.4616846,-23.5309683],[-47.3664364,-23.5226477],[-47.3553166,-23.560571],[-47.3074633,-23.5610066],[-47.3133401,-23.5811945],[-47.3099881,-23.5972918],[-47.2967451,-23.602301],[-47.2993238,-23.6134641],[-47.325838,-23.6240096],[-47.3371072,-23.6115691],[-47.3676575,-23.6337751],[-47.3920311,-23.633044],[-47.4083741,-23.6203305],[-47.4439556,-23.6213746],[-47.4640069,-23.6386494],[-47.4941675,-23.6500129],[-47.4667506,-23.624166],[-47.4937352,-23.60682],[-47.4934733,-23.5585072],[-47.5180016,-23.5416361],[-47.5015678,-23.5359306],[-47.4724798,-23.5492955],[-47.4616846,-23.5309683]]]}},{"type":"Feature","properties":{"level":"municipio","municipality_code":"3557105","municipality_name":"Votuporanga","uf":"SP","state_code":"35","area_km2":420.703},"geometry":{"type":"Polygon","coordinates":[[[-49.9832017,-20.5710286],[-50.0061879,-20.5415726],[-50.0539801,-20.5336215],[-50.0570001,-20.5461519],[-50.0847242,-20.5330421],[-50.0844294,-20.5215594],[-50.1010518,-20.5227193],[-50.102356,-20.5139274],[-50.1176125,-20.5222947],[-50.1265834,-20.5126075],[-50.1382522,-20.5210916],[-50.1411583,-20.5050698],[-50.1546736,-20.5037344],[-50.1311356,-20.4791453],[-50.0949248,-20.4711578],[-50.0790548,-20.4564794],[-50.0526219,-20.4499531],[-50.034371,-20.4305251],[-50.0379763,-20.3800764],[-50.0559484,-20.3489398],[-50.0373199,-20.3166835],[-50.0212056,-20.3339351],[-49.9995651,-20.3323142],[-49.9849787,-20.3476626],[-49.9509223,-20.3554214],[-49.9379053,-20.3913455],[-49.8925094,-20.3959423],[-49.8891351,-20.408785],[-49.8522737,-20.416652],[-49.8609194,-20.432094],[-49.8558639,-20.4646623],[-49.894088,-20.477413],[-49.919878,-20.508068],[-49.923118,-20.562006],[-49.9389627,-20.5673882],[-49.946097,-20.558117],[-49.956072,-20.575921],[-49.9832017,-20.5710286]]]}},{"type":"Feature","properties":{"level":"municipio","municipality_code":"3556503","municipality_name":"Várzea Paulista","uf":"SP","state_code":"35","area_km2":35.12},"geometry":{"type":"Polygon","coordinates":[[[-46.8169,-23.261017],[-46.84872,-23.239513],[-46.8544239,-23.207141],[-46.841444,-23.202615],[-46.854224,-23.200861],[-46.824768,-23.181767],[-46.800463,-23.18633],[-46.806908,-23.206202],[-46.796602,-23.229599],[-46.807298,-23.255251],[-46.8169,-23.261017]]]}},{"type":"Feature","properties":{"level":"municipio","municipality_code":"3557154","municipality_name":"Zacarias","uf":"SP","state_code":"35","area_km2":319.056},"geometry":{"type":"Polygon","coordinates":[[[-49.9956832,-21.0329945],[-49.9806776,-21.0873133],[-49.9969295,-21.0989733],[-49.958495,-21.1390333],[-49.9632302,-21.1611106],[-49.978148,-21.1790116],[-49.9828376,-21.2229485],[-50.0002179,-21.2266555],[-50.0277253,-21.2107276],[-50.09098,-21.2203344],[-50.132862,-21.1927544],[-50.1513161,-21.1398861],[-50.1034398,-21.1017431],[-50.1128443,-21.0940863],[-50.1074772,-21.0630001],[-50.0550375,-20.9973332],[-49.9956832,-21.0329945]]]}},{"type":"Feature","properties":{"level":"municipio","municipality_code":"3500402","municipality_name":"Águas da Prata","uf":"SP","state_code":"35","area_km2":142.673},"geometry":{"type":"Polygon","coordinates":[[[-46.7018947,-21.9783335],[-46.7334373,-21.9509091],[-46.7307555,-21.9097078],[-46.7370528,-21.8969193],[-46.7310915,-21.8763303],[-46.758586,-21.8444489],[-46.736036,-21.818414],[-46.7085471,-21.8288474],[-46.7036387,-21.8412057],[-46.6907145,-21.8376349],[-46.6765302,-21.8506255],[-46.665091,-21.849051],[-46.6575633,-21.8774525],[-46.6475365,-21.8804608],[-46.6531678,-21.8960126],[-46.6731664,-21.908089],[-46.665,-21.9206921],[-46.6679753,-21.9305782],[-46.6536443,-21.9417049],[-46.6433949,-21.9761066],[-46.6146688,-21.9969712],[-46.6139533,-22.0166651],[-46.6499201,-22.0095482],[-46.7018947,-21.9783335]]]}},{"type":"Feature","properties":{"level":"municipio","municipality_code":"3500501","municipality_name":"Águas de Lindóia","uf":"SP","state_code":"35","area_km2":60.126},"geometry":{"type":"Polygon","coordinates":[[[-46.5832905,-22.5159388],[-46.6309268,-22.5069277],[-46.6314222,-22.4932235],[-46.6478573,-22.4931048],[-46.6589276,-22.4840636],[-46.6582591,-22.4731081],[-46.6119228,-22.435443],[-46.6034679,-22.4430741],[-46.5851339,-22.4394475],[-46.5726544,-22.4531416],[-46.5534785,-22.4479002],[-46.5498648,-22.4695489],[-46.5643589,-22.4775833],[-46.5639047,-22.4866575],[-46.5885284,-22.4896713],[-46.5797674,-22.507711],[-46.5832905,-22.5159388]]]}},{"type":"Feature","properties":{"level":"municipio","municipality_code":"3500550","municipality_name":"Águas de Santa Bárbara","uf":"SP","state_code":"35","area_km2":404.463},"geometry":{"type":"Polygon","coordinates":[[[-49.1753299,-22.8086906],[-49.1845577,-22.8549032],[-49.2098437,-22.8701885],[-49.2019446,-22.8882387],[-49.1676814,-22.9121339],[-49.1752806,-22.9264358],[-49.171496,-22.940811],[-49.190607,-22.952539],[-49.205872,-22.976805],[-49.216052,-22.977372],[-49.2220378,-23.0364807],[-49.2457885,-23.0128355],[-49.2485859,-22.9937489],[-49.2592761,-22.9863392],[-49.2568393,-22.9749675],[-49.2799883,-22.9696687],[-49.3036367,-22.9529004],[-49.2799033,-22.9388103],[-49.3023166,-22.9137182],[-49.3090505,-22.8850174],[-49.3381133,-22.8901237],[-49.3422542,-22.8841541],[-49.3614684,-22.8894858],[-49.3695115,-22.8837839],[-49.3782675,-22.8597431],[-49.3682353,-22.8188247],[-49.3788317,-22.7834714],[-49.3758909,-22.7774519],[-49.3472035,-22.7826545],[-49.3245252,-22.7641592],[-49.2774725,-22.7718334],[-49.2489356,-22.7494302],[-49.2279772,-22.7604096],[-49.1979669,-22.7223579],[-49.183805,-22.7229978],[-49.1863189,-22.7367082],[-49.173647,-22.7696506],[-49.1798606,-22.786265],[-49.1753299,-22.8086906]]]}},{"type":"Feature","properties":{"level":"municipio","municipality_code":"3500600","municipality_name":"Águas de São Pedro","uf":"SP","state_code":"35","area_km2":3.612},"geometry":{"type":"Polygon","coordinates":[[[-47.864809021060964,-22.609889218030172],[-47.887654,-22.603731],[-47.886293,-22.589031],[-47.861103,-22.602799],[-47.864809021060964,-22.609889218030172]]]}},{"type":"Feature","properties":{"level":"municipio","municipality_code":"3501202","municipality_name":"Álvares Florence","uf":"SP","state_code":"35","area_km2":362.411},"geometry":{"type":"Polygon","coordinates":[[[-49.9379053,-20.3913455],[-49.9509223,-20.3554214],[-49.9849787,-20.3476626],[-50.0103316,-20.3309829],[-49.999146,-20.2803285],[-50.0131908,-20.2570538],[-50.0133534,-20.2044926],[-50.0248451,-20.1960716],[-50.0277452,-20.1816596],[-49.9919425,-20.18609],[-49.9644912,-20.1722645],[-49.9426883,-20.1736817],[-49.9421337,-20.1859238],[-49.9347946,-20.1866165],[-49.9149378,-20.2184051],[-49.9001378,-20.2168205],[-49.8714228,-20.1949453],[-49.8472896,-20.1974286],[-49.8297287,-20.1866632],[-49.8136756,-20.1932761],[-49.8439611,-20.2133337],[-49.8462128,-20.2445425],[-49.8670277,-20.2970104],[-49.8494344,-20.3274758],[-49.8616721,-20.333779],[-49.8606477,-20.3573843],[-49.8524869,-20.3527613],[-49.8105091,-20.3661882],[-49.7997788,-20.3737589],[-49.8026538,-20.3841375],[-49.8527337,-20.4166343],[-49.8891351,-20.408785],[-49.8925094,-20.3959423],[-49.9379053,-20.3913455]]]}},{"type":"Feature","properties":{"level":"municipio","municipality_code":"3501301","municipality_name":"Álvares Machado","uf":"SP","state_code":"35","area_km2":347.647},"geometry":{"type":"Polygon","coordinates":[[[-51.4126636,-22.0634078],[-51.4175834,-22.0766224],[-51.4260226,-22.0737172],[-51.4373295,-22.0840741],[-51.4482511,-22.1123268],[-51.483808,-22.1238581],[-51.4839479,-22.1773243],[-51.4755856,-22.2019527],[-51.4829613,-22.2184272],[-51.5144452,-22.2429578],[-51.515855,-22.2546075],[-51.5583198,-22.2649591],[-51.5700042,-22.2608715],[-51.602959,-22.2858505],[-51.611897,-22.2799787],[-51.6206626,-22.2845891],[-51.6051376,-22.151898],[-51.6002307,-22.1423863],[-51.5781055,-22.134688],[-51.5743248,-22.1098213],[-51.5416484,-22.1071916],[-51.5291612,-22.0980237],[-51.4749697,-21.9522603],[-51.4315833,-21.9965208],[-51.3925959,-22.0014146],[-51.4197286,-22.0519427],[-51.4126636,-22.0634078]]]}},{"type":"Feature","properties":{"level":"municipio","municipality_code":"3501400","municipality_name":"Álvaro de Carvalho","uf":"SP","state_code":"35","area_km2":153.662},"geometry":{"type":"Polygon","coordinates":[[[-49.7614059,-22.1103919],[-49.8254633,-22.1124815],[-49.8504696,-22.0938208],[-49.8223718,-22.0650837],[-49.8060314,-22.0624612],[-49.7861977,-22.0454291],[-49.7693185,-22.0455597],[-49.7674462,-22.0570717],[-49.7580326,-22.0616477],[-49.7406824,-22.0262112],[-49.6661296,-22.0617439],[-49.6617383,-22.0767879],[-49.6504406,-22.0676112],[-49.6336292,-22.0759691],[-49.6456072,-22.0917188],[-49.6463308,-22.1239112],[-49.6763179,-22.1193017],[-49.6694162,-22.1356153],[-49.7073786,-22.1419324],[-49.7614059,-22.1103919]]]}},{"type":"Feature","properties":{"level":"municipio","municipality_code":"3533809","municipality_name":"Óleo","uf":"SP","state_code":"35","area_km2":198.938},"geometry":{"type":"Polygon","coordinates":[[[-49.3953073,-22.8817726],[-49.3770246,-22.8912171],[-49.372395,-22.8816091],[-49.3614684,-22.8894858],[-49.3090505,-22.8850174],[-49.3023166,-22.9137182],[-49.2799033,-22.9388103],[-49.3186183,-22.9699255],[-49.3528188,-22.9779192],[-49.3610703,-22.9936066],[-49.3684582,-22.9842733],[-49.3843845,-23.0503918],[-49.3972693,-23.0579191],[-49.4267797,-23.0420523],[-49.4373332,-23.0191307],[-49.4324236,-23.0090165],[-49.4602101,-22.9689657],[-49.4520231,-22.9436424],[-49.4585721,-22.9132783],[-49.4374584,-22.9047009],[-49.4206285,-22.909674],[-49.4081404,-22.8876678],[-49.4001981,-22.8915204],[-49.3953073,-22.8817726]]]}}]}