{"type":"FeatureCollection","name":"BR_Regioes_2024","crs":{"type":"name","properties":{"name":"urn:ogc:def:crs:EPSG::4674"}},"features":[{"type":"Feature","properties":{"level":"regiao","name":"Centro-oeste","region_code":"5","region_sigla":"CO"},"geometry":{"type":"Polygon","coordinates":[[[-54.9270797,-23.9618288],[-55.0623315,-23.9932886],[-55.1071716,-23.961947],[-55.2290402,-24.0139666],[-55.3041758,-23.9650266],[-55.3412155,-23.9945742],[-55.4028631,-23.9741614],[-55.4463353,-23.9169315],[-55.4362574,-23.7167603],[-55.4634672,-23.7119674],[-55.4840104,-23.6402663],[-55.5398684,-23.625186],[-55.526527,-23.5673511],[-55.5621152,-23.4762127],[-55.5449937,-23.4772777],[-55.5044807,-23.3784698],[-55.5559125,-23.3163231],[-55.5530803,-23.2795321],[-55.5226578,-23.259713],[-55.5461964,-23.220197],[-55.5232812,-23.197787],[-55.5418854,-23.1561324],[-55.5967818,-23.1525977],[-55.6658547,-22.8524621],[-55.6523258,-22.7922948],[-55.6180334,-22.7675333],[-55.6144219,-22.6550953],[-55.7236467,-22.5517823],[-55.7528429,-22.4747504],[-55.7339153,-22.4415317],[-55.7467216,-22.3840585],[-55.7910927,-22.3884207],[-55.8532631,-22.280303],[-56.0101566,-22.2946306],[-56.1178577,-22.2703363],[-56.2090751,-22.2782067],[-56.2374592,-22.2366225],[-56.3165996,-22.2183925],[-56.3647548,-22.1695906],[-56.3936558,-22.0744386],[-56.5065893,-22.0954908],[-56.5563172,-22.1963841],[-56.641886,-22.2439092],[-56.6368411,-22.2634483],[-56.7032788,-22.2170544],[-56.720392,-22.2648888],[-56.7468817,-22.2356669],[-56.7766559,-22.2604888],[-56.7936369,-22.2425599],[-56.8026856,-22.2835045],[-56.8423859,-22.3015878],[-56.8798582,-22.2777037],[-56.8834841,-22.247417],[-56.9055396,-22.2666273],[-56.9967125,-22.2225174],[-57.0828077,-22.2511883],[-57.1098772,-22.2256106],[-57.1839201,-22.2363686],[-57.2014276,-22.2108645],[-57.2377612,-22.2512801],[-57.2925475,-22.2187424],[-57.3201583,-22.2456047],[-57.3747261,-22.2317584],[-57.4077082,-22.1976861],[-57.5807663,-22.175337],[-57.6125948,-22.0945613],[-57.7069255,-22.0910507],[-57.7169307,-22.1137906],[-57.7375977,-22.1026703],[-57.7390045,-22.1347697],[-57.7792735,-22.1251745],[-57.8010348,-22.1508666],[-57.8290297,-22.1201906],[-57.8661258,-22.1360437],[-57.9297197,-22.1202719],[-57.9419989,-22.0829157],[-57.9950722,-22.0887087],[-57.984308,-22.0636881],[-58.0083836,-22.0341459],[-57.9647368,-22.0010872],[-57.9369953,-21.9279206],[-57.947985,-21.9003903],[-57.9141346,-21.885091],[-57.971636,-21.8483803],[-57.9311093,-21.824589],[-57.9084931,-21.7739686],[-57.9474245,-21.7459547],[-57.8832335,-21.6890674],[-57.9334486,-21.6516092],[-57.9422158,-21.6208996],[-57.914026,-21.5904767],[-57.9616162,-21.5624435],[-57.9676827,-21.5214779],[-57.8536957,-21.3321099],[-57.921686,-21.2800519],[-57.8530214,-21.2271316],[-57.8649891,-21.1363361],[-57.8458909,-21.0969282],[-57.8681955,-21.0418754],[-57.8175295,-20.9805825],[-57.8187691,-20.9452596],[-57.8636024,-20.9488495],[-57.8865311,-20.9086465],[-57.9281132,-20.9001841],[-57.854733,-20.8357378],[-57.8932904,-20.7907824],[-57.9617653,-20.7926243],[-57.9341543,-20.7459545],[-57.8680031,-20.7494101],[-57.870173,-20.7254706],[-57.9231189,-20.6645338],[-57.9582467,-20.7048982],[-57.987888,-20.6995516],[-57.970386,-20.6441918],[-58.0126379,-20.6126115],[-57.9971829,-20.5723714],[-58.0201755,-20.509763],[-57.9981382,-20.4369737],[-58.0840177,-20.3721663],[-58.0966498,-20.253925],[-58.159397,-20.2638484],[-58.1635676,-20.2273263],[-58.1218462,-20.1943926],[-58.1686414,-20.1657826],[-58.1167546,-20.1466529],[-58.0922212,-20.1083146],[-58.0480652,-20.1054156],[-58.0321304,-20.0631331],[-57.9789814,-20.0554615],[-57.9581162,-20.0230495],[-57.9036163,-20.0432638],[-57.8590991,-19.9717469],[-58.131383,-19.7593613],[-57.783292,-19.0350687],[-57.7104468,-19.0346636],[-57.6921874,-19.0102712],[-57.7192409,-18.9781354],[-57.7197113,-18.8994641],[-57.7666894,-18.8994677],[-57.5582842,-18.2406699],[-57.4539424,-18.2300613],[-57.57413,-18.1316022],[-57.6003827,-18.0426736],[-57.7214311,-17.8289875],[-57.6839913,-17.8289919],[-57.6840139,-17.8090493],[-57.7193078,-17.7730834],[-57.7112995,-17.7286615],[-57.7758879,-17.6580175],[-57.7766943,-17.586749],[-57.8003774,-17.5595248],[-57.7522947,-17.5644631],[-57.8834421,-17.449542],[-57.996367,-17.5156033],[-58.0433869,-17.4926684],[-58.0601442,-17.450721],[-58.1164464,-17.4518501],[-58.1515816,-17.3846506],[-58.1853966,-17.3914854],[-58.2022021,-17.3570336],[-58.2543642,-17.3538007],[-58.2783215,-17.2997756],[-58.3989418,-17.1839841],[-58.3940492,-17.015023],[-58.476813,-16.9366654],[-58.4582178,-16.8265958],[-58.4786357,-16.8141864],[-58.4595022,-16.7863833],[-58.4716637,-16.7081659],[-58.4361826,-16.5929472],[-58.3342233,-16.4903079],[-58.3565195,-16.427264],[-58.3443715,-16.3903975],[-58.3073123,-16.3707466],[-58.3221654,-16.2663526],[-58.3886586,-16.2613942],[-58.4306487,-16.3226785],[-60.174061,-16.2669185],[-60.2395493,-15.4745501],[-60.5757043,-15.0975225],[-60.2449613,-15.0974841],[-60.2732752,-14.6210446],[-60.3230925,-14.6104699],[-60.3395834,-14.5103695],[-60.407699,-14.4137442],[-60.3954474,-14.3650449],[-60.4541064,-14.3133177],[-60.4671314,-14.2651494],[-60.4497461,-14.2407579],[-60.4930509,-14.1882107],[-60.480557,-14.095806],[-60.4408718,-14.0783508],[-60.3816289,-13.9876274],[-60.4155423,-13.9803727],[-60.4188467,-13.9371921],[-60.4508967,-13.9364468],[-60.4510458,-13.8840487],[-60.4759777,-13.8862847],[-60.4574185,-13.853303],[-60.4927481,-13.8559863],[-60.4672906,-13.7957305],[-60.5285102,-13.7918466],[-60.5229843,-13.7689058],[-60.5501535,-13.781679],[-60.6235162,-13.7195351],[-60.6563169,-13.7383423],[-60.7170111,-13.6851143],[-60.6321992,-13.5717037],[-60.5776508,-13.5652277],[-60.5109486,-13.5035966],[-60.4320021,-13.4884356],[-60.3840328,-13.4492292],[-60.3649713,-13.2999427],[-60.2685052,-13.1449711],[-60.2829916,-13.0805523],[-60.2152922,-13.0269807],[-60.1892776,-12.971143],[-60.1171653,-12.9595556],[-60.0812826,-12.8893049],[-60.064964,-12.6708202],[-60.0033205,-12.5923372],[-59.9727317,-12.6099401],[-59.9294389,-12.5796172],[-59.8981784,-12.5016429],[-59.84416,-12.4671729],[-59.8192559,-12.3787482],[-59.7743574,-12.3409559],[-59.892331,-12.2454539],[-59.9108107,-12.1864566],[-59.8998038,-12.1172227],[-59.9793584,-12.0295498],[-59.9857972,-11.9120801],[-60.0605227,-11.8950012],[-60.1087756,-11.8395792],[-60.1141384,-11.5874931],[-59.9762413,-11.4392225],[-59.9259092,-11.4154809],[-59.9171931,-11.3384346],[-59.9820276,-11.2335004],[-59.9640257,-11.1891151],[-59.9977711,-11.1513597],[-59.9839008,-11.1162757],[-60.026242,-11.1307337],[-60.0667135,-11.1255091],[-60.0842461,-11.0968445],[-60.1592729,-11.0956536],[-60.2033577,-11.1134564],[-60.2709996,-11.0986933],[-60.301248,-11.0571521],[-60.3484404,-11.0740427],[-60.3479707,-11.1090363],[-60.3915541,-11.0937926],[-60.4141109,-11.0434851],[-60.4465966,-11.0421534],[-60.4600501,-10.9898562],[-61.5502579,-10.9860947],[-61.5195209,-10.9496984],[-61.5108965,-10.7936807],[-61.4738335,-10.7975127],[-61.4884003,-10.7364767],[-61.4723937,-10.714973],[-61.4993935,-10.6986176],[-61.4617928,-10.4199046],[-61.5527979,-10.3082323],[-61.577926,-10.2353124],[-61.5517185,-10.1977763],[-61.6018749,-10.1543793],[-61.5084195,-9.8888009],[-61.5249134,-9.7957303],[-61.547356,-9.7875415],[-61.5315013,-9.7399119],[-61.5746373,-9.7177933],[-61.505272,-9.6913819],[-61.4768074,-9.628723],[-61.5030326,-9.615345],[-61.5134425,-9.5285314],[-61.5495654,-9.5152171],[-61.5258126,-9.5017971],[-61.5786429,-9.471612],[-61.5527041,-9.3874219],[-61.6259281,-9.3630117],[-61.6119925,-9.2807016],[-61.6333459,-9.2705843],[-61.5769802,-9.2375253],[-61.526207,-9.2458474],[-61.5196316,-9.1951977],[-61.555755,-9.0924026],[-61.468505,-8.9173679],[-61.523588,-8.8185966],[-61.5831348,-8.7986891],[-58.415878,-8.7928428],[-58.3262244,-8.7200324],[-58.4373006,-8.7033525],[-58.3895183,-8.5947925],[-58.4178072,-8.4895196],[-58.3545775,-8.3927541],[-58.3502775,-8.3456677],[-58.3148931,-8.3230601],[-58.3224642,-8.1700394],[-58.2871694,-8.1285447],[-58.3847417,-7.8439891],[-58.2940558,-7.7715405],[-58.2805457,-7.7064572],[-58.2021706,-7.6208543],[-58.21306,-7.4585347],[-58.1384405,-7.3490342],[-58.0613616,-7.3951912],[-57.972582,-7.5345881],[-57.9395583,-7.6531348],[-57.896749,-7.6778845],[-57.828833,-7.9728959],[-57.7284399,-8.0942158],[-57.7151382,-8.1579476],[-57.6432123,-8.2121753],[-57.686944,-8.4162536],[-57.634133,-8.5189053],[-57.6486418,-8.576375],[-57.6222457,-8.5911884],[-57.5929389,-8.756477],[-57.530385,-8.7481741],[-57.4275794,-8.7832392],[-57.4199126,-8.8530393],[-57.3843829,-8.8795574],[-57.1950043,-8.9275137],[-57.0392416,-9.09829],[-57.0571671,-9.1859279],[-56.9955493,-9.2338426],[-56.8201088,-9.2463404],[-56.7573841,-9.4061764],[-56.6718827,-9.3673969],[-53.0004717,-9.6552689],[-50.2248064,-9.8411535],[-50.3026455,-10.0354113],[-50.3921478,-10.1340312],[-50.3815645,-10.2189129],[-50.4182853,-10.3562814],[-50.4737254,-10.4049055],[-50.4826205,-10.4900386],[-50.5161464,-10.5039094],[-50.5349598,-10.6017509],[-50.6028978,-10.658234],[-50.5705877,-10.7525041],[-50.6220066,-10.8394178],[-50.5994046,-10.8844639],[-50.6329456,-10.935943],[-50.6094574,-11.0674457],[-50.6610395,-11.1347172],[-50.6594054,-11.2548623],[-50.7070991,-11.3281658],[-50.7420631,-11.4549064],[-50.7346778,-11.5514585],[-50.7159867,-11.5789533],[-50.6574739,-11.5928064],[-50.6637021,-11.6775273],[-50.722042,-11.7396989],[-50.6863045,-11.8589954],[-50.6392882,-11.8845665],[-50.6836526,-11.995586],[-50.6672776,-12.0811688],[-50.6868718,-12.2021539],[-50.6437098,-12.222965],[-50.6445669,-12.345909],[-50.618255,-12.4289922],[-50.6235737,-12.4552838],[-50.6530391,-12.4600739],[-50.6864785,-12.5692042],[-50.6679823,-12.5960093],[-50.7064888,-12.609701],[-50.6996886,-12.6477753],[-50.6469294,-12.6511214],[-50.6547658,-12.6791794],[-50.6229618,-12.7346385],[-50.6359942,-12.7718605],[-50.6117659,-12.7758968],[-50.6208427,-12.8213166],[-50.5819162,-12.7993793],[-50.5978467,-12.826775],[-50.5203415,-12.8363941],[-50.5074228,-12.8583627],[-50.4677977,-12.7542594],[-50.4874094,-12.7451064],[-50.4650891,-12.7308029],[-50.4786553,-12.7112831],[-50.4327131,-12.6915224],[-50.4404503,-12.6522537],[-50.4123674,-12.6482935],[-50.4181009,-12.6244473],[-50.3908224,-12.611461],[-50.3659843,-12.5455011],[-50.184061,-12.4320509],[-50.1958861,-12.4124369],[-50.1731668,-12.4223333],[-50.1711175,-12.4053503],[-50.15967,-12.4047218],[-50.1580674,-12.4005061],[-50.141802,-12.3953956],[-50.2176095,-12.4873571],[-50.2295244,-12.531189],[-50.1919845,-12.5621611],[-50.2375277,-12.5787353],[-50.2653247,-12.6821722],[-50.2990728,-12.6801771],[-50.2832766,-12.7177793],[-50.3109562,-12.7979418],[-50.2928427,-12.8384694],[-50.1838006,-12.8973567],[-50.0780612,-12.9056506],[-50.0396484,-12.9353875],[-49.9203946,-12.961384],[-49.3683159,-13.2723014],[-49.3372447,-13.2472816],[-49.350967,-13.0887264],[-49.2376552,-12.8837861],[-49.118877,-12.7895192],[-49.1046307,-12.8354203],[-49.0642475,-12.8460871],[-49.0792038,-12.904009],[-49.0217742,-12.9063237],[-48.9762335,-12.9578931],[-48.8568728,-12.8043575],[-48.8428259,-12.8425068],[-48.7351342,-12.9210739],[-48.7297896,-12.9893834],[-48.6707093,-12.9949939],[-48.6005347,-13.0588535],[-48.5759193,-13.1241598],[-48.5973528,-13.1521039],[-48.5775353,-13.1732753],[-48.5999452,-13.2386606],[-48.5860898,-13.3216005],[-48.5535925,-13.3026334],[-48.5537521,-13.2035451],[-48.5296886,-13.1914152],[-48.5181032,-13.1395218],[-48.4699647,-13.1373098],[-48.4755457,-13.2349601],[-48.4419089,-13.2923422],[-48.3401125,-13.2482578],[-48.3422626,-13.2282026],[-48.3079536,-13.2372221],[-48.2316224,-13.1691564],[-48.1436592,-13.1524725],[-48.1659237,-13.1892998],[-48.1648231,-13.3066603],[-48.0824617,-13.289546],[-48.0624559,-13.2357212],[-48.0252513,-13.2798336],[-47.983485,-13.279085],[-47.9667043,-13.3150807],[-47.9363044,-13.2898552],[-47.8844277,-13.3207214],[-47.8202144,-13.3125234],[-47.6797484,-13.4681748],[-47.6222932,-13.369192],[-47.6500735,-13.3491826],[-47.6614696,-13.3027767],[-47.639661,-13.2642926],[-47.6675997,-13.2108827],[-47.633645,-13.1011799],[-47.5637956,-13.119051],[-47.5578012,-13.1868503],[-47.4783804,-13.1849576],[-47.4864138,-13.2197336],[-47.4345238,-13.2287801],[-47.4544222,-13.2505276],[-47.4261275,-13.2899799],[-47.3775667,-13.2290866],[-47.2821518,-13.2651268],[-47.2296138,-13.1947384],[-47.183741,-13.1874468],[-47.1539664,-13.2102795],[-47.1321165,-13.1778641],[-47.0879195,-13.1818323],[-47.0020989,-13.1216848],[-46.9790157,-13.1317672],[-46.8916768,-13.0523851],[-46.8544978,-13.0675267],[-46.8198975,-13.0016866],[-46.750611,-12.969155],[-46.4546499,-12.9711526],[-46.4179848,-12.8224367],[-46.3657643,-12.863354],[-46.3644039,-12.9907429],[-46.104644,-12.9249255],[-46.1246636,-12.9598204],[-46.2755338,-13.0202133],[-46.3357888,-13.0976579],[-46.2951808,-13.1418745],[-46.3291318,-13.2484864],[-46.2999257,-13.2576773],[-46.317902,-13.3052278],[-46.2924869,-13.3169301],[-46.1032194,-13.2575102],[-46.0682755,-13.2954418],[-46.1354731,-13.3755242],[-46.2495225,-13.4313089],[-46.2089639,-13.4655628],[-46.2370637,-13.4871504],[-46.2474525,-13.5786604],[-46.1872551,-13.5754193],[-46.1627454,-13.6036421],[-46.2636329,-13.691393],[-46.2356033,-13.7098502],[-46.2628572,-13.7348173],[-46.2229368,-13.7654029],[-46.2814955,-13.7951095],[-46.273631,-13.8287797],[-46.2324747,-13.8486074],[-46.266989,-13.9174978],[-46.2081517,-14.0161362],[-46.2243922,-14.1050276],[-46.1841003,-14.1569481],[-46.1181409,-14.1599493],[-46.1018829,-14.2083183],[-46.0610483,-14.1954846],[-46.0529365,-14.244791],[-45.9954281,-14.2561577],[-45.9422146,-14.343255],[-45.9071553,-14.3551898],[-45.9326429,-14.4098593],[-45.9758064,-14.434248],[-46.0101837,-14.4256957],[-46.0190031,-14.4720712],[-45.9753083,-14.5389298],[-45.989515,-14.658845],[-46.0279691,-14.6810075],[-46.0055037,-14.688998],[-45.9970579,-14.7413414],[-46.0025841,-14.795839],[-46.0411979,-14.8264946],[-46.0252869,-14.8557565],[-46.0961927,-14.9387679],[-46.1614206,-14.9061727],[-46.1755505,-14.9494252],[-46.2337021,-14.9215282],[-46.2868648,-14.9281457],[-46.3193358,-14.900439],[-46.3004725,-14.8580787],[-46.3249172,-14.8477876],[-46.3221999,-14.8145803],[-46.5011137,-14.7030259],[-46.5662818,-14.7883957],[-46.521556,-14.8511795],[-46.5465359,-14.9254445],[-46.5036081,-15.0534333],[-46.6280595,-15.0894905],[-46.844342,-15.0090817],[-46.9205918,-15.050859],[-46.8884431,-15.1156449],[-46.9408666,-15.2307016],[-46.9276553,-15.2550953],[-46.8914846,-15.2352596],[-46.8893183,-15.2822469],[-46.8356758,-15.3251277],[-46.8694803,-15.3614742],[-46.8494784,-15.373164],[-46.9293133,-15.4399397],[-46.948688,-15.5578444],[-46.8548835,-15.6183005],[-46.8068987,-15.879249],[-47.0886445,-15.9611293],[-47.1349838,-15.9493843],[-47.1315792,-15.9339791],[-47.1427805,-15.9263425],[-47.2172766,-16.0144203],[-47.3003674,-16.0172457],[-47.3113446,-16.0881327],[-47.3329111,-16.0867316],[-47.3527322,-16.1328303],[-47.3271443,-16.2486413],[-47.4557053,-16.4676392],[-47.4595246,-16.5041259],[-47.4442298,-16.5393026],[-47.4054637,-16.5552484],[-47.4132239,-16.5741719],[-47.3772696,-16.5785652],[-47.3764327,-16.5996798],[-47.3431539,-16.5914104],[-47.336351,-16.6155066],[-47.3192964,-16.602019],[-47.2508621,-16.6648074],[-47.2524281,-16.7039426],[-47.2228835,-16.724078],[-47.2211844,-16.8077662],[-47.1945689,-16.8245892],[-47.1988421,-16.9080632],[-47.1614486,-16.9188725],[-47.1672751,-16.9526489],[-47.127409,-16.9786518],[-47.1515392,-16.9977393],[-47.1317963,-17.0070035],[-47.146632,-17.032326],[-47.1836134,-17.0369148],[-47.180371,-17.062808],[-47.2466778,-17.0820364],[-47.2827101,-17.1440996],[-47.3519875,-17.1664994],[-47.3401773,-17.1873871],[-47.3618481,-17.1850817],[-47.3626463,-17.2227085],[-47.4344592,-17.2762185],[-47.4192041,-17.2954475],[-47.4228662,-17.3230893],[-47.4548775,-17.3297389],[-47.4407901,-17.3477028],[-47.4879548,-17.3495063],[-47.5111347,-17.3262592],[-47.5145067,-17.3749523],[-47.5398123,-17.3883967],[-47.5216246,-17.4258627],[-47.5413643,-17.4546104],[-47.514639,-17.4609981],[-47.5047166,-17.5091932],[-47.4547257,-17.541786],[-47.4004487,-17.5118175],[-47.3254145,-17.5238006],[-47.2648038,-17.6113892],[-47.2701041,-17.6744718],[-47.3137022,-17.698963],[-47.3726158,-17.8297919],[-47.2838683,-18.0583928],[-47.3576318,-18.0852333],[-47.3958754,-18.140902],[-47.4286403,-18.1399176],[-47.4302164,-18.1656872],[-47.513089,-18.1959313],[-47.5324377,-18.2313259],[-47.536863,-18.1949697],[-47.5682752,-18.2037129],[-47.63877,-18.2876781],[-47.610582,-18.3164807],[-47.6575736,-18.3278038],[-47.7000926,-18.3789922],[-47.7405709,-18.3638398],[-47.7478761,-18.4116067],[-47.7790168,-18.4241351],[-47.810572,-18.4001154],[-47.8319384,-18.4497831],[-47.8579639,-18.4390126],[-47.8681824,-18.4743985],[-47.914274,-18.4665778],[-47.954937,-18.5002803],[-47.9809103,-18.4428612],[-48.0088298,-18.4529289],[-48.0574754,-18.4129242],[-48.1107876,-18.428594],[-48.1618262,-18.3718853],[-48.2704974,-18.3294483],[-48.3162724,-18.3643753],[-48.310541,-18.3867095],[-48.4456609,-18.3553014],[-48.4812352,-18.3801387],[-48.4848065,-18.353632],[-48.5156492,-18.3664159],[-48.5614147,-18.3238865],[-48.7577234,-18.3447611],[-48.8163616,-18.3796612],[-48.8371347,-18.3414808],[-48.9331716,-18.305454],[-49.0770399,-18.4167804],[-49.1263129,-18.3843143],[-49.1614616,-18.4182148],[-49.2100988,-18.4147815],[-49.1977533,-18.4578372],[-49.2934845,-18.564679],[-49.3274973,-18.5622003],[-49.3850575,-18.6460619],[-49.4817256,-18.5605478],[-49.4930523,-18.4942853],[-49.5353064,-18.4918071],[-49.5523777,-18.5441165],[-49.651706,-18.561116],[-49.6397145,-18.600139],[-49.7685297,-18.6109864],[-49.7848196,-18.6422477],[-49.8800956,-18.6095603],[-49.9316515,-18.6239931],[-50.0200643,-18.5993635],[-50.0800431,-18.6722438],[-50.164288,-18.6643525],[-50.31449,-18.7007498],[-50.3755956,-18.8114981],[-50.4234927,-18.8326532],[-50.4434358,-18.8941156],[-50.510553,-18.9386605],[-50.4950762,-19.0128685],[-50.5351625,-19.0988871],[-50.5877655,-19.1399476],[-50.6759543,-19.1370734],[-50.675863,-19.1711992],[-50.7341529,-19.187695],[-50.7465327,-19.239907],[-50.8188904,-19.2917345],[-50.8759721,-19.4150347],[-50.8304513,-19.4922756],[-50.9349978,-19.4674775],[-50.963272,-19.4836378],[-50.9231298,-19.5760608],[-50.9875546,-19.5895076],[-51.0459444,-19.7290509],[-50.9994713,-19.9063755],[-51.0211489,-19.9640283],[-51.000475,-20.0853844],[-51.0589327,-20.2351607],[-51.1369683,-20.2974622],[-51.3427054,-20.3546601],[-51.5002223,-20.5682163],[-51.5941482,-20.6438477],[-51.6348992,-20.7548484],[-51.6235873,-20.9444329],[-51.7222304,-20.976768],[-51.7896709,-21.1021195],[-51.8758619,-21.1361474],[-51.8795737,-21.1994307],[-51.8485145,-21.2666384],[-51.8652611,-21.3489425],[-51.9679033,-21.5017621],[-52.0777894,-21.5152225],[-52.1034019,-21.5645572],[-52.0520923,-21.6365942],[-52.0558254,-21.6771588],[-52.1028652,-21.7452912],[-52.1612618,-21.7707737],[-52.1905614,-21.8461447],[-52.3014847,-21.9421686],[-52.3454348,-22.0619754],[-52.4081883,-22.1416352],[-52.4877143,-22.217206],[-52.6951341,-22.3146106],[-52.8578427,-22.4414827],[-52.9882459,-22.4868783],[-53.0580024,-22.53693],[-53.1935276,-22.7253468],[-53.3595079,-22.7795565],[-53.5418832,-22.8861916],[-53.602589,-22.9461217],[-53.6345872,-23.0007477],[-53.6365887,-23.1250308],[-53.7413238,-23.3356384],[-53.7754879,-23.3751314],[-53.9865967,-23.4647936],[-54.0804586,-23.7808971],[-54.080458,-23.8912532],[-54.1326548,-23.9841923],[-54.2893306,-24.0683713],[-54.324188,-24.0038222],[-54.3837888,-23.9867862],[-54.4401395,-23.9042761],[-54.5685808,-23.874467],[-54.5841679,-23.8370279],[-54.6097366,-23.8513764],[-54.6694721,-23.8125048],[-54.7051834,-23.8646063],[-54.7591095,-23.8567411],[-54.8499082,-23.9082244],[-54.8851157,-23.896999],[-54.9268771,-23.924814],[-54.9270797,-23.9618288]]]}},{"type":"Feature","properties":{"level":"regiao","name":"Sudeste","region_code":"3","region_sigla":"SE"},"geometry":{"type":"MultiPolygon","coordinates":[[[[-48.0365198,-25.3577278],[-48.0374718,-25.3559852],[-48.0354912,-25.3566482],[-48.0365198,-25.3577278]]],[[[-47.9559136,-25.2744269],[-47.9549988,-25.2729581],[-47.9524881,-25.2729565],[-47.9559136,-25.2744269]]],[[[-47.9145047,-25.1672525],[-47.9100137,-25.163277],[-47.9091807,-25.1669613],[-47.9145047,-25.1672525]]],[[[-47.8610683,-25.1334505],[-47.8602532,-25.1309216],[-47.8596399,-25.1324614],[-47.8610683,-25.1334505]]],[[[-47.8583376,-25.1174633],[-47.8562386,-25.1250072],[-47.8649762,-25.1282456],[-47.8583376,-25.1174633]]],[[[-46.6761888,-24.4759561],[-46.6773755,-24.4911572],[-46.6775522,-24.4787067],[-46.6761888,-24.4759561]]],[[[-47.0312876,-24.4287807],[-47.0310596,-24.4285256],[-47.0311229,-24.4288008],[-47.0312876,-24.4287807]]],[[[-46.9936815,-24.4109707],[-46.9940363,-24.4115138],[-46.9944558,-24.4111827],[-46.9936815,-24.4109707]]],[[[-47.0014213,-24.4104693],[-47.0033164,-24.40931],[-47.0003124,-24.408751],[-47.0014213,-24.4104693]]],[[[-46.9996442,-24.4081343],[-46.9993201,-24.4084199],[-46.9996753,-24.4084896],[-46.9996442,-24.4081343]]],[[[-47.007362,-24.3961229],[-47.0077149,-24.3964327],[-47.0077349,-24.396245],[-47.007362,-24.3961229]]],[[[-46.9880027,-24.3839138],[-46.9881212,-24.3853603],[-46.9885459,-24.3852399],[-46.9880027,-24.3839138]]],[[[-46.986879,-24.3794379],[-46.9847468,-24.3825103],[-46.9875936,-24.381542],[-46.986879,-24.3794379]]],[[[-46.8059992,-24.3741197],[-46.8078116,-24.3761136],[-46.8079535,-24.3744092],[-46.8059992,-24.3741197]]],[[[-46.8035579,-24.3736166],[-46.8042151,-24.375453],[-46.805073,-24.3751048],[-46.8035579,-24.3736166]]],[[[-47.0045514,-24.3675326],[-47.0052223,-24.3677749],[-47.0050054,-24.3672858],[-47.0045514,-24.3675326]]],[[[-46.9794821,-24.3619103],[-46.981175,-24.3616134],[-46.9795811,-24.3605287],[-46.9794821,-24.3619103]]],[[[-46.9997158,-24.349462],[-46.9995414,-24.3495746],[-46.9997924,-24.3495239],[-46.9997158,-24.349462]]],[[[-46.1617641,-24.3280755],[-46.1624107,-24.3311343],[-46.1634218,-24.3310976],[-46.1617641,-24.3280755]]],[[[-46.1803491,-24.3197731],[-46.1828565,-24.3201047],[-46.1798233,-24.3182622],[-46.1803491,-24.3197731]]],[[[-46.8901366,-24.2538245],[-46.8908754,-24.2543882],[-46.8910428,-24.2538755],[-46.8901366,-24.2538245]]],[[[-46.6909262,-24.2374339],[-46.6904067,-24.2366443],[-46.6904275,-24.2376703],[-46.6909262,-24.2374339]]],[[[-46.792316,-24.19525],[-46.7932665,-24.1936856],[-46.7915985,-24.194823],[-46.792316,-24.19525]]],[[[-45.6912179,-24.0908548],[-45.6796541,-24.0970556],[-45.706277,-24.1131721],[-45.6912179,-24.0908548]]],[[[-45.7025087,-24.0964274],[-45.70161,-24.0958596],[-45.7024988,-24.0965855],[-45.7025087,-24.0964274]]],[[[-45.7045821,-24.093474],[-45.7047758,-24.0940075],[-45.7053771,-24.0937764],[-45.7045821,-24.093474]]],[[[-45.6590989,-24.0889464],[-45.6584111,-24.0889646],[-45.6591187,-24.0892229],[-45.6590989,-24.0889464]]],[[[-45.6631847,-24.0825395],[-45.6631798,-24.0837979],[-45.6633883,-24.0825195],[-45.6631847,-24.0825395]]],[[[-45.7171424,-24.0799247],[-45.7161449,-24.0799543],[-45.7171177,-24.0802457],[-45.7171424,-24.0799247]]],[[[-45.7182831,-24.0769175],[-45.7166091,-24.0763002],[-45.7179522,-24.0775841],[-45.7182831,-24.0769175]]],[[[-45.6541497,-24.075523],[-45.6563359,-24.0756599],[-45.6543442,-24.0747797],[-45.6541497,-24.075523]]],[[[-46.2707093,-24.0498975],[-46.2709548,-24.0496719],[-46.2704422,-24.0495454],[-46.2707093,-24.0498975]]],[[[-46.260819,-24.0448184],[-46.2612123,-24.0527312],[-46.2673653,-24.0501582],[-46.260819,-24.0448184]]],[[[-46.2939762,-24.0279132],[-46.2950384,-24.0280665],[-46.2941896,-24.0274957],[-46.2939762,-24.0279132]]],[[[-46.2937256,-24.0253644],[-46.2921024,-24.0246605],[-46.2931097,-24.0261038],[-46.2937256,-24.0253644]]],[[[-46.2174947,-24.0101034],[-46.2185461,-24.0090069],[-46.2165306,-24.0075869],[-46.2174947,-24.0101034]]],[[[-46.3235119,-24.0084236],[-46.3254115,-24.0093892],[-46.3249251,-24.0080305],[-46.3235119,-24.0084236]]],[[[-46.253727,-24.0026807],[-46.2557446,-24.0008795],[-46.2534899,-24.002509],[-46.253727,-24.0026807]]],[[[-46.3683322,-23.9823466],[-46.3676497,-23.9821012],[-46.3678176,-23.9825383],[-46.3683322,-23.9823466]]],[[[-46.3520589,-23.9730145],[-46.3527526,-23.9750978],[-46.3536479,-23.974593],[-46.3520589,-23.9730145]]],[[[-46.1800905,-23.9709161],[-46.1844383,-23.9742749],[-46.1812108,-23.9705247],[-46.1800905,-23.9709161]]],[[[-46.1758159,-23.9699703],[-46.1771545,-23.9705528],[-46.1759319,-23.9696802],[-46.1758159,-23.9699703]]],[[[-46.1659745,-23.966861],[-46.1680772,-23.9677736],[-46.1678292,-23.9663575],[-46.1659745,-23.966861]]],[[[-46.170024,-23.9278382],[-46.1699521,-23.9270573],[-46.1695968,-23.9273295],[-46.170024,-23.9278382]]],[[[-45.3003424,-23.9222797],[-45.3005054,-23.9227587],[-45.3009201,-23.9226452],[-45.3003424,-23.9222797]]],[[[-45.2975422,-23.920662],[-45.2969349,-23.9195065],[-45.296565,-23.9194565],[-45.2975422,-23.920662]]],[[[-45.2964068,-23.9181368],[-45.2964957,-23.9193515],[-45.2971228,-23.9189664],[-45.2964068,-23.9181368]]],[[[-45.3225633,-23.9144827],[-45.325457,-23.9194898],[-45.3253483,-23.917643],[-45.3225633,-23.9144827]]],[[[-46.1681107,-23.915898],[-46.1671766,-23.9148886],[-46.1665453,-23.9156723],[-46.1681107,-23.915898]]],[[[-46.136801,-23.8933559],[-46.1367708,-23.8923045],[-46.135872,-23.8918961],[-46.136801,-23.8933559]]],[[[-45.2621137,-23.8891192],[-45.2650249,-23.8885818],[-45.262812,-23.8878423],[-45.2621137,-23.8891192]]],[[[-45.2597159,-23.888482],[-45.2590623,-23.8892359],[-45.2600512,-23.8890358],[-45.2597159,-23.888482]]],[[[-46.1303912,-23.8848663],[-46.1287605,-23.8842649],[-46.1283699,-23.8853012],[-46.1303912,-23.8848663]]],[[[-46.1356466,-23.871585],[-46.1341866,-23.8720964],[-46.1359251,-23.8726374],[-46.1356466,-23.871585]]],[[[-45.7842343,-23.859457],[-45.7811909,-23.8709187],[-45.7869762,-23.8684672],[-45.7842343,-23.859457]]],[[[-45.2867827,-23.8603229],[-45.2858099,-23.8604562],[-45.2869704,-23.8608858],[-45.2867827,-23.8603229]]],[[[-45.4170644,-23.8533308],[-45.4179159,-23.8531067],[-45.4168941,-23.8531946],[-45.4170644,-23.8533308]]],[[[-45.5264691,-23.8499334],[-45.5222225,-23.853782],[-45.5253933,-23.856279],[-45.5264691,-23.8499334]]],[[[-45.2769453,-23.8507837],[-45.2789411,-23.8510238],[-45.2785797,-23.8502749],[-45.2769453,-23.8507837]]],[[[-45.3258042,-23.9119213],[-45.4280613,-23.9411808],[-45.4621339,-23.88853],[-45.3726816,-23.8194333],[-45.3283878,-23.7223559],[-45.2298332,-23.7763327],[-45.2483861,-23.8248302],[-45.2268079,-23.837111],[-45.2738816,-23.838699],[-45.2909311,-23.8661357],[-45.2728638,-23.8923249],[-45.2231795,-23.9034729],[-45.2518398,-23.9680822],[-45.2911072,-23.9105886],[-45.3258042,-23.9119213]]],[[[-45.4439912,-23.8313479],[-45.4430051,-23.8316067],[-45.4435941,-23.8322491],[-45.4439912,-23.8313479]]],[[[-45.3924149,-23.8289323],[-45.3924151,-23.8300877],[-45.3935108,-23.8301255],[-45.3924149,-23.8289323]]],[[[-45.4130459,-23.8279791],[-45.4127147,-23.8282466],[-45.4133694,-23.8283664],[-45.4130459,-23.8279791]]],[[[-45.5418938,-23.8272953],[-45.5423801,-23.8284999],[-45.5426835,-23.8288658],[-45.5418938,-23.8272953]]],[[[-45.1530578,-23.8281689],[-45.1557681,-23.827495],[-45.1532067,-23.8259175],[-45.1530578,-23.8281689]]],[[[-46.0260698,-23.8256462],[-46.0258932,-23.8269616],[-46.0267629,-23.8267032],[-46.0260698,-23.8256462]]],[[[-45.4701575,-23.8236608],[-45.4698441,-23.8237525],[-45.4701651,-23.8239283],[-45.4701575,-23.8236608]]],[[[-45.4064779,-23.8162674],[-45.4061493,-23.8163107],[-45.4064754,-23.8163158],[-45.4064779,-23.8162674]]],[[[-45.4067327,-23.8149273],[-45.4067862,-23.8154547],[-45.4075276,-23.8148738],[-45.4067327,-23.8149273]]],[[[-45.4057519,-23.813842],[-45.4062767,-23.8138369],[-45.4062869,-23.8136637],[-45.4057519,-23.813842]]],[[[-45.2272963,-23.811057],[-45.2282286,-23.8144652],[-45.2294378,-23.8122116],[-45.2272963,-23.811057]]],[[[-45.6672855,-23.804519],[-45.6714904,-23.8056575],[-45.6675959,-23.8033802],[-45.6672855,-23.804519]]],[[[-45.7261853,-23.8022957],[-45.714807,-23.8036649],[-45.716469,-23.8062974],[-45.7261853,-23.8022957]]],[[[-45.7046699,-23.7868964],[-45.7142997,-23.7933586],[-45.7176626,-23.7935449],[-45.7046699,-23.7868964]]],[[[-45.8004001,-23.7728567],[-45.7992236,-23.7734108],[-45.8006378,-23.7735509],[-45.8004001,-23.7728567]]],[[[-45.7469491,-23.7715284],[-45.7465287,-23.7718402],[-45.7472534,-23.7718801],[-45.7469491,-23.7715284]]],[[[-45.753767,-23.769454],[-45.7533575,-23.7695583],[-45.7537614,-23.7697553],[-45.753767,-23.769454]]],[[[-45.2914113,-23.5933469],[-45.2827874,-23.6011648],[-45.2955747,-23.6016167],[-45.2914113,-23.5933469]]],[[[-45.3092748,-23.5860502],[-45.3102447,-23.5870481],[-45.3104024,-23.5859827],[-45.3092748,-23.5860502]]],[[[-45.3104506,-23.5837457],[-45.3121113,-23.5816923],[-45.3109485,-23.581284],[-45.3104506,-23.5837457]]],[[[-45.1550473,-23.5500203],[-45.1555757,-23.5503018],[-45.1552448,-23.5499216],[-45.1550473,-23.5500203]]],[[[-45.2156642,-23.5486307],[-45.2184632,-23.5509938],[-45.2189982,-23.5505385],[-45.2156642,-23.5486307]]],[[[-45.155299,-23.5481831],[-45.1548605,-23.5468976],[-45.1544045,-23.548334],[-45.155299,-23.5481831]]],[[[-45.1543659,-23.5338682],[-45.1538276,-23.5335127],[-45.1542967,-23.5341299],[-45.1543659,-23.5338682]]],[[[-45.210375,-23.5332562],[-45.213794,-23.5331313],[-45.2142943,-23.5318861],[-45.210375,-23.5332562]]],[[[-48.8273144,-24.6544533],[-48.9584529,-24.6852832],[-49.009427,-24.6603693],[-49.0046777,-24.6332389],[-49.0400336,-24.6368465],[-49.0612881,-24.6853414],[-49.1805445,-24.671653],[-49.211819,-24.7023646],[-49.2756811,-24.6943759],[-49.3120154,-24.6635327],[-49.3159894,-24.5555089],[-49.280272,-24.5372649],[-49.296462,-24.5018955],[-49.2469227,-24.469098],[-49.2355492,-24.4095521],[-49.2535003,-24.4050385],[-49.2012106,-24.3427002],[-49.2838089,-24.3080629],[-49.3053741,-24.251431],[-49.3559578,-24.2145123],[-49.3365663,-24.1375819],[-49.4300107,-24.088536],[-49.5167568,-23.9701225],[-49.4996675,-23.9592098],[-49.5210997,-23.9461018],[-49.5116047,-23.9258999],[-49.5569897,-23.9227307],[-49.6107365,-23.8516949],[-49.5608915,-23.8159145],[-49.5734628,-23.7560396],[-49.5491992,-23.7040164],[-49.6171452,-23.6395859],[-49.6002062,-23.5356244],[-49.6293703,-23.5118275],[-49.5956401,-23.4403824],[-49.5729514,-23.443944],[-49.5666241,-23.4264201],[-49.6210117,-23.3974193],[-49.5904025,-23.3827925],[-49.6370958,-23.3516199],[-49.626462,-23.2829166],[-49.6783199,-23.1650617],[-49.7304888,-23.1414461],[-49.7402393,-23.0991683],[-49.7891791,-23.1033455],[-49.8336586,-23.0659429],[-49.9116022,-23.0511186],[-49.8995854,-23.0020053],[-49.9693326,-22.9644784],[-49.9620495,-22.9233131],[-49.9861649,-22.8975048],[-49.9948737,-22.9297191],[-50.0478527,-22.9019641],[-50.0674704,-22.9275153],[-50.2375376,-22.9541462],[-50.2733879,-22.9310013],[-50.3361588,-22.9503965],[-50.3790746,-22.9054056],[-50.4189476,-22.9139331],[-50.4303025,-22.9464074],[-50.506079,-22.9453771],[-50.5404935,-22.9121289],[-50.6085241,-22.924154],[-50.6615854,-22.8954775],[-50.73637,-22.963351],[-50.803992,-22.9457366],[-50.7929517,-22.8943535],[-50.8887189,-22.7965312],[-50.9406953,-22.8053252],[-51.1495821,-22.7550537],[-51.228336,-22.7160172],[-51.2651999,-22.6676974],[-51.4464102,-22.6529523],[-51.4989018,-22.6905293],[-51.5595692,-22.6971793],[-51.6278786,-22.6582406],[-51.7181736,-22.6690211],[-51.7357046,-22.6242925],[-51.8686243,-22.6304456],[-51.9405126,-22.5673428],[-52.1092124,-22.5162952],[-52.1487619,-22.5492535],[-52.156678,-22.6447189],[-52.2225772,-22.6755354],[-52.2504131,-22.6154264],[-52.3131364,-22.6365124],[-52.4376297,-22.6068487],[-52.5026768,-22.6345557],[-52.5849228,-22.5659332],[-52.7082514,-22.6280619],[-52.972425,-22.5704843],[-53.0877869,-22.6584449],[-53.108915,-22.5983165],[-52.9985791,-22.4931813],[-52.8578427,-22.4414827],[-52.745835,-22.343313],[-52.4877143,-22.217206],[-52.3551312,-22.0772314],[-52.3088119,-21.9519196],[-52.1905614,-21.8461447],[-52.1612618,-21.7707737],[-52.0764924,-21.7148802],[-52.0483228,-21.6506058],[-52.1021641,-21.5698135],[-52.0959624,-21.5420636],[-52.0664524,-21.5045916],[-51.9679033,-21.5017621],[-51.86196,-21.3416175],[-51.8485145,-21.2666384],[-51.8795737,-21.1994307],[-51.8758619,-21.1361474],[-51.7896709,-21.1021195],[-51.7222304,-20.976768],[-51.6209317,-20.9393656],[-51.6348992,-20.7548484],[-51.5941482,-20.6438477],[-51.5002223,-20.5682163],[-51.3427054,-20.3546601],[-51.1369683,-20.2974622],[-51.0589327,-20.2351607],[-51.000475,-20.0853844],[-51.0211489,-19.9640283],[-50.9994713,-19.9063755],[-51.0459444,-19.7290509],[-50.9875546,-19.5895076],[-50.9243946,-19.5808846],[-50.9623785,-19.4818957],[-50.9349978,-19.4674775],[-50.8304513,-19.4922756],[-50.8759721,-19.4150347],[-50.8188904,-19.2917345],[-50.7465327,-19.239907],[-50.7341529,-19.187695],[-50.675863,-19.1711992],[-50.6759543,-19.1370734],[-50.5877655,-19.1399476],[-50.5351625,-19.0988871],[-50.4950762,-19.0128685],[-50.510553,-18.9386605],[-50.4434358,-18.8941156],[-50.4234927,-18.8326532],[-50.3755956,-18.8114981],[-50.31449,-18.7007498],[-50.164288,-18.6643525],[-50.0800431,-18.6722438],[-50.0200643,-18.5993635],[-49.9316515,-18.6239931],[-49.8800956,-18.6095603],[-49.7848196,-18.6422477],[-49.7685297,-18.6109864],[-49.6397145,-18.600139],[-49.651706,-18.561116],[-49.5523777,-18.5441165],[-49.5353064,-18.4918071],[-49.4930523,-18.4942853],[-49.4817256,-18.5605478],[-49.3850575,-18.6460619],[-49.3274973,-18.5622003],[-49.2934845,-18.564679],[-49.1977533,-18.4578372],[-49.2100988,-18.4147815],[-49.1614616,-18.4182148],[-49.1263129,-18.3843143],[-49.0770399,-18.4167804],[-48.9331716,-18.305454],[-48.8371347,-18.3414808],[-48.8163616,-18.3796612],[-48.7577234,-18.3447611],[-48.5614147,-18.3238865],[-48.5156492,-18.3664159],[-48.4848065,-18.353632],[-48.4812352,-18.3801387],[-48.4456609,-18.3553014],[-48.310541,-18.3867095],[-48.3162724,-18.3643753],[-48.2704974,-18.3294483],[-48.1618262,-18.3718853],[-48.1107876,-18.428594],[-48.0574754,-18.4129242],[-48.0088298,-18.4529289],[-47.9809103,-18.4428612],[-47.954937,-18.5002803],[-47.914274,-18.4665778],[-47.8681824,-18.4743985],[-47.8579639,-18.4390126],[-47.8319384,-18.4497831],[-47.810572,-18.4001154],[-47.7790168,-18.4241351],[-47.7478761,-18.4116067],[-47.7405709,-18.3638398],[-47.7000926,-18.3789922],[-47.6575736,-18.3278038],[-47.610582,-18.3164807],[-47.63877,-18.2876781],[-47.5682752,-18.2037129],[-47.536863,-18.1949697],[-47.5324377,-18.2313259],[-47.513089,-18.1959313],[-47.4302164,-18.1656872],[-47.4286403,-18.1399176],[-47.3958754,-18.140902],[-47.3576318,-18.0852333],[-47.2838683,-18.0583928],[-47.3726158,-17.8297919],[-47.3137022,-17.698963],[-47.2701041,-17.6744718],[-47.2648038,-17.6113892],[-47.3254145,-17.5238006],[-47.4004487,-17.5118175],[-47.4547257,-17.541786],[-47.5047166,-17.5091932],[-47.514639,-17.4609981],[-47.5413643,-17.4546104],[-47.5216246,-17.4258627],[-47.5398123,-17.3883967],[-47.5145067,-17.3749523],[-47.5111347,-17.3262592],[-47.4879548,-17.3495063],[-47.4407901,-17.3477028],[-47.4548775,-17.3297389],[-47.4228662,-17.3230893],[-47.4192041,-17.2954475],[-47.4344592,-17.2762185],[-47.3626463,-17.2227085],[-47.3618481,-17.1850817],[-47.3401773,-17.1873871],[-47.3519875,-17.1664994],[-47.2827101,-17.1440996],[-47.2466778,-17.0820364],[-47.180371,-17.062808],[-47.1836134,-17.0369148],[-47.146632,-17.032326],[-47.1317963,-17.0070035],[-47.1515392,-16.9977393],[-47.127409,-16.9786518],[-47.1672751,-16.9526489],[-47.1614486,-16.9188725],[-47.1988421,-16.9080632],[-47.1945689,-16.8245892],[-47.2211844,-16.8077662],[-47.2228835,-16.724078],[-47.2524281,-16.7039426],[-47.2508621,-16.6648074],[-47.3192964,-16.602019],[-47.336351,-16.6155066],[-47.3431539,-16.5914104],[-47.3764327,-16.5996798],[-47.3772696,-16.5785652],[-47.4132239,-16.5741719],[-47.4054637,-16.5552484],[-47.4442298,-16.5393026],[-47.460175,-16.4936354],[-47.4266095,-16.3932499],[-47.3271443,-16.2486413],[-47.3527322,-16.1328303],[-47.3329111,-16.0867316],[-47.3113446,-16.0881327],[-47.3003674,-16.0172457],[-47.2172766,-16.0144203],[-47.1427805,-15.9263425],[-47.1349838,-15.9493843],[-47.0886445,-15.9611293],[-46.8068987,-15.879249],[-46.8548835,-15.6183005],[-46.948688,-15.5578444],[-46.9293133,-15.4399397],[-46.8494784,-15.373164],[-46.8694803,-15.3614742],[-46.8356758,-15.3251277],[-46.8893183,-15.2822469],[-46.8914846,-15.2352596],[-46.9276553,-15.2550953],[-46.9408666,-15.2307016],[-46.8884431,-15.1156449],[-46.9205918,-15.050859],[-46.844342,-15.0090817],[-46.6280595,-15.0894905],[-46.5036081,-15.0534333],[-46.5465359,-14.9254445],[-46.521556,-14.8511795],[-46.5662818,-14.7883957],[-46.5034458,-14.7040758],[-46.4749035,-14.7051831],[-46.3221999,-14.8145803],[-46.3249172,-14.8477876],[-46.3004725,-14.8580787],[-46.3193358,-14.900439],[-46.2868648,-14.9281457],[-46.2337021,-14.9215282],[-46.1755505,-14.9494252],[-46.1629472,-14.9061071],[-46.0982162,-14.9389825],[-46.0485611,-14.8782827],[-46.00388,-14.9022898],[-46.0073134,-14.9258421],[-45.9660809,-14.9656455],[-45.9754941,-15.0388816],[-46.0437202,-15.1181296],[-46.0542806,-15.1719695],[-46.1207223,-15.1951949],[-46.0948087,-15.2461421],[-46.058113,-15.2627418],[-46.0295237,-15.2018083],[-45.9845053,-15.195961],[-45.9559093,-15.1406663],[-45.871247,-15.1588109],[-45.8179671,-15.1141862],[-45.7302951,-15.1172449],[-45.5667394,-14.944853],[-45.4559943,-14.9542607],[-45.3164363,-14.8313691],[-45.2856895,-14.8324778],[-45.2055737,-14.7447389],[-45.0827727,-14.7487667],[-45.0395114,-14.6798511],[-44.8433866,-14.5808382],[-44.8587949,-14.5715223],[-44.8243545,-14.5393769],[-44.8332382,-14.4998278],[-44.701293,-14.4497881],[-44.6883532,-14.4166809],[-44.6679858,-14.4238507],[-44.6588784,-14.3957573],[-44.5655652,-14.34006],[-44.487177,-14.3285197],[-44.3178499,-14.2407448],[-44.2475053,-14.2601183],[-44.2153326,-14.2331807],[-44.135617,-14.2821854],[-44.1125944,-14.2587283],[-44.034621,-14.2890284],[-43.9976496,-14.2654044],[-43.9421399,-14.3050965],[-43.891953,-14.2932872],[-43.7840166,-14.3371788],[-43.8738773,-14.5205836],[-43.8835076,-14.6532322],[-43.7232876,-14.6995316],[-43.7198617,-14.7295389],[-43.5806164,-14.7508139],[-43.529757,-14.8159448],[-43.4696983,-14.7873485],[-43.4812543,-14.7678977],[-43.434889,-14.7230383],[-43.3112274,-14.6697481],[-43.1763498,-14.6505438],[-43.0839365,-14.6982726],[-43.0663892,-14.6805592],[-42.9388802,-14.7080296],[-42.927053,-14.7441402],[-42.7233598,-14.8856124],[-42.6264917,-14.9451462],[-42.5989689,-14.9240978],[-42.4759116,-15.0170404],[-42.4368004,-15.022716],[-42.4409385,-15.0623626],[-42.3744704,-15.0713337],[-42.354907,-15.0982031],[-42.3335173,-15.0790527],[-42.2647965,-15.1251786],[-42.1733198,-15.085954],[-42.0916209,-15.1866054],[-41.9975031,-15.15889],[-41.9325365,-15.1745017],[-41.8704306,-15.1151801],[-41.800710081999966,-15.101097107999976],[-41.3564227,-15.5002861],[-41.3312061,-15.7446734],[-41.2153964,-15.7371659],[-41.1425302,-15.772047],[-41.0775579,-15.719288],[-41.0060595,-15.7138373],[-40.9616145,-15.6479315],[-40.8815569,-15.6944708],[-40.8420332,-15.6832246],[-40.8190283,-15.646342],[-40.7676637,-15.7140794],[-40.7045758,-15.6663988],[-40.6449466,-15.7288594],[-40.6293887,-15.7157127],[-40.6066016,-15.7367564],[-40.5634726,-15.8029042],[-40.4614286,-15.7532317],[-40.4250338,-15.8057084],[-40.3768603,-15.8235226],[-40.2311113,-15.8038471],[-40.200074,-15.8625098],[-40.1661042,-15.8683772],[-40.1707151,-15.9075304],[-40.0849966,-15.8971206],[-40.0661947,-15.9602083],[-40.0044365,-16.0018382],[-39.9147979,-15.9999934],[-39.9356862,-16.0237479],[-39.8568289,-16.1138248],[-39.8969565,-16.141604],[-39.8833906,-16.194693],[-39.9365211,-16.2457808],[-39.9166783,-16.2838428],[-39.9666727,-16.3272092],[-39.991102,-16.3127343],[-40.069183,-16.4607257],[-40.0986641,-16.4212101],[-40.1707811,-16.523622],[-40.1578974,-16.5794549],[-40.2341276,-16.5579323],[-40.2754901,-16.5734177],[-40.3129879,-16.6754341],[-40.3101667,-16.7362155],[-40.3454936,-16.7872675],[-40.2578025,-16.806541],[-40.2469071,-16.8457395],[-40.2816371,-16.9011836],[-40.331523,-16.9080273],[-40.366485,-16.8741723],[-40.4157167,-16.8995006],[-40.4912055,-16.88449],[-40.5714143,-17.0638855],[-40.5566075,-17.0968111],[-40.5777459,-17.16796],[-40.5523839,-17.1991531],[-40.5722499,-17.2513728],[-40.5477509,-17.2837063],[-40.6090252,-17.3269684],[-40.5986644,-17.3896365],[-40.6234751,-17.4059807],[-40.520579,-17.4448113],[-40.4604149,-17.5685022],[-40.4106843,-17.5682273],[-40.4144692,-17.6100964],[-40.3719625,-17.612458],[-40.3546581,-17.6442723],[-40.3467014,-17.6119993],[-40.2803619,-17.7227866],[-40.2207966,-17.7372474],[-40.2180757,-17.795659],[-40.1741273,-17.8515612],[-40.2635475,-17.9220233],[-40.2223506,-17.9804174],[-39.666632,-18.3315424],[-39.7239339,-18.4945452],[-39.7464678,-18.7056935],[-39.7427941,-18.9360835],[-39.6894308,-19.2891696],[-39.7010639,-19.3861555],[-39.8108024,-19.6496129],[-39.988981,-19.7437162],[-40.0536755,-19.8128454],[-40.0533519,-19.8499387],[-40.0994483,-19.9186645],[-40.1530451,-19.9499125],[-40.1324294,-19.9666024],[-40.135855,-19.9678997],[-40.1482022,-19.9910454],[-40.1483099,-20.0058987],[-40.1583457,-20.0165498],[-40.1589145,-20.0358822],[-40.1919114,-20.0543449],[-40.1719635,-20.1072364],[-40.1920117,-20.1995196],[-40.2300531,-20.2951276],[-40.2584728,-20.2658397],[-40.2891235,-20.2837799],[-40.2900396,-20.3076378],[-40.2680776,-20.3293116],[-40.2803832,-20.3359649],[-40.3127907,-20.3894415],[-40.4230886,-20.6360006],[-40.4643357,-20.62394],[-40.4726497,-20.6507908],[-40.4663098,-20.6574928],[-40.4811598,-20.6524133],[-40.4971769,-20.6626129],[-40.4912922,-20.6690029],[-40.5118873,-20.6937142],[-40.5201409,-20.729749],[-40.5226656,-20.7304711],[-40.5248807,-20.7285905],[-40.5272799,-20.7292205],[-40.5372927,-20.7452814],[-40.5415653,-20.7382604],[-40.5567203,-20.7464715],[-40.6278844,-20.8409823],[-40.6533185,-20.8058727],[-40.7546538,-20.8586979],[-40.8034512,-20.9416847],[-40.7994002,-21.0032997],[-40.8297976,-21.0475971],[-40.8584235,-21.1276302],[-40.9529703,-21.2352966],[-40.9613987,-21.3607767],[-41.0573307,-21.4788931],[-41.0731998,-21.5152014],[-41.0502326,-21.6156916],[-41.0268985,-21.6233975],[-41.0123084,-21.6209843],[-41.0245357,-21.7250841],[-40.9751888,-21.9410341],[-40.9875141,-22.0060632],[-41.2114597,-22.1357172],[-41.6743618,-22.2913015],[-41.7646786,-22.3537863],[-41.7679363,-22.3908613],[-41.7864452,-22.3976171],[-41.7948337,-22.405565],[-41.8125988,-22.4135339],[-41.8313633,-22.4261434],[-41.8391338,-22.4325884],[-41.9325176,-22.5375345],[-41.9624401,-22.5352018],[-41.9978405,-22.6093328],[-41.9879566,-22.7104376],[-41.925922,-22.7703359],[-41.8858944,-22.7544229],[-41.8724132,-22.7373674],[-41.863773,-22.7549513],[-41.8887173,-22.7706869],[-41.8822323,-22.7774751],[-41.8811565,-22.7843168],[-41.9079891,-22.7782457],[-41.921825,-22.7871168],[-41.9281917,-22.8144548],[-41.9708172,-22.8233984],[-41.9798046,-22.8735788],[-42.0286862,-22.8984246],[-42.0336876,-22.9451806],[-41.9948307,-22.961865],[-42.0198976,-22.9713571],[-42.0127669,-22.9974452],[-42.0739117,-22.9555235],[-42.3612933,-22.9354655],[-42.6047465,-22.9338396],[-42.6899609,-22.9621034],[-42.7026317,-22.9565952],[-42.7331058,-22.9564613],[-42.9177002,-22.9749446],[-43.0046864,-22.9697186],[-43.0517146,-22.9818183],[-43.0519448,-22.9636319],[-43.1353009,-22.9379751],[-43.0986248,-22.9315746],[-43.0957821,-22.9155471],[-43.1375739,-22.9033083],[-43.1345626,-22.8815742],[-43.1144468,-22.8813095],[-43.0650793,-22.8029319],[-43.0687703,-22.769893],[-43.0294023,-22.7476182],[-43.0262372,-22.7434822],[-43.0325681,-22.6937605],[-43.0846409,-22.6769586],[-43.1157396,-22.6963765],[-43.1277338,-22.7150181],[-43.21301,-22.7265626],[-43.27863,-22.7804863],[-43.2668898,-22.8234842],[-43.2324375,-22.8692072],[-43.2247298,-22.8753011],[-43.2013857,-22.8714609],[-43.2159724,-22.8863438],[-43.2108437,-22.8976064],[-43.1615378,-22.9052779],[-43.1803779,-22.9479346],[-43.150235,-22.9509286],[-43.1836701,-22.9861721],[-43.2864327,-23.0164498],[-43.4455964,-23.0229183],[-43.5343866,-23.0502917],[-43.5518327,-23.0761826],[-43.5724421,-23.0732647],[-43.5677233,-23.0714577],[-43.569089,-23.0662934],[-43.5615986,-23.0581511],[-43.562373,-23.0531564],[-43.599564,-23.0228836],[-43.6742791,-22.9803094],[-43.6896731,-22.9917968],[-43.6958285,-22.9846104],[-43.7006032,-22.9857035],[-43.7109637,-22.970579],[-43.7196353,-22.9730222],[-43.7246529,-22.9607031],[-43.7967855,-22.9165408],[-43.8014366,-22.9245116],[-43.8102224,-22.917569],[-43.8493574,-22.9316336],[-43.8543471,-22.9187563],[-43.8389113,-22.9116423],[-43.8373775,-22.9039538],[-43.8418569,-22.9017325],[-44.0058569,-22.942136],[-44.0429403,-22.9845313],[-44.0537747,-22.9422934],[-44.1133457,-23.0232034],[-44.1709801,-23.0329886],[-44.1934453,-23.0545168],[-44.2005934,-23.0383087],[-44.2505158,-23.0503052],[-44.2209609,-23.0159621],[-44.2493551,-22.9978342],[-44.2905241,-23.0244906],[-44.3029345,-23.002256],[-44.3518287,-23.0303178],[-44.3549759,-22.9985956],[-44.3276761,-22.9950507],[-44.2999188,-22.9584738],[-44.3189443,-22.9564692],[-44.3332841,-22.9674956],[-44.3196432,-22.9364072],[-44.3259437,-22.9370149],[-44.3228484,-22.931501],[-44.3294336,-22.9325657],[-44.3311195,-22.9258117],[-44.3399309,-22.922186],[-44.3648099,-22.9242043],[-44.3599738,-22.9319177],[-44.37374,-22.9416295],[-44.3703123,-22.9484015],[-44.3494832,-22.9457888],[-44.3836327,-22.9727053],[-44.3781332,-22.9575971],[-44.41244,-22.9409377],[-44.4355315,-22.9647366],[-44.4413597,-23.0265961],[-44.4775306,-23.0058107],[-44.596299,-23.0639587],[-44.5961987,-23.0450674],[-44.6685526,-23.0541686],[-44.6910195,-23.0827562],[-44.6983111,-23.1744987],[-44.7210502,-23.198001],[-44.7136119,-23.2336318],[-44.6590518,-23.208078],[-44.6434546,-23.1852248],[-44.6437158,-23.1964214],[-44.6160234,-23.2038202],[-44.6251187,-23.2223684],[-44.66271,-23.2140012],[-44.6923706,-23.252473],[-44.6134081,-23.2335707],[-44.6572725,-23.2921632],[-44.6480295,-23.3019046],[-44.5992432,-23.2364925],[-44.5602589,-23.2263781],[-44.5834158,-23.2680425],[-44.5028614,-23.293136],[-44.5557631,-23.3035671],[-44.5853556,-23.3595584],[-44.6069005,-23.366705],[-44.6400855,-23.3309999],[-44.7159333,-23.3451632],[-44.7260315,-23.3698578],[-44.8402694,-23.3884036],[-44.8498705,-23.3610747],[-44.8906838,-23.3724796],[-44.882841,-23.346394],[-44.9080106,-23.3340716],[-44.977653,-23.4006219],[-45.0597009,-23.4187274],[-45.0600439,-23.4563112],[-45.017945,-23.4608555],[-45.0626812,-23.4679464],[-45.0817543,-23.5215421],[-45.0876433,-23.49353],[-45.1240668,-23.5028795],[-45.1075322,-23.5079064],[-45.1126631,-23.5264433],[-45.1690817,-23.4927892],[-45.1620132,-23.5418945],[-45.1948747,-23.5203112],[-45.2274935,-23.5371263],[-45.2109628,-23.582735],[-45.2632638,-23.5966401],[-45.297614,-23.5722414],[-45.3308982,-23.5872779],[-45.3579419,-23.6248512],[-45.4149122,-23.6311071],[-45.4301285,-23.6881325],[-45.4196571,-23.7258581],[-45.3971344,-23.7236626],[-45.4124827,-23.7536692],[-45.3961345,-23.8091138],[-45.4065297,-23.8095921],[-45.4322562,-23.8331346],[-45.4669769,-23.8190682],[-45.5143291,-23.8421594],[-45.5581082,-23.7932658],[-45.6231068,-23.8050813],[-45.6442117,-23.7775144],[-45.8241645,-23.7573482],[-45.9269498,-23.7719087],[-46.0470781,-23.8320343],[-46.0662216,-23.8145953],[-46.1266023,-23.8427003],[-46.1238255,-23.8607711],[-46.1363269,-23.8681126],[-46.1461764,-23.9057761],[-46.160651,-23.9065103],[-46.1788713,-23.9241838],[-46.1604111,-23.9455243],[-46.1847043,-23.9653793],[-46.1872474,-23.9774306],[-46.1822429,-23.9910863],[-46.2473976,-23.9938581],[-46.265198,-24.0040519],[-46.2629812,-24.014077],[-46.2792133,-24.0213093],[-46.2830612,-24.0432694],[-46.2949655,-24.0159868],[-46.3243627,-24.0222526],[-46.3174591,-23.9790532],[-46.3577438,-23.9709544],[-46.3688866,-23.9818823],[-46.377887,-23.9695182],[-46.3989054,-24.0335191],[-46.415595,-24.0156591],[-46.484256,-24.0348757],[-46.8163572,-24.2020471],[-46.9315631,-24.2747135],[-46.9939403,-24.3254115],[-47.0182394,-24.3788361],[-47.0083732,-24.4145193],[-47.1408434,-24.4895432],[-47.2270261,-24.571252],[-47.591915,-24.777862],[-47.800267,-24.9367522],[-47.8869055,-25.0512669],[-47.9095216,-25.0529461],[-47.8946544,-25.1054851],[-47.9138725,-25.1591541],[-48.0994745,-25.3123213],[-48.0275502,-25.2205088],[-48.1148836,-25.250702],[-48.1913613,-25.1962413],[-48.1568858,-25.1446525],[-48.2045005,-25.0996635],[-48.2094673,-25.0271842],[-48.2502811,-24.9774178],[-48.2779171,-25.0329744],[-48.2973096,-25.0234537],[-48.3336709,-25.0705736],[-48.324141,-25.0367483],[-48.4111527,-24.9802317],[-48.4740493,-25.0125524],[-48.5285838,-25.1007893],[-48.5826617,-25.0516461],[-48.6000277,-25.0061105],[-48.5673709,-24.9722669],[-48.5720602,-24.8950131],[-48.5447856,-24.8789638],[-48.5644721,-24.8342807],[-48.4993063,-24.7389676],[-48.53084,-24.7383894],[-48.580751,-24.6715689],[-48.6378107,-24.6776683],[-48.6604873,-24.7067569],[-48.6896682,-24.6678721],[-48.6915041,-24.694036],[-48.7572865,-24.6798543],[-48.7786516,-24.6967322],[-48.8273144,-24.6544533]]],[[[-45.1564497,-23.8104537],[-45.1151814,-23.8035623],[-45.117188,-23.8122729],[-45.1564497,-23.8104537]]],[[[-45.0238479,-23.7462758],[-45.0070271,-23.7516964],[-45.0147512,-23.7612577],[-45.0238479,-23.7462758]]],[[[-45.0298969,-23.7363741],[-45.0328528,-23.7396419],[-45.0338638,-23.7389957],[-45.0298969,-23.7363741]]],[[[-45.0225161,-23.7399526],[-45.0209252,-23.7343824],[-45.0200075,-23.7352024],[-45.0225161,-23.7399526]]],[[[-45.1577546,-23.5599946],[-45.1449261,-23.5710899],[-45.1633549,-23.5686764],[-45.1577546,-23.5599946]]],[[[-45.075869,-23.5633026],[-45.0792879,-23.5631182],[-45.0758752,-23.5624119],[-45.075869,-23.5633026]]],[[[-45.1515533,-23.5580294],[-45.1509765,-23.5596603],[-45.1517974,-23.5594051],[-45.1515533,-23.5580294]]],[[[-45.0246263,-23.5500494],[-45.0244292,-23.5496498],[-45.0242931,-23.549923],[-45.0246263,-23.5500494]]],[[[-45.0261644,-23.5476253],[-45.0329854,-23.5482194],[-45.0244903,-23.5442771],[-45.0261644,-23.5476253]]],[[[-45.0772383,-23.5613755],[-45.0587444,-23.5267416],[-45.0392255,-23.534539],[-45.0772383,-23.5613755]]],[[[-45.0230354,-23.5436849],[-45.0230058,-23.5432948],[-45.0228082,-23.5433195],[-45.0230354,-23.5436849]]],[[[-45.0412192,-23.516378],[-45.0410692,-23.5182812],[-45.0420477,-23.5187181],[-45.0412192,-23.516378]]],[[[-45.1026377,-23.4987368],[-45.1019503,-23.499021],[-45.1023269,-23.4996648],[-45.1026377,-23.4987368]]],[[[-45.0524733,-23.4686393],[-45.0526269,-23.4682184],[-45.0521772,-23.4680823],[-45.0524733,-23.4686393]]],[[[-45.0586021,-23.4678614],[-45.0584084,-23.4683464],[-45.0587974,-23.4681367],[-45.0586021,-23.4678614]]],[[[-44.9013627,-23.4241673],[-44.9024423,-23.4273383],[-44.9058292,-23.4265719],[-44.9013627,-23.4241673]]],[[[-44.8618678,-23.4228827],[-44.8596519,-23.4220546],[-44.8611731,-23.4237016],[-44.8618678,-23.4228827]]],[[[-44.852268,-23.4086853],[-44.8495413,-23.4209772],[-44.8596421,-23.4251299],[-44.852268,-23.4086853]]],[[[-45.0085167,-23.4137524],[-45.0084579,-23.4130142],[-45.0080319,-23.4132859],[-45.0085167,-23.4137524]]],[[[-44.9358764,-23.41259],[-44.935931,-23.4123248],[-44.935541,-23.4122858],[-44.9358764,-23.41259]]],[[[-44.8503444,-23.405326],[-44.8501937,-23.4037435],[-44.8493916,-23.4040017],[-44.8503444,-23.405326]]],[[[-44.8969482,-23.4031553],[-44.8978347,-23.4027263],[-44.8974682,-23.4022792],[-44.8969482,-23.4031553]]],[[[-44.8555889,-23.3987105],[-44.8564372,-23.3999368],[-44.8566591,-23.399818],[-44.8555889,-23.3987105]]],[[[-44.8543998,-23.3984797],[-44.8471884,-23.3945279],[-44.8520804,-23.4031977],[-44.8543998,-23.3984797]]],[[[-44.9383579,-23.3909128],[-44.9387154,-23.3907906],[-44.9383683,-23.3908504],[-44.9383579,-23.3909128]]],[[[-44.8882527,-23.3895364],[-44.8880259,-23.3881863],[-44.8870247,-23.3888529],[-44.8882527,-23.3895364]]],[[[-44.9381343,-23.3869583],[-44.9376373,-23.3889102],[-44.9389354,-23.3888488],[-44.9381343,-23.3869583]]],[[[-44.9464399,-23.3827018],[-44.9436445,-23.3873374],[-44.9508291,-23.388438],[-44.9464399,-23.3827018]]],[[[-44.9352225,-23.3846395],[-44.9350354,-23.3848917],[-44.9352849,-23.3849125],[-44.9352225,-23.3846395]]],[[[-44.8889883,-23.3838275],[-44.8874549,-23.3846947],[-44.8893056,-23.3855643],[-44.8889883,-23.3838275]]],[[[-44.8978244,-23.3758024],[-44.9037564,-23.3797504],[-44.9071214,-23.380237],[-44.9027891,-23.3752441],[-44.8978244,-23.3758024]]],[[[-44.7192403,-23.3594852],[-44.7187209,-23.3569627],[-44.7181749,-23.3572491],[-44.7192403,-23.3594852]]],[[[-44.6717618,-23.356659],[-44.6715493,-23.3546127],[-44.6705061,-23.3550066],[-44.6717618,-23.356659]]],[[[-44.8930511,-23.3528523],[-44.8924184,-23.352938],[-44.8928871,-23.3533662],[-44.8930511,-23.3528523]]],[[[-44.9048782,-23.3524478],[-44.9025792,-23.3516343],[-44.9041046,-23.353259],[-44.9048782,-23.3524478]]],[[[-44.6657801,-23.3506876],[-44.6655485,-23.3513093],[-44.6659482,-23.3515317],[-44.6657801,-23.3506876]]],[[[-44.6647907,-23.3501108],[-44.6651064,-23.3500595],[-44.6648234,-23.3499504],[-44.6647907,-23.3501108]]],[[[-44.6794691,-23.3424963],[-44.6807449,-23.3421969],[-44.6794423,-23.3419507],[-44.6794691,-23.3424963]]],[[[-44.6806874,-23.3414973],[-44.6814376,-23.341583],[-44.6808253,-23.3412483],[-44.6806874,-23.3414973]]],[[[-44.9088789,-23.3373882],[-44.9081969,-23.3365344],[-44.9081349,-23.3373167],[-44.9088789,-23.3373882]]],[[[-44.636115,-23.280211],[-44.6366554,-23.279668],[-44.6359645,-23.2797231],[-44.636115,-23.280211]]],[[[-44.6304066,-23.2744272],[-44.6314606,-23.2724923],[-44.6296604,-23.2732136],[-44.6304066,-23.2744272]]],[[[-44.670556,-23.2404604],[-44.6684575,-23.2387205],[-44.6679132,-23.2396989],[-44.670556,-23.2404604]]],[[[-44.6510125,-23.2313477],[-44.6373616,-23.2239936],[-44.6338767,-23.2255992],[-44.6395842,-23.2291661],[-44.6510125,-23.2313477]]],[[[-44.689638,-23.2148773],[-44.6925869,-23.2179424],[-44.693235,-23.215526],[-44.689638,-23.2148773]]],[[[-44.6892493,-23.2098324],[-44.6898004,-23.2092677],[-44.6890358,-23.2092207],[-44.6892493,-23.2098324]]],[[[-44.6889411,-23.2079461],[-44.6893449,-23.2075987],[-44.6888772,-23.2076095],[-44.6889411,-23.2079461]]],[[[-44.7068872,-23.2054088],[-44.7070313,-23.2062818],[-44.7072953,-23.2063201],[-44.7068872,-23.2054088]]],[[[-44.6815343,-23.2049961],[-44.6826311,-23.2059542],[-44.6829894,-23.2058856],[-44.6815343,-23.2049961]]],[[[-44.7090949,-23.2052715],[-44.7100355,-23.2043089],[-44.7085091,-23.204643],[-44.7090949,-23.2052715]]],[[[-44.6726635,-23.2013521],[-44.6724171,-23.1998547],[-44.6718359,-23.2000977],[-44.6726635,-23.2013521]]],[[[-44.6069193,-23.1959806],[-44.607905,-23.1944852],[-44.6065479,-23.1948903],[-44.6069193,-23.1959806]]],[[[-44.6247856,-23.1945413],[-44.6260111,-23.194614],[-44.6247064,-23.1942543],[-44.6247856,-23.1945413]]],[[[-44.6354215,-23.1942405],[-44.6362328,-23.1926824],[-44.6348932,-23.1923157],[-44.6354215,-23.1942405]]],[[[-44.6230347,-23.1897913],[-44.6207954,-23.1902637],[-44.6242042,-23.1924116],[-44.6230347,-23.1897913]]],[[[-44.6596703,-23.1822928],[-44.656537,-23.1873644],[-44.6588702,-23.1881683],[-44.6596703,-23.1822928]]],[[[-44.6865826,-23.1819898],[-44.6851454,-23.1814382],[-44.6850526,-23.1823128],[-44.6865826,-23.1819898]]],[[[-44.6785664,-23.1809792],[-44.6787037,-23.1807624],[-44.6784266,-23.1807668],[-44.6785664,-23.1809792]]],[[[-44.6815448,-23.1780981],[-44.6843872,-23.1786517],[-44.6837668,-23.1769863],[-44.6815448,-23.1780981]]],[[[-44.6350804,-23.1765642],[-44.634457,-23.1764626],[-44.6349778,-23.1767092],[-44.6350804,-23.1765642]]],[[[-44.6793147,-23.1751673],[-44.6800619,-23.1755462],[-44.6793338,-23.1748983],[-44.6793147,-23.1751673]]],[[[-44.6338963,-23.1747417],[-44.6352242,-23.1747604],[-44.6344688,-23.1739958],[-44.6338963,-23.1747417]]],[[[-44.6794611,-23.172935],[-44.6801612,-23.1739173],[-44.6796362,-23.1728568],[-44.6794611,-23.172935]]],[[[-44.6783383,-23.1695092],[-44.6741541,-23.1700925],[-44.6787627,-23.1722931],[-44.6783383,-23.1695092]]],[[[-44.6617158,-23.1606262],[-44.6661854,-23.1606125],[-44.6614414,-23.1591679],[-44.6617158,-23.1606262]]],[[[-44.6890851,-23.168406],[-44.694804,-23.1559775],[-44.683311,-23.1509118],[-44.6890851,-23.168406]]],[[[-44.6746649,-23.1325308],[-44.676435,-23.1324161],[-44.6746892,-23.1317378],[-44.6746649,-23.1325308]]],[[[-44.6671014,-23.1318558],[-44.6671785,-23.1321047],[-44.6672997,-23.1320322],[-44.6671014,-23.1318558]]],[[[-44.6846397,-23.1282375],[-44.687089,-23.1307894],[-44.687504,-23.1299454],[-44.6846397,-23.1282375]]],[[[-44.6780948,-23.1265332],[-44.6784253,-23.1248633],[-44.6776761,-23.124713],[-44.6780948,-23.1265332]]],[[[-44.6678099,-23.1232209],[-44.6675744,-23.1219568],[-44.6663164,-23.1210003],[-44.6678099,-23.1232209]]],[[[-44.6764747,-23.1144554],[-44.6771003,-23.1108984],[-44.6730522,-23.1120869],[-44.6764747,-23.1144554]]],[[[-44.6806413,-23.1084849],[-44.6788488,-23.1095838],[-44.6808065,-23.1093614],[-44.6806413,-23.1084849]]],[[[-44.6882041,-23.108057],[-44.6854608,-23.1064581],[-44.6890125,-23.1097999],[-44.6882041,-23.108057]]],[[[-44.6723177,-23.0971894],[-44.6713044,-23.0985344],[-44.6738735,-23.0985206],[-44.6723177,-23.0971894]]],[[[-44.6759694,-23.0955838],[-44.6765532,-23.0959715],[-44.6767539,-23.0959601],[-44.6759694,-23.0955838]]],[[[-44.6579116,-23.0931564],[-44.6584237,-23.0929122],[-44.6580359,-23.0927207],[-44.6579116,-23.0931564]]],[[[-44.6841378,-23.0869894],[-44.6841482,-23.0885091],[-44.6848925,-23.088611],[-44.6841378,-23.0869894]]],[[[-44.6458587,-23.072163],[-44.6351945,-23.0676516],[-44.6444622,-23.0750464],[-44.6458587,-23.072163]]],[[[-44.6330423,-23.0693784],[-44.6294633,-23.0708273],[-44.631634,-23.0719901],[-44.6330423,-23.0693784]]],[[[-44.6375744,-23.0673789],[-44.6374306,-23.0662128],[-44.6367553,-23.0670119],[-44.6375744,-23.0673789]]],[[[-44.6164596,-23.0621843],[-44.6172169,-23.0615656],[-44.6162081,-23.0614365],[-44.6164596,-23.0621843]]],[[[-44.6271428,-23.062477],[-44.6287051,-23.0606276],[-44.6260471,-23.0608368],[-44.6271428,-23.062477]]],[[[-44.6087944,-23.0609409],[-44.6004085,-23.0560219],[-44.608714,-23.0641542],[-44.6087944,-23.0609409]]],[[[-44.6595917,-23.0589873],[-44.6606393,-23.0588778],[-44.6602875,-23.0584315],[-44.6595917,-23.0589873]]],[[[-44.6240617,-23.0578622],[-44.6188276,-23.0582517],[-44.6234599,-23.0601118],[-44.6240617,-23.0578622]]],[[[-44.6092648,-23.0547298],[-44.6095404,-23.0538857],[-44.6090161,-23.0539601],[-44.6092648,-23.0547298]]],[[[-44.5665361,-23.3478993],[-44.5701247,-23.3527216],[-44.5708118,-23.3524163],[-44.5665361,-23.3478993]]],[[[-44.5681481,-23.264388],[-44.5717844,-23.2675124],[-44.5681736,-23.2642864],[-44.5681481,-23.264388]]],[[[-44.5536688,-23.2202143],[-44.5560614,-23.2231551],[-44.5571684,-23.2236133],[-44.5569447,-23.2210268],[-44.5536688,-23.2202143]]],[[[-44.3595258,-23.2127736],[-44.3564914,-23.2133581],[-44.3608585,-23.2145406],[-44.3595258,-23.2127736]]],[[[-44.6212459,-23.2233118],[-44.5945523,-23.2019422],[-44.5845923,-23.2036738],[-44.6212459,-23.2233118]]],[[[-44.5845789,-23.2117843],[-44.5833386,-23.2100357],[-44.582916,-23.2106609],[-44.5845789,-23.2117843]]],[[[-44.5839774,-23.2023366],[-44.5793197,-23.1992438],[-44.5795097,-23.2030692],[-44.5839774,-23.2023366]]],[[[-44.5733781,-23.1965573],[-44.5726146,-23.1953933],[-44.5721407,-23.1963112],[-44.5733781,-23.1965573]]],[[[-44.5777021,-23.1863185],[-44.5726489,-23.1879728],[-44.5773984,-23.1894329],[-44.5777021,-23.1863185]]],[[[-44.3998333,-23.0998954],[-44.3989163,-23.0985491],[-44.3984735,-23.0990911],[-44.3998333,-23.0998954]]],[[[-44.5948178,-23.085336],[-44.5931542,-23.0868801],[-44.5958005,-23.088744],[-44.5948178,-23.085336]]],[[[-44.5571819,-23.0767719],[-44.5563106,-23.076338],[-44.5566762,-23.0769947],[-44.5571819,-23.0767719]]],[[[-44.5898089,-23.0703192],[-44.5903267,-23.0706525],[-44.5897516,-23.0700274],[-44.5898089,-23.0703192]]],[[[-44.3962578,-23.0711996],[-44.3920524,-23.067924],[-44.3945929,-23.0725092],[-44.3962578,-23.0711996]]],[[[-44.6026199,-23.0665553],[-44.6024619,-23.0688874],[-44.6045634,-23.0678878],[-44.6026199,-23.0665553]]],[[[-44.5639445,-23.0671646],[-44.564576,-23.0681137],[-44.5647885,-23.0677241],[-44.5639445,-23.0671646]]],[[[-44.5952304,-23.0652772],[-44.596427,-23.0671248],[-44.5971132,-23.0665084],[-44.5952304,-23.0652772]]],[[[-44.4099069,-23.0634659],[-44.4115874,-23.0627009],[-44.4101459,-23.0616983],[-44.4099069,-23.0634659]]],[[[-44.5645068,-23.064477],[-44.5518916,-23.056891],[-44.5638978,-23.0668292],[-44.5645068,-23.064477]]],[[[-44.4066621,-23.0598902],[-44.4076391,-23.0600712],[-44.4067524,-23.0597023],[-44.4066621,-23.0598902]]],[[[-44.4057159,-23.0590607],[-44.4061434,-23.059639],[-44.4061738,-23.0589972],[-44.4057159,-23.0590607]]],[[[-44.4150052,-23.0569306],[-44.4124648,-23.0593155],[-44.419943,-23.0591474],[-44.4150052,-23.0569306]]],[[[-44.3762707,-23.0580186],[-44.3767097,-23.0585461],[-44.3766842,-23.0578728],[-44.3762707,-23.0580186]]],[[[-44.3771327,-23.0568839],[-44.3775948,-23.0575123],[-44.3776577,-23.0570563],[-44.3771327,-23.0568839]]],[[[-44.4044557,-23.0550986],[-44.4013978,-23.0572219],[-44.4038706,-23.0582],[-44.4044557,-23.0550986]]],[[[-44.3764355,-23.0561972],[-44.3770437,-23.0558149],[-44.376432,-23.0557646],[-44.3764355,-23.0561972]]],[[[-44.412476,-23.0559843],[-44.4122413,-23.0555587],[-44.4120754,-23.0557336],[-44.412476,-23.0559843]]],[[[-44.4212636,-23.0535965],[-44.4205968,-23.0536004],[-44.4212306,-23.05375],[-44.4212636,-23.0535965]]],[[[-44.5603506,-23.0512555],[-44.5615599,-23.0531463],[-44.5632065,-23.0528774],[-44.5603506,-23.0512555]]],[[[-44.3919065,-23.0447444],[-44.3573672,-23.0351951],[-44.3466877,-23.0393829],[-44.3456847,-23.0687952],[-44.3919065,-23.0447444]]],[[[-44.5446231,-23.0481721],[-44.5461401,-23.04856],[-44.5440861,-23.0468514],[-44.5446231,-23.0481721]]],[[[-44.4813293,-23.0406858],[-44.4916877,-23.0525119],[-44.5036948,-23.0539576],[-44.5018924,-23.0483239],[-44.4930928,-23.0470121],[-44.4845159,-23.0404826],[-44.4813293,-23.0406858]]],[[[-44.3995574,-23.0461011],[-44.399413,-23.046659],[-44.3997449,-23.046592],[-44.3995574,-23.0461011]]],[[[-44.5432497,-23.0452845],[-44.5436457,-23.0461497],[-44.5441461,-23.0464112],[-44.5437753,-23.0454703],[-44.5432497,-23.0452845]]],[[[-44.3996667,-23.0456265],[-44.3994416,-23.045283],[-44.3993573,-23.0455345],[-44.3996667,-23.0456265]]],[[[-44.4932313,-23.0440335],[-44.4924382,-23.0441564],[-44.4933478,-23.0443437],[-44.4932313,-23.0440335]]],[[[-44.3950941,-23.0392074],[-44.3914132,-23.0416686],[-44.3955527,-23.042291],[-44.3950941,-23.0392074]]],[[[-44.3978534,-23.0372813],[-44.3978176,-23.0370635],[-44.3977093,-23.0371177],[-44.3978534,-23.0372813]]],[[[-44.5205841,-23.0386365],[-44.5170958,-23.0355903],[-44.515452,-23.0360637],[-44.5205841,-23.0386365]]],[[[-44.3986408,-23.0367783],[-44.4002794,-23.0349159],[-44.3970278,-23.0351642],[-44.3986408,-23.0367783]]],[[[-44.4119152,-23.0334069],[-44.4120152,-23.035303],[-44.4131794,-23.0343146],[-44.4119152,-23.0334069]]],[[[-44.3838674,-23.0340559],[-44.3835931,-23.0339558],[-44.3836909,-23.0341424],[-44.3838674,-23.0340559]]],[[[-44.4498002,-23.0327805],[-44.4448074,-23.0304451],[-44.449175,-23.0346756],[-44.4498002,-23.0327805]]],[[[-44.4829461,-23.0319489],[-44.4817004,-23.0300507],[-44.4802713,-23.0300354],[-44.4829461,-23.0319489]]],[[[-44.4050171,-23.03176],[-44.3992744,-23.026389],[-44.4045098,-23.0329743],[-44.4050171,-23.03176]]],[[[-44.4368668,-23.0261809],[-44.4362645,-23.0248327],[-44.435485,-23.0259169],[-44.4368668,-23.0261809]]],[[[-44.4264705,-23.014818],[-44.4256588,-23.0148649],[-44.4258682,-23.0154167],[-44.4264705,-23.014818]]],[[[-44.3632535,-23.0143407],[-44.3632868,-23.0138862],[-44.3630902,-23.0143082],[-44.3632535,-23.0143407]]],[[[-44.3696946,-23.0120395],[-44.3687233,-23.0119182],[-44.3694326,-23.0124484],[-44.3696946,-23.0120395]]],[[[-44.3699901,-23.0105512],[-44.3697067,-23.0101986],[-44.369589,-23.0102774],[-44.3699901,-23.0105512]]],[[[-44.3637948,-23.0096849],[-44.3631507,-23.0099936],[-44.3641318,-23.0103994],[-44.3637948,-23.0096849]]],[[[-44.3840241,-23.0065014],[-44.3831686,-23.0074039],[-44.3841736,-23.0067883],[-44.3840241,-23.0065014]]],[[[-44.4227733,-23.0032917],[-44.4221297,-23.0037082],[-44.4224499,-23.0038265],[-44.4227733,-23.0032917]]],[[[-44.432171,-23.0037714],[-44.4308788,-23.001905],[-44.4308776,-23.0032899],[-44.432171,-23.0037714]]],[[[-44.4233697,-23.0020146],[-44.4235833,-23.0024095],[-44.4237145,-23.0023071],[-44.4233697,-23.0020146]]],[[[-44.3658412,-22.9998359],[-44.3662056,-22.9996301],[-44.3657908,-22.9994087],[-44.3658412,-22.9998359]]],[[[-44.4215398,-22.9944527],[-44.4230788,-22.995353],[-44.4220581,-22.9942248],[-44.4215398,-22.9944527]]],[[[-44.4104519,-22.994291],[-44.4054428,-22.994017],[-44.406929,-22.9968995],[-44.4104519,-22.994291]]],[[[-44.4003208,-22.9938918],[-44.3998372,-22.9936384],[-44.3996918,-22.9937701],[-44.4003208,-22.9938918]]],[[[-44.3529653,-22.9930138],[-44.3519609,-22.9934217],[-44.3529118,-22.99355],[-44.3529653,-22.9930138]]],[[[-44.402418,-22.9898285],[-44.4011804,-22.9928417],[-44.404395,-22.9912483],[-44.402418,-22.9898285]]],[[[-44.4135427,-22.9934457],[-44.4090248,-22.9895507],[-44.4103832,-22.9927502],[-44.4135427,-22.9934457]]],[[[-44.3631451,-22.9874272],[-44.3611223,-22.9850478],[-44.3589626,-22.9841998],[-44.3631451,-22.9874272]]],[[[-44.4109901,-22.9839398],[-44.4136522,-22.9845023],[-44.4140825,-22.9840672],[-44.4109901,-22.9839398]]],[[[-44.350185,-22.9808682],[-44.3561823,-22.987078],[-44.3575036,-22.9870598],[-44.350185,-22.9808682]]],[[[-44.4051147,-22.9850772],[-44.4021766,-22.9761866],[-44.3951767,-22.9793213],[-44.4051147,-22.9850772]]],[[[-44.4078344,-22.9778391],[-44.4078093,-22.9784086],[-44.4081076,-22.9784684],[-44.4078344,-22.9778391]]],[[[-44.3768125,-22.9759643],[-44.3751124,-22.9742202],[-44.3748089,-22.9741019],[-44.3753019,-22.9752539],[-44.3768125,-22.9759643]]],[[[-44.3915662,-22.9747967],[-44.3914673,-22.9746373],[-44.3912653,-22.9747549],[-44.3915662,-22.9747967]]],[[[-44.431699,-22.9754006],[-44.4316163,-22.9739253],[-44.4305658,-22.9745845],[-44.431699,-22.9754006]]],[[[-44.3888223,-22.9738703],[-44.3893065,-22.9715471],[-44.3872737,-22.9719348],[-44.3888223,-22.9738703]]],[[[-44.4173522,-22.9669952],[-44.4206053,-22.9735033],[-44.4253248,-22.9721267],[-44.4173522,-22.9669952]]],[[[-44.3698478,-22.9670169],[-44.3686565,-22.9692181],[-44.3723921,-22.9705495],[-44.3698478,-22.9670169]]],[[[-44.3633475,-22.9635772],[-44.3642653,-22.965145],[-44.3645763,-22.9640115],[-44.3633475,-22.9635772]]],[[[-44.4081072,-22.9632557],[-44.4079121,-22.9618657],[-44.4060751,-22.9626306],[-44.4081072,-22.9632557]]],[[[-44.398655,-22.959139],[-44.3982188,-22.9564276],[-44.3972079,-22.9576201],[-44.398655,-22.959139]]],[[[-44.3519605,-22.9548403],[-44.3522157,-22.9528228],[-44.3511888,-22.9528901],[-44.3519605,-22.9548403]]],[[[-44.399605,-22.9521479],[-44.4002,-22.9511469],[-44.3990557,-22.9510837],[-44.399605,-22.9521479]]],[[[-44.3686776,-22.946812],[-44.3684006,-22.9470618],[-44.3688623,-22.947099],[-44.3686776,-22.946812]]],[[[-44.36951,-22.9466163],[-44.3686532,-22.9463321],[-44.3696559,-22.9471547],[-44.36951,-22.9466163]]],[[[-44.4105508,-22.9460573],[-44.4107359,-22.9461971],[-44.4106804,-22.9460607],[-44.4105508,-22.9460573]]],[[[-44.4108174,-22.9456551],[-44.4107211,-22.9460403],[-44.4110061,-22.9459755],[-44.4108174,-22.9456551]]],[[[-44.4099142,-22.9452631],[-44.410114,-22.9450483],[-44.4097661,-22.9449086],[-44.4099142,-22.9452631]]],[[[-44.3688145,-22.9441604],[-44.3694861,-22.9440197],[-44.3693654,-22.9437029],[-44.3688145,-22.9441604]]],[[[-44.3686096,-22.9438345],[-44.368792,-22.9423248],[-44.3683677,-22.9425621],[-44.3686096,-22.9438345]]],[[[-44.3696816,-22.9424384],[-44.36876,-22.9407811],[-44.3687111,-22.9418603],[-44.3696816,-22.9424384]]],[[[-44.3488328,-22.9325111],[-44.3486375,-22.9322069],[-44.3485731,-22.9322668],[-44.3488328,-22.9325111]]],[[[-44.148767,-23.2231103],[-44.1531913,-23.2143119],[-44.1493676,-23.2165502],[-44.148767,-23.2231103]]],[[[-44.1803984,-23.1842072],[-44.1802973,-23.183067],[-44.1791172,-23.1832068],[-44.1803984,-23.1842072]]],[[[-44.1821407,-23.1830721],[-44.1836792,-23.1840064],[-44.1839885,-23.1836269],[-44.1821407,-23.1830721]]],[[[-44.3340104,-23.224075],[-44.3406143,-23.1824697],[-44.3768429,-23.1713566],[-44.3253934,-23.1543517],[-44.2951998,-23.1139809],[-44.2829423,-23.1366191],[-44.2499071,-23.109995],[-44.2318017,-23.0753154],[-44.2335601,-23.0905996],[-44.189971,-23.1026235],[-44.2181208,-23.1058549],[-44.2015795,-23.1198301],[-44.1704027,-23.1179314],[-44.1701294,-23.1372435],[-44.1627606,-23.1421671],[-44.1267658,-23.1194953],[-44.1406527,-23.1574433],[-44.0908392,-23.1669702],[-44.1182309,-23.186066],[-44.1399607,-23.1670272],[-44.184722,-23.17978],[-44.196552,-23.2037767],[-44.254925,-23.205086],[-44.2964664,-23.1768838],[-44.3340104,-23.224075]]],[[[-44.1210451,-23.1474463],[-44.1204885,-23.1478531],[-44.1209796,-23.1481723],[-44.1210451,-23.1474463]]],[[[-44.1675064,-23.1374506],[-44.1674394,-23.1378427],[-44.1677527,-23.1377082],[-44.1675064,-23.1374506]]],[[[-44.1661627,-23.1353904],[-44.1673272,-23.1368009],[-44.1671894,-23.1350053],[-44.1661627,-23.1353904]]],[[[-44.1499668,-23.1260075],[-44.1508304,-23.1256241],[-44.1497673,-23.1256229],[-44.1499668,-23.1260075]]],[[[-44.1407398,-23.1194525],[-44.1401433,-23.1195195],[-44.1408572,-23.1197371],[-44.1407398,-23.1194525]]],[[[-44.1646007,-23.1143853],[-44.1664097,-23.1153715],[-44.1673583,-23.1153004],[-44.1646007,-23.1143853]]],[[[-44.1414797,-23.1072923],[-44.1414507,-23.1071174],[-44.1413922,-23.1071241],[-44.1414797,-23.1072923]]],[[[-44.1400916,-23.1066856],[-44.1402239,-23.1061411],[-44.1394198,-23.1060932],[-44.1400916,-23.1066856]]],[[[-44.1205255,-23.099618],[-44.1183849,-23.0989915],[-44.1211237,-23.1005971],[-44.1205255,-23.099618]]],[[[-44.3097442,-23.0915202],[-44.3094661,-23.0904828],[-44.3090515,-23.0911399],[-44.3097442,-23.0915202]]],[[[-44.2403735,-23.0854258],[-44.2400185,-23.0865779],[-44.2413616,-23.0867757],[-44.2403735,-23.0854258]]],[[[-44.2155608,-23.0857395],[-44.2153617,-23.0864006],[-44.2158686,-23.0860609],[-44.2155608,-23.0857395]]],[[[-44.3102949,-23.0850335],[-44.3119158,-23.0868159],[-44.3130808,-23.0862962],[-44.3102949,-23.0850335]]],[[[-44.3314901,-23.0836581],[-44.329661,-23.0871601],[-44.3325861,-23.0864097],[-44.3314901,-23.0836581]]],[[[-44.2403061,-23.0850423],[-44.2403337,-23.0851787],[-44.2405039,-23.0851481],[-44.2403061,-23.0850423]]],[[[-44.2398055,-23.0844021],[-44.2412639,-23.0846606],[-44.2441073,-23.0841465],[-44.2398055,-23.0844021]]],[[[-44.2409429,-23.0837079],[-44.2406201,-23.0836487],[-44.2410669,-23.0838291],[-44.2409429,-23.0837079]]],[[[-44.2294823,-23.0837575],[-44.2295765,-23.082913],[-44.2282464,-23.082852],[-44.2294823,-23.0837575]]],[[[-44.2403814,-23.078046],[-44.2407077,-23.0772422],[-44.2399523,-23.0772963],[-44.2403814,-23.078046]]],[[[-44.2276013,-23.0770204],[-44.2279248,-23.0779746],[-44.2283625,-23.0776618],[-44.2276013,-23.0770204]]],[[[-44.2546437,-23.0704086],[-44.2519085,-23.0717889],[-44.255311,-23.0707841],[-44.2546437,-23.0704086]]],[[[-44.3159543,-23.0638844],[-44.3155004,-23.0647026],[-44.3164326,-23.064743],[-44.3159543,-23.0638844]]],[[[-44.3383383,-23.0613559],[-44.3385374,-23.0617557],[-44.3387546,-23.0614824],[-44.3383383,-23.0613559]]],[[[-44.3135871,-23.0571867],[-44.3163251,-23.0629262],[-44.3192258,-23.0617374],[-44.3135871,-23.0571867]]],[[[-44.3293107,-23.0551631],[-44.330171,-23.056325],[-44.3305865,-23.0554284],[-44.3293107,-23.0551631]]],[[[-44.3282178,-23.0547401],[-44.3287914,-23.0560267],[-44.3290373,-23.0559556],[-44.3282178,-23.0547401]]],[[[-44.3329642,-23.0556061],[-44.3332028,-23.0547632],[-44.3324859,-23.0548803],[-44.3329642,-23.0556061]]],[[[-44.3126871,-23.0530941],[-44.3166652,-23.0559675],[-44.3179128,-23.0540167],[-44.3126871,-23.0530941]]],[[[-44.2682297,-23.0540189],[-44.2691997,-23.0544591],[-44.2685417,-23.053477],[-44.2682297,-23.0540189]]],[[[-44.3324144,-23.0539177],[-44.3340453,-23.0531584],[-44.3323325,-23.0533855],[-44.3324144,-23.0539177]]],[[[-44.3086905,-23.0502843],[-44.3085291,-23.0511708],[-44.3091231,-23.0507282],[-44.3086905,-23.0502843]]],[[[-44.139253,-23.0422443],[-44.1360897,-23.0436025],[-44.1391669,-23.0437607],[-44.139253,-23.0422443]]],[[[-44.1590262,-23.0367912],[-44.1620234,-23.0404032],[-44.1599334,-23.0367552],[-44.1590262,-23.0367912]]],[[[-44.1297808,-23.0360121],[-44.1247269,-23.0412722],[-44.130499,-23.0415443],[-44.1297808,-23.0360121]]],[[[-44.2986652,-23.0386425],[-44.2983323,-23.0385559],[-44.2984552,-23.0389622],[-44.2986652,-23.0386425]]],[[[-44.3430769,-23.0397418],[-44.3417456,-23.0374112],[-44.3402857,-23.0375793],[-44.3430769,-23.0397418]]],[[[-44.1115737,-23.0383742],[-44.112335,-23.0381288],[-44.1119132,-23.0378655],[-44.1115737,-23.0383742]]],[[[-44.2985363,-23.037925],[-44.2983365,-23.0377372],[-44.2984572,-23.0379709],[-44.2985363,-23.037925]]],[[[-44.1126538,-23.0363233],[-44.112335,-23.0374551],[-44.1129239,-23.0373933],[-44.1126538,-23.0363233]]],[[[-44.2791123,-23.035547],[-44.2803766,-23.0342179],[-44.2796617,-23.0339851],[-44.2791123,-23.035547]]],[[[-44.2844495,-23.0339197],[-44.2832578,-23.0339062],[-44.2839005,-23.0343384],[-44.2844495,-23.0339197]]],[[[-44.2970262,-23.0321507],[-44.2962705,-23.032006],[-44.2970635,-23.0324123],[-44.2970262,-23.0321507]]],[[[-44.3265844,-23.0290867],[-44.3272172,-23.0295732],[-44.3265851,-23.0285662],[-44.3265844,-23.0290867]]],[[[-44.2808381,-23.0266919],[-44.2807727,-23.027279],[-44.28104,-23.0270914],[-44.2808381,-23.0266919]]],[[[-44.3296111,-23.0265418],[-44.3322391,-23.0280609],[-44.3338815,-23.0265396],[-44.3296111,-23.0265418]]],[[[-44.2872136,-23.0277838],[-44.2859111,-23.0259018],[-44.2854798,-23.0267319],[-44.2872136,-23.0277838]]],[[[-44.2790597,-23.0264342],[-44.2798629,-23.0272517],[-44.2782354,-23.025315],[-44.2790597,-23.0264342]]],[[[-44.2851712,-23.0259047],[-44.2852139,-23.0264032],[-44.2856271,-23.0262223],[-44.2851712,-23.0259047]]],[[[-44.3098139,-23.0274909],[-44.3101223,-23.0253315],[-44.3104306,-23.0246909],[-44.3091579,-23.0255053],[-44.3098139,-23.0274909]]],[[[-44.1104077,-23.0254799],[-44.1102225,-23.0259301],[-44.1107925,-23.0257537],[-44.1104077,-23.0254799]]],[[[-44.2839366,-23.0257261],[-44.2851597,-23.0246932],[-44.2843679,-23.0243793],[-44.2839366,-23.0257261]]],[[[-44.1103107,-23.0245941],[-44.1103788,-23.0249118],[-44.1105741,-23.0247739],[-44.1103107,-23.0245941]]],[[[-44.2692065,-23.02517],[-44.2691916,-23.024313],[-44.2689398,-23.0242005],[-44.2692065,-23.02517]]],[[[-44.3314175,-23.0234561],[-44.331784,-23.0230968],[-44.3312443,-23.0230791],[-44.3314175,-23.0234561]]],[[[-44.1089391,-23.0235282],[-44.1088482,-23.0232565],[-44.1087301,-23.0234655],[-44.1089391,-23.0235282]]],[[[-44.1096561,-23.0237435],[-44.1109728,-23.0231693],[-44.1098031,-23.0221191],[-44.1096561,-23.0237435]]],[[[-44.3199433,-23.0197192],[-44.3185675,-23.0188988],[-44.319512,-23.0201412],[-44.3199433,-23.0197192]]],[[[-44.2762317,-23.0178455],[-44.2771674,-23.0177887],[-44.2771331,-23.0174024],[-44.2762317,-23.0178455]]],[[[-44.3207774,-23.0168164],[-44.3214347,-23.0173874],[-44.3208808,-23.0165649],[-44.3207774,-23.0168164]]],[[[-44.2680431,-23.0146948],[-44.2686009,-23.0137773],[-44.2672501,-23.0137078],[-44.2680431,-23.0146948]]],[[[-44.3015172,-23.0089289],[-44.3024274,-23.0085587],[-44.3018814,-23.0081706],[-44.3015172,-23.0089289]]],[[[-44.3091935,-23.0082475],[-44.3076686,-23.0083886],[-44.308944,-23.009757],[-44.3091935,-23.0082475]]],[[[-44.345277,-22.9909361],[-44.3455637,-22.9904004],[-44.3449241,-22.9904272],[-44.345277,-22.9909361]]],[[[-44.3421187,-22.9856715],[-44.3409073,-22.9862513],[-44.3418653,-22.9867285],[-44.3421187,-22.9856715]]],[[[-44.3352534,-22.9820718],[-44.3356008,-22.9813568],[-44.3349495,-22.9814234],[-44.3352534,-22.9820718]]],[[[-44.3306955,-22.9795893],[-44.3298666,-22.9800403],[-44.330576,-22.9805159],[-44.3306955,-22.9795893]]],[[[-44.3391965,-22.9776316],[-44.3417616,-22.9782738],[-44.3404538,-22.9754916],[-44.3391965,-22.9776316]]],[[[-44.3480568,-22.9782297],[-44.3459175,-22.9752466],[-44.3448634,-22.975463],[-44.3480568,-22.9782297]]],[[[-44.3280602,-22.9719912],[-44.3290247,-22.9725848],[-44.3291181,-22.9722572],[-44.3280602,-22.9719912]]],[[[-44.316089,-22.969695],[-44.315266,-22.9687347],[-44.3149097,-22.9693243],[-44.316089,-22.969695]]],[[[-44.3124891,-22.9674895],[-44.3119012,-22.9664164],[-44.3115376,-22.9671303],[-44.3124891,-22.9674895]]],[[[-44.3166988,-22.9663922],[-44.319395,-22.9667143],[-44.3169803,-22.9659234],[-44.3166988,-22.9663922]]],[[[-44.3410534,-22.9620959],[-44.3416744,-22.9637962],[-44.34253,-22.9636685],[-44.3410534,-22.9620959]]],[[[-44.3455951,-22.9597846],[-44.3512351,-22.9648153],[-44.3520862,-22.9627757],[-44.3455951,-22.9597846]]],[[[-44.3200171,-22.9616636],[-44.3217411,-22.9602465],[-44.3205852,-22.959963],[-44.3200171,-22.9616636]]],[[[-44.3427011,-22.9604824],[-44.3422552,-22.9620935],[-44.3442779,-22.9623382],[-44.3427011,-22.9604824]]],[[[-44.3383389,-22.9551932],[-44.3342195,-22.9477952],[-44.3345845,-22.9536648],[-44.3383389,-22.9551932]]],[[[-44.3364684,-22.9469367],[-44.3360286,-22.9466969],[-44.3361732,-22.9471445],[-44.3364684,-22.9469367]]],[[[-44.3451867,-22.9386702],[-44.3365092,-22.9388858],[-44.3425223,-22.942927],[-44.3451867,-22.9386702]]],[[[-44.3456156,-22.9319438],[-44.3475001,-22.931484],[-44.3460034,-22.9303997],[-44.3456156,-22.9319438]]],[[[-44.333942,-22.9281575],[-44.3337845,-22.9287161],[-44.3339553,-22.9286069],[-44.333942,-22.9281575]]],[[[-44.3316276,-22.9278675],[-44.3319557,-22.9288459],[-44.3320332,-22.9288211],[-44.3316276,-22.9278675]]],[[[-44.3335348,-22.9270392],[-44.3311756,-22.9261847],[-44.3325892,-22.9285397],[-44.3335348,-22.9270392]]],[[[-44.094229,-23.1748605],[-44.094383,-23.1751552],[-44.0944217,-23.1748774],[-44.094229,-23.1748605]]],[[[-44.0913899,-23.1741326],[-44.0929163,-23.1734334],[-44.090812,-23.1731148],[-44.0913899,-23.1741326]]],[[[-44.1086547,-23.1434168],[-44.1079137,-23.1431059],[-44.1081449,-23.143726],[-44.1086547,-23.1434168]]],[[[-44.1040343,-23.1371674],[-44.1100767,-23.1424295],[-44.1091645,-23.1386935],[-44.1040343,-23.1371674]]],[[[-44.1033788,-23.1383566],[-44.1032185,-23.1385945],[-44.1034699,-23.1385318],[-44.1033788,-23.1383566]]],[[[-43.8347445,-23.1157165],[-43.8366642,-23.1161486],[-43.8351691,-23.1150459],[-43.8347445,-23.1157165]]],[[[-44.0104514,-23.0861654],[-44.0121491,-23.0863938],[-44.0105627,-23.085357],[-44.0104514,-23.0861654]]],[[[-44.0120449,-23.0797387],[-43.9544335,-23.0409264],[-43.8823228,-23.0669963],[-43.9129177,-23.0208761],[-43.8063413,-23.0613309],[-43.6142776,-23.030969],[-43.6009396,-23.0405262],[-43.5769517,-23.0481352],[-43.5659337,-23.0575378],[-43.7836641,-23.0626873],[-43.9879975,-23.1024004],[-44.0120449,-23.0797387]]],[[[-43.5885918,-23.0422316],[-43.592515,-23.0426916],[-43.5941727,-23.0420733],[-43.5885918,-23.0422316]]],[[[-43.5928806,-23.0413565],[-43.5933711,-23.0411619],[-43.592776,-23.0410753],[-43.5928806,-23.0413565]]],[[[-43.6117687,-23.0304759],[-43.6045365,-23.0307016],[-43.6049803,-23.0331411],[-43.6117687,-23.0304759]]],[[[-43.600129,-23.027347],[-43.6036577,-23.0287527],[-43.6044697,-23.0270719],[-43.600129,-23.027347]]],[[[-43.9549217,-23.0234516],[-43.9509531,-23.0252558],[-43.9529452,-23.0261619],[-43.9549217,-23.0234516]]],[[[-43.9451455,-23.0201736],[-43.9452614,-23.0244377],[-43.9480611,-23.0241516],[-43.9451455,-23.0201736]]],[[[-43.9438301,-23.0183646],[-43.9442643,-23.0193981],[-43.9446451,-23.0191701],[-43.9438301,-23.0183646]]],[[[-43.9402285,-23.0159768],[-43.9404909,-23.0167282],[-43.9407494,-23.0166418],[-43.9402285,-23.0159768]]],[[[-43.9404493,-23.0154384],[-43.9407136,-23.0151351],[-43.9402633,-23.0153194],[-43.9404493,-23.0154384]]],[[[-43.9654175,-23.0150236],[-43.9655827,-23.0154185],[-43.9660944,-23.0153521],[-43.9654175,-23.0150236]]],[[[-43.96494,-23.0136707],[-43.9647935,-23.0126543],[-43.9644084,-23.0128088],[-43.96494,-23.0136707]]],[[[-43.9301401,-23.0123146],[-43.930271,-23.0131018],[-43.9304315,-23.0119256],[-43.9301401,-23.0123146]]],[[[-44.0767642,-23.0119841],[-44.0769708,-23.0117243],[-44.0767966,-23.0117058],[-44.0767642,-23.0119841]]],[[[-43.9250291,-23.0073783],[-43.9249612,-23.0077838],[-43.9254096,-23.0076042],[-43.9250291,-23.0073783]]],[[[-43.9528547,-23.0046123],[-43.9525508,-23.0098979],[-43.9550505,-23.0060647],[-43.9528547,-23.0046123]]],[[[-43.9483401,-23.0044746],[-43.948689,-23.0045778],[-43.9483762,-23.0040502],[-43.9483401,-23.0044746]]],[[[-43.9447698,-23.0037886],[-43.944981,-23.0044781],[-43.9453933,-23.003869],[-43.9447698,-23.0037886]]],[[[-43.9462276,-23.0042657],[-43.947162,-23.0037694],[-43.9459797,-23.0035056],[-43.9462276,-23.0042657]]],[[[-44.0298876,-23.0076704],[-44.0524974,-23.0033047],[-44.0296798,-22.9960248],[-44.0298876,-23.0076704]]],[[[-43.9433198,-23.0035708],[-43.9432284,-23.003954],[-43.943781,-23.0041066],[-43.9433198,-23.0035708]]],[[[-43.9476008,-23.0035121],[-43.9480143,-23.003893],[-43.9481785,-23.0034071],[-43.9476008,-23.0035121]]],[[[-43.652408,-23.0031253],[-43.6527667,-23.0029618],[-43.6524311,-23.0029918],[-43.652408,-23.0031253]]],[[[-43.6502418,-23.0025114],[-43.6507325,-23.0025055],[-43.6503237,-23.0022245],[-43.6502418,-23.0025114]]],[[[-43.9531099,-23.0035215],[-43.9548144,-23.0023827],[-43.9521108,-23.0008464],[-43.9531099,-23.0035215]]],[[[-43.937401,-22.9986783],[-43.9304564,-23.0117893],[-43.9354545,-23.0150821],[-43.937401,-22.9986783]]],[[[-43.6605879,-22.9994678],[-43.6607676,-22.9999639],[-43.6610137,-22.9998104],[-43.6605879,-22.9994678]]],[[[-43.6606733,-22.9989694],[-43.6607074,-22.9985323],[-43.6597633,-22.9982403],[-43.6606733,-22.9989694]]],[[[-43.9122856,-22.9966755],[-43.9129565,-22.9962719],[-43.9122734,-22.9961469],[-43.9122856,-22.9966755]]],[[[-43.9167669,-22.9953132],[-43.9162169,-22.9947184],[-43.9159562,-22.9954559],[-43.9167669,-22.9953132]]],[[[-43.9119904,-22.9919688],[-43.9098756,-22.9948128],[-43.9130216,-22.9958369],[-43.9119904,-22.9919688]]],[[[-44.0402606,-22.9883822],[-44.0446312,-22.9892529],[-44.0435989,-22.9869215],[-44.0402606,-22.9883822]]],[[[-43.9209037,-22.9880457],[-43.9218788,-22.9853844],[-43.9186496,-22.9859542],[-43.9209037,-22.9880457]]],[[[-43.6952534,-22.98622],[-43.6961438,-22.9867073],[-43.6962356,-22.9866989],[-43.6952534,-22.98622]]],[[[-43.705896,-22.9859356],[-43.7058798,-22.9867382],[-43.7072881,-22.9867332],[-43.705896,-22.9859356]]],[[[-43.9237991,-22.9841673],[-43.9234297,-22.9823055],[-43.9226668,-22.9828036],[-43.9237991,-22.9841673]]],[[[-43.934638,-22.9815131],[-43.936243,-22.9823213],[-43.9347117,-22.9812504],[-43.934638,-22.9815131]]],[[[-43.9090972,-22.9794579],[-43.9131628,-22.9839056],[-43.9153852,-22.9809495],[-43.9090972,-22.9794579]]],[[[-43.9170969,-22.9789771],[-43.9162624,-22.9778805],[-43.9160622,-22.9785541],[-43.9170969,-22.9789771]]],[[[-44.0070591,-22.9653002],[-44.0067887,-22.9652485],[-44.007052,-22.9653896],[-44.0070591,-22.9653002]]],[[[-44.0060715,-22.964313],[-44.0062951,-22.9646086],[-44.0063059,-22.9643429],[-44.0060715,-22.964313]]],[[[-44.0006578,-22.9618712],[-43.9997341,-22.9623256],[-44.001402,-22.9631083],[-44.0006578,-22.9618712]]],[[[-43.9111081,-22.9620883],[-43.9121831,-22.9608103],[-43.9109397,-22.960314],[-43.9111081,-22.9620883]]],[[[-43.950617,-22.9594273],[-43.947006,-22.9610944],[-43.9519342,-22.9600838],[-43.950617,-22.9594273]]],[[[-43.9980787,-22.9600316],[-43.9984062,-22.9601657],[-43.9983684,-22.9600393],[-43.9980787,-22.9600316]]],[[[-43.8757465,-22.9590114],[-43.8761153,-22.9592695],[-43.8763514,-22.9592423],[-43.8757465,-22.9590114]]],[[[-43.8740079,-22.9584432],[-43.8725586,-22.9576618],[-43.8722203,-22.9578785],[-43.8740079,-22.9584432]]],[[[-43.86396,-22.9557146],[-43.8648825,-22.9555361],[-43.8636813,-22.9555308],[-43.86396,-22.9557146]]],[[[-43.8628693,-22.9465778],[-43.8575348,-22.9548641],[-43.8634844,-22.9555315],[-43.8628693,-22.9465778]]],[[[-43.9280514,-22.9486184],[-43.9288209,-22.9480238],[-43.9272875,-22.9473277],[-43.9280514,-22.9486184]]],[[[-44.0085283,-22.9481125],[-44.008874,-22.9468201],[-44.0078871,-22.9470798],[-44.0085283,-22.9481125]]],[[[-43.8574827,-22.9452418],[-43.8585147,-22.9461938],[-43.8590114,-22.9462224],[-43.8574827,-22.9452418]]],[[[-43.8657792,-22.9444359],[-43.8650321,-22.9459263],[-43.8665505,-22.9456205],[-43.8657792,-22.9444359]]],[[[-43.9229743,-22.9454978],[-43.92305,-22.9442534],[-43.9221781,-22.9443174],[-43.9229743,-22.9454978]]],[[[-43.9671652,-22.9455818],[-43.9672965,-22.9434109],[-43.965566,-22.9435144],[-43.9671652,-22.9455818]]],[[[-43.9636919,-22.943766],[-43.9617452,-22.9443147],[-43.9633929,-22.944921],[-43.9636919,-22.943766]]],[[[-43.9152052,-22.9394326],[-43.9200675,-22.9449095],[-43.9208374,-22.9447091],[-43.9152052,-22.9394326]]],[[[-43.8970866,-22.9586743],[-43.9040011,-22.9307943],[-43.8678727,-22.9264068],[-43.8970866,-22.9586743]]],[[[-43.8541275,-22.9412699],[-43.8543055,-22.9418431],[-43.8548835,-22.9419101],[-43.8541275,-22.9412699]]],[[[-43.9596883,-22.933066],[-43.9597078,-22.9334763],[-43.9599682,-22.9334769],[-43.9596883,-22.933066]]],[[[-43.9608499,-22.9329015],[-43.9609346,-22.9325862],[-43.9607299,-22.9325602],[-43.9608499,-22.9329015]]],[[[-43.8881458,-22.9269844],[-43.8873662,-22.9278303],[-43.8880047,-22.9280123],[-43.8881458,-22.9269844]]],[[[-43.7838778,-22.9279712],[-43.7868877,-22.9264312],[-43.7832895,-22.9257231],[-43.7838778,-22.9279712]]],[[[-43.8649883,-22.925995],[-43.8649903,-22.9245803],[-43.8635137,-22.9253465],[-43.8649883,-22.925995]]],[[[-43.8130551,-22.9243183],[-43.8106814,-22.9256551],[-43.8130539,-22.9259516],[-43.8130551,-22.9243183]]],[[[-43.876266,-22.9244415],[-43.8763512,-22.923449],[-43.8758351,-22.9234976],[-43.876266,-22.9244415]]],[[[-43.8765917,-22.9225563],[-43.8768422,-22.9229407],[-43.8769444,-22.9227173],[-43.8765917,-22.9225563]]],[[[-43.810958,-22.9198847],[-43.8142949,-22.9206562],[-43.8106791,-22.9193357],[-43.810958,-22.9198847]]],[[[-43.8413477,-22.9076195],[-43.8411797,-22.9075131],[-43.8412112,-22.907634],[-43.8413477,-22.9076195]]],[[[-43.841101,-22.9073681],[-43.8413004,-22.9074019],[-43.8412112,-22.9072955],[-43.841101,-22.9073681]]],[[[-43.8407336,-22.9073391],[-43.840996,-22.9070877],[-43.8405762,-22.9073004],[-43.8407336,-22.9073391]]],[[[-43.8424761,-22.9065365],[-43.8425811,-22.906406],[-43.8424709,-22.9063673],[-43.8424761,-22.9065365]]],[[[-43.8419888,-22.9061358],[-43.8416086,-22.9064676],[-43.8421789,-22.9065506],[-43.8419888,-22.9061358]]],[[[-43.8400566,-22.9062029],[-43.8403085,-22.9062513],[-43.840088,-22.9060917],[-43.8400566,-22.9062029]]],[[[-43.8401668,-22.9060289],[-43.8407756,-22.9066429],[-43.8401353,-22.9056276],[-43.8401668,-22.9060289]]],[[[-43.8392168,-22.9057823],[-43.8392588,-22.9060579],[-43.8394425,-22.9059902],[-43.8392168,-22.9057823]]],[[[-43.8396577,-22.9059709],[-43.8400093,-22.9058693],[-43.8399096,-22.9055164],[-43.8396577,-22.9059709]]],[[[-43.8396367,-22.9055164],[-43.8394372,-22.9059177],[-43.8397994,-22.9056808],[-43.8396367,-22.9055164]]],[[[-43.8389439,-22.9054487],[-43.838692,-22.9058597],[-43.8390174,-22.9054777],[-43.8389439,-22.9054487]]],[[[-43.8387444,-22.9055067],[-43.8385607,-22.9055164],[-43.8386027,-22.9055986],[-43.8387444,-22.9055067]]],[[[-43.5691831,-23.0815113],[-43.5687588,-23.0815312],[-43.568857,-23.081643],[-43.5691831,-23.0815113]]],[[[-43.5617576,-23.0823296],[-43.5613757,-23.0787373],[-43.5591703,-23.0807385],[-43.5617576,-23.0823296]]],[[[-43.1997993,-23.0729981],[-43.1988913,-23.0747653],[-43.2004762,-23.0736634],[-43.1997993,-23.0729981]]],[[[-43.5730193,-23.0728466],[-43.5742404,-23.0733013],[-43.5743033,-23.0727905],[-43.5730193,-23.0728466]]],[[[-43.1937381,-23.0672015],[-43.1977048,-23.0726382],[-43.1988338,-23.0698671],[-43.1937381,-23.0672015]]],[[[-43.5114123,-23.0612653],[-43.5090799,-23.0655808],[-43.5144914,-23.0651395],[-43.5114123,-23.0612653]]],[[[-43.5123245,-23.0606279],[-43.5121508,-23.0613084],[-43.5127275,-23.0612089],[-43.5123245,-23.0606279]]],[[[-43.5675091,-23.0600052],[-43.5675662,-23.0596814],[-43.5674795,-23.0596921],[-43.5675091,-23.0600052]]],[[[-43.5662219,-23.0585992],[-43.5663619,-23.0591755],[-43.5665432,-23.0589132],[-43.5662219,-23.0585992]]],[[[-43.5671142,-23.0595362],[-43.5673641,-23.0581308],[-43.5660339,-23.0580004],[-43.5671142,-23.0595362]]],[[[-43.5657348,-23.0588351],[-43.5657942,-23.058694],[-43.5657338,-23.058702],[-43.5657348,-23.0588351]]],[[[-43.5629447,-23.0581021],[-43.5639834,-23.0582946],[-43.5634442,-23.0573064],[-43.5629447,-23.0581021]]],[[[-43.5658519,-23.0569552],[-43.5648817,-23.0565191],[-43.5652822,-23.0581504],[-43.5658519,-23.0569552]]],[[[-43.5642557,-23.053353],[-43.5639122,-23.0546453],[-43.5651729,-23.0532529],[-43.5642557,-23.053353]]],[[[-43.5093723,-23.0541586],[-43.5082713,-23.0525491],[-43.5077414,-23.0533418],[-43.5093723,-23.0541586]]],[[[-43.5664969,-23.0525198],[-43.5689061,-23.0507602],[-43.5644696,-23.0522985],[-43.5664969,-23.0525198]]],[[[-43.5690647,-23.0507377],[-43.5693674,-23.0509033],[-43.5695996,-23.050791],[-43.5690647,-23.0507377]]],[[[-43.5697907,-23.0505013],[-43.5707736,-23.0496569],[-43.5691962,-23.0504064],[-43.5697907,-23.0505013]]],[[[-43.3100743,-23.0466796],[-43.3105431,-23.0471614],[-43.310755,-23.0465405],[-43.3100743,-23.0466796]]],[[[-43.5846608,-23.0443939],[-43.5828741,-23.0451917],[-43.583009,-23.0453738],[-43.5846608,-23.0443939]]],[[[-43.3099875,-23.0443081],[-43.3104702,-23.0443996],[-43.3102276,-23.0440735],[-43.3099875,-23.0443081]]],[[[-43.5864838,-23.0429272],[-43.5868401,-23.0443681],[-43.5883285,-23.042184],[-43.5864838,-23.0429272]]],[[[-43.5796785,-23.0399974],[-43.5792065,-23.0444761],[-43.5804365,-23.0403908],[-43.5814471,-23.039057],[-43.5883049,-23.0356527],[-43.5857512,-23.0352976],[-43.5796785,-23.0399974]]],[[[-43.302351,-23.0379177],[-43.3079533,-23.0385857],[-43.3039918,-23.0365046],[-43.302351,-23.0379177]]],[[[-43.3166557,-23.0375209],[-43.3158176,-23.0373701],[-43.3156905,-23.0375791],[-43.3166557,-23.0375209]]],[[[-43.2057248,-23.0401347],[-43.2073591,-23.037833],[-43.196773,-23.0347218],[-43.2057248,-23.0401347]]],[[[-43.6022778,-23.039044],[-43.5834076,-23.0383818],[-43.5784805,-23.0460902],[-43.5896502,-23.040656],[-43.6022778,-23.039044]]],[[[-43.47209,-23.0364876],[-43.4687474,-23.0344924],[-43.4682647,-23.0378171],[-43.47209,-23.0364876]]],[[[-43.3049926,-23.0340811],[-43.3048863,-23.0338533],[-43.3047748,-23.0341165],[-43.3049926,-23.0340811]]],[[[-43.3053436,-23.0336094],[-43.3057554,-23.0332689],[-43.305327,-23.0332499],[-43.3053436,-23.0336094]]],[[[-43.1953466,-23.0333867],[-43.1951951,-23.0337515],[-43.1961901,-23.0340727],[-43.1953466,-23.0333867]]],[[[-43.2981692,-23.0338836],[-43.3010997,-23.0315726],[-43.298482,-23.0312524],[-43.2981692,-23.0338836]]],[[[-43.1927475,-23.0316745],[-43.1937543,-23.0317034],[-43.1926315,-23.0312146],[-43.1927475,-23.0316745]]],[[[-43.2759234,-23.0288231],[-43.2766675,-23.0307363],[-43.2784288,-23.0301829],[-43.2759234,-23.0288231]]],[[[-43.1925911,-23.0291298],[-43.191326,-23.0301062],[-43.192579,-23.0302127],[-43.1925911,-23.0291298]]],[[[-43.1918192,-23.0277005],[-43.1919032,-23.0253319],[-43.1899292,-23.0268838],[-43.1918192,-23.0277005]]],[[[-43.2020231,-23.027444],[-43.2063025,-23.0257746],[-43.2006527,-23.0267488],[-43.2020231,-23.027444]]],[[[-43.1838005,-23.0217275],[-43.1820374,-23.0234374],[-43.1822844,-23.0237948],[-43.1838005,-23.0217275]]],[[[-43.1606336,-22.9129497],[-43.1605503,-22.916554],[-43.1613662,-22.9164228],[-43.1606336,-22.9129497]]],[[[-43.1668387,-22.8973358],[-43.1660333,-22.8966266],[-43.1656984,-22.8968478],[-43.1668387,-22.8973358]]],[[[-43.1747178,-22.893148],[-43.1681726,-22.8975192],[-43.1749591,-22.8975199],[-43.1747178,-22.893148]]],[[[-43.2110945,-22.8871446],[-43.2073648,-22.8891416],[-43.209106,-22.8919522],[-43.2110945,-22.8871446]]],[[[-43.1963372,-22.8871067],[-43.1968771,-22.8880219],[-43.1978184,-22.8877709],[-43.1963372,-22.8871067]]],[[[-43.1768505,-22.8843426],[-43.1750503,-22.882677],[-43.1727751,-22.8831777],[-43.1768505,-22.8843426]]],[[[-43.2083874,-22.8583586],[-43.2362388,-22.8611336],[-43.2423382,-22.8369569],[-43.2083874,-22.8583586]]],[[[-43.1745304,-22.8389751],[-43.174504,-22.8368361],[-43.1729587,-22.8386777],[-43.1745304,-22.8389751]]],[[[-43.1673865,-22.8293458],[-43.1671932,-22.8291319],[-43.1671192,-22.8292339],[-43.1673865,-22.8293458]]],[[[-43.2542772,-22.8255158],[-43.2541663,-22.8257634],[-43.2545362,-22.8254632],[-43.2542772,-22.8255158]]],[[[-43.258407,-22.8245061],[-43.2592036,-22.826619],[-43.2599351,-22.8251418],[-43.258407,-22.8245061]]],[[[-43.2547951,-22.8243749],[-43.2551022,-22.8251133],[-43.2554669,-22.8242516],[-43.2547951,-22.8243749]]],[[[-43.1627931,-22.8194132],[-43.1627334,-22.8203101],[-43.1631379,-22.8200557],[-43.1627931,-22.8194132]]],[[[-43.1646933,-22.8118606],[-43.1612905,-22.8150626],[-43.1651613,-22.8133803],[-43.1646933,-22.8118606]]],[[[-43.2308821,-22.7843838],[-43.156254,-22.7796329],[-43.1783521,-22.8020611],[-43.1701907,-22.831244],[-43.2102231,-22.8156526],[-43.2415543,-22.8339428],[-43.2656753,-22.8128498],[-43.2308821,-22.7843838]]],[[[-43.1688067,-22.7997549],[-43.1688927,-22.8005773],[-43.1694223,-22.8005026],[-43.1688067,-22.7997549]]],[[[-43.1577176,-22.7998637],[-43.1574976,-22.8003369],[-43.1578395,-22.8002886],[-43.1577176,-22.7998637]]],[[[-43.1557804,-22.7946417],[-43.1557911,-22.7947263],[-43.1558415,-22.7946329],[-43.1557804,-22.7946417]]],[[[-43.1554995,-22.7946512],[-43.1554709,-22.7945874],[-43.1554395,-22.7946166],[-43.1554995,-22.7946512]]],[[[-43.1560167,-22.7944039],[-43.1558761,-22.7943648],[-43.155932,-22.7945087],[-43.1560167,-22.7944039]]],[[[-43.155801,-22.7940232],[-43.1558126,-22.794047],[-43.1558155,-22.7940282],[-43.155801,-22.7940232]]],[[[-43.1557614,-22.7920472],[-43.1557505,-22.7920946],[-43.1557729,-22.7920636],[-43.1557614,-22.7920472]]],[[[-43.1554201,-22.7919869],[-43.1555043,-22.7920775],[-43.1555326,-22.7919991],[-43.1554201,-22.7919869]]],[[[-43.1555559,-22.7919157],[-43.1555123,-22.7919646],[-43.1555852,-22.791938],[-43.1555559,-22.7919157]]],[[[-43.1556927,-22.7918775],[-43.1556518,-22.7919442],[-43.1557067,-22.7919366],[-43.1556927,-22.7918775]]],[[[-43.1555176,-22.7918848],[-43.1555393,-22.791904],[-43.1555401,-22.7918979],[-43.1555176,-22.7918848]]],[[[-43.1556058,-22.7918408],[-43.1555679,-22.7919076],[-43.1556275,-22.7918808],[-43.1556058,-22.7918408]]],[[[-43.155772,-22.791811],[-43.1558205,-22.7918368],[-43.1558039,-22.7918093],[-43.155772,-22.791811]]],[[[-43.1555102,-22.7918414],[-43.1554885,-22.7918276],[-43.1554846,-22.7918404],[-43.1555102,-22.7918414]]],[[[-43.1557336,-22.7917008],[-43.1557088,-22.7917788],[-43.1557207,-22.7917776],[-43.1557336,-22.7917008]]],[[[-43.1598409,-22.775495],[-43.1527933,-22.7716867],[-43.1519536,-22.7739338],[-43.1598409,-22.775495]]],[[[-43.168955,-22.7687517],[-43.1690324,-22.7687338],[-43.1689679,-22.7686955],[-43.168955,-22.7687517]]],[[[-43.1679066,-22.7678677],[-43.167948,-22.7690812],[-43.1684962,-22.7687137],[-43.1679066,-22.7678677]]],[[[-43.1686164,-22.7680418],[-43.1687194,-22.7681246],[-43.1685772,-22.7679801],[-43.1686164,-22.7680418]]],[[[-43.1683633,-22.7678029],[-43.1684275,-22.7679354],[-43.1686194,-22.7678096],[-43.1683633,-22.7678029]]],[[[-43.1682737,-22.7677534],[-43.1682517,-22.7676047],[-43.1682195,-22.7677657],[-43.1682737,-22.7677534]]],[[[-43.1694116,-22.7675896],[-43.169277,-22.767781],[-43.1694225,-22.7676732],[-43.1694116,-22.7675896]]],[[[-43.1677895,-22.7675938],[-43.1680442,-22.7677043],[-43.1680182,-22.7674035],[-43.1677895,-22.7675938]]],[[[-43.168896,-22.7675042],[-43.1686334,-22.7675309],[-43.1687781,-22.7676402],[-43.168896,-22.7675042]]],[[[-43.1686748,-22.7674035],[-43.1685252,-22.7673665],[-43.1685193,-22.7675074],[-43.1686748,-22.7674035]]],[[[-43.1691488,-22.767158],[-43.1688221,-22.7673435],[-43.1690571,-22.7675747],[-43.1691488,-22.767158]]],[[[-43.1682672,-22.7671907],[-43.1683404,-22.7672564],[-43.1683671,-22.7672048],[-43.1682672,-22.7671907]]],[[[-43.1691041,-22.7669971],[-43.1691273,-22.7670401],[-43.1691724,-22.7670134],[-43.1691041,-22.7669971]]],[[[-43.1688646,-22.7670164],[-43.1689736,-22.7670228],[-43.1689186,-22.7669574],[-43.1688646,-22.7670164]]],[[[-43.1691702,-22.7669693],[-43.1692302,-22.7669765],[-43.1692139,-22.7669439],[-43.1691702,-22.7669693]]],[[[-43.1691683,-22.7669004],[-43.1691924,-22.7667697],[-43.1691194,-22.7668972],[-43.1691683,-22.7669004]]],[[[-43.1686712,-22.7667284],[-43.1687515,-22.7667916],[-43.1687245,-22.7667212],[-43.1686712,-22.7667284]]],[[[-43.1691695,-22.7667069],[-43.1690895,-22.7666191],[-43.1690897,-22.766706],[-43.1691695,-22.7667069]]],[[[-43.1813992,-22.7260196],[-43.1808117,-22.7259848],[-43.180875,-22.7263752],[-43.1813992,-22.7260196]]],[[[-43.1435528,-23.063457],[-43.1478219,-23.0649443],[-43.1498301,-23.0598196],[-43.1435528,-23.063457]]],[[[-42.9291446,-23.0248631],[-42.9293145,-23.0252285],[-42.9293704,-23.0249473],[-42.9291446,-23.0248631]]],[[[-42.9289629,-23.024279],[-42.9273623,-23.0215228],[-42.9251441,-23.0208838],[-42.9289629,-23.024279]]],[[[-42.9134925,-23.007525],[-42.9195678,-23.0166491],[-42.9240721,-23.0184446],[-42.9134925,-23.007525]]],[[[-42.9084158,-23.0067753],[-42.9076342,-23.007403],[-42.9087876,-23.0075293],[-42.9084158,-23.0067753]]],[[[-42.9078036,-23.0057506],[-42.9077122,-23.0046887],[-42.9071014,-23.0047935],[-42.9078036,-23.0057506]]],[[[-42.0130466,-22.9988898],[-41.9785794,-22.9978839],[-42.0049447,-23.0138397],[-42.0130466,-22.9988898]]],[[[-43.0825321,-22.9885226],[-43.0884188,-22.987541],[-43.0808016,-22.9859258],[-43.0825321,-22.9885226]]],[[[-42.0369794,-22.9842672],[-42.0377503,-22.9843131],[-42.0375546,-22.9837843],[-42.0369794,-22.9842672]]],[[[-43.0628698,-22.9841218],[-43.0676585,-22.9828685],[-43.062598,-22.9812038],[-43.0628698,-22.9841218]]],[[[-42.0387503,-22.9824875],[-42.0371343,-22.9810897],[-42.0382338,-22.98335],[-42.0387503,-22.9824875]]],[[[-43.054006,-22.977441],[-43.0532935,-22.9801393],[-43.0549996,-22.9810141],[-43.054006,-22.977441]]],[[[-41.9926207,-22.9628992],[-41.9884287,-22.9683396],[-41.9938558,-22.96849],[-41.9926207,-22.9628992]]],[[[-43.1478609,-22.9641791],[-43.1508614,-22.9633201],[-43.1473424,-22.9617134],[-43.1478609,-22.9641791]]],[[[-42.6917335,-22.961762],[-42.6913482,-22.962294],[-42.6922899,-22.9620576],[-42.6917335,-22.961762]]],[[[-43.1034139,-22.9552191],[-43.1025789,-22.9571058],[-43.1056851,-22.957099],[-43.1034139,-22.9552191]]],[[[-43.1155336,-22.9524065],[-43.1167182,-22.9518011],[-43.1149364,-22.9522571],[-43.1155336,-22.9524065]]],[[[-42.467954,-22.9439231],[-42.4691141,-22.9436094],[-42.4680183,-22.9435562],[-42.467954,-22.9439231]]],[[[-42.0292585,-22.9417266],[-42.0298447,-22.940528],[-42.028767,-22.9398624],[-42.0292585,-22.9417266]]],[[[-42.4761442,-22.940489],[-42.4761271,-22.9393112],[-42.4757127,-22.9394354],[-42.4761442,-22.940489]]],[[[-42.4755793,-22.9389311],[-42.4753008,-22.9391284],[-42.4755365,-22.9392369],[-42.4755793,-22.9389311]]],[[[-42.4745511,-22.9385662],[-42.4748617,-22.9387043],[-42.4748831,-22.9385563],[-42.4745511,-22.9385662]]],[[[-42.4744226,-22.9385169],[-42.4747011,-22.9382407],[-42.474262,-22.9380927],[-42.4744226,-22.9385169]]],[[[-42.4735016,-22.9379448],[-42.4734587,-22.9385464],[-42.4736729,-22.9378659],[-42.4735016,-22.9379448]]],[[[-43.1484785,-22.9353103],[-43.147962,-22.9352708],[-43.1485785,-22.9354637],[-43.1484785,-22.9353103]]],[[[-43.1472961,-22.9344696],[-43.1465607,-22.9348445],[-43.1473098,-22.9349398],[-43.1472961,-22.9344696]]],[[[-43.1018507,-22.9313693],[-43.1017473,-22.9309525],[-43.1014419,-22.931113],[-43.1018507,-22.9313693]]],[[[-43.12527,-22.9100977],[-43.1257651,-22.9100391],[-43.1251981,-22.9099705],[-43.12527,-22.9100977]]],[[[-43.1309197,-22.9090078],[-43.1312038,-22.9088935],[-43.13083,-22.9089583],[-43.1309197,-22.9090078]]],[[[-41.9890576,-22.8920285],[-41.9762822,-22.8999253],[-41.9808237,-22.9026408],[-41.9890576,-22.8920285]]],[[[-41.9607173,-22.8854508],[-41.9609443,-22.8837899],[-41.9603289,-22.8831984],[-41.9607173,-22.8854508]]],[[[-41.9580985,-22.8824143],[-41.9598531,-22.8834506],[-41.9589369,-22.8817886],[-41.9580985,-22.8824143]]],[[[-43.1223766,-22.8742162],[-43.1200404,-22.8772576],[-43.1250577,-22.874599],[-43.1223766,-22.8742162]]],[[[-41.9518617,-22.8746907],[-41.954126,-22.8735808],[-41.9496016,-22.8705114],[-41.9518617,-22.8746907]]],[[[-43.1315002,-22.8736786],[-43.1381821,-22.8690814],[-43.1326263,-22.8681586],[-43.1315002,-22.8736786]]],[[[-41.9452241,-22.863637],[-41.9445816,-22.8758809],[-41.950128,-22.8698795],[-41.9452241,-22.863637]]],[[[-43.1313862,-22.865892],[-43.1264307,-22.8641019],[-43.1302421,-22.8665078],[-43.1313862,-22.865892]]],[[[-43.1229561,-22.8587246],[-43.1189517,-22.8636816],[-43.1266178,-22.8619005],[-43.1229561,-22.8587246]]],[[[-43.1159566,-22.8545422],[-43.116484,-22.8538366],[-43.1157838,-22.8537343],[-43.1159566,-22.8545422]]],[[[-43.1056531,-22.8461819],[-43.1041943,-22.8479143],[-43.1063918,-22.8480059],[-43.1056531,-22.8461819]]],[[[-43.1081599,-22.8473776],[-43.1079344,-22.8464784],[-43.1075375,-22.8467273],[-43.1081599,-22.8473776]]],[[[-43.109548,-22.840153],[-43.1083854,-22.8311907],[-43.1060411,-22.8398999],[-43.109548,-22.840153]]],[[[-43.1036694,-22.8298963],[-43.0959331,-22.8193252],[-43.0933943,-22.8204426],[-43.1036694,-22.8298963]]],[[[-43.1207104,-22.8064656],[-43.1203652,-22.8057058],[-43.1200197,-22.8061255],[-43.1207104,-22.8064656]]],[[[-43.1232886,-22.8070455],[-43.1242558,-22.8059782],[-43.1225634,-22.8044531],[-43.1232886,-22.8070455]]],[[[-43.1178632,-22.804431],[-43.1169553,-22.8025874],[-43.1168626,-22.8032081],[-43.1178632,-22.804431]]],[[[-43.110323,-22.8018562],[-43.1092142,-22.8000107],[-43.1081315,-22.8008408],[-43.110323,-22.8018562]]],[[[-43.1235576,-22.797784],[-43.1227153,-22.7990135],[-43.1237333,-22.7992982],[-43.1235576,-22.797784]]],[[[-43.1116755,-22.7957002],[-43.1134386,-22.7973117],[-43.1137744,-22.796395],[-43.1116755,-22.7957002]]],[[[-43.120957,-22.796254],[-43.1227529,-22.7963569],[-43.1211983,-22.7956994],[-43.120957,-22.796254]]],[[[-43.1549061,-22.794168],[-43.1549003,-22.7942091],[-43.1549434,-22.7941746],[-43.1549061,-22.794168]]],[[[-43.1549412,-22.7941695],[-43.1549095,-22.7941323],[-43.1548764,-22.7941156],[-43.1549412,-22.7941695]]],[[[-43.1548166,-22.7940911],[-43.1548307,-22.7941249],[-43.1548648,-22.7941133],[-43.1548166,-22.7940911]]],[[[-43.1557651,-22.7933956],[-43.1556454,-22.7946546],[-43.1559639,-22.794612],[-43.1557611,-22.7945406],[-43.1557651,-22.7933956]]],[[[-43.1553702,-22.7917337],[-43.1553979,-22.7917683],[-43.1554084,-22.7917575],[-43.1553702,-22.7917337]]],[[[-43.1042459,-22.7919191],[-43.1050424,-22.7910266],[-43.1038407,-22.7906879],[-43.1042459,-22.7919191]]],[[[-43.1048636,-22.7905525],[-43.1065882,-22.7913038],[-43.1048566,-22.790282],[-43.1048636,-22.7905525]]],[[[-43.1523382,-22.7903036],[-43.1521511,-22.7902848],[-43.152311,-22.7904281],[-43.1523382,-22.7903036]]],[[[-43.1516627,-22.7893975],[-43.1516945,-22.7900938],[-43.1518328,-22.7907154],[-43.1516627,-22.7893975]]],[[[-43.1008972,-22.7896043],[-43.1015899,-22.7898148],[-43.100933,-22.7893576],[-43.1008972,-22.7896043]]],[[[-43.148821,-22.7889645],[-43.1493285,-22.7895023],[-43.1495449,-22.7890004],[-43.148821,-22.7889645]]],[[[-43.1004654,-22.7886989],[-43.0990394,-22.7886575],[-43.1003612,-22.7892859],[-43.1004654,-22.7886989]]],[[[-43.1496561,-22.786605],[-43.1508484,-22.7881184],[-43.151645,-22.7873698],[-43.1496561,-22.786605]]],[[[-43.1374791,-22.7833016],[-43.1383831,-22.7827958],[-43.1371592,-22.7829363],[-43.1374791,-22.7833016]]],[[[-43.140832,-22.7820558],[-43.1403802,-22.7817905],[-43.1404596,-22.782198],[-43.140832,-22.7820558]]],[[[-43.1057413,-22.7765994],[-43.1061795,-22.7777696],[-43.1069999,-22.7769273],[-43.1057413,-22.7765994]]],[[[-43.1376318,-22.7760042],[-43.138224,-22.7773569],[-43.1387875,-22.7767292],[-43.1376318,-22.7760042]]],[[[-43.1416595,-22.7761107],[-43.1390822,-22.7766503],[-43.1399108,-22.777229],[-43.1416595,-22.7761107]]],[[[-43.0726277,-22.7746984],[-43.0726628,-22.774246],[-43.0723496,-22.7743223],[-43.0726277,-22.7746984]]],[[[-43.07277,-22.773788],[-43.0743116,-22.7741191],[-43.0737975,-22.7733237],[-43.07277,-22.773788]]],[[[-43.1150538,-22.7696418],[-43.1152602,-22.7704531],[-43.1154848,-22.7702604],[-43.1150538,-22.7696418]]],[[[-43.1168238,-22.768845],[-43.1165757,-22.7693822],[-43.1171326,-22.7694111],[-43.1168238,-22.768845]]],[[[-43.1017554,-22.7624479],[-43.1019838,-22.7633115],[-43.1023065,-22.7628558],[-43.1017554,-22.7624479]]],[[[-43.0695944,-22.7606437],[-43.0697439,-22.7602119],[-43.0695801,-22.7602642],[-43.0695944,-22.7606437]]],[[[-43.108211,-22.7699816],[-43.1093984,-22.7489551],[-43.1024625,-22.7506098],[-43.108211,-22.7699816]]],[[[-43.1209014,-22.7564852],[-43.1145418,-22.75637],[-43.1204841,-22.7582005],[-43.1209014,-22.7564852]]],[[[-43.1285103,-22.7463492],[-43.1240999,-22.7483214],[-43.1291546,-22.7475336],[-43.1285103,-22.7463492]]],[[[-43.0272983,-22.7439884],[-43.0327348,-22.7423874],[-43.0307277,-22.7403884],[-43.0272983,-22.7439884]]],[[[-41.9455987,-22.7368265],[-41.9441191,-22.7410508],[-41.9469062,-22.7376932],[-41.9455987,-22.7368265]]],[[[-41.9460026,-22.7366045],[-41.9464031,-22.7365549],[-41.9459721,-22.7365206],[-41.9460026,-22.7366045]]],[[[-41.9459991,-22.7277265],[-41.9458422,-22.7278819],[-41.9462098,-22.7279777],[-41.9459991,-22.7277265]]],[[[-43.0642271,-22.694283],[-43.0636143,-22.6947671],[-43.0643728,-22.6945162],[-43.0642271,-22.694283]]],[[[-43.1048706,-22.6919736],[-43.1052345,-22.6923966],[-43.1053583,-22.6919669],[-43.1048706,-22.6919736]]],[[[-43.0606884,-22.6906017],[-43.0606399,-22.6895605],[-43.0603291,-22.6895754],[-43.0606884,-22.6906017]]],[[[-41.9832056,-22.5968946],[-41.982212,-22.5964675],[-41.9830478,-22.5970514],[-41.9832056,-22.5968946]]],[[[-41.9430233,-22.5396269],[-41.9431377,-22.5397566],[-41.9432255,-22.5396364],[-41.9430233,-22.5396269]]],[[[-41.9407433,-22.8792987],[-41.9427438,-22.8777313],[-41.939593,-22.8768746],[-41.9407433,-22.8792987]]],[[[-41.9382102,-22.8697798],[-41.9382956,-22.8704044],[-41.9384152,-22.8698799],[-41.9382102,-22.8697798]]],[[[-41.9195598,-22.8654937],[-41.9212931,-22.8635452],[-41.9183208,-22.8640694],[-41.9195598,-22.8654937]]],[[[-41.9231683,-22.8648481],[-41.9248056,-22.8641998],[-41.9213319,-22.8638108],[-41.9231683,-22.8648481]]],[[[-41.9040245,-22.8508764],[-41.9041576,-22.8599853],[-41.9126202,-22.8623667],[-41.9040245,-22.8508764]]],[[[-41.9032511,-22.8507637],[-41.9030633,-22.8503316],[-41.9027699,-22.8507316],[-41.9032511,-22.8507637]]],[[[-41.8918507,-22.846439],[-41.8907456,-22.84322],[-41.8890111,-22.8446874],[-41.8918507,-22.846439]]],[[[-41.9194539,-22.8166894],[-41.9182337,-22.8158576],[-41.9181436,-22.817013],[-41.9194539,-22.8166894]]],[[[-41.9179053,-22.8155497],[-41.9176688,-22.816301],[-41.9181949,-22.8157556],[-41.9179053,-22.8155497]]],[[[-41.9195956,-22.8152086],[-41.9196789,-22.8157508],[-41.9198723,-22.8153696],[-41.9195956,-22.8152086]]],[[[-41.9208791,-22.8134599],[-41.9232868,-22.8133768],[-41.923597,-22.8123166],[-41.9208791,-22.8134599]]],[[[-41.8964382,-22.7862165],[-41.8963085,-22.7860925],[-41.8963734,-22.7863291],[-41.8964382,-22.7862165]]],[[[-41.8921184,-22.7846421],[-41.8921248,-22.7847715],[-41.8922237,-22.7845921],[-41.8921184,-22.7846421]]],[[[-41.828912,-22.7848482],[-41.8286146,-22.7843001],[-41.8283184,-22.7843293],[-41.828912,-22.7848482]]],[[[-41.8291074,-22.7838727],[-41.8293899,-22.7845349],[-41.8297559,-22.7844048],[-41.8291074,-22.7838727]]],[[[-41.9024044,-22.7835443],[-41.9025837,-22.783531],[-41.902439,-22.7834528],[-41.9024044,-22.7835443]]],[[[-41.899818,-22.7825678],[-41.8998333,-22.7827451],[-41.8998943,-22.7825544],[-41.899818,-22.7825678]]],[[[-41.8998485,-22.7823465],[-41.8999897,-22.7823332],[-41.8999897,-22.7823217],[-41.8998485,-22.7823465]]],[[[-41.8253791,-22.7763618],[-41.8242878,-22.7713254],[-41.8197364,-22.7718129],[-41.8253791,-22.7763618]]],[[[-41.7843125,-22.76913],[-41.7937243,-22.7717536],[-41.7939804,-22.770394],[-41.7843125,-22.76913]]],[[[-41.8719924,-22.766568],[-41.872586,-22.7659586],[-41.872196,-22.765764],[-41.8719924,-22.766568]]],[[[-41.9037524,-22.7554068],[-41.9035967,-22.7561355],[-41.9040524,-22.7558882],[-41.9037524,-22.7554068]]],[[[-41.8873973,-22.7523305],[-41.887049,-22.7528835],[-41.8875471,-22.7528984],[-41.8873973,-22.7523305]]],[[[-41.9415699,-22.7393415],[-41.9414478,-22.7394178],[-41.9415966,-22.7395075],[-41.9415699,-22.7393415]]],[[[-41.9406582,-22.7364214],[-41.9402538,-22.7362859],[-41.9407192,-22.7368849],[-41.9406582,-22.7364214]]],[[[-41.8749653,-22.7313129],[-41.8741491,-22.7295504],[-41.872902,-22.7304582],[-41.8749653,-22.7313129]]],[[[-41.9202777,-22.7243983],[-41.9265224,-22.7234182],[-41.9197923,-22.7219277],[-41.9202777,-22.7243983]]],[[[-41.9343904,-22.5418195],[-41.9341217,-22.5414419],[-41.9337769,-22.5416086],[-41.9343904,-22.5418195]]],[[[-41.9415118,-22.5410868],[-41.9419304,-22.5417386],[-41.9421119,-22.5411647],[-41.9415118,-22.5410868]]],[[[-41.9350288,-22.5406178],[-41.9352626,-22.5407617],[-41.9351919,-22.5405458],[-41.9350288,-22.5406178]]],[[[-41.9415012,-22.5404585],[-41.9416691,-22.5404661],[-41.9415546,-22.5403917],[-41.9415012,-22.5404585]]],[[[-41.9338146,-22.5403784],[-41.9337459,-22.540489],[-41.9338337,-22.540489],[-41.9338146,-22.5403784]]],[[[-41.9340588,-22.5402887],[-41.9340435,-22.5404813],[-41.9341045,-22.5404794],[-41.9340588,-22.5402887]]],[[[-41.9341122,-22.540077],[-41.9343334,-22.5399492],[-41.9340321,-22.5398958],[-41.9341122,-22.540077]]],[[[-41.9356762,-22.539459],[-41.9358364,-22.5393942],[-41.9356762,-22.5393846],[-41.9356762,-22.539459]]],[[[-41.9359366,-22.5393525],[-41.9373583,-22.5385175],[-41.9358976,-22.539079],[-41.9359366,-22.5393525]]],[[[-41.9089675,-22.537157],[-41.909149,-22.5369016],[-41.9087558,-22.5370133],[-41.9089675,-22.537157]]],[[[-41.9094815,-22.536431],[-41.9093975,-22.5365629],[-41.9095613,-22.5364504],[-41.9094815,-22.536431]]],[[[-41.9197015,-22.5336758],[-41.9189313,-22.5318558],[-41.9178778,-22.5330353],[-41.9197015,-22.5336758]]],[[[-41.9164386,-22.5325604],[-41.9165586,-22.5320982],[-41.9163116,-22.5323892],[-41.9164386,-22.5325604]]],[[[-41.9185215,-22.5315035],[-41.9187542,-22.5317571],[-41.9187313,-22.5314996],[-41.9185215,-22.5315035]]],[[[-41.9199329,-22.5268572],[-41.9197079,-22.5266187],[-41.9196659,-22.5265844],[-41.9195858,-22.5268705],[-41.9199329,-22.5268572]]],[[[-41.8847576,-22.4897001],[-41.8848606,-22.4898508],[-41.8849598,-22.4897669],[-41.8847576,-22.4897001]]],[[[-41.8833841,-22.4893998],[-41.8838291,-22.489826],[-41.8840432,-22.4896086],[-41.8833841,-22.4893998]]],[[[-41.885059,-22.4895189],[-41.884811,-22.4894083],[-41.8847271,-22.4895532],[-41.885059,-22.4895189]]],[[[-41.8846737,-22.4878595],[-41.8840443,-22.4882486],[-41.8847805,-22.4879606],[-41.8846737,-22.4878595]]],[[[-41.8650989,-22.4783913],[-41.8642358,-22.4792516],[-41.8654464,-22.4783842],[-41.8650989,-22.4783913]]],[[[-41.8486931,-22.4788995],[-41.8484333,-22.4784583],[-41.8482296,-22.4787786],[-41.8486931,-22.4788995]]],[[[-41.8500108,-22.4786774],[-41.8496598,-22.4787834],[-41.8499917,-22.4787953],[-41.8500108,-22.4786774]]],[[[-41.8509619,-22.4778107],[-41.8508405,-22.4786952],[-41.851331,-22.4786382],[-41.8509619,-22.4778107]]],[[[-41.8610459,-22.4751735],[-41.8618951,-22.4750306],[-41.861761,-22.4747579],[-41.8610459,-22.4751735]]],[[[-41.8575995,-22.473395],[-41.8565929,-22.4746377],[-41.8581455,-22.4745084],[-41.8575995,-22.473395]]],[[[-41.8580835,-22.4728115],[-41.8577144,-22.4733703],[-41.8583007,-22.4730649],[-41.8580835,-22.4728115]]],[[[-41.8562026,-22.4667782],[-41.8568107,-22.4675004],[-41.8565987,-22.4667551],[-41.8562026,-22.4667782]]],[[[-41.8513348,-22.46478],[-41.8510556,-22.465128],[-41.8515183,-22.464829],[-41.8513348,-22.46478]]],[[[-41.8522019,-22.4640919],[-41.8522759,-22.4638839],[-41.8519386,-22.464049],[-41.8522019,-22.4640919]]],[[[-41.8529041,-22.4627382],[-41.8541317,-22.4632778],[-41.8539692,-22.4625702],[-41.8529041,-22.4627382]]],[[[-41.8521801,-22.4626711],[-41.85247,-22.4628847],[-41.8525997,-22.4625681],[-41.8521801,-22.4626711]]],[[[-41.8548809,-22.4570921],[-41.8547855,-22.4567697],[-41.8547245,-22.4571035],[-41.8548809,-22.4570921]]],[[[-41.8549953,-22.4569814],[-41.8550373,-22.4567335],[-41.8549457,-22.4566972],[-41.8549953,-22.4569814]]],[[[-41.8543583,-22.4551141],[-41.8542362,-22.4551618],[-41.8538547,-22.4557626],[-41.8543583,-22.4551141]]],[[[-41.8542972,-22.4549062],[-41.8544422,-22.4548261],[-41.854343,-22.4547594],[-41.8542972,-22.4549062]]],[[[-41.8512209,-22.4550543],[-41.8514013,-22.4537722],[-41.8505637,-22.4544098],[-41.8512209,-22.4550543]]],[[[-41.8285619,-22.4253876],[-41.8288837,-22.4258337],[-41.8290327,-22.4256299],[-41.8285619,-22.4253876]]],[[[-41.8280376,-22.4246275],[-41.828115,-22.4244182],[-41.8279959,-22.4245834],[-41.8280376,-22.4246275]]],[[[-41.8277575,-22.4244182],[-41.8276681,-22.424622],[-41.827829,-22.4245449],[-41.8277575,-22.4244182]]],[[[-41.8279839,-22.4243686],[-41.8278946,-22.4242474],[-41.8278111,-22.4243411],[-41.8279839,-22.4243686]]],[[[-41.7120453,-22.4197052],[-41.7166674,-22.4190571],[-41.7170321,-22.4167517],[-41.7120453,-22.4197052]]],[[[-41.7032133,-22.4048101],[-41.7019676,-22.4207825],[-41.7108481,-22.4148134],[-41.7032133,-22.4048101]]],[[[-41.8005176,-22.4098795],[-41.8007961,-22.4101255],[-41.8006435,-22.409725],[-41.8005176,-22.4098795]]],[[[-41.6911903,-22.4031579],[-41.6903681,-22.402963],[-41.6905435,-22.4035267],[-41.6911903,-22.4031579]]],[[[-41.688746,-22.4012759],[-41.688499,-22.4019828],[-41.6891726,-22.4017842],[-41.688746,-22.4012759]]],[[[-41.6976101,-22.3997069],[-41.6903641,-22.4015334],[-41.6951833,-22.4054128],[-41.6976101,-22.3997069]]],[[[-41.6859211,-22.4005084],[-41.6885412,-22.3991137],[-41.6853022,-22.399522],[-41.6859211,-22.4005084]]],[[[-41.7653413,-22.3912521],[-41.766582,-22.3919406],[-41.7662363,-22.3906457],[-41.7653413,-22.3912521]]],[[[-41.7650617,-22.390462],[-41.7640696,-22.3905919],[-41.7648201,-22.3910221],[-41.7650617,-22.390462]]],[[[-41.7596679,-22.3845169],[-41.7584468,-22.3828358],[-41.7584733,-22.384354],[-41.7596679,-22.3845169]]],[[[-41.1166374,-22.0814724],[-41.1162904,-22.0814724],[-41.1165382,-22.0816714],[-41.1166374,-22.0814724]]],[[[-41.0270115,-21.6231897],[-41.0277477,-21.6214044],[-41.0263019,-21.6229742],[-41.0270115,-21.6231897]]],[[[-41.0220219,-21.6209963],[-41.0251804,-21.6228788],[-41.0285068,-21.6207197],[-41.0220219,-21.6209963]]],[[[-41.0156856,-21.6208742],[-41.0163685,-21.6215036],[-41.0168949,-21.6211488],[-41.0156856,-21.6208742]]],[[[-41.0167843,-21.6207998],[-41.0172077,-21.6196974],[-41.0160442,-21.620384],[-41.0167843,-21.6207998]]],[[[-41.0180317,-21.6202486],[-41.0203205,-21.6203001],[-41.0175739,-21.6197431],[-41.0180317,-21.6202486]]],[[[-41.0187967,-21.6073166],[-41.0464343,-21.6155473],[-41.0452281,-21.5847267],[-41.0187967,-21.6073166]]],[[[-41.0475709,-21.5832987],[-41.0484952,-21.5834062],[-41.0477442,-21.5826809],[-41.0475709,-21.5832987]]],[[[-41.0363297,-21.4636817],[-41.0363889,-21.4640506],[-41.0364919,-21.4640442],[-41.0363297,-21.4636817]]],[[[-41.0363768,-21.4630044],[-41.0357765,-21.4628881],[-41.0356897,-21.4635724],[-41.0363768,-21.4630044]]],[[[-41.0155903,-21.6188543],[-41.0159641,-21.6200712],[-41.016914,-21.6193884],[-41.0155903,-21.6188543]]],[[[-41.0163928,-21.6108415],[-41.0128191,-21.6150854],[-41.0147111,-21.6187847],[-41.0163928,-21.6108415]]],[[[-40.8831731,-21.1636457],[-40.8850556,-21.1626546],[-40.8851533,-21.1615993],[-40.8831731,-21.1636457]]],[[[-40.8011949,-21.0068332],[-40.8007253,-21.0058679],[-40.8004006,-21.0058837],[-40.8011949,-21.0068332]]],[[[-40.7877943,-21.0034275],[-40.7881452,-21.0033665],[-40.7875333,-21.0030313],[-40.7877943,-21.0034275]]],[[[-40.7858727,-21.0025298],[-40.7855971,-21.0010817],[-40.784728,-21.0013089],[-40.7858727,-21.0025298]]],[[[-40.751932,-20.9273552],[-40.7568723,-20.9277178],[-40.7530755,-20.9242853],[-40.751932,-20.9273552]]],[[[-40.7522858,-20.8747767],[-40.7504767,-20.8732642],[-40.7493985,-20.8730655],[-40.7522858,-20.8747767]]],[[[-40.7281203,-20.8565006],[-40.7267316,-20.8541206],[-40.7259971,-20.8546248],[-40.7281203,-20.8565006]]],[[[-40.7255564,-20.8504563],[-40.7272762,-20.8488296],[-40.7251095,-20.8477442],[-40.7255564,-20.8504563]]],[[[-40.68488,-20.8271354],[-40.6845367,-20.8277382],[-40.6849789,-20.8272508],[-40.68488,-20.8271354]]],[[[-40.598144,-20.8078459],[-40.6004023,-20.8070881],[-40.5980456,-20.8068556],[-40.598144,-20.8078459]]],[[[-40.5500252,-20.7623127],[-40.5493005,-20.7613341],[-40.5498362,-20.7624754],[-40.5500252,-20.7623127]]],[[[-40.5464422,-20.7598208],[-40.5469809,-20.7588165],[-40.5461375,-20.7595896],[-40.5464422,-20.7598208]]],[[[-40.547867,-20.7584918],[-40.5471134,-20.757554],[-40.5469681,-20.7576624],[-40.547867,-20.7584918]]],[[[-40.5414186,-20.7426001],[-40.5428544,-20.7430069],[-40.5412926,-20.7420863],[-40.5414186,-20.7426001]]],[[[-40.528339,-20.7368436],[-40.5280236,-20.7372145],[-40.5286258,-20.7372793],[-40.528339,-20.7368436]]],[[[-40.5267659,-20.7320255],[-40.525807,-20.7317784],[-40.5267784,-20.7321727],[-40.5267659,-20.7320255]]],[[[-40.5236521,-20.7303652],[-40.5234228,-20.7307809],[-40.5237411,-20.7304369],[-40.5236521,-20.7303652]]],[[[-40.5240969,-20.7303779],[-40.5241727,-20.7294521],[-40.5239693,-20.7294877],[-40.5240969,-20.7303779]]],[[[-40.5089343,-20.7138128],[-40.5094,-20.714627],[-40.5096274,-20.7134222],[-40.5089343,-20.7138128]]],[[[-40.5093716,-20.7123507],[-40.5093383,-20.7129682],[-40.5098055,-20.7128183],[-40.5093716,-20.7123507]]],[[[-40.5083503,-20.711617],[-40.5085934,-20.7106384],[-40.5079333,-20.7106224],[-40.5083503,-20.711617]]],[[[-40.5120187,-20.7037677],[-40.5121563,-20.7041298],[-40.512221,-20.703992],[-40.5120187,-20.7037677]]],[[[-40.4061725,-20.6990945],[-40.4070277,-20.701217],[-40.4075988,-20.7003764],[-40.4061725,-20.6990945]]],[[[-40.5016838,-20.6831412],[-40.5006176,-20.6831634],[-40.5021223,-20.6840048],[-40.5016838,-20.6831412]]],[[[-40.3649719,-20.6771244],[-40.3654519,-20.6786963],[-40.3660583,-20.6786491],[-40.3649719,-20.6771244]]],[[[-40.3675995,-20.6769472],[-40.3677132,-20.6757653],[-40.3672584,-20.676569],[-40.3675995,-20.6769472]]],[[[-40.4686059,-20.6634232],[-40.4689803,-20.6610736],[-40.466463,-20.6615473],[-40.4686059,-20.6634232]]],[[[-40.4941538,-20.6615502],[-40.4943083,-20.6619002],[-40.4943579,-20.6616693],[-40.4941538,-20.6615502]]],[[[-40.4721996,-20.6613343],[-40.4725215,-20.6611562],[-40.4721397,-20.661165],[-40.4721996,-20.6613343]]],[[[-40.4630614,-20.644269],[-40.4633672,-20.6447278],[-40.4635896,-20.6445378],[-40.4630614,-20.644269]]],[[[-40.4643768,-20.6439435],[-40.4641422,-20.6439308],[-40.4643308,-20.6441142],[-40.4643768,-20.6439435]]],[[[-40.4615122,-20.6436931],[-40.4611896,-20.6439467],[-40.4614253,-20.6440288],[-40.4615122,-20.6436931]]],[[[-40.4296411,-20.6406843],[-40.4303621,-20.6393281],[-40.4292736,-20.6386163],[-40.4296411,-20.6406843]]],[[[-40.4458933,-20.6378143],[-40.4462227,-20.6388031],[-40.4470487,-20.6382214],[-40.4458933,-20.6378143]]],[[[-40.4439435,-20.6380077],[-40.443471,-20.6379408],[-40.4439634,-20.6381113],[-40.4439435,-20.6380077]]],[[[-40.4411029,-20.6380619],[-40.4395997,-20.6373459],[-40.4391325,-20.6371312],[-40.4411029,-20.6380619]]],[[[-40.4369446,-20.6352566],[-40.4374255,-20.6357964],[-40.4374116,-20.635389],[-40.4369446,-20.6352566]]],[[[-40.4643791,-20.6272833],[-40.4646735,-20.6273206],[-40.4646864,-20.6271763],[-40.4643791,-20.6272833]]],[[[-40.3966533,-20.6226292],[-40.3960713,-20.6217316],[-40.3956511,-20.6219939],[-40.3966533,-20.6226292]]],[[[-40.3774725,-20.6142923],[-40.3762843,-20.6125458],[-40.3760814,-20.6135385],[-40.3774725,-20.6142923]]],[[[-40.3824567,-20.6109365],[-40.381664,-20.6151084],[-40.3841839,-20.614781],[-40.3824567,-20.6109365]]],[[[-40.373908,-20.6083786],[-40.3763074,-20.6103835],[-40.3748571,-20.6082066],[-40.373908,-20.6083786]]],[[[-40.3881791,-20.6109727],[-40.3886609,-20.610254],[-40.3877542,-20.6100706],[-40.3881791,-20.6109727]]],[[[-40.3920099,-20.5986352],[-40.391493,-20.5966917],[-40.390389,-20.5977667],[-40.3920099,-20.5986352]]],[[[-40.3574146,-20.5242572],[-40.3573067,-20.5254866],[-40.359087,-20.5247119],[-40.3574146,-20.5242572]]],[[[-29.3315898,-20.493128],[-29.3087847,-20.5078107],[-29.2995838,-20.526656],[-29.3317689,-20.5255356],[-29.3315898,-20.493128]]],[[[-28.8482511,-20.4958945],[-28.8503033,-20.4972039],[-28.8505101,-20.4964629],[-28.8482511,-20.4958945]]],[[[-28.8477591,-20.4751841],[-28.854403,-20.4750529],[-28.8521399,-20.4718302],[-28.8477591,-20.4751841]]],[[[-28.8557986,-20.4722206],[-28.8551148,-20.4722765],[-28.8556037,-20.4726187],[-28.8557986,-20.4722206]]],[[[-28.8553665,-20.4679907],[-28.8554985,-20.4706083],[-28.8565385,-20.4690806],[-28.8553665,-20.4679907]]],[[[-40.3120111,-20.4217726],[-40.3109688,-20.4206447],[-40.3102883,-20.4210276],[-40.3120111,-20.4217726]]],[[[-40.3005824,-20.3821403],[-40.3001667,-20.3822279],[-40.3007071,-20.3823448],[-40.3005824,-20.3821403]]],[[[-40.2976158,-20.3807847],[-40.294563,-20.3813016],[-40.2970356,-20.3825355],[-40.2976158,-20.3807847]]],[[[-40.2864706,-20.3717552],[-40.2862339,-20.3715845],[-40.2862521,-20.3717211],[-40.2864706,-20.3717552]]],[[[-40.2791184,-20.3643595],[-40.2778347,-20.3650055],[-40.27855,-20.3655782],[-40.2791184,-20.3643595]]],[[[-40.2798357,-20.3648152],[-40.2794285,-20.364226],[-40.2792011,-20.3647569],[-40.2798357,-20.3648152]]],[[[-40.2775527,-20.3645863],[-40.277498,-20.3638679],[-40.2761079,-20.3634367],[-40.2775527,-20.3645863]]],[[[-40.2793774,-20.3623007],[-40.2805784,-20.3637322],[-40.2812405,-20.3629217],[-40.2793774,-20.3623007]]],[[[-40.2765239,-20.3615882],[-40.2770491,-20.3626042],[-40.2772024,-20.3622142],[-40.2765239,-20.3615882]]],[[[-40.2806087,-20.3613173],[-40.2810561,-20.3605252],[-40.2805259,-20.3606572],[-40.2806087,-20.3613173]]],[[[-40.2799046,-20.3604862],[-40.2784874,-20.360144],[-40.2797803,-20.361061],[-40.2799046,-20.3604862]]],[[[-40.2804826,-20.3541743],[-40.2813593,-20.3551649],[-40.2813354,-20.3542775],[-40.2804826,-20.3541743]]],[[[-40.2748629,-20.3533732],[-40.2755353,-20.3536754],[-40.2756894,-20.3533208],[-40.2748629,-20.3533732]]],[[[-40.2525095,-20.3527671],[-40.2530512,-20.3533172],[-40.2530413,-20.3525858],[-40.2525095,-20.3527671]]],[[[-40.2497672,-20.3525217],[-40.2498523,-20.3519244],[-40.2495728,-20.3519516],[-40.2497672,-20.3525217]]],[[[-40.2509797,-20.351895],[-40.2502481,-20.3517209],[-40.2504437,-20.3523864],[-40.2509797,-20.351895]]],[[[-40.2763483,-20.3507159],[-40.27604,-20.3511361],[-40.2763622,-20.3510705],[-40.2763483,-20.3507159]]],[[[-40.2719287,-20.3361591],[-40.2723264,-20.3355786],[-40.2721853,-20.3354101],[-40.2719287,-20.3361591]]],[[[-40.2706801,-20.3354333],[-40.2718235,-20.3347236],[-40.2715887,-20.334341],[-40.2706801,-20.3354333]]],[[[-40.2750145,-20.333611],[-40.2751998,-20.3336196],[-40.2751903,-20.3334024],[-40.2750145,-20.333611]]],[[[-40.2713231,-20.3322002],[-40.2701231,-20.3335301],[-40.2706417,-20.3337166],[-40.2713231,-20.3322002]]],[[[-40.268206,-20.3312369],[-40.2685706,-20.3321784],[-40.2687251,-20.3313458],[-40.268206,-20.3312369]]],[[[-40.2656001,-20.3238854],[-40.2660982,-20.3236959],[-40.2659083,-20.3235292],[-40.2656001,-20.3238854]]],[[[-40.26996,-20.3218181],[-40.2725111,-20.3205856],[-40.2715835,-20.3199983],[-40.26996,-20.3218181]]],[[[-40.2692392,-20.3207129],[-40.2680313,-20.3213196],[-40.2684562,-20.3217119],[-40.2692392,-20.3207129]]],[[[-40.275405,-20.309349],[-40.277155,-20.3078895],[-40.2761636,-20.3069311],[-40.275405,-20.309349]]],[[[-40.2745466,-20.3081633],[-40.2738054,-20.3070537],[-40.2736477,-20.3086308],[-40.2745466,-20.3081633]]],[[[-40.2872651,-20.3048461],[-40.2870142,-20.305019],[-40.2870898,-20.305246],[-40.2872651,-20.3048461]]],[[[-40.275269,-20.2981855],[-40.2760905,-20.2981236],[-40.2756145,-20.2975307],[-40.275269,-20.2981855]]],[[[-40.2829953,-20.293119],[-40.2840531,-20.2927469],[-40.2831343,-20.2920022],[-40.2829953,-20.293119]]],[[[-40.2819989,-20.2921472],[-40.2818524,-20.2926565],[-40.282001,-20.2926231],[-40.2819989,-20.2921472]]],[[[-40.285045,-20.2843454],[-40.2858153,-20.2845684],[-40.2858127,-20.2839999],[-40.285045,-20.2843454]]],[[[-40.1335851,-19.9685962],[-40.1342804,-19.9691333],[-40.1338083,-19.9680366],[-40.1335851,-19.9685962]]]]}},{"type":"Feature","properties":{"level":"regiao","name":"Sul","region_code":"4","region_sigla":"S"},"geometry":{"type":"MultiPolygon","coordinates":[[[[-53.245622,-32.9354243],[-53.3101594,-32.9187605],[-53.184959,-32.850433],[-53.145689,-32.7920226],[-53.0858018,-32.7883496],[-53.0755765,-32.7408802],[-53.2494897,-32.6032088],[-53.2888051,-32.6210966],[-53.369697,-32.569866],[-53.3899893,-32.5865093],[-53.4324326,-32.5649311],[-53.4643549,-32.4847299],[-53.5264231,-32.4890229],[-53.5840398,-32.4513054],[-53.6452054,-32.3838542],[-53.6428639,-32.2962995],[-53.7351728,-32.1516076],[-53.7442283,-32.1152625],[-53.7252742,-32.0958469],[-53.8275899,-32.0594097],[-53.8497579,-32.0005878],[-53.9605805,-31.95528],[-53.9697902,-31.9177016],[-54.0327337,-31.8954749],[-54.1005509,-31.9280786],[-54.4562268,-31.6517005],[-54.4523863,-31.5993366],[-54.5864586,-31.456553],[-54.7520227,-31.4244629],[-54.8364553,-31.4419383],[-54.8859789,-31.3772778],[-54.9406467,-31.3806458],[-54.935053,-31.3564763],[-54.9592089,-31.3524541],[-54.9530712,-31.3319713],[-55.0071709,-31.266874],[-55.0318935,-31.2697414],[-55.0744643,-31.3320897],[-55.1694195,-31.2694054],[-55.2401188,-31.260573],[-55.2909295,-31.1422606],[-55.3401038,-31.1314189],[-55.3274743,-31.0881801],[-55.3601032,-31.0674343],[-55.349446,-31.0391952],[-55.4237089,-31.0177531],[-55.4412905,-30.9597315],[-55.4866899,-30.9476627],[-55.577531,-30.8334111],[-55.6578234,-30.8638235],[-55.6421179,-30.9116009],[-55.6661864,-30.9539785],[-55.7239052,-30.9427545],[-55.7282913,-30.9794525],[-55.8121834,-31.0146944],[-55.8707577,-31.0715702],[-56.0111234,-31.0815778],[-56.0152926,-30.9445104],[-55.989645,-30.8589916],[-56.0229805,-30.7861433],[-56.0621349,-30.7750214],[-56.0727324,-30.7453832],[-56.12816,-30.7396251],[-56.1507922,-30.704701],[-56.1374075,-30.6836287],[-56.1813449,-30.6313096],[-56.1709444,-30.6145239],[-56.2198801,-30.6070783],[-56.2331156,-30.5748545],[-56.2618388,-30.5846466],[-56.2922077,-30.520504],[-56.3229151,-30.5318182],[-56.3571547,-30.4916803],[-56.3834951,-30.4988224],[-56.3981877,-30.4484393],[-56.4539182,-30.4225422],[-56.4607831,-30.3856395],[-56.4913648,-30.3981094],[-56.5194319,-30.3598039],[-56.546144,-30.3606494],[-56.5415632,-30.3131423],[-56.5773915,-30.2889249],[-56.6187435,-30.301229],[-56.609498,-30.2694373],[-56.6687425,-30.2181016],[-56.6502742,-30.2121578],[-56.6465327,-30.2038477],[-56.6971908,-30.2050359],[-56.7056484,-30.1760638],[-56.7765361,-30.163374],[-56.808075,-30.1032407],[-56.8848237,-30.0871233],[-56.9053822,-30.11347],[-56.9934426,-30.0857118],[-57.044805,-30.1057389],[-57.0690808,-30.085575],[-57.0911862,-30.1215158],[-57.1159875,-30.1138433],[-57.1057002,-30.1351289],[-57.1682194,-30.1976361],[-57.1551621,-30.2341362],[-57.2202614,-30.2892854],[-57.2617691,-30.2672233],[-57.2845645,-30.2937221],[-57.3143294,-30.257748],[-57.352036,-30.284485],[-57.3698345,-30.2730115],[-57.3923522,-30.3046733],[-57.4635234,-30.2653999],[-57.5254088,-30.2854722],[-57.5663398,-30.2591112],[-57.5578464,-30.2133834],[-57.648363,-30.1848989],[-57.5696084,-30.1717638],[-57.4646043,-30.110343],[-57.4175216,-30.0383726],[-57.3375676,-29.9899725],[-57.329688,-29.8876354],[-57.2821785,-29.8172883],[-57.2354002,-29.7807884],[-57.0997221,-29.7483201],[-56.9711484,-29.6434064],[-56.9678003,-29.6017949],[-56.9019617,-29.5338167],[-56.8220924,-29.4900248],[-56.7795004,-29.4373726],[-56.7684016,-29.3779989],[-56.6999653,-29.3564409],[-56.6507141,-29.2643483],[-56.645843,-29.200294],[-56.5887534,-29.1198128],[-56.4159975,-29.0689602],[-56.406336,-28.9725956],[-56.3000541,-28.8955608],[-56.2891127,-28.793722],[-56.1881239,-28.7722809],[-56.1191509,-28.6812475],[-56.0097926,-28.6058264],[-56.0112241,-28.5068934],[-55.884006,-28.4791631],[-55.9030495,-28.4076443],[-55.8787393,-28.3618473],[-55.7565667,-28.3694314],[-55.6952475,-28.4229663],[-55.6704213,-28.3343917],[-55.7731786,-28.2742401],[-55.7712461,-28.2414545],[-55.6342309,-28.1778382],[-55.6107303,-28.1174554],[-55.5575462,-28.1645638],[-55.4955186,-28.0768621],[-55.442557,-28.0943111],[-55.369395,-28.0272605],[-55.3822756,-27.9791038],[-55.3399894,-27.9665261],[-55.3192582,-27.9219479],[-55.2664617,-27.9297895],[-55.2026827,-27.8578592],[-55.1331247,-27.8961088],[-55.1138325,-27.8489913],[-55.0298328,-27.8546197],[-55.0276275,-27.8302458],[-55.0802244,-27.7782769],[-55.0509132,-27.7687551],[-55.0142049,-27.7970278],[-54.9887662,-27.7722437],[-54.9374074,-27.7704522],[-54.9024867,-27.7155686],[-54.9065956,-27.6418764],[-54.8477222,-27.6213131],[-54.8097871,-27.5300474],[-54.7781274,-27.5837166],[-54.7385262,-27.560939],[-54.6808563,-27.5745014],[-54.6754757,-27.5057813],[-54.6268975,-27.5440222],[-54.580971,-27.4532574],[-54.5249236,-27.5061716],[-54.4457956,-27.4721373],[-54.4699251,-27.4258368],[-54.4114043,-27.405286],[-54.3515506,-27.4670484],[-54.3389049,-27.4032208],[-54.2772932,-27.4448348],[-54.2639738,-27.3993333],[-54.2144362,-27.3815781],[-54.1865574,-27.2649093],[-54.1620894,-27.2560912],[-54.1548951,-27.2968585],[-54.0891067,-27.3013172],[-54.0243897,-27.2516543],[-54.0080173,-27.1983946],[-53.9601656,-27.1953363],[-53.9530997,-27.1529394],[-53.9102338,-27.1762943],[-53.8751521,-27.1258784],[-53.8359454,-27.1690815],[-53.8286704,-27.146023],[-53.79948,-27.1467582],[-53.824192,-27.1337135],[-53.804566,-27.1226925],[-53.8189021,-27.1025373],[-53.7768022,-27.1034494],[-53.8055554,-27.0786682],[-53.7721456,-27.0739517],[-53.8024344,-27.0400283],[-53.7601835,-27.0645415],[-53.7860196,-27.0262067],[-53.7647967,-27.0453718],[-53.7481929,-27.0327723],[-53.7641013,-27.0086956],[-53.7180189,-26.989874],[-53.7375434,-26.9744454],[-53.7030763,-26.95938],[-53.7093628,-26.9339698],[-53.6726829,-26.9453522],[-53.6971797,-26.9290334],[-53.6713952,-26.8960566],[-53.6971164,-26.8601853],[-53.66069,-26.859056],[-53.695205,-26.8475209],[-53.7109787,-26.8124274],[-53.6989186,-26.7700123],[-53.7291888,-26.7741398],[-53.7439019,-26.764359],[-53.7141493,-26.7525963],[-53.7585429,-26.7197696],[-53.7347264,-26.7168645],[-53.743887,-26.6815759],[-53.7177238,-26.6850809],[-53.7197527,-26.6579169],[-53.7599187,-26.6403117],[-53.7404023,-26.6444003],[-53.7082347,-26.5617283],[-53.7364397,-26.566832],[-53.7422322,-26.5443841],[-53.7172569,-26.5280202],[-53.7300703,-26.5018151],[-53.696437,-26.4904607],[-53.7156837,-26.471469],[-53.6874603,-26.4421337],[-53.7100003,-26.3877357],[-53.6455333,-26.2865577],[-53.6412999,-26.2138764],[-53.7405983,-26.1177826],[-53.7340237,-26.0429596],[-53.8367016,-25.9702318],[-53.8194381,-25.8985819],[-53.8498175,-25.8837415],[-53.8232948,-25.8721323],[-53.8499356,-25.8394597],[-53.8219619,-25.7936415],[-53.8432682,-25.7906582],[-53.8309233,-25.7808442],[-53.8570962,-25.7662274],[-53.8341306,-25.7512208],[-53.8659387,-25.7446305],[-53.8794928,-25.7076048],[-53.8424239,-25.6872339],[-53.8624923,-25.6586085],[-53.8903417,-25.6610244],[-53.8910803,-25.6228932],[-53.9123147,-25.6362455],[-53.9485735,-25.6115532],[-53.9624665,-25.643286],[-53.9702553,-25.6009426],[-54.0158831,-25.5641922],[-54.0521079,-25.5850833],[-54.0798143,-25.5580949],[-54.1018156,-25.6180567],[-54.1234186,-25.5680885],[-54.1036615,-25.4944189],[-54.1631106,-25.5426072],[-54.206382,-25.5417401],[-54.1764272,-25.5844309],[-54.2304796,-25.5628084],[-54.2537193,-25.5964092],[-54.2883178,-25.5544066],[-54.349886,-25.6069694],[-54.3870437,-25.5980501],[-54.4352352,-25.6968986],[-54.4926042,-25.6183728],[-54.5263422,-25.6288288],[-54.5528867,-25.5881529],[-54.5935181,-25.5922462],[-54.6202133,-25.4560063],[-54.5016468,-25.2972498],[-54.4617073,-25.1865304],[-54.4245286,-25.1580625],[-54.463547,-25.056906],[-54.3899278,-24.7772832],[-54.3311091,-24.6905065],[-54.3265126,-24.4651747],[-54.2582352,-24.365858],[-54.2774409,-24.2914447],[-54.3306814,-24.230271],[-54.3397892,-24.1226502],[-54.101765,-23.9519635],[-54.0804586,-23.7808971],[-53.9865967,-23.4647936],[-53.7754879,-23.3751314],[-53.7413238,-23.3356384],[-53.6365887,-23.1250308],[-53.634125,-22.9984951],[-53.5468271,-22.8900963],[-53.3520355,-22.7756806],[-53.1935276,-22.7253468],[-53.1062597,-22.6226002],[-53.0877869,-22.6584449],[-52.972425,-22.5704843],[-52.7082514,-22.6280619],[-52.5849228,-22.5659332],[-52.5026768,-22.6345557],[-52.4376297,-22.6068487],[-52.3131364,-22.6365124],[-52.2504131,-22.6154264],[-52.2225772,-22.6755354],[-52.156678,-22.6447189],[-52.1487619,-22.5492535],[-52.1092124,-22.5162952],[-51.9405126,-22.5673428],[-51.8686243,-22.6304456],[-51.7357046,-22.6242925],[-51.7181736,-22.6690211],[-51.6278786,-22.6582406],[-51.5595692,-22.6971793],[-51.4989018,-22.6905293],[-51.4464102,-22.6529523],[-51.2651999,-22.6676974],[-51.228336,-22.7160172],[-51.1495821,-22.7550537],[-50.9406953,-22.8053252],[-50.8887189,-22.7965312],[-50.7929517,-22.8943535],[-50.803992,-22.9457366],[-50.73637,-22.963351],[-50.6615854,-22.8954775],[-50.6085241,-22.924154],[-50.5404935,-22.9121289],[-50.506079,-22.9453771],[-50.4303025,-22.9464074],[-50.4189476,-22.9139331],[-50.3790746,-22.9054056],[-50.3361588,-22.9503965],[-50.2733879,-22.9310013],[-50.2375376,-22.9541462],[-50.0674704,-22.9275153],[-50.0478527,-22.9019641],[-49.9948737,-22.9297191],[-49.9861649,-22.8975048],[-49.9620495,-22.9233131],[-49.9693326,-22.9644784],[-49.8995854,-23.0020053],[-49.9116022,-23.0511186],[-49.8336586,-23.0659429],[-49.7891791,-23.1033455],[-49.7402393,-23.0991683],[-49.7304888,-23.1414461],[-49.6783199,-23.1650617],[-49.626462,-23.2829166],[-49.6370958,-23.3516199],[-49.5904025,-23.3827925],[-49.6210117,-23.3974193],[-49.5666241,-23.4264201],[-49.5956401,-23.4403824],[-49.6293703,-23.5118275],[-49.6002062,-23.5356244],[-49.6171452,-23.6395859],[-49.5491992,-23.7040164],[-49.5734628,-23.7560396],[-49.5608915,-23.8159145],[-49.6107365,-23.8516949],[-49.5569897,-23.9227307],[-49.5116047,-23.9258999],[-49.5210997,-23.9461018],[-49.4996675,-23.9592098],[-49.5167568,-23.9701225],[-49.4300107,-24.088536],[-49.3365663,-24.1375819],[-49.3559578,-24.2145123],[-49.3053741,-24.251431],[-49.2838089,-24.3080629],[-49.2012106,-24.3427002],[-49.2535003,-24.4050385],[-49.2355492,-24.4095521],[-49.2469227,-24.469098],[-49.296462,-24.5018955],[-49.280272,-24.5372649],[-49.3159894,-24.5555089],[-49.3053976,-24.6736498],[-49.2148307,-24.702228],[-49.1805445,-24.671653],[-49.0644047,-24.6860254],[-49.0400336,-24.6368465],[-49.0046777,-24.6332389],[-49.009427,-24.6603693],[-48.9584529,-24.6852832],[-48.8273144,-24.6544533],[-48.7786516,-24.6967322],[-48.7572865,-24.6798543],[-48.6898911,-24.6938522],[-48.6787241,-24.670888],[-48.6604873,-24.7067569],[-48.6378107,-24.6776683],[-48.5820349,-24.6707016],[-48.53084,-24.7383894],[-48.4993063,-24.7389676],[-48.555754,-24.8062038],[-48.5666761,-24.8639577],[-48.5447856,-24.8789638],[-48.5720602,-24.8950131],[-48.5673709,-24.9722669],[-48.6008313,-25.0105057],[-48.5560079,-25.0865526],[-48.5285838,-25.1007893],[-48.4740493,-25.0125524],[-48.4111527,-24.9802317],[-48.324141,-25.0367483],[-48.3303847,-25.0697052],[-48.2973096,-25.0234537],[-48.2779171,-25.0329744],[-48.2502811,-24.9774178],[-48.2094673,-25.0271842],[-48.2045005,-25.0996635],[-48.1568858,-25.1446525],[-48.1913613,-25.1962413],[-48.1148836,-25.250702],[-48.0621061,-25.2400852],[-48.0574466,-25.2183343],[-48.0239381,-25.2291433],[-48.1622966,-25.37497],[-48.2149358,-25.4740505],[-48.3097419,-25.4932793],[-48.2769112,-25.5140512],[-48.2989818,-25.5671288],[-48.433969,-25.6460821],[-48.5348913,-25.8528327],[-48.5646653,-25.8564196],[-48.6080956,-26.0299159],[-48.5885762,-26.1549941],[-48.5276456,-26.1638226],[-48.5200231,-26.2191845],[-48.4930023,-26.2183933],[-48.5930185,-26.409025],[-48.5935453,-26.4530709],[-48.6555297,-26.5568037],[-48.6884663,-26.6798214],[-48.6688625,-26.7668982],[-48.5838377,-26.7858199],[-48.6275153,-26.833296],[-48.6436525,-26.9049407],[-48.6398525,-26.9215607],[-48.6215048,-26.9256883],[-48.6283221,-26.9931647],[-48.5691224,-27.0089664],[-48.6086964,-27.1152957],[-48.5640008,-27.1557239],[-48.5367976,-27.1501545],[-48.5077725,-27.1103212],[-48.5042988,-27.143559],[-48.4648732,-27.1439644],[-48.49905,-27.1729454],[-48.4777333,-27.2067354],[-48.5130723,-27.2215173],[-48.5020584,-27.1951866],[-48.5422741,-27.1826259],[-48.6073048,-27.219728],[-48.6154371,-27.2718603],[-48.5881314,-27.3195312],[-48.5391985,-27.2990699],[-48.5262704,-27.408262],[-48.4834723,-27.3782829],[-48.4166373,-27.3805606],[-48.3954171,-27.4308838],[-48.3603699,-27.446465],[-48.4241138,-27.5382259],[-48.4118859,-27.5750104],[-48.4313764,-27.6161546],[-48.5055348,-27.7240717],[-48.4836758,-27.7855229],[-48.5251395,-27.7850742],[-48.5442708,-27.8298771],[-48.6008281,-27.8583895],[-48.5731333,-27.885973],[-48.6253649,-27.9552471],[-48.6299404,-28.0097508],[-48.5977739,-28.0301426],[-48.6318565,-28.0850364],[-48.6624692,-28.1799737],[-48.6663627,-28.2179],[-48.645433,-28.2345993],[-48.6706382,-28.2512678],[-48.6871756,-28.2732663],[-48.6975388,-28.3377627],[-48.7420121,-28.3913608],[-48.7614945,-28.5354858],[-48.8136053,-28.6063083],[-49.0164856,-28.6953667],[-49.3147133,-28.900797],[-49.7048538,-29.3097385],[-49.91159,-29.5907784],[-50.0527831,-29.8383021],[-50.3374063,-30.5066369],[-50.7672393,-31.1101119],[-51.2675218,-31.5786134],[-51.4837238,-31.7319325],[-51.8476723,-31.9307776],[-52.0819973,-32.1600216],[-52.133079,-32.1739267],[-52.2252116,-32.2512289],[-52.359875,-32.4639617],[-52.4879128,-32.8510658],[-52.6501111,-33.1416911],[-52.7767316,-33.2830863],[-53.1562431,-33.5900821],[-53.369913,-33.7438377],[-53.4123051,-33.749232],[-53.439516,-33.6934614],[-53.53235,-33.6888045],[-53.5079174,-33.3531357],[-53.5182526,-33.1533523],[-53.4444093,-33.0529481],[-53.245622,-32.9354243]]],[[[-49.7049462,-29.3474892],[-49.7041858,-29.3456735],[-49.7039182,-29.3477369],[-49.7049462,-29.3474892]]],[[[-48.8211027,-28.6104729],[-48.8218501,-28.610363],[-48.8216896,-28.609903],[-48.8211027,-28.6104729]]],[[[-48.7560927,-28.5412539],[-48.7563184,-28.5407311],[-48.755949,-28.5411277],[-48.7560927,-28.5412539]]],[[[-48.759172,-28.5385003],[-48.7586082,-28.5404652],[-48.7602699,-28.5393716],[-48.759172,-28.5385003]]],[[[-48.7087554,-28.4486483],[-48.7083438,-28.4456559],[-48.7069454,-28.4465764],[-48.7087554,-28.4486483]]],[[[-48.602176,-28.3525361],[-48.6018989,-28.3522984],[-48.6021457,-28.3525934],[-48.602176,-28.3525361]]],[[[-48.6004222,-28.3518789],[-48.6014332,-28.3518762],[-48.6007181,-28.3514258],[-48.6004222,-28.3518789]]],[[[-48.6016644,-28.3519565],[-48.6017753,-28.3515595],[-48.601621,-28.3515322],[-48.6016644,-28.3519565]]],[[[-48.6466791,-28.3206485],[-48.6496157,-28.3256902],[-48.646646,-28.3178631],[-48.6466791,-28.3206485]]],[[[-48.6528431,-28.2480898],[-48.6553393,-28.2484683],[-48.654219,-28.2467786],[-48.6528431,-28.2480898]]],[[[-48.6506238,-28.2424677],[-48.651829,-28.2402945],[-48.6499498,-28.2412667],[-48.6506238,-28.2424677]]],[[[-48.6565292,-28.1889243],[-48.6564266,-28.1895032],[-48.656755,-28.1894308],[-48.6565292,-28.1889243]]],[[[-48.6412344,-28.1543062],[-48.6438323,-28.1520538],[-48.640883,-28.1513186],[-48.6412344,-28.1543062]]],[[[-48.6279019,-28.1020637],[-48.6281897,-28.102854],[-48.6286073,-28.102961],[-48.6279019,-28.1020637]]],[[[-48.6257394,-28.1023235],[-48.6260119,-28.1021953],[-48.6258566,-28.1021441],[-48.6257394,-28.1023235]]],[[[-48.6271928,-28.1024589],[-48.6267126,-28.1014758],[-48.6263016,-28.1020145],[-48.6271928,-28.1024589]]],[[[-48.6297972,-28.0896956],[-48.6298556,-28.089341],[-48.6296478,-28.0894095],[-48.6297972,-28.0896956]]],[[[-48.6299643,-28.0888164],[-48.62957,-28.0882095],[-48.6293841,-28.088876],[-48.6299643,-28.0888164]]],[[[-48.6165181,-27.9868956],[-48.6184595,-27.9876836],[-48.6171471,-27.9861146],[-48.6165181,-27.9868956]]],[[[-48.6230565,-26.9867349],[-48.6247482,-26.9866107],[-48.6225471,-26.9859248],[-48.6230565,-26.9867349]]],[[[-48.6397776,-26.9127592],[-48.6360237,-26.9128363],[-48.6359775,-26.9129918],[-48.6397776,-26.9127592]]],[[[-48.6213857,-26.8319745],[-48.6230458,-26.8316717],[-48.6232407,-26.8314022],[-48.6213857,-26.8319745]]],[[[-48.6374625,-26.7428781],[-48.6349064,-26.745869],[-48.6391495,-26.7454343],[-48.6374625,-26.7428781]]],[[[-48.6177907,-26.7100954],[-48.6187365,-26.7094439],[-48.6183901,-26.7090539],[-48.6177907,-26.7100954]]],[[[-48.6753736,-26.6937924],[-48.674946,-26.6957318],[-48.6766269,-26.6950003],[-48.6753736,-26.6937924]]],[[[-48.6700554,-26.633599],[-48.6712044,-26.6344182],[-48.6727034,-26.6325429],[-48.6700554,-26.633599]]],[[[-48.5998844,-28.0356748],[-48.5998741,-28.0352129],[-48.5996176,-28.0353034],[-48.5998844,-28.0356748]]],[[[-48.5396473,-27.9366515],[-48.5456435,-27.9348028],[-48.5448761,-27.9319812],[-48.5396473,-27.9366515]]],[[[-48.5240999,-27.8391528],[-48.5305742,-27.8427401],[-48.5189242,-27.8337117],[-48.5240999,-27.8391528]]],[[[-48.5016434,-27.840103],[-48.5080282,-27.8363497],[-48.5015804,-27.8345817],[-48.5016434,-27.840103]]],[[[-48.5174673,-27.8347953],[-48.518042,-27.834649],[-48.5173774,-27.8345746],[-48.5174673,-27.8347953]]],[[[-48.5301037,-27.8314777],[-48.5276739,-27.8332977],[-48.5287994,-27.8336548],[-48.5301037,-27.8314777]]],[[[-48.5253542,-27.3290138],[-48.525697,-27.3304915],[-48.5269212,-27.3304102],[-48.5253542,-27.3290138]]],[[[-48.5245172,-27.3277722],[-48.5256025,-27.3283322],[-48.5255501,-27.3278624],[-48.5245172,-27.3277722]]],[[[-48.528761,-27.3067016],[-48.5325734,-27.3042621],[-48.5283542,-27.3049674],[-48.528761,-27.3067016]]],[[[-48.5405393,-27.1353979],[-48.547027,-27.1450089],[-48.5495001,-27.1446018],[-48.5405393,-27.1353979]]],[[[-48.5786839,-26.9928319],[-48.5789815,-26.9924845],[-48.578571,-26.9924753],[-48.5786839,-26.9928319]]],[[[-48.579864,-26.9923016],[-48.5793817,-26.9923747],[-48.5798332,-26.9926033],[-48.579864,-26.9923016]]],[[[-48.5623056,-26.5146425],[-48.5610659,-26.5135255],[-48.5620247,-26.5148049],[-48.5623056,-26.5146425]]],[[[-48.5832009,-26.4982662],[-48.5846069,-26.4973012],[-48.5835036,-26.4970456],[-48.5832009,-26.4982662]]],[[[-48.5809549,-26.4660702],[-48.579114,-26.4687068],[-48.582072,-26.4682253],[-48.5809549,-26.4660702]]],[[[-48.5665334,-26.4612743],[-48.5702628,-26.4592355],[-48.5639607,-26.460278],[-48.5665334,-26.4612743]]],[[[-48.5833647,-26.4599322],[-48.578654,-26.4544274],[-48.5784323,-26.461488],[-48.5833647,-26.4599322]]],[[[-48.5251389,-26.3849814],[-48.5245336,-26.3871951],[-48.525421,-26.3874865],[-48.5251389,-26.3849814]]],[[[-48.5250433,-26.3827867],[-48.5227856,-26.3821135],[-48.524763,-26.3837526],[-48.5250433,-26.3827867]]],[[[-48.5220799,-26.3707359],[-48.5224459,-26.3742999],[-48.5231183,-26.3741992],[-48.5220799,-26.3707359]]],[[[-48.5230178,-26.3695253],[-48.5212664,-26.3682835],[-48.5219255,-26.3699147],[-48.5230178,-26.3695253]]],[[[-48.493308,-26.2022376],[-48.4905203,-26.2030686],[-48.4931966,-26.2027779],[-48.493308,-26.2022376]]],[[[-48.4872592,-26.185058],[-48.4873002,-26.1846528],[-48.486977,-26.1847357],[-48.4872592,-26.185058]]],[[[-48.488105,-26.1803378],[-48.4869855,-26.1819852],[-48.4891165,-26.1813707],[-48.488105,-26.1803378]]],[[[-48.4870591,-26.1791045],[-48.4873772,-26.1792933],[-48.4872386,-26.1790447],[-48.4870591,-26.1791045]]],[[[-48.4816901,-26.1753613],[-48.4842111,-26.18255],[-48.4853763,-26.1743837],[-48.4816901,-26.1753613]]],[[[-48.482243,-26.164985],[-48.4807979,-26.1662892],[-48.4823518,-26.1666629],[-48.482243,-26.164985]]],[[[-48.4837205,-26.1645739],[-48.4860114,-26.1640491],[-48.4836589,-26.163808],[-48.4837205,-26.1645739]]],[[[-48.5917927,-25.9765325],[-48.5904188,-25.9771363],[-48.5919936,-25.9769754],[-48.5917927,-25.9765325]]],[[[-48.4447522,-27.853545],[-48.443952,-27.8527279],[-48.4445756,-27.8537687],[-48.4447522,-27.853545]]],[[[-48.4318907,-27.8456674],[-48.428536,-27.8452114],[-48.4347633,-27.8483951],[-48.4318907,-27.8456674]]],[[[-48.4303666,-27.8417707],[-48.4296297,-27.8430084],[-48.4307144,-27.8424016],[-48.4303666,-27.8417707]]],[[[-48.4316144,-27.840201],[-48.4305614,-27.8402589],[-48.4310365,-27.8408461],[-48.4316144,-27.840201]]],[[[-48.4311846,-27.8390634],[-48.4313354,-27.8393097],[-48.4313703,-27.8391558],[-48.4311846,-27.8390634]]],[[[-48.4611528,-27.6931482],[-48.4683898,-27.7045528],[-48.4624828,-27.691013],[-48.4611528,-27.6931482]]],[[[-48.3898777,-27.6102372],[-48.3895651,-27.6108553],[-48.3900057,-27.6108718],[-48.3898777,-27.6102372]]],[[[-48.3917305,-27.6101774],[-48.3918486,-27.6108403],[-48.3922605,-27.6106465],[-48.3917305,-27.6101774]]],[[[-48.3879574,-27.6109352],[-48.383426,-27.6089362],[-48.387559,-27.6121499],[-48.3879574,-27.6109352]]],[[[-48.3638558,-27.4866611],[-48.3607415,-27.4877903],[-48.3654708,-27.4903244],[-48.3638558,-27.4866611]]],[[[-48.3566259,-27.4889793],[-48.3591522,-27.4860979],[-48.3552458,-27.4839901],[-48.3566259,-27.4889793]]],[[[-48.3471037,-27.4434565],[-48.3487227,-27.4413482],[-48.3480441,-27.4411565],[-48.3471037,-27.4434565]]],[[[-48.3487502,-27.4399457],[-48.3491396,-27.4395129],[-48.3488349,-27.4394596],[-48.3487502,-27.4399457]]],[[[-48.3497958,-27.4391345],[-48.3494345,-27.4390725],[-48.3497499,-27.4392292],[-48.3497958,-27.4391345]]],[[[-48.3657023,-27.4243444],[-48.3678706,-27.4248304],[-48.3673769,-27.4229113],[-48.3657023,-27.4243444]]],[[[-48.355782,-27.4188715],[-48.3563665,-27.4186864],[-48.3560887,-27.4185028],[-48.355782,-27.4188715]]],[[[-48.3546766,-27.4188102],[-48.3549882,-27.4179274],[-48.3544471,-27.4186644],[-48.3546766,-27.4188102]]],[[[-48.3770981,-27.2834599],[-48.3594738,-27.2733571],[-48.3567679,-27.2996552],[-48.3770981,-27.2834599]]],[[[-48.3279405,-27.2680145],[-48.3346945,-27.2786834],[-48.3331623,-27.2737464],[-48.3279405,-27.2680145]]],[[[-48.4722378,-27.2039076],[-48.4682581,-27.2107124],[-48.4744989,-27.2090547],[-48.4722378,-27.2039076]]],[[[-48.4093031,-27.1803389],[-48.4015594,-27.1811252],[-48.4105814,-27.1880174],[-48.4093031,-27.1803389]]],[[[-48.3973671,-27.1812986],[-48.4002283,-27.1802471],[-48.398947,-27.1785792],[-48.3973671,-27.1812986]]],[[[-48.4762425,-26.1669447],[-48.4756311,-26.167087],[-48.4756084,-26.1672225],[-48.4762425,-26.1669447]]],[[[-48.4779382,-26.1635207],[-48.4782703,-26.1635207],[-48.4780514,-26.1632497],[-48.4779382,-26.1635207]]],[[[-48.4091996,-25.8415823],[-48.4073458,-25.841987],[-48.4073249,-25.8426783],[-48.4091996,-25.8415823]]],[[[-48.3660731,-25.7375317],[-48.3650201,-25.7345049],[-48.3638069,-25.7361575],[-48.3660731,-25.7375317]]],[[[-48.371451,-25.734196],[-48.3725556,-25.7332457],[-48.3694704,-25.7353511],[-48.371451,-25.734196]]]]}},{"type":"Feature","properties":{"level":"regiao","name":"Norte","region_code":"1","region_sigla":"N"},"geometry":{"type":"MultiPolygon","coordinates":[[[[-60.3061692,-13.1827349],[-60.3879196,-13.4546951],[-60.4320021,-13.4884356],[-60.5109486,-13.5035966],[-60.5776508,-13.5652277],[-60.6321992,-13.5717037],[-60.6860379,-13.6252274],[-60.7093149,-13.6930034],[-60.7695385,-13.6842053],[-60.7741496,-13.6612537],[-60.8752309,-13.6214067],[-60.9230367,-13.5408564],[-61.0056227,-13.5502805],[-61.0090087,-13.5064043],[-60.9883349,-13.5003242],[-61.0149244,-13.4875362],[-61.0469844,-13.4846782],[-61.0355099,-13.5010245],[-61.0603729,-13.5118508],[-61.0946747,-13.4922157],[-61.1061794,-13.5316634],[-61.1840687,-13.5078965],[-61.1942882,-13.5364486],[-61.2483441,-13.4962741],[-61.2803698,-13.5056295],[-61.2963111,-13.4778254],[-61.306231,-13.5030979],[-61.4699239,-13.5552502],[-61.5724304,-13.5185725],[-61.5767282,-13.4886226],[-61.6514522,-13.5187113],[-61.6958445,-13.5004424],[-61.7573476,-13.5405747],[-61.7765942,-13.5177576],[-61.8410941,-13.5489139],[-61.8832099,-13.4972993],[-61.8929873,-13.4309277],[-61.9706229,-13.4061749],[-61.971376,-13.3742487],[-62.0005457,-13.3709697],[-62.0136838,-13.3304605],[-62.1139871,-13.2609992],[-62.1162414,-13.1593951],[-62.1500146,-13.1632243],[-62.1670425,-13.1163972],[-62.1909339,-13.1538296],[-62.2147888,-13.1113449],[-62.2721847,-13.155853],[-62.392043,-13.1347504],[-62.3993784,-13.1133862],[-62.4139913,-13.1283821],[-62.4540142,-13.0647915],[-62.4720453,-13.0788862],[-62.4789372,-13.0574487],[-62.5026304,-13.0831629],[-62.6091538,-13.0440466],[-62.5999925,-13.0156607],[-62.6292359,-13.0162549],[-62.6508232,-12.9655806],[-62.7291585,-13.0207666],[-62.7469084,-12.9989103],[-62.7790975,-13.0095735],[-62.805964,-12.9406263],[-62.8458474,-12.948718],[-62.8937115,-12.8574369],[-62.9213543,-12.8408615],[-62.9762632,-12.8598785],[-63.0092315,-12.8377824],[-63.0472175,-12.7406865],[-63.0812581,-12.7240797],[-63.0609904,-12.6875382],[-63.0985225,-12.6816598],[-63.0952541,-12.6325014],[-63.1467755,-12.6377353],[-63.1601582,-12.6132223],[-63.1659442,-12.6423287],[-63.1943439,-12.62316],[-63.1986281,-12.6575665],[-63.2471241,-12.6617182],[-63.2379814,-12.6900296],[-63.2993963,-12.6817592],[-63.4403348,-12.607613],[-63.4371548,-12.564373],[-63.5017385,-12.5673236],[-63.5504909,-12.508437],[-63.6221145,-12.4728773],[-63.7863035,-12.427945],[-63.8339707,-12.4634295],[-63.8873034,-12.4472509],[-63.9007129,-12.5060199],[-63.9529725,-12.5317711],[-64.0921924,-12.4839763],[-64.1225809,-12.5057503],[-64.1338805,-12.4764538],[-64.1646071,-12.5143681],[-64.1728845,-12.4665134],[-64.2305488,-12.4550751],[-64.2857784,-12.5031776],[-64.294721,-12.4578168],[-64.4162116,-12.4414632],[-64.5121062,-12.351429],[-64.4928593,-12.2942597],[-64.5081936,-12.2252885],[-64.5522433,-12.2419466],[-64.5769456,-12.2148782],[-64.6980281,-12.1877994],[-64.7175212,-12.1539734],[-64.7091954,-12.0871034],[-64.7385545,-12.1000836],[-64.7499413,-12.1575662],[-64.7691092,-12.1436848],[-64.7598644,-12.1022977],[-64.7884731,-12.0857891],[-64.8326092,-12.1217053],[-64.8424147,-12.0945952],[-64.809637,-12.0543546],[-64.8395868,-12.0106793],[-64.9170257,-12.0283831],[-64.9483889,-11.9934266],[-64.975138,-12.01873],[-65.0320262,-11.9950803],[-65.0420298,-11.961672],[-65.015248,-11.8982394],[-65.0706948,-11.8691097],[-65.0597243,-11.7906782],[-65.0881392,-11.7093797],[-65.1829733,-11.7217035],[-65.1814491,-11.7565705],[-65.2594749,-11.7100808],[-65.2179133,-11.6520886],[-65.234947,-11.5744733],[-65.2119168,-11.5304891],[-65.3091383,-11.49364],[-65.3354111,-11.3549453],[-65.2918082,-11.3241624],[-65.3469184,-11.3028689],[-65.3606984,-11.2233183],[-65.318666,-11.197153],[-65.3497207,-11.1878909],[-65.3638844,-11.1420126],[-65.2843571,-11.0895812],[-65.3012506,-11.0321288],[-65.2505519,-10.9856321],[-65.2858299,-10.9276718],[-65.2666125,-10.9218079],[-65.2765513,-10.8693553],[-65.3669649,-10.7962563],[-65.3447432,-10.7695869],[-65.34603,-10.6815715],[-65.4164689,-10.6207745],[-65.3971968,-10.5833445],[-65.4297473,-10.4809485],[-65.3904341,-10.447599],[-65.3918013,-10.3744374],[-65.321956,-10.2976219],[-65.2888291,-10.2198708],[-65.3335453,-9.9425119],[-65.2860465,-9.8454903],[-65.3638023,-9.711586],[-65.4434369,-9.6693231],[-65.4470743,-9.6971036],[-65.5010191,-9.7298391],[-65.5020509,-9.7858367],[-65.5316045,-9.7812031],[-65.5643246,-9.8102544],[-65.5580287,-9.8446349],[-65.601108,-9.8241689],[-65.6276053,-9.8368031],[-65.6688875,-9.7811425],[-65.6896882,-9.8127067],[-65.7105471,-9.8073199],[-65.6849694,-9.7490081],[-65.7442444,-9.782083],[-65.7719105,-9.7342956],[-65.7945257,-9.7917918],[-65.81313,-9.7724132],[-65.7998827,-9.7566712],[-65.8606617,-9.7951371],[-65.8713618,-9.7533886],[-65.921635,-9.7527863],[-65.9724163,-9.7754827],[-65.9647799,-9.8042888],[-66.0241664,-9.812248],[-66.0348553,-9.787523],[-66.0711099,-9.7842972],[-66.0924555,-9.8141356],[-66.1001944,-9.7847288],[-66.1529391,-9.785746],[-66.2036697,-9.8346224],[-66.2376611,-9.8145963],[-66.2861949,-9.8447169],[-66.346193,-9.8393743],[-66.4262463,-9.8996285],[-66.4358032,-9.8660127],[-66.5618606,-9.8808921],[-66.5823334,-9.9058688],[-66.6199101,-9.8940464],[-66.6370053,-9.9498531],[-66.663071,-9.9369526],[-66.6756318,-9.9676363],[-66.7636793,-9.9993064],[-66.8379818,-10.0832994],[-66.8744921,-10.0812871],[-66.9535368,-10.189003],[-66.9969282,-10.1992061],[-67.0157815,-10.2587312],[-67.1257869,-10.2904042],[-67.1280835,-10.3159342],[-67.1777902,-10.3394006],[-67.2251298,-10.3152453],[-67.266238,-10.3338028],[-67.3159589,-10.3187353],[-67.3108218,-10.3773864],[-67.3528761,-10.3933169],[-67.4068489,-10.3726274],[-67.4364833,-10.4479069],[-67.5945219,-10.5215719],[-67.6409033,-10.5993909],[-67.6756111,-10.6051611],[-67.7084568,-10.7110546],[-67.864445,-10.6406729],[-68.0236255,-10.6515148],[-68.1053806,-10.7152056],[-68.1040261,-10.7767632],[-68.1961278,-10.8585922],[-68.2372632,-10.9557518],[-68.276713,-10.9883333],[-68.3771816,-11.0140918],[-68.4028654,-11.0537393],[-68.432527,-11.031757],[-68.4871861,-11.0508753],[-68.5429714,-11.1113555],[-68.7161196,-11.1455615],[-68.7209385,-11.1033739],[-68.7662026,-11.0657851],[-68.7581283,-10.9995561],[-68.7882442,-11.014753],[-68.7924204,-10.9900958],[-68.8274125,-11.0066913],[-68.8465983,-10.991752],[-68.8598913,-11.0163695],[-68.9104537,-11.02213],[-68.9670107,-10.9874575],[-69.0018848,-11.0089345],[-69.0716544,-10.9668164],[-69.120932,-10.9810881],[-69.152059,-10.9545664],[-69.3253995,-10.9356479],[-69.3746126,-10.956415],[-69.4168789,-10.925356],[-69.4781218,-10.9549587],[-69.501634,-10.935935],[-69.54743,-10.953542],[-69.59521097699997,-10.940787559999935],[-69.7158996,-10.976804],[-69.7696725,-10.9294723],[-69.9339039,-10.9211345],[-70.0656409,-10.9941717],[-70.0923488,-10.9853819],[-70.1586406,-11.0423232],[-70.3085214,-11.0706742],[-70.437776,-11.0390217],[-70.4528315,-10.996725],[-70.5267128,-10.9351447],[-70.6176133,-10.9990417],[-70.6006535,-9.5559542],[-70.553229,-9.570673],[-70.5679505,-9.5315097],[-70.541586,-9.5382673],[-70.5455229,-9.5141622],[-70.5148635,-9.5012417],[-70.5216093,-9.4571979],[-70.5046199,-9.4644077],[-70.4952829,-9.4236689],[-70.595808,-9.4412551],[-70.6625176,-9.5264125],[-70.7298556,-9.5703841],[-70.7501941,-9.5602536],[-70.7568923,-9.6050362],[-70.8687111,-9.664741],[-70.9248768,-9.7419329],[-70.9632713,-9.7479696],[-70.9940496,-9.8172946],[-71.1157174,-9.8274416],[-71.2241105,-9.9655958],[-71.3030575,-9.9889497],[-71.3412892,-9.9643068],[-71.377413,-10.0],[-72.1804528,-10.0],[-72.1416358,-9.8865914],[-72.1539417,-9.7920209],[-72.2575449,-9.7519965],[-72.253467,-9.616786],[-72.2888526,-9.6023068],[-72.2837106,-9.5398567],[-72.3186948,-9.5436486],[-72.3544438,-9.4952218],[-72.407225,-9.4766691],[-72.5184481,-9.4915955],[-72.5757771,-9.4556658],[-72.6955741,-9.4391216],[-72.7165137,-9.4122696],[-73.2124686,-9.412046],[-73.188893,-9.3628152],[-73.1020238,-9.3087039],[-73.1102442,-9.2808014],[-73.0756349,-9.2371621],[-73.0104972,-9.2222547],[-72.9989144,-9.1923245],[-73.0258701,-9.1778756],[-72.9516052,-9.13743],[-72.9393768,-9.07227],[-72.9573882,-9.011099],[-72.9399843,-8.9846717],[-72.9697132,-8.9807084],[-72.9990547,-8.9155998],[-73.0597007,-8.905997],[-73.1540173,-8.7054653],[-73.2182302,-8.6779138],[-73.2532559,-8.6916195],[-73.342228,-8.6185196],[-73.3321084,-8.4730625],[-73.3923575,-8.4729053],[-73.4040196,-8.4196482],[-73.5283245,-8.3580844],[-73.5297419,-8.2766878],[-73.595571,-8.2069508],[-73.5878942,-8.1118939],[-73.6339737,-8.0571364],[-73.615369,-8.0332967],[-73.6390605,-8.0059508],[-73.6786659,-8.0075007],[-73.6936144,-7.9641517],[-73.7300916,-7.9689939],[-73.7783312,-7.8913538],[-73.7527798,-7.8526643],[-73.7511237,-7.871738],[-73.6998713,-7.8707054],[-73.6795459,-7.7806196],[-73.7420245,-7.7333443],[-73.8261933,-7.7131159],[-73.8333897,-7.6824737],[-73.8738978,-7.671014],[-73.8777291,-7.6316284],[-73.9790764,-7.5710915],[-73.9855285,-7.5332558],[-73.9387863,-7.5340125],[-73.9315195,-7.4805032],[-73.9087718,-7.4726034],[-73.9559326,-7.353799],[-73.8626583,-7.3852537],[-73.8494523,-7.3489907],[-73.7619745,-7.3363662],[-73.754033,-7.3536173],[-73.6962419,-7.3107573],[-73.7184303,-7.2275654],[-73.7436229,-7.2212598],[-73.8023119,-7.1141088],[-73.7579054,-7.0599965],[-73.7446372,-6.962108],[-73.7623567,-6.9375292],[-73.6422697,-6.7573465],[-73.5622299,-6.7229895],[-73.5214406,-6.6762694],[-73.3800255,-6.6360243],[-73.3528944,-6.5930667],[-73.2276503,-6.5881221],[-73.1817467,-6.5452579],[-73.1882423,-6.5222624],[-73.135572,-6.5109963],[-73.1041326,-6.4102486],[-73.2456809,-6.1532983],[-73.2379241,-6.0361986],[-73.1872907,-6.0050924],[-73.1526608,-5.8686289],[-73.1172571,-5.8642076],[-73.1147187,-5.8334033],[-73.0546023,-5.7965776],[-73.0267376,-5.732794],[-72.9994193,-5.7278335],[-72.9895996,-5.6668219],[-72.9588759,-5.6562932],[-72.9740725,-5.6130198],[-72.9383628,-5.5412471],[-72.960635,-5.5223339],[-72.9588278,-5.4659249],[-72.8607629,-5.2702087],[-72.8872334,-5.1618452],[-72.815976,-5.1394845],[-72.8184939,-5.1025745],[-72.7866654,-5.1137359],[-72.7566213,-5.0766292],[-72.7404578,-5.0888765],[-72.7289049,-5.051653],[-72.6214388,-5.0508531],[-72.5988731,-4.9837212],[-72.5852022,-4.9983807],[-72.5520311,-4.9556555],[-72.5217799,-4.9598182],[-72.5210808,-4.9328082],[-72.4810107,-4.951461],[-72.4506801,-4.9151246],[-72.4703179,-4.891483],[-72.4145502,-4.9004757],[-72.4230981,-4.8768499],[-72.3823289,-4.8735451],[-72.3897964,-4.8338881],[-72.3589255,-4.8240692],[-72.3705557,-4.8046855],[-72.338382,-4.7929283],[-72.323463,-4.8128362],[-72.3259718,-4.778909],[-72.2785477,-4.770228],[-72.2717244,-4.7982358],[-72.256738,-4.7652087],[-72.2438416,-4.780981],[-72.2079744,-4.7469357],[-72.1932381,-4.7622614],[-72.1405012,-4.7106778],[-72.124174,-4.7328827],[-72.0812111,-4.6688502],[-72.060443,-4.6741753],[-72.0428642,-4.6232611],[-72.0062369,-4.6458761],[-71.9819563,-4.6268698],[-71.99405,-4.6089532],[-71.9474667,-4.6087195],[-71.9193843,-4.5295161],[-71.8853231,-4.5370333],[-71.9064531,-4.5153775],[-71.8660627,-4.5273544],[-71.7857688,-4.4835365],[-71.7689622,-4.5045302],[-71.7511818,-4.4683463],[-71.707656,-4.5108399],[-71.6598263,-4.5023101],[-71.6545682,-4.4722023],[-71.6504785,-4.5037512],[-71.6170211,-4.4678205],[-71.6344119,-4.5125342],[-71.6029799,-4.5294187],[-71.537253,-4.4637698],[-71.4946425,-4.486224],[-71.5069699,-4.4383359],[-71.4832303,-4.4576352],[-71.4785564,-4.4345968],[-71.4380102,-4.4498454],[-71.4333363,-4.4285012],[-71.4117584,-4.4375179],[-71.4326385,-4.4497401],[-71.4240996,-4.4692227],[-71.388968,-4.4263539],[-71.3460992,-4.4266676],[-71.3082144,-4.4626007],[-71.3210053,-4.4196274],[-71.2756968,-4.439354],[-71.2701552,-4.3849489],[-71.2296564,-4.3852626],[-71.2231389,-4.4077077],[-71.202297,-4.3791982],[-71.1945249,-4.424437],[-71.1853238,-4.3957881],[-71.1521789,-4.405268],[-71.1471949,-4.3814637],[-71.1159321,-4.4097292],[-71.0969373,-4.3749113],[-71.0798247,-4.3966246],[-71.0512106,-4.3688121],[-71.0417655,-4.4009812],[-70.9970844,-4.3872841],[-70.9944066,-4.3449219],[-70.9366881,-4.3837146],[-70.9327509,-4.3562657],[-70.8762939,-4.3222641],[-70.8774216,-4.2924544],[-70.8456017,-4.2787753],[-70.8635218,-4.2500443],[-70.8341044,-4.2544079],[-70.8160617,-4.2279812],[-70.845063,-4.218465],[-70.7614677,-4.1591355],[-70.6820474,-4.2070813],[-70.6693655,-4.1432768],[-70.6506583,-4.162747],[-70.6472904,-4.1290688],[-70.6199532,-4.1272533],[-70.633556,-4.1803228],[-70.5659365,-4.1731136],[-70.5724353,-4.2113963],[-70.55085,-4.137045],[-70.5081164,-4.1510838],[-70.5052242,-4.2001543],[-70.4852385,-4.1611254],[-70.4338606,-4.1623278],[-70.4345106,-4.131813],[-70.3781282,-4.1345753],[-70.3391317,-4.1791937],[-70.3210958,-4.142797],[-70.2868439,-4.1681447],[-70.2785897,-4.2281343],[-70.3072846,-4.2588115],[-70.2870714,-4.2878964],[-70.2480099,-4.2729802],[-70.258084,-4.309312],[-70.2244964,-4.3166831],[-70.2135744,-4.2982461],[-70.1968839,-4.3608039],[-70.1521941,-4.328841],[-70.171673,-4.3047474],[-70.157926,-4.2757961],[-70.1211055,-4.2859485],[-70.1116818,-4.2558315],[-70.0958461,-4.2887173],[-70.040081,-4.2940121],[-70.0797189,-4.3124223],[-70.0420726,-4.3327756],[-70.04057637139022,-4.375360170477736],[-70.01185486883861,-4.3313860941586295],[-69.98705461956814,-4.321796701677102],[-69.98100011599985,-4.3442882269999386],[-69.93898804337391,-4.299318980290984],[-69.94825634665222,-4.225779552206628],[-69.4570142,-1.4915895],[-69.4342189,-1.3982437],[-69.3971222,-1.3602967],[-69.4309174,-1.2269403],[-69.3951241,-1.1239909],[-69.4449799,-1.0239463],[-69.4188278,-0.9979432],[-69.4590547,-0.993619],[-69.4708879,-0.9577093],[-69.5280956,-0.9248067],[-69.5257548,-0.8680013],[-69.5730707,-0.83847],[-69.5642451,-0.8066607],[-69.6253532,-0.7457885],[-69.5622153,-0.6361241],[-69.6032625,-0.5952671],[-69.6082854,-0.5003706],[-69.8287982,-0.3754193],[-69.844795,-0.3370827],[-69.9208415,-0.3256261],[-70.0647188,-0.1649351],[-70.0462727,-0.1226702],[-70.046467,0.562937],[-70.0054123,0.5444686],[-69.9784226,0.5779904],[-69.9361206,0.5528594],[-69.9162592,0.5901312],[-69.8232406,0.59127],[-69.803044,0.5717963],[-69.6715909,0.66774],[-69.6071265,0.6130648],[-69.5971946,0.6542675],[-69.4800409,0.7357727],[-69.4333619,0.7124843],[-69.3538429,0.614662],[-69.3359079,0.6430891],[-69.3192452,0.6264643],[-69.2943013,0.6498085],[-69.2952872,0.6043106],[-69.2716454,0.6014461],[-69.1995999,0.6065596],[-69.1940005,0.6508364],[-69.115672,0.6439536],[-69.1906025,0.739971],[-69.1475962,0.7684338],[-69.1671532089675,0.843701906329584],[-69.1412633,0.8501521],[-69.1384464,0.8827555],[-69.1912374,0.9166411],[-69.1644497,0.9402035],[-69.2181894,0.9731266],[-69.1982918,1.0010153],[-69.2441703,1.0559807],[-69.2875324,1.0530883],[-69.3213943,1.0884141],[-69.3753518,1.0894548],[-69.4134154,1.0389909],[-69.4401073,1.0745424],[-69.5656082,1.0724938],[-69.6075825,1.0983676],[-69.6841252,1.0717447],[-69.7046522,1.0756103],[-69.7050717,1.1188817],[-69.7712175,1.105114],[-69.8085613,1.0635698],[-69.84657,1.076521],[-69.8457467,1.7136982],[-69.7826187,1.6925604],[-69.7211162,1.7350265],[-69.6544275,1.7178658],[-69.5346758,1.7768256],[-69.393255,1.726748],[-68.163292,1.727788],[-68.1930123,1.7373327],[-68.1922888,1.7801292],[-68.2394585,1.7706864],[-68.226776,1.8291498],[-68.285049,1.8295186],[-68.2047475,1.9836695],[-68.1994978,2.0390754],[-68.1845584,1.9767012],[-68.1398806,1.9704802],[-68.0967867,1.8995463],[-68.064053,1.8936999],[-68.0360744,1.8151011],[-67.9997235,1.8388222],[-67.907677,1.8056231],[-67.9222147,1.892394],[-67.8708116,1.9016314],[-67.7753171,2.0352891],[-67.6563647,1.9918468],[-67.6002665,2.0435056],[-67.5499643,2.1468369],[-67.4892794,2.177991],[-67.4547359,2.1679123],[-67.445788,2.2170972],[-67.3978746,2.235334],[-67.3610452,2.1877475],[-67.3730107,2.1464699],[-67.3434652,2.1310657],[-67.3607056,2.1161551],[-67.3523598,1.9996683],[-67.3202429,1.9120908],[-67.2646084,1.855575],[-67.1747369,1.8443496],[-67.1261535,1.776428],[-67.1443344,1.6037183],[-67.1030007,1.5801652],[-67.0779812,1.3653735],[-67.1104816,1.336028],[-67.1507711,1.3454196],[-67.1559511,1.3192515],[-67.0982366,1.2548301],[-67.0905825,1.1655978],[-66.8568869,1.2279544],[-66.3105714,0.7450103],[-66.1963357,0.7818986],[-66.1459756,0.7475021],[-66.0778065,0.7612174],[-66.0661165,0.8068777],[-65.96701,0.8138677],[-65.940863,0.8910452],[-65.8900199,0.9029604],[-65.8933718,0.9343601],[-65.7722953,0.958476],[-65.7427703,1.001009],[-65.696438,1.0029988],[-65.6862992,0.9841768],[-65.6586024,1.0116577],[-65.628503,0.9883736],[-65.6281217,1.0141586],[-65.5890571,1.0044674],[-65.5858221,0.9814042],[-65.5698563,0.9957622],[-65.5430933,0.9705054],[-65.4964549,0.87499],[-65.5913674,0.721611],[-65.5428022,0.6465878],[-65.4259479,0.7039071],[-65.4178173,0.7527122],[-65.3908556,0.7590225],[-65.41192,0.8239199],[-65.3561213,0.8649413],[-65.3327312,0.9232952],[-65.2712756,0.9403808],[-65.268789,0.9222969],[-65.1976938,0.9134287],[-65.1492609,1.0024828],[-65.1752936,1.0157594],[-65.1604315,1.1221042],[-65.1312467,1.1212],[-65.1060447,1.155832],[-65.0621402,1.1429042],[-65.0625806,1.1110841],[-65.0127203,1.109107],[-64.9559537,1.2159772],[-64.9279338,1.2109427],[-64.9039537,1.2513471],[-64.8724617,1.2230168],[-64.801334,1.3140744],[-64.7858628,1.263205],[-64.7435254,1.2262796],[-64.7006451,1.2801424],[-64.5772011,1.3405647],[-64.5575856,1.4133445],[-64.4664518,1.4748919],[-64.4326825,1.4722578],[-64.3909004,1.5296278],[-64.3469709,1.5177076],[-64.3478893,1.4948838],[-64.4098638,1.4030014],[-64.3377659,1.3612277],[-64.3015481,1.4641447],[-64.1973077,1.5199725],[-64.1682656,1.5795835],[-64.1254432,1.5784454],[-64.0749707,1.6507314],[-64.0612153,1.7013884],[-64.0801772,1.7558585],[-64.04992,1.8184793],[-64.0694316,1.8524173],[-64.0611066,1.9244839],[-63.9924513,1.9823764],[-63.9031652,1.9934097],[-63.8410019,1.9611368],[-63.8242634,1.9941572],[-63.7493613,1.9951556],[-63.7003745,2.0489085],[-63.6908612,2.0207594],[-63.6642635,2.0190849],[-63.6618491,2.067393],[-63.6327202,2.0719882],[-63.6148392,2.1088916],[-63.5479097,2.1345041],[-63.5072982,2.1105794],[-63.4733207,2.1416068],[-63.4354445,2.1241606],[-63.3929378,2.1485072],[-63.3999762,2.201988],[-63.3716226,2.2115677],[-63.376529,2.3558894],[-63.3552281,2.3856565],[-63.4138413,2.45292],[-63.4642116,2.4013496],[-63.4804728,2.4336579],[-63.5550525,2.4214869],[-63.5553442,2.4470853],[-63.5925586,2.4562732],[-63.7675569,2.4416928],[-63.8454607,2.4955801],[-63.9358944,2.4565581],[-64.0085309,2.4809383],[-64.0189059,2.4639222],[-64.0603423,2.5004402],[-64.0450582,2.5777671],[-63.9865347,2.6481776],[-64.0083193,2.7059971],[-63.9872793,2.7160971],[-63.9976424,2.7685695],[-64.0802374,2.8758492],[-64.07129,2.9241897],[-64.1074398,2.9791408],[-64.1610492,2.9848915],[-64.1482051,3.0380294],[-64.2189372,3.0907124],[-64.2302866,3.1378818],[-64.1814312,3.1651274],[-64.1584061,3.2448524],[-64.1172565,3.278419],[-64.1149311,3.3347012],[-64.1478336,3.371814],[-64.1214674,3.4032823],[-64.11803907899991,3.469045008000083],[-64.1925525,3.5234533],[-64.1716271,3.5560977],[-64.2260966,3.63109],[-64.2486134,3.6201257],[-64.2442464,3.6605913],[-64.2936853,3.6536156],[-64.3182808,3.7134955],[-64.4137658,3.777845],[-64.4569775,3.7821704],[-64.4742167,3.8304833],[-64.50201734399991,3.8254943040001796],[-64.5659142,3.89999],[-64.5508236,3.9253777],[-64.7726849,4.0536406],[-64.7773935,4.1412675],[-64.8269138,4.2199305],[-64.7905402,4.2911567],[-64.7328637,4.2768957],[-64.7069607,4.2090191],[-64.6385122,4.1586658],[-64.6298477,4.1152071],[-64.5017942,4.1056745],[-64.4740393,4.1398473],[-64.4389781,4.1153644],[-64.4212618,4.1438331],[-64.3394277,4.1464549],[-64.3091627,4.1226813],[-64.2951077,4.1611702],[-64.1768127,4.0941904],[-64.1359043,4.1070929],[-64.0533463,3.9759422],[-64.0189964,3.9715379],[-63.9662432,3.8695483],[-63.9178321,3.9335593],[-63.8607973,3.9474197],[-63.6659931,3.9099355],[-63.6410798,3.9812209],[-63.5958206,3.904748],[-63.4986371,3.8402671],[-63.4843122,3.8846861],[-63.4512395,3.8587289],[-63.4151343,3.901569],[-63.4179487,3.9346967],[-63.4511385,3.9556916],[-63.425671,3.9767943],[-63.3338645,3.9526937],[-63.3037552,3.9211452],[-63.2178806,3.917325],[-63.2274225,3.8329163],[-63.099509,3.7939631],[-63.0595304,3.740656],[-63.0729137,3.6867044],[-62.9913829,3.6182646],[-62.950972,3.6111364],[-62.9215027,3.6749481],[-62.889217,3.6789514],[-62.8373067,3.7372082],[-62.7442769,3.6742007],[-62.7269076,3.8042182],[-62.7740899,3.8352959],[-62.7564491,3.8580311],[-62.7891383,3.8937371],[-62.7470355,3.9717592],[-62.7681066,4.0068149],[-62.75055,4.0335209],[-62.6441359,4.0498782],[-62.5571435,4.0161669],[-62.5621282,4.0378055],[-62.533201,4.0491634],[-62.556897,4.0793974],[-62.5383668,4.1357119],[-62.4727575,4.1352613],[-62.4657742,4.1758901],[-62.4354251,4.1836532],[-62.3629884,4.1716627],[-62.3308626,4.1355554],[-62.1977064,4.1135937],[-62.1450525,4.0754347],[-62.1108363,4.0918881],[-62.1162004,4.1180936],[-62.0717611,4.1238784],[-62.0694097,4.1566837],[-62.0245433,4.151665],[-61.9866344,4.1793425],[-61.9295772,4.1174668],[-61.9223452,4.158246],[-61.8164179,4.1663004],[-61.7995886,4.2253163],[-61.727572,4.2672353],[-61.7240144,4.2440027],[-61.6713844,4.2629442],[-61.6374032,4.2377628],[-61.6078894,4.2606294],[-61.5577323,4.2519487],[-61.5059235,4.3198408],[-61.5238817,4.3387416],[-61.5115154,4.4061146],[-61.4514129,4.4389524],[-61.344536,4.4174642],[-61.2878352,4.4560834],[-61.2793476,4.47474],[-61.3227767,4.502933],[-61.3221224,4.5339307],[-61.2178411,4.5332639],[-61.1455831,4.4801475],[-61.0926758,4.5232683],[-60.9978797,4.5156047],[-60.957908,4.545161],[-60.956844,4.581665],[-60.931415,4.58433],[-60.9515989,4.6432689],[-60.919587,4.663349],[-60.9019056,4.7160772],[-60.8510711,4.7029406],[-60.8074178,4.7478219],[-60.7509317,4.7536892],[-60.672941,4.8293175],[-60.6542629,4.8845907],[-60.5896272,4.9326014],[-60.610365,5.0371527],[-60.6468976,5.0570619],[-60.6636707,5.1612665],[-60.7386295,5.207889],[-60.6505309,5.2301338],[-60.5499123,5.1871834],[-60.452532,5.2022376],[-60.4378377,5.1764773],[-60.412397,5.2112452],[-60.3209867,5.2009859],[-60.2097159,5.2696195],[-60.183322,5.2271643],[-60.1301253,5.2492341],[-60.1154964,5.2516308],[-60.0992157,5.242726],[-60.1227615,5.2260989],[-60.0868857,5.1364529],[-59.9701999,5.0634101],[-60.0345249,4.8016354],[-60.0254385,4.7063391],[-60.0754904,4.6553591],[-60.0705404,4.6168763],[-60.1237261,4.6048267],[-60.1360422,4.5650326],[-60.156991,4.5730657],[-60.1612455,4.5176362],[-60.1183985,4.5017925],[-60.0886886,4.5335155],[-60.0645052,4.520806],[-60.0704062,4.4931448],[-59.9730815,4.4804099],[-59.9707564,4.5092841],[-59.9097458,4.4604327],[-59.875453,4.4869304],[-59.8619401,4.4524258],[-59.8126019,4.4463463],[-59.7956007,4.4655248],[-59.6700926,4.3758086],[-59.7326431,4.2851228],[-59.7101748,4.2683719],[-59.7400286,4.2337929],[-59.7311705,4.1810484],[-59.6186074,4.132561],[-59.6542626,4.0695801],[-59.5800214,4.0011597],[-59.5843889,3.9686628],[-59.544759,3.9790124],[-59.5157539,3.9458271],[-59.5938125,3.8847802],[-59.5780115,3.8169652],[-59.5962125,3.7944468],[-59.6656321,3.7815004],[-59.6685832,3.7031053],[-59.8673779,3.5775765],[-59.8032231,3.5043144],[-59.8416894,3.4287397],[-59.8111265,3.4272809],[-59.8049053,3.357171],[-59.8341974,3.3527069],[-59.8276015,3.3309087],[-59.8878619,3.241685],[-59.8745843,3.2248806],[-59.908113,3.2122696],[-59.9077996,3.1136769],[-59.9556293,3.0822329],[-59.9468209,2.9998273],[-59.9898415,2.8825568],[-59.9919506,2.6870447],[-59.9577304,2.6096496],[-59.9722213,2.5943853],[-59.9290327,2.5694731],[-59.8969108,2.4809764],[-59.9048624,2.3758799],[-59.7870486,2.2836497],[-59.7234451,2.2768086],[-59.7418607,2.1625127],[-59.7218007,2.103461],[-59.7426186,2.0686899],[-59.7208146,2.0276106],[-59.7513656,1.9065904],[-59.7262562,1.873777],[-59.7360387,1.8505176],[-59.6720155,1.8414641],[-59.6625385,1.8690435],[-59.6539444,1.8164444],[-59.679836,1.806877],[-59.6914172,1.7566346],[-59.6332544,1.7413119],[-59.6188171,1.7149563],[-59.5665195,1.7354902],[-59.5380039,1.7213282],[-59.4837382,1.627998],[-59.445172,1.6172206],[-59.4304539,1.5642187],[-59.397542,1.5549671],[-59.3838074,1.5067762],[-59.3296377,1.5143185],[-59.3278398,1.4629615],[-59.2866263,1.4537567],[-59.2832579,1.4083526],[-59.1448498,1.3466737],[-58.9953087,1.3281547],[-58.9795685,1.3020373],[-58.9182009,1.3164083],[-58.9239584,1.2901921],[-58.8878761,1.260887],[-58.9114385,1.2359751],[-58.8237533,1.1710506],[-58.740048,1.1987296],[-58.7092325,1.2937059],[-58.6350968,1.2903832],[-58.5883355,1.2616054],[-58.5665744,1.2966634],[-58.5231928,1.2578586],[-58.494475,1.2688197],[-58.4567059,1.3726184],[-58.5067007,1.4025528],[-58.5114782,1.4614777],[-58.3728906,1.4756663],[-58.3952309,1.5259585],[-58.341527,1.5510611],[-58.325626,1.5966396],[-58.3209345,1.5650048],[-58.260241,1.5695241],[-58.2330183,1.5458502],[-58.1914981,1.572721],[-58.1297867,1.4977429],[-58.0637923,1.5250859],[-58.0033679,1.5006937],[-57.977395,1.5698509],[-57.995965,1.6600645],[-57.9160169,1.6437032],[-57.8503485,1.6893327],[-57.8011272,1.68172],[-57.7783658,1.7274971],[-57.703443,1.7229516],[-57.65295,1.6786443],[-57.5842641,1.7094101],[-57.5797848,1.6876017],[-57.5566793,1.6894658],[-57.5412818,1.7217792],[-57.5149651,1.723691],[-57.5000674,1.7927047],[-57.4455816,1.8106488],[-57.4356915,1.9066037],[-57.3680803,1.9239722],[-57.3546897,1.9771992],[-57.3076885,1.9993776],[-57.2283347,1.9377458],[-57.1829241,1.9991916],[-57.1501617,1.9912939],[-57.1163399,2.0329837],[-57.0867203,2.0297476],[-57.0696752,1.9623944],[-57.0283158,1.9510854],[-57.0277114,1.9255377],[-56.9625598,1.869267],[-56.9252119,1.889319],[-56.9378002,1.9130693],[-56.9202163,1.9349333],[-56.9136223,1.8935269],[-56.8304075,1.8885033],[-56.7965744,1.8692112],[-56.7976856,1.8459499],[-56.7144697,1.9248065],[-56.663239,1.9127196],[-56.6199522,1.9458425],[-56.5619098,1.9063902],[-56.4500151,1.9564232],[-56.4051064,1.9172346],[-56.337573,1.9389457],[-56.2470978,1.8784275],[-56.2334143,1.9007048],[-56.1708049,1.9003496],[-56.1004198,1.8511644],[-56.0003056,1.8361389],[-55.958947,1.8511769],[-55.8952681,1.8949866],[-55.9394203,1.988683],[-55.9080941,1.9920855],[-55.8997866,2.0417949],[-55.9653373,2.0880971],[-55.9996875,2.1675044],[-56.0528731,2.1841802],[-56.0333139,2.2167856],[-56.0465614,2.2349062],[-56.1388606,2.2672036],[-56.0929309,2.321751],[-56.0903463,2.3678157],[-56.0492932,2.3352721],[-56.0207936,2.3450685],[-56.0391784,2.3624441],[-55.9874434,2.4151735],[-56.0124637,2.4462913],[-55.9780659,2.4813747],[-55.993939,2.5014839],[-55.9764658,2.5257643],[-55.9217772,2.528189],[-55.8457058,2.4634862],[-55.7647625,2.4553026],[-55.7493362,2.4099235],[-55.7183969,2.4003011],[-55.6946083,2.4200657],[-55.4593919,2.4462285],[-55.4034451,2.4450535],[-55.4014673,2.4166373],[-55.3773411,2.4100353],[-55.3451253,2.448647],[-55.3647687,2.4847806],[-55.3491625,2.4776668],[-55.3517987,2.5053998],[-55.3154396,2.5302074],[-55.2483817,2.485899],[-55.225628,2.5170988],[-55.1980947,2.5069721],[-55.1915079,2.5580488],[-55.1536628,2.5770395],[-55.123,2.5680556],[-55.1179419,2.5160771],[-55.0742139,2.5259215],[-54.9385003,2.6323455],[-54.9332304,2.5895695],[-54.9716901,2.5665284],[-54.9123171,2.4848916],[-54.8652625,2.4711714],[-54.8764278,2.4341712],[-54.8165103,2.421789],[-54.7701095,2.4756712],[-54.6959479,2.4621114],[-54.6858056,2.4116389],[-54.7191402,2.4038632],[-54.706094,2.3625753],[-54.6637146,2.3565113],[-54.6429791,2.3221982],[-54.6132419,2.3389973],[-54.5368689,2.3254137],[-54.5136557,2.2798544],[-54.5487188,2.2696502],[-54.4490389,2.2036797],[-54.3591372,2.2242047],[-54.3628118,2.1777777],[-54.3350303,2.1536741],[-54.2673281,2.1434189],[-54.1876872,2.1794885],[-54.1561797,2.1225043],[-54.1017567,2.1116956],[-54.0650735,2.1965841],[-54.0166947,2.1819183],[-53.9441767,2.2150563],[-53.9376719,2.2828797],[-53.8862267,2.2727179],[-53.8831284,2.3087477],[-53.766995,2.3753972],[-53.7209267,2.35073],[-53.7348956,2.3017193],[-53.7003719,2.3118193],[-53.6445515,2.275444],[-53.4697425,2.2518965],[-53.3399304,2.3520526],[-53.2255922,2.2621696],[-53.2579814,2.2423792],[-53.2729376,2.1898008],[-53.2475392,2.2111887],[-53.1021041,2.2259503],[-52.9876745,2.1680849],[-52.9047464,2.1882282],[-52.8586043,2.2815226],[-52.6608607,2.3739169],[-52.6463079,2.4329972],[-52.6104438,2.4524992],[-52.6186252,2.4745568],[-52.5519355,2.5199771],[-52.5612733,2.5502911],[-52.527596,2.5830971],[-52.5552871,2.6402241],[-52.5292498,2.6519374],[-52.421761,2.8913896],[-52.3771892,2.9165503],[-52.3934919,2.9460998],[-52.3261042,3.0766213],[-52.3528862,3.1269871],[-52.3312866,3.1708712],[-52.3013258,3.1730521],[-52.2925133,3.2264208],[-52.2604514,3.2530006],[-52.2347242,3.2399753],[-52.1896885,3.2985963],[-51.9881613,3.6281758],[-51.973907,3.7062779],[-51.9221595,3.7238904],[-51.919695,3.7814212],[-51.7986377,3.8881364],[-51.7791077,3.9714556],[-51.6576833,4.0519743],[-51.6294622,4.1954097],[-51.6776113,4.3511905],[-51.6315855,4.5016577],[-51.4858816,4.4371787],[-51.3318401,4.3057986],[-51.2163934,4.1499569],[-51.1760625,4.0141299],[-51.1792978,3.9194963],[-51.0830309,3.8949512],[-51.0817748,3.5595385],[-51.1093087,3.4506267],[-51.0328225,3.213689],[-51.0444104,3.1340039],[-50.9505117,2.8821705],[-50.9542073,2.8372368],[-50.9084916,2.7888666],[-50.847721,2.6403442],[-50.8270103,2.5127706],[-50.7703726,2.4534216],[-50.6818668,2.1334028],[-50.6037459,2.0730336],[-50.5826601,1.9896326],[-50.4448388,1.8150358],[-50.1657586,1.8130306],[-49.9206183,1.6879296],[-49.8765416,1.4504271],[-49.9042695,1.2955915],[-49.887607,1.0229341],[-49.989014,0.9395151],[-49.9876153,0.8760135],[-50.097362,0.7670499],[-50.2312447,0.7301393],[-50.2040384,0.6480152],[-50.1334898,0.6196196],[-50.0836419,0.640194],[-50.0291514,0.5780597],[-50.0774344,0.4634433],[-50.1727376,0.397643],[-50.1678189,0.3402908],[-49.9929089,0.3384154],[-49.9459107,0.3657748],[-49.9097946,0.3448502],[-49.9141643,0.3196954],[-49.8222142,0.356306],[-49.8077867,0.3320504],[-49.5819234,0.418674],[-49.5073195,0.3748817],[-49.4950295,0.3186274],[-49.63329,0.2413523],[-49.6995784,0.1505051],[-49.6322276,0.0748934],[-49.4789561,0.0810633],[-49.3749153,0.0443993],[-49.3574527,-0.0239332],[-49.4167957,-0.0674722],[-49.4386111,-0.1264927],[-49.3941761,-0.1909461],[-49.1665695,-0.1289666],[-49.1559584,-0.1577975],[-49.1296989,-0.1710227],[-49.0126204,-0.1598834],[-48.9972673,-0.1862099],[-48.9183905,-0.2295529],[-48.8100784,-0.2147657],[-48.7119713,-0.2518484],[-48.426751,-0.2282564],[-48.3811164,-0.2767252],[-48.3771369,-0.3210575],[-48.4513148,-0.4339314],[-48.4866654,-0.7271883],[-48.5121803,-0.7596886],[-48.4747161,-0.8739021],[-48.3948446,-0.9109979],[-48.2810471,-0.913045],[-48.2294917,-0.8278161],[-48.1700649,-0.8152033],[-48.1584045,-0.7742128],[-48.0552178,-0.6617695],[-48.0196956,-0.6865582],[-47.9912195,-0.694686],[-47.9794683,-0.6894433],[-47.9593784,-0.6344459],[-47.9165775,-0.6220999],[-47.9070936,-0.6005653],[-47.9124237,-0.5624577],[-47.8678139,-0.5620488],[-47.8467805,-0.5878564],[-47.8664079,-0.6672319],[-47.8405827,-0.6827757],[-47.8205928,-0.6364821],[-47.8192911,-0.5623301],[-47.7982445,-0.5584312],[-47.8079778,-0.5878563],[-47.7775832,-0.5817874],[-47.7611011,-0.610536],[-47.7704415,-0.5627386],[-47.7038784,-0.534576],[-47.7014179,-0.5962187],[-47.6699627,-0.5751776],[-47.6327309,-0.6021061],[-47.6454537,-0.6885252],[-47.6291248,-0.7072738],[-47.5868177,-0.6390544],[-47.5892911,-0.5758006],[-47.5384929,-0.6044676],[-47.5405381,-0.6390999],[-47.4815661,-0.7390834],[-47.4765579,-0.5935174],[-47.4149039,-0.5914929],[-47.4308354,-0.6407959],[-47.4265092,-0.657411],[-47.3689948,-0.628976],[-47.3842549,-0.6024933],[-47.2962874,-0.5957481],[-47.2944828,-0.6447506],[-47.2506801,-0.6452946],[-47.2566722,-0.6228099],[-47.2049024,-0.6497306],[-47.2082231,-0.6967658],[-47.171134,-0.6759183],[-47.1680438,-0.7649286],[-47.1211877,-0.6762125],[-47.0753848,-0.6939467],[-47.0993903,-0.7534795],[-47.0559812,-0.7972907],[-47.0046935,-0.7650153],[-46.9927824,-0.7134008],[-46.9581177,-0.7107458],[-46.9461513,-0.7309943],[-46.9702914,-0.7674795],[-46.9422472,-0.8074709],[-46.9412115,-0.8692435],[-46.8495992,-0.7393903],[-46.8241454,-0.7894389],[-46.8440128,-0.8195632],[-46.8310523,-0.8430455],[-46.8044122,-0.8267797],[-46.8017476,-0.8724079],[-46.7661509,-0.8395931],[-46.7606427,-0.7986069],[-46.724095,-0.8667535],[-46.6995868,-0.8349643],[-46.6707879,-0.8509101],[-46.677403,-0.7935604],[-46.6189755,-0.8054803],[-46.5956617,-0.8518372],[-46.637443,-0.8956476],[-46.6364085,-0.9690785],[-46.601961,-0.9569416],[-46.5774852,-0.9815032],[-46.5510538,-0.9125698],[-46.5328208,-0.9085787],[-46.5333179,-0.9544015],[-46.5117684,-0.8827853],[-46.4663971,-0.8940429],[-46.468915,-0.8739813],[-46.4261082,-0.8657539],[-46.4102555,-0.8876399],[-46.4598459,-0.9034518],[-46.4808377,-0.9212567],[-46.4626134,-0.9390066],[-46.4953092,-0.9746218],[-46.468977,-0.9816899],[-46.4760519,-1.0163912],[-46.4389382,-1.0275577],[-46.3989375,-0.9965315],[-46.3816599,-1.0263708],[-46.3477572,-1.006757],[-46.3213602,-1.0246632],[-46.2676913,-0.9651558],[-46.2648307,-0.9134146],[-46.2040482,-0.8849127],[-46.1758755,-0.9454293],[-46.2221249,-0.984499],[-46.2047896,-1.0584145],[-46.239477,-1.1012325],[-46.1904802,-1.0761929],[-46.1754358,-0.9998522],[-46.1502541,-1.0436302],[-46.1664066,-1.088573],[-46.0945521,-1.0206273],[-46.0699723,-1.0356439],[-46.0938547,-1.0567345],[-46.0615112,-1.102564],[-46.0981694,-1.1960591],[-46.1492636,-1.2260021],[-46.1615773,-1.2818889],[-46.1289363,-1.3342572],[-46.1037226,-1.3372859],[-46.15415,-1.4225773],[-46.1397841,-1.4438752],[-46.1763342,-1.4749425],[-46.1336272,-1.5786922],[-46.164216,-1.62656],[-46.1567887,-1.6802877],[-46.2211911,-1.7312789],[-46.3084618,-1.7308881],[-46.3237072,-1.7664444],[-46.312151,-1.8056873],[-46.2536366,-1.7958462],[-46.2110274,-1.8310593],[-46.2448411,-1.8819486],[-46.2227059,-1.9102252],[-46.2753321,-2.0575099],[-46.2721071,-2.1175724],[-46.3769687,-2.2458933],[-46.4305234,-2.2352003],[-46.4316473,-2.3348031],[-46.4672201,-2.3722988],[-46.4094143,-2.3713712],[-46.442153,-2.4194111],[-46.4193336,-2.5324251],[-46.4912122,-2.5375507],[-46.5068486,-2.616874],[-46.5788738,-2.6315178],[-46.5926045,-2.6654906],[-46.6222648,-2.6449411],[-46.6343341,-2.6854541],[-46.6713729,-2.7061982],[-46.6348228,-2.7964431],[-46.6025238,-2.7892199],[-46.5756976,-2.8415386],[-46.6148375,-2.8293864],[-46.639416,-2.8835578],[-46.6805554,-2.8827178],[-46.6539285,-2.9310654],[-46.6730342,-2.9450709],[-46.6474296,-2.9698118],[-46.6629683,-2.9746916],[-46.6499217,-2.9960161],[-46.6741581,-3.0002127],[-46.6588149,-3.0108503],[-46.6765036,-3.0941424],[-46.7067502,-3.1006318],[-46.7077275,-3.1270768],[-46.7188684,-3.1092192],[-46.7481378,-3.1218562],[-46.7199434,-3.1534724],[-46.7515583,-3.1888444],[-46.7730583,-3.1785988],[-46.7552719,-3.2162141],[-46.8061635,-3.2440466],[-46.813884,-3.3100512],[-46.9442525,-3.3771976],[-46.9484548,-3.476799],[-46.9823174,-3.4949427],[-46.9756994,-3.5297684],[-47.0388461,-3.5621033],[-47.027355,-3.5992747],[-47.0570477,-3.6545794],[-47.0370187,-3.6679661],[-47.0852051,-3.85664],[-47.1731461,-3.9238234],[-47.1902562,-3.9837047],[-47.3050624,-4.0588303],[-47.3194243,-4.0477745],[-47.3717681,-4.2455858],[-47.4747342,-4.3150435],[-47.5027881,-4.4037066],[-47.6119419,-4.5573579],[-47.6799573,-4.6086174],[-47.7925691,-4.5864108],[-48.7551507,-5.3491654],[-48.712127,-5.3530136],[-48.6794384,-5.3058201],[-48.6061317,-5.3365008],[-48.5330131,-5.1987179],[-48.3639098,-5.1683805],[-48.1785442,-5.2607761],[-48.079265,-5.2750645],[-48.0040589,-5.2346202],[-47.9281041,-5.2412355],[-47.8729236,-5.2723581],[-47.8437594,-5.3762087],[-47.7409265,-5.3814482],[-47.6186197,-5.4597262],[-47.5553694,-5.4657353],[-47.5001205,-5.5256048],[-47.4737045,-5.6619797],[-47.4933745,-5.7305307],[-47.4310634,-5.8692106],[-47.4479842,-5.9929839],[-47.430234,-6.130969],[-47.3772358,-6.2667683],[-47.4342057,-6.4311886],[-47.4166526,-6.4856784],[-47.4564977,-6.5382745],[-47.4986441,-6.6712316],[-47.4941187,-6.7548332],[-47.5296459,-6.8313891],[-47.5052032,-6.8936865],[-47.5299515,-6.9801054],[-47.644456,-7.1436116],[-47.7106552,-7.1376528],[-47.7498258,-7.1952617],[-47.6477121,-7.3041229],[-47.5919031,-7.2639953],[-47.4997864,-7.2938583],[-47.4834958,-7.3651206],[-47.5915697,-7.4400683],[-47.501525,-7.4397949],[-47.4751227,-7.5338986],[-47.4251086,-7.5285591],[-47.439975,-7.5559998],[-47.3990893,-7.5691277],[-47.3822788,-7.6545981],[-47.353785,-7.6481312],[-47.3741376,-7.6240228],[-47.3581252,-7.6160242],[-47.3149328,-7.6600379],[-47.3387494,-7.6669041],[-47.3029899,-7.6902464],[-47.3139503,-7.7308181],[-47.2750241,-7.7303989],[-47.2671806,-7.7606689],[-47.2465929,-7.7581744],[-47.2455059,-7.8159571],[-47.1757258,-7.8559975],[-47.1429971,-7.9247697],[-47.1082903,-7.936887],[-47.107472,-7.9903239],[-47.067536,-7.9980522],[-47.0455856,-8.0530907],[-46.9974336,-8.0665832],[-46.9536901,-8.0060517],[-46.8728327,-7.955269],[-46.830271,-7.964222],[-46.7562024,-7.9229348],[-46.6088205,-7.8929414],[-46.4892213,-7.9875047],[-46.4657835,-8.0690822],[-46.5150921,-8.1700606],[-46.4872392,-8.2007145],[-46.5077205,-8.2696365],[-46.5439995,-8.3174359],[-46.6338866,-8.3183546],[-46.7059372,-8.3502898],[-46.7280989,-8.3863849],[-46.7797051,-8.3674851],[-46.7870169,-8.3990993],[-46.806835,-8.3989707],[-46.8005095,-8.4540934],[-46.8510873,-8.4761573],[-46.8463408,-8.5349376],[-46.9162802,-8.5947838],[-46.8977279,-8.6010165],[-46.9163941,-8.6484068],[-46.8869493,-8.6864898],[-46.9312814,-8.7267524],[-46.9042307,-8.7785599],[-46.9148956,-8.8530582],[-46.9929219,-8.8788894],[-46.9702887,-8.9144917],[-47.0182796,-8.9529358],[-47.0215615,-8.9886406],[-47.0674775,-9.0103863],[-47.0434834,-9.026549],[-47.0705516,-9.0619542],[-47.0073415,-9.0821934],[-46.9216248,-9.0668129],[-46.9318027,-9.1280657],[-46.8899218,-9.1243647],[-46.8524203,-9.1544494],[-46.8507052,-9.1918392],[-46.8227837,-9.1990447],[-46.8189454,-9.2600573],[-46.8451424,-9.299824],[-46.8110627,-9.3067489],[-46.7586743,-9.3812175],[-46.7656775,-9.4063309],[-46.6659757,-9.3919186],[-46.6327834,-9.4115883],[-46.6400051,-9.4577211],[-46.5609759,-9.484033],[-46.5756895,-9.5175489],[-46.5367555,-9.5571093],[-46.5923881,-9.5872005],[-46.6130575,-9.6658082],[-46.6533374,-9.6934421],[-46.6474199,-9.7303504],[-46.5750865,-9.7585754],[-46.5715924,-9.8080372],[-46.5094485,-9.8013667],[-46.4728993,-9.8774403],[-46.4775839,-9.9883014],[-46.4565293,-10.0499237],[-46.3839691,-10.1201424],[-46.3678895,-10.1688141],[-46.210869,-10.169735],[-46.1633034,-10.2136326],[-46.099726,-10.2129005],[-46.0282782,-10.1768696],[-46.0124233,-10.2506961],[-46.0282068,-10.2771033],[-45.9711149,-10.3589393],[-45.9222401,-10.3709298],[-45.8871714,-10.3404619],[-45.9156318,-10.3126645],[-45.8967285,-10.2642902],[-45.8707602,-10.2500288],[-45.7937433,-10.2676724],[-45.733852,-10.2285958],[-45.7266392,-10.1568548],[-45.7019773,-10.1793504],[-45.6995761,-10.2596862],[-45.7268896,-10.3125357],[-45.7981846,-10.3232473],[-45.8212513,-10.458074],[-45.8708973,-10.5032789],[-46.1497049,-10.6359108],[-46.1503463,-10.691554],[-46.195922,-10.745224],[-46.206199,-10.8004666],[-46.2264451,-10.7829371],[-46.260537,-10.8120374],[-46.2672663,-10.9348023],[-46.3415579,-10.9390123],[-46.5522029,-11.262799],[-46.5765096,-11.3422773],[-46.5683079,-11.3715657],[-46.5319213,-11.3748773],[-46.5240555,-11.4636343],[-46.4404346,-11.520789],[-46.3481413,-11.5066007],[-46.2504813,-11.536689],[-46.2093463,-11.5853507],[-46.0808942,-11.6240112],[-46.1444858,-11.6243474],[-46.1572177,-11.6514962],[-46.2246953,-11.6396881],[-46.2443367,-11.6052282],[-46.3255783,-11.5995809],[-46.3848704,-11.6252044],[-46.3956971,-11.6425275],[-46.3401945,-11.6395843],[-46.3384623,-11.6718921],[-46.3077347,-11.6864407],[-46.3366922,-11.7395671],[-46.3785453,-11.7485209],[-46.3751048,-11.7685988],[-46.3436773,-11.7600875],[-46.3609362,-11.7789513],[-46.3280101,-11.7713735],[-46.3484915,-11.7858466],[-46.337911,-11.814101],[-46.3586554,-11.8125035],[-46.3505631,-11.8373755],[-46.3811345,-11.8376923],[-46.3706583,-11.8895899],[-46.2822315,-11.9182013],[-46.1800398,-11.9070912],[-46.2330576,-11.9364818],[-46.3154903,-11.941993],[-46.4002362,-12.024813],[-46.4082595,-12.0095737],[-46.4797997,-12.0473591],[-46.3844223,-12.0517563],[-46.3985913,-12.0914434],[-46.3711652,-12.0997193],[-46.3715438,-12.1232291],[-46.4064905,-12.1570139],[-46.3810937,-12.1810752],[-46.4102142,-12.1986344],[-46.3650056,-12.2170203],[-46.3880217,-12.2446074],[-46.3695687,-12.2674682],[-46.3848433,-12.2967185],[-46.3445332,-12.3028201],[-46.3774158,-12.352775],[-46.2898836,-12.376653],[-46.3403618,-12.4144423],[-46.3405437,-12.4522985],[-46.3155489,-12.4634304],[-46.304953,-12.416946],[-46.2853454,-12.4321699],[-46.2820954,-12.4159878],[-46.2609987,-12.4738502],[-46.2726245,-12.5145984],[-46.2508606,-12.502217],[-46.198213,-12.5039588],[-46.3075674,-12.5767478],[-46.2757846,-12.5944306],[-46.3104042,-12.642678],[-46.2639272,-12.6582931],[-46.3057156,-12.6885262],[-46.3040783,-12.7149422],[-46.2680805,-12.7161568],[-46.3120784,-12.7982098],[-46.2735162,-12.8315515],[-46.3300763,-12.9578517],[-46.265437,-12.9387891],[-46.2055999,-12.9506776],[-46.1633584,-12.9240508],[-46.112965,-12.9180104],[-46.195902,-12.956977],[-46.3644039,-12.9907429],[-46.3657643,-12.863354],[-46.4179848,-12.8224367],[-46.4546499,-12.9711526],[-46.750611,-12.969155],[-46.8198975,-13.0016866],[-46.8544978,-13.0675267],[-46.8916768,-13.0523851],[-46.9790157,-13.1317672],[-47.0020989,-13.1216848],[-47.0879195,-13.1818323],[-47.1321165,-13.1778641],[-47.1539664,-13.2102795],[-47.183741,-13.1874468],[-47.2296138,-13.1947384],[-47.2821518,-13.2651268],[-47.3775667,-13.2290866],[-47.4261275,-13.2899799],[-47.4544222,-13.2505276],[-47.4345238,-13.2287801],[-47.4864138,-13.2197336],[-47.4783804,-13.1849576],[-47.5578012,-13.1868503],[-47.5637956,-13.119051],[-47.633645,-13.1011799],[-47.6675997,-13.2108827],[-47.639661,-13.2642926],[-47.6614696,-13.3027767],[-47.6500735,-13.3491826],[-47.6222932,-13.369192],[-47.6797484,-13.4681748],[-47.8202144,-13.3125234],[-47.8844277,-13.3207214],[-47.9363044,-13.2898552],[-47.9667043,-13.3150807],[-47.983485,-13.279085],[-48.0252513,-13.2798336],[-48.0624559,-13.2357212],[-48.0824617,-13.289546],[-48.1648231,-13.3066603],[-48.1659237,-13.1892998],[-48.1436592,-13.1524725],[-48.2316224,-13.1691564],[-48.3079536,-13.2372221],[-48.3422626,-13.2282026],[-48.3401125,-13.2482578],[-48.4419089,-13.2923422],[-48.4755457,-13.2349601],[-48.4699647,-13.1373098],[-48.5181032,-13.1395218],[-48.5296886,-13.1914152],[-48.5537521,-13.2035451],[-48.5535925,-13.3026334],[-48.5860898,-13.3216005],[-48.5999452,-13.2386606],[-48.5775353,-13.1732753],[-48.5973528,-13.1521039],[-48.5759193,-13.1241598],[-48.6005347,-13.0588535],[-48.6707093,-12.9949939],[-48.7297896,-12.9893834],[-48.7351342,-12.9210739],[-48.8428259,-12.8425068],[-48.8568728,-12.8043575],[-48.9762335,-12.9578931],[-49.0217742,-12.9063237],[-49.0792038,-12.904009],[-49.0642475,-12.8460871],[-49.1046307,-12.8354203],[-49.118877,-12.7895192],[-49.2376552,-12.8837861],[-49.350967,-13.0887264],[-49.3372447,-13.2472816],[-49.3683159,-13.2723014],[-49.9203946,-12.961384],[-50.0396484,-12.9353875],[-50.0780612,-12.9056506],[-50.1838006,-12.8973567],[-50.2928427,-12.8384694],[-50.3109562,-12.7979418],[-50.2832766,-12.7177793],[-50.2990728,-12.6801771],[-50.2653247,-12.6821722],[-50.2375277,-12.5787353],[-50.1919845,-12.5621611],[-50.2295244,-12.531189],[-50.2176095,-12.4873571],[-50.141802,-12.3953956],[-50.1731668,-12.4223333],[-50.1958861,-12.4124369],[-50.184061,-12.4320509],[-50.3659843,-12.5455011],[-50.3908224,-12.611461],[-50.4181009,-12.6244473],[-50.4123674,-12.6482935],[-50.4260506,-12.6415525],[-50.4404503,-12.6522537],[-50.4327131,-12.6915224],[-50.4786553,-12.7112831],[-50.4650891,-12.7308029],[-50.4874094,-12.7451064],[-50.4677977,-12.7542594],[-50.5074228,-12.8583627],[-50.5203415,-12.8363941],[-50.5978467,-12.826775],[-50.5819162,-12.7993793],[-50.6208427,-12.8213166],[-50.6117659,-12.7758968],[-50.6359942,-12.7718605],[-50.6229618,-12.7346385],[-50.6547658,-12.6791794],[-50.6469294,-12.6511214],[-50.6996886,-12.6477753],[-50.7064888,-12.609701],[-50.6679823,-12.5960093],[-50.6864785,-12.5692042],[-50.6530391,-12.4600739],[-50.6235737,-12.4552838],[-50.618255,-12.4289922],[-50.6445669,-12.345909],[-50.6437098,-12.222965],[-50.6868718,-12.2021539],[-50.6672776,-12.0811688],[-50.6836526,-11.995586],[-50.6392882,-11.8845665],[-50.6863045,-11.8589954],[-50.722042,-11.7396989],[-50.6637021,-11.6775273],[-50.6574739,-11.5928064],[-50.7159867,-11.5789533],[-50.7346778,-11.5514585],[-50.7420631,-11.4549064],[-50.7070991,-11.3281658],[-50.6594054,-11.2548623],[-50.6610395,-11.1347172],[-50.6094574,-11.0674457],[-50.6329456,-10.935943],[-50.5994046,-10.8844639],[-50.6220066,-10.8394178],[-50.5705877,-10.7525041],[-50.6028978,-10.658234],[-50.5349598,-10.6017509],[-50.5161464,-10.5039094],[-50.4826205,-10.4900386],[-50.4737254,-10.4049055],[-50.4182853,-10.3562814],[-50.3815645,-10.2189129],[-50.3921478,-10.1340312],[-50.3026455,-10.0354113],[-50.2248064,-9.8411535],[-53.0004717,-9.6552689],[-56.6718827,-9.3673969],[-56.7573841,-9.4061764],[-56.8201088,-9.2463404],[-56.9955493,-9.2338426],[-57.0571671,-9.1859279],[-57.0392416,-9.09829],[-57.1950043,-8.9275137],[-57.3843829,-8.8795574],[-57.4199126,-8.8530393],[-57.4275794,-8.7832392],[-57.530385,-8.7481741],[-57.5929389,-8.756477],[-57.6222457,-8.5911884],[-57.6486418,-8.576375],[-57.634133,-8.5189053],[-57.686944,-8.4162536],[-57.6432123,-8.2121753],[-57.7151382,-8.1579476],[-57.7284399,-8.0942158],[-57.828833,-7.9728959],[-57.896749,-7.6778845],[-57.9395583,-7.6531348],[-57.972582,-7.5345881],[-58.0613616,-7.3951912],[-58.1384405,-7.3490342],[-58.21306,-7.4585347],[-58.2021706,-7.6208543],[-58.2805457,-7.7064572],[-58.2940558,-7.7715405],[-58.3847417,-7.8439891],[-58.2871694,-8.1285447],[-58.3224642,-8.1700394],[-58.3148931,-8.3230601],[-58.3502775,-8.3456677],[-58.3545775,-8.3927541],[-58.4178072,-8.4895196],[-58.3895183,-8.5947925],[-58.4373006,-8.7033525],[-58.3262244,-8.7200324],[-58.415878,-8.7928428],[-61.5831348,-8.7986891],[-61.523588,-8.8185966],[-61.468505,-8.9173679],[-61.555755,-9.0924026],[-61.5196316,-9.1951977],[-61.526207,-9.2458474],[-61.5769802,-9.2375253],[-61.6333459,-9.2705843],[-61.6119925,-9.2807016],[-61.6259281,-9.3630117],[-61.5527041,-9.3874219],[-61.5786429,-9.471612],[-61.5258126,-9.5017971],[-61.5495654,-9.5152171],[-61.5134425,-9.5285314],[-61.5030326,-9.615345],[-61.4768074,-9.628723],[-61.505272,-9.6913819],[-61.5746373,-9.7177933],[-61.5315013,-9.7399119],[-61.547356,-9.7875415],[-61.5249134,-9.7957303],[-61.5084195,-9.8888009],[-61.6018749,-10.1543793],[-61.5517185,-10.1977763],[-61.577926,-10.2353124],[-61.5527979,-10.3082323],[-61.4617928,-10.4199046],[-61.4993935,-10.6986176],[-61.4723937,-10.714973],[-61.4884003,-10.7364767],[-61.4738335,-10.7975127],[-61.5108965,-10.7936807],[-61.5195209,-10.9496984],[-61.5502579,-10.9860947],[-60.4600501,-10.9898562],[-60.4465966,-11.0421534],[-60.4141109,-11.0434851],[-60.3915541,-11.0937926],[-60.3479707,-11.1090363],[-60.3484404,-11.0740427],[-60.301248,-11.0571521],[-60.2709996,-11.0986933],[-60.2033577,-11.1134564],[-60.1592729,-11.0956536],[-60.0842461,-11.0968445],[-60.0667135,-11.1255091],[-60.026242,-11.1307337],[-59.9839008,-11.1162757],[-59.9977711,-11.1513597],[-59.9640257,-11.1891151],[-59.9820276,-11.2335004],[-59.9171931,-11.3384346],[-59.9259092,-11.4154809],[-59.9762413,-11.4392225],[-60.1141384,-11.5874931],[-60.1087756,-11.8395792],[-60.0605227,-11.8950012],[-59.9857972,-11.9120801],[-59.9793584,-12.0295498],[-59.8998038,-12.1172227],[-59.9108107,-12.1864566],[-59.892331,-12.2454539],[-59.7743574,-12.3409559],[-59.8192559,-12.3787482],[-59.84416,-12.4671729],[-59.8981784,-12.5016429],[-59.9294389,-12.5796172],[-59.9727317,-12.6099401],[-60.0033205,-12.5923372],[-60.064964,-12.6708202],[-60.0587059,-12.786211],[-60.084081,-12.8959681],[-60.1171653,-12.9595556],[-60.1892776,-12.971143],[-60.2152922,-13.0269807],[-60.2829916,-13.0805523],[-60.2685052,-13.1449711],[-60.3061692,-13.1827349]]],[[[-48.9860142,-0.1807423],[-48.9752675,-0.1757815],[-48.9684242,-0.1893564],[-48.9860142,-0.1807423]]],[[[-48.9749566,-0.1668288],[-48.9770486,-0.1723267],[-48.9815704,-0.1655135],[-48.9749566,-0.1668288]]],[[[-49.1219304,-0.1470046],[-49.1353138,-0.1614596],[-49.1543588,-0.1464697],[-49.1460387,-0.1352182],[-49.1219304,-0.1470046]]],[[[-49.5065845,0.1216595],[-49.4842289,0.1499557],[-49.4492118,0.1142903],[-49.4742988,0.1131284],[-49.5065845,0.1216595]]],[[[-49.6346804,0.1941358],[-49.6027071,0.1759688],[-49.6154018,0.1528203],[-49.6774531,0.1557239],[-49.6346804,0.1941358]]],[[[-49.5549293,0.2064331],[-49.5920115,0.1824181],[-49.6079039,0.1919535],[-49.5549293,0.2064331]]],[[[-49.613834,0.2320839],[-49.5578184,0.2438638],[-49.6321095,0.2010284],[-49.613834,0.2320839]]],[[[-50.4054105,2.1112592],[-50.3174204,1.9475023],[-50.3699353,1.887125],[-50.4289008,1.8674569],[-50.5203749,2.0013038],[-50.5096342,2.0827109],[-50.5042092,2.0940301],[-50.4684307,2.1000039],[-50.4574149,2.1126951],[-50.4054105,2.1112592]]],[[[-50.4747415,2.182633],[-50.4194917,2.1232878],[-50.4583402,2.1152468],[-50.4712717,2.1022984],[-50.5036089,2.0980623],[-50.5530992,2.1513497],[-50.5199793,2.1837403],[-50.4747415,2.182633]]],[[[-48.4293855,-0.8050276],[-48.4292835,-0.8082413],[-48.4330587,-0.8080373],[-48.4293855,-0.8050276]]],[[[-47.9951482,-0.6784565],[-47.9917073,-0.6894909],[-47.9923365,-0.6935122],[-47.9951482,-0.6784565]]],[[[-48.0078802,-0.6819642],[-48.0158432,-0.6676602],[-48.0087288,-0.662253],[-48.0078802,-0.6819642]]],[[[-47.8465232,-0.6650853],[-47.8400478,-0.6633613],[-47.842255,-0.6718447],[-47.8465232,-0.6650853]]],[[[-47.9737576,-0.6636048],[-47.9847467,-0.6564446],[-47.9750516,-0.6486633],[-47.9737576,-0.6636048]]],[[[-47.8347648,-0.6590279],[-47.8381711,-0.6570197],[-47.8358506,-0.6554824],[-47.8347648,-0.6590279]]],[[[-47.8297681,-0.6366392],[-47.822862,-0.633983],[-47.8271761,-0.6487741],[-47.8297681,-0.6366392]]],[[[-47.854131,-0.6385328],[-47.8512827,-0.6348561],[-47.8545552,-0.6400563],[-47.854131,-0.6385328]]],[[[-47.917695,-0.5899107],[-47.9208577,-0.5945327],[-47.9190057,-0.5898562],[-47.917695,-0.5899107]]],[[[-47.9143856,-0.5825823],[-47.921731,-0.5812153],[-47.9215728,-0.5767371],[-47.9143856,-0.5825823]]],[[[-48.8643087,-0.1865094],[-48.947535,-0.2068327],[-48.9119578,-0.1504265],[-48.8643087,-0.1865094]]],[[[-48.94304,-0.1809938],[-48.9452271,-0.17165],[-48.9378799,-0.1712458],[-48.94304,-0.1809938]]],[[[-48.7652074,-0.1862551],[-48.7574847,-0.1636744],[-48.7467688,-0.1705156],[-48.7652074,-0.1862551]]],[[[-48.7366372,-0.1710375],[-48.7314168,-0.1721913],[-48.7338741,-0.1735803],[-48.7366372,-0.1710375]]],[[[-46.4367577,-1.0184528],[-46.4372262,-1.0191439],[-46.4375384,-1.0189208],[-46.4367577,-1.0184528]]],[[[-46.4400178,-1.0179082],[-46.4386195,-1.0183164],[-46.4405622,-1.0182143],[-46.4400178,-1.0179082]]],[[[-46.3858623,-1.0071728],[-46.3747765,-1.0192284],[-46.3806024,-1.0225848],[-46.3858623,-1.0071728]]],[[[-46.4436144,-1.0100118],[-46.4354855,-1.0160499],[-46.4489456,-1.0163666],[-46.4436144,-1.0100118]]],[[[-46.4394468,-1.0062969],[-46.4376368,-1.0041634],[-46.4366333,-1.0042768],[-46.4394468,-1.0062969]]],[[[-46.4833017,-0.974023],[-46.4814557,-0.9711269],[-46.479128,-0.9722906],[-46.4833017,-0.974023]]],[[[-46.3399791,-0.9598486],[-46.3066008,-0.9432538],[-46.3128084,-1.0073333],[-46.3399791,-0.9598486]]],[[[-46.4703525,-0.968274],[-46.475477,-0.9682213],[-46.4686772,-0.9639151],[-46.4703525,-0.968274]]],[[[-46.4164573,-0.9431167],[-46.4049169,-0.96538],[-46.4362256,-0.9903981],[-46.4164573,-0.9431167]]],[[[-46.6201318,-0.9459263],[-46.6063855,-0.9551473],[-46.6268469,-0.9592361],[-46.6201318,-0.9459263]]],[[[-46.1521339,-0.9252296],[-46.1465921,-0.9516977],[-46.1556537,-0.952635],[-46.1521339,-0.9252296]]],[[[-46.4602877,-0.9066126],[-46.4604753,-0.9146387],[-46.4640266,-0.914076],[-46.4602877,-0.9066126]]],[[[-46.7212843,-0.7831275],[-46.7237372,-0.7900365],[-46.7293356,-0.7831118],[-46.7212843,-0.7831275]]]]}},{"type":"Feature","properties":{"level":"regiao","name":"Nordeste","region_code":"2","region_sigla":"NE"},"geometry":{"type":"MultiPolygon","coordinates":[[[[-46.0136921,-10.2488379],[-46.0312475,-10.1761108],[-46.099726,-10.2129005],[-46.1633034,-10.2136326],[-46.210869,-10.169735],[-46.3678895,-10.1688141],[-46.3839691,-10.1201424],[-46.4565293,-10.0499237],[-46.4775839,-9.9883014],[-46.4728993,-9.8774403],[-46.5094485,-9.8013667],[-46.5715924,-9.8080372],[-46.5750865,-9.7585754],[-46.6474199,-9.7303504],[-46.6533374,-9.6934421],[-46.6130575,-9.6658082],[-46.5923881,-9.5872005],[-46.5367555,-9.5571093],[-46.5756895,-9.5175489],[-46.5609759,-9.484033],[-46.6400051,-9.4577211],[-46.6327834,-9.4115883],[-46.6659757,-9.3919186],[-46.7656775,-9.4063309],[-46.7586743,-9.3812175],[-46.8110627,-9.3067489],[-46.8451424,-9.299824],[-46.8189454,-9.2600573],[-46.8227837,-9.1990447],[-46.8507052,-9.1918392],[-46.8524203,-9.1544494],[-46.8899218,-9.1243647],[-46.9318027,-9.1280657],[-46.9216248,-9.0668129],[-47.0073415,-9.0821934],[-47.0705516,-9.0619542],[-47.0434834,-9.026549],[-47.0674775,-9.0103863],[-47.0215615,-8.9886406],[-47.0182796,-8.9529358],[-46.9702887,-8.9144917],[-46.9929219,-8.8788894],[-46.9148956,-8.8530582],[-46.9042307,-8.7785599],[-46.9312814,-8.7267524],[-46.8869493,-8.6864898],[-46.9163941,-8.6484068],[-46.8977279,-8.6010165],[-46.9162802,-8.5947838],[-46.8463408,-8.5349376],[-46.8510873,-8.4761573],[-46.8005095,-8.4540934],[-46.806835,-8.3989707],[-46.7870169,-8.3990993],[-46.7824337,-8.3680837],[-46.7280989,-8.3863849],[-46.6804273,-8.3367629],[-46.546888,-8.3189798],[-46.516788,-8.2881379],[-46.4872398,-8.2008581],[-46.5138952,-8.164658],[-46.4655932,-8.0719288],[-46.4892213,-7.9875047],[-46.6091661,-7.8929592],[-46.7562024,-7.9229348],[-46.830271,-7.964222],[-46.8728327,-7.955269],[-46.9536901,-8.0060517],[-46.9974336,-8.0665832],[-47.0455856,-8.0530907],[-47.067536,-7.9980522],[-47.107472,-7.9903239],[-47.1082903,-7.936887],[-47.1429971,-7.9247697],[-47.1757258,-7.8559975],[-47.2455059,-7.8159571],[-47.2465929,-7.7581744],[-47.2671806,-7.7606689],[-47.2750241,-7.7303989],[-47.3139503,-7.7308181],[-47.3029899,-7.6902464],[-47.3387494,-7.6669041],[-47.3149328,-7.6600379],[-47.3581252,-7.6160242],[-47.3741376,-7.6240228],[-47.353785,-7.6481312],[-47.3822788,-7.6545981],[-47.3990893,-7.5691277],[-47.439975,-7.5559998],[-47.4251086,-7.5285591],[-47.4751227,-7.5338986],[-47.501525,-7.4397949],[-47.5915697,-7.4400683],[-47.4834958,-7.3651206],[-47.4997864,-7.2938583],[-47.5919031,-7.2639953],[-47.6477121,-7.3041229],[-47.7498258,-7.1952617],[-47.7106552,-7.1376528],[-47.644456,-7.1436116],[-47.5299515,-6.9801054],[-47.5052032,-6.8936865],[-47.5296459,-6.8313891],[-47.4941187,-6.7548332],[-47.4986441,-6.6712316],[-47.4564977,-6.5382745],[-47.4166526,-6.4856784],[-47.4342057,-6.4311886],[-47.3772358,-6.2667683],[-47.430234,-6.130969],[-47.4479842,-5.9929839],[-47.4310634,-5.8692106],[-47.4933745,-5.7305307],[-47.4737045,-5.6619797],[-47.5001205,-5.5256048],[-47.5553694,-5.4657353],[-47.6186197,-5.4597262],[-47.7409265,-5.3814482],[-47.8437594,-5.3762087],[-47.8729236,-5.2723581],[-47.9281041,-5.2412355],[-48.0040589,-5.2346202],[-48.079265,-5.2750645],[-48.1785442,-5.2607761],[-48.3639098,-5.1683805],[-48.5330131,-5.1987179],[-48.6061317,-5.3365008],[-48.6794384,-5.3058201],[-48.712127,-5.3530136],[-48.7551507,-5.3491654],[-47.7925691,-4.5864108],[-47.6799573,-4.6086174],[-47.6119419,-4.5573579],[-47.5027881,-4.4037066],[-47.4747342,-4.3150435],[-47.3717681,-4.2455858],[-47.3194243,-4.0477745],[-47.3050624,-4.0588303],[-47.1902562,-3.9837047],[-47.1731461,-3.9238234],[-47.0852051,-3.85664],[-47.0370187,-3.6679661],[-47.0570477,-3.6545794],[-47.027355,-3.5992747],[-47.0388461,-3.5621033],[-46.9756994,-3.5297684],[-46.9823174,-3.4949427],[-46.9484548,-3.476799],[-46.9442525,-3.3771976],[-46.813884,-3.3100512],[-46.8061635,-3.2440466],[-46.7552719,-3.2162141],[-46.7730583,-3.1785988],[-46.7515583,-3.1888444],[-46.7199434,-3.1534724],[-46.7481378,-3.1218562],[-46.7188684,-3.1092192],[-46.7077275,-3.1270768],[-46.7067502,-3.1006318],[-46.6765036,-3.0941424],[-46.6588149,-3.0108503],[-46.6741581,-3.0002127],[-46.6499217,-2.9960161],[-46.6629683,-2.9746916],[-46.6474296,-2.9698118],[-46.6730342,-2.9450709],[-46.6539285,-2.9310654],[-46.6805554,-2.8827178],[-46.639416,-2.8835578],[-46.6148375,-2.8293864],[-46.5756976,-2.8415386],[-46.6025238,-2.7892199],[-46.6348228,-2.7964431],[-46.6713729,-2.7061982],[-46.6343341,-2.6854541],[-46.6222648,-2.6449411],[-46.5926045,-2.6654906],[-46.5788738,-2.6315178],[-46.5068486,-2.616874],[-46.4912122,-2.5375507],[-46.4193336,-2.5324251],[-46.442153,-2.4194111],[-46.4094143,-2.3713712],[-46.4673667,-2.376351],[-46.4316473,-2.3348031],[-46.4159132,-2.2691344],[-46.4319405,-2.2370557],[-46.382246,-2.2490182],[-46.2832969,-2.1543901],[-46.3008879,-2.1417921],[-46.2721071,-2.1175724],[-46.2753321,-2.0575099],[-46.2227059,-1.9102252],[-46.2448411,-1.8819486],[-46.2113695,-1.8357478],[-46.2536366,-1.7958462],[-46.312151,-1.8056873],[-46.3215572,-1.7586299],[-46.3084618,-1.7308881],[-46.2211911,-1.7312789],[-46.1567887,-1.6802877],[-46.164216,-1.62656],[-46.1336272,-1.5786922],[-46.1763342,-1.4749425],[-46.1397841,-1.4438752],[-46.15415,-1.4225773],[-46.1037226,-1.3372859],[-46.1592318,-1.2877511],[-46.1492636,-1.2260021],[-46.0770824,-1.1962431],[-46.0563551,-1.1315822],[-46.0385085,-1.1729994],[-46.0460616,-1.1211408],[-46.0031998,-1.0769639],[-45.9934767,-1.0524417],[-45.964699,-1.0560538],[-45.9844518,-1.0659755],[-45.9678261,-1.0872214],[-45.9837422,-1.1108108],[-45.962323,-1.1102472],[-45.9516824,-1.1418857],[-45.95961,-1.1588509],[-45.9541568,-1.16142],[-45.9582277,-1.181143],[-45.9539761,-1.2021931],[-45.860561,-1.0497095],[-45.8501838,-1.1019852],[-45.9120749,-1.1663413],[-45.9059533,-1.1718613],[-45.8746768,-1.1498999],[-45.8627745,-1.2126636],[-45.8263332,-1.2036307],[-45.8290085,-1.1766265],[-45.8021239,-1.1612731],[-45.7996427,-1.1799169],[-45.768167,-1.1989824],[-45.7209286,-1.1100086],[-45.6909081,-1.1486673],[-45.7382134,-1.2201298],[-45.6898993,-1.2736014],[-45.6480625,-1.2369722],[-45.6298877,-1.123629],[-45.6135664,-1.1629369],[-45.6434711,-1.2229781],[-45.6367872,-1.2811918],[-45.5937076,-1.2667204],[-45.5921061,-1.3024372],[-45.5489371,-1.276383],[-45.5449925,-1.3013778],[-45.5145258,-1.3070776],[-45.512442,-1.3780868],[-45.4460528,-1.3118023],[-45.4572847,-1.2976014],[-45.4141231,-1.2974724],[-45.4157437,-1.3459114],[-45.474976,-1.3720072],[-45.4824885,-1.4785793],[-45.3703829,-1.3955306],[-45.3764183,-1.3667398],[-45.3406885,-1.3520169],[-45.3622574,-1.3188756],[-45.3086196,-1.3329173],[-45.3003971,-1.4376351],[-45.388205,-1.472017],[-45.3084477,-1.4968108],[-45.334755,-1.5943148],[-45.2609196,-1.5960815],[-45.1980237,-1.488425],[-45.1525746,-1.4703651],[-45.1427251,-1.4832407],[-45.1324901,-1.4847851],[-45.103193,-1.4731292],[-45.0967094,-1.4554646],[-45.0488938,-1.4903513],[-45.0064892,-1.4861296],[-44.9897782,-1.5110446],[-45.0071779,-1.5317591],[-44.9787099,-1.5245868],[-44.9546939,-1.5608243],[-44.9691961,-1.4778833],[-44.9371235,-1.4898735],[-44.8604482,-1.411296],[-44.830547,-1.434628],[-44.8439059,-1.4888611],[-44.8851088,-1.4779087],[-44.8728836,-1.4890643],[-44.9182656,-1.5390394],[-44.9057994,-1.6046657],[-44.8546926,-1.6180285],[-44.8357046,-1.5729409],[-44.8026869,-1.5894386],[-44.7788165,-1.5784472],[-44.7693425,-1.5611399],[-44.7634948,-1.5947364],[-44.7075446,-1.5516798],[-44.7088926,-1.5806152],[-44.6823256,-1.5659571],[-44.6432926,-1.6050233],[-44.661831,-1.6626388],[-44.6750018,-1.6413743],[-44.7467772,-1.6507327],[-44.799796,-1.7042931],[-44.7009158,-1.7262436],[-44.7572234,-1.7893558],[-44.6460499,-1.7651405],[-44.6525225,-1.7154006],[-44.6010659,-1.7397075],[-44.6177045,-1.7608214],[-44.5733624,-1.7751954],[-44.5906653,-1.7821546],[-44.5646047,-1.8353256],[-44.5332798,-1.8227542],[-44.5535061,-1.885034],[-44.5145672,-1.8857296],[-44.4891805,-1.9570588],[-44.5113407,-1.9581409],[-44.4812537,-1.9868997],[-44.5759943,-2.0241435],[-44.5016634,-2.023597],[-44.485295,-2.0427411],[-44.5524568,-2.0890174],[-44.5949971,-2.1816147],[-44.6820804,-2.2721154],[-44.627593,-2.2908973],[-44.5301359,-2.1598641],[-44.4637777,-2.1442979],[-44.3984631,-2.2143858],[-44.3578083,-2.3395715],[-44.3879763,-2.4088868],[-44.4984473,-2.4258806],[-44.4429414,-2.4575159],[-44.4902258,-2.5217285],[-44.5345819,-2.527683],[-44.5847545,-2.6571535],[-44.6265548,-2.702094],[-44.6516071,-2.8074561],[-44.6332237,-2.8574359],[-44.6808045,-2.9289081],[-44.653451,-3.0175429],[-44.5324988,-3.0440498],[-44.4368534,-2.9629286],[-44.3540919,-2.6031972],[-44.3777399,-2.5657604],[-44.3489264,-2.526942],[-44.3093309,-2.5389347],[-44.304569,-2.487506],[-44.1744068,-2.4583777],[-44.0946029,-2.4066045],[-44.0308375,-2.4070153],[-44.0238281,-2.4487252],[-44.0526525,-2.4688077],[-44.0238605,-2.5082929],[-44.0360635,-2.5565441],[-44.0928115,-2.574744],[-44.1375868,-2.681636],[-44.2495717,-2.7303218],[-44.2660385,-2.757982],[-44.2414346,-2.7805082],[-44.0949129,-2.75325],[-44.0225752,-2.6526069],[-43.9565437,-2.621532],[-43.9312195,-2.5616223],[-43.89368,-2.5564613],[-43.8501502,-2.510037],[-43.8381131,-2.4166562],[-43.8004645,-2.3902511],[-43.8084173,-2.4383975],[-43.7599625,-2.417388],[-43.7268003,-2.3864684],[-43.739594,-2.3503498],[-43.7203589,-2.2913901],[-43.6272105,-2.2512337],[-43.5935612,-2.2872311],[-43.6235881,-2.3031106],[-43.6452069,-2.4027164],[-43.6875871,-2.3976532],[-43.7321414,-2.4255236],[-43.7759245,-2.4727001],[-43.7678236,-2.4939081],[-43.7169568,-2.4758836],[-43.692511,-2.5205433],[-43.651599,-2.481822],[-43.6219656,-2.5101993],[-43.5797943,-2.4586428],[-43.5988442,-2.4993542],[-43.5805513,-2.5070512],[-43.5284553,-2.4187206],[-43.5086778,-2.4761151],[-43.4614793,-2.486344],[-43.4520953,-2.4426008],[-43.4785084,-2.3669157],[-43.4069697,-2.3356478],[-43.3116032,-2.3386566],[-42.8252915,-2.5447232],[-42.7227119,-2.5562389],[-42.5873554,-2.6690043],[-42.5042444,-2.6781208],[-42.4938603,-2.7049288],[-42.3686976,-2.7140436],[-42.3386064,-2.7491508],[-42.2635558,-2.7579038],[-42.256915,-2.675738],[-42.2294878,-2.6964947],[-42.0701524,-2.6871521],[-42.0313505,-2.7396207],[-42.014016,-2.7126436],[-41.8121916,-2.7283343],[-41.8217113,-2.7612514],[-41.7930573,-2.7506075],[-41.5859404,-2.906294],[-41.4783613,-2.89602],[-41.3403496,-2.9274392],[-41.2605616,-2.8836139],[-41.1017141,-2.900948],[-40.8634531,-2.8561783],[-40.8447845,-2.8858541],[-40.7603808,-2.8488086],[-40.5884709,-2.8459711],[-40.4979588,-2.7843235],[-40.4294962,-2.811101],[-40.1853339,-2.8116806],[-40.1437771,-2.840177],[-40.1262327,-2.8235415],[-39.9946252,-2.839547],[-39.885059,-2.890957],[-39.9251533,-2.870581],[-39.8963547,-2.8787642],[-39.7190439,-2.9982528],[-39.6198268,-3.0259834],[-39.5943265,-3.067981],[-39.4626879,-3.1437969],[-39.2501506,-3.2231682],[-39.0742017,-3.4013945],[-38.9844273,-3.4033122],[-38.911174,-3.5026221],[-38.8122587,-3.5421269],[-38.7624235,-3.6059174],[-38.6524047,-3.682156],[-38.4958517,-3.7250337],[-38.4825003,-3.6987325],[-38.4603025,-3.705064],[-38.360323,-3.8848564],[-38.2728621,-3.9446755],[-38.0437477,-4.2192212],[-37.8541657,-4.3794976],[-37.7700944,-4.4012707],[-37.7164524,-4.5118375],[-37.5953211,-4.6230747],[-37.5429748,-4.6447105],[-37.4978126,-4.6269612],[-37.3259097,-4.700268],[-37.2226975,-4.8791352],[-37.1550865,-4.9471115],[-37.1052559,-4.9222523],[-37.0372554,-4.9498712],[-36.9603391,-4.9184779],[-36.878147,-4.9506991],[-36.797046,-5.0387706],[-36.6886622,-5.088301],[-36.5440385,-5.088894],[-36.5031805,-5.0617987],[-36.3087609,-5.1024017],[-36.1605417,-5.0965453],[-35.9790816,-5.0415536],[-35.6175516,-5.1137949],[-35.4895279,-5.157048],[-35.4167172,-5.2209732],[-35.3510968,-5.3624687],[-35.3194116,-5.3778303],[-35.2595843,-5.4817138],[-35.2161873,-5.6763806],[-35.1922014,-5.7005941],[-35.2035316,-5.7472818],[-35.1788124,-5.8663642],[-35.1538174,-5.8831221],[-35.1488969,-5.9581552],[-35.1062298,-6.0069172],[-35.0949638,-6.1824475],[-35.0359791,-6.2353981],[-35.0262021,-6.3542637],[-34.9909973,-6.3714807],[-34.9748507,-6.4196214],[-34.9630756,-6.6310866],[-34.9304878,-6.6886629],[-34.9404671,-6.753971],[-34.8971672,-6.8687138],[-34.853938,-6.9006149],[-34.8549176,-6.969338],[-34.8739579,-6.9860793],[-34.8705978,-7.0113386],[-34.8641135,-7.0297305],[-34.8382057,-7.0117218],[-34.8300643,-6.9662259],[-34.8422771,-7.0574216],[-34.7930866,-7.1550845],[-34.8038989,-7.471272],[-34.8390531,-7.553941],[-34.8067473,-7.6209912],[-34.848209,-7.6877893],[-34.8235351,-7.7352425],[-34.8450402,-7.8130659],[-34.8450076,-7.8380257],[-34.8208739,-7.9312188],[-34.9448979,-8.2623846],[-34.9396511,-8.3516723],[-34.9806219,-8.3811417],[-34.9581173,-8.3961727],[-35.0068069,-8.5619945],[-35.044729,-8.5924667],[-35.1292056,-8.8665628],[-35.3028491,-9.1879764],[-35.4822098,-9.3681996],[-35.5000178,-9.4216578],[-35.5926984,-9.5306352],[-35.6508767,-9.5686209],[-35.6961222,-9.6662279],[-35.7473402,-9.6741338],[-35.8058711,-9.7159182],[-36.045717,-10.0750793],[-36.2790266,-10.2838032],[-36.2936151,-10.3551455],[-36.3877112,-10.4986307],[-36.5848087,-10.572549],[-36.7844259,-10.6882294],[-37.0046274,-10.9167226],[-37.1661092,-11.1824984],[-37.2665083,-11.2993731],[-37.3122179,-11.4229911],[-37.4063284,-11.5365898],[-37.7668245,-12.2345577],[-38.0467738,-12.6346095],[-38.3426935,-12.950775],[-38.468747,-13.0148817],[-38.6433387,-13.0153131],[-38.9502151,-13.2493005],[-38.9664301,-13.3459425],[-38.9462404,-13.3989233],[-38.9159463,-13.3739071],[-38.9046656,-13.3864157],[-38.8912025,-13.4550306],[-38.9161799,-13.4766045],[-38.9333737,-13.5631951],[-38.89147,-13.652791],[-38.9138762,-13.6755976],[-38.9287308,-13.6575309],[-38.9714688,-13.6720845],[-38.9976567,-13.7475608],[-38.9952459,-13.802006],[-38.9363273,-13.8866914],[-38.9276929,-13.9398459],[-38.9899051,-14.199321],[-38.9799147,-14.2936579],[-39.0650034,-14.7085157],[-39.0550878,-14.7766275],[-39.0274128,-14.7830074],[-39.0187067,-14.9201762],[-38.9975905,-14.9867163],[-38.993062,-15.2941553],[-38.9348555,-15.6653903],[-38.8528393,-15.8493541],[-38.9520495,-16.0969527],[-38.9481067,-16.1556665],[-39.0110638,-16.2457858],[-39.0087732,-16.3749211],[-39.0617288,-16.4340665],[-39.1040118,-16.6990181],[-39.1416455,-16.7614573],[-39.1419621,-16.8684413],[-39.1066417,-16.8968052],[-39.1514591,-16.9422489],[-39.182016,-17.1123553],[-39.2120619,-17.1612608],[-39.2210726,-17.3017741],[-39.1918304,-17.4443496],[-39.1939286,-17.5824246],[-39.1358003,-17.6902527],[-39.208052,-17.747346],[-39.2711461,-17.8663804],[-39.3644416,-17.890754],[-39.4808169,-17.9848997],[-39.6270596,-18.2160575],[-39.6694945,-18.3484901],[-39.6742268,-18.3247425],[-40.2223506,-17.9804174],[-40.2635475,-17.9220233],[-40.1741273,-17.8515612],[-40.2180757,-17.795659],[-40.2207966,-17.7372474],[-40.2803619,-17.7227866],[-40.3467014,-17.6119993],[-40.3546581,-17.6442723],[-40.3719625,-17.612458],[-40.4144692,-17.6100964],[-40.4106843,-17.5682273],[-40.4604149,-17.5685022],[-40.520579,-17.4448113],[-40.6234751,-17.4059807],[-40.5986644,-17.3896365],[-40.6090252,-17.3269684],[-40.5477509,-17.2837063],[-40.5722499,-17.2513728],[-40.5523839,-17.1991531],[-40.5777459,-17.16796],[-40.5566075,-17.0968111],[-40.5714143,-17.0638855],[-40.4912055,-16.88449],[-40.4157167,-16.8995006],[-40.366485,-16.8741723],[-40.331523,-16.9080273],[-40.2816371,-16.9011836],[-40.2469071,-16.8457395],[-40.2578025,-16.806541],[-40.3454936,-16.7872675],[-40.3101667,-16.7362155],[-40.2834933,-16.5874478],[-40.2341276,-16.5579323],[-40.1578974,-16.5794549],[-40.1707811,-16.523622],[-40.0986641,-16.4212101],[-40.069183,-16.4607257],[-39.991102,-16.3127343],[-39.9666727,-16.3272092],[-39.9166783,-16.2838428],[-39.9365211,-16.2457808],[-39.8833906,-16.194693],[-39.8969565,-16.141604],[-39.8572736,-16.1156953],[-39.9356862,-16.0237479],[-39.9147979,-15.9999934],[-40.0044365,-16.0018382],[-40.0661947,-15.9602083],[-40.0849966,-15.8971206],[-40.1707151,-15.9075304],[-40.1661042,-15.8683772],[-40.200074,-15.8625098],[-40.2311113,-15.8038471],[-40.3768603,-15.8235226],[-40.4250338,-15.8057084],[-40.4614286,-15.7532317],[-40.5625094,-15.8032636],[-40.6066016,-15.7367564],[-40.6293887,-15.7157127],[-40.6449466,-15.7288594],[-40.7005752,-15.667309],[-40.7676637,-15.7140794],[-40.8221104,-15.646007],[-40.8420332,-15.6832246],[-40.8815569,-15.6944708],[-40.9631251,-15.6484003],[-41.0060595,-15.7138373],[-41.0775579,-15.719288],[-41.1425302,-15.772047],[-41.2153964,-15.7371659],[-41.3312061,-15.7446734],[-41.3564227,-15.5002861],[-41.800710081999966,-15.101097107999976],[-41.8704306,-15.1151801],[-41.9325365,-15.1745017],[-41.9975031,-15.15889],[-42.0916209,-15.1866054],[-42.1733198,-15.085954],[-42.2647965,-15.1251786],[-42.3335173,-15.0790527],[-42.354907,-15.0982031],[-42.3744704,-15.0713337],[-42.4409385,-15.0623626],[-42.4368004,-15.022716],[-42.4759116,-15.0170404],[-42.5989689,-14.9240978],[-42.6264917,-14.9451462],[-42.7233598,-14.8856124],[-42.927053,-14.7441402],[-42.9388802,-14.7080296],[-43.0663892,-14.6805592],[-43.0839365,-14.6982726],[-43.1763498,-14.6505438],[-43.3112274,-14.6697481],[-43.434889,-14.7230383],[-43.4812543,-14.7678977],[-43.4696983,-14.7873485],[-43.529757,-14.8159448],[-43.5806164,-14.7508139],[-43.7198617,-14.7295389],[-43.7232876,-14.6995316],[-43.8835076,-14.6532322],[-43.8738773,-14.5205836],[-43.7840166,-14.3371788],[-43.891953,-14.2932872],[-43.9421399,-14.3050965],[-43.9976496,-14.2654044],[-44.034621,-14.2890284],[-44.1125944,-14.2587283],[-44.135617,-14.2821854],[-44.2153326,-14.2331807],[-44.2475053,-14.2601183],[-44.3178499,-14.2407448],[-44.487177,-14.3285197],[-44.5655652,-14.34006],[-44.6588784,-14.3957573],[-44.6679858,-14.4238507],[-44.6883532,-14.4166809],[-44.701293,-14.4497881],[-44.8332382,-14.4998278],[-44.8243545,-14.5393769],[-44.8587949,-14.5715223],[-44.8433866,-14.5808382],[-45.0395114,-14.6798511],[-45.0827727,-14.7487667],[-45.2055737,-14.7447389],[-45.2856895,-14.8324778],[-45.3164363,-14.8313691],[-45.4559943,-14.9542607],[-45.5667394,-14.944853],[-45.7221842,-15.1127719],[-45.8253906,-15.1163765],[-45.871247,-15.1588109],[-45.9537497,-15.1395291],[-45.9845053,-15.195961],[-46.0295237,-15.2018083],[-46.055945,-15.2618124],[-46.0948087,-15.2461421],[-46.1207223,-15.1951949],[-46.0504157,-15.1676812],[-46.0437202,-15.1181296],[-45.9754941,-15.0388816],[-45.9662535,-14.9770676],[-46.0393785,-14.8752515],[-46.0411979,-14.8264946],[-45.998753,-14.7708143],[-46.0055037,-14.688998],[-46.0279691,-14.6810075],[-45.989515,-14.658845],[-45.9753083,-14.5389298],[-46.0190031,-14.4720712],[-46.0101837,-14.4256957],[-45.9758064,-14.434248],[-45.9326429,-14.4098593],[-45.9071553,-14.3551898],[-45.9422146,-14.343255],[-45.9954281,-14.2561577],[-46.0529365,-14.244791],[-46.0610483,-14.1954846],[-46.1018829,-14.2083183],[-46.1181409,-14.1599493],[-46.1859925,-14.1555917],[-46.2243922,-14.1050276],[-46.220066,-13.9754228],[-46.2641903,-13.9474351],[-46.2621164,-13.8893179],[-46.2324747,-13.8486074],[-46.273631,-13.8287797],[-46.2814955,-13.7951095],[-46.2229368,-13.7654029],[-46.2628572,-13.7348173],[-46.2356033,-13.7098502],[-46.2636329,-13.691393],[-46.1627454,-13.6036421],[-46.1872551,-13.5754193],[-46.2474525,-13.5786604],[-46.2370637,-13.4871504],[-46.2089639,-13.4655628],[-46.2495225,-13.4313089],[-46.1354731,-13.3755242],[-46.0682755,-13.2954418],[-46.1032194,-13.2575102],[-46.2924869,-13.3169301],[-46.317902,-13.3052278],[-46.2999257,-13.2576773],[-46.3291318,-13.2484864],[-46.2951808,-13.1418745],[-46.3357888,-13.0976579],[-46.2755338,-13.0202133],[-46.1246636,-12.9598204],[-46.104644,-12.9249255],[-46.1266475,-12.9123867],[-46.2055999,-12.9506776],[-46.265437,-12.9387891],[-46.3300763,-12.9578517],[-46.2735162,-12.8315515],[-46.3120784,-12.7982098],[-46.2680805,-12.7161568],[-46.3040783,-12.7149422],[-46.3057156,-12.6885262],[-46.2639272,-12.6582931],[-46.3104042,-12.642678],[-46.2757846,-12.5944306],[-46.2905242,-12.5827005],[-46.3029456,-12.581669],[-46.3072831,-12.5781301],[-46.3075674,-12.5767478],[-46.198213,-12.5039588],[-46.2726245,-12.5145984],[-46.2609987,-12.4738502],[-46.2820954,-12.4159878],[-46.2853454,-12.4321699],[-46.304953,-12.416946],[-46.3155489,-12.4634304],[-46.3405437,-12.4522985],[-46.3403618,-12.4144423],[-46.2898836,-12.376653],[-46.3774158,-12.352775],[-46.3445332,-12.3028201],[-46.3848433,-12.2967185],[-46.3695687,-12.2674682],[-46.3880217,-12.2446074],[-46.3650056,-12.2170203],[-46.4102142,-12.1986344],[-46.3810937,-12.1810752],[-46.4064905,-12.1570139],[-46.3715438,-12.1232291],[-46.3711652,-12.0997193],[-46.3985913,-12.0914434],[-46.3844223,-12.0517563],[-46.4797997,-12.0473591],[-46.4082595,-12.0095737],[-46.4002362,-12.024813],[-46.3154903,-11.941993],[-46.2330576,-11.9364818],[-46.1800398,-11.9070912],[-46.2822315,-11.9182013],[-46.3706583,-11.8895899],[-46.3811345,-11.8376923],[-46.3505631,-11.8373755],[-46.3586554,-11.8125035],[-46.337911,-11.814101],[-46.3484915,-11.7858466],[-46.3280101,-11.7713735],[-46.3609362,-11.7789513],[-46.3436773,-11.7600875],[-46.3751048,-11.7685988],[-46.3785453,-11.7485209],[-46.3366922,-11.7395671],[-46.3077347,-11.6864407],[-46.3384623,-11.6718921],[-46.3401945,-11.6395843],[-46.3956971,-11.6425275],[-46.3848704,-11.6252044],[-46.3255783,-11.5995809],[-46.2443367,-11.6052282],[-46.2246953,-11.6396881],[-46.1572177,-11.6514962],[-46.1444858,-11.6243474],[-46.0808942,-11.6240112],[-46.2093463,-11.5853507],[-46.2504813,-11.536689],[-46.3481413,-11.5066007],[-46.4404346,-11.520789],[-46.5240555,-11.4636343],[-46.5320213,-11.3746657],[-46.5772846,-11.359929],[-46.5522029,-11.262799],[-46.3415579,-10.9390123],[-46.2672663,-10.9348023],[-46.260537,-10.8120374],[-46.2264451,-10.7829371],[-46.206199,-10.8004666],[-46.195922,-10.745224],[-46.1503463,-10.691554],[-46.1497049,-10.6359108],[-45.8708973,-10.5032789],[-45.8212513,-10.458074],[-45.7981846,-10.3232473],[-45.7268896,-10.3125357],[-45.6995761,-10.2596862],[-45.7019773,-10.1793504],[-45.7266392,-10.1568548],[-45.733852,-10.2285958],[-45.7937433,-10.2676724],[-45.8707602,-10.2500288],[-45.8967285,-10.2642902],[-45.9156318,-10.3126645],[-45.8871714,-10.3404619],[-45.9109369,-10.3710886],[-45.9711149,-10.3589393],[-46.0282068,-10.2771033],[-46.0136921,-10.2488379]]],[[[-44.7805965,-1.5736593],[-44.7826205,-1.5767337],[-44.7853436,-1.5758566],[-44.7805965,-1.5736593]]],[[[-44.8264987,-1.5666994],[-44.8391111,-1.557486],[-44.8251379,-1.5608306],[-44.8264987,-1.5666994]]],[[[-44.8949804,-1.5300257],[-44.8983705,-1.5305988],[-44.8963015,-1.5279561],[-44.8949804,-1.5300257]]],[[[-44.8091403,-1.5609906],[-44.8353191,-1.5381111],[-44.7806213,-1.4786061],[-44.7743897,-1.4873044],[-44.7949989,-1.5128982],[-44.8091403,-1.5609906]]],[[[-44.8667139,-1.4930562],[-44.8696231,-1.4897399],[-44.863803,-1.4917713],[-44.8667139,-1.4930562]]],[[[-44.8710428,-1.4877103],[-44.8697582,-1.4885221],[-44.8713823,-1.489063],[-44.8710428,-1.4877103]]],[[[-45.1409382,-1.4719152],[-45.1426181,-1.4776687],[-45.1415621,-1.4713952],[-45.1409382,-1.4719152]]],[[[-45.0959957,-1.450058],[-45.0993418,-1.4466432],[-45.0989319,-1.4452776],[-45.0959957,-1.450058]]],[[[-45.1027262,-1.4554257],[-45.1337327,-1.4638648],[-45.1105919,-1.4219011],[-45.1027262,-1.4554257]]],[[[-45.0835689,-1.4471069],[-45.0703916,-1.4380112],[-45.0738385,-1.4595151],[-45.0835689,-1.4471069]]],[[[-45.0891564,-1.4445113],[-45.0944482,-1.4247618],[-45.0878538,-1.4224201],[-45.0891564,-1.4445113]]],[[[-45.4203018,-1.4075519],[-45.4045736,-1.4093425],[-45.4138661,-1.4207706],[-45.4203018,-1.4075519]]],[[[-45.1028895,-1.4216632],[-45.071723,-1.3734092],[-45.1010522,-1.433029],[-45.1028895,-1.4216632]]],[[[-45.1268047,-1.3854402],[-45.1131232,-1.3625906],[-45.0931397,-1.3823912],[-45.1087029,-1.4130404],[-45.1268047,-1.3854402]]],[[[-45.0446267,-1.3991166],[-45.0500542,-1.3696072],[-45.047725,-1.3661901],[-45.0446267,-1.3991166]]],[[[-45.4953124,-1.3486406],[-45.4994119,-1.361768],[-45.4959208,-1.3462075],[-45.4953124,-1.3486406]]],[[[-45.4918727,-1.3483685],[-45.4904202,-1.3420313],[-45.4870054,-1.3396967],[-45.4918727,-1.3483685]]],[[[-44.8694901,-1.3133381],[-44.8895087,-1.3481894],[-44.9164408,-1.3443729],[-44.9891428,-1.4015568],[-45.0214093,-1.3840191],[-45.0308421,-1.321201],[-44.9785011,-1.316826],[-45.0012717,-1.2949166],[-44.9865661,-1.2661465],[-44.8995089,-1.2742656],[-44.8694901,-1.3133381]]],[[[-45.5764808,-1.2719565],[-45.5700026,-1.261348],[-45.5730445,-1.273751],[-45.5764808,-1.2719565]]],[[[-45.6521729,-1.2345773],[-45.6490694,-1.2303217],[-45.6508821,-1.2347165],[-45.6521729,-1.2345773]]],[[[-45.7089699,-1.2209786],[-45.676247,-1.1908436],[-45.6725576,-1.2541054],[-45.6931069,-1.2652998],[-45.7089699,-1.2209786]]],[[[-45.5798929,-1.1957349],[-45.5332128,-1.2258253],[-45.5959345,-1.2417993],[-45.5798929,-1.1957349]]],[[[-45.7734249,-1.1943634],[-45.7682922,-1.1910525],[-45.769021,-1.1962199],[-45.7734249,-1.1943634]]],[[[-45.9534889,-1.1872219],[-45.9561392,-1.1870407],[-45.953554,-1.182738],[-45.9534889,-1.1872219]]],[[[-45.8924012,-1.1504811],[-45.8987456,-1.1593647],[-45.9044566,-1.1635808],[-45.8924012,-1.1504811]]],[[[-45.609599,-1.1600656],[-45.604872,-1.1511986],[-45.6050087,-1.1600643],[-45.609599,-1.1600656]]],[[[-45.8278374,-1.1287108],[-45.8045051,-1.1442503],[-45.8214058,-1.1547133],[-45.8278374,-1.1287108]]],[[[-46.0169198,-1.0782774],[-46.0142789,-1.0720247],[-46.0094824,-1.0725828],[-46.0169198,-1.0782774]]],[[[-44.6591591,-2.9707421],[-44.6671074,-2.971828],[-44.661682,-2.956896],[-44.6591591,-2.9707421]]],[[[-44.6292213,-2.9433334],[-44.6282917,-2.9326514],[-44.6209595,-2.9264053],[-44.6292213,-2.9433334]]],[[[-44.6408003,-2.9148321],[-44.6596079,-2.9445866],[-44.6635869,-2.9448256],[-44.6408003,-2.9148321]]],[[[-44.4884831,-2.7237891],[-44.4790204,-2.9578603],[-44.5831472,-3.0316473],[-44.6409445,-2.9697962],[-44.5896166,-2.8948399],[-44.5803079,-2.8594035],[-44.5861828,-2.8146511],[-44.4884831,-2.7237891]]],[[[-44.587019,-2.869041],[-44.5913323,-2.8780722],[-44.5880079,-2.8666742],[-44.587019,-2.869041]]],[[[-44.4116867,-2.7972709],[-44.4135926,-2.796734],[-44.4125989,-2.7956648],[-44.4116867,-2.7972709]]],[[[-44.0963538,-2.7507009],[-44.0945482,-2.7504695],[-44.0961918,-2.750859],[-44.0963538,-2.7507009]]],[[[-44.0923245,-2.7467976],[-44.0937312,-2.7475451],[-44.0936641,-2.7468867],[-44.0923245,-2.7467976]]],[[[-44.3739587,-2.5773349],[-44.3733491,-2.5793603],[-44.3749923,-2.5776791],[-44.3739587,-2.5773349]]],[[[-44.3639373,-2.5438028],[-44.3661946,-2.5444909],[-44.3659428,-2.542612],[-44.3639373,-2.5438028]]],[[[-44.3664462,-2.5392604],[-44.3652549,-2.5390167],[-44.3653689,-2.5400122],[-44.3664462,-2.5392604]]],[[[-44.3716461,-2.5265753],[-44.3614469,-2.5226],[-44.3639435,-2.5288614],[-44.3716461,-2.5265753]]],[[[-44.359532,-2.5236508],[-44.3598442,-2.5228764],[-44.359349,-2.5232313],[-44.359532,-2.5236508]]],[[[-43.678918,-2.5064889],[-43.6809737,-2.5067943],[-43.6795281,-2.5048918],[-43.678918,-2.5064889]]],[[[-43.7108963,-2.4834555],[-43.7101992,-2.4849235],[-43.7108925,-2.4851836],[-43.7108963,-2.4834555]]],[[[-43.852937,-2.4722209],[-43.8537434,-2.4693306],[-43.8520563,-2.4690448],[-43.852937,-2.4722209]]],[[[-43.8519389,-2.4663824],[-43.8508691,-2.4635873],[-43.8517001,-2.4682037],[-43.8519389,-2.4663824]]],[[[-43.8552852,-2.4498894],[-43.8556986,-2.4480524],[-43.8546612,-2.448375],[-43.8552852,-2.4498894]]],[[[-43.84598,-2.4281025],[-43.8702753,-2.4455008],[-43.8527624,-2.4204432],[-43.84598,-2.4281025]]],[[[-44.4202669,-2.425448],[-44.4281734,-2.4201161],[-44.4219172,-2.4152099],[-44.4202669,-2.425448]]],[[[-43.7889248,-2.4151281],[-43.7885639,-2.4158527],[-43.7894708,-2.4157884],[-43.7889248,-2.4151281]]],[[[-43.7628019,-2.3700296],[-43.788745,-2.4144454],[-43.7876098,-2.3783268],[-43.7628019,-2.3700296]]],[[[-44.4835154,-2.0769348],[-44.4678911,-2.0771177],[-44.4831567,-2.0787296],[-44.4835154,-2.0769348]]],[[[-44.5354195,-2.021745],[-44.5413209,-2.0216403],[-44.540954,-2.0203214],[-44.5354195,-2.021745]]],[[[-44.7457142,-1.6983935],[-44.7384726,-1.6790913],[-44.7319767,-1.6893616],[-44.7457142,-1.6983935]]],[[[-44.7480381,-1.6779158],[-44.7453498,-1.6792671],[-44.7502325,-1.6804253],[-44.7480381,-1.6779158]]],[[[-44.7279378,-1.659101],[-44.7415829,-1.6691158],[-44.7420153,-1.6656872],[-44.7279378,-1.659101]]],[[[-44.7488232,-1.53437],[-44.7319143,-1.5490976],[-44.7626036,-1.5800231],[-44.7616768,-1.5529658],[-44.7488232,-1.53437]]],[[[-44.7946893,-1.5237136],[-44.772185,-1.4858597],[-44.7758603,-1.4785036],[-44.7935358,-1.4704388],[-44.7627769,-1.4582287],[-44.7458519,-1.5120719],[-44.7946893,-1.5237136]]],[[[-38.7011803,-17.9788299],[-38.6964763,-17.9801293],[-38.7007053,-17.9815596],[-38.7014952,-17.9794383],[-38.7011803,-17.9788299]]],[[[-38.6963583,-17.9788643],[-38.6961793,-17.9790737],[-38.6963421,-17.9789961],[-38.6963583,-17.9788643]]],[[[-38.7078341,-17.9689471],[-38.7106496,-17.9716717],[-38.7145185,-17.9708751],[-38.7078341,-17.9689471]]],[[[-39.2075813,-17.966244],[-39.2083115,-17.9682795],[-39.2093417,-17.9677212],[-39.2075813,-17.966244]]],[[[-38.7115589,-17.9678856],[-38.707853,-17.9646284],[-38.7079254,-17.9675322],[-38.7115589,-17.9678856]]],[[[-38.6916121,-17.9651704],[-38.7043029,-17.9650511],[-38.706583,-17.9622766],[-38.6916121,-17.9651704]]],[[[-38.6923092,-17.9612106],[-38.6933899,-17.9607468],[-38.6922001,-17.9602336],[-38.6923092,-17.9612106]]],[[[-39.1764726,-17.7399222],[-39.1975731,-17.7581269],[-39.2016412,-17.7555044],[-39.1764726,-17.7399222]]],[[[-38.9552815,-16.2248527],[-38.9560567,-16.2254531],[-38.9555186,-16.2247081],[-38.9552815,-16.2248527]]],[[[-38.9193826,-16.1780828],[-38.9190692,-16.1791717],[-38.9199718,-16.1791279],[-38.9193826,-16.1780828]]],[[[-38.9230656,-16.0313243],[-38.922157,-16.028532],[-38.921913,-16.0284759],[-38.9230656,-16.0313243]]],[[[-38.9986974,-14.9810218],[-38.9988175,-14.9789766],[-38.9981131,-14.9785652],[-38.9978261,-14.9799143],[-38.9986974,-14.9810218]]],[[[-39.0149462,-14.7907583],[-39.0153986,-14.7897232],[-39.0140813,-14.7900953],[-39.0149462,-14.7907583]]],[[[-39.015517,-14.7716414],[-39.0155635,-14.7713383],[-39.0154764,-14.7713215],[-39.015517,-14.7716414]]],[[[-39.0155777,-14.7711278],[-39.0157799,-14.7701471],[-39.0152116,-14.7708754],[-39.0155777,-14.7711278]]],[[[-39.0175001,-14.7695123],[-39.0179752,-14.7705815],[-39.0172952,-14.7687663],[-39.0175001,-14.7695123]]],[[[-38.940601,-13.8352012],[-38.9383357,-13.8390085],[-38.9433313,-13.8357518],[-38.940601,-13.8352012]]],[[[-38.9635287,-13.6758142],[-38.9645678,-13.6772653],[-38.9653061,-13.6755591],[-38.9635287,-13.6758142]]],[[[-38.9462231,-13.3864478],[-38.9470848,-13.3855405],[-38.9455457,-13.3848903],[-38.9462231,-13.3864478]]],[[[-38.9034789,-13.3796848],[-38.9043964,-13.3799193],[-38.9044539,-13.3792721],[-38.9034789,-13.3796848]]],[[[-37.0450126,-4.8188138],[-37.0448289,-4.8163592],[-37.0441246,-4.8185414],[-37.0450126,-4.8188138]]],[[[-43.4735114,-2.4737764],[-43.4696038,-2.4704634],[-43.4648008,-2.4848811],[-43.4735114,-2.4737764]]],[[[-43.5997653,-2.4074293],[-43.6066604,-2.3716105],[-43.542093,-2.3606025],[-43.5618867,-2.4238154],[-43.5997653,-2.4074293]]],[[[-43.5276758,-2.3729856],[-43.5066243,-2.3839978],[-43.5069987,-2.4054243],[-43.5372177,-2.4056358],[-43.5276758,-2.3729856]]],[[[-36.9194939,-10.8466112],[-36.917105,-10.8420542],[-36.9167214,-10.8419805],[-36.9185385,-10.8462418],[-36.9194939,-10.8466112]]],[[[-35.7604073,-9.6949638],[-35.7580929,-9.6927095],[-35.7579136,-9.6927491],[-35.7583856,-9.6936419],[-35.7604073,-9.6949638]]],[[[-35.0254404,-8.6088291],[-35.021395,-8.615856],[-35.0256913,-8.6134837],[-35.0254404,-8.6088291]]],[[[-34.9569876,-8.3768581],[-34.9678263,-8.3820966],[-34.964547,-8.3722634],[-34.9569876,-8.3768581]]],[[[-34.8386079,-7.8167558],[-34.840679,-7.8162895],[-34.8369757,-7.8167946],[-34.8386079,-7.8167558]]],[[[-34.7979952,-7.3627751],[-34.7978544,-7.3631189],[-34.7981637,-7.3629796],[-34.7979952,-7.3627751]]],[[[-34.7988302,-7.3625348],[-34.7989383,-7.3623735],[-34.7987331,-7.3624828],[-34.7988302,-7.3625348]]],[[[-34.7988795,-7.3604863],[-34.798897,-7.360669],[-34.7989839,-7.3605476],[-34.7988795,-7.3604863]]],[[[-34.7955871,-7.3497916],[-34.7959497,-7.3489958],[-34.7954913,-7.3485625],[-34.7955871,-7.3497916]]],[[[-34.7973427,-7.348826],[-34.7972827,-7.3485062],[-34.7971308,-7.3485814],[-34.7973427,-7.348826]]],[[[-34.8668353,-6.9826004],[-34.8500871,-7.0035403],[-34.8594405,-7.0152549],[-34.8668353,-6.9826004]]],[[[-32.4361564,-3.8745916],[-32.4352236,-3.8734764],[-32.4339257,-3.8739754],[-32.4361564,-3.8745916]]],[[[-32.4389104,-3.8738758],[-32.4384909,-3.8720963],[-32.4377117,-3.8723317],[-32.4389104,-3.8738758]]],[[[-32.4180993,-3.871162],[-32.4188,-3.8728351],[-32.4200254,-3.8707297],[-32.4180993,-3.871162]]],[[[-32.4215863,-3.8714422],[-32.4218585,-3.8703584],[-32.4211181,-3.871059],[-32.4215863,-3.8714422]]],[[[-32.4121357,-3.8685185],[-32.412585,-3.8688321],[-32.4126979,-3.868613],[-32.4121357,-3.8685185]]],[[[-32.4144842,-3.8674213],[-32.4135412,-3.8673114],[-32.4142567,-3.8680027],[-32.4144842,-3.8674213]]],[[[-32.4005548,-3.8600317],[-32.4015501,-3.8605106],[-32.4013999,-3.85976],[-32.4005548,-3.8600317]]],[[[-32.4760895,-3.8755832],[-32.4033659,-3.8362713],[-32.4030435,-3.8267795],[-32.3945005,-3.8268372],[-32.3912044,-3.8516819],[-32.4256281,-3.8666703],[-32.4248782,-3.8775447],[-32.4352443,-3.8699676],[-32.4575062,-3.8813612],[-32.4760895,-3.8755832]]],[[[-32.4416438,-3.849274],[-32.4407134,-3.849479],[-32.4407563,-3.8496094],[-32.4416438,-3.849274]]],[[[-32.4419687,-3.8492114],[-32.4421878,-3.8482381],[-32.4416867,-3.848683],[-32.4419687,-3.8492114]]],[[[-32.4038426,-3.8281724],[-32.4044212,-3.8282476],[-32.4040974,-3.8275178],[-32.4038426,-3.8281724]]],[[[-32.3924192,-3.824958],[-32.3940594,-3.8232309],[-32.3923859,-3.8232691],[-32.3924192,-3.824958]]],[[[-32.3906727,-3.819425],[-32.3951899,-3.8192554],[-32.3906113,-3.8175613],[-32.3906727,-3.819425]]],[[[-32.3787181,-3.8046661],[-32.3898462,-3.8162134],[-32.3947943,-3.8123975],[-32.3787181,-3.8046661]]]]}}]}